season,week,gsis,pos,free,filers,filers_x,touch,pts
2022,2,00-0027691,WR,True,0,0,0.0,0.0
2022,2,00-0027942,WR,True,0,0,4.0,2.3
2022,2,00-0027966,RB,True,0,0,5.0,0.8
2022,2,00-0028002,WR,True,0,0,3.0,2.4
2022,2,00-0028063,RB,True,0,0,0.0,0.0
2022,2,00-0029239,RB,True,0,0,5.0,9.8
2022,2,00-0030061,TE,True,0,0,4.0,10.4
2022,2,00-0030068,WR,True,0,0,2.0,3.2
2022,2,00-0030108,TE,True,0,0,2.0,0.0
2022,2,00-0030288,RB,True,0,0,22.0,9.5
2022,2,00-0031273,TE,True,0,0,3.0,1.2
2022,2,00-0031325,WR,True,0,0,3.0,3.3
2022,2,00-0031376,RB,True,0,0,8.0,6.4
2022,2,00-0031384,TE,True,0,0,1.0,0.0
2022,2,00-0031549,WR,True,0,0,5.0,2.3
2022,2,00-0031690,TE,True,0,0,1.0,0.0
2022,2,00-0031763,WR,True,0,0,4.0,13.9
2022,2,00-0031941,WR,True,0,0,4.0,4.3
2022,2,00-0032054,WR,True,0,0,4.0,-0.7
2022,2,00-0032063,RB,True,0,0,2.0,1.1
2022,2,00-0032104,RB,True,0,0,1.0,0.0
2022,2,00-0032128,WR,True,0,0,2.0,0.0
2022,2,00-0032141,TE,True,0,0,4.0,3.4
2022,2,00-0032200,WR,True,0,0,6.0,8.8
2022,2,00-0032208,WR,True,0,0,1.0,0.0
2022,2,00-0032214,TE,True,0,0,2.0,1.4
2022,2,00-0032385,WR,True,0,0,4.0,14.1
2022,2,00-0032392,TE,True,0,0,2.0,1.1
2022,2,00-0032398,WR,True,0,0,3.0,4.6
2022,2,00-0032464,WR,True,0,0,2.0,0.0
2022,2,00-0032688,WR,True,0,0,8.0,18.7
2022,2,00-0032725,TE,True,0,0,0.0,0.0
2022,2,00-0032775,WR,True,0,0,4.0,2.9
2022,2,00-0032975,RB,True,0,0,0.0,0.0
2022,2,00-0033114,WR,True,0,0,5.0,3.0
2022,2,00-0033118,RB,True,0,0,12.0,5.1
2022,2,00-0033217,TE,True,0,0,2.0,3.6
2022,2,00-0033246,TE,True,0,0,3.0,3.2
2022,2,00-0033251,WR,True,0,0,1.0,1.2
2022,2,00-0033282,WR,True,3,3,15.0,15.2
2022,2,00-0033292,WR,True,0,0,0.0,0.0
2022,2,00-0033307,WR,True,0,0,1.0,4.6
2022,2,00-0033308,RB,True,0,0,5.0,2.4
2022,2,00-0033357,TE,True,1,1,5.0,14.8
2022,2,00-0033376,RB,True,0,0,1.0,1.2
2022,2,00-0033386,WR,True,0,0,1.0,2.7
2022,2,00-0033439,TE,True,0,0,1.0,2.2
2022,2,00-0033455,TE,True,0,0,2.0,1.1
2022,2,00-0033526,RB,True,0,0,6.0,5.2
2022,2,00-0033555,WR,True,0,0,1.0,2.1
2022,2,00-0033572,WR,True,0,0,2.0,1.7
2022,2,00-0033576,TE,True,0,0,1.0,0.0
2022,2,00-0033591,WR,True,0,0,9.0,9.3
2022,2,00-0033757,TE,True,0,0,5.0,5.1
2022,2,00-0033858,TE,True,0,0,4.0,4.8
2022,2,00-0033871,WR,True,0,0,10.0,10.7
2022,2,00-0033879,TE,True,0,0,2.0,16.8
2022,2,00-0033881,TE,True,0,0,4.0,4.8
2022,2,00-0033891,WR,True,0,0,9.0,9.5
2022,2,00-0033895,TE,True,1,1,4.0,12.9
2022,2,00-0033925,RB,True,0,0,2.0,0.5
2022,2,00-0033932,WR,True,0,0,2.0,3.2
2022,2,00-0033943,WR,True,0,0,3.0,3.3
2022,2,00-0033948,RB,True,1,1,13.0,15.5
2022,2,00-0034073,TE,True,0,0,2.0,1.6
2022,2,00-0034104,WR,True,0,0,1.0,0.0
2022,2,00-0034115,RB,True,5,4,11.0,4.0
2022,2,00-0034159,TE,True,0,0,3.0,11.8
2022,2,00-0034164,RB,True,0,0,0.0,0.0
2022,2,00-0034208,RB,True,0,0,1.0,0.7
2022,2,00-0034253,RB,True,0,0,6.0,20.4
2022,2,00-0034270,TE,True,0,0,7.0,9.6
2022,2,00-0034279,WR,True,0,0,3.0,8.3
2022,2,00-0034286,WR,True,0,0,7.0,8.6
2022,2,00-0034297,WR,True,0,0,2.0,2.7
2022,2,00-0034365,TE,True,0,0,3.0,6.3
2022,2,00-0034386,WR,True,0,0,1.0,0.0
2022,2,00-0034407,WR,True,0,0,2.0,2.5
2022,2,00-0034414,RB,True,0,0,4.0,7.0
2022,2,00-0034418,WR,True,0,0,3.0,3.8
2022,2,00-0034419,WR,True,0,0,6.0,6.2
2022,2,00-0034487,WR,True,0,0,2.0,1.3
2022,2,00-0034646,WR,True,0,0,2.0,1.8
2022,2,00-0034798,TE,True,0,0,2.0,1.9
2022,2,00-0034830,TE,True,0,0,8.0,7.1
2022,2,00-0034845,RB,True,0,0,7.0,1.2
2022,2,00-0034854,WR,True,0,0,3.0,5.3
2022,2,00-0034860,WR,True,0,0,1.0,11.6
2022,2,00-0034975,RB,True,0,0,4.0,2.1
2022,2,00-0035021,WR,True,0,0,6.0,6.1
2022,2,00-0035208,WR,True,0,0,4.0,4.9
2022,2,00-0035215,WR,True,0,0,1.0,0.9
2022,2,00-0035217,RB,True,0,0,0.0,0.0
2022,2,00-0035222,TE,True,0,0,2.0,5.0
2022,2,00-0035345,TE,True,0,0,1.0,6.6
2022,2,00-0035399,WR,True,0,0,0.0,0.0
2022,2,00-0035414,WR,True,0,0,1.0,0.0
2022,2,00-0035500,WR,True,0,0,9.0,9.8
2022,2,00-0035527,WR,True,0,0,3.0,1.5
2022,2,00-0035547,TE,True,0,0,1.0,6.6
2022,2,00-0035572,TE,True,0,0,2.0,1.0
2022,2,00-0035593,WR,True,0,0,1.0,2.2
2022,2,00-0035631,TE,True,0,0,1.0,0.7
2022,2,00-0035639,WR,True,0,0,4.0,5.2
2022,2,00-0035645,WR,True,0,0,0.0,0.0
2022,2,00-0035662,WR,True,0,0,6.0,12.3
2022,2,00-0035703,WR,True,0,0,1.0,0.0
2022,2,00-0035726,RB,True,0,0,1.0,0.6
2022,2,00-0035823,TE,True,0,0,1.0,0.7
2022,2,00-0035924,RB,True,0,0,0.0,0.0
2022,2,00-0035956,TE,True,0,0,0.0,0.0
2022,2,00-0036005,TE,True,0,0,1.0,0.0
2022,2,00-0036040,TE,True,0,0,5.0,5.3
2022,2,00-0036133,WR,True,0,0,0.0,0.0
2022,2,00-0036139,RB,True,0,0,0.0,0.0
2022,2,00-0036145,TE,True,0,0,1.0,0.0
2022,2,00-0036182,WR,True,0,0,2.0,1.8
2022,2,00-0036232,TE,True,0,0,4.0,2.8
2022,2,00-0036233,WR,True,0,0,11.0,9.0
2022,2,00-0036244,TE,True,0,0,2.0,11.3
2022,2,00-0036250,TE,True,0,0,1.0,0.8
2022,2,00-0036251,RB,True,0,0,12.0,4.6
2022,2,00-0036259,WR,True,0,0,6.0,8.2
2022,2,00-0036271,WR,True,0,0,0.0,0.0
2022,2,00-0036331,WR,True,0,0,4.0,19.4
2022,2,00-0036332,TE,True,0,0,2.0,3.8
2022,2,00-0036345,WR,True,0,0,4.0,2.9
2022,2,00-0036365,WR,True,0,0,1.0,0.0
2022,2,00-0036370,RB,True,0,0,6.0,4.5
2022,2,00-0036383,RB,True,0,0,8.0,7.6
2022,2,00-0036387,WR,True,0,0,0.0,0.0
2022,2,00-0036412,WR,True,0,0,1.0,0.0
2022,2,00-0036425,RB,True,0,0,0.0,0.0
2022,2,00-0036439,WR,True,0,0,0.0,0.0
2022,2,00-0036482,WR,True,0,0,2.0,4.6
2022,2,00-0036554,WR,True,0,0,3.0,3.6
2022,2,00-0036556,TE,True,0,0,2.0,1.0
2022,2,00-0036569,RB,True,0,0,0.0,0.0
2022,2,00-0036572,WR,True,0,0,3.0,1.7
2022,2,00-0036620,WR,True,0,0,2.0,0.5
2022,2,00-0036628,TE,True,0,0,1.0,0.0
2022,2,00-0036630,WR,True,0,0,1.0,0.0
2022,2,00-0036637,TE,True,0,0,2.0,1.5
2022,2,00-0036646,WR,True,0,0,3.0,2.2
2022,2,00-0036654,RB,True,0,0,1.0,0.0
2022,2,00-0036671,WR,True,0,0,1.0,0.0
2022,2,00-0036842,RB,True,0,0,0.0,0.0
2022,2,00-0036849,WR,True,0,0,1.0,0.0
2022,2,00-0036862,WR,True,0,0,6.0,4.5
2022,2,00-0036876,TE,True,0,0,7.0,3.7
2022,2,00-0036877,WR,True,0,0,1.0,0.2
2022,2,00-0036906,RB,True,1,1,10.0,10.8
2022,2,00-0036919,RB,True,0,0,9.0,10.2
2022,2,00-0036950,RB,True,0,0,3.0,2.0
2022,2,00-0036988,WR,True,0,0,5.0,2.4
2022,2,00-0036991,WR,True,0,0,0.0,0.0
2022,2,00-0036999,WR,True,0,0,4.0,4.4
2022,2,00-0037005,TE,True,0,0,1.0,0.6
2022,2,00-0037011,TE,True,0,0,4.0,3.9
2022,2,00-0037087,RB,True,0,0,0.0,0.0
2022,2,00-0037132,WR,True,0,0,0.0,0.0
2022,2,00-0037168,TE,True,0,0,1.0,2.8
2022,2,00-0037228,RB,True,1,1,4.0,0.7
2022,2,00-0037256,RB,True,0,0,8.0,3.1
2022,2,00-0037267,RB,True,0,0,0.0,0.0
2022,2,00-0037272,WR,True,0,0,0.0,0.0
2022,2,00-0037273,WR,True,0,0,9.0,9.6
2022,2,00-0037331,RB,True,0,0,3.0,7.8
2022,2,00-0037456,RB,True,0,0,1.0,1.0
2022,2,00-0037525,RB,True,0,0,0.0,0.0
2022,2,00-0037570,WR,True,0,0,5.0,2.6
2022,2,00-0037664,WR,True,0,0,2.0,0.0
2022,2,00-0037801,WR,True,0,0,0.0,0.0
2022,2,00-0037809,TE,True,0,0,2.0,1.2
2022,2,00-0037838,TE,True,0,0,4.0,0.0
2022,2,00-0038129,TE,True,0,0,0.0,0.0
2022,3,00-0027691,WR,True,0,0,0.0,0.0
2022,3,00-0027942,WR,True,0,0,7.0,5.1
2022,3,00-0027966,RB,True,0,0,12.0,5.1
2022,3,00-0028002,WR,True,0,0,3.0,5.2
2022,3,00-0028063,RB,True,0,0,0.0,0.0
2022,3,00-0029239,RB,True,0,0,5.0,9.8
2022,3,00-0030061,TE,True,0,0,11.0,11.5
2022,3,00-0030068,WR,True,0,0,1.0,0.0
2022,3,00-0030108,TE,True,0,0,1.0,2.3
2022,3,00-0031273,TE,True,0,0,2.0,1.4
2022,3,00-0031325,WR,True,0,0,4.0,10.8
2022,3,00-0031376,RB,True,0,0,6.0,8.6
2022,3,00-0031384,TE,True,0,0,1.0,0.0
2022,3,00-0031690,TE,True,0,0,1.0,0.0
2022,3,00-0031763,WR,True,0,0,3.0,7.0
2022,3,00-0031941,WR,True,0,0,2.0,2.1
2022,3,00-0032054,WR,True,0,0,5.0,12.0
2022,3,00-0032063,RB,True,0,0,5.0,0.4
2022,3,00-0032104,RB,True,0,0,1.0,2.8
2022,3,00-0032128,WR,True,0,0,2.0,0.0
2022,3,00-0032141,TE,True,0,0,4.0,3.4
2022,3,00-0032200,WR,True,0,0,6.0,8.8
2022,3,00-0032208,WR,True,0,0,1.0,0.0
2022,3,00-0032214,TE,True,0,0,2.0,1.4
2022,3,00-0032385,WR,True,0,0,10.0,6.4
2022,3,00-0032392,TE,True,0,0,5.0,2.4
2022,3,00-0032398,WR,True,0,0,4.0,2.4
2022,3,00-0032464,WR,True,0,0,0.0,0.0
2022,3,00-0032688,WR,True,0,0,5.0,2.7
2022,3,00-0032725,TE,True,0,0,1.0,0.7
2022,3,00-0032775,WR,True,0,0,2.0,7.7
2022,3,00-0032975,RB,True,0,0,0.0,0.0
2022,3,00-0033114,WR,True,0,0,5.0,3.0
2022,3,00-0033217,TE,True,0,0,3.0,1.4
2022,3,00-0033246,TE,True,0,0,3.0,3.8
2022,3,00-0033251,WR,True,0,0,2.0,2.4
2022,3,00-0033292,WR,True,0,0,0.0,0.0
2022,3,00-0033307,WR,True,0,0,3.0,2.6
2022,3,00-0033308,RB,True,0,0,2.0,-0.4
2022,3,00-0033357,TE,True,0,0,3.0,1.4
2022,3,00-0033376,RB,True,0,0,1.0,0.5
2022,3,00-0033386,WR,True,0,0,1.0,2.7
2022,3,00-0033439,TE,True,0,0,5.0,3.9
2022,3,00-0033455,TE,True,0,0,2.0,1.1
2022,3,00-0033526,RB,True,0,0,2.0,1.5
2022,3,00-0033555,WR,True,0,0,8.0,9.1
2022,3,00-0033572,WR,True,0,0,3.0,0.1
2022,3,00-0033576,TE,True,0,0,2.0,8.7
2022,3,00-0033591,WR,True,0,0,5.0,17.6
2022,3,00-0033757,TE,True,0,0,2.0,2.1
2022,3,00-0033858,TE,True,0,0,3.0,0.0
2022,3,00-0033871,WR,True,0,0,4.0,15.3
2022,3,00-0033879,TE,True,0,0,1.0,1.2
2022,3,00-0033881,TE,False,1,1,8.0,8.1
2022,3,00-0033891,WR,True,0,0,4.0,3.8
2022,3,00-0033895,TE,False,3,3,10.0,10.1
2022,3,00-0033925,RB,True,0,0,2.0,0.9
2022,3,00-0033932,WR,True,0,0,2.0,3.2
2022,3,00-0033943,WR,True,0,0,3.0,11.3
2022,3,00-0034073,TE,True,0,0,1.0,10.3
2022,3,00-0034104,WR,True,0,0,2.0,0.0
2022,3,00-0034159,TE,True,0,0,2.0,1.0
2022,3,00-0034164,RB,True,0,0,0.0,0.0
2022,3,00-0034208,RB,True,0,0,1.0,0.7
2022,3,00-0034253,RB,True,0,0,6.0,20.4
2022,3,00-0034270,TE,True,0,0,9.0,7.0
2022,3,00-0034279,WR,True,0,0,4.0,4.9
2022,3,00-0034286,WR,True,0,0,6.0,7.6
2022,3,00-0034297,WR,True,0,0,0.0,0.0
2022,3,00-0034365,TE,True,0,0,3.0,1.8
2022,3,00-0034386,WR,True,0,0,2.0,12.0
2022,3,00-0034407,WR,True,0,0,2.0,2.1
2022,3,00-0034414,RB,True,0,0,5.0,2.6
2022,3,00-0034418,WR,True,0,0,1.0,0.0
2022,3,00-0034419,WR,True,0,0,2.0,2.2
2022,3,00-0034487,WR,True,0,0,2.0,1.9
2022,3,00-0034646,WR,True,0,0,2.0,-1.5
2022,3,00-0034798,TE,True,0,0,1.0,1.0
2022,3,00-0034829,TE,True,0,0,4.0,12.1
2022,3,00-0034830,TE,False,1,1,7.0,4.9
2022,3,00-0034845,RB,True,0,0,5.0,2.4
2022,3,00-0034854,WR,True,0,0,3.0,6.7
2022,3,00-0034860,WR,True,0,0,0.0,0.0
2022,3,00-0034972,RB,True,0,0,7.0,2.9
2022,3,00-0034975,RB,True,0,0,3.0,1.6
2022,3,00-0035208,WR,True,0,0,2.0,9.1
2022,3,00-0035215,WR,True,0,0,1.0,1.4
2022,3,00-0035217,RB,True,0,0,0.0,0.0
2022,3,00-0035222,TE,True,0,0,2.0,5.0
2022,3,00-0035345,TE,True,0,0,0.0,0.0
2022,3,00-0035399,WR,True,0,0,0.0,0.0
2022,3,00-0035414,WR,True,0,0,1.0,0.0
2022,3,00-0035500,WR,True,0,0,4.0,13.5
2022,3,00-0035527,WR,True,0,0,3.0,1.5
2022,3,00-0035547,TE,True,0,0,1.0,0.0
2022,3,00-0035572,TE,True,0,0,1.0,1.0
2022,3,00-0035593,WR,True,0,0,1.0,2.2
2022,3,00-0035631,TE,True,0,0,1.0,0.09999999999999998
2022,3,00-0035639,WR,True,0,0,2.0,0.0
2022,3,00-0035644,TE,True,0,0,2.0,2.1
2022,3,00-0035645,WR,True,0,0,1.0,1.8
2022,3,00-0035662,WR,True,0,0,11.0,9.8
2022,3,00-0035703,WR,True,0,0,0.0,0.0
2022,3,00-0035726,RB,True,0,0,1.0,0.6
2022,3,00-0035823,TE,True,0,0,1.0,0.7
2022,3,00-0035924,RB,True,0,0,0.0,0.0
2022,3,00-0035956,TE,True,0,0,1.0,2.1
2022,3,00-0036005,TE,True,0,0,1.0,0.0
2022,3,00-0036040,TE,True,0,0,7.0,6.0
2022,3,00-0036133,WR,True,0,0,0.0,0.0
2022,3,00-0036139,RB,True,0,0,0.0,0.0
2022,3,00-0036145,TE,True,0,0,1.0,0.0
2022,3,00-0036182,WR,True,0,0,4.0,1.8
2022,3,00-0036232,TE,True,0,0,4.0,6.0
2022,3,00-0036233,WR,True,0,0,1.0,0.0
2022,3,00-0036244,TE,True,0,0,2.0,11.3
2022,3,00-0036250,TE,True,0,0,1.0,0.0
2022,3,00-0036259,WR,True,0,0,2.0,0.9
2022,3,00-0036271,WR,True,0,0,2.0,13.9
2022,3,00-0036290,TE,True,0,0,1.0,0.0
2022,3,00-0036331,WR,True,0,0,2.0,11.2
2022,3,00-0036332,TE,True,0,0,2.0,3.8
2022,3,00-0036345,WR,True,0,0,2.0,3.5
2022,3,00-0036365,WR,True,0,0,2.0,0.7
2022,3,00-0036370,RB,True,0,0,6.0,3.0
2022,3,00-0036383,RB,True,0,0,12.0,6.6
2022,3,00-0036387,WR,True,0,0,3.0,2.9
2022,3,00-0036412,WR,True,0,0,1.0,0.0
2022,3,00-0036423,TE,True,0,0,2.0,0.0
2022,3,00-0036425,RB,True,0,0,0.0,-2.0
2022,3,00-0036439,WR,True,0,0,3.0,3.8
2022,3,00-0036482,WR,True,0,0,3.0,2.8
2022,3,00-0036554,WR,True,0,0,9.0,7.8
2022,3,00-0036555,RB,True,0,0,0.0,0.0
2022,3,00-0036556,TE,True,0,0,4.0,1.3
2022,3,00-0036569,RB,True,0,0,1.0,1.4
2022,3,00-0036572,WR,True,0,0,6.0,0.7
2022,3,00-0036620,WR,True,0,0,1.0,1.1
2022,3,00-0036628,TE,True,0,0,3.0,2.5
2022,3,00-0036630,WR,True,0,0,2.0,1.4
2022,3,00-0036637,TE,True,0,0,3.0,2.2
2022,3,00-0036646,WR,True,0,0,0.0,0.0
2022,3,00-0036654,RB,True,0,0,2.0,0.4
2022,3,00-0036671,WR,True,0,0,1.0,1.1
2022,3,00-0036842,RB,True,0,0,0.0,0.0
2022,3,00-0036849,WR,True,0,0,1.0,0.0
2022,3,00-0036862,WR,True,0,0,3.0,2.6
2022,3,00-0036876,TE,True,0,0,2.0,2.4
2022,3,00-0036877,WR,True,0,0,0.0,0.0
2022,3,00-0036913,WR,True,0,0,3.0,1.0
2022,3,00-0036919,RB,True,0,0,4.0,2.3
2022,3,00-0036950,RB,True,0,0,1.0,1.1
2022,3,00-0036988,WR,True,0,0,8.0,11.0
2022,3,00-0036991,WR,True,0,0,0.0,0.0
2022,3,00-0036999,WR,True,0,0,4.0,4.4
2022,3,00-0037005,TE,True,0,0,1.0,0.6
2022,3,00-0037011,TE,True,0,0,4.0,3.9
2022,3,00-0037087,RB,True,0,0,0.0,0.0
2022,3,00-0037132,WR,True,0,0,0.0,0.0
2022,3,00-0037168,TE,True,0,0,1.0,2.8
2022,3,00-0037228,RB,True,0,0,5.0,2.0
2022,3,00-0037256,RB,True,0,0,4.0,0.1
2022,3,00-0037267,RB,True,0,0,0.0,0.0
2022,3,00-0037272,WR,True,0,0,2.0,1.9
2022,3,00-0037273,WR,True,0,0,1.0,1.0
2022,3,00-0037331,RB,True,0,0,2.0,6.6
2022,3,00-0037456,RB,True,0,0,1.0,1.0
2022,3,00-0037525,RB,True,0,0,0.0,0.0
2022,3,00-0037570,WR,True,0,0,1.0,0.0
2022,3,00-0037664,WR,True,0,0,2.0,0.0
2022,3,00-0037801,WR,True,0,0,1.0,0.3
2022,3,00-0037809,TE,True,0,0,0.0,0.0
2022,3,00-0037816,WR,True,0,0,3.0,3.7
2022,3,00-0037838,TE,True,0,0,5.0,6.3
2022,3,00-0038129,TE,True,0,0,2.0,0.9
2022,3,00-0029664,WR,True,0,0,1.0,0.0
2022,3,00-0030456,RB,True,0,0,0.0,0.0
2022,3,00-0031787,WR,True,0,0,3.0,6.0
2022,3,00-0032450,RB,True,0,0,4.0,1.8
2022,3,00-0033854,RB,True,0,0,0.0,0.0
2022,3,00-0034011,TE,True,0,0,1.0,1.3
2022,3,00-0034054,WR,True,0,0,2.0,6.7
2022,3,00-0034301,RB,True,0,0,11.0,13.2
2022,3,00-0034366,WR,True,0,0,0.0,0.0
2022,3,00-0034440,RB,True,0,0,0.0,0.0
2022,3,00-0034613,TE,True,0,0,3.0,3.2
2022,3,00-0034981,TE,True,0,0,4.0,4.5
2022,3,00-0035298,WR,True,0,0,9.0,5.7
2022,3,00-0035359,WR,True,0,0,4.0,5.2
2022,3,00-0035406,WR,True,0,0,2.0,1.6
2022,3,00-0035510,WR,True,0,0,1.0,2.2
2022,3,00-0035537,RB,True,0,0,3.0,0.9
2022,3,00-0035567,RB,True,0,0,4.0,3.4
2022,3,00-0035771,TE,True,0,0,1.0,0.8
2022,3,00-0035860,RB,True,0,0,4.0,3.0
2022,3,00-0035864,WR,True,0,0,1.0,2.5
2022,3,00-0035876,WR,True,0,0,2.0,2.2
2022,3,00-0036187,RB,True,0,0,3.0,8.7
2022,3,00-0036228,WR,True,0,0,6.0,3.4
2022,3,00-0036277,WR,True,0,0,0.0,0.0
2022,3,00-0036438,TE,True,0,0,1.0,1.8
2022,3,00-0036493,RB,True,0,0,2.0,-0.3
2022,3,00-0036510,TE,True,0,0,0.0,0.0
2022,3,00-0036590,TE,True,0,0,1.0,1.1
2022,3,00-0036635,WR,True,0,0,0.0,0.0
2022,3,00-0036754,TE,True,0,0,1.0,3.0
2022,3,00-0036829,RB,True,0,0,1.0,0.3
2022,3,00-0037185,WR,True,0,0,0.0,0.0
2022,3,00-0037257,WR,True,0,0,1.0,1.1
2022,3,00-0037261,WR,True,0,0,2.0,0.0
2022,3,00-0037263,RB,True,0,0,10.0,3.0
2022,3,00-0037617,RB,True,0,0,10.0,4.2
2022,3,00-0037805,TE,True,0,0,1.0,0.0
2022,3,00-0037827,RB,True,0,0,14.0,3.3
2022,3,00-0037828,WR,True,0,0,2.0,0.0
2022,3,00-0038098,RB,True,0,0,0.0,0.0
2022,3,00-0038115,TE,True,0,0,1.0,8.1
2022,4,00-0027691,WR,True,0,0,0.0,0.0
2022,4,00-0027942,WR,True,0,0,2.0,0.0
2022,4,00-0027966,RB,True,0,0,5.0,7.8
2022,4,00-0028002,WR,True,0,0,2.0,6.7
2022,4,00-0028063,RB,True,0,0,0.0,0.0
2022,4,00-0029239,RB,True,0,0,5.0,3.1
2022,4,00-0030061,TE,True,0,0,10.0,7.5
2022,4,00-0030068,WR,True,0,0,5.0,4.1
2022,4,00-0030108,TE,True,0,0,1.0,2.3
2022,4,00-0031273,TE,True,0,0,6.0,7.7
2022,4,00-0031325,WR,True,0,0,4.0,10.8
2022,4,00-0031384,TE,True,0,0,1.0,0.0
2022,4,00-0031690,TE,True,0,0,1.0,0.0
2022,4,00-0031763,WR,True,0,0,5.0,4.1
2022,4,00-0031941,WR,True,0,0,3.0,1.4
2022,4,00-0032054,WR,True,0,0,5.0,3.9
2022,4,00-0032063,RB,True,0,0,5.0,0.4
2022,4,00-0032104,RB,True,0,0,0.0,0.0
2022,4,00-0032128,WR,True,0,0,2.0,0.0
2022,4,00-0032141,TE,True,0,0,3.0,9.4
2022,4,00-0032200,WR,True,0,0,6.0,8.8
2022,4,00-0032208,WR,True,0,0,1.0,2.0
2022,4,00-0032214,TE,True,0,0,2.0,1.4
2022,4,00-0032385,WR,True,0,0,10.0,7.4
2022,4,00-0032392,TE,True,0,0,2.0,2.9
2022,4,00-0032398,WR,True,0,0,3.0,7.8
2022,4,00-0032464,WR,True,0,0,1.0,0.9
2022,4,00-0032602,RB,True,0,0,12.0,7.0
2022,4,00-0032688,WR,True,0,0,4.0,1.9
2022,4,00-0032725,TE,True,0,0,0.0,0.0
2022,4,00-0032775,WR,True,0,0,1.0,0.0
2022,4,00-0032975,RB,True,0,0,1.0,0.6
2022,4,00-0033114,WR,True,0,0,5.0,3.0
2022,4,00-0033217,TE,True,0,0,3.0,1.4
2022,4,00-0033246,TE,True,0,0,2.0,3.3
2022,4,00-0033251,WR,True,0,0,4.0,3.3
2022,4,00-0033292,WR,True,0,0,0.0,0.0
2022,4,00-0033307,WR,True,0,0,5.0,7.8
2022,4,00-0033308,RB,True,0,0,1.0,0.3
2022,4,00-0033357,TE,True,0,0,3.0,1.4
2022,4,00-0033376,RB,True,0,0,1.0,1.7
2022,4,00-0033386,WR,True,0,0,1.0,2.7
2022,4,00-0033439,TE,True,0,0,4.0,4.6
2022,4,00-0033455,TE,True,0,0,1.0,2.7
2022,4,00-0033526,RB,True,0,0,11.0,13.1
2022,4,00-0033555,WR,True,0,0,11.0,25.96
2022,4,00-0033572,WR,True,0,0,1.0,2.2
2022,4,00-0033576,TE,True,0,0,1.0,0.0
2022,4,00-0033757,TE,True,1,1,7.0,6.7
2022,4,00-0033858,TE,True,0,0,4.0,4.5
2022,4,00-0033871,WR,True,0,0,5.0,3.7
2022,4,00-0033879,TE,True,0,0,1.0,0.0
2022,4,00-0033881,TE,True,0,0,4.0,3.4
2022,4,00-0033891,WR,True,0,0,12.0,19.5
2022,4,00-0033895,TE,False,1,1,6.0,3.5
2022,4,00-0033925,RB,True,0,0,2.0,0.9
2022,4,00-0033932,WR,True,0,0,3.0,0.0
2022,4,00-0033943,WR,True,0,0,10.0,12.6
2022,4,00-0034073,TE,True,0,0,1.0,10.3
2022,4,00-0034104,WR,True,0,0,2.0,0.0
2022,4,00-0034159,TE,True,0,0,3.0,10.9
2022,4,00-0034164,RB,True,0,0,0.0,0.0
2022,4,00-0034208,RB,True,0,0,1.0,0.0
2022,4,00-0034253,RB,True,0,0,3.0,4.9
2022,4,00-0034270,TE,True,1,1,8.0,12.4
2022,4,00-0034279,WR,True,0,0,4.0,6.8
2022,4,00-0034286,WR,True,0,0,6.0,6.0
2022,4,00-0034297,WR,True,0,0,1.0,1.6
2022,4,00-0034365,TE,True,0,0,3.0,2.3
2022,4,00-0034386,WR,True,0,0,1.0,0.0
2022,4,00-0034407,WR,True,0,0,1.0,1.6
2022,4,00-0034414,RB,True,0,0,2.0,0.0
2022,4,00-0034418,WR,True,0,0,1.0,0.0
2022,4,00-0034419,WR,True,0,0,2.0,-0.2
2022,4,00-0034487,WR,True,0,0,1.0,1.0
2022,4,00-0034646,WR,True,0,0,3.0,4.2
2022,4,00-0034798,TE,True,0,0,3.0,3.8
2022,4,00-0034830,TE,True,0,0,2.0,1.2
2022,4,00-0034845,RB,True,0,0,7.0,3.6
2022,4,00-0034854,WR,True,0,0,3.0,6.7
2022,4,00-0034860,WR,True,0,0,0.0,0.0
2022,4,00-0034972,RB,False,1,1,8.0,10.9
2022,4,00-0034975,RB,True,0,0,6.0,6.0
2022,4,00-0035208,WR,True,0,0,2.0,5.9
2022,4,00-0035215,WR,True,0,0,1.0,1.4
2022,4,00-0035217,RB,True,0,0,0.0,0.0
2022,4,00-0035222,TE,True,0,0,2.0,5.0
2022,4,00-0035345,TE,True,0,0,1.0,1.1
2022,4,00-0035399,WR,True,0,0,0.0,0.0
2022,4,00-0035414,WR,True,0,0,3.0,7.4
2022,4,00-0035500,WR,True,0,0,10.0,12.5
2022,4,00-0035527,WR,True,0,0,2.0,1.6
2022,4,00-0035547,TE,True,0,0,0.0,0.0
2022,4,00-0035572,TE,True,0,0,0.0,0.0
2022,4,00-0035593,WR,True,0,0,2.0,0.0
2022,4,00-0035631,TE,True,0,0,1.0,0.09999999999999998
2022,4,00-0035639,WR,True,0,0,2.0,2.0
2022,4,00-0035644,TE,True,0,0,4.0,4.7
2022,4,00-0035645,WR,True,0,0,0.0,0.0
2022,4,00-0035662,WR,True,0,0,17.0,21.0
2022,4,00-0035703,WR,True,0,0,0.0,0.0
2022,4,00-0035726,RB,True,0,0,0.0,0.0
2022,4,00-0035823,TE,True,0,0,2.0,3.4
2022,4,00-0035924,RB,True,0,0,0.0,0.0
2022,4,00-0035956,TE,True,0,0,2.0,2.0
2022,4,00-0036005,TE,True,0,0,1.0,0.0
2022,4,00-0036040,TE,True,0,0,1.0,0.0
2022,4,00-0036133,WR,True,0,0,0.0,0.0
2022,4,00-0036139,RB,True,0,0,0.0,0.0
2022,4,00-0036145,TE,True,0,0,1.0,0.0
2022,4,00-0036182,WR,True,0,0,3.0,5.5
2022,4,00-0036232,TE,True,0,0,4.0,6.0
2022,4,00-0036233,WR,True,0,0,3.0,1.5
2022,4,00-0036244,TE,True,0,0,2.0,5.4
2022,4,00-0036250,TE,True,0,0,2.0,3.6
2022,4,00-0036259,WR,True,0,0,3.0,1.0
2022,4,00-0036271,WR,True,0,0,1.0,0.0
2022,4,00-0036290,TE,True,0,0,3.0,5.0
2022,4,00-0036331,WR,True,0,0,4.0,9.3
2022,4,00-0036332,TE,True,0,0,2.0,3.8
2022,4,00-0036345,WR,True,0,0,8.0,15.8
2022,4,00-0036365,WR,True,0,0,2.0,0.7
2022,4,00-0036370,RB,True,0,0,3.0,1.3
2022,4,00-0036387,WR,True,0,0,1.0,0.7
2022,4,00-0036412,WR,True,0,0,1.0,0.0
2022,4,00-0036423,TE,True,0,0,2.0,1.7
2022,4,00-0036425,RB,True,0,0,5.0,4.8
2022,4,00-0036439,WR,True,0,0,3.0,3.8
2022,4,00-0036482,WR,True,0,0,3.0,2.8
2022,4,00-0036554,WR,True,0,0,4.0,5.1
2022,4,00-0036556,TE,True,0,0,4.0,1.3
2022,4,00-0036569,RB,True,0,0,1.0,1.4
2022,4,00-0036572,WR,True,0,0,2.0,3.2
2022,4,00-0036620,WR,True,0,0,1.0,1.1
2022,4,00-0036628,TE,True,0,0,1.0,0.0
2022,4,00-0036630,WR,True,0,0,2.0,1.4
2022,4,00-0036637,TE,True,0,0,2.0,3.1
2022,4,00-0036646,WR,True,0,0,1.0,1.7
2022,4,00-0036654,RB,True,0,0,2.0,0.4
2022,4,00-0036671,WR,True,0,0,1.0,1.7
2022,4,00-0036842,RB,True,0,0,0.0,0.0
2022,4,00-0036849,WR,True,0,0,1.0,0.0
2022,4,00-0036862,WR,True,0,0,4.0,8.6
2022,4,00-0036876,TE,True,0,0,2.0,1.7
2022,4,00-0036877,WR,True,0,0,1.0,3.0
2022,4,00-0036913,WR,True,0,0,3.0,1.0
2022,4,00-0036919,RB,True,0,0,3.0,0.6
2022,4,00-0036950,RB,True,0,0,1.0,0.9
2022,4,00-0036988,WR,True,0,0,9.0,12.9
2022,4,00-0036991,WR,True,0,0,0.0,0.0
2022,4,00-0036999,WR,True,0,0,4.0,4.4
2022,4,00-0037005,TE,True,0,0,1.0,1.2
2022,4,00-0037011,TE,True,0,0,0.0,0.0
2022,4,00-0037087,RB,True,0,0,8.0,2.3
2022,4,00-0037132,WR,True,0,0,0.0,0.0
2022,4,00-0037168,TE,True,0,0,0.0,0.0
2022,4,00-0037228,RB,True,0,0,5.0,3.8
2022,4,00-0037256,RB,True,0,0,0.0,0.0
2022,4,00-0037267,RB,True,0,0,0.0,0.0
2022,4,00-0037272,WR,True,0,0,0.0,0.0
2022,4,00-0037273,WR,True,0,0,1.0,1.0
2022,4,00-0037331,RB,True,0,0,1.0,0.0
2022,4,00-0037456,RB,True,0,0,1.0,1.0
2022,4,00-0037525,RB,True,0,0,1.0,0.7
2022,4,00-0037570,WR,True,0,0,1.0,0.0
2022,4,00-0037664,WR,True,0,0,5.0,7.6
2022,4,00-0037801,WR,True,0,0,0.0,0.0
2022,4,00-0037809,TE,True,0,0,0.0,0.0
2022,4,00-0037816,WR,False,2,2,8.0,17.3
2022,4,00-0037838,TE,True,0,0,2.0,1.3
2022,4,00-0038129,TE,True,0,0,2.0,0.9
2022,4,00-0029664,WR,True,0,0,1.0,0.0
2022,4,00-0030456,RB,True,0,0,0.0,0.0
2022,4,00-0031787,WR,True,0,0,2.0,2.4
2022,4,00-0032450,RB,True,0,0,0.0,0.0
2022,4,00-0033854,RB,True,0,0,0.0,0.0
2022,4,00-0034011,TE,True,0,0,1.0,1.3
2022,4,00-0034054,WR,True,0,0,1.0,7.6
2022,4,00-0034301,RB,True,0,0,2.0,0.7
2022,4,00-0034366,WR,True,0,0,0.0,0.0
2022,4,00-0034440,RB,True,0,0,0.0,0.0
2022,4,00-0034613,TE,True,0,0,3.0,3.2
2022,4,00-0034981,TE,True,0,0,4.0,5.9
2022,4,00-0035298,WR,True,0,0,5.0,0.9
2022,4,00-0035359,WR,True,0,0,4.0,3.0
2022,4,00-0035406,WR,True,0,0,1.0,0.0
2022,4,00-0035510,WR,True,0,0,1.0,2.2
2022,4,00-0035537,RB,True,0,0,3.0,0.9
2022,4,00-0035567,RB,True,0,0,7.0,2.3
2022,4,00-0035771,TE,True,0,0,1.0,1.4
2022,4,00-0035860,RB,True,0,0,4.0,3.0
2022,4,00-0035864,WR,True,0,0,1.0,3.2
2022,4,00-0035876,WR,True,0,0,4.0,2.3
2022,4,00-0036187,RB,True,0,0,3.0,3.2
2022,4,00-0036228,WR,True,0,0,6.0,3.4
2022,4,00-0036277,WR,True,0,0,0.0,0.0
2022,4,00-0036438,TE,True,0,0,1.0,1.8
2022,4,00-0036493,RB,True,0,0,2.0,-0.3
2022,4,00-0036510,TE,True,0,0,0.0,0.0
2022,4,00-0036590,TE,True,0,0,2.0,3.2
2022,4,00-0036635,WR,True,0,0,0.0,0.0
2022,4,00-0036754,TE,True,0,0,1.0,3.0
2022,4,00-0036829,RB,True,0,0,1.0,0.3
2022,4,00-0037185,WR,True,0,0,0.0,0.0
2022,4,00-0037257,WR,True,0,0,1.0,1.1
2022,4,00-0037261,WR,True,0,0,2.0,0.0
2022,4,00-0037263,RB,True,0,0,7.0,3.5
2022,4,00-0037617,RB,True,0,0,0.0,0.0
2022,4,00-0037805,TE,True,0,0,1.0,0.0
2022,4,00-0037827,RB,True,0,0,14.0,3.3
2022,4,00-0037828,WR,True,0,0,2.0,0.0
2022,4,00-0038040,RB,True,0,0,1.0,0.2
2022,4,00-0038098,RB,True,0,0,0.0,0.0
2022,4,00-0038115,TE,True,0,0,5.0,6.0
2022,4,00-0027981,TE,True,0,0,1.0,1.7
2022,4,00-0029000,WR,True,0,0,4.0,2.7
2022,4,00-0032134,TE,True,0,0,1.0,1.0
2022,4,00-0032355,WR,True,0,0,0.0,0.0
2022,4,00-0032394,TE,True,0,0,1.0,1.0
2022,4,00-0033681,WR,True,0,0,4.0,1.7
2022,4,00-0034364,TE,True,0,0,4.0,10.6
2022,4,00-0034765,WR,True,0,0,5.0,12.5
2022,4,00-0035022,WR,True,0,0,1.0,2.0
2022,4,00-0035249,TE,True,0,0,2.0,7.8
2022,4,00-0035562,TE,True,0,0,0.0,0.0
2022,4,00-0035603,TE,True,0,0,1.0,3.3
2022,4,00-0035806,RB,True,0,0,1.0,0.0
2022,4,00-0036219,WR,True,0,0,1.0,6.9
2022,4,00-0036268,WR,True,0,0,2.0,16.0
2022,4,00-0036422,TE,True,0,0,1.0,1.4
2022,4,00-0036497,WR,True,0,0,0.0,0.0
2022,4,00-0036626,WR,True,0,0,0.0,0.0
2022,4,00-0036692,TE,True,0,0,1.0,0.0
2022,4,00-0036741,TE,True,0,0,2.0,0.9
2022,4,00-0036857,RB,True,0,0,1.0,0.9
2022,4,00-0036918,WR,True,0,0,0.0,0.0
2022,4,00-0037086,TE,True,0,0,1.0,4.5
2022,4,00-0037112,TE,True,0,0,1.0,0.0
2022,4,00-0037311,TE,True,0,0,0.0,0.0
2022,4,00-0037569,TE,True,0,0,3.0,5.8
2022,4,00-0037666,WR,True,0,0,2.0,0.9
2022,4,00-0037755,TE,True,1,1,3.0,14.3
2022,4,00-0038041,TE,True,0,0,3.0,2.3
2022,5,00-0027691,WR,True,0,0,0.0,0.0
2022,5,00-0027942,WR,True,0,0,2.0,0.0
2022,5,00-0027966,RB,True,0,0,13.0,5.8
2022,5,00-0028002,WR,True,0,0,4.0,5.7
2022,5,00-0028063,RB,True,0,0,0.0,0.0
2022,5,00-0029239,RB,True,0,0,1.0,0.4
2022,5,00-0030061,TE,True,0,0,6.0,13.7
2022,5,00-0030068,WR,True,0,0,0.0,0.0
2022,5,00-0030108,TE,True,0,0,1.0,2.3
2022,5,00-0030288,RB,True,0,0,5.0,12.4
2022,5,00-0031273,TE,True,0,0,8.0,5.2
2022,5,00-0031325,WR,True,0,0,4.0,10.8
2022,5,00-0031384,TE,True,0,0,1.0,0.0
2022,5,00-0031690,TE,True,0,0,1.0,0.0
2022,5,00-0031763,WR,True,0,0,3.0,2.6
2022,5,00-0031941,WR,True,0,0,4.0,1.2
2022,5,00-0032054,WR,True,0,0,5.0,3.9
2022,5,00-0032063,RB,True,0,0,5.0,0.4
2022,5,00-0032104,RB,True,0,0,0.0,0.0
2022,5,00-0032128,WR,True,0,0,2.0,0.0
2022,5,00-0032141,TE,True,0,0,3.0,9.4
2022,5,00-0032200,WR,True,0,0,6.0,8.8
2022,5,00-0032208,WR,True,0,0,2.0,0.0
2022,5,00-0032214,TE,True,0,0,2.0,1.4
2022,5,00-0032385,WR,True,0,0,10.0,7.4
2022,5,00-0032392,TE,True,0,0,1.0,0.9
2022,5,00-0032398,WR,True,0,0,2.0,0.0
2022,5,00-0032464,WR,True,0,0,6.0,3.6
2022,5,00-0032602,RB,True,0,0,12.0,7.1
2022,5,00-0032688,WR,True,0,0,5.0,4.1
2022,5,00-0032725,TE,True,0,0,0.0,0.0
2022,5,00-0032775,WR,True,0,0,3.0,2.0
2022,5,00-0032975,RB,True,0,0,5.0,4.8
2022,5,00-0033090,TE,True,0,0,4.0,2.3
2022,5,00-0033114,WR,True,0,0,5.0,3.0
2022,5,00-0033217,TE,True,0,0,6.0,23.5
2022,5,00-0033246,TE,True,0,0,1.0,0.0
2022,5,00-0033251,WR,True,0,0,1.0,0.0
2022,5,00-0033292,WR,True,0,0,0.0,0.0
2022,5,00-0033307,WR,True,0,0,4.0,4.8
2022,5,00-0033308,RB,True,0,0,3.0,1.8
2022,5,00-0033357,TE,True,0,0,5.0,8.1
2022,5,00-0033376,RB,True,0,0,4.0,3.5
2022,5,00-0033386,WR,True,0,0,1.0,2.7
2022,5,00-0033439,TE,True,0,0,4.0,4.6
2022,5,00-0033455,TE,True,0,0,1.0,2.7
2022,5,00-0033526,RB,True,0,0,2.0,0.0
2022,5,00-0033555,WR,True,0,0,5.0,4.8
2022,5,00-0033572,WR,True,0,0,6.0,19.0
2022,5,00-0033576,TE,True,0,0,2.0,3.0
2022,5,00-0033858,TE,True,0,0,4.0,4.5
2022,5,00-0033871,WR,False,1,1,6.0,15.9
2022,5,00-0033879,TE,True,0,0,5.0,3.7
2022,5,00-0033881,TE,True,0,0,1.0,2.1
2022,5,00-0033891,WR,True,0,0,12.0,19.5
2022,5,00-0033925,RB,True,0,0,1.0,0.2
2022,5,00-0033932,WR,True,0,0,1.0,0.0
2022,5,00-0033943,WR,True,0,0,8.0,17.6
2022,5,00-0034073,TE,True,0,0,1.0,0.0
2022,5,00-0034104,WR,True,0,0,2.0,0.0
2022,5,00-0034164,RB,True,0,0,0.0,0.0
2022,5,00-0034208,RB,False,3,3,6.0,3.4
2022,5,00-0034253,RB,True,0,0,4.0,3.8
2022,5,00-0034270,TE,False,3,3,5.0,6.7
2022,5,00-0034279,WR,True,0,0,2.0,0.9
2022,5,00-0034286,WR,True,0,0,3.0,1.4
2022,5,00-0034297,WR,True,0,0,1.0,1.6
2022,5,00-0034365,TE,True,0,0,3.0,1.1
2022,5,00-0034386,WR,True,0,0,1.0,0.0
2022,5,00-0034407,WR,True,0,0,3.0,1.1
2022,5,00-0034414,RB,True,0,0,2.0,0.0
2022,5,00-0034418,WR,True,0,0,1.0,0.0
2022,5,00-0034419,WR,True,0,0,1.0,5.18
2022,5,00-0034487,WR,True,0,0,6.0,7.5
2022,5,00-0034646,WR,True,0,0,1.0,1.1
2022,5,00-0034798,TE,True,0,0,0.0,0.0
2022,5,00-0034829,TE,True,0,0,4.0,3.3
2022,5,00-0034845,RB,True,0,0,9.0,4.2
2022,5,00-0034854,WR,True,0,0,1.0,0.0
2022,5,00-0034860,WR,True,0,0,3.0,0.0
2022,5,00-0034975,RB,True,0,0,10.0,6.7
2022,5,00-0035208,WR,True,0,0,2.0,6.5
2022,5,00-0035215,WR,True,0,0,0.0,0.0
2022,5,00-0035217,RB,True,0,0,0.0,0.0
2022,5,00-0035222,TE,True,0,0,1.0,0.7
2022,5,00-0035345,TE,True,0,0,1.0,1.1
2022,5,00-0035399,WR,True,0,0,0.0,0.0
2022,5,00-0035414,WR,True,0,0,3.0,7.4
2022,5,00-0035500,WR,True,0,0,1.0,1.1
2022,5,00-0035527,WR,True,0,0,2.0,1.6
2022,5,00-0035547,TE,True,0,0,1.0,7.5
2022,5,00-0035572,TE,True,0,0,1.0,2.7
2022,5,00-0035593,WR,True,0,0,2.0,0.0
2022,5,00-0035631,TE,True,0,0,1.0,0.09999999999999998
2022,5,00-0035639,WR,True,0,0,4.0,6.3
2022,5,00-0035644,TE,True,0,0,1.0,6.7
2022,5,00-0035645,WR,True,0,0,1.0,0.0
2022,5,00-0035662,WR,True,0,0,11.0,17.8
2022,5,00-0035664,RB,True,0,0,11.0,5.4
2022,5,00-0035703,WR,True,0,0,0.0,0.0
2022,5,00-0035726,RB,True,0,0,0.0,0.0
2022,5,00-0035823,TE,True,0,0,2.0,3.4
2022,5,00-0035924,RB,True,0,0,0.0,0.0
2022,5,00-0035956,TE,True,0,0,0.0,0.0
2022,5,00-0036005,TE,True,0,0,1.0,0.0
2022,5,00-0036040,TE,True,0,0,4.0,4.8
2022,5,00-0036133,WR,True,0,0,0.0,0.0
2022,5,00-0036139,RB,True,0,0,0.0,0.0
2022,5,00-0036145,TE,True,0,0,1.0,0.0
2022,5,00-0036182,WR,True,0,0,3.0,5.5
2022,5,00-0036232,TE,True,0,0,6.0,3.8
2022,5,00-0036233,WR,True,0,0,9.0,9.6
2022,5,00-0036244,TE,True,0,0,3.0,3.8
2022,5,00-0036250,TE,True,0,0,0.0,0.0
2022,5,00-0036259,WR,True,0,0,4.0,3.2
2022,5,00-0036271,WR,True,0,0,1.0,0.0
2022,5,00-0036290,TE,True,0,0,3.0,3.1
2022,5,00-0036332,TE,True,0,0,1.0,0.0
2022,5,00-0036345,WR,True,0,0,3.0,1.0
2022,5,00-0036365,WR,True,0,0,2.0,0.7
2022,5,00-0036370,RB,True,0,0,6.0,1.5
2022,5,00-0036387,WR,True,0,0,1.0,0.0
2022,5,00-0036412,WR,True,0,0,1.0,6.0
2022,5,00-0036423,TE,True,0,0,2.0,1.7
2022,5,00-0036425,RB,True,0,0,0.0,0.0
2022,5,00-0036439,WR,True,0,0,3.0,3.8
2022,5,00-0036482,WR,True,0,0,1.0,0.0
2022,5,00-0036554,WR,True,0,0,5.0,9.7
2022,5,00-0036555,RB,True,0,0,0.0,0.0
2022,5,00-0036556,TE,True,0,0,4.0,1.3
2022,5,00-0036569,RB,True,0,0,1.0,0.0
2022,5,00-0036572,WR,True,0,0,2.0,0.0
2022,5,00-0036620,WR,True,0,0,2.0,2.1
2022,5,00-0036628,TE,True,0,0,6.0,3.9
2022,5,00-0036630,WR,True,0,0,2.0,1.4
2022,5,00-0036637,TE,True,0,0,2.0,6.1
2022,5,00-0036646,WR,True,0,0,1.0,1.7
2022,5,00-0036654,RB,True,0,0,2.0,0.4
2022,5,00-0036671,WR,True,0,0,0.0,0.0
2022,5,00-0036842,RB,True,0,0,0.0,0.0
2022,5,00-0036849,WR,True,0,0,1.0,0.0
2022,5,00-0036876,TE,True,0,0,4.0,8.2
2022,5,00-0036877,WR,True,0,0,0.0,0.0
2022,5,00-0036913,WR,True,0,0,3.0,1.0
2022,5,00-0036919,RB,True,0,0,7.0,8.2
2022,5,00-0036950,RB,True,0,0,1.0,2.1
2022,5,00-0036988,WR,True,0,0,1.0,3.0
2022,5,00-0036991,WR,True,0,0,0.0,0.0
2022,5,00-0036999,WR,True,0,0,4.0,4.4
2022,5,00-0037005,TE,True,0,0,6.0,4.9
2022,5,00-0037011,TE,True,0,0,1.0,0.9
2022,5,00-0037087,RB,True,0,0,9.0,1.8
2022,5,00-0037132,WR,True,0,0,0.0,0.0
2022,5,00-0037168,TE,True,0,0,0.0,0.0
2022,5,00-0037228,RB,True,0,0,4.0,2.7
2022,5,00-0037256,RB,False,2,2,8.0,14.1
2022,5,00-0037267,RB,True,0,0,0.0,0.0
2022,5,00-0037272,WR,True,0,0,1.0,0.9
2022,5,00-0037273,WR,True,0,0,1.0,0.0
2022,5,00-0037331,RB,True,0,0,1.0,0.0
2022,5,00-0037456,RB,True,0,0,1.0,1.0
2022,5,00-0037525,RB,True,0,0,1.0,0.7
2022,5,00-0037570,WR,True,0,0,1.0,0.0
2022,5,00-0037664,WR,True,0,0,6.0,10.0
2022,5,00-0037801,WR,True,0,0,0.0,0.0
2022,5,00-0037809,TE,True,0,0,3.0,11.3
2022,5,00-0037838,TE,True,0,0,2.0,1.3
2022,5,00-0038129,TE,True,0,0,4.0,4.4
2022,5,00-0029664,WR,True,0,0,1.0,0.0
2022,5,00-0030456,RB,True,0,0,0.0,0.0
2022,5,00-0031787,WR,True,0,0,2.0,2.4
2022,5,00-0032450,RB,True,0,0,0.0,0.0
2022,5,00-0033854,RB,True,0,0,0.0,0.0
2022,5,00-0034011,TE,True,0,0,1.0,3.1
2022,5,00-0034054,WR,True,0,0,1.0,0.0
2022,5,00-0034301,RB,True,0,0,5.0,1.9
2022,5,00-0034366,WR,True,0,0,0.0,0.0
2022,5,00-0034440,RB,True,0,0,4.0,7.7
2022,5,00-0034613,TE,True,0,0,2.0,2.3
2022,5,00-0034981,TE,True,0,0,4.0,5.9
2022,5,00-0035298,WR,True,0,0,5.0,0.9
2022,5,00-0035359,WR,True,0,0,2.0,1.0
2022,5,00-0035406,WR,True,0,0,1.0,1.4
2022,5,00-0035510,WR,True,0,0,1.0,0.0
2022,5,00-0035537,RB,True,0,0,0.0,0.0
2022,5,00-0035567,RB,True,0,0,3.0,4.7
2022,5,00-0035771,TE,True,0,0,1.0,2.3
2022,5,00-0035860,RB,True,0,0,4.0,3.0
2022,5,00-0035864,WR,True,0,0,3.0,4.9
2022,5,00-0035876,WR,True,0,0,4.0,2.3
2022,5,00-0036187,RB,True,0,0,3.0,3.2
2022,5,00-0036228,WR,True,0,0,6.0,3.4
2022,5,00-0036277,WR,True,0,0,3.0,2.5
2022,5,00-0036438,TE,True,0,0,0.0,0.0
2022,5,00-0036493,RB,True,0,0,2.0,-0.3
2022,5,00-0036510,TE,True,0,0,0.0,0.0
2022,5,00-0036590,TE,True,0,0,1.0,0.0
2022,5,00-0036635,WR,True,0,0,1.0,0.0
2022,5,00-0036754,TE,True,0,0,0.0,0.0
2022,5,00-0036829,RB,True,0,0,10.0,11.6
2022,5,00-0037185,WR,True,0,0,0.0,0.0
2022,5,00-0037257,WR,True,0,0,3.0,4.5
2022,5,00-0037261,WR,True,0,0,2.0,3.3
2022,5,00-0037263,RB,False,3,3,11.0,10.9
2022,5,00-0037617,RB,True,0,0,0.0,0.0
2022,5,00-0037805,TE,True,0,0,1.0,0.0
2022,5,00-0037827,RB,True,0,0,14.0,3.3
2022,5,00-0037828,WR,True,0,0,2.0,0.0
2022,5,00-0038040,RB,True,0,0,2.0,2.4
2022,5,00-0038098,RB,True,0,0,0.0,0.0
2022,5,00-0038115,TE,True,0,0,3.0,3.8
2022,5,00-0027981,TE,True,0,0,1.0,1.7
2022,5,00-0029000,WR,True,0,0,1.0,1.0
2022,5,00-0032134,TE,True,0,0,0.0,0.0
2022,5,00-0032355,WR,True,0,0,0.0,0.0
2022,5,00-0032394,TE,True,0,0,1.0,1.0
2022,5,00-0033681,WR,True,0,0,0.0,0.0
2022,5,00-0034364,TE,True,0,0,2.0,4.3
2022,5,00-0034765,WR,True,0,0,2.0,2.3
2022,5,00-0035022,WR,True,0,0,1.0,2.0
2022,5,00-0035249,TE,True,0,0,2.0,7.8
2022,5,00-0035562,TE,True,0,0,0.0,0.0
2022,5,00-0035603,TE,True,0,0,1.0,1.2
2022,5,00-0035806,RB,True,0,0,2.0,3.2
2022,5,00-0036219,WR,True,0,0,6.0,6.8
2022,5,00-0036268,WR,True,0,0,1.0,0.0
2022,5,00-0036422,TE,True,0,0,3.0,5.2
2022,5,00-0036497,WR,True,0,0,1.0,0.0
2022,5,00-0036626,WR,True,0,0,4.0,1.1
2022,5,00-0036692,TE,True,0,0,1.0,0.0
2022,5,00-0036741,TE,True,0,0,2.0,0.9
2022,5,00-0036857,RB,True,0,0,1.0,0.0
2022,5,00-0036918,WR,True,0,0,0.0,0.0
2022,5,00-0037086,TE,True,0,0,1.0,4.5
2022,5,00-0037112,TE,True,0,0,1.0,0.0
2022,5,00-0037311,TE,True,0,0,1.0,2.4
2022,5,00-0037569,TE,True,0,0,0.0,0.0
2022,5,00-0037666,WR,True,0,0,2.0,0.9
2022,5,00-0037755,TE,True,0,0,1.0,3.8
2022,5,00-0038041,TE,True,0,0,1.0,1.2
2022,5,00-0026293,WR,True,0,0,0.0,0.0
2022,5,00-0030513,RB,True,0,0,12.0,13.0
2022,5,00-0031484,TE,True,0,0,1.0,0.5
2022,5,00-0031868,WR,True,0,0,1.0,0.0
2022,5,00-0032986,TE,True,0,0,0.0,0.0
2022,5,00-0033798,TE,True,0,0,1.0,0.5
2022,5,00-0033951,RB,True,0,0,0.0,0.0
2022,5,00-0034867,WR,True,0,0,0.0,0.0
2022,5,00-0035259,TE,True,0,0,2.0,2.8
2022,5,00-0035457,WR,True,0,0,0.0,0.0
2022,5,00-0035535,WR,True,0,0,2.0,1.6
2022,5,00-0035544,WR,True,0,0,5.0,6.9
2022,5,00-0035628,RB,True,0,0,0.0,0.0
2022,5,00-0035973,RB,True,0,0,0.0,0.0
2022,5,00-0036194,TE,True,0,0,1.0,0.0
2022,5,00-0036429,TE,True,0,0,1.0,0.0
2022,5,00-0036860,RB,True,0,0,0.0,0.0
2022,5,00-0036936,WR,True,0,0,6.0,2.2
2022,5,00-0036959,WR,True,0,0,2.0,5.9
2022,5,00-0036984,RB,True,0,0,2.0,1.9
2022,5,00-0037291,WR,True,0,0,1.0,1.8
2022,5,00-0037708,WR,True,0,0,0.0,0.0
2022,5,00-0037744,TE,True,0,0,3.0,3.9
2022,5,00-0037745,WR,True,0,0,0.0,0.0
2022,6,00-0027691,WR,True,0,0,0.0,0.0
2022,6,00-0027942,WR,True,0,0,5.0,3.5
2022,6,00-0027966,RB,True,0,0,9.0,3.6
2022,6,00-0028002,WR,True,0,0,13.0,13.4
2022,6,00-0028063,RB,True,0,0,0.0,0.0
2022,6,00-0029239,RB,True,0,0,4.0,4.9
2022,6,00-0030061,TE,True,0,0,10.0,7.8
2022,6,00-0030068,WR,True,0,0,0.0,0.0
2022,6,00-0030108,TE,True,0,0,1.0,0.6
2022,6,00-0031273,TE,True,0,0,8.0,5.2
2022,6,00-0031325,WR,True,0,0,4.0,10.8
2022,6,00-0031384,TE,True,0,0,1.0,0.0
2022,6,00-0031547,WR,True,0,0,2.0,9.4
2022,6,00-0031690,TE,True,0,0,1.0,0.0
2022,6,00-0031763,WR,True,0,0,2.0,1.9
2022,6,00-0031941,WR,True,0,0,4.0,1.2
2022,6,00-0032054,WR,True,0,0,5.0,3.9
2022,6,00-0032063,RB,True,0,0,1.0,0.3
2022,6,00-0032104,RB,True,0,0,0.0,0.0
2022,6,00-0032128,WR,True,0,0,2.0,0.0
2022,6,00-0032141,TE,True,0,0,1.0,1.0
2022,6,00-0032200,WR,True,0,0,6.0,8.8
2022,6,00-0032208,WR,True,0,0,0.0,0.0
2022,6,00-0032214,TE,True,0,0,2.0,1.4
2022,6,00-0032385,WR,True,0,0,10.0,7.4
2022,6,00-0032392,TE,True,0,0,1.0,1.2
2022,6,00-0032398,WR,True,0,0,2.0,0.0
2022,6,00-0032464,WR,True,0,0,7.0,7.0
2022,6,00-0032602,RB,True,0,0,7.0,6.2
2022,6,00-0032688,WR,True,0,0,5.0,3.7
2022,6,00-0032725,TE,True,0,0,0.0,0.0
2022,6,00-0032775,WR,True,0,0,2.0,1.3
2022,6,00-0032975,RB,True,0,0,0.0,0.0
2022,6,00-0033009,WR,True,0,0,4.0,4.7
2022,6,00-0033090,TE,True,0,0,5.0,7.4
2022,6,00-0033114,WR,True,0,0,3.0,3.8
2022,6,00-0033217,TE,True,0,0,1.0,1.2
2022,6,00-0033246,TE,True,0,0,2.0,1.6
2022,6,00-0033251,WR,True,0,0,1.0,0.0
2022,6,00-0033292,WR,True,0,0,0.0,0.0
2022,6,00-0033307,WR,True,0,0,2.0,0.5
2022,6,00-0033308,RB,True,0,0,6.0,3.7
2022,6,00-0033357,TE,False,3,3,9.0,34.08
2022,6,00-0033376,RB,True,0,0,4.0,3.5
2022,6,00-0033386,WR,True,0,0,0.0,0.0
2022,6,00-0033439,TE,True,0,0,4.0,4.6
2022,6,00-0033455,TE,True,0,0,1.0,1.6
2022,6,00-0033526,RB,True,0,0,7.0,7.6
2022,6,00-0033555,WR,True,0,0,4.0,0.0
2022,6,00-0033572,WR,True,0,0,2.0,0.3
2022,6,00-0033576,TE,True,0,0,7.0,6.1
2022,6,00-0033858,TE,True,0,0,4.0,4.5
2022,6,00-0033871,WR,True,0,0,4.0,4.8
2022,6,00-0033879,TE,True,0,0,1.0,0.0
2022,6,00-0033881,TE,False,1,1,10.0,9.9
2022,6,00-0033891,WR,True,0,0,8.0,2.7
2022,6,00-0033925,RB,True,0,0,2.0,0.2
2022,6,00-0033932,WR,True,0,0,1.0,0.0
2022,6,00-0033943,WR,True,0,0,10.0,12.2
2022,6,00-0034073,TE,True,0,0,0.0,0.0
2022,6,00-0034104,WR,True,0,0,2.0,1.2
2022,6,00-0034164,RB,True,0,0,0.0,0.0
2022,6,00-0034253,RB,True,0,0,6.0,10.3
2022,6,00-0034279,WR,True,0,0,2.0,3.4
2022,6,00-0034286,WR,True,0,0,2.0,2.6
2022,6,00-0034297,WR,True,0,0,1.0,1.6
2022,6,00-0034365,TE,True,0,0,2.0,1.8
2022,6,00-0034386,WR,True,0,0,1.0,1.5
2022,6,00-0034407,WR,True,0,0,0.0,0.0
2022,6,00-0034414,RB,True,0,0,2.0,0.0
2022,6,00-0034418,WR,True,0,0,4.0,3.0
2022,6,00-0034419,WR,True,0,0,2.0,7.9
2022,6,00-0034487,WR,True,0,0,2.0,1.0
2022,6,00-0034646,WR,True,0,0,1.0,0.1
2022,6,00-0034681,RB,True,0,0,3.0,0.1
2022,6,00-0034798,TE,True,0,0,2.0,7.4
2022,6,00-0034829,TE,True,0,0,2.0,3.5
2022,6,00-0034845,RB,True,0,0,1.0,0.0
2022,6,00-0034854,WR,True,0,0,5.0,6.8
2022,6,00-0034860,WR,True,0,0,2.0,0.0
2022,6,00-0034972,RB,True,1,1,13.0,5.5
2022,6,00-0034975,RB,True,0,0,10.0,6.7
2022,6,00-0035208,WR,True,0,0,4.0,10.9
2022,6,00-0035215,WR,True,0,0,0.0,0.0
2022,6,00-0035217,RB,True,0,0,0.0,0.0
2022,6,00-0035222,TE,True,0,0,6.0,6.8
2022,6,00-0035345,TE,True,0,0,1.0,0.9
2022,6,00-0035399,WR,True,0,0,1.0,0.0
2022,6,00-0035414,WR,True,0,0,3.0,7.4
2022,6,00-0035500,WR,True,0,0,0.0,0.0
2022,6,00-0035527,WR,True,0,0,2.0,1.6
2022,6,00-0035547,TE,True,0,0,1.0,7.5
2022,6,00-0035572,TE,True,0,0,1.0,1.4
2022,6,00-0035593,WR,True,0,0,2.0,0.0
2022,6,00-0035631,TE,True,0,0,1.0,0.09999999999999998
2022,6,00-0035639,WR,True,0,0,3.0,3.2
2022,6,00-0035644,TE,True,0,0,5.0,6.4
2022,6,00-0035645,WR,True,0,0,1.0,0.0
2022,6,00-0035662,WR,True,0,0,10.0,17.8
2022,6,00-0035703,WR,True,0,0,1.0,1.6
2022,6,00-0035726,RB,True,0,0,1.0,1.0
2022,6,00-0035823,TE,True,0,0,2.0,3.4
2022,6,00-0035924,RB,True,0,0,0.0,0.0
2022,6,00-0035956,TE,True,0,0,3.0,4.2
2022,6,00-0036005,TE,True,0,0,1.0,0.0
2022,6,00-0036040,TE,True,0,0,2.0,1.8
2022,6,00-0036133,WR,True,0,0,2.0,1.2
2022,6,00-0036139,RB,True,0,0,0.0,0.0
2022,6,00-0036145,TE,True,0,0,1.0,0.0
2022,6,00-0036182,WR,True,0,0,3.0,8.2
2022,6,00-0036232,TE,True,0,0,1.0,0.0
2022,6,00-0036233,WR,True,0,0,7.0,7.0
2022,6,00-0036244,TE,True,0,0,3.0,3.8
2022,6,00-0036250,TE,True,0,0,2.0,0.2
2022,6,00-0036259,WR,True,0,0,2.0,5.5
2022,6,00-0036261,WR,False,1,1,4.0,7.3
2022,6,00-0036271,WR,True,0,0,4.0,3.4
2022,6,00-0036290,TE,True,0,0,4.0,6.5
2022,6,00-0036332,TE,True,0,0,2.0,2.9
2022,6,00-0036345,WR,True,0,0,5.0,6.6
2022,6,00-0036365,WR,True,0,0,1.0,1.5
2022,6,00-0036387,WR,True,0,0,1.0,6.6
2022,6,00-0036412,WR,True,0,0,2.0,1.5
2022,6,00-0036423,TE,True,0,0,1.0,1.0
2022,6,00-0036425,RB,True,0,0,2.0,1.5
2022,6,00-0036439,WR,True,0,0,1.0,0.0
2022,6,00-0036482,WR,True,0,0,1.0,0.0
2022,6,00-0036554,WR,True,0,0,6.0,8.5
2022,6,00-0036555,RB,True,0,0,0.0,0.0
2022,6,00-0036556,TE,True,0,0,4.0,1.3
2022,6,00-0036569,RB,True,0,0,2.0,6.5
2022,6,00-0036572,WR,True,0,0,5.0,8.9
2022,6,00-0036620,WR,True,0,0,1.0,0.0
2022,6,00-0036628,TE,True,0,0,3.0,5.4
2022,6,00-0036630,WR,True,0,0,2.0,1.3
2022,6,00-0036637,TE,True,0,0,2.0,1.2
2022,6,00-0036646,WR,True,0,0,1.0,1.7
2022,6,00-0036654,RB,True,0,0,2.0,0.4
2022,6,00-0036671,WR,True,0,0,0.0,0.0
2022,6,00-0036842,RB,True,0,0,0.0,0.0
2022,6,00-0036849,WR,True,0,0,2.0,5.9
2022,6,00-0036876,TE,True,0,0,3.0,2.1
2022,6,00-0036877,WR,True,0,0,0.0,0.0
2022,6,00-0036913,WR,True,0,0,3.0,1.0
2022,6,00-0036919,RB,True,0,0,3.0,2.0
2022,6,00-0036950,RB,True,0,0,5.0,9.1
2022,6,00-0036988,WR,True,0,0,6.0,3.9
2022,6,00-0036991,WR,True,0,0,0.0,0.0
2022,6,00-0036999,WR,True,0,0,1.0,0.0
2022,6,00-0037005,TE,True,0,0,1.0,0.0
2022,6,00-0037011,TE,True,0,0,2.0,0.0
2022,6,00-0037087,RB,True,0,0,9.0,1.8
2022,6,00-0037132,WR,True,0,0,0.0,0.0
2022,6,00-0037168,TE,True,0,0,0.0,0.0
2022,6,00-0037228,RB,True,0,0,10.0,8.3
2022,6,00-0037267,RB,True,0,0,0.0,0.0
2022,6,00-0037272,WR,True,0,0,1.0,0.9
2022,6,00-0037273,WR,True,0,0,2.0,1.2
2022,6,00-0037331,RB,True,0,0,2.0,0.3
2022,6,00-0037456,RB,True,0,0,0.0,0.0
2022,6,00-0037525,RB,True,0,0,0.0,0.0
2022,6,00-0037570,WR,True,0,0,1.0,0.0
2022,6,00-0037664,WR,True,0,0,9.0,12.1
2022,6,00-0037801,WR,True,0,0,0.0,0.0
2022,6,00-0037809,TE,True,0,0,1.0,0.0
2022,6,00-0037838,TE,True,0,0,2.0,1.7
2022,6,00-0038129,TE,True,0,0,7.0,7.3
2022,6,00-0029664,WR,True,0,0,1.0,0.0
2022,6,00-0030456,RB,True,0,0,0.0,0.0
2022,6,00-0031787,WR,True,0,0,2.0,2.4
2022,6,00-0032450,RB,True,0,0,0.0,0.0
2022,6,00-0033854,RB,True,0,0,0.0,0.0
2022,6,00-0034011,TE,True,0,0,2.0,2.5
2022,6,00-0034054,WR,True,0,0,1.0,0.0
2022,6,00-0034301,RB,True,0,0,3.0,0.9
2022,6,00-0034366,WR,True,0,0,0.0,0.0
2022,6,00-0034440,RB,True,0,0,4.0,1.4
2022,6,00-0034613,TE,True,0,0,2.0,2.3
2022,6,00-0034981,TE,True,0,0,4.0,5.9
2022,6,00-0035298,WR,True,0,0,7.0,5.5
2022,6,00-0035359,WR,True,0,0,2.0,2.2
2022,6,00-0035406,WR,True,0,0,0.0,0.0
2022,6,00-0035510,WR,True,0,0,1.0,1.6
2022,6,00-0035537,RB,True,0,0,0.0,0.0
2022,6,00-0035567,RB,True,0,0,9.0,10.7
2022,6,00-0035771,TE,True,0,0,1.0,2.3
2022,6,00-0035860,RB,True,0,0,4.0,3.0
2022,6,00-0035864,WR,True,0,0,3.0,4.9
2022,6,00-0035876,WR,True,0,0,4.0,2.3
2022,6,00-0036187,RB,True,0,0,3.0,3.2
2022,6,00-0036228,WR,True,0,0,6.0,3.4
2022,6,00-0036277,WR,True,0,0,3.0,2.5
2022,6,00-0036438,TE,True,0,0,0.0,0.0
2022,6,00-0036510,TE,True,0,0,0.0,0.0
2022,6,00-0036590,TE,True,0,0,5.0,3.4
2022,6,00-0036635,WR,True,0,0,2.0,0.0
2022,6,00-0036754,TE,True,0,0,0.0,0.0
2022,6,00-0036829,RB,True,0,0,8.0,3.4
2022,6,00-0037185,WR,True,0,0,0.0,0.0
2022,6,00-0037257,WR,True,0,0,1.0,1.1
2022,6,00-0037261,WR,True,0,0,5.0,15.0
2022,6,00-0037617,RB,True,0,0,0.0,0.0
2022,6,00-0037805,TE,True,0,0,1.0,0.0
2022,6,00-0037827,RB,True,0,0,14.0,3.3
2022,6,00-0037828,WR,True,0,0,2.0,0.0
2022,6,00-0038040,RB,True,0,0,1.0,-0.7
2022,6,00-0038098,RB,True,0,0,0.0,0.0
2022,6,00-0038115,TE,True,0,0,4.0,9.4
2022,6,00-0027981,TE,True,0,0,1.0,0.0
2022,6,00-0029000,WR,True,0,0,1.0,1.0
2022,6,00-0032134,TE,True,0,0,2.0,2.2
2022,6,00-0032355,WR,True,0,0,0.0,0.0
2022,6,00-0032394,TE,True,0,0,1.0,1.0
2022,6,00-0033681,WR,True,0,0,0.0,0.0
2022,6,00-0034364,TE,True,0,0,2.0,3.2
2022,6,00-0034765,WR,True,0,0,4.0,1.5
2022,6,00-0035022,WR,True,0,0,1.0,2.0
2022,6,00-0035249,TE,True,0,0,1.0,0.0
2022,6,00-0035562,TE,True,0,0,3.0,3.4
2022,6,00-0035603,TE,True,0,0,1.0,1.2
2022,6,00-0035806,RB,True,0,0,1.0,0.6
2022,6,00-0036219,WR,True,0,0,3.0,1.5
2022,6,00-0036268,WR,True,0,0,1.0,0.0
2022,6,00-0036422,TE,True,0,0,3.0,10.2
2022,6,00-0036497,WR,True,0,0,1.0,0.0
2022,6,00-0036626,WR,True,0,0,4.0,23.5
2022,6,00-0036692,TE,True,0,0,1.0,0.0
2022,6,00-0036741,TE,True,0,0,2.0,0.9
2022,6,00-0036857,RB,True,0,0,0.0,0.0
2022,6,00-0036918,WR,True,0,0,0.0,0.0
2022,6,00-0037086,TE,True,0,0,1.0,4.5
2022,6,00-0037112,TE,True,0,0,1.0,0.0
2022,6,00-0037311,TE,True,0,0,0.0,0.0
2022,6,00-0037569,TE,True,0,0,0.0,0.0
2022,6,00-0037666,WR,True,0,0,2.0,0.9
2022,6,00-0037755,TE,True,0,0,1.0,0.0
2022,6,00-0038041,TE,True,0,0,1.0,1.2
2022,6,00-0026293,WR,True,0,0,0.0,0.0
2022,6,00-0030513,RB,True,0,0,12.0,13.0
2022,6,00-0031484,TE,True,0,0,2.0,2.5
2022,6,00-0031868,WR,True,0,0,1.0,0.0
2022,6,00-0032986,TE,True,0,0,0.0,0.0
2022,6,00-0033798,TE,True,0,0,1.0,1.1
2022,6,00-0033951,RB,True,0,0,0.0,0.0
2022,6,00-0034867,WR,True,0,0,0.0,0.0
2022,6,00-0035259,TE,True,0,0,2.0,2.8
2022,6,00-0035457,WR,True,0,0,0.0,0.0
2022,6,00-0035535,WR,True,0,0,7.0,10.9
2022,6,00-0035544,WR,True,0,0,5.0,6.9
2022,6,00-0035628,RB,True,0,0,0.0,0.0
2022,6,00-0035973,RB,True,0,0,0.0,0.0
2022,6,00-0036194,TE,True,0,0,1.0,0.0
2022,6,00-0036429,TE,True,0,0,0.0,0.0
2022,6,00-0036860,RB,True,0,0,0.0,0.0
2022,6,00-0036936,WR,False,1,1,10.0,9.6
2022,6,00-0036959,WR,True,0,0,2.0,5.9
2022,6,00-0036984,RB,True,0,0,2.0,1.9
2022,6,00-0037291,WR,True,0,0,1.0,1.8
2022,6,00-0037708,WR,True,0,0,0.0,0.0
2022,6,00-0037744,TE,True,0,0,3.0,3.9
2022,6,00-0037745,WR,True,0,0,1.0,7.4
2022,6,00-0024243,TE,True,0,0,1.0,6.7
2022,6,00-0032058,RB,True,0,0,11.0,20.2
2022,6,00-0032980,WR,True,0,0,3.0,5.0
2022,6,00-0033633,WR,True,0,0,1.0,0.0
2022,6,00-0034109,RB,True,0,0,15.0,6.9
2022,6,00-0034193,TE,True,0,0,0.0,0.0
2022,6,00-0034317,WR,True,0,0,1.0,0.9
2022,6,00-0034928,WR,True,0,0,0.0,0.0
2022,6,00-0035184,RB,True,0,0,1.0,0.2
2022,6,00-0035304,RB,True,0,0,0.0,0.0
2022,6,00-0035311,RB,True,0,0,9.0,4.8
2022,6,00-0035329,TE,True,0,0,1.0,0.0
2022,6,00-0035976,WR,True,0,0,0.0,0.0
2022,6,00-0036165,WR,True,0,0,6.0,6.1
2022,6,00-0036627,WR,True,0,0,0.0,0.0
2022,6,00-0036825,TE,True,0,0,2.0,0.0
2022,6,00-0036955,WR,True,0,0,4.0,5.0
2022,6,00-0037078,TE,True,0,0,3.0,0.0
2022,6,00-0037276,RB,True,0,0,0.0,0.0
2022,6,00-0037348,TE,True,0,0,1.0,0.0
2022,6,00-0037429,RB,True,0,0,0.0,0.0
2022,6,00-0038104,WR,True,0,0,3.0,1.7
2022,7,00-0027691,WR,True,0,0,0.0,0.0
2022,7,00-0027942,WR,True,0,0,4.0,1.7
2022,7,00-0027966,RB,True,0,0,11.0,6.2
2022,7,00-0028002,WR,True,0,0,1.0,1.3
2022,7,00-0028063,RB,True,0,0,0.0,0.0
2022,7,00-0029239,RB,True,0,0,4.0,4.9
2022,7,00-0030061,TE,True,0,0,10.0,10.5
2022,7,00-0030068,WR,True,0,0,2.0,3.6
2022,7,00-0030108,TE,True,0,0,1.0,0.0
2022,7,00-0030288,RB,True,0,0,6.0,3.8
2022,7,00-0031273,TE,True,0,0,3.0,2.4
2022,7,00-0031325,WR,True,0,0,4.0,10.8
2022,7,00-0031384,TE,True,0,0,1.0,0.0
2022,7,00-0031547,WR,True,0,0,6.0,8.4
2022,7,00-0031690,TE,True,0,0,1.0,2.1
2022,7,00-0031763,WR,True,0,0,5.0,3.2
2022,7,00-0031941,WR,True,0,0,4.0,1.2
2022,7,00-0032054,WR,True,0,0,1.0,0.0
2022,7,00-0032063,RB,True,0,0,1.0,0.3
2022,7,00-0032104,RB,True,0,0,0.0,0.0
2022,7,00-0032128,WR,True,0,0,2.0,0.0
2022,7,00-0032141,TE,True,0,0,1.0,1.0
2022,7,00-0032200,WR,True,0,0,6.0,8.8
2022,7,00-0032208,WR,True,0,0,0.0,0.0
2022,7,00-0032214,TE,True,0,0,2.0,1.4
2022,7,00-0032385,WR,True,0,0,10.0,7.4
2022,7,00-0032392,TE,True,0,0,1.0,1.2
2022,7,00-0032398,WR,True,0,0,2.0,0.0
2022,7,00-0032464,WR,True,0,0,7.0,7.0
2022,7,00-0032602,RB,True,0,0,5.0,2.0
2022,7,00-0032688,WR,True,0,0,5.0,3.7
2022,7,00-0032725,TE,True,0,0,0.0,0.0
2022,7,00-0032775,WR,True,0,0,5.0,4.2
2022,7,00-0032975,RB,True,0,0,0.0,0.0
2022,7,00-0033009,WR,True,0,0,6.0,9.6
2022,7,00-0033090,TE,True,0,0,7.0,14.1
2022,7,00-0033114,WR,True,0,0,3.0,3.8
2022,7,00-0033217,TE,True,0,0,1.0,1.2
2022,7,00-0033246,TE,True,0,0,2.0,1.1
2022,7,00-0033251,WR,True,0,0,0.0,0.0
2022,7,00-0033292,WR,True,0,0,0.0,0.0
2022,7,00-0033307,WR,True,0,0,1.0,2.2
2022,7,00-0033308,RB,True,0,0,5.0,2.1
2022,7,00-0033376,RB,True,0,0,1.0,0.0
2022,7,00-0033386,WR,True,0,0,0.0,0.0
2022,7,00-0033439,TE,True,0,0,3.0,3.1
2022,7,00-0033455,TE,True,0,0,1.0,1.6
2022,7,00-0033526,RB,True,0,0,4.0,2.6
2022,7,00-0033555,WR,True,0,0,4.0,0.0
2022,7,00-0033572,WR,True,0,0,2.0,2.9
2022,7,00-0033576,TE,True,0,0,7.0,6.1
2022,7,00-0033757,TE,True,1,0,12.0,14.0
2022,7,00-0033858,TE,True,0,0,2.0,7.1
2022,7,00-0033871,WR,True,0,0,4.0,6.2
2022,7,00-0033879,TE,True,0,0,1.0,0.0
2022,7,00-0033881,TE,True,0,0,6.0,6.5
2022,7,00-0033932,WR,True,0,0,1.0,0.0
2022,7,00-0033943,WR,True,0,0,10.0,12.2
2022,7,00-0034073,TE,True,0,0,0.0,0.0
2022,7,00-0034104,WR,True,0,0,2.0,1.1
2022,7,00-0034159,TE,True,0,0,1.0,1.7
2022,7,00-0034164,RB,True,0,0,0.0,0.0
2022,7,00-0034208,RB,True,0,0,5.0,0.9
2022,7,00-0034253,RB,True,0,0,6.0,10.3
2022,7,00-0034279,WR,True,0,0,1.0,0.1
2022,7,00-0034286,WR,True,0,0,2.0,2.8
2022,7,00-0034297,WR,True,0,0,1.0,1.6
2022,7,00-0034365,TE,True,0,0,2.0,3.2
2022,7,00-0034386,WR,True,0,0,1.0,0.0
2022,7,00-0034407,WR,True,0,0,1.0,0.0
2022,7,00-0034414,RB,True,0,0,6.0,1.6
2022,7,00-0034418,WR,True,0,0,4.0,3.0
2022,7,00-0034419,WR,True,0,0,2.0,9.1
2022,7,00-0034487,WR,True,0,0,4.0,1.1
2022,7,00-0034646,WR,True,0,0,8.0,6.0
2022,7,00-0034681,RB,True,0,0,4.0,4.1
2022,7,00-0034798,TE,True,0,0,2.0,7.4
2022,7,00-0034845,RB,True,0,0,11.0,5.7
2022,7,00-0034854,WR,True,0,0,0.0,0.0
2022,7,00-0034860,WR,True,0,0,7.0,16.4
2022,7,00-0034972,RB,True,0,0,1.0,0.3
2022,7,00-0034975,RB,True,0,0,10.0,6.7
2022,7,00-0035140,WR,False,1,1,4.0,11.7
2022,7,00-0035208,WR,True,0,0,4.0,7.8
2022,7,00-0035215,WR,True,0,0,0.0,0.0
2022,7,00-0035217,RB,True,0,0,0.0,0.0
2022,7,00-0035222,TE,True,0,0,1.0,0.9
2022,7,00-0035345,TE,True,0,0,1.0,0.9
2022,7,00-0035399,WR,True,0,0,1.0,0.0
2022,7,00-0035414,WR,True,0,0,3.0,7.4
2022,7,00-0035500,WR,True,0,0,0.0,0.0
2022,7,00-0035527,WR,True,0,0,2.0,1.6
2022,7,00-0035547,TE,True,0,0,1.0,7.5
2022,7,00-0035572,TE,True,0,0,1.0,1.4
2022,7,00-0035593,WR,True,0,0,1.0,0.0
2022,7,00-0035631,TE,True,0,0,1.0,0.09999999999999998
2022,7,00-0035639,WR,True,0,0,11.0,15.2
2022,7,00-0035644,TE,True,0,0,7.0,7.5
2022,7,00-0035645,WR,True,0,0,0.0,0.0
2022,7,00-0035662,WR,True,0,0,9.0,9.3
2022,7,00-0035703,WR,True,0,0,0.0,0.0
2022,7,00-0035726,RB,True,0,0,1.0,1.0
2022,7,00-0035823,TE,True,0,0,2.0,3.4
2022,7,00-0035924,RB,True,0,0,0.0,0.0
2022,7,00-0035956,TE,True,0,0,3.0,4.2
2022,7,00-0036005,TE,True,0,0,1.0,0.0
2022,7,00-0036040,TE,True,0,0,6.0,6.1
2022,7,00-0036133,WR,True,0,0,2.0,1.2
2022,7,00-0036139,RB,True,0,0,0.0,0.0
2022,7,00-0036145,TE,True,0,0,1.0,0.0
2022,7,00-0036182,WR,True,0,0,3.0,8.2
2022,7,00-0036232,TE,True,0,0,4.0,3.3
2022,7,00-0036233,WR,True,0,0,6.0,9.6
2022,7,00-0036244,TE,True,0,0,2.0,2.1
2022,7,00-0036250,TE,True,0,0,2.0,0.2
2022,7,00-0036259,WR,True,0,0,3.0,2.8
2022,7,00-0036271,WR,True,0,0,2.0,0.2
2022,7,00-0036290,TE,True,0,0,3.0,2.0
2022,7,00-0036328,RB,True,0,0,9.0,6.8
2022,7,00-0036332,TE,True,0,0,1.0,1.4
2022,7,00-0036345,WR,True,0,0,5.0,3.3
2022,7,00-0036365,WR,True,0,0,1.0,1.5
2022,7,00-0036387,WR,True,0,0,0.0,0.0
2022,7,00-0036412,WR,True,0,0,3.0,5.4
2022,7,00-0036423,TE,True,0,0,1.0,1.0
2022,7,00-0036425,RB,True,0,0,2.0,0.1
2022,7,00-0036439,WR,True,0,0,0.0,0.0
2022,7,00-0036482,WR,True,0,0,2.0,0.0
2022,7,00-0036554,WR,True,0,0,6.0,8.5
2022,7,00-0036555,RB,True,0,0,3.0,1.2
2022,7,00-0036556,TE,True,0,0,4.0,1.3
2022,7,00-0036569,RB,True,0,0,0.0,0.0
2022,7,00-0036572,WR,True,0,0,2.0,0.0
2022,7,00-0036620,WR,True,0,0,3.0,5.4
2022,7,00-0036628,TE,True,0,0,3.0,5.4
2022,7,00-0036630,WR,True,0,0,1.0,0.9
2022,7,00-0036637,TE,True,0,0,3.0,2.8
2022,7,00-0036646,WR,True,0,0,1.0,1.7
2022,7,00-0036654,RB,True,0,0,2.0,0.4
2022,7,00-0036671,WR,True,0,0,1.0,1.0
2022,7,00-0036842,RB,True,0,0,0.0,0.0
2022,7,00-0036849,WR,True,0,0,1.0,0.9
2022,7,00-0036876,TE,True,0,0,4.0,5.8
2022,7,00-0036877,WR,True,0,0,0.0,0.0
2022,7,00-0036913,WR,True,0,0,3.0,1.0
2022,7,00-0036919,RB,True,0,0,5.0,2.5
2022,7,00-0036950,RB,True,0,0,3.0,1.3
2022,7,00-0036988,WR,True,0,0,12.0,10.2
2022,7,00-0036991,WR,True,0,0,1.0,1.9
2022,7,00-0036999,WR,True,0,0,3.0,0.0
2022,7,00-0037005,TE,True,0,0,1.0,0.0
2022,7,00-0037011,TE,True,0,0,0.0,0.0
2022,7,00-0037087,RB,True,0,0,9.0,1.8
2022,7,00-0037132,WR,True,0,0,0.0,0.0
2022,7,00-0037168,TE,True,0,0,0.0,0.0
2022,7,00-0037267,RB,True,0,0,0.0,0.0
2022,7,00-0037272,WR,True,0,0,1.0,0.5
2022,7,00-0037273,WR,True,0,0,2.0,1.2
2022,7,00-0037331,RB,True,0,0,1.0,0.5
2022,7,00-0037456,RB,True,0,0,0.0,0.0
2022,7,00-0037525,RB,True,0,0,0.0,0.0
2022,7,00-0037570,WR,True,0,0,1.0,0.0
2022,7,00-0037664,WR,True,0,0,7.0,12.4
2022,7,00-0037801,WR,True,0,0,1.0,0.0
2022,7,00-0037809,TE,True,0,0,1.0,0.0
2022,7,00-0037838,TE,True,0,0,4.0,4.0
2022,7,00-0029664,WR,True,0,0,1.0,0.0
2022,7,00-0030456,RB,True,0,0,0.0,0.0
2022,7,00-0031787,WR,True,0,0,2.0,2.4
2022,7,00-0032450,RB,True,0,0,0.0,0.0
2022,7,00-0033854,RB,True,0,0,0.0,0.0
2022,7,00-0034011,TE,True,0,0,2.0,2.5
2022,7,00-0034054,WR,True,0,0,1.0,0.0
2022,7,00-0034301,RB,True,0,0,3.0,0.9
2022,7,00-0034366,WR,True,0,0,0.0,0.0
2022,7,00-0034440,RB,True,0,0,4.0,1.4
2022,7,00-0034613,TE,True,0,0,2.0,2.3
2022,7,00-0034981,TE,True,0,0,4.0,5.9
2022,7,00-0035298,WR,True,0,0,0.0,0.0
2022,7,00-0035359,WR,True,0,0,2.0,1.3
2022,7,00-0035406,WR,True,0,0,0.0,0.0
2022,7,00-0035510,WR,True,0,0,1.0,1.6
2022,7,00-0035537,RB,True,0,0,0.0,0.0
2022,7,00-0035567,RB,True,0,0,9.0,10.7
2022,7,00-0035771,TE,True,0,0,1.0,2.3
2022,7,00-0035860,RB,True,0,0,4.0,3.0
2022,7,00-0035864,WR,True,0,0,1.0,1.3
2022,7,00-0035876,WR,True,0,0,4.0,2.3
2022,7,00-0036187,RB,True,0,0,3.0,3.3
2022,7,00-0036228,WR,True,0,0,6.0,3.4
2022,7,00-0036277,WR,True,0,0,3.0,2.5
2022,7,00-0036438,TE,True,0,0,0.0,0.0
2022,7,00-0036493,RB,True,0,0,22.0,23.1
2022,7,00-0036510,TE,True,0,0,0.0,0.0
2022,7,00-0036590,TE,True,0,0,0.0,0.0
2022,7,00-0036635,WR,True,0,0,2.0,-0.1
2022,7,00-0036754,TE,True,0,0,0.0,0.0
2022,7,00-0036829,RB,True,0,0,16.0,5.9
2022,7,00-0037185,WR,True,0,0,0.0,0.0
2022,7,00-0037257,WR,True,0,0,2.0,1.8
2022,7,00-0037261,WR,True,0,0,2.0,1.9
2022,7,00-0037617,RB,True,0,0,0.0,0.0
2022,7,00-0037805,TE,True,0,0,1.0,0.0
2022,7,00-0037827,RB,True,0,0,14.0,3.3
2022,7,00-0037828,WR,True,0,0,2.0,0.0
2022,7,00-0038040,RB,True,0,0,1.0,-0.7
2022,7,00-0038098,RB,True,0,0,1.0,0.5
2022,7,00-0038115,TE,True,0,0,5.0,12.3
2022,7,00-0027981,TE,True,0,0,1.0,0.0
2022,7,00-0029000,WR,True,0,0,1.0,1.0
2022,7,00-0032134,TE,True,0,0,2.0,2.7
2022,7,00-0032355,WR,True,0,0,0.0,0.0
2022,7,00-0032394,TE,True,0,0,1.0,1.0
2022,7,00-0033681,WR,True,0,0,0.0,0.0
2022,7,00-0034364,TE,True,0,0,2.0,3.2
2022,7,00-0034765,WR,True,0,0,3.0,11.8
2022,7,00-0035022,WR,True,0,0,1.0,2.0
2022,7,00-0035249,TE,True,0,0,3.0,3.1
2022,7,00-0035562,TE,True,0,0,3.0,3.4
2022,7,00-0035603,TE,True,0,0,1.0,1.2
2022,7,00-0035806,RB,True,0,0,3.0,11.7
2022,7,00-0036219,WR,True,0,0,7.0,5.1
2022,7,00-0036268,WR,True,0,0,1.0,0.0
2022,7,00-0036422,TE,True,0,0,1.0,1.3
2022,7,00-0036497,WR,True,0,0,1.0,2.5
2022,7,00-0036626,WR,True,0,0,1.0,0.0
2022,7,00-0036692,TE,True,0,0,1.0,0.0
2022,7,00-0036741,TE,True,0,0,1.0,2.6
2022,7,00-0036857,RB,True,0,0,0.0,0.0
2022,7,00-0036918,WR,True,0,0,0.0,0.0
2022,7,00-0037086,TE,True,0,0,1.0,4.5
2022,7,00-0037112,TE,True,0,0,1.0,0.0
2022,7,00-0037311,TE,True,0,0,0.0,0.0
2022,7,00-0037569,TE,True,0,0,5.0,3.2
2022,7,00-0037666,WR,True,0,0,2.0,0.9
2022,7,00-0037755,TE,True,0,0,3.0,9.7
2022,7,00-0038041,TE,True,0,0,6.0,12.0
2022,7,00-0026293,WR,True,0,0,0.0,0.0
2022,7,00-0030513,RB,False,4,4,16.0,6.9
2022,7,00-0031484,TE,True,0,0,2.0,2.5
2022,7,00-0031868,WR,True,0,0,1.0,0.0
2022,7,00-0032986,TE,True,0,0,0.0,0.0
2022,7,00-0033798,TE,True,0,0,1.0,1.1
2022,7,00-0033951,RB,True,0,0,0.0,0.0
2022,7,00-0034867,WR,True,0,0,0.0,0.0
2022,7,00-0035259,TE,True,0,0,2.0,2.8
2022,7,00-0035457,WR,True,0,0,0.0,0.0
2022,7,00-0035535,WR,True,0,0,3.0,2.3
2022,7,00-0035544,WR,True,0,0,5.0,6.9
2022,7,00-0035628,RB,True,0,0,2.0,1.9
2022,7,00-0035973,RB,True,0,0,0.0,0.0
2022,7,00-0036194,TE,True,0,0,0.0,0.0
2022,7,00-0036429,TE,True,0,0,1.0,0.0
2022,7,00-0036860,RB,True,0,0,0.0,0.0
2022,7,00-0036936,WR,True,0,0,10.0,7.9
2022,7,00-0036959,WR,True,0,0,2.0,0.9
2022,7,00-0036984,RB,True,0,0,2.0,1.9
2022,7,00-0037291,WR,True,0,0,1.0,1.8
2022,7,00-0037708,WR,True,0,0,0.0,0.0
2022,7,00-0037744,TE,True,0,0,0.0,0.0
2022,7,00-0037745,WR,True,0,0,2.0,2.3
2022,7,00-0024243,TE,True,0,0,1.0,6.7
2022,7,00-0032058,RB,True,0,0,4.0,0.3
2022,7,00-0032980,WR,True,0,0,4.0,3.5
2022,7,00-0033633,WR,True,0,0,1.0,0.0
2022,7,00-0034109,RB,True,0,0,6.0,4.7
2022,7,00-0034193,TE,True,0,0,0.0,0.0
2022,7,00-0034317,WR,True,0,0,1.0,1.9
2022,7,00-0034928,WR,True,0,0,1.0,-0.5
2022,7,00-0035184,RB,True,0,0,1.0,0.2
2022,7,00-0035304,RB,True,0,0,0.0,0.0
2022,7,00-0035311,RB,True,0,0,9.0,4.8
2022,7,00-0035329,TE,True,0,0,3.0,6.8
2022,7,00-0035976,WR,True,0,0,0.0,0.0
2022,7,00-0036165,WR,True,0,0,6.0,6.1
2022,7,00-0036627,WR,True,0,0,0.0,0.0
2022,7,00-0036825,TE,True,0,0,2.0,0.0
2022,7,00-0036955,WR,True,0,0,1.0,0.0
2022,7,00-0037078,TE,True,0,0,2.0,3.3
2022,7,00-0037276,RB,True,0,0,0.0,0.0
2022,7,00-0037348,TE,True,0,0,2.0,0.0
2022,7,00-0037429,RB,True,0,0,0.0,0.0
2022,7,00-0038104,WR,True,0,0,8.0,19.3
2022,7,00-0031545,WR,True,0,0,1.0,0.0
2022,7,00-0031585,TE,True,0,0,1.0,6.7
2022,7,00-0031806,RB,True,0,0,8.0,3.3
2022,7,00-0035308,TE,True,0,0,1.0,1.2
2022,7,00-0036032,TE,True,0,0,1.0,1.5
2022,7,00-0036887,TE,True,0,0,1.0,1.6
2022,7,00-0037004,TE,True,0,0,0.0,0.0
2022,7,00-0037252,TE,True,0,0,3.0,11.4
2022,7,00-0037286,RB,True,0,0,3.0,0.5
2022,7,00-0037299,RB,True,0,0,3.0,0.7
2022,7,00-0037300,WR,True,0,0,2.0,2.0
2022,7,00-0037545,WR,True,0,0,2.0,10.4
2022,7,00-0037557,RB,True,0,0,2.0,1.9
2022,8,00-0027691,WR,True,0,0,0.0,0.0
2022,8,00-0027942,WR,True,0,0,4.0,1.7
2022,8,00-0027966,RB,True,0,0,7.0,3.7
2022,8,00-0028002,WR,True,0,0,1.0,1.3
2022,8,00-0028063,RB,True,0,0,0.0,0.0
2022,8,00-0029239,RB,True,0,0,0.0,0.0
2022,8,00-0030061,TE,True,0,0,4.0,5.1
2022,8,00-0030108,TE,True,0,0,1.0,1.0
2022,8,00-0030288,RB,True,0,0,8.0,4.4
2022,8,00-0031273,TE,True,0,0,3.0,2.4
2022,8,00-0031325,WR,True,0,0,4.0,4.6
2022,8,00-0031384,TE,True,0,0,1.0,0.0
2022,8,00-0031547,WR,True,0,0,5.0,8.3
2022,8,00-0031690,TE,True,0,0,2.0,3.1
2022,8,00-0031763,WR,True,0,0,7.0,5.2
2022,8,00-0031941,WR,True,0,0,4.0,1.2
2022,8,00-0032054,WR,True,0,0,1.0,0.0
2022,8,00-0032063,RB,True,0,0,1.0,0.3
2022,8,00-0032104,RB,True,0,0,2.0,1.7
2022,8,00-0032128,WR,True,0,0,2.0,0.0
2022,8,00-0032141,TE,True,0,0,1.0,0.0
2022,8,00-0032200,WR,True,0,0,6.0,8.8
2022,8,00-0032208,WR,True,0,0,3.0,11.5
2022,8,00-0032214,TE,True,0,0,2.0,1.4
2022,8,00-0032385,WR,True,0,0,10.0,7.4
2022,8,00-0032392,TE,True,0,0,3.0,7.1
2022,8,00-0032398,WR,True,0,0,4.0,9.0
2022,8,00-0032464,WR,True,0,0,8.0,12.0
2022,8,00-0032602,RB,True,0,0,3.0,0.4
2022,8,00-0032688,WR,True,0,0,1.0,0.0
2022,8,00-0032725,TE,True,0,0,0.0,0.0
2022,8,00-0032775,WR,True,0,0,5.0,4.2
2022,8,00-0032975,RB,True,0,0,0.0,0.0
2022,8,00-0033009,WR,False,1,1,9.0,25.5
2022,8,00-0033090,TE,True,0,0,2.0,1.7
2022,8,00-0033114,WR,True,0,0,3.0,3.8
2022,8,00-0033217,TE,True,0,0,1.0,1.2
2022,8,00-0033246,TE,True,0,0,2.0,1.1
2022,8,00-0033251,WR,True,0,0,0.0,0.0
2022,8,00-0033292,WR,True,0,0,0.0,0.0
2022,8,00-0033307,WR,True,0,0,1.0,2.2
2022,8,00-0033308,RB,True,0,0,5.0,3.8
2022,8,00-0033376,RB,True,0,0,3.0,3.0
2022,8,00-0033386,WR,True,0,0,2.0,4.2
2022,8,00-0033439,TE,True,0,0,3.0,3.1
2022,8,00-0033455,TE,True,0,0,1.0,1.6
2022,8,00-0033466,WR,True,0,0,5.0,1.9
2022,8,00-0033526,RB,True,0,0,3.0,1.8
2022,8,00-0033555,WR,True,0,0,3.0,11.4
2022,8,00-0033572,WR,True,0,0,2.0,2.9
2022,8,00-0033576,TE,True,0,0,1.0,0.0
2022,8,00-0033757,TE,True,0,0,4.0,4.7
2022,8,00-0033858,TE,True,0,0,3.0,0.9
2022,8,00-0033871,WR,True,0,0,1.0,0.0
2022,8,00-0033879,TE,True,0,0,1.0,0.0
2022,8,00-0033881,TE,True,0,0,7.0,8.7
2022,8,00-0033932,WR,True,0,0,1.0,0.0
2022,8,00-0033943,WR,True,0,0,2.0,1.3
2022,8,00-0034073,TE,True,0,0,0.0,0.0
2022,8,00-0034104,WR,True,0,0,2.0,1.7
2022,8,00-0034159,TE,True,0,0,4.0,6.5
2022,8,00-0034164,RB,True,0,0,0.0,0.0
2022,8,00-0034208,RB,True,0,0,4.0,2.3
2022,8,00-0034253,RB,True,0,0,3.0,0.4
2022,8,00-0034270,TE,True,0,0,6.0,4.2
2022,8,00-0034279,WR,True,0,0,7.0,6.8
2022,8,00-0034286,WR,True,0,0,2.0,0.7
2022,8,00-0034297,WR,True,0,0,1.0,1.6
2022,8,00-0034365,TE,True,0,0,1.0,0.8
2022,8,00-0034386,WR,True,0,0,2.0,6.9
2022,8,00-0034407,WR,True,0,0,4.0,14.5
2022,8,00-0034414,RB,True,0,0,6.0,1.6
2022,8,00-0034418,WR,True,0,0,0.0,0.0
2022,8,00-0034419,WR,True,0,0,6.0,5.7
2022,8,00-0034487,WR,True,0,0,3.0,5.9
2022,8,00-0034646,WR,True,0,0,8.0,6.0
2022,8,00-0034798,TE,True,0,0,2.0,7.4
2022,8,00-0034829,TE,True,0,0,7.0,4.2
2022,8,00-0034845,RB,True,0,0,5.0,1.8
2022,8,00-0034854,WR,True,0,0,0.0,0.0
2022,8,00-0034860,WR,True,0,0,2.0,3.6
2022,8,00-0034972,RB,True,0,0,1.0,0.3
2022,8,00-0034975,RB,True,0,0,5.0,0.6
2022,8,00-0035208,WR,True,0,0,4.0,4.6
2022,8,00-0035215,WR,True,0,0,0.0,0.0
2022,8,00-0035217,RB,True,0,0,0.0,0.0
2022,8,00-0035222,TE,True,0,0,2.0,1.0
2022,8,00-0035345,TE,True,0,0,2.0,3.1
2022,8,00-0035399,WR,True,0,0,1.0,0.0
2022,8,00-0035414,WR,True,0,0,3.0,7.4
2022,8,00-0035500,WR,True,0,0,2.0,7.1
2022,8,00-0035527,WR,True,0,0,2.0,1.6
2022,8,00-0035547,TE,True,0,0,2.0,1.3
2022,8,00-0035572,TE,True,0,0,1.0,1.4
2022,8,00-0035593,WR,True,0,0,1.0,0.0
2022,8,00-0035631,TE,True,0,0,1.0,0.09999999999999998
2022,8,00-0035644,TE,True,0,0,3.0,1.2
2022,8,00-0035645,WR,True,0,0,0.0,0.0
2022,8,00-0035703,WR,True,0,0,0.0,0.0
2022,8,00-0035726,RB,True,0,0,0.0,0.0
2022,8,00-0035823,TE,True,0,0,2.0,3.4
2022,8,00-0035924,RB,True,0,0,0.0,0.0
2022,8,00-0035956,TE,True,0,0,0.0,0.0
2022,8,00-0036005,TE,True,0,0,1.0,0.0
2022,8,00-0036040,TE,True,0,0,5.0,17.7
2022,8,00-0036133,WR,True,0,0,0.0,0.0
2022,8,00-0036139,RB,True,0,0,0.0,0.0
2022,8,00-0036145,TE,True,0,0,1.0,0.0
2022,8,00-0036182,WR,True,0,0,2.0,0.0
2022,8,00-0036232,TE,True,0,0,2.0,2.5
2022,8,00-0036233,WR,True,0,0,6.0,8.1
2022,8,00-0036244,TE,True,0,0,1.0,3.3
2022,8,00-0036250,TE,True,0,0,0.0,0.0
2022,8,00-0036259,WR,True,0,0,4.0,3.4
2022,8,00-0036271,WR,True,0,0,2.0,0.2
2022,8,00-0036290,TE,True,0,0,3.0,4.2
2022,8,00-0036328,RB,False,2,2,14.0,15.2
2022,8,00-0036332,TE,True,0,0,1.0,1.4
2022,8,00-0036345,WR,True,0,0,5.0,3.3
2022,8,00-0036365,WR,True,0,0,1.0,1.5
2022,8,00-0036370,RB,True,0,0,12.0,15.2
2022,8,00-0036387,WR,True,0,0,0.0,0.0
2022,8,00-0036412,WR,True,0,0,5.0,2.3
2022,8,00-0036423,TE,True,0,0,1.0,1.0
2022,8,00-0036425,RB,True,0,0,8.0,5.1
2022,8,00-0036439,WR,True,0,0,0.0,0.0
2022,8,00-0036482,WR,True,0,0,2.0,0.0
2022,8,00-0036554,WR,True,0,0,3.0,4.8
2022,8,00-0036555,RB,False,1,1,12.0,14.3
2022,8,00-0036556,TE,True,0,0,4.0,0.0
2022,8,00-0036569,RB,True,0,0,0.0,0.0
2022,8,00-0036572,WR,True,0,0,0.0,0.0
2022,8,00-0036620,WR,True,0,0,2.0,0.4
2022,8,00-0036628,TE,True,0,0,3.0,5.4
2022,8,00-0036630,WR,True,0,0,1.0,0.9
2022,8,00-0036637,TE,True,0,0,1.0,1.5
2022,8,00-0036646,WR,True,0,0,1.0,1.7
2022,8,00-0036654,RB,True,0,0,2.0,0.4
2022,8,00-0036671,WR,True,0,0,1.0,0.9
2022,8,00-0036842,RB,True,0,0,0.0,0.0
2022,8,00-0036849,WR,True,0,0,1.0,0.9
2022,8,00-0036876,TE,True,0,0,1.0,1.1
2022,8,00-0036877,WR,True,0,0,1.0,0.6
2022,8,00-0036919,RB,True,0,0,5.0,2.5
2022,8,00-0036950,RB,True,0,0,2.0,0.4
2022,8,00-0036988,WR,True,0,0,12.0,10.2
2022,8,00-0036991,WR,True,0,0,3.0,2.4
2022,8,00-0036999,WR,True,0,0,3.0,0.0
2022,8,00-0037005,TE,True,0,0,1.0,9.4
2022,8,00-0037011,TE,True,0,0,0.0,0.0
2022,8,00-0037087,RB,True,0,0,3.0,0.8
2022,8,00-0037132,WR,True,0,0,0.0,0.0
2022,8,00-0037168,TE,True,0,0,3.0,4.3
2022,8,00-0037228,RB,True,0,0,4.0,3.4
2022,8,00-0037267,RB,True,0,0,0.0,0.0
2022,8,00-0037272,WR,True,0,0,1.0,0.2
2022,8,00-0037273,WR,True,0,0,2.0,1.2
2022,8,00-0037331,RB,True,0,0,1.0,0.5
2022,8,00-0037456,RB,True,0,0,0.0,0.0
2022,8,00-0037525,RB,True,0,0,0.0,0.0
2022,8,00-0037570,WR,True,0,0,1.0,0.0
2022,8,00-0037664,WR,True,0,0,4.0,5.2
2022,8,00-0037801,WR,True,0,0,1.0,0.3
2022,8,00-0037809,TE,True,0,0,1.0,0.0
2022,8,00-0037838,TE,True,0,0,1.0,2.1
2022,8,00-0038117,WR,True,2,2,8.0,8.0
2022,8,00-0029664,WR,True,0,0,1.0,0.0
2022,8,00-0030456,RB,True,0,0,0.0,0.0
2022,8,00-0031787,WR,True,0,0,2.0,2.4
2022,8,00-0032450,RB,True,0,0,0.0,0.0
2022,8,00-0033854,RB,True,0,0,8.0,8.7
2022,8,00-0034011,TE,True,0,0,1.0,2.9
2022,8,00-0034054,WR,True,0,0,1.0,0.0
2022,8,00-0034301,RB,True,0,0,3.0,0.9
2022,8,00-0034366,WR,True,0,0,0.0,0.0
2022,8,00-0034440,RB,True,0,0,3.0,0.2
2022,8,00-0034613,TE,True,0,0,1.0,0.0
2022,8,00-0034981,TE,True,0,0,5.0,4.3
2022,8,00-0035298,WR,True,0,0,2.0,1.6
2022,8,00-0035359,WR,True,0,0,1.0,2.4
2022,8,00-0035406,WR,True,0,0,0.0,0.0
2022,8,00-0035510,WR,True,0,0,1.0,0.0
2022,8,00-0035537,RB,True,0,0,2.0,1.4
2022,8,00-0035567,RB,True,0,0,7.0,4.5
2022,8,00-0035771,TE,True,0,0,2.0,2.4
2022,8,00-0035860,RB,True,0,0,4.0,3.0
2022,8,00-0035864,WR,True,0,0,1.0,1.9
2022,8,00-0035876,WR,True,0,0,4.0,2.3
2022,8,00-0036187,RB,True,0,0,3.0,3.3
2022,8,00-0036228,WR,True,0,0,6.0,3.4
2022,8,00-0036277,WR,True,0,0,3.0,2.5
2022,8,00-0036438,TE,True,0,0,0.0,0.0
2022,8,00-0036493,RB,True,0,0,2.0,0.3
2022,8,00-0036510,TE,True,0,0,0.0,0.0
2022,8,00-0036590,TE,True,0,0,0.0,0.0
2022,8,00-0036635,WR,True,0,0,2.0,-0.1
2022,8,00-0036754,TE,True,0,0,4.0,7.7
2022,8,00-0036829,RB,True,0,0,6.0,2.2
2022,8,00-0037185,WR,True,0,0,0.0,0.0
2022,8,00-0037257,WR,True,0,0,1.0,1.2
2022,8,00-0037261,WR,True,0,0,2.0,1.9
2022,8,00-0037617,RB,True,0,0,1.0,1.0
2022,8,00-0037805,TE,True,0,0,1.0,0.0
2022,8,00-0037827,RB,True,0,0,4.0,0.4
2022,8,00-0037828,WR,True,0,0,2.0,0.0
2022,8,00-0038040,RB,True,0,0,1.0,0.2
2022,8,00-0038098,RB,True,0,0,1.0,0.5
2022,8,00-0038115,TE,True,0,0,1.0,1.8
2022,8,00-0027981,TE,True,0,0,1.0,1.3
2022,8,00-0029000,WR,True,0,0,1.0,1.0
2022,8,00-0032134,TE,True,0,0,2.0,1.0
2022,8,00-0032355,WR,True,0,0,0.0,0.0
2022,8,00-0032394,TE,True,0,0,1.0,1.0
2022,8,00-0033681,WR,True,0,0,0.0,0.0
2022,8,00-0034364,TE,True,0,0,4.0,8.3
2022,8,00-0034765,WR,True,0,0,6.0,8.4
2022,8,00-0035022,WR,True,0,0,1.0,2.0
2022,8,00-0035249,TE,True,0,0,1.0,0.0
2022,8,00-0035562,TE,True,0,0,3.0,3.4
2022,8,00-0035603,TE,True,0,0,1.0,1.2
2022,8,00-0035806,RB,True,0,0,1.0,0.6
2022,8,00-0036219,WR,True,0,0,6.0,3.0
2022,8,00-0036268,WR,True,0,0,1.0,1.3
2022,8,00-0036422,TE,True,0,0,1.0,1.3
2022,8,00-0036497,WR,True,0,0,1.0,1.2
2022,8,00-0036626,WR,True,0,0,1.0,0.0
2022,8,00-0036692,TE,True,0,0,1.0,0.0
2022,8,00-0036741,TE,True,0,0,1.0,2.6
2022,8,00-0036857,RB,True,0,0,0.0,0.0
2022,8,00-0036918,WR,True,0,0,0.0,0.0
2022,8,00-0037086,TE,True,0,0,1.0,4.5
2022,8,00-0037112,TE,True,0,0,1.0,0.0
2022,8,00-0037311,TE,True,0,0,1.0,2.3
2022,8,00-0037569,TE,True,0,0,2.0,7.5
2022,8,00-0037666,WR,True,0,0,2.0,0.9
2022,8,00-0037755,TE,True,0,0,2.0,0.9
2022,8,00-0038041,TE,True,0,0,1.0,1.2
2022,8,00-0026293,WR,True,0,0,0.0,0.0
2022,8,00-0031484,TE,True,0,0,0.0,0.0
2022,8,00-0031868,WR,True,0,0,1.0,14.0
2022,8,00-0032986,TE,True,0,0,0.0,0.0
2022,8,00-0033798,TE,True,0,0,1.0,1.1
2022,8,00-0033951,RB,True,0,0,0.0,0.0
2022,8,00-0034867,WR,True,0,0,0.0,0.0
2022,8,00-0035259,TE,True,0,0,2.0,2.8
2022,8,00-0035457,WR,True,0,0,0.0,0.0
2022,8,00-0035535,WR,True,0,0,6.0,13.3
2022,8,00-0035544,WR,True,0,0,3.0,2.4
2022,8,00-0035628,RB,True,0,0,0.0,0.0
2022,8,00-0035973,RB,True,0,0,0.0,0.0
2022,8,00-0036194,TE,True,0,0,0.0,0.0
2022,8,00-0036429,TE,True,0,0,1.0,0.0
2022,8,00-0036860,RB,True,0,0,0.0,0.0
2022,8,00-0036936,WR,False,1,1,2.0,3.6
2022,8,00-0036959,WR,True,0,0,6.0,0.0
2022,8,00-0036984,RB,True,0,0,2.0,1.9
2022,8,00-0037291,WR,True,0,0,1.0,1.8
2022,8,00-0037708,WR,True,0,0,0.0,0.0
2022,8,00-0037744,TE,True,0,0,0.0,0.0
2022,8,00-0037745,WR,True,0,0,2.0,2.3
2022,8,00-0024243,TE,True,0,0,1.0,6.7
2022,8,00-0032058,RB,True,0,0,4.0,0.3
2022,8,00-0032980,WR,True,0,0,3.0,0.0
2022,8,00-0033633,WR,True,0,0,1.0,0.0
2022,8,00-0034109,RB,True,0,0,6.0,4.7
2022,8,00-0034193,TE,True,0,0,0.0,0.0
2022,8,00-0034317,WR,True,0,0,1.0,1.9
2022,8,00-0034928,WR,True,0,0,1.0,-0.5
2022,8,00-0035184,RB,True,0,0,1.0,0.2
2022,8,00-0035304,RB,True,0,0,0.0,0.0
2022,8,00-0035311,RB,True,0,0,9.0,4.8
2022,8,00-0035329,TE,True,0,0,3.0,6.8
2022,8,00-0035976,WR,True,0,0,0.0,0.0
2022,8,00-0036165,WR,True,0,0,6.0,6.1
2022,8,00-0036627,WR,True,0,0,0.0,0.0
2022,8,00-0036825,TE,True,0,0,0.0,0.0
2022,8,00-0036955,WR,True,0,0,3.0,4.1
2022,8,00-0037078,TE,True,0,0,2.0,0.0
2022,8,00-0037276,RB,True,0,0,0.0,0.0
2022,8,00-0037348,TE,True,0,0,2.0,0.0
2022,8,00-0038104,WR,True,0,0,5.0,2.4
2022,8,00-0031545,WR,True,0,0,1.0,6.9
2022,8,00-0031585,TE,True,0,0,1.0,6.7
2022,8,00-0031806,RB,True,0,0,8.0,3.3
2022,8,00-0035308,TE,True,0,0,1.0,1.2
2022,8,00-0036032,TE,True,0,0,1.0,1.5
2022,8,00-0036887,TE,True,0,0,1.0,1.6
2022,8,00-0037004,TE,True,0,0,0.0,0.0
2022,8,00-0037252,TE,False,1,1,9.0,8.1
2022,8,00-0037286,RB,True,0,0,3.0,0.5
2022,8,00-0037299,RB,True,0,0,11.0,10.7
2022,8,00-0037300,WR,True,0,0,2.0,2.0
2022,8,00-0037545,WR,True,0,0,1.0,11.8
2022,8,00-0037557,RB,True,0,0,2.0,1.9
2022,8,00-0033481,WR,True,0,0,0.0,0.0
2022,8,00-0035432,WR,True,0,0,2.0,1.0
2022,8,00-0035624,TE,True,0,0,1.0,1.9
2022,8,00-0036176,WR,True,0,0,1.0,0.8
2022,8,00-0036255,WR,True,0,0,2.0,0.9
2022,8,00-0036527,WR,True,0,0,3.0,2.0
2022,8,00-0037098,WR,True,0,0,1.0,0.9
2022,8,00-0038045,RB,True,0,0,1.0,-0.5
2022,9,00-0027691,WR,True,0,0,0.0,0.0
2022,9,00-0027942,WR,True,0,0,1.0,0.0
2022,9,00-0027966,RB,True,0,0,1.0,0.7
2022,9,00-0028002,WR,True,0,0,1.0,1.3
2022,9,00-0028063,RB,True,0,0,0.0,0.0
2022,9,00-0029239,RB,True,0,0,0.0,0.0
2022,9,00-0030061,TE,True,0,0,5.0,11.4
2022,9,00-0030108,TE,True,0,0,1.0,1.0
2022,9,00-0030288,RB,True,0,0,1.0,0.7
2022,9,00-0031273,TE,True,0,0,3.0,2.4
2022,9,00-0031325,WR,True,0,0,1.0,0.8
2022,9,00-0031384,TE,True,0,0,1.0,0.0
2022,9,00-0031547,WR,True,0,0,1.0,0.0
2022,9,00-0031690,TE,True,0,0,0.0,0.0
2022,9,00-0031941,WR,True,0,0,4.0,1.2
2022,9,00-0032054,WR,True,0,0,1.0,1.6
2022,9,00-0032063,RB,True,0,0,1.0,0.3
2022,9,00-0032104,RB,True,0,0,5.0,4.8
2022,9,00-0032128,WR,True,0,0,2.0,0.0
2022,9,00-0032141,TE,True,0,0,1.0,0.0
2022,9,00-0032200,WR,True,0,0,6.0,8.8
2022,9,00-0032208,WR,True,0,0,5.0,1.1
2022,9,00-0032214,TE,True,0,0,1.0,1.1
2022,9,00-0032385,WR,True,0,0,10.0,7.4
2022,9,00-0032392,TE,True,0,0,1.0,1.0
2022,9,00-0032398,WR,True,0,0,4.0,9.0
2022,9,00-0032464,WR,True,0,0,4.0,9.1
2022,9,00-0032602,RB,True,0,0,7.0,3.5
2022,9,00-0032688,WR,True,0,0,3.0,0.0
2022,9,00-0032725,TE,True,0,0,0.0,0.0
2022,9,00-0032775,WR,True,0,0,8.0,9.4
2022,9,00-0032975,RB,True,0,0,0.0,0.0
2022,9,00-0033090,TE,True,0,0,1.0,2.7
2022,9,00-0033110,TE,True,1,1,6.0,2.5
2022,9,00-0033114,WR,True,0,0,1.0,0.0
2022,9,00-0033217,TE,True,0,0,1.0,0.0
2022,9,00-0033246,TE,True,0,0,1.0,6.6
2022,9,00-0033251,WR,True,0,0,2.0,12.7
2022,9,00-0033292,WR,True,0,0,1.0,1.0
2022,9,00-0033307,WR,True,0,0,1.0,0.0
2022,9,00-0033308,RB,True,0,0,4.0,2.0
2022,9,00-0033376,RB,True,0,0,0.0,0.0
2022,9,00-0033386,WR,True,0,0,1.0,0.0
2022,9,00-0033439,TE,True,0,0,0.0,0.0
2022,9,00-0033455,TE,True,0,0,1.0,1.6
2022,9,00-0033466,WR,True,0,0,3.0,7.5
2022,9,00-0033526,RB,True,0,0,4.0,3.2
2022,9,00-0033555,WR,True,0,0,8.0,9.9
2022,9,00-0033572,WR,True,0,0,2.0,2.9
2022,9,00-0033576,TE,True,0,0,0.0,0.0
2022,9,00-0033757,TE,True,0,0,6.0,6.0
2022,9,00-0033858,TE,True,0,0,4.0,2.5
2022,9,00-0033871,WR,True,0,0,1.0,0.0
2022,9,00-0033879,TE,True,0,0,3.0,3.4
2022,9,00-0033881,TE,False,1,1,6.0,13.5
2022,9,00-0033932,WR,True,0,0,1.0,0.0
2022,9,00-0034073,TE,True,0,0,1.0,6.1
2022,9,00-0034104,WR,True,0,0,2.0,2.6
2022,9,00-0034159,TE,True,0,0,2.0,2.2
2022,9,00-0034164,RB,True,0,0,0.0,0.0
2022,9,00-0034208,RB,True,0,0,4.0,2.3
2022,9,00-0034253,RB,True,0,0,9.0,10.0
2022,9,00-0034270,TE,True,0,0,10.0,22.9
2022,9,00-0034279,WR,True,0,0,3.0,1.1
2022,9,00-0034286,WR,True,0,0,0.0,0.0
2022,9,00-0034297,WR,True,0,0,1.0,1.6
2022,9,00-0034365,TE,True,0,0,1.0,0.7
2022,9,00-0034386,WR,True,0,0,2.0,6.9
2022,9,00-0034407,WR,True,0,0,2.0,1.6
2022,9,00-0034414,RB,True,0,0,7.0,2.1
2022,9,00-0034418,WR,True,0,0,1.0,0.0
2022,9,00-0034419,WR,True,0,0,1.0,0.0
2022,9,00-0034487,WR,True,0,0,2.0,3.5
2022,9,00-0034646,WR,True,0,0,0.0,0.0
2022,9,00-0034681,RB,True,0,0,4.0,1.4
2022,9,00-0034798,TE,True,0,0,2.0,7.4
2022,9,00-0034829,TE,True,0,0,4.0,11.3
2022,9,00-0034845,RB,True,0,0,5.0,1.8
2022,9,00-0034854,WR,True,0,0,0.0,0.0
2022,9,00-0034860,WR,True,0,0,5.0,3.8
2022,9,00-0034972,RB,True,0,0,5.0,10.0
2022,9,00-0034975,RB,True,0,0,4.0,2.8
2022,9,00-0035208,WR,True,0,0,2.0,0.9
2022,9,00-0035215,WR,True,0,0,0.0,0.0
2022,9,00-0035217,RB,True,0,0,0.0,0.0
2022,9,00-0035222,TE,True,0,0,1.0,0.8
2022,9,00-0035345,TE,True,0,0,1.0,1.5
2022,9,00-0035399,WR,True,0,0,1.0,0.0
2022,9,00-0035414,WR,True,0,0,3.0,7.4
2022,9,00-0035500,WR,True,0,0,3.0,2.2
2022,9,00-0035527,WR,True,0,0,2.0,1.6
2022,9,00-0035547,TE,True,0,0,2.0,1.3
2022,9,00-0035572,TE,True,0,0,1.0,1.4
2022,9,00-0035593,WR,True,0,0,1.0,0.0
2022,9,00-0035631,TE,True,0,0,1.0,0.09999999999999998
2022,9,00-0035644,TE,True,0,0,2.0,2.9
2022,9,00-0035645,WR,True,0,0,0.0,0.0
2022,9,00-0035703,WR,True,0,0,0.0,0.0
2022,9,00-0035726,RB,True,0,0,0.0,0.0
2022,9,00-0035823,TE,True,0,0,2.0,3.4
2022,9,00-0035924,RB,True,0,0,0.0,0.0
2022,9,00-0035956,TE,True,0,0,0.0,0.0
2022,9,00-0036005,TE,True,0,0,1.0,0.0
2022,9,00-0036040,TE,True,0,0,4.0,2.4
2022,9,00-0036133,WR,True,0,0,4.0,3.9
2022,9,00-0036139,RB,True,0,0,0.0,0.0
2022,9,00-0036145,TE,True,0,0,1.0,0.0
2022,9,00-0036182,WR,True,0,0,0.0,0.0
2022,9,00-0036232,TE,True,0,0,2.0,2.5
2022,9,00-0036233,WR,True,0,0,4.0,10.1
2022,9,00-0036244,TE,True,0,0,1.0,1.0
2022,9,00-0036250,TE,True,0,0,0.0,0.0
2022,9,00-0036259,WR,True,0,0,4.0,3.4
2022,9,00-0036271,WR,True,0,0,2.0,0.0
2022,9,00-0036290,TE,True,0,0,2.0,8.1
2022,9,00-0036331,WR,False,2,2,6.0,14.4
2022,9,00-0036332,TE,True,0,0,1.0,1.4
2022,9,00-0036345,WR,True,0,0,5.0,7.8
2022,9,00-0036365,WR,True,0,0,1.0,0.8
2022,9,00-0036370,RB,True,0,0,12.0,15.2
2022,9,00-0036387,WR,True,0,0,0.0,0.0
2022,9,00-0036412,WR,True,0,0,4.0,7.1
2022,9,00-0036423,TE,True,0,0,1.0,1.0
2022,9,00-0036425,RB,True,0,0,0.0,0.0
2022,9,00-0036439,WR,True,0,0,0.0,0.0
2022,9,00-0036482,WR,True,0,0,2.0,0.0
2022,9,00-0036554,WR,True,0,0,3.0,4.8
2022,9,00-0036556,TE,True,0,0,5.0,2.9
2022,9,00-0036569,RB,True,0,0,0.0,0.0
2022,9,00-0036572,WR,True,0,0,1.0,0.0
2022,9,00-0036620,WR,True,0,0,2.0,0.8
2022,9,00-0036628,TE,True,0,0,1.0,1.1
2022,9,00-0036630,WR,True,0,0,1.0,0.9
2022,9,00-0036637,TE,True,0,0,1.0,1.5
2022,9,00-0036646,WR,True,0,0,1.0,1.7
2022,9,00-0036654,RB,True,0,0,0.0,0.0
2022,9,00-0036671,WR,True,0,0,1.0,0.9
2022,9,00-0036842,RB,True,0,0,0.0,0.0
2022,9,00-0036849,WR,True,0,0,1.0,0.9
2022,9,00-0036876,TE,True,0,0,3.0,2.6
2022,9,00-0036877,WR,True,0,0,0.0,0.0
2022,9,00-0036919,RB,True,0,0,2.0,1.6
2022,9,00-0036950,RB,True,0,0,2.0,1.7
2022,9,00-0036980,WR,True,0,0,1.0,0.0
2022,9,00-0036988,WR,True,0,0,12.0,10.2
2022,9,00-0036991,WR,True,0,0,3.0,2.7
2022,9,00-0036999,WR,True,0,0,3.0,0.0
2022,9,00-0037005,TE,True,0,0,4.0,2.7
2022,9,00-0037011,TE,True,0,0,0.0,0.0
2022,9,00-0037087,RB,True,0,0,2.0,-0.5
2022,9,00-0037132,WR,True,0,0,0.0,0.0
2022,9,00-0037168,TE,True,0,0,2.0,1.8
2022,9,00-0037228,RB,True,0,0,9.0,9.0
2022,9,00-0037256,RB,True,0,0,7.0,5.8
2022,9,00-0037267,RB,True,0,0,0.0,0.0
2022,9,00-0037272,WR,True,0,0,1.0,0.6
2022,9,00-0037273,WR,True,0,0,2.0,1.2
2022,9,00-0037331,RB,True,0,0,1.0,0.5
2022,9,00-0037456,RB,True,0,0,2.0,1.7
2022,9,00-0037525,RB,True,0,0,0.0,0.0
2022,9,00-0037570,WR,True,0,0,1.0,0.0
2022,9,00-0037664,WR,True,0,0,5.0,8.0
2022,9,00-0037801,WR,True,0,0,1.0,1.1
2022,9,00-0037809,TE,True,0,0,2.0,0.8
2022,9,00-0037838,TE,True,0,0,7.0,16.7
2022,9,00-0038090,WR,True,0,0,1.0,0.0
2022,9,00-0038117,WR,True,0,0,3.0,2.5
2022,9,00-0029664,WR,True,0,0,1.0,0.0
2022,9,00-0030456,RB,True,0,0,0.0,0.0
2022,9,00-0031787,WR,True,0,0,1.0,0.0
2022,9,00-0032450,RB,True,0,0,4.0,1.3
2022,9,00-0033854,RB,True,0,0,1.0,0.5
2022,9,00-0034011,TE,True,0,0,1.0,1.3
2022,9,00-0034054,WR,True,0,0,1.0,0.0
2022,9,00-0034301,RB,True,0,0,8.0,2.4
2022,9,00-0034366,WR,True,0,0,0.0,0.0
2022,9,00-0034440,RB,True,0,0,0.0,0.0
2022,9,00-0034613,TE,True,0,0,5.0,7.3
2022,9,00-0034981,TE,True,0,0,9.0,6.1
2022,9,00-0035298,WR,True,0,0,2.0,2.3
2022,9,00-0035359,WR,True,0,0,2.0,1.0
2022,9,00-0035406,WR,True,0,0,0.0,0.0
2022,9,00-0035510,WR,True,0,0,1.0,2.8
2022,9,00-0035537,RB,True,0,0,4.0,0.6
2022,9,00-0035567,RB,True,0,0,3.0,0.7
2022,9,00-0035771,TE,True,0,0,1.0,0.8
2022,9,00-0035860,RB,True,0,0,4.0,3.0
2022,9,00-0035864,WR,True,0,0,1.0,1.9
2022,9,00-0035876,WR,True,0,0,4.0,2.3
2022,9,00-0036187,RB,True,0,0,3.0,3.3
2022,9,00-0036228,WR,True,0,0,6.0,3.4
2022,9,00-0036277,WR,True,0,0,3.0,2.5
2022,9,00-0036438,TE,True,0,0,2.0,3.8
2022,9,00-0036510,TE,True,0,0,0.0,0.0
2022,9,00-0036590,TE,True,0,0,0.0,0.0
2022,9,00-0036635,WR,True,0,0,2.0,-0.1
2022,9,00-0036754,TE,True,0,0,1.0,1.1
2022,9,00-0036829,RB,False,1,1,16.0,9.1
2022,9,00-0037185,WR,True,0,0,0.0,0.0
2022,9,00-0037257,WR,True,0,0,2.0,3.7
2022,9,00-0037261,WR,True,0,0,2.0,0.0
2022,9,00-0037617,RB,True,0,0,0.0,0.0
2022,9,00-0037805,TE,True,0,0,1.0,0.0
2022,9,00-0037827,RB,True,0,0,4.0,0.4
2022,9,00-0037828,WR,True,0,0,2.0,0.0
2022,9,00-0038040,RB,True,0,0,1.0,0.2
2022,9,00-0038098,RB,True,0,0,0.0,0.0
2022,9,00-0038115,TE,True,0,0,1.0,1.8
2022,9,00-0027981,TE,True,0,0,1.0,0.0
2022,9,00-0029000,WR,True,0,0,1.0,1.0
2022,9,00-0032134,TE,True,0,0,1.0,3.2
2022,9,00-0032355,WR,True,0,0,0.0,0.0
2022,9,00-0032394,TE,True,0,0,1.0,1.3
2022,9,00-0033681,WR,True,0,0,5.0,4.0
2022,9,00-0034364,TE,True,0,0,2.0,1.0
2022,9,00-0034765,WR,True,0,0,1.0,0.0
2022,9,00-0035022,WR,True,0,0,1.0,2.0
2022,9,00-0035249,TE,True,0,0,1.0,0.9
2022,9,00-0035562,TE,True,0,0,1.0,0.0
2022,9,00-0035603,TE,True,0,0,1.0,1.2
2022,9,00-0035806,RB,True,0,0,8.0,2.5
2022,9,00-0036219,WR,True,0,0,1.0,1.5
2022,9,00-0036268,WR,True,0,0,6.0,5.1
2022,9,00-0036422,TE,True,0,0,1.0,1.3
2022,9,00-0036497,WR,True,0,0,1.0,1.2
2022,9,00-0036626,WR,True,0,0,1.0,0.0
2022,9,00-0036692,TE,True,0,0,1.0,0.0
2022,9,00-0036741,TE,True,0,0,1.0,0.0
2022,9,00-0036857,RB,True,0,0,1.0,3.1
2022,9,00-0036918,WR,True,0,0,0.0,0.0
2022,9,00-0037086,TE,True,0,0,1.0,4.5
2022,9,00-0037112,TE,True,0,0,1.0,0.0
2022,9,00-0037311,TE,True,0,0,1.0,1.4
2022,9,00-0037569,TE,True,0,0,2.0,2.5
2022,9,00-0037666,WR,True,0,0,2.0,0.9
2022,9,00-0037755,TE,True,0,0,2.0,0.9
2022,9,00-0038041,TE,True,0,0,1.0,6.6
2022,9,00-0026293,WR,True,0,0,0.0,0.0
2022,9,00-0031484,TE,True,0,0,1.0,0.4
2022,9,00-0031868,WR,True,0,0,6.0,14.2
2022,9,00-0032986,TE,True,0,0,0.0,0.0
2022,9,00-0033798,TE,True,0,0,1.0,1.1
2022,9,00-0033951,RB,True,0,0,0.0,0.0
2022,9,00-0034867,WR,True,0,0,0.0,0.0
2022,9,00-0035259,TE,True,0,0,0.0,0.0
2022,9,00-0035457,WR,True,0,0,0.0,0.0
2022,9,00-0035535,WR,True,0,0,6.0,9.1
2022,9,00-0035544,WR,True,0,0,3.0,2.4
2022,9,00-0035628,RB,True,0,0,4.0,1.7
2022,9,00-0035973,RB,True,0,0,0.0,0.0
2022,9,00-0036194,TE,True,0,0,0.0,0.0
2022,9,00-0036429,TE,True,0,0,1.0,0.0
2022,9,00-0036860,RB,True,0,0,0.0,0.0
2022,9,00-0036959,WR,True,0,0,6.0,0.0
2022,9,00-0036984,RB,True,0,0,2.0,1.9
2022,9,00-0037291,WR,True,0,0,1.0,1.8
2022,9,00-0037708,WR,True,0,0,1.0,1.2
2022,9,00-0037744,TE,True,0,0,0.0,0.0
2022,9,00-0037745,WR,True,0,0,5.0,4.3
2022,9,00-0024243,TE,True,0,0,1.0,6.7
2022,9,00-0032058,RB,True,0,0,4.0,0.3
2022,9,00-0032980,WR,True,0,0,6.0,0.8
2022,9,00-0033633,WR,True,0,0,1.0,0.0
2022,9,00-0034109,RB,True,0,0,6.0,4.7
2022,9,00-0034193,TE,True,0,0,0.0,0.0
2022,9,00-0034317,WR,True,0,0,1.0,1.9
2022,9,00-0034928,WR,True,0,0,5.0,3.0
2022,9,00-0035184,RB,True,0,0,1.0,0.2
2022,9,00-0035304,RB,True,0,0,0.0,0.0
2022,9,00-0035311,RB,True,0,0,9.0,4.8
2022,9,00-0035329,TE,True,0,0,3.0,6.8
2022,9,00-0035976,WR,True,0,0,0.0,0.0
2022,9,00-0036165,WR,True,0,0,6.0,6.1
2022,9,00-0036627,WR,True,0,0,0.0,0.0
2022,9,00-0036825,TE,True,0,0,0.0,0.0
2022,9,00-0037078,TE,True,0,0,2.0,0.0
2022,9,00-0037276,RB,True,0,0,0.0,0.0
2022,9,00-0037348,TE,True,0,0,2.0,0.0
2022,9,00-0038104,WR,True,0,0,2.0,1.8
2022,9,00-0031545,WR,True,0,0,0.0,0.0
2022,9,00-0031585,TE,True,0,0,1.0,6.7
2022,9,00-0031806,RB,True,0,0,5.0,1.0
2022,9,00-0035308,TE,True,0,0,1.0,1.2
2022,9,00-0036032,TE,True,0,0,1.0,1.5
2022,9,00-0036887,TE,True,0,0,1.0,1.6
2022,9,00-0037004,TE,True,0,0,0.0,0.0
2022,9,00-0037286,RB,True,0,0,3.0,0.5
2022,9,00-0037299,RB,True,0,0,0.0,0.0
2022,9,00-0037300,WR,True,0,0,2.0,1.1
2022,9,00-0037545,WR,True,0,0,3.0,5.3
2022,9,00-0033481,WR,True,0,0,0.0,0.0
2022,9,00-0035432,WR,True,0,0,2.0,1.0
2022,9,00-0035624,TE,True,0,0,2.0,9.4
2022,9,00-0036176,WR,True,0,0,1.0,0.8
2022,9,00-0036255,WR,True,0,0,3.0,8.6
2022,9,00-0036527,WR,True,0,0,0.0,0.0
2022,9,00-0037098,WR,True,0,0,4.0,10.2
2022,9,00-0038045,RB,True,0,0,1.0,-0.5
2022,9,00-0035341,WR,True,0,0,3.0,3.7
2022,9,00-0036020,RB,True,0,0,1.0,0.2
2022,9,00-0036543,RB,True,0,0,7.0,2.7
2022,9,00-0037093,WR,True,0,0,0.0,0.0
2022,9,00-0037282,TE,True,0,0,1.0,1.9
2022,9,00-0037355,WR,True,0,0,2.0,0.7
2022,9,00-0037563,RB,True,0,0,10.0,5.1
2022,10,00-0027691,WR,True,0,0,0.0,0.0
2022,10,00-0027942,WR,True,0,0,1.0,0.0
2022,10,00-0027966,RB,True,0,0,1.0,0.7
2022,10,00-0028002,WR,True,0,0,1.0,1.3
2022,10,00-0028063,RB,True,0,0,0.0,0.0
2022,10,00-0029239,RB,True,0,0,1.0,0.5
2022,10,00-0030061,TE,True,0,0,8.0,12.5
2022,10,00-0030108,TE,True,0,0,1.0,1.0
2022,10,00-0030288,RB,True,0,0,3.0,2.0
2022,10,00-0030431,WR,True,0,0,2.0,0.0
2022,10,00-0031273,TE,True,0,0,3.0,2.4
2022,10,00-0031325,WR,True,0,0,5.0,1.4
2022,10,00-0031382,WR,False,1,1,2.0,3.7
2022,10,00-0031384,TE,True,0,0,2.0,0.0
2022,10,00-0031547,WR,True,0,0,1.0,0.0
2022,10,00-0031690,TE,True,0,0,0.0,0.0
2022,10,00-0031763,WR,True,0,0,6.0,7.8
2022,10,00-0031941,WR,True,0,0,4.0,1.2
2022,10,00-0032054,WR,True,0,0,2.0,0.6
2022,10,00-0032063,RB,True,0,0,1.0,1.2
2022,10,00-0032104,RB,True,0,0,3.0,1.3
2022,10,00-0032128,WR,True,0,0,1.0,0.0
2022,10,00-0032141,TE,True,0,0,1.0,0.0
2022,10,00-0032200,WR,True,0,0,6.0,8.8
2022,10,00-0032208,WR,True,0,0,5.0,8.4
2022,10,00-0032214,TE,True,0,0,1.0,1.1
2022,10,00-0032385,WR,True,0,0,10.0,7.4
2022,10,00-0032392,TE,True,0,0,3.0,4.4
2022,10,00-0032398,WR,True,0,0,6.0,12.5
2022,10,00-0032602,RB,True,0,0,7.0,3.5
2022,10,00-0032688,WR,True,0,0,3.0,0.09999999999999998
2022,10,00-0032725,TE,True,0,0,0.0,0.0
2022,10,00-0032775,WR,True,0,0,4.0,1.7
2022,10,00-0032975,RB,True,0,0,0.0,0.0
2022,10,00-0033090,TE,True,0,0,4.0,7.0
2022,10,00-0033110,TE,False,1,1,1.0,0.0
2022,10,00-0033114,WR,True,0,0,0.0,0.0
2022,10,00-0033217,TE,True,0,0,2.0,2.3
2022,10,00-0033246,TE,True,0,0,1.0,0.6
2022,10,00-0033251,WR,True,0,0,1.0,1.3
2022,10,00-0033292,WR,True,0,0,5.0,4.2
2022,10,00-0033307,WR,True,0,0,5.0,2.7
2022,10,00-0033308,RB,True,0,0,4.0,2.0
2022,10,00-0033376,RB,True,0,0,2.0,1.1
2022,10,00-0033386,WR,True,0,0,1.0,0.0
2022,10,00-0033439,TE,True,0,0,0.0,0.0
2022,10,00-0033455,TE,True,0,0,1.0,1.6
2022,10,00-0033466,WR,True,0,0,4.0,3.1
2022,10,00-0033526,RB,True,0,0,8.0,5.9
2022,10,00-0033555,WR,True,0,0,4.0,2.7
2022,10,00-0033572,WR,True,0,0,0.0,0.0
2022,10,00-0033576,TE,True,0,0,0.0,0.0
2022,10,00-0033757,TE,False,1,1,4.0,4.4
2022,10,00-0033858,TE,True,0,0,3.0,3.6
2022,10,00-0033871,WR,True,0,0,1.0,0.0
2022,10,00-0033879,TE,True,0,0,2.0,1.9
2022,10,00-0033881,TE,True,0,0,2.0,1.3
2022,10,00-0033932,WR,True,0,0,1.0,0.0
2022,10,00-0033943,WR,True,0,0,6.0,2.4
2022,10,00-0034073,TE,True,0,0,1.0,6.1
2022,10,00-0034104,WR,True,0,0,1.0,1.7
2022,10,00-0034159,TE,True,0,0,4.0,3.9
2022,10,00-0034164,RB,True,0,0,0.0,0.0
2022,10,00-0034208,RB,True,0,0,4.0,2.3
2022,10,00-0034253,RB,True,0,0,4.0,1.3
2022,10,00-0034270,TE,True,0,0,2.0,1.2
2022,10,00-0034279,WR,True,0,0,2.0,0.0
2022,10,00-0034286,WR,True,0,0,0.0,0.0
2022,10,00-0034297,WR,True,0,0,1.0,1.6
2022,10,00-0034365,TE,True,0,0,1.0,0.7
2022,10,00-0034386,WR,True,0,0,5.0,4.7
2022,10,00-0034407,WR,True,0,0,2.0,1.6
2022,10,00-0034414,RB,True,0,0,1.0,0.5
2022,10,00-0034418,WR,True,0,0,2.0,3.3
2022,10,00-0034419,WR,True,0,0,2.0,1.1
2022,10,00-0034487,WR,True,0,0,3.0,4.2
2022,10,00-0034646,WR,True,0,0,1.0,0.9
2022,10,00-0034681,RB,True,0,0,4.0,1.4
2022,10,00-0034798,TE,True,0,0,2.0,0.0
2022,10,00-0034829,TE,True,0,0,2.0,0.8
2022,10,00-0034845,RB,True,0,0,2.0,1.2
2022,10,00-0034854,WR,True,0,0,2.0,2.4
2022,10,00-0034860,WR,True,0,0,1.0,1.7
2022,10,00-0034972,RB,True,0,0,3.0,0.6
2022,10,00-0034975,RB,True,0,0,5.0,2.4
2022,10,00-0035208,WR,True,0,0,2.0,2.9
2022,10,00-0035215,WR,True,0,0,0.0,0.0
2022,10,00-0035217,RB,True,0,0,0.0,0.0
2022,10,00-0035222,TE,True,0,0,1.0,0.8
2022,10,00-0035345,TE,True,0,0,1.0,1.5
2022,10,00-0035399,WR,True,0,0,0.0,0.0
2022,10,00-0035414,WR,True,0,0,3.0,7.4
2022,10,00-0035500,WR,True,0,0,2.0,0.8
2022,10,00-0035527,WR,True,0,0,2.0,1.6
2022,10,00-0035547,TE,True,0,0,2.0,1.3
2022,10,00-0035572,TE,True,0,0,1.0,1.4
2022,10,00-0035593,WR,True,0,0,1.0,0.0
2022,10,00-0035631,TE,True,0,0,1.0,0.09999999999999998
2022,10,00-0035644,TE,True,0,0,6.0,12.1
2022,10,00-0035645,WR,True,0,0,0.0,0.0
2022,10,00-0035703,WR,True,0,0,0.0,0.0
2022,10,00-0035726,RB,True,0,0,0.0,0.0
2022,10,00-0035823,TE,True,0,0,2.0,3.4
2022,10,00-0035924,RB,True,0,0,0.0,0.0
2022,10,00-0035956,TE,True,0,0,1.0,1.3
2022,10,00-0036005,TE,True,0,0,1.0,0.0
2022,10,00-0036040,TE,True,0,0,2.0,11.2
2022,10,00-0036133,WR,True,0,0,2.0,3.2
2022,10,00-0036139,RB,True,0,0,0.0,0.0
2022,10,00-0036145,TE,True,0,0,1.0,0.0
2022,10,00-0036182,WR,True,0,0,1.0,0.0
2022,10,00-0036232,TE,True,0,0,2.0,2.5
2022,10,00-0036244,TE,True,0,0,2.0,1.6
2022,10,00-0036250,TE,True,0,0,0.0,0.0
2022,10,00-0036259,WR,True,0,0,4.0,3.4
2022,10,00-0036271,WR,True,0,0,2.0,3.5
2022,10,00-0036290,TE,True,0,0,8.0,19.5
2022,10,00-0036331,WR,True,0,0,1.0,1.0
2022,10,00-0036332,TE,True,0,0,5.0,6.6
2022,10,00-0036345,WR,True,0,0,2.0,0.0
2022,10,00-0036365,WR,True,0,0,1.0,0.8
2022,10,00-0036370,RB,True,0,0,12.0,15.2
2022,10,00-0036387,WR,True,0,0,0.0,0.0
2022,10,00-0036412,WR,True,0,0,4.0,7.1
2022,10,00-0036423,TE,True,0,0,1.0,1.0
2022,10,00-0036425,RB,True,0,0,1.0,0.4
2022,10,00-0036439,WR,True,0,0,0.0,0.0
2022,10,00-0036482,WR,True,0,0,2.0,0.0
2022,10,00-0036554,WR,True,0,0,3.0,4.8
2022,10,00-0036556,TE,True,0,0,2.0,1.0
2022,10,00-0036569,RB,True,0,0,0.0,0.0
2022,10,00-0036572,WR,True,0,0,2.0,2.5
2022,10,00-0036620,WR,True,0,0,2.0,0.0
2022,10,00-0036628,TE,True,0,0,2.0,1.0
2022,10,00-0036630,WR,True,0,0,1.0,0.9
2022,10,00-0036637,TE,True,0,0,3.0,6.0
2022,10,00-0036646,WR,True,0,0,1.0,1.7
2022,10,00-0036654,RB,True,0,0,0.0,0.0
2022,10,00-0036671,WR,True,0,0,1.0,7.1
2022,10,00-0036842,RB,True,0,0,0.0,0.0
2022,10,00-0036849,WR,True,0,0,1.0,0.9
2022,10,00-0036876,TE,True,0,0,2.0,0.0
2022,10,00-0036877,WR,True,0,0,0.0,0.0
2022,10,00-0036913,WR,True,0,0,2.0,2.2
2022,10,00-0036919,RB,True,0,0,7.0,11.3
2022,10,00-0036950,RB,True,0,0,1.0,0.7
2022,10,00-0036980,WR,True,0,0,1.0,0.0
2022,10,00-0036988,WR,True,0,0,10.0,14.6
2022,10,00-0036991,WR,True,0,0,1.0,0.0
2022,10,00-0036999,WR,True,0,0,3.0,0.0
2022,10,00-0037011,TE,True,0,0,0.0,0.0
2022,10,00-0037087,RB,True,0,0,2.0,-0.5
2022,10,00-0037132,WR,True,0,0,0.0,0.0
2022,10,00-0037168,TE,True,0,0,1.0,2.4
2022,10,00-0037228,RB,True,0,0,9.0,9.0
2022,10,00-0037256,RB,True,0,0,11.0,4.9
2022,10,00-0037267,RB,True,0,0,0.0,0.0
2022,10,00-0037272,WR,True,0,0,1.0,0.6
2022,10,00-0037273,WR,True,0,0,2.0,1.2
2022,10,00-0037331,RB,True,0,0,1.0,0.5
2022,10,00-0037456,RB,True,0,0,1.0,0.0
2022,10,00-0037525,RB,True,0,0,0.0,0.0
2022,10,00-0037570,WR,True,0,0,1.0,0.0
2022,10,00-0037664,WR,True,0,0,2.0,2.8
2022,10,00-0037801,WR,True,0,0,1.0,1.1
2022,10,00-0037809,TE,True,0,0,3.0,5.3
2022,10,00-0037838,TE,True,0,0,5.0,8.9
2022,10,00-0038090,WR,True,0,0,1.0,0.0
2022,10,00-0038117,WR,True,0,0,3.0,2.5
2022,10,00-0029664,WR,True,0,0,1.0,0.0
2022,10,00-0030456,RB,True,0,0,0.0,0.0
2022,10,00-0031787,WR,True,0,0,1.0,0.0
2022,10,00-0032450,RB,True,0,0,4.0,1.9
2022,10,00-0033854,RB,True,0,0,0.0,0.0
2022,10,00-0034011,TE,True,0,0,1.0,2.4
2022,10,00-0034054,WR,True,0,0,1.0,0.0
2022,10,00-0034301,RB,True,0,0,8.0,2.4
2022,10,00-0034366,WR,True,0,0,0.0,0.0
2022,10,00-0034440,RB,True,0,0,4.0,2.7
2022,10,00-0034613,TE,True,0,0,5.0,7.3
2022,10,00-0034981,TE,True,0,0,5.0,5.4
2022,10,00-0035298,WR,True,0,0,8.0,8.8
2022,10,00-0035359,WR,True,0,0,2.0,1.0
2022,10,00-0035406,WR,True,0,0,0.0,0.0
2022,10,00-0035510,WR,True,0,0,1.0,1.1
2022,10,00-0035537,RB,True,0,0,2.0,1.7
2022,10,00-0035567,RB,True,0,0,3.0,0.7
2022,10,00-0035771,TE,True,0,0,1.0,0.8
2022,10,00-0035860,RB,True,0,0,4.0,3.0
2022,10,00-0035864,WR,True,0,0,1.0,1.9
2022,10,00-0035876,WR,True,0,0,4.0,2.3
2022,10,00-0036187,RB,True,0,0,3.0,3.3
2022,10,00-0036228,WR,True,0,0,6.0,3.4
2022,10,00-0036277,WR,True,0,0,3.0,2.5
2022,10,00-0036438,TE,True,0,0,2.0,3.8
2022,10,00-0036493,RB,True,0,0,14.0,4.6
2022,10,00-0036510,TE,True,0,0,0.0,0.0
2022,10,00-0036590,TE,True,0,0,0.0,0.0
2022,10,00-0036635,WR,True,0,0,2.0,-0.1
2022,10,00-0036754,TE,True,0,0,1.0,0.0
2022,10,00-0037185,WR,True,0,0,0.0,0.0
2022,10,00-0037257,WR,True,0,0,2.0,3.7
2022,10,00-0037261,WR,True,0,0,2.0,0.0
2022,10,00-0037263,RB,False,1,1,11.0,12.8
2022,10,00-0037617,RB,True,0,0,2.0,1.2
2022,10,00-0037805,TE,True,0,0,1.0,0.0
2022,10,00-0037827,RB,True,0,0,4.0,0.4
2022,10,00-0037828,WR,True,0,0,2.0,0.0
2022,10,00-0038040,RB,True,0,0,1.0,-0.1
2022,10,00-0038098,RB,True,0,0,0.0,0.0
2022,10,00-0038115,TE,True,0,0,1.0,1.8
2022,10,00-0027981,TE,True,0,0,1.0,0.0
2022,10,00-0029000,WR,True,0,0,1.0,1.0
2022,10,00-0032134,TE,True,0,0,3.0,3.1
2022,10,00-0032355,WR,True,0,0,0.0,0.0
2022,10,00-0032394,TE,True,0,0,1.0,1.3
2022,10,00-0033681,WR,True,0,0,5.0,4.0
2022,10,00-0034364,TE,True,0,0,1.0,0.0
2022,10,00-0034765,WR,True,0,0,4.0,4.4
2022,10,00-0035022,WR,True,0,0,1.0,2.0
2022,10,00-0035249,TE,True,0,0,3.0,2.4
2022,10,00-0035562,TE,True,0,0,1.0,0.0
2022,10,00-0035603,TE,True,0,0,1.0,1.2
2022,10,00-0035806,RB,True,0,0,4.0,1.6
2022,10,00-0036219,WR,True,0,0,5.0,3.9
2022,10,00-0036268,WR,True,0,0,3.0,0.6
2022,10,00-0036422,TE,True,0,0,1.0,1.3
2022,10,00-0036497,WR,True,0,0,1.0,1.2
2022,10,00-0036626,WR,True,0,0,1.0,0.0
2022,10,00-0036692,TE,True,0,0,1.0,0.0
2022,10,00-0036741,TE,True,0,0,2.0,1.8
2022,10,00-0036857,RB,True,0,0,0.0,0.0
2022,10,00-0036918,WR,True,0,0,0.0,0.0
2022,10,00-0037086,TE,True,0,0,1.0,4.5
2022,10,00-0037112,TE,True,0,0,1.0,0.0
2022,10,00-0037311,TE,True,0,0,2.0,1.1
2022,10,00-0037569,TE,True,0,0,2.0,2.5
2022,10,00-0037666,WR,True,0,0,2.0,0.9
2022,10,00-0037755,TE,True,0,0,3.0,0.7
2022,10,00-0038041,TE,True,0,0,1.0,6.6
2022,10,00-0026293,WR,True,0,0,0.0,0.0
2022,10,00-0031484,TE,True,0,0,2.0,1.2
2022,10,00-0031868,WR,True,0,0,1.0,0.0
2022,10,00-0032986,TE,True,0,0,0.0,0.0
2022,10,00-0033798,TE,True,0,0,1.0,1.1
2022,10,00-0033951,RB,True,0,0,0.0,0.0
2022,10,00-0034867,WR,True,0,0,0.0,0.0
2022,10,00-0035259,TE,True,0,0,0.0,2.0
2022,10,00-0035457,WR,True,0,0,1.0,1.3
2022,10,00-0035535,WR,True,0,0,6.0,9.1
2022,10,00-0035544,WR,True,0,0,4.0,2.1
2022,10,00-0035628,RB,True,0,0,4.0,1.7
2022,10,00-0035973,RB,True,0,0,0.0,0.0
2022,10,00-0036194,TE,True,0,0,1.0,0.0
2022,10,00-0036429,TE,True,0,0,1.0,0.0
2022,10,00-0036860,RB,True,0,0,0.0,0.0
2022,10,00-0036936,WR,True,0,0,10.0,10.9
2022,10,00-0036959,WR,True,0,0,8.0,5.1
2022,10,00-0036984,RB,True,0,0,2.0,1.9
2022,10,00-0037291,WR,True,0,0,1.0,1.8
2022,10,00-0037708,WR,True,0,0,1.0,1.2
2022,10,00-0037744,TE,True,0,0,0.0,0.0
2022,10,00-0037745,WR,True,0,0,5.0,4.3
2022,10,00-0024243,TE,True,0,0,1.0,2.4
2022,10,00-0032058,RB,True,0,0,4.0,0.3
2022,10,00-0032980,WR,True,0,0,6.0,0.8
2022,10,00-0033633,WR,True,0,0,1.0,0.0
2022,10,00-0034109,RB,True,0,0,2.0,0.2
2022,10,00-0034193,TE,True,0,0,0.0,0.0
2022,10,00-0034317,WR,True,0,0,1.0,1.9
2022,10,00-0034928,WR,True,0,0,5.0,3.0
2022,10,00-0035184,RB,True,0,0,1.0,0.2
2022,10,00-0035304,RB,True,0,0,0.0,0.0
2022,10,00-0035311,RB,True,0,0,9.0,4.8
2022,10,00-0035329,TE,True,0,0,3.0,6.8
2022,10,00-0035976,WR,True,0,0,0.0,0.0
2022,10,00-0036165,WR,True,0,0,6.0,6.1
2022,10,00-0036627,WR,True,0,0,0.0,0.0
2022,10,00-0036825,TE,True,0,0,0.0,0.0
2022,10,00-0037078,TE,True,0,0,2.0,0.0
2022,10,00-0037276,RB,True,0,0,0.0,0.0
2022,10,00-0037348,TE,True,0,0,2.0,0.0
2022,10,00-0038104,WR,True,0,0,4.0,1.0
2022,10,00-0031545,WR,True,0,0,1.0,1.5
2022,10,00-0031585,TE,True,0,0,1.0,1.1
2022,10,00-0031806,RB,True,0,0,3.0,2.4
2022,10,00-0035308,TE,True,0,0,1.0,1.2
2022,10,00-0036032,TE,True,0,0,1.0,1.5
2022,10,00-0036887,TE,True,0,0,1.0,2.0
2022,10,00-0037004,TE,True,0,0,0.0,0.0
2022,10,00-0037286,RB,True,0,0,3.0,0.5
2022,10,00-0037299,RB,True,0,0,1.0,0.2
2022,10,00-0037300,WR,True,0,0,2.0,1.1
2022,10,00-0037545,WR,True,0,0,0.0,0.0
2022,10,00-0037557,RB,True,0,0,12.0,5.6
2022,10,00-0033481,WR,True,0,0,0.0,0.0
2022,10,00-0035432,WR,True,0,0,2.0,1.0
2022,10,00-0035624,TE,True,0,0,2.0,1.1
2022,10,00-0036176,WR,True,0,0,1.0,0.8
2022,10,00-0036255,WR,True,0,0,4.0,1.7
2022,10,00-0036527,WR,True,0,0,0.0,0.0
2022,10,00-0037098,WR,True,0,0,4.0,4.4
2022,10,00-0038045,RB,True,0,0,7.0,2.9
2022,10,00-0035341,WR,True,0,0,2.0,3.0
2022,10,00-0036020,RB,True,0,0,1.0,0.2
2022,10,00-0036543,RB,True,0,0,6.0,3.6
2022,10,00-0037093,WR,True,0,0,0.0,0.0
2022,10,00-0037282,TE,True,0,0,2.0,7.8
2022,10,00-0037355,WR,True,0,0,2.0,0.7
2022,10,00-0037563,RB,True,0,0,10.0,5.1
2022,10,00-0026189,WR,True,0,0,2.0,2.1
2022,10,00-0034052,WR,True,0,0,0.0,0.0
2022,10,00-0034400,RB,True,0,0,8.0,4.8
2022,10,00-0035819,WR,True,0,0,0.0,0.0
2022,10,00-0036096,RB,True,0,0,11.0,2.2
2022,10,00-0036415,WR,True,0,0,5.0,0.0
2022,10,00-0036424,TE,True,0,0,1.0,0.0
2022,10,00-0036450,RB,True,0,0,3.0,0.4
2022,10,00-0036534,TE,True,0,0,1.0,6.6
2022,10,00-0036669,RB,True,0,0,1.0,0.7
2022,10,00-0036858,WR,True,0,0,1.0,1.2
2022,10,00-0037277,TE,True,0,0,1.0,6.7
2022,11,00-0027691,WR,True,0,0,0.0,0.0
2022,11,00-0027942,WR,True,0,0,2.0,8.0
2022,11,00-0027966,RB,True,0,0,1.0,0.7
2022,11,00-0028002,WR,True,0,0,1.0,1.3
2022,11,00-0028063,RB,True,0,0,0.0,0.0
2022,11,00-0029239,RB,True,0,0,1.0,0.5
2022,11,00-0030061,TE,True,0,0,1.0,1.7
2022,11,00-0030108,TE,True,0,0,0.0,0.0
2022,11,00-0030288,RB,True,0,0,3.0,4.0
2022,11,00-0030431,WR,True,0,0,7.0,2.0
2022,11,00-0031273,TE,True,0,0,2.0,1.3
2022,11,00-0031325,WR,True,0,0,3.0,6.2
2022,11,00-0031384,TE,True,0,0,1.0,0.9
2022,11,00-0031547,WR,True,0,0,1.0,0.0
2022,11,00-0031690,TE,True,0,0,1.0,0.0
2022,11,00-0031763,WR,True,0,0,4.0,14.4
2022,11,00-0031941,WR,True,0,0,4.0,1.2
2022,11,00-0032054,WR,True,0,0,2.0,0.6
2022,11,00-0032063,RB,True,0,0,1.0,1.2
2022,11,00-0032104,RB,True,0,0,4.0,5.3
2022,11,00-0032128,WR,True,0,0,1.0,0.0
2022,11,00-0032141,TE,True,0,0,1.0,0.0
2022,11,00-0032200,WR,True,0,0,6.0,8.8
2022,11,00-0032208,WR,True,0,0,4.0,3.2
2022,11,00-0032214,TE,True,0,0,1.0,1.1
2022,11,00-0032385,WR,True,0,0,10.0,7.4
2022,11,00-0032392,TE,True,0,0,7.0,6.6
2022,11,00-0032398,WR,True,0,0,6.0,8.5
2022,11,00-0032602,RB,True,0,0,7.0,3.5
2022,11,00-0032688,WR,True,0,0,3.0,0.09999999999999998
2022,11,00-0032725,TE,True,0,0,1.0,0.0
2022,11,00-0032775,WR,True,0,0,4.0,1.7
2022,11,00-0032975,RB,True,0,0,0.0,0.0
2022,11,00-0033090,TE,True,0,0,4.0,7.0
2022,11,00-0033110,TE,False,3,3,8.0,11.3
2022,11,00-0033114,WR,True,0,0,0.0,0.0
2022,11,00-0033217,TE,True,0,0,2.0,2.3
2022,11,00-0033246,TE,True,0,0,1.0,0.6
2022,11,00-0033251,WR,True,0,0,2.0,1.5
2022,11,00-0033292,WR,True,0,0,5.0,4.2
2022,11,00-0033307,WR,True,0,0,5.0,2.7
2022,11,00-0033308,RB,True,0,0,6.0,2.0
2022,11,00-0033357,TE,True,0,0,3.0,0.1
2022,11,00-0033376,RB,True,0,0,2.0,1.1
2022,11,00-0033386,WR,True,0,0,1.0,0.0
2022,11,00-0033439,TE,True,0,0,5.0,2.3
2022,11,00-0033455,TE,True,0,0,1.0,1.6
2022,11,00-0033466,WR,True,0,0,5.0,7.5
2022,11,00-0033526,RB,True,0,0,8.0,5.9
2022,11,00-0033555,WR,True,0,0,7.0,2.8
2022,11,00-0033572,WR,True,0,0,4.0,1.9
2022,11,00-0033576,TE,True,0,0,1.0,1.7
2022,11,00-0033858,TE,True,0,0,3.0,3.6
2022,11,00-0033871,WR,True,0,0,1.0,0.0
2022,11,00-0033879,TE,True,0,0,1.0,0.0
2022,11,00-0033932,WR,True,0,0,2.0,0.0
2022,11,00-0033943,WR,True,0,0,6.0,2.4
2022,11,00-0034073,TE,True,0,0,1.0,6.1
2022,11,00-0034104,WR,True,0,0,1.0,0.0
2022,11,00-0034159,TE,True,0,0,2.0,3.8
2022,11,00-0034164,RB,True,0,0,0.0,0.0
2022,11,00-0034208,RB,True,0,0,4.0,2.3
2022,11,00-0034253,RB,True,0,0,3.0,1.3
2022,11,00-0034270,TE,True,0,0,2.0,1.2
2022,11,00-0034279,WR,True,0,0,2.0,0.9
2022,11,00-0034286,WR,True,0,0,0.0,0.0
2022,11,00-0034297,WR,True,0,0,2.0,1.7
2022,11,00-0034365,TE,True,0,0,1.0,0.7
2022,11,00-0034386,WR,True,0,0,1.0,1.7
2022,11,00-0034407,WR,True,0,0,1.0,3.8
2022,11,00-0034414,RB,True,0,0,1.0,0.5
2022,11,00-0034418,WR,True,0,0,1.0,1.2
2022,11,00-0034419,WR,True,0,0,2.0,1.1
2022,11,00-0034487,WR,True,0,0,5.0,14.3
2022,11,00-0034646,WR,True,0,0,2.0,0.7
2022,11,00-0034681,RB,True,0,0,4.0,1.4
2022,11,00-0034798,TE,True,0,0,1.0,0.0
2022,11,00-0034829,TE,True,0,0,3.0,4.1
2022,11,00-0034845,RB,True,0,0,1.0,0.2
2022,11,00-0034854,WR,True,0,0,2.0,10.7
2022,11,00-0034860,WR,True,0,0,2.0,2.2
2022,11,00-0034972,RB,True,0,0,4.0,2.4
2022,11,00-0034975,RB,True,0,0,5.0,2.4
2022,11,00-0035208,WR,True,0,0,4.0,4.4
2022,11,00-0035215,WR,True,0,0,0.0,0.0
2022,11,00-0035217,RB,True,0,0,0.0,0.0
2022,11,00-0035222,TE,True,0,0,1.0,0.0
2022,11,00-0035345,TE,True,0,0,1.0,0.0
2022,11,00-0035399,WR,True,0,0,0.0,0.0
2022,11,00-0035414,WR,True,0,0,3.0,7.4
2022,11,00-0035500,WR,True,0,0,0.0,0.0
2022,11,00-0035527,WR,True,0,0,2.0,1.6
2022,11,00-0035547,TE,True,0,0,1.0,1.1
2022,11,00-0035572,TE,True,0,0,0.0,0.0
2022,11,00-0035593,WR,True,0,0,1.0,0.0
2022,11,00-0035631,TE,True,0,0,1.0,0.09999999999999998
2022,11,00-0035644,TE,True,0,0,4.0,4.9
2022,11,00-0035645,WR,True,0,0,1.0,0.9
2022,11,00-0035703,WR,True,0,0,0.0,0.0
2022,11,00-0035726,RB,True,0,0,0.0,0.0
2022,11,00-0035823,TE,True,0,0,2.0,3.4
2022,11,00-0035924,RB,True,0,0,0.0,0.0
2022,11,00-0035956,TE,True,0,0,1.0,0.7
2022,11,00-0036005,TE,True,0,0,1.0,0.0
2022,11,00-0036040,TE,True,0,0,7.0,12.9
2022,11,00-0036133,WR,True,0,0,2.0,3.2
2022,11,00-0036139,RB,True,0,0,0.0,0.0
2022,11,00-0036145,TE,True,0,0,2.0,7.9
2022,11,00-0036232,TE,True,0,0,3.0,9.0
2022,11,00-0036244,TE,True,0,0,3.0,1.2
2022,11,00-0036250,TE,True,0,0,0.0,0.0
2022,11,00-0036259,WR,True,0,0,4.0,6.0
2022,11,00-0036271,WR,True,0,0,4.0,8.0
2022,11,00-0036290,TE,False,1,1,7.0,21.4
2022,11,00-0036326,WR,True,0,0,2.0,1.3
2022,11,00-0036331,WR,False,2,2,1.0,1.0
2022,11,00-0036332,TE,True,0,0,5.0,6.6
2022,11,00-0036345,WR,True,0,0,12.0,5.7
2022,11,00-0036365,WR,True,0,0,1.0,0.8
2022,11,00-0036370,RB,True,0,0,12.0,15.2
2022,11,00-0036387,WR,True,0,0,0.0,0.0
2022,11,00-0036412,WR,True,0,0,4.0,7.1
2022,11,00-0036423,TE,True,0,0,1.0,1.0
2022,11,00-0036425,RB,True,0,0,0.0,0.0
2022,11,00-0036439,WR,True,0,0,3.0,0.0
2022,11,00-0036482,WR,True,0,0,2.0,0.0
2022,11,00-0036554,WR,True,1,0,10.0,13.4
2022,11,00-0036555,RB,True,0,0,5.0,1.4
2022,11,00-0036556,TE,True,0,0,2.0,1.0
2022,11,00-0036569,RB,True,0,0,0.0,0.0
2022,11,00-0036572,WR,True,0,0,1.0,2.2
2022,11,00-0036620,WR,True,0,0,0.0,0.0
2022,11,00-0036628,TE,True,0,0,2.0,1.0
2022,11,00-0036630,WR,True,0,0,1.0,0.9
2022,11,00-0036637,TE,True,0,0,2.0,9.0
2022,11,00-0036646,WR,True,0,0,1.0,1.7
2022,11,00-0036654,RB,True,0,0,0.0,0.0
2022,11,00-0036671,WR,True,0,0,0.0,0.0
2022,11,00-0036842,RB,True,0,0,0.0,0.0
2022,11,00-0036849,WR,True,0,0,1.0,0.9
2022,11,00-0036876,TE,True,0,0,4.0,7.7
2022,11,00-0036877,WR,True,0,0,0.0,0.0
2022,11,00-0036913,WR,False,1,1,7.0,17.0
2022,11,00-0036919,RB,True,0,0,3.0,1.7
2022,11,00-0036950,RB,True,0,0,4.0,2.5
2022,11,00-0036980,WR,True,0,0,1.0,0.0
2022,11,00-0036988,WR,True,0,0,8.0,5.9
2022,11,00-0036991,WR,True,0,0,0.0,0.0
2022,11,00-0036999,WR,True,0,0,1.0,0.8
2022,11,00-0037005,TE,True,0,0,1.0,0.0
2022,11,00-0037011,TE,True,0,0,6.0,3.6
2022,11,00-0037087,RB,True,0,0,2.0,-0.5
2022,11,00-0037132,WR,True,0,0,0.0,0.0
2022,11,00-0037168,TE,True,0,0,0.0,0.0
2022,11,00-0037228,RB,False,1,1,12.0,9.2
2022,11,00-0037256,RB,False,2,2,22.0,10.5
2022,11,00-0037267,RB,True,0,0,0.0,0.0
2022,11,00-0037272,WR,True,0,0,1.0,0.0
2022,11,00-0037273,WR,True,0,0,2.0,1.2
2022,11,00-0037331,RB,True,0,0,1.0,0.6
2022,11,00-0037456,RB,True,0,0,0.0,0.0
2022,11,00-0037525,RB,True,0,0,0.0,0.0
2022,11,00-0037570,WR,True,0,0,1.0,0.0
2022,11,00-0037664,WR,True,0,0,2.0,0.0
2022,11,00-0037801,WR,True,0,0,1.0,1.4
2022,11,00-0037809,TE,True,0,0,2.0,4.6
2022,11,00-0037838,TE,True,0,0,5.0,8.9
2022,11,00-0038090,WR,True,0,0,1.0,1.1
2022,11,00-0038117,WR,True,0,0,3.0,2.5
2022,11,00-0038124,WR,False,4,4,8.0,30.7
2022,11,00-0029664,WR,True,0,0,1.0,0.0
2022,11,00-0030456,RB,True,0,0,0.0,0.0
2022,11,00-0031787,WR,True,0,0,0.0,0.0
2022,11,00-0032450,RB,True,0,0,4.0,1.9
2022,11,00-0033854,RB,True,0,0,1.0,1.8
2022,11,00-0034011,TE,True,0,0,1.0,1.3
2022,11,00-0034054,WR,True,0,0,1.0,0.0
2022,11,00-0034301,RB,True,0,0,8.0,2.4
2022,11,00-0034366,WR,True,0,0,1.0,0.5
2022,11,00-0034440,RB,True,0,0,7.0,3.8
2022,11,00-0034613,TE,True,0,0,3.0,3.9
2022,11,00-0034981,TE,True,0,0,4.0,11.8
2022,11,00-0035298,WR,True,0,0,2.0,3.5
2022,11,00-0035359,WR,True,0,0,2.0,1.0
2022,11,00-0035406,WR,True,0,0,0.0,0.0
2022,11,00-0035510,WR,True,0,0,1.0,1.1
2022,11,00-0035537,RB,True,0,0,2.0,1.7
2022,11,00-0035567,RB,True,0,0,3.0,0.7
2022,11,00-0035771,TE,True,0,0,1.0,0.8
2022,11,00-0035860,RB,True,0,0,4.0,3.0
2022,11,00-0035864,WR,True,0,0,5.0,8.2
2022,11,00-0035876,WR,True,0,0,4.0,2.3
2022,11,00-0036187,RB,True,0,0,3.0,3.3
2022,11,00-0036228,WR,True,0,0,6.0,3.4
2022,11,00-0036277,WR,True,0,0,3.0,2.5
2022,11,00-0036438,TE,True,0,0,2.0,3.8
2022,11,00-0036493,RB,True,0,0,14.0,4.6
2022,11,00-0036510,TE,True,0,0,0.0,0.0
2022,11,00-0036590,TE,True,0,0,0.0,0.0
2022,11,00-0036635,WR,True,0,0,2.0,-0.1
2022,11,00-0036754,TE,True,0,0,1.0,6.7
2022,11,00-0037185,WR,True,0,0,0.0,0.0
2022,11,00-0037257,WR,True,0,0,5.0,3.9
2022,11,00-0037261,WR,True,0,0,2.0,1.1
2022,11,00-0037617,RB,True,0,0,0.0,0.0
2022,11,00-0037805,TE,True,0,0,1.0,0.0
2022,11,00-0037827,RB,True,0,0,4.0,0.4
2022,11,00-0037828,WR,True,0,0,2.0,0.0
2022,11,00-0038040,RB,True,0,0,2.0,-0.1
2022,11,00-0038098,RB,True,0,0,0.0,0.0
2022,11,00-0038115,TE,True,0,0,1.0,1.8
2022,11,00-0027981,TE,True,0,0,1.0,0.0
2022,11,00-0029000,WR,True,0,0,1.0,1.0
2022,11,00-0032134,TE,True,0,0,3.0,3.1
2022,11,00-0032355,WR,True,0,0,0.0,0.0
2022,11,00-0032394,TE,True,0,0,1.0,1.3
2022,11,00-0033681,WR,True,0,0,2.0,0.0
2022,11,00-0034364,TE,True,0,0,3.0,8.7
2022,11,00-0034765,WR,True,0,0,0.0,0.0
2022,11,00-0035022,WR,True,0,0,0.0,0.0
2022,11,00-0035249,TE,True,0,0,3.0,2.4
2022,11,00-0035562,TE,True,0,0,1.0,0.0
2022,11,00-0035603,TE,True,0,0,1.0,1.2
2022,11,00-0035806,RB,True,0,0,3.0,0.8
2022,11,00-0036219,WR,True,0,0,5.0,3.9
2022,11,00-0036268,WR,True,0,0,6.0,13.4
2022,11,00-0036422,TE,True,0,0,3.0,3.2
2022,11,00-0036497,WR,True,0,0,1.0,1.2
2022,11,00-0036626,WR,True,0,0,1.0,2.0
2022,11,00-0036692,TE,True,0,0,1.0,0.0
2022,11,00-0036741,TE,True,0,0,1.0,1.6
2022,11,00-0036857,RB,True,0,0,0.0,0.0
2022,11,00-0036918,WR,True,0,0,0.0,0.0
2022,11,00-0037086,TE,True,0,0,1.0,4.5
2022,11,00-0037112,TE,True,0,0,1.0,0.0
2022,11,00-0037311,TE,True,0,0,2.0,1.1
2022,11,00-0037569,TE,True,0,0,1.0,0.0
2022,11,00-0037666,WR,True,0,0,0.0,0.0
2022,11,00-0037755,TE,True,0,0,3.0,0.7
2022,11,00-0038041,TE,True,0,0,1.0,6.6
2022,11,00-0026293,WR,True,0,0,0.0,0.0
2022,11,00-0031484,TE,True,0,0,2.0,1.2
2022,11,00-0031868,WR,True,0,0,4.0,7.3
2022,11,00-0032986,TE,True,0,0,0.0,0.0
2022,11,00-0033798,TE,True,0,0,1.0,1.1
2022,11,00-0033951,RB,True,0,0,0.0,0.0
2022,11,00-0034764,WR,False,1,1,7.0,5.5
2022,11,00-0034867,WR,True,0,0,0.0,0.0
2022,11,00-0035259,TE,True,0,0,1.0,0.0
2022,11,00-0035457,WR,True,0,0,1.0,1.3
2022,11,00-0035535,WR,False,1,1,4.0,17.0
2022,11,00-0035544,WR,True,0,0,2.0,4.9
2022,11,00-0035628,RB,True,0,0,1.0,0.3
2022,11,00-0035973,RB,True,0,0,0.0,0.0
2022,11,00-0036194,TE,True,0,0,1.0,0.0
2022,11,00-0036429,TE,True,0,0,1.0,0.0
2022,11,00-0036860,RB,True,0,0,0.0,0.0
2022,11,00-0036959,WR,True,0,0,1.0,0.0
2022,11,00-0036984,RB,True,0,0,2.0,1.9
2022,11,00-0037291,WR,True,0,0,0.0,0.0
2022,11,00-0037708,WR,True,0,0,1.0,1.2
2022,11,00-0037744,TE,True,0,0,1.0,1.2
2022,11,00-0037745,WR,True,0,0,5.0,4.3
2022,11,00-0024243,TE,True,0,0,1.0,0.4
2022,11,00-0032058,RB,True,0,0,4.0,0.3
2022,11,00-0032980,WR,True,0,0,6.0,0.8
2022,11,00-0033633,WR,True,0,0,1.0,0.0
2022,11,00-0034109,RB,True,0,0,2.0,0.2
2022,11,00-0034193,TE,True,0,0,0.0,0.0
2022,11,00-0034317,WR,True,0,0,1.0,1.9
2022,11,00-0034928,WR,True,0,0,4.0,2.2
2022,11,00-0035184,RB,True,0,0,1.0,0.2
2022,11,00-0035304,RB,True,0,0,0.0,0.0
2022,11,00-0035311,RB,True,0,0,9.0,4.8
2022,11,00-0035329,TE,True,0,0,3.0,6.8
2022,11,00-0035976,WR,True,0,0,0.0,0.0
2022,11,00-0036165,WR,True,0,0,2.0,5.1
2022,11,00-0036627,WR,True,0,0,0.0,0.0
2022,11,00-0036825,TE,True,0,0,0.0,0.0
2022,11,00-0037078,TE,True,0,0,2.0,0.0
2022,11,00-0037276,RB,True,0,0,0.0,0.0
2022,11,00-0037348,TE,True,0,0,2.0,0.0
2022,11,00-0038104,WR,True,0,0,4.0,1.0
2022,11,00-0031545,WR,True,0,0,2.0,0.0
2022,11,00-0031585,TE,True,0,0,1.0,1.1
2022,11,00-0031806,RB,True,0,0,3.0,2.4
2022,11,00-0035308,TE,True,0,0,1.0,1.2
2022,11,00-0036032,TE,True,0,0,2.0,0.6
2022,11,00-0036887,TE,True,0,0,1.0,2.0
2022,11,00-0037004,TE,True,0,0,0.0,0.0
2022,11,00-0037286,RB,True,0,0,3.0,0.5
2022,11,00-0037299,RB,True,0,0,1.0,0.5
2022,11,00-0037300,WR,True,0,0,2.0,0.0
2022,11,00-0037545,WR,True,0,0,1.0,1.7
2022,11,00-0037557,RB,True,0,0,12.0,5.6
2022,11,00-0033481,WR,True,0,0,0.0,0.0
2022,11,00-0035432,WR,True,0,0,2.0,1.0
2022,11,00-0035624,TE,True,0,0,2.0,1.1
2022,11,00-0036176,WR,True,0,0,1.0,0.8
2022,11,00-0036255,WR,True,0,0,4.0,1.7
2022,11,00-0036527,WR,True,0,0,0.0,0.0
2022,11,00-0037098,WR,True,0,0,4.0,4.4
2022,11,00-0038045,RB,True,0,0,4.0,0.3
2022,11,00-0035341,WR,True,0,0,2.0,3.0
2022,11,00-0036020,RB,True,0,0,3.0,1.1
2022,11,00-0036543,RB,True,0,0,6.0,3.6
2022,11,00-0037093,WR,True,0,0,0.0,0.0
2022,11,00-0037282,TE,True,0,0,1.0,0.9
2022,11,00-0037355,WR,True,0,0,2.0,0.7
2022,11,00-0037563,RB,True,0,0,5.0,3.8
2022,11,00-0026189,WR,True,0,0,2.0,2.1
2022,11,00-0034052,WR,True,0,0,0.0,0.0
2022,11,00-0034400,RB,True,0,0,3.0,1.8
2022,11,00-0035819,WR,True,0,0,0.0,0.0
2022,11,00-0036096,RB,True,0,0,11.0,2.2
2022,11,00-0036415,WR,True,0,0,3.0,10.2
2022,11,00-0036424,TE,True,0,0,2.0,1.6
2022,11,00-0036450,RB,True,0,0,3.0,1.8
2022,11,00-0036534,TE,True,0,0,1.0,0.0
2022,11,00-0036669,RB,True,0,0,1.0,0.7
2022,11,00-0036858,WR,True,0,0,1.0,1.2
2022,11,00-0037277,TE,True,0,0,1.0,6.7
2022,11,00-0032257,RB,True,0,0,2.0,0.4
2022,11,00-0032780,RB,True,0,0,1.0,0.1
2022,11,00-0033367,WR,True,0,0,0.0,0.0
2022,11,00-0034930,WR,True,0,0,0.0,0.0
2022,11,00-0035273,RB,True,0,0,0.0,0.0
2022,11,00-0035787,TE,True,0,0,0.0,0.0
2022,11,00-0037387,WR,True,0,0,1.0,13.1
2022,11,00-0037581,WR,True,0,0,0.0,0.0
2022,12,00-0027691,WR,True,0,0,0.0,0.0
2022,12,00-0027942,WR,True,0,0,9.0,7.5
2022,12,00-0027944,WR,False,1,1,5.0,12.8
2022,12,00-0027966,RB,True,0,0,1.0,0.7
2022,12,00-0028002,WR,True,0,0,6.0,10.3
2022,12,00-0028063,RB,True,0,0,0.0,0.0
2022,12,00-0029239,RB,True,0,0,1.0,0.9
2022,12,00-0030061,TE,True,0,0,1.0,1.7
2022,12,00-0030108,TE,True,0,0,0.0,0.0
2022,12,00-0030288,RB,True,0,0,3.0,4.0
2022,12,00-0030431,WR,True,0,0,7.0,9.9
2022,12,00-0031273,TE,True,0,0,2.0,1.3
2022,12,00-0031325,WR,True,0,0,2.0,0.0
2022,12,00-0031384,TE,True,0,0,1.0,0.9
2022,12,00-0031547,WR,True,0,0,2.0,2.9
2022,12,00-0031690,TE,True,0,0,1.0,0.0
2022,12,00-0031763,WR,True,0,0,3.0,4.8
2022,12,00-0031941,WR,True,0,0,4.0,1.2
2022,12,00-0032054,WR,True,0,0,2.0,0.6
2022,12,00-0032063,RB,True,0,0,1.0,0.2
2022,12,00-0032104,RB,True,0,0,4.0,2.0
2022,12,00-0032128,WR,True,0,0,1.0,0.0
2022,12,00-0032141,TE,True,0,0,1.0,0.8
2022,12,00-0032200,WR,True,0,0,6.0,8.8
2022,12,00-0032208,WR,True,0,0,1.0,0.0
2022,12,00-0032214,TE,True,0,0,1.0,1.1
2022,12,00-0032385,WR,True,0,0,10.0,7.4
2022,12,00-0032392,TE,True,0,0,4.0,17.6
2022,12,00-0032398,WR,True,0,0,8.0,4.8
2022,12,00-0032602,RB,True,0,0,7.0,3.5
2022,12,00-0032688,WR,True,0,0,3.0,0.09999999999999998
2022,12,00-0032725,TE,True,0,0,1.0,0.0
2022,12,00-0032775,WR,True,1,1,9.0,17.3
2022,12,00-0032975,RB,True,0,0,0.0,0.0
2022,12,00-0033090,TE,True,0,0,1.0,2.5
2022,12,00-0033114,WR,True,0,0,1.0,0.0
2022,12,00-0033217,TE,True,0,0,1.0,1.9
2022,12,00-0033246,TE,True,0,0,1.0,1.3
2022,12,00-0033251,WR,True,0,0,1.0,1.4
2022,12,00-0033292,WR,True,0,0,1.0,0.6
2022,12,00-0033307,WR,True,0,0,1.0,1.3
2022,12,00-0033308,RB,True,0,0,4.0,9.4
2022,12,00-0033357,TE,True,0,0,10.0,7.06
2022,12,00-0033376,RB,True,0,0,1.0,0.4
2022,12,00-0033386,WR,True,0,0,1.0,0.0
2022,12,00-0033439,TE,True,0,0,1.0,0.0
2022,12,00-0033455,TE,True,0,0,1.0,1.6
2022,12,00-0033466,WR,True,0,0,1.0,0.0
2022,12,00-0033526,RB,True,1,1,15.0,28.2
2022,12,00-0033555,WR,True,0,0,9.0,8.2
2022,12,00-0033572,WR,True,0,0,4.0,1.9
2022,12,00-0033576,TE,True,0,0,2.0,2.6
2022,12,00-0033858,TE,True,0,0,5.0,6.5
2022,12,00-0033871,WR,True,0,0,1.0,0.0
2022,12,00-0033879,TE,True,0,0,3.0,1.4
2022,12,00-0033932,WR,True,0,0,2.0,3.9
2022,12,00-0033943,WR,True,0,0,6.0,2.4
2022,12,00-0034073,TE,True,0,0,1.0,6.1
2022,12,00-0034104,WR,True,0,0,1.0,2.2
2022,12,00-0034159,TE,True,0,0,2.0,3.8
2022,12,00-0034164,RB,True,0,0,0.0,0.0
2022,12,00-0034208,RB,True,0,0,4.0,2.3
2022,12,00-0034253,RB,True,0,0,2.0,8.3
2022,12,00-0034270,TE,True,0,0,3.0,2.5
2022,12,00-0034279,WR,True,0,0,2.0,3.4
2022,12,00-0034286,WR,True,0,0,3.0,12.3
2022,12,00-0034297,WR,True,0,0,0.0,0.0
2022,12,00-0034365,TE,True,0,0,4.0,3.9
2022,12,00-0034386,WR,True,0,0,4.0,8.2
2022,12,00-0034407,WR,True,0,0,1.0,0.0
2022,12,00-0034414,RB,True,0,0,5.0,2.2
2022,12,00-0034418,WR,True,0,0,1.0,1.2
2022,12,00-0034419,WR,True,0,0,1.0,0.0
2022,12,00-0034487,WR,True,0,0,5.0,14.3
2022,12,00-0034646,WR,True,0,0,3.0,2.5
2022,12,00-0034681,RB,True,0,0,2.0,0.6
2022,12,00-0034798,TE,True,0,0,1.0,0.0
2022,12,00-0034845,RB,True,0,0,1.0,0.1
2022,12,00-0034854,WR,True,0,0,1.0,1.8
2022,12,00-0034860,WR,True,0,0,0.0,0.0
2022,12,00-0034972,RB,True,0,0,3.0,1.3
2022,12,00-0034975,RB,True,0,0,10.0,5.3
2022,12,00-0035208,WR,True,0,0,3.0,2.7
2022,12,00-0035215,WR,True,0,0,0.0,0.0
2022,12,00-0035217,RB,True,0,0,0.0,0.0
2022,12,00-0035222,TE,True,0,0,3.0,1.8
2022,12,00-0035345,TE,True,0,0,1.0,0.0
2022,12,00-0035399,WR,True,0,0,0.0,0.0
2022,12,00-0035414,WR,True,0,0,3.0,7.4
2022,12,00-0035500,WR,True,0,0,10.0,14.8
2022,12,00-0035527,WR,True,0,0,2.0,1.6
2022,12,00-0035547,TE,True,0,0,2.0,6.1
2022,12,00-0035572,TE,True,0,0,0.0,0.0
2022,12,00-0035593,WR,True,0,0,1.0,0.0
2022,12,00-0035631,TE,True,0,0,1.0,0.09999999999999998
2022,12,00-0035644,TE,True,0,0,4.0,4.9
2022,12,00-0035645,WR,True,0,0,3.0,4.9
2022,12,00-0035703,WR,True,0,0,0.0,0.0
2022,12,00-0035726,RB,True,0,0,1.0,0.5
2022,12,00-0035823,TE,True,0,0,2.0,3.4
2022,12,00-0035924,RB,True,0,0,0.0,0.0
2022,12,00-0035956,TE,True,0,0,1.0,0.7
2022,12,00-0036005,TE,True,0,0,1.0,0.0
2022,12,00-0036040,TE,True,1,1,4.0,12.2
2022,12,00-0036133,WR,True,0,0,2.0,0.0
2022,12,00-0036139,RB,True,0,0,0.0,0.0
2022,12,00-0036145,TE,True,0,0,3.0,3.0
2022,12,00-0036232,TE,True,0,0,7.0,6.1
2022,12,00-0036244,TE,True,0,0,3.0,1.2
2022,12,00-0036250,TE,True,0,0,0.0,0.0
2022,12,00-0036259,WR,True,0,0,2.0,0.0
2022,12,00-0036271,WR,True,0,0,2.0,10.1
2022,12,00-0036326,WR,True,0,0,3.0,2.1
2022,12,00-0036332,TE,True,0,0,5.0,6.6
2022,12,00-0036345,WR,True,0,0,3.0,2.7
2022,12,00-0036365,WR,True,0,0,1.0,0.8
2022,12,00-0036370,RB,True,0,0,12.0,15.2
2022,12,00-0036387,WR,True,0,0,1.0,1.9
2022,12,00-0036412,WR,True,0,0,4.0,7.1
2022,12,00-0036423,TE,True,0,0,1.0,1.0
2022,12,00-0036425,RB,True,0,0,0.0,0.0
2022,12,00-0036439,WR,True,0,0,3.0,0.0
2022,12,00-0036482,WR,True,0,0,2.0,0.0
2022,12,00-0036554,WR,True,0,0,7.0,7.3
2022,12,00-0036555,RB,True,0,0,7.0,3.5
2022,12,00-0036556,TE,True,0,0,2.0,1.0
2022,12,00-0036569,RB,True,0,0,0.0,0.0
2022,12,00-0036572,WR,True,0,0,5.0,2.6
2022,12,00-0036620,WR,True,0,0,0.0,0.0
2022,12,00-0036628,TE,True,0,0,1.0,0.0
2022,12,00-0036630,WR,True,0,0,1.0,0.9
2022,12,00-0036637,TE,True,0,0,3.0,2.5
2022,12,00-0036646,WR,True,0,0,1.0,1.7
2022,12,00-0036654,RB,True,0,0,0.0,0.0
2022,12,00-0036671,WR,True,0,0,0.0,0.0
2022,12,00-0036842,RB,True,0,0,5.0,1.1
2022,12,00-0036849,WR,True,0,0,1.0,12.7
2022,12,00-0036876,TE,True,0,0,1.0,2.1
2022,12,00-0036877,WR,True,0,0,0.0,0.0
2022,12,00-0036919,RB,True,0,0,1.0,0.0
2022,12,00-0036950,RB,True,0,0,0.0,0.0
2022,12,00-0036980,WR,True,0,0,4.0,2.7
2022,12,00-0036988,WR,True,0,0,10.0,26.6
2022,12,00-0036991,WR,True,0,0,0.0,0.0
2022,12,00-0036999,WR,True,0,0,0.0,0.0
2022,12,00-0037005,TE,True,0,0,0.0,0.0
2022,12,00-0037011,TE,True,0,0,6.0,3.6
2022,12,00-0037087,RB,True,0,0,7.0,0.8
2022,12,00-0037132,WR,True,0,0,0.0,0.0
2022,12,00-0037168,TE,True,0,0,0.0,0.0
2022,12,00-0037267,RB,True,0,0,0.0,0.0
2022,12,00-0037272,WR,True,0,0,0.0,0.0
2022,12,00-0037273,WR,True,0,0,2.0,1.2
2022,12,00-0037331,RB,True,0,0,1.0,0.3
2022,12,00-0037456,RB,True,0,0,0.0,0.0
2022,12,00-0037525,RB,True,0,0,4.0,1.4
2022,12,00-0037570,WR,True,0,0,1.0,0.0
2022,12,00-0037664,WR,True,0,0,8.0,4.3
2022,12,00-0037801,WR,True,0,0,0.0,0.0
2022,12,00-0037809,TE,True,0,0,2.0,3.6
2022,12,00-0037838,TE,True,0,0,3.0,0.6
2022,12,00-0038090,WR,True,0,0,6.0,8.8
2022,12,00-0038117,WR,True,0,0,14.0,14.9
2022,12,00-0029664,WR,True,0,0,1.0,0.0
2022,12,00-0030456,RB,True,0,0,0.0,0.0
2022,12,00-0031787,WR,True,0,0,0.0,0.0
2022,12,00-0032450,RB,True,0,0,4.0,1.9
2022,12,00-0033854,RB,True,0,0,1.0,1.0
2022,12,00-0034011,TE,True,0,0,1.0,1.3
2022,12,00-0034054,WR,True,0,0,1.0,0.0
2022,12,00-0034301,RB,True,0,0,8.0,2.4
2022,12,00-0034366,WR,True,0,0,0.0,0.0
2022,12,00-0034440,RB,True,0,0,10.0,8.2
2022,12,00-0034613,TE,True,0,0,3.0,3.9
2022,12,00-0034981,TE,True,1,1,3.0,3.8
2022,12,00-0035298,WR,True,0,0,2.0,3.5
2022,12,00-0035359,WR,True,0,0,2.0,1.0
2022,12,00-0035406,WR,True,0,0,0.0,0.0
2022,12,00-0035510,WR,True,0,0,1.0,1.1
2022,12,00-0035537,RB,True,0,0,5.0,0.4
2022,12,00-0035567,RB,True,0,0,3.0,0.7
2022,12,00-0035771,TE,True,0,0,1.0,0.8
2022,12,00-0035860,RB,True,0,0,4.0,3.0
2022,12,00-0035864,WR,True,0,0,3.0,7.2
2022,12,00-0035876,WR,True,0,0,4.0,2.3
2022,12,00-0036187,RB,True,0,0,0.0,0.0
2022,12,00-0036228,WR,True,0,0,6.0,3.4
2022,12,00-0036277,WR,True,0,0,3.0,2.5
2022,12,00-0036438,TE,True,0,0,2.0,3.8
2022,12,00-0036493,RB,True,0,0,5.0,3.0
2022,12,00-0036510,TE,True,0,0,0.0,0.0
2022,12,00-0036590,TE,True,0,0,0.0,0.0
2022,12,00-0036635,WR,True,0,0,2.0,-0.1
2022,12,00-0036754,TE,True,0,0,2.0,3.0
2022,12,00-0037185,WR,True,0,0,0.0,0.0
2022,12,00-0037257,WR,True,0,0,5.0,4.2
2022,12,00-0037261,WR,True,0,0,2.0,1.1
2022,12,00-0037617,RB,True,0,0,0.0,0.0
2022,12,00-0037805,TE,True,0,0,1.0,0.0
2022,12,00-0037827,RB,True,0,0,4.0,0.4
2022,12,00-0037828,WR,True,0,0,2.0,0.0
2022,12,00-0038040,RB,True,0,0,2.0,-0.1
2022,12,00-0038098,RB,True,0,0,0.0,0.0
2022,12,00-0038115,TE,True,0,0,1.0,1.8
2022,12,00-0027981,TE,True,0,0,1.0,0.0
2022,12,00-0029000,WR,True,0,0,1.0,1.0
2022,12,00-0032134,TE,True,0,0,0.0,0.0
2022,12,00-0032355,WR,True,0,0,0.0,0.0
2022,12,00-0032394,TE,True,0,0,1.0,1.3
2022,12,00-0033681,WR,True,0,0,2.0,2.6
2022,12,00-0034364,TE,True,0,0,3.0,1.8
2022,12,00-0034765,WR,True,0,0,0.0,0.0
2022,12,00-0035022,WR,True,0,0,0.0,0.0
2022,12,00-0035249,TE,True,0,0,1.0,0.7
2022,12,00-0035562,TE,True,0,0,0.0,0.0
2022,12,00-0035603,TE,True,0,0,1.0,1.2
2022,12,00-0035806,RB,True,0,0,3.0,0.8
2022,12,00-0036219,WR,True,0,0,1.0,1.1
2022,12,00-0036268,WR,True,0,0,4.0,2.7
2022,12,00-0036422,TE,True,0,0,3.0,2.7
2022,12,00-0036497,WR,True,0,0,1.0,1.2
2022,12,00-0036626,WR,True,0,0,1.0,2.0
2022,12,00-0036692,TE,True,0,0,1.0,0.0
2022,12,00-0036741,TE,True,0,0,1.0,1.2
2022,12,00-0036857,RB,True,0,0,0.0,0.0
2022,12,00-0036918,WR,True,0,0,0.0,0.0
2022,12,00-0037086,TE,True,0,0,0.0,0.0
2022,12,00-0037112,TE,True,0,0,1.0,0.0
2022,12,00-0037311,TE,True,0,0,2.0,1.1
2022,12,00-0037569,TE,True,0,0,1.0,0.3
2022,12,00-0037666,WR,True,0,0,1.0,1.3
2022,12,00-0037755,TE,True,0,0,3.0,0.7
2022,12,00-0038041,TE,True,0,0,2.0,2.5
2022,12,00-0026293,WR,True,0,0,0.0,0.0
2022,12,00-0031484,TE,True,0,0,2.0,1.2
2022,12,00-0031868,WR,True,0,0,2.0,3.9
2022,12,00-0032986,TE,True,0,0,0.0,0.0
2022,12,00-0033798,TE,True,0,0,1.0,1.1
2022,12,00-0033951,RB,True,0,0,0.0,0.0
2022,12,00-0034867,WR,True,0,0,0.0,0.0
2022,12,00-0035259,TE,True,0,0,1.0,0.0
2022,12,00-0035457,WR,True,0,0,1.0,1.3
2022,12,00-0035544,WR,True,0,0,1.0,1.8
2022,12,00-0035628,RB,True,0,0,0.0,0.0
2022,12,00-0035973,RB,True,0,0,0.0,0.0
2022,12,00-0036194,TE,True,0,0,0.0,0.0
2022,12,00-0036429,TE,True,0,0,1.0,0.0
2022,12,00-0036860,RB,True,0,0,0.0,0.0
2022,12,00-0036959,WR,True,0,0,1.0,0.0
2022,12,00-0036984,RB,True,0,0,2.0,1.9
2022,12,00-0037291,WR,True,0,0,3.0,2.0
2022,12,00-0037708,WR,True,0,0,1.0,1.2
2022,12,00-0037744,TE,True,0,0,4.0,3.4
2022,12,00-0037745,WR,True,0,0,0.0,0.0
2022,12,00-0024243,TE,True,0,0,1.0,0.4
2022,12,00-0032058,RB,True,0,0,4.0,0.3
2022,12,00-0032980,WR,True,0,0,6.0,0.8
2022,12,00-0033633,WR,True,0,0,1.0,0.0
2022,12,00-0034109,RB,True,0,0,2.0,0.2
2022,12,00-0034193,TE,True,0,0,0.0,0.0
2022,12,00-0034317,WR,True,0,0,1.0,1.9
2022,12,00-0034928,WR,True,0,0,3.0,-0.3
2022,12,00-0035184,RB,True,0,0,1.0,0.2
2022,12,00-0035304,RB,True,0,0,0.0,0.0
2022,12,00-0035311,RB,True,0,0,9.0,4.8
2022,12,00-0035329,TE,True,0,0,3.0,6.8
2022,12,00-0035976,WR,True,0,0,0.0,0.0
2022,12,00-0036165,WR,True,0,0,3.0,2.4
2022,12,00-0036627,WR,True,0,0,0.0,0.0
2022,12,00-0036825,TE,True,0,0,0.0,0.0
2022,12,00-0037078,TE,True,0,0,1.0,0.0
2022,12,00-0037276,RB,True,0,0,0.0,0.0
2022,12,00-0037348,TE,True,0,0,2.0,0.0
2022,12,00-0038104,WR,True,0,0,2.0,1.0
2022,12,00-0031545,WR,True,0,0,2.0,0.0
2022,12,00-0031585,TE,True,0,0,1.0,2.2
2022,12,00-0031806,RB,True,0,0,3.0,2.4
2022,12,00-0035308,TE,True,0,0,1.0,1.2
2022,12,00-0036032,TE,True,0,0,2.0,0.6
2022,12,00-0036887,TE,True,0,0,1.0,2.0
2022,12,00-0037004,TE,True,0,0,0.0,0.0
2022,12,00-0037286,RB,True,0,0,3.0,0.5
2022,12,00-0037299,RB,True,0,0,5.0,1.9
2022,12,00-0037300,WR,True,0,0,2.0,0.0
2022,12,00-0037545,WR,True,0,0,2.0,1.3
2022,12,00-0037557,RB,True,0,0,12.0,5.6
2022,12,00-0033481,WR,True,0,0,0.0,0.0
2022,12,00-0035432,WR,True,0,0,2.0,1.0
2022,12,00-0035624,TE,True,0,0,2.0,1.1
2022,12,00-0036176,WR,True,0,0,1.0,0.8
2022,12,00-0036255,WR,True,0,0,6.0,4.5
2022,12,00-0036527,WR,True,0,0,0.0,0.0
2022,12,00-0037098,WR,True,0,0,4.0,4.4
2022,12,00-0038045,RB,True,1,1,6.0,3.2
2022,12,00-0035341,WR,True,0,0,4.0,11.7
2022,12,00-0036020,RB,True,0,0,3.0,1.1
2022,12,00-0036543,RB,True,0,0,6.0,3.6
2022,12,00-0037093,WR,True,0,0,0.0,0.0
2022,12,00-0037282,TE,True,0,0,1.0,0.9
2022,12,00-0037355,WR,True,0,0,2.0,0.7
2022,12,00-0037563,RB,True,0,0,10.0,4.5
2022,12,00-0026189,WR,True,0,0,2.0,2.1
2022,12,00-0034052,WR,True,0,0,0.0,0.0
2022,12,00-0034400,RB,True,0,0,3.0,1.8
2022,12,00-0035819,WR,True,0,0,0.0,0.0
2022,12,00-0036096,RB,True,0,0,11.0,2.2
2022,12,00-0036415,WR,True,0,0,5.0,5.6
2022,12,00-0036424,TE,True,0,0,2.0,1.6
2022,12,00-0036450,RB,True,0,0,3.0,1.8
2022,12,00-0036534,TE,True,0,0,1.0,0.0
2022,12,00-0036669,RB,True,0,0,1.0,0.7
2022,12,00-0036858,WR,True,0,0,1.0,1.2
2022,12,00-0037277,TE,True,0,0,1.0,0.0
2022,12,00-0032257,RB,True,0,0,2.0,0.4
2022,12,00-0032780,RB,True,0,0,1.0,0.1
2022,12,00-0033367,WR,True,0,0,0.0,0.0
2022,12,00-0034930,WR,True,0,0,0.0,0.0
2022,12,00-0035273,RB,True,0,0,0.0,0.0
2022,12,00-0035787,TE,True,0,0,0.0,0.0
2022,12,00-0037387,WR,True,0,0,1.0,13.1
2022,12,00-0037581,WR,True,0,0,0.0,0.0
2022,12,00-0031558,TE,True,0,0,1.0,1.2
2022,12,00-0032187,RB,True,0,0,2.0,1.2
2022,12,00-0033725,RB,True,0,0,0.0,0.0
2022,12,00-0035291,RB,True,0,0,3.0,0.7
2022,12,00-0035356,TE,True,0,0,0.0,0.0
2022,12,00-0037329,RB,True,0,0,0.0,0.0
2022,12,00-0037382,WR,True,0,0,2.0,0.7
2022,12,00-0037475,TE,True,0,0,1.0,1.1
2022,13,00-0027691,WR,True,0,0,0.0,0.0
2022,13,00-0027942,WR,True,0,0,2.0,1.0
2022,13,00-0027966,RB,True,0,0,5.0,1.0
2022,13,00-0028002,WR,True,0,0,4.0,8.9
2022,13,00-0028063,RB,True,0,0,0.0,0.0
2022,13,00-0029239,RB,True,0,0,1.0,0.9
2022,13,00-0030061,TE,True,0,0,1.0,1.7
2022,13,00-0030108,TE,True,0,0,0.0,0.0
2022,13,00-0030288,RB,True,0,0,2.0,1.0
2022,13,00-0030431,WR,True,0,0,6.0,2.6
2022,13,00-0031273,TE,True,0,0,5.0,2.5
2022,13,00-0031325,WR,True,0,0,2.0,0.0
2022,13,00-0031384,TE,True,0,0,1.0,0.9
2022,13,00-0031547,WR,True,0,0,4.0,10.0
2022,13,00-0031549,WR,False,1,1,8.0,15.5
2022,13,00-0031690,TE,True,0,0,1.0,0.0
2022,13,00-0031763,WR,True,0,0,10.0,16.8
2022,13,00-0031941,WR,True,0,0,4.0,1.2
2022,13,00-0032054,WR,True,0,0,1.0,0.0
2022,13,00-0032063,RB,True,0,0,1.0,0.2
2022,13,00-0032104,RB,True,0,0,6.0,13.0
2022,13,00-0032128,WR,True,0,0,1.0,0.0
2022,13,00-0032141,TE,True,0,0,1.0,0.0
2022,13,00-0032200,WR,True,0,0,6.0,8.8
2022,13,00-0032208,WR,True,0,0,2.0,1.0
2022,13,00-0032214,TE,True,0,0,1.0,1.1
2022,13,00-0032385,WR,True,0,0,10.0,7.4
2022,13,00-0032392,TE,True,0,0,4.0,4.5
2022,13,00-0032398,WR,True,0,0,3.0,1.7
2022,13,00-0032602,RB,True,0,0,7.0,3.5
2022,13,00-0032688,WR,True,0,0,3.0,2.2
2022,13,00-0032725,TE,True,0,0,1.0,0.0
2022,13,00-0032775,WR,True,0,0,4.0,2.2
2022,13,00-0032975,RB,True,0,0,4.0,2.2
2022,13,00-0033090,TE,True,0,0,5.0,13.8
2022,13,00-0033114,WR,True,0,0,1.0,0.0
2022,13,00-0033217,TE,True,0,0,3.0,2.4
2022,13,00-0033246,TE,True,0,0,2.0,3.0
2022,13,00-0033251,WR,True,0,0,0.0,0.0
2022,13,00-0033292,WR,True,0,0,2.0,1.3
2022,13,00-0033307,WR,True,0,0,5.0,4.4
2022,13,00-0033308,RB,True,0,0,3.0,2.0
2022,13,00-0033357,TE,True,0,0,8.0,2.5
2022,13,00-0033376,RB,True,0,0,3.0,2.4
2022,13,00-0033386,WR,True,0,0,0.0,0.0
2022,13,00-0033439,TE,True,0,0,1.0,0.0
2022,13,00-0033455,TE,True,0,0,1.0,2.1
2022,13,00-0033466,WR,True,0,0,12.0,19.3
2022,13,00-0033555,WR,True,0,0,5.0,14.3
2022,13,00-0033572,WR,True,0,0,5.0,12.2
2022,13,00-0033576,TE,True,0,0,2.0,2.6
2022,13,00-0033858,TE,True,0,0,5.0,6.5
2022,13,00-0033871,WR,True,0,0,3.0,1.4
2022,13,00-0033879,TE,True,0,0,2.0,0.0
2022,13,00-0033891,WR,False,3,3,14.0,22.0
2022,13,00-0033932,WR,True,0,0,2.0,3.9
2022,13,00-0033943,WR,True,0,0,6.0,2.4
2022,13,00-0034073,TE,True,0,0,1.0,6.1
2022,13,00-0034104,WR,True,0,0,1.0,2.2
2022,13,00-0034159,TE,True,0,0,3.0,2.7
2022,13,00-0034164,RB,True,0,0,0.0,0.0
2022,13,00-0034208,RB,True,0,0,4.0,2.3
2022,13,00-0034253,RB,True,0,0,5.0,3.4
2022,13,00-0034270,TE,True,0,0,3.0,6.5
2022,13,00-0034279,WR,True,0,0,2.0,1.2
2022,13,00-0034286,WR,True,0,0,6.0,12.6
2022,13,00-0034297,WR,True,0,0,2.0,8.2
2022,13,00-0034365,TE,True,0,0,2.0,3.1
2022,13,00-0034386,WR,True,0,0,2.0,3.6
2022,13,00-0034407,WR,True,0,0,1.0,1.7
2022,13,00-0034414,RB,True,0,0,3.0,2.4
2022,13,00-0034418,WR,True,0,0,3.0,3.6
2022,13,00-0034419,WR,True,0,0,3.0,1.8
2022,13,00-0034487,WR,True,0,0,5.0,4.3
2022,13,00-0034646,WR,True,0,0,2.0,1.6
2022,13,00-0034681,RB,True,0,0,2.0,0.6
2022,13,00-0034798,TE,True,0,0,1.0,6.9
2022,13,00-0034845,RB,True,0,0,1.0,0.1
2022,13,00-0034854,WR,True,0,0,1.0,1.8
2022,13,00-0034860,WR,True,0,0,2.0,1.7
2022,13,00-0034975,RB,True,0,0,1.0,0.3
2022,13,00-0035208,WR,True,0,0,8.0,11.6
2022,13,00-0035215,WR,True,0,0,0.0,0.0
2022,13,00-0035217,RB,True,1,1,13.0,13.3
2022,13,00-0035222,TE,True,0,0,1.0,0.09999999999999998
2022,13,00-0035345,TE,True,0,0,1.0,2.8
2022,13,00-0035399,WR,True,0,0,0.0,0.0
2022,13,00-0035414,WR,True,0,0,3.0,7.4
2022,13,00-0035527,WR,True,0,0,2.0,1.6
2022,13,00-0035547,TE,True,0,0,3.0,3.6
2022,13,00-0035572,TE,True,0,0,2.0,1.4
2022,13,00-0035593,WR,True,0,0,1.0,0.0
2022,13,00-0035631,TE,True,0,0,1.0,0.09999999999999998
2022,13,00-0035644,TE,True,0,0,3.0,4.9
2022,13,00-0035645,WR,True,0,0,1.0,0.9
2022,13,00-0035703,WR,True,0,0,0.0,0.0
2022,13,00-0035726,RB,True,0,0,1.0,0.0
2022,13,00-0035823,TE,True,0,0,2.0,3.4
2022,13,00-0035924,RB,True,0,0,0.0,0.0
2022,13,00-0035956,TE,True,0,0,1.0,0.7
2022,13,00-0036005,TE,True,0,0,1.0,0.0
2022,13,00-0036133,WR,True,0,0,2.0,0.0
2022,13,00-0036139,RB,True,0,0,0.0,0.0
2022,13,00-0036145,TE,True,0,0,2.0,2.5
2022,13,00-0036182,WR,True,0,0,6.0,7.8
2022,13,00-0036232,TE,True,0,0,2.0,1.9
2022,13,00-0036244,TE,True,0,0,3.0,1.2
2022,13,00-0036250,TE,True,0,0,1.0,0.0
2022,13,00-0036259,WR,True,0,0,7.0,13.9
2022,13,00-0036265,RB,False,1,1,12.0,16.3
2022,13,00-0036271,WR,True,0,0,5.0,11.0
2022,13,00-0036326,WR,True,0,0,5.0,6.1
2022,13,00-0036332,TE,True,0,0,5.0,6.6
2022,13,00-0036345,WR,True,0,0,3.0,1.8
2022,13,00-0036365,WR,True,0,0,1.0,0.8
2022,13,00-0036387,WR,True,0,0,1.0,3.0
2022,13,00-0036412,WR,True,0,0,4.0,7.1
2022,13,00-0036423,TE,True,0,0,1.0,1.0
2022,13,00-0036425,RB,True,0,0,3.0,2.5
2022,13,00-0036439,WR,True,0,0,3.0,0.0
2022,13,00-0036482,WR,True,0,0,2.0,0.0
2022,13,00-0036554,WR,True,0,0,9.0,7.4
2022,13,00-0036555,RB,True,0,0,17.0,6.5
2022,13,00-0036556,TE,True,0,0,2.0,1.0
2022,13,00-0036569,RB,True,0,0,7.0,5.9
2022,13,00-0036572,WR,True,0,0,0.0,0.0
2022,13,00-0036620,WR,True,0,0,0.0,0.0
2022,13,00-0036628,TE,True,0,0,4.0,9.9
2022,13,00-0036630,WR,True,0,0,1.0,0.9
2022,13,00-0036637,TE,True,0,0,2.0,2.6
2022,13,00-0036646,WR,True,0,0,1.0,1.7
2022,13,00-0036654,RB,True,0,0,0.0,0.0
2022,13,00-0036671,WR,True,0,0,0.0,0.0
2022,13,00-0036842,RB,True,0,0,0.0,6.0
2022,13,00-0036849,WR,True,0,0,2.0,3.3
2022,13,00-0036876,TE,True,0,0,1.0,2.1
2022,13,00-0036877,WR,True,0,0,0.0,0.0
2022,13,00-0036919,RB,True,0,0,9.0,11.1
2022,13,00-0036950,RB,True,0,0,0.0,0.0
2022,13,00-0036980,WR,True,0,0,3.0,13.0
2022,13,00-0036988,WR,True,0,0,7.0,8.1
2022,13,00-0036991,WR,True,0,0,0.0,0.0
2022,13,00-0036999,WR,True,0,0,3.0,11.3
2022,13,00-0037005,TE,True,0,0,2.0,0.7
2022,13,00-0037011,TE,True,0,0,0.0,0.0
2022,13,00-0037087,RB,True,0,0,7.0,0.8
2022,13,00-0037132,WR,True,0,0,0.0,0.0
2022,13,00-0037168,TE,True,0,0,0.0,0.0
2022,13,00-0037228,RB,True,0,0,1.0,1.4
2022,13,00-0037267,RB,True,0,0,0.0,0.0
2022,13,00-0037272,WR,True,0,0,4.0,0.3
2022,13,00-0037273,WR,True,0,0,2.0,1.2
2022,13,00-0037331,RB,True,0,0,1.0,0.3
2022,13,00-0037456,RB,True,0,0,0.0,0.0
2022,13,00-0037525,RB,True,0,0,5.0,2.5
2022,13,00-0037570,WR,True,0,0,1.0,0.0
2022,13,00-0037664,WR,True,0,0,2.0,0.0
2022,13,00-0037801,WR,True,0,0,0.0,0.0
2022,13,00-0037809,TE,True,0,0,5.0,5.0
2022,13,00-0037838,TE,True,0,0,3.0,0.6
2022,13,00-0038090,WR,True,0,0,6.0,6.1
2022,13,00-0038117,WR,True,0,0,14.0,14.9
2022,13,00-0029664,WR,True,0,0,1.0,0.0
2022,13,00-0030456,RB,True,0,0,0.0,0.0
2022,13,00-0031787,WR,True,0,0,0.0,0.0
2022,13,00-0032450,RB,True,0,0,0.0,0.0
2022,13,00-0033854,RB,True,0,0,6.0,8.5
2022,13,00-0034011,TE,True,0,0,1.0,1.3
2022,13,00-0034054,WR,True,0,0,4.0,7.5
2022,13,00-0034301,RB,True,0,0,8.0,2.4
2022,13,00-0034366,WR,True,0,0,0.0,0.0
2022,13,00-0034440,RB,True,0,0,6.0,2.4
2022,13,00-0034521,WR,False,1,0,3.0,3.4
2022,13,00-0034613,TE,True,0,0,1.0,1.5
2022,13,00-0035298,WR,True,0,0,2.0,3.5
2022,13,00-0035359,WR,True,0,0,2.0,1.0
2022,13,00-0035406,WR,True,0,0,0.0,0.0
2022,13,00-0035510,WR,True,0,0,1.0,1.1
2022,13,00-0035537,RB,True,0,0,7.0,14.3
2022,13,00-0035567,RB,True,0,0,3.0,0.7
2022,13,00-0035771,TE,True,0,0,1.0,0.8
2022,13,00-0035860,RB,True,0,0,4.0,3.0
2022,13,00-0035864,WR,True,0,0,10.0,7.3
2022,13,00-0035876,WR,True,0,0,1.0,1.2
2022,13,00-0036187,RB,True,0,0,0.0,0.0
2022,13,00-0036228,WR,True,0,0,6.0,3.4
2022,13,00-0036277,WR,True,0,0,3.0,2.5
2022,13,00-0036438,TE,True,0,0,2.0,3.8
2022,13,00-0036493,RB,True,0,0,5.0,3.0
2022,13,00-0036510,TE,True,0,0,0.0,0.0
2022,13,00-0036590,TE,True,0,0,1.0,0.8
2022,13,00-0036635,WR,True,0,0,2.0,-0.1
2022,13,00-0036754,TE,True,0,0,3.0,1.6
2022,13,00-0037185,WR,True,0,0,0.0,0.0
2022,13,00-0037257,WR,True,0,0,6.0,4.3
2022,13,00-0037261,WR,True,0,0,2.0,1.1
2022,13,00-0037617,RB,True,0,0,0.0,0.0
2022,13,00-0037805,TE,True,0,0,1.0,0.0
2022,13,00-0037827,RB,True,0,0,4.0,0.4
2022,13,00-0037828,WR,True,0,0,2.0,0.0
2022,13,00-0038040,RB,True,0,0,2.0,2.8
2022,13,00-0038098,RB,True,0,0,0.0,0.0
2022,13,00-0038115,TE,True,0,0,1.0,1.8
2022,13,00-0027981,TE,True,0,0,1.0,0.0
2022,13,00-0029000,WR,True,0,0,1.0,1.0
2022,13,00-0032134,TE,True,0,0,3.0,3.2
2022,13,00-0032355,WR,True,0,0,0.0,0.0
2022,13,00-0032394,TE,True,0,0,1.0,1.3
2022,13,00-0033681,WR,True,0,0,2.0,2.2
2022,13,00-0034364,TE,True,0,0,5.0,12.6
2022,13,00-0034765,WR,True,0,0,1.0,1.3
2022,13,00-0035022,WR,True,0,0,0.0,0.0
2022,13,00-0035249,TE,True,0,0,6.0,15.6
2022,13,00-0035562,TE,True,0,0,0.0,0.0
2022,13,00-0035603,TE,True,0,0,1.0,1.2
2022,13,00-0035806,RB,True,1,1,17.0,18.0
2022,13,00-0036219,WR,True,0,0,1.0,1.1
2022,13,00-0036268,WR,True,0,0,3.0,3.1
2022,13,00-0036422,TE,True,0,0,1.0,2.2
2022,13,00-0036497,WR,True,0,0,0.0,0.0
2022,13,00-0036626,WR,True,0,0,1.0,2.2
2022,13,00-0036692,TE,True,0,0,1.0,0.0
2022,13,00-0036741,TE,True,0,0,1.0,1.2
2022,13,00-0036857,RB,True,0,0,0.0,0.0
2022,13,00-0036918,WR,True,0,0,1.0,1.1
2022,13,00-0037086,TE,True,0,0,1.0,0.3
2022,13,00-0037112,TE,True,0,0,1.0,0.0
2022,13,00-0037311,TE,True,0,0,1.0,7.0
2022,13,00-0037569,TE,True,0,0,1.0,6.2
2022,13,00-0037666,WR,True,0,0,1.0,1.3
2022,13,00-0037755,TE,True,0,0,9.0,13.8
2022,13,00-0038041,TE,True,0,0,3.0,7.2
2022,13,00-0026293,WR,True,0,0,0.0,0.0
2022,13,00-0031484,TE,True,0,0,2.0,1.2
2022,13,00-0031868,WR,True,0,0,2.0,3.9
2022,13,00-0032986,TE,True,0,0,0.0,0.0
2022,13,00-0033798,TE,True,0,0,1.0,1.1
2022,13,00-0033951,RB,True,0,0,3.0,1.7
2022,13,00-0034867,WR,True,0,0,0.0,0.0
2022,13,00-0035259,TE,True,0,0,1.0,0.8
2022,13,00-0035457,WR,True,0,0,1.0,1.3
2022,13,00-0035544,WR,True,0,0,1.0,1.8
2022,13,00-0035628,RB,True,0,0,0.0,0.0
2022,13,00-0035973,RB,True,0,0,0.0,0.0
2022,13,00-0036194,TE,True,0,0,0.0,0.0
2022,13,00-0036429,TE,True,0,0,0.0,0.0
2022,13,00-0036860,RB,True,0,0,0.0,0.0
2022,13,00-0036959,WR,True,0,0,0.0,0.0
2022,13,00-0036984,RB,True,0,0,2.0,1.9
2022,13,00-0037291,WR,True,0,0,0.0,0.0
2022,13,00-0037708,WR,True,0,0,1.0,1.2
2022,13,00-0037744,TE,True,0,0,3.0,0.6
2022,13,00-0037745,WR,True,0,0,2.0,0.6
2022,13,00-0024243,TE,True,0,0,1.0,0.4
2022,13,00-0032058,RB,True,0,0,4.0,0.3
2022,13,00-0032980,WR,True,0,0,6.0,0.8
2022,13,00-0033633,WR,True,0,0,1.0,0.0
2022,13,00-0034109,RB,True,0,0,2.0,0.2
2022,13,00-0034193,TE,True,0,0,0.0,0.0
2022,13,00-0034317,WR,True,0,0,1.0,1.9
2022,13,00-0034928,WR,True,0,0,3.0,1.9
2022,13,00-0035184,RB,True,0,0,1.0,0.8
2022,13,00-0035304,RB,True,0,0,0.0,0.0
2022,13,00-0035311,RB,True,0,0,7.0,2.6
2022,13,00-0035329,TE,True,0,0,3.0,6.8
2022,13,00-0035976,WR,True,0,0,0.0,0.0
2022,13,00-0036165,WR,True,0,0,4.0,4.6
2022,13,00-0036627,WR,True,0,0,0.0,0.0
2022,13,00-0036825,TE,True,0,0,0.0,0.0
2022,13,00-0037078,TE,True,0,0,1.0,0.0
2022,13,00-0037276,RB,True,0,0,0.0,0.0
2022,13,00-0037348,TE,True,0,0,2.0,0.0
2022,13,00-0038104,WR,True,0,0,2.0,1.0
2022,13,00-0031545,WR,True,0,0,0.0,0.0
2022,13,00-0031585,TE,True,0,0,3.0,7.9
2022,13,00-0031806,RB,True,0,0,3.0,2.4
2022,13,00-0035308,TE,True,0,0,1.0,1.2
2022,13,00-0036032,TE,True,0,0,2.0,0.6
2022,13,00-0036887,TE,True,0,0,1.0,2.0
2022,13,00-0037004,TE,True,0,0,0.0,0.0
2022,13,00-0037286,RB,True,0,0,3.0,0.5
2022,13,00-0037299,RB,True,0,0,2.0,0.5
2022,13,00-0037300,WR,True,0,0,2.0,0.0
2022,13,00-0037545,WR,True,0,0,4.0,6.9
2022,13,00-0037557,RB,True,0,0,12.0,5.6
2022,13,00-0033481,WR,True,0,0,0.0,0.0
2022,13,00-0035432,WR,True,0,0,2.0,1.0
2022,13,00-0035624,TE,True,0,0,2.0,1.1
2022,13,00-0036176,WR,True,0,0,1.0,0.8
2022,13,00-0036255,WR,True,0,0,1.0,1.6
2022,13,00-0036527,WR,True,0,0,0.0,0.0
2022,13,00-0037098,WR,True,0,0,4.0,4.4
2022,13,00-0035341,WR,True,0,0,4.0,2.1
2022,13,00-0036020,RB,True,0,0,3.0,1.1
2022,13,00-0036543,RB,True,0,0,6.0,3.6
2022,13,00-0037093,WR,True,0,0,0.0,0.0
2022,13,00-0037282,TE,True,0,0,1.0,2.7
2022,13,00-0037355,WR,True,0,0,2.0,0.7
2022,13,00-0037563,RB,True,0,0,10.0,4.5
2022,13,00-0026189,WR,True,0,0,3.0,8.4
2022,13,00-0034052,WR,True,0,0,0.0,0.0
2022,13,00-0034400,RB,True,0,0,3.0,1.8
2022,13,00-0035819,WR,True,0,0,0.0,0.0
2022,13,00-0036096,RB,True,0,0,11.0,2.2
2022,13,00-0036415,WR,True,0,0,6.0,10.4
2022,13,00-0036424,TE,True,0,0,2.0,1.7
2022,13,00-0036450,RB,True,0,0,4.0,1.5
2022,13,00-0036534,TE,True,0,0,1.0,0.0
2022,13,00-0036669,RB,True,0,0,1.0,0.7
2022,13,00-0036858,WR,True,0,0,1.0,1.2
2022,13,00-0037277,TE,True,0,0,2.0,3.0
2022,13,00-0032257,RB,True,0,0,2.0,0.4
2022,13,00-0032780,RB,True,0,0,1.0,0.1
2022,13,00-0033367,WR,True,0,0,0.0,0.0
2022,13,00-0034930,WR,True,0,0,0.0,0.0
2022,13,00-0035273,RB,True,0,0,0.0,0.0
2022,13,00-0035787,TE,True,0,0,0.0,0.0
2022,13,00-0037387,WR,True,0,0,2.0,0.0
2022,13,00-0037581,WR,True,0,0,0.0,0.0
2022,13,00-0037840,RB,True,0,0,14.0,7.5
2022,13,00-0031558,TE,True,0,0,1.0,1.2
2022,13,00-0032187,RB,True,0,0,2.0,1.2
2022,13,00-0033725,RB,True,0,0,1.0,1.3
2022,13,00-0035291,RB,True,0,0,3.0,4.7
2022,13,00-0035356,TE,True,0,0,0.0,0.0
2022,13,00-0037329,RB,True,0,0,0.0,0.0
2022,13,00-0037382,WR,True,0,0,4.0,8.0
2022,13,00-0037475,TE,True,0,0,1.0,1.1
2022,13,00-0031598,TE,True,0,0,0.0,0.0
2022,13,00-0032543,WR,True,0,0,0.0,0.0
2022,13,00-0033111,WR,True,0,0,0.0,0.0
2022,13,00-0034816,RB,True,0,0,5.0,3.9
2022,13,00-0035891,WR,True,0,0,1.0,0.7
2022,13,00-0036297,RB,True,0,0,10.0,7.2
2022,13,00-0036336,RB,True,0,0,8.0,5.1
2022,13,00-0037055,WR,True,0,0,4.0,0.0
2022,13,00-0037157,RB,True,1,1,17.0,11.8
2022,13,00-0037265,RB,True,0,0,3.0,1.1
2022,14,00-0027691,WR,True,0,0,0.0,0.0
2022,14,00-0027942,WR,True,0,0,2.0,1.0
2022,14,00-0027944,WR,True,0,0,6.0,4.3
2022,14,00-0027966,RB,True,0,0,12.0,7.4
2022,14,00-0028002,WR,True,0,0,4.0,0.0
2022,14,00-0028063,RB,True,0,0,0.0,0.0
2022,14,00-0029239,RB,True,0,0,1.0,0.9
2022,14,00-0030061,TE,True,0,0,1.0,1.7
2022,14,00-0030108,TE,True,0,0,0.0,0.0
2022,14,00-0030288,RB,True,0,0,2.0,1.0
2022,14,00-0030431,WR,True,0,0,5.0,1.1
2022,14,00-0031273,TE,True,0,0,5.0,2.5
2022,14,00-0031325,WR,True,0,0,2.0,0.0
2022,14,00-0031384,TE,True,0,0,1.0,0.9
2022,14,00-0031547,WR,True,0,0,4.0,2.6
2022,14,00-0031690,TE,True,0,0,1.0,0.0
2022,14,00-0031941,WR,True,0,0,4.0,1.2
2022,14,00-0032054,WR,True,0,0,1.0,0.0
2022,14,00-0032063,RB,True,0,0,1.0,0.2
2022,14,00-0032104,RB,True,0,0,2.0,0.4
2022,14,00-0032128,WR,True,0,0,1.0,0.0
2022,14,00-0032141,TE,True,0,0,1.0,0.9
2022,14,00-0032200,WR,True,0,0,6.0,8.8
2022,14,00-0032208,WR,True,0,0,3.0,2.8
2022,14,00-0032214,TE,True,0,0,1.0,1.9
2022,14,00-0032385,WR,True,0,0,10.0,7.4
2022,14,00-0032392,TE,True,0,0,5.0,3.7
2022,14,00-0032398,WR,True,0,0,3.0,6.1
2022,14,00-0032602,RB,True,0,0,7.0,3.5
2022,14,00-0032688,WR,True,0,0,3.0,2.2
2022,14,00-0032725,TE,True,0,0,1.0,0.0
2022,14,00-0032775,WR,True,0,0,8.0,7.6
2022,14,00-0032975,RB,True,0,0,1.0,0.1
2022,14,00-0033090,TE,True,0,0,5.0,2.3
2022,14,00-0033114,WR,True,0,0,1.0,0.0
2022,14,00-0033118,RB,True,0,0,10.0,5.6
2022,14,00-0033217,TE,True,0,0,1.0,-0.8999999999999999
2022,14,00-0033246,TE,True,0,0,1.0,1.7
2022,14,00-0033251,WR,True,0,0,3.0,2.6
2022,14,00-0033292,WR,True,0,0,1.0,-0.3
2022,14,00-0033307,WR,True,0,0,2.0,2.0
2022,14,00-0033308,RB,True,0,0,1.0,0.9
2022,14,00-0033376,RB,True,0,0,1.0,0.5
2022,14,00-0033386,WR,True,0,0,0.0,0.0
2022,14,00-0033439,TE,True,0,0,1.0,1.6
2022,14,00-0033455,TE,True,0,0,2.0,3.4
2022,14,00-0033466,WR,True,0,0,5.0,6.9
2022,14,00-0033572,WR,True,0,0,2.0,2.3
2022,14,00-0033576,TE,True,0,0,0.0,0.0
2022,14,00-0033757,TE,True,0,0,2.0,1.5
2022,14,00-0033858,TE,True,0,0,2.0,1.6
2022,14,00-0033879,TE,True,0,0,2.0,0.0
2022,14,00-0033881,TE,False,2,2,7.0,11.5
2022,14,00-0033891,WR,False,1,0,7.0,2.6
2022,14,00-0033932,WR,True,0,0,2.0,3.9
2022,14,00-0033943,WR,True,0,0,4.0,3.4
2022,14,00-0034073,TE,True,0,0,1.0,6.1
2022,14,00-0034104,WR,True,0,0,2.0,0.3
2022,14,00-0034159,TE,True,0,0,2.0,3.2
2022,14,00-0034164,RB,True,0,0,0.0,0.0
2022,14,00-0034208,RB,True,0,0,7.0,3.1
2022,14,00-0034253,RB,True,0,0,3.0,2.6
2022,14,00-0034279,WR,True,0,0,5.0,10.1
2022,14,00-0034286,WR,True,0,0,3.0,3.5
2022,14,00-0034297,WR,True,0,0,2.0,8.2
2022,14,00-0034365,TE,True,0,0,2.0,3.1
2022,14,00-0034386,WR,True,0,0,1.0,2.0
2022,14,00-0034407,WR,True,0,0,0.0,0.0
2022,14,00-0034414,RB,True,0,0,7.0,2.6
2022,14,00-0034418,WR,True,0,0,0.0,0.0
2022,14,00-0034419,WR,True,0,0,3.0,1.9
2022,14,00-0034487,WR,True,0,0,3.0,14.0
2022,14,00-0034646,WR,True,0,0,7.0,10.4
2022,14,00-0034681,RB,True,0,0,2.0,0.6
2022,14,00-0034798,TE,True,0,0,2.0,3.1
2022,14,00-0034829,TE,True,0,0,1.0,0.0
2022,14,00-0034845,RB,True,0,0,1.0,0.1
2022,14,00-0034854,WR,True,0,0,2.0,0.0
2022,14,00-0034860,WR,True,0,0,2.0,1.9
2022,14,00-0034972,RB,True,1,1,5.0,8.8
2022,14,00-0034975,RB,True,0,0,3.0,1.6
2022,14,00-0035208,WR,True,0,0,5.0,2.3
2022,14,00-0035215,WR,True,0,0,0.0,0.0
2022,14,00-0035217,RB,True,0,0,7.0,4.0
2022,14,00-0035222,TE,True,0,0,1.0,1.3
2022,14,00-0035345,TE,True,0,0,0.0,0.0
2022,14,00-0035399,WR,True,0,0,0.0,0.0
2022,14,00-0035414,WR,True,0,0,3.0,7.4
2022,14,00-0035527,WR,True,0,0,2.0,1.6
2022,14,00-0035547,TE,True,0,0,1.0,1.1
2022,14,00-0035572,TE,True,0,0,1.0,2.1
2022,14,00-0035593,WR,True,0,0,1.0,0.0
2022,14,00-0035631,TE,True,0,0,1.0,0.09999999999999998
2022,14,00-0035644,TE,True,0,0,5.0,12.2
2022,14,00-0035645,WR,True,0,0,2.0,0.2
2022,14,00-0035703,WR,True,0,0,0.0,0.0
2022,14,00-0035726,RB,True,0,0,1.0,0.0
2022,14,00-0035823,TE,True,0,0,2.0,3.4
2022,14,00-0035924,RB,True,0,0,0.0,0.0
2022,14,00-0035956,TE,True,0,0,1.0,0.7
2022,14,00-0036005,TE,True,0,0,1.0,0.0
2022,14,00-0036133,WR,True,0,0,2.0,-0.10000000000000009
2022,14,00-0036139,RB,True,0,0,0.0,0.0
2022,14,00-0036145,TE,True,0,0,2.0,2.5
2022,14,00-0036182,WR,True,0,0,2.0,0.9
2022,14,00-0036232,TE,True,0,0,2.0,1.9
2022,14,00-0036244,TE,True,0,0,1.0,1.7
2022,14,00-0036250,TE,True,0,0,1.0,0.0
2022,14,00-0036259,WR,True,0,0,4.0,4.4
2022,14,00-0036271,WR,True,0,0,6.0,6.2
2022,14,00-0036309,WR,True,0,0,5.0,10.9
2022,14,00-0036326,WR,True,0,0,6.0,3.3
2022,14,00-0036332,TE,True,0,0,1.0,0.0
2022,14,00-0036345,WR,True,0,0,3.0,2.7
2022,14,00-0036365,WR,True,0,0,1.0,0.8
2022,14,00-0036387,WR,True,0,0,2.0,5.1
2022,14,00-0036412,WR,True,0,0,4.0,7.1
2022,14,00-0036423,TE,True,0,0,1.0,1.0
2022,14,00-0036425,RB,True,0,0,11.0,3.7
2022,14,00-0036439,WR,True,0,0,3.0,0.0
2022,14,00-0036482,WR,True,0,0,2.0,0.0
2022,14,00-0036555,RB,True,0,0,17.0,6.5
2022,14,00-0036556,TE,True,0,0,5.0,6.6
2022,14,00-0036567,RB,True,0,0,9.0,5.3
2022,14,00-0036569,RB,True,0,0,0.0,0.0
2022,14,00-0036572,WR,True,0,0,0.0,0.0
2022,14,00-0036620,WR,True,0,0,0.0,0.0
2022,14,00-0036628,TE,True,0,0,4.0,9.9
2022,14,00-0036630,WR,True,0,0,1.0,0.9
2022,14,00-0036637,TE,True,0,0,1.0,2.0
2022,14,00-0036646,WR,True,0,0,1.0,1.7
2022,14,00-0036654,RB,True,0,0,1.0,0.0
2022,14,00-0036671,WR,True,0,0,0.0,0.0
2022,14,00-0036842,RB,True,0,0,0.0,6.0
2022,14,00-0036849,WR,True,0,0,9.0,8.1
2022,14,00-0036876,TE,True,0,0,6.0,3.9
2022,14,00-0036877,WR,True,0,0,0.0,0.0
2022,14,00-0036919,RB,True,0,0,7.0,6.8
2022,14,00-0036950,RB,True,0,0,0.0,0.0
2022,14,00-0036980,WR,True,0,0,7.0,2.7
2022,14,00-0036988,WR,True,0,0,11.0,9.5
2022,14,00-0036991,WR,True,0,0,0.0,0.0
2022,14,00-0036999,WR,True,0,0,2.0,0.3
2022,14,00-0037005,TE,True,0,0,2.0,0.7
2022,14,00-0037011,TE,True,0,0,1.0,1.3
2022,14,00-0037087,RB,True,0,0,0.0,0.0
2022,14,00-0037132,WR,True,0,0,0.0,0.0
2022,14,00-0037168,TE,True,0,0,0.0,0.0
2022,14,00-0037228,RB,True,0,0,3.0,2.9
2022,14,00-0037267,RB,True,0,0,3.0,0.3
2022,14,00-0037272,WR,True,0,0,2.0,-0.1
2022,14,00-0037273,WR,True,0,0,2.0,1.2
2022,14,00-0037331,RB,True,0,0,1.0,0.3
2022,14,00-0037456,RB,True,0,0,1.0,0.0
2022,14,00-0037525,RB,True,0,0,8.0,5.1
2022,14,00-0037570,WR,True,0,0,1.0,0.0
2022,14,00-0037664,WR,True,0,0,8.0,16.6
2022,14,00-0037801,WR,True,0,0,0.0,0.0
2022,14,00-0037809,TE,True,0,0,5.0,8.8
2022,14,00-0037816,WR,True,0,0,1.0,2.3
2022,14,00-0037838,TE,True,0,0,4.0,5.0
2022,14,00-0038090,WR,True,0,0,1.0,1.2
2022,14,00-0038117,WR,True,0,0,14.0,14.9
2022,14,00-0029664,WR,True,0,0,1.0,0.0
2022,14,00-0030456,RB,True,0,0,0.0,0.0
2022,14,00-0031787,WR,True,0,0,0.0,0.0
2022,14,00-0032450,RB,True,0,0,0.0,0.0
2022,14,00-0033854,RB,True,0,0,5.0,3.1
2022,14,00-0034011,TE,True,0,0,0.0,0.0
2022,14,00-0034054,WR,True,0,0,3.0,3.9
2022,14,00-0034301,RB,True,0,0,8.0,2.4
2022,14,00-0034366,WR,True,0,0,0.0,0.0
2022,14,00-0034440,RB,True,0,0,6.0,3.8
2022,14,00-0034521,WR,True,0,0,6.0,9.2
2022,14,00-0034613,TE,True,0,0,1.0,1.5
2022,14,00-0035298,WR,True,0,0,2.0,1.2
2022,14,00-0035359,WR,True,0,0,2.0,1.0
2022,14,00-0035406,WR,True,0,0,0.0,0.0
2022,14,00-0035510,WR,True,0,0,1.0,1.1
2022,14,00-0035537,RB,True,0,0,8.0,7.1
2022,14,00-0035567,RB,True,0,0,3.0,0.7
2022,14,00-0035771,TE,True,0,0,1.0,1.8
2022,14,00-0035860,RB,True,0,0,11.0,4.2
2022,14,00-0035864,WR,True,0,0,1.0,1.6
2022,14,00-0035876,WR,True,0,0,1.0,1.2
2022,14,00-0036187,RB,True,0,0,0.0,0.0
2022,14,00-0036228,WR,True,0,0,6.0,3.4
2022,14,00-0036277,WR,True,0,0,3.0,2.5
2022,14,00-0036438,TE,True,0,0,2.0,3.8
2022,14,00-0036493,RB,True,0,0,3.0,0.6
2022,14,00-0036510,TE,True,0,0,0.0,0.0
2022,14,00-0036590,TE,True,0,0,1.0,0.8
2022,14,00-0036635,WR,True,0,0,2.0,-0.1
2022,14,00-0036754,TE,True,0,0,2.0,3.5
2022,14,00-0037185,WR,True,0,0,0.0,0.0
2022,14,00-0037257,WR,True,0,0,1.0,0.0
2022,14,00-0037261,WR,True,0,0,1.0,1.5
2022,14,00-0037617,RB,True,0,0,0.0,0.0
2022,14,00-0037805,TE,True,0,0,1.0,0.0
2022,14,00-0037827,RB,True,0,0,4.0,0.4
2022,14,00-0037828,WR,True,0,0,2.0,0.0
2022,14,00-0038040,RB,True,0,0,2.0,0.6
2022,14,00-0038098,RB,True,0,0,0.0,0.0
2022,14,00-0038115,TE,True,0,0,5.0,4.9
2022,14,00-0027981,TE,True,0,0,1.0,0.0
2022,14,00-0029000,WR,True,0,0,1.0,1.0
2022,14,00-0032134,TE,True,0,0,1.0,3.6
2022,14,00-0032355,WR,True,0,0,0.0,0.0
2022,14,00-0032394,TE,True,0,0,1.0,1.3
2022,14,00-0033681,WR,True,0,0,0.0,0.0
2022,14,00-0034364,TE,True,0,0,6.0,3.6
2022,14,00-0034765,WR,True,0,0,1.0,1.3
2022,14,00-0035022,WR,True,0,0,0.0,0.0
2022,14,00-0035249,TE,True,0,0,6.0,15.6
2022,14,00-0035562,TE,True,0,0,0.0,0.0
2022,14,00-0035603,TE,True,0,0,1.0,1.2
2022,14,00-0036219,WR,True,0,0,1.0,0.0
2022,14,00-0036268,WR,True,0,0,3.0,3.1
2022,14,00-0036422,TE,True,0,0,3.0,3.8
2022,14,00-0036497,WR,True,0,0,1.0,0.8
2022,14,00-0036626,WR,True,0,0,1.0,2.2
2022,14,00-0036692,TE,True,0,0,1.0,0.0
2022,14,00-0036741,TE,True,0,0,3.0,5.6
2022,14,00-0036857,RB,True,0,0,1.0,7.3
2022,14,00-0036918,WR,True,0,0,1.0,1.1
2022,14,00-0037086,TE,True,0,0,1.0,2.4
2022,14,00-0037112,TE,True,0,0,1.0,0.0
2022,14,00-0037311,TE,True,0,0,2.0,1.7
2022,14,00-0037569,TE,True,0,0,0.0,0.0
2022,14,00-0037666,WR,True,0,0,1.0,1.3
2022,14,00-0037755,TE,True,0,0,4.0,3.8
2022,14,00-0038041,TE,True,0,0,2.0,0.9
2022,14,00-0026293,WR,True,0,0,0.0,0.0
2022,14,00-0031484,TE,True,0,0,1.0,0.0
2022,14,00-0031868,WR,True,0,0,1.0,1.7
2022,14,00-0032986,TE,True,0,0,0.0,0.0
2022,14,00-0033798,TE,True,0,0,1.0,1.1
2022,14,00-0033951,RB,True,0,0,3.0,1.4
2022,14,00-0034867,WR,True,0,0,0.0,0.0
2022,14,00-0035259,TE,True,0,0,1.0,0.8
2022,14,00-0035457,WR,True,0,0,1.0,1.3
2022,14,00-0035544,WR,True,0,0,1.0,1.8
2022,14,00-0035628,RB,True,0,0,0.0,0.0
2022,14,00-0035973,RB,True,0,0,1.0,0.6
2022,14,00-0036194,TE,True,0,0,0.0,0.0
2022,14,00-0036429,TE,True,0,0,0.0,0.0
2022,14,00-0036860,RB,True,0,0,0.0,0.0
2022,14,00-0036959,WR,True,0,0,1.0,2.0
2022,14,00-0036984,RB,True,0,0,2.0,1.9
2022,14,00-0037291,WR,True,0,0,0.0,0.0
2022,14,00-0037708,WR,True,0,0,1.0,1.2
2022,14,00-0037744,TE,True,0,0,3.0,0.6
2022,14,00-0037745,WR,True,0,0,1.0,0.1
2022,14,00-0024243,TE,True,0,0,1.0,2.0
2022,14,00-0032058,RB,True,0,0,4.0,0.3
2022,14,00-0032980,WR,True,0,0,0.0,0.0
2022,14,00-0033633,WR,True,0,0,1.0,0.0
2022,14,00-0034109,RB,True,0,0,2.0,0.2
2022,14,00-0034193,TE,True,0,0,0.0,0.0
2022,14,00-0034317,WR,True,0,0,1.0,1.9
2022,14,00-0034928,WR,True,0,0,5.0,1.9
2022,14,00-0035184,RB,True,0,0,1.0,0.8
2022,14,00-0035304,RB,True,0,0,0.0,0.0
2022,14,00-0035311,RB,True,0,0,7.0,2.6
2022,14,00-0035329,TE,True,0,0,3.0,6.8
2022,14,00-0035976,WR,True,0,0,0.0,0.0
2022,14,00-0036165,WR,True,0,0,6.0,12.9
2022,14,00-0036627,WR,True,0,0,0.0,0.0
2022,14,00-0036825,TE,True,0,0,0.0,0.0
2022,14,00-0037078,TE,True,0,0,0.0,0.0
2022,14,00-0037276,RB,True,0,0,0.0,0.0
2022,14,00-0037348,TE,True,0,0,2.0,0.0
2022,14,00-0038104,WR,True,0,0,3.0,4.1
2022,14,00-0031545,WR,True,0,0,0.0,0.0
2022,14,00-0031585,TE,True,0,0,1.0,7.2
2022,14,00-0031806,RB,True,0,0,3.0,2.4
2022,14,00-0035308,TE,True,0,0,0.0,0.0
2022,14,00-0036032,TE,True,0,0,0.0,0.0
2022,14,00-0036887,TE,True,0,0,1.0,0.8
2022,14,00-0037004,TE,True,0,0,0.0,0.0
2022,14,00-0037286,RB,True,0,0,1.0,-0.1
2022,14,00-0037299,RB,True,0,0,2.0,0.5
2022,14,00-0037300,WR,True,0,0,2.0,0.0
2022,14,00-0037545,WR,True,0,0,5.0,9.5
2022,14,00-0037557,RB,True,0,0,12.0,5.6
2022,14,00-0033481,WR,True,0,0,0.0,0.0
2022,14,00-0035432,WR,True,0,0,2.0,1.0
2022,14,00-0035624,TE,True,0,0,1.0,5.4
2022,14,00-0036176,WR,True,0,0,1.0,0.8
2022,14,00-0036255,WR,True,0,0,1.0,0.0
2022,14,00-0036527,WR,True,0,0,0.0,0.0
2022,14,00-0037098,WR,True,0,0,1.0,1.2
2022,14,00-0035341,WR,True,0,0,1.0,1.7
2022,14,00-0036020,RB,True,0,0,3.0,1.1
2022,14,00-0036543,RB,True,0,0,6.0,3.6
2022,14,00-0037093,WR,True,0,0,0.0,0.0
2022,14,00-0037282,TE,True,0,0,1.0,2.7
2022,14,00-0037355,WR,True,0,0,2.0,0.7
2022,14,00-0037563,RB,True,0,0,3.0,8.9
2022,14,00-0026189,WR,True,0,0,3.0,2.0
2022,14,00-0034052,WR,True,0,0,0.0,0.0
2022,14,00-0034400,RB,True,0,0,3.0,1.8
2022,14,00-0035819,WR,True,0,0,0.0,0.0
2022,14,00-0036096,RB,True,0,0,11.0,2.2
2022,14,00-0036415,WR,True,0,0,4.0,4.9
2022,14,00-0036424,TE,True,0,0,2.0,1.7
2022,14,00-0036450,RB,True,0,0,4.0,1.5
2022,14,00-0036534,TE,True,0,0,1.0,0.9
2022,14,00-0036669,RB,True,0,0,1.0,0.7
2022,14,00-0036858,WR,True,0,0,1.0,1.2
2022,14,00-0037277,TE,True,0,0,3.0,0.0
2022,14,00-0032257,RB,True,0,0,2.0,0.4
2022,14,00-0032780,RB,True,0,0,1.0,0.1
2022,14,00-0033367,WR,True,0,0,1.0,1.1
2022,14,00-0034930,WR,True,0,0,0.0,0.0
2022,14,00-0035273,RB,True,0,0,0.0,0.0
2022,14,00-0035787,TE,True,0,0,0.0,0.0
2022,14,00-0037387,WR,True,0,0,0.0,0.0
2022,14,00-0037581,WR,True,0,0,0.0,0.0
2022,14,00-0031558,TE,True,0,0,1.0,1.2
2022,14,00-0032187,RB,True,0,0,2.0,1.2
2022,14,00-0033725,RB,True,0,0,1.0,1.3
2022,14,00-0035291,RB,True,0,0,1.0,0.3
2022,14,00-0035356,TE,True,0,0,0.0,0.0
2022,14,00-0037329,RB,True,0,0,0.0,0.0
2022,14,00-0037382,WR,True,0,0,4.0,8.0
2022,14,00-0037475,TE,True,0,0,3.0,1.3
2022,14,00-0031598,TE,True,0,0,0.0,0.0
2022,14,00-0032543,WR,True,0,0,0.0,0.0
2022,14,00-0033111,WR,True,0,0,0.0,0.0
2022,14,00-0034816,RB,True,0,0,5.0,3.9
2022,14,00-0035891,WR,True,0,0,1.0,0.7
2022,14,00-0036297,RB,True,0,0,3.0,2.1
2022,14,00-0036336,RB,True,0,0,8.0,5.1
2022,14,00-0037055,WR,True,0,0,4.0,0.0
2022,14,00-0037265,RB,True,0,0,1.0,0.6
2022,14,00-0032951,WR,True,0,0,1.0,0.6
2022,14,00-0036841,WR,True,0,0,2.0,1.3
2022,14,00-0037594,RB,True,0,0,5.0,1.3
2023,2,00-0028002,WR,True,0,0,1.0,0.0
2023,2,00-0029239,RB,True,0,0,0.0,0.0
2023,2,00-0029293,WR,True,0,0,6.0,-0.19999999999999996
2023,2,00-0030061,TE,True,3,3,10.0,5.1
2023,2,00-0030068,WR,True,0,0,2.0,0.0
2023,2,00-0030431,WR,True,0,0,10.0,8.7
2023,2,00-0030513,RB,True,0,0,4.0,2.2
2023,2,00-0031260,TE,True,0,0,8.0,6.3
2023,2,00-0031428,WR,True,0,0,8.0,8.9
2023,2,00-0031484,TE,True,0,0,0.0,0.0
2023,2,00-0031763,WR,True,0,0,1.0,1.0
2023,2,00-0031941,WR,True,0,0,0.0,0.0
2023,2,00-0032062,TE,True,0,0,3.0,8.2
2023,2,00-0032104,RB,True,0,0,1.0,0.0
2023,2,00-0032200,WR,True,0,0,4.0,2.6
2023,2,00-0032208,WR,True,0,0,1.0,0.0
2023,2,00-0032385,WR,True,0,0,1.0,0.0
2023,2,00-0032392,TE,True,0,0,1.0,2.5
2023,2,00-0032398,WR,True,0,0,1.0,0.0
2023,2,00-0032464,WR,True,0,0,1.0,2.5
2023,2,00-0033090,TE,True,0,0,6.0,14.1
2023,2,00-0033217,TE,True,0,0,2.0,0.0
2023,2,00-0033251,WR,True,0,0,1.0,0.0
2023,2,00-0033282,WR,True,0,0,6.0,8.5
2023,2,00-0033292,WR,True,0,0,0.0,0.0
2023,2,00-0033307,WR,True,0,0,11.0,21.4
2023,2,00-0033308,RB,True,0,0,3.0,1.1
2023,2,00-0033466,WR,True,0,0,0.0,0.0
2023,2,00-0033553,RB,True,0,0,19.0,9.5
2023,2,00-0033555,WR,True,0,0,4.0,4.6
2023,2,00-0033572,WR,True,0,0,2.0,-0.2
2023,2,00-0033591,WR,True,0,0,5.0,3.4
2023,2,00-0033757,TE,True,0,0,0.0,0.0
2023,2,00-0033858,TE,True,0,0,0.0,0.0
2023,2,00-0033891,WR,True,2,2,7.0,14.0
2023,2,00-0033925,RB,True,0,0,8.0,3.4
2023,2,00-0033943,WR,True,1,1,7.0,10.0
2023,2,00-0034054,WR,True,0,0,5.0,11.5
2023,2,00-0034159,TE,True,0,0,2.0,2.7
2023,2,00-0034184,RB,True,2,2,8.0,5.2
2023,2,00-0034208,RB,True,0,0,4.0,3.3
2023,2,00-0034272,WR,True,0,0,2.0,5.8
2023,2,00-0034286,WR,True,0,0,2.0,1.1
2023,2,00-0034317,WR,True,0,0,1.0,0.0
2023,2,00-0034364,TE,True,0,0,1.0,1.7
2023,2,00-0034365,TE,True,0,0,0.0,0.0
2023,2,00-0034386,WR,True,0,0,4.0,5.5
2023,2,00-0034407,WR,True,0,0,0.0,0.0
2023,2,00-0034414,RB,True,0,0,2.0,1.5
2023,2,00-0034419,WR,True,0,0,5.0,5.7
2023,2,00-0034521,WR,True,0,0,4.0,5.6
2023,2,00-0034646,WR,True,0,0,0.0,0.0
2023,2,00-0034681,RB,True,0,0,2.0,0.8
2023,2,00-0034798,TE,True,0,0,7.0,5.9
2023,2,00-0034829,TE,True,0,0,3.0,5.1
2023,2,00-0034830,TE,True,0,0,7.0,12.6
2023,2,00-0034970,TE,True,0,0,5.0,3.2
2023,2,00-0034975,RB,True,2,2,8.0,12.9
2023,2,00-0035215,WR,True,0,0,5.0,2.8
2023,2,00-0035249,TE,True,0,0,3.0,4.7
2023,2,00-0035259,TE,True,0,0,0.0,0.0
2023,2,00-0035291,RB,True,0,0,2.0,0.7
2023,2,00-0035298,WR,True,0,0,0.0,0.0
2023,2,00-0035329,TE,True,0,0,3.0,9.7
2023,2,00-0035406,WR,True,0,0,2.0,8.1
2023,2,00-0035500,WR,True,0,0,0.0,0.0
2023,2,00-0035535,WR,True,0,0,5.0,3.0
2023,2,00-0035562,TE,True,0,0,0.0,0.0
2023,2,00-0035572,TE,True,0,0,0.0,0.0
2023,2,00-0035594,RB,True,0,0,0.0,0.0
2023,2,00-0035628,RB,True,0,0,1.0,-0.4
2023,2,00-0035639,WR,True,0,0,4.0,0.7
2023,2,00-0035771,TE,True,0,0,0.0,0.0
2023,2,00-0035860,RB,True,0,0,1.0,0.5
2023,2,00-0035956,TE,True,0,0,1.0,0.7
2023,2,00-0035973,RB,True,0,0,5.0,2.2
2023,2,00-0036020,RB,True,0,0,6.0,1.1
2023,2,00-0036139,RB,True,0,0,6.0,2.4
2023,2,00-0036145,TE,True,0,0,2.0,2.7
2023,2,00-0036165,WR,True,0,0,3.0,0.9
2023,2,00-0036182,WR,True,0,0,7.0,7.8
2023,2,00-0036232,TE,True,0,0,2.0,7.5
2023,2,00-0036233,WR,True,0,0,2.0,1.7
2023,2,00-0036244,TE,True,0,0,2.0,1.3
2023,2,00-0036259,WR,True,0,0,1.0,0.0
2023,2,00-0036268,WR,True,0,0,4.0,3.1
2023,2,00-0036271,WR,True,0,0,2.0,2.7
2023,2,00-0036326,WR,True,0,0,2.0,0.0
2023,2,00-0036331,WR,True,0,0,0.0,0.0
2023,2,00-0036332,TE,True,0,0,0.0,0.0
2023,2,00-0036336,RB,True,0,0,2.0,2.1
2023,2,00-0036345,WR,True,0,0,6.0,4.6
2023,2,00-0036360,RB,True,0,0,7.0,3.4
2023,2,00-0036422,TE,True,0,0,5.0,5.9
2023,2,00-0036424,TE,True,0,0,2.0,2.6
2023,2,00-0036425,RB,True,0,0,3.0,2.3
2023,2,00-0036429,TE,True,0,0,0.0,0.0
2023,2,00-0036550,WR,True,0,0,3.0,5.0
2023,2,00-0036555,RB,True,0,0,11.0,7.9
2023,2,00-0036569,RB,True,0,0,3.0,2.1
2023,2,00-0036626,WR,True,0,0,0.0,0.0
2023,2,00-0036628,TE,True,0,0,0.0,0.0
2023,2,00-0036635,WR,True,0,0,0.0,0.0
2023,2,00-0036637,TE,True,0,0,5.0,4.6
2023,2,00-0036741,TE,True,0,0,0.0,0.0
2023,2,00-0036754,TE,True,0,0,2.0,2.7
2023,2,00-0036849,WR,True,1,0,8.0,14.9
2023,2,00-0036857,RB,True,0,0,3.0,1.6
2023,2,00-0036860,RB,True,0,0,3.0,2.7
2023,2,00-0036862,WR,True,0,0,2.0,0.0
2023,2,00-0036876,TE,True,0,0,6.0,5.9
2023,2,00-0036913,WR,True,0,0,6.0,0.5
2023,2,00-0036919,RB,True,4,3,18.0,9.4
2023,2,00-0036924,RB,True,0,0,3.0,2.8
2023,2,00-0036955,WR,True,0,0,6.0,3.3
2023,2,00-0036988,WR,True,0,0,1.0,0.9
2023,2,00-0037005,TE,True,0,0,0.0,0.0
2023,2,00-0037098,WR,True,0,0,3.0,2.8
2023,2,00-0037132,WR,True,0,0,0.0,0.0
2023,2,00-0037216,WR,True,0,0,1.0,1.1
2023,2,00-0037252,TE,True,0,0,2.0,3.2
2023,2,00-0037257,WR,True,0,0,1.0,0.0
2023,2,00-0037267,RB,True,0,0,15.0,1.6
2023,2,00-0037276,RB,True,0,0,4.0,2.3
2023,2,00-0037277,TE,True,0,0,1.0,1.6
2023,2,00-0037291,WR,True,0,0,0.0,0.0
2023,2,00-0037292,TE,True,0,0,2.0,2.5
2023,2,00-0037299,RB,True,0,0,5.0,-0.4
2023,2,00-0037311,TE,True,0,0,3.0,0.0
2023,2,00-0037382,WR,True,0,0,3.0,4.1
2023,2,00-0037487,WR,True,0,0,3.0,2.0
2023,2,00-0037545,WR,True,0,0,8.0,18.5
2023,2,00-0037557,RB,True,0,0,0.0,0.0
2023,2,00-0037569,TE,True,0,0,1.0,0.0
2023,2,00-0037664,WR,True,0,0,3.0,1.0
2023,2,00-0037666,WR,True,0,0,1.0,0.0
2023,2,00-0037744,TE,True,0,0,2.0,3.3
2023,2,00-0037801,WR,True,0,0,6.0,9.5
2023,2,00-0037809,TE,True,0,0,2.0,0.0
2023,2,00-0037816,WR,True,0,0,5.0,16.6
2023,2,00-0037837,WR,True,0,0,6.0,6.7
2023,2,00-0037838,TE,True,0,0,1.0,0.9
2023,2,00-0037840,RB,True,2,2,17.0,17.4
2023,2,00-0038040,RB,True,0,0,2.0,1.2
2023,2,00-0038041,TE,True,0,0,7.0,2.1
2023,2,00-0038046,TE,True,0,0,1.0,0.0
2023,2,00-0038092,WR,True,0,0,2.0,1.7
2023,2,00-0038098,RB,True,0,0,0.0,0.0
2023,2,00-0038115,TE,True,0,0,1.0,0.6
2023,2,00-0038129,TE,True,0,0,3.0,2.9
2023,2,00-0038393,WR,True,0,0,2.0,0.0
2023,2,00-0038396,RB,True,0,0,0.0,0.0
2023,2,00-0038397,RB,True,0,0,2.0,1.2
2023,2,00-0038465,WR,True,0,0,1.0,0.0
2023,2,00-0038496,WR,True,0,0,0.0,6.0
2023,2,00-0038559,WR,True,0,0,4.0,2.9
2023,2,00-0038573,WR,True,0,0,1.0,1.0
2023,2,00-0038576,WR,True,0,0,0.0,0.0
2023,2,00-0038608,WR,True,0,0,4.0,0.0
2023,2,00-0038611,RB,True,0,0,3.0,0.7
2023,2,00-0038618,WR,True,0,0,1.0,1.4
2023,2,00-0038621,WR,True,0,0,7.0,6.0
2023,2,00-0038622,RB,True,0,0,6.0,0.8
2023,2,00-0038794,RB,True,0,0,1.0,-0.19999999999999996
2023,2,00-0038821,WR,True,0,0,1.0,0.0
2023,2,00-0038938,WR,True,0,0,1.0,0.0
2023,2,00-0038941,WR,True,0,0,2.0,2.4
2023,2,00-0038951,RB,True,0,0,7.0,3.4
2023,2,00-0038969,WR,True,0,0,0.0,0.0
2023,2,00-0038976,WR,True,0,0,2.0,1.9
2023,2,00-0038977,WR,True,0,0,4.0,4.9
2023,2,00-0038997,WR,True,0,0,7.0,4.5
2023,2,00-0039032,RB,True,0,0,7.0,3.3
2023,2,00-0039052,WR,True,0,0,3.0,7.8
2023,2,00-0039062,WR,True,0,0,5.0,2.7
2023,2,00-0039066,TE,True,0,0,0.0,0.0
2023,2,00-0039067,WR,True,0,0,6.0,10.1
2023,2,00-0039075,WR,True,3,2,15.0,16.9
2023,2,00-0039144,TE,True,0,0,4.0,6.5
2023,3,00-0028002,WR,True,0,0,1.0,0.0
2023,3,00-0029239,RB,True,0,0,0.0,0.0
2023,3,00-0029293,WR,True,0,0,6.0,-0.19999999999999996
2023,3,00-0030068,WR,True,0,0,2.0,0.0
2023,3,00-0030431,WR,False,1,1,9.0,10.4
2023,3,00-0030513,RB,True,0,0,8.0,10.1
2023,3,00-0031236,WR,True,0,0,4.0,3.2
2023,3,00-0031260,TE,True,0,0,3.0,9.2
2023,3,00-0031376,RB,True,0,0,4.0,3.7
2023,3,00-0031428,WR,True,0,0,3.0,2.2
2023,3,00-0031484,TE,True,0,0,0.0,0.0
2023,3,00-0031763,WR,True,0,0,1.0,0.0
2023,3,00-0031941,WR,True,0,0,0.0,0.0
2023,3,00-0032062,TE,True,0,0,3.0,8.2
2023,3,00-0032104,RB,True,0,0,3.0,1.0
2023,3,00-0032200,WR,True,0,0,1.0,0.0
2023,3,00-0032208,WR,True,0,0,1.0,0.0
2023,3,00-0032385,WR,True,0,0,1.0,0.9
2023,3,00-0032392,TE,True,0,0,2.0,3.0
2023,3,00-0032398,WR,True,0,0,1.0,5.4
2023,3,00-0032464,WR,True,0,0,4.0,12.7
2023,3,00-0033009,WR,True,0,0,8.0,8.2
2023,3,00-0033090,TE,False,3,3,7.0,14.2
2023,3,00-0033217,TE,True,0,0,1.0,2.0
2023,3,00-0033251,WR,True,0,0,1.0,1.4
2023,3,00-0033282,WR,True,0,0,4.0,4.7
2023,3,00-0033292,WR,True,0,0,0.0,0.0
2023,3,00-0033308,RB,False,2,2,1.0,0.5
2023,3,00-0033357,TE,False,1,1,11.0,8.219999999999999
2023,3,00-0033466,WR,True,0,0,1.0,1.2
2023,3,00-0033553,RB,True,0,0,24.0,16.6
2023,3,00-0033555,WR,True,0,0,6.0,7.5
2023,3,00-0033572,WR,True,0,0,1.0,1.0
2023,3,00-0033591,WR,True,0,0,5.0,3.4
2023,3,00-0033757,TE,True,0,0,2.0,0.0
2023,3,00-0033858,TE,True,0,0,6.0,6.7
2023,3,00-0033925,RB,True,0,0,8.0,3.4
2023,3,00-0033948,RB,True,0,0,9.0,2.9
2023,3,00-0034054,WR,True,0,0,2.0,4.4
2023,3,00-0034159,TE,True,0,0,3.0,5.0
2023,3,00-0034208,RB,True,0,0,4.0,3.3
2023,3,00-0034270,TE,True,0,0,6.0,7.5
2023,3,00-0034272,WR,True,0,0,3.0,2.3
2023,3,00-0034286,WR,True,0,0,1.0,0.0
2023,3,00-0034317,WR,True,0,0,1.0,0.0
2023,3,00-0034364,TE,True,0,0,1.0,0.7
2023,3,00-0034365,TE,True,0,0,0.0,0.0
2023,3,00-0034386,WR,True,0,0,5.0,5.7
2023,3,00-0034407,WR,True,0,0,0.0,0.0
2023,3,00-0034414,RB,True,0,0,5.0,4.0
2023,3,00-0034419,WR,True,0,0,3.0,3.8
2023,3,00-0034521,WR,True,0,0,4.0,3.3
2023,3,00-0034646,WR,True,0,0,0.0,0.0
2023,3,00-0034681,RB,True,0,0,2.0,1.2
2023,3,00-0034798,TE,True,0,0,3.0,3.8
2023,3,00-0034829,TE,True,0,0,6.0,5.8
2023,3,00-0034830,TE,True,0,0,3.0,3.5
2023,3,00-0034970,TE,True,0,0,4.0,2.0
2023,3,00-0035215,WR,True,0,0,3.0,1.4
2023,3,00-0035249,TE,True,0,0,3.0,2.3
2023,3,00-0035259,TE,True,0,0,1.0,0.0
2023,3,00-0035291,RB,True,0,0,2.0,1.4
2023,3,00-0035298,WR,True,0,0,0.0,0.0
2023,3,00-0035329,TE,True,0,0,2.0,1.2
2023,3,00-0035406,WR,True,0,0,2.0,0.9
2023,3,00-0035500,WR,True,0,0,0.0,0.0
2023,3,00-0035535,WR,True,0,0,6.0,7.7
2023,3,00-0035562,TE,True,0,0,0.0,0.0
2023,3,00-0035572,TE,True,0,0,0.0,0.0
2023,3,00-0035594,RB,True,0,0,0.0,0.0
2023,3,00-0035628,RB,True,0,0,2.0,2.2
2023,3,00-0035639,WR,True,0,0,6.0,4.1
2023,3,00-0035771,TE,True,0,0,0.0,0.0
2023,3,00-0035956,TE,True,0,0,1.0,0.7
2023,3,00-0035973,RB,True,0,0,2.0,0.1
2023,3,00-0036020,RB,True,0,0,6.0,5.6
2023,3,00-0036040,TE,True,0,0,3.0,2.3
2023,3,00-0036139,RB,True,0,0,8.0,4.8
2023,3,00-0036145,TE,True,0,0,2.0,2.7
2023,3,00-0036158,RB,True,0,0,11.0,10.7
2023,3,00-0036165,WR,True,0,0,5.0,12.0
2023,3,00-0036182,WR,True,0,0,3.0,10.0
2023,3,00-0036232,TE,True,0,0,2.0,0.0
2023,3,00-0036233,WR,True,0,0,4.0,1.2
2023,3,00-0036244,TE,True,0,0,3.0,5.1
2023,3,00-0036259,WR,True,0,0,3.0,6.1
2023,3,00-0036268,WR,True,0,0,1.0,0.7
2023,3,00-0036271,WR,True,0,0,2.0,2.7
2023,3,00-0036290,TE,True,0,0,6.0,5.8
2023,3,00-0036309,WR,True,0,0,7.0,13.3
2023,3,00-0036326,WR,True,0,0,8.0,11.1
2023,3,00-0036331,WR,True,0,0,6.0,1.5
2023,3,00-0036332,TE,True,0,0,2.0,1.5
2023,3,00-0036336,RB,True,0,0,2.0,2.1
2023,3,00-0036345,WR,True,0,0,6.0,10.9
2023,3,00-0036360,RB,True,0,0,3.0,2.7
2023,3,00-0036422,TE,True,0,0,1.0,0.0
2023,3,00-0036424,TE,True,0,0,0.0,0.0
2023,3,00-0036425,RB,True,0,0,1.0,0.3
2023,3,00-0036429,TE,True,0,0,0.0,0.0
2023,3,00-0036550,WR,True,0,0,3.0,3.3
2023,3,00-0036569,RB,True,0,0,0.0,0.0
2023,3,00-0036626,WR,True,0,0,3.0,4.0
2023,3,00-0036628,TE,True,0,0,5.0,6.1
2023,3,00-0036635,WR,True,0,0,0.0,0.0
2023,3,00-0036637,TE,True,0,0,3.0,5.3
2023,3,00-0036741,TE,True,0,0,0.0,0.0
2023,3,00-0036754,TE,True,0,0,2.0,2.7
2023,3,00-0036849,WR,False,2,2,10.0,11.7
2023,3,00-0036857,RB,True,0,0,3.0,1.6
2023,3,00-0036860,RB,True,0,0,3.0,2.7
2023,3,00-0036862,WR,True,0,0,2.0,2.6
2023,3,00-0036876,TE,True,0,0,4.0,9.1
2023,3,00-0036913,WR,True,0,0,6.0,6.3
2023,3,00-0036924,RB,True,0,0,4.0,1.6
2023,3,00-0036955,WR,True,0,0,6.0,3.3
2023,3,00-0036988,WR,True,0,0,5.0,2.8
2023,3,00-0037005,TE,True,0,0,0.0,0.0
2023,3,00-0037098,WR,True,0,0,2.0,1.1
2023,3,00-0037132,WR,True,0,0,0.0,0.0
2023,3,00-0037216,WR,True,0,0,1.0,1.1
2023,3,00-0037252,TE,True,0,0,2.0,3.2
2023,3,00-0037257,WR,True,0,0,3.0,4.2
2023,3,00-0037258,RB,True,2,2,18.0,4.5
2023,3,00-0037267,RB,False,10,10,20.0,22.6
2023,3,00-0037276,RB,True,0,0,3.0,1.9
2023,3,00-0037277,TE,True,0,0,1.0,1.6
2023,3,00-0037291,WR,True,0,0,0.0,0.0
2023,3,00-0037292,TE,True,0,0,2.0,2.5
2023,3,00-0037299,RB,True,0,0,2.0,0.6
2023,3,00-0037311,TE,True,0,0,3.0,0.0
2023,3,00-0037382,WR,True,0,0,3.0,19.6
2023,3,00-0037487,WR,True,0,0,1.0,1.1
2023,3,00-0037545,WR,True,0,0,4.0,8.3
2023,3,00-0037557,RB,True,0,0,1.0,0.9
2023,3,00-0037569,TE,True,0,0,1.0,0.0
2023,3,00-0037664,WR,True,0,0,2.0,3.8
2023,3,00-0037666,WR,True,0,0,4.0,3.3
2023,3,00-0037744,TE,True,0,0,3.0,4.2
2023,3,00-0037801,WR,True,0,0,3.0,2.0
2023,3,00-0037809,TE,True,0,0,4.0,5.5
2023,3,00-0037837,WR,True,0,0,5.0,1.3
2023,3,00-0037838,TE,True,0,0,1.0,1.3
2023,3,00-0038040,RB,True,0,0,4.0,0.2
2023,3,00-0038041,TE,True,0,0,4.0,8.6
2023,3,00-0038046,TE,True,0,0,1.0,0.0
2023,3,00-0038092,WR,True,0,0,4.0,0.5
2023,3,00-0038098,RB,True,0,0,3.0,6.1
2023,3,00-0038115,TE,True,0,0,0.0,0.0
2023,3,00-0038129,TE,True,0,0,6.0,7.1
2023,3,00-0038393,WR,True,0,0,4.0,11.0
2023,3,00-0038396,RB,True,0,0,0.0,0.0
2023,3,00-0038397,RB,True,0,0,2.0,1.2
2023,3,00-0038465,WR,True,0,0,1.0,0.0
2023,3,00-0038496,WR,True,0,0,0.0,0.0
2023,3,00-0038544,WR,True,0,0,2.0,1.2
2023,3,00-0038559,WR,True,0,0,3.0,7.1
2023,3,00-0038573,WR,True,0,0,1.0,1.0
2023,3,00-0038576,WR,True,0,0,0.0,6.0
2023,3,00-0038608,WR,True,0,0,4.0,0.0
2023,3,00-0038611,RB,True,0,0,3.0,0.7
2023,3,00-0038618,WR,True,0,0,1.0,0.0
2023,3,00-0038621,WR,True,0,0,2.0,0.9000000000000001
2023,3,00-0038622,RB,True,0,0,6.0,4.7
2023,3,00-0038794,RB,True,0,0,1.0,6.5
2023,3,00-0038821,WR,True,0,0,1.0,1.2
2023,3,00-0038938,WR,True,0,0,2.0,9.9
2023,3,00-0038941,WR,True,0,0,2.0,2.4
2023,3,00-0038951,RB,True,0,0,8.0,0.7
2023,3,00-0038969,WR,True,0,0,0.0,0.0
2023,3,00-0038976,WR,True,0,0,4.0,19.3
2023,3,00-0038977,WR,False,1,1,10.0,16.7
2023,3,00-0038997,WR,True,0,0,5.0,5.7
2023,3,00-0039052,WR,True,0,0,2.0,2.5
2023,3,00-0039062,WR,True,0,0,8.0,4.1
2023,3,00-0039066,TE,True,0,0,1.0,0.7
2023,3,00-0039067,WR,True,0,0,2.0,3.0
2023,3,00-0039144,TE,True,0,0,3.0,3.5
2023,3,00-0027696,TE,True,0,0,0.0,0.0
2023,3,00-0031547,WR,True,0,0,8.0,8.7
2023,3,00-0031549,WR,True,0,0,6.0,14.8
2023,3,00-0033854,RB,True,0,0,2.0,0.4
2023,3,00-0034297,WR,True,0,0,1.0,0.9
2023,3,00-0034575,TE,True,0,0,2.0,0.0
2023,3,00-0034981,TE,True,0,0,2.0,3.0
2023,3,00-0034983,WR,True,0,0,1.0,2.8
2023,3,00-0035140,WR,True,0,0,1.0,1.1
2023,3,00-0035567,RB,True,0,0,4.0,1.0
2023,3,00-0035644,TE,True,0,0,4.0,7.6
2023,3,00-0035645,WR,True,0,0,1.0,-1.5
2023,3,00-0035703,WR,True,0,0,1.0,1.0
2023,3,00-0036187,RB,True,0,0,1.0,0.8
2023,3,00-0036497,WR,True,0,0,0.0,0.0
2023,3,00-0036556,TE,True,0,0,2.0,3.7
2023,3,00-0036841,WR,True,0,0,0.0,0.0
2023,3,00-0037261,WR,True,0,0,1.0,7.6
2023,3,00-0037475,TE,True,0,0,1.0,2.9
2023,3,00-0037525,RB,True,0,0,0.0,0.0
2023,3,00-0037594,RB,True,0,0,0.0,0.0
2023,3,00-0037614,WR,True,0,0,1.0,2.2
2023,3,00-0037745,WR,True,0,0,1.0,-0.3
2023,3,00-0038045,RB,True,0,0,1.0,0.3
2023,3,00-0038394,TE,True,0,0,2.0,5.9
2023,3,00-0038547,TE,True,0,0,1.0,6.6
2023,3,00-0038563,WR,True,0,0,2.0,3.4
2023,3,00-0038589,TE,True,0,0,0.0,0.0
2023,3,00-0038597,RB,True,0,0,1.0,0.2
2023,3,00-0038627,WR,True,0,0,1.0,0.7
2023,3,00-0038647,WR,True,0,0,0.0,0.0
2023,3,00-0038705,RB,True,0,0,3.0,1.5
2023,3,00-0038738,RB,True,0,0,0.0,0.0
2023,3,00-0038752,WR,True,0,0,1.0,0.8
2023,3,00-0038797,RB,True,0,0,3.0,0.5
2023,3,00-0038862,RB,True,0,0,6.0,2.9
2023,3,00-0039040,RB,True,0,0,2.0,1.4
2023,4,00-0028002,WR,True,0,0,2.0,1.7
2023,4,00-0029239,RB,True,0,0,0.0,0.0
2023,4,00-0029293,WR,True,0,0,6.0,-0.19999999999999996
2023,4,00-0030068,WR,True,0,0,1.0,0.1
2023,4,00-0030513,RB,True,0,0,6.0,8.6
2023,4,00-0031236,WR,True,0,0,7.0,2.7
2023,4,00-0031376,RB,True,0,0,5.0,16.3
2023,4,00-0031428,WR,True,0,0,4.0,4.4
2023,4,00-0031484,TE,True,0,0,1.0,0.0
2023,4,00-0031763,WR,True,0,0,1.0,2.1
2023,4,00-0031941,WR,True,0,0,0.0,0.0
2023,4,00-0032062,TE,True,0,0,3.0,8.2
2023,4,00-0032104,RB,True,0,0,3.0,2.6
2023,4,00-0032200,WR,True,0,0,0.0,0.0
2023,4,00-0032208,WR,True,0,0,1.0,0.0
2023,4,00-0032385,WR,True,0,0,1.0,0.9
2023,4,00-0032392,TE,True,0,0,2.0,3.0
2023,4,00-0032398,WR,True,0,0,3.0,5.1
2023,4,00-0032464,WR,True,0,0,6.0,7.5
2023,4,00-0033009,WR,True,0,0,9.0,6.4
2023,4,00-0033217,TE,True,0,0,1.0,2.0
2023,4,00-0033251,WR,True,0,0,0.0,0.0
2023,4,00-0033282,WR,True,0,0,4.0,6.4
2023,4,00-0033292,WR,True,0,0,0.0,0.0
2023,4,00-0033466,WR,True,0,0,1.0,0.8
2023,4,00-0033553,RB,True,0,0,16.0,18.6
2023,4,00-0033555,WR,True,0,0,4.0,2.8
2023,4,00-0033572,WR,True,0,0,5.0,4.9
2023,4,00-0033591,WR,True,0,0,5.0,3.4
2023,4,00-0033757,TE,True,0,0,2.0,0.0
2023,4,00-0033925,RB,True,0,0,8.0,3.4
2023,4,00-0033948,RB,True,0,0,9.0,2.9
2023,4,00-0034054,WR,True,0,0,1.0,1.8
2023,4,00-0034159,TE,True,0,0,3.0,5.0
2023,4,00-0034208,RB,True,0,0,0.0,0.0
2023,4,00-0034270,TE,True,0,0,5.0,4.1
2023,4,00-0034272,WR,True,0,0,2.0,4.2
2023,4,00-0034286,WR,True,0,0,1.0,0.0
2023,4,00-0034317,WR,True,0,0,1.0,0.0
2023,4,00-0034364,TE,True,0,0,1.0,0.7
2023,4,00-0034365,TE,True,0,0,1.0,1.3
2023,4,00-0034386,WR,True,0,0,3.0,6.1
2023,4,00-0034407,WR,True,0,0,0.0,0.0
2023,4,00-0034414,RB,True,0,0,5.0,4.0
2023,4,00-0034419,WR,True,0,0,2.0,4.3
2023,4,00-0034521,WR,True,0,0,5.0,5.4
2023,4,00-0034646,WR,True,0,0,1.0,1.0
2023,4,00-0034681,RB,True,0,0,2.0,1.2
2023,4,00-0034798,TE,True,0,0,1.0,2.0
2023,4,00-0034829,TE,True,0,0,1.0,2.3
2023,4,00-0034830,TE,True,0,0,3.0,1.6
2023,4,00-0034970,TE,True,0,0,4.0,2.0
2023,4,00-0035215,WR,True,0,0,5.0,2.3
2023,4,00-0035249,TE,True,0,0,2.0,7.4
2023,4,00-0035259,TE,True,0,0,1.0,0.0
2023,4,00-0035291,RB,True,0,0,3.0,0.4
2023,4,00-0035298,WR,True,0,0,0.0,0.0
2023,4,00-0035329,TE,True,0,0,2.0,13.4
2023,4,00-0035406,WR,True,0,0,2.0,0.9
2023,4,00-0035500,WR,True,0,0,0.0,0.0
2023,4,00-0035535,WR,True,0,0,6.0,4.7
2023,4,00-0035562,TE,True,0,0,0.0,0.0
2023,4,00-0035572,TE,True,0,0,0.0,0.0
2023,4,00-0035594,RB,True,0,0,0.0,0.0
2023,4,00-0035628,RB,True,0,0,5.0,2.2
2023,4,00-0035639,WR,True,0,0,6.0,5.4
2023,4,00-0035771,TE,True,0,0,3.0,2.0
2023,4,00-0035956,TE,True,0,0,1.0,0.7
2023,4,00-0035973,RB,True,0,0,7.0,4.4
2023,4,00-0036020,RB,True,0,0,6.0,5.6
2023,4,00-0036040,TE,True,0,0,4.0,2.2
2023,4,00-0036139,RB,True,0,0,7.0,12.1
2023,4,00-0036145,TE,True,0,0,2.0,2.7
2023,4,00-0036158,RB,True,0,0,11.0,10.7
2023,4,00-0036165,WR,True,0,0,1.0,0.0
2023,4,00-0036182,WR,True,0,0,3.0,10.0
2023,4,00-0036232,TE,True,0,0,2.0,0.4
2023,4,00-0036233,WR,True,0,0,4.0,6.4
2023,4,00-0036244,TE,True,0,0,4.0,5.3
2023,4,00-0036259,WR,True,0,0,3.0,4.1
2023,4,00-0036268,WR,True,0,0,3.0,1.2
2023,4,00-0036271,WR,True,0,0,2.0,2.7
2023,4,00-0036290,TE,True,0,0,2.0,3.2
2023,4,00-0036309,WR,True,0,0,1.0,0.0
2023,4,00-0036326,WR,True,0,0,4.0,2.0
2023,4,00-0036331,WR,True,0,0,1.0,0.0
2023,4,00-0036332,TE,True,0,0,0.0,0.0
2023,4,00-0036336,RB,True,0,0,2.0,2.1
2023,4,00-0036345,WR,True,0,0,3.0,10.1
2023,4,00-0036360,RB,True,0,0,16.0,12.2
2023,4,00-0036422,TE,True,0,0,2.0,0.0
2023,4,00-0036424,TE,True,0,0,0.0,0.0
2023,4,00-0036425,RB,True,0,0,3.0,1.0
2023,4,00-0036429,TE,True,0,0,0.0,0.0
2023,4,00-0036493,RB,True,0,0,19.0,1.3
2023,4,00-0036550,WR,True,0,0,3.0,1.1
2023,4,00-0036569,RB,True,0,0,7.0,4.6
2023,4,00-0036626,WR,True,0,0,1.0,0.0
2023,4,00-0036628,TE,True,0,0,2.0,2.2
2023,4,00-0036635,WR,True,0,0,0.0,0.0
2023,4,00-0036637,TE,True,0,0,2.0,1.4
2023,4,00-0036741,TE,True,0,0,2.0,1.1
2023,4,00-0036754,TE,True,0,0,2.0,2.7
2023,4,00-0036857,RB,True,0,0,3.0,1.6
2023,4,00-0036860,RB,True,0,0,3.0,2.7
2023,4,00-0036862,WR,True,0,0,1.0,0.8
2023,4,00-0036876,TE,True,0,0,4.0,1.9
2023,4,00-0036913,WR,True,0,0,1.0,0.4
2023,4,00-0036919,RB,True,3,3,16.0,5.3
2023,4,00-0036924,RB,True,0,0,1.0,0.8
2023,4,00-0036955,WR,True,0,0,8.0,6.0
2023,4,00-0036988,WR,False,3,3,7.0,12.6
2023,4,00-0037005,TE,True,0,0,1.0,2.0
2023,4,00-0037078,TE,True,0,0,7.0,5.5
2023,4,00-0037098,WR,True,0,0,3.0,2.0
2023,4,00-0037132,WR,True,0,0,0.0,0.0
2023,4,00-0037216,WR,True,0,0,1.0,0.0
2023,4,00-0037252,TE,True,0,0,2.0,3.2
2023,4,00-0037257,WR,True,0,0,3.0,4.2
2023,4,00-0037276,RB,True,0,0,5.0,3.6
2023,4,00-0037277,TE,True,0,0,1.0,0.0
2023,4,00-0037291,WR,True,0,0,0.0,0.0
2023,4,00-0037292,TE,True,0,0,2.0,1.6
2023,4,00-0037299,RB,True,0,0,6.0,2.6
2023,4,00-0037311,TE,True,0,0,3.0,0.0
2023,4,00-0037382,WR,True,0,0,3.0,2.2
2023,4,00-0037487,WR,True,0,0,4.0,1.6
2023,4,00-0037545,WR,True,0,0,3.0,6.0
2023,4,00-0037557,RB,True,0,0,0.0,0.0
2023,4,00-0037569,TE,True,0,0,1.0,0.8
2023,4,00-0037664,WR,True,0,0,7.0,5.8
2023,4,00-0037666,WR,True,0,0,4.0,3.3
2023,4,00-0037744,TE,True,0,0,1.0,0.7
2023,4,00-0037801,WR,True,0,0,0.0,0.0
2023,4,00-0037809,TE,True,0,0,4.0,2.2
2023,4,00-0037837,WR,True,0,0,6.0,14.2
2023,4,00-0037838,TE,True,0,0,2.0,2.5
2023,4,00-0038040,RB,True,0,0,4.0,0.2
2023,4,00-0038041,TE,True,0,0,7.0,7.3
2023,4,00-0038046,TE,True,0,0,1.0,0.0
2023,4,00-0038092,WR,True,0,0,4.0,0.5
2023,4,00-0038098,RB,True,0,0,6.0,2.7
2023,4,00-0038115,TE,True,0,0,1.0,1.3
2023,4,00-0038129,TE,True,0,0,2.0,2.1
2023,4,00-0038393,WR,True,0,0,6.0,6.5
2023,4,00-0038396,RB,True,0,0,0.0,0.0
2023,4,00-0038397,RB,True,0,0,2.0,1.2
2023,4,00-0038465,WR,True,0,0,2.0,0.0
2023,4,00-0038496,WR,True,0,0,0.0,0.0
2023,4,00-0038544,WR,False,2,2,3.0,2.0
2023,4,00-0038559,WR,True,0,0,2.0,9.6
2023,4,00-0038573,WR,True,0,0,1.0,0.8
2023,4,00-0038576,WR,True,0,0,2.0,1.1
2023,4,00-0038608,WR,True,0,0,4.0,0.0
2023,4,00-0038611,RB,True,0,0,3.0,0.7
2023,4,00-0038618,WR,True,0,0,1.0,0.0
2023,4,00-0038621,WR,True,0,0,4.0,2.5
2023,4,00-0038622,RB,True,0,0,6.0,4.7
2023,4,00-0038794,RB,True,0,0,5.0,1.5
2023,4,00-0038821,WR,True,0,0,1.0,1.2
2023,4,00-0038938,WR,True,0,0,2.0,9.9
2023,4,00-0038941,WR,True,0,0,3.0,1.1
2023,4,00-0038951,RB,True,0,0,2.0,0.1
2023,4,00-0038969,WR,True,0,0,0.0,0.0
2023,4,00-0038976,WR,True,1,1,6.0,15.1
2023,4,00-0038997,WR,True,0,0,12.0,9.7
2023,4,00-0039032,RB,False,1,1,8.0,2.9
2023,4,00-0039052,WR,True,0,0,1.0,1.3
2023,4,00-0039062,WR,True,0,0,6.0,3.6
2023,4,00-0039066,TE,True,0,0,1.0,2.0
2023,4,00-0039067,WR,True,0,0,7.0,8.4
2023,4,00-0039144,TE,True,0,0,8.0,7.9
2023,4,00-0039165,RB,True,0,0,11.0,5.0
2023,4,00-0027696,TE,True,0,0,1.0,7.3
2023,4,00-0031547,WR,True,0,0,3.0,2.9
2023,4,00-0031549,WR,True,0,0,4.0,5.9
2023,4,00-0033854,RB,True,0,0,2.0,0.4
2023,4,00-0034297,WR,True,0,0,1.0,0.9
2023,4,00-0034575,TE,True,0,0,2.0,0.0
2023,4,00-0034981,TE,True,0,0,2.0,3.0
2023,4,00-0034983,WR,True,0,0,2.0,2.7
2023,4,00-0035140,WR,True,0,0,1.0,1.1
2023,4,00-0035567,RB,True,0,0,4.0,1.5
2023,4,00-0035644,TE,True,0,0,5.0,6.1
2023,4,00-0035645,WR,True,0,0,1.0,-1.5
2023,4,00-0035703,WR,True,0,0,1.0,1.0
2023,4,00-0036187,RB,True,0,0,0.0,0.0
2023,4,00-0036497,WR,True,0,0,3.0,2.1
2023,4,00-0036556,TE,True,0,0,2.0,8.3
2023,4,00-0036841,WR,True,0,0,0.0,0.0
2023,4,00-0037261,WR,True,0,0,1.0,1.0
2023,4,00-0037475,TE,True,0,0,1.0,2.9
2023,4,00-0037525,RB,True,0,0,3.0,1.1
2023,4,00-0037594,RB,True,0,0,0.0,0.0
2023,4,00-0037614,WR,True,0,0,2.0,2.3
2023,4,00-0037745,WR,True,0,0,0.0,0.0
2023,4,00-0038045,RB,True,0,0,2.0,0.7
2023,4,00-0038394,TE,True,0,0,2.0,5.9
2023,4,00-0038547,TE,True,0,0,1.0,0.0
2023,4,00-0038563,WR,True,0,0,2.0,3.4
2023,4,00-0038589,TE,True,0,0,0.0,0.0
2023,4,00-0038597,RB,True,0,0,0.0,0.0
2023,4,00-0038627,WR,True,0,0,1.0,0.7
2023,4,00-0038647,WR,True,0,0,2.0,9.4
2023,4,00-0038705,RB,True,0,0,2.0,0.2
2023,4,00-0038738,RB,True,0,0,2.0,2.6
2023,4,00-0038752,WR,True,0,0,2.0,7.0
2023,4,00-0038797,RB,True,0,0,3.0,1.7
2023,4,00-0038862,RB,True,0,0,6.0,2.9
2023,4,00-0039040,RB,False,5,5,22.0,49.3
2023,4,00-0031585,TE,True,0,0,1.0,1.5
2023,4,00-0032134,TE,True,0,0,1.0,1.4
2023,4,00-0032144,RB,True,0,0,12.0,6.5
2023,4,00-0032688,WR,True,0,0,1.0,13.3
2023,4,00-0033118,RB,True,0,0,4.0,2.1
2023,4,00-0033439,TE,True,0,0,2.0,14.1
2023,4,00-0034433,RB,True,0,0,1.0,6.1
2023,4,00-0034487,WR,True,0,0,3.0,2.8
2023,4,00-0034613,TE,True,0,0,4.0,4.0
2023,4,00-0034838,RB,True,0,0,0.0,0.0
2023,4,00-0034854,WR,True,0,0,1.0,2.0
2023,4,00-0035208,WR,True,0,0,3.0,12.8
2023,4,00-0035631,TE,True,0,0,1.0,1.2
2023,4,00-0035726,RB,True,0,0,0.0,0.0
2023,4,00-0036176,WR,True,0,0,0.0,0.0
2023,4,00-0036887,TE,True,0,0,1.0,0.9
2023,4,00-0036984,RB,True,0,0,7.0,2.6
2023,4,00-0037011,TE,True,0,0,0.0,0.0
2023,4,00-0037039,WR,True,0,0,0.0,0.0
2023,4,00-0037157,RB,True,0,0,3.0,1.3
2023,4,00-0037272,WR,True,0,0,0.0,0.0
2023,4,00-0037306,TE,True,0,0,0.0,0.0
2023,4,00-0038117,WR,True,0,0,5.0,4.1
2023,4,00-0038488,RB,True,0,0,0.0,0.0
2023,4,00-0038685,RB,True,0,0,9.0,6.6
2023,4,00-0038720,TE,True,0,0,1.0,0.0
2023,4,00-0038783,TE,True,0,0,1.0,1.6
2023,4,00-0038935,TE,True,0,0,2.0,1.7
2023,5,00-0028002,WR,True,0,0,4.0,1.8
2023,5,00-0029239,RB,True,0,0,0.0,0.0
2023,5,00-0029293,WR,True,0,0,1.0,0.0
2023,5,00-0030068,WR,True,0,0,1.0,0.5
2023,5,00-0030513,RB,True,0,0,6.0,6.6
2023,5,00-0031236,WR,True,0,0,4.0,4.7
2023,5,00-0031376,RB,True,0,0,4.0,0.7
2023,5,00-0031428,WR,True,0,0,2.0,1.3
2023,5,00-0031484,TE,True,0,0,1.0,1.5
2023,5,00-0031763,WR,True,0,0,0.0,0.0
2023,5,00-0031941,WR,True,0,0,0.0,0.0
2023,5,00-0032062,TE,True,0,0,3.0,8.2
2023,5,00-0032104,RB,True,0,0,2.0,2.4
2023,5,00-0032200,WR,True,0,0,0.0,0.0
2023,5,00-0032208,WR,True,0,0,1.0,0.0
2023,5,00-0032385,WR,True,0,0,1.0,1.1
2023,5,00-0032392,TE,True,0,0,2.0,1.6
2023,5,00-0032398,WR,True,0,0,3.0,4.9
2023,5,00-0032464,WR,True,0,0,2.0,4.3
2023,5,00-0033009,WR,True,1,1,7.0,4.6
2023,5,00-0033217,TE,True,0,0,1.0,10.0
2023,5,00-0033251,WR,True,0,0,4.0,2.5
2023,5,00-0033282,WR,True,0,0,9.0,14.7
2023,5,00-0033292,WR,True,0,0,0.0,0.0
2023,5,00-0033466,WR,True,0,0,3.0,1.1
2023,5,00-0033553,RB,True,0,0,13.0,6.1
2023,5,00-0033555,WR,True,0,0,3.0,0.0
2023,5,00-0033572,WR,True,0,0,5.0,4.9
2023,5,00-0033591,WR,True,0,0,5.0,3.4
2023,5,00-0033757,TE,True,0,0,2.0,2.8
2023,5,00-0033885,TE,True,0,0,7.0,7.6
2023,5,00-0033925,RB,True,0,0,8.0,3.4
2023,5,00-0033948,RB,True,0,0,9.0,2.9
2023,5,00-0034054,WR,True,0,0,1.0,1.8
2023,5,00-0034159,TE,True,0,0,3.0,5.0
2023,5,00-0034208,RB,True,0,0,1.0,0.4
2023,5,00-0034270,TE,True,0,0,6.0,7.8
2023,5,00-0034272,WR,True,0,0,2.0,1.1
2023,5,00-0034286,WR,True,0,0,1.0,0.0
2023,5,00-0034317,WR,True,0,0,1.0,0.0
2023,5,00-0034364,TE,True,0,0,2.0,1.1
2023,5,00-0034365,TE,True,0,0,1.0,0.0
2023,5,00-0034386,WR,True,0,0,1.0,1.0
2023,5,00-0034407,WR,True,0,0,2.0,3.2
2023,5,00-0034414,RB,True,0,0,5.0,4.0
2023,5,00-0034419,WR,True,0,0,7.0,14.4
2023,5,00-0034521,WR,True,0,0,3.0,13.6
2023,5,00-0034646,WR,True,0,0,0.0,0.0
2023,5,00-0034681,RB,True,0,0,2.0,1.2
2023,5,00-0034798,TE,True,0,0,4.0,6.1
2023,5,00-0034829,TE,True,0,0,3.0,1.7
2023,5,00-0034830,TE,True,0,0,3.0,1.2
2023,5,00-0034970,TE,True,0,0,4.0,2.0
2023,5,00-0035215,WR,True,0,0,2.0,2.0
2023,5,00-0035249,TE,True,0,0,0.0,0.0
2023,5,00-0035259,TE,True,0,0,1.0,0.0
2023,5,00-0035291,RB,True,0,0,1.0,0.4
2023,5,00-0035298,WR,True,0,0,0.0,0.0
2023,5,00-0035329,TE,True,0,0,1.0,0.0
2023,5,00-0035406,WR,True,0,0,1.0,1.6
2023,5,00-0035500,WR,True,0,0,0.0,0.0
2023,5,00-0035535,WR,True,0,0,3.0,3.3
2023,5,00-0035562,TE,True,0,0,0.0,0.0
2023,5,00-0035572,TE,True,0,0,0.0,0.0
2023,5,00-0035594,RB,True,0,0,0.0,0.0
2023,5,00-0035628,RB,True,0,0,1.0,-0.2
2023,5,00-0035639,WR,True,0,0,5.0,3.0
2023,5,00-0035771,TE,True,0,0,1.0,1.2
2023,5,00-0035956,TE,True,0,0,0.0,0.0
2023,5,00-0035973,RB,True,0,0,7.0,4.4
2023,5,00-0036020,RB,True,0,0,6.0,5.6
2023,5,00-0036040,TE,True,0,0,4.0,2.2
2023,5,00-0036139,RB,True,0,0,4.0,2.2
2023,5,00-0036145,TE,True,0,0,2.0,2.7
2023,5,00-0036158,RB,True,0,0,11.0,10.7
2023,5,00-0036165,WR,True,0,0,3.0,3.9
2023,5,00-0036182,WR,True,0,0,6.0,13.6
2023,5,00-0036232,TE,True,0,0,2.0,0.9
2023,5,00-0036233,WR,True,0,0,4.0,1.2
2023,5,00-0036244,TE,True,0,0,1.0,0.0
2023,5,00-0036259,WR,True,0,0,3.0,4.1
2023,5,00-0036268,WR,True,0,0,2.0,2.4
2023,5,00-0036271,WR,True,0,0,2.0,2.7
2023,5,00-0036290,TE,True,1,1,10.0,24.1
2023,5,00-0036309,WR,True,0,0,4.0,7.1
2023,5,00-0036326,WR,True,0,0,4.0,2.0
2023,5,00-0036331,WR,True,0,0,2.0,1.8
2023,5,00-0036332,TE,True,0,0,4.0,5.4
2023,5,00-0036336,RB,True,0,0,2.0,2.1
2023,5,00-0036345,WR,True,0,0,2.0,2.1
2023,5,00-0036422,TE,True,0,0,1.0,0.0
2023,5,00-0036424,TE,True,0,0,1.0,1.0
2023,5,00-0036425,RB,True,0,0,1.0,0.0
2023,5,00-0036429,TE,True,0,0,0.0,0.0
2023,5,00-0036493,RB,True,0,0,19.0,1.3
2023,5,00-0036550,WR,True,0,0,3.0,1.1
2023,5,00-0036569,RB,True,0,0,6.0,2.4
2023,5,00-0036626,WR,True,0,0,3.0,6.1
2023,5,00-0036628,TE,True,0,0,1.0,1.1
2023,5,00-0036635,WR,True,0,0,0.0,0.0
2023,5,00-0036637,TE,True,0,0,3.0,9.9
2023,5,00-0036741,TE,True,0,0,2.0,1.1
2023,5,00-0036754,TE,True,0,0,2.0,2.7
2023,5,00-0036857,RB,True,0,0,3.0,1.6
2023,5,00-0036860,RB,True,0,0,3.0,2.7
2023,5,00-0036862,WR,True,0,0,1.0,0.8
2023,5,00-0036876,TE,True,0,0,5.0,3.4
2023,5,00-0036913,WR,True,0,0,2.0,3.2
2023,5,00-0036924,RB,True,0,0,4.0,3.1
2023,5,00-0036955,WR,True,0,0,10.0,10.1
2023,5,00-0037005,TE,True,0,0,1.0,2.0
2023,5,00-0037078,TE,True,0,0,0.0,0.0
2023,5,00-0037098,WR,True,0,0,1.0,4.0
2023,5,00-0037132,WR,True,0,0,0.0,0.0
2023,5,00-0037216,WR,True,0,0,1.0,0.0
2023,5,00-0037252,TE,True,0,0,2.0,3.2
2023,5,00-0037257,WR,True,0,0,3.0,4.2
2023,5,00-0037276,RB,True,0,0,0.0,0.0
2023,5,00-0037277,TE,True,0,0,1.0,0.0
2023,5,00-0037291,WR,True,0,0,0.0,0.0
2023,5,00-0037292,TE,True,0,0,4.0,12.3
2023,5,00-0037299,RB,True,0,0,6.0,2.6
2023,5,00-0037311,TE,True,0,0,0.0,0.0
2023,5,00-0037382,WR,True,0,0,1.0,6.9
2023,5,00-0037487,WR,True,0,0,5.0,13.6
2023,5,00-0037545,WR,True,0,0,7.0,4.8
2023,5,00-0037557,RB,True,0,0,11.0,6.7
2023,5,00-0037569,TE,True,0,0,1.0,0.8
2023,5,00-0037664,WR,True,0,0,2.0,4.3
2023,5,00-0037666,WR,True,0,0,4.0,7.3
2023,5,00-0037744,TE,True,0,0,1.0,1.0
2023,5,00-0037801,WR,True,0,0,2.0,5.6
2023,5,00-0037809,TE,True,0,0,3.0,4.4
2023,5,00-0037837,WR,True,0,0,6.0,4.4
2023,5,00-0037838,TE,True,0,0,0.0,0.0
2023,5,00-0038040,RB,True,0,0,3.0,1.5
2023,5,00-0038041,TE,True,2,2,7.0,11.2
2023,5,00-0038046,TE,True,0,0,1.0,0.0
2023,5,00-0038092,WR,True,0,0,4.0,0.5
2023,5,00-0038098,RB,True,0,0,5.0,4.9
2023,5,00-0038115,TE,True,0,0,1.0,1.1
2023,5,00-0038129,TE,True,0,0,4.0,8.8
2023,5,00-0038393,WR,True,0,0,1.0,0.0
2023,5,00-0038396,RB,True,0,0,0.0,0.0
2023,5,00-0038397,RB,True,0,0,2.0,1.2
2023,5,00-0038465,WR,True,0,0,2.0,0.0
2023,5,00-0038496,WR,True,0,0,3.0,2.2
2023,5,00-0038559,WR,True,1,1,7.0,23.1
2023,5,00-0038573,WR,True,0,0,5.0,7.7
2023,5,00-0038576,WR,True,0,0,2.0,1.1
2023,5,00-0038608,WR,True,0,0,4.0,0.0
2023,5,00-0038611,RB,True,0,0,3.0,0.7
2023,5,00-0038618,WR,True,0,0,0.0,0.0
2023,5,00-0038621,WR,True,0,0,3.0,5.5
2023,5,00-0038622,RB,True,0,0,9.0,1.6
2023,5,00-0038794,RB,True,2,2,10.0,17.9
2023,5,00-0038821,WR,True,0,0,1.0,0.8
2023,5,00-0038938,WR,True,0,0,2.0,2.0
2023,5,00-0038941,WR,True,0,0,2.0,1.9
2023,5,00-0038951,RB,True,0,0,2.0,0.1
2023,5,00-0038969,WR,True,0,0,0.0,0.0
2023,5,00-0038976,WR,True,0,0,2.0,5.7
2023,5,00-0038997,WR,True,0,0,3.0,4.4
2023,5,00-0039052,WR,True,0,0,3.0,7.6
2023,5,00-0039062,WR,True,0,0,6.0,3.6
2023,5,00-0039066,TE,True,0,0,1.0,2.0
2023,5,00-0039067,WR,True,0,0,5.0,4.7
2023,5,00-0039144,TE,True,0,0,1.0,0.6
2023,5,00-0039165,RB,True,0,0,8.0,4.5
2023,5,00-0027696,TE,True,0,0,1.0,7.3
2023,5,00-0031547,WR,True,0,0,4.0,4.3
2023,5,00-0031549,WR,True,0,0,2.0,0.9
2023,5,00-0033854,RB,True,0,0,2.0,0.4
2023,5,00-0034297,WR,True,0,0,2.0,2.0
2023,5,00-0034575,TE,True,0,0,2.0,0.0
2023,5,00-0034750,RB,True,0,0,4.0,1.9
2023,5,00-0034981,TE,True,0,0,2.0,3.0
2023,5,00-0034983,WR,True,0,0,4.0,2.2
2023,5,00-0035140,WR,True,0,0,1.0,1.1
2023,5,00-0035567,RB,True,0,0,0.0,0.0
2023,5,00-0035644,TE,True,0,0,2.0,7.3
2023,5,00-0035645,WR,True,0,0,1.0,-1.5
2023,5,00-0035703,WR,True,0,0,1.0,1.0
2023,5,00-0036187,RB,True,0,0,0.0,0.0
2023,5,00-0036497,WR,True,0,0,1.0,0.4
2023,5,00-0036556,TE,True,0,0,0.0,0.0
2023,5,00-0036841,WR,True,0,0,0.0,0.0
2023,5,00-0037261,WR,True,0,0,1.0,0.0
2023,5,00-0037475,TE,True,0,0,1.0,0.0
2023,5,00-0037525,RB,True,0,0,4.0,2.8
2023,5,00-0037594,RB,True,0,0,0.0,0.0
2023,5,00-0037614,WR,True,0,0,2.0,2.7
2023,5,00-0037745,WR,True,0,0,1.0,1.0
2023,5,00-0038045,RB,True,0,0,7.0,3.7
2023,5,00-0038394,TE,True,0,0,2.0,5.9
2023,5,00-0038547,TE,True,0,0,3.0,0.0
2023,5,00-0038563,WR,True,0,0,2.0,3.4
2023,5,00-0038589,TE,True,0,0,2.0,9.6
2023,5,00-0038597,RB,True,0,0,1.0,0.2
2023,5,00-0038627,WR,True,0,0,1.0,0.7
2023,5,00-0038647,WR,True,0,0,1.0,1.2
2023,5,00-0038705,RB,True,0,0,5.0,3.9
2023,5,00-0038738,RB,True,0,0,2.0,6.4
2023,5,00-0038752,WR,True,0,0,1.0,0.0
2023,5,00-0038797,RB,True,0,0,3.0,1.7
2023,5,00-0038862,RB,True,0,0,6.0,2.9
2023,5,00-0031585,TE,True,0,0,1.0,0.0
2023,5,00-0032134,TE,True,0,0,1.0,6.6
2023,5,00-0032144,RB,True,0,0,4.0,4.9
2023,5,00-0032688,WR,True,0,0,1.0,0.0
2023,5,00-0033118,RB,True,0,0,4.0,2.1
2023,5,00-0033439,TE,True,0,0,2.0,14.1
2023,5,00-0034433,RB,True,0,0,1.0,6.1
2023,5,00-0034487,WR,True,0,0,3.0,2.8
2023,5,00-0034613,TE,True,0,0,2.0,2.8
2023,5,00-0034838,RB,True,0,0,0.0,0.0
2023,5,00-0034854,WR,True,0,0,2.0,2.9
2023,5,00-0035208,WR,True,0,0,2.0,1.6
2023,5,00-0035631,TE,True,0,0,1.0,0.4
2023,5,00-0035726,RB,True,0,0,2.0,1.7
2023,5,00-0036176,WR,True,0,0,0.0,0.0
2023,5,00-0036887,TE,True,0,0,2.0,2.0
2023,5,00-0036984,RB,True,0,0,3.0,0.7
2023,5,00-0037011,TE,True,0,0,0.0,0.0
2023,5,00-0037039,WR,True,0,0,0.0,0.0
2023,5,00-0037157,RB,True,0,0,3.0,1.3
2023,5,00-0037272,WR,True,0,0,0.0,0.0
2023,5,00-0037306,TE,True,0,0,0.0,0.0
2023,5,00-0038117,WR,True,0,0,7.0,7.2
2023,5,00-0038488,RB,True,0,0,0.0,0.0
2023,5,00-0038685,RB,True,0,0,9.0,6.6
2023,5,00-0038720,TE,True,0,0,0.0,0.0
2023,5,00-0038783,TE,True,0,0,2.0,1.8
2023,5,00-0038935,TE,True,0,0,0.0,0.0
2023,5,00-0024243,TE,True,0,0,1.0,1.3
2023,5,00-0026293,WR,True,0,0,0.0,0.0
2023,5,00-0030663,WR,True,0,0,1.0,1.4
2023,5,00-0032141,TE,True,0,0,1.0,0.0
2023,5,00-0032951,WR,True,0,0,0.0,0.0
2023,5,00-0033376,RB,True,0,0,1.0,1.9
2023,5,00-0034279,WR,True,0,0,1.0,2.6
2023,5,00-0034418,WR,True,0,0,2.0,2.1
2023,5,00-0035164,WR,True,0,0,1.0,1.5
2023,5,00-0035341,WR,True,0,0,1.0,2.2
2023,5,00-0035715,RB,True,0,0,0.0,0.0
2023,5,00-0035806,RB,True,0,0,2.0,0.0
2023,5,00-0036032,TE,True,0,0,0.0,0.0
2023,5,00-0036364,WR,True,0,0,1.0,0.0
2023,5,00-0036450,RB,True,0,0,10.0,2.4
2023,5,00-0036646,WR,True,0,0,0.0,0.0
2023,5,00-0037805,TE,True,0,0,2.0,3.6
2023,5,00-0038124,WR,True,0,0,4.0,9.5
2023,5,00-0038558,TE,True,0,0,1.0,1.5
2023,5,00-0038606,WR,True,0,0,0.0,0.0
2023,5,00-0038619,WR,True,0,0,0.0,0.0
2023,5,00-0038632,WR,True,0,0,1.0,0.0
2023,5,00-0038643,TE,True,0,0,0.0,0.0
2023,5,00-0038979,WR,True,0,0,3.0,1.0
2023,5,00-0038996,TE,True,0,0,2.0,1.5
2023,6,00-0028002,WR,True,0,0,1.0,0.0
2023,6,00-0029239,RB,True,0,0,0.0,0.0
2023,6,00-0029293,WR,True,0,0,2.0,3.2
2023,6,00-0030068,WR,True,0,0,1.0,0.5
2023,6,00-0030431,WR,True,0,0,9.0,4.5
2023,6,00-0030513,RB,False,1,1,3.0,1.2
2023,6,00-0031236,WR,True,0,0,5.0,1.8
2023,6,00-0031428,WR,True,0,0,9.0,5.4
2023,6,00-0031484,TE,True,0,0,1.0,1.5
2023,6,00-0031763,WR,True,0,0,3.0,0.3
2023,6,00-0031941,WR,True,0,0,2.0,3.1
2023,6,00-0032062,TE,True,0,0,3.0,8.2
2023,6,00-0032104,RB,True,0,0,2.0,2.0
2023,6,00-0032200,WR,True,0,0,5.0,1.0
2023,6,00-0032208,WR,True,0,0,1.0,0.0
2023,6,00-0032385,WR,True,0,0,2.0,1.8
2023,6,00-0032392,TE,True,0,0,2.0,2.1
2023,6,00-0032398,WR,True,0,0,3.0,4.9
2023,6,00-0032464,WR,True,0,0,3.0,6.0
2023,6,00-0033045,RB,True,0,0,12.0,5.8
2023,6,00-0033090,TE,True,0,0,2.0,0.0
2023,6,00-0033217,TE,True,0,0,1.0,2.2
2023,6,00-0033251,WR,True,0,0,1.0,0.0
2023,6,00-0033292,WR,True,0,0,0.0,0.0
2023,6,00-0033307,WR,True,0,0,5.0,5.3
2023,6,00-0033308,RB,True,0,0,10.0,2.9
2023,6,00-0033357,TE,True,0,0,4.0,2.5
2023,6,00-0033466,WR,True,0,0,1.0,0.4
2023,6,00-0033553,RB,True,0,0,6.0,4.6
2023,6,00-0033555,WR,True,0,0,2.0,3.9
2023,6,00-0033572,WR,True,0,0,1.0,0.1
2023,6,00-0033591,WR,True,0,0,5.0,3.4
2023,6,00-0033757,TE,True,0,0,2.0,2.0
2023,6,00-0033885,TE,True,0,0,7.0,7.6
2023,6,00-0033943,WR,False,1,1,5.0,15.6
2023,6,00-0033948,RB,True,0,0,9.0,2.9
2023,6,00-0034054,WR,True,0,0,1.0,1.8
2023,6,00-0034159,TE,True,0,0,3.0,5.0
2023,6,00-0034208,RB,True,0,0,0.0,0.0
2023,6,00-0034272,WR,True,0,0,2.0,1.7
2023,6,00-0034286,WR,True,0,0,1.0,0.0
2023,6,00-0034317,WR,True,0,0,1.0,0.6
2023,6,00-0034364,TE,True,0,0,2.0,1.1
2023,6,00-0034365,TE,True,0,0,2.0,3.3
2023,6,00-0034386,WR,True,0,0,3.0,6.6
2023,6,00-0034407,WR,True,0,0,1.0,0.6
2023,6,00-0034414,RB,True,0,0,5.0,4.0
2023,6,00-0034419,WR,True,0,0,2.0,2.3
2023,6,00-0034521,WR,True,0,0,4.0,4.8
2023,6,00-0034646,WR,True,0,0,7.0,7.2
2023,6,00-0034681,RB,True,0,0,2.0,1.2
2023,6,00-0034798,TE,True,0,0,4.0,6.1
2023,6,00-0034829,TE,True,0,0,4.0,2.7
2023,6,00-0034830,TE,True,0,0,3.0,3.6
2023,6,00-0034970,TE,True,0,0,4.0,2.0
2023,6,00-0035215,WR,True,0,0,2.0,7.2
2023,6,00-0035249,TE,True,0,0,2.0,0.0
2023,6,00-0035259,TE,True,0,0,1.0,2.6
2023,6,00-0035291,RB,True,0,0,1.0,0.5
2023,6,00-0035298,WR,True,0,0,2.0,2.0
2023,6,00-0035329,TE,True,0,0,1.0,0.0
2023,6,00-0035406,WR,True,0,0,1.0,1.6
2023,6,00-0035500,WR,True,0,0,0.0,0.0
2023,6,00-0035535,WR,True,0,0,4.0,4.5
2023,6,00-0035562,TE,True,0,0,0.0,0.0
2023,6,00-0035572,TE,True,0,0,0.0,0.0
2023,6,00-0035594,RB,True,0,0,0.0,0.0
2023,6,00-0035628,RB,True,0,0,0.0,0.0
2023,6,00-0035639,WR,True,0,0,2.0,3.3
2023,6,00-0035771,TE,True,0,0,1.0,1.2
2023,6,00-0035956,TE,True,0,0,0.0,0.0
2023,6,00-0035973,RB,True,0,0,7.0,1.7
2023,6,00-0036020,RB,True,0,0,6.0,5.6
2023,6,00-0036040,TE,True,0,0,4.0,2.2
2023,6,00-0036145,TE,True,0,0,2.0,2.7
2023,6,00-0036158,RB,True,0,0,11.0,10.7
2023,6,00-0036165,WR,True,0,0,2.0,2.9
2023,6,00-0036182,WR,True,0,0,3.0,1.4
2023,6,00-0036232,TE,True,0,0,2.0,0.9
2023,6,00-0036233,WR,True,0,0,4.0,1.2
2023,6,00-0036244,TE,True,0,0,1.0,0.0
2023,6,00-0036259,WR,True,0,0,1.0,2.4
2023,6,00-0036265,RB,False,1,0,21.0,13.6
2023,6,00-0036268,WR,True,0,0,5.0,2.7
2023,6,00-0036271,WR,True,0,0,3.0,1.4
2023,6,00-0036309,WR,True,0,0,4.0,0.0
2023,6,00-0036326,WR,True,0,0,4.0,2.0
2023,6,00-0036331,WR,True,0,0,1.0,0.0
2023,6,00-0036332,TE,True,0,0,1.0,2.4
2023,6,00-0036336,RB,True,0,0,2.0,2.1
2023,6,00-0036345,WR,False,4,4,9.0,7.4
2023,6,00-0036360,RB,True,0,0,3.0,0.4
2023,6,00-0036422,TE,True,0,0,5.0,10.6
2023,6,00-0036424,TE,True,0,0,1.0,1.0
2023,6,00-0036425,RB,True,0,0,1.0,0.0
2023,6,00-0036429,TE,True,0,0,0.0,0.0
2023,6,00-0036493,RB,True,0,0,19.0,1.3
2023,6,00-0036550,WR,True,0,0,3.0,1.3
2023,6,00-0036569,RB,True,0,0,6.0,2.4
2023,6,00-0036626,WR,True,0,0,3.0,1.6
2023,6,00-0036628,TE,True,0,0,2.0,2.9
2023,6,00-0036635,WR,True,0,0,0.0,0.0
2023,6,00-0036637,TE,True,0,0,2.0,3.1
2023,6,00-0036741,TE,True,0,0,1.0,0.9
2023,6,00-0036754,TE,True,0,0,3.0,3.1
2023,6,00-0036849,WR,True,1,1,5.0,7.9
2023,6,00-0036857,RB,True,0,0,3.0,1.6
2023,6,00-0036860,RB,True,0,0,3.0,2.7
2023,6,00-0036862,WR,True,0,0,1.0,0.0
2023,6,00-0036876,TE,True,0,0,3.0,2.5
2023,6,00-0036913,WR,True,0,0,7.0,5.2
2023,6,00-0036924,RB,True,0,0,4.0,3.7
2023,6,00-0036955,WR,True,0,0,10.0,10.1
2023,6,00-0037005,TE,True,0,0,1.0,6.6
2023,6,00-0037078,TE,True,0,0,1.0,1.4
2023,6,00-0037098,WR,True,0,0,1.0,4.0
2023,6,00-0037132,WR,True,0,0,0.0,0.0
2023,6,00-0037216,WR,True,0,0,4.0,3.8
2023,6,00-0037238,WR,False,2,2,9.0,11.68
2023,6,00-0037252,TE,True,0,0,2.0,3.2
2023,6,00-0037257,WR,True,0,0,3.0,4.2
2023,6,00-0037276,RB,True,0,0,1.0,1.5
2023,6,00-0037277,TE,True,0,0,1.0,2.7
2023,6,00-0037291,WR,True,0,0,0.0,0.0
2023,6,00-0037292,TE,True,0,0,2.0,2.6
2023,6,00-0037299,RB,True,0,0,6.0,2.6
2023,6,00-0037311,TE,True,0,0,0.0,0.0
2023,6,00-0037382,WR,True,0,0,1.0,1.4
2023,6,00-0037487,WR,True,0,0,5.0,13.6
2023,6,00-0037545,WR,True,0,0,2.0,3.8
2023,6,00-0037557,RB,True,0,0,1.0,0.1
2023,6,00-0037569,TE,True,0,0,1.0,0.8
2023,6,00-0037664,WR,True,0,0,2.0,1.5
2023,6,00-0037666,WR,True,0,0,4.0,7.3
2023,6,00-0037744,TE,True,0,0,3.0,2.7
2023,6,00-0037801,WR,True,0,0,1.0,9.1
2023,6,00-0037809,TE,True,0,0,9.0,5.8
2023,6,00-0037837,WR,True,0,0,1.0,0.0
2023,6,00-0037838,TE,True,0,0,0.0,0.0
2023,6,00-0038040,RB,True,0,0,3.0,1.5
2023,6,00-0038046,TE,True,0,0,1.0,0.0
2023,6,00-0038090,WR,True,0,0,2.0,2.1
2023,6,00-0038092,WR,True,0,0,4.0,0.5
2023,6,00-0038098,RB,True,0,0,5.0,4.9
2023,6,00-0038115,TE,True,0,0,1.0,1.2
2023,6,00-0038129,TE,True,0,0,4.0,8.8
2023,6,00-0038393,WR,True,0,0,1.0,1.5
2023,6,00-0038396,RB,True,0,0,13.0,3.1
2023,6,00-0038397,RB,True,0,0,2.0,1.2
2023,6,00-0038465,WR,True,0,0,2.0,0.0
2023,6,00-0038496,WR,True,0,0,0.0,0.0
2023,6,00-0038544,WR,True,0,0,3.0,2.3
2023,6,00-0038559,WR,True,0,0,2.0,2.3
2023,6,00-0038573,WR,True,0,0,5.0,7.7
2023,6,00-0038576,WR,True,0,0,2.0,1.1
2023,6,00-0038608,WR,True,0,0,4.0,0.0
2023,6,00-0038611,RB,True,0,0,3.0,0.7
2023,6,00-0038618,WR,True,0,0,0.0,0.0
2023,6,00-0038621,WR,True,0,0,2.0,2.9
2023,6,00-0038622,RB,True,0,0,4.0,1.3
2023,6,00-0038821,WR,True,0,0,1.0,0.8
2023,6,00-0038938,WR,True,0,0,2.0,2.0
2023,6,00-0038941,WR,True,0,0,2.0,1.9
2023,6,00-0038951,RB,True,0,0,2.0,0.1
2023,6,00-0038969,WR,True,0,0,0.0,0.0
2023,6,00-0038977,WR,True,1,0,6.0,6.8
2023,6,00-0039021,RB,False,2,2,3.0,1.9
2023,6,00-0039052,WR,True,0,0,3.0,7.6
2023,6,00-0039062,WR,True,0,0,7.0,7.3
2023,6,00-0039066,TE,True,0,0,3.0,4.9
2023,6,00-0039067,WR,False,1,1,5.0,11.3
2023,6,00-0039144,TE,True,0,0,7.0,6.4
2023,6,00-0027696,TE,True,0,0,1.0,0.0
2023,6,00-0031547,WR,True,0,0,4.0,3.0
2023,6,00-0031549,WR,True,0,0,5.0,8.4
2023,6,00-0033854,RB,True,0,0,2.0,0.4
2023,6,00-0034297,WR,True,0,0,2.0,1.5
2023,6,00-0034575,TE,True,0,0,2.0,0.0
2023,6,00-0034750,RB,True,0,0,4.0,1.9
2023,6,00-0034981,TE,True,0,0,1.0,7.1
2023,6,00-0034983,WR,True,0,0,2.0,1.2
2023,6,00-0035140,WR,True,0,0,1.0,1.1
2023,6,00-0035567,RB,True,0,0,7.0,11.2
2023,6,00-0035644,TE,True,0,0,2.0,7.3
2023,6,00-0035645,WR,True,0,0,0.0,0.0
2023,6,00-0035703,WR,True,0,0,1.0,0.0
2023,6,00-0036187,RB,True,0,0,0.0,0.0
2023,6,00-0036497,WR,True,0,0,1.0,0.0
2023,6,00-0036556,TE,True,0,0,0.0,0.0
2023,6,00-0036841,WR,True,0,0,0.0,0.0
2023,6,00-0037261,WR,True,0,0,1.0,1.6
2023,6,00-0037475,TE,True,0,0,1.0,0.0
2023,6,00-0037525,RB,True,0,0,11.0,12.9
2023,6,00-0037594,RB,True,0,0,0.0,0.0
2023,6,00-0037614,WR,True,0,0,2.0,3.0
2023,6,00-0037745,WR,True,0,0,1.0,1.0
2023,6,00-0038045,RB,True,0,0,7.0,3.7
2023,6,00-0038394,TE,True,0,0,2.0,5.9
2023,6,00-0038547,TE,True,0,0,1.0,0.0
2023,6,00-0038563,WR,True,0,0,2.0,1.6
2023,6,00-0038589,TE,True,0,0,1.0,1.2
2023,6,00-0038597,RB,True,0,0,1.0,0.7
2023,6,00-0038627,WR,True,0,0,1.0,0.7
2023,6,00-0038647,WR,True,0,0,1.0,0.0
2023,6,00-0038705,RB,False,5,5,13.0,12.2
2023,6,00-0038738,RB,True,0,0,0.0,0.0
2023,6,00-0038752,WR,True,0,0,1.0,0.0
2023,6,00-0038797,RB,True,0,0,3.0,1.7
2023,6,00-0038862,RB,True,0,0,6.0,2.9
2023,6,00-0031585,TE,True,0,0,1.0,2.7
2023,6,00-0032134,TE,True,0,0,2.0,2.2
2023,6,00-0032144,RB,True,0,0,4.0,4.9
2023,6,00-0032688,WR,True,0,0,1.0,0.0
2023,6,00-0033118,RB,True,0,0,4.0,2.1
2023,6,00-0033439,TE,True,0,0,2.0,14.1
2023,6,00-0034433,RB,True,0,0,0.0,0.0
2023,6,00-0034487,WR,True,0,0,1.0,0.8
2023,6,00-0034613,TE,True,0,0,2.0,2.8
2023,6,00-0034838,RB,True,0,0,0.0,0.0
2023,6,00-0034854,WR,True,0,0,2.0,1.6
2023,6,00-0035208,WR,True,0,0,2.0,1.6
2023,6,00-0035631,TE,True,0,0,1.0,0.4
2023,6,00-0035726,RB,True,0,0,2.0,1.7
2023,6,00-0036176,WR,True,0,0,0.0,0.0
2023,6,00-0036887,TE,True,0,0,1.0,2.1
2023,6,00-0036984,RB,True,0,0,3.0,0.7
2023,6,00-0037011,TE,True,0,0,0.0,0.0
2023,6,00-0037039,WR,True,0,0,0.0,0.0
2023,6,00-0037157,RB,True,0,0,1.0,1.3
2023,6,00-0037272,WR,True,0,0,0.0,0.0
2023,6,00-0037306,TE,True,0,0,0.0,0.0
2023,6,00-0038117,WR,True,0,0,7.0,4.4
2023,6,00-0038488,RB,True,0,0,0.0,0.0
2023,6,00-0038685,RB,True,0,0,9.0,6.6
2023,6,00-0038720,TE,True,0,0,0.0,0.0
2023,6,00-0038783,TE,True,0,0,1.0,0.0
2023,6,00-0038935,TE,True,0,0,1.0,0.0
2023,6,00-0024243,TE,True,0,0,1.0,1.3
2023,6,00-0026293,WR,True,0,0,0.0,0.0
2023,6,00-0030663,WR,True,0,0,1.0,1.4
2023,6,00-0032141,TE,True,0,0,2.0,3.2
2023,6,00-0032951,WR,True,0,0,0.0,0.0
2023,6,00-0033376,RB,True,0,0,0.0,0.0
2023,6,00-0034279,WR,True,0,0,1.0,0.0
2023,6,00-0034418,WR,True,0,0,4.0,7.2
2023,6,00-0035164,WR,True,0,0,1.0,1.5
2023,6,00-0035341,WR,True,0,0,10.0,10.0
2023,6,00-0035715,RB,True,0,0,0.0,0.0
2023,6,00-0035806,RB,True,0,0,2.0,0.0
2023,6,00-0036032,TE,True,0,0,0.0,0.0
2023,6,00-0036364,WR,True,0,0,1.0,0.0
2023,6,00-0036450,RB,True,0,0,10.0,2.4
2023,6,00-0036646,WR,True,0,0,0.0,0.0
2023,6,00-0037805,TE,True,0,0,1.0,0.7
2023,6,00-0038124,WR,True,0,0,8.0,10.1
2023,6,00-0038558,TE,True,0,0,2.0,0.0
2023,6,00-0038606,WR,True,0,0,0.0,0.0
2023,6,00-0038619,WR,True,0,0,2.0,1.4
2023,6,00-0038632,WR,True,0,0,1.0,0.0
2023,6,00-0038643,TE,True,0,0,0.0,0.0
2023,6,00-0038979,WR,True,0,0,3.0,1.0
2023,6,00-0038996,TE,True,0,0,0.0,0.0
2023,6,00-0030578,RB,True,0,0,1.0,1.2
2023,6,00-0033246,TE,True,0,0,1.0,1.6
2023,6,00-0033258,TE,True,0,0,0.0,0.0
2023,6,00-0034193,TE,True,0,0,0.0,0.0
2023,6,00-0037273,WR,True,0,0,1.0,0.0
2023,6,00-0037420,WR,True,0,0,1.0,0.7
2023,6,00-0037827,RB,True,0,0,6.0,2.1
2023,6,00-0038809,TE,True,0,0,1.0,1.7
2023,7,00-0028002,WR,True,0,0,3.0,2.0
2023,7,00-0029239,RB,True,0,0,0.0,0.0
2023,7,00-0029293,WR,True,0,0,1.0,1.0
2023,7,00-0030068,WR,True,0,0,3.0,2.9
2023,7,00-0030431,WR,True,0,0,3.0,7.1
2023,7,00-0031236,WR,True,0,0,5.0,13.0
2023,7,00-0031428,WR,True,0,0,9.0,5.4
2023,7,00-0031484,TE,True,0,0,1.0,0.0
2023,7,00-0031763,WR,True,0,0,1.0,0.0
2023,7,00-0031941,WR,True,0,0,0.0,0.0
2023,7,00-0032062,TE,True,0,0,3.0,8.2
2023,7,00-0032104,RB,True,0,0,1.0,0.0
2023,7,00-0032200,WR,True,0,0,1.0,1.4
2023,7,00-0032208,WR,True,0,0,1.0,0.0
2023,7,00-0032385,WR,True,0,0,2.0,1.8
2023,7,00-0032392,TE,True,0,0,2.0,2.9
2023,7,00-0032398,WR,True,0,0,1.0,1.1
2023,7,00-0032464,WR,True,0,0,4.0,4.1
2023,7,00-0033009,WR,True,0,0,7.0,13.3
2023,7,00-0033045,RB,True,0,0,8.0,11.4
2023,7,00-0033090,TE,True,0,0,3.0,1.2
2023,7,00-0033217,TE,True,0,0,1.0,2.2
2023,7,00-0033251,WR,True,0,0,1.0,0.0
2023,7,00-0033292,WR,True,0,0,1.0,0.0
2023,7,00-0033307,WR,True,0,0,12.0,14.3
2023,7,00-0033357,TE,True,0,0,9.0,8.76
2023,7,00-0033466,WR,True,0,0,2.0,3.3
2023,7,00-0033553,RB,True,0,0,6.0,4.6
2023,7,00-0033555,WR,True,0,0,4.0,5.6
2023,7,00-0033572,WR,True,0,0,0.0,0.0
2023,7,00-0033591,WR,True,0,0,5.0,4.7
2023,7,00-0033757,TE,True,0,0,1.0,1.6
2023,7,00-0033885,TE,True,0,0,4.0,3.9
2023,7,00-0033891,WR,True,0,0,5.0,9.8
2023,7,00-0033893,RB,True,0,0,4.0,1.9
2023,7,00-0033925,RB,True,1,1,16.0,7.2
2023,7,00-0033948,RB,True,0,0,9.0,2.9
2023,7,00-0034054,WR,True,0,0,1.0,1.8
2023,7,00-0034159,TE,True,0,0,1.0,0.9
2023,7,00-0034208,RB,True,0,0,1.0,1.1
2023,7,00-0034272,WR,True,0,0,1.0,0.0
2023,7,00-0034286,WR,True,0,0,1.0,0.0
2023,7,00-0034317,WR,True,0,0,1.0,0.6
2023,7,00-0034364,TE,True,0,0,2.0,0.0
2023,7,00-0034365,TE,True,0,0,2.0,3.3
2023,7,00-0034386,WR,True,0,0,1.0,0.0
2023,7,00-0034407,WR,True,0,0,4.0,3.2
2023,7,00-0034414,RB,True,0,0,3.0,2.1
2023,7,00-0034419,WR,True,0,0,2.0,3.0
2023,7,00-0034521,WR,True,0,0,3.0,1.3
2023,7,00-0034681,RB,True,0,0,2.0,1.2
2023,7,00-0034798,TE,True,0,0,1.0,0.0
2023,7,00-0034829,TE,True,0,0,3.0,4.3
2023,7,00-0034830,TE,True,0,0,3.0,2.1
2023,7,00-0034970,TE,True,0,0,2.0,1.0
2023,7,00-0035215,WR,True,0,0,1.0,6.8
2023,7,00-0035249,TE,True,0,0,2.0,0.0
2023,7,00-0035259,TE,True,0,0,1.0,2.6
2023,7,00-0035291,RB,True,0,0,2.0,1.3
2023,7,00-0035298,WR,True,0,0,2.0,0.9
2023,7,00-0035329,TE,True,0,0,3.0,2.9
2023,7,00-0035406,WR,True,0,0,1.0,1.6
2023,7,00-0035500,WR,True,0,0,1.0,0.0
2023,7,00-0035535,WR,True,0,0,6.0,8.9
2023,7,00-0035562,TE,True,0,0,0.0,0.0
2023,7,00-0035572,TE,True,0,0,0.0,0.0
2023,7,00-0035594,RB,True,0,0,0.0,0.0
2023,7,00-0035628,RB,True,0,0,1.0,1.9
2023,7,00-0035639,WR,True,0,0,0.0,0.0
2023,7,00-0035657,RB,True,0,0,1.0,0.1
2023,7,00-0035771,TE,True,0,0,0.0,0.0
2023,7,00-0035956,TE,True,0,0,0.0,0.0
2023,7,00-0035973,RB,True,0,0,7.0,1.7
2023,7,00-0036040,TE,True,0,0,4.0,2.2
2023,7,00-0036145,TE,True,0,0,2.0,2.7
2023,7,00-0036158,RB,True,0,0,11.0,10.7
2023,7,00-0036165,WR,True,0,0,2.0,2.9
2023,7,00-0036182,WR,True,0,0,4.0,4.0
2023,7,00-0036232,TE,True,0,0,1.0,0.0
2023,7,00-0036233,WR,True,0,0,1.0,0.0
2023,7,00-0036244,TE,True,0,0,5.0,3.4
2023,7,00-0036259,WR,True,0,0,4.0,3.6
2023,7,00-0036265,RB,False,1,1,21.0,13.6
2023,7,00-0036268,WR,True,0,0,4.0,3.2
2023,7,00-0036271,WR,True,0,0,3.0,1.4
2023,7,00-0036290,TE,True,0,0,3.0,1.9
2023,7,00-0036309,WR,True,0,0,3.0,5.8
2023,7,00-0036326,WR,True,0,0,4.0,2.0
2023,7,00-0036331,WR,True,0,0,0.0,0.0
2023,7,00-0036332,TE,True,0,0,1.0,2.4
2023,7,00-0036336,RB,True,0,0,2.0,2.1
2023,7,00-0036360,RB,True,0,0,3.0,2.1
2023,7,00-0036370,RB,True,0,0,3.0,0.9
2023,7,00-0036422,TE,True,0,0,2.0,0.9
2023,7,00-0036424,TE,True,0,0,1.0,1.0
2023,7,00-0036425,RB,True,0,0,1.0,0.4
2023,7,00-0036429,TE,True,0,0,0.0,0.0
2023,7,00-0036493,RB,True,0,0,19.0,1.3
2023,7,00-0036550,WR,True,0,0,3.0,2.5
2023,7,00-0036569,RB,True,0,0,6.0,2.4
2023,7,00-0036626,WR,True,0,0,1.0,0.0
2023,7,00-0036628,TE,True,0,0,2.0,2.9
2023,7,00-0036635,WR,True,0,0,0.0,0.0
2023,7,00-0036637,TE,True,0,0,3.0,2.5
2023,7,00-0036741,TE,True,0,0,1.0,0.9
2023,7,00-0036754,TE,True,0,0,1.0,1.2
2023,7,00-0036849,WR,True,0,0,1.0,3.5
2023,7,00-0036857,RB,True,0,0,3.0,1.6
2023,7,00-0036860,RB,True,0,0,3.0,2.7
2023,7,00-0036862,WR,True,0,0,1.0,0.0
2023,7,00-0036876,TE,True,0,0,4.0,8.2
2023,7,00-0036913,WR,True,0,0,8.0,7.9
2023,7,00-0036924,RB,True,0,0,2.0,0.5
2023,7,00-0036955,WR,True,0,0,3.0,0.0
2023,7,00-0037005,TE,True,0,0,2.0,3.5
2023,7,00-0037078,TE,True,0,0,1.0,1.4
2023,7,00-0037098,WR,True,0,0,1.0,4.0
2023,7,00-0037132,WR,True,0,0,0.0,0.0
2023,7,00-0037216,WR,True,0,0,4.0,3.8
2023,7,00-0037252,TE,True,0,0,2.0,0.8
2023,7,00-0037257,WR,True,0,0,3.0,1.1
2023,7,00-0037276,RB,True,0,0,0.0,0.0
2023,7,00-0037277,TE,True,0,0,1.0,2.7
2023,7,00-0037291,WR,True,0,0,0.0,0.0
2023,7,00-0037292,TE,True,0,0,1.0,0.0
2023,7,00-0037299,RB,True,0,0,12.0,6.1
2023,7,00-0037311,TE,True,0,0,0.0,0.0
2023,7,00-0037382,WR,True,0,0,2.0,0.0
2023,7,00-0037487,WR,True,0,0,5.0,1.3
2023,7,00-0037545,WR,True,0,0,8.0,17.3
2023,7,00-0037557,RB,True,0,0,4.0,1.8
2023,7,00-0037569,TE,True,0,0,1.0,0.8
2023,7,00-0037664,WR,True,0,0,6.0,4.0
2023,7,00-0037666,WR,True,0,0,0.0,0.0
2023,7,00-0037744,TE,True,0,0,5.0,8.2
2023,7,00-0037801,WR,True,0,0,0.0,0.0
2023,7,00-0037809,TE,True,0,0,4.0,2.8
2023,7,00-0037837,WR,True,0,0,1.0,0.0
2023,7,00-0037838,TE,True,0,0,0.0,0.0
2023,7,00-0038040,RB,True,0,0,4.0,1.9
2023,7,00-0038046,TE,True,0,0,1.0,0.0
2023,7,00-0038090,WR,True,0,0,4.0,3.2
2023,7,00-0038092,WR,True,0,0,4.0,0.5
2023,7,00-0038098,RB,True,0,0,0.0,0.0
2023,7,00-0038115,TE,True,0,0,1.0,1.2
2023,7,00-0038129,TE,True,0,0,2.0,2.0
2023,7,00-0038393,WR,True,0,0,1.0,1.5
2023,7,00-0038396,RB,True,0,0,1.0,0.2
2023,7,00-0038397,RB,True,0,0,2.0,1.2
2023,7,00-0038465,WR,True,0,0,2.0,0.0
2023,7,00-0038496,WR,True,0,0,1.0,1.8
2023,7,00-0038544,WR,True,0,0,2.0,0.0
2023,7,00-0038555,RB,True,0,0,4.0,1.3
2023,7,00-0038559,WR,True,0,0,4.0,7.7
2023,7,00-0038573,WR,True,0,0,0.0,0.0
2023,7,00-0038576,WR,True,0,0,2.0,1.1
2023,7,00-0038608,WR,True,0,0,4.0,0.0
2023,7,00-0038611,RB,True,0,0,4.0,2.3
2023,7,00-0038618,WR,True,0,0,2.0,1.5
2023,7,00-0038621,WR,True,0,0,2.0,2.9
2023,7,00-0038622,RB,True,0,0,4.0,1.3
2023,7,00-0038821,WR,True,0,0,1.0,0.8
2023,7,00-0038938,WR,True,0,0,4.0,3.6
2023,7,00-0038941,WR,True,0,0,4.0,2.2
2023,7,00-0038951,RB,True,0,0,2.0,0.1
2023,7,00-0038969,WR,True,0,0,0.0,0.0
2023,7,00-0038976,WR,True,0,0,0.0,0.0
2023,7,00-0038977,WR,False,1,1,6.0,6.8
2023,7,00-0038997,WR,True,0,0,8.0,10.6
2023,7,00-0039052,WR,True,0,0,7.0,5.7
2023,7,00-0039062,WR,True,0,0,3.0,3.1
2023,7,00-0039066,TE,True,0,0,6.0,10.0
2023,7,00-0039144,TE,True,0,0,7.0,6.4
2023,7,00-0027696,TE,True,0,0,1.0,0.0
2023,7,00-0031547,WR,True,0,0,3.0,1.2
2023,7,00-0031549,WR,True,0,0,3.0,5.0
2023,7,00-0033854,RB,True,0,0,2.0,0.4
2023,7,00-0034297,WR,True,0,0,2.0,1.5
2023,7,00-0034575,TE,True,0,0,2.0,0.0
2023,7,00-0034750,RB,True,0,0,4.0,1.9
2023,7,00-0034981,TE,True,0,0,4.0,5.3
2023,7,00-0034983,WR,True,0,0,0.0,0.0
2023,7,00-0035140,WR,True,0,0,2.0,0.0
2023,7,00-0035567,RB,True,0,0,12.0,5.3
2023,7,00-0035644,TE,True,0,0,1.0,1.4
2023,7,00-0035645,WR,True,0,0,0.0,0.0
2023,7,00-0035703,WR,True,0,0,1.0,0.0
2023,7,00-0036187,RB,True,0,0,0.0,0.0
2023,7,00-0036497,WR,True,0,0,1.0,0.0
2023,7,00-0036556,TE,True,0,0,1.0,1.6
2023,7,00-0036841,WR,True,0,0,0.0,0.0
2023,7,00-0037261,WR,True,0,0,1.0,1.8
2023,7,00-0037475,TE,True,0,0,1.0,0.0
2023,7,00-0037525,RB,True,0,0,5.0,8.7
2023,7,00-0037594,RB,True,0,0,0.0,0.0
2023,7,00-0037614,WR,True,0,0,2.0,3.0
2023,7,00-0037745,WR,True,0,0,3.0,2.5
2023,7,00-0038045,RB,True,0,0,1.0,0.2
2023,7,00-0038394,TE,True,0,0,1.0,0.0
2023,7,00-0038547,TE,True,0,0,1.0,0.0
2023,7,00-0038563,WR,True,0,0,3.0,7.1
2023,7,00-0038589,TE,True,0,0,1.0,1.6
2023,7,00-0038597,RB,True,0,0,2.0,1.7
2023,7,00-0038627,WR,True,0,0,1.0,0.7
2023,7,00-0038647,WR,True,0,0,0.0,0.0
2023,7,00-0038705,RB,True,0,0,3.0,2.2
2023,7,00-0038738,RB,True,0,0,0.0,0.0
2023,7,00-0038752,WR,True,0,0,2.0,5.3
2023,7,00-0038797,RB,True,0,0,3.0,1.7
2023,7,00-0038862,RB,True,0,0,6.0,2.9
2023,7,00-0031585,TE,True,0,0,2.0,1.4
2023,7,00-0032134,TE,True,0,0,1.0,0.0
2023,7,00-0032144,RB,True,0,0,4.0,4.9
2023,7,00-0032688,WR,True,0,0,1.0,0.0
2023,7,00-0033118,RB,True,0,0,4.0,2.1
2023,7,00-0033439,TE,True,0,0,1.0,2.0
2023,7,00-0034433,RB,True,0,0,0.0,0.0
2023,7,00-0034487,WR,True,0,0,0.0,0.0
2023,7,00-0034613,TE,True,0,0,2.0,2.8
2023,7,00-0034838,RB,True,0,0,0.0,0.0
2023,7,00-0034854,WR,True,0,0,1.0,0.0
2023,7,00-0035208,WR,True,0,0,2.0,1.0
2023,7,00-0035631,TE,True,0,0,1.0,0.9
2023,7,00-0035726,RB,True,0,0,2.0,1.7
2023,7,00-0036176,WR,True,0,0,0.0,0.0
2023,7,00-0036887,TE,True,0,0,1.0,2.1
2023,7,00-0036984,RB,True,0,0,1.0,0.0
2023,7,00-0037011,TE,True,0,0,0.0,0.0
2023,7,00-0037039,WR,True,0,0,0.0,0.0
2023,7,00-0037157,RB,True,0,0,1.0,1.3
2023,7,00-0037272,WR,True,0,0,0.0,0.0
2023,7,00-0037306,TE,True,0,0,0.0,0.0
2023,7,00-0038117,WR,False,1,1,8.0,10.2
2023,7,00-0038488,RB,True,0,0,0.0,0.0
2023,7,00-0038551,RB,True,0,0,4.0,1.7
2023,7,00-0038685,RB,True,0,0,6.0,2.8
2023,7,00-0038720,TE,True,0,0,0.0,0.0
2023,7,00-0038783,TE,True,0,0,1.0,0.0
2023,7,00-0038935,TE,True,0,0,3.0,9.7
2023,7,00-0024243,TE,True,0,0,1.0,1.3
2023,7,00-0026293,WR,True,0,0,0.0,0.0
2023,7,00-0030663,WR,True,0,0,1.0,1.4
2023,7,00-0032141,TE,True,0,0,2.0,3.2
2023,7,00-0032951,WR,True,0,0,0.0,0.0
2023,7,00-0033376,RB,True,0,0,1.0,0.8
2023,7,00-0034279,WR,True,0,0,1.0,0.0
2023,7,00-0034418,WR,True,0,0,4.0,7.2
2023,7,00-0035164,WR,True,0,0,1.0,1.5
2023,7,00-0035341,WR,True,0,0,0.0,0.0
2023,7,00-0035715,RB,True,0,0,0.0,0.0
2023,7,00-0035806,RB,True,0,0,2.0,0.0
2023,7,00-0036032,TE,True,0,0,1.0,0.0
2023,7,00-0036364,WR,True,0,0,1.0,0.0
2023,7,00-0036450,RB,True,0,0,8.0,0.9
2023,7,00-0036646,WR,True,0,0,0.0,0.0
2023,7,00-0037805,TE,True,0,0,1.0,1.3
2023,7,00-0038124,WR,True,0,0,8.0,10.1
2023,7,00-0038558,TE,True,0,0,2.0,0.0
2023,7,00-0038606,WR,True,0,0,0.0,0.0
2023,7,00-0038619,WR,True,0,0,1.0,6.8
2023,7,00-0038632,WR,True,0,0,1.0,0.0
2023,7,00-0038643,TE,True,0,0,0.0,0.0
2023,7,00-0038979,WR,True,0,0,3.0,1.0
2023,7,00-0038996,TE,True,0,0,0.0,0.0
2023,7,00-0030578,RB,True,0,0,2.0,1.1
2023,7,00-0033246,TE,True,0,0,1.0,1.6
2023,7,00-0033258,TE,True,0,0,0.0,0.0
2023,7,00-0034193,TE,True,0,0,0.0,0.0
2023,7,00-0037273,WR,True,0,0,2.0,1.1
2023,7,00-0037420,WR,True,0,0,1.0,0.7
2023,7,00-0037827,RB,True,0,0,6.0,2.1
2023,7,00-0038809,TE,True,0,0,1.0,1.7
2023,7,00-0030874,RB,True,0,0,9.0,4.9
2023,7,00-0034073,TE,True,0,0,1.0,0.0
2023,7,00-0035184,RB,True,0,0,4.0,1.8
2023,7,00-0036297,RB,True,0,0,10.0,3.9
2023,7,00-0036590,TE,True,0,0,1.0,8.0
2023,7,00-0036877,WR,True,0,0,0.0,0.0
2023,7,00-0036991,WR,True,0,0,2.0,0.0
2023,7,00-0037156,WR,True,0,0,0.0,0.0
2023,7,00-0037429,RB,True,0,0,6.0,2.7
2023,7,00-0038104,WR,True,0,0,2.0,1.1
2023,7,00-0038678,RB,True,0,0,0.0,0.0
2023,7,00-0038911,WR,True,0,0,0.0,0.0
2023,7,00-0039050,TE,True,0,0,1.0,1.3
2023,7,00-0039136,RB,False,2,2,4.0,1.0
2023,8,00-0028002,WR,True,0,0,3.0,2.0
2023,8,00-0029239,RB,True,0,0,0.0,0.0
2023,8,00-0029293,WR,True,0,0,1.0,1.0
2023,8,00-0030068,WR,True,0,0,3.0,2.8
2023,8,00-0030431,WR,True,0,0,3.0,7.1
2023,8,00-0031236,WR,True,0,0,5.0,13.0
2023,8,00-0031428,WR,True,0,0,1.0,1.2
2023,8,00-0031484,TE,True,0,0,1.0,0.0
2023,8,00-0031763,WR,True,0,0,0.0,0.0
2023,8,00-0031941,WR,True,0,0,0.0,0.0
2023,8,00-0032062,TE,True,0,0,1.0,-0.8
2023,8,00-0032104,RB,True,0,0,1.0,0.0
2023,8,00-0032200,WR,True,0,0,1.0,1.4
2023,8,00-0032208,WR,True,0,0,1.0,0.0
2023,8,00-0032385,WR,True,0,0,1.0,0.8
2023,8,00-0032392,TE,True,0,0,2.0,2.8
2023,8,00-0032398,WR,True,0,0,1.0,1.1
2023,8,00-0032464,WR,True,0,0,2.0,3.0
2023,8,00-0033009,WR,True,0,0,7.0,13.3
2023,8,00-0033045,RB,True,0,0,12.0,9.1
2023,8,00-0033090,TE,True,0,0,3.0,3.7
2023,8,00-0033217,TE,True,0,0,1.0,-0.09999999999999998
2023,8,00-0033251,WR,True,0,0,1.0,0.0
2023,8,00-0033292,WR,True,0,0,0.0,0.0
2023,8,00-0033357,TE,True,1,1,10.0,14.8
2023,8,00-0033466,WR,True,0,0,1.0,0.7
2023,8,00-0033553,RB,True,0,0,6.0,4.6
2023,8,00-0033555,WR,True,0,0,0.0,0.0
2023,8,00-0033572,WR,True,0,0,7.0,5.5
2023,8,00-0033591,WR,True,0,0,5.0,4.7
2023,8,00-0033757,TE,True,0,0,1.0,1.6
2023,8,00-0033885,TE,True,1,1,9.0,7.9
2023,8,00-0033891,WR,True,0,0,5.0,9.8
2023,8,00-0033893,RB,True,0,0,4.0,1.9
2023,8,00-0033943,WR,True,0,0,3.0,5.3
2023,8,00-0033948,RB,True,0,0,5.0,1.4
2023,8,00-0034054,WR,True,0,0,1.0,1.8
2023,8,00-0034159,TE,True,0,0,1.0,0.9
2023,8,00-0034208,RB,True,0,0,1.0,1.1
2023,8,00-0034272,WR,True,0,0,5.0,15.9
2023,8,00-0034286,WR,True,0,0,1.0,0.0
2023,8,00-0034317,WR,True,0,0,1.0,0.6
2023,8,00-0034364,TE,True,0,0,2.0,0.0
2023,8,00-0034365,TE,True,0,0,2.0,3.3
2023,8,00-0034386,WR,True,0,0,1.0,0.0
2023,8,00-0034407,WR,True,0,0,3.0,3.0
2023,8,00-0034414,RB,True,0,0,0.0,0.0
2023,8,00-0034419,WR,True,0,0,2.0,1.2
2023,8,00-0034521,WR,True,0,0,3.0,1.3
2023,8,00-0034681,RB,True,0,0,2.0,1.2
2023,8,00-0034798,TE,True,0,0,1.0,0.0
2023,8,00-0034829,TE,True,0,0,2.0,7.5
2023,8,00-0034830,TE,True,0,0,3.0,2.1
2023,8,00-0034970,TE,True,0,0,2.0,1.0
2023,8,00-0035215,WR,True,0,0,1.0,1.5
2023,8,00-0035249,TE,True,0,0,2.0,1.6
2023,8,00-0035259,TE,True,0,0,1.0,2.6
2023,8,00-0035291,RB,True,0,0,2.0,1.3
2023,8,00-0035298,WR,True,0,0,1.0,5.1
2023,8,00-0035329,TE,True,0,0,3.0,1.4
2023,8,00-0035406,WR,True,0,0,1.0,1.6
2023,8,00-0035500,WR,True,0,0,0.0,0.0
2023,8,00-0035535,WR,True,0,0,2.0,2.7
2023,8,00-0035562,TE,True,0,0,1.0,0.9
2023,8,00-0035572,TE,True,0,0,0.0,0.0
2023,8,00-0035594,RB,True,0,0,1.0,0.0
2023,8,00-0035628,RB,True,0,0,1.0,1.9
2023,8,00-0035639,WR,True,0,0,0.0,0.0
2023,8,00-0035657,RB,True,0,0,1.0,0.1
2023,8,00-0035771,TE,True,0,0,0.0,0.0
2023,8,00-0035956,TE,True,0,0,0.0,0.0
2023,8,00-0035973,RB,True,0,0,7.0,1.7
2023,8,00-0036040,TE,True,0,0,4.0,2.2
2023,8,00-0036145,TE,True,0,0,2.0,2.7
2023,8,00-0036158,RB,True,0,0,11.0,10.7
2023,8,00-0036165,WR,True,0,0,4.0,2.3
2023,8,00-0036182,WR,True,0,0,4.0,4.0
2023,8,00-0036232,TE,True,0,0,1.0,0.0
2023,8,00-0036233,WR,True,0,0,3.0,3.2
2023,8,00-0036244,TE,True,0,0,2.0,3.6
2023,8,00-0036259,WR,True,0,0,9.0,7.9
2023,8,00-0036268,WR,True,0,0,4.0,3.2
2023,8,00-0036271,WR,True,0,0,3.0,1.4
2023,8,00-0036290,TE,True,1,1,0.0,0.0
2023,8,00-0036309,WR,True,0,0,6.0,5.4
2023,8,00-0036326,WR,True,0,0,0.0,0.0
2023,8,00-0036331,WR,True,0,0,0.0,0.0
2023,8,00-0036332,TE,True,0,0,0.0,0.0
2023,8,00-0036336,RB,True,0,0,2.0,2.1
2023,8,00-0036360,RB,True,0,0,3.0,0.5
2023,8,00-0036370,RB,True,0,0,7.0,13.5
2023,8,00-0036422,TE,True,0,0,2.0,1.0
2023,8,00-0036424,TE,True,0,0,1.0,1.0
2023,8,00-0036425,RB,True,0,0,1.0,0.5
2023,8,00-0036429,TE,True,0,0,0.0,0.0
2023,8,00-0036493,RB,True,0,0,19.0,1.3
2023,8,00-0036550,WR,True,0,0,3.0,4.6
2023,8,00-0036569,RB,True,0,0,6.0,2.4
2023,8,00-0036626,WR,True,0,0,0.0,0.0
2023,8,00-0036628,TE,True,0,0,1.0,0.0
2023,8,00-0036635,WR,True,0,0,0.0,0.0
2023,8,00-0036637,TE,True,0,0,1.0,1.3
2023,8,00-0036741,TE,True,0,0,1.0,0.9
2023,8,00-0036754,TE,True,0,0,1.0,1.2
2023,8,00-0036849,WR,True,0,0,2.0,9.6
2023,8,00-0036857,RB,True,0,0,3.0,1.6
2023,8,00-0036860,RB,True,0,0,3.0,2.7
2023,8,00-0036862,WR,True,0,0,1.0,0.0
2023,8,00-0036876,TE,True,0,0,4.0,8.2
2023,8,00-0036913,WR,True,0,0,1.0,1.8
2023,8,00-0036924,RB,True,0,0,2.0,0.5
2023,8,00-0036955,WR,True,0,0,3.0,0.0
2023,8,00-0037005,TE,True,0,0,2.0,3.5
2023,8,00-0037078,TE,True,0,0,1.0,1.4
2023,8,00-0037098,WR,True,0,0,2.0,0.8
2023,8,00-0037132,WR,True,0,0,0.0,0.0
2023,8,00-0037216,WR,True,0,0,0.0,0.0
2023,8,00-0037252,TE,True,0,0,2.0,0.8
2023,8,00-0037257,WR,True,0,0,3.0,1.1
2023,8,00-0037276,RB,True,0,0,1.0,1.7
2023,8,00-0037277,TE,True,0,0,1.0,2.7
2023,8,00-0037291,WR,True,0,0,0.0,0.0
2023,8,00-0037292,TE,True,0,0,0.0,0.0
2023,8,00-0037299,RB,True,0,0,12.0,6.1
2023,8,00-0037311,TE,True,0,0,0.0,0.0
2023,8,00-0037382,WR,True,0,0,2.0,0.0
2023,8,00-0037487,WR,True,0,0,3.0,0.9
2023,8,00-0037545,WR,True,0,0,9.0,5.2
2023,8,00-0037557,RB,True,0,0,4.0,1.8
2023,8,00-0037569,TE,True,0,0,1.0,0.8
2023,8,00-0037664,WR,True,0,0,3.0,6.8
2023,8,00-0037666,WR,True,0,0,0.0,0.0
2023,8,00-0037744,TE,True,0,0,6.0,4.4
2023,8,00-0037801,WR,True,0,0,0.0,0.0
2023,8,00-0037809,TE,True,0,0,4.0,2.8
2023,8,00-0037837,WR,True,0,0,1.0,0.1
2023,8,00-0037838,TE,True,0,0,0.0,0.0
2023,8,00-0038040,RB,True,0,0,5.0,4.3
2023,8,00-0038046,TE,True,0,0,0.0,0.0
2023,8,00-0038090,WR,True,0,0,3.0,2.5
2023,8,00-0038092,WR,True,0,0,4.0,0.5
2023,8,00-0038098,RB,True,0,0,8.0,2.5
2023,8,00-0038115,TE,True,0,0,1.0,1.2
2023,8,00-0038129,TE,True,0,0,6.0,6.8
2023,8,00-0038393,WR,True,0,0,2.0,2.86
2023,8,00-0038396,RB,True,0,0,0.0,0.0
2023,8,00-0038397,RB,True,0,0,2.0,1.2
2023,8,00-0038465,WR,True,0,0,2.0,0.0
2023,8,00-0038496,WR,True,0,0,1.0,1.8
2023,8,00-0038544,WR,True,0,0,2.0,2.5
2023,8,00-0038555,RB,True,0,0,2.0,0.2
2023,8,00-0038559,WR,True,0,0,5.0,4.1
2023,8,00-0038573,WR,True,0,0,5.0,2.9
2023,8,00-0038576,WR,True,0,0,2.0,1.1
2023,8,00-0038608,WR,True,0,0,4.0,0.0
2023,8,00-0038611,RB,True,0,0,7.0,3.1
2023,8,00-0038618,WR,True,0,0,2.0,1.5
2023,8,00-0038621,WR,True,0,0,7.0,9.4
2023,8,00-0038622,RB,True,0,0,4.0,1.3
2023,8,00-0038821,WR,True,0,0,2.0,0.0
2023,8,00-0038938,WR,True,0,0,5.0,8.5
2023,8,00-0038941,WR,True,0,0,5.0,4.3
2023,8,00-0038951,RB,True,0,0,2.0,0.1
2023,8,00-0038969,WR,True,0,0,0.0,0.0
2023,8,00-0038976,WR,True,0,0,2.0,-1.1
2023,8,00-0038997,WR,True,3,3,6.0,21.0
2023,8,00-0039052,WR,True,0,0,2.0,1.0
2023,8,00-0039062,WR,True,0,0,3.0,3.1
2023,8,00-0039066,TE,True,0,0,4.0,2.3
2023,8,00-0039144,TE,True,0,0,5.0,5.0
2023,8,00-0027696,TE,True,0,0,1.0,0.0
2023,8,00-0031547,WR,True,0,0,1.0,1.3
2023,8,00-0031549,WR,True,0,0,1.0,7.7
2023,8,00-0033854,RB,True,0,0,2.0,0.4
2023,8,00-0034297,WR,True,0,0,1.0,2.1
2023,8,00-0034575,TE,True,0,0,2.0,0.0
2023,8,00-0034750,RB,True,0,0,4.0,1.9
2023,8,00-0034981,TE,True,0,0,4.0,4.8
2023,8,00-0034983,WR,True,0,0,3.0,2.4
2023,8,00-0035140,WR,True,0,0,3.0,1.1
2023,8,00-0035567,RB,True,0,0,4.0,3.0
2023,8,00-0035644,TE,True,0,0,1.0,3.0
2023,8,00-0035645,WR,True,0,0,0.0,0.0
2023,8,00-0035703,WR,True,0,0,1.0,0.0
2023,8,00-0036187,RB,True,0,0,0.0,0.0
2023,8,00-0036497,WR,True,0,0,2.0,2.7
2023,8,00-0036556,TE,True,0,0,1.0,1.6
2023,8,00-0036841,WR,True,0,0,0.0,0.0
2023,8,00-0037261,WR,True,0,0,4.0,5.5
2023,8,00-0037475,TE,True,0,0,1.0,1.0
2023,8,00-0037525,RB,True,0,0,0.0,0.0
2023,8,00-0037594,RB,True,0,0,0.0,0.0
2023,8,00-0037614,WR,True,0,0,2.0,3.0
2023,8,00-0037745,WR,True,0,0,1.0,0.5
2023,8,00-0038045,RB,True,0,0,1.0,0.2
2023,8,00-0038394,TE,True,0,0,1.0,0.0
2023,8,00-0038547,TE,True,0,0,1.0,0.0
2023,8,00-0038563,WR,True,0,0,4.0,2.8
2023,8,00-0038589,TE,True,0,0,1.0,1.6
2023,8,00-0038597,RB,True,0,0,2.0,1.7
2023,8,00-0038627,WR,True,0,0,1.0,0.0
2023,8,00-0038647,WR,True,0,0,0.0,0.0
2023,8,00-0038705,RB,True,1,1,18.0,9.5
2023,8,00-0038738,RB,True,0,0,0.0,0.0
2023,8,00-0038752,WR,True,0,0,5.0,14.1
2023,8,00-0038797,RB,True,0,0,4.0,3.7
2023,8,00-0038862,RB,True,0,0,6.0,2.9
2023,8,00-0031585,TE,True,0,0,2.0,1.4
2023,8,00-0032134,TE,True,0,0,1.0,0.0
2023,8,00-0032144,RB,True,0,0,4.0,4.9
2023,8,00-0032688,WR,True,0,0,1.0,0.0
2023,8,00-0033118,RB,True,0,0,4.0,2.1
2023,8,00-0033439,TE,True,0,0,2.0,6.1
2023,8,00-0034433,RB,True,0,0,0.0,0.0
2023,8,00-0034487,WR,True,0,0,1.0,1.0
2023,8,00-0034613,TE,True,0,0,2.0,2.8
2023,8,00-0034838,RB,True,0,0,12.0,6.6
2023,8,00-0034854,WR,True,0,0,1.0,2.4
2023,8,00-0035208,WR,True,0,0,1.0,0.0
2023,8,00-0035631,TE,True,0,0,1.0,0.9
2023,8,00-0035726,RB,True,0,0,0.0,0.0
2023,8,00-0036176,WR,True,0,0,0.0,0.0
2023,8,00-0036887,TE,True,0,0,1.0,2.1
2023,8,00-0036984,RB,True,0,0,1.0,0.0
2023,8,00-0037011,TE,True,0,0,0.0,0.0
2023,8,00-0037039,WR,True,0,0,0.0,0.0
2023,8,00-0037157,RB,True,0,0,1.0,1.3
2023,8,00-0037272,WR,True,0,0,0.0,0.0
2023,8,00-0037306,TE,True,0,0,0.0,0.0
2023,8,00-0038488,RB,True,0,0,0.0,0.0
2023,8,00-0038551,RB,True,0,0,4.0,1.7
2023,8,00-0038685,RB,True,0,0,6.0,2.8
2023,8,00-0038720,TE,True,0,0,0.0,0.0
2023,8,00-0038783,TE,True,0,0,1.0,0.8
2023,8,00-0038935,TE,True,0,0,3.0,9.7
2023,8,00-0024243,TE,True,0,0,1.0,2.1
2023,8,00-0026293,WR,True,0,0,0.0,0.0
2023,8,00-0030663,WR,True,0,0,1.0,1.4
2023,8,00-0032141,TE,True,0,0,1.0,1.3
2023,8,00-0032951,WR,True,0,0,0.0,0.0
2023,8,00-0033376,RB,True,0,0,2.0,4.1
2023,8,00-0034279,WR,True,0,0,1.0,0.0
2023,8,00-0034418,WR,True,0,0,3.0,5.8
2023,8,00-0035164,WR,True,0,0,0.0,0.0
2023,8,00-0035341,WR,True,0,0,0.0,0.0
2023,8,00-0035715,RB,True,0,0,0.0,0.0
2023,8,00-0035806,RB,True,0,0,2.0,0.0
2023,8,00-0036032,TE,True,0,0,1.0,0.0
2023,8,00-0036364,WR,True,0,0,1.0,0.0
2023,8,00-0036450,RB,True,0,0,5.0,0.7
2023,8,00-0036646,WR,True,0,0,0.0,0.0
2023,8,00-0037805,TE,True,0,0,1.0,1.3
2023,8,00-0038124,WR,True,0,0,5.0,4.2
2023,8,00-0038558,TE,True,0,0,2.0,0.0
2023,8,00-0038606,WR,True,0,0,0.0,0.0
2023,8,00-0038619,WR,True,0,0,1.0,6.8
2023,8,00-0038632,WR,True,0,0,1.0,0.0
2023,8,00-0038643,TE,True,0,0,0.0,0.0
2023,8,00-0038979,WR,True,0,0,3.0,1.0
2023,8,00-0038996,TE,True,0,0,0.0,0.0
2023,8,00-0030578,RB,True,0,0,10.0,5.6
2023,8,00-0033246,TE,True,0,0,0.0,0.0
2023,8,00-0033258,TE,True,0,0,0.0,0.0
2023,8,00-0034193,TE,True,0,0,0.0,0.0
2023,8,00-0037273,WR,True,0,0,2.0,1.1
2023,8,00-0037420,WR,True,0,0,1.0,0.7
2023,8,00-0037827,RB,True,0,0,6.0,2.1
2023,8,00-0038809,TE,True,0,0,1.0,0.7
2023,8,00-0030874,RB,True,0,0,1.0,0.2
2023,8,00-0034073,TE,True,0,0,1.0,1.7
2023,8,00-0035184,RB,True,0,0,4.0,1.8
2023,8,00-0036297,RB,True,0,0,17.0,5.9
2023,8,00-0036590,TE,True,0,0,1.0,8.0
2023,8,00-0036877,WR,True,0,0,0.0,0.0
2023,8,00-0036991,WR,True,0,0,2.0,0.0
2023,8,00-0037156,WR,True,0,0,0.0,0.0
2023,8,00-0037429,RB,True,0,0,6.0,2.7
2023,8,00-0038104,WR,True,0,0,1.0,0.7
2023,8,00-0038678,RB,True,0,0,0.0,0.0
2023,8,00-0038911,WR,True,0,0,0.0,0.0
2023,8,00-0039050,TE,True,0,0,1.0,0.0
2023,8,00-0032450,RB,True,0,0,0.0,0.0
2023,8,00-0034614,RB,True,0,0,0.0,0.0
2023,8,00-0035537,RB,True,0,0,0.0,0.0
2023,8,00-0035664,RB,True,4,4,20.0,13.1
2023,8,00-0035934,WR,True,0,0,1.0,1.2
2023,8,00-0036387,WR,True,0,0,1.0,1.6
2023,8,00-0036842,RB,True,0,0,0.0,0.0
2023,8,00-0038656,RB,True,0,0,0.0,0.0
2023,8,00-0039041,TE,True,0,0,1.0,0.5
2023,9,00-0028002,WR,True,0,0,3.0,2.0
2023,9,00-0029239,RB,True,0,0,0.0,0.0
2023,9,00-0029293,WR,True,0,0,1.0,1.0
2023,9,00-0030068,WR,True,0,0,1.0,-0.5
2023,9,00-0030431,WR,True,0,0,3.0,7.1
2023,9,00-0030513,RB,True,1,0,6.0,1.6
2023,9,00-0031236,WR,True,1,1,5.0,12.7
2023,9,00-0031376,RB,True,0,0,4.0,1.3
2023,9,00-0031428,WR,True,0,0,1.0,0.0
2023,9,00-0031484,TE,True,0,0,1.0,0.0
2023,9,00-0031763,WR,True,0,0,0.0,0.0
2023,9,00-0031941,WR,True,0,0,7.0,19.0
2023,9,00-0032062,TE,True,0,0,1.0,0.0
2023,9,00-0032104,RB,True,0,0,2.0,2.4
2023,9,00-0032200,WR,True,0,0,0.0,0.0
2023,9,00-0032208,WR,True,0,0,1.0,0.0
2023,9,00-0032385,WR,True,0,0,1.0,0.8
2023,9,00-0032392,TE,True,0,0,2.0,2.9
2023,9,00-0032398,WR,True,0,0,1.0,1.1
2023,9,00-0032464,WR,True,0,0,5.0,3.2
2023,9,00-0033009,WR,True,0,0,4.0,12.1
2023,9,00-0033045,RB,True,0,0,7.0,3.6
2023,9,00-0033090,TE,True,0,0,3.0,4.3
2023,9,00-0033217,TE,True,0,0,2.0,1.6
2023,9,00-0033251,WR,True,0,0,1.0,0.0
2023,9,00-0033292,WR,True,0,0,1.0,-0.2
2023,9,00-0033466,WR,True,0,0,0.0,0.0
2023,9,00-0033553,RB,True,0,0,6.0,4.6
2023,9,00-0033555,WR,True,0,0,3.0,3.7
2023,9,00-0033572,WR,True,0,0,0.0,0.0
2023,9,00-0033591,WR,True,0,0,5.0,7.2
2023,9,00-0033757,TE,True,0,0,1.0,1.3
2023,9,00-0033891,WR,True,0,0,5.0,9.8
2023,9,00-0033893,RB,True,0,0,2.0,0.5
2023,9,00-0033943,WR,True,0,0,1.0,-0.19999999999999996
2023,9,00-0033948,RB,True,0,0,7.0,4.3
2023,9,00-0034054,WR,True,0,0,1.0,1.8
2023,9,00-0034159,TE,True,0,0,0.0,0.0
2023,9,00-0034208,RB,True,0,0,2.0,2.1
2023,9,00-0034272,WR,True,0,0,4.0,1.7
2023,9,00-0034286,WR,True,0,0,1.0,0.0
2023,9,00-0034317,WR,True,0,0,1.0,0.6
2023,9,00-0034364,TE,True,0,0,1.0,1.1
2023,9,00-0034365,TE,True,0,0,2.0,3.3
2023,9,00-0034386,WR,True,0,0,3.0,5.2
2023,9,00-0034407,WR,True,0,0,2.0,5.3
2023,9,00-0034414,RB,True,0,0,1.0,0.9
2023,9,00-0034419,WR,True,0,0,3.0,1.8
2023,9,00-0034521,WR,True,0,0,6.0,6.0
2023,9,00-0034681,RB,True,0,0,6.0,3.1
2023,9,00-0034798,TE,True,0,0,3.0,4.3
2023,9,00-0034829,TE,True,0,0,3.0,2.1
2023,9,00-0034830,TE,True,0,0,2.0,0.0
2023,9,00-0034970,TE,True,0,0,4.0,2.5
2023,9,00-0035215,WR,True,0,0,0.0,0.0
2023,9,00-0035249,TE,True,0,0,2.0,1.6
2023,9,00-0035259,TE,True,0,0,1.0,2.6
2023,9,00-0035291,RB,True,0,0,2.0,0.6
2023,9,00-0035298,WR,True,0,0,2.0,8.4
2023,9,00-0035329,TE,True,0,0,5.0,12.3
2023,9,00-0035406,WR,True,0,0,1.0,1.6
2023,9,00-0035500,WR,True,0,0,0.0,0.0
2023,9,00-0035535,WR,True,0,0,2.0,0.4
2023,9,00-0035562,TE,True,0,0,1.0,0.9
2023,9,00-0035572,TE,True,0,0,0.0,0.0
2023,9,00-0035594,RB,True,0,0,1.0,0.0
2023,9,00-0035628,RB,True,0,0,2.0,0.8
2023,9,00-0035639,WR,True,0,0,0.0,0.0
2023,9,00-0035657,RB,True,0,0,1.0,0.1
2023,9,00-0035771,TE,True,0,0,0.0,0.0
2023,9,00-0035956,TE,True,0,0,0.0,0.0
2023,9,00-0035973,RB,True,0,0,7.0,1.7
2023,9,00-0036020,RB,True,0,0,6.0,3.7
2023,9,00-0036040,TE,True,0,0,2.0,1.0
2023,9,00-0036139,RB,True,0,0,7.0,3.5
2023,9,00-0036145,TE,True,0,0,2.0,2.7
2023,9,00-0036158,RB,True,0,0,11.0,10.7
2023,9,00-0036165,WR,True,0,0,4.0,2.3
2023,9,00-0036182,WR,True,0,0,2.0,9.8
2023,9,00-0036232,TE,True,0,0,1.0,0.0
2023,9,00-0036233,WR,True,0,0,0.0,0.0
2023,9,00-0036244,TE,True,0,0,2.0,3.6
2023,9,00-0036259,WR,True,0,0,0.0,0.0
2023,9,00-0036268,WR,True,0,0,4.0,3.2
2023,9,00-0036271,WR,True,0,0,3.0,1.4
2023,9,00-0036309,WR,True,0,0,5.0,4.9
2023,9,00-0036326,WR,True,0,0,2.0,2.0
2023,9,00-0036328,RB,False,1,1,7.0,6.7
2023,9,00-0036331,WR,True,0,0,0.0,0.0
2023,9,00-0036332,TE,True,0,0,0.0,0.0
2023,9,00-0036336,RB,True,0,0,2.0,2.1
2023,9,00-0036345,WR,True,0,0,10.0,13.9
2023,9,00-0036360,RB,True,0,0,1.0,0.4
2023,9,00-0036370,RB,True,0,0,6.0,2.1
2023,9,00-0036422,TE,True,0,0,2.0,1.0
2023,9,00-0036424,TE,True,0,0,1.0,1.0
2023,9,00-0036425,RB,True,0,0,0.0,0.0
2023,9,00-0036429,TE,True,0,0,0.0,0.0
2023,9,00-0036493,RB,True,0,0,19.0,1.3
2023,9,00-0036550,WR,True,0,0,3.0,6.2
2023,9,00-0036569,RB,True,0,0,6.0,2.4
2023,9,00-0036626,WR,True,0,0,1.0,0.0
2023,9,00-0036628,TE,True,0,0,1.0,2.2
2023,9,00-0036635,WR,True,0,0,0.0,0.0
2023,9,00-0036637,TE,True,0,0,3.0,3.5
2023,9,00-0036741,TE,True,0,0,1.0,0.9
2023,9,00-0036754,TE,True,0,0,1.0,1.0
2023,9,00-0036849,WR,True,0,0,6.0,5.9
2023,9,00-0036857,RB,True,0,0,3.0,1.6
2023,9,00-0036860,RB,True,0,0,3.0,2.7
2023,9,00-0036862,WR,True,0,0,1.0,8.5
2023,9,00-0036876,TE,True,0,0,4.0,8.2
2023,9,00-0036913,WR,True,0,0,2.0,0.6
2023,9,00-0036924,RB,True,0,0,3.0,0.2
2023,9,00-0036955,WR,True,0,0,1.0,1.4
2023,9,00-0037005,TE,True,0,0,3.0,7.4
2023,9,00-0037078,TE,True,0,0,1.0,1.4
2023,9,00-0037098,WR,True,0,0,2.0,0.8
2023,9,00-0037132,WR,True,0,0,0.0,0.0
2023,9,00-0037216,WR,True,0,0,0.0,0.0
2023,9,00-0037252,TE,True,0,0,2.0,0.8
2023,9,00-0037257,WR,True,0,0,3.0,1.1
2023,9,00-0037276,RB,True,0,0,0.0,0.0
2023,9,00-0037277,TE,True,0,0,1.0,2.7
2023,9,00-0037291,WR,True,0,0,0.0,0.0
2023,9,00-0037292,TE,True,0,0,3.0,9.8
2023,9,00-0037299,RB,True,0,0,3.0,2.1
2023,9,00-0037311,TE,True,0,0,0.0,0.0
2023,9,00-0037382,WR,True,0,0,2.0,0.0
2023,9,00-0037487,WR,True,0,0,0.0,0.0
2023,9,00-0037545,WR,True,2,2,3.0,22.8
2023,9,00-0037557,RB,True,0,0,4.0,1.8
2023,9,00-0037569,TE,True,0,0,1.0,0.8
2023,9,00-0037664,WR,True,0,0,5.0,5.6
2023,9,00-0037666,WR,True,0,0,1.0,0.0
2023,9,00-0037744,TE,False,3,3,14.0,20.5
2023,9,00-0037801,WR,True,0,0,2.0,1.8
2023,9,00-0037809,TE,True,0,0,6.0,4.7
2023,9,00-0037837,WR,True,0,0,4.0,3.9
2023,9,00-0037838,TE,True,0,0,1.0,1.5
2023,9,00-0038040,RB,True,0,0,5.0,4.3
2023,9,00-0038046,TE,True,0,0,0.0,0.0
2023,9,00-0038090,WR,True,0,0,3.0,1.3
2023,9,00-0038092,WR,True,0,0,4.0,0.5
2023,9,00-0038098,RB,True,0,0,11.0,8.7
2023,9,00-0038115,TE,True,0,0,1.0,0.0
2023,9,00-0038129,TE,True,0,0,6.0,6.7
2023,9,00-0038393,WR,True,0,0,4.0,3.8
2023,9,00-0038396,RB,True,0,0,0.0,0.0
2023,9,00-0038397,RB,True,0,0,2.0,1.2
2023,9,00-0038465,WR,True,0,0,2.0,0.0
2023,9,00-0038496,WR,True,0,0,2.0,0.3
2023,9,00-0038544,WR,True,0,0,6.0,7.5
2023,9,00-0038555,RB,True,0,0,3.0,-1.1
2023,9,00-0038559,WR,True,0,0,6.0,7.8
2023,9,00-0038573,WR,True,0,0,2.0,1.4
2023,9,00-0038576,WR,True,0,0,2.0,1.1
2023,9,00-0038608,WR,True,0,0,4.0,0.0
2023,9,00-0038611,RB,True,0,0,7.0,3.1
2023,9,00-0038618,WR,True,0,0,2.0,1.5
2023,9,00-0038621,WR,False,1,1,8.0,5.4
2023,9,00-0038622,RB,True,0,0,4.0,1.3
2023,9,00-0038794,RB,True,0,0,6.0,4.9
2023,9,00-0038821,WR,True,0,0,3.0,1.4
2023,9,00-0038938,WR,True,0,0,5.0,8.5
2023,9,00-0038941,WR,True,0,0,3.0,1.6
2023,9,00-0038951,RB,True,0,0,2.0,0.1
2023,9,00-0038969,WR,True,0,0,0.0,0.0
2023,9,00-0038976,WR,True,0,0,1.0,0.5
2023,9,00-0039052,WR,True,0,0,6.0,3.7
2023,9,00-0039062,WR,True,0,0,5.0,8.2
2023,9,00-0039066,TE,True,0,0,2.0,2.4
2023,9,00-0039144,TE,True,0,0,3.0,1.9
2023,9,00-0027696,TE,True,0,0,1.0,0.0
2023,9,00-0031547,WR,True,0,0,2.0,1.9
2023,9,00-0031549,WR,True,0,0,1.0,0.0
2023,9,00-0033854,RB,True,0,0,2.0,0.4
2023,9,00-0034297,WR,True,0,0,1.0,0.0
2023,9,00-0034575,TE,True,0,0,2.0,0.0
2023,9,00-0034750,RB,True,0,0,4.0,1.9
2023,9,00-0034981,TE,True,0,0,4.0,4.8
2023,9,00-0034983,WR,True,0,0,4.0,2.9
2023,9,00-0035140,WR,True,0,0,3.0,2.6
2023,9,00-0035567,RB,True,0,0,15.0,7.1
2023,9,00-0035644,TE,True,0,0,3.0,4.2
2023,9,00-0035645,WR,True,0,0,0.0,0.0
2023,9,00-0035703,WR,True,0,0,0.0,0.0
2023,9,00-0036187,RB,True,0,0,0.0,0.0
2023,9,00-0036407,WR,True,0,0,6.0,12.0
2023,9,00-0036497,WR,True,0,0,2.0,2.7
2023,9,00-0036556,TE,True,0,0,1.0,1.6
2023,9,00-0036841,WR,True,0,0,0.0,0.0
2023,9,00-0037261,WR,True,0,0,6.0,12.2
2023,9,00-0037475,TE,True,0,0,1.0,1.0
2023,9,00-0037525,RB,True,0,0,0.0,0.0
2023,9,00-0037594,RB,True,0,0,0.0,0.0
2023,9,00-0037614,WR,True,0,0,2.0,3.0
2023,9,00-0037745,WR,True,0,0,2.0,0.9
2023,9,00-0038045,RB,True,0,0,4.0,1.3
2023,9,00-0038394,TE,True,0,0,2.0,1.1
2023,9,00-0038547,TE,True,0,0,1.0,1.8
2023,9,00-0038563,WR,True,0,0,4.0,2.8
2023,9,00-0038589,TE,True,0,0,1.0,1.6
2023,9,00-0038597,RB,True,0,0,2.0,1.7
2023,9,00-0038627,WR,True,0,0,1.0,0.0
2023,9,00-0038647,WR,True,0,0,0.0,0.0
2023,9,00-0038738,RB,True,0,0,1.0,0.3
2023,9,00-0038752,WR,True,0,0,3.0,9.6
2023,9,00-0038797,RB,True,0,0,4.0,3.7
2023,9,00-0038862,RB,True,0,0,6.0,2.9
2023,9,00-0031585,TE,True,0,0,2.0,0.8
2023,9,00-0032134,TE,True,0,0,1.0,2.4
2023,9,00-0032144,RB,True,0,0,4.0,4.9
2023,9,00-0032688,WR,True,0,0,1.0,0.0
2023,9,00-0033118,RB,True,0,0,4.0,2.1
2023,9,00-0033439,TE,True,0,0,2.0,4.3
2023,9,00-0034433,RB,True,0,0,0.0,0.0
2023,9,00-0034487,WR,True,0,0,0.0,0.0
2023,9,00-0034613,TE,True,0,0,2.0,2.8
2023,9,00-0034838,RB,False,2,2,9.0,10.4
2023,9,00-0034854,WR,True,0,0,3.0,9.0
2023,9,00-0035208,WR,True,0,0,2.0,1.0
2023,9,00-0035631,TE,True,0,0,1.0,0.0
2023,9,00-0035726,RB,True,0,0,0.0,0.0
2023,9,00-0036176,WR,True,0,0,0.0,0.0
2023,9,00-0036887,TE,True,0,0,1.0,1.0
2023,9,00-0036984,RB,True,0,0,1.0,0.0
2023,9,00-0037011,TE,True,0,0,0.0,0.0
2023,9,00-0037039,WR,True,0,0,0.0,0.0
2023,9,00-0037157,RB,True,0,0,1.0,1.3
2023,9,00-0037272,WR,True,0,0,0.0,0.0
2023,9,00-0037306,TE,True,0,0,0.0,0.0
2023,9,00-0038488,RB,True,0,0,0.0,0.0
2023,9,00-0038551,RB,True,0,0,4.0,2.4
2023,9,00-0038685,RB,True,0,0,6.0,2.8
2023,9,00-0038720,TE,True,0,0,2.0,0.9
2023,9,00-0038783,TE,True,0,0,1.0,0.8
2023,9,00-0038935,TE,True,0,0,3.0,9.7
2023,9,00-0024243,TE,True,0,0,0.0,0.0
2023,9,00-0026293,WR,True,0,0,0.0,0.0
2023,9,00-0030663,WR,True,0,0,1.0,1.4
2023,9,00-0032141,TE,True,0,0,1.0,1.3
2023,9,00-0032951,WR,True,0,0,0.0,0.0
2023,9,00-0033376,RB,True,0,0,2.0,4.1
2023,9,00-0034279,WR,True,0,0,1.0,0.0
2023,9,00-0034418,WR,True,0,0,1.0,6.6
2023,9,00-0035164,WR,True,0,0,0.0,0.0
2023,9,00-0035341,WR,True,0,0,2.0,3.4
2023,9,00-0035715,RB,True,0,0,0.0,0.0
2023,9,00-0035806,RB,True,0,0,2.0,0.0
2023,9,00-0036032,TE,True,0,0,1.0,0.0
2023,9,00-0036364,WR,True,0,0,1.0,0.0
2023,9,00-0036450,RB,True,0,0,1.0,0.1
2023,9,00-0036646,WR,True,0,0,2.0,7.4
2023,9,00-0037805,TE,True,0,0,1.0,0.0
2023,9,00-0038124,WR,True,0,0,8.0,4.8
2023,9,00-0038558,TE,True,0,0,2.0,0.0
2023,9,00-0038606,WR,True,0,0,0.0,0.0
2023,9,00-0038619,WR,True,0,0,1.0,6.7
2023,9,00-0038632,WR,True,0,0,1.0,0.0
2023,9,00-0038643,TE,True,0,0,0.0,0.0
2023,9,00-0038979,WR,True,0,0,3.0,1.0
2023,9,00-0038996,TE,True,0,0,0.0,0.0
2023,9,00-0030578,RB,True,0,0,2.0,0.7
2023,9,00-0033246,TE,True,0,0,1.0,1.3
2023,9,00-0033258,TE,True,0,0,0.0,0.0
2023,9,00-0034193,TE,True,0,0,0.0,0.0
2023,9,00-0037273,WR,True,0,0,3.0,3.9
2023,9,00-0037420,WR,True,0,0,1.0,0.7
2023,9,00-0037827,RB,True,0,0,6.0,2.1
2023,9,00-0038809,TE,True,0,0,1.0,0.7
2023,9,00-0030874,RB,True,0,0,3.0,1.4
2023,9,00-0034073,TE,True,0,0,1.0,1.7
2023,9,00-0035184,RB,True,0,0,4.0,1.8
2023,9,00-0036297,RB,True,0,0,8.0,11.5
2023,9,00-0036590,TE,True,0,0,1.0,8.0
2023,9,00-0036877,WR,True,0,0,0.0,0.0
2023,9,00-0036991,WR,True,0,0,2.0,0.0
2023,9,00-0037156,WR,True,0,0,0.0,0.0
2023,9,00-0037429,RB,True,0,0,5.0,4.1
2023,9,00-0038104,WR,True,0,0,1.0,0.7
2023,9,00-0038678,RB,True,0,0,0.0,0.0
2023,9,00-0038911,WR,True,0,0,0.0,0.0
2023,9,00-0039050,TE,True,0,0,1.0,0.0
2023,9,00-0039136,RB,True,0,0,4.0,1.0
2023,9,00-0027944,WR,True,0,0,2.0,7.3
2023,9,00-0032450,RB,True,0,0,0.0,0.0
2023,9,00-0034614,RB,True,0,0,0.0,0.0
2023,9,00-0035537,RB,True,0,0,0.0,0.0
2023,9,00-0035934,WR,True,0,0,1.0,1.2
2023,9,00-0036387,WR,True,0,0,2.0,0.0
2023,9,00-0036842,RB,True,0,0,0.0,0.0
2023,9,00-0038656,RB,True,0,0,0.0,0.0
2023,9,00-0039041,TE,True,0,0,0.0,0.0
2023,9,00-0033296,RB,True,0,0,1.0,0.5
2023,9,00-0035593,WR,True,0,0,1.0,0.0
2023,9,00-0035876,WR,True,0,0,0.0,0.0
2023,9,00-0036438,TE,True,0,0,1.0,1.8
2023,9,00-0036527,WR,True,0,0,0.0,0.0
2023,9,00-0036620,WR,True,0,0,1.0,-0.5
2023,9,00-0037086,TE,True,0,0,0.0,0.0
2023,9,00-0037410,RB,True,0,0,0.0,0.0
2023,9,00-0037451,TE,True,0,0,2.0,0.0
2023,10,00-0028002,WR,True,0,0,3.0,2.0
2023,10,00-0029239,RB,True,0,0,0.0,0.0
2023,10,00-0029293,WR,True,0,0,1.0,1.0
2023,10,00-0030068,WR,True,0,0,2.0,0.0
2023,10,00-0030431,WR,True,0,0,3.0,7.1
2023,10,00-0030513,RB,True,0,0,3.0,1.5
2023,10,00-0031236,WR,True,0,0,2.0,1.2
2023,10,00-0031376,RB,True,0,0,3.0,9.4
2023,10,00-0031428,WR,True,0,0,2.0,1.5
2023,10,00-0031484,TE,True,0,0,1.0,0.0
2023,10,00-0031763,WR,True,0,0,1.0,2.0
2023,10,00-0031941,WR,True,0,0,6.0,4.3
2023,10,00-0032062,TE,True,0,0,1.0,0.0
2023,10,00-0032104,RB,True,0,0,4.0,3.5
2023,10,00-0032200,WR,True,0,0,0.0,0.0
2023,10,00-0032208,WR,True,0,0,1.0,0.0
2023,10,00-0032385,WR,True,0,0,1.0,0.8
2023,10,00-0032392,TE,True,0,0,1.0,1.5
2023,10,00-0032398,WR,True,0,0,2.0,3.4
2023,10,00-0032464,WR,True,0,0,5.0,3.2
2023,10,00-0032765,WR,True,0,0,1.0,0.0
2023,10,00-0033009,WR,True,0,0,5.0,7.1
2023,10,00-0033045,RB,True,0,0,11.0,4.7
2023,10,00-0033110,TE,True,0,0,1.0,0.0
2023,10,00-0033217,TE,True,0,0,0.0,0.0
2023,10,00-0033251,WR,True,0,0,1.0,0.0
2023,10,00-0033292,WR,True,0,0,0.0,0.0
2023,10,00-0033466,WR,True,0,0,3.0,2.2
2023,10,00-0033553,RB,True,0,0,6.0,4.6
2023,10,00-0033555,WR,True,0,0,3.0,5.1
2023,10,00-0033572,WR,True,0,0,0.0,0.0
2023,10,00-0033591,WR,False,1,1,6.0,24.3
2023,10,00-0033757,TE,True,0,0,1.0,1.6
2023,10,00-0033891,WR,True,0,0,5.0,9.8
2023,10,00-0033893,RB,True,0,0,4.0,1.3
2023,10,00-0033943,WR,True,0,0,1.0,-0.19999999999999996
2023,10,00-0033948,RB,True,0,0,6.0,2.2
2023,10,00-0034054,WR,True,0,0,1.0,1.8
2023,10,00-0034159,TE,True,0,0,1.0,0.0
2023,10,00-0034208,RB,True,0,0,1.0,0.3
2023,10,00-0034272,WR,True,0,0,3.0,3.2
2023,10,00-0034286,WR,True,0,0,1.0,0.0
2023,10,00-0034317,WR,True,0,0,1.0,0.6
2023,10,00-0034364,TE,True,0,0,3.0,1.6
2023,10,00-0034365,TE,True,0,0,2.0,3.3
2023,10,00-0034386,WR,True,0,0,5.0,2.5
2023,10,00-0034407,WR,True,0,0,2.0,5.3
2023,10,00-0034414,RB,True,0,0,1.0,0.9
2023,10,00-0034419,WR,True,0,0,0.0,0.0
2023,10,00-0034521,WR,True,0,0,6.0,2.8
2023,10,00-0034681,RB,True,0,0,4.0,-0.09999999999999998
2023,10,00-0034798,TE,True,0,0,3.0,3.2
2023,10,00-0034829,TE,True,0,0,2.0,0.0
2023,10,00-0034830,TE,True,0,0,4.0,6.4
2023,10,00-0035215,WR,True,0,0,1.0,0.0
2023,10,00-0035249,TE,True,0,0,2.0,1.1
2023,10,00-0035259,TE,True,0,0,0.0,0.0
2023,10,00-0035291,RB,True,0,0,3.0,1.3
2023,10,00-0035298,WR,True,0,0,2.0,8.4
2023,10,00-0035329,TE,True,0,0,2.0,0.0
2023,10,00-0035406,WR,True,0,0,1.0,1.6
2023,10,00-0035500,WR,True,0,0,1.0,0.7
2023,10,00-0035535,WR,True,0,0,7.0,7.9
2023,10,00-0035562,TE,True,0,0,0.0,0.0
2023,10,00-0035572,TE,True,0,0,0.0,0.0
2023,10,00-0035594,RB,True,0,0,1.0,0.0
2023,10,00-0035628,RB,True,0,0,2.0,0.8
2023,10,00-0035639,WR,True,0,0,2.0,2.5
2023,10,00-0035657,RB,True,0,0,1.0,0.1
2023,10,00-0035771,TE,True,0,0,0.0,0.0
2023,10,00-0035956,TE,True,0,0,0.0,0.0
2023,10,00-0035973,RB,True,0,0,7.0,1.7
2023,10,00-0036020,RB,True,0,0,6.0,2.2
2023,10,00-0036040,TE,True,0,0,5.0,11.4
2023,10,00-0036139,RB,True,0,0,2.0,0.8
2023,10,00-0036145,TE,True,0,0,0.0,0.0
2023,10,00-0036158,RB,True,0,0,11.0,10.7
2023,10,00-0036165,WR,True,0,0,1.0,0.0
2023,10,00-0036182,WR,True,0,0,1.0,2.8
2023,10,00-0036232,TE,True,0,0,0.0,0.0
2023,10,00-0036233,WR,True,0,0,0.0,0.0
2023,10,00-0036244,TE,True,0,0,1.0,1.1
2023,10,00-0036259,WR,True,0,0,0.0,0.0
2023,10,00-0036268,WR,True,0,0,4.0,3.2
2023,10,00-0036271,WR,True,0,0,3.0,1.4
2023,10,00-0036309,WR,True,0,0,6.0,10.7
2023,10,00-0036326,WR,True,0,0,0.0,0.0
2023,10,00-0036328,RB,False,1,1,11.0,10.1
2023,10,00-0036331,WR,True,0,0,2.0,2.0
2023,10,00-0036332,TE,True,0,0,1.0,1.2
2023,10,00-0036336,RB,True,0,0,2.0,2.1
2023,10,00-0036345,WR,True,0,0,2.0,2.7
2023,10,00-0036360,RB,True,0,0,1.0,0.4
2023,10,00-0036370,RB,True,0,0,4.0,2.7
2023,10,00-0036414,RB,True,0,0,11.0,5.3
2023,10,00-0036422,TE,True,0,0,2.0,1.0
2023,10,00-0036424,TE,True,0,0,1.0,1.0
2023,10,00-0036425,RB,True,0,0,0.0,0.0
2023,10,00-0036429,TE,True,0,0,0.0,0.0
2023,10,00-0036493,RB,True,0,0,1.0,0.2
2023,10,00-0036550,WR,True,0,0,5.0,4.3
2023,10,00-0036569,RB,True,0,0,6.0,2.4
2023,10,00-0036626,WR,True,0,0,4.0,4.3
2023,10,00-0036628,TE,True,0,0,2.0,0.0
2023,10,00-0036635,WR,True,0,0,0.0,0.0
2023,10,00-0036637,TE,True,0,0,3.0,4.9
2023,10,00-0036741,TE,True,0,0,1.0,0.9
2023,10,00-0036754,TE,True,0,0,1.0,1.0
2023,10,00-0036849,WR,True,0,0,7.0,3.3
2023,10,00-0036857,RB,True,0,0,0.0,0.0
2023,10,00-0036860,RB,True,0,0,3.0,2.7
2023,10,00-0036862,WR,True,0,0,1.0,-0.2
2023,10,00-0036876,TE,True,0,0,2.0,0.0
2023,10,00-0036913,WR,True,0,0,1.0,2.3
2023,10,00-0036919,RB,True,0,0,4.0,8.8
2023,10,00-0036924,RB,True,0,0,6.0,5.4
2023,10,00-0036955,WR,True,0,0,1.0,0.0
2023,10,00-0037005,TE,True,0,0,2.0,2.2
2023,10,00-0037078,TE,True,0,0,1.0,1.4
2023,10,00-0037098,WR,True,0,0,2.0,0.8
2023,10,00-0037132,WR,True,0,0,0.0,0.0
2023,10,00-0037216,WR,True,0,0,0.0,0.0
2023,10,00-0037252,TE,True,0,0,2.0,0.8
2023,10,00-0037257,WR,True,0,0,3.0,1.1
2023,10,00-0037258,RB,True,0,0,12.0,4.6
2023,10,00-0037276,RB,True,0,0,0.0,0.0
2023,10,00-0037277,TE,True,0,0,1.0,2.7
2023,10,00-0037291,WR,True,0,0,0.0,0.0
2023,10,00-0037292,TE,True,0,0,3.0,2.4
2023,10,00-0037299,RB,True,0,0,9.0,0.8
2023,10,00-0037311,TE,True,0,0,0.0,0.0
2023,10,00-0037382,WR,True,0,0,2.0,0.0
2023,10,00-0037487,WR,True,0,0,0.0,0.0
2023,10,00-0037545,WR,True,0,0,3.0,3.7
2023,10,00-0037557,RB,True,0,0,4.0,1.8
2023,10,00-0037569,TE,True,0,0,1.0,0.8
2023,10,00-0037664,WR,True,0,0,2.0,0.0
2023,10,00-0037666,WR,True,0,0,5.0,12.4
2023,10,00-0037801,WR,True,0,0,2.0,7.0
2023,10,00-0037809,TE,True,0,0,4.0,4.3
2023,10,00-0037837,WR,True,0,0,3.0,1.0
2023,10,00-0037838,TE,True,0,0,4.0,6.2
2023,10,00-0038040,RB,True,0,0,4.0,-0.2
2023,10,00-0038046,TE,True,0,0,0.0,0.0
2023,10,00-0038090,WR,True,0,0,3.0,4.3
2023,10,00-0038092,WR,True,0,0,4.0,0.5
2023,10,00-0038098,RB,True,0,0,4.0,0.7
2023,10,00-0038115,TE,True,0,0,3.0,5.8
2023,10,00-0038129,TE,False,3,3,9.0,22.0
2023,10,00-0038393,WR,True,0,0,4.0,4.9
2023,10,00-0038396,RB,True,0,0,0.0,0.0
2023,10,00-0038397,RB,True,0,0,2.0,1.2
2023,10,00-0038465,WR,True,0,0,1.0,0.0
2023,10,00-0038496,WR,True,0,0,2.0,4.2
2023,10,00-0038544,WR,True,0,0,4.0,2.6
2023,10,00-0038555,RB,True,0,0,3.0,-1.1
2023,10,00-0038559,WR,True,0,0,6.0,7.8
2023,10,00-0038573,WR,True,0,0,1.0,6.5
2023,10,00-0038576,WR,True,0,0,2.0,1.1
2023,10,00-0038608,WR,True,0,0,4.0,0.0
2023,10,00-0038611,RB,True,0,0,0.0,0.0
2023,10,00-0038618,WR,True,0,0,1.0,1.2
2023,10,00-0038622,RB,True,0,0,4.0,1.3
2023,10,00-0038794,RB,True,0,0,6.0,4.9
2023,10,00-0038821,WR,True,0,0,0.0,0.0
2023,10,00-0038938,WR,True,0,0,5.0,2.9
2023,10,00-0038941,WR,True,0,0,3.0,-0.5
2023,10,00-0038951,RB,True,0,0,2.0,0.1
2023,10,00-0038969,WR,True,0,0,0.0,0.0
2023,10,00-0038976,WR,True,0,0,1.0,0.5
2023,10,00-0039021,RB,True,0,0,3.0,2.0
2023,10,00-0039052,WR,True,0,0,4.0,6.6
2023,10,00-0039062,WR,True,0,0,4.0,1.0
2023,10,00-0039066,TE,True,0,0,2.0,2.1
2023,10,00-0039144,TE,False,1,1,4.0,12.6
2023,10,00-0027696,TE,True,0,0,1.0,0.0
2023,10,00-0031547,WR,True,0,0,2.0,1.9
2023,10,00-0031549,WR,True,0,0,1.0,0.7
2023,10,00-0033854,RB,True,0,0,0.0,0.0
2023,10,00-0034297,WR,True,0,0,4.0,7.0
2023,10,00-0034575,TE,True,0,0,2.0,0.0
2023,10,00-0034750,RB,True,0,0,2.0,0.8
2023,10,00-0034981,TE,True,0,0,1.0,2.8
2023,10,00-0034983,WR,True,0,0,3.0,4.2
2023,10,00-0035140,WR,True,0,0,3.0,2.5
2023,10,00-0035567,RB,True,0,0,15.0,7.1
2023,10,00-0035644,TE,True,0,0,1.0,0.0
2023,10,00-0035645,WR,True,0,0,0.0,0.0
2023,10,00-0035703,WR,True,0,0,1.0,1.1
2023,10,00-0036187,RB,True,0,0,0.0,0.0
2023,10,00-0036407,WR,True,0,0,6.0,12.0
2023,10,00-0036497,WR,True,0,0,2.0,2.7
2023,10,00-0036556,TE,True,0,0,1.0,1.6
2023,10,00-0036841,WR,True,0,0,1.0,1.1
2023,10,00-0037261,WR,True,0,0,4.0,7.7
2023,10,00-0037475,TE,True,0,0,1.0,0.0
2023,10,00-0037525,RB,True,0,0,0.0,0.0
2023,10,00-0037594,RB,True,0,0,0.0,0.0
2023,10,00-0037614,WR,True,0,0,1.0,1.9
2023,10,00-0037745,WR,True,0,0,1.0,0.0
2023,10,00-0038045,RB,True,0,0,4.0,1.3
2023,10,00-0038394,TE,True,0,0,2.0,1.1
2023,10,00-0038547,TE,True,0,0,1.0,0.5
2023,10,00-0038563,WR,True,0,0,4.0,6.6
2023,10,00-0038589,TE,True,0,0,1.0,0.0
2023,10,00-0038597,RB,True,0,0,2.0,1.7
2023,10,00-0038627,WR,True,0,0,1.0,0.0
2023,10,00-0038647,WR,True,0,0,0.0,0.0
2023,10,00-0038738,RB,True,0,0,1.0,0.0
2023,10,00-0038752,WR,True,0,0,3.0,9.6
2023,10,00-0038797,RB,True,0,0,4.0,4.3
2023,10,00-0038862,RB,True,0,0,6.0,2.9
2023,10,00-0031585,TE,True,0,0,2.0,0.8
2023,10,00-0032134,TE,True,0,0,5.0,2.1
2023,10,00-0032144,RB,True,0,0,4.0,4.9
2023,10,00-0032688,WR,True,0,0,1.0,0.0
2023,10,00-0033118,RB,True,0,0,4.0,2.1
2023,10,00-0033439,TE,True,0,0,0.0,0.0
2023,10,00-0034433,RB,True,0,0,1.0,1.2
2023,10,00-0034487,WR,True,0,0,2.0,1.4
2023,10,00-0034613,TE,True,0,0,5.0,6.5
2023,10,00-0034838,RB,True,0,0,13.0,3.2
2023,10,00-0034854,WR,True,0,0,6.0,7.5
2023,10,00-0035208,WR,True,0,0,2.0,1.3
2023,10,00-0035631,TE,True,0,0,4.0,10.5
2023,10,00-0035726,RB,True,0,0,0.0,0.0
2023,10,00-0036176,WR,True,0,0,0.0,0.0
2023,10,00-0036887,TE,True,0,0,1.0,1.0
2023,10,00-0036984,RB,True,0,0,1.0,0.0
2023,10,00-0037011,TE,True,0,0,0.0,0.0
2023,10,00-0037039,WR,True,0,0,0.0,0.0
2023,10,00-0037157,RB,True,0,0,1.0,1.3
2023,10,00-0037272,WR,True,0,0,0.0,0.0
2023,10,00-0037306,TE,True,0,0,0.0,0.0
2023,10,00-0038488,RB,True,0,0,0.0,0.0
2023,10,00-0038551,RB,True,0,0,2.0,3.6
2023,10,00-0038685,RB,True,0,0,6.0,2.8
2023,10,00-0038720,TE,True,0,0,2.0,0.9
2023,10,00-0038783,TE,True,0,0,1.0,0.8
2023,10,00-0038935,TE,True,0,0,3.0,9.7
2023,10,00-0024243,TE,True,0,0,0.0,0.0
2023,10,00-0026293,WR,True,0,0,0.0,0.0
2023,10,00-0030663,WR,True,0,0,1.0,1.4
2023,10,00-0032141,TE,True,0,0,1.0,1.3
2023,10,00-0032951,WR,True,0,0,0.0,0.0
2023,10,00-0033376,RB,True,0,0,2.0,4.1
2023,10,00-0034279,WR,True,0,0,1.0,0.0
2023,10,00-0034418,WR,True,0,0,5.0,9.6
2023,10,00-0035164,WR,True,0,0,0.0,0.0
2023,10,00-0035341,WR,True,0,0,0.0,0.0
2023,10,00-0035715,RB,True,0,0,0.0,0.0
2023,10,00-0035806,RB,True,0,0,2.0,0.0
2023,10,00-0036032,TE,True,0,0,0.0,0.0
2023,10,00-0036364,WR,True,0,0,1.0,0.0
2023,10,00-0036450,RB,True,0,0,5.0,1.3
2023,10,00-0036646,WR,True,0,0,2.0,7.4
2023,10,00-0037805,TE,True,0,0,1.0,1.2
2023,10,00-0038124,WR,True,0,0,2.0,4.2
2023,10,00-0038558,TE,True,0,0,1.0,1.2
2023,10,00-0038606,WR,True,0,0,0.0,0.0
2023,10,00-0038619,WR,True,0,0,1.0,1.4
2023,10,00-0038632,WR,True,0,0,1.0,0.0
2023,10,00-0038643,TE,True,0,0,0.0,0.0
2023,10,00-0038979,WR,True,0,0,1.0,0.8
2023,10,00-0038996,TE,True,0,0,0.0,0.0
2023,10,00-0030578,RB,True,0,0,2.0,0.8
2023,10,00-0033246,TE,True,0,0,1.0,2.3
2023,10,00-0033258,TE,True,0,0,0.0,0.0
2023,10,00-0034193,TE,True,0,0,0.0,0.0
2023,10,00-0037273,WR,True,0,0,5.0,8.8
2023,10,00-0037420,WR,True,0,0,1.0,0.7
2023,10,00-0037827,RB,True,0,0,6.0,2.1
2023,10,00-0038809,TE,True,0,0,1.0,0.7
2023,10,00-0030874,RB,True,0,0,3.0,1.4
2023,10,00-0034073,TE,True,0,0,1.0,1.7
2023,10,00-0035184,RB,True,0,0,4.0,1.8
2023,10,00-0036297,RB,True,0,0,3.0,3.1
2023,10,00-0036590,TE,True,0,0,1.0,8.0
2023,10,00-0036877,WR,True,0,0,0.0,0.0
2023,10,00-0036991,WR,True,0,0,2.0,0.0
2023,10,00-0037156,WR,True,0,0,0.0,0.0
2023,10,00-0037429,RB,True,0,0,2.0,1.0
2023,10,00-0038104,WR,True,0,0,4.0,1.2
2023,10,00-0038678,RB,True,0,0,0.0,0.0
2023,10,00-0038911,WR,True,0,0,0.0,0.0
2023,10,00-0039050,TE,True,0,0,1.0,0.0
2023,10,00-0039136,RB,True,0,0,4.0,1.0
2023,10,00-0027944,WR,True,0,0,2.0,7.3
2023,10,00-0032450,RB,True,0,0,0.0,0.0
2023,10,00-0034115,RB,True,0,0,6.0,5.3
2023,10,00-0034614,RB,True,0,0,0.0,0.0
2023,10,00-0035537,RB,True,0,0,0.0,0.0
2023,10,00-0035934,WR,True,0,0,3.0,2.7
2023,10,00-0036387,WR,True,0,0,6.0,1.6
2023,10,00-0036842,RB,True,0,0,0.0,0.0
2023,10,00-0038454,RB,False,1,1,10.0,19.9
2023,10,00-0038656,RB,True,0,0,0.0,0.0
2023,10,00-0039041,TE,True,0,0,0.0,0.0
2023,10,00-0033296,RB,True,0,0,0.0,0.0
2023,10,00-0035593,WR,True,0,0,1.0,0.0
2023,10,00-0035876,WR,True,0,0,0.0,0.0
2023,10,00-0036438,TE,True,0,0,5.0,4.8
2023,10,00-0036527,WR,True,0,0,0.0,0.0
2023,10,00-0036620,WR,True,0,0,0.0,0.0
2023,10,00-0037086,TE,True,0,0,0.0,0.0
2023,10,00-0037410,RB,True,0,0,0.0,0.0
2023,10,00-0037451,TE,True,0,0,2.0,0.0
2023,10,00-0031868,WR,True,0,0,2.0,0.0
2023,10,00-0032775,WR,True,0,0,1.0,2.0
2023,10,00-0035399,WR,True,0,0,0.0,0.0
2023,10,00-0035414,WR,True,0,0,2.0,0.0
2023,10,00-0035480,WR,True,0,0,2.0,1.2
2023,10,00-0036133,WR,True,0,0,0.0,0.0
2023,10,00-0036269,RB,True,0,0,2.0,0.1
2023,10,00-0036630,WR,True,0,0,0.0,0.0
2023,10,00-0039074,TE,True,0,0,0.0,0.0
2023,11,00-0028002,WR,True,0,0,3.0,2.0
2023,11,00-0029239,RB,True,0,0,0.0,0.0
2023,11,00-0029293,WR,True,0,0,1.0,1.0
2023,11,00-0030068,WR,True,0,0,2.0,0.0
2023,11,00-0030431,WR,True,0,0,3.0,2.0
2023,11,00-0031428,WR,True,0,0,2.0,1.5
2023,11,00-0031484,TE,True,0,0,1.0,1.1
2023,11,00-0031763,WR,True,0,0,1.0,1.5
2023,11,00-0031941,WR,True,0,0,1.0,0.0
2023,11,00-0032062,TE,True,0,0,1.0,0.0
2023,11,00-0032104,RB,True,0,0,1.0,0.9
2023,11,00-0032200,WR,True,0,0,0.0,0.0
2023,11,00-0032208,WR,True,0,0,1.0,0.0
2023,11,00-0032385,WR,True,0,0,4.0,6.7
2023,11,00-0032392,TE,True,0,0,1.0,1.2
2023,11,00-0032398,WR,True,0,0,4.0,3.1
2023,11,00-0032464,WR,True,0,0,4.0,5.6
2023,11,00-0032765,WR,True,0,0,2.0,1.4
2023,11,00-0033009,WR,False,1,1,12.0,15.7
2023,11,00-0033045,RB,True,0,0,15.0,9.8
2023,11,00-0033090,TE,True,0,0,5.0,3.6
2023,11,00-0033110,TE,True,0,0,1.0,0.0
2023,11,00-0033217,TE,True,0,0,1.0,0.0
2023,11,00-0033251,WR,True,0,0,1.0,0.0
2023,11,00-0033292,WR,True,0,0,0.0,0.0
2023,11,00-0033466,WR,True,0,0,4.0,5.1
2023,11,00-0033553,RB,True,0,0,16.0,7.3
2023,11,00-0033555,WR,True,0,0,3.0,5.1
2023,11,00-0033572,WR,True,0,0,0.0,0.0
2023,11,00-0033757,TE,True,0,0,1.0,1.6
2023,11,00-0033891,WR,True,0,0,5.0,9.8
2023,11,00-0033893,RB,True,0,0,5.0,2.6
2023,11,00-0033943,WR,True,0,0,4.0,2.5
2023,11,00-0033948,RB,True,0,0,5.0,1.5
2023,11,00-0034054,WR,True,0,0,1.0,1.8
2023,11,00-0034159,TE,True,0,0,2.0,3.2
2023,11,00-0034208,RB,True,0,0,3.0,1.6
2023,11,00-0034272,WR,True,0,0,3.0,3.2
2023,11,00-0034286,WR,True,0,0,1.0,0.0
2023,11,00-0034317,WR,True,0,0,1.0,0.6
2023,11,00-0034364,TE,True,0,0,1.0,1.3
2023,11,00-0034365,TE,True,0,0,2.0,3.3
2023,11,00-0034386,WR,True,0,0,5.0,2.5
2023,11,00-0034407,WR,True,0,0,0.0,0.0
2023,11,00-0034414,RB,True,0,0,1.0,0.9
2023,11,00-0034419,WR,True,0,0,0.0,0.0
2023,11,00-0034521,WR,True,0,0,5.0,2.2
2023,11,00-0034681,RB,True,0,0,5.0,1.2
2023,11,00-0034798,TE,True,0,0,3.0,3.2
2023,11,00-0034829,TE,True,0,0,3.0,3.2
2023,11,00-0034830,TE,True,0,0,4.0,2.4
2023,11,00-0035215,WR,True,0,0,1.0,0.0
2023,11,00-0035249,TE,True,0,0,2.0,1.1
2023,11,00-0035259,TE,True,0,0,0.0,0.0
2023,11,00-0035291,RB,True,0,0,1.0,0.7
2023,11,00-0035298,WR,True,0,0,1.0,6.7
2023,11,00-0035329,TE,True,0,0,2.0,2.8
2023,11,00-0035406,WR,True,0,0,1.0,1.9
2023,11,00-0035500,WR,True,0,0,0.0,0.0
2023,11,00-0035535,WR,True,0,0,4.0,3.6
2023,11,00-0035562,TE,True,0,0,0.0,0.0
2023,11,00-0035572,TE,True,0,0,0.0,0.0
2023,11,00-0035594,RB,True,0,0,1.0,0.0
2023,11,00-0035628,RB,True,0,0,5.0,5.0
2023,11,00-0035639,WR,True,0,0,1.0,1.1
2023,11,00-0035657,RB,True,0,0,1.0,0.1
2023,11,00-0035771,TE,True,0,0,1.0,0.0
2023,11,00-0035956,TE,True,0,0,0.0,0.0
2023,11,00-0035973,RB,True,0,0,7.0,1.7
2023,11,00-0036020,RB,True,0,0,6.0,2.2
2023,11,00-0036040,TE,True,0,0,3.0,0.7
2023,11,00-0036139,RB,True,0,0,12.0,13.9
2023,11,00-0036145,TE,True,0,0,2.0,7.5
2023,11,00-0036158,RB,True,0,0,11.0,10.7
2023,11,00-0036165,WR,True,0,0,2.0,0.0
2023,11,00-0036182,WR,True,0,0,4.0,1.4
2023,11,00-0036232,TE,True,0,0,2.0,1.0
2023,11,00-0036233,WR,True,0,0,0.0,0.0
2023,11,00-0036244,TE,True,0,0,1.0,0.8
2023,11,00-0036259,WR,True,0,0,2.0,1.3
2023,11,00-0036268,WR,True,0,0,4.0,3.2
2023,11,00-0036271,WR,True,0,0,3.0,1.4
2023,11,00-0036309,WR,True,0,0,4.0,2.4
2023,11,00-0036326,WR,True,0,0,0.0,0.0
2023,11,00-0036331,WR,True,0,0,0.0,0.0
2023,11,00-0036332,TE,True,0,0,0.0,0.0
2023,11,00-0036336,RB,True,0,0,0.0,0.0
2023,11,00-0036345,WR,True,0,0,2.0,2.7
2023,11,00-0036360,RB,True,0,0,1.0,0.4
2023,11,00-0036370,RB,True,0,0,5.0,1.6
2023,11,00-0036414,RB,True,0,0,11.0,5.3
2023,11,00-0036422,TE,True,0,0,2.0,2.5
2023,11,00-0036424,TE,True,0,0,1.0,1.0
2023,11,00-0036425,RB,True,0,0,0.0,0.0
2023,11,00-0036429,TE,True,0,0,0.0,0.0
2023,11,00-0036493,RB,True,0,0,1.0,0.2
2023,11,00-0036550,WR,True,0,0,4.0,3.5
2023,11,00-0036569,RB,True,0,0,6.0,2.4
2023,11,00-0036626,WR,True,0,0,2.0,11.1
2023,11,00-0036628,TE,True,0,0,3.0,3.6
2023,11,00-0036635,WR,True,0,0,0.0,6.0
2023,11,00-0036637,TE,True,0,0,3.0,4.9
2023,11,00-0036741,TE,True,0,0,1.0,0.9
2023,11,00-0036754,TE,True,0,0,3.0,9.3
2023,11,00-0036849,WR,True,0,0,7.0,3.3
2023,11,00-0036857,RB,True,0,0,0.0,0.0
2023,11,00-0036860,RB,True,0,0,3.0,2.7
2023,11,00-0036862,WR,True,0,0,1.0,-0.2
2023,11,00-0036876,TE,True,0,0,2.0,1.0
2023,11,00-0036894,TE,False,1,0,4.0,2.2
2023,11,00-0036913,WR,True,0,0,1.0,2.3
2023,11,00-0036919,RB,True,0,0,4.0,8.8
2023,11,00-0036924,RB,True,0,0,1.0,0.0
2023,11,00-0036955,WR,True,0,0,3.0,1.6
2023,11,00-0037005,TE,True,0,0,3.0,3.1
2023,11,00-0037078,TE,True,0,0,1.0,1.4
2023,11,00-0037098,WR,True,0,0,2.0,0.8
2023,11,00-0037132,WR,True,0,0,0.0,0.0
2023,11,00-0037216,WR,True,0,0,0.0,0.0
2023,11,00-0037252,TE,True,0,0,2.0,0.8
2023,11,00-0037257,WR,True,0,0,3.0,1.1
2023,11,00-0037258,RB,False,1,0,12.0,4.6
2023,11,00-0037263,RB,True,0,0,10.0,4.3
2023,11,00-0037276,RB,True,2,2,15.0,10.5
2023,11,00-0037277,TE,True,0,0,1.0,2.7
2023,11,00-0037291,WR,True,0,0,1.0,2.1
2023,11,00-0037292,TE,True,0,0,3.0,2.4
2023,11,00-0037299,RB,True,0,0,2.0,0.2
2023,11,00-0037311,TE,True,0,0,0.0,0.0
2023,11,00-0037382,WR,True,0,0,2.0,0.0
2023,11,00-0037487,WR,True,0,0,3.0,1.6
2023,11,00-0037545,WR,True,0,0,9.0,4.9
2023,11,00-0037557,RB,True,0,0,4.0,1.8
2023,11,00-0037569,TE,True,0,0,1.0,0.8
2023,11,00-0037664,WR,True,0,0,1.0,2.6
2023,11,00-0037666,WR,True,0,0,5.0,1.2
2023,11,00-0037801,WR,True,0,0,2.0,7.0
2023,11,00-0037809,TE,False,1,1,6.0,4.2
2023,11,00-0037837,WR,True,0,0,2.0,1.4
2023,11,00-0037838,TE,True,0,0,1.0,1.0
2023,11,00-0038040,RB,True,0,0,1.0,0.5
2023,11,00-0038046,TE,True,0,0,0.0,0.0
2023,11,00-0038090,WR,True,0,0,3.0,4.3
2023,11,00-0038092,WR,True,0,0,4.0,0.5
2023,11,00-0038098,RB,True,0,0,0.0,0.0
2023,11,00-0038115,TE,True,0,0,3.0,4.4
2023,11,00-0038393,WR,True,0,0,4.0,6.6
2023,11,00-0038396,RB,True,0,0,0.0,0.0
2023,11,00-0038397,RB,True,0,0,2.0,1.2
2023,11,00-0038465,WR,True,0,0,1.0,0.0
2023,11,00-0038496,WR,True,0,0,3.0,2.9
2023,11,00-0038544,WR,True,0,0,4.0,11.4
2023,11,00-0038555,RB,True,0,0,4.0,0.5
2023,11,00-0038559,WR,True,0,0,6.0,4.9
2023,11,00-0038573,WR,True,0,0,2.0,1.7
2023,11,00-0038576,WR,True,0,0,2.0,1.1
2023,11,00-0038608,WR,True,0,0,1.0,1.6
2023,11,00-0038611,RB,True,0,0,0.0,0.0
2023,11,00-0038618,WR,True,0,0,2.0,1.7
2023,11,00-0038622,RB,True,0,0,2.0,1.4
2023,11,00-0038794,RB,True,0,0,8.0,2.2
2023,11,00-0038821,WR,True,0,0,0.0,0.0
2023,11,00-0038938,WR,True,0,0,1.0,0.0
2023,11,00-0038941,WR,True,0,0,2.0,3.6
2023,11,00-0038951,RB,True,0,0,2.0,0.1
2023,11,00-0038969,WR,True,0,0,0.0,0.0
2023,11,00-0038976,WR,True,0,0,2.0,-0.3
2023,11,00-0038997,WR,True,0,0,3.0,5.0
2023,11,00-0039021,RB,True,0,0,11.0,5.2
2023,11,00-0039052,WR,True,0,0,4.0,3.1
2023,11,00-0039062,WR,True,0,0,7.0,3.5
2023,11,00-0039066,TE,True,0,0,5.0,9.4
2023,11,00-0039067,WR,True,1,1,2.0,8.7
2023,11,00-0027696,TE,True,0,0,1.0,0.0
2023,11,00-0031547,WR,True,0,0,2.0,1.9
2023,11,00-0031549,WR,True,0,0,2.0,0.0
2023,11,00-0033854,RB,True,0,0,0.0,0.0
2023,11,00-0034297,WR,True,0,0,2.0,1.2
2023,11,00-0034575,TE,True,0,0,2.0,0.0
2023,11,00-0034750,RB,True,0,0,2.0,0.8
2023,11,00-0034981,TE,True,0,0,0.0,0.0
2023,11,00-0034983,WR,True,0,0,1.0,1.0
2023,11,00-0035140,WR,True,0,0,3.0,2.5
2023,11,00-0035567,RB,True,0,0,15.0,7.1
2023,11,00-0035644,TE,True,0,0,3.0,1.6
2023,11,00-0035645,WR,True,0,0,0.0,0.0
2023,11,00-0035703,WR,True,0,0,0.0,0.0
2023,11,00-0036187,RB,True,0,0,0.0,0.0
2023,11,00-0036407,WR,True,0,0,3.0,5.0
2023,11,00-0036497,WR,True,0,0,2.0,2.7
2023,11,00-0036556,TE,True,0,0,1.0,1.6
2023,11,00-0036841,WR,True,0,0,1.0,1.1
2023,11,00-0037261,WR,True,0,0,2.0,2.9
2023,11,00-0037475,TE,True,0,0,3.0,0.0
2023,11,00-0037525,RB,True,0,0,0.0,0.0
2023,11,00-0037594,RB,True,0,0,0.0,0.0
2023,11,00-0037614,WR,True,0,0,2.0,3.5
2023,11,00-0037745,WR,True,0,0,1.0,0.0
2023,11,00-0038045,RB,True,0,0,4.0,1.3
2023,11,00-0038394,TE,True,0,0,2.0,1.2
2023,11,00-0038547,TE,True,0,0,1.0,0.0
2023,11,00-0038563,WR,True,0,0,1.0,0.9
2023,11,00-0038589,TE,True,0,0,5.0,2.6
2023,11,00-0038597,RB,True,0,0,2.0,1.7
2023,11,00-0038627,WR,True,0,0,1.0,0.0
2023,11,00-0038647,WR,True,0,0,1.0,2.5
2023,11,00-0038738,RB,True,0,0,1.0,0.0
2023,11,00-0038752,WR,True,0,0,2.0,2.3
2023,11,00-0038797,RB,True,0,0,4.0,4.3
2023,11,00-0038862,RB,True,0,0,6.0,2.9
2023,11,00-0031585,TE,True,0,0,0.0,0.0
2023,11,00-0032134,TE,True,0,0,1.0,1.1
2023,11,00-0032144,RB,True,0,0,4.0,4.9
2023,11,00-0032688,WR,True,0,0,1.0,0.0
2023,11,00-0033118,RB,True,0,0,4.0,2.1
2023,11,00-0033439,TE,True,0,0,0.0,0.0
2023,11,00-0034433,RB,True,0,0,1.0,1.2
2023,11,00-0034487,WR,True,0,0,2.0,1.4
2023,11,00-0034613,TE,True,0,0,7.0,6.3
2023,11,00-0034854,WR,True,0,0,6.0,7.5
2023,11,00-0035208,WR,True,0,0,2.0,1.3
2023,11,00-0035631,TE,True,0,0,3.0,2.2
2023,11,00-0035726,RB,True,0,0,0.0,0.0
2023,11,00-0036176,WR,True,0,0,0.0,0.0
2023,11,00-0036887,TE,True,0,0,1.0,1.0
2023,11,00-0036984,RB,True,0,0,1.0,0.0
2023,11,00-0037011,TE,True,0,0,0.0,0.0
2023,11,00-0037039,WR,True,0,0,0.0,0.0
2023,11,00-0037157,RB,True,0,0,1.0,1.3
2023,11,00-0037272,WR,True,0,0,0.0,0.0
2023,11,00-0037306,TE,True,0,0,0.0,0.0
2023,11,00-0038488,RB,True,0,0,0.0,0.0
2023,11,00-0038551,RB,True,0,0,2.0,3.6
2023,11,00-0038685,RB,True,0,0,6.0,2.8
2023,11,00-0038720,TE,True,0,0,2.0,0.9
2023,11,00-0038783,TE,True,0,0,1.0,0.8
2023,11,00-0038935,TE,True,0,0,1.0,0.0
2023,11,00-0024243,TE,True,0,0,0.0,0.0
2023,11,00-0026293,WR,True,0,0,0.0,0.0
2023,11,00-0030663,WR,True,0,0,1.0,1.4
2023,11,00-0032141,TE,True,0,0,2.0,2.3
2023,11,00-0032951,WR,True,0,0,0.0,0.0
2023,11,00-0033376,RB,True,0,0,1.0,0.0
2023,11,00-0034279,WR,True,0,0,1.0,0.9
2023,11,00-0034418,WR,True,0,0,5.0,9.6
2023,11,00-0035164,WR,True,0,0,0.0,0.0
2023,11,00-0035341,WR,True,0,0,4.0,12.4
2023,11,00-0035715,RB,True,0,0,0.0,0.0
2023,11,00-0035806,RB,True,0,0,2.0,0.0
2023,11,00-0036032,TE,True,0,0,0.0,0.0
2023,11,00-0036364,WR,True,0,0,1.0,1.7
2023,11,00-0036450,RB,True,0,0,5.0,1.3
2023,11,00-0036646,WR,True,0,0,2.0,7.4
2023,11,00-0037805,TE,True,0,0,1.0,1.2
2023,11,00-0038124,WR,True,0,0,7.0,3.3
2023,11,00-0038558,TE,True,0,0,1.0,1.1
2023,11,00-0038606,WR,True,0,0,0.0,0.0
2023,11,00-0038619,WR,True,0,0,1.0,0.0
2023,11,00-0038632,WR,True,0,0,1.0,0.0
2023,11,00-0038643,TE,True,0,0,0.0,0.0
2023,11,00-0038979,WR,True,0,0,3.0,0.0
2023,11,00-0038996,TE,True,0,0,3.0,1.1
2023,11,00-0030578,RB,True,0,0,5.0,3.0
2023,11,00-0033246,TE,True,0,0,2.0,1.8
2023,11,00-0033258,TE,True,0,0,0.0,0.0
2023,11,00-0034193,TE,True,0,0,0.0,0.0
2023,11,00-0037273,WR,True,0,0,5.0,7.6
2023,11,00-0037420,WR,True,0,0,1.0,0.7
2023,11,00-0037827,RB,True,0,0,6.0,2.1
2023,11,00-0038809,TE,True,0,0,1.0,0.7
2023,11,00-0030874,RB,True,0,0,3.0,1.4
2023,11,00-0034073,TE,True,0,0,1.0,1.7
2023,11,00-0035184,RB,True,0,0,4.0,1.8
2023,11,00-0036297,RB,True,0,0,4.0,0.5
2023,11,00-0036590,TE,True,0,0,1.0,8.0
2023,11,00-0036877,WR,True,0,0,0.0,0.0
2023,11,00-0036991,WR,True,0,0,2.0,0.0
2023,11,00-0037156,WR,True,0,0,0.0,0.0
2023,11,00-0037429,RB,True,0,0,3.0,1.8
2023,11,00-0038104,WR,True,0,0,4.0,1.2
2023,11,00-0038678,RB,True,0,0,0.0,0.0
2023,11,00-0038911,WR,True,0,0,0.0,0.0
2023,11,00-0039050,TE,True,0,0,1.0,0.0
2023,11,00-0039136,RB,True,0,0,4.0,1.0
2023,11,00-0027944,WR,True,0,0,2.0,7.3
2023,11,00-0032450,RB,True,0,0,0.0,0.0
2023,11,00-0034115,RB,True,0,0,6.0,5.3
2023,11,00-0034614,RB,True,0,0,0.0,0.0
2023,11,00-0035537,RB,True,0,0,1.0,0.2
2023,11,00-0035934,WR,True,0,0,3.0,2.7
2023,11,00-0036387,WR,True,0,0,6.0,1.6
2023,11,00-0036842,RB,True,0,0,2.0,0.9
2023,11,00-0038656,RB,True,0,0,0.0,0.0
2023,11,00-0039041,TE,True,0,0,1.0,0.0
2023,11,00-0033296,RB,True,0,0,1.0,0.8
2023,11,00-0035593,WR,True,0,0,1.0,0.0
2023,11,00-0035876,WR,True,0,0,0.0,0.0
2023,11,00-0036438,TE,True,0,0,5.0,4.8
2023,11,00-0036527,WR,True,0,0,0.0,0.0
2023,11,00-0036620,WR,True,0,0,0.0,0.0
2023,11,00-0037086,TE,True,0,0,0.0,0.0
2023,11,00-0037410,RB,True,0,0,4.0,2.8
2023,11,00-0037451,TE,True,0,0,0.0,0.0
2023,11,00-0031868,WR,True,0,0,2.0,0.0
2023,11,00-0032775,WR,True,0,0,1.0,2.0
2023,11,00-0035399,WR,True,0,0,0.0,0.0
2023,11,00-0035414,WR,True,0,0,6.0,12.1
2023,11,00-0035480,WR,True,0,0,2.0,1.1
2023,11,00-0036133,WR,True,0,0,1.0,0.0
2023,11,00-0036269,RB,True,0,0,2.0,0.1
2023,11,00-0036630,WR,True,0,0,0.0,0.0
2023,11,00-0039074,TE,True,0,0,0.0,0.0
2023,11,00-0036482,WR,True,0,0,2.0,5.0
2023,11,00-0037539,TE,True,0,0,1.0,0.0
2023,11,00-0038612,WR,True,0,0,4.0,10.8
2023,11,00-0038640,WR,True,0,0,4.0,5.9
2023,11,00-0038891,WR,True,0,0,0.0,0.0
2023,12,00-0028002,WR,True,0,0,3.0,2.0
2023,12,00-0029239,RB,True,0,0,0.0,0.0
2023,12,00-0029293,WR,True,0,0,1.0,1.0
2023,12,00-0030068,WR,True,0,0,2.0,0.0
2023,12,00-0030431,WR,True,0,0,8.0,6.9
2023,12,00-0030513,RB,True,0,0,10.0,3.5
2023,12,00-0031376,RB,True,0,0,4.0,2.5
2023,12,00-0031428,WR,True,0,0,4.0,3.5
2023,12,00-0031484,TE,True,0,0,1.0,1.1
2023,12,00-0031763,WR,True,0,0,0.0,0.0
2023,12,00-0031941,WR,True,0,0,2.0,2.2
2023,12,00-0032062,TE,True,0,0,1.0,0.0
2023,12,00-0032104,RB,True,0,0,1.0,0.9
2023,12,00-0032200,WR,True,0,0,0.0,0.0
2023,12,00-0032208,WR,True,0,0,1.0,0.0
2023,12,00-0032385,WR,True,0,0,3.0,1.0
2023,12,00-0032392,TE,True,0,0,1.0,0.0
2023,12,00-0032398,WR,True,0,0,2.0,9.2
2023,12,00-0032464,WR,True,0,0,2.0,1.0
2023,12,00-0032765,WR,True,0,0,2.0,1.4
2023,12,00-0033009,WR,True,0,0,6.0,3.7
2023,12,00-0033045,RB,True,0,0,15.0,9.8
2023,12,00-0033110,TE,True,0,0,3.0,2.2
2023,12,00-0033217,TE,True,0,0,1.0,0.0
2023,12,00-0033251,WR,True,0,0,1.0,0.0
2023,12,00-0033292,WR,True,0,0,0.0,0.0
2023,12,00-0033466,WR,True,0,0,4.0,5.1
2023,12,00-0033553,RB,True,0,0,17.0,7.3
2023,12,00-0033555,WR,True,0,0,3.0,5.1
2023,12,00-0033572,WR,True,0,0,0.0,0.0
2023,12,00-0033757,TE,True,0,0,1.0,1.6
2023,12,00-0033891,WR,True,0,0,4.0,4.0
2023,12,00-0033893,RB,True,0,0,3.0,1.3
2023,12,00-0033925,RB,True,0,0,6.0,7.4
2023,12,00-0033943,WR,True,0,0,2.0,1.6
2023,12,00-0033948,RB,True,0,0,5.0,1.5
2023,12,00-0034054,WR,True,0,0,1.0,1.8
2023,12,00-0034159,TE,True,0,0,3.0,1.4
2023,12,00-0034208,RB,True,0,0,2.0,1.0
2023,12,00-0034272,WR,True,0,0,3.0,0.0
2023,12,00-0034286,WR,True,0,0,1.0,0.0
2023,12,00-0034317,WR,True,0,0,1.0,0.6
2023,12,00-0034364,TE,True,0,0,1.0,1.3
2023,12,00-0034365,TE,True,0,0,2.0,3.3
2023,12,00-0034386,WR,True,0,0,11.0,13.8
2023,12,00-0034407,WR,True,0,0,0.0,0.0
2023,12,00-0034414,RB,True,0,0,2.0,0.8
2023,12,00-0034419,WR,True,0,0,0.0,0.0
2023,12,00-0034521,WR,True,0,0,1.0,0.0
2023,12,00-0034681,RB,True,0,0,5.0,2.4
2023,12,00-0034798,TE,True,0,0,3.0,3.2
2023,12,00-0034829,TE,True,0,0,3.0,3.2
2023,12,00-0034830,TE,True,0,0,4.0,2.4
2023,12,00-0035215,WR,True,0,0,2.0,-0.2
2023,12,00-0035249,TE,True,0,0,4.0,12.7
2023,12,00-0035259,TE,True,0,0,0.0,0.0
2023,12,00-0035291,RB,True,0,0,2.0,2.0
2023,12,00-0035298,WR,True,0,0,1.0,6.7
2023,12,00-0035406,WR,True,0,0,1.0,0.0
2023,12,00-0035500,WR,True,0,0,8.0,10.6
2023,12,00-0035535,WR,True,0,0,5.0,16.2
2023,12,00-0035562,TE,True,0,0,0.0,0.0
2023,12,00-0035572,TE,True,0,0,0.0,0.0
2023,12,00-0035594,RB,True,0,0,1.0,0.0
2023,12,00-0035628,RB,True,0,0,8.0,5.9
2023,12,00-0035639,WR,True,0,0,1.0,1.1
2023,12,00-0035657,RB,True,0,0,1.0,0.1
2023,12,00-0035771,TE,True,0,0,1.0,0.0
2023,12,00-0035956,TE,True,0,0,0.0,0.0
2023,12,00-0035973,RB,True,0,0,7.0,1.7
2023,12,00-0036020,RB,True,0,0,6.0,10.6
2023,12,00-0036040,TE,True,0,0,3.0,0.7
2023,12,00-0036139,RB,True,0,0,10.0,3.0
2023,12,00-0036145,TE,True,0,0,2.0,7.5
2023,12,00-0036158,RB,True,0,0,11.0,10.7
2023,12,00-0036165,WR,True,0,0,3.0,3.2
2023,12,00-0036182,WR,True,0,0,1.0,1.2
2023,12,00-0036232,TE,True,0,0,2.0,1.0
2023,12,00-0036233,WR,True,0,0,1.0,0.0
2023,12,00-0036244,TE,True,0,0,0.0,0.0
2023,12,00-0036259,WR,True,0,0,1.0,0.0
2023,12,00-0036268,WR,True,0,0,2.0,1.9
2023,12,00-0036271,WR,True,0,0,3.0,1.4
2023,12,00-0036309,WR,True,0,0,1.0,2.9
2023,12,00-0036326,WR,True,0,0,0.0,0.0
2023,12,00-0036331,WR,True,0,0,0.0,0.0
2023,12,00-0036332,TE,True,0,0,0.0,0.0
2023,12,00-0036336,RB,True,0,0,0.0,0.0
2023,12,00-0036345,WR,True,0,0,2.0,1.2
2023,12,00-0036360,RB,True,0,0,2.0,2.0
2023,12,00-0036370,RB,True,0,0,6.0,1.3
2023,12,00-0036414,RB,True,0,0,11.0,5.3
2023,12,00-0036422,TE,True,0,0,2.0,4.3
2023,12,00-0036424,TE,True,0,0,1.0,1.0
2023,12,00-0036425,RB,True,0,0,2.0,1.9
2023,12,00-0036429,TE,True,0,0,0.0,0.0
2023,12,00-0036493,RB,True,0,0,1.0,0.2
2023,12,00-0036550,WR,True,0,0,2.0,7.5
2023,12,00-0036569,RB,True,0,0,6.0,2.4
2023,12,00-0036626,WR,True,0,0,3.0,1.2
2023,12,00-0036628,TE,True,0,0,2.0,2.5
2023,12,00-0036635,WR,True,0,0,0.0,0.0
2023,12,00-0036637,TE,True,0,0,1.0,0.0
2023,12,00-0036741,TE,True,0,0,2.0,0.8
2023,12,00-0036754,TE,True,0,0,0.0,0.0
2023,12,00-0036849,WR,True,0,0,3.0,2.2
2023,12,00-0036857,RB,True,0,0,0.0,0.0
2023,12,00-0036860,RB,True,0,0,3.0,2.7
2023,12,00-0036862,WR,True,0,0,0.0,0.0
2023,12,00-0036876,TE,True,0,0,2.0,1.0
2023,12,00-0036913,WR,True,0,0,4.0,3.6
2023,12,00-0036919,RB,True,0,0,2.0,1.0
2023,12,00-0036924,RB,True,0,0,1.0,0.0
2023,12,00-0036955,WR,True,0,0,3.0,1.6
2023,12,00-0037005,TE,True,0,0,3.0,6.9
2023,12,00-0037078,TE,True,0,0,1.0,1.2
2023,12,00-0037098,WR,True,0,0,2.0,0.8
2023,12,00-0037132,WR,True,0,0,0.0,0.0
2023,12,00-0037216,WR,True,0,0,0.0,0.0
2023,12,00-0037252,TE,True,0,0,2.0,0.8
2023,12,00-0037257,WR,True,0,0,3.0,1.1
2023,12,00-0037276,RB,True,0,0,14.0,13.0
2023,12,00-0037277,TE,True,0,0,1.0,2.7
2023,12,00-0037291,WR,True,0,0,1.0,2.1
2023,12,00-0037292,TE,True,0,0,3.0,2.4
2023,12,00-0037299,RB,True,0,0,2.0,0.2
2023,12,00-0037311,TE,True,0,0,0.0,0.0
2023,12,00-0037382,WR,True,0,0,2.0,0.0
2023,12,00-0037487,WR,True,0,0,2.0,1.7
2023,12,00-0037545,WR,True,0,0,9.0,4.9
2023,12,00-0037557,RB,True,0,0,4.0,1.8
2023,12,00-0037569,TE,True,0,0,1.0,0.8
2023,12,00-0037664,WR,True,0,0,1.0,2.6
2023,12,00-0037666,WR,True,0,0,5.0,2.2
2023,12,00-0037801,WR,True,0,0,4.0,3.3
2023,12,00-0037837,WR,True,0,0,0.0,0.0
2023,12,00-0037838,TE,True,0,0,2.0,0.0
2023,12,00-0038040,RB,True,0,0,1.0,0.5
2023,12,00-0038046,TE,True,0,0,1.0,1.8
2023,12,00-0038090,WR,True,0,0,2.0,0.9
2023,12,00-0038092,WR,True,0,0,4.0,0.5
2023,12,00-0038098,RB,True,0,0,2.0,1.0
2023,12,00-0038115,TE,True,0,0,3.0,5.3
2023,12,00-0038393,WR,True,0,0,5.0,10.6
2023,12,00-0038396,RB,True,0,0,0.0,0.0
2023,12,00-0038397,RB,True,0,0,2.0,1.2
2023,12,00-0038465,WR,True,0,0,1.0,1.2
2023,12,00-0038496,WR,True,0,0,2.0,1.2
2023,12,00-0038544,WR,True,0,0,6.0,3.1
2023,12,00-0038555,RB,True,0,0,9.0,2.1
2023,12,00-0038559,WR,True,0,0,6.0,4.9
2023,12,00-0038573,WR,True,0,0,1.0,0.2
2023,12,00-0038576,WR,True,0,0,0.0,0.0
2023,12,00-0038608,WR,True,0,0,1.0,1.6
2023,12,00-0038611,RB,True,0,0,7.0,3.3
2023,12,00-0038618,WR,True,0,0,2.0,1.7
2023,12,00-0038622,RB,True,0,0,2.0,1.4
2023,12,00-0038794,RB,True,0,0,6.0,4.0
2023,12,00-0038821,WR,True,0,0,2.0,4.6
2023,12,00-0038938,WR,True,0,0,2.0,1.2
2023,12,00-0038941,WR,True,0,0,2.0,-1.1
2023,12,00-0038951,RB,True,0,0,2.0,0.1
2023,12,00-0038969,WR,True,0,0,0.0,0.0
2023,12,00-0038976,WR,True,0,0,3.0,2.2
2023,12,00-0038997,WR,False,1,1,3.0,5.0
2023,12,00-0039021,RB,True,0,0,6.0,3.0
2023,12,00-0039052,WR,True,0,0,7.0,4.8
2023,12,00-0039062,WR,True,0,0,6.0,1.1
2023,12,00-0039066,TE,True,0,0,5.0,6.6
2023,12,00-0039165,RB,False,5,5,21.0,9.9
2023,12,00-0027696,TE,True,0,0,1.0,0.0
2023,12,00-0031547,WR,True,0,0,2.0,1.9
2023,12,00-0031549,WR,True,0,0,1.0,10.2
2023,12,00-0033854,RB,True,0,0,0.0,0.0
2023,12,00-0034297,WR,True,0,0,3.0,3.7
2023,12,00-0034575,TE,True,0,0,2.0,0.0
2023,12,00-0034750,RB,True,0,0,2.0,0.8
2023,12,00-0034753,TE,False,1,1,2.0,3.3
2023,12,00-0034981,TE,True,0,0,0.0,0.0
2023,12,00-0034983,WR,True,0,0,5.0,6.7
2023,12,00-0035140,WR,True,0,0,2.0,2.2
2023,12,00-0035567,RB,True,0,0,0.0,0.0
2023,12,00-0035644,TE,True,0,0,2.0,0.9
2023,12,00-0035645,WR,True,0,0,0.0,0.0
2023,12,00-0035703,WR,True,0,0,0.0,0.0
2023,12,00-0036187,RB,True,0,0,0.0,0.0
2023,12,00-0036251,RB,True,0,0,1.0,0.2
2023,12,00-0036407,WR,True,0,0,7.0,8.3
2023,12,00-0036497,WR,True,0,0,2.0,2.7
2023,12,00-0036556,TE,True,0,0,1.0,1.6
2023,12,00-0036841,WR,True,0,0,6.0,3.8
2023,12,00-0037261,WR,True,0,0,4.0,19.0
2023,12,00-0037475,TE,True,0,0,3.0,11.6
2023,12,00-0037525,RB,True,0,0,0.0,0.0
2023,12,00-0037594,RB,True,0,0,0.0,0.0
2023,12,00-0037614,WR,True,0,0,1.0,1.7
2023,12,00-0037745,WR,True,0,0,1.0,0.0
2023,12,00-0038045,RB,True,0,0,4.0,1.3
2023,12,00-0038394,TE,True,0,0,2.0,1.2
2023,12,00-0038547,TE,True,0,0,2.0,9.3
2023,12,00-0038563,WR,True,0,0,8.0,4.0
2023,12,00-0038589,TE,True,0,0,2.0,1.2
2023,12,00-0038597,RB,True,0,0,2.0,1.7
2023,12,00-0038627,WR,True,0,0,1.0,0.0
2023,12,00-0038647,WR,True,0,0,1.0,2.5
2023,12,00-0038738,RB,True,0,0,0.0,0.0
2023,12,00-0038752,WR,True,0,0,2.0,1.3
2023,12,00-0038797,RB,True,0,0,5.0,2.6
2023,12,00-0038862,RB,True,0,0,6.0,2.9
2023,12,00-0031585,TE,True,0,0,0.0,0.0
2023,12,00-0032134,TE,True,0,0,0.0,0.0
2023,12,00-0032144,RB,True,0,0,4.0,4.9
2023,12,00-0032688,WR,True,0,0,2.0,4.9
2023,12,00-0033118,RB,True,0,0,4.0,2.1
2023,12,00-0033439,TE,True,0,0,0.0,0.0
2023,12,00-0034433,RB,True,0,0,1.0,1.2
2023,12,00-0034487,WR,True,0,0,2.0,1.4
2023,12,00-0034613,TE,True,0,0,4.0,6.9
2023,12,00-0034854,WR,True,0,0,6.0,7.5
2023,12,00-0035208,WR,True,0,0,1.0,0.0
2023,12,00-0035631,TE,True,0,0,2.0,2.9
2023,12,00-0035726,RB,True,0,0,0.0,0.0
2023,12,00-0036176,WR,True,0,0,0.0,0.0
2023,12,00-0036887,TE,True,0,0,2.0,3.1
2023,12,00-0036984,RB,True,0,0,1.0,0.0
2023,12,00-0037011,TE,True,0,0,0.0,0.0
2023,12,00-0037039,WR,True,0,0,0.0,0.0
2023,12,00-0037157,RB,True,0,0,1.0,1.3
2023,12,00-0037272,WR,True,0,0,0.0,0.0
2023,12,00-0037306,TE,True,0,0,0.0,0.0
2023,12,00-0038488,RB,True,0,0,0.0,0.0
2023,12,00-0038551,RB,True,0,0,2.0,3.6
2023,12,00-0038685,RB,True,0,0,6.0,2.8
2023,12,00-0038720,TE,True,0,0,1.0,-0.5
2023,12,00-0038783,TE,True,0,0,0.0,0.0
2023,12,00-0038935,TE,True,0,0,1.0,0.0
2023,12,00-0024243,TE,True,0,0,1.0,0.0
2023,12,00-0026293,WR,True,0,0,0.0,0.0
2023,12,00-0030663,WR,True,0,0,1.0,1.4
2023,12,00-0032141,TE,True,0,0,2.0,2.5
2023,12,00-0032951,WR,True,0,0,0.0,0.0
2023,12,00-0033376,RB,True,0,0,1.0,0.0
2023,12,00-0034279,WR,True,0,0,2.0,2.9
2023,12,00-0034418,WR,True,0,0,4.0,3.8
2023,12,00-0035164,WR,True,0,0,0.0,0.0
2023,12,00-0035341,WR,True,0,0,5.0,5.1
2023,12,00-0035715,RB,True,0,0,2.0,2.3
2023,12,00-0035806,RB,True,0,0,2.0,0.0
2023,12,00-0036032,TE,True,0,0,0.0,0.0
2023,12,00-0036364,WR,True,0,0,1.0,1.7
2023,12,00-0036450,RB,True,0,0,5.0,1.3
2023,12,00-0036646,WR,True,0,0,2.0,7.4
2023,12,00-0037805,TE,True,0,0,4.0,4.0
2023,12,00-0038124,WR,True,0,0,5.0,9.2
2023,12,00-0038558,TE,True,0,0,1.0,1.3
2023,12,00-0038606,WR,True,0,0,0.0,0.0
2023,12,00-0038619,WR,True,0,0,1.0,0.0
2023,12,00-0038632,WR,True,0,0,1.0,0.0
2023,12,00-0038643,TE,True,0,0,0.0,0.0
2023,12,00-0038979,WR,True,0,0,3.0,1.5
2023,12,00-0038996,TE,True,0,0,2.0,4.2
2023,12,00-0030578,RB,True,0,0,5.0,3.0
2023,12,00-0033246,TE,True,0,0,2.0,1.8
2023,12,00-0033258,TE,True,0,0,0.0,0.0
2023,12,00-0034193,TE,True,0,0,0.0,0.0
2023,12,00-0037273,WR,True,0,0,1.0,1.5
2023,12,00-0037420,WR,True,0,0,1.0,0.7
2023,12,00-0037827,RB,True,0,0,6.0,2.1
2023,12,00-0038809,TE,True,0,0,1.0,0.7
2023,12,00-0030874,RB,True,0,0,3.0,1.4
2023,12,00-0034073,TE,True,0,0,1.0,1.7
2023,12,00-0035184,RB,True,0,0,4.0,1.8
2023,12,00-0036297,RB,True,0,0,4.0,0.5
2023,12,00-0036590,TE,True,0,0,2.0,1.6
2023,12,00-0036877,WR,True,0,0,0.0,0.0
2023,12,00-0036991,WR,True,0,0,2.0,0.0
2023,12,00-0037156,WR,True,0,0,0.0,0.0
2023,12,00-0037429,RB,True,0,0,0.0,0.0
2023,12,00-0038104,WR,True,0,0,4.0,1.2
2023,12,00-0038678,RB,True,0,0,0.0,0.0
2023,12,00-0038911,WR,True,0,0,0.0,0.0
2023,12,00-0039050,TE,True,0,0,2.0,2.3
2023,12,00-0039136,RB,True,0,0,1.0,0.0
2023,12,00-0027944,WR,True,0,0,2.0,1.5
2023,12,00-0032450,RB,True,0,0,0.0,0.0
2023,12,00-0034115,RB,True,0,0,6.0,5.3
2023,12,00-0034614,RB,True,0,0,0.0,0.0
2023,12,00-0035537,RB,True,0,0,6.0,13.3
2023,12,00-0035934,WR,True,0,0,3.0,2.7
2023,12,00-0036387,WR,True,0,0,6.0,1.6
2023,12,00-0036842,RB,True,0,0,2.0,0.9
2023,12,00-0038656,RB,True,0,0,0.0,0.0
2023,12,00-0039041,TE,True,0,0,2.0,0.7
2023,12,00-0033296,RB,True,0,0,1.0,0.8
2023,12,00-0035593,WR,True,0,0,1.0,0.0
2023,12,00-0035876,WR,True,0,0,0.0,0.0
2023,12,00-0036438,TE,True,0,0,1.0,2.5
2023,12,00-0036527,WR,True,0,0,0.0,0.0
2023,12,00-0036620,WR,True,0,0,1.0,0.0
2023,12,00-0037086,TE,True,0,0,0.0,0.0
2023,12,00-0037410,RB,True,0,0,4.0,2.8
2023,12,00-0037451,TE,True,0,0,0.0,0.0
2023,12,00-0031868,WR,True,0,0,2.0,0.0
2023,12,00-0032775,WR,True,0,0,2.0,3.4
2023,12,00-0035399,WR,True,0,0,0.0,0.0
2023,12,00-0035414,WR,True,0,0,6.0,12.1
2023,12,00-0035480,WR,True,0,0,2.0,1.1
2023,12,00-0036133,WR,True,0,0,0.0,0.0
2023,12,00-0036269,RB,True,0,0,2.0,0.1
2023,12,00-0036630,WR,True,0,0,0.0,0.0
2023,12,00-0039074,TE,True,0,0,0.0,0.0
2023,12,00-0036482,WR,True,0,0,2.0,5.0
2023,12,00-0037539,TE,True,0,0,1.0,0.0
2023,12,00-0038612,WR,True,0,0,4.0,10.8
2023,12,00-0038640,WR,True,0,0,4.0,5.9
2023,12,00-0038891,WR,True,0,0,1.0,0.0
2023,12,00-0032543,WR,True,0,0,1.0,1.7
2023,12,00-0034928,WR,True,0,0,2.0,3.5
2023,12,00-0038389,RB,True,0,0,3.0,2.1
2023,12,00-0038489,RB,True,0,0,0.0,0.0
2023,13,00-0028002,WR,True,0,0,3.0,2.0
2023,13,00-0029239,RB,True,0,0,0.0,0.0
2023,13,00-0029293,WR,True,0,0,1.0,1.0
2023,13,00-0030068,WR,True,0,0,2.0,0.0
2023,13,00-0030431,WR,True,0,0,3.0,5.0
2023,13,00-0030513,RB,True,0,0,14.0,6.3
2023,13,00-0031376,RB,True,0,0,4.0,2.5
2023,13,00-0031428,WR,True,0,0,1.0,1.6
2023,13,00-0031484,TE,True,0,0,1.0,1.1
2023,13,00-0031763,WR,True,0,0,0.0,0.0
2023,13,00-0031941,WR,True,0,0,0.0,0.0
2023,13,00-0032062,TE,True,0,0,1.0,0.0
2023,13,00-0032104,RB,True,0,0,2.0,1.8
2023,13,00-0032200,WR,True,0,0,1.0,0.0
2023,13,00-0032208,WR,True,0,0,1.0,0.0
2023,13,00-0032385,WR,True,0,0,3.0,1.1
2023,13,00-0032392,TE,True,0,0,2.0,1.9
2023,13,00-0032398,WR,True,0,0,5.0,5.7
2023,13,00-0032464,WR,True,0,0,6.0,12.1
2023,13,00-0032765,WR,True,0,0,2.0,1.4
2023,13,00-0033009,WR,True,0,0,5.0,3.8
2023,13,00-0033045,RB,True,0,0,11.0,6.2
2023,13,00-0033090,TE,True,0,0,5.0,3.6
2023,13,00-0033110,TE,False,1,1,5.0,17.4
2023,13,00-0033217,TE,True,0,0,1.0,3.5
2023,13,00-0033251,WR,True,0,0,1.0,0.0
2023,13,00-0033292,WR,True,0,0,1.0,0.0
2023,13,00-0033466,WR,True,0,0,1.0,0.3
2023,13,00-0033553,RB,True,0,0,11.0,5.2
2023,13,00-0033555,WR,True,0,0,3.0,5.1
2023,13,00-0033572,WR,True,0,0,0.0,0.0
2023,13,00-0033757,TE,True,0,0,1.0,0.0
2023,13,00-0033891,WR,True,0,0,3.0,1.5
2023,13,00-0033893,RB,True,0,0,4.0,3.1
2023,13,00-0033925,RB,True,0,0,6.0,7.4
2023,13,00-0033943,WR,True,0,0,4.0,8.5
2023,13,00-0033948,RB,True,0,0,4.0,2.0
2023,13,00-0034054,WR,True,0,0,1.0,1.8
2023,13,00-0034159,TE,True,0,0,1.0,2.6
2023,13,00-0034208,RB,True,0,0,2.0,1.0
2023,13,00-0034272,WR,True,0,0,1.0,0.4
2023,13,00-0034286,WR,True,0,0,0.0,0.0
2023,13,00-0034317,WR,True,0,0,3.0,3.0
2023,13,00-0034364,TE,True,0,0,1.0,1.3
2023,13,00-0034365,TE,True,0,0,1.0,1.4
2023,13,00-0034386,WR,True,0,0,3.0,6.8
2023,13,00-0034407,WR,True,0,0,1.0,2.8
2023,13,00-0034414,RB,True,0,0,3.0,1.4
2023,13,00-0034419,WR,True,0,0,1.0,0.0
2023,13,00-0034521,WR,True,0,0,1.0,0.0
2023,13,00-0034681,RB,True,0,0,2.0,1.1
2023,13,00-0034798,TE,True,0,0,3.0,1.5
2023,13,00-0034829,TE,True,0,0,2.0,0.0
2023,13,00-0034830,TE,True,0,0,4.0,2.4
2023,13,00-0035215,WR,True,0,0,2.0,-0.2
2023,13,00-0035249,TE,True,0,0,4.0,12.7
2023,13,00-0035259,TE,True,0,0,0.0,0.0
2023,13,00-0035291,RB,True,0,0,0.0,0.0
2023,13,00-0035298,WR,True,0,0,2.0,0.9
2023,13,00-0035329,TE,True,0,0,0.0,0.0
2023,13,00-0035406,WR,True,0,0,1.0,1.8
2023,13,00-0035500,WR,True,0,0,9.0,10.2
2023,13,00-0035535,WR,True,0,0,3.0,2.6
2023,13,00-0035562,TE,True,0,0,0.0,0.0
2023,13,00-0035572,TE,True,0,0,0.0,0.0
2023,13,00-0035594,RB,True,0,0,0.0,0.0
2023,13,00-0035628,RB,True,0,0,9.0,6.6
2023,13,00-0035639,WR,True,0,0,1.0,0.3
2023,13,00-0035657,RB,True,0,0,1.0,0.1
2023,13,00-0035771,TE,True,0,0,1.0,0.6
2023,13,00-0035956,TE,True,0,0,0.0,0.0
2023,13,00-0035973,RB,True,0,0,4.0,2.0
2023,13,00-0036020,RB,True,0,0,6.0,10.6
2023,13,00-0036139,RB,True,0,0,4.0,9.1
2023,13,00-0036145,TE,True,0,0,2.0,7.5
2023,13,00-0036158,RB,True,0,0,11.0,10.7
2023,13,00-0036165,WR,True,0,0,1.0,7.7
2023,13,00-0036182,WR,True,0,0,5.0,6.1
2023,13,00-0036232,TE,True,0,0,2.0,4.7
2023,13,00-0036233,WR,True,0,0,0.0,0.0
2023,13,00-0036244,TE,True,0,0,1.0,1.4
2023,13,00-0036259,WR,True,0,0,2.0,1.2
2023,13,00-0036268,WR,True,0,0,1.0,1.3
2023,13,00-0036271,WR,True,0,0,3.0,1.4
2023,13,00-0036309,WR,True,0,0,3.0,1.6
2023,13,00-0036326,WR,True,0,0,0.0,0.0
2023,13,00-0036331,WR,True,0,0,1.0,0.0
2023,13,00-0036332,TE,True,0,0,0.0,0.0
2023,13,00-0036336,RB,True,0,0,0.0,0.0
2023,13,00-0036345,WR,True,0,0,4.0,4.9
2023,13,00-0036360,RB,True,0,0,3.0,0.5
2023,13,00-0036370,RB,True,0,0,5.0,2.4
2023,13,00-0036414,RB,True,0,0,11.0,5.3
2023,13,00-0036422,TE,True,0,0,1.0,7.3
2023,13,00-0036424,TE,True,0,0,1.0,1.0
2023,13,00-0036425,RB,True,0,0,3.0,2.0
2023,13,00-0036429,TE,True,0,0,1.0,1.4
2023,13,00-0036493,RB,True,0,0,1.0,0.2
2023,13,00-0036550,WR,True,0,0,5.0,3.1
2023,13,00-0036569,RB,True,0,0,6.0,2.4
2023,13,00-0036626,WR,True,0,0,1.0,0.0
2023,13,00-0036628,TE,True,0,0,2.0,2.5
2023,13,00-0036635,WR,True,0,0,1.0,1.9
2023,13,00-0036637,TE,True,0,0,3.0,4.5
2023,13,00-0036741,TE,True,0,0,2.0,1.9
2023,13,00-0036754,TE,True,0,0,1.0,1.4
2023,13,00-0036849,WR,True,0,0,3.0,9.1
2023,13,00-0036857,RB,True,0,0,0.0,0.0
2023,13,00-0036860,RB,True,0,0,3.0,2.7
2023,13,00-0036862,WR,True,0,0,1.0,0.4
2023,13,00-0036876,TE,True,0,0,1.0,0.0
2023,13,00-0036913,WR,True,0,0,4.0,3.6
2023,13,00-0036919,RB,True,0,0,5.0,4.6
2023,13,00-0036924,RB,True,0,0,8.0,5.4
2023,13,00-0036955,WR,True,0,0,3.0,1.6
2023,13,00-0037005,TE,True,0,0,1.0,1.2
2023,13,00-0037078,TE,True,0,0,1.0,3.4
2023,13,00-0037098,WR,True,0,0,2.0,0.8
2023,13,00-0037132,WR,True,0,0,0.0,0.0
2023,13,00-0037216,WR,True,0,0,0.0,0.0
2023,13,00-0037252,TE,True,0,0,2.0,0.8
2023,13,00-0037257,WR,True,0,0,2.0,0.0
2023,13,00-0037276,RB,True,0,0,6.0,1.6
2023,13,00-0037277,TE,True,0,0,1.0,2.7
2023,13,00-0037291,WR,True,0,0,1.0,2.1
2023,13,00-0037292,TE,True,0,0,3.0,2.4
2023,13,00-0037299,RB,True,0,0,2.0,0.2
2023,13,00-0037311,TE,True,0,0,0.0,0.0
2023,13,00-0037382,WR,True,0,0,2.0,0.0
2023,13,00-0037487,WR,True,0,0,0.0,0.0
2023,13,00-0037545,WR,True,0,0,5.0,1.9
2023,13,00-0037557,RB,True,0,0,4.0,1.8
2023,13,00-0037569,TE,True,0,0,1.0,0.8
2023,13,00-0037664,WR,True,0,0,6.0,4.7
2023,13,00-0037666,WR,True,0,0,3.0,5.9
2023,13,00-0037801,WR,True,0,0,1.0,9.9
2023,13,00-0037809,TE,True,0,0,5.0,6.5
2023,13,00-0037837,WR,True,0,0,1.0,1.0
2023,13,00-0037838,TE,True,0,0,6.0,6.0
2023,13,00-0038040,RB,True,0,0,1.0,0.0
2023,13,00-0038046,TE,True,0,0,1.0,1.8
2023,13,00-0038090,WR,True,0,0,3.0,4.9
2023,13,00-0038092,WR,True,0,0,4.0,0.5
2023,13,00-0038098,RB,True,0,0,2.0,1.0
2023,13,00-0038115,TE,True,0,0,1.0,1.3
2023,13,00-0038393,WR,True,0,0,5.0,10.6
2023,13,00-0038396,RB,True,0,0,0.0,0.0
2023,13,00-0038397,RB,True,0,0,2.0,1.2
2023,13,00-0038465,WR,True,0,0,4.0,6.6
2023,13,00-0038496,WR,True,0,0,2.0,2.5
2023,13,00-0038544,WR,True,0,0,3.0,1.2
2023,13,00-0038555,RB,True,0,0,1.0,0.6
2023,13,00-0038559,WR,True,0,0,6.0,4.9
2023,13,00-0038573,WR,True,0,0,3.0,0.6
2023,13,00-0038576,WR,True,0,0,0.0,0.0
2023,13,00-0038608,WR,True,0,0,2.0,1.3
2023,13,00-0038611,RB,True,0,0,4.0,2.1
2023,13,00-0038618,WR,True,0,0,1.0,3.9
2023,13,00-0038621,WR,True,0,0,9.0,7.9
2023,13,00-0038622,RB,True,0,0,2.0,1.4
2023,13,00-0038794,RB,True,0,0,2.0,0.4
2023,13,00-0038821,WR,True,0,0,2.0,4.6
2023,13,00-0038938,WR,True,0,0,6.0,13.4
2023,13,00-0038941,WR,True,0,0,2.0,-1.1
2023,13,00-0038951,RB,True,0,0,2.0,0.1
2023,13,00-0038969,WR,True,0,0,0.0,0.0
2023,13,00-0038976,WR,True,0,0,4.0,4.5
2023,13,00-0039021,RB,True,0,0,15.0,10.0
2023,13,00-0039052,WR,True,0,0,5.0,3.7
2023,13,00-0039062,WR,True,0,0,6.0,8.0
2023,13,00-0039066,TE,True,0,0,4.0,3.7
2023,13,00-0027696,TE,True,0,0,1.0,0.0
2023,13,00-0031547,WR,True,0,0,5.0,5.7
2023,13,00-0031549,WR,True,0,0,2.0,2.6
2023,13,00-0033854,RB,True,0,0,0.0,0.0
2023,13,00-0034297,WR,True,0,0,2.0,3.7
2023,13,00-0034575,TE,True,0,0,2.0,0.0
2023,13,00-0034750,RB,True,0,0,2.0,0.8
2023,13,00-0034981,TE,True,0,0,0.0,0.0
2023,13,00-0034983,WR,True,0,0,4.0,5.8
2023,13,00-0035140,WR,True,0,0,2.0,2.2
2023,13,00-0035567,RB,True,0,0,0.0,0.0
2023,13,00-0035644,TE,True,0,0,2.0,3.5
2023,13,00-0035645,WR,True,0,0,0.0,0.0
2023,13,00-0035703,WR,True,0,0,0.0,0.0
2023,13,00-0036187,RB,True,0,0,0.0,0.0
2023,13,00-0036251,RB,False,7,7,11.0,8.0
2023,13,00-0036407,WR,True,0,0,3.0,2.1
2023,13,00-0036497,WR,True,0,0,2.0,2.7
2023,13,00-0036556,TE,True,0,0,2.0,1.4
2023,13,00-0036841,WR,True,0,0,0.0,0.0
2023,13,00-0037261,WR,True,0,0,5.0,6.2
2023,13,00-0037475,TE,True,0,0,1.0,0.0
2023,13,00-0037525,RB,True,0,0,0.0,0.0
2023,13,00-0037594,RB,True,0,0,0.0,0.0
2023,13,00-0037614,WR,True,0,0,2.0,1.1
2023,13,00-0037745,WR,True,0,0,0.0,0.0
2023,13,00-0038045,RB,True,0,0,4.0,1.3
2023,13,00-0038394,TE,True,0,0,3.0,3.9
2023,13,00-0038547,TE,True,0,0,2.0,1.7
2023,13,00-0038563,WR,True,0,0,1.0,0.0
2023,13,00-0038589,TE,True,0,0,1.0,1.6
2023,13,00-0038597,RB,True,0,0,0.0,0.0
2023,13,00-0038627,WR,True,0,0,1.0,0.0
2023,13,00-0038647,WR,True,0,0,0.0,0.0
2023,13,00-0038738,RB,True,0,0,0.0,0.0
2023,13,00-0038752,WR,True,0,0,1.0,1.1
2023,13,00-0038797,RB,True,0,0,5.0,2.6
2023,13,00-0038862,RB,True,0,0,6.0,2.9
2023,13,00-0031585,TE,True,0,0,0.0,0.0
2023,13,00-0032134,TE,True,0,0,0.0,0.0
2023,13,00-0032144,RB,True,0,0,4.0,4.9
2023,13,00-0032688,WR,True,0,0,2.0,4.9
2023,13,00-0033118,RB,True,0,0,4.0,2.1
2023,13,00-0033439,TE,True,0,0,0.0,0.0
2023,13,00-0034433,RB,True,0,0,1.0,1.1
2023,13,00-0034487,WR,True,0,0,3.0,0.0
2023,13,00-0034613,TE,True,0,0,5.0,3.8
2023,13,00-0034854,WR,True,0,0,0.0,0.0
2023,13,00-0035208,WR,True,0,0,1.0,9.4
2023,13,00-0035631,TE,True,0,0,1.0,7.6
2023,13,00-0035726,RB,True,0,0,0.0,0.0
2023,13,00-0036176,WR,True,0,0,0.0,0.0
2023,13,00-0036887,TE,True,0,0,5.0,7.0
2023,13,00-0036984,RB,True,0,0,1.0,0.0
2023,13,00-0037011,TE,True,0,0,0.0,0.0
2023,13,00-0037039,WR,True,0,0,0.0,0.0
2023,13,00-0037157,RB,True,0,0,1.0,1.3
2023,13,00-0037272,WR,True,0,0,0.0,0.0
2023,13,00-0037306,TE,True,0,0,0.0,0.0
2023,13,00-0038488,RB,True,0,0,0.0,0.0
2023,13,00-0038551,RB,True,0,0,2.0,3.6
2023,13,00-0038685,RB,True,0,0,6.0,2.8
2023,13,00-0038720,TE,True,0,0,0.0,0.0
2023,13,00-0038783,TE,True,0,0,0.0,0.0
2023,13,00-0038935,TE,True,0,0,1.0,0.0
2023,13,00-0024243,TE,True,0,0,1.0,0.0
2023,13,00-0026293,WR,True,0,0,0.0,0.0
2023,13,00-0030663,WR,True,0,0,1.0,1.4
2023,13,00-0032141,TE,True,0,0,0.0,0.0
2023,13,00-0032951,WR,True,0,0,0.0,0.0
2023,13,00-0033376,RB,True,0,0,1.0,0.0
2023,13,00-0034279,WR,True,0,0,2.0,2.9
2023,13,00-0034418,WR,True,0,0,4.0,3.8
2023,13,00-0035164,WR,True,0,0,0.0,0.0
2023,13,00-0035341,WR,True,0,0,1.0,3.0
2023,13,00-0035715,RB,True,0,0,2.0,2.3
2023,13,00-0035806,RB,True,0,0,2.0,0.0
2023,13,00-0036032,TE,True,0,0,0.0,0.0
2023,13,00-0036364,WR,True,0,0,4.0,4.0
2023,13,00-0036450,RB,True,0,0,5.0,1.3
2023,13,00-0036646,WR,True,0,0,2.0,7.4
2023,13,00-0037805,TE,True,0,0,4.0,2.8
2023,13,00-0038124,WR,True,0,0,7.0,17.9
2023,13,00-0038558,TE,True,0,0,1.0,1.5
2023,13,00-0038606,WR,True,0,0,0.0,0.0
2023,13,00-0038619,WR,True,0,0,2.0,2.1
2023,13,00-0038632,WR,True,0,0,0.0,0.0
2023,13,00-0038643,TE,True,0,0,0.0,0.0
2023,13,00-0038979,WR,True,0,0,5.0,7.5
2023,13,00-0038996,TE,True,0,0,2.0,8.5
2023,13,00-0030578,RB,True,0,0,8.0,4.3
2023,13,00-0033246,TE,True,0,0,2.0,1.8
2023,13,00-0033258,TE,True,0,0,0.0,0.0
2023,13,00-0034193,TE,True,0,0,0.0,0.0
2023,13,00-0037273,WR,True,0,0,2.0,0.2
2023,13,00-0037420,WR,True,0,0,1.0,0.7
2023,13,00-0037827,RB,True,0,0,6.0,2.1
2023,13,00-0038809,TE,True,0,0,1.0,0.0
2023,13,00-0030874,RB,True,0,0,3.0,1.4
2023,13,00-0034073,TE,True,0,0,1.0,1.7
2023,13,00-0035184,RB,True,0,0,4.0,1.8
2023,13,00-0036297,RB,True,0,0,2.0,1.6
2023,13,00-0036590,TE,True,0,0,2.0,1.6
2023,13,00-0036877,WR,True,0,0,0.0,0.0
2023,13,00-0036991,WR,True,0,0,2.0,0.0
2023,13,00-0037156,WR,True,0,0,0.0,0.0
2023,13,00-0037429,RB,True,0,0,0.0,0.0
2023,13,00-0038104,WR,True,0,0,6.0,3.2
2023,13,00-0038678,RB,True,0,0,0.0,0.0
2023,13,00-0038911,WR,True,0,0,0.0,0.0
2023,13,00-0039050,TE,True,0,0,1.0,1.7
2023,13,00-0039136,RB,True,0,0,3.0,0.6
2023,13,00-0027944,WR,True,0,0,3.0,0.5
2023,13,00-0032450,RB,True,0,0,0.0,0.0
2023,13,00-0034115,RB,False,1,1,14.0,8.8
2023,13,00-0034614,RB,True,0,0,0.0,0.0
2023,13,00-0035537,RB,True,0,0,6.0,1.9
2023,13,00-0035664,RB,True,0,0,13.0,10.9
2023,13,00-0035934,WR,True,0,0,3.0,2.7
2023,13,00-0036387,WR,True,0,0,6.0,1.6
2023,13,00-0036842,RB,True,0,0,0.0,0.0
2023,13,00-0038656,RB,True,0,0,0.0,0.0
2023,13,00-0039041,TE,True,0,0,2.0,3.1
2023,13,00-0033296,RB,True,0,0,1.0,0.8
2023,13,00-0035593,WR,True,0,0,1.0,0.0
2023,13,00-0035876,WR,True,0,0,0.0,0.0
2023,13,00-0036438,TE,True,0,0,1.0,1.8
2023,13,00-0036527,WR,True,0,0,0.0,0.0
2023,13,00-0036620,WR,True,0,0,1.0,1.0
2023,13,00-0037086,TE,True,0,0,0.0,0.0
2023,13,00-0037410,RB,True,0,0,4.0,2.8
2023,13,00-0037451,TE,True,0,0,0.0,0.0
2023,13,00-0031868,WR,True,0,0,2.0,0.0
2023,13,00-0032775,WR,True,0,0,2.0,2.3
2023,13,00-0035399,WR,True,0,0,0.0,0.0
2023,13,00-0035414,WR,True,0,0,5.0,0.9
2023,13,00-0035480,WR,True,0,0,2.0,1.1
2023,13,00-0036133,WR,True,0,0,0.0,0.0
2023,13,00-0036269,RB,True,0,0,2.0,0.1
2023,13,00-0036630,WR,True,0,0,0.0,0.0
2023,13,00-0039074,TE,True,0,0,1.0,1.1
2023,13,00-0036482,WR,True,0,0,2.0,5.0
2023,13,00-0037539,TE,True,0,0,1.0,0.0
2023,13,00-0038612,WR,True,0,0,2.0,1.2
2023,13,00-0038640,WR,True,0,0,1.0,2.9
2023,13,00-0038891,WR,True,0,0,1.0,0.0
2023,13,00-0032543,WR,True,0,0,3.0,2.2
2023,13,00-0034928,WR,True,0,0,0.0,0.0
2023,13,00-0038389,RB,True,0,0,3.0,2.1
2023,13,00-0038489,RB,True,0,0,0.0,0.0
2023,13,00-0033589,WR,True,0,0,1.0,0.0
2023,13,00-0035527,WR,True,0,0,0.0,0.0
2023,13,00-0038492,WR,True,0,0,2.0,3.0
2023,14,00-0028002,WR,True,0,0,3.0,2.0
2023,14,00-0029239,RB,True,0,0,0.0,0.0
2023,14,00-0029293,WR,True,0,0,1.0,1.0
2023,14,00-0030068,WR,True,0,0,2.0,0.0
2023,14,00-0030431,WR,True,0,0,0.0,0.0
2023,14,00-0030513,RB,True,0,0,14.0,6.3
2023,14,00-0031376,RB,True,0,0,4.0,2.5
2023,14,00-0031428,WR,True,0,0,3.0,3.4
2023,14,00-0031484,TE,True,0,0,0.0,0.0
2023,14,00-0031763,WR,True,0,0,0.0,0.0
2023,14,00-0031941,WR,True,0,0,0.0,0.0
2023,14,00-0032062,TE,True,0,0,0.0,0.0
2023,14,00-0032104,RB,True,0,0,2.0,1.8
2023,14,00-0032200,WR,True,0,0,1.0,0.2
2023,14,00-0032208,WR,True,0,0,1.0,0.0
2023,14,00-0032385,WR,True,0,0,3.0,1.1
2023,14,00-0032392,TE,True,0,0,2.0,1.9
2023,14,00-0032398,WR,True,0,0,1.0,1.7
2023,14,00-0032464,WR,True,0,0,1.0,0.9
2023,14,00-0032765,WR,True,0,0,2.0,1.4
2023,14,00-0033009,WR,True,0,0,8.0,4.7
2023,14,00-0033090,TE,True,0,0,4.0,2.5
2023,14,00-0033217,TE,True,0,0,1.0,3.5
2023,14,00-0033251,WR,True,0,0,1.0,0.0
2023,14,00-0033292,WR,True,0,0,1.0,0.0
2023,14,00-0033466,WR,True,0,0,0.0,0.0
2023,14,00-0033553,RB,True,0,0,27.0,22.5
2023,14,00-0033555,WR,True,0,0,3.0,5.1
2023,14,00-0033572,WR,True,0,0,0.0,0.0
2023,14,00-0033757,TE,True,0,0,1.0,0.0
2023,14,00-0033891,WR,True,0,0,8.0,10.3
2023,14,00-0033893,RB,True,0,0,11.0,3.1
2023,14,00-0033925,RB,True,0,0,6.0,7.4
2023,14,00-0033943,WR,True,0,0,3.0,1.7
2023,14,00-0033948,RB,True,0,0,6.0,2.1
2023,14,00-0034054,WR,True,0,0,2.0,2.6
2023,14,00-0034159,TE,True,0,0,2.0,0.0
2023,14,00-0034208,RB,True,0,0,2.0,1.0
2023,14,00-0034272,WR,True,0,0,5.0,3.5
2023,14,00-0034286,WR,True,0,0,2.0,1.7
2023,14,00-0034317,WR,True,0,0,3.0,3.0
2023,14,00-0034364,TE,True,0,0,1.0,1.1
2023,14,00-0034365,TE,True,0,0,1.0,1.1
2023,14,00-0034386,WR,True,0,0,3.0,6.8
2023,14,00-0034407,WR,True,0,0,1.0,2.8
2023,14,00-0034414,RB,True,0,0,2.0,3.4
2023,14,00-0034419,WR,True,0,0,0.0,0.0
2023,14,00-0034521,WR,True,0,0,1.0,0.0
2023,14,00-0034681,RB,True,0,0,3.0,1.4
2023,14,00-0034798,TE,True,0,0,3.0,1.5
2023,14,00-0034829,TE,True,0,0,2.0,0.0
2023,14,00-0034830,TE,True,0,0,4.0,2.4
2023,14,00-0035215,WR,True,0,0,2.0,-0.2
2023,14,00-0035249,TE,True,0,0,4.0,12.7
2023,14,00-0035259,TE,True,0,0,1.0,0.0
2023,14,00-0035291,RB,True,0,0,0.0,0.0
2023,14,00-0035298,WR,True,0,0,2.0,0.9
2023,14,00-0035329,TE,True,0,0,4.0,2.2
2023,14,00-0035406,WR,True,0,0,1.0,1.7
2023,14,00-0035500,WR,True,0,0,3.0,2.4
2023,14,00-0035535,WR,True,0,0,3.0,2.6
2023,14,00-0035562,TE,True,0,0,0.0,0.0
2023,14,00-0035572,TE,True,0,0,0.0,0.0
2023,14,00-0035594,RB,True,0,0,0.0,0.0
2023,14,00-0035628,RB,True,0,0,6.0,1.4
2023,14,00-0035639,WR,True,0,0,1.0,0.3
2023,14,00-0035657,RB,True,0,0,1.0,0.1
2023,14,00-0035771,TE,True,0,0,1.0,1.7
2023,14,00-0035956,TE,True,0,0,0.0,0.0
2023,14,00-0035973,RB,True,0,0,3.0,2.9
2023,14,00-0036020,RB,True,0,0,6.0,10.6
2023,14,00-0036139,RB,True,0,0,6.0,2.7
2023,14,00-0036145,TE,True,0,0,2.0,7.5
2023,14,00-0036158,RB,True,0,0,11.0,10.7
2023,14,00-0036165,WR,True,0,0,1.0,7.7
2023,14,00-0036182,WR,True,0,0,3.0,3.3
2023,14,00-0036232,TE,True,0,0,5.0,13.4
2023,14,00-0036233,WR,True,0,0,1.0,0.0
2023,14,00-0036244,TE,True,0,0,1.0,1.4
2023,14,00-0036259,WR,True,0,0,4.0,11.9
2023,14,00-0036268,WR,True,0,0,1.0,1.3
2023,14,00-0036271,WR,True,0,0,4.0,4.3
2023,14,00-0036309,WR,True,0,0,3.0,1.6
2023,14,00-0036326,WR,True,0,0,0.0,0.0
2023,14,00-0036331,WR,True,0,0,1.0,0.0
2023,14,00-0036332,TE,True,0,0,0.0,0.0
2023,14,00-0036336,RB,True,0,0,0.0,0.0
2023,14,00-0036345,WR,True,0,0,4.0,4.9
2023,14,00-0036360,RB,True,0,0,4.0,1.9
2023,14,00-0036370,RB,True,0,0,9.0,3.5
2023,14,00-0036414,RB,True,0,0,11.0,5.3
2023,14,00-0036422,TE,True,0,0,2.0,1.1
2023,14,00-0036424,TE,True,0,0,1.0,1.0
2023,14,00-0036425,RB,True,0,0,3.0,0.6
2023,14,00-0036429,TE,True,0,0,0.0,0.0
2023,14,00-0036493,RB,True,0,0,1.0,0.2
2023,14,00-0036550,WR,True,0,0,5.0,3.1
2023,14,00-0036569,RB,True,0,0,6.0,2.4
2023,14,00-0036626,WR,True,0,0,1.0,0.5
2023,14,00-0036628,TE,True,0,0,1.0,0.0
2023,14,00-0036635,WR,True,0,0,0.0,0.0
2023,14,00-0036637,TE,True,0,0,1.0,6.7
2023,14,00-0036741,TE,True,0,0,2.0,1.9
2023,14,00-0036754,TE,True,0,0,1.0,1.3
2023,14,00-0036849,WR,True,0,0,2.0,1.4
2023,14,00-0036857,RB,True,0,0,0.0,0.0
2023,14,00-0036860,RB,True,0,0,3.0,2.7
2023,14,00-0036862,WR,True,0,0,3.0,2.2
2023,14,00-0036876,TE,True,0,0,4.0,8.9
2023,14,00-0036913,WR,True,0,0,1.0,0.6
2023,14,00-0036919,RB,True,0,0,8.0,7.2
2023,14,00-0036924,RB,True,0,0,4.0,2.5
2023,14,00-0036955,WR,True,0,0,3.0,1.6
2023,14,00-0037005,TE,True,0,0,1.0,1.2
2023,14,00-0037078,TE,True,0,0,1.0,0.7
2023,14,00-0037098,WR,True,0,0,2.0,0.8
2023,14,00-0037132,WR,True,0,0,0.0,0.0
2023,14,00-0037216,WR,True,0,0,0.0,0.0
2023,14,00-0037252,TE,True,0,0,2.0,0.8
2023,14,00-0037257,WR,True,0,0,2.0,2.2
2023,14,00-0037258,RB,True,3,3,15.0,10.1
2023,14,00-0037276,RB,True,0,0,6.0,1.6
2023,14,00-0037277,TE,True,0,0,1.0,2.7
2023,14,00-0037291,WR,True,0,0,1.0,2.1
2023,14,00-0037292,TE,True,0,0,1.0,0.0
2023,14,00-0037299,RB,True,0,0,2.0,0.2
2023,14,00-0037311,TE,True,0,0,0.0,0.0
2023,14,00-0037382,WR,True,0,0,2.0,0.0
2023,14,00-0037487,WR,True,0,0,3.0,1.6
2023,14,00-0037545,WR,True,0,0,5.0,1.9
2023,14,00-0037557,RB,True,0,0,4.0,1.8
2023,14,00-0037569,TE,True,0,0,1.0,0.8
2023,14,00-0037664,WR,True,0,0,6.0,17.5
2023,14,00-0037666,WR,True,0,0,1.0,2.2
2023,14,00-0037801,WR,True,0,0,3.0,1.5
2023,14,00-0037809,TE,True,1,1,7.0,7.9
2023,14,00-0037837,WR,True,0,0,1.0,1.5
2023,14,00-0037838,TE,True,2,2,6.0,6.0
2023,14,00-0038040,RB,True,0,0,1.0,0.0
2023,14,00-0038046,TE,True,0,0,1.0,1.8
2023,14,00-0038090,WR,True,0,0,2.0,1.0
2023,14,00-0038092,WR,True,0,0,4.0,0.5
2023,14,00-0038098,RB,True,0,0,2.0,2.0
2023,14,00-0038115,TE,True,0,0,1.0,1.3
2023,14,00-0038129,TE,True,1,1,0.0,0.0
2023,14,00-0038393,WR,True,0,0,4.0,5.8
2023,14,00-0038396,RB,True,0,0,0.0,0.0
2023,14,00-0038397,RB,True,0,0,2.0,1.2
2023,14,00-0038465,WR,True,0,0,2.0,2.0
2023,14,00-0038496,WR,True,0,0,7.0,10.3
2023,14,00-0038544,WR,True,0,0,7.0,7.7
2023,14,00-0038555,RB,True,0,0,1.0,0.6
2023,14,00-0038559,WR,True,0,0,6.0,4.9
2023,14,00-0038573,WR,True,0,0,0.0,0.0
2023,14,00-0038576,WR,True,0,0,0.0,0.0
2023,14,00-0038608,WR,True,0,0,2.0,1.3
2023,14,00-0038611,RB,True,0,0,7.0,2.9
2023,14,00-0038618,WR,True,0,0,1.0,3.9
2023,14,00-0038621,WR,True,0,0,9.0,7.9
2023,14,00-0038622,RB,True,0,0,2.0,1.4
2023,14,00-0038794,RB,True,0,0,6.0,3.1
2023,14,00-0038821,WR,True,0,0,2.0,4.6
2023,14,00-0038938,WR,True,0,0,6.0,13.4
2023,14,00-0038941,WR,True,0,0,2.0,-1.1
2023,14,00-0038951,RB,True,0,0,2.0,0.1
2023,14,00-0038969,WR,True,0,0,0.0,0.0
2023,14,00-0038976,WR,True,0,0,3.0,1.8
2023,14,00-0039021,RB,True,1,1,15.0,10.0
2023,14,00-0039052,WR,True,0,0,6.0,3.5
2023,14,00-0039062,WR,True,0,0,10.0,9.9
2023,14,00-0039066,TE,True,0,0,4.0,3.7
2023,14,00-0027696,TE,True,0,0,1.0,7.1
2023,14,00-0031547,WR,True,0,0,9.0,8.4
2023,14,00-0031549,WR,True,0,0,2.0,2.6
2023,14,00-0033854,RB,True,0,0,2.0,2.0
2023,14,00-0034297,WR,True,0,0,2.0,3.7
2023,14,00-0034575,TE,True,0,0,2.0,0.0
2023,14,00-0034750,RB,True,0,0,2.0,0.8
2023,14,00-0034981,TE,True,0,0,2.0,3.8
2023,14,00-0034983,WR,True,0,0,4.0,5.8
2023,14,00-0035140,WR,True,0,0,2.0,2.2
2023,14,00-0035567,RB,True,0,0,0.0,0.0
2023,14,00-0035644,TE,True,0,0,4.0,5.8
2023,14,00-0035645,WR,True,0,0,0.0,0.0
2023,14,00-0035703,WR,True,0,0,0.0,0.0
2023,14,00-0036187,RB,True,0,0,0.0,0.0
2023,14,00-0036407,WR,True,0,0,4.0,6.6
2023,14,00-0036497,WR,True,0,0,1.0,0.0
2023,14,00-0036556,TE,True,0,0,5.0,7.9
2023,14,00-0036841,WR,True,0,0,0.0,0.0
2023,14,00-0037261,WR,True,0,0,5.0,6.2
2023,14,00-0037475,TE,True,0,0,1.0,0.0
2023,14,00-0037525,RB,True,0,0,2.0,1.0
2023,14,00-0037594,RB,True,0,0,0.0,0.0
2023,14,00-0037614,WR,True,0,0,3.0,1.4
2023,14,00-0037745,WR,True,0,0,0.0,0.0
2023,14,00-0038045,RB,True,0,0,4.0,1.3
2023,14,00-0038394,TE,True,0,0,4.0,1.4
2023,14,00-0038547,TE,True,0,0,1.0,1.7
2023,14,00-0038563,WR,True,0,0,1.0,0.0
2023,14,00-0038589,TE,True,0,0,2.0,2.1
2023,14,00-0038597,RB,True,1,1,9.0,6.1
2023,14,00-0038627,WR,True,0,0,1.0,0.0
2023,14,00-0038647,WR,True,0,0,0.0,0.0
2023,14,00-0038738,RB,True,0,0,0.0,0.0
2023,14,00-0038752,WR,True,0,0,1.0,1.4
2023,14,00-0038797,RB,True,0,0,5.0,2.6
2023,14,00-0038862,RB,True,0,0,6.0,2.9
2023,14,00-0031585,TE,True,0,0,1.0,8.5
2023,14,00-0032134,TE,True,0,0,0.0,0.0
2023,14,00-0032144,RB,True,0,0,4.0,4.9
2023,14,00-0032688,WR,True,0,0,2.0,4.9
2023,14,00-0033118,RB,True,0,0,4.0,2.1
2023,14,00-0033439,TE,True,0,0,0.0,0.0
2023,14,00-0034433,RB,True,0,0,1.0,1.1
2023,14,00-0034487,WR,True,0,0,3.0,0.0
2023,14,00-0034613,TE,True,0,0,4.0,5.5
2023,14,00-0034838,RB,True,0,0,1.0,0.0
2023,14,00-0034854,WR,True,0,0,1.0,0.0
2023,14,00-0035208,WR,True,0,0,1.0,9.4
2023,14,00-0035631,TE,True,0,0,1.0,1.6
2023,14,00-0035726,RB,True,0,0,0.0,0.0
2023,14,00-0036176,WR,True,0,0,0.0,0.0
2023,14,00-0036887,TE,True,0,0,1.0,1.4
2023,14,00-0036984,RB,True,0,0,1.0,0.0
2023,14,00-0037011,TE,True,0,0,0.0,0.0
2023,14,00-0037039,WR,True,0,0,0.0,0.0
2023,14,00-0037157,RB,True,0,0,1.0,1.3
2023,14,00-0037272,WR,True,0,0,0.0,0.0
2023,14,00-0037306,TE,True,0,0,0.0,0.0
2023,14,00-0038488,RB,True,0,0,0.0,0.0
2023,14,00-0038551,RB,True,0,0,2.0,3.6
2023,14,00-0038685,RB,True,0,0,6.0,2.8
2023,14,00-0038720,TE,True,0,0,2.0,3.3
2023,14,00-0038783,TE,True,0,0,0.0,0.0
2023,14,00-0038935,TE,True,0,0,1.0,0.0
2023,14,00-0024243,TE,True,0,0,1.0,0.0
2023,14,00-0026293,WR,True,0,0,0.0,0.0
2023,14,00-0030663,WR,True,0,0,1.0,1.4
2023,14,00-0032141,TE,True,0,0,2.0,2.0
2023,14,00-0032951,WR,True,0,0,0.0,0.0
2023,14,00-0033376,RB,True,0,0,1.0,0.0
2023,14,00-0034279,WR,True,0,0,2.0,2.9
2023,14,00-0034418,WR,True,0,0,4.0,3.8
2023,14,00-0035164,WR,True,0,0,0.0,0.0
2023,14,00-0035341,WR,True,0,0,1.0,3.0
2023,14,00-0035715,RB,True,0,0,2.0,2.3
2023,14,00-0035806,RB,True,0,0,2.0,0.0
2023,14,00-0036032,TE,True,0,0,0.0,0.0
2023,14,00-0036364,WR,True,0,0,3.0,0.4
2023,14,00-0036450,RB,True,0,0,5.0,1.3
2023,14,00-0036646,WR,True,0,0,2.0,7.4
2023,14,00-0037805,TE,True,0,0,3.0,1.7
2023,14,00-0038124,WR,True,0,0,11.0,24.1
2023,14,00-0038558,TE,True,0,0,1.0,1.5
2023,14,00-0038606,WR,True,0,0,6.0,15.1
2023,14,00-0038619,WR,True,0,0,0.0,0.0
2023,14,00-0038632,WR,True,0,0,0.0,0.0
2023,14,00-0038643,TE,True,0,0,0.0,0.0
2023,14,00-0038979,WR,True,0,0,6.0,3.0
2023,14,00-0038996,TE,True,0,0,6.0,5.2
2023,14,00-0030578,RB,True,0,0,7.0,2.2
2023,14,00-0033246,TE,True,0,0,2.0,1.8
2023,14,00-0033258,TE,True,0,0,0.0,0.0
2023,14,00-0034193,TE,True,0,0,0.0,0.0
2023,14,00-0037273,WR,True,0,0,2.0,0.2
2023,14,00-0037420,WR,True,0,0,1.0,0.7
2023,14,00-0037827,RB,True,0,0,6.0,2.1
2023,14,00-0038809,TE,True,0,0,1.0,6.6
2023,14,00-0030874,RB,True,0,0,3.0,1.4
2023,14,00-0034073,TE,True,0,0,1.0,1.7
2023,14,00-0035184,RB,True,0,0,4.0,1.8
2023,14,00-0036297,RB,True,0,0,2.0,1.6
2023,14,00-0036590,TE,True,0,0,2.0,1.6
2023,14,00-0036877,WR,True,0,0,0.0,0.0
2023,14,00-0036991,WR,True,0,0,2.0,0.0
2023,14,00-0037156,WR,True,0,0,0.0,0.0
2023,14,00-0037429,RB,True,0,0,1.0,0.6
2023,14,00-0038104,WR,True,0,0,2.0,3.9
2023,14,00-0038678,RB,True,0,0,0.0,0.0
2023,14,00-0038911,WR,True,0,0,0.0,0.0
2023,14,00-0039050,TE,True,0,0,1.0,1.7
2023,14,00-0039136,RB,True,0,0,3.0,0.6
2023,14,00-0027944,WR,True,0,0,3.0,0.5
2023,14,00-0032450,RB,True,0,0,0.0,0.0
2023,14,00-0034614,RB,True,0,0,0.0,0.0
2023,14,00-0035537,RB,True,0,0,6.0,1.9
2023,14,00-0035664,RB,True,0,0,13.0,10.9
2023,14,00-0035934,WR,True,0,0,3.0,2.7
2023,14,00-0036387,WR,True,0,0,1.0,1.6
2023,14,00-0036842,RB,True,0,0,0.0,0.0
2023,14,00-0038656,RB,True,0,0,0.0,0.0
2023,14,00-0039041,TE,True,0,0,2.0,2.6
2023,14,00-0033296,RB,True,0,0,1.0,0.8
2023,14,00-0035593,WR,True,0,0,1.0,0.0
2023,14,00-0035876,WR,True,0,0,0.0,0.0
2023,14,00-0036438,TE,True,0,0,2.0,2.1
2023,14,00-0036527,WR,True,0,0,0.0,0.0
2023,14,00-0036620,WR,True,0,0,1.0,1.0
2023,14,00-0037086,TE,True,0,0,0.0,0.0
2023,14,00-0037410,RB,True,0,0,4.0,2.8
2023,14,00-0037451,TE,True,0,0,0.0,0.0
2023,14,00-0031868,WR,True,0,0,2.0,0.0
2023,14,00-0032775,WR,True,0,0,5.0,13.5
2023,14,00-0035399,WR,True,0,0,0.0,0.0
2023,14,00-0035414,WR,True,0,0,3.0,1.0
2023,14,00-0035480,WR,True,0,0,2.0,1.1
2023,14,00-0036133,WR,True,0,0,0.0,0.0
2023,14,00-0036269,RB,True,0,0,2.0,0.1
2023,14,00-0036630,WR,True,0,0,0.0,0.0
2023,14,00-0039074,TE,True,0,0,1.0,1.1
2023,14,00-0036482,WR,True,0,0,1.0,0.0
2023,14,00-0037539,TE,True,0,0,1.0,0.0
2023,14,00-0038612,WR,True,0,0,3.0,3.5
2023,14,00-0038640,WR,True,0,0,1.0,2.9
2023,14,00-0038891,WR,True,0,0,1.0,0.0
2023,14,00-0032543,WR,True,0,0,1.0,2.8
2023,14,00-0034928,WR,True,0,0,0.0,0.0
2023,14,00-0038389,RB,True,0,0,3.0,2.1
2023,14,00-0038489,RB,True,0,0,0.0,0.0
2023,14,00-0033589,WR,True,0,0,1.0,0.0
2023,14,00-0035527,WR,True,0,0,0.0,0.0
2023,14,00-0038492,WR,True,0,0,2.0,3.0
2023,14,00-0033576,TE,True,0,0,1.0,1.0
2023,14,00-0035831,RB,True,0,0,2.0,0.5
2023,14,00-0036423,TE,True,0,0,1.0,0.0
2023,14,00-0037004,TE,True,0,0,0.0,0.0
2023,14,00-0037120,RB,True,0,0,2.0,2.1
2023,14,00-0038468,TE,True,0,0,0.0,0.0
2024,2,00-0030061,TE,False,1,1,4.0,4.3
2024,2,00-0030578,RB,True,0,0,4.0,1.3
2024,2,00-0031299,TE,True,0,0,1.0,0.0
2024,2,00-0031549,WR,True,0,0,1.0,1.1
2024,2,00-0031585,TE,True,0,0,2.0,1.4
2024,2,00-0031690,TE,True,0,0,0.0,0.0
2024,2,00-0031763,WR,True,0,0,2.0,1.1
2024,2,00-0031941,WR,True,0,0,1.0,1.0
2024,2,00-0032104,RB,True,0,0,0.0,0.0
2024,2,00-0032392,TE,True,0,0,4.0,4.1
2024,2,00-0032394,TE,True,0,0,2.0,2.1
2024,2,00-0032464,WR,True,0,0,1.0,1.2
2024,2,00-0033009,WR,True,0,0,5.0,3.3
2024,2,00-0033217,TE,True,0,0,1.0,0.0
2024,2,00-0033246,TE,True,0,0,3.0,2.5
2024,2,00-0033526,RB,True,0,0,2.0,1.5
2024,2,00-0033555,WR,True,0,0,2.0,9.5
2024,2,00-0033576,TE,True,0,0,1.0,0.0
2024,2,00-0033589,WR,True,0,0,3.0,1.9
2024,2,00-0033854,RB,True,0,0,1.0,0.8
2024,2,00-0033857,WR,True,0,0,1.0,0.0
2024,2,00-0033858,TE,True,0,0,2.0,1.2
2024,2,00-0033895,TE,True,0,0,1.0,0.4
2024,2,00-0033943,WR,True,0,0,8.0,7.0
2024,2,00-0033948,RB,True,0,0,12.0,11.6
2024,2,00-0033955,RB,True,0,0,0.0,0.0
2024,2,00-0034115,RB,True,0,0,5.0,2.6
2024,2,00-0034159,TE,True,0,0,1.0,1.8
2024,2,00-0034208,RB,True,0,0,4.0,0.7
2024,2,00-0034270,TE,True,0,0,2.0,1.1
2024,2,00-0034272,WR,True,0,0,2.0,2.4
2024,2,00-0034364,TE,True,0,0,4.0,4.2
2024,2,00-0034386,WR,True,0,0,1.0,3.0
2024,2,00-0034407,WR,True,0,0,7.0,7.2
2024,2,00-0034418,WR,True,0,0,0.0,0.0
2024,2,00-0034419,WR,True,0,0,2.0,0.0
2024,2,00-0034521,WR,True,0,0,9.0,23.9
2024,2,00-0034613,TE,True,0,0,3.0,0.8
2024,2,00-0034646,WR,True,0,0,0.0,0.0
2024,2,00-0034798,TE,True,0,0,3.0,0.0
2024,2,00-0034829,TE,True,0,0,4.0,3.3
2024,2,00-0034830,TE,True,0,0,3.0,4.3
2024,2,00-0034854,WR,True,0,0,0.0,0.0
2024,2,00-0034928,WR,True,0,0,0.0,0.0
2024,2,00-0034972,RB,False,1,1,11.0,14.2
2024,2,00-0034975,RB,True,0,0,9.0,8.5
2024,2,00-0034981,TE,True,0,0,4.0,12.3
2024,2,00-0035021,WR,True,0,0,1.0,11.9
2024,2,00-0035140,WR,True,0,0,0.0,0.0
2024,2,00-0035208,WR,True,0,0,3.0,2.0
2024,2,00-0035215,WR,True,0,0,0.0,0.0
2024,2,00-0035249,TE,True,0,0,2.0,3.7
2024,2,00-0035298,WR,True,0,0,0.0,0.0
2024,2,00-0035311,RB,True,0,0,1.0,-0.3
2024,2,00-0035341,WR,True,0,0,2.0,1.1
2024,2,00-0035406,WR,True,0,0,1.0,0.0
2024,2,00-0035535,WR,True,0,0,4.0,4.1
2024,2,00-0035537,RB,True,0,0,3.0,0.7
2024,2,00-0035594,RB,True,0,0,2.0,1.0
2024,2,00-0035644,TE,True,0,0,4.0,2.1
2024,2,00-0035689,TE,True,0,0,2.0,2.8
2024,2,00-0035806,RB,True,0,0,0.0,0.0
2024,2,00-0036040,TE,True,0,0,3.0,9.6
2024,2,00-0036182,WR,True,0,0,0.0,0.0
2024,2,00-0036259,WR,True,0,0,5.0,8.9
2024,2,00-0036268,WR,True,0,0,2.0,0.6
2024,2,00-0036290,TE,True,0,0,1.0,0.9
2024,2,00-0036309,WR,True,0,0,3.0,2.0
2024,2,00-0036331,WR,True,0,0,1.0,0.3
2024,2,00-0036345,WR,True,0,0,6.0,3.6
2024,2,00-0036415,WR,True,0,0,2.0,0.6
2024,2,00-0036422,TE,True,0,0,1.0,0.0
2024,2,00-0036425,RB,True,0,0,0.0,6.0
2024,2,00-0036427,WR,True,0,0,7.0,10.4
2024,2,00-0036429,TE,True,0,0,2.0,0.9
2024,2,00-0036497,WR,True,0,0,0.0,0.0
2024,2,00-0036527,WR,True,0,0,1.0,1.4
2024,2,00-0036550,WR,True,0,0,5.0,6.3
2024,2,00-0036556,TE,True,0,0,2.0,0.8
2024,2,00-0036590,TE,True,0,0,0.0,0.0
2024,2,00-0036628,TE,True,0,0,1.0,0.0
2024,2,00-0036637,TE,True,0,0,3.0,5.2
2024,2,00-0036754,TE,True,0,0,1.0,0.7
2024,2,00-0036825,TE,True,0,0,0.0,0.0
2024,2,00-0036876,TE,True,0,0,1.0,0.0
2024,2,00-0036877,WR,True,0,0,0.0,0.0
2024,2,00-0036887,TE,True,0,0,0.0,0.0
2024,2,00-0036919,RB,True,0,0,2.0,1.7
2024,2,00-0036950,RB,True,0,0,0.0,0.0
2024,2,00-0036980,WR,True,0,0,6.0,2.4
2024,2,00-0036988,WR,True,0,0,4.0,2.5
2024,2,00-0037086,TE,True,0,0,1.0,1.6
2024,2,00-0037091,WR,True,0,0,0.0,0.0
2024,2,00-0037093,WR,True,0,0,1.0,0.0
2024,2,00-0037132,WR,True,0,0,0.0,0.0
2024,2,00-0037252,TE,True,0,0,3.0,2.2
2024,2,00-0037258,RB,True,0,0,3.0,1.6
2024,2,00-0037263,RB,True,0,0,3.0,2.1
2024,2,00-0037291,WR,True,0,0,1.0,8.6
2024,2,00-0037348,TE,True,0,0,0.0,0.0
2024,2,00-0037429,RB,True,0,0,0.0,0.0
2024,2,00-0037450,WR,True,0,0,0.0,0.0
2024,2,00-0037545,WR,False,3,3,5.0,14.8
2024,2,00-0037557,RB,True,0,0,2.0,1.6
2024,2,00-0037594,RB,True,0,0,0.0,0.0
2024,2,00-0037664,WR,True,0,0,3.0,20.0
2024,2,00-0037666,WR,True,0,0,2.0,1.7
2024,2,00-0037741,WR,True,0,0,1.0,0.0
2024,2,00-0037742,WR,True,0,0,4.0,0.8
2024,2,00-0037745,WR,True,0,0,3.0,2.4
2024,2,00-0037801,WR,True,0,0,1.0,6.0
2024,2,00-0037816,WR,True,0,0,7.0,7.0
2024,2,00-0037837,WR,True,0,0,2.0,1.2
2024,2,00-0037838,TE,False,7,7,12.0,21.6
2024,2,00-0038098,RB,True,0,0,5.0,4.0
2024,2,00-0038104,WR,True,0,0,3.0,3.7
2024,2,00-0038115,TE,True,0,0,1.0,0.8
2024,2,00-0038117,WR,True,0,0,13.0,8.8
2024,2,00-0038129,TE,True,0,0,2.0,1.0
2024,2,00-0038393,WR,True,0,0,3.0,0.0
2024,2,00-0038396,RB,True,0,0,3.0,2.0
2024,2,00-0038488,RB,True,0,0,0.0,0.0
2024,2,00-0038496,WR,True,0,0,0.0,0.0
2024,2,00-0038544,WR,True,0,0,5.0,5.3
2024,2,00-0038555,RB,False,1,1,12.0,7.3
2024,2,00-0038558,TE,True,0,0,1.0,1.0
2024,2,00-0038559,WR,True,0,0,2.0,7.0
2024,2,00-0038563,WR,True,0,0,3.0,3.2
2024,2,00-0038573,WR,True,0,0,2.0,0.9
2024,2,00-0038576,WR,True,0,0,1.0,1.0
2024,2,00-0038606,WR,True,0,0,1.0,0.8
2024,2,00-0038618,WR,True,0,0,1.0,0.8
2024,2,00-0038619,WR,True,0,0,6.0,4.1
2024,2,00-0038621,WR,True,0,0,3.0,2.2
2024,2,00-0038622,RB,True,0,0,1.0,0.4
2024,2,00-0038640,WR,True,0,0,1.0,2.3
2024,2,00-0038678,RB,True,0,0,4.0,1.1
2024,2,00-0038705,RB,True,0,0,2.0,3.6
2024,2,00-0038720,TE,True,0,0,1.0,1.1
2024,2,00-0038738,RB,True,0,0,2.0,2.8
2024,2,00-0038797,RB,True,0,0,7.0,5.8
2024,2,00-0038938,WR,True,0,0,1.0,0.0
2024,2,00-0038951,RB,True,0,0,0.0,0.0
2024,2,00-0038976,WR,True,0,0,1.0,0.0
2024,2,00-0038979,WR,True,0,0,1.0,0.8
2024,2,00-0038996,TE,True,0,0,3.0,4.7
2024,2,00-0039041,TE,True,0,0,2.0,2.2
2024,2,00-0039052,WR,True,0,0,2.0,2.4
2024,2,00-0039062,WR,True,0,0,6.0,3.3
2024,2,00-0039066,TE,True,0,0,3.0,1.3
2024,2,00-0039067,WR,True,0,0,9.0,13.8
2024,2,00-0039074,TE,True,0,0,1.0,0.0
2024,2,00-0039144,TE,True,0,0,2.0,0.0
2024,2,00-0039236,WR,True,0,0,1.0,0.0
2024,2,00-0039325,RB,True,0,0,2.0,0.3
2024,2,00-0039342,WR,True,0,0,7.0,5.5
2024,2,00-0039355,WR,True,0,0,3.0,3.3
2024,2,00-0039356,TE,True,0,0,1.0,0.9
2024,2,00-0039363,RB,True,0,0,0.0,0.0
2024,2,00-0039365,WR,True,0,0,0.0,0.0
2024,2,00-0039373,RB,True,0,0,2.0,1.4
2024,2,00-0039384,RB,True,0,0,5.0,1.2
2024,2,00-0039386,WR,True,0,0,1.0,0.0
2024,2,00-0039392,WR,True,0,0,0.0,0.0
2024,2,00-0039424,WR,True,0,0,8.0,7.9
2024,2,00-0039589,WR,True,0,0,1.0,0.0
2024,2,00-0039603,RB,True,0,0,0.0,0.0
2024,2,00-0039623,WR,True,0,0,1.0,1.1
2024,2,00-0039738,RB,False,1,1,0.0,0.0
2024,2,00-0039746,RB,True,0,0,0.0,0.0
2024,2,00-0039751,WR,True,0,0,0.0,0.0
2024,2,00-0039794,RB,True,0,0,2.0,2.2
2024,2,00-0039816,WR,True,0,0,0.0,0.0
2024,2,00-0039847,TE,True,0,0,4.0,2.3
2024,2,00-0039890,WR,True,0,0,5.0,0.7
2024,2,00-0039907,WR,True,0,0,1.0,1.1
2024,3,00-0030578,RB,True,0,0,2.0,0.3
2024,3,00-0031299,TE,True,0,0,1.0,0.0
2024,3,00-0031549,WR,True,0,0,3.0,1.8
2024,3,00-0031585,TE,True,0,0,0.0,0.0
2024,3,00-0031690,TE,True,0,0,1.0,0.0
2024,3,00-0031763,WR,True,0,0,4.0,4.7
2024,3,00-0031941,WR,True,0,0,1.0,1.0
2024,3,00-0032104,RB,True,0,0,4.0,1.2
2024,3,00-0032392,TE,True,0,0,1.0,1.0
2024,3,00-0032394,TE,True,0,0,2.0,2.1
2024,3,00-0032464,WR,True,0,0,4.0,4.2
2024,3,00-0033009,WR,True,0,0,5.0,3.6
2024,3,00-0033217,TE,True,0,0,1.0,2.7
2024,3,00-0033246,TE,True,0,0,3.0,2.2
2024,3,00-0033526,RB,True,1,0,1.0,0.8
2024,3,00-0033555,WR,True,0,0,1.0,0.0
2024,3,00-0033576,TE,True,0,0,2.0,3.6
2024,3,00-0033589,WR,True,0,0,1.0,0.0
2024,3,00-0033854,RB,True,0,0,4.0,3.3
2024,3,00-0033857,WR,True,0,0,1.0,0.0
2024,3,00-0033858,TE,True,0,0,7.0,8.3
2024,3,00-0033895,TE,True,0,0,3.0,1.1
2024,3,00-0033943,WR,True,0,0,5.0,11.3
2024,3,00-0033948,RB,True,0,0,8.0,3.9
2024,3,00-0033955,RB,True,0,0,0.0,0.0
2024,3,00-0034115,RB,True,0,0,2.0,2.2
2024,3,00-0034159,TE,True,0,0,3.0,4.4
2024,3,00-0034208,RB,True,0,0,4.0,0.7
2024,3,00-0034270,TE,True,0,0,2.0,1.5
2024,3,00-0034272,WR,True,0,0,1.0,0.0
2024,3,00-0034386,WR,True,0,0,2.0,3.2
2024,3,00-0034407,WR,True,0,0,6.0,6.0
2024,3,00-0034418,WR,True,0,0,0.0,0.0
2024,3,00-0034419,WR,True,0,0,1.0,0.0
2024,3,00-0034521,WR,True,0,0,4.0,2.1
2024,3,00-0034613,TE,True,0,0,3.0,0.8
2024,3,00-0034646,WR,True,0,0,2.0,2.6
2024,3,00-0034798,TE,True,0,0,1.0,1.3
2024,3,00-0034829,TE,True,2,2,9.0,12.6
2024,3,00-0034854,WR,True,0,0,0.0,0.0
2024,3,00-0034928,WR,True,0,0,0.0,0.0
2024,3,00-0034975,RB,True,0,0,6.0,4.2
2024,3,00-0034981,TE,True,0,0,0.0,0.0
2024,3,00-0035021,WR,True,0,0,2.0,1.8
2024,3,00-0035140,WR,True,0,0,0.0,0.0
2024,3,00-0035208,WR,True,0,0,3.0,2.9
2024,3,00-0035215,WR,True,0,0,0.0,0.0
2024,3,00-0035249,TE,True,0,0,2.0,3.7
2024,3,00-0035298,WR,True,0,0,0.0,0.0
2024,3,00-0035311,RB,True,0,0,1.0,-0.3
2024,3,00-0035341,WR,True,0,0,6.0,1.0
2024,3,00-0035406,WR,True,0,0,5.0,7.0
2024,3,00-0035535,WR,True,0,0,4.0,4.8
2024,3,00-0035537,RB,True,0,0,3.0,3.7
2024,3,00-0035594,RB,True,0,0,1.0,0.6
2024,3,00-0035644,TE,True,0,0,3.0,1.9
2024,3,00-0035689,TE,True,0,0,2.0,2.8
2024,3,00-0035806,RB,True,0,0,1.0,0.2
2024,3,00-0036040,TE,True,0,0,3.0,9.6
2024,3,00-0036182,WR,True,0,0,0.0,0.0
2024,3,00-0036259,WR,True,0,0,4.0,4.7
2024,3,00-0036268,WR,True,0,0,1.0,1.1
2024,3,00-0036290,TE,True,0,0,5.0,4.7
2024,3,00-0036331,WR,True,0,0,1.0,0.4
2024,3,00-0036345,WR,True,0,0,2.0,1.2
2024,3,00-0036415,WR,True,0,0,3.0,2.4
2024,3,00-0036422,TE,True,0,0,1.0,0.0
2024,3,00-0036425,RB,True,0,0,0.0,0.0
2024,3,00-0036427,WR,True,0,0,3.0,3.0
2024,3,00-0036429,TE,True,0,0,2.0,0.9
2024,3,00-0036497,WR,True,0,0,0.0,0.0
2024,3,00-0036527,WR,True,0,0,1.0,0.2
2024,3,00-0036550,WR,True,0,0,4.0,5.5
2024,3,00-0036556,TE,True,0,0,1.0,0.9
2024,3,00-0036590,TE,True,0,0,0.0,0.0
2024,3,00-0036628,TE,True,0,0,1.0,1.0
2024,3,00-0036637,TE,True,0,0,3.0,5.2
2024,3,00-0036754,TE,True,0,0,1.0,0.7
2024,3,00-0036825,TE,True,0,0,0.0,0.0
2024,3,00-0036876,TE,True,0,0,2.0,1.4
2024,3,00-0036877,WR,True,0,0,0.0,0.0
2024,3,00-0036887,TE,True,0,0,2.0,2.3
2024,3,00-0036906,RB,True,0,0,4.0,7.7
2024,3,00-0036919,RB,True,0,0,2.0,0.6
2024,3,00-0036950,RB,True,0,0,0.0,0.0
2024,3,00-0036980,WR,True,0,0,8.0,7.4
2024,3,00-0037086,TE,True,0,0,2.0,2.9
2024,3,00-0037091,WR,True,0,0,2.0,0.8
2024,3,00-0037093,WR,True,0,0,1.0,0.0
2024,3,00-0037132,WR,True,0,0,6.0,5.3
2024,3,00-0037252,TE,True,0,0,8.0,3.1
2024,3,00-0037258,RB,True,0,0,3.0,1.6
2024,3,00-0037263,RB,True,0,0,10.0,7.0
2024,3,00-0037291,WR,True,0,0,4.0,12.9
2024,3,00-0037348,TE,True,0,0,0.0,0.0
2024,3,00-0037429,RB,True,0,0,0.0,0.0
2024,3,00-0037450,WR,True,0,0,0.0,0.0
2024,3,00-0037557,RB,True,0,0,1.0,0.5
2024,3,00-0037594,RB,True,0,0,0.0,0.0
2024,3,00-0037664,WR,True,3,3,7.0,14.1
2024,3,00-0037666,WR,True,0,0,9.0,11.2
2024,3,00-0037741,WR,True,0,0,1.0,1.1
2024,3,00-0037742,WR,True,0,0,1.0,0.0
2024,3,00-0037745,WR,True,0,0,3.0,2.4
2024,3,00-0037801,WR,True,0,0,5.0,1.6
2024,3,00-0037816,WR,True,0,0,3.0,7.7
2024,3,00-0037837,WR,True,0,0,2.0,1.1
2024,3,00-0038098,RB,True,0,0,3.0,1.0
2024,3,00-0038104,WR,True,0,0,3.0,3.7
2024,3,00-0038115,TE,True,0,0,1.0,0.8
2024,3,00-0038117,WR,True,0,0,4.0,8.8
2024,3,00-0038129,TE,True,0,0,3.0,-0.4
2024,3,00-0038393,WR,True,0,0,4.0,10.1
2024,3,00-0038396,RB,True,0,0,0.0,0.0
2024,3,00-0038488,RB,True,0,0,0.0,0.0
2024,3,00-0038496,WR,True,0,0,0.0,0.0
2024,3,00-0038544,WR,True,1,1,6.0,19.6
2024,3,00-0038558,TE,True,0,0,1.0,7.0
2024,3,00-0038559,WR,True,0,0,2.0,4.1
2024,3,00-0038563,WR,True,0,0,2.0,2.3
2024,3,00-0038573,WR,True,0,0,0.0,0.0
2024,3,00-0038576,WR,True,0,0,0.0,0.0
2024,3,00-0038606,WR,True,0,0,1.0,0.0
2024,3,00-0038618,WR,True,0,0,1.0,0.0
2024,3,00-0038619,WR,True,0,0,4.0,13.7
2024,3,00-0038621,WR,True,0,0,3.0,2.2
2024,3,00-0038622,RB,True,0,0,5.0,2.2
2024,3,00-0038640,WR,True,0,0,3.0,1.5
2024,3,00-0038678,RB,True,0,0,4.0,1.1
2024,3,00-0038705,RB,True,0,0,2.0,4.6
2024,3,00-0038720,TE,True,0,0,2.0,0.0
2024,3,00-0038738,RB,True,0,0,2.0,2.8
2024,3,00-0038797,RB,True,0,0,5.0,0.9
2024,3,00-0038938,WR,True,0,0,1.0,0.0
2024,3,00-0038951,RB,True,0,0,0.0,0.0
2024,3,00-0038976,WR,True,0,0,2.0,1.5
2024,3,00-0038979,WR,True,0,0,2.0,0.7
2024,3,00-0038996,TE,True,0,0,2.0,2.6
2024,3,00-0039041,TE,True,0,0,1.0,8.3
2024,3,00-0039052,WR,True,0,0,0.0,0.0
2024,3,00-0039062,WR,True,0,0,2.0,0.6
2024,3,00-0039066,TE,True,0,0,1.0,1.6
2024,3,00-0039067,WR,True,0,0,6.0,16.0
2024,3,00-0039074,TE,True,0,0,1.0,0.0
2024,3,00-0039144,TE,True,0,0,1.0,1.1
2024,3,00-0039236,WR,True,0,0,1.0,0.0
2024,3,00-0039325,RB,True,3,3,7.0,0.4
2024,3,00-0039342,WR,True,0,0,7.0,5.5
2024,3,00-0039355,WR,True,0,0,3.0,3.3
2024,3,00-0039356,TE,True,0,0,2.0,1.8
2024,3,00-0039363,RB,True,0,0,1.0,0.0
2024,3,00-0039365,WR,True,0,0,0.0,0.0
2024,3,00-0039373,RB,True,0,0,2.0,1.4
2024,3,00-0039384,RB,True,0,0,1.0,0.2
2024,3,00-0039386,WR,True,0,0,1.0,0.0
2024,3,00-0039392,WR,True,0,0,0.0,0.0
2024,3,00-0039424,WR,True,0,0,8.0,7.9
2024,3,00-0039589,WR,True,0,0,1.0,0.0
2024,3,00-0039603,RB,True,0,0,0.0,0.0
2024,3,00-0039623,WR,True,0,0,1.0,1.1
2024,3,00-0039746,RB,True,0,0,0.0,0.0
2024,3,00-0039751,WR,True,0,0,2.0,3.2
2024,3,00-0039794,RB,True,2,2,11.0,18.6
2024,3,00-0039816,WR,True,0,0,0.0,0.0
2024,3,00-0039847,TE,True,0,0,4.0,2.3
2024,3,00-0039890,WR,True,0,0,4.0,3.5
2024,3,00-0039907,WR,True,0,0,4.0,8.2
2024,3,00-0024243,TE,True,0,0,0.0,0.0
2024,3,00-0030431,WR,True,0,0,0.0,0.0
2024,3,00-0031484,TE,True,0,0,0.0,0.0
2024,3,00-0032128,WR,True,0,0,1.0,0.9
2024,3,00-0032688,WR,True,0,0,4.0,1.0
2024,3,00-0033375,WR,True,0,0,4.0,2.2
2024,3,00-0033376,RB,True,0,0,1.0,0.0
2024,3,00-0033536,WR,True,0,0,1.0,2.4
2024,3,00-0033591,WR,True,0,0,3.0,7.1
2024,3,00-0033925,RB,True,0,0,15.0,5.6
2024,3,00-0034487,WR,True,0,0,2.0,2.2
2024,3,00-0034808,RB,True,0,0,0.0,0.0
2024,3,00-0035291,RB,True,0,0,0.0,0.0
2024,3,00-0035544,WR,True,0,0,1.0,0.0
2024,3,00-0035628,RB,True,0,0,5.0,2.6
2024,3,00-0035631,TE,True,0,0,3.0,4.3
2024,3,00-0036133,WR,True,0,0,0.0,0.0
2024,3,00-0036232,TE,True,0,0,1.0,0.0
2024,3,00-0036414,RB,True,1,1,8.0,2.0
2024,3,00-0036626,WR,True,0,0,4.0,2.7
2024,3,00-0036849,WR,True,0,0,4.0,6.3
2024,3,00-0036862,WR,True,0,0,0.0,0.0
2024,3,00-0036984,RB,True,0,0,3.0,1.2
2024,3,00-0037004,TE,True,0,0,0.0,0.0
2024,3,00-0037005,TE,True,0,0,4.0,3.8
2024,3,00-0037085,RB,True,0,0,2.0,2.3
2024,3,00-0037112,TE,True,0,0,0.0,0.0
2024,3,00-0037120,RB,True,0,0,1.0,0.7
2024,3,00-0037156,WR,True,0,0,0.0,0.0
2024,3,00-0037257,WR,True,0,0,3.0,4.2
2024,3,00-0037292,TE,True,0,0,2.0,1.7
2024,3,00-0037311,TE,True,0,0,0.0,0.0
2024,3,00-0037569,TE,True,0,0,0.0,0.0
2024,3,00-0037617,RB,True,0,0,3.0,1.1
2024,3,00-0037805,TE,True,0,0,3.0,0.0
2024,3,00-0038046,TE,True,0,0,1.0,0.9
2024,3,00-0038507,WR,True,0,0,3.0,1.8
2024,3,00-0038547,TE,True,0,0,6.0,7.3
2024,3,00-0038589,TE,True,0,0,2.0,2.3
2024,3,00-0038752,WR,True,0,0,2.0,2.5
2024,3,00-0038783,TE,True,0,0,1.0,0.0
2024,3,00-0038935,TE,True,0,0,6.0,8.0
2024,3,00-0039359,TE,True,0,0,1.0,2.3
2024,3,00-0039364,RB,True,0,0,1.0,2.2
2024,3,00-0039530,TE,True,0,0,1.0,0.0
2024,3,00-0039686,TE,True,0,0,0.0,0.0
2024,3,00-0039793,TE,True,0,0,0.0,0.0
2024,3,00-0039810,WR,True,0,0,2.0,5.2
2024,3,00-0039814,TE,True,0,0,4.0,5.2
2024,3,00-0039824,TE,True,0,0,1.0,1.2
2024,3,00-0039868,WR,True,0,0,1.0,0.0
2024,3,00-0039912,TE,True,0,0,0.0,0.0
2024,3,00-0039920,WR,True,0,0,1.0,0.9
2024,4,00-0030578,RB,False,1,1,9.0,6.3
2024,4,00-0031299,TE,True,0,0,1.0,0.0
2024,4,00-0031549,WR,True,0,0,1.0,6.1
2024,4,00-0031585,TE,True,0,0,0.0,0.0
2024,4,00-0031690,TE,True,0,0,1.0,0.0
2024,4,00-0031763,WR,True,0,0,6.0,3.7
2024,4,00-0031941,WR,True,0,0,1.0,1.0
2024,4,00-0032104,RB,True,0,0,2.0,2.3
2024,4,00-0032392,TE,True,0,0,4.0,2.4
2024,4,00-0032394,TE,True,0,0,2.0,7.9
2024,4,00-0032464,WR,True,0,0,0.0,0.0
2024,4,00-0033009,WR,True,0,0,4.0,4.8
2024,4,00-0033217,TE,True,0,0,1.0,0.0
2024,4,00-0033246,TE,True,0,0,3.0,6.7
2024,4,00-0033555,WR,True,0,0,2.0,2.1
2024,4,00-0033576,TE,True,0,0,2.0,5.1
2024,4,00-0033589,WR,True,0,0,1.0,0.0
2024,4,00-0033854,RB,True,0,0,2.0,3.8
2024,4,00-0033857,WR,True,0,0,3.0,8.7
2024,4,00-0033895,TE,True,0,0,1.0,0.0
2024,4,00-0033943,WR,True,0,0,2.0,4.6
2024,4,00-0033948,RB,True,0,0,4.0,0.4
2024,4,00-0033955,RB,True,0,0,1.0,0.1
2024,4,00-0034115,RB,True,0,0,3.0,1.4
2024,4,00-0034159,TE,True,0,0,3.0,3.4
2024,4,00-0034208,RB,True,0,0,4.0,0.7
2024,4,00-0034272,WR,True,0,0,2.0,1.2
2024,4,00-0034348,WR,True,1,1,11.0,10.3
2024,4,00-0034383,TE,True,0,0,5.0,2.1
2024,4,00-0034386,WR,True,0,0,2.0,1.8
2024,4,00-0034407,WR,True,0,0,4.0,4.7
2024,4,00-0034418,WR,True,0,0,1.0,0.8
2024,4,00-0034419,WR,True,0,0,1.0,0.0
2024,4,00-0034521,WR,False,1,1,3.0,12.3
2024,4,00-0034613,TE,True,0,0,3.0,0.8
2024,4,00-0034646,WR,True,0,0,2.0,1.8
2024,4,00-0034798,TE,True,0,0,2.0,0.8
2024,4,00-0034854,WR,True,0,0,0.0,0.0
2024,4,00-0034928,WR,True,0,0,0.0,0.0
2024,4,00-0034960,WR,True,0,0,9.0,17.7
2024,4,00-0034972,RB,False,1,1,6.0,11.9
2024,4,00-0034981,TE,True,0,0,2.0,0.7
2024,4,00-0035021,WR,True,0,0,1.0,0.0
2024,4,00-0035140,WR,True,0,0,0.0,0.0
2024,4,00-0035208,WR,True,0,0,3.0,2.9
2024,4,00-0035215,WR,True,0,0,0.0,0.0
2024,4,00-0035249,TE,True,0,0,1.0,0.0
2024,4,00-0035298,WR,True,0,0,2.0,4.1
2024,4,00-0035311,RB,True,0,0,0.0,0.0
2024,4,00-0035341,WR,True,0,0,6.0,1.0
2024,4,00-0035406,WR,True,0,0,8.0,6.7
2024,4,00-0035500,WR,True,0,0,6.0,5.0
2024,4,00-0035535,WR,True,0,0,2.0,1.2
2024,4,00-0035537,RB,True,0,0,6.0,12.1
2024,4,00-0035594,RB,True,0,0,1.0,0.6
2024,4,00-0035644,TE,True,1,1,6.0,9.0
2024,4,00-0035689,TE,True,0,0,2.0,1.2
2024,4,00-0035806,RB,True,0,0,1.0,0.5
2024,4,00-0036040,TE,True,0,0,3.0,9.6
2024,4,00-0036182,WR,True,0,0,0.0,0.0
2024,4,00-0036268,WR,True,0,0,1.0,0.7
2024,4,00-0036290,TE,False,3,3,11.0,20.7
2024,4,00-0036331,WR,True,0,0,1.0,0.4
2024,4,00-0036345,WR,True,0,0,2.0,1.2
2024,4,00-0036415,WR,True,0,0,3.0,2.4
2024,4,00-0036422,TE,True,0,0,1.0,1.8
2024,4,00-0036425,RB,True,0,0,0.0,0.0
2024,4,00-0036429,TE,True,0,0,2.0,0.9
2024,4,00-0036497,WR,True,0,0,0.0,0.0
2024,4,00-0036527,WR,True,0,0,0.0,0.0
2024,4,00-0036550,WR,True,0,0,4.0,10.3
2024,4,00-0036556,TE,True,0,0,1.0,0.9
2024,4,00-0036590,TE,True,0,0,0.0,0.0
2024,4,00-0036628,TE,True,0,0,1.0,1.0
2024,4,00-0036637,TE,True,0,0,2.0,1.8
2024,4,00-0036754,TE,True,0,0,5.0,5.4
2024,4,00-0036825,TE,True,0,0,0.0,0.0
2024,4,00-0036876,TE,True,0,0,1.0,4.5
2024,4,00-0036877,WR,True,0,0,0.0,0.0
2024,4,00-0036887,TE,True,0,0,2.0,0.6
2024,4,00-0036906,RB,True,0,0,4.0,0.9
2024,4,00-0036919,RB,True,0,0,3.0,2.2
2024,4,00-0036950,RB,True,0,0,0.0,0.0
2024,4,00-0036980,WR,True,0,0,3.0,2.7
2024,4,00-0036988,WR,True,0,0,2.0,2.9
2024,4,00-0037086,TE,True,0,0,0.0,0.0
2024,4,00-0037091,WR,True,0,0,0.0,0.0
2024,4,00-0037093,WR,True,0,0,1.0,0.0
2024,4,00-0037132,WR,True,0,0,1.0,1.6
2024,4,00-0037252,TE,True,0,0,8.0,3.1
2024,4,00-0037258,RB,True,0,0,3.0,1.6
2024,4,00-0037263,RB,True,0,0,7.0,3.2
2024,4,00-0037291,WR,True,0,0,5.0,10.9
2024,4,00-0037348,TE,True,0,0,2.0,0.6
2024,4,00-0037429,RB,True,0,0,0.0,0.0
2024,4,00-0037450,WR,True,0,0,0.0,0.0
2024,4,00-0037557,RB,True,0,0,2.0,0.9
2024,4,00-0037594,RB,True,0,0,0.0,0.0
2024,4,00-0037666,WR,True,0,0,5.0,11.7
2024,4,00-0037741,WR,True,0,0,3.0,1.8
2024,4,00-0037742,WR,True,0,0,3.0,1.4
2024,4,00-0037745,WR,True,0,0,3.0,2.4
2024,4,00-0037801,WR,True,0,0,4.0,12.7
2024,4,00-0037816,WR,True,0,0,2.0,2.3
2024,4,00-0037837,WR,True,0,0,5.0,17.5
2024,4,00-0038098,RB,True,0,0,3.0,1.0
2024,4,00-0038104,WR,True,0,0,1.0,0.0
2024,4,00-0038115,TE,True,0,0,1.0,2.2
2024,4,00-0038117,WR,True,1,1,8.0,9.6
2024,4,00-0038124,WR,True,0,0,2.0,7.7
2024,4,00-0038129,TE,True,0,0,8.0,6.2
2024,4,00-0038393,WR,True,0,0,2.0,0.0
2024,4,00-0038396,RB,True,0,0,1.0,0.0
2024,4,00-0038488,RB,True,0,0,0.0,0.0
2024,4,00-0038496,WR,True,0,0,2.0,2.6
2024,4,00-0038544,WR,True,0,0,2.0,11.4
2024,4,00-0038555,RB,True,0,0,2.0,0.9
2024,4,00-0038558,TE,True,0,0,1.0,7.0
2024,4,00-0038559,WR,True,0,0,9.0,10.4
2024,4,00-0038563,WR,True,0,0,9.0,19.1
2024,4,00-0038573,WR,True,0,0,1.0,0.8
2024,4,00-0038576,WR,True,0,0,0.0,0.0
2024,4,00-0038597,RB,True,1,1,10.0,7.9
2024,4,00-0038606,WR,True,0,0,3.0,2.8
2024,4,00-0038618,WR,True,0,0,1.0,0.0
2024,4,00-0038619,WR,True,0,0,7.0,13.7
2024,4,00-0038621,WR,True,0,0,10.0,11.3
2024,4,00-0038622,RB,True,0,0,4.0,1.8
2024,4,00-0038640,WR,True,0,0,3.0,2.9
2024,4,00-0038678,RB,True,0,0,0.0,0.0
2024,4,00-0038705,RB,True,0,0,2.0,0.7
2024,4,00-0038720,TE,True,0,0,2.0,3.4
2024,4,00-0038738,RB,True,0,0,3.0,5.1
2024,4,00-0038794,RB,True,0,0,6.0,7.9
2024,4,00-0038797,RB,True,0,0,14.0,15.5
2024,4,00-0038938,WR,True,0,0,1.0,0.0
2024,4,00-0038951,RB,True,0,0,1.0,0.4
2024,4,00-0038976,WR,True,0,0,1.0,1.4
2024,4,00-0038979,WR,True,0,0,2.0,0.9
2024,4,00-0038996,TE,True,0,0,3.0,3.4
2024,4,00-0039041,TE,True,0,0,1.0,1.6
2024,4,00-0039052,WR,True,0,0,1.0,0.0
2024,4,00-0039062,WR,True,0,0,5.0,3.5
2024,4,00-0039066,TE,True,0,0,3.0,1.2
2024,4,00-0039067,WR,True,0,0,15.0,23.1
2024,4,00-0039074,TE,True,0,0,1.0,0.0
2024,4,00-0039144,TE,True,0,0,1.0,0.8
2024,4,00-0039236,WR,True,0,0,2.0,1.4
2024,4,00-0039342,WR,True,0,0,3.0,5.2
2024,4,00-0039355,WR,True,0,0,3.0,5.9
2024,4,00-0039356,TE,True,0,0,1.0,0.0
2024,4,00-0039363,RB,True,0,0,5.0,1.9
2024,4,00-0039365,WR,True,0,0,0.0,0.0
2024,4,00-0039373,RB,True,0,0,2.0,1.4
2024,4,00-0039384,RB,True,0,0,7.0,5.0
2024,4,00-0039386,WR,True,0,0,1.0,0.0
2024,4,00-0039392,WR,True,0,0,0.0,0.0
2024,4,00-0039424,WR,True,0,0,8.0,7.9
2024,4,00-0039589,WR,True,0,0,1.0,0.0
2024,4,00-0039603,RB,True,0,0,1.0,0.2
2024,4,00-0039623,WR,True,0,0,3.0,2.1
2024,4,00-0039738,RB,True,0,0,8.0,2.8
2024,4,00-0039746,RB,True,0,0,0.0,0.0
2024,4,00-0039751,WR,True,0,0,3.0,4.3
2024,4,00-0039816,WR,True,0,0,0.0,0.0
2024,4,00-0039847,TE,True,0,0,3.0,1.8
2024,4,00-0039890,WR,True,0,0,1.0,0.0
2024,4,00-0039907,WR,True,0,0,2.0,2.3
2024,4,00-0024243,TE,True,0,0,0.0,0.0
2024,4,00-0030431,WR,True,0,0,2.0,2.8
2024,4,00-0031484,TE,True,0,0,0.0,0.0
2024,4,00-0032128,WR,True,0,0,0.0,0.0
2024,4,00-0032688,WR,True,0,0,4.0,1.0
2024,4,00-0033375,WR,True,0,0,1.0,1.3
2024,4,00-0033376,RB,True,0,0,1.0,0.0
2024,4,00-0033591,WR,True,0,0,3.0,4.4
2024,4,00-0033925,RB,True,0,0,2.0,0.5
2024,4,00-0034487,WR,True,0,0,1.0,1.3
2024,4,00-0034808,RB,True,0,0,0.0,0.0
2024,4,00-0035291,RB,True,0,0,0.0,0.0
2024,4,00-0035544,WR,True,0,0,1.0,0.0
2024,4,00-0035628,RB,True,0,0,3.0,1.2
2024,4,00-0035631,TE,True,0,0,3.0,4.3
2024,4,00-0036133,WR,True,0,0,0.0,0.0
2024,4,00-0036232,TE,True,0,0,1.0,0.0
2024,4,00-0036626,WR,True,0,0,2.0,2.6
2024,4,00-0036849,WR,False,1,1,5.0,11.3
2024,4,00-0036862,WR,True,0,0,0.0,0.0
2024,4,00-0036984,RB,True,0,0,2.0,7.6
2024,4,00-0037004,TE,True,0,0,0.0,0.0
2024,4,00-0037005,TE,True,0,0,3.0,4.4
2024,4,00-0037085,RB,True,0,0,9.0,7.0
2024,4,00-0037112,TE,True,0,0,0.0,0.0
2024,4,00-0037120,RB,True,0,0,0.0,0.0
2024,4,00-0037156,WR,True,0,0,0.0,0.0
2024,4,00-0037257,WR,True,0,0,3.0,4.2
2024,4,00-0037292,TE,True,0,0,0.0,0.0
2024,4,00-0037311,TE,True,0,0,0.0,0.0
2024,4,00-0037569,TE,True,0,0,0.0,0.0
2024,4,00-0037617,RB,True,0,0,3.0,1.1
2024,4,00-0037805,TE,True,0,0,2.0,2.5
2024,4,00-0038046,TE,True,0,0,1.0,3.5
2024,4,00-0038507,WR,True,0,0,3.0,1.8
2024,4,00-0038547,TE,True,0,0,2.0,1.0
2024,4,00-0038589,TE,True,0,0,5.0,6.3
2024,4,00-0038752,WR,True,0,0,2.0,2.5
2024,4,00-0038783,TE,True,0,0,1.0,1.1
2024,4,00-0038935,TE,True,0,0,5.0,8.2
2024,4,00-0039359,TE,True,0,0,0.0,0.0
2024,4,00-0039364,RB,True,0,0,1.0,2.2
2024,4,00-0039530,TE,True,0,0,0.0,0.0
2024,4,00-0039686,TE,True,0,0,0.0,0.0
2024,4,00-0039793,TE,True,0,0,3.0,2.8
2024,4,00-0039810,WR,True,0,0,2.0,5.2
2024,4,00-0039814,TE,True,0,0,4.0,4.2
2024,4,00-0039824,TE,True,0,0,1.0,1.2
2024,4,00-0039868,WR,True,0,0,5.0,2.1
2024,4,00-0039912,TE,True,0,0,0.0,0.0
2024,4,00-0039920,WR,True,0,0,1.0,0.9
2024,4,00-0033439,TE,True,0,0,2.0,1.4
2024,4,00-0034073,TE,True,0,0,0.0,0.0
2024,4,00-0035639,WR,True,0,0,2.0,2.3
2024,4,00-0035726,RB,True,0,0,0.0,0.0
2024,4,00-0036096,RB,True,0,0,3.0,1.3
2024,4,00-0036187,RB,True,0,0,0.0,0.0
2024,4,00-0036254,WR,True,0,0,0.0,0.0
2024,4,00-0036332,TE,True,0,0,1.0,1.3
2024,4,00-0036620,WR,True,0,0,1.0,3.5
2024,4,00-0036635,WR,True,0,0,0.0,0.0
2024,4,00-0036646,WR,True,0,0,3.0,2.2
2024,4,00-0036741,TE,True,0,0,0.0,0.0
2024,4,00-0037299,RB,True,0,0,0.0,0.0
2024,4,00-0037451,TE,True,0,0,0.0,0.0
2024,4,00-0037475,TE,True,0,0,0.0,0.0
2024,4,00-0038092,WR,True,0,0,2.0,0.0
2024,4,00-0038359,WR,True,0,0,0.0,0.0
2024,4,00-0038477,WR,True,0,0,0.0,0.0
2024,4,00-0038608,WR,True,0,0,2.0,0.7
2024,4,00-0038636,RB,True,0,0,3.0,1.1
2024,4,00-0038647,WR,True,0,0,3.0,1.7
2024,4,00-0038685,RB,True,0,0,3.0,0.3
2024,4,00-0039050,TE,True,0,0,1.0,1.3
2024,4,00-0039737,TE,True,0,0,0.0,0.0
2024,4,00-0039798,RB,True,0,0,3.0,0.6
2024,5,00-0030578,RB,True,0,0,8.0,7.2
2024,5,00-0031299,TE,True,0,0,1.0,0.0
2024,5,00-0031549,WR,True,0,0,3.0,2.0
2024,5,00-0031585,TE,True,0,0,0.0,0.0
2024,5,00-0031687,RB,True,0,0,9.0,2.9
2024,5,00-0031690,TE,True,0,0,1.0,0.0
2024,5,00-0031763,WR,True,0,0,0.0,0.0
2024,5,00-0031941,WR,True,0,0,1.0,1.0
2024,5,00-0032104,RB,True,0,0,0.0,0.0
2024,5,00-0032392,TE,True,0,0,2.0,8.3
2024,5,00-0032394,TE,True,0,0,2.0,7.9
2024,5,00-0032464,WR,True,0,0,1.0,1.4
2024,5,00-0033009,WR,True,0,0,2.0,4.1
2024,5,00-0033217,TE,True,0,0,1.0,0.0
2024,5,00-0033246,TE,True,0,0,2.0,2.5
2024,5,00-0033555,WR,True,0,0,6.0,1.0
2024,5,00-0033576,TE,True,0,0,2.0,5.1
2024,5,00-0033589,WR,True,0,0,1.0,0.0
2024,5,00-0033854,RB,True,0,0,6.0,13.4
2024,5,00-0033857,WR,True,0,0,3.0,8.7
2024,5,00-0033895,TE,True,0,0,1.0,0.0
2024,5,00-0033943,WR,True,0,0,2.0,0.0
2024,5,00-0033948,RB,True,0,0,5.0,2.9
2024,5,00-0033955,RB,True,0,0,9.0,19.9
2024,5,00-0034115,RB,True,0,0,3.0,1.4
2024,5,00-0034159,TE,True,0,0,3.0,3.4
2024,5,00-0034208,RB,True,0,0,4.0,0.7
2024,5,00-0034270,TE,False,2,2,8.0,3.7
2024,5,00-0034272,WR,True,0,0,1.0,0.0
2024,5,00-0034348,WR,True,0,0,9.0,13.5
2024,5,00-0034383,TE,True,0,0,5.0,4.9
2024,5,00-0034386,WR,True,0,0,3.0,3.7
2024,5,00-0034407,WR,True,0,0,7.0,8.2
2024,5,00-0034418,WR,True,0,0,1.0,0.8
2024,5,00-0034419,WR,True,0,0,0.0,0.0
2024,5,00-0034613,TE,True,0,0,3.0,0.8
2024,5,00-0034646,WR,True,0,0,2.0,0.0
2024,5,00-0034798,TE,True,0,0,2.0,0.8
2024,5,00-0034829,TE,False,1,1,1.0,-0.4
2024,5,00-0034854,WR,True,0,0,0.0,0.0
2024,5,00-0034928,WR,True,0,0,1.0,0.0
2024,5,00-0034975,RB,True,0,0,10.0,18.6
2024,5,00-0034981,TE,True,0,0,2.0,0.7
2024,5,00-0035021,WR,True,0,0,1.0,0.0
2024,5,00-0035140,WR,True,0,0,0.0,0.0
2024,5,00-0035208,WR,True,0,0,6.0,11.5
2024,5,00-0035215,WR,True,0,0,0.0,0.0
2024,5,00-0035249,TE,True,0,0,2.0,8.0
2024,5,00-0035298,WR,True,0,0,2.0,4.1
2024,5,00-0035311,RB,True,0,0,0.0,0.0
2024,5,00-0035341,WR,True,0,0,6.0,1.0
2024,5,00-0035406,WR,True,0,0,1.0,0.0
2024,5,00-0035500,WR,True,0,0,4.0,5.8
2024,5,00-0035535,WR,True,0,0,5.0,7.1
2024,5,00-0035537,RB,True,0,0,1.0,6.3
2024,5,00-0035594,RB,True,0,0,1.0,0.6
2024,5,00-0035644,TE,True,0,0,2.0,3.6
2024,5,00-0035689,TE,True,0,0,1.0,0.5
2024,5,00-0035806,RB,True,0,0,4.0,1.5
2024,5,00-0036040,TE,True,0,0,3.0,2.3
2024,5,00-0036182,WR,True,0,0,0.0,0.0
2024,5,00-0036196,WR,True,0,0,5.0,0.3
2024,5,00-0036268,WR,True,0,0,1.0,2.3
2024,5,00-0036290,TE,True,0,0,3.0,4.9
2024,5,00-0036328,RB,False,2,2,10.0,9.4
2024,5,00-0036331,WR,True,0,0,0.0,0.0
2024,5,00-0036345,WR,True,0,0,5.0,0.8
2024,5,00-0036415,WR,True,0,0,3.0,3.1
2024,5,00-0036422,TE,True,0,0,1.0,1.8
2024,5,00-0036425,RB,True,0,0,0.0,0.0
2024,5,00-0036429,TE,True,0,0,2.0,0.9
2024,5,00-0036497,WR,True,0,0,0.0,0.0
2024,5,00-0036527,WR,True,0,0,2.0,7.8
2024,5,00-0036550,WR,True,0,0,1.0,2.8
2024,5,00-0036556,TE,True,0,0,1.0,0.9
2024,5,00-0036590,TE,True,0,0,0.0,0.0
2024,5,00-0036628,TE,True,0,0,1.0,1.4
2024,5,00-0036637,TE,True,0,0,4.0,6.0
2024,5,00-0036754,TE,True,0,0,2.0,2.3
2024,5,00-0036825,TE,True,0,0,1.0,0.0
2024,5,00-0036876,TE,True,0,0,0.0,0.0
2024,5,00-0036877,WR,True,0,0,0.0,0.0
2024,5,00-0036887,TE,True,0,0,1.0,0.0
2024,5,00-0036906,RB,True,0,0,4.0,0.9
2024,5,00-0036919,RB,True,0,0,3.0,0.9
2024,5,00-0036950,RB,True,0,0,0.0,0.0
2024,5,00-0036980,WR,True,0,0,1.0,1.6
2024,5,00-0036988,WR,True,0,0,4.0,5.1
2024,5,00-0037086,TE,True,0,0,2.0,3.1
2024,5,00-0037091,WR,True,0,0,3.0,3.3
2024,5,00-0037093,WR,True,0,0,0.0,0.0
2024,5,00-0037132,WR,True,0,0,1.0,1.6
2024,5,00-0037252,TE,True,0,0,1.0,0.0
2024,5,00-0037258,RB,True,0,0,3.0,1.6
2024,5,00-0037263,RB,True,0,0,10.0,9.0
2024,5,00-0037291,WR,True,0,0,3.0,3.6
2024,5,00-0037348,TE,True,0,0,2.0,2.5
2024,5,00-0037429,RB,True,0,0,0.0,0.0
2024,5,00-0037450,WR,True,0,0,2.0,1.1
2024,5,00-0037557,RB,True,0,0,6.0,2.6
2024,5,00-0037594,RB,True,0,0,0.0,0.0
2024,5,00-0037664,WR,True,0,0,2.0,1.4
2024,5,00-0037666,WR,True,0,0,3.0,3.9
2024,5,00-0037741,WR,True,0,0,4.0,2.1
2024,5,00-0037742,WR,True,0,0,1.0,1.8
2024,5,00-0037745,WR,True,0,0,3.0,2.4
2024,5,00-0037801,WR,True,0,0,0.0,0.0
2024,5,00-0037837,WR,True,0,0,1.0,2.2
2024,5,00-0037838,TE,False,1,1,2.0,3.1
2024,5,00-0038098,RB,True,0,0,3.0,1.0
2024,5,00-0038104,WR,True,0,0,1.0,0.0
2024,5,00-0038115,TE,True,0,0,0.0,0.0
2024,5,00-0038117,WR,False,1,1,14.0,12.6
2024,5,00-0038124,WR,True,0,0,1.0,0.0
2024,5,00-0038393,WR,False,1,1,13.0,22.3
2024,5,00-0038396,RB,True,0,0,1.0,0.1
2024,5,00-0038488,RB,True,0,0,0.0,0.0
2024,5,00-0038496,WR,True,0,0,4.0,1.1
2024,5,00-0038544,WR,True,0,0,6.0,1.8
2024,5,00-0038555,RB,True,1,1,7.0,9.0
2024,5,00-0038558,TE,True,0,0,2.0,4.1
2024,5,00-0038559,WR,True,0,0,7.0,3.3
2024,5,00-0038563,WR,True,0,0,7.0,12.9
2024,5,00-0038573,WR,True,0,0,0.0,0.0
2024,5,00-0038576,WR,True,0,0,0.0,0.0
2024,5,00-0038606,WR,True,0,0,3.0,2.8
2024,5,00-0038618,WR,True,0,0,1.0,0.0
2024,5,00-0038619,WR,True,0,0,1.0,3.4
2024,5,00-0038621,WR,True,0,0,3.0,2.8
2024,5,00-0038622,RB,True,0,0,4.0,1.8
2024,5,00-0038640,WR,True,0,0,3.0,2.9
2024,5,00-0038678,RB,True,0,0,0.0,0.0
2024,5,00-0038705,RB,True,0,0,5.0,2.9
2024,5,00-0038720,TE,True,0,0,2.0,3.4
2024,5,00-0038738,RB,True,0,0,4.0,3.2
2024,5,00-0038794,RB,True,1,1,10.0,5.1
2024,5,00-0038938,WR,True,0,0,1.0,0.0
2024,5,00-0038951,RB,True,0,0,2.0,2.2
2024,5,00-0038976,WR,True,0,0,0.0,0.0
2024,5,00-0038979,WR,True,0,0,2.0,0.9
2024,5,00-0038996,TE,False,3,3,9.0,14.3
2024,5,00-0039032,RB,True,0,0,17.0,10.9
2024,5,00-0039041,TE,True,0,0,3.0,2.2
2024,5,00-0039052,WR,True,0,0,3.0,10.1
2024,5,00-0039062,WR,True,0,0,5.0,3.9
2024,5,00-0039066,TE,True,0,0,3.0,1.2
2024,5,00-0039067,WR,True,0,0,0.0,0.0
2024,5,00-0039074,TE,True,0,0,1.0,0.0
2024,5,00-0039144,TE,True,0,0,3.0,2.8
2024,5,00-0039236,WR,True,0,0,2.0,0.0
2024,5,00-0039342,WR,False,1,1,12.0,16.6
2024,5,00-0039355,WR,True,0,0,1.0,2.2
2024,5,00-0039356,TE,True,0,0,2.0,2.6
2024,5,00-0039363,RB,True,0,0,1.0,0.0
2024,5,00-0039365,WR,True,0,0,0.0,0.0
2024,5,00-0039373,RB,True,0,0,2.0,1.4
2024,5,00-0039386,WR,True,0,0,1.0,0.0
2024,5,00-0039392,WR,True,0,0,0.0,0.0
2024,5,00-0039424,WR,True,0,0,8.0,7.9
2024,5,00-0039589,WR,True,0,0,1.0,0.0
2024,5,00-0039603,RB,True,0,0,1.0,0.2
2024,5,00-0039623,WR,True,0,0,1.0,1.1
2024,5,00-0039738,RB,True,1,1,8.0,2.8
2024,5,00-0039746,RB,True,0,0,0.0,0.0
2024,5,00-0039751,WR,True,0,0,8.0,9.2
2024,5,00-0039816,WR,True,0,0,0.0,0.0
2024,5,00-0039847,TE,True,0,0,1.0,1.1
2024,5,00-0039855,WR,True,0,0,1.0,1.1
2024,5,00-0039890,WR,True,0,0,4.0,1.0
2024,5,00-0039907,WR,True,0,0,7.0,4.5
2024,5,00-0024243,TE,True,0,0,0.0,0.0
2024,5,00-0030431,WR,True,0,0,3.0,1.5
2024,5,00-0031484,TE,True,0,0,0.0,0.0
2024,5,00-0032128,WR,True,0,0,2.0,0.0
2024,5,00-0032688,WR,True,0,0,4.0,1.0
2024,5,00-0033375,WR,True,0,0,2.0,6.2
2024,5,00-0033376,RB,True,0,0,0.0,0.0
2024,5,00-0033591,WR,True,0,0,4.0,4.1
2024,5,00-0033925,RB,True,0,0,5.0,1.2
2024,5,00-0034487,WR,True,0,0,1.0,1.3
2024,5,00-0034808,RB,True,0,0,0.0,0.0
2024,5,00-0035291,RB,True,0,0,0.0,0.0
2024,5,00-0035544,WR,True,0,0,1.0,0.0
2024,5,00-0035628,RB,True,0,0,2.0,0.0
2024,5,00-0035631,TE,True,0,0,1.0,0.5
2024,5,00-0036133,WR,True,0,0,1.0,0.8
2024,5,00-0036232,TE,True,0,0,2.0,3.1
2024,5,00-0036626,WR,True,0,0,1.0,0.9
2024,5,00-0036862,WR,True,0,0,0.0,0.0
2024,5,00-0037004,TE,True,0,0,0.0,0.0
2024,5,00-0037005,TE,True,0,0,3.0,4.4
2024,5,00-0037085,RB,True,0,0,3.0,-1.4
2024,5,00-0037112,TE,True,0,0,0.0,0.0
2024,5,00-0037120,RB,True,0,0,0.0,0.0
2024,5,00-0037156,WR,True,0,0,0.0,0.0
2024,5,00-0037257,WR,True,0,0,3.0,4.2
2024,5,00-0037292,TE,True,0,0,1.0,8.0
2024,5,00-0037311,TE,True,0,0,0.0,0.0
2024,5,00-0037569,TE,True,0,0,0.0,0.0
2024,5,00-0037617,RB,True,0,0,3.0,1.1
2024,5,00-0037805,TE,True,0,0,2.0,2.0
2024,5,00-0038046,TE,True,0,0,0.0,0.0
2024,5,00-0038507,WR,True,0,0,3.0,1.8
2024,5,00-0038547,TE,True,0,0,2.0,1.0
2024,5,00-0038589,TE,True,0,0,1.0,1.0
2024,5,00-0038752,WR,True,0,0,3.0,4.5
2024,5,00-0038783,TE,True,0,0,1.0,0.5
2024,5,00-0038935,TE,True,0,0,3.0,3.4
2024,5,00-0039359,TE,True,0,0,1.0,3.2
2024,5,00-0039364,RB,True,0,0,1.0,2.2
2024,5,00-0039530,TE,True,0,0,0.0,0.0
2024,5,00-0039686,TE,True,0,0,0.0,0.0
2024,5,00-0039793,TE,True,0,0,2.0,9.7
2024,5,00-0039810,WR,True,0,0,2.0,5.2
2024,5,00-0039814,TE,True,0,0,4.0,4.8
2024,5,00-0039824,TE,True,0,0,1.0,1.2
2024,5,00-0039868,WR,True,0,0,4.0,0.8
2024,5,00-0039912,TE,True,0,0,0.0,0.0
2024,5,00-0039920,WR,True,0,0,1.0,0.9
2024,5,00-0033439,TE,True,0,0,2.0,0.8
2024,5,00-0034073,TE,True,0,0,0.0,0.0
2024,5,00-0035639,WR,True,0,0,4.0,9.7
2024,5,00-0035726,RB,True,0,0,0.0,0.0
2024,5,00-0036096,RB,True,0,0,7.0,1.8
2024,5,00-0036187,RB,True,0,0,0.0,0.0
2024,5,00-0036254,WR,True,0,0,0.0,0.0
2024,5,00-0036332,TE,True,0,0,1.0,1.3
2024,5,00-0036620,WR,True,0,0,1.0,3.5
2024,5,00-0036635,WR,True,0,0,0.0,0.0
2024,5,00-0036646,WR,True,0,0,0.0,0.0
2024,5,00-0036741,TE,True,0,0,2.0,0.9
2024,5,00-0037299,RB,True,0,0,0.0,0.0
2024,5,00-0037451,TE,True,0,0,0.0,0.0
2024,5,00-0037475,TE,True,0,0,0.0,0.0
2024,5,00-0038092,WR,True,0,0,2.0,0.0
2024,5,00-0038359,WR,True,0,0,0.0,0.0
2024,5,00-0038477,WR,True,0,0,0.0,0.0
2024,5,00-0038608,WR,True,0,0,1.0,1.6
2024,5,00-0038636,RB,True,0,0,0.0,0.0
2024,5,00-0038647,WR,True,0,0,3.0,1.7
2024,5,00-0038685,RB,True,0,0,3.0,0.3
2024,5,00-0038997,WR,False,1,1,9.0,18.2
2024,5,00-0039021,RB,True,0,0,7.0,8.6
2024,5,00-0039050,TE,True,0,0,0.0,0.0
2024,5,00-0039737,TE,True,0,0,0.0,0.0
2024,5,00-0039798,RB,True,0,0,3.0,0.6
2024,5,00-0032385,WR,True,0,0,5.0,6.6
2024,5,00-0033251,WR,True,0,0,0.0,0.0
2024,5,00-0033460,WR,True,0,0,2.0,1.1
2024,5,00-0033923,RB,False,5,5,17.0,9.5
2024,5,00-0035602,WR,True,0,0,0.0,0.0
2024,5,00-0035973,RB,True,0,0,0.0,0.0
2024,5,00-0036569,RB,True,0,0,0.0,0.0
2024,5,00-0036630,WR,True,0,0,0.0,0.0
2024,5,00-0037609,RB,True,0,0,1.0,0.5
2024,5,00-0037614,WR,True,0,0,1.0,1.2
2024,5,00-0038090,WR,True,0,0,2.0,0.0
2024,5,00-0038465,WR,True,0,0,2.0,2.2
2024,5,00-0038489,RB,True,0,0,0.0,0.0
2024,5,00-0038710,TE,True,0,0,3.0,8.8
2024,5,00-0039491,WR,True,0,0,1.0,0.0
2024,6,00-0030578,RB,True,0,0,8.0,7.2
2024,6,00-0031299,TE,True,0,0,1.0,0.0
2024,6,00-0031549,WR,True,0,0,4.0,0.9
2024,6,00-0031585,TE,True,0,0,0.0,0.0
2024,6,00-0031687,RB,True,1,1,21.0,10.8
2024,6,00-0031690,TE,True,0,0,1.0,0.0
2024,6,00-0031763,WR,True,0,0,0.0,0.0
2024,6,00-0031941,WR,True,0,0,1.0,1.0
2024,6,00-0032104,RB,True,0,0,8.0,12.6
2024,6,00-0032392,TE,True,0,0,3.0,1.4
2024,6,00-0032394,TE,True,0,0,2.0,7.9
2024,6,00-0032464,WR,True,0,0,1.0,1.4
2024,6,00-0033009,WR,True,0,0,2.0,4.1
2024,6,00-0033090,TE,True,0,0,4.0,4.2
2024,6,00-0033217,TE,True,0,0,4.0,10.7
2024,6,00-0033246,TE,True,0,0,2.0,4.1
2024,6,00-0033555,WR,True,0,0,6.0,3.7
2024,6,00-0033576,TE,True,0,0,2.0,5.1
2024,6,00-0033589,WR,True,0,0,3.0,2.3
2024,6,00-0033854,RB,True,0,0,22.0,11.7
2024,6,00-0033857,WR,True,0,0,8.0,16.5
2024,6,00-0033895,TE,True,0,0,2.0,3.2
2024,6,00-0033943,WR,True,0,0,2.0,7.4
2024,6,00-0033948,RB,True,0,0,2.0,0.9
2024,6,00-0034115,RB,True,0,0,3.0,1.4
2024,6,00-0034159,TE,True,0,0,3.0,3.4
2024,6,00-0034208,RB,True,0,0,4.0,0.7
2024,6,00-0034270,TE,True,1,0,9.0,8.5
2024,6,00-0034272,WR,True,0,0,3.0,0.0
2024,6,00-0034348,WR,True,0,0,5.0,4.2
2024,6,00-0034383,TE,False,1,1,6.0,5.4
2024,6,00-0034386,WR,True,0,0,3.0,3.7
2024,6,00-0034407,WR,False,1,1,9.0,9.6
2024,6,00-0034418,WR,True,0,0,0.0,0.0
2024,6,00-0034419,WR,True,0,0,0.0,0.0
2024,6,00-0034613,TE,True,0,0,3.0,0.8
2024,6,00-0034646,WR,True,0,0,0.0,0.0
2024,6,00-0034798,TE,True,0,0,1.0,0.0
2024,6,00-0034854,WR,True,0,0,2.0,13.7
2024,6,00-0034928,WR,True,0,0,1.0,0.0
2024,6,00-0034975,RB,True,0,0,7.0,3.0
2024,6,00-0034981,TE,True,0,0,2.0,8.3
2024,6,00-0035021,WR,True,0,0,1.0,0.9
2024,6,00-0035140,WR,True,0,0,4.0,5.3
2024,6,00-0035208,WR,True,0,0,3.0,1.5
2024,6,00-0035215,WR,True,0,0,0.0,0.0
2024,6,00-0035249,TE,True,0,0,2.0,8.0
2024,6,00-0035298,WR,True,0,0,2.0,4.1
2024,6,00-0035311,RB,True,0,0,3.0,1.8
2024,6,00-0035341,WR,True,0,0,6.0,1.0
2024,6,00-0035406,WR,True,0,0,2.0,5.8
2024,6,00-0035500,WR,True,0,0,2.0,1.2
2024,6,00-0035537,RB,True,0,0,3.0,1.5
2024,6,00-0035594,RB,True,0,0,1.0,0.6
2024,6,00-0035644,TE,True,0,0,3.0,3.9
2024,6,00-0035689,TE,True,0,0,1.0,0.5
2024,6,00-0035806,RB,True,0,0,4.0,1.5
2024,6,00-0036040,TE,True,0,0,5.0,5.6
2024,6,00-0036182,WR,True,0,0,0.0,0.0
2024,6,00-0036196,WR,True,0,0,4.0,3.3
2024,6,00-0036244,TE,True,0,0,13.0,8.7
2024,6,00-0036268,WR,True,0,0,0.0,0.0
2024,6,00-0036331,WR,True,0,0,1.0,0.3
2024,6,00-0036345,WR,True,0,0,5.0,0.8
2024,6,00-0036415,WR,True,0,0,5.0,4.1
2024,6,00-0036422,TE,True,0,0,1.0,2.4
2024,6,00-0036425,RB,True,0,0,0.0,0.0
2024,6,00-0036429,TE,True,0,0,2.0,0.9
2024,6,00-0036497,WR,True,0,0,0.0,0.0
2024,6,00-0036527,WR,True,0,0,5.0,2.2
2024,6,00-0036550,WR,True,0,0,8.0,13.8
2024,6,00-0036556,TE,True,0,0,1.0,0.9
2024,6,00-0036590,TE,True,0,0,0.0,0.0
2024,6,00-0036628,TE,True,0,0,1.0,1.4
2024,6,00-0036637,TE,True,0,0,2.0,3.9
2024,6,00-0036754,TE,True,0,0,2.0,2.3
2024,6,00-0036825,TE,True,0,0,0.0,0.0
2024,6,00-0036876,TE,True,0,0,0.0,0.0
2024,6,00-0036877,WR,True,0,0,0.0,0.0
2024,6,00-0036887,TE,True,0,0,2.0,2.7
2024,6,00-0036906,RB,True,0,0,0.0,0.0
2024,6,00-0036919,RB,True,0,0,3.0,0.9
2024,6,00-0036950,RB,True,0,0,0.0,0.0
2024,6,00-0036980,WR,True,0,0,4.0,2.6
2024,6,00-0036988,WR,True,0,0,4.0,5.1
2024,6,00-0037086,TE,True,0,0,2.0,3.1
2024,6,00-0037091,WR,True,0,0,2.0,1.7
2024,6,00-0037093,WR,True,0,0,0.0,0.0
2024,6,00-0037132,WR,True,0,0,1.0,1.6
2024,6,00-0037252,TE,True,0,0,1.0,0.0
2024,6,00-0037258,RB,True,0,0,3.0,1.6
2024,6,00-0037263,RB,True,1,1,9.0,4.0
2024,6,00-0037291,WR,True,0,0,3.0,3.6
2024,6,00-0037348,TE,True,0,0,0.0,0.0
2024,6,00-0037429,RB,True,0,0,0.0,0.0
2024,6,00-0037450,WR,True,0,0,2.0,1.1
2024,6,00-0037557,RB,True,0,0,6.0,2.6
2024,6,00-0037594,RB,True,0,0,0.0,0.0
2024,6,00-0037664,WR,True,0,0,3.0,20.9
2024,6,00-0037666,WR,False,2,1,10.0,18.2
2024,6,00-0037741,WR,True,0,0,4.0,2.1
2024,6,00-0037742,WR,True,0,0,1.0,1.8
2024,6,00-0037745,WR,True,0,0,3.0,2.4
2024,6,00-0037801,WR,True,0,0,6.0,6.4
2024,6,00-0037816,WR,True,0,0,8.0,5.9
2024,6,00-0037837,WR,True,0,0,2.0,1.1
2024,6,00-0037838,TE,True,0,0,3.0,14.8
2024,6,00-0038098,RB,True,0,0,2.0,0.2
2024,6,00-0038104,WR,True,0,0,1.0,0.0
2024,6,00-0038115,TE,True,0,0,0.0,0.0
2024,6,00-0038124,WR,True,0,0,1.0,0.0
2024,6,00-0038396,RB,True,0,0,8.0,4.9
2024,6,00-0038488,RB,True,0,0,0.0,0.0
2024,6,00-0038496,WR,True,0,0,0.0,0.0
2024,6,00-0038544,WR,True,0,0,6.0,1.8
2024,6,00-0038555,RB,False,2,2,14.0,25.4
2024,6,00-0038558,TE,True,0,0,2.0,1.0
2024,6,00-0038559,WR,True,0,0,6.0,10.3
2024,6,00-0038563,WR,True,0,0,7.0,3.6
2024,6,00-0038573,WR,True,0,0,0.0,0.0
2024,6,00-0038576,WR,True,0,0,0.0,0.0
2024,6,00-0038606,WR,True,0,0,3.0,2.8
2024,6,00-0038618,WR,True,0,0,3.0,4.1
2024,6,00-0038619,WR,True,0,0,2.0,4.4
2024,6,00-0038621,WR,True,0,0,9.0,8.9
2024,6,00-0038622,RB,True,0,0,4.0,1.8
2024,6,00-0038640,WR,True,0,0,1.0,1.5
2024,6,00-0038678,RB,True,0,0,0.0,0.0
2024,6,00-0038705,RB,True,0,0,1.0,0.5
2024,6,00-0038720,TE,True,0,0,0.0,0.0
2024,6,00-0038738,RB,True,0,0,3.0,2.9
2024,6,00-0038794,RB,True,0,0,10.0,10.0
2024,6,00-0038938,WR,True,0,0,1.0,0.0
2024,6,00-0038951,RB,True,0,0,0.0,0.0
2024,6,00-0038976,WR,True,0,0,2.0,2.9
2024,6,00-0038979,WR,True,0,0,2.0,0.9
2024,6,00-0039032,RB,False,1,1,17.0,10.9
2024,6,00-0039041,TE,True,0,0,1.0,6.7
2024,6,00-0039052,WR,True,0,0,3.0,10.1
2024,6,00-0039062,WR,True,0,0,5.0,4.7
2024,6,00-0039066,TE,True,0,0,3.0,1.2
2024,6,00-0039067,WR,True,0,0,0.0,0.0
2024,6,00-0039074,TE,True,0,0,1.0,0.0
2024,6,00-0039144,TE,True,0,0,3.0,2.8
2024,6,00-0039236,WR,True,0,0,2.0,0.0
2024,6,00-0039342,WR,True,0,0,1.0,1.3
2024,6,00-0039355,WR,True,0,0,3.0,3.4
2024,6,00-0039356,TE,True,0,0,5.0,2.8
2024,6,00-0039363,RB,True,0,0,5.0,2.2
2024,6,00-0039365,WR,True,0,0,0.0,0.0
2024,6,00-0039373,RB,True,0,0,2.0,1.4
2024,6,00-0039386,WR,True,0,0,1.0,0.0
2024,6,00-0039392,WR,True,0,0,0.0,0.0
2024,6,00-0039424,WR,True,0,0,8.0,7.9
2024,6,00-0039589,WR,True,0,0,0.0,0.0
2024,6,00-0039603,RB,True,0,0,1.0,0.2
2024,6,00-0039623,WR,True,0,0,4.0,0.7
2024,6,00-0039738,RB,True,1,1,6.0,3.8
2024,6,00-0039746,RB,True,0,0,0.0,0.0
2024,6,00-0039751,WR,True,0,0,10.0,12.4
2024,6,00-0039816,WR,True,0,0,0.0,0.0
2024,6,00-0039847,TE,True,0,0,5.0,7.3
2024,6,00-0039855,WR,True,0,0,1.0,1.1
2024,6,00-0039890,WR,True,0,0,8.0,7.16
2024,6,00-0039907,WR,True,0,0,6.0,1.8
2024,6,00-0024243,TE,True,0,0,0.0,0.0
2024,6,00-0030431,WR,True,0,0,0.0,0.0
2024,6,00-0031484,TE,True,0,0,0.0,0.0
2024,6,00-0032128,WR,True,0,0,2.0,0.0
2024,6,00-0032688,WR,True,0,0,4.0,1.0
2024,6,00-0033375,WR,True,0,0,2.0,6.2
2024,6,00-0033376,RB,True,0,0,0.0,0.0
2024,6,00-0033591,WR,True,0,0,4.0,4.1
2024,6,00-0033925,RB,True,0,0,10.0,6.5
2024,6,00-0034487,WR,True,0,0,1.0,1.3
2024,6,00-0034808,RB,True,0,0,0.0,0.0
2024,6,00-0035291,RB,True,0,0,0.0,0.0
2024,6,00-0035544,WR,True,0,0,1.0,0.0
2024,6,00-0035628,RB,True,0,0,4.0,2.0
2024,6,00-0035631,TE,True,0,0,1.0,0.5
2024,6,00-0036133,WR,True,0,0,0.0,0.0
2024,6,00-0036232,TE,True,0,0,0.0,0.0
2024,6,00-0036626,WR,True,0,0,2.0,12.7
2024,6,00-0036862,WR,True,0,0,0.0,0.0
2024,6,00-0036984,RB,True,2,2,16.0,15.3
2024,6,00-0037004,TE,True,0,0,2.0,2.6
2024,6,00-0037005,TE,True,0,0,2.0,-0.8
2024,6,00-0037085,RB,True,0,0,3.0,-1.4
2024,6,00-0037112,TE,True,0,0,0.0,0.0
2024,6,00-0037120,RB,True,0,0,8.0,7.2
2024,6,00-0037156,WR,True,0,0,0.0,0.0
2024,6,00-0037257,WR,True,0,0,3.0,4.2
2024,6,00-0037292,TE,True,0,0,1.0,1.0
2024,6,00-0037311,TE,True,0,0,0.0,0.0
2024,6,00-0037569,TE,True,0,0,0.0,0.0
2024,6,00-0037617,RB,True,0,0,3.0,1.1
2024,6,00-0037805,TE,True,0,0,2.0,2.0
2024,6,00-0038046,TE,True,0,0,5.0,14.1
2024,6,00-0038507,WR,True,0,0,3.0,1.8
2024,6,00-0038547,TE,True,0,0,2.0,1.3
2024,6,00-0038589,TE,True,0,0,1.0,1.0
2024,6,00-0038752,WR,True,0,0,1.0,0.8
2024,6,00-0038783,TE,True,0,0,1.0,1.3
2024,6,00-0038935,TE,True,0,0,4.0,10.4
2024,6,00-0039359,TE,True,0,0,2.0,1.6
2024,6,00-0039364,RB,True,0,0,1.0,2.2
2024,6,00-0039530,TE,True,0,0,3.0,3.0
2024,6,00-0039686,TE,True,0,0,0.0,0.0
2024,6,00-0039793,TE,True,0,0,1.0,1.8
2024,6,00-0039810,WR,True,0,0,2.0,5.2
2024,6,00-0039814,TE,True,0,0,2.0,2.0
2024,6,00-0039824,TE,True,0,0,1.0,1.2
2024,6,00-0039868,WR,True,0,0,2.0,2.5
2024,6,00-0039912,TE,True,0,0,0.0,0.0
2024,6,00-0039920,WR,True,0,0,1.0,0.9
2024,6,00-0033439,TE,True,0,0,1.0,1.2
2024,6,00-0034073,TE,True,0,0,0.0,0.0
2024,6,00-0035639,WR,True,0,0,4.0,9.7
2024,6,00-0035726,RB,True,0,0,0.0,0.0
2024,6,00-0036096,RB,True,0,0,7.0,1.8
2024,6,00-0036187,RB,True,0,0,0.0,0.0
2024,6,00-0036254,WR,True,0,0,0.0,0.0
2024,6,00-0036332,TE,True,0,0,1.0,0.7
2024,6,00-0036620,WR,True,0,0,1.0,3.5
2024,6,00-0036635,WR,True,0,0,0.0,0.0
2024,6,00-0036646,WR,True,0,0,0.0,0.0
2024,6,00-0036741,TE,True,0,0,2.0,0.9
2024,6,00-0037299,RB,True,0,0,0.0,0.0
2024,6,00-0037451,TE,True,0,0,0.0,0.0
2024,6,00-0037475,TE,True,0,0,0.0,0.0
2024,6,00-0038092,WR,True,0,0,2.0,0.0
2024,6,00-0038359,WR,True,0,0,2.0,1.6
2024,6,00-0038477,WR,True,0,0,0.0,6.0
2024,6,00-0038608,WR,True,0,0,2.0,4.4
2024,6,00-0038636,RB,True,0,0,0.0,0.0
2024,6,00-0038647,WR,True,0,0,3.0,1.7
2024,6,00-0038685,RB,True,0,0,3.0,0.3
2024,6,00-0038997,WR,False,1,1,12.0,11.4
2024,6,00-0039021,RB,True,0,0,10.0,14.5
2024,6,00-0039050,TE,True,0,0,0.0,0.0
2024,6,00-0039737,TE,True,0,0,1.0,1.0
2024,6,00-0039798,RB,True,0,0,0.0,0.0
2024,6,00-0032385,WR,True,0,0,2.0,6.9
2024,6,00-0033251,WR,True,0,0,0.0,0.0
2024,6,00-0033460,WR,True,0,0,2.0,1.1
2024,6,00-0035602,WR,True,0,0,0.0,0.0
2024,6,00-0035973,RB,True,0,0,0.0,0.0
2024,6,00-0036569,RB,True,0,0,0.0,0.0
2024,6,00-0036630,WR,True,0,0,2.0,4.1
2024,6,00-0037609,RB,True,0,0,4.0,1.4
2024,6,00-0037614,WR,True,0,0,1.0,1.2
2024,6,00-0038090,WR,True,0,0,0.0,0.0
2024,6,00-0038465,WR,True,0,0,3.0,2.4
2024,6,00-0038489,RB,True,0,0,0.0,0.0
2024,6,00-0038710,TE,True,0,0,3.0,8.8
2024,6,00-0039491,WR,True,0,0,4.0,8.8
2024,6,00-0031235,WR,True,0,0,2.0,0.0
2024,6,00-0033292,WR,True,0,0,0.0,0.0
2024,6,00-0033307,WR,True,0,0,1.0,1.1
2024,6,00-0035164,WR,True,0,0,0.0,0.0
2024,6,00-0035547,TE,True,0,0,1.0,1.0
2024,6,00-0035924,RB,True,0,0,2.0,0.9
2024,6,00-0037382,WR,True,0,0,1.0,1.4
2024,6,00-0037539,TE,True,0,0,1.0,1.0
2024,6,00-0038394,TE,True,0,0,1.0,1.2
2024,6,00-0038840,WR,True,0,0,1.0,0.3
2024,6,00-0038920,TE,True,0,0,0.0,0.0
2024,6,00-0039244,RB,True,0,0,0.0,0.0
2024,7,00-0030578,RB,True,0,0,8.0,7.2
2024,7,00-0031299,TE,True,0,0,1.0,0.0
2024,7,00-0031549,WR,True,0,0,3.0,3.0
2024,7,00-0031585,TE,True,0,0,0.0,0.0
2024,7,00-0031687,RB,False,1,1,21.0,10.8
2024,7,00-0031690,TE,True,0,0,1.0,0.0
2024,7,00-0031763,WR,True,0,0,0.0,0.0
2024,7,00-0031941,WR,True,0,0,1.0,1.0
2024,7,00-0032104,RB,True,0,0,9.0,3.3
2024,7,00-0032392,TE,True,0,0,2.0,-1.0
2024,7,00-0032394,TE,True,0,0,2.0,7.9
2024,7,00-0032464,WR,True,0,0,6.0,9.3
2024,7,00-0033009,WR,True,0,0,3.0,3.4
2024,7,00-0033090,TE,True,0,0,5.0,11.6
2024,7,00-0033217,TE,True,0,0,4.0,6.1
2024,7,00-0033246,TE,True,0,0,2.0,4.1
2024,7,00-0033282,WR,True,0,0,4.0,5.9
2024,7,00-0033526,RB,True,0,0,2.0,2.9
2024,7,00-0033555,WR,True,0,0,2.0,7.3
2024,7,00-0033576,TE,True,0,0,2.0,5.1
2024,7,00-0033589,WR,True,0,0,2.0,2.7
2024,7,00-0033854,RB,True,0,0,2.0,0.8
2024,7,00-0033895,TE,True,0,0,1.0,0.0
2024,7,00-0033943,WR,True,0,0,2.0,7.4
2024,7,00-0033948,RB,True,0,0,2.0,0.7
2024,7,00-0034115,RB,True,0,0,3.0,1.4
2024,7,00-0034159,TE,True,0,0,5.0,4.6
2024,7,00-0034208,RB,True,0,0,4.0,0.7
2024,7,00-0034270,TE,True,0,0,3.0,2.0
2024,7,00-0034272,WR,True,0,0,3.0,0.0
2024,7,00-0034348,WR,False,2,2,6.0,13.3
2024,7,00-0034386,WR,True,0,0,3.0,3.7
2024,7,00-0034418,WR,True,0,0,3.0,3.8
2024,7,00-0034419,WR,True,0,0,0.0,0.0
2024,7,00-0034613,TE,True,0,0,3.0,0.8
2024,7,00-0034646,WR,True,0,0,0.0,0.0
2024,7,00-0034798,TE,True,0,0,1.0,0.0
2024,7,00-0034837,WR,True,0,0,9.0,0.9
2024,7,00-0034854,WR,True,0,0,2.0,13.7
2024,7,00-0034928,WR,True,0,0,0.0,0.0
2024,7,00-0034975,RB,True,0,0,2.0,0.9
2024,7,00-0034981,TE,True,0,0,2.0,6.4
2024,7,00-0035021,WR,True,0,0,1.0,0.0
2024,7,00-0035140,WR,True,0,0,4.0,5.3
2024,7,00-0035208,WR,True,0,0,6.0,4.7
2024,7,00-0035215,WR,True,0,0,0.0,0.0
2024,7,00-0035249,TE,True,0,0,2.0,8.0
2024,7,00-0035298,WR,True,0,0,2.0,4.1
2024,7,00-0035311,RB,True,0,0,3.0,1.8
2024,7,00-0035341,WR,True,0,0,6.0,1.0
2024,7,00-0035406,WR,True,0,0,1.0,1.3
2024,7,00-0035500,WR,True,0,0,5.0,3.1
2024,7,00-0035537,RB,True,0,0,4.0,3.4
2024,7,00-0035594,RB,True,0,0,1.0,0.6
2024,7,00-0035644,TE,True,0,0,6.0,9.3
2024,7,00-0035689,TE,True,0,0,1.0,7.7
2024,7,00-0035806,RB,True,0,0,5.0,2.6
2024,7,00-0036040,TE,True,0,0,3.0,6.3
2024,7,00-0036182,WR,True,0,0,2.0,7.4
2024,7,00-0036196,WR,True,0,0,8.0,19.0
2024,7,00-0036244,TE,True,0,0,13.0,8.7
2024,7,00-0036259,WR,True,0,0,5.0,4.2
2024,7,00-0036268,WR,True,0,0,0.0,6.0
2024,7,00-0036331,WR,True,0,0,1.0,0.3
2024,7,00-0036345,WR,True,0,0,5.0,0.8
2024,7,00-0036415,WR,True,0,0,5.0,4.1
2024,7,00-0036422,TE,True,0,0,1.0,2.4
2024,7,00-0036425,RB,True,0,0,0.0,0.0
2024,7,00-0036429,TE,True,0,0,0.0,0.0
2024,7,00-0036497,WR,True,0,0,0.0,0.0
2024,7,00-0036527,WR,True,0,0,4.0,4.7
2024,7,00-0036550,WR,True,0,0,4.0,9.1
2024,7,00-0036556,TE,True,0,0,1.0,0.9
2024,7,00-0036590,TE,True,0,0,0.0,0.0
2024,7,00-0036628,TE,True,0,0,0.0,0.0
2024,7,00-0036637,TE,True,0,0,2.0,3.9
2024,7,00-0036754,TE,True,0,0,1.0,0.0
2024,7,00-0036825,TE,True,0,0,0.0,0.0
2024,7,00-0036876,TE,True,0,0,1.0,0.0
2024,7,00-0036877,WR,True,0,0,1.0,1.1
2024,7,00-0036887,TE,True,0,0,2.0,2.7
2024,7,00-0036906,RB,True,0,0,0.0,0.0
2024,7,00-0036919,RB,True,0,0,4.0,2.3
2024,7,00-0036950,RB,True,0,0,0.0,0.0
2024,7,00-0036980,WR,True,0,0,1.0,0.8
2024,7,00-0036988,WR,True,0,0,3.0,4.8
2024,7,00-0037086,TE,True,0,0,4.0,8.7
2024,7,00-0037091,WR,True,0,0,4.0,3.8
2024,7,00-0037093,WR,True,0,0,0.0,0.0
2024,7,00-0037132,WR,True,0,0,1.0,1.6
2024,7,00-0037228,RB,True,0,0,9.0,3.3
2024,7,00-0037252,TE,True,0,0,1.0,0.0
2024,7,00-0037258,RB,True,0,0,9.0,14.2
2024,7,00-0037263,RB,False,2,1,19.0,19.3
2024,7,00-0037291,WR,True,0,0,3.0,3.6
2024,7,00-0037348,TE,True,0,0,0.0,0.0
2024,7,00-0037429,RB,True,0,0,0.0,0.0
2024,7,00-0037450,WR,True,0,0,2.0,1.1
2024,7,00-0037557,RB,True,0,0,6.0,2.6
2024,7,00-0037594,RB,True,0,0,1.0,0.2
2024,7,00-0037664,WR,True,0,0,4.0,0.0
2024,7,00-0037741,WR,True,0,0,4.0,2.8
2024,7,00-0037742,WR,True,0,0,1.0,1.5
2024,7,00-0037745,WR,True,0,0,3.0,2.4
2024,7,00-0037801,WR,True,0,0,8.0,3.0
2024,7,00-0037816,WR,True,0,0,4.0,18.4
2024,7,00-0037837,WR,True,0,0,5.0,4.6
2024,7,00-0037838,TE,True,0,0,4.0,3.7
2024,7,00-0038098,RB,True,0,0,11.0,8.8
2024,7,00-0038104,WR,True,0,0,1.0,0.0
2024,7,00-0038115,TE,True,0,0,0.0,0.0
2024,7,00-0038124,WR,True,0,0,4.0,14.3
2024,7,00-0038129,TE,True,0,0,6.0,8.5
2024,7,00-0038396,RB,True,0,0,3.0,1.3
2024,7,00-0038488,RB,True,0,0,0.0,0.0
2024,7,00-0038496,WR,True,0,0,0.0,0.0
2024,7,00-0038544,WR,True,0,0,5.0,3.7
2024,7,00-0038558,TE,True,0,0,1.0,1.4
2024,7,00-0038559,WR,False,1,1,4.0,9.1
2024,7,00-0038563,WR,True,0,0,2.0,0.0
2024,7,00-0038573,WR,True,0,0,4.0,2.7
2024,7,00-0038576,WR,True,0,0,0.0,0.0
2024,7,00-0038606,WR,True,0,0,0.0,0.0
2024,7,00-0038618,WR,True,0,0,2.0,0.0
2024,7,00-0038619,WR,True,0,0,3.0,4.6
2024,7,00-0038621,WR,True,0,0,9.0,18.2
2024,7,00-0038622,RB,True,0,0,4.0,1.8
2024,7,00-0038640,WR,True,0,0,6.0,2.0
2024,7,00-0038678,RB,True,0,0,5.0,2.8
2024,7,00-0038705,RB,True,0,0,11.0,8.9
2024,7,00-0038720,TE,True,0,0,0.0,0.0
2024,7,00-0038738,RB,True,0,0,3.0,2.9
2024,7,00-0038794,RB,True,0,0,5.0,3.5
2024,7,00-0038938,WR,True,0,0,4.0,1.1
2024,7,00-0038951,RB,True,0,0,17.0,32.7
2024,7,00-0038976,WR,True,0,0,3.0,0.0
2024,7,00-0038979,WR,True,0,0,1.0,-0.5
2024,7,00-0039032,RB,True,0,0,6.0,2.7
2024,7,00-0039041,TE,True,0,0,0.0,0.0
2024,7,00-0039052,WR,True,0,0,3.0,10.1
2024,7,00-0039062,WR,True,0,0,1.0,0.6
2024,7,00-0039066,TE,True,0,0,3.0,1.2
2024,7,00-0039067,WR,True,0,0,0.0,0.0
2024,7,00-0039074,TE,True,0,0,1.0,0.0
2024,7,00-0039144,TE,True,0,0,3.0,2.8
2024,7,00-0039236,WR,True,0,0,2.0,0.0
2024,7,00-0039342,WR,True,0,0,4.0,9.8
2024,7,00-0039355,WR,True,0,0,1.0,1.0
2024,7,00-0039356,TE,True,0,0,7.0,7.4
2024,7,00-0039363,RB,True,0,0,10.0,9.9
2024,7,00-0039365,WR,True,0,0,0.0,0.0
2024,7,00-0039373,RB,True,0,0,2.0,1.3
2024,7,00-0039386,WR,True,0,0,8.0,13.0
2024,7,00-0039392,WR,True,0,0,0.0,0.0
2024,7,00-0039424,WR,True,0,0,6.0,9.8
2024,7,00-0039589,WR,True,0,0,0.0,0.0
2024,7,00-0039603,RB,True,0,0,1.0,0.2
2024,7,00-0039623,WR,True,0,0,2.0,2.0
2024,7,00-0039738,RB,False,1,1,6.0,3.8
2024,7,00-0039746,RB,True,0,0,0.0,0.0
2024,7,00-0039751,WR,True,0,0,10.0,12.4
2024,7,00-0039816,WR,True,0,0,0.0,0.0
2024,7,00-0039847,TE,True,0,0,3.0,4.5
2024,7,00-0039855,WR,True,0,0,1.0,0.0
2024,7,00-0039890,WR,True,0,0,4.0,1.9
2024,7,00-0039907,WR,True,0,0,4.0,0.9
2024,7,00-0024243,TE,True,0,0,1.0,0.7
2024,7,00-0030431,WR,True,0,0,0.0,0.0
2024,7,00-0031484,TE,True,0,0,0.0,0.0
2024,7,00-0032128,WR,True,0,0,2.0,0.0
2024,7,00-0032688,WR,True,0,0,4.0,1.0
2024,7,00-0033375,WR,True,0,0,3.0,8.3
2024,7,00-0033376,RB,True,0,0,0.0,0.0
2024,7,00-0033536,WR,True,0,0,3.0,0.0
2024,7,00-0033591,WR,True,0,0,8.0,7.8
2024,7,00-0033925,RB,True,0,0,12.0,5.7
2024,7,00-0034487,WR,True,0,0,1.0,1.3
2024,7,00-0034808,RB,True,0,0,0.0,0.0
2024,7,00-0035291,RB,True,0,0,0.0,0.0
2024,7,00-0035544,WR,True,0,0,1.0,0.0
2024,7,00-0035628,RB,True,0,0,8.0,5.4
2024,7,00-0035631,TE,True,0,0,1.0,0.5
2024,7,00-0036133,WR,True,0,0,0.0,0.0
2024,7,00-0036232,TE,True,0,0,5.0,3.9
2024,7,00-0036626,WR,True,0,0,1.0,1.6
2024,7,00-0036862,WR,True,0,0,0.0,0.0
2024,7,00-0037004,TE,True,0,0,2.0,2.6
2024,7,00-0037005,TE,True,0,0,2.0,-0.8
2024,7,00-0037085,RB,True,0,0,3.0,-1.4
2024,7,00-0037112,TE,True,0,0,0.0,0.0
2024,7,00-0037120,RB,True,0,0,13.0,8.5
2024,7,00-0037156,WR,True,0,0,0.0,0.0
2024,7,00-0037257,WR,True,0,0,3.0,4.2
2024,7,00-0037292,TE,True,0,0,2.0,3.4
2024,7,00-0037311,TE,True,0,0,0.0,0.0
2024,7,00-0037569,TE,True,0,0,0.0,0.0
2024,7,00-0037617,RB,True,0,0,2.0,0.5
2024,7,00-0037805,TE,True,0,0,3.0,1.7
2024,7,00-0038046,TE,True,0,0,0.0,0.0
2024,7,00-0038507,WR,True,0,0,3.0,1.8
2024,7,00-0038547,TE,True,0,0,2.0,1.3
2024,7,00-0038589,TE,True,0,0,1.0,0.7
2024,7,00-0038752,WR,True,0,0,4.0,2.8
2024,7,00-0038783,TE,True,0,0,1.0,1.0
2024,7,00-0038935,TE,True,0,0,2.0,1.6
2024,7,00-0039359,TE,True,0,0,1.0,0.0
2024,7,00-0039364,RB,True,0,0,1.0,0.5
2024,7,00-0039530,TE,True,0,0,3.0,3.0
2024,7,00-0039686,TE,True,0,0,0.0,0.0
2024,7,00-0039793,TE,True,0,0,1.0,1.8
2024,7,00-0039810,WR,True,0,0,2.0,5.2
2024,7,00-0039814,TE,True,0,0,3.0,2.0
2024,7,00-0039824,TE,True,0,0,1.0,1.2
2024,7,00-0039868,WR,True,0,0,4.0,10.6
2024,7,00-0039912,TE,True,0,0,0.0,0.0
2024,7,00-0039920,WR,True,0,0,1.0,0.9
2024,7,00-0033439,TE,True,0,0,1.0,1.2
2024,7,00-0034073,TE,True,0,0,0.0,0.0
2024,7,00-0035639,WR,True,0,0,4.0,9.7
2024,7,00-0035726,RB,True,0,0,0.0,0.0
2024,7,00-0036096,RB,True,0,0,7.0,1.8
2024,7,00-0036187,RB,True,0,0,0.0,0.0
2024,7,00-0036254,WR,True,0,0,0.0,0.0
2024,7,00-0036332,TE,True,0,0,0.0,0.0
2024,7,00-0036620,WR,True,0,0,1.0,3.5
2024,7,00-0036635,WR,True,0,0,0.0,0.0
2024,7,00-0036646,WR,True,0,0,4.0,5.4
2024,7,00-0036741,TE,True,0,0,2.0,0.9
2024,7,00-0037299,RB,True,0,0,0.0,0.0
2024,7,00-0037451,TE,True,0,0,0.0,0.0
2024,7,00-0037475,TE,True,0,0,1.0,1.5
2024,7,00-0038092,WR,True,0,0,2.0,0.0
2024,7,00-0038359,WR,True,0,0,2.0,1.6
2024,7,00-0038477,WR,True,0,0,0.0,6.0
2024,7,00-0038608,WR,True,0,0,3.0,13.4
2024,7,00-0038636,RB,True,0,0,0.0,0.0
2024,7,00-0038647,WR,True,0,0,3.0,1.7
2024,7,00-0038685,RB,True,0,0,4.0,2.1
2024,7,00-0039021,RB,True,0,0,8.0,4.3
2024,7,00-0039050,TE,True,0,0,0.0,0.0
2024,7,00-0039737,TE,True,0,0,1.0,1.0
2024,7,00-0039798,RB,True,0,0,0.0,0.0
2024,7,00-0032385,WR,True,0,0,8.0,6.9
2024,7,00-0033251,WR,True,0,0,0.0,0.0
2024,7,00-0033460,WR,True,0,0,2.0,1.1
2024,7,00-0035602,WR,True,0,0,3.0,4.6
2024,7,00-0035973,RB,True,0,0,6.0,3.3
2024,7,00-0036569,RB,True,0,0,0.0,0.0
2024,7,00-0036630,WR,True,0,0,2.0,4.1
2024,7,00-0037609,RB,True,0,0,1.0,-0.2
2024,7,00-0037614,WR,True,0,0,1.0,1.2
2024,7,00-0038090,WR,True,0,0,0.0,0.0
2024,7,00-0038465,WR,True,0,0,3.0,2.4
2024,7,00-0038489,RB,True,0,0,0.0,0.0
2024,7,00-0038710,TE,True,0,0,3.0,8.8
2024,7,00-0039491,WR,True,0,0,3.0,4.5
2024,7,00-0031235,WR,True,0,0,2.0,0.0
2024,7,00-0033292,WR,True,0,0,0.0,0.0
2024,7,00-0033307,WR,True,0,0,2.0,1.9
2024,7,00-0035164,WR,True,0,0,0.0,0.0
2024,7,00-0035547,TE,True,0,0,1.0,1.0
2024,7,00-0035924,RB,True,0,0,3.0,1.3
2024,7,00-0037382,WR,True,0,0,1.0,1.4
2024,7,00-0037539,TE,True,0,0,4.0,2.1
2024,7,00-0038394,TE,True,0,0,1.0,0.0
2024,7,00-0038840,WR,True,0,0,1.0,0.3
2024,7,00-0038920,TE,True,0,0,0.0,0.0
2024,7,00-0039244,RB,True,0,0,0.0,0.0
2024,7,00-0031428,WR,True,0,0,1.0,0.0
2024,7,00-0032141,TE,True,0,0,0.0,0.0
2024,7,00-0034365,TE,True,0,0,3.0,0.0
2024,7,00-0035567,RB,True,0,0,6.0,2.1
2024,7,00-0036165,WR,True,0,0,1.0,1.0
2024,7,00-0036183,WR,True,0,0,3.0,8.8
2024,7,00-0038809,TE,True,0,0,2.0,4.8
2024,7,00-0038824,WR,True,0,0,1.0,4.4
2024,7,00-0039230,RB,True,0,0,0.0,0.0
2024,7,00-0039391,RB,True,0,0,6.0,12.1
2024,7,00-0039407,RB,True,0,0,1.0,-2.0
2024,7,00-0039410,WR,True,0,0,1.0,-0.30000000000000004
2024,7,00-0039521,WR,True,0,0,1.0,0.0
2024,7,00-0039595,RB,True,0,0,0.0,0.0
2024,7,00-0039757,RB,True,0,0,5.0,1.3
2024,8,00-0030564,WR,False,5,5,1.0,0.3
2024,8,00-0030578,RB,True,0,0,8.0,7.2
2024,8,00-0031299,TE,True,0,0,1.0,0.0
2024,8,00-0031549,WR,True,0,0,2.0,2.5
2024,8,00-0031585,TE,True,0,0,0.0,0.0
2024,8,00-0031690,TE,True,0,0,1.0,1.2
2024,8,00-0031763,WR,True,0,0,0.0,0.0
2024,8,00-0031941,WR,True,0,0,1.0,1.0
2024,8,00-0032104,RB,True,0,0,9.0,3.3
2024,8,00-0032392,TE,True,0,0,5.0,5.2
2024,8,00-0032394,TE,True,0,0,4.0,4.5
2024,8,00-0032464,WR,True,0,0,4.0,11.4
2024,8,00-0033009,WR,True,0,0,5.0,6.8
2024,8,00-0033217,TE,True,0,0,1.0,0.0
2024,8,00-0033246,TE,True,0,0,5.0,2.8
2024,8,00-0033282,WR,True,0,0,1.0,0.0
2024,8,00-0033526,RB,True,0,0,3.0,3.3
2024,8,00-0033555,WR,True,0,0,1.0,0.0
2024,8,00-0033576,TE,True,0,0,2.0,5.1
2024,8,00-0033589,WR,True,0,0,0.0,0.0
2024,8,00-0033854,RB,True,0,0,2.0,0.6
2024,8,00-0033895,TE,True,0,0,1.0,0.0
2024,8,00-0033943,WR,True,0,0,2.0,7.4
2024,8,00-0033948,RB,True,0,0,3.0,1.7
2024,8,00-0034115,RB,True,0,0,3.0,1.4
2024,8,00-0034159,TE,True,0,0,11.0,12.1
2024,8,00-0034208,RB,True,0,0,4.0,0.7
2024,8,00-0034270,TE,True,0,0,4.0,8.7
2024,8,00-0034272,WR,True,0,0,3.0,0.0
2024,8,00-0034386,WR,True,0,0,1.0,1.3
2024,8,00-0034407,WR,True,0,0,4.0,1.9
2024,8,00-0034418,WR,True,0,0,7.0,14.7
2024,8,00-0034419,WR,True,0,0,0.0,0.0
2024,8,00-0034613,TE,True,0,0,1.0,0.0
2024,8,00-0034646,WR,True,0,0,0.0,0.0
2024,8,00-0034798,TE,True,0,0,0.0,0.0
2024,8,00-0034854,WR,True,0,0,2.0,13.7
2024,8,00-0034928,WR,True,0,0,0.0,0.0
2024,8,00-0034975,RB,True,0,0,8.0,12.3
2024,8,00-0034981,TE,True,0,0,2.0,4.8
2024,8,00-0035021,WR,True,0,0,1.0,1.2
2024,8,00-0035140,WR,True,0,0,4.0,12.0
2024,8,00-0035208,WR,True,0,0,6.0,4.5
2024,8,00-0035215,WR,True,0,0,0.0,0.0
2024,8,00-0035249,TE,True,0,0,1.0,1.0
2024,8,00-0035298,WR,True,0,0,2.0,4.1
2024,8,00-0035311,RB,True,0,0,3.0,1.8
2024,8,00-0035341,WR,True,0,0,6.0,1.0
2024,8,00-0035406,WR,True,0,0,3.0,2.2
2024,8,00-0035500,WR,True,0,0,2.0,7.0
2024,8,00-0035537,RB,True,0,0,1.0,6.9
2024,8,00-0035594,RB,True,0,0,1.0,0.6
2024,8,00-0035689,TE,True,0,0,3.0,1.0
2024,8,00-0035806,RB,True,0,0,7.0,13.2
2024,8,00-0036040,TE,True,0,0,6.0,3.3
2024,8,00-0036182,WR,True,0,0,4.0,8.0
2024,8,00-0036196,WR,True,0,0,2.0,1.8
2024,8,00-0036244,TE,True,0,0,2.0,4.2
2024,8,00-0036259,WR,False,4,4,5.0,4.2
2024,8,00-0036268,WR,True,0,0,0.0,0.0
2024,8,00-0036331,WR,True,0,0,1.0,0.3
2024,8,00-0036345,WR,True,0,0,3.0,9.6
2024,8,00-0036415,WR,True,0,0,3.0,8.5
2024,8,00-0036422,TE,True,0,0,3.0,0.0
2024,8,00-0036425,RB,True,0,0,0.0,0.0
2024,8,00-0036429,TE,True,0,0,0.0,0.0
2024,8,00-0036497,WR,True,0,0,0.0,0.0
2024,8,00-0036527,WR,True,0,0,8.0,2.7
2024,8,00-0036550,WR,True,0,0,4.0,20.1
2024,8,00-0036556,TE,True,0,0,1.0,0.9
2024,8,00-0036590,TE,True,0,0,0.0,0.0
2024,8,00-0036628,TE,True,0,0,0.0,0.0
2024,8,00-0036637,TE,True,0,0,4.0,8.6
2024,8,00-0036754,TE,True,0,0,1.0,0.0
2024,8,00-0036825,TE,True,0,0,0.0,0.0
2024,8,00-0036876,TE,True,0,0,2.0,0.0
2024,8,00-0036877,WR,True,0,0,0.0,0.0
2024,8,00-0036887,TE,True,0,0,2.0,2.7
2024,8,00-0036906,RB,True,0,0,0.0,0.0
2024,8,00-0036919,RB,True,0,0,14.0,7.2
2024,8,00-0036950,RB,True,0,0,0.0,0.0
2024,8,00-0036980,WR,True,0,0,6.0,7.1
2024,8,00-0036988,WR,True,0,0,5.0,8.3
2024,8,00-0037086,TE,True,0,0,1.0,1.0
2024,8,00-0037091,WR,True,0,0,2.0,1.2
2024,8,00-0037093,WR,True,0,0,0.0,0.0
2024,8,00-0037132,WR,True,0,0,1.0,1.6
2024,8,00-0037228,RB,False,1,1,15.0,6.9
2024,8,00-0037252,TE,True,0,0,1.0,0.0
2024,8,00-0037258,RB,True,0,0,2.0,0.2
2024,8,00-0037291,WR,True,0,0,5.0,9.6
2024,8,00-0037348,TE,True,0,0,0.0,0.0
2024,8,00-0037429,RB,True,0,0,0.0,0.0
2024,8,00-0037450,WR,True,0,0,2.0,1.1
2024,8,00-0037557,RB,True,0,0,0.0,0.0
2024,8,00-0037594,RB,True,0,0,4.0,2.9
2024,8,00-0037664,WR,True,0,0,5.0,2.5
2024,8,00-0037741,WR,True,0,0,1.0,0.0
2024,8,00-0037742,WR,True,0,0,1.0,1.5
2024,8,00-0037745,WR,True,0,0,3.0,2.4
2024,8,00-0037801,WR,True,0,0,8.0,3.0
2024,8,00-0037816,WR,False,4,4,10.0,13.4
2024,8,00-0037837,WR,True,0,0,4.0,4.1
2024,8,00-0037838,TE,True,0,0,4.0,2.7
2024,8,00-0038098,RB,True,0,0,6.0,2.0
2024,8,00-0038104,WR,True,0,0,1.0,0.0
2024,8,00-0038115,TE,True,0,0,1.0,1.6
2024,8,00-0038117,WR,True,0,0,9.0,5.3
2024,8,00-0038124,WR,True,0,0,3.0,1.0
2024,8,00-0038129,TE,False,1,1,10.0,14.0
2024,8,00-0038396,RB,True,0,0,2.0,1.4
2024,8,00-0038488,RB,True,0,0,0.0,0.0
2024,8,00-0038496,WR,True,0,0,0.0,0.0
2024,8,00-0038544,WR,True,0,0,5.0,3.7
2024,8,00-0038558,TE,True,0,0,4.0,5.6
2024,8,00-0038559,WR,True,0,0,3.0,2.0
2024,8,00-0038563,WR,True,0,0,9.0,6.2
2024,8,00-0038573,WR,True,0,0,4.0,2.7
2024,8,00-0038576,WR,True,0,0,0.0,6.0
2024,8,00-0038606,WR,True,0,0,0.0,6.0
2024,8,00-0038618,WR,True,0,0,1.0,1.6
2024,8,00-0038619,WR,True,0,0,1.0,0.0
2024,8,00-0038621,WR,True,0,0,3.0,2.4
2024,8,00-0038622,RB,True,0,0,4.0,1.8
2024,8,00-0038640,WR,True,0,0,6.0,2.0
2024,8,00-0038678,RB,True,0,0,5.0,2.8
2024,8,00-0038705,RB,True,0,0,1.0,1.4
2024,8,00-0038720,TE,True,0,0,2.0,0.9
2024,8,00-0038738,RB,True,0,0,3.0,2.9
2024,8,00-0038794,RB,True,0,0,4.0,3.5
2024,8,00-0038938,WR,True,0,0,1.0,0.0
2024,8,00-0038951,RB,True,0,0,7.0,4.3
2024,8,00-0038976,WR,True,0,0,3.0,2.8
2024,8,00-0038979,WR,True,0,0,12.0,14.1
2024,8,00-0039032,RB,True,0,0,6.0,2.7
2024,8,00-0039041,TE,True,0,0,1.0,0.6
2024,8,00-0039052,WR,True,0,0,3.0,2.1
2024,8,00-0039062,WR,True,0,0,1.0,0.6
2024,8,00-0039066,TE,True,0,0,3.0,1.2
2024,8,00-0039067,WR,True,0,0,0.0,0.0
2024,8,00-0039074,TE,True,0,0,1.0,0.0
2024,8,00-0039144,TE,True,0,0,3.0,2.8
2024,8,00-0039236,WR,True,0,0,2.0,0.0
2024,8,00-0039342,WR,True,0,0,4.0,1.9
2024,8,00-0039355,WR,True,0,0,1.0,1.0
2024,8,00-0039356,TE,True,0,0,6.0,9.1
2024,8,00-0039363,RB,True,0,0,2.0,1.2
2024,8,00-0039365,WR,True,0,0,3.0,6.0
2024,8,00-0039373,RB,True,0,0,5.0,0.9
2024,8,00-0039386,WR,True,0,0,5.0,5.2
2024,8,00-0039392,WR,True,0,0,0.0,0.0
2024,8,00-0039424,WR,True,0,0,3.0,2.5
2024,8,00-0039589,WR,True,0,0,0.0,0.0
2024,8,00-0039603,RB,True,0,0,1.0,0.2
2024,8,00-0039623,WR,True,0,0,9.0,7.5
2024,8,00-0039746,RB,True,0,0,8.0,1.5
2024,8,00-0039751,WR,True,0,0,10.0,12.4
2024,8,00-0039816,WR,True,0,0,0.0,0.0
2024,8,00-0039847,TE,True,0,0,0.0,0.0
2024,8,00-0039890,WR,True,0,0,3.0,4.0
2024,8,00-0039907,WR,True,0,0,3.0,0.0
2024,8,00-0039921,RB,True,0,0,5.0,2.6
2024,8,00-0024243,TE,True,0,0,1.0,0.7
2024,8,00-0030431,WR,True,0,0,0.0,0.0
2024,8,00-0031484,TE,True,0,0,0.0,0.0
2024,8,00-0032128,WR,True,0,0,2.0,0.0
2024,8,00-0032688,WR,True,0,0,4.0,1.0
2024,8,00-0033375,WR,True,0,0,2.0,3.5
2024,8,00-0033376,RB,True,0,0,1.0,0.0
2024,8,00-0033536,WR,True,0,0,2.0,2.0
2024,8,00-0033591,WR,True,0,0,1.0,2.1
2024,8,00-0033925,RB,True,0,0,2.0,0.5
2024,8,00-0034487,WR,True,0,0,0.0,0.0
2024,8,00-0034808,RB,True,0,0,0.0,0.0
2024,8,00-0035291,RB,True,0,0,0.0,0.0
2024,8,00-0035544,WR,True,0,0,1.0,0.0
2024,8,00-0035631,TE,True,0,0,1.0,0.0
2024,8,00-0036133,WR,True,0,0,0.0,0.0
2024,8,00-0036232,TE,True,0,0,2.0,2.9
2024,8,00-0036626,WR,True,0,0,3.0,2.8
2024,8,00-0036862,WR,True,0,0,0.0,0.0
2024,8,00-0036984,RB,True,0,0,9.0,5.4
2024,8,00-0037004,TE,True,0,0,1.0,1.0
2024,8,00-0037005,TE,True,0,0,2.0,-0.8
2024,8,00-0037085,RB,True,0,0,3.0,-1.4
2024,8,00-0037112,TE,True,0,0,0.0,0.0
2024,8,00-0037120,RB,True,0,0,14.0,11.1
2024,8,00-0037156,WR,True,0,0,1.0,0.0
2024,8,00-0037257,WR,True,0,0,3.0,4.2
2024,8,00-0037292,TE,True,0,0,1.0,0.0
2024,8,00-0037311,TE,True,0,0,0.0,0.0
2024,8,00-0037569,TE,True,0,0,0.0,0.0
2024,8,00-0037617,RB,True,0,0,2.0,0.2
2024,8,00-0037805,TE,True,0,0,3.0,1.7
2024,8,00-0038046,TE,True,0,0,1.0,1.9
2024,8,00-0038507,WR,True,0,0,3.0,1.8
2024,8,00-0038547,TE,True,0,0,2.0,1.3
2024,8,00-0038589,TE,True,0,0,4.0,4.9
2024,8,00-0038752,WR,True,0,0,1.0,0.0
2024,8,00-0038783,TE,True,0,0,0.0,0.0
2024,8,00-0038935,TE,True,0,0,2.0,1.6
2024,8,00-0039359,TE,True,0,0,1.0,2.0
2024,8,00-0039364,RB,True,0,0,0.0,0.0
2024,8,00-0039530,TE,True,0,0,3.0,3.0
2024,8,00-0039686,TE,True,0,0,0.0,0.0
2024,8,00-0039793,TE,True,0,0,1.0,1.0
2024,8,00-0039810,WR,True,0,0,2.0,5.2
2024,8,00-0039814,TE,True,0,0,1.0,0.0
2024,8,00-0039824,TE,True,0,0,1.0,1.2
2024,8,00-0039868,WR,True,0,0,6.0,7.5
2024,8,00-0039912,TE,True,0,0,2.0,7.6
2024,8,00-0039920,WR,True,0,0,1.0,0.9
2024,8,00-0033439,TE,True,0,0,1.0,1.2
2024,8,00-0034073,TE,True,0,0,0.0,0.0
2024,8,00-0035639,WR,True,0,0,1.0,0.0
2024,8,00-0035726,RB,True,0,0,0.0,0.0
2024,8,00-0036096,RB,True,0,0,7.0,1.8
2024,8,00-0036187,RB,True,0,0,0.0,0.0
2024,8,00-0036254,WR,True,0,0,0.0,0.0
2024,8,00-0036332,TE,True,0,0,0.0,0.0
2024,8,00-0036620,WR,True,0,0,1.0,3.5
2024,8,00-0036635,WR,True,0,0,0.0,0.0
2024,8,00-0036646,WR,True,0,0,6.0,6.0
2024,8,00-0036741,TE,True,0,0,0.0,0.0
2024,8,00-0037299,RB,True,0,0,0.0,0.0
2024,8,00-0037451,TE,True,0,0,0.0,0.0
2024,8,00-0037475,TE,True,0,0,2.0,3.6
2024,8,00-0038092,WR,True,0,0,2.0,0.0
2024,8,00-0038359,WR,True,0,0,2.0,3.0
2024,8,00-0038477,WR,True,0,0,0.0,0.0
2024,8,00-0038608,WR,True,0,0,2.0,3.8
2024,8,00-0038636,RB,True,0,0,1.0,0.5
2024,8,00-0038647,WR,True,0,0,2.0,1.5
2024,8,00-0038685,RB,True,0,0,4.0,2.1
2024,8,00-0039021,RB,True,1,0,8.0,4.3
2024,8,00-0039050,TE,True,0,0,0.0,0.0
2024,8,00-0039737,TE,True,0,0,1.0,0.6
2024,8,00-0039798,RB,True,0,0,1.0,1.2
2024,8,00-0032385,WR,True,0,0,1.0,4.0
2024,8,00-0033251,WR,True,0,0,0.0,0.0
2024,8,00-0033460,WR,True,0,0,2.0,1.1
2024,8,00-0035602,WR,True,0,0,0.0,0.0
2024,8,00-0035973,RB,True,0,0,6.0,3.3
2024,8,00-0036569,RB,True,0,0,0.0,0.0
2024,8,00-0036630,WR,True,0,0,0.0,0.0
2024,8,00-0037609,RB,True,0,0,1.0,-0.2
2024,8,00-0037614,WR,True,0,0,1.0,1.2
2024,8,00-0038090,WR,True,0,0,1.0,0.0
2024,8,00-0038465,WR,True,0,0,3.0,2.4
2024,8,00-0038489,RB,True,0,0,0.0,0.0
2024,8,00-0038710,TE,True,0,0,3.0,8.8
2024,8,00-0039491,WR,True,0,0,1.0,1.5
2024,8,00-0031235,WR,True,0,0,2.0,0.0
2024,8,00-0033292,WR,True,0,0,0.0,0.0
2024,8,00-0033307,WR,True,0,0,2.0,1.9
2024,8,00-0035164,WR,True,0,0,0.0,0.0
2024,8,00-0035547,TE,True,0,0,1.0,0.0
2024,8,00-0035924,RB,True,0,0,0.0,0.0
2024,8,00-0037382,WR,True,0,0,1.0,1.4
2024,8,00-0037539,TE,True,0,0,4.0,5.6
2024,8,00-0038394,TE,True,0,0,1.0,1.0
2024,8,00-0038840,WR,True,0,0,1.0,0.3
2024,8,00-0038920,TE,True,0,0,0.0,0.0
2024,8,00-0039244,RB,True,0,0,0.0,0.0
2024,8,00-0031428,WR,True,0,0,1.0,0.0
2024,8,00-0032141,TE,True,0,0,0.0,0.0
2024,8,00-0034365,TE,True,0,0,2.0,1.4
2024,8,00-0035567,RB,True,0,0,6.0,2.1
2024,8,00-0036165,WR,True,0,0,1.0,1.0
2024,8,00-0036183,WR,True,0,0,3.0,8.8
2024,8,00-0038809,TE,True,0,0,1.0,0.7
2024,8,00-0038824,WR,True,0,0,1.0,4.4
2024,8,00-0039230,RB,True,0,0,0.0,0.0
2024,8,00-0039391,RB,True,0,0,4.0,2.4
2024,8,00-0039407,RB,True,0,0,1.0,-2.0
2024,8,00-0039410,WR,True,0,0,1.0,-0.30000000000000004
2024,8,00-0039521,WR,True,0,0,1.0,0.0
2024,8,00-0039595,RB,True,0,0,0.0,0.0
2024,8,00-0039757,RB,True,0,0,5.0,1.3
2024,8,00-0033891,WR,True,0,0,1.0,0.0
2024,8,00-0036387,WR,True,0,0,2.0,2.5
2024,8,00-0037456,RB,True,0,0,0.0,0.0
2024,8,00-0038551,RB,True,0,0,9.0,4.7
2024,8,00-0039393,RB,True,0,0,5.0,1.7
2024,8,00-0039394,WR,True,0,0,1.0,1.9
2024,8,00-0039614,WR,True,0,0,0.0,0.0
2024,8,00-0039792,WR,True,0,0,0.0,0.0
2024,8,00-0039916,WR,True,0,0,5.0,3.6
2024,9,00-0030578,RB,True,0,0,8.0,7.2
2024,9,00-0031299,TE,True,0,0,1.0,0.0
2024,9,00-0031549,WR,True,0,0,5.0,11.1
2024,9,00-0031585,TE,True,0,0,1.0,1.5
2024,9,00-0031690,TE,True,0,0,1.0,0.0
2024,9,00-0031763,WR,True,0,0,1.0,1.2
2024,9,00-0031941,WR,True,0,0,1.0,1.0
2024,9,00-0032104,RB,True,0,0,3.0,1.6
2024,9,00-0032392,TE,True,0,0,4.0,3.0
2024,9,00-0032394,TE,True,0,0,1.0,0.0
2024,9,00-0032464,WR,True,0,0,2.0,14.4
2024,9,00-0033009,WR,True,0,0,6.0,2.9
2024,9,00-0033217,TE,True,0,0,1.0,0.0
2024,9,00-0033246,TE,True,0,0,2.0,1.5
2024,9,00-0033282,WR,True,0,0,1.0,0.0
2024,9,00-0033357,TE,False,1,1,8.0,5.22
2024,9,00-0033526,RB,True,0,0,2.0,4.0
2024,9,00-0033555,WR,True,0,0,0.0,0.0
2024,9,00-0033576,TE,True,0,0,0.0,0.0
2024,9,00-0033589,WR,True,0,0,5.0,5.9
2024,9,00-0033854,RB,True,0,0,2.0,0.4
2024,9,00-0033895,TE,True,0,0,2.0,0.8
2024,9,00-0033943,WR,True,0,0,2.0,7.4
2024,9,00-0033948,RB,True,0,0,2.0,0.4
2024,9,00-0034115,RB,True,0,0,3.0,1.4
2024,9,00-0034159,TE,True,0,0,7.0,6.6
2024,9,00-0034208,RB,True,0,0,4.0,0.7
2024,9,00-0034270,TE,True,0,0,4.0,11.7
2024,9,00-0034272,WR,True,0,0,3.0,0.0
2024,9,00-0034386,WR,True,0,0,3.0,4.8
2024,9,00-0034407,WR,True,0,0,4.0,4.1
2024,9,00-0034418,WR,True,0,0,7.0,14.7
2024,9,00-0034419,WR,True,0,0,0.0,0.0
2024,9,00-0034613,TE,True,0,0,1.0,0.0
2024,9,00-0034646,WR,True,0,0,0.0,0.0
2024,9,00-0034798,TE,True,0,0,0.0,0.0
2024,9,00-0034854,WR,True,0,0,0.0,0.0
2024,9,00-0034928,WR,True,0,0,0.0,0.0
2024,9,00-0034981,TE,True,0,0,1.0,0.0
2024,9,00-0035021,WR,True,0,0,0.0,0.0
2024,9,00-0035140,WR,True,0,0,1.0,1.3
2024,9,00-0035208,WR,True,0,0,0.0,0.0
2024,9,00-0035215,WR,True,0,0,0.0,0.0
2024,9,00-0035249,TE,True,0,0,2.0,10.0
2024,9,00-0035298,WR,True,0,0,2.0,0.0
2024,9,00-0035311,RB,True,0,0,3.0,1.8
2024,9,00-0035341,WR,True,0,0,1.0,0.9
2024,9,00-0035406,WR,True,0,0,6.0,2.2
2024,9,00-0035500,WR,True,0,0,2.0,1.4
2024,9,00-0035537,RB,True,0,0,1.0,0.0
2024,9,00-0035594,RB,True,0,0,1.0,0.6
2024,9,00-0035644,TE,True,0,0,4.0,3.7
2024,9,00-0035689,TE,True,0,0,2.0,6.0
2024,9,00-0035806,RB,True,0,0,7.0,13.2
2024,9,00-0036040,TE,True,0,0,4.0,6.3
2024,9,00-0036182,WR,True,0,0,4.0,10.9
2024,9,00-0036244,TE,True,0,0,2.0,2.7
2024,9,00-0036252,WR,True,3,3,6.0,2.1
2024,9,00-0036268,WR,True,0,0,1.0,1.5
2024,9,00-0036331,WR,True,0,0,1.0,0.3
2024,9,00-0036345,WR,True,0,0,1.0,0.0
2024,9,00-0036415,WR,True,0,0,5.0,8.2
2024,9,00-0036422,TE,True,0,0,4.0,16.5
2024,9,00-0036425,RB,True,0,0,0.0,0.0
2024,9,00-0036429,TE,True,0,0,1.0,1.8
2024,9,00-0036497,WR,True,0,0,2.0,2.5
2024,9,00-0036527,WR,True,0,0,5.0,11.2
2024,9,00-0036550,WR,True,0,0,5.0,3.3
2024,9,00-0036556,TE,True,0,0,1.0,0.9
2024,9,00-0036590,TE,True,0,0,0.0,0.0
2024,9,00-0036628,TE,True,0,0,2.0,2.5
2024,9,00-0036637,TE,True,0,0,3.0,3.8
2024,9,00-0036754,TE,True,0,0,1.0,7.3
2024,9,00-0036825,TE,True,0,0,0.0,0.0
2024,9,00-0036876,TE,True,0,0,2.0,0.9
2024,9,00-0036877,WR,True,0,0,0.0,0.0
2024,9,00-0036887,TE,True,0,0,0.0,0.0
2024,9,00-0036906,RB,True,0,0,0.0,0.0
2024,9,00-0036919,RB,True,0,0,6.0,1.9
2024,9,00-0036950,RB,True,0,0,0.0,0.0
2024,9,00-0036980,WR,True,0,0,12.0,12.5
2024,9,00-0036988,WR,True,0,0,4.0,8.2
2024,9,00-0037086,TE,True,0,0,3.0,7.3
2024,9,00-0037091,WR,True,0,0,1.0,0.0
2024,9,00-0037093,WR,True,0,0,0.0,0.0
2024,9,00-0037132,WR,True,0,0,1.0,1.6
2024,9,00-0037228,RB,True,0,0,12.0,6.9
2024,9,00-0037252,TE,True,0,0,1.0,0.0
2024,9,00-0037258,RB,True,0,0,1.0,0.4
2024,9,00-0037263,RB,True,0,0,12.0,3.3
2024,9,00-0037291,WR,True,0,0,4.0,2.6
2024,9,00-0037348,TE,True,0,0,0.0,0.0
2024,9,00-0037429,RB,True,0,0,0.0,0.0
2024,9,00-0037450,WR,True,0,0,2.0,1.1
2024,9,00-0037557,RB,True,0,0,0.0,0.0
2024,9,00-0037594,RB,True,0,0,7.0,3.2
2024,9,00-0037664,WR,True,0,0,4.0,1.6
2024,9,00-0037741,WR,True,0,0,1.0,0.0
2024,9,00-0037742,WR,True,0,0,1.0,1.5
2024,9,00-0037745,WR,True,0,0,3.0,2.4
2024,9,00-0037801,WR,True,0,0,5.0,3.2
2024,9,00-0037837,WR,True,0,0,4.0,18.9
2024,9,00-0037838,TE,True,0,0,4.0,6.7
2024,9,00-0038098,RB,True,0,0,1.0,0.8
2024,9,00-0038104,WR,True,0,0,3.0,3.0
2024,9,00-0038115,TE,True,0,0,1.0,1.6
2024,9,00-0038117,WR,True,0,0,5.0,5.5
2024,9,00-0038393,WR,True,0,0,2.0,2.1
2024,9,00-0038396,RB,True,0,0,1.0,0.8
2024,9,00-0038488,RB,True,0,0,0.0,0.0
2024,9,00-0038496,WR,True,0,0,1.0,6.6
2024,9,00-0038544,WR,True,0,0,5.0,3.7
2024,9,00-0038558,TE,True,0,0,1.0,3.4
2024,9,00-0038559,WR,True,0,0,6.0,11.6
2024,9,00-0038563,WR,True,0,0,4.0,4.3
2024,9,00-0038573,WR,True,0,0,4.0,2.7
2024,9,00-0038576,WR,True,0,0,0.0,0.0
2024,9,00-0038606,WR,True,0,0,4.0,6.1
2024,9,00-0038618,WR,True,0,0,1.0,2.4
2024,9,00-0038619,WR,True,0,0,3.0,0.0
2024,9,00-0038621,WR,True,0,0,3.0,2.2
2024,9,00-0038622,RB,True,0,0,4.0,1.8
2024,9,00-0038640,WR,True,0,0,1.0,0.0
2024,9,00-0038678,RB,True,0,0,5.0,2.8
2024,9,00-0038705,RB,True,0,0,1.0,0.0
2024,9,00-0038720,TE,True,0,0,3.0,2.6
2024,9,00-0038738,RB,True,0,0,1.0,0.0
2024,9,00-0038794,RB,True,0,0,9.0,12.1
2024,9,00-0038938,WR,True,0,0,1.0,0.0
2024,9,00-0038951,RB,True,0,0,3.0,2.0
2024,9,00-0038976,WR,True,0,0,2.0,1.3
2024,9,00-0038979,WR,False,4,4,9.0,25.4
2024,9,00-0039032,RB,True,0,0,6.0,2.7
2024,9,00-0039041,TE,True,0,0,2.0,2.3
2024,9,00-0039052,WR,True,0,0,2.0,3.9
2024,9,00-0039062,WR,True,0,0,3.0,0.0
2024,9,00-0039066,TE,True,0,0,3.0,1.2
2024,9,00-0039067,WR,True,0,0,0.0,0.0
2024,9,00-0039074,TE,True,0,0,1.0,0.0
2024,9,00-0039144,TE,True,0,0,3.0,2.8
2024,9,00-0039236,WR,True,0,0,2.0,0.0
2024,9,00-0039342,WR,False,1,1,8.0,11.4
2024,9,00-0039355,WR,True,0,0,2.0,1.3
2024,9,00-0039356,TE,True,0,0,1.0,1.2
2024,9,00-0039363,RB,True,0,0,18.0,17.7
2024,9,00-0039365,WR,True,0,0,0.0,0.0
2024,9,00-0039373,RB,True,0,0,1.0,0.4
2024,9,00-0039386,WR,True,0,0,1.0,4.1
2024,9,00-0039392,WR,True,0,0,1.0,0.0
2024,9,00-0039424,WR,True,0,0,3.0,4.3
2024,9,00-0039589,WR,True,0,0,0.0,0.0
2024,9,00-0039603,RB,True,0,0,1.0,0.2
2024,9,00-0039623,WR,True,0,0,2.0,2.4
2024,9,00-0039746,RB,True,0,0,2.0,-0.3
2024,9,00-0039751,WR,True,0,0,10.0,12.4
2024,9,00-0039816,WR,True,0,0,0.0,0.0
2024,9,00-0039847,TE,True,0,0,4.0,5.0
2024,9,00-0039890,WR,True,0,0,4.0,1.4
2024,9,00-0039907,WR,True,0,0,3.0,0.0
2024,9,00-0039921,RB,True,0,0,1.0,1.0
2024,9,00-0024243,TE,True,0,0,1.0,0.7
2024,9,00-0030431,WR,True,0,0,2.0,2.8
2024,9,00-0031484,TE,True,0,0,1.0,0.0
2024,9,00-0032128,WR,True,0,0,1.0,0.0
2024,9,00-0032688,WR,True,0,0,4.0,1.0
2024,9,00-0033375,WR,True,0,0,1.0,0.0
2024,9,00-0033376,RB,True,0,0,1.0,0.0
2024,9,00-0033536,WR,True,0,0,0.0,0.0
2024,9,00-0033591,WR,True,0,0,6.0,14.8
2024,9,00-0033925,RB,True,0,0,5.0,2.6
2024,9,00-0034487,WR,True,0,0,1.0,7.5
2024,9,00-0034808,RB,True,0,0,0.0,0.0
2024,9,00-0035291,RB,True,0,0,0.0,0.0
2024,9,00-0035544,WR,True,0,0,1.0,0.0
2024,9,00-0035631,TE,True,0,0,1.0,0.0
2024,9,00-0036133,WR,True,0,0,0.0,0.0
2024,9,00-0036232,TE,True,0,0,2.0,2.9
2024,9,00-0036626,WR,True,0,0,1.0,1.1
2024,9,00-0036849,WR,True,0,0,2.0,2.3
2024,9,00-0036862,WR,True,0,0,0.0,0.0
2024,9,00-0036984,RB,True,0,0,1.0,1.9
2024,9,00-0037004,TE,True,0,0,1.0,2.3
2024,9,00-0037005,TE,True,0,0,3.0,2.3
2024,9,00-0037085,RB,True,0,0,3.0,-1.4
2024,9,00-0037112,TE,True,0,0,0.0,0.0
2024,9,00-0037120,RB,True,0,0,1.0,0.0
2024,9,00-0037156,WR,True,0,0,0.0,0.0
2024,9,00-0037257,WR,True,0,0,3.0,4.2
2024,9,00-0037292,TE,True,0,0,1.0,0.0
2024,9,00-0037311,TE,True,0,0,0.0,0.0
2024,9,00-0037569,TE,True,0,0,0.0,0.0
2024,9,00-0037617,RB,True,0,0,1.0,0.0
2024,9,00-0037805,TE,True,0,0,3.0,2.9
2024,9,00-0038046,TE,True,0,0,2.0,1.4
2024,9,00-0038507,WR,True,0,0,3.0,1.8
2024,9,00-0038547,TE,True,0,0,2.0,1.3
2024,9,00-0038589,TE,True,0,0,2.0,4.3
2024,9,00-0038752,WR,True,0,0,1.0,2.0
2024,9,00-0038783,TE,True,0,0,1.0,6.8
2024,9,00-0038935,TE,True,0,0,5.0,8.4
2024,9,00-0039359,TE,True,0,0,3.0,2.9
2024,9,00-0039364,RB,True,0,0,0.0,0.0
2024,9,00-0039530,TE,True,0,0,2.0,0.0
2024,9,00-0039686,TE,True,0,0,0.0,0.0
2024,9,00-0039793,TE,True,0,0,2.0,4.4
2024,9,00-0039810,WR,True,0,0,3.0,4.6
2024,9,00-0039814,TE,True,0,0,2.0,4.2
2024,9,00-0039824,TE,True,0,0,1.0,1.2
2024,9,00-0039868,WR,True,0,0,3.0,1.4
2024,9,00-0039912,TE,True,0,0,2.0,7.6
2024,9,00-0039920,WR,True,0,0,1.0,0.9
2024,9,00-0033439,TE,True,0,0,0.0,0.0
2024,9,00-0034073,TE,True,0,0,0.0,0.0
2024,9,00-0035639,WR,True,0,0,1.0,0.0
2024,9,00-0035726,RB,True,0,0,0.0,0.0
2024,9,00-0036096,RB,True,0,0,7.0,1.8
2024,9,00-0036187,RB,True,0,0,0.0,0.0
2024,9,00-0036254,WR,True,0,0,0.0,0.0
2024,9,00-0036332,TE,True,0,0,0.0,0.0
2024,9,00-0036620,WR,True,0,0,1.0,1.1
2024,9,00-0036635,WR,True,0,0,0.0,0.0
2024,9,00-0036646,WR,True,0,0,2.0,0.0
2024,9,00-0036741,TE,True,0,0,1.0,1.1
2024,9,00-0037299,RB,True,0,0,0.0,0.0
2024,9,00-0037451,TE,True,0,0,0.0,0.0
2024,9,00-0037475,TE,True,0,0,0.0,0.0
2024,9,00-0038092,WR,True,0,0,2.0,0.0
2024,9,00-0038359,WR,True,0,0,0.0,0.0
2024,9,00-0038477,WR,True,0,0,0.0,0.0
2024,9,00-0038608,WR,True,0,0,6.0,6.1
2024,9,00-0038636,RB,True,0,0,1.0,0.5
2024,9,00-0038647,WR,True,0,0,1.0,0.0
2024,9,00-0038685,RB,True,0,0,5.0,2.2
2024,9,00-0038997,WR,False,4,4,9.0,20.2
2024,9,00-0039021,RB,False,1,1,2.0,6.6
2024,9,00-0039050,TE,True,0,0,0.0,0.0
2024,9,00-0039737,TE,True,0,0,0.0,0.0
2024,9,00-0039798,RB,True,0,0,0.0,0.0
2024,9,00-0032385,WR,True,0,0,5.0,3.3
2024,9,00-0033251,WR,True,0,0,0.0,0.0
2024,9,00-0033460,WR,True,0,0,2.0,1.1
2024,9,00-0035602,WR,True,0,0,0.0,0.0
2024,9,00-0035973,RB,True,0,0,2.0,0.9
2024,9,00-0036569,RB,True,0,0,0.0,0.0
2024,9,00-0036630,WR,True,0,0,0.0,0.0
2024,9,00-0037609,RB,True,0,0,1.0,-0.2
2024,9,00-0037614,WR,True,0,0,4.0,4.4
2024,9,00-0038090,WR,True,0,0,1.0,0.0
2024,9,00-0038465,WR,True,0,0,3.0,2.4
2024,9,00-0038489,RB,True,0,0,0.0,0.0
2024,9,00-0038710,TE,True,0,0,3.0,8.8
2024,9,00-0039491,WR,True,0,0,6.0,15.8
2024,9,00-0031235,WR,True,0,0,2.0,0.0
2024,9,00-0033292,WR,True,0,0,0.0,0.0
2024,9,00-0033307,WR,True,0,0,3.0,0.0
2024,9,00-0035164,WR,True,0,0,0.0,0.0
2024,9,00-0035547,TE,True,0,0,1.0,0.0
2024,9,00-0035924,RB,True,0,0,0.0,0.0
2024,9,00-0037382,WR,True,0,0,1.0,1.4
2024,9,00-0037539,TE,True,0,0,2.0,2.8
2024,9,00-0038394,TE,True,0,0,2.0,0.0
2024,9,00-0038840,WR,True,0,0,1.0,0.3
2024,9,00-0038920,TE,True,0,0,1.0,1.2
2024,9,00-0039244,RB,True,0,0,0.0,0.0
2024,9,00-0031428,WR,True,0,0,1.0,0.0
2024,9,00-0032141,TE,True,0,0,1.0,1.2
2024,9,00-0034365,TE,True,0,0,2.0,1.4
2024,9,00-0035567,RB,True,0,0,3.0,0.3
2024,9,00-0036165,WR,True,0,0,1.0,1.0
2024,9,00-0036183,WR,True,0,0,3.0,8.8
2024,9,00-0038809,TE,True,0,0,1.0,0.0
2024,9,00-0038824,WR,True,0,0,5.0,3.4
2024,9,00-0039230,RB,True,0,0,0.0,0.0
2024,9,00-0039391,RB,True,0,0,6.0,1.6
2024,9,00-0039407,RB,True,0,0,1.0,-2.0
2024,9,00-0039410,WR,True,0,0,0.0,0.0
2024,9,00-0039521,WR,True,0,0,1.0,0.0
2024,9,00-0039595,RB,True,0,0,0.0,0.0
2024,9,00-0039757,RB,True,0,0,5.0,1.3
2024,9,00-0033891,WR,True,0,0,1.0,0.8
2024,9,00-0036387,WR,True,0,0,2.0,4.5
2024,9,00-0037456,RB,True,0,0,0.0,0.0
2024,9,00-0038551,RB,True,0,0,3.0,1.6
2024,9,00-0039393,RB,True,0,0,5.0,1.7
2024,9,00-0039394,WR,True,0,0,1.0,1.9
2024,9,00-0039614,WR,True,0,0,0.0,0.0
2024,9,00-0039792,WR,True,0,0,0.0,0.0
2024,9,00-0039916,WR,True,0,0,5.0,9.7
2024,9,00-0033893,RB,True,0,0,7.0,2.7
2024,9,00-0036176,WR,True,0,0,0.0,0.0
2024,9,00-0036534,TE,True,0,0,0.0,0.0
2024,9,00-0037272,WR,True,0,0,0.0,0.0
2024,9,00-0038821,WR,True,0,0,3.0,7.3
2024,9,00-0039451,WR,True,0,0,3.0,1.6
2024,9,00-0039853,WR,True,0,0,0.0,0.0
2024,10,00-0030578,RB,True,0,0,8.0,7.2
2024,10,00-0031299,TE,True,0,0,0.0,0.0
2024,10,00-0031549,WR,True,0,0,1.0,3.4
2024,10,00-0031585,TE,True,0,0,1.0,1.5
2024,10,00-0031690,TE,True,0,0,1.0,0.7
2024,10,00-0031763,WR,True,0,0,0.0,0.0
2024,10,00-0031941,WR,True,0,0,1.0,1.0
2024,10,00-0032104,RB,True,0,0,7.0,4.1
2024,10,00-0032392,TE,True,0,0,1.0,1.3
2024,10,00-0032394,TE,True,0,0,2.0,10.3
2024,10,00-0032464,WR,True,0,0,2.0,0.5
2024,10,00-0033009,WR,True,0,0,1.0,0.3
2024,10,00-0033045,RB,True,0,0,11.0,10.3
2024,10,00-0033217,TE,True,0,0,1.0,0.0
2024,10,00-0033246,TE,True,0,0,1.0,0.0
2024,10,00-0033282,WR,True,0,0,1.0,0.0
2024,10,00-0033526,RB,True,0,0,6.0,11.5
2024,10,00-0033555,WR,True,0,0,5.0,11.5
2024,10,00-0033576,TE,True,0,0,0.0,0.0
2024,10,00-0033589,WR,True,0,0,4.0,3.0
2024,10,00-0033854,RB,True,0,0,4.0,-0.1
2024,10,00-0033857,WR,True,0,0,8.0,16.5
2024,10,00-0033895,TE,True,0,0,1.0,1.0
2024,10,00-0033943,WR,True,0,0,2.0,7.4
2024,10,00-0033948,RB,True,0,0,2.0,0.4
2024,10,00-0034115,RB,True,0,0,3.0,1.4
2024,10,00-0034159,TE,True,0,0,3.0,1.9
2024,10,00-0034208,RB,True,0,0,4.0,0.7
2024,10,00-0034270,TE,False,1,1,2.0,0.2
2024,10,00-0034272,WR,True,0,0,1.0,1.0
2024,10,00-0034386,WR,True,0,0,4.0,5.8
2024,10,00-0034407,WR,True,0,0,4.0,11.0
2024,10,00-0034418,WR,True,0,0,3.0,4.4
2024,10,00-0034419,WR,True,0,0,0.0,0.0
2024,10,00-0034613,TE,True,0,0,3.0,2.4
2024,10,00-0034646,WR,True,0,0,1.0,1.4
2024,10,00-0034798,TE,True,0,0,1.0,0.9
2024,10,00-0034854,WR,True,0,0,2.0,1.4
2024,10,00-0034928,WR,True,0,0,0.0,0.0
2024,10,00-0034981,TE,True,0,0,2.0,8.2
2024,10,00-0035021,WR,True,0,0,4.0,1.7
2024,10,00-0035140,WR,True,0,0,3.0,3.2
2024,10,00-0035208,WR,True,0,0,2.0,5.8
2024,10,00-0035215,WR,True,0,0,0.0,0.0
2024,10,00-0035249,TE,True,0,0,5.0,14.3
2024,10,00-0035250,RB,True,0,0,7.0,3.3
2024,10,00-0035298,WR,True,0,0,2.0,0.0
2024,10,00-0035311,RB,True,0,0,3.0,1.8
2024,10,00-0035341,WR,True,0,0,1.0,0.0
2024,10,00-0035406,WR,True,0,0,5.0,2.1
2024,10,00-0035500,WR,True,0,0,1.0,0.0
2024,10,00-0035537,RB,True,0,0,3.0,2.3
2024,10,00-0035594,RB,True,0,0,0.0,0.0
2024,10,00-0035644,TE,True,0,0,4.0,3.7
2024,10,00-0035689,TE,True,0,0,2.0,1.0
2024,10,00-0035806,RB,True,0,0,2.0,0.2
2024,10,00-0036040,TE,True,0,0,2.0,5.1
2024,10,00-0036182,WR,True,0,0,6.0,13.5
2024,10,00-0036196,WR,True,0,0,0.0,0.0
2024,10,00-0036244,TE,True,0,0,0.0,0.0
2024,10,00-0036268,WR,True,0,0,0.0,0.0
2024,10,00-0036331,WR,True,0,0,1.0,0.3
2024,10,00-0036345,WR,True,0,0,1.0,0.0
2024,10,00-0036415,WR,True,0,0,5.0,8.2
2024,10,00-0036422,TE,True,0,0,1.0,0.9
2024,10,00-0036425,RB,True,0,0,1.0,0.2
2024,10,00-0036429,TE,True,0,0,0.0,0.0
2024,10,00-0036497,WR,True,0,0,2.0,1.5
2024,10,00-0036527,WR,True,0,0,0.0,0.0
2024,10,00-0036550,WR,True,0,0,4.0,4.0
2024,10,00-0036556,TE,True,0,0,1.0,0.9
2024,10,00-0036590,TE,True,0,0,1.0,6.7
2024,10,00-0036628,TE,True,0,0,2.0,2.5
2024,10,00-0036637,TE,True,0,0,1.0,0.0
2024,10,00-0036754,TE,True,0,0,1.0,0.6
2024,10,00-0036825,TE,True,0,0,0.0,0.0
2024,10,00-0036876,TE,True,0,0,1.0,2.7
2024,10,00-0036877,WR,True,0,0,0.0,0.0
2024,10,00-0036887,TE,True,0,0,1.0,1.0
2024,10,00-0036894,TE,False,1,0,2.0,2.9
2024,10,00-0036919,RB,True,0,0,6.0,1.5
2024,10,00-0036950,RB,True,0,0,0.0,0.0
2024,10,00-0036980,WR,True,0,0,9.0,4.3
2024,10,00-0036988,WR,False,1,1,4.0,13.3
2024,10,00-0037086,TE,True,0,0,5.0,5.5
2024,10,00-0037091,WR,True,0,0,2.0,2.4
2024,10,00-0037093,WR,True,0,0,0.0,0.0
2024,10,00-0037132,WR,True,0,0,1.0,1.6
2024,10,00-0037228,RB,False,1,1,12.0,6.9
2024,10,00-0037252,TE,True,0,0,1.0,0.0
2024,10,00-0037258,RB,True,0,0,1.0,0.4
2024,10,00-0037263,RB,True,0,0,6.0,7.8
2024,10,00-0037291,WR,True,0,0,1.0,7.2
2024,10,00-0037348,TE,True,0,0,0.0,0.0
2024,10,00-0037429,RB,True,0,0,0.0,0.0
2024,10,00-0037450,WR,True,0,0,2.0,1.1
2024,10,00-0037557,RB,True,0,0,0.0,0.0
2024,10,00-0037594,RB,True,0,0,5.0,2.2
2024,10,00-0037664,WR,True,0,0,3.0,5.6
2024,10,00-0037741,WR,True,0,0,1.0,4.1
2024,10,00-0037742,WR,True,0,0,1.0,1.5
2024,10,00-0037745,WR,True,0,0,3.0,2.4
2024,10,00-0037801,WR,True,0,0,4.0,5.1
2024,10,00-0037837,WR,True,0,0,4.0,18.9
2024,10,00-0037838,TE,True,0,0,1.0,0.0
2024,10,00-0038098,RB,True,0,0,2.0,0.8
2024,10,00-0038104,WR,True,0,0,3.0,3.0
2024,10,00-0038115,TE,True,0,0,1.0,1.6
2024,10,00-0038393,WR,True,0,0,3.0,0.0
2024,10,00-0038396,RB,True,0,0,0.0,0.0
2024,10,00-0038488,RB,True,0,0,0.0,0.0
2024,10,00-0038496,WR,True,0,0,0.0,0.0
2024,10,00-0038558,TE,True,0,0,1.0,3.4
2024,10,00-0038559,WR,True,0,0,1.0,0.0
2024,10,00-0038563,WR,True,0,0,6.0,1.5
2024,10,00-0038573,WR,True,0,0,0.0,0.0
2024,10,00-0038576,WR,True,0,0,0.0,0.0
2024,10,00-0038606,WR,True,0,0,6.0,5.6
2024,10,00-0038618,WR,True,0,0,3.0,0.0
2024,10,00-0038619,WR,True,0,0,4.0,7.5
2024,10,00-0038621,WR,True,0,0,9.0,7.0
2024,10,00-0038622,RB,True,0,0,4.0,1.8
2024,10,00-0038640,WR,True,0,0,5.0,3.6
2024,10,00-0038678,RB,True,0,0,6.0,4.3
2024,10,00-0038705,RB,True,0,0,6.0,15.0
2024,10,00-0038720,TE,True,0,0,3.0,2.6
2024,10,00-0038738,RB,True,0,0,3.0,1.9
2024,10,00-0038794,RB,True,0,0,8.0,3.5
2024,10,00-0038938,WR,True,0,0,1.0,0.0
2024,10,00-0038951,RB,True,0,0,4.0,2.2
2024,10,00-0038976,WR,True,0,0,2.0,0.9
2024,10,00-0039032,RB,True,0,0,6.0,2.7
2024,10,00-0039041,TE,True,0,0,2.0,4.4
2024,10,00-0039052,WR,True,0,0,4.0,4.3
2024,10,00-0039062,WR,True,0,0,1.0,0.0
2024,10,00-0039066,TE,True,0,0,3.0,1.2
2024,10,00-0039067,WR,True,0,0,0.0,0.0
2024,10,00-0039074,TE,True,0,0,3.0,1.0
2024,10,00-0039144,TE,True,0,0,3.0,2.8
2024,10,00-0039236,WR,True,0,0,0.0,0.0
2024,10,00-0039355,WR,True,0,0,2.0,1.3
2024,10,00-0039356,TE,True,0,0,5.0,10.7
2024,10,00-0039363,RB,True,0,0,18.0,17.7
2024,10,00-0039365,WR,True,0,0,0.0,0.0
2024,10,00-0039373,RB,True,0,0,5.0,3.5
2024,10,00-0039386,WR,True,0,0,1.0,4.1
2024,10,00-0039392,WR,True,0,0,3.0,0.8
2024,10,00-0039424,WR,True,0,0,3.0,2.1
2024,10,00-0039589,WR,True,0,0,0.0,0.0
2024,10,00-0039603,RB,True,0,0,1.0,0.2
2024,10,00-0039623,WR,True,0,0,3.0,0.0
2024,10,00-0039746,RB,True,0,0,0.0,0.0
2024,10,00-0039751,WR,True,0,0,10.0,12.4
2024,10,00-0039816,WR,True,0,0,0.0,0.0
2024,10,00-0039847,TE,True,0,0,6.0,12.6
2024,10,00-0039890,WR,True,0,0,1.0,2.7
2024,10,00-0039907,WR,True,0,0,1.0,0.0
2024,10,00-0039921,RB,True,0,0,9.0,12.0
2024,10,00-0024243,TE,True,0,0,0.0,0.0
2024,10,00-0030431,WR,True,0,0,3.0,5.4
2024,10,00-0031484,TE,True,0,0,1.0,6.7
2024,10,00-0032128,WR,True,0,0,1.0,0.0
2024,10,00-0032688,WR,True,0,0,4.0,1.0
2024,10,00-0033375,WR,True,0,0,2.0,2.2
2024,10,00-0033376,RB,True,0,0,1.0,6.8
2024,10,00-0033536,WR,True,0,0,2.0,1.1
2024,10,00-0033591,WR,True,0,0,6.0,8.5
2024,10,00-0033925,RB,True,0,0,5.0,2.6
2024,10,00-0034487,WR,True,0,0,1.0,1.2
2024,10,00-0034808,RB,True,0,0,0.0,0.0
2024,10,00-0035544,WR,True,0,0,1.0,0.0
2024,10,00-0035631,TE,True,0,0,4.0,9.4
2024,10,00-0036133,WR,True,0,0,0.0,0.0
2024,10,00-0036232,TE,True,0,0,2.0,3.2
2024,10,00-0036414,RB,False,1,1,8.0,6.3
2024,10,00-0036626,WR,True,0,0,1.0,2.9
2024,10,00-0036849,WR,True,0,0,3.0,2.1
2024,10,00-0036862,WR,True,0,0,0.0,0.0
2024,10,00-0036984,RB,True,0,0,4.0,1.8
2024,10,00-0037004,TE,True,0,0,1.0,0.9
2024,10,00-0037005,TE,True,0,0,3.0,2.3
2024,10,00-0037085,RB,True,0,0,3.0,-1.4
2024,10,00-0037112,TE,True,0,0,0.0,0.0
2024,10,00-0037120,RB,True,0,0,0.0,0.0
2024,10,00-0037156,WR,True,0,0,0.0,0.0
2024,10,00-0037257,WR,True,0,0,3.0,4.2
2024,10,00-0037292,TE,True,0,0,1.0,0.0
2024,10,00-0037311,TE,True,0,0,0.0,0.0
2024,10,00-0037569,TE,True,0,0,1.0,1.4
2024,10,00-0037617,RB,True,0,0,0.0,0.0
2024,10,00-0037805,TE,True,0,0,1.0,0.9
2024,10,00-0038046,TE,True,0,0,2.0,1.4
2024,10,00-0038507,WR,True,0,0,3.0,1.8
2024,10,00-0038547,TE,True,0,0,0.0,0.0
2024,10,00-0038589,TE,True,0,0,2.0,1.7
2024,10,00-0038752,WR,True,0,0,1.0,0.0
2024,10,00-0038783,TE,True,0,0,0.0,0.0
2024,10,00-0038935,TE,True,0,0,5.0,8.4
2024,10,00-0039359,TE,True,0,0,2.0,0.0
2024,10,00-0039364,RB,True,0,0,0.0,0.0
2024,10,00-0039530,TE,True,0,0,2.0,0.0
2024,10,00-0039686,TE,True,0,0,0.0,0.0
2024,10,00-0039793,TE,True,0,0,7.0,4.7
2024,10,00-0039810,WR,True,0,0,3.0,4.6
2024,10,00-0039814,TE,True,0,0,2.0,3.4
2024,10,00-0039824,TE,True,0,0,1.0,1.2
2024,10,00-0039868,WR,True,0,0,4.0,2.4
2024,10,00-0039912,TE,True,0,0,1.0,1.7
2024,10,00-0039920,WR,True,0,0,1.0,-0.2
2024,10,00-0033439,TE,True,0,0,0.0,0.0
2024,10,00-0034073,TE,True,0,0,0.0,0.0
2024,10,00-0035639,WR,True,0,0,1.0,0.0
2024,10,00-0035726,RB,True,0,0,0.0,0.0
2024,10,00-0036096,RB,True,0,0,3.0,2.3
2024,10,00-0036187,RB,True,0,0,0.0,0.0
2024,10,00-0036254,WR,True,0,0,0.0,0.0
2024,10,00-0036332,TE,True,0,0,0.0,0.0
2024,10,00-0036620,WR,True,0,0,0.0,0.0
2024,10,00-0036635,WR,True,0,0,0.0,0.0
2024,10,00-0036646,WR,True,0,0,1.0,0.0
2024,10,00-0036741,TE,True,0,0,0.0,0.0
2024,10,00-0037299,RB,True,0,0,0.0,0.0
2024,10,00-0037451,TE,True,0,0,0.0,0.0
2024,10,00-0037475,TE,True,0,0,0.0,0.0
2024,10,00-0038092,WR,True,0,0,2.0,0.0
2024,10,00-0038359,WR,True,0,0,0.0,0.0
2024,10,00-0038477,WR,True,0,0,0.0,0.0
2024,10,00-0038608,WR,True,0,0,6.0,2.8
2024,10,00-0038636,RB,True,0,0,1.0,0.5
2024,10,00-0038647,WR,True,0,0,1.0,0.0
2024,10,00-0038685,RB,True,0,0,6.0,5.6
2024,10,00-0039021,RB,True,0,0,6.0,3.1
2024,10,00-0039050,TE,True,0,0,0.0,0.0
2024,10,00-0039737,TE,True,0,0,0.0,0.0
2024,10,00-0039798,RB,True,0,0,0.0,0.0
2024,10,00-0032385,WR,True,0,0,7.0,8.9
2024,10,00-0033251,WR,True,0,0,0.0,0.0
2024,10,00-0033460,WR,True,0,0,2.0,1.1
2024,10,00-0035602,WR,True,0,0,0.0,0.0
2024,10,00-0035973,RB,True,0,0,2.0,0.9
2024,10,00-0036569,RB,True,0,0,0.0,0.0
2024,10,00-0036630,WR,True,0,0,0.0,0.0
2024,10,00-0037609,RB,True,0,0,1.0,-0.2
2024,10,00-0037614,WR,True,0,0,2.0,0.0
2024,10,00-0038090,WR,True,0,0,1.0,0.0
2024,10,00-0038465,WR,True,0,0,3.0,2.4
2024,10,00-0038489,RB,True,0,0,1.0,0.5
2024,10,00-0038710,TE,True,0,0,3.0,8.8
2024,10,00-0039491,WR,True,0,0,3.0,4.6
2024,10,00-0031235,WR,True,0,0,3.0,3.0
2024,10,00-0033292,WR,True,0,0,0.0,0.0
2024,10,00-0033307,WR,True,0,0,6.0,6.1
2024,10,00-0035164,WR,True,0,0,0.0,0.0
2024,10,00-0035547,TE,True,0,0,1.0,0.0
2024,10,00-0035924,RB,True,0,0,0.0,0.0
2024,10,00-0037382,WR,True,0,0,1.0,1.4
2024,10,00-0037539,TE,True,0,0,1.0,0.0
2024,10,00-0038394,TE,True,0,0,2.0,0.0
2024,10,00-0038840,WR,True,0,0,1.0,0.3
2024,10,00-0038920,TE,True,0,0,1.0,1.2
2024,10,00-0039244,RB,True,0,0,0.0,0.0
2024,10,00-0031428,WR,True,0,0,1.0,0.7
2024,10,00-0032141,TE,True,0,0,1.0,1.2
2024,10,00-0034365,TE,True,0,0,2.0,1.4
2024,10,00-0035567,RB,True,0,0,3.0,0.3
2024,10,00-0036165,WR,True,0,0,1.0,1.0
2024,10,00-0036183,WR,True,0,0,3.0,8.8
2024,10,00-0038809,TE,True,0,0,1.0,0.0
2024,10,00-0038824,WR,True,0,0,3.0,6.6
2024,10,00-0039230,RB,True,0,0,0.0,0.0
2024,10,00-0039391,RB,True,0,0,5.0,0.7
2024,10,00-0039407,RB,True,0,0,1.0,-2.0
2024,10,00-0039410,WR,True,0,0,2.0,1.8
2024,10,00-0039521,WR,True,0,0,1.0,0.0
2024,10,00-0039595,RB,True,0,0,0.0,0.0
2024,10,00-0039757,RB,True,0,0,5.0,1.3
2024,10,00-0033891,WR,True,0,0,1.0,0.8
2024,10,00-0036387,WR,True,0,0,2.0,0.5
2024,10,00-0037456,RB,True,0,0,0.0,0.0
2024,10,00-0038551,RB,True,0,0,3.0,1.6
2024,10,00-0039393,RB,True,0,0,5.0,1.7
2024,10,00-0039394,WR,True,0,0,1.0,1.9
2024,10,00-0039614,WR,True,0,0,1.0,-0.1
2024,10,00-0039792,WR,True,0,0,0.0,0.0
2024,10,00-0039916,WR,False,1,1,5.0,9.7
2024,10,00-0033893,RB,True,0,0,2.0,0.8
2024,10,00-0036176,WR,True,0,0,0.0,0.0
2024,10,00-0036534,TE,True,0,0,0.0,0.0
2024,10,00-0037272,WR,True,0,0,0.0,0.0
2024,10,00-0038821,WR,True,0,0,1.0,1.4
2024,10,00-0039451,WR,True,0,0,0.0,0.0
2024,10,00-0039853,WR,True,0,0,0.0,0.0
2024,10,00-0035891,WR,True,0,0,3.0,5.4
2024,10,00-0036510,TE,True,0,0,1.0,1.7
2024,10,00-0036841,WR,True,0,0,3.0,5.0
2024,10,00-0037422,WR,True,0,0,1.0,1.4
2024,10,00-0037487,WR,True,0,0,1.0,-0.2
2024,10,00-0038611,RB,True,0,0,11.0,5.2
2024,10,00-0039420,TE,True,0,0,1.0,0.6
2024,10,00-0039543,WR,True,0,0,2.0,1.2
2024,10,00-0039613,TE,True,0,0,0.0,0.0
2024,10,00-0039650,WR,True,0,0,0.0,0.0
2024,10,00-0039747,WR,True,0,0,2.0,0.7
2024,11,00-0030578,RB,True,0,0,3.0,1.4
2024,11,00-0031299,TE,True,0,0,0.0,0.0
2024,11,00-0031549,WR,True,0,0,2.0,7.1
2024,11,00-0031585,TE,True,0,0,1.0,0.0
2024,11,00-0031690,TE,True,0,0,1.0,0.7
2024,11,00-0031763,WR,True,0,0,1.0,1.0
2024,11,00-0031941,WR,True,0,0,1.0,1.0
2024,11,00-0032104,RB,True,0,0,7.0,4.1
2024,11,00-0032392,TE,True,0,0,4.0,7.9
2024,11,00-0032394,TE,True,0,0,2.0,10.3
2024,11,00-0032464,WR,True,0,0,0.0,0.0
2024,11,00-0033009,WR,True,0,0,1.0,0.3
2024,11,00-0033045,RB,True,0,0,6.0,0.2
2024,11,00-0033217,TE,True,0,0,1.0,0.0
2024,11,00-0033246,TE,True,0,0,1.0,0.0
2024,11,00-0033282,WR,True,0,0,8.0,5.5
2024,11,00-0033526,RB,True,0,0,2.0,4.7
2024,11,00-0033555,WR,True,1,1,4.0,10.6
2024,11,00-0033576,TE,True,0,0,0.0,0.0
2024,11,00-0033589,WR,True,0,0,4.0,2.8
2024,11,00-0033854,RB,True,0,0,1.0,1.1
2024,11,00-0033857,WR,True,0,0,8.0,16.5
2024,11,00-0033895,TE,True,0,0,1.0,1.0
2024,11,00-0033943,WR,True,0,0,2.0,7.4
2024,11,00-0033948,RB,True,0,0,2.0,0.4
2024,11,00-0034115,RB,True,0,0,3.0,1.4
2024,11,00-0034159,TE,False,1,1,6.0,5.5
2024,11,00-0034208,RB,True,0,0,4.0,0.7
2024,11,00-0034270,TE,True,0,0,2.0,1.3
2024,11,00-0034272,WR,False,1,1,3.0,24.4
2024,11,00-0034386,WR,True,0,0,2.0,1.6
2024,11,00-0034407,WR,True,0,0,5.0,5.1
2024,11,00-0034418,WR,True,0,0,3.0,4.4
2024,11,00-0034419,WR,True,0,0,0.0,0.0
2024,11,00-0034613,TE,True,0,0,8.0,13.3
2024,11,00-0034646,WR,True,0,0,0.0,0.0
2024,11,00-0034798,TE,True,0,0,1.0,1.1
2024,11,00-0034829,TE,True,0,0,9.0,5.0
2024,11,00-0034854,WR,True,0,0,2.0,1.4
2024,11,00-0034928,WR,True,0,0,0.0,0.0
2024,11,00-0034981,TE,True,0,0,2.0,0.0
2024,11,00-0035021,WR,True,0,0,1.0,0.7
2024,11,00-0035140,WR,True,0,0,1.0,0.8
2024,11,00-0035208,WR,True,0,0,3.0,1.3
2024,11,00-0035215,WR,True,0,0,0.0,0.0
2024,11,00-0035216,WR,True,0,0,2.0,1.1
2024,11,00-0035249,TE,True,0,0,6.0,7.2
2024,11,00-0035250,RB,True,0,0,9.0,5.0
2024,11,00-0035298,WR,True,0,0,2.0,0.0
2024,11,00-0035311,RB,True,0,0,3.0,1.8
2024,11,00-0035341,WR,True,0,0,0.0,0.0
2024,11,00-0035406,WR,True,0,0,3.0,3.3
2024,11,00-0035500,WR,True,0,0,1.0,0.4
2024,11,00-0035537,RB,True,0,0,3.0,4.7
2024,11,00-0035594,RB,True,0,0,0.0,0.0
2024,11,00-0035644,TE,True,0,0,4.0,3.7
2024,11,00-0035689,TE,True,0,0,3.0,5.0
2024,11,00-0035806,RB,True,0,0,7.0,2.9
2024,11,00-0036040,TE,True,0,0,3.0,3.2
2024,11,00-0036182,WR,True,0,0,3.0,4.6
2024,11,00-0036196,WR,True,0,0,4.0,2.4
2024,11,00-0036244,TE,True,0,0,0.0,0.0
2024,11,00-0036268,WR,True,0,0,0.0,0.0
2024,11,00-0036331,WR,True,0,0,0.0,0.0
2024,11,00-0036345,WR,True,0,0,1.0,0.0
2024,11,00-0036415,WR,True,0,0,2.0,0.0
2024,11,00-0036422,TE,True,0,0,1.0,3.9
2024,11,00-0036425,RB,True,0,0,3.0,1.0
2024,11,00-0036429,TE,True,0,0,1.0,0.0
2024,11,00-0036497,WR,True,0,0,2.0,1.5
2024,11,00-0036527,WR,True,0,0,0.0,0.0
2024,11,00-0036550,WR,True,0,0,8.0,14.4
2024,11,00-0036556,TE,True,0,0,1.0,0.9
2024,11,00-0036590,TE,True,0,0,1.0,6.7
2024,11,00-0036628,TE,True,0,0,0.0,0.0
2024,11,00-0036637,TE,True,0,0,2.0,2.8
2024,11,00-0036754,TE,True,0,0,1.0,0.6
2024,11,00-0036825,TE,True,0,0,0.0,0.0
2024,11,00-0036876,TE,True,0,0,2.0,2.5
2024,11,00-0036877,WR,True,0,0,0.0,0.0
2024,11,00-0036887,TE,True,0,0,2.0,2.6
2024,11,00-0036894,TE,False,2,2,3.0,9.2
2024,11,00-0036919,RB,True,0,0,8.0,4.4
2024,11,00-0036950,RB,True,0,0,0.0,0.0
2024,11,00-0036980,WR,True,0,0,9.0,4.3
2024,11,00-0036988,WR,True,0,0,2.0,4.1
2024,11,00-0037086,TE,True,0,0,1.0,0.0
2024,11,00-0037091,WR,True,0,0,2.0,2.4
2024,11,00-0037093,WR,True,0,0,0.0,0.0
2024,11,00-0037132,WR,True,0,0,1.0,1.6
2024,11,00-0037252,TE,True,0,0,1.0,0.0
2024,11,00-0037258,RB,True,0,0,1.0,0.4
2024,11,00-0037263,RB,True,0,0,11.0,5.9
2024,11,00-0037291,WR,True,0,0,4.0,0.9
2024,11,00-0037348,TE,True,0,0,0.0,0.0
2024,11,00-0037429,RB,True,0,0,0.0,0.0
2024,11,00-0037450,WR,True,0,0,2.0,1.1
2024,11,00-0037557,RB,True,0,0,0.0,0.0
2024,11,00-0037594,RB,True,0,0,0.0,0.0
2024,11,00-0037741,WR,True,0,0,1.0,3.2
2024,11,00-0037742,WR,True,0,0,1.0,1.5
2024,11,00-0037745,WR,True,0,0,3.0,2.4
2024,11,00-0037801,WR,True,0,0,0.0,0.0
2024,11,00-0037837,WR,True,0,0,6.0,3.0
2024,11,00-0037838,TE,True,0,0,1.0,0.0
2024,11,00-0038041,TE,False,2,2,5.0,2.4
2024,11,00-0038098,RB,True,0,0,2.0,0.8
2024,11,00-0038104,WR,True,0,0,3.0,3.0
2024,11,00-0038115,TE,True,0,0,1.0,1.6
2024,11,00-0038393,WR,True,0,0,3.0,0.0
2024,11,00-0038396,RB,True,0,0,0.0,0.0
2024,11,00-0038488,RB,True,0,0,0.0,0.0
2024,11,00-0038496,WR,True,0,0,1.0,0.0
2024,11,00-0038555,RB,True,0,0,2.0,0.4
2024,11,00-0038558,TE,True,0,0,3.0,1.1
2024,11,00-0038559,WR,True,0,0,4.0,3.9
2024,11,00-0038563,WR,True,0,0,6.0,1.5
2024,11,00-0038573,WR,True,0,0,2.0,2.8
2024,11,00-0038576,WR,True,0,0,0.0,0.0
2024,11,00-0038606,WR,True,0,0,6.0,5.6
2024,11,00-0038618,WR,True,0,0,4.0,1.6
2024,11,00-0038619,WR,True,0,0,4.0,3.9
2024,11,00-0038621,WR,True,0,0,5.0,7.0
2024,11,00-0038622,RB,True,0,0,4.0,1.8
2024,11,00-0038640,WR,True,0,0,4.0,0.9
2024,11,00-0038678,RB,True,0,0,4.0,1.9
2024,11,00-0038705,RB,True,0,0,3.0,2.2
2024,11,00-0038720,TE,True,0,0,1.0,0.0
2024,11,00-0038738,RB,True,0,0,1.0,0.0
2024,11,00-0038794,RB,True,0,0,2.0,1.2
2024,11,00-0038938,WR,True,0,0,4.0,5.9
2024,11,00-0038951,RB,True,0,0,0.0,0.0
2024,11,00-0038976,WR,True,0,0,7.0,5.0
2024,11,00-0039032,RB,False,1,1,10.0,6.6
2024,11,00-0039041,TE,True,0,0,2.0,2.3
2024,11,00-0039052,WR,True,0,0,1.0,0.0
2024,11,00-0039062,WR,True,0,0,1.0,0.0
2024,11,00-0039066,TE,True,0,0,3.0,1.2
2024,11,00-0039067,WR,True,0,0,0.0,0.0
2024,11,00-0039074,TE,True,0,0,6.0,5.9
2024,11,00-0039144,TE,True,0,0,3.0,2.8
2024,11,00-0039236,WR,True,0,0,1.0,7.0
2024,11,00-0039355,WR,True,0,0,3.0,2.8
2024,11,00-0039356,TE,True,0,0,2.0,7.8
2024,11,00-0039363,RB,True,0,0,1.0,0.0
2024,11,00-0039365,WR,True,0,0,0.0,0.0
2024,11,00-0039386,WR,True,0,0,1.0,4.1
2024,11,00-0039392,WR,True,0,0,0.0,0.0
2024,11,00-0039424,WR,True,0,0,4.0,11.9
2024,11,00-0039589,WR,True,0,0,0.0,0.0
2024,11,00-0039603,RB,True,0,0,1.0,0.2
2024,11,00-0039623,WR,True,0,0,3.0,0.0
2024,11,00-0039746,RB,True,0,0,9.0,3.4
2024,11,00-0039751,WR,True,0,0,0.0,0.0
2024,11,00-0039794,RB,True,0,0,8.0,3.9
2024,11,00-0039816,WR,True,0,0,0.0,0.0
2024,11,00-0039847,TE,True,0,0,6.0,5.7
2024,11,00-0039890,WR,True,0,0,6.0,10.1
2024,11,00-0039907,WR,True,0,0,1.0,6.7
2024,11,00-0039921,RB,True,0,0,12.0,9.7
2024,11,00-0024243,TE,True,0,0,0.0,0.0
2024,11,00-0030431,WR,True,0,0,3.0,0.6
2024,11,00-0031484,TE,True,0,0,1.0,6.7
2024,11,00-0032128,WR,True,0,0,1.0,0.0
2024,11,00-0032688,WR,True,0,0,4.0,1.0
2024,11,00-0033375,WR,True,0,0,2.0,2.2
2024,11,00-0033376,RB,True,0,0,1.0,6.8
2024,11,00-0033536,WR,False,1,1,1.0,9.7
2024,11,00-0033591,WR,True,0,0,7.0,4.8
2024,11,00-0033925,RB,True,0,0,5.0,2.6
2024,11,00-0034487,WR,True,0,0,1.0,1.6
2024,11,00-0034808,RB,True,0,0,0.0,0.0
2024,11,00-0035544,WR,True,0,0,1.0,0.0
2024,11,00-0035631,TE,True,0,0,4.0,9.4
2024,11,00-0036133,WR,True,0,0,0.0,0.0
2024,11,00-0036232,TE,True,0,0,2.0,3.2
2024,11,00-0036414,RB,True,0,0,14.0,5.2
2024,11,00-0036626,WR,True,0,0,3.0,-0.30000000000000004
2024,11,00-0036849,WR,True,0,0,1.0,1.1
2024,11,00-0036862,WR,True,0,0,0.0,0.0
2024,11,00-0036984,RB,True,0,0,1.0,0.9
2024,11,00-0037004,TE,True,0,0,1.0,0.9
2024,11,00-0037005,TE,True,0,0,3.0,2.3
2024,11,00-0037085,RB,True,0,0,3.0,-1.4
2024,11,00-0037112,TE,True,0,0,0.0,0.0
2024,11,00-0037120,RB,True,0,0,3.0,7.9
2024,11,00-0037156,WR,True,0,0,0.0,0.0
2024,11,00-0037257,WR,True,0,0,3.0,4.2
2024,11,00-0037292,TE,True,0,0,1.0,0.7
2024,11,00-0037311,TE,True,0,0,0.0,0.0
2024,11,00-0037569,TE,True,0,0,1.0,1.1
2024,11,00-0037617,RB,True,0,0,2.0,6.4
2024,11,00-0037805,TE,True,0,0,2.0,2.7
2024,11,00-0038046,TE,True,0,0,1.0,0.9
2024,11,00-0038507,WR,True,0,0,3.0,1.8
2024,11,00-0038547,TE,True,0,0,1.0,0.0
2024,11,00-0038589,TE,True,0,0,1.0,0.0
2024,11,00-0038752,WR,True,0,0,1.0,0.0
2024,11,00-0038783,TE,True,0,0,0.0,0.0
2024,11,00-0038935,TE,True,0,0,3.0,3.5
2024,11,00-0039359,TE,True,0,0,2.0,0.7
2024,11,00-0039364,RB,True,0,0,0.0,0.0
2024,11,00-0039530,TE,True,0,0,2.0,0.0
2024,11,00-0039686,TE,True,0,0,0.0,0.0
2024,11,00-0039793,TE,True,0,0,7.0,4.7
2024,11,00-0039810,WR,True,0,0,5.0,1.6
2024,11,00-0039814,TE,True,0,0,2.0,3.4
2024,11,00-0039824,TE,True,0,0,1.0,1.2
2024,11,00-0039868,WR,True,0,0,3.0,1.4
2024,11,00-0039874,RB,True,0,0,5.0,0.3
2024,11,00-0039912,TE,True,0,0,1.0,1.7
2024,11,00-0039920,WR,True,0,0,2.0,0.7
2024,11,00-0033439,TE,True,0,0,0.0,0.0
2024,11,00-0034073,TE,True,0,0,0.0,0.0
2024,11,00-0035639,WR,True,0,0,1.0,0.0
2024,11,00-0035726,RB,True,0,0,0.0,0.0
2024,11,00-0036096,RB,True,0,0,3.0,2.3
2024,11,00-0036187,RB,True,0,0,0.0,0.0
2024,11,00-0036254,WR,True,0,0,0.0,0.0
2024,11,00-0036332,TE,True,0,0,0.0,0.0
2024,11,00-0036620,WR,True,0,0,0.0,0.0
2024,11,00-0036635,WR,True,0,0,0.0,0.0
2024,11,00-0036646,WR,True,0,0,1.0,0.0
2024,11,00-0036741,TE,True,0,0,0.0,0.0
2024,11,00-0037299,RB,True,0,0,0.0,0.0
2024,11,00-0037451,TE,True,0,0,0.0,0.0
2024,11,00-0037475,TE,True,0,0,0.0,0.0
2024,11,00-0038092,WR,True,0,0,2.0,0.0
2024,11,00-0038359,WR,True,0,0,0.0,0.0
2024,11,00-0038477,WR,True,0,0,0.0,0.0
2024,11,00-0038608,WR,True,0,0,6.0,6.7
2024,11,00-0038636,RB,True,0,0,1.0,0.5
2024,11,00-0038647,WR,True,0,0,0.0,0.0
2024,11,00-0038685,RB,True,0,0,6.0,5.6
2024,11,00-0039021,RB,True,0,0,3.0,0.6
2024,11,00-0039050,TE,True,0,0,0.0,0.0
2024,11,00-0039737,TE,True,0,0,0.0,0.0
2024,11,00-0039798,RB,True,0,0,1.0,1.5
2024,11,00-0032385,WR,True,0,0,4.0,1.5
2024,11,00-0033251,WR,True,0,0,0.0,0.0
2024,11,00-0033460,WR,True,0,0,2.0,1.1
2024,11,00-0035602,WR,True,0,0,0.0,0.0
2024,11,00-0035973,RB,True,0,0,2.0,0.9
2024,11,00-0036569,RB,True,0,0,0.0,0.0
2024,11,00-0036630,WR,True,0,0,3.0,19.0
2024,11,00-0037609,RB,True,0,0,1.0,-0.2
2024,11,00-0037614,WR,True,0,0,6.0,15.9
2024,11,00-0038090,WR,True,0,0,1.0,0.0
2024,11,00-0038465,WR,True,0,0,3.0,2.4
2024,11,00-0038489,RB,True,0,0,1.0,0.5
2024,11,00-0038710,TE,True,0,0,3.0,8.8
2024,11,00-0039491,WR,True,0,0,8.0,5.6
2024,11,00-0031235,WR,True,0,0,2.0,2.7
2024,11,00-0033292,WR,True,0,0,0.0,0.0
2024,11,00-0033307,WR,True,0,0,6.0,6.1
2024,11,00-0035164,WR,True,0,0,0.0,0.0
2024,11,00-0035547,TE,True,0,0,1.0,0.0
2024,11,00-0035924,RB,True,0,0,0.0,0.0
2024,11,00-0037382,WR,True,0,0,1.0,1.4
2024,11,00-0037539,TE,True,0,0,2.0,3.1
2024,11,00-0038394,TE,True,0,0,1.0,1.5
2024,11,00-0038840,WR,True,0,0,1.0,0.3
2024,11,00-0038920,TE,True,0,0,1.0,1.2
2024,11,00-0039244,RB,True,0,0,0.0,0.0
2024,11,00-0031428,WR,True,0,0,1.0,0.7
2024,11,00-0032141,TE,True,0,0,1.0,1.2
2024,11,00-0034365,TE,True,0,0,1.0,0.8
2024,11,00-0035567,RB,True,0,0,3.0,0.3
2024,11,00-0036165,WR,True,0,0,1.0,1.2
2024,11,00-0036183,WR,True,0,0,3.0,8.8
2024,11,00-0038809,TE,True,0,0,1.0,0.0
2024,11,00-0038824,WR,True,0,0,3.0,1.6
2024,11,00-0039230,RB,True,0,0,0.0,0.0
2024,11,00-0039391,RB,True,0,0,5.0,0.7
2024,11,00-0039407,RB,True,0,0,1.0,-2.0
2024,11,00-0039410,WR,True,0,0,0.0,0.0
2024,11,00-0039521,WR,True,0,0,1.0,0.0
2024,11,00-0039595,RB,True,0,0,0.0,0.0
2024,11,00-0039757,RB,True,0,0,5.0,1.3
2024,11,00-0033891,WR,True,0,0,1.0,0.8
2024,11,00-0036387,WR,True,0,0,3.0,-0.2
2024,11,00-0037456,RB,True,0,0,0.0,0.0
2024,11,00-0038551,RB,True,0,0,3.0,1.6
2024,11,00-0039393,RB,True,0,0,5.0,1.7
2024,11,00-0039394,WR,True,0,0,1.0,1.9
2024,11,00-0039614,WR,True,0,0,0.0,0.0
2024,11,00-0039792,WR,True,0,0,0.0,0.0
2024,11,00-0033893,RB,True,0,0,2.0,0.8
2024,11,00-0036176,WR,True,0,0,0.0,0.0
2024,11,00-0036534,TE,True,0,0,0.0,0.0
2024,11,00-0037272,WR,True,0,0,0.0,0.0
2024,11,00-0038821,WR,True,0,0,4.0,2.0
2024,11,00-0039451,WR,True,0,0,0.0,0.0
2024,11,00-0039853,WR,True,0,0,0.0,0.0
2024,11,00-0035891,WR,True,0,0,3.0,5.4
2024,11,00-0036510,TE,True,0,0,1.0,0.9
2024,11,00-0036841,WR,True,0,0,3.0,5.0
2024,11,00-0037422,WR,True,0,0,1.0,1.4
2024,11,00-0037487,WR,True,0,0,1.0,-0.2
2024,11,00-0038611,RB,True,0,0,2.0,0.4
2024,11,00-0039420,TE,True,0,0,1.0,0.6
2024,11,00-0039543,WR,True,0,0,2.0,1.2
2024,11,00-0039613,TE,True,0,0,0.0,0.0
2024,11,00-0039650,WR,True,0,0,2.0,3.3
2024,11,00-0039747,WR,True,0,0,2.0,1.6
2024,11,00-0034860,WR,True,0,0,1.0,1.3
2024,11,00-0037216,WR,True,0,0,1.0,0.0
2024,11,00-0037231,WR,True,0,0,2.0,4.6
2024,11,00-0038454,RB,True,0,0,0.0,0.0
2024,11,00-0039631,TE,True,0,0,1.0,0.5
2024,12,00-0030035,WR,True,0,0,5.0,11.5
2024,12,00-0030578,RB,True,0,0,2.0,0.5
2024,12,00-0031299,TE,True,0,0,0.0,0.0
2024,12,00-0031549,WR,True,0,0,1.0,0.0
2024,12,00-0031585,TE,True,0,0,1.0,0.0
2024,12,00-0031690,TE,True,0,0,1.0,0.7
2024,12,00-0031763,WR,True,0,0,0.0,0.0
2024,12,00-0031941,WR,True,0,0,1.0,1.0
2024,12,00-0032104,RB,True,0,0,4.0,9.2
2024,12,00-0032392,TE,True,0,0,4.0,5.5
2024,12,00-0032394,TE,True,0,0,1.0,1.1
2024,12,00-0032464,WR,True,0,0,2.0,4.0
2024,12,00-0033009,WR,True,0,0,3.0,4.4
2024,12,00-0033045,RB,True,0,0,4.0,3.9
2024,12,00-0033217,TE,True,0,0,3.0,2.7
2024,12,00-0033246,TE,True,0,0,1.0,1.8
2024,12,00-0033282,WR,True,0,0,6.0,14.3
2024,12,00-0033526,RB,True,0,0,4.0,1.8
2024,12,00-0033555,WR,True,0,0,2.0,3.7
2024,12,00-0033576,TE,True,0,0,1.0,1.2
2024,12,00-0033589,WR,True,0,0,4.0,2.8
2024,12,00-0033854,RB,True,0,0,1.0,1.6
2024,12,00-0033857,WR,True,0,0,1.0,1.3
2024,12,00-0033895,TE,True,0,0,1.0,1.0
2024,12,00-0033943,WR,True,0,0,2.0,7.4
2024,12,00-0033948,RB,True,0,0,2.0,0.4
2024,12,00-0034115,RB,True,0,0,3.0,1.4
2024,12,00-0034184,RB,False,1,0,6.0,2.7
2024,12,00-0034208,RB,True,0,0,4.0,0.7
2024,12,00-0034270,TE,True,0,0,3.0,1.2
2024,12,00-0034386,WR,True,0,0,2.0,3.6
2024,12,00-0034407,WR,True,0,0,6.0,7.6
2024,12,00-0034418,WR,True,0,0,3.0,4.4
2024,12,00-0034419,WR,True,0,0,0.0,0.0
2024,12,00-0034613,TE,True,0,0,2.0,2.3
2024,12,00-0034646,WR,True,0,0,1.0,1.8
2024,12,00-0034798,TE,True,0,0,1.0,0.8
2024,12,00-0034854,WR,True,0,0,2.0,3.2
2024,12,00-0034928,WR,True,0,0,0.0,0.0
2024,12,00-0034981,TE,True,0,0,4.0,6.5
2024,12,00-0035021,WR,True,0,0,0.0,0.0
2024,12,00-0035140,WR,True,0,0,4.0,3.1
2024,12,00-0035208,WR,True,0,0,2.0,1.5
2024,12,00-0035215,WR,True,0,0,0.0,0.0
2024,12,00-0035216,WR,True,0,0,2.0,0.0
2024,12,00-0035249,TE,True,0,0,3.0,4.9
2024,12,00-0035250,RB,False,1,1,9.0,5.0
2024,12,00-0035298,WR,True,0,0,2.0,0.0
2024,12,00-0035311,RB,True,0,0,3.0,1.8
2024,12,00-0035341,WR,True,0,0,0.0,0.0
2024,12,00-0035406,WR,True,0,0,4.0,13.2
2024,12,00-0035500,WR,True,0,0,1.0,0.4
2024,12,00-0035537,RB,True,0,0,6.0,1.8
2024,12,00-0035594,RB,True,0,0,0.0,0.0
2024,12,00-0035644,TE,True,0,0,4.0,3.7
2024,12,00-0035806,RB,True,0,0,2.0,0.2
2024,12,00-0036040,TE,True,0,0,3.0,10.5
2024,12,00-0036182,WR,True,0,0,6.0,18.7
2024,12,00-0036196,WR,True,0,0,3.0,0.8
2024,12,00-0036244,TE,True,0,0,1.0,8.4
2024,12,00-0036268,WR,True,0,0,0.0,0.0
2024,12,00-0036331,WR,True,0,0,2.0,0.0
2024,12,00-0036345,WR,True,0,0,1.0,0.0
2024,12,00-0036415,WR,True,0,0,1.0,0.0
2024,12,00-0036422,TE,True,0,0,1.0,0.0
2024,12,00-0036425,RB,True,0,0,3.0,1.0
2024,12,00-0036429,TE,True,0,0,1.0,0.0
2024,12,00-0036497,WR,True,0,0,2.0,1.5
2024,12,00-0036527,WR,True,0,0,3.0,4.4
2024,12,00-0036556,TE,True,0,0,1.0,0.9
2024,12,00-0036590,TE,True,0,0,1.0,0.0
2024,12,00-0036613,WR,False,2,2,3.0,4.7
2024,12,00-0036628,TE,True,0,0,3.0,2.7
2024,12,00-0036637,TE,True,0,0,5.0,16.3
2024,12,00-0036754,TE,True,0,0,1.0,7.0
2024,12,00-0036825,TE,True,0,0,0.0,0.0
2024,12,00-0036876,TE,True,0,0,2.0,0.9
2024,12,00-0036877,WR,True,0,0,0.0,0.0
2024,12,00-0036887,TE,True,0,0,2.0,0.8
2024,12,00-0036894,TE,True,0,0,2.0,2.4
2024,12,00-0036919,RB,True,0,0,5.0,5.4
2024,12,00-0036950,RB,True,0,0,0.0,0.0
2024,12,00-0036988,WR,True,0,0,4.0,3.3
2024,12,00-0037086,TE,True,0,0,0.0,0.0
2024,12,00-0037091,WR,True,0,0,2.0,2.4
2024,12,00-0037093,WR,True,0,0,0.0,0.0
2024,12,00-0037132,WR,True,0,0,1.0,1.6
2024,12,00-0037252,TE,True,0,0,1.0,0.0
2024,12,00-0037258,RB,True,0,0,1.0,0.2
2024,12,00-0037263,RB,True,0,0,1.0,0.4
2024,12,00-0037291,WR,True,0,0,2.0,0.0
2024,12,00-0037348,TE,True,0,0,0.0,0.0
2024,12,00-0037429,RB,True,0,0,0.0,0.0
2024,12,00-0037450,WR,True,0,0,2.0,1.1
2024,12,00-0037557,RB,True,0,0,0.0,0.0
2024,12,00-0037594,RB,True,0,0,0.0,0.0
2024,12,00-0037741,WR,True,0,0,2.0,1.3
2024,12,00-0037742,WR,True,0,0,1.0,1.5
2024,12,00-0037745,WR,True,0,0,3.0,2.4
2024,12,00-0037801,WR,True,0,0,3.0,16.1
2024,12,00-0037837,WR,True,0,0,2.0,0.4
2024,12,00-0037838,TE,False,1,1,5.0,7.5
2024,12,00-0038040,RB,True,0,0,5.0,0.9
2024,12,00-0038098,RB,True,0,0,2.0,0.5
2024,12,00-0038104,WR,True,0,0,3.0,3.0
2024,12,00-0038115,TE,True,0,0,1.0,1.6
2024,12,00-0038124,WR,False,2,2,4.0,17.0
2024,12,00-0038393,WR,True,0,0,1.0,0.0
2024,12,00-0038396,RB,True,0,0,0.0,0.0
2024,12,00-0038488,RB,True,0,0,0.0,0.0
2024,12,00-0038496,WR,True,0,0,1.0,2.2
2024,12,00-0038555,RB,False,1,1,2.0,0.4
2024,12,00-0038558,TE,True,0,0,4.0,5.2
2024,12,00-0038559,WR,True,0,0,4.0,3.9
2024,12,00-0038563,WR,True,0,0,5.0,5.0
2024,12,00-0038573,WR,True,0,0,3.0,2.5
2024,12,00-0038576,WR,True,0,0,0.0,0.0
2024,12,00-0038606,WR,True,0,0,3.0,1.5
2024,12,00-0038618,WR,True,0,0,4.0,1.6
2024,12,00-0038619,WR,True,0,0,3.0,6.1
2024,12,00-0038621,WR,True,0,0,6.0,7.9
2024,12,00-0038622,RB,True,0,0,6.0,2.2
2024,12,00-0038640,WR,True,0,0,4.0,0.9
2024,12,00-0038678,RB,True,0,0,2.0,0.3
2024,12,00-0038705,RB,True,0,0,3.0,2.2
2024,12,00-0038720,TE,True,0,0,3.0,3.8
2024,12,00-0038738,RB,True,0,0,1.0,0.0
2024,12,00-0038794,RB,True,0,0,4.0,1.9
2024,12,00-0038938,WR,True,0,0,4.0,5.9
2024,12,00-0038951,RB,True,0,0,0.0,0.0
2024,12,00-0038976,WR,True,0,0,5.0,12.3
2024,12,00-0038996,TE,False,1,1,1.0,0.0
2024,12,00-0039041,TE,True,0,0,2.0,2.3
2024,12,00-0039052,WR,True,0,0,1.0,0.0
2024,12,00-0039062,WR,True,0,0,4.0,0.0
2024,12,00-0039066,TE,True,0,0,3.0,1.0
2024,12,00-0039067,WR,True,0,0,0.0,0.0
2024,12,00-0039074,TE,True,0,0,6.0,5.9
2024,12,00-0039144,TE,True,0,0,3.0,2.8
2024,12,00-0039236,WR,True,0,0,1.0,7.0
2024,12,00-0039355,WR,True,0,0,1.0,0.0
2024,12,00-0039356,TE,True,0,0,2.0,7.8
2024,12,00-0039363,RB,True,0,0,0.0,0.0
2024,12,00-0039365,WR,True,0,0,0.0,0.0
2024,12,00-0039386,WR,True,0,0,1.0,4.1
2024,12,00-0039392,WR,True,0,0,0.0,0.0
2024,12,00-0039424,WR,True,0,0,5.0,8.6
2024,12,00-0039589,WR,True,0,0,0.0,0.0
2024,12,00-0039603,RB,True,0,0,1.0,0.2
2024,12,00-0039623,WR,True,0,0,3.0,0.0
2024,12,00-0039746,RB,True,0,0,0.0,0.0
2024,12,00-0039751,WR,True,0,0,0.0,0.0
2024,12,00-0039794,RB,True,0,0,2.0,0.6
2024,12,00-0039816,WR,True,0,0,0.0,0.0
2024,12,00-0039847,TE,False,1,1,6.0,5.7
2024,12,00-0039855,WR,True,0,0,8.0,7.2
2024,12,00-0039890,WR,True,0,0,3.0,4.0
2024,12,00-0039907,WR,True,0,0,0.0,0.0
2024,12,00-0039921,RB,True,1,1,12.0,9.7
2024,12,00-0024243,TE,True,0,0,0.0,0.0
2024,12,00-0030431,WR,True,0,0,2.0,2.3
2024,12,00-0031484,TE,True,0,0,1.0,6.7
2024,12,00-0032128,WR,True,0,0,1.0,0.0
2024,12,00-0032688,WR,True,0,0,4.0,1.0
2024,12,00-0033375,WR,True,0,0,4.0,4.1
2024,12,00-0033376,RB,True,0,0,1.0,1.0
2024,12,00-0033591,WR,True,0,0,4.0,0.9
2024,12,00-0033925,RB,True,0,0,5.0,2.6
2024,12,00-0034487,WR,True,0,0,1.0,2.1
2024,12,00-0034808,RB,True,0,0,0.0,0.0
2024,12,00-0035544,WR,True,0,0,1.0,0.0
2024,12,00-0035631,TE,True,0,0,3.0,1.0
2024,12,00-0036133,WR,True,0,0,0.0,0.0
2024,12,00-0036232,TE,True,0,0,2.0,3.2
2024,12,00-0036414,RB,True,1,1,12.0,10.6
2024,12,00-0036626,WR,True,0,0,2.0,0.9
2024,12,00-0036849,WR,True,0,0,2.0,2.6
2024,12,00-0036862,WR,True,0,0,1.0,0.9
2024,12,00-0036984,RB,True,0,0,1.0,0.8
2024,12,00-0037004,TE,True,0,0,1.0,0.9
2024,12,00-0037005,TE,True,0,0,3.0,2.3
2024,12,00-0037085,RB,True,0,0,3.0,-1.4
2024,12,00-0037112,TE,True,0,0,0.0,0.0
2024,12,00-0037120,RB,True,0,0,0.0,0.0
2024,12,00-0037156,WR,True,0,0,0.0,0.0
2024,12,00-0037257,WR,True,0,0,3.0,4.2
2024,12,00-0037292,TE,True,0,0,1.0,1.3
2024,12,00-0037311,TE,True,0,0,0.0,0.0
2024,12,00-0037569,TE,True,0,0,1.0,1.6
2024,12,00-0037617,RB,True,0,0,2.0,0.1
2024,12,00-0037805,TE,True,0,0,2.0,1.1
2024,12,00-0038046,TE,True,0,0,0.0,0.0
2024,12,00-0038507,WR,True,0,0,3.0,1.8
2024,12,00-0038589,TE,True,0,0,1.0,1.1
2024,12,00-0038752,WR,True,0,0,1.0,0.0
2024,12,00-0038783,TE,True,0,0,1.0,7.7
2024,12,00-0038935,TE,True,0,0,1.0,1.1
2024,12,00-0039359,TE,True,0,0,2.0,2.5
2024,12,00-0039364,RB,True,0,0,5.0,0.9
2024,12,00-0039530,TE,True,0,0,5.0,6.2
2024,12,00-0039686,TE,True,0,0,0.0,0.0
2024,12,00-0039793,TE,True,0,0,4.0,2.5
2024,12,00-0039810,WR,True,0,0,4.0,1.3
2024,12,00-0039814,TE,True,0,0,2.0,3.4
2024,12,00-0039824,TE,True,0,0,1.0,1.2
2024,12,00-0039868,WR,True,0,0,2.0,8.5
2024,12,00-0039874,RB,True,0,0,6.0,1.1
2024,12,00-0039912,TE,True,0,0,1.0,1.7
2024,12,00-0039920,WR,True,0,0,1.0,1.5
2024,12,00-0033439,TE,True,0,0,0.0,0.0
2024,12,00-0034073,TE,True,0,0,1.0,1.0
2024,12,00-0035639,WR,True,0,0,1.0,0.0
2024,12,00-0035726,RB,True,0,0,0.0,0.0
2024,12,00-0036096,RB,True,0,0,3.0,2.3
2024,12,00-0036187,RB,True,0,0,0.0,0.0
2024,12,00-0036254,WR,True,0,0,0.0,0.0
2024,12,00-0036332,TE,True,0,0,0.0,0.0
2024,12,00-0036620,WR,True,0,0,0.0,0.0
2024,12,00-0036635,WR,True,0,0,0.0,0.0
2024,12,00-0036646,WR,True,0,0,1.0,0.0
2024,12,00-0036741,TE,True,0,0,0.0,0.0
2024,12,00-0037299,RB,True,0,0,0.0,0.0
2024,12,00-0037451,TE,True,0,0,0.0,0.0
2024,12,00-0037475,TE,True,0,0,0.0,0.0
2024,12,00-0038092,WR,True,0,0,2.0,0.0
2024,12,00-0038359,WR,True,0,0,0.0,0.0
2024,12,00-0038477,WR,True,0,0,0.0,0.0
2024,12,00-0038608,WR,True,0,0,6.0,5.3
2024,12,00-0038636,RB,True,0,0,0.0,0.0
2024,12,00-0038647,WR,True,0,0,0.0,0.0
2024,12,00-0038685,RB,True,0,0,2.0,2.3
2024,12,00-0039021,RB,False,2,1,11.0,10.6
2024,12,00-0039050,TE,True,0,0,0.0,0.0
2024,12,00-0039737,TE,True,0,0,0.0,0.0
2024,12,00-0039798,RB,True,0,0,0.0,0.0
2024,12,00-0032385,WR,True,0,0,4.0,1.5
2024,12,00-0033251,WR,True,0,0,0.0,0.0
2024,12,00-0033460,WR,True,0,0,2.0,1.1
2024,12,00-0035602,WR,True,0,0,0.0,0.0
2024,12,00-0035973,RB,True,0,0,2.0,0.9
2024,12,00-0036569,RB,True,0,0,0.0,0.0
2024,12,00-0036630,WR,True,0,0,1.0,1.3
2024,12,00-0037609,RB,True,0,0,1.0,-0.2
2024,12,00-0037614,WR,True,0,0,3.0,4.8
2024,12,00-0038090,WR,True,0,0,1.0,0.0
2024,12,00-0038465,WR,True,0,0,3.0,2.4
2024,12,00-0038489,RB,True,0,0,1.0,0.5
2024,12,00-0038710,TE,True,0,0,3.0,8.8
2024,12,00-0039491,WR,True,0,0,8.0,5.6
2024,12,00-0031235,WR,True,0,0,4.0,2.3
2024,12,00-0033292,WR,True,0,0,0.0,0.0
2024,12,00-0033307,WR,True,0,0,5.0,15.5
2024,12,00-0035164,WR,True,0,0,0.0,0.0
2024,12,00-0035547,TE,True,0,0,1.0,0.0
2024,12,00-0035924,RB,True,0,0,0.0,0.0
2024,12,00-0037382,WR,True,0,0,1.0,1.4
2024,12,00-0037539,TE,True,0,0,2.0,3.1
2024,12,00-0038394,TE,True,0,0,1.0,1.5
2024,12,00-0038840,WR,True,0,0,1.0,0.3
2024,12,00-0038920,TE,True,0,0,1.0,1.2
2024,12,00-0039244,RB,True,0,0,0.0,0.0
2024,12,00-0031428,WR,True,0,0,2.0,1.2
2024,12,00-0032141,TE,True,0,0,1.0,1.2
2024,12,00-0034365,TE,True,0,0,1.0,0.8
2024,12,00-0035567,RB,True,0,0,2.0,2.1
2024,12,00-0036165,WR,True,0,0,1.0,1.2
2024,12,00-0036183,WR,True,0,0,3.0,8.8
2024,12,00-0038809,TE,True,0,0,1.0,0.0
2024,12,00-0038824,WR,True,0,0,3.0,1.6
2024,12,00-0039230,RB,True,0,0,0.0,0.0
2024,12,00-0039391,RB,True,0,0,5.0,0.7
2024,12,00-0039407,RB,True,0,0,1.0,-2.0
2024,12,00-0039410,WR,True,0,0,3.0,2.9
2024,12,00-0039521,WR,True,0,0,1.0,0.0
2024,12,00-0039595,RB,True,0,0,0.0,0.0
2024,12,00-0039757,RB,True,0,0,5.0,1.3
2024,12,00-0033891,WR,True,0,0,1.0,0.8
2024,12,00-0036387,WR,True,0,0,1.0,0.0
2024,12,00-0037456,RB,True,0,0,0.0,0.0
2024,12,00-0038551,RB,True,0,0,3.0,1.6
2024,12,00-0039393,RB,True,0,0,8.0,1.5
2024,12,00-0039394,WR,True,0,0,1.0,0.0
2024,12,00-0039614,WR,True,0,0,0.0,0.0
2024,12,00-0039792,WR,True,0,0,0.0,0.0
2024,12,00-0039916,WR,True,0,0,2.0,0.0
2024,12,00-0033893,RB,True,0,0,2.0,0.8
2024,12,00-0036176,WR,True,0,0,0.0,0.0
2024,12,00-0036534,TE,True,0,0,1.0,2.7
2024,12,00-0037272,WR,True,0,0,0.0,0.0
2024,12,00-0038821,WR,True,0,0,4.0,2.0
2024,12,00-0039451,WR,True,0,0,0.0,0.0
2024,12,00-0039853,WR,True,0,0,0.0,0.0
2024,12,00-0035891,WR,True,0,0,3.0,5.4
2024,12,00-0036510,TE,True,0,0,1.0,7.6
2024,12,00-0036841,WR,True,0,0,3.0,5.0
2024,12,00-0037422,WR,True,0,0,1.0,1.4
2024,12,00-0037487,WR,True,0,0,1.0,-0.2
2024,12,00-0038611,RB,True,0,0,2.0,0.4
2024,12,00-0039420,TE,True,0,0,1.0,0.0
2024,12,00-0039543,WR,True,0,0,1.0,0.0
2024,12,00-0039613,TE,True,0,0,0.0,0.0
2024,12,00-0039650,WR,True,0,0,1.0,3.8
2024,12,00-0039747,WR,True,0,0,2.0,1.6
2024,12,00-0034860,WR,True,0,0,1.0,1.4
2024,12,00-0037216,WR,True,0,0,1.0,0.0
2024,12,00-0037231,WR,True,0,0,2.0,2.3
2024,12,00-0038454,RB,True,0,0,0.0,0.0
2024,12,00-0039631,TE,True,0,0,1.0,0.5
2024,12,00-0036640,TE,True,0,0,1.0,1.0
2024,12,00-0036913,WR,True,0,0,1.0,-0.7
2024,12,00-0037654,TE,True,0,0,2.0,1.1
2024,12,00-0038643,TE,True,0,0,0.0,0.0
2024,12,00-0039379,WR,True,0,0,1.0,1.6
2024,13,00-0030035,WR,True,0,0,4.0,7.2
2024,13,00-0030578,RB,True,0,0,1.0,-0.2
2024,13,00-0031299,TE,True,0,0,0.0,0.0
2024,13,00-0031549,WR,True,0,0,1.0,0.0
2024,13,00-0031585,TE,True,0,0,1.0,0.0
2024,13,00-0031687,RB,True,0,0,3.0,0.7
2024,13,00-0031690,TE,True,0,0,1.0,0.7
2024,13,00-0031763,WR,True,0,0,0.0,0.0
2024,13,00-0031941,WR,True,0,0,1.0,1.0
2024,13,00-0032104,RB,True,0,0,14.0,15.0
2024,13,00-0032392,TE,True,0,0,4.0,13.9
2024,13,00-0032394,TE,True,0,0,1.0,0.0
2024,13,00-0032464,WR,True,0,0,1.0,0.0
2024,13,00-0033009,WR,True,0,0,6.0,8.5
2024,13,00-0033045,RB,True,0,0,3.0,0.6
2024,13,00-0033217,TE,True,0,0,3.0,2.7
2024,13,00-0033246,TE,True,0,0,1.0,1.2
2024,13,00-0033282,WR,True,0,0,6.0,14.3
2024,13,00-0033526,RB,True,0,0,3.0,3.4
2024,13,00-0033555,WR,True,0,0,2.0,3.7
2024,13,00-0033576,TE,True,0,0,1.0,0.0
2024,13,00-0033589,WR,True,0,0,10.0,17.1
2024,13,00-0033854,RB,True,0,0,0.0,0.0
2024,13,00-0033857,WR,True,0,0,2.0,1.1
2024,13,00-0033895,TE,True,0,0,1.0,1.0
2024,13,00-0033943,WR,True,0,0,2.0,7.4
2024,13,00-0033948,RB,True,0,0,2.0,0.4
2024,13,00-0034115,RB,True,0,0,3.0,1.4
2024,13,00-0034184,RB,False,2,2,10.0,7.1
2024,13,00-0034208,RB,True,0,0,4.0,0.7
2024,13,00-0034270,TE,True,0,0,3.0,1.2
2024,13,00-0034386,WR,True,0,0,2.0,2.0
2024,13,00-0034407,WR,True,0,0,6.0,7.6
2024,13,00-0034418,WR,True,0,0,3.0,4.4
2024,13,00-0034419,WR,True,0,0,0.0,0.0
2024,13,00-0034613,TE,True,0,0,2.0,2.3
2024,13,00-0034646,WR,True,0,0,0.0,0.0
2024,13,00-0034798,TE,True,0,0,1.0,1.3
2024,13,00-0034854,WR,True,0,0,2.0,3.2
2024,13,00-0034928,WR,True,0,0,0.0,0.0
2024,13,00-0034981,TE,True,0,0,4.0,6.5
2024,13,00-0035021,WR,True,0,0,1.0,0.0
2024,13,00-0035140,WR,True,0,0,2.0,1.5
2024,13,00-0035208,WR,True,0,0,1.0,1.3
2024,13,00-0035215,WR,True,0,0,0.0,0.0
2024,13,00-0035216,WR,True,0,0,1.0,0.0
2024,13,00-0035249,TE,True,0,0,3.0,4.9
2024,13,00-0035298,WR,True,0,0,2.0,0.0
2024,13,00-0035311,RB,True,0,0,3.0,1.8
2024,13,00-0035341,WR,True,0,0,0.0,0.0
2024,13,00-0035406,WR,True,0,0,3.0,1.4
2024,13,00-0035500,WR,True,0,0,2.0,1.0
2024,13,00-0035537,RB,True,0,0,6.0,1.8
2024,13,00-0035594,RB,True,0,0,0.0,0.0
2024,13,00-0035644,TE,True,0,0,4.0,3.7
2024,13,00-0035806,RB,True,0,0,3.0,2.5
2024,13,00-0036040,TE,True,0,0,3.0,10.5
2024,13,00-0036196,WR,True,0,0,3.0,0.8
2024,13,00-0036244,TE,True,0,0,2.0,1.5
2024,13,00-0036268,WR,True,0,0,0.0,0.0
2024,13,00-0036290,TE,True,0,0,10.0,9.9
2024,13,00-0036331,WR,True,0,0,2.0,0.0
2024,13,00-0036345,WR,True,0,0,1.0,0.0
2024,13,00-0036415,WR,True,0,0,2.0,4.9
2024,13,00-0036422,TE,True,0,0,2.0,0.8
2024,13,00-0036425,RB,True,0,0,0.0,0.0
2024,13,00-0036429,TE,True,0,0,1.0,0.0
2024,13,00-0036497,WR,True,0,0,2.0,1.5
2024,13,00-0036527,WR,True,0,0,4.0,1.5
2024,13,00-0036550,WR,True,0,0,3.0,11.3
2024,13,00-0036556,TE,True,0,0,1.0,0.9
2024,13,00-0036590,TE,True,0,0,1.0,0.0
2024,13,00-0036628,TE,True,0,0,1.0,-0.19999999999999996
2024,13,00-0036637,TE,False,1,1,4.0,20.6
2024,13,00-0036754,TE,True,0,0,2.0,3.4
2024,13,00-0036825,TE,True,0,0,0.0,0.0
2024,13,00-0036876,TE,True,0,0,2.0,0.0
2024,13,00-0036877,WR,True,0,0,0.0,0.0
2024,13,00-0036887,TE,True,0,0,2.0,0.8
2024,13,00-0036894,TE,True,0,0,4.0,7.9
2024,13,00-0036919,RB,True,0,0,5.0,8.2
2024,13,00-0036950,RB,True,0,0,0.0,0.0
2024,13,00-0036973,RB,False,1,1,15.0,4.8
2024,13,00-0036988,WR,True,0,0,8.0,5.3
2024,13,00-0037086,TE,True,0,0,1.0,0.0
2024,13,00-0037091,WR,True,0,0,2.0,0.5
2024,13,00-0037093,WR,True,0,0,0.0,0.0
2024,13,00-0037132,WR,True,0,0,0.0,0.0
2024,13,00-0037252,TE,True,0,0,1.0,0.0
2024,13,00-0037258,RB,True,0,0,0.0,0.0
2024,13,00-0037263,RB,True,0,0,1.0,0.4
2024,13,00-0037291,WR,True,0,0,2.0,7.0
2024,13,00-0037348,TE,True,0,0,0.0,0.0
2024,13,00-0037429,RB,True,0,0,0.0,0.0
2024,13,00-0037450,WR,True,0,0,2.0,1.1
2024,13,00-0037557,RB,True,0,0,0.0,0.0
2024,13,00-0037594,RB,True,0,0,2.0,1.0
2024,13,00-0037741,WR,True,0,0,1.0,0.9
2024,13,00-0037742,WR,True,0,0,1.0,1.5
2024,13,00-0037745,WR,True,0,0,3.0,2.4
2024,13,00-0037801,WR,True,0,0,1.0,7.3
2024,13,00-0037837,WR,True,0,0,3.0,15.3
2024,13,00-0037838,TE,True,0,0,5.0,7.5
2024,13,00-0038040,RB,True,0,0,5.0,0.9
2024,13,00-0038098,RB,True,0,0,2.0,0.5
2024,13,00-0038104,WR,True,0,0,3.0,3.0
2024,13,00-0038115,TE,True,0,0,0.0,0.0
2024,13,00-0038393,WR,True,0,0,2.0,3.0
2024,13,00-0038396,RB,True,0,0,3.0,1.6
2024,13,00-0038488,RB,True,0,0,0.0,0.0
2024,13,00-0038496,WR,True,0,0,1.0,2.2
2024,13,00-0038558,TE,True,0,0,3.0,2.9
2024,13,00-0038559,WR,True,0,0,4.0,6.4
2024,13,00-0038563,WR,True,0,0,8.0,11.7
2024,13,00-0038573,WR,True,0,0,2.0,1.4
2024,13,00-0038576,WR,True,0,0,0.0,0.0
2024,13,00-0038606,WR,True,0,0,3.0,1.5
2024,13,00-0038618,WR,True,0,0,1.0,0.0
2024,13,00-0038619,WR,True,0,0,3.0,6.1
2024,13,00-0038621,WR,True,0,0,8.0,8.8
2024,13,00-0038622,RB,True,0,0,6.0,2.2
2024,13,00-0038640,WR,True,0,0,3.0,4.6
2024,13,00-0038678,RB,True,0,0,2.0,0.3
2024,13,00-0038705,RB,True,0,0,1.0,1.4
2024,13,00-0038720,TE,True,0,0,2.0,1.3
2024,13,00-0038738,RB,True,0,0,1.0,1.5
2024,13,00-0038794,RB,True,0,0,8.0,4.4
2024,13,00-0038938,WR,True,0,0,4.0,5.9
2024,13,00-0038951,RB,True,0,0,5.0,7.5
2024,13,00-0038976,WR,True,0,0,7.0,5.7
2024,13,00-0038979,WR,True,0,0,4.0,1.8
2024,13,00-0039041,TE,True,0,0,2.0,1.0
2024,13,00-0039052,WR,True,0,0,1.0,2.3
2024,13,00-0039062,WR,True,0,0,2.0,1.3
2024,13,00-0039066,TE,True,0,0,2.0,2.1
2024,13,00-0039067,WR,True,0,0,0.0,0.0
2024,13,00-0039074,TE,True,0,0,1.0,0.0
2024,13,00-0039144,TE,True,0,0,3.0,2.8
2024,13,00-0039236,WR,True,0,0,1.0,0.0
2024,13,00-0039355,WR,True,0,0,1.0,1.3
2024,13,00-0039356,TE,True,0,0,3.0,6.4
2024,13,00-0039363,RB,True,0,0,0.0,0.0
2024,13,00-0039365,WR,True,0,0,0.0,0.0
2024,13,00-0039373,RB,True,0,0,3.0,1.5
2024,13,00-0039386,WR,True,0,0,1.0,4.1
2024,13,00-0039392,WR,True,0,0,0.0,0.0
2024,13,00-0039424,WR,False,1,1,9.0,11.0
2024,13,00-0039589,WR,True,0,0,0.0,0.0
2024,13,00-0039603,RB,True,0,0,1.0,0.2
2024,13,00-0039623,WR,True,0,0,3.0,0.0
2024,13,00-0039746,RB,True,0,0,0.0,0.0
2024,13,00-0039751,WR,True,0,0,0.0,0.0
2024,13,00-0039794,RB,True,1,1,2.0,0.6
2024,13,00-0039816,WR,True,0,0,0.0,0.0
2024,13,00-0039855,WR,True,0,0,2.0,1.6
2024,13,00-0039890,WR,True,0,0,3.0,1.5
2024,13,00-0039907,WR,True,0,0,2.0,1.2
2024,13,00-0039921,RB,False,1,1,4.0,1.8
2024,13,00-0024243,TE,True,0,0,0.0,0.0
2024,13,00-0030431,WR,True,0,0,1.0,1.3
2024,13,00-0031484,TE,True,0,0,1.0,6.7
2024,13,00-0032128,WR,True,0,0,1.0,0.0
2024,13,00-0032688,WR,True,0,0,4.0,1.0
2024,13,00-0033375,WR,True,0,0,4.0,7.5
2024,13,00-0033376,RB,True,0,0,0.0,0.0
2024,13,00-0033591,WR,True,0,0,10.0,10.1
2024,13,00-0033925,RB,True,0,0,5.0,2.6
2024,13,00-0034487,WR,True,0,0,0.0,0.0
2024,13,00-0034808,RB,True,0,0,0.0,0.0
2024,13,00-0035544,WR,True,0,0,1.0,0.0
2024,13,00-0035631,TE,True,0,0,3.0,1.0
2024,13,00-0036133,WR,True,0,0,0.0,0.0
2024,13,00-0036232,TE,True,0,0,2.0,3.2
2024,13,00-0036414,RB,True,0,0,4.0,3.0
2024,13,00-0036626,WR,True,0,0,3.0,4.6
2024,13,00-0036849,WR,True,0,0,3.0,4.5
2024,13,00-0036862,WR,True,0,0,0.0,0.0
2024,13,00-0036984,RB,True,0,0,1.0,0.8
2024,13,00-0037004,TE,True,0,0,1.0,0.9
2024,13,00-0037005,TE,True,0,0,2.0,1.0
2024,13,00-0037085,RB,True,0,0,3.0,-1.4
2024,13,00-0037112,TE,True,0,0,0.0,0.0
2024,13,00-0037120,RB,True,0,0,0.0,0.0
2024,13,00-0037156,WR,True,0,0,0.0,0.0
2024,13,00-0037257,WR,True,0,0,3.0,4.2
2024,13,00-0037292,TE,True,0,0,1.0,0.0
2024,13,00-0037311,TE,True,0,0,0.0,0.0
2024,13,00-0037569,TE,True,0,0,1.0,1.6
2024,13,00-0037617,RB,True,0,0,1.0,0.3
2024,13,00-0037805,TE,True,0,0,2.0,1.1
2024,13,00-0038046,TE,True,0,0,1.0,1.1
2024,13,00-0038507,WR,True,0,0,3.0,1.8
2024,13,00-0038589,TE,True,0,0,0.0,0.0
2024,13,00-0038752,WR,True,0,0,1.0,1.3
2024,13,00-0038783,TE,True,0,0,0.0,0.0
2024,13,00-0038935,TE,True,0,0,1.0,1.1
2024,13,00-0039359,TE,True,0,0,4.0,10.1
2024,13,00-0039364,RB,True,0,0,5.0,0.9
2024,13,00-0039530,TE,True,0,0,2.0,3.4
2024,13,00-0039686,TE,True,0,0,0.0,0.0
2024,13,00-0039793,TE,True,0,0,4.0,3.4
2024,13,00-0039810,WR,True,0,0,4.0,1.3
2024,13,00-0039814,TE,True,0,0,2.0,3.4
2024,13,00-0039824,TE,True,0,0,1.0,1.2
2024,13,00-0039868,WR,True,0,0,4.0,4.1
2024,13,00-0039874,RB,True,0,0,8.0,0.8
2024,13,00-0039912,TE,True,0,0,0.0,0.0
2024,13,00-0039920,WR,True,0,0,1.0,1.5
2024,13,00-0033439,TE,True,0,0,2.0,2.9
2024,13,00-0034073,TE,True,0,0,1.0,1.0
2024,13,00-0035639,WR,True,0,0,1.0,0.0
2024,13,00-0035726,RB,True,0,0,0.0,0.0
2024,13,00-0036096,RB,True,0,0,3.0,2.3
2024,13,00-0036187,RB,True,0,0,0.0,0.0
2024,13,00-0036254,WR,True,0,0,0.0,0.0
2024,13,00-0036332,TE,True,0,0,0.0,0.0
2024,13,00-0036620,WR,True,0,0,0.0,0.0
2024,13,00-0036635,WR,True,0,0,0.0,0.0
2024,13,00-0036646,WR,True,0,0,1.0,0.0
2024,13,00-0036741,TE,True,0,0,0.0,0.0
2024,13,00-0037299,RB,True,0,0,0.0,0.0
2024,13,00-0037451,TE,True,0,0,0.0,0.0
2024,13,00-0037475,TE,True,0,0,0.0,0.0
2024,13,00-0038092,WR,True,0,0,2.0,0.0
2024,13,00-0038359,WR,True,0,0,0.0,0.0
2024,13,00-0038477,WR,True,0,0,0.0,0.0
2024,13,00-0038608,WR,True,0,0,4.0,1.1
2024,13,00-0038636,RB,True,0,0,0.0,0.0
2024,13,00-0038647,WR,True,0,0,0.0,0.0
2024,13,00-0038685,RB,True,0,0,5.0,3.1
2024,13,00-0039050,TE,True,0,0,1.0,3.1
2024,13,00-0039737,TE,True,0,0,0.0,0.0
2024,13,00-0039798,RB,True,0,0,0.0,0.0
2024,13,00-0032385,WR,True,0,0,7.0,4.1
2024,13,00-0033251,WR,True,0,0,0.0,0.0
2024,13,00-0033460,WR,True,0,0,2.0,1.1
2024,13,00-0035602,WR,True,0,0,0.0,0.0
2024,13,00-0035973,RB,True,0,0,2.0,0.9
2024,13,00-0036569,RB,True,0,0,0.0,0.0
2024,13,00-0036630,WR,True,0,0,1.0,2.0
2024,13,00-0037609,RB,True,0,0,1.0,-0.2
2024,13,00-0037614,WR,True,0,0,3.0,1.1
2024,13,00-0038090,WR,True,0,0,1.0,0.0
2024,13,00-0038465,WR,True,0,0,2.0,8.5
2024,13,00-0038489,RB,True,0,0,1.0,0.5
2024,13,00-0038710,TE,True,0,0,1.0,3.4
2024,13,00-0039491,WR,True,0,0,8.0,5.6
2024,13,00-0031235,WR,True,0,0,3.0,0.0
2024,13,00-0033292,WR,True,0,0,0.0,0.0
2024,13,00-0033307,WR,True,0,0,5.0,4.5
2024,13,00-0035164,WR,True,0,0,0.0,0.0
2024,13,00-0035547,TE,True,0,0,1.0,0.0
2024,13,00-0035924,RB,True,0,0,0.0,0.0
2024,13,00-0037382,WR,True,0,0,1.0,1.4
2024,13,00-0037539,TE,True,0,0,2.0,3.1
2024,13,00-0038394,TE,True,0,0,1.0,1.5
2024,13,00-0038840,WR,True,0,0,1.0,0.3
2024,13,00-0038920,TE,True,0,0,1.0,1.2
2024,13,00-0039244,RB,True,0,0,0.0,0.0
2024,13,00-0031428,WR,True,0,0,2.0,1.2
2024,13,00-0032141,TE,True,0,0,1.0,1.2
2024,13,00-0034365,TE,True,0,0,1.0,0.8
2024,13,00-0035567,RB,True,0,0,1.0,0.6
2024,13,00-0036165,WR,True,0,0,1.0,1.2
2024,13,00-0036183,WR,True,0,0,3.0,8.8
2024,13,00-0038809,TE,True,0,0,1.0,0.0
2024,13,00-0038824,WR,True,0,0,1.0,1.9
2024,13,00-0039230,RB,True,0,0,0.0,0.0
2024,13,00-0039391,RB,True,0,0,5.0,0.7
2024,13,00-0039407,RB,True,0,0,0.0,0.0
2024,13,00-0039410,WR,True,0,0,3.0,2.9
2024,13,00-0039521,WR,True,0,0,1.0,0.0
2024,13,00-0039595,RB,True,0,0,0.0,0.0
2024,13,00-0039757,RB,True,0,0,5.0,1.3
2024,13,00-0033891,WR,True,0,0,1.0,0.8
2024,13,00-0036387,WR,True,0,0,4.0,3.0
2024,13,00-0037456,RB,True,0,0,0.0,0.0
2024,13,00-0038551,RB,True,0,0,3.0,1.6
2024,13,00-0039393,RB,True,0,0,8.0,1.5
2024,13,00-0039394,WR,True,0,0,1.0,0.0
2024,13,00-0039614,WR,True,0,0,0.0,0.0
2024,13,00-0039792,WR,True,0,0,0.0,0.0
2024,13,00-0039916,WR,True,0,0,0.0,0.0
2024,13,00-0033893,RB,True,0,0,2.0,0.8
2024,13,00-0036176,WR,True,0,0,0.0,0.0
2024,13,00-0036534,TE,True,0,0,1.0,2.7
2024,13,00-0037272,WR,True,0,0,0.0,0.0
2024,13,00-0038821,WR,True,0,0,1.0,3.5
2024,13,00-0039451,WR,True,0,0,0.0,0.0
2024,13,00-0039853,WR,True,0,0,1.0,0.0
2024,13,00-0035891,WR,True,0,0,0.0,0.0
2024,13,00-0036510,TE,True,0,0,1.0,7.6
2024,13,00-0036841,WR,True,0,0,3.0,5.0
2024,13,00-0037422,WR,True,0,0,1.0,1.4
2024,13,00-0037487,WR,True,0,0,3.0,2.8
2024,13,00-0038611,RB,True,0,0,2.0,0.4
2024,13,00-0039420,TE,True,0,0,1.0,0.0
2024,13,00-0039543,WR,True,0,0,1.0,0.0
2024,13,00-0039613,TE,True,0,0,0.0,0.0
2024,13,00-0039650,WR,True,0,0,0.0,0.0
2024,13,00-0039747,WR,True,0,0,2.0,1.6
2024,13,00-0034860,WR,True,0,0,1.0,1.4
2024,13,00-0037216,WR,True,0,0,1.0,0.0
2024,13,00-0037231,WR,True,0,0,2.0,2.3
2024,13,00-0038454,RB,True,0,0,0.0,0.0
2024,13,00-0039631,TE,True,0,0,1.0,0.5
2024,13,00-0036640,TE,True,0,0,1.0,1.0
2024,13,00-0036913,WR,True,0,0,1.0,-0.7
2024,13,00-0037654,TE,True,0,0,1.0,1.2
2024,13,00-0038643,TE,True,0,0,0.0,0.0
2024,13,00-0039379,WR,True,0,0,1.0,1.6
2024,13,00-0034054,WR,True,0,0,0.0,0.0
2024,13,00-0037306,TE,True,0,0,1.0,0.7
2024,13,00-0037509,RB,True,0,0,5.0,3.3
2024,14,00-0030035,WR,False,3,3,10.0,19.9
2024,14,00-0030578,RB,True,0,0,6.0,6.8
2024,14,00-0031299,TE,True,0,0,0.0,0.0
2024,14,00-0031549,WR,True,0,0,2.0,0.0
2024,14,00-0031585,TE,True,0,0,3.0,3.1
2024,14,00-0031687,RB,False,1,1,8.0,4.4
2024,14,00-0031690,TE,True,0,0,1.0,0.7
2024,14,00-0031763,WR,True,0,0,0.0,0.0
2024,14,00-0031941,WR,True,0,0,1.0,1.0
2024,14,00-0032104,RB,True,0,0,12.0,6.3
2024,14,00-0032392,TE,True,0,0,4.0,12.2
2024,14,00-0032394,TE,True,0,0,1.0,1.1
2024,14,00-0032464,WR,True,0,0,1.0,0.0
2024,14,00-0033009,WR,True,0,0,4.0,5.2
2024,14,00-0033045,RB,True,0,0,1.0,0.4
2024,14,00-0033217,TE,True,0,0,2.0,2.5
2024,14,00-0033246,TE,True,0,0,2.0,9.2
2024,14,00-0033282,WR,True,0,0,1.0,0.7
2024,14,00-0033526,RB,True,0,0,1.0,2.0
2024,14,00-0033555,WR,True,0,0,1.0,7.2
2024,14,00-0033576,TE,True,0,0,1.0,0.0
2024,14,00-0033854,RB,True,0,0,0.0,0.0
2024,14,00-0033857,WR,True,0,0,1.0,1.5
2024,14,00-0033895,TE,True,0,0,1.0,1.0
2024,14,00-0033943,WR,True,0,0,2.0,7.4
2024,14,00-0033948,RB,True,0,0,1.0,1.2
2024,14,00-0034115,RB,True,0,0,3.0,1.4
2024,14,00-0034208,RB,True,0,0,4.0,0.7
2024,14,00-0034270,TE,True,0,0,5.0,5.2
2024,14,00-0034386,WR,True,0,0,3.0,7.1
2024,14,00-0034407,WR,True,0,0,7.0,11.3
2024,14,00-0034418,WR,True,0,0,1.0,2.4
2024,14,00-0034419,WR,True,0,0,0.0,0.0
2024,14,00-0034613,TE,True,0,0,4.0,4.8
2024,14,00-0034646,WR,True,0,0,1.0,1.3
2024,14,00-0034798,TE,True,0,0,1.0,1.3
2024,14,00-0034854,WR,True,0,0,2.0,3.2
2024,14,00-0034928,WR,True,0,0,0.0,0.0
2024,14,00-0034981,TE,True,0,0,4.0,1.6
2024,14,00-0035021,WR,True,0,0,1.0,0.0
2024,14,00-0035140,WR,True,0,0,0.0,0.0
2024,14,00-0035208,WR,True,0,0,3.0,2.9
2024,14,00-0035215,WR,True,0,0,0.0,0.0
2024,14,00-0035216,WR,True,0,0,1.0,0.0
2024,14,00-0035249,TE,True,0,0,3.0,4.9
2024,14,00-0035250,RB,True,1,1,8.0,2.3
2024,14,00-0035298,WR,True,0,0,2.0,0.0
2024,14,00-0035311,RB,True,0,0,3.0,1.8
2024,14,00-0035341,WR,True,0,0,0.0,0.0
2024,14,00-0035406,WR,True,0,0,3.0,1.4
2024,14,00-0035500,WR,True,0,0,4.0,1.7
2024,14,00-0035537,RB,True,0,0,6.0,4.2
2024,14,00-0035594,RB,True,0,0,0.0,0.0
2024,14,00-0035644,TE,True,0,0,4.0,4.1
2024,14,00-0035806,RB,True,0,0,3.0,2.5
2024,14,00-0036040,TE,True,0,0,7.0,6.1
2024,14,00-0036196,WR,True,0,0,3.0,0.8
2024,14,00-0036244,TE,True,0,0,1.0,1.8
2024,14,00-0036268,WR,True,0,0,0.0,0.0
2024,14,00-0036290,TE,True,0,0,3.0,4.1
2024,14,00-0036331,WR,True,0,0,4.0,3.3
2024,14,00-0036345,WR,True,0,0,1.0,0.0
2024,14,00-0036415,WR,True,0,0,3.0,4.8
2024,14,00-0036422,TE,True,0,0,1.0,0.0
2024,14,00-0036425,RB,True,0,0,0.0,0.0
2024,14,00-0036429,TE,True,0,0,1.0,1.0
2024,14,00-0036497,WR,True,0,0,0.0,0.0
2024,14,00-0036527,WR,True,0,0,1.0,3.0
2024,14,00-0036550,WR,True,0,0,3.0,11.3
2024,14,00-0036556,TE,True,0,0,1.0,0.9
2024,14,00-0036590,TE,True,0,0,1.0,1.9
2024,14,00-0036628,TE,True,0,0,1.0,-0.19999999999999996
2024,14,00-0036754,TE,True,0,0,1.0,1.8
2024,14,00-0036825,TE,True,0,0,1.0,0.0
2024,14,00-0036876,TE,True,0,0,3.0,0.0
2024,14,00-0036877,WR,True,0,0,0.0,0.0
2024,14,00-0036887,TE,True,0,0,1.0,0.0
2024,14,00-0036894,TE,True,1,1,7.0,15.8
2024,14,00-0036919,RB,True,0,0,0.0,0.0
2024,14,00-0036950,RB,True,0,0,0.0,0.0
2024,14,00-0036970,TE,True,0,0,2.0,0.0
2024,14,00-0036988,WR,True,0,0,1.0,3.6
2024,14,00-0037086,TE,True,0,0,1.0,0.0
2024,14,00-0037091,WR,True,0,0,2.0,0.5
2024,14,00-0037093,WR,True,0,0,0.0,0.0
2024,14,00-0037132,WR,True,0,0,1.0,0.0
2024,14,00-0037252,TE,True,0,0,1.0,0.0
2024,14,00-0037258,RB,True,0,0,1.0,0.6
2024,14,00-0037263,RB,True,0,0,9.0,2.7
2024,14,00-0037291,WR,True,0,0,2.0,2.3
2024,14,00-0037348,TE,True,0,0,0.0,0.0
2024,14,00-0037429,RB,True,0,0,0.0,0.0
2024,14,00-0037450,WR,True,0,0,2.0,1.1
2024,14,00-0037557,RB,True,0,0,0.0,0.0
2024,14,00-0037594,RB,True,0,0,0.0,0.0
2024,14,00-0037664,WR,True,0,0,6.0,8.6
2024,14,00-0037741,WR,True,0,0,1.0,1.2
2024,14,00-0037742,WR,True,0,0,1.0,1.5
2024,14,00-0037745,WR,True,0,0,3.0,2.4
2024,14,00-0037801,WR,True,0,0,6.0,7.5
2024,14,00-0037837,WR,True,0,0,2.0,9.9
2024,14,00-0037838,TE,True,0,0,8.0,12.3
2024,14,00-0038040,RB,True,0,0,5.0,0.9
2024,14,00-0038041,TE,False,1,1,1.0,1.6
2024,14,00-0038098,RB,True,0,0,0.0,0.0
2024,14,00-0038104,WR,True,0,0,3.0,3.0
2024,14,00-0038115,TE,True,0,0,0.0,0.0
2024,14,00-0038393,WR,True,0,0,5.0,5.0
2024,14,00-0038396,RB,True,0,0,0.0,0.0
2024,14,00-0038488,RB,True,0,0,0.0,0.0
2024,14,00-0038496,WR,True,0,0,1.0,0.4
2024,14,00-0038558,TE,True,0,0,1.0,1.5
2024,14,00-0038559,WR,True,0,0,7.0,8.0
2024,14,00-0038573,WR,True,0,0,2.0,1.1
2024,14,00-0038576,WR,True,0,0,0.0,0.0
2024,14,00-0038606,WR,True,0,0,12.0,21.3
2024,14,00-0038618,WR,True,0,0,1.0,0.0
2024,14,00-0038619,WR,True,0,0,4.0,11.0
2024,14,00-0038621,WR,True,0,0,4.0,4.0
2024,14,00-0038622,RB,True,0,0,6.0,2.2
2024,14,00-0038640,WR,True,0,0,1.0,0.5
2024,14,00-0038678,RB,True,0,0,2.0,0.3
2024,14,00-0038705,RB,True,0,0,5.0,2.0
2024,14,00-0038720,TE,True,0,0,1.0,1.0
2024,14,00-0038738,RB,True,0,0,3.0,0.4
2024,14,00-0038794,RB,True,0,0,16.0,8.9
2024,14,00-0038938,WR,True,0,0,2.0,1.8
2024,14,00-0038951,RB,True,0,0,0.0,0.0
2024,14,00-0038976,WR,True,0,0,5.0,18.4
2024,14,00-0038979,WR,True,0,0,4.0,1.8
2024,14,00-0039032,RB,True,1,0,1.0,0.3
2024,14,00-0039041,TE,True,0,0,2.0,3.3
2024,14,00-0039052,WR,True,0,0,1.0,0.0
2024,14,00-0039062,WR,True,0,0,4.0,0.7
2024,14,00-0039066,TE,True,0,0,2.0,1.0
2024,14,00-0039067,WR,True,0,0,0.0,0.0
2024,14,00-0039074,TE,True,0,0,1.0,0.0
2024,14,00-0039144,TE,True,0,0,3.0,2.8
2024,14,00-0039236,WR,True,0,0,1.0,0.0
2024,14,00-0039355,WR,True,0,0,2.0,2.3
2024,14,00-0039356,TE,True,0,0,3.0,6.4
2024,14,00-0039363,RB,False,7,7,5.0,8.1
2024,14,00-0039365,WR,True,0,0,0.0,0.0
2024,14,00-0039373,RB,True,0,0,3.0,1.2
2024,14,00-0039386,WR,True,0,0,1.0,4.1
2024,14,00-0039392,WR,True,0,0,0.0,0.0
2024,14,00-0039589,WR,True,0,0,0.0,0.0
2024,14,00-0039603,RB,True,0,0,1.0,0.2
2024,14,00-0039623,WR,True,0,0,3.0,0.0
2024,14,00-0039738,RB,True,0,0,8.0,4.2
2024,14,00-0039746,RB,True,0,0,1.0,0.4
2024,14,00-0039751,WR,True,0,0,0.0,0.0
2024,14,00-0039816,WR,True,0,0,0.0,0.0
2024,14,00-0039855,WR,True,0,0,3.0,3.5
2024,14,00-0039890,WR,True,0,0,2.0,0.0
2024,14,00-0039907,WR,True,0,0,1.0,0.0
2024,14,00-0039921,RB,True,0,0,3.0,2.0
2024,14,00-0024243,TE,True,0,0,0.0,0.0
2024,14,00-0030431,WR,True,0,0,1.0,0.0
2024,14,00-0031484,TE,True,0,0,0.0,0.0
2024,14,00-0032128,WR,True,0,0,0.0,0.0
2024,14,00-0032688,WR,True,0,0,4.0,1.0
2024,14,00-0033375,WR,True,0,0,3.0,5.8
2024,14,00-0033376,RB,True,0,0,0.0,0.0
2024,14,00-0033591,WR,True,0,0,4.0,4.2
2024,14,00-0033925,RB,True,0,0,5.0,2.6
2024,14,00-0034487,WR,True,0,0,0.0,0.0
2024,14,00-0034808,RB,True,0,0,0.0,0.0
2024,14,00-0035544,WR,True,0,0,1.0,0.0
2024,14,00-0035631,TE,True,0,0,2.0,1.8
2024,14,00-0036133,WR,True,0,0,0.0,0.0
2024,14,00-0036232,TE,True,0,0,2.0,3.2
2024,14,00-0036414,RB,True,0,0,4.0,2.2
2024,14,00-0036626,WR,True,0,0,6.0,5.9
2024,14,00-0036849,WR,True,0,0,3.0,4.9
2024,14,00-0036862,WR,True,0,0,1.0,2.8
2024,14,00-0036984,RB,True,0,0,0.0,0.0
2024,14,00-0037004,TE,True,0,0,1.0,0.0
2024,14,00-0037005,TE,True,0,0,8.0,10.2
2024,14,00-0037085,RB,True,0,0,3.0,-1.4
2024,14,00-0037112,TE,True,0,0,0.0,0.0
2024,14,00-0037120,RB,True,0,0,0.0,0.0
2024,14,00-0037156,WR,True,0,0,0.0,0.0
2024,14,00-0037257,WR,True,0,0,3.0,4.2
2024,14,00-0037292,TE,True,0,0,2.0,2.7
2024,14,00-0037311,TE,True,0,0,0.0,0.0
2024,14,00-0037569,TE,True,0,0,1.0,1.6
2024,14,00-0037617,RB,True,0,0,1.0,-2.0
2024,14,00-0037805,TE,True,0,0,2.0,0.8
2024,14,00-0038046,TE,True,0,0,1.0,1.1
2024,14,00-0038507,WR,True,0,0,3.0,1.8
2024,14,00-0038547,TE,True,0,0,6.0,5.8
2024,14,00-0038589,TE,True,0,0,3.0,0.8
2024,14,00-0038752,WR,True,0,0,0.0,0.0
2024,14,00-0038783,TE,True,0,0,1.0,2.1
2024,14,00-0038935,TE,True,0,0,2.0,1.9
2024,14,00-0039359,TE,True,0,0,1.0,0.9
2024,14,00-0039364,RB,True,0,0,5.0,0.9
2024,14,00-0039530,TE,True,0,0,0.0,0.0
2024,14,00-0039686,TE,True,0,0,0.0,0.0
2024,14,00-0039793,TE,True,0,0,2.0,8.4
2024,14,00-0039810,WR,True,0,0,0.0,0.0
2024,14,00-0039814,TE,True,0,0,2.0,3.4
2024,14,00-0039824,TE,True,0,0,1.0,1.2
2024,14,00-0039868,WR,True,0,0,5.0,3.8
2024,14,00-0039874,RB,True,0,0,8.0,0.8
2024,14,00-0039912,TE,True,0,0,1.0,0.8
2024,14,00-0039920,WR,True,0,0,3.0,0.8
2024,14,00-0033439,TE,True,0,0,1.0,0.0
2024,14,00-0034073,TE,True,0,0,1.0,1.0
2024,14,00-0035639,WR,True,0,0,1.0,0.0
2024,14,00-0035726,RB,True,0,0,0.0,0.0
2024,14,00-0036096,RB,True,0,0,3.0,2.3
2024,14,00-0036187,RB,True,0,0,0.0,0.0
2024,14,00-0036254,WR,True,0,0,0.0,0.0
2024,14,00-0036332,TE,True,0,0,0.0,0.0
2024,14,00-0036620,WR,True,0,0,0.0,0.0
2024,14,00-0036635,WR,True,0,0,0.0,0.0
2024,14,00-0036646,WR,True,0,0,1.0,0.0
2024,14,00-0036741,TE,True,0,0,0.0,0.0
2024,14,00-0037299,RB,True,0,0,0.0,0.0
2024,14,00-0037451,TE,True,0,0,0.0,0.0
2024,14,00-0037475,TE,True,0,0,2.0,0.8
2024,14,00-0038092,WR,True,0,0,2.0,0.0
2024,14,00-0038359,WR,True,0,0,0.0,0.0
2024,14,00-0038477,WR,True,0,0,0.0,0.0
2024,14,00-0038608,WR,True,0,0,6.0,7.6
2024,14,00-0038636,RB,True,0,0,0.0,0.0
2024,14,00-0038647,WR,True,0,0,0.0,0.0
2024,14,00-0038685,RB,True,0,0,5.0,3.9
2024,14,00-0039050,TE,True,0,0,1.0,3.1
2024,14,00-0039737,TE,True,0,0,1.0,1.4
2024,14,00-0039798,RB,True,0,0,4.0,10.7
2024,14,00-0033251,WR,True,0,0,0.0,0.0
2024,14,00-0033460,WR,True,0,0,2.0,1.1
2024,14,00-0033923,RB,False,1,1,11.0,2.5
2024,14,00-0035602,WR,True,0,0,0.0,0.0
2024,14,00-0035973,RB,True,0,0,2.0,0.9
2024,14,00-0036569,RB,True,0,0,0.0,0.0
2024,14,00-0036630,WR,True,0,0,2.0,2.4
2024,14,00-0037609,RB,True,0,0,1.0,-0.2
2024,14,00-0037614,WR,True,0,0,2.0,2.6
2024,14,00-0038090,WR,True,0,0,1.0,0.0
2024,14,00-0038465,WR,True,0,0,2.0,8.5
2024,14,00-0038489,RB,True,0,0,1.0,0.5
2024,14,00-0038710,TE,True,0,0,1.0,0.0
2024,14,00-0039491,WR,True,0,0,8.0,5.6
2024,14,00-0031235,WR,True,0,0,2.0,1.4
2024,14,00-0033292,WR,True,0,0,0.0,0.0
2024,14,00-0033307,WR,True,0,0,4.0,6.0
2024,14,00-0035164,WR,True,0,0,0.0,0.0
2024,14,00-0035547,TE,True,0,0,1.0,0.0
2024,14,00-0035924,RB,True,0,0,0.0,0.0
2024,14,00-0037382,WR,True,0,0,1.0,1.4
2024,14,00-0037539,TE,True,0,0,3.0,3.9
2024,14,00-0038394,TE,True,0,0,1.0,1.2
2024,14,00-0038840,WR,True,0,0,1.0,0.3
2024,14,00-0038920,TE,True,0,0,1.0,1.2
2024,14,00-0039244,RB,True,0,0,0.0,0.0
2024,14,00-0031428,WR,True,0,0,2.0,1.2
2024,14,00-0032141,TE,True,0,0,1.0,1.2
2024,14,00-0034365,TE,True,0,0,1.0,0.8
2024,14,00-0035567,RB,True,0,0,1.0,0.6
2024,14,00-0036165,WR,True,0,0,1.0,1.2
2024,14,00-0036183,WR,True,0,0,3.0,8.8
2024,14,00-0038809,TE,True,0,0,1.0,0.0
2024,14,00-0038824,WR,True,0,0,1.0,1.9
2024,14,00-0039230,RB,True,0,0,0.0,0.0
2024,14,00-0039391,RB,True,0,0,4.0,2.0
2024,14,00-0039407,RB,True,0,0,0.0,0.0
2024,14,00-0039410,WR,True,0,0,3.0,2.9
2024,14,00-0039521,WR,True,0,0,1.0,0.0
2024,14,00-0039595,RB,True,0,0,0.0,0.0
2024,14,00-0039757,RB,True,0,0,5.0,1.3
2024,14,00-0033891,WR,True,0,0,1.0,0.8
2024,14,00-0036387,WR,True,0,0,4.0,3.0
2024,14,00-0037456,RB,True,0,0,0.0,0.0
2024,14,00-0038551,RB,True,0,0,3.0,1.6
2024,14,00-0039393,RB,True,0,0,8.0,1.5
2024,14,00-0039394,WR,True,0,0,1.0,0.0
2024,14,00-0039614,WR,True,0,0,0.0,0.0
2024,14,00-0039792,WR,True,0,0,0.0,0.0
2024,14,00-0039916,WR,True,0,0,1.0,0.0
2024,14,00-0033893,RB,True,0,0,2.0,0.8
2024,14,00-0036176,WR,True,0,0,0.0,0.0
2024,14,00-0036534,TE,True,0,0,1.0,2.7
2024,14,00-0037272,WR,True,0,0,0.0,0.0
2024,14,00-0038821,WR,True,0,0,0.0,0.0
2024,14,00-0039451,WR,True,0,0,0.0,0.0
2024,14,00-0039853,WR,True,0,0,1.0,0.0
2024,14,00-0035891,WR,True,0,0,0.0,0.0
2024,14,00-0036510,TE,True,0,0,1.0,7.6
2024,14,00-0036841,WR,True,0,0,3.0,5.0
2024,14,00-0037422,WR,True,0,0,1.0,1.4
2024,14,00-0037487,WR,True,0,0,3.0,2.8
2024,14,00-0038611,RB,True,0,0,13.0,15.4
2024,14,00-0039420,TE,True,0,0,1.0,0.0
2024,14,00-0039543,WR,True,0,0,1.0,0.0
2024,14,00-0039613,TE,True,0,0,0.0,0.0
2024,14,00-0039650,WR,True,0,0,0.0,0.0
2024,14,00-0039747,WR,True,0,0,2.0,1.6
2024,14,00-0034860,WR,True,0,0,2.0,3.0
2024,14,00-0037216,WR,True,0,0,1.0,0.0
2024,14,00-0037231,WR,True,0,0,4.0,5.5
2024,14,00-0038454,RB,True,0,0,0.0,0.0
2024,14,00-0039631,TE,True,0,0,1.0,0.5
2024,14,00-0036640,TE,True,0,0,1.0,0.0
2024,14,00-0036913,WR,True,0,0,2.0,0.3
2024,14,00-0037654,TE,True,0,0,1.0,0.6
2024,14,00-0038643,TE,True,0,0,0.0,0.0
2024,14,00-0039379,WR,True,0,0,2.0,2.1
2024,14,00-0034054,WR,True,0,0,0.0,0.0
2024,14,00-0037306,TE,True,0,0,1.0,0.7
2024,14,00-0037509,RB,True,0,0,14.0,7.5
2024,14,00-0039344,RB,True,0,0,9.0,5.6
2024,14,00-0035976,WR,True,0,0,1.0,1.1
2024,14,00-0036438,TE,True,0,0,1.0,0.0
2024,14,00-0036842,RB,True,0,0,0.0,6.0
2024,14,00-0036955,WR,True,0,0,1.0,0.0
2024,14,00-0037300,WR,True,0,0,5.0,5.8
2024,14,00-0037387,WR,True,0,0,0.0,0.0
2024,14,00-0037708,WR,True,0,0,0.0,0.0
2024,14,00-0038590,TE,True,0,0,0.0,0.0
2024,14,00-0039796,RB,True,0,0,0.0,0.0
2025,2,00-0030061,TE,True,0,0,5.0,10.1
2025,2,00-0030564,WR,True,0,0,2.0,10.5
2025,2,00-0031236,WR,True,0,0,4.0,4.1
2025,2,00-0031763,WR,True,0,0,0.0,0.0
2025,2,00-0032211,WR,True,0,0,1.0,0.0
2025,2,00-0032385,WR,True,0,0,6.0,5.4
2025,2,00-0032392,TE,True,0,0,1.0,1.5
2025,2,00-0032398,WR,True,0,0,1.0,3.9
2025,2,00-0032464,WR,True,0,0,3.0,2.6
2025,2,00-0033110,TE,True,0,0,0.0,0.0
2025,2,00-0033217,TE,True,0,0,1.0,2.5
2025,2,00-0033246,TE,True,0,0,1.0,0.0
2025,2,00-0033526,RB,True,0,0,2.0,1.6
2025,2,00-0033555,WR,True,0,0,2.0,0.8
2025,2,00-0033572,WR,True,0,0,0.0,0.0
2025,2,00-0033576,TE,True,0,0,0.0,0.0
2025,2,00-0033589,WR,True,0,0,0.0,0.0
2025,2,00-0033591,WR,True,0,0,3.0,3.7
2025,2,00-0033854,RB,True,0,0,4.0,1.6
2025,2,00-0033857,WR,True,0,0,5.0,8.0
2025,2,00-0033891,WR,True,0,0,1.0,0.9
2025,2,00-0033923,RB,False,2,2,8.0,3.6
2025,2,00-0033943,WR,True,0,0,3.0,2.8
2025,2,00-0033955,RB,True,0,0,4.0,2.5
2025,2,00-0034159,TE,True,0,0,1.0,2.3
2025,2,00-0034270,TE,True,0,0,3.0,6.2
2025,2,00-0034383,TE,True,0,0,5.0,4.3
2025,2,00-0034386,WR,True,0,0,2.0,3.7
2025,2,00-0034407,WR,True,0,0,5.0,6.6
2025,2,00-0034487,WR,True,0,0,1.0,0.8
2025,2,00-0034829,TE,True,0,0,3.0,1.9
2025,2,00-0034854,WR,True,0,0,1.0,0.0
2025,2,00-0034975,RB,True,0,0,4.0,-0.6000000000000001
2025,2,00-0034983,WR,True,0,0,6.0,2.1
2025,2,00-0035021,WR,True,0,0,1.0,1.5
2025,2,00-0035208,WR,True,0,0,7.0,6.2
2025,2,00-0035243,RB,True,0,0,5.0,3.5
2025,2,00-0035249,TE,True,0,0,1.0,1.0
2025,2,00-0035250,RB,True,0,0,3.0,0.9
2025,2,00-0035500,WR,True,0,0,1.0,0.3
2025,2,00-0035535,WR,True,0,0,1.0,0.0
2025,2,00-0035537,RB,True,0,0,4.0,2.4
2025,2,00-0035567,RB,True,0,0,0.0,0.0
2025,2,00-0035602,WR,True,0,0,1.0,0.0
2025,2,00-0035631,TE,True,0,0,1.0,0.0
2025,2,00-0035644,TE,True,0,0,5.0,10.6
2025,2,00-0035645,WR,True,0,0,0.0,0.0
2025,2,00-0035662,WR,True,0,0,16.0,14.9
2025,2,00-0035689,TE,True,0,0,2.0,3.0
2025,2,00-0035891,WR,True,0,0,0.0,0.0
2025,2,00-0036139,RB,True,0,0,6.0,2.6
2025,2,00-0036182,WR,True,0,0,2.0,1.2
2025,2,00-0036244,TE,True,0,0,2.0,-1.6
2025,2,00-0036265,RB,True,0,0,3.0,1.0
2025,2,00-0036290,TE,True,0,0,4.0,3.6
2025,2,00-0036328,RB,True,0,0,2.0,0.3
2025,2,00-0036331,WR,True,0,0,0.0,0.0
2025,2,00-0036422,TE,True,0,0,1.0,1.0
2025,2,00-0036427,WR,True,0,0,2.0,4.1
2025,2,00-0036550,WR,True,0,0,4.0,2.0
2025,2,00-0036620,WR,True,0,0,2.0,1.4
2025,2,00-0036626,WR,True,0,0,6.0,7.3
2025,2,00-0036630,WR,True,0,0,0.0,0.0
2025,2,00-0036637,TE,True,0,0,1.0,0.8
2025,2,00-0036741,TE,True,0,0,0.0,0.0
2025,2,00-0036825,TE,True,0,0,0.0,0.0
2025,2,00-0036842,RB,True,0,0,0.0,0.0
2025,2,00-0036849,WR,True,0,0,1.0,0.9
2025,2,00-0036862,WR,True,0,0,1.0,8.7
2025,2,00-0036876,TE,True,0,0,1.0,0.6
2025,2,00-0036887,TE,True,0,0,1.0,0.9
2025,2,00-0036894,TE,True,0,0,3.0,4.3
2025,2,00-0036919,RB,True,1,0,11.0,3.8
2025,2,00-0036980,WR,True,0,0,2.0,1.6
2025,2,00-0036988,WR,True,0,0,9.0,8.6
2025,2,00-0037004,TE,True,0,0,1.0,7.1
2025,2,00-0037005,TE,True,0,0,1.0,0.7
2025,2,00-0037085,RB,True,0,0,6.0,2.6
2025,2,00-0037091,WR,True,0,0,0.0,0.0
2025,2,00-0037112,TE,True,0,0,3.0,9.0
2025,2,00-0037256,RB,True,0,0,3.0,2.1
2025,2,00-0037276,RB,True,0,0,0.0,0.0
2025,2,00-0037291,WR,True,0,0,3.0,3.3
2025,2,00-0037292,TE,True,0,0,0.0,0.0
2025,2,00-0037306,TE,True,0,0,1.0,0.7
2025,2,00-0037311,TE,True,0,0,0.0,0.0
2025,2,00-0037348,TE,True,0,0,4.0,3.0
2025,2,00-0037539,TE,True,0,0,2.0,1.1
2025,2,00-0037594,RB,True,0,0,2.0,0.2
2025,2,00-0037614,WR,True,0,0,0.0,0.0
2025,2,00-0037617,RB,True,0,0,0.0,0.0
2025,2,00-0037664,WR,True,0,0,3.0,4.1
2025,2,00-0037666,WR,True,0,0,2.0,0.5
2025,2,00-0037741,WR,True,0,0,3.0,7.4
2025,2,00-0037745,WR,True,0,0,0.0,0.0
2025,2,00-0037801,WR,True,0,0,4.0,3.7
2025,2,00-0037805,TE,True,0,0,2.0,2.6
2025,2,00-0037809,TE,True,0,0,4.0,3.4
2025,2,00-0037837,WR,True,0,0,6.0,15.0
2025,2,00-0038040,RB,True,0,0,3.0,0.8
2025,2,00-0038090,WR,True,0,0,0.0,0.0
2025,2,00-0038104,WR,True,0,0,4.0,5.1
2025,2,00-0038115,TE,True,0,0,1.0,1.9
2025,2,00-0038117,WR,True,0,0,8.0,8.5
2025,2,00-0038359,WR,True,0,0,1.0,4.1
2025,2,00-0038393,WR,True,0,0,2.0,4.0
2025,2,00-0038488,RB,True,0,0,0.0,0.0
2025,2,00-0038492,WR,True,0,0,1.0,0.0
2025,2,00-0038496,WR,True,0,0,0.0,0.0
2025,2,00-0038519,WR,True,0,0,0.0,0.0
2025,2,00-0038547,TE,True,0,0,1.0,0.0
2025,2,00-0038551,RB,True,0,0,5.0,2.4
2025,2,00-0038555,RB,True,0,0,5.0,1.2
2025,2,00-0038559,WR,True,0,0,4.0,1.0
2025,2,00-0038563,WR,True,0,0,3.0,12.4
2025,2,00-0038573,WR,True,0,0,1.0,0.3
2025,2,00-0038576,WR,True,0,0,0.0,0.0
2025,2,00-0038590,TE,True,0,0,0.0,0.0
2025,2,00-0038606,WR,True,0,0,0.0,0.0
2025,2,00-0038608,WR,True,0,0,8.0,13.3
2025,2,00-0038618,WR,True,0,0,3.0,4.5
2025,2,00-0038621,WR,True,0,0,8.0,7.2
2025,2,00-0038685,RB,True,0,0,2.0,0.8
2025,2,00-0038705,RB,True,0,0,0.0,0.0
2025,2,00-0038720,TE,True,0,0,0.0,2.0
2025,2,00-0038797,RB,True,0,0,1.0,0.4
2025,2,00-0038824,WR,True,0,0,1.0,0.0
2025,2,00-0038840,WR,True,0,0,0.0,0.0
2025,2,00-0038896,RB,True,0,0,0.0,0.0
2025,2,00-0038933,TE,True,0,0,4.0,12.8
2025,2,00-0038951,RB,True,0,0,1.0,0.2
2025,2,00-0038979,WR,False,1,1,8.0,13.7
2025,2,00-0038997,WR,True,0,0,3.0,2.2
2025,2,00-0039041,TE,True,0,0,2.0,0.8
2025,2,00-0039050,TE,True,0,0,0.0,0.0
2025,2,00-0039066,TE,True,0,0,4.0,5.8
2025,2,00-0039074,TE,True,0,0,2.0,7.8
2025,2,00-0039144,TE,True,0,0,1.0,0.9
2025,2,00-0039299,RB,True,0,0,0.0,0.0
2025,2,00-0039355,WR,True,0,0,0.0,0.0
2025,2,00-0039356,TE,True,0,0,3.0,3.7
2025,2,00-0039359,TE,True,0,0,4.0,4.2
2025,2,00-0039363,RB,True,0,0,0.0,0.0
2025,2,00-0039379,WR,True,0,0,1.0,1.1
2025,2,00-0039394,WR,True,0,0,6.0,4.8
2025,2,00-0039407,RB,True,0,0,0.0,0.0
2025,2,00-0039424,WR,True,0,0,2.0,1.8
2025,2,00-0039530,TE,True,0,0,1.0,0.0
2025,2,00-0039589,WR,True,0,0,0.0,0.0
2025,2,00-0039648,TE,True,0,0,0.0,0.0
2025,2,00-0039650,WR,True,0,0,1.0,1.3
2025,2,00-0039686,TE,True,0,0,0.0,0.0
2025,2,00-0039737,TE,True,0,0,1.0,1.5
2025,2,00-0039738,RB,True,0,0,2.0,2.1
2025,2,00-0039746,RB,True,0,0,3.0,2.6
2025,2,00-0039751,WR,True,0,0,1.0,0.5
2025,2,00-0039793,TE,True,0,0,3.0,0.7
2025,2,00-0039796,RB,True,0,0,1.0,0.5
2025,2,00-0039798,RB,True,0,0,2.0,1.8
2025,2,00-0039816,WR,True,0,0,0.0,0.0
2025,2,00-0039847,TE,True,0,0,3.0,1.0
2025,2,00-0039868,WR,True,0,0,6.0,6.4
2025,2,00-0039880,WR,True,0,0,6.0,3.9
2025,2,00-0039890,WR,True,0,0,2.0,3.1
2025,2,00-0040009,WR,True,0,0,1.0,0.6
2025,2,00-0040075,WR,True,0,0,0.0,0.0
2025,2,00-0040078,RB,True,0,0,0.0,0.0
2025,2,00-0040131,WR,True,0,0,1.0,1.7
2025,2,00-0040138,WR,True,0,0,2.0,1.2
2025,2,00-0040154,WR,True,0,0,0.0,0.0
2025,2,00-0040170,WR,True,0,0,7.0,2.3
2025,2,00-0040179,RB,True,0,0,12.0,4.1
2025,2,00-0040184,WR,True,0,0,1.0,0.0
2025,2,00-0040194,TE,True,0,0,1.0,3.4
2025,2,00-0040202,RB,True,0,0,2.0,0.9
2025,2,00-0040208,RB,True,0,0,0.0,0.0
2025,2,00-0040236,RB,True,0,0,1.0,1.6
2025,2,00-0040237,WR,True,0,0,1.0,0.0
2025,2,00-0040238,RB,True,0,0,2.0,1.6
2025,2,00-0040466,RB,True,0,0,3.0,6.3
2025,2,00-0040476,RB,True,0,0,1.0,0.0
2025,2,00-0040506,WR,True,0,0,0.0,0.0
2025,2,00-0040581,WR,True,0,0,4.0,5.5
2025,2,00-0040582,WR,True,0,0,0.0,0.0
2025,2,00-0040583,RB,True,0,0,3.0,0.3
2025,2,00-0040584,TE,True,0,0,2.0,2.1
2025,2,00-0040644,RB,True,0,0,1.0,0.4
2025,2,00-0040648,WR,True,0,0,0.0,0.0
2025,2,00-0040663,TE,False,1,1,10.0,10.1
2025,2,00-0040669,WR,True,0,0,1.0,7.8
2025,2,00-0040705,WR,True,0,0,2.0,0.9
2025,2,00-0040727,WR,True,0,0,1.0,1.6
2025,2,00-0040729,WR,True,0,0,1.0,2.8
2025,2,00-0040735,WR,True,0,0,1.0,0.2
2025,2,00-0040736,TE,True,0,0,1.0,2.5
2025,2,00-0040739,TE,True,0,0,1.0,1.2
2025,2,00-0040782,WR,True,0,0,1.0,1.0
2025,3,00-0030061,TE,False,3,3,8.0,15.4
2025,3,00-0030564,WR,True,0,0,2.0,13.4
2025,3,00-0031236,WR,True,0,0,2.0,3.6
2025,3,00-0031763,WR,True,0,0,0.0,0.0
2025,3,00-0032211,WR,True,0,0,3.0,1.9
2025,3,00-0032385,WR,True,0,0,4.0,5.4
2025,3,00-0032392,TE,True,0,0,3.0,5.3
2025,3,00-0032398,WR,True,0,0,1.0,3.9
2025,3,00-0032464,WR,True,0,0,2.0,2.8
2025,3,00-0033110,TE,True,0,0,4.0,5.7
2025,3,00-0033217,TE,True,0,0,1.0,1.3
2025,3,00-0033246,TE,True,0,0,1.0,0.0
2025,3,00-0033526,RB,True,0,0,0.0,0.0
2025,3,00-0033555,WR,True,0,0,2.0,7.3
2025,3,00-0033572,WR,True,0,0,0.0,0.0
2025,3,00-0033576,TE,True,0,0,0.0,0.0
2025,3,00-0033589,WR,True,0,0,0.0,0.0
2025,3,00-0033591,WR,True,0,0,4.0,1.4
2025,3,00-0033854,RB,True,0,0,0.0,0.0
2025,3,00-0033857,WR,True,0,0,3.0,1.0
2025,3,00-0033891,WR,True,0,0,1.0,0.9
2025,3,00-0033943,WR,True,0,0,3.0,2.8
2025,3,00-0033955,RB,True,0,0,4.0,2.5
2025,3,00-0034159,TE,True,0,0,1.0,1.2
2025,3,00-0034270,TE,True,0,0,3.0,6.2
2025,3,00-0034383,TE,True,0,0,4.0,4.4
2025,3,00-0034386,WR,True,0,0,2.0,0.8
2025,3,00-0034407,WR,True,0,0,2.0,0.0
2025,3,00-0034487,WR,True,0,0,1.0,0.8
2025,3,00-0034829,TE,True,0,0,4.0,3.3
2025,3,00-0034854,WR,True,0,0,1.0,0.0
2025,3,00-0034975,RB,True,0,0,6.0,4.0
2025,3,00-0034983,WR,True,0,0,9.0,20.3
2025,3,00-0035021,WR,True,0,0,0.0,0.0
2025,3,00-0035208,WR,True,0,0,6.0,3.1
2025,3,00-0035243,RB,True,0,0,7.0,8.9
2025,3,00-0035249,TE,True,0,0,1.0,1.0
2025,3,00-0035250,RB,True,0,0,2.0,0.5
2025,3,00-0035500,WR,True,0,0,1.0,1.6
2025,3,00-0035535,WR,True,0,0,3.0,7.1
2025,3,00-0035537,RB,True,0,0,3.0,0.6
2025,3,00-0035567,RB,True,0,0,3.0,0.4
2025,3,00-0035602,WR,True,0,0,1.0,0.0
2025,3,00-0035631,TE,True,0,0,2.0,1.2
2025,3,00-0035644,TE,True,0,0,4.0,4.3
2025,3,00-0035645,WR,True,0,0,0.0,0.0
2025,3,00-0035662,WR,True,0,0,5.0,5.5
2025,3,00-0035689,TE,True,0,0,5.0,2.9
2025,3,00-0035891,WR,True,0,0,0.0,0.0
2025,3,00-0036139,RB,True,0,0,7.0,2.4
2025,3,00-0036182,WR,True,0,0,3.0,2.8
2025,3,00-0036244,TE,True,0,0,2.0,-1.6
2025,3,00-0036265,RB,True,0,0,3.0,1.9
2025,3,00-0036290,TE,True,0,0,2.0,3.9
2025,3,00-0036328,RB,True,0,0,6.0,9.3
2025,3,00-0036331,WR,True,0,0,0.0,0.0
2025,3,00-0036407,WR,True,0,0,8.0,7.1
2025,3,00-0036422,TE,True,0,0,3.0,8.5
2025,3,00-0036427,WR,True,0,0,1.0,0.0
2025,3,00-0036550,WR,True,0,0,4.0,2.5
2025,3,00-0036620,WR,True,0,0,1.0,1.3
2025,3,00-0036626,WR,True,0,0,8.0,15.1
2025,3,00-0036630,WR,True,0,0,2.0,9.5
2025,3,00-0036637,TE,True,0,0,5.0,0.6
2025,3,00-0036741,TE,True,0,0,0.0,0.0
2025,3,00-0036825,TE,True,0,0,0.0,0.0
2025,3,00-0036842,RB,True,0,0,0.0,0.0
2025,3,00-0036849,WR,True,0,0,1.0,0.0
2025,3,00-0036862,WR,True,0,0,0.0,0.0
2025,3,00-0036876,TE,True,0,0,1.0,1.0
2025,3,00-0036887,TE,True,0,0,3.0,8.5
2025,3,00-0036894,TE,True,0,0,4.0,4.6
2025,3,00-0036980,WR,True,0,0,3.0,10.2
2025,3,00-0036988,WR,True,0,0,3.0,5.7
2025,3,00-0037004,TE,True,0,0,1.0,7.1
2025,3,00-0037005,TE,True,0,0,3.0,3.5
2025,3,00-0037085,RB,True,0,0,3.0,3.2
2025,3,00-0037091,WR,True,0,0,0.0,0.0
2025,3,00-0037112,TE,True,0,0,5.0,5.1
2025,3,00-0037256,RB,False,1,1,12.0,13.6
2025,3,00-0037267,RB,True,0,0,12.0,7.9
2025,3,00-0037276,RB,True,0,0,0.0,0.0
2025,3,00-0037291,WR,True,0,0,5.0,4.6
2025,3,00-0037292,TE,True,0,0,0.0,0.0
2025,3,00-0037306,TE,True,0,0,0.0,0.0
2025,3,00-0037311,TE,True,0,0,0.0,0.0
2025,3,00-0037348,TE,True,0,0,4.0,3.0
2025,3,00-0037539,TE,True,0,0,2.0,1.1
2025,3,00-0037594,RB,True,0,0,2.0,0.2
2025,3,00-0037614,WR,True,0,0,1.0,0.5
2025,3,00-0037617,RB,True,0,0,0.0,0.0
2025,3,00-0037664,WR,True,0,0,5.0,8.8
2025,3,00-0037666,WR,True,0,0,4.0,2.6
2025,3,00-0037741,WR,True,0,0,1.0,0.9
2025,3,00-0037745,WR,True,0,0,0.0,0.0
2025,3,00-0037801,WR,True,0,0,6.0,13.3
2025,3,00-0037805,TE,True,0,0,1.0,7.0
2025,3,00-0037809,TE,True,0,0,6.0,5.5
2025,3,00-0037816,WR,True,0,0,5.0,10.3
2025,3,00-0037837,WR,True,0,0,4.0,2.7
2025,3,00-0038040,RB,True,0,0,5.0,2.3
2025,3,00-0038090,WR,True,0,0,0.0,0.0
2025,3,00-0038104,WR,True,0,0,5.0,12.9
2025,3,00-0038115,TE,True,0,0,0.0,0.0
2025,3,00-0038117,WR,False,2,2,10.0,24.2
2025,3,00-0038129,TE,True,0,0,4.0,4.0
2025,3,00-0038359,WR,True,0,0,0.0,0.0
2025,3,00-0038393,WR,True,0,0,6.0,6.4
2025,3,00-0038488,RB,True,0,0,0.0,0.0
2025,3,00-0038492,WR,True,0,0,1.0,0.0
2025,3,00-0038496,WR,True,0,0,0.0,0.0
2025,3,00-0038519,WR,True,0,0,1.0,2.6
2025,3,00-0038547,TE,True,0,0,2.0,0.0
2025,3,00-0038551,RB,True,0,0,6.0,1.5
2025,3,00-0038555,RB,True,0,0,5.0,1.2
2025,3,00-0038559,WR,True,0,0,2.0,7.6
2025,3,00-0038563,WR,True,0,0,9.0,3.4
2025,3,00-0038573,WR,True,0,0,0.0,0.0
2025,3,00-0038576,WR,True,0,0,0.0,0.0
2025,3,00-0038590,TE,True,0,0,0.0,0.0
2025,3,00-0038606,WR,True,0,0,5.0,10.1
2025,3,00-0038608,WR,True,0,0,1.0,8.1
2025,3,00-0038618,WR,True,0,0,3.0,3.9
2025,3,00-0038621,WR,True,0,0,1.0,1.3
2025,3,00-0038685,RB,True,0,0,4.0,4.2
2025,3,00-0038705,RB,True,0,0,0.0,0.0
2025,3,00-0038720,TE,True,0,0,0.0,2.0
2025,3,00-0038797,RB,True,0,0,0.0,0.0
2025,3,00-0038824,WR,True,0,0,1.0,8.5
2025,3,00-0038840,WR,True,0,0,5.0,6.3
2025,3,00-0038896,RB,True,0,0,0.0,0.0
2025,3,00-0038933,TE,False,1,1,6.0,5.7
2025,3,00-0038951,RB,True,0,0,0.0,0.0
2025,3,00-0038997,WR,True,0,0,8.0,8.1
2025,3,00-0039041,TE,True,0,0,3.0,5.5
2025,3,00-0039050,TE,True,0,0,1.0,0.0
2025,3,00-0039066,TE,True,0,0,2.0,1.9
2025,3,00-0039074,TE,True,0,0,1.0,7.3
2025,3,00-0039144,TE,True,0,0,2.0,4.2
2025,3,00-0039146,WR,True,0,0,5.0,12.0
2025,3,00-0039299,RB,True,0,0,0.0,6.0
2025,3,00-0039355,WR,True,0,0,1.0,4.4
2025,3,00-0039356,TE,True,0,0,9.0,8.9
2025,3,00-0039359,TE,True,0,0,4.0,4.2
2025,3,00-0039363,RB,True,0,0,0.0,0.0
2025,3,00-0039379,WR,True,0,0,1.0,1.0
2025,3,00-0039394,WR,True,0,0,6.0,4.8
2025,3,00-0039407,RB,True,0,0,2.0,2.7
2025,3,00-0039424,WR,True,0,0,1.0,6.8
2025,3,00-0039530,TE,True,0,0,1.0,0.8
2025,3,00-0039589,WR,True,0,0,0.0,0.0
2025,3,00-0039648,TE,True,0,0,0.0,0.0
2025,3,00-0039650,WR,True,0,0,0.0,0.0
2025,3,00-0039686,TE,True,0,0,0.0,0.0
2025,3,00-0039737,TE,True,0,0,1.0,1.5
2025,3,00-0039738,RB,True,0,0,5.0,10.4
2025,3,00-0039746,RB,True,0,0,3.0,2.6
2025,3,00-0039751,WR,True,0,0,2.0,5.2
2025,3,00-0039793,TE,True,0,0,4.0,9.8
2025,3,00-0039794,RB,True,0,0,3.0,1.1
2025,3,00-0039796,RB,True,0,0,0.0,0.0
2025,3,00-0039798,RB,True,0,0,3.0,1.1
2025,3,00-0039816,WR,True,0,0,0.0,0.0
2025,3,00-0039847,TE,True,0,0,5.0,5.4
2025,3,00-0039868,WR,False,2,2,10.0,20.0
2025,3,00-0039880,WR,True,0,0,5.0,9.0
2025,3,00-0039890,WR,True,0,0,4.0,3.0
2025,3,00-0040009,WR,True,0,0,2.0,2.4
2025,3,00-0040075,WR,True,0,0,0.0,0.0
2025,3,00-0040078,RB,True,0,0,2.0,0.2
2025,3,00-0040131,WR,True,0,0,1.0,1.7
2025,3,00-0040138,WR,True,0,0,0.0,0.0
2025,3,00-0040154,WR,True,0,0,0.0,0.0
2025,3,00-0040170,WR,False,1,1,6.0,13.6
2025,3,00-0040179,RB,True,0,0,1.0,0.0
2025,3,00-0040184,WR,True,0,0,0.0,0.0
2025,3,00-0040194,TE,True,0,0,1.0,1.0
2025,3,00-0040202,RB,True,0,0,2.0,0.9
2025,3,00-0040208,RB,True,0,0,0.0,0.0
2025,3,00-0040236,RB,True,0,0,10.0,4.1
2025,3,00-0040237,WR,True,0,0,1.0,0.0
2025,3,00-0040238,RB,True,0,0,2.0,1.3
2025,3,00-0040466,RB,True,0,0,3.0,6.3
2025,3,00-0040476,RB,True,0,0,1.0,0.0
2025,3,00-0040506,WR,True,0,0,0.0,0.0
2025,3,00-0040581,WR,True,0,0,4.0,2.5
2025,3,00-0040582,WR,True,0,0,3.0,0.3
2025,3,00-0040583,RB,True,0,0,4.0,5.6
2025,3,00-0040584,TE,True,0,0,2.0,1.9
2025,3,00-0040644,RB,True,0,0,1.0,0.7
2025,3,00-0040648,WR,True,0,0,4.0,10.2
2025,3,00-0040669,WR,True,0,0,1.0,3.4
2025,3,00-0040705,WR,True,0,0,7.0,1.8
2025,3,00-0040727,WR,True,0,0,3.0,4.4
2025,3,00-0040729,WR,True,0,0,1.0,2.8
2025,3,00-0040735,WR,True,0,0,2.0,1.0
2025,3,00-0040736,TE,True,0,0,2.0,1.0
2025,3,00-0040739,TE,True,0,0,3.0,4.1
2025,3,00-0040782,WR,True,0,0,4.0,2.0
2025,3,00-0033307,WR,True,0,0,3.0,4.7
2025,3,00-0033375,WR,True,0,0,1.0,0.0
2025,3,00-0034272,WR,True,0,0,1.0,0.0
2025,3,00-0034365,TE,True,0,0,0.0,0.0
2025,3,00-0035726,RB,True,0,0,0.0,0.0
2025,3,00-0036187,RB,True,0,0,0.0,0.0
2025,3,00-0036232,TE,True,0,0,1.0,0.0
2025,3,00-0036309,WR,True,1,1,4.0,3.0
2025,3,00-0036332,TE,True,0,0,0.0,0.0
2025,3,00-0036415,WR,True,0,0,2.0,2.0
2025,3,00-0036590,TE,True,0,0,0.0,0.0
2025,3,00-0036754,TE,True,0,0,3.0,10.3
2025,3,00-0037086,TE,True,0,0,2.0,1.1
2025,3,00-0037093,WR,True,0,0,0.0,0.0
2025,3,00-0037157,RB,True,0,0,0.0,0.0
2025,3,00-0037340,TE,True,0,0,1.0,0.0
2025,3,00-0038465,WR,True,0,0,1.0,4.2
2025,3,00-0038558,TE,True,0,0,1.0,2.0
2025,3,00-0038619,WR,True,0,0,5.0,1.7
2025,3,00-0038643,TE,True,0,0,1.0,0.0
2025,3,00-0038678,RB,True,0,0,0.0,0.0
2025,3,00-0038679,WR,True,0,0,2.0,0.0
2025,3,00-0038738,RB,True,0,0,0.0,0.0
2025,3,00-0038839,WR,True,0,0,1.0,7.8
2025,3,00-0039021,RB,True,0,0,0.0,0.0
2025,3,00-0039410,WR,True,0,0,0.0,0.0
2025,3,00-0039451,WR,True,0,0,0.0,0.0
2025,3,00-0039739,WR,True,0,0,2.0,1.2
2025,3,00-0039792,WR,True,0,0,2.0,15.6
2025,3,00-0039912,TE,True,0,0,1.0,1.2
2025,3,00-0040134,WR,True,0,0,3.0,2.8
2025,3,00-0040187,TE,True,0,0,1.0,1.4
2025,3,00-0040432,WR,True,0,0,0.0,0.0
2025,3,00-0040509,TE,True,0,0,0.0,0.0
2025,3,00-0040649,RB,True,0,0,0.0,0.0
2025,4,00-0030564,WR,True,0,0,2.0,1.8
2025,4,00-0031236,WR,True,0,0,5.0,3.9
2025,4,00-0031763,WR,True,0,0,0.0,0.0
2025,4,00-0032211,WR,True,0,0,4.0,5.7
2025,4,00-0032385,WR,True,0,0,5.0,10.0
2025,4,00-0032392,TE,True,0,0,3.0,3.8
2025,4,00-0032398,WR,True,0,0,2.0,3.5
2025,4,00-0032464,WR,True,0,0,2.0,0.9
2025,4,00-0033110,TE,True,0,0,2.0,0.0
2025,4,00-0033217,TE,True,0,0,1.0,1.3
2025,4,00-0033246,TE,True,0,0,1.0,1.2
2025,4,00-0033526,RB,True,0,0,4.0,0.1
2025,4,00-0033555,WR,True,0,0,4.0,4.7
2025,4,00-0033572,WR,True,0,0,0.0,0.0
2025,4,00-0033576,TE,True,0,0,1.0,1.7
2025,4,00-0033589,WR,True,0,0,1.0,1.0
2025,4,00-0033591,WR,True,0,0,4.0,1.4
2025,4,00-0033854,RB,True,0,0,0.0,0.0
2025,4,00-0033857,WR,True,0,0,4.0,7.5
2025,4,00-0033891,WR,True,0,0,3.0,3.5
2025,4,00-0033943,WR,True,0,0,3.0,2.8
2025,4,00-0033955,RB,True,0,0,4.0,13.8
2025,4,00-0034159,TE,True,0,0,1.0,1.2
2025,4,00-0034270,TE,True,0,0,2.0,0.0
2025,4,00-0034351,TE,False,1,1,2.0,9.8
2025,4,00-0034383,TE,True,1,1,6.0,6.4
2025,4,00-0034386,WR,True,0,0,2.0,0.8
2025,4,00-0034407,WR,True,0,0,5.0,3.0
2025,4,00-0034487,WR,True,0,0,1.0,0.8
2025,4,00-0034753,TE,True,0,0,6.0,24.1
2025,4,00-0034829,TE,True,0,0,3.0,1.1
2025,4,00-0034854,WR,True,0,0,1.0,0.0
2025,4,00-0034975,RB,True,0,0,4.0,6.0
2025,4,00-0034983,WR,True,0,0,4.0,1.6
2025,4,00-0035021,WR,True,0,0,0.0,0.0
2025,4,00-0035208,WR,True,0,0,5.0,5.1
2025,4,00-0035243,RB,True,0,0,12.0,6.8
2025,4,00-0035249,TE,True,0,0,1.0,7.7
2025,4,00-0035250,RB,True,0,0,4.0,1.1
2025,4,00-0035500,WR,True,0,0,3.0,1.8
2025,4,00-0035535,WR,True,0,0,4.0,5.0
2025,4,00-0035537,RB,True,0,0,5.0,2.6
2025,4,00-0035567,RB,True,0,0,3.0,0.4
2025,4,00-0035602,WR,True,0,0,1.0,0.0
2025,4,00-0035631,TE,True,0,0,3.0,9.0
2025,4,00-0035644,TE,True,0,0,5.0,3.1
2025,4,00-0035645,WR,True,0,0,0.0,0.0
2025,4,00-0035662,WR,True,0,0,6.0,6.2
2025,4,00-0035689,TE,True,0,0,5.0,2.9
2025,4,00-0035891,WR,True,0,0,0.0,0.0
2025,4,00-0036040,TE,True,1,1,8.0,8.1
2025,4,00-0036139,RB,True,0,0,11.0,10.3
2025,4,00-0036182,WR,True,0,0,0.0,0.0
2025,4,00-0036244,TE,True,0,0,2.0,-1.6
2025,4,00-0036265,RB,True,0,0,3.0,1.9
2025,4,00-0036290,TE,True,0,0,1.0,7.5
2025,4,00-0036328,RB,True,0,0,7.0,0.8
2025,4,00-0036331,WR,True,0,0,0.0,0.0
2025,4,00-0036407,WR,True,0,0,5.0,2.2
2025,4,00-0036422,TE,True,0,0,0.0,0.0
2025,4,00-0036427,WR,True,0,0,3.0,4.2
2025,4,00-0036550,WR,True,0,0,7.0,14.8
2025,4,00-0036620,WR,True,0,0,0.0,0.0
2025,4,00-0036626,WR,True,0,0,3.0,1.7
2025,4,00-0036630,WR,True,0,0,1.0,0.0
2025,4,00-0036637,TE,True,0,0,6.0,3.2
2025,4,00-0036741,TE,True,0,0,3.0,9.1
2025,4,00-0036825,TE,True,0,0,0.0,0.0
2025,4,00-0036842,RB,True,0,0,0.0,0.0
2025,4,00-0036849,WR,True,0,0,1.0,0.0
2025,4,00-0036862,WR,True,0,0,0.0,0.0
2025,4,00-0036876,TE,True,0,0,0.0,0.0
2025,4,00-0036887,TE,True,0,0,3.0,8.5
2025,4,00-0036894,TE,True,0,0,3.0,1.1
2025,4,00-0036980,WR,True,0,0,4.0,5.1
2025,4,00-0036988,WR,True,0,0,1.0,1.0
2025,4,00-0037004,TE,True,0,0,3.0,2.2
2025,4,00-0037005,TE,True,0,0,2.0,2.6
2025,4,00-0037085,RB,True,0,0,0.0,0.0
2025,4,00-0037091,WR,True,0,0,0.0,0.0
2025,4,00-0037112,TE,True,0,0,3.0,3.1
2025,4,00-0037197,RB,True,3,3,11.0,5.3
2025,4,00-0037256,RB,True,0,0,6.0,1.9
2025,4,00-0037267,RB,True,0,0,4.0,3.0
2025,4,00-0037276,RB,True,0,0,0.0,0.0
2025,4,00-0037291,WR,True,0,0,5.0,5.2
2025,4,00-0037292,TE,True,0,0,0.0,0.0
2025,4,00-0037306,TE,True,0,0,2.0,8.2
2025,4,00-0037311,TE,True,0,0,0.0,0.0
2025,4,00-0037348,TE,True,0,0,2.0,1.8
2025,4,00-0037539,TE,True,0,0,2.0,1.4
2025,4,00-0037594,RB,True,0,0,2.0,2.6
2025,4,00-0037614,WR,True,0,0,1.0,1.3
2025,4,00-0037617,RB,True,0,0,0.0,0.0
2025,4,00-0037664,WR,True,0,0,5.0,8.7
2025,4,00-0037666,WR,True,0,0,6.0,5.9
2025,4,00-0037741,WR,True,0,0,3.0,1.2
2025,4,00-0037745,WR,True,0,0,0.0,0.0
2025,4,00-0037801,WR,True,0,0,4.0,7.8
2025,4,00-0037805,TE,True,0,0,1.0,7.0
2025,4,00-0037809,TE,True,0,0,6.0,9.1
2025,4,00-0037816,WR,True,0,0,2.0,3.5
2025,4,00-0037837,WR,True,0,0,5.0,10.9
2025,4,00-0038040,RB,True,0,0,7.0,2.8
2025,4,00-0038090,WR,True,0,0,1.0,1.5
2025,4,00-0038115,TE,True,0,0,1.0,1.1
2025,4,00-0038117,WR,True,0,0,4.0,3.1
2025,4,00-0038129,TE,True,0,0,4.0,4.0
2025,4,00-0038359,WR,True,0,0,0.0,0.0
2025,4,00-0038393,WR,True,0,0,4.0,3.1
2025,4,00-0038488,RB,True,0,0,0.0,0.0
2025,4,00-0038492,WR,True,0,0,1.0,0.0
2025,4,00-0038496,WR,True,0,0,0.0,0.0
2025,4,00-0038519,WR,True,0,0,1.0,1.1
2025,4,00-0038547,TE,True,0,0,1.0,1.0
2025,4,00-0038551,RB,True,0,0,9.0,4.6
2025,4,00-0038555,RB,True,0,0,0.0,0.0
2025,4,00-0038559,WR,True,0,0,2.0,1.0
2025,4,00-0038563,WR,False,3,3,10.0,36.9
2025,4,00-0038573,WR,True,0,0,1.0,0.2
2025,4,00-0038576,WR,True,0,0,0.0,0.0
2025,4,00-0038590,TE,True,0,0,0.0,0.0
2025,4,00-0038606,WR,True,0,0,11.0,5.4
2025,4,00-0038608,WR,True,0,0,3.0,3.8
2025,4,00-0038618,WR,True,0,0,3.0,3.1
2025,4,00-0038621,WR,True,0,0,5.0,1.7
2025,4,00-0038685,RB,True,0,0,0.0,0.0
2025,4,00-0038705,RB,True,0,0,3.0,0.0
2025,4,00-0038720,TE,True,0,0,1.0,0.9
2025,4,00-0038797,RB,True,0,0,6.0,2.5
2025,4,00-0038824,WR,True,0,0,1.0,0.0
2025,4,00-0038840,WR,True,0,0,2.0,2.5
2025,4,00-0038896,RB,True,0,0,0.0,0.0
2025,4,00-0038935,TE,True,0,0,7.0,9.1
2025,4,00-0038951,RB,True,0,0,0.0,0.0
2025,4,00-0038997,WR,True,0,0,3.0,4.4
2025,4,00-0039041,TE,True,0,0,1.0,1.2
2025,4,00-0039050,TE,True,0,0,1.0,0.0
2025,4,00-0039066,TE,True,0,0,1.0,0.0
2025,4,00-0039074,TE,True,0,0,1.0,0.8
2025,4,00-0039144,TE,True,0,0,2.0,4.2
2025,4,00-0039299,RB,True,0,0,12.0,3.2
2025,4,00-0039355,WR,True,0,0,3.0,13.1
2025,4,00-0039356,TE,True,0,0,2.0,2.1
2025,4,00-0039359,TE,True,0,0,4.0,4.2
2025,4,00-0039363,RB,True,0,0,0.0,0.0
2025,4,00-0039379,WR,True,0,0,3.0,1.7
2025,4,00-0039394,WR,True,0,0,6.0,4.8
2025,4,00-0039407,RB,True,0,0,4.0,0.2
2025,4,00-0039424,WR,True,0,0,1.0,6.8
2025,4,00-0039530,TE,True,0,0,0.0,0.0
2025,4,00-0039589,WR,True,0,0,0.0,0.0
2025,4,00-0039648,TE,True,0,0,0.0,0.0
2025,4,00-0039650,WR,True,0,0,0.0,0.0
2025,4,00-0039686,TE,True,0,0,0.0,0.0
2025,4,00-0039737,TE,True,0,0,3.0,1.8
2025,4,00-0039738,RB,False,1,1,8.0,5.3
2025,4,00-0039746,RB,True,0,0,3.0,2.6
2025,4,00-0039751,WR,True,0,0,5.0,2.4
2025,4,00-0039793,TE,True,0,0,1.0,2.8
2025,4,00-0039794,RB,True,0,0,8.0,5.7
2025,4,00-0039796,RB,True,0,0,0.0,0.0
2025,4,00-0039798,RB,True,0,0,0.0,0.0
2025,4,00-0039816,WR,True,0,0,0.0,0.0
2025,4,00-0039847,TE,True,0,0,2.0,1.5
2025,4,00-0039868,WR,False,1,1,4.0,1.8
2025,4,00-0039880,WR,True,0,0,7.0,4.7
2025,4,00-0039890,WR,True,0,0,2.0,0.0
2025,4,00-0040009,WR,True,0,0,2.0,-0.1
2025,4,00-0040075,WR,True,0,0,0.0,0.0
2025,4,00-0040078,RB,True,0,0,3.0,1.3
2025,4,00-0040131,WR,True,0,0,1.0,1.3
2025,4,00-0040138,WR,True,0,0,1.0,0.9
2025,4,00-0040142,RB,True,0,0,1.0,0.1
2025,4,00-0040154,WR,True,0,0,1.0,1.4
2025,4,00-0040179,RB,True,0,0,1.0,0.3
2025,4,00-0040184,WR,True,0,0,0.0,0.0
2025,4,00-0040194,TE,True,0,0,1.0,7.0
2025,4,00-0040202,RB,True,0,0,2.0,0.9
2025,4,00-0040208,RB,True,0,0,5.0,1.7
2025,4,00-0040237,WR,True,0,0,1.0,0.0
2025,4,00-0040238,RB,True,0,0,1.0,1.4
2025,4,00-0040466,RB,True,0,0,3.0,6.3
2025,4,00-0040476,RB,True,0,0,1.0,0.0
2025,4,00-0040506,WR,True,0,0,0.0,0.0
2025,4,00-0040581,WR,True,0,0,4.0,3.9
2025,4,00-0040582,WR,True,0,0,2.0,1.2
2025,4,00-0040583,RB,False,1,1,8.0,4.1
2025,4,00-0040584,TE,True,0,0,3.0,4.2
2025,4,00-0040644,RB,True,0,0,0.0,0.0
2025,4,00-0040648,WR,True,0,0,4.0,16.7
2025,4,00-0040669,WR,True,0,0,2.0,0.0
2025,4,00-0040705,WR,True,0,0,6.0,2.0
2025,4,00-0040727,WR,True,0,0,1.0,0.0
2025,4,00-0040729,WR,True,0,0,1.0,1.5
2025,4,00-0040735,WR,True,0,0,4.0,18.3
2025,4,00-0040736,TE,True,0,0,6.0,3.8
2025,4,00-0040739,TE,True,0,0,1.0,0.0
2025,4,00-0040782,WR,True,0,0,4.0,2.6
2025,4,00-0033307,WR,True,0,0,6.0,5.8
2025,4,00-0033375,WR,True,0,0,1.0,2.1
2025,4,00-0034272,WR,True,0,0,1.0,1.4
2025,4,00-0034365,TE,True,0,0,0.0,0.0
2025,4,00-0035726,RB,True,0,0,0.0,0.0
2025,4,00-0036187,RB,True,0,0,0.0,0.0
2025,4,00-0036232,TE,True,0,0,1.0,0.0
2025,4,00-0036309,WR,True,0,0,11.0,6.4
2025,4,00-0036332,TE,True,0,0,0.0,0.0
2025,4,00-0036415,WR,True,0,0,1.0,1.3
2025,4,00-0036590,TE,True,0,0,0.0,0.0
2025,4,00-0036754,TE,True,0,0,3.0,10.3
2025,4,00-0037086,TE,True,0,0,0.0,0.0
2025,4,00-0037093,WR,True,0,0,1.0,1.7
2025,4,00-0037157,RB,True,0,0,0.0,0.0
2025,4,00-0037340,TE,True,0,0,1.0,0.0
2025,4,00-0038465,WR,True,0,0,0.0,0.0
2025,4,00-0038558,TE,True,0,0,1.0,2.0
2025,4,00-0038619,WR,True,0,0,5.0,1.7
2025,4,00-0038643,TE,True,0,0,0.0,0.0
2025,4,00-0038678,RB,True,0,0,0.0,0.0
2025,4,00-0038679,WR,True,0,0,2.0,3.4
2025,4,00-0038738,RB,True,0,0,0.0,0.0
2025,4,00-0038839,WR,True,0,0,1.0,0.0
2025,4,00-0039021,RB,True,0,0,0.0,0.0
2025,4,00-0039410,WR,True,0,0,3.0,3.1
2025,4,00-0039451,WR,True,0,0,0.0,0.0
2025,4,00-0039739,WR,True,0,0,2.0,1.2
2025,4,00-0039792,WR,True,0,0,1.0,3.9
2025,4,00-0039912,TE,True,0,0,1.0,1.2
2025,4,00-0040134,WR,True,0,0,3.0,2.8
2025,4,00-0040187,TE,True,0,0,1.0,1.4
2025,4,00-0040432,WR,True,0,0,0.0,0.0
2025,4,00-0040509,TE,True,0,0,0.0,0.0
2025,4,00-0040649,RB,True,0,0,0.0,0.0
2025,4,00-0031484,TE,True,0,0,1.0,1.2
2025,4,00-0034521,WR,True,0,0,3.0,8.3
2025,4,00-0034775,WR,False,1,1,8.0,4.0
2025,4,00-0035359,WR,True,0,0,2.0,1.4
2025,4,00-0036414,RB,True,0,0,6.0,1.9
2025,4,00-0036429,TE,True,0,0,1.0,0.0
2025,4,00-0036646,WR,True,0,0,0.0,0.0
2025,4,00-0037120,RB,True,0,0,2.0,0.6
2025,4,00-0037231,WR,True,0,0,1.0,0.0
2025,4,00-0037380,WR,True,0,0,0.0,0.0
2025,4,00-0037654,TE,True,0,0,1.0,0.0
2025,4,00-0038046,TE,True,0,0,3.0,3.2
2025,4,00-0038440,RB,True,0,0,9.0,5.5
2025,4,00-0038611,RB,True,0,0,11.0,3.9
2025,4,00-0038710,TE,True,0,0,0.0,0.0
2025,4,00-0039364,RB,True,0,0,0.0,0.0
2025,4,00-0039631,TE,True,0,0,1.0,1.1
2025,4,00-0040067,RB,True,0,0,5.0,2.0
2025,4,00-0040189,TE,True,0,0,7.0,7.1
2025,4,00-0040547,RB,True,0,0,7.0,2.6
2025,4,00-0040629,WR,True,0,0,0.0,0.0
2025,5,00-0030035,WR,True,0,0,2.0,2.1
2025,5,00-0030564,WR,True,0,0,1.0,0.0
2025,5,00-0031236,WR,True,0,0,4.0,3.7
2025,5,00-0031763,WR,True,0,0,0.0,0.0
2025,5,00-0032211,WR,True,0,0,4.0,0.0
2025,5,00-0032385,WR,True,0,0,5.0,3.0
2025,5,00-0032392,TE,True,0,0,1.0,2.9
2025,5,00-0032398,WR,True,0,0,4.0,0.9
2025,5,00-0032464,WR,True,0,0,3.0,8.3
2025,5,00-0033110,TE,True,0,0,5.0,3.5
2025,5,00-0033217,TE,True,0,0,1.0,1.3
2025,5,00-0033246,TE,True,0,0,1.0,0.0
2025,5,00-0033526,RB,True,0,0,2.0,0.4
2025,5,00-0033555,WR,True,0,0,1.0,6.9
2025,5,00-0033572,WR,True,0,0,0.0,0.0
2025,5,00-0033576,TE,True,0,0,0.0,0.0
2025,5,00-0033589,WR,True,0,0,1.0,1.2
2025,5,00-0033591,WR,True,0,0,4.0,1.4
2025,5,00-0033854,RB,True,0,0,0.0,0.0
2025,5,00-0033857,WR,True,0,0,6.0,11.6
2025,5,00-0033858,TE,True,0,0,3.0,1.6
2025,5,00-0033891,WR,True,0,0,3.0,3.5
2025,5,00-0033923,RB,False,1,1,14.0,5.2
2025,5,00-0033943,WR,True,0,0,2.0,0.0
2025,5,00-0033955,RB,True,0,0,4.0,0.8
2025,5,00-0034159,TE,True,0,0,1.0,1.2
2025,5,00-0034270,TE,True,0,0,1.0,0.8
2025,5,00-0034386,WR,True,0,0,2.0,0.8
2025,5,00-0034407,WR,True,0,0,2.0,-0.19999999999999996
2025,5,00-0034487,WR,True,0,0,1.0,0.8
2025,5,00-0034829,TE,True,0,0,1.0,1.3
2025,5,00-0034854,WR,True,0,0,1.0,0.0
2025,5,00-0034975,RB,True,0,0,9.0,26.2
2025,5,00-0034983,WR,True,0,0,2.0,2.0
2025,5,00-0035021,WR,True,0,0,2.0,2.3
2025,5,00-0035208,WR,True,0,0,6.0,6.6
2025,5,00-0035243,RB,True,0,0,4.0,3.5
2025,5,00-0035249,TE,True,0,0,1.0,0.0
2025,5,00-0035250,RB,True,0,0,7.0,2.8
2025,5,00-0035500,WR,True,0,0,6.0,5.9
2025,5,00-0035537,RB,True,0,0,1.0,0.0
2025,5,00-0035567,RB,True,0,0,0.0,0.0
2025,5,00-0035602,WR,True,0,0,1.0,0.0
2025,5,00-0035631,TE,True,0,0,3.0,9.0
2025,5,00-0035644,TE,True,0,0,5.0,3.1
2025,5,00-0035645,WR,True,0,0,0.0,0.0
2025,5,00-0035662,WR,True,0,0,5.0,11.3
2025,5,00-0035689,TE,True,0,0,1.0,0.0
2025,5,00-0035891,WR,True,0,0,0.0,0.0
2025,5,00-0036139,RB,False,3,3,10.0,3.5
2025,5,00-0036182,WR,True,0,0,1.0,0.6
2025,5,00-0036244,TE,True,0,0,2.0,2.7
2025,5,00-0036265,RB,True,0,0,3.0,1.7
2025,5,00-0036290,TE,True,0,0,9.0,6.1
2025,5,00-0036328,RB,True,0,0,6.0,8.7
2025,5,00-0036331,WR,True,0,0,0.0,0.0
2025,5,00-0036422,TE,True,0,0,3.0,4.2
2025,5,00-0036427,WR,True,0,0,3.0,4.2
2025,5,00-0036550,WR,True,0,0,2.0,2.9
2025,5,00-0036620,WR,True,0,0,0.0,0.0
2025,5,00-0036626,WR,True,0,0,3.0,1.7
2025,5,00-0036630,WR,True,0,0,2.0,1.9
2025,5,00-0036637,TE,True,0,0,1.0,0.6
2025,5,00-0036741,TE,True,0,0,1.0,1.2
2025,5,00-0036825,TE,True,0,0,0.0,0.0
2025,5,00-0036842,RB,True,0,0,0.0,0.0
2025,5,00-0036849,WR,True,0,0,2.0,15.3
2025,5,00-0036862,WR,True,0,0,1.0,0.0
2025,5,00-0036876,TE,True,0,0,0.0,0.0
2025,5,00-0036887,TE,True,0,0,2.0,1.0
2025,5,00-0036894,TE,True,0,0,3.0,1.1
2025,5,00-0036980,WR,True,0,0,1.0,0.0
2025,5,00-0036988,WR,True,0,0,3.0,3.5
2025,5,00-0037004,TE,True,0,0,3.0,9.8
2025,5,00-0037005,TE,True,0,0,8.0,12.7
2025,5,00-0037085,RB,True,0,0,2.0,1.6
2025,5,00-0037091,WR,True,0,0,0.0,0.0
2025,5,00-0037112,TE,True,0,0,5.0,13.3
2025,5,00-0037256,RB,False,2,2,11.0,6.6
2025,5,00-0037258,RB,True,0,0,4.0,0.5
2025,5,00-0037267,RB,True,0,0,3.0,0.8
2025,5,00-0037276,RB,True,0,0,0.0,0.0
2025,5,00-0037291,WR,True,0,0,4.0,8.7
2025,5,00-0037292,TE,True,0,0,0.0,0.0
2025,5,00-0037306,TE,True,0,0,2.0,8.2
2025,5,00-0037311,TE,True,0,0,0.0,0.0
2025,5,00-0037348,TE,True,0,0,0.0,0.0
2025,5,00-0037539,TE,True,0,0,2.0,1.4
2025,5,00-0037594,RB,True,0,0,2.0,0.0
2025,5,00-0037614,WR,True,0,0,2.0,2.0
2025,5,00-0037617,RB,True,0,0,0.0,0.0
2025,5,00-0037664,WR,True,0,0,5.0,8.7
2025,5,00-0037666,WR,True,0,0,6.0,8.1
2025,5,00-0037741,WR,True,0,0,0.0,0.0
2025,5,00-0037745,WR,True,0,0,0.0,0.0
2025,5,00-0037801,WR,True,0,0,5.0,4.9
2025,5,00-0037805,TE,True,0,0,1.0,2.8
2025,5,00-0037809,TE,True,0,0,3.0,0.9
2025,5,00-0037816,WR,False,1,1,8.0,26.8
2025,5,00-0037837,WR,True,0,0,2.0,2.3
2025,5,00-0038040,RB,True,0,0,7.0,2.8
2025,5,00-0038090,WR,True,0,0,1.0,0.0
2025,5,00-0038104,WR,True,1,0,2.0,7.6
2025,5,00-0038115,TE,True,0,0,1.0,1.8
2025,5,00-0038117,WR,False,2,2,5.0,2.9
2025,5,00-0038129,TE,True,0,0,4.0,2.4
2025,5,00-0038359,WR,True,0,0,0.0,0.0
2025,5,00-0038393,WR,True,0,0,4.0,2.9
2025,5,00-0038488,RB,True,0,0,0.0,0.0
2025,5,00-0038492,WR,True,0,0,1.0,0.0
2025,5,00-0038496,WR,True,0,0,0.0,0.0
2025,5,00-0038519,WR,True,0,0,0.0,0.0
2025,5,00-0038547,TE,True,0,0,2.0,1.8
2025,5,00-0038555,RB,True,0,0,0.0,0.0
2025,5,00-0038559,WR,True,0,0,6.0,3.0
2025,5,00-0038573,WR,True,0,0,1.0,0.2
2025,5,00-0038576,WR,True,0,0,0.0,0.0
2025,5,00-0038590,TE,True,0,0,0.0,0.0
2025,5,00-0038606,WR,True,0,0,3.0,5.9
2025,5,00-0038608,WR,True,0,0,3.0,2.3
2025,5,00-0038618,WR,True,0,0,3.0,2.7
2025,5,00-0038621,WR,True,0,0,5.0,1.7
2025,5,00-0038685,RB,True,0,0,1.0,0.6
2025,5,00-0038705,RB,False,1,1,4.0,9.1
2025,5,00-0038720,TE,True,0,0,2.0,2.4
2025,5,00-0038797,RB,True,0,0,11.0,9.6
2025,5,00-0038824,WR,True,0,0,1.0,0.0
2025,5,00-0038840,WR,True,0,0,4.0,5.1
2025,5,00-0038896,RB,True,0,0,2.0,1.1
2025,5,00-0038935,TE,True,1,0,7.0,7.5
2025,5,00-0038951,RB,False,1,1,0.0,0.0
2025,5,00-0038997,WR,True,0,0,5.0,4.4
2025,5,00-0039041,TE,True,0,0,0.0,0.0
2025,5,00-0039050,TE,True,0,0,0.0,0.0
2025,5,00-0039066,TE,True,0,0,1.0,0.0
2025,5,00-0039074,TE,True,0,0,1.0,0.5
2025,5,00-0039144,TE,True,0,0,1.0,1.1
2025,5,00-0039299,RB,True,0,0,0.0,0.0
2025,5,00-0039355,WR,True,0,0,3.0,9.1
2025,5,00-0039356,TE,True,0,0,2.0,2.1
2025,5,00-0039359,TE,True,0,0,4.0,4.2
2025,5,00-0039363,RB,True,0,0,0.0,0.0
2025,5,00-0039379,WR,True,0,0,3.0,1.7
2025,5,00-0039394,WR,True,0,0,3.0,2.4
2025,5,00-0039407,RB,True,0,0,0.0,0.0
2025,5,00-0039424,WR,True,0,0,1.0,6.8
2025,5,00-0039530,TE,True,0,0,0.0,0.0
2025,5,00-0039589,WR,True,0,0,0.0,0.0
2025,5,00-0039648,TE,True,0,0,0.0,0.0
2025,5,00-0039650,WR,True,0,0,0.0,0.0
2025,5,00-0039686,TE,True,0,0,0.0,0.0
2025,5,00-0039737,TE,True,0,0,3.0,1.8
2025,5,00-0039738,RB,True,0,0,13.0,2.6
2025,5,00-0039746,RB,True,0,0,1.0,0.0
2025,5,00-0039751,WR,True,0,0,1.0,1.2
2025,5,00-0039793,TE,True,0,0,3.0,10.7
2025,5,00-0039794,RB,True,0,0,4.0,0.6
2025,5,00-0039796,RB,True,0,0,0.0,0.0
2025,5,00-0039798,RB,True,0,0,5.0,3.7
2025,5,00-0039816,WR,True,0,0,0.0,0.0
2025,5,00-0039847,TE,True,0,0,5.0,9.2
2025,5,00-0039875,RB,True,0,0,1.0,0.3
2025,5,00-0039880,WR,True,1,0,5.0,3.1
2025,5,00-0039890,WR,True,0,0,4.0,9.1
2025,5,00-0040009,WR,True,0,0,4.0,3.8
2025,5,00-0040075,WR,True,0,0,0.0,0.0
2025,5,00-0040078,RB,True,0,0,8.0,5.1
2025,5,00-0040130,WR,True,0,0,1.0,8.9
2025,5,00-0040131,WR,True,0,0,1.0,-0.2
2025,5,00-0040138,WR,True,0,0,2.0,0.5
2025,5,00-0040142,RB,True,0,0,7.0,2.2
2025,5,00-0040154,WR,True,0,0,0.0,0.0
2025,5,00-0040179,RB,True,0,0,1.0,0.3
2025,5,00-0040184,WR,True,0,0,0.0,0.0
2025,5,00-0040194,TE,True,0,0,1.0,2.0
2025,5,00-0040202,RB,True,0,0,2.0,0.9
2025,5,00-0040208,RB,True,0,0,0.0,0.0
2025,5,00-0040236,RB,True,0,0,4.0,1.8
2025,5,00-0040237,WR,True,0,0,2.0,1.8
2025,5,00-0040238,RB,True,0,0,1.0,1.2
2025,5,00-0040466,RB,True,0,0,3.0,6.3
2025,5,00-0040476,RB,True,0,0,1.0,0.0
2025,5,00-0040506,WR,True,0,0,0.0,0.0
2025,5,00-0040581,WR,True,0,0,2.0,0.0
2025,5,00-0040582,WR,True,0,0,2.0,1.2
2025,5,00-0040584,TE,True,0,0,1.0,1.7
2025,5,00-0040644,RB,True,0,0,7.0,3.3
2025,5,00-0040648,WR,True,0,0,2.0,1.5
2025,5,00-0040663,TE,True,0,0,7.0,3.5
2025,5,00-0040669,WR,True,0,0,2.0,0.0
2025,5,00-0040705,WR,True,0,0,1.0,-0.4
2025,5,00-0040727,WR,True,0,0,1.0,0.0
2025,5,00-0040729,WR,True,0,0,0.0,0.0
2025,5,00-0040735,WR,True,0,0,2.0,0.6
2025,5,00-0040736,TE,True,0,0,7.0,9.0
2025,5,00-0040739,TE,True,0,0,4.0,5.4
2025,5,00-0040782,WR,True,0,0,6.0,7.3
2025,5,00-0033307,WR,True,0,0,4.0,2.2
2025,5,00-0033375,WR,True,0,0,1.0,0.4
2025,5,00-0034272,WR,True,0,0,1.0,1.4
2025,5,00-0034365,TE,True,0,0,0.0,0.0
2025,5,00-0035726,RB,True,0,0,0.0,0.0
2025,5,00-0036187,RB,True,0,0,0.0,0.0
2025,5,00-0036232,TE,True,0,0,1.0,0.0
2025,5,00-0036309,WR,False,1,1,1.0,2.0
2025,5,00-0036332,TE,True,0,0,0.0,0.0
2025,5,00-0036415,WR,True,0,0,1.0,1.1
2025,5,00-0036590,TE,True,0,0,0.0,0.0
2025,5,00-0036754,TE,True,0,0,0.0,0.0
2025,5,00-0037086,TE,True,0,0,2.0,2.1
2025,5,00-0037093,WR,True,0,0,0.0,0.0
2025,5,00-0037157,RB,True,0,0,0.0,0.0
2025,5,00-0037340,TE,True,0,0,1.0,0.0
2025,5,00-0038465,WR,True,0,0,1.0,1.4
2025,5,00-0038558,TE,True,0,0,3.0,3.5
2025,5,00-0038619,WR,True,0,0,2.0,3.2
2025,5,00-0038643,TE,True,0,0,0.0,0.0
2025,5,00-0038678,RB,True,0,0,0.0,0.0
2025,5,00-0038679,WR,True,0,0,0.0,0.0
2025,5,00-0038738,RB,True,0,0,2.0,0.6
2025,5,00-0038839,WR,True,0,0,2.0,1.4
2025,5,00-0039021,RB,True,0,0,0.0,0.0
2025,5,00-0039410,WR,True,0,0,3.0,3.6
2025,5,00-0039451,WR,True,0,0,0.0,0.0
2025,5,00-0039739,WR,True,0,0,2.0,1.2
2025,5,00-0039792,WR,True,0,0,0.0,0.0
2025,5,00-0039912,TE,True,0,0,0.0,0.0
2025,5,00-0040134,WR,True,0,0,1.0,0.0
2025,5,00-0040187,TE,True,0,0,4.0,9.8
2025,5,00-0040432,WR,True,0,0,0.0,0.0
2025,5,00-0040509,TE,True,0,0,0.0,0.0
2025,5,00-0040649,RB,True,0,0,0.0,0.0
2025,5,00-0031484,TE,True,0,0,0.0,0.0
2025,5,00-0034521,WR,True,0,0,1.0,1.3
2025,5,00-0035359,WR,True,0,0,2.0,1.4
2025,5,00-0036414,RB,True,0,0,6.0,1.9
2025,5,00-0036429,TE,True,0,0,1.0,0.0
2025,5,00-0036646,WR,True,0,0,0.0,0.0
2025,5,00-0037120,RB,True,0,0,1.0,0.5
2025,5,00-0037231,WR,True,0,0,1.0,0.0
2025,5,00-0037380,WR,True,0,0,0.0,0.0
2025,5,00-0037654,TE,True,0,0,1.0,0.0
2025,5,00-0038046,TE,True,0,0,3.0,3.2
2025,5,00-0038440,RB,True,0,0,10.0,13.4
2025,5,00-0038611,RB,True,0,0,7.0,5.9
2025,5,00-0038710,TE,True,0,0,1.0,0.0
2025,5,00-0039364,RB,True,0,0,0.0,0.0
2025,5,00-0039631,TE,True,0,0,1.0,1.1
2025,5,00-0040067,RB,True,0,0,5.0,2.0
2025,5,00-0040189,TE,True,0,0,3.0,2.6
2025,5,00-0040547,RB,True,0,0,7.0,2.6
2025,5,00-0040629,WR,True,0,0,0.0,0.0
2025,5,00-0031610,TE,False,1,1,4.0,16.2
2025,5,00-0031687,RB,True,0,0,5.0,7.8
2025,5,00-0032775,WR,True,0,0,2.0,2.5
2025,5,00-0033282,WR,True,0,0,2.0,1.4
2025,5,00-0033757,TE,True,0,0,0.0,0.0
2025,5,00-0035298,WR,True,0,0,1.0,0.0
2025,5,00-0036924,RB,False,2,2,1.0,0.1
2025,5,00-0036984,RB,True,0,0,0.0,0.0
2025,5,00-0037282,TE,True,0,0,2.0,2.7
2025,5,00-0037524,WR,True,0,0,1.0,1.9
2025,5,00-0038564,TE,True,0,0,0.0,0.0
2025,5,00-0038752,WR,True,0,0,1.0,2.2
2025,5,00-0038783,TE,True,0,0,3.0,1.5
2025,5,00-0039391,RB,True,0,0,0.0,0.0
2025,5,00-0039521,WR,True,0,0,1.0,0.0
2025,5,00-0039754,TE,True,0,0,0.0,0.0
2025,5,00-0040277,WR,True,0,0,0.0,0.0
2025,5,00-0040646,WR,True,0,0,0.0,0.0
2025,6,00-0030035,WR,True,0,0,2.0,2.1
2025,6,00-0030564,WR,True,0,0,2.0,5.6
2025,6,00-0031236,WR,True,0,0,1.0,1.0
2025,6,00-0031763,WR,True,0,0,0.0,0.0
2025,6,00-0032211,WR,True,0,0,4.0,1.1
2025,6,00-0032385,WR,True,0,0,6.0,9.9
2025,6,00-0032392,TE,True,0,0,1.0,2.9
2025,6,00-0032398,WR,True,0,0,1.0,0.0
2025,6,00-0032464,WR,True,0,0,0.0,0.0
2025,6,00-0033110,TE,True,0,0,5.0,3.5
2025,6,00-0033217,TE,True,0,0,1.0,1.3
2025,6,00-0033246,TE,True,0,0,1.0,1.2
2025,6,00-0033526,RB,True,0,0,6.0,3.9
2025,6,00-0033555,WR,True,0,0,1.0,6.9
2025,6,00-0033572,WR,True,0,0,0.0,0.0
2025,6,00-0033576,TE,True,0,0,0.0,0.0
2025,6,00-0033589,WR,True,0,0,1.0,1.2
2025,6,00-0033591,WR,True,0,0,4.0,1.4
2025,6,00-0033854,RB,True,0,0,0.0,0.0
2025,6,00-0033857,WR,True,0,0,3.0,2.7
2025,6,00-0033858,TE,True,0,0,3.0,1.6
2025,6,00-0033891,WR,True,0,0,3.0,1.8
2025,6,00-0033943,WR,True,0,0,4.0,6.4
2025,6,00-0033955,RB,True,0,0,3.0,2.3
2025,6,00-0034159,TE,True,0,0,1.0,1.2
2025,6,00-0034270,TE,True,0,0,3.0,4.0
2025,6,00-0034386,WR,True,0,0,2.0,0.8
2025,6,00-0034407,WR,True,0,0,2.0,-0.19999999999999996
2025,6,00-0034487,WR,True,0,0,2.0,2.0
2025,6,00-0034829,TE,True,0,0,5.0,2.5
2025,6,00-0034854,WR,True,0,0,1.0,0.0
2025,6,00-0034975,RB,True,0,0,3.0,1.7
2025,6,00-0034983,WR,True,0,0,3.0,1.2
2025,6,00-0035021,WR,True,0,0,5.0,6.5
2025,6,00-0035208,WR,True,0,0,6.0,6.6
2025,6,00-0035243,RB,True,0,0,4.0,3.5
2025,6,00-0035249,TE,True,0,0,3.0,10.5
2025,6,00-0035250,RB,True,0,0,8.0,2.9
2025,6,00-0035500,WR,True,0,0,2.0,2.2
2025,6,00-0035535,WR,True,0,0,6.0,2.6
2025,6,00-0035537,RB,True,0,0,2.0,1.0
2025,6,00-0035567,RB,True,0,0,0.0,0.0
2025,6,00-0035602,WR,True,0,0,1.0,1.4
2025,6,00-0035631,TE,True,0,0,1.0,0.4
2025,6,00-0035644,TE,True,0,0,5.0,3.1
2025,6,00-0035645,WR,True,0,0,0.0,0.0
2025,6,00-0035662,WR,True,0,0,8.0,6.8
2025,6,00-0035689,TE,True,0,0,2.0,2.5
2025,6,00-0035891,WR,True,0,0,0.0,0.0
2025,6,00-0036040,TE,True,0,0,4.0,2.7
2025,6,00-0036182,WR,True,0,0,1.0,0.6
2025,6,00-0036244,TE,True,0,0,1.0,0.0
2025,6,00-0036265,RB,True,0,0,2.0,1.2
2025,6,00-0036290,TE,True,0,0,9.0,6.1
2025,6,00-0036328,RB,True,0,0,7.0,3.1
2025,6,00-0036331,WR,True,0,0,0.0,0.0
2025,6,00-0036422,TE,True,0,0,1.0,1.6
2025,6,00-0036427,WR,True,0,0,3.0,4.2
2025,6,00-0036550,WR,True,0,0,3.0,0.0
2025,6,00-0036620,WR,True,0,0,0.0,0.0
2025,6,00-0036626,WR,True,0,0,4.0,2.5
2025,6,00-0036630,WR,True,0,0,2.0,1.9
2025,6,00-0036637,TE,True,0,0,1.0,0.6
2025,6,00-0036741,TE,True,0,0,1.0,1.2
2025,6,00-0036825,TE,True,0,0,0.0,0.0
2025,6,00-0036842,RB,True,0,0,0.0,0.0
2025,6,00-0036849,WR,True,0,0,4.0,8.2
2025,6,00-0036862,WR,True,0,0,1.0,0.0
2025,6,00-0036876,TE,True,0,0,0.0,0.0
2025,6,00-0036887,TE,True,0,0,2.0,1.3
2025,6,00-0036894,TE,True,0,0,3.0,1.1
2025,6,00-0036980,WR,True,0,0,1.0,0.0
2025,6,00-0036988,WR,True,0,0,2.0,4.6
2025,6,00-0037004,TE,True,0,0,1.0,0.8
2025,6,00-0037005,TE,True,0,0,2.0,1.2
2025,6,00-0037085,RB,True,0,0,2.0,2.1
2025,6,00-0037091,WR,True,0,0,0.0,0.0
2025,6,00-0037197,RB,False,1,1,10.0,7.1
2025,6,00-0037258,RB,True,0,0,7.0,2.1
2025,6,00-0037267,RB,True,0,0,7.0,4.8
2025,6,00-0037276,RB,True,0,0,0.0,0.0
2025,6,00-0037291,WR,True,0,0,5.0,5.7
2025,6,00-0037292,TE,True,0,0,0.0,0.0
2025,6,00-0037306,TE,True,0,0,2.0,8.2
2025,6,00-0037311,TE,True,0,0,0.0,0.0
2025,6,00-0037348,TE,True,0,0,2.0,2.6
2025,6,00-0037539,TE,True,0,0,2.0,1.4
2025,6,00-0037594,RB,True,0,0,2.0,0.3
2025,6,00-0037614,WR,True,0,0,2.0,2.0
2025,6,00-0037617,RB,False,4,4,6.0,2.0
2025,6,00-0037664,WR,True,0,0,5.0,8.7
2025,6,00-0037666,WR,True,0,0,1.0,0.0
2025,6,00-0037741,WR,True,0,0,3.0,2.9
2025,6,00-0037745,WR,True,0,0,0.0,0.0
2025,6,00-0037801,WR,True,0,0,5.0,4.9
2025,6,00-0037805,TE,True,0,0,4.0,4.8
2025,6,00-0037809,TE,True,0,0,5.0,6.8
2025,6,00-0037837,WR,True,0,0,2.0,2.3
2025,6,00-0038040,RB,True,0,0,7.0,2.8
2025,6,00-0038090,WR,True,0,0,1.0,0.1
2025,6,00-0038104,WR,True,0,0,5.0,10.5
2025,6,00-0038115,TE,True,0,0,4.0,7.2
2025,6,00-0038117,WR,True,1,0,8.0,5.7
2025,6,00-0038129,TE,True,0,0,5.0,10.1
2025,6,00-0038359,WR,True,0,0,0.0,0.0
2025,6,00-0038393,WR,True,0,0,4.0,2.9
2025,6,00-0038488,RB,True,0,0,0.0,0.0
2025,6,00-0038492,WR,True,0,0,0.0,0.0
2025,6,00-0038496,WR,True,0,0,0.0,0.0
2025,6,00-0038519,WR,True,0,0,0.0,0.0
2025,6,00-0038547,TE,True,0,0,2.0,0.8
2025,6,00-0038551,RB,True,0,0,11.0,5.4
2025,6,00-0038555,RB,True,0,0,0.0,0.0
2025,6,00-0038559,WR,True,0,0,4.0,2.6
2025,6,00-0038573,WR,True,0,0,1.0,0.2
2025,6,00-0038576,WR,True,0,0,0.0,0.0
2025,6,00-0038590,TE,True,0,0,0.0,0.0
2025,6,00-0038606,WR,True,0,0,3.0,8.6
2025,6,00-0038608,WR,True,0,0,3.0,5.8
2025,6,00-0038618,WR,True,0,0,3.0,15.3
2025,6,00-0038621,WR,True,0,0,3.0,2.7
2025,6,00-0038685,RB,True,0,0,1.0,0.6
2025,6,00-0038705,RB,True,1,1,3.0,6.1
2025,6,00-0038720,TE,True,0,0,5.0,4.2
2025,6,00-0038797,RB,True,0,0,11.0,9.6
2025,6,00-0038824,WR,True,0,0,1.0,0.0
2025,6,00-0038840,WR,True,0,0,1.0,1.4
2025,6,00-0038896,RB,True,0,0,0.0,0.0
2025,6,00-0038935,TE,True,0,0,1.0,2.7
2025,6,00-0038951,RB,True,0,0,6.0,1.4
2025,6,00-0038997,WR,True,0,0,8.0,8.4
2025,6,00-0039041,TE,True,0,0,2.0,2.0
2025,6,00-0039050,TE,True,0,0,0.0,0.0
2025,6,00-0039066,TE,True,0,0,1.0,0.0
2025,6,00-0039074,TE,True,0,0,2.0,3.4
2025,6,00-0039144,TE,True,0,0,1.0,1.1
2025,6,00-0039299,RB,True,0,0,0.0,0.0
2025,6,00-0039355,WR,True,0,0,2.0,5.5
2025,6,00-0039356,TE,True,0,0,2.0,2.1
2025,6,00-0039359,TE,True,0,0,4.0,4.2
2025,6,00-0039363,RB,True,0,0,0.0,0.0
2025,6,00-0039379,WR,True,0,0,1.0,2.7
2025,6,00-0039394,WR,True,0,0,3.0,2.4
2025,6,00-0039407,RB,True,0,0,0.0,0.0
2025,6,00-0039424,WR,True,0,0,2.0,2.3
2025,6,00-0039530,TE,True,0,0,0.0,0.0
2025,6,00-0039589,WR,True,0,0,1.0,0.2
2025,6,00-0039648,TE,True,0,0,0.0,0.0
2025,6,00-0039650,WR,True,0,0,0.0,0.0
2025,6,00-0039686,TE,True,0,0,0.0,0.0
2025,6,00-0039737,TE,True,0,0,1.0,0.0
2025,6,00-0039746,RB,True,0,0,3.0,0.9
2025,6,00-0039751,WR,True,0,0,3.0,4.3
2025,6,00-0039793,TE,True,1,1,7.0,20.8
2025,6,00-0039794,RB,True,0,0,4.0,0.6
2025,6,00-0039796,RB,True,0,0,0.0,0.0
2025,6,00-0039798,RB,False,1,1,5.0,4.8
2025,6,00-0039816,WR,True,0,0,0.0,0.0
2025,6,00-0039847,TE,True,0,0,7.0,18.3
2025,6,00-0039868,WR,True,0,0,5.0,7.0
2025,6,00-0039875,RB,True,0,0,2.0,0.1
2025,6,00-0039880,WR,True,0,0,5.0,2.0
2025,6,00-0039890,WR,True,0,0,1.0,0.0
2025,6,00-0040009,WR,True,0,0,4.0,3.8
2025,6,00-0040075,WR,True,0,0,0.0,0.0
2025,6,00-0040078,RB,True,0,0,4.0,5.1
2025,6,00-0040130,WR,True,0,0,4.0,5.2
2025,6,00-0040131,WR,True,0,0,1.0,-0.2
2025,6,00-0040138,WR,True,0,0,4.0,8.8
2025,6,00-0040142,RB,True,0,0,7.0,2.2
2025,6,00-0040154,WR,True,0,0,0.0,0.0
2025,6,00-0040179,RB,True,0,0,6.0,2.2
2025,6,00-0040184,WR,True,0,0,0.0,0.0
2025,6,00-0040194,TE,True,0,0,1.0,2.0
2025,6,00-0040198,RB,True,0,0,3.0,-0.2
2025,6,00-0040202,RB,True,0,0,2.0,0.9
2025,6,00-0040208,RB,True,0,0,0.0,0.0
2025,6,00-0040236,RB,True,0,0,4.0,1.8
2025,6,00-0040237,WR,True,0,0,4.0,7.9
2025,6,00-0040238,RB,True,0,0,0.0,0.0
2025,6,00-0040466,RB,True,0,0,3.0,6.3
2025,6,00-0040476,RB,True,0,0,1.0,0.0
2025,6,00-0040506,WR,True,0,0,0.0,0.0
2025,6,00-0040581,WR,True,0,0,2.0,0.0
2025,6,00-0040582,WR,True,0,0,1.0,1.9
2025,6,00-0040584,TE,True,0,0,5.0,5.4
2025,6,00-0040644,RB,True,0,0,5.0,3.4
2025,6,00-0040648,WR,True,0,0,4.0,11.4
2025,6,00-0040663,TE,False,1,1,4.0,9.3
2025,6,00-0040669,WR,True,0,0,1.0,7.7
2025,6,00-0040705,WR,True,0,0,5.0,2.7
2025,6,00-0040727,WR,True,0,0,1.0,0.0
2025,6,00-0040729,WR,True,0,0,5.0,4.2
2025,6,00-0040735,WR,True,0,0,2.0,0.6
2025,6,00-0040736,TE,False,3,3,12.0,13.2
2025,6,00-0040739,TE,True,0,0,1.0,1.5
2025,6,00-0040782,WR,True,0,0,7.0,3.9
2025,6,00-0033307,WR,False,1,1,11.0,19.2
2025,6,00-0033375,WR,True,0,0,1.0,0.0
2025,6,00-0034272,WR,True,0,0,3.0,1.4
2025,6,00-0034365,TE,True,0,0,3.0,3.5
2025,6,00-0035726,RB,True,0,0,0.0,0.0
2025,6,00-0036187,RB,True,0,0,0.0,0.0
2025,6,00-0036232,TE,True,0,0,2.0,1.0
2025,6,00-0036309,WR,False,1,1,1.0,2.0
2025,6,00-0036332,TE,True,0,0,0.0,0.0
2025,6,00-0036415,WR,True,0,0,1.0,1.1
2025,6,00-0036590,TE,True,0,0,0.0,0.0
2025,6,00-0036754,TE,True,0,0,3.0,7.9
2025,6,00-0037086,TE,True,0,0,2.0,2.8
2025,6,00-0037093,WR,True,0,0,1.0,4.1
2025,6,00-0037157,RB,True,0,0,5.0,8.9
2025,6,00-0037340,TE,True,0,0,1.0,0.8
2025,6,00-0038465,WR,True,0,0,1.0,1.4
2025,6,00-0038558,TE,True,0,0,3.0,3.5
2025,6,00-0038619,WR,True,0,0,7.0,10.7
2025,6,00-0038643,TE,True,0,0,0.0,0.0
2025,6,00-0038678,RB,True,0,0,0.0,0.0
2025,6,00-0038679,WR,True,0,0,1.0,0.0
2025,6,00-0038738,RB,True,0,0,1.0,1.5
2025,6,00-0038839,WR,True,0,0,2.0,1.4
2025,6,00-0039021,RB,True,0,0,0.0,0.0
2025,6,00-0039451,WR,True,0,0,0.0,0.0
2025,6,00-0039739,WR,True,0,0,2.0,1.2
2025,6,00-0039792,WR,True,0,0,0.0,0.0
2025,6,00-0039912,TE,True,0,0,0.0,0.0
2025,6,00-0040134,WR,True,0,0,0.0,0.0
2025,6,00-0040187,TE,True,0,0,1.0,6.9
2025,6,00-0040432,WR,True,0,0,3.0,1.2
2025,6,00-0040509,TE,True,0,0,0.0,0.0
2025,6,00-0040649,RB,True,0,0,0.0,0.0
2025,6,00-0031484,TE,True,0,0,0.0,0.0
2025,6,00-0034521,WR,True,0,0,2.0,0.8
2025,6,00-0035359,WR,True,0,0,2.0,1.4
2025,6,00-0036414,RB,True,0,0,0.0,5.28
2025,6,00-0036429,TE,True,0,0,1.0,0.0
2025,6,00-0036646,WR,True,0,0,0.0,0.0
2025,6,00-0037120,RB,True,0,0,1.0,0.5
2025,6,00-0037231,WR,True,0,0,1.0,0.0
2025,6,00-0037380,WR,True,0,0,0.0,0.0
2025,6,00-0037654,TE,True,0,0,1.0,0.0
2025,6,00-0038046,TE,True,0,0,1.0,1.5
2025,6,00-0038440,RB,True,0,0,5.0,-0.2
2025,6,00-0038611,RB,True,0,0,5.0,0.7
2025,6,00-0038710,TE,True,0,0,1.0,0.0
2025,6,00-0039364,RB,True,0,0,0.0,0.0
2025,6,00-0039631,TE,True,0,0,1.0,1.1
2025,6,00-0040067,RB,True,0,0,5.0,2.0
2025,6,00-0040189,TE,True,0,0,1.0,1.9
2025,6,00-0040547,RB,True,0,0,7.0,2.6
2025,6,00-0040629,WR,True,0,0,0.0,0.0
2025,6,00-0031687,RB,True,0,0,7.0,2.2
2025,6,00-0032775,WR,True,0,0,7.0,5.4
2025,6,00-0033282,WR,True,0,0,2.0,9.6
2025,6,00-0033757,TE,True,0,0,0.0,0.0
2025,6,00-0033921,WR,False,2,2,4.0,4.1
2025,6,00-0035298,WR,True,0,0,1.0,0.0
2025,6,00-0036984,RB,True,0,0,0.0,0.0
2025,6,00-0037282,TE,True,0,0,1.0,1.6
2025,6,00-0037524,WR,True,0,0,1.0,1.4
2025,6,00-0038564,TE,True,0,0,0.0,0.0
2025,6,00-0038752,WR,True,0,0,0.0,0.0
2025,6,00-0038783,TE,True,0,0,1.0,0.0
2025,6,00-0039521,WR,True,0,0,1.0,0.0
2025,6,00-0039754,TE,True,0,0,0.0,0.0
2025,6,00-0040277,WR,True,0,0,0.0,0.0
2025,6,00-0040646,WR,True,0,0,0.0,0.0
2025,6,00-0032104,RB,True,0,0,2.0,6.6
2025,6,00-0034867,WR,True,0,0,1.0,0.0
2025,6,00-0036423,TE,True,0,0,6.0,6.1
2025,6,00-0036425,RB,True,0,0,0.0,0.0
2025,6,00-0036628,TE,True,0,0,1.0,1.4
2025,6,00-0036906,RB,True,0,0,0.0,0.0
2025,6,00-0036950,RB,True,0,0,0.0,0.0
2025,6,00-0037838,TE,True,0,0,1.0,1.7
2025,6,00-0038454,RB,True,0,0,4.0,1.8
2025,6,00-0038456,TE,True,0,0,0.0,0.0
2025,6,00-0038640,WR,True,0,0,0.0,0.0
2025,6,00-0038740,WR,True,0,0,0.0,0.0
2025,6,00-0038938,WR,True,0,0,3.0,0.0
2025,6,00-0039458,TE,True,0,0,2.0,3.3
2025,6,00-0039603,RB,True,0,0,2.0,1.5
2025,6,00-0039920,WR,True,0,0,1.0,1.1
2025,6,00-0040218,WR,True,0,0,5.0,4.1
2025,6,00-0040259,WR,True,0,0,0.0,0.0
2025,6,00-0040429,RB,True,0,0,0.0,0.0
2025,6,00-0040586,RB,True,0,0,4.0,0.7
2025,6,00-0040737,TE,True,0,0,1.0,2.6
2025,7,00-0030035,WR,True,0,0,2.0,2.1
2025,7,00-0030564,WR,True,0,0,4.0,3.0
2025,7,00-0031236,WR,True,0,0,1.0,2.6
2025,7,00-0031763,WR,True,0,0,0.0,0.0
2025,7,00-0032211,WR,True,0,0,3.0,0.5
2025,7,00-0032385,WR,True,1,0,3.0,6.1
2025,7,00-0032392,TE,True,0,0,1.0,1.0
2025,7,00-0032398,WR,True,0,0,5.0,12.1
2025,7,00-0032464,WR,True,0,0,0.0,0.0
2025,7,00-0033110,TE,True,0,0,4.0,12.0
2025,7,00-0033217,TE,True,0,0,2.0,2.1
2025,7,00-0033246,TE,True,0,0,2.0,1.9
2025,7,00-0033526,RB,True,0,0,9.0,4.2
2025,7,00-0033555,WR,True,0,0,3.0,3.8
2025,7,00-0033572,WR,True,0,0,0.0,0.0
2025,7,00-0033576,TE,True,0,0,0.0,0.0
2025,7,00-0033589,WR,True,0,0,1.0,1.2
2025,7,00-0033591,WR,True,0,0,4.0,1.4
2025,7,00-0033854,RB,True,0,0,0.0,0.0
2025,7,00-0033857,WR,True,0,0,3.0,7.2
2025,7,00-0033858,TE,True,0,0,5.0,4.3
2025,7,00-0033891,WR,True,0,0,8.0,10.4
2025,7,00-0033943,WR,True,0,0,3.0,4.0
2025,7,00-0033955,RB,True,0,0,6.0,5.0
2025,7,00-0034159,TE,True,0,0,2.0,2.8
2025,7,00-0034270,TE,True,0,0,3.0,4.0
2025,7,00-0034383,TE,True,0,0,6.0,8.5
2025,7,00-0034386,WR,True,0,0,2.0,0.8
2025,7,00-0034407,WR,True,0,0,2.0,-0.19999999999999996
2025,7,00-0034487,WR,True,0,0,2.0,2.0
2025,7,00-0034829,TE,True,0,0,5.0,2.5
2025,7,00-0034854,WR,True,0,0,0.0,0.0
2025,7,00-0034975,RB,True,0,0,12.0,6.9
2025,7,00-0034983,WR,True,0,0,2.0,1.2
2025,7,00-0035021,WR,True,0,0,0.0,0.0
2025,7,00-0035208,WR,True,0,0,7.0,3.8
2025,7,00-0035243,RB,True,0,0,4.0,3.5
2025,7,00-0035249,TE,True,0,0,3.0,10.5
2025,7,00-0035250,RB,True,0,0,3.0,1.0
2025,7,00-0035500,WR,True,0,0,3.0,8.4
2025,7,00-0035535,WR,True,0,0,6.0,2.6
2025,7,00-0035537,RB,True,0,0,3.0,2.1
2025,7,00-0035567,RB,True,0,0,0.0,0.0
2025,7,00-0035602,WR,True,0,0,0.0,0.0
2025,7,00-0035631,TE,True,0,0,2.0,0.3
2025,7,00-0035644,TE,True,0,0,4.0,4.7
2025,7,00-0035645,WR,True,0,0,0.0,0.0
2025,7,00-0035662,WR,True,0,0,4.0,18.5
2025,7,00-0035689,TE,True,0,0,2.0,8.4
2025,7,00-0035891,WR,True,0,0,0.0,0.0
2025,7,00-0036040,TE,True,0,0,2.0,0.5
2025,7,00-0036182,WR,True,0,0,1.0,0.0
2025,7,00-0036244,TE,True,0,0,1.0,0.0
2025,7,00-0036265,RB,True,0,0,3.0,1.0
2025,7,00-0036290,TE,True,0,0,2.0,0.5
2025,7,00-0036328,RB,True,0,0,7.0,3.1
2025,7,00-0036331,WR,True,0,0,0.0,0.0
2025,7,00-0036407,WR,False,2,1,13.0,6.8
2025,7,00-0036422,TE,True,0,0,1.0,1.6
2025,7,00-0036427,WR,True,0,0,1.0,0.0
2025,7,00-0036550,WR,True,0,0,1.0,1.3
2025,7,00-0036620,WR,True,0,0,1.0,0.0
2025,7,00-0036626,WR,True,0,0,6.0,3.0
2025,7,00-0036630,WR,True,0,0,0.0,0.0
2025,7,00-0036637,TE,True,0,0,2.0,3.5
2025,7,00-0036741,TE,True,0,0,1.0,1.2
2025,7,00-0036825,TE,True,0,0,1.0,0.2
2025,7,00-0036842,RB,True,0,0,0.0,0.0
2025,7,00-0036849,WR,True,0,0,4.0,8.2
2025,7,00-0036862,WR,True,0,0,0.0,0.0
2025,7,00-0036876,TE,True,0,0,0.0,0.0
2025,7,00-0036887,TE,True,0,0,0.0,0.0
2025,7,00-0036894,TE,True,0,0,1.0,1.6
2025,7,00-0036980,WR,True,0,0,2.0,0.0
2025,7,00-0036988,WR,True,0,0,2.0,7.0
2025,7,00-0037004,TE,True,0,0,3.0,2.9
2025,7,00-0037005,TE,True,0,0,4.0,5.9
2025,7,00-0037085,RB,True,0,0,2.0,2.1
2025,7,00-0037091,WR,True,0,0,1.0,0.3
2025,7,00-0037258,RB,True,0,0,7.0,2.1
2025,7,00-0037267,RB,True,0,0,8.0,5.5
2025,7,00-0037276,RB,True,0,0,0.0,0.0
2025,7,00-0037291,WR,True,0,0,5.0,5.7
2025,7,00-0037292,TE,True,0,0,0.0,0.0
2025,7,00-0037306,TE,True,0,0,2.0,8.2
2025,7,00-0037311,TE,True,0,0,0.0,0.0
2025,7,00-0037348,TE,True,0,0,1.0,1.3
2025,7,00-0037539,TE,True,0,0,2.0,1.4
2025,7,00-0037594,RB,True,0,0,0.0,0.0
2025,7,00-0037614,WR,True,0,0,2.0,2.0
2025,7,00-0037664,WR,True,0,0,4.0,5.8
2025,7,00-0037666,WR,True,0,0,1.0,1.3
2025,7,00-0037741,WR,True,0,0,2.0,2.2
2025,7,00-0037745,WR,True,0,0,0.0,0.0
2025,7,00-0037801,WR,True,0,0,5.0,4.9
2025,7,00-0037805,TE,True,0,0,0.0,0.0
2025,7,00-0037809,TE,True,0,0,6.0,7.6
2025,7,00-0037837,WR,True,0,0,2.0,2.3
2025,7,00-0038040,RB,True,0,0,7.0,2.8
2025,7,00-0038090,WR,True,0,0,0.0,0.0
2025,7,00-0038104,WR,True,0,0,5.0,10.5
2025,7,00-0038115,TE,True,0,0,4.0,7.2
2025,7,00-0038117,WR,False,2,2,7.0,17.4
2025,7,00-0038129,TE,True,1,1,6.0,7.6
2025,7,00-0038359,WR,True,0,0,0.0,0.0
2025,7,00-0038393,WR,True,0,0,2.0,2.5
2025,7,00-0038488,RB,True,0,0,0.0,0.0
2025,7,00-0038492,WR,True,0,0,0.0,0.0
2025,7,00-0038496,WR,True,0,0,0.0,0.0
2025,7,00-0038519,WR,True,0,0,0.0,0.0
2025,7,00-0038547,TE,True,0,0,2.0,1.3
2025,7,00-0038555,RB,True,0,0,0.0,0.0
2025,7,00-0038559,WR,True,0,0,5.0,6.4
2025,7,00-0038563,WR,True,1,1,5.0,9.5
2025,7,00-0038573,WR,True,0,0,1.0,0.2
2025,7,00-0038576,WR,True,0,0,0.0,0.0
2025,7,00-0038590,TE,True,0,0,0.0,0.0
2025,7,00-0038606,WR,True,0,0,4.0,3.9
2025,7,00-0038608,WR,False,1,1,5.0,23.8
2025,7,00-0038618,WR,True,0,0,3.0,15.3
2025,7,00-0038621,WR,True,0,0,4.0,14.6
2025,7,00-0038685,RB,True,0,0,1.0,0.1
2025,7,00-0038705,RB,True,0,0,2.0,0.1
2025,7,00-0038720,TE,True,0,0,3.0,4.6
2025,7,00-0038797,RB,True,0,0,4.0,1.2
2025,7,00-0038824,WR,True,0,0,0.0,0.0
2025,7,00-0038840,WR,True,0,0,1.0,1.4
2025,7,00-0038896,RB,True,0,0,0.0,0.0
2025,7,00-0038935,TE,True,0,0,1.0,2.7
2025,7,00-0038951,RB,True,0,0,6.0,8.5
2025,7,00-0038997,WR,False,1,1,7.0,13.2
2025,7,00-0039041,TE,True,0,0,2.0,4.4
2025,7,00-0039050,TE,True,0,0,0.0,0.0
2025,7,00-0039066,TE,True,0,0,7.0,13.5
2025,7,00-0039074,TE,True,0,0,2.0,1.2
2025,7,00-0039144,TE,True,0,0,2.0,1.2
2025,7,00-0039299,RB,True,0,0,0.0,0.0
2025,7,00-0039355,WR,True,0,0,1.0,9.8
2025,7,00-0039356,TE,True,0,0,2.0,2.1
2025,7,00-0039359,TE,True,0,0,4.0,4.2
2025,7,00-0039363,RB,True,0,0,0.0,0.0
2025,7,00-0039379,WR,True,0,0,3.0,2.3
2025,7,00-0039394,WR,True,0,0,2.0,0.0
2025,7,00-0039407,RB,True,0,0,0.0,0.0
2025,7,00-0039424,WR,True,0,0,2.0,2.3
2025,7,00-0039530,TE,True,0,0,1.0,0.7
2025,7,00-0039589,WR,True,0,0,4.0,14.4
2025,7,00-0039648,TE,True,0,0,1.0,6.6
2025,7,00-0039650,WR,True,0,0,0.0,0.0
2025,7,00-0039686,TE,True,0,0,0.0,0.0
2025,7,00-0039737,TE,True,0,0,1.0,0.0
2025,7,00-0039746,RB,True,0,0,0.0,0.0
2025,7,00-0039751,WR,True,0,0,4.0,3.8
2025,7,00-0039793,TE,False,1,1,3.0,8.6
2025,7,00-0039794,RB,True,0,0,4.0,0.6
2025,7,00-0039796,RB,True,0,0,0.0,0.0
2025,7,00-0039816,WR,True,0,0,0.0,0.0
2025,7,00-0039847,TE,True,0,0,4.0,3.7
2025,7,00-0039868,WR,True,0,0,5.0,1.6
2025,7,00-0039875,RB,True,0,0,2.0,8.9
2025,7,00-0039880,WR,True,0,0,6.0,4.3
2025,7,00-0039890,WR,True,0,0,1.0,0.0
2025,7,00-0039901,WR,True,0,0,6.0,2.6
2025,7,00-0040009,WR,True,0,0,1.0,0.3
2025,7,00-0040075,WR,True,0,0,0.0,0.0
2025,7,00-0040078,RB,True,0,0,4.0,3.6
2025,7,00-0040130,WR,True,0,0,4.0,5.2
2025,7,00-0040131,WR,True,0,0,2.0,0.0
2025,7,00-0040138,WR,True,0,0,4.0,8.8
2025,7,00-0040142,RB,True,0,0,6.0,1.5
2025,7,00-0040154,WR,True,0,0,0.0,0.0
2025,7,00-0040179,RB,True,0,0,6.0,2.2
2025,7,00-0040184,WR,True,0,0,2.0,0.6
2025,7,00-0040194,TE,True,0,0,1.0,2.0
2025,7,00-0040198,RB,True,0,0,3.0,0.7
2025,7,00-0040202,RB,True,0,0,2.0,0.9
2025,7,00-0040208,RB,True,0,0,0.0,0.0
2025,7,00-0040236,RB,True,0,0,6.0,4.9
2025,7,00-0040237,WR,True,0,0,3.0,11.0
2025,7,00-0040238,RB,True,0,0,3.0,1.7
2025,7,00-0040466,RB,True,0,0,3.0,6.3
2025,7,00-0040476,RB,True,0,0,1.0,0.0
2025,7,00-0040506,WR,True,0,0,0.0,0.0
2025,7,00-0040581,WR,True,0,0,2.0,0.0
2025,7,00-0040582,WR,True,0,0,1.0,0.0
2025,7,00-0040584,TE,True,0,0,3.0,2.5
2025,7,00-0040644,RB,True,0,0,3.0,1.7
2025,7,00-0040648,WR,True,0,0,1.0,0.0
2025,7,00-0040669,WR,True,0,0,1.0,7.7
2025,7,00-0040705,WR,True,0,0,3.0,1.8
2025,7,00-0040719,RB,True,0,0,5.0,3.8
2025,7,00-0040727,WR,True,0,0,5.0,4.7
2025,7,00-0040729,WR,True,0,0,1.0,0.0
2025,7,00-0040735,WR,True,0,0,4.0,7.1
2025,7,00-0040736,TE,True,0,0,1.0,0.7
2025,7,00-0040739,TE,True,0,0,2.0,1.1
2025,7,00-0040782,WR,True,0,0,5.0,1.9
2025,7,00-0033375,WR,True,0,0,1.0,9.1
2025,7,00-0034272,WR,True,0,0,3.0,3.2
2025,7,00-0034365,TE,True,0,0,1.0,0.9
2025,7,00-0035726,RB,True,0,0,0.0,0.0
2025,7,00-0036187,RB,True,0,0,0.0,0.0
2025,7,00-0036232,TE,True,0,0,2.0,1.0
2025,7,00-0036332,TE,True,0,0,0.0,0.0
2025,7,00-0036415,WR,True,0,0,6.0,9.5
2025,7,00-0036590,TE,True,0,0,0.0,0.0
2025,7,00-0036754,TE,True,0,0,3.0,7.9
2025,7,00-0037086,TE,True,0,0,2.0,2.8
2025,7,00-0037093,WR,True,0,0,0.0,0.0
2025,7,00-0037157,RB,False,2,2,13.0,11.9
2025,7,00-0037340,TE,True,0,0,1.0,0.8
2025,7,00-0038465,WR,True,0,0,1.0,1.4
2025,7,00-0038558,TE,True,0,0,5.0,7.7
2025,7,00-0038619,WR,True,0,0,4.0,1.0
2025,7,00-0038643,TE,True,0,0,0.0,0.0
2025,7,00-0038678,RB,True,0,0,0.0,0.0
2025,7,00-0038679,WR,True,0,0,5.0,4.2
2025,7,00-0038738,RB,True,0,0,2.0,7.7
2025,7,00-0038839,WR,True,0,0,2.0,1.4
2025,7,00-0039021,RB,True,0,0,1.0,0.6
2025,7,00-0039410,WR,True,0,0,7.0,4.8
2025,7,00-0039451,WR,True,0,0,0.0,0.0
2025,7,00-0039739,WR,True,0,0,1.0,1.7
2025,7,00-0039792,WR,True,0,0,0.0,0.0
2025,7,00-0039912,TE,True,0,0,0.0,0.0
2025,7,00-0040134,WR,True,0,0,2.0,3.2
2025,7,00-0040187,TE,True,0,0,1.0,2.6
2025,7,00-0040432,WR,True,0,0,3.0,1.2
2025,7,00-0040509,TE,True,0,0,0.0,0.0
2025,7,00-0040649,RB,True,0,0,0.0,0.0
2025,7,00-0031484,TE,True,0,0,0.0,0.0
2025,7,00-0034521,WR,True,0,0,2.0,0.8
2025,7,00-0035359,WR,True,0,0,2.0,1.4
2025,7,00-0036414,RB,True,0,0,0.0,5.28
2025,7,00-0036429,TE,True,0,0,1.0,0.0
2025,7,00-0036646,WR,True,0,0,0.0,0.0
2025,7,00-0037120,RB,True,0,0,1.0,0.5
2025,7,00-0037231,WR,True,0,0,1.0,0.0
2025,7,00-0037380,WR,True,0,0,0.0,0.0
2025,7,00-0037654,TE,True,0,0,1.0,0.0
2025,7,00-0038046,TE,True,0,0,1.0,0.0
2025,7,00-0038440,RB,True,0,0,5.0,-0.2
2025,7,00-0038611,RB,True,0,0,5.0,0.7
2025,7,00-0038710,TE,True,0,0,1.0,0.5
2025,7,00-0039364,RB,True,0,0,0.0,0.0
2025,7,00-0039631,TE,True,0,0,1.0,1.1
2025,7,00-0040067,RB,True,0,0,5.0,2.0
2025,7,00-0040189,TE,True,0,0,8.0,8.3
2025,7,00-0040547,RB,True,0,0,7.0,2.6
2025,7,00-0040629,WR,True,0,0,0.0,0.0
2025,7,00-0031687,RB,True,0,0,5.0,-0.4
2025,7,00-0032775,WR,True,0,0,3.0,5.4
2025,7,00-0033282,WR,True,0,0,2.0,9.6
2025,7,00-0033757,TE,True,0,0,0.0,0.0
2025,7,00-0035298,WR,True,0,0,1.0,0.0
2025,7,00-0036984,RB,True,0,0,0.0,0.0
2025,7,00-0037282,TE,True,0,0,1.0,1.6
2025,7,00-0037524,WR,True,0,0,1.0,1.4
2025,7,00-0038564,TE,True,0,0,0.0,0.0
2025,7,00-0038752,WR,True,0,0,0.0,0.0
2025,7,00-0038783,TE,True,0,0,2.0,9.3
2025,7,00-0039521,WR,True,0,0,1.0,0.0
2025,7,00-0039754,TE,True,0,0,0.0,0.0
2025,7,00-0040277,WR,True,0,0,0.0,0.0
2025,7,00-0040646,WR,True,0,0,0.0,0.0
2025,7,00-0032104,RB,True,0,0,2.0,2.1
2025,7,00-0034867,WR,True,0,0,1.0,0.0
2025,7,00-0036423,TE,True,0,0,6.0,6.1
2025,7,00-0036425,RB,True,0,0,1.0,0.0
2025,7,00-0036628,TE,True,0,0,1.0,1.4
2025,7,00-0036906,RB,True,0,0,0.0,0.0
2025,7,00-0036950,RB,True,0,0,0.0,0.0
2025,7,00-0037838,TE,True,0,0,2.0,1.6
2025,7,00-0038454,RB,True,0,0,0.0,0.0
2025,7,00-0038456,TE,True,0,0,0.0,0.0
2025,7,00-0038640,WR,True,0,0,0.0,0.0
2025,7,00-0038740,WR,True,0,0,0.0,0.0
2025,7,00-0038938,WR,True,0,0,5.0,3.2
2025,7,00-0039458,TE,True,0,0,2.0,3.3
2025,7,00-0039603,RB,True,0,0,2.0,1.5
2025,7,00-0039920,WR,True,0,0,1.0,1.1
2025,7,00-0040218,WR,True,0,0,3.0,5.7
2025,7,00-0040259,WR,True,0,0,4.0,3.2
2025,7,00-0040429,RB,True,0,0,0.0,0.0
2025,7,00-0040586,RB,True,0,0,3.0,0.0
2025,7,00-0040737,TE,True,0,0,1.0,0.0
2025,7,00-0034367,RB,True,0,0,0.0,0.0
2025,7,00-0034613,TE,True,0,0,5.0,9.0
2025,7,00-0034981,TE,True,0,0,1.0,1.4
2025,7,00-0035406,WR,True,0,0,8.0,7.5
2025,7,00-0035639,WR,True,0,0,0.0,0.0
2025,7,00-0037475,TE,True,0,0,0.0,0.0
2025,7,00-0037487,WR,True,0,0,0.0,0.0
2025,7,00-0038794,RB,True,0,0,2.0,0.0
2025,7,00-0039623,WR,True,0,0,0.0,0.0
2025,7,00-0040241,WR,True,0,0,0.0,0.0
2025,7,00-0040534,WR,True,0,0,0.0,0.0
2025,7,00-0040563,WR,True,0,0,0.0,0.0
2025,7,00-0040590,WR,True,0,0,2.0,1.2
2025,8,00-0030035,WR,True,0,0,2.0,1.5
2025,8,00-0030564,WR,True,0,0,4.0,3.0
2025,8,00-0031236,WR,True,0,0,1.0,0.8
2025,8,00-0031763,WR,True,0,0,0.0,0.0
2025,8,00-0032211,WR,False,1,1,2.0,2.8
2025,8,00-0032385,WR,True,0,0,7.0,4.0
2025,8,00-0032392,TE,True,0,0,2.0,8.1
2025,8,00-0032398,WR,True,0,0,5.0,6.9
2025,8,00-0032464,WR,True,0,0,3.0,3.2
2025,8,00-0033110,TE,True,0,0,6.0,3.4
2025,8,00-0033217,TE,True,0,0,2.0,1.1
2025,8,00-0033246,TE,True,0,0,4.0,1.4
2025,8,00-0033526,RB,True,0,0,7.0,3.1
2025,8,00-0033555,WR,True,0,0,3.0,6.3
2025,8,00-0033572,WR,True,0,0,0.0,0.0
2025,8,00-0033576,TE,True,0,0,0.0,0.0
2025,8,00-0033589,WR,True,0,0,1.0,1.2
2025,8,00-0033591,WR,True,0,0,4.0,1.4
2025,8,00-0033854,RB,True,0,0,1.0,0.0
2025,8,00-0033857,WR,True,0,0,3.0,5.0
2025,8,00-0033858,TE,True,2,1,6.0,10.3
2025,8,00-0033891,WR,True,0,0,2.0,7.7
2025,8,00-0033908,WR,True,0,0,1.0,1.7
2025,8,00-0033943,WR,True,0,0,9.0,4.4
2025,8,00-0033955,RB,True,0,0,5.0,5.5
2025,8,00-0034159,TE,True,0,0,1.0,0.0
2025,8,00-0034270,TE,True,0,0,3.0,4.0
2025,8,00-0034383,TE,False,1,1,10.0,14.3
2025,8,00-0034386,WR,True,0,0,2.0,0.8
2025,8,00-0034407,WR,True,0,0,2.0,-0.19999999999999996
2025,8,00-0034487,WR,True,0,0,2.0,2.0
2025,8,00-0034829,TE,True,0,0,5.0,2.5
2025,8,00-0034854,WR,True,0,0,0.0,0.0
2025,8,00-0034983,WR,True,0,0,2.0,1.2
2025,8,00-0035021,WR,True,0,0,0.0,0.0
2025,8,00-0035208,WR,True,0,0,4.0,1.9
2025,8,00-0035243,RB,True,0,0,4.0,3.5
2025,8,00-0035249,TE,True,0,0,1.0,1.4
2025,8,00-0035250,RB,True,0,0,2.0,0.2
2025,8,00-0035500,WR,True,0,0,2.0,1.5
2025,8,00-0035535,WR,True,0,0,6.0,2.6
2025,8,00-0035537,RB,True,0,0,3.0,2.1
2025,8,00-0035567,RB,True,0,0,0.0,0.0
2025,8,00-0035602,WR,True,0,0,0.0,0.0
2025,8,00-0035631,TE,True,0,0,0.0,0.0
2025,8,00-0035644,TE,True,0,0,4.0,12.4
2025,8,00-0035645,WR,True,0,0,0.0,0.0
2025,8,00-0035662,WR,True,0,0,4.0,8.4
2025,8,00-0035689,TE,True,0,0,2.0,8.4
2025,8,00-0035891,WR,True,0,0,0.0,0.0
2025,8,00-0036040,TE,True,0,0,7.0,10.4
2025,8,00-0036182,WR,True,0,0,4.0,3.1
2025,8,00-0036244,TE,True,0,0,3.0,6.2
2025,8,00-0036265,RB,True,0,0,3.0,1.0
2025,8,00-0036290,TE,True,0,0,1.0,2.1
2025,8,00-0036328,RB,True,0,0,7.0,3.1
2025,8,00-0036331,WR,True,0,0,0.0,0.0
2025,8,00-0036407,WR,True,0,0,4.0,2.7
2025,8,00-0036422,TE,True,0,0,1.0,1.6
2025,8,00-0036427,WR,True,0,0,3.0,7.5
2025,8,00-0036550,WR,True,0,0,1.0,1.3
2025,8,00-0036620,WR,True,0,0,2.0,5.5
2025,8,00-0036626,WR,True,0,0,4.0,6.0
2025,8,00-0036630,WR,True,0,0,0.0,0.0
2025,8,00-0036637,TE,True,0,0,1.0,3.3
2025,8,00-0036741,TE,True,0,0,1.0,0.0
2025,8,00-0036825,TE,True,0,0,1.0,0.2
2025,8,00-0036842,RB,True,0,0,0.0,0.0
2025,8,00-0036849,WR,True,0,0,4.0,8.2
2025,8,00-0036862,WR,True,0,0,0.0,0.0
2025,8,00-0036876,TE,True,0,0,0.0,0.0
2025,8,00-0036887,TE,True,0,0,1.0,1.6
2025,8,00-0036894,TE,True,0,0,6.0,25.6
2025,8,00-0036980,WR,True,0,0,2.0,0.0
2025,8,00-0036988,WR,True,0,0,2.0,7.0
2025,8,00-0037004,TE,True,0,0,3.0,2.6
2025,8,00-0037005,TE,True,0,0,1.0,0.5
2025,8,00-0037085,RB,True,0,0,2.0,2.9
2025,8,00-0037091,WR,True,0,0,0.0,0.0
2025,8,00-0037258,RB,True,0,0,7.0,2.1
2025,8,00-0037267,RB,True,0,0,3.0,2.0
2025,8,00-0037276,RB,True,0,0,0.0,0.0
2025,8,00-0037291,WR,True,0,0,4.0,4.7
2025,8,00-0037292,TE,True,0,0,0.0,0.0
2025,8,00-0037306,TE,True,0,0,1.0,1.1
2025,8,00-0037311,TE,True,0,0,0.0,0.0
2025,8,00-0037348,TE,True,0,0,3.0,3.3
2025,8,00-0037539,TE,True,0,0,2.0,1.4
2025,8,00-0037594,RB,True,0,0,0.0,0.0
2025,8,00-0037614,WR,True,0,0,2.0,2.0
2025,8,00-0037664,WR,True,0,0,10.0,12.3
2025,8,00-0037666,WR,True,0,0,2.0,2.1
2025,8,00-0037741,WR,True,0,0,2.0,2.2
2025,8,00-0037745,WR,True,0,0,0.0,0.0
2025,8,00-0037801,WR,True,0,0,1.0,2.2
2025,8,00-0037805,TE,True,0,0,1.0,0.0
2025,8,00-0037809,TE,True,0,0,2.0,0.0
2025,8,00-0037837,WR,True,0,0,2.0,2.3
2025,8,00-0038040,RB,True,0,0,7.0,2.8
2025,8,00-0038090,WR,True,0,0,1.0,2.0
2025,8,00-0038104,WR,True,0,0,2.0,4.4
2025,8,00-0038115,TE,True,0,0,4.0,16.3
2025,8,00-0038359,WR,True,0,0,3.0,2.5
2025,8,00-0038393,WR,True,0,0,2.0,1.0
2025,8,00-0038488,RB,True,0,0,0.0,0.0
2025,8,00-0038492,WR,True,0,0,0.0,0.0
2025,8,00-0038496,WR,True,0,0,0.0,0.0
2025,8,00-0038519,WR,True,0,0,0.0,0.0
2025,8,00-0038547,TE,True,0,0,2.0,1.3
2025,8,00-0038555,RB,True,0,0,2.0,1.5
2025,8,00-0038559,WR,True,0,0,4.0,5.5
2025,8,00-0038563,WR,True,0,0,6.0,5.8
2025,8,00-0038573,WR,True,0,0,0.0,0.0
2025,8,00-0038576,WR,True,0,0,0.0,0.0
2025,8,00-0038590,TE,True,0,0,0.0,0.0
2025,8,00-0038606,WR,True,0,0,13.0,8.2
2025,8,00-0038618,WR,True,0,0,4.0,1.8
2025,8,00-0038621,WR,True,0,0,3.0,3.2
2025,8,00-0038685,RB,True,0,0,1.0,0.0
2025,8,00-0038705,RB,True,0,0,2.0,0.1
2025,8,00-0038720,TE,True,0,0,2.0,0.6
2025,8,00-0038824,WR,True,0,0,1.0,1.9
2025,8,00-0038840,WR,True,0,0,0.0,0.0
2025,8,00-0038896,RB,True,0,0,0.0,0.0
2025,8,00-0038935,TE,True,0,0,1.0,2.7
2025,8,00-0038951,RB,True,0,0,2.0,1.1
2025,8,00-0038997,WR,False,2,2,7.0,13.2
2025,8,00-0039041,TE,True,0,0,1.0,0.8
2025,8,00-0039050,TE,True,0,0,0.0,0.0
2025,8,00-0039066,TE,True,0,0,2.0,1.5
2025,8,00-0039074,TE,True,0,0,1.0,0.9
2025,8,00-0039144,TE,True,0,0,2.0,1.2
2025,8,00-0039299,RB,True,0,0,0.0,0.0
2025,8,00-0039355,WR,True,0,0,2.0,0.0
2025,8,00-0039356,TE,True,0,0,2.0,0.0
2025,8,00-0039359,TE,True,0,0,4.0,4.2
2025,8,00-0039363,RB,True,0,0,0.0,0.0
2025,8,00-0039379,WR,True,0,0,2.0,2.8
2025,8,00-0039394,WR,True,0,0,2.0,2.2
2025,8,00-0039407,RB,True,0,0,3.0,0.9
2025,8,00-0039424,WR,True,0,0,2.0,2.3
2025,8,00-0039530,TE,True,0,0,0.0,0.0
2025,8,00-0039589,WR,True,0,0,1.0,0.0
2025,8,00-0039648,TE,True,0,0,1.0,6.6
2025,8,00-0039650,WR,True,0,0,0.0,0.0
2025,8,00-0039686,TE,True,0,0,0.0,0.0
2025,8,00-0039737,TE,True,0,0,1.0,0.0
2025,8,00-0039738,RB,True,0,0,13.0,4.8
2025,8,00-0039746,RB,True,0,0,1.0,1.2
2025,8,00-0039751,WR,True,0,0,4.0,1.9
2025,8,00-0039793,TE,True,0,0,4.0,1.4
2025,8,00-0039794,RB,True,0,0,4.0,0.6
2025,8,00-0039796,RB,True,0,0,0.0,0.0
2025,8,00-0039816,WR,True,0,0,1.0,0.8
2025,8,00-0039847,TE,True,1,1,7.0,14.1
2025,8,00-0039875,RB,True,0,0,2.0,8.9
2025,8,00-0039890,WR,True,0,0,1.0,1.3
2025,8,00-0040009,WR,True,0,0,0.0,0.0
2025,8,00-0040075,WR,True,0,0,0.0,0.0
2025,8,00-0040130,WR,True,0,0,3.0,0.0
2025,8,00-0040131,WR,True,0,0,1.0,0.0
2025,8,00-0040142,RB,True,0,0,6.0,1.5
2025,8,00-0040154,WR,True,0,0,0.0,0.0
2025,8,00-0040170,WR,True,0,0,5.0,3.9
2025,8,00-0040179,RB,True,0,0,6.0,2.2
2025,8,00-0040184,WR,True,0,0,2.0,0.6
2025,8,00-0040194,TE,True,0,0,1.0,2.0
2025,8,00-0040198,RB,True,0,0,7.0,1.8
2025,8,00-0040202,RB,True,0,0,1.0,0.1
2025,8,00-0040208,RB,True,0,0,0.0,0.0
2025,8,00-0040236,RB,False,4,4,16.0,16.4
2025,8,00-0040237,WR,False,2,2,9.0,13.8
2025,8,00-0040238,RB,True,0,0,1.0,0.9
2025,8,00-0040466,RB,True,0,0,3.0,6.3
2025,8,00-0040476,RB,True,0,0,1.0,0.0
2025,8,00-0040506,WR,True,0,0,0.0,0.0
2025,8,00-0040581,WR,True,0,0,3.0,0.0
2025,8,00-0040582,WR,True,0,0,3.0,0.5
2025,8,00-0040584,TE,True,0,0,5.0,5.6
2025,8,00-0040644,RB,True,0,0,0.0,0.0
2025,8,00-0040648,WR,True,0,0,3.0,0.0
2025,8,00-0040669,WR,True,0,0,1.0,0.0
2025,8,00-0040705,WR,True,0,0,5.0,14.9
2025,8,00-0040719,RB,True,0,0,5.0,2.2
2025,8,00-0040727,WR,True,0,0,2.0,3.3
2025,8,00-0040729,WR,True,0,0,2.0,2.3
2025,8,00-0040735,WR,True,0,0,3.0,2.6
2025,8,00-0040739,TE,True,0,0,5.0,4.2
2025,8,00-0040782,WR,True,0,0,5.0,1.9
2025,8,00-0033375,WR,True,0,0,1.0,2.7
2025,8,00-0034272,WR,True,0,0,3.0,3.2
2025,8,00-0034365,TE,True,0,0,1.0,0.9
2025,8,00-0035726,RB,True,0,0,0.0,0.0
2025,8,00-0036187,RB,True,0,0,0.0,0.0
2025,8,00-0036232,TE,True,0,0,0.0,0.0
2025,8,00-0036309,WR,False,1,0,5.0,8.3
2025,8,00-0036332,TE,True,0,0,0.0,0.0
2025,8,00-0036415,WR,True,0,0,4.0,6.1
2025,8,00-0036590,TE,True,0,0,0.0,0.0
2025,8,00-0036754,TE,True,0,0,3.0,3.8
2025,8,00-0037086,TE,True,0,0,2.0,2.8
2025,8,00-0037093,WR,True,0,0,0.0,0.0
2025,8,00-0037340,TE,True,0,0,1.0,0.8
2025,8,00-0038465,WR,True,0,0,0.0,0.0
2025,8,00-0038558,TE,True,0,0,5.0,7.7
2025,8,00-0038619,WR,True,0,0,4.0,6.4
2025,8,00-0038643,TE,True,0,0,0.0,0.0
2025,8,00-0038678,RB,True,0,0,0.0,0.0
2025,8,00-0038679,WR,True,0,0,5.0,4.2
2025,8,00-0038738,RB,True,0,0,1.0,0.8
2025,8,00-0038839,WR,True,0,0,2.0,1.4
2025,8,00-0039021,RB,True,0,0,1.0,1.1
2025,8,00-0039410,WR,True,0,0,0.0,0.0
2025,8,00-0039451,WR,True,0,0,0.0,0.0
2025,8,00-0039739,WR,True,0,0,2.0,2.7
2025,8,00-0039792,WR,True,0,0,0.0,0.0
2025,8,00-0039912,TE,True,0,0,0.0,0.0
2025,8,00-0040134,WR,True,0,0,4.0,1.1
2025,8,00-0040187,TE,True,0,0,3.0,3.4
2025,8,00-0040432,WR,True,0,0,1.0,0.0
2025,8,00-0040509,TE,True,0,0,0.0,0.0
2025,8,00-0040649,RB,True,0,0,0.0,0.0
2025,8,00-0031484,TE,True,0,0,0.0,0.0
2025,8,00-0034521,WR,True,0,0,3.0,2.6
2025,8,00-0035359,WR,True,0,0,2.0,1.4
2025,8,00-0036414,RB,True,0,0,0.0,5.28
2025,8,00-0036429,TE,True,0,0,1.0,0.0
2025,8,00-0036646,WR,True,0,0,0.0,0.0
2025,8,00-0037120,RB,True,0,0,1.0,0.5
2025,8,00-0037231,WR,True,0,0,1.0,0.0
2025,8,00-0037380,WR,True,0,0,0.0,0.0
2025,8,00-0037654,TE,True,0,0,1.0,0.0
2025,8,00-0038046,TE,True,0,0,1.0,0.0
2025,8,00-0038440,RB,True,0,0,5.0,1.1
2025,8,00-0038611,RB,True,0,0,3.0,7.2
2025,8,00-0038710,TE,True,0,0,1.0,0.9
2025,8,00-0039364,RB,True,0,0,0.0,0.0
2025,8,00-0039631,TE,True,0,0,1.0,1.1
2025,8,00-0040067,RB,True,0,0,5.0,2.0
2025,8,00-0040189,TE,False,5,5,9.0,25.9
2025,8,00-0040547,RB,True,0,0,7.0,2.6
2025,8,00-0040629,WR,True,0,0,0.0,0.0
2025,8,00-0031687,RB,True,0,0,1.0,0.7
2025,8,00-0032775,WR,True,0,0,1.0,0.0
2025,8,00-0033282,WR,True,0,0,2.0,9.6
2025,8,00-0033757,TE,True,0,0,0.0,0.0
2025,8,00-0035298,WR,True,0,0,1.0,1.4
2025,8,00-0036924,RB,True,0,0,9.0,4.6
2025,8,00-0036984,RB,True,0,0,0.0,0.0
2025,8,00-0037282,TE,True,0,0,1.0,1.6
2025,8,00-0037524,WR,True,0,0,1.0,1.4
2025,8,00-0038564,TE,True,0,0,0.0,0.0
2025,8,00-0038752,WR,True,0,0,1.0,0.8
2025,8,00-0038783,TE,True,0,0,3.0,3.0
2025,8,00-0039521,WR,True,0,0,0.0,0.0
2025,8,00-0039754,TE,True,0,0,0.0,0.0
2025,8,00-0040277,WR,True,0,0,0.0,0.0
2025,8,00-0040646,WR,True,0,0,0.0,0.0
2025,8,00-0032104,RB,True,0,0,3.0,3.2
2025,8,00-0034867,WR,True,0,0,0.0,0.0
2025,8,00-0036423,TE,True,0,0,6.0,6.1
2025,8,00-0036425,RB,True,0,0,1.0,0.0
2025,8,00-0036628,TE,True,0,0,2.0,1.0
2025,8,00-0036906,RB,True,0,0,0.0,0.0
2025,8,00-0036950,RB,True,0,0,0.0,0.0
2025,8,00-0037838,TE,True,0,0,2.0,1.6
2025,8,00-0038454,RB,True,0,0,0.0,0.0
2025,8,00-0038456,TE,True,0,0,0.0,0.0
2025,8,00-0038640,WR,True,0,0,0.0,0.0
2025,8,00-0038740,WR,True,0,0,0.0,0.0
2025,8,00-0038938,WR,True,0,0,1.0,0.0
2025,8,00-0039032,RB,True,0,0,9.0,5.5
2025,8,00-0039458,TE,True,0,0,2.0,3.3
2025,8,00-0039603,RB,True,0,0,2.0,1.5
2025,8,00-0039920,WR,True,0,0,2.0,2.7
2025,8,00-0040218,WR,True,0,0,3.0,2.0
2025,8,00-0040259,WR,True,0,0,1.0,0.0
2025,8,00-0040429,RB,True,0,0,0.0,0.0
2025,8,00-0040586,RB,True,0,0,8.0,3.9
2025,8,00-0040737,TE,True,0,0,3.0,9.6
2025,8,00-0034367,RB,True,0,0,0.0,0.0
2025,8,00-0034613,TE,True,0,0,5.0,9.0
2025,8,00-0034981,TE,True,0,0,1.0,1.4
2025,8,00-0035406,WR,True,0,0,2.0,0.0
2025,8,00-0035639,WR,True,0,0,0.0,0.0
2025,8,00-0037475,TE,True,0,0,0.0,0.0
2025,8,00-0037487,WR,True,0,0,0.0,0.0
2025,8,00-0038794,RB,True,0,0,2.0,0.0
2025,8,00-0039623,WR,True,0,0,1.0,0.0
2025,8,00-0040241,WR,True,0,0,0.0,0.0
2025,8,00-0040534,WR,True,0,0,0.0,0.0
2025,8,00-0040563,WR,True,0,0,0.0,0.0
2025,8,00-0040590,WR,True,0,0,1.0,7.0
2025,8,00-0032688,WR,True,0,0,4.0,5.6
2025,8,00-0032951,WR,True,0,0,0.0,0.0
2025,8,00-0034419,WR,True,0,0,3.0,0.4
2025,8,00-0035594,RB,True,0,0,0.0,0.0
2025,8,00-0035628,RB,True,0,0,1.0,0.0
2025,8,00-0036176,WR,True,0,0,0.0,0.0
2025,8,00-0037563,RB,True,0,0,0.0,0.0
2025,8,00-0038498,TE,True,0,0,0.0,0.0
2025,8,00-0039757,RB,True,0,0,5.0,1.8
2025,8,00-0040225,TE,True,0,0,0.0,0.0
2025,8,00-0040488,TE,True,0,0,1.0,0.8
2025,9,00-0030035,WR,True,0,0,2.0,0.0
2025,9,00-0030564,WR,True,0,0,1.0,1.9
2025,9,00-0031236,WR,True,0,0,4.0,3.7
2025,9,00-0031763,WR,True,0,0,0.0,0.0
2025,9,00-0032385,WR,True,0,0,2.0,1.3
2025,9,00-0032392,TE,True,0,0,2.0,4.8
2025,9,00-0032398,WR,True,0,0,5.0,6.9
2025,9,00-0032464,WR,True,0,0,3.0,3.2
2025,9,00-0033110,TE,True,0,0,6.0,3.4
2025,9,00-0033217,TE,True,0,0,2.0,1.1
2025,9,00-0033246,TE,True,0,0,4.0,1.4
2025,9,00-0033526,RB,True,0,0,10.0,16.5
2025,9,00-0033555,WR,True,0,0,7.0,12.4
2025,9,00-0033572,WR,True,0,0,0.0,0.0
2025,9,00-0033576,TE,True,0,0,0.0,0.0
2025,9,00-0033589,WR,True,0,0,1.0,1.2
2025,9,00-0033591,WR,True,0,0,4.0,1.4
2025,9,00-0033854,RB,True,0,0,2.0,2.2
2025,9,00-0033857,WR,True,0,0,2.0,3.9
2025,9,00-0033858,TE,False,1,1,3.0,2.7
2025,9,00-0033881,TE,True,0,0,4.0,5.6
2025,9,00-0033891,WR,True,0,0,2.0,7.7
2025,9,00-0033943,WR,True,0,0,9.0,4.4
2025,9,00-0033955,RB,True,0,0,7.0,9.3
2025,9,00-0034159,TE,True,0,0,1.0,0.0
2025,9,00-0034270,TE,True,0,0,3.0,4.0
2025,9,00-0034383,TE,True,0,0,3.0,3.4
2025,9,00-0034386,WR,True,0,0,2.0,0.8
2025,9,00-0034407,WR,True,0,0,2.0,-0.19999999999999996
2025,9,00-0034487,WR,True,0,0,2.0,2.0
2025,9,00-0034829,TE,True,0,0,5.0,2.5
2025,9,00-0034854,WR,True,0,0,8.0,4.6
2025,9,00-0034983,WR,True,0,0,2.0,1.2
2025,9,00-0035021,WR,True,0,0,1.0,-0.30000000000000004
2025,9,00-0035208,WR,True,0,0,7.0,6.8
2025,9,00-0035243,RB,True,0,0,4.0,3.5
2025,9,00-0035249,TE,True,0,0,1.0,1.4
2025,9,00-0035500,WR,True,0,0,2.0,1.5
2025,9,00-0035535,WR,True,0,0,5.0,3.6
2025,9,00-0035537,RB,True,0,0,4.0,0.6
2025,9,00-0035567,RB,True,0,0,0.0,0.0
2025,9,00-0035602,WR,True,0,0,0.0,0.0
2025,9,00-0035631,TE,True,0,0,0.0,0.0
2025,9,00-0035644,TE,True,0,0,3.0,5.6
2025,9,00-0035645,WR,True,0,0,0.0,0.0
2025,9,00-0035662,WR,True,0,0,1.0,0.0
2025,9,00-0035689,TE,True,0,0,1.0,2.0
2025,9,00-0035891,WR,True,0,0,0.0,0.0
2025,9,00-0036040,TE,False,1,1,8.0,7.8
2025,9,00-0036182,WR,True,0,0,3.0,2.3
2025,9,00-0036244,TE,True,0,0,3.0,6.2
2025,9,00-0036265,RB,True,0,0,3.0,1.0
2025,9,00-0036290,TE,True,0,0,1.0,2.1
2025,9,00-0036328,RB,True,0,0,7.0,3.1
2025,9,00-0036331,WR,True,0,0,3.0,0.7
2025,9,00-0036407,WR,True,0,0,2.0,0.0
2025,9,00-0036422,TE,True,0,0,0.0,0.0
2025,9,00-0036427,WR,True,0,0,5.0,13.9
2025,9,00-0036550,WR,True,0,0,4.0,6.1
2025,9,00-0036620,WR,True,0,0,0.0,0.0
2025,9,00-0036626,WR,True,0,0,4.0,6.0
2025,9,00-0036630,WR,True,0,0,1.0,1.1
2025,9,00-0036637,TE,True,0,0,4.0,3.3
2025,9,00-0036741,TE,True,0,0,1.0,0.0
2025,9,00-0036825,TE,True,0,0,0.0,0.0
2025,9,00-0036842,RB,True,0,0,0.0,0.0
2025,9,00-0036849,WR,True,0,0,4.0,8.2
2025,9,00-0036862,WR,True,0,0,1.0,1.8
2025,9,00-0036876,TE,True,0,0,0.0,0.0
2025,9,00-0036887,TE,True,0,0,0.0,0.0
2025,9,00-0036894,TE,True,0,0,4.0,2.8
2025,9,00-0036980,WR,True,0,0,4.0,1.9
2025,9,00-0036988,WR,True,0,0,2.0,7.0
2025,9,00-0037004,TE,True,0,0,3.0,2.6
2025,9,00-0037005,TE,True,0,0,1.0,0.9
2025,9,00-0037085,RB,True,0,0,1.0,0.6
2025,9,00-0037091,WR,True,0,0,0.0,0.0
2025,9,00-0037258,RB,True,0,0,0.0,0.0
2025,9,00-0037263,RB,True,0,0,6.0,8.4
2025,9,00-0037267,RB,True,0,0,2.0,0.4
2025,9,00-0037276,RB,True,0,0,0.0,0.0
2025,9,00-0037291,WR,True,0,0,1.0,0.0
2025,9,00-0037292,TE,True,0,0,1.0,0.0
2025,9,00-0037306,TE,True,0,0,1.0,0.9
2025,9,00-0037311,TE,True,0,0,0.0,0.0
2025,9,00-0037348,TE,True,0,0,2.0,1.6
2025,9,00-0037539,TE,True,0,0,2.0,1.4
2025,9,00-0037594,RB,True,0,0,2.0,0.5
2025,9,00-0037614,WR,True,0,0,2.0,2.0
2025,9,00-0037664,WR,True,0,0,5.0,7.9
2025,9,00-0037666,WR,True,0,0,2.0,11.7
2025,9,00-0037741,WR,True,0,0,2.0,10.5
2025,9,00-0037745,WR,True,0,0,0.0,0.0
2025,9,00-0037801,WR,True,0,0,5.0,0.3
2025,9,00-0037805,TE,True,0,0,1.0,2.9
2025,9,00-0037809,TE,True,0,0,5.0,7.3
2025,9,00-0037837,WR,True,0,0,6.0,4.8
2025,9,00-0038040,RB,True,0,0,7.0,2.8
2025,9,00-0038090,WR,True,0,0,1.0,0.0
2025,9,00-0038104,WR,True,0,0,2.0,4.4
2025,9,00-0038115,TE,True,0,0,1.0,2.6
2025,9,00-0038129,TE,True,0,0,5.0,6.0
2025,9,00-0038359,WR,True,0,0,3.0,2.5
2025,9,00-0038393,WR,True,0,0,2.0,1.0
2025,9,00-0038488,RB,True,0,0,0.0,0.0
2025,9,00-0038492,WR,True,0,0,0.0,0.0
2025,9,00-0038496,WR,True,0,0,1.0,0.8
2025,9,00-0038519,WR,True,0,0,0.0,0.0
2025,9,00-0038547,TE,True,0,0,3.0,3.5
2025,9,00-0038551,RB,True,0,0,1.0,0.7
2025,9,00-0038555,RB,False,1,1,9.0,10.4
2025,9,00-0038559,WR,True,0,0,4.0,5.5
2025,9,00-0038563,WR,True,0,0,6.0,5.8
2025,9,00-0038573,WR,True,0,0,0.0,0.0
2025,9,00-0038576,WR,True,0,0,0.0,0.0
2025,9,00-0038590,TE,True,0,0,0.0,0.0
2025,9,00-0038606,WR,True,0,0,13.0,8.2
2025,9,00-0038618,WR,True,0,0,6.0,15.4
2025,9,00-0038621,WR,True,0,0,3.0,5.2
2025,9,00-0038685,RB,True,0,0,0.0,0.0
2025,9,00-0038705,RB,True,0,0,2.0,0.1
2025,9,00-0038720,TE,True,0,0,2.0,0.6
2025,9,00-0038824,WR,True,0,0,1.0,1.9
2025,9,00-0038840,WR,True,0,0,0.0,0.0
2025,9,00-0038896,RB,True,0,0,0.0,0.0
2025,9,00-0038935,TE,True,0,0,1.0,2.7
2025,9,00-0038951,RB,True,0,0,12.0,10.2
2025,9,00-0039041,TE,True,0,0,1.0,0.8
2025,9,00-0039050,TE,True,0,0,0.0,0.0
2025,9,00-0039066,TE,True,0,0,2.0,1.5
2025,9,00-0039074,TE,True,0,0,1.0,0.9
2025,9,00-0039144,TE,True,0,0,1.0,1.0
2025,9,00-0039299,RB,True,0,0,0.0,0.0
2025,9,00-0039355,WR,True,0,0,3.0,3.9
2025,9,00-0039356,TE,True,0,0,3.0,3.4
2025,9,00-0039359,TE,True,0,0,4.0,4.2
2025,9,00-0039363,RB,True,0,0,0.0,0.0
2025,9,00-0039379,WR,True,0,0,3.0,4.1
2025,9,00-0039384,RB,False,7,7,13.0,6.3
2025,9,00-0039394,WR,True,0,0,1.0,3.0
2025,9,00-0039407,RB,True,0,0,3.0,0.9
2025,9,00-0039424,WR,True,0,0,5.0,1.5
2025,9,00-0039530,TE,True,0,0,1.0,1.4
2025,9,00-0039589,WR,True,0,0,0.0,0.0
2025,9,00-0039648,TE,True,0,0,0.0,0.0
2025,9,00-0039650,WR,True,0,0,0.0,0.0
2025,9,00-0039686,TE,True,0,0,0.0,0.0
2025,9,00-0039737,TE,True,0,0,1.0,0.0
2025,9,00-0039738,RB,True,0,0,13.0,4.8
2025,9,00-0039746,RB,True,0,0,3.0,0.2
2025,9,00-0039751,WR,True,0,0,4.0,1.9
2025,9,00-0039793,TE,True,0,0,4.0,1.4
2025,9,00-0039794,RB,True,0,0,4.0,0.6
2025,9,00-0039796,RB,True,0,0,0.0,0.0
2025,9,00-0039816,WR,True,0,0,0.0,0.0
2025,9,00-0039875,RB,True,0,0,10.0,1.6
2025,9,00-0039890,WR,True,0,0,1.0,0.0
2025,9,00-0039901,WR,False,1,1,4.0,4.5
2025,9,00-0040009,WR,True,0,0,2.0,7.4
2025,9,00-0040075,WR,True,0,0,0.0,0.0
2025,9,00-0040078,RB,False,1,1,3.0,0.8
2025,9,00-0040130,WR,True,0,0,8.0,11.4
2025,9,00-0040131,WR,True,0,0,1.0,0.0
2025,9,00-0040142,RB,True,0,0,6.0,1.5
2025,9,00-0040154,WR,True,0,0,0.0,0.0
2025,9,00-0040170,WR,True,0,0,8.0,7.2
2025,9,00-0040179,RB,True,0,0,6.0,2.2
2025,9,00-0040184,WR,True,0,0,2.0,0.6
2025,9,00-0040194,TE,True,0,0,3.0,2.5
2025,9,00-0040198,RB,True,0,0,11.0,13.1
2025,9,00-0040202,RB,True,1,1,3.0,2.6
2025,9,00-0040208,RB,True,0,0,0.0,0.0
2025,9,00-0040238,RB,True,0,0,1.0,0.9
2025,9,00-0040466,RB,True,0,0,3.0,6.3
2025,9,00-0040476,RB,True,0,0,1.0,0.0
2025,9,00-0040506,WR,True,0,0,0.0,0.0
2025,9,00-0040581,WR,True,0,0,3.0,0.0
2025,9,00-0040582,WR,True,0,0,1.0,2.8
2025,9,00-0040584,TE,True,0,0,3.0,9.3
2025,9,00-0040644,RB,True,0,0,4.0,1.6
2025,9,00-0040648,WR,True,0,0,3.0,0.0
2025,9,00-0040669,WR,True,0,0,1.0,0.0
2025,9,00-0040705,WR,False,1,0,9.0,12.9
2025,9,00-0040719,RB,True,0,0,5.0,2.2
2025,9,00-0040727,WR,True,0,0,2.0,7.8
2025,9,00-0040729,WR,True,0,0,2.0,2.3
2025,9,00-0040735,WR,True,0,0,1.0,0.4
2025,9,00-0040739,TE,True,0,0,5.0,4.2
2025,9,00-0040782,WR,True,0,0,4.0,0.0
2025,9,00-0033307,WR,True,0,0,4.0,5.9
2025,9,00-0033375,WR,True,0,0,1.0,2.7
2025,9,00-0034272,WR,True,0,0,3.0,3.2
2025,9,00-0034365,TE,True,0,0,1.0,0.9
2025,9,00-0035726,RB,True,0,0,0.0,0.0
2025,9,00-0036187,RB,True,0,0,0.0,0.0
2025,9,00-0036232,TE,True,0,0,1.0,0.0
2025,9,00-0036332,TE,True,0,0,0.0,0.0
2025,9,00-0036415,WR,True,0,0,8.0,1.1
2025,9,00-0036590,TE,True,0,0,0.0,0.0
2025,9,00-0036754,TE,True,0,0,3.0,3.8
2025,9,00-0037086,TE,True,0,0,2.0,2.8
2025,9,00-0037093,WR,True,0,0,0.0,0.0
2025,9,00-0037340,TE,True,0,0,1.0,0.8
2025,9,00-0038465,WR,True,0,0,3.0,4.4
2025,9,00-0038558,TE,True,0,0,5.0,7.7
2025,9,00-0038619,WR,True,0,0,3.0,0.0
2025,9,00-0038643,TE,True,0,0,0.0,0.0
2025,9,00-0038678,RB,True,0,0,0.0,0.0
2025,9,00-0038679,WR,True,0,0,5.0,4.2
2025,9,00-0038738,RB,True,0,0,1.0,0.2
2025,9,00-0038839,WR,True,0,0,2.0,1.4
2025,9,00-0039021,RB,True,0,0,1.0,1.1
2025,9,00-0039410,WR,True,0,0,2.0,1.2
2025,9,00-0039451,WR,True,0,0,5.0,7.1
2025,9,00-0039739,WR,True,0,0,5.0,15.4
2025,9,00-0039792,WR,True,0,0,0.0,0.0
2025,9,00-0039912,TE,True,0,0,1.0,2.7
2025,9,00-0040134,WR,True,0,0,4.0,11.0
2025,9,00-0040187,TE,True,0,0,3.0,3.4
2025,9,00-0040432,WR,True,0,0,2.0,2.3
2025,9,00-0040509,TE,True,0,0,2.0,1.0
2025,9,00-0040649,RB,True,0,0,0.0,0.0
2025,9,00-0031484,TE,True,0,0,0.0,0.0
2025,9,00-0034521,WR,True,0,0,2.0,1.0
2025,9,00-0035359,WR,True,0,0,3.0,2.4
2025,9,00-0036414,RB,True,0,0,0.0,5.28
2025,9,00-0036429,TE,True,0,0,1.0,0.0
2025,9,00-0036646,WR,True,0,0,0.0,0.0
2025,9,00-0037120,RB,True,0,0,2.0,0.2
2025,9,00-0037231,WR,True,0,0,1.0,0.0
2025,9,00-0037380,WR,True,0,0,0.0,0.0
2025,9,00-0037654,TE,True,0,0,1.0,0.0
2025,9,00-0038046,TE,True,0,0,1.0,7.5
2025,9,00-0038440,RB,True,0,0,4.0,3.4
2025,9,00-0038611,RB,True,0,0,1.0,0.2
2025,9,00-0038710,TE,True,0,0,1.0,0.9
2025,9,00-0039364,RB,True,0,0,0.0,0.0
2025,9,00-0039631,TE,True,0,0,1.0,1.1
2025,9,00-0040067,RB,True,0,0,5.0,2.0
2025,9,00-0040547,RB,True,0,0,2.0,1.4
2025,9,00-0040629,WR,True,0,0,0.0,0.0
2025,9,00-0031687,RB,True,0,0,1.0,0.7
2025,9,00-0032775,WR,True,0,0,3.0,3.5
2025,9,00-0033282,WR,True,0,0,0.0,0.0
2025,9,00-0033757,TE,True,0,0,0.0,0.0
2025,9,00-0035298,WR,True,0,0,1.0,1.4
2025,9,00-0036924,RB,True,0,0,9.0,4.6
2025,9,00-0036984,RB,True,0,0,0.0,0.0
2025,9,00-0037282,TE,True,0,0,1.0,1.6
2025,9,00-0037524,WR,True,0,0,1.0,1.4
2025,9,00-0038564,TE,True,0,0,0.0,0.0
2025,9,00-0038752,WR,True,0,0,1.0,0.8
2025,9,00-0038783,TE,True,0,0,1.0,0.0
2025,9,00-0039521,WR,True,0,0,0.0,0.0
2025,9,00-0039754,TE,True,0,0,0.0,0.0
2025,9,00-0040277,WR,True,0,0,0.0,0.0
2025,9,00-0040646,WR,True,0,0,0.0,0.0
2025,9,00-0032104,RB,True,0,0,3.0,1.3
2025,9,00-0034867,WR,True,0,0,0.0,0.0
2025,9,00-0036423,TE,True,0,0,6.0,6.1
2025,9,00-0036425,RB,True,0,0,1.0,0.0
2025,9,00-0036628,TE,True,0,0,1.0,2.7
2025,9,00-0036906,RB,True,0,0,0.0,0.0
2025,9,00-0036950,RB,True,0,0,0.0,0.0
2025,9,00-0037838,TE,True,0,0,2.0,1.8
2025,9,00-0038454,RB,True,0,0,4.0,4.3
2025,9,00-0038456,TE,True,0,0,0.0,0.0
2025,9,00-0038640,WR,True,0,0,0.0,0.0
2025,9,00-0038740,WR,True,0,0,0.0,0.0
2025,9,00-0038938,WR,True,0,0,1.0,0.0
2025,9,00-0039032,RB,False,1,1,12.0,15.7
2025,9,00-0039458,TE,True,0,0,2.0,3.3
2025,9,00-0039603,RB,True,0,0,0.0,0.0
2025,9,00-0039920,WR,True,0,0,1.0,3.1
2025,9,00-0040218,WR,True,0,0,3.0,0.9
2025,9,00-0040259,WR,True,0,0,1.0,0.3
2025,9,00-0040429,RB,True,0,0,4.0,1.1
2025,9,00-0040586,RB,True,0,0,8.0,2.9
2025,9,00-0040737,TE,True,0,0,3.0,9.6
2025,9,00-0034367,RB,True,0,0,2.0,-0.2
2025,9,00-0034613,TE,True,0,0,2.0,1.4
2025,9,00-0034981,TE,True,0,0,1.0,0.0
2025,9,00-0035406,WR,True,0,0,2.0,0.0
2025,9,00-0035639,WR,True,0,0,0.0,0.0
2025,9,00-0037475,TE,True,0,0,0.0,0.0
2025,9,00-0037487,WR,True,0,0,0.0,0.0
2025,9,00-0038794,RB,True,0,0,2.0,0.0
2025,9,00-0039623,WR,True,0,0,1.0,0.0
2025,9,00-0040241,WR,True,0,0,0.0,0.0
2025,9,00-0040534,WR,True,0,0,0.0,0.0
2025,9,00-0040563,WR,True,0,0,0.0,0.0
2025,9,00-0040590,WR,True,0,0,1.0,7.0
2025,9,00-0032688,WR,True,0,0,4.0,5.6
2025,9,00-0032951,WR,True,0,0,0.0,0.0
2025,9,00-0034419,WR,True,0,0,5.0,6.3
2025,9,00-0035594,RB,True,0,0,0.0,0.0
2025,9,00-0035628,RB,True,0,0,1.0,0.0
2025,9,00-0036176,WR,True,0,0,0.0,0.0
2025,9,00-0037563,RB,True,0,0,2.0,0.3
2025,9,00-0038498,TE,True,0,0,0.0,0.0
2025,9,00-0039757,RB,True,0,0,2.0,1.5
2025,9,00-0040225,TE,True,0,0,0.0,0.0
2025,9,00-0040488,TE,True,0,0,1.0,0.8
2025,9,00-0034418,WR,True,0,0,1.0,0.7
2025,9,00-0036755,RB,True,0,0,11.0,3.0
2025,9,00-0038728,WR,True,0,0,2.0,3.0
2025,9,00-0039489,TE,True,0,0,0.0,0.0
2025,9,00-0039874,RB,True,0,0,10.0,3.3
2025,9,00-0040172,WR,True,0,0,2.0,1.2
2025,10,00-0030035,WR,True,0,0,2.0,0.0
2025,10,00-0030564,WR,True,0,0,1.0,0.0
2025,10,00-0031236,WR,True,0,0,3.0,2.6
2025,10,00-0031763,WR,True,0,0,0.0,0.0
2025,10,00-0032385,WR,True,0,0,2.0,1.3
2025,10,00-0032392,TE,True,0,0,1.0,2.5
2025,10,00-0032398,WR,True,0,0,5.0,6.9
2025,10,00-0032464,WR,True,0,0,1.0,0.0
2025,10,00-0033090,TE,True,0,0,6.0,7.1
2025,10,00-0033110,TE,True,0,0,4.0,8.8
2025,10,00-0033217,TE,True,0,0,1.0,0.0
2025,10,00-0033246,TE,True,0,0,0.0,0.0
2025,10,00-0033526,RB,True,0,0,1.0,0.5
2025,10,00-0033555,WR,True,0,0,2.0,1.9
2025,10,00-0033572,WR,True,0,0,0.0,0.0
2025,10,00-0033576,TE,True,0,0,0.0,0.0
2025,10,00-0033589,WR,True,0,0,1.0,1.2
2025,10,00-0033591,WR,True,0,0,4.0,1.4
2025,10,00-0033854,RB,True,0,0,1.0,0.7
2025,10,00-0033857,WR,True,0,0,1.0,0.7
2025,10,00-0033881,TE,True,0,0,3.0,0.0
2025,10,00-0033891,WR,True,0,0,2.0,7.7
2025,10,00-0033908,WR,True,0,0,1.0,1.7
2025,10,00-0033943,WR,True,0,0,9.0,4.4
2025,10,00-0033955,RB,True,0,0,1.0,0.0
2025,10,00-0034159,TE,True,0,0,1.0,0.0
2025,10,00-0034270,TE,True,0,0,3.0,4.0
2025,10,00-0034383,TE,False,1,1,8.0,10.7
2025,10,00-0034386,WR,True,0,0,2.0,0.8
2025,10,00-0034407,WR,True,0,0,1.0,1.0
2025,10,00-0034487,WR,True,0,0,2.0,2.0
2025,10,00-0034829,TE,True,0,0,5.0,2.5
2025,10,00-0034854,WR,True,0,0,0.0,0.0
2025,10,00-0034975,RB,True,0,0,3.0,2.5
2025,10,00-0034983,WR,True,0,0,2.0,1.2
2025,10,00-0035021,WR,True,0,0,0.0,0.0
2025,10,00-0035208,WR,True,0,0,8.0,14.8
2025,10,00-0035243,RB,True,0,0,4.0,3.5
2025,10,00-0035249,TE,True,0,0,1.0,1.4
2025,10,00-0035250,RB,False,2,2,10.0,6.1
2025,10,00-0035500,WR,True,0,0,1.0,0.9
2025,10,00-0035535,WR,False,1,1,7.0,8.7
2025,10,00-0035537,RB,True,0,0,4.0,9.0
2025,10,00-0035567,RB,True,0,0,0.0,0.0
2025,10,00-0035602,WR,True,0,0,0.0,0.0
2025,10,00-0035631,TE,True,0,0,0.0,0.0
2025,10,00-0035644,TE,True,0,0,3.0,9.8
2025,10,00-0035645,WR,True,0,0,1.0,8.9
2025,10,00-0035662,WR,True,0,0,4.0,8.3
2025,10,00-0035689,TE,True,0,0,1.0,3.5
2025,10,00-0035891,WR,True,0,0,2.0,12.5
2025,10,00-0036182,WR,True,0,0,4.0,3.2
2025,10,00-0036244,TE,True,0,0,2.0,2.0
2025,10,00-0036265,RB,True,0,0,3.0,1.0
2025,10,00-0036290,TE,True,0,0,2.0,1.5
2025,10,00-0036328,RB,True,0,0,7.0,3.1
2025,10,00-0036331,WR,True,0,0,0.0,0.0
2025,10,00-0036407,WR,True,0,0,2.0,0.0
2025,10,00-0036422,TE,True,0,0,2.0,3.5
2025,10,00-0036427,WR,True,0,0,5.0,13.9
2025,10,00-0036550,WR,True,0,0,4.0,8.3
2025,10,00-0036620,WR,True,0,0,1.0,0.0
2025,10,00-0036626,WR,True,0,0,8.0,4.4
2025,10,00-0036630,WR,True,0,0,0.0,0.0
2025,10,00-0036637,TE,True,0,0,1.0,0.0
2025,10,00-0036741,TE,True,0,0,1.0,0.0
2025,10,00-0036825,TE,True,0,0,0.0,0.0
2025,10,00-0036842,RB,True,0,0,0.0,0.0
2025,10,00-0036849,WR,True,0,0,4.0,8.2
2025,10,00-0036862,WR,True,0,0,0.0,0.0
2025,10,00-0036876,TE,True,0,0,0.0,0.0
2025,10,00-0036887,TE,True,0,0,1.0,1.4
2025,10,00-0036894,TE,True,0,0,4.0,10.2
2025,10,00-0036980,WR,True,0,0,1.0,3.3
2025,10,00-0036988,WR,True,0,0,2.0,7.0
2025,10,00-0037004,TE,True,0,0,3.0,1.1
2025,10,00-0037005,TE,True,0,0,1.0,0.0
2025,10,00-0037085,RB,True,0,0,3.0,1.6
2025,10,00-0037091,WR,True,0,0,0.0,0.0
2025,10,00-0037258,RB,True,0,0,0.0,0.0
2025,10,00-0037263,RB,True,0,0,2.0,0.6
2025,10,00-0037267,RB,True,0,0,2.0,0.4
2025,10,00-0037276,RB,True,0,0,0.0,0.0
2025,10,00-0037291,WR,True,0,0,4.0,2.1
2025,10,00-0037292,TE,True,0,0,0.0,0.0
2025,10,00-0037306,TE,True,0,0,1.0,0.9
2025,10,00-0037311,TE,True,0,0,0.0,0.0
2025,10,00-0037348,TE,True,0,0,1.0,0.0
2025,10,00-0037539,TE,True,0,0,2.0,1.4
2025,10,00-0037594,RB,True,0,0,0.0,0.0
2025,10,00-0037614,WR,True,0,0,2.0,2.0
2025,10,00-0037664,WR,False,1,1,13.0,14.5
2025,10,00-0037666,WR,True,0,0,2.0,11.7
2025,10,00-0037741,WR,True,0,0,2.0,10.5
2025,10,00-0037745,WR,True,0,0,0.0,0.0
2025,10,00-0037801,WR,True,0,0,4.0,2.3
2025,10,00-0037805,TE,True,0,0,1.0,2.9
2025,10,00-0037809,TE,True,0,0,2.0,2.0
2025,10,00-0038040,RB,True,0,0,7.0,2.8
2025,10,00-0038090,WR,True,0,0,1.0,2.6
2025,10,00-0038104,WR,True,0,0,1.0,0.0
2025,10,00-0038115,TE,True,0,0,1.0,2.6
2025,10,00-0038359,WR,True,0,0,3.0,2.2
2025,10,00-0038393,WR,True,0,0,2.0,1.0
2025,10,00-0038488,RB,True,0,0,0.0,0.0
2025,10,00-0038492,WR,True,0,0,0.0,0.0
2025,10,00-0038496,WR,True,0,0,1.0,0.8
2025,10,00-0038519,WR,True,0,0,0.0,0.0
2025,10,00-0038547,TE,True,0,0,2.0,1.9
2025,10,00-0038551,RB,True,0,0,1.0,0.7
2025,10,00-0038559,WR,True,0,0,4.0,7.6
2025,10,00-0038573,WR,True,0,0,0.0,0.0
2025,10,00-0038576,WR,True,0,0,0.0,6.0
2025,10,00-0038590,TE,True,0,0,0.0,0.0
2025,10,00-0038606,WR,True,0,0,9.0,13.0
2025,10,00-0038618,WR,True,0,0,5.0,4.5
2025,10,00-0038685,RB,True,0,0,2.0,3.4
2025,10,00-0038705,RB,False,2,2,15.0,8.3
2025,10,00-0038720,TE,True,0,0,2.0,0.6
2025,10,00-0038824,WR,True,0,0,1.0,1.9
2025,10,00-0038840,WR,True,0,0,1.0,1.3
2025,10,00-0038896,RB,True,0,0,0.0,0.0
2025,10,00-0038935,TE,True,0,0,1.0,2.7
2025,10,00-0038951,RB,True,0,0,12.0,10.2
2025,10,00-0039041,TE,True,0,0,3.0,4.5
2025,10,00-0039050,TE,True,0,0,0.0,0.0
2025,10,00-0039066,TE,True,0,0,7.0,4.1
2025,10,00-0039074,TE,True,0,0,4.0,5.2
2025,10,00-0039144,TE,True,0,0,3.0,4.9
2025,10,00-0039299,RB,True,0,0,3.0,0.9
2025,10,00-0039355,WR,True,0,0,0.0,0.0
2025,10,00-0039356,TE,True,0,0,1.0,1.0
2025,10,00-0039359,TE,True,0,0,4.0,4.2
2025,10,00-0039363,RB,True,0,0,0.0,0.0
2025,10,00-0039379,WR,True,0,0,3.0,4.1
2025,10,00-0039394,WR,True,0,0,1.0,3.0
2025,10,00-0039407,RB,True,0,0,0.0,0.0
2025,10,00-0039424,WR,True,0,0,5.0,1.5
2025,10,00-0039530,TE,True,0,0,0.0,0.0
2025,10,00-0039589,WR,True,0,0,0.0,0.0
2025,10,00-0039648,TE,True,0,0,0.0,0.0
2025,10,00-0039650,WR,True,0,0,0.0,0.0
2025,10,00-0039686,TE,True,0,0,0.0,0.0
2025,10,00-0039737,TE,True,0,0,1.0,0.0
2025,10,00-0039738,RB,True,0,0,13.0,5.8
2025,10,00-0039746,RB,True,0,0,3.0,0.2
2025,10,00-0039751,WR,True,0,0,4.0,1.9
2025,10,00-0039793,TE,True,0,0,5.0,10.0
2025,10,00-0039794,RB,True,0,0,4.0,0.6
2025,10,00-0039796,RB,True,0,0,0.0,0.0
2025,10,00-0039816,WR,True,0,0,0.0,0.0
2025,10,00-0039875,RB,True,0,0,0.0,0.0
2025,10,00-0039890,WR,True,0,0,1.0,1.2
2025,10,00-0040009,WR,True,0,0,3.0,0.19999999999999996
2025,10,00-0040075,WR,True,0,0,0.0,0.0
2025,10,00-0040130,WR,True,0,0,1.0,0.9
2025,10,00-0040131,WR,True,0,0,1.0,0.0
2025,10,00-0040142,RB,True,0,0,2.0,1.8
2025,10,00-0040154,WR,True,0,0,0.0,0.0
2025,10,00-0040170,WR,True,0,0,6.0,6.1
2025,10,00-0040179,RB,True,0,0,6.0,2.2
2025,10,00-0040184,WR,True,0,0,1.0,0.0
2025,10,00-0040194,TE,True,0,0,2.0,2.3
2025,10,00-0040198,RB,True,0,0,3.0,1.4
2025,10,00-0040202,RB,True,0,0,4.0,1.7
2025,10,00-0040208,RB,True,0,0,1.0,0.1
2025,10,00-0040238,RB,True,0,0,2.0,1.6
2025,10,00-0040466,RB,True,0,0,3.0,6.3
2025,10,00-0040476,RB,True,0,0,1.0,0.0
2025,10,00-0040506,WR,True,0,0,0.0,0.0
2025,10,00-0040581,WR,True,0,0,3.0,0.0
2025,10,00-0040582,WR,True,0,0,1.0,2.8
2025,10,00-0040584,TE,True,0,0,1.0,2.0
2025,10,00-0040644,RB,True,0,0,0.0,0.0
2025,10,00-0040648,WR,True,0,0,4.0,18.8
2025,10,00-0040669,WR,True,0,0,1.0,0.0
2025,10,00-0040719,RB,True,0,0,10.0,9.1
2025,10,00-0040727,WR,True,0,0,2.0,2.8
2025,10,00-0040729,WR,True,0,0,0.0,0.0
2025,10,00-0040735,WR,True,0,0,1.0,0.4
2025,10,00-0040739,TE,True,0,0,2.0,9.9
2025,10,00-0040782,WR,True,0,0,4.0,0.0
2025,10,00-0033307,WR,True,0,0,2.0,4.4
2025,10,00-0033375,WR,True,0,0,1.0,2.7
2025,10,00-0034272,WR,True,0,0,3.0,3.2
2025,10,00-0034365,TE,True,0,0,1.0,1.4
2025,10,00-0035726,RB,True,0,0,0.0,0.0
2025,10,00-0036187,RB,True,0,0,0.0,0.0
2025,10,00-0036232,TE,True,0,0,2.0,0.7
2025,10,00-0036332,TE,True,0,0,0.0,0.0
2025,10,00-0036415,WR,True,0,0,4.0,2.6
2025,10,00-0036590,TE,True,0,0,0.0,0.0
2025,10,00-0036754,TE,True,0,0,1.0,1.6
2025,10,00-0037086,TE,True,0,0,2.0,2.8
2025,10,00-0037093,WR,True,0,0,0.0,0.0
2025,10,00-0037340,TE,True,0,0,1.0,0.8
2025,10,00-0038465,WR,True,0,0,1.0,1.6
2025,10,00-0038558,TE,True,0,0,6.0,6.3
2025,10,00-0038619,WR,True,0,0,8.0,15.5
2025,10,00-0038643,TE,True,0,0,0.0,0.0
2025,10,00-0038678,RB,True,0,0,0.0,0.0
2025,10,00-0038679,WR,True,0,0,1.0,1.2
2025,10,00-0038738,RB,True,0,0,0.0,0.0
2025,10,00-0038839,WR,True,0,0,2.0,3.2
2025,10,00-0039021,RB,True,0,0,1.0,1.1
2025,10,00-0039410,WR,True,0,0,2.0,8.2
2025,10,00-0039451,WR,True,0,0,5.0,7.1
2025,10,00-0039739,WR,True,0,0,2.0,-1.1
2025,10,00-0039792,WR,True,0,0,0.0,0.0
2025,10,00-0039912,TE,True,0,0,1.0,2.7
2025,10,00-0040134,WR,True,0,0,3.0,3.0
2025,10,00-0040187,TE,True,0,0,3.0,3.4
2025,10,00-0040432,WR,True,0,0,2.0,2.3
2025,10,00-0040509,TE,True,0,0,0.0,0.0
2025,10,00-0040649,RB,True,0,0,0.0,0.0
2025,10,00-0031484,TE,True,0,0,0.0,0.0
2025,10,00-0034521,WR,True,0,0,2.0,1.0
2025,10,00-0035359,WR,True,0,0,1.0,0.0
2025,10,00-0036414,RB,True,0,0,0.0,5.28
2025,10,00-0036429,TE,True,0,0,1.0,0.0
2025,10,00-0036646,WR,True,0,0,0.0,0.0
2025,10,00-0037120,RB,True,0,0,2.0,1.3
2025,10,00-0037231,WR,True,0,0,1.0,0.0
2025,10,00-0037380,WR,True,0,0,0.0,0.0
2025,10,00-0037654,TE,True,0,0,1.0,1.7
2025,10,00-0038046,TE,True,0,0,2.0,9.3
2025,10,00-0038440,RB,True,0,0,0.0,0.0
2025,10,00-0038611,RB,True,0,0,12.0,12.5
2025,10,00-0038710,TE,True,0,0,1.0,0.9
2025,10,00-0039364,RB,True,0,0,0.0,0.0
2025,10,00-0039631,TE,True,0,0,1.0,1.1
2025,10,00-0040067,RB,True,0,0,5.0,2.0
2025,10,00-0040547,RB,True,0,0,2.0,1.4
2025,10,00-0040629,WR,True,0,0,0.0,0.0
2025,10,00-0031687,RB,True,0,0,1.0,1.9
2025,10,00-0032775,WR,True,0,0,1.0,0.0
2025,10,00-0033282,WR,True,0,0,1.0,1.1
2025,10,00-0033757,TE,True,0,0,0.0,0.0
2025,10,00-0035298,WR,True,0,0,1.0,1.4
2025,10,00-0036924,RB,True,0,0,9.0,4.6
2025,10,00-0036984,RB,True,0,0,0.0,0.0
2025,10,00-0037282,TE,True,0,0,1.0,1.6
2025,10,00-0037524,WR,True,0,0,1.0,1.4
2025,10,00-0038564,TE,True,0,0,0.0,0.0
2025,10,00-0038752,WR,True,0,0,1.0,0.8
2025,10,00-0038783,TE,True,0,0,1.0,0.0
2025,10,00-0039521,WR,True,0,0,0.0,0.0
2025,10,00-0039754,TE,True,0,0,0.0,0.0
2025,10,00-0040277,WR,True,0,0,0.0,0.0
2025,10,00-0040646,WR,True,0,0,0.0,0.0
2025,10,00-0032104,RB,True,0,0,2.0,1.0
2025,10,00-0034867,WR,True,0,0,0.0,0.0
2025,10,00-0036423,TE,True,0,0,6.0,6.1
2025,10,00-0036425,RB,True,0,0,1.0,0.0
2025,10,00-0036628,TE,True,0,0,4.0,3.0
2025,10,00-0036906,RB,True,0,0,0.0,0.0
2025,10,00-0036950,RB,True,0,0,0.0,0.0
2025,10,00-0037838,TE,True,0,0,4.0,7.5
2025,10,00-0038454,RB,True,0,0,5.0,2.3
2025,10,00-0038456,TE,True,0,0,0.0,0.0
2025,10,00-0038640,WR,True,0,0,0.0,0.0
2025,10,00-0038740,WR,True,0,0,0.0,0.0
2025,10,00-0038938,WR,True,0,0,0.0,0.0
2025,10,00-0039458,TE,True,0,0,2.0,3.3
2025,10,00-0039603,RB,True,0,0,2.0,0.0
2025,10,00-0039920,WR,True,0,0,1.0,3.1
2025,10,00-0040218,WR,True,0,0,3.0,1.3
2025,10,00-0040259,WR,True,0,0,1.0,0.3
2025,10,00-0040429,RB,True,0,0,4.0,1.1
2025,10,00-0040586,RB,True,0,0,8.0,2.9
2025,10,00-0040737,TE,True,0,0,3.0,6.4
2025,10,00-0034367,RB,True,0,0,2.0,-0.2
2025,10,00-0034613,TE,True,0,0,2.0,5.2
2025,10,00-0034981,TE,True,0,0,1.0,0.0
2025,10,00-0035406,WR,True,0,0,2.0,0.0
2025,10,00-0035639,WR,True,0,0,0.0,0.0
2025,10,00-0037475,TE,True,0,0,0.0,0.0
2025,10,00-0037487,WR,True,0,0,0.0,0.0
2025,10,00-0038794,RB,True,0,0,2.0,0.0
2025,10,00-0039623,WR,True,0,0,1.0,0.0
2025,10,00-0040241,WR,True,0,0,0.0,0.0
2025,10,00-0040534,WR,True,0,0,0.0,0.0
2025,10,00-0040563,WR,True,0,0,0.0,0.0
2025,10,00-0040590,WR,True,0,0,1.0,7.0
2025,10,00-0032688,WR,True,0,0,4.0,5.6
2025,10,00-0032951,WR,True,0,0,0.0,0.0
2025,10,00-0034419,WR,True,0,0,0.0,0.0
2025,10,00-0035594,RB,True,0,0,0.0,0.0
2025,10,00-0035628,RB,True,0,0,1.0,0.0
2025,10,00-0036176,WR,True,0,0,0.0,0.0
2025,10,00-0037563,RB,True,0,0,1.0,0.3
2025,10,00-0038498,TE,True,0,0,0.0,0.0
2025,10,00-0040225,TE,True,0,0,0.0,0.0
2025,10,00-0040488,TE,True,0,0,1.0,0.8
2025,10,00-0034418,WR,True,0,0,1.0,1.2
2025,10,00-0036755,RB,True,0,0,9.0,4.4
2025,10,00-0038728,WR,True,0,0,2.0,3.0
2025,10,00-0039489,TE,True,0,0,0.0,0.0
2025,10,00-0039874,RB,True,0,0,10.0,3.3
2025,10,00-0040172,WR,True,0,0,1.0,2.4
2025,10,00-0034798,TE,True,0,0,0.0,0.0
2025,10,00-0036360,RB,True,0,0,2.0,0.5
2025,10,00-0036497,WR,True,0,0,1.0,2.0
2025,10,00-0036841,WR,True,0,0,1.0,0.0
2025,10,00-0036959,WR,True,0,0,1.0,2.1
2025,10,00-0037252,TE,True,0,0,5.0,7.4
2025,10,00-0037329,RB,True,0,0,6.0,9.7
2025,10,00-0037742,WR,True,0,0,1.0,1.9
2025,10,00-0038409,RB,True,0,0,0.0,0.0
2025,10,00-0038735,TE,True,0,0,0.0,0.0
2025,10,00-0039305,TE,True,0,0,0.0,0.0
2025,10,00-0039884,WR,True,0,0,2.0,-0.4
2025,11,00-0030035,WR,True,0,0,3.0,2.6
2025,11,00-0030564,WR,True,0,0,4.0,2.6
2025,11,00-0031236,WR,True,0,0,3.0,2.6
2025,11,00-0031763,WR,True,0,0,0.0,0.0
2025,11,00-0032385,WR,True,0,0,5.0,4.6
2025,11,00-0032392,TE,True,0,0,1.0,0.0
2025,11,00-0032398,WR,True,0,0,0.0,0.0
2025,11,00-0032464,WR,True,0,0,5.0,7.9
2025,11,00-0033090,TE,True,0,0,4.0,1.4
2025,11,00-0033110,TE,True,0,0,3.0,4.8
2025,11,00-0033217,TE,True,0,0,1.0,0.0
2025,11,00-0033246,TE,True,0,0,2.0,2.6
2025,11,00-0033526,RB,True,0,0,1.0,0.5
2025,11,00-0033555,WR,True,0,0,10.0,13.6
2025,11,00-0033572,WR,True,0,0,0.0,0.0
2025,11,00-0033576,TE,True,0,0,0.0,0.0
2025,11,00-0033589,WR,True,0,0,1.0,1.2
2025,11,00-0033591,WR,True,0,0,4.0,1.4
2025,11,00-0033854,RB,True,0,0,1.0,0.7
2025,11,00-0033857,WR,True,0,0,1.0,0.7
2025,11,00-0033881,TE,True,0,0,5.0,2.2
2025,11,00-0033891,WR,True,0,0,1.0,0.0
2025,11,00-0033908,WR,True,0,0,2.0,8.4
2025,11,00-0033943,WR,True,0,0,9.0,4.4
2025,11,00-0033955,RB,True,0,0,6.0,3.4
2025,11,00-0034159,TE,True,0,0,1.0,0.0
2025,11,00-0034270,TE,True,0,0,1.0,1.7
2025,11,00-0034386,WR,True,0,0,2.0,0.8
2025,11,00-0034407,WR,True,0,0,0.0,0.0
2025,11,00-0034487,WR,True,0,0,2.0,2.0
2025,11,00-0034829,TE,True,0,0,5.0,2.5
2025,11,00-0034854,WR,True,0,0,0.0,0.0
2025,11,00-0034975,RB,True,0,0,3.0,7.8
2025,11,00-0034983,WR,True,0,0,2.0,1.2
2025,11,00-0035021,WR,True,0,0,1.0,2.2
2025,11,00-0035208,WR,True,0,0,4.0,1.0
2025,11,00-0035243,RB,True,0,0,4.0,3.5
2025,11,00-0035249,TE,True,0,0,1.0,1.4
2025,11,00-0035261,RB,True,3,3,12.0,7.3
2025,11,00-0035500,WR,True,0,0,2.0,6.2
2025,11,00-0035535,WR,True,0,0,4.0,10.9
2025,11,00-0035537,RB,True,0,0,3.0,3.6
2025,11,00-0035567,RB,True,0,0,0.0,0.0
2025,11,00-0035602,WR,True,0,0,0.0,0.0
2025,11,00-0035631,TE,True,0,0,0.0,0.0
2025,11,00-0035644,TE,True,0,0,3.0,9.8
2025,11,00-0035645,WR,True,0,0,2.0,0.0
2025,11,00-0035662,WR,True,0,0,4.0,8.3
2025,11,00-0035689,TE,False,1,1,4.0,5.2
2025,11,00-0035891,WR,True,0,0,0.0,0.0
2025,11,00-0036040,TE,True,1,0,4.0,17.2
2025,11,00-0036182,WR,True,0,0,1.0,1.2
2025,11,00-0036244,TE,True,0,0,5.0,12.1
2025,11,00-0036265,RB,True,0,0,3.0,1.0
2025,11,00-0036290,TE,True,0,0,2.0,1.0
2025,11,00-0036328,RB,True,0,0,7.0,3.1
2025,11,00-0036331,WR,True,0,0,0.0,0.0
2025,11,00-0036407,WR,False,1,1,12.0,16.8
2025,11,00-0036422,TE,True,0,0,1.0,0.7
2025,11,00-0036427,WR,True,0,0,1.0,0.0
2025,11,00-0036550,WR,True,0,0,2.0,3.5
2025,11,00-0036620,WR,True,0,0,1.0,0.0
2025,11,00-0036626,WR,True,0,0,1.0,0.0
2025,11,00-0036630,WR,True,0,0,0.0,0.0
2025,11,00-0036637,TE,True,0,0,1.0,0.0
2025,11,00-0036741,TE,True,0,0,1.0,0.0
2025,11,00-0036825,TE,True,0,0,0.0,0.0
2025,11,00-0036842,RB,True,0,0,0.0,6.0
2025,11,00-0036849,WR,True,0,0,4.0,8.2
2025,11,00-0036862,WR,True,0,0,0.0,0.0
2025,11,00-0036876,TE,True,0,0,0.0,0.0
2025,11,00-0036887,TE,True,0,0,2.0,8.5
2025,11,00-0036894,TE,True,0,0,3.0,4.8
2025,11,00-0036919,RB,True,0,0,3.0,1.4
2025,11,00-0036980,WR,True,0,0,3.0,1.8
2025,11,00-0036988,WR,True,0,0,2.0,7.0
2025,11,00-0037004,TE,True,0,0,3.0,1.1
2025,11,00-0037005,TE,True,0,0,1.0,0.0
2025,11,00-0037085,RB,True,0,0,1.0,0.0
2025,11,00-0037091,WR,True,0,0,5.0,3.8
2025,11,00-0037258,RB,True,0,0,0.0,0.0
2025,11,00-0037263,RB,True,0,0,11.0,17.7
2025,11,00-0037267,RB,True,0,0,2.0,0.1
2025,11,00-0037276,RB,True,0,0,0.0,0.0
2025,11,00-0037291,WR,True,0,0,6.0,20.9
2025,11,00-0037292,TE,True,0,0,0.0,0.0
2025,11,00-0037306,TE,True,0,0,1.0,0.9
2025,11,00-0037311,TE,True,0,0,0.0,0.0
2025,11,00-0037348,TE,True,0,0,1.0,0.0
2025,11,00-0037539,TE,True,0,0,2.0,1.4
2025,11,00-0037594,RB,True,0,0,0.0,0.0
2025,11,00-0037614,WR,True,0,0,2.0,0.09999999999999998
2025,11,00-0037666,WR,True,0,0,2.0,11.7
2025,11,00-0037741,WR,True,0,0,1.0,0.0
2025,11,00-0037745,WR,True,0,0,0.0,0.0
2025,11,00-0037801,WR,True,0,0,4.0,2.3
2025,11,00-0037805,TE,True,0,0,1.0,0.5
2025,11,00-0037809,TE,True,0,0,2.0,2.0
2025,11,00-0038040,RB,True,0,0,7.0,2.8
2025,11,00-0038090,WR,True,0,0,1.0,2.3
2025,11,00-0038104,WR,True,0,0,1.0,0.0
2025,11,00-0038115,TE,True,0,0,2.0,1.3
2025,11,00-0038359,WR,True,0,0,1.0,1.9
2025,11,00-0038393,WR,True,0,0,8.0,5.8
2025,11,00-0038488,RB,True,0,0,0.0,0.0
2025,11,00-0038492,WR,True,0,0,0.0,0.0
2025,11,00-0038496,WR,True,0,0,0.0,0.0
2025,11,00-0038519,WR,True,0,0,0.0,0.0
2025,11,00-0038547,TE,True,0,0,2.0,1.9
2025,11,00-0038551,RB,True,0,0,1.0,0.7
2025,11,00-0038555,RB,True,0,0,3.0,0.7
2025,11,00-0038573,WR,True,0,0,1.0,0.8
2025,11,00-0038576,WR,True,0,0,0.0,6.0
2025,11,00-0038590,TE,True,0,0,0.0,0.0
2025,11,00-0038606,WR,False,2,2,9.0,16.4
2025,11,00-0038618,WR,True,0,0,5.0,4.5
2025,11,00-0038685,RB,True,0,0,0.0,0.0
2025,11,00-0038720,TE,True,0,0,2.0,0.6
2025,11,00-0038824,WR,True,0,0,0.0,0.0
2025,11,00-0038840,WR,True,0,0,1.0,1.3
2025,11,00-0038896,RB,True,0,0,0.0,0.0
2025,11,00-0038935,TE,True,0,0,1.0,2.7
2025,11,00-0038951,RB,False,2,1,11.0,5.6
2025,11,00-0039041,TE,True,0,0,3.0,2.9
2025,11,00-0039050,TE,True,0,0,1.0,0.0
2025,11,00-0039066,TE,True,0,0,4.0,3.7
2025,11,00-0039074,TE,True,0,0,2.0,7.8
2025,11,00-0039144,TE,True,0,0,3.0,3.8
2025,11,00-0039299,RB,True,0,0,7.0,9.1
2025,11,00-0039355,WR,True,0,0,0.0,0.0
2025,11,00-0039356,TE,True,0,0,5.0,5.7
2025,11,00-0039359,TE,True,0,0,4.0,4.2
2025,11,00-0039363,RB,True,0,0,0.0,0.0
2025,11,00-0039379,WR,True,0,0,1.0,0.0
2025,11,00-0039394,WR,True,0,0,1.0,3.0
2025,11,00-0039407,RB,True,0,0,0.0,0.0
2025,11,00-0039424,WR,True,0,0,3.0,2.0
2025,11,00-0039530,TE,True,0,0,0.0,0.0
2025,11,00-0039589,WR,True,0,0,2.0,1.1
2025,11,00-0039648,TE,True,0,0,0.0,0.0
2025,11,00-0039650,WR,True,0,0,0.0,0.0
2025,11,00-0039686,TE,True,0,0,0.0,0.0
2025,11,00-0039737,TE,True,0,0,1.0,0.0
2025,11,00-0039738,RB,True,0,0,13.0,5.6
2025,11,00-0039746,RB,True,0,0,6.0,4.4
2025,11,00-0039751,WR,True,0,0,4.0,1.9
2025,11,00-0039793,TE,True,0,0,2.0,0.3
2025,11,00-0039794,RB,True,0,0,4.0,0.6
2025,11,00-0039796,RB,True,0,0,0.0,0.0
2025,11,00-0039816,WR,True,0,0,0.0,0.0
2025,11,00-0039875,RB,True,0,0,4.0,0.3
2025,11,00-0039890,WR,True,0,0,1.0,1.2
2025,11,00-0040009,WR,True,0,0,2.0,1.2
2025,11,00-0040075,WR,True,0,0,0.0,0.0
2025,11,00-0040130,WR,True,0,0,7.0,12.7
2025,11,00-0040131,WR,True,0,0,2.0,13.7
2025,11,00-0040142,RB,True,0,0,2.0,0.3
2025,11,00-0040154,WR,True,0,0,0.0,0.0
2025,11,00-0040170,WR,True,0,0,6.0,6.1
2025,11,00-0040179,RB,True,0,0,6.0,2.2
2025,11,00-0040184,WR,True,0,0,1.0,0.0
2025,11,00-0040194,TE,True,0,0,2.0,9.1
2025,11,00-0040198,RB,True,0,0,1.0,-0.3
2025,11,00-0040202,RB,True,0,0,7.0,4.6
2025,11,00-0040208,RB,True,0,0,1.0,0.1
2025,11,00-0040238,RB,True,0,0,1.0,1.1
2025,11,00-0040466,RB,True,0,0,3.0,6.3
2025,11,00-0040476,RB,True,0,0,1.0,0.0
2025,11,00-0040506,WR,True,0,0,0.0,0.0
2025,11,00-0040581,WR,True,0,0,2.0,0.9
2025,11,00-0040582,WR,True,0,0,1.0,1.3
2025,11,00-0040584,TE,True,0,0,1.0,2.0
2025,11,00-0040644,RB,True,0,0,0.0,0.0
2025,11,00-0040648,WR,True,0,0,4.0,18.8
2025,11,00-0040669,WR,True,0,0,1.0,1.6
2025,11,00-0040719,RB,True,0,0,6.0,1.5
2025,11,00-0040727,WR,True,0,0,2.0,1.4
2025,11,00-0040729,WR,True,0,0,1.0,0.0
2025,11,00-0040735,WR,True,0,0,3.0,6.6
2025,11,00-0040739,TE,True,0,0,1.0,1.0
2025,11,00-0040782,WR,True,0,0,4.0,0.0
2025,11,00-0033307,WR,True,0,0,1.0,2.4
2025,11,00-0033375,WR,True,0,0,1.0,2.7
2025,11,00-0034272,WR,True,0,0,3.0,3.2
2025,11,00-0034365,TE,True,0,0,1.0,1.4
2025,11,00-0035726,RB,True,0,0,0.0,0.0
2025,11,00-0036187,RB,True,0,0,0.0,0.0
2025,11,00-0036232,TE,True,0,0,2.0,0.7
2025,11,00-0036332,TE,True,0,0,0.0,0.0
2025,11,00-0036415,WR,True,0,0,4.0,2.6
2025,11,00-0036590,TE,True,0,0,0.0,0.0
2025,11,00-0036754,TE,True,0,0,1.0,0.0
2025,11,00-0037086,TE,True,0,0,1.0,0.0
2025,11,00-0037093,WR,True,0,0,0.0,0.0
2025,11,00-0037340,TE,True,0,0,1.0,1.9
2025,11,00-0038465,WR,True,0,0,1.0,1.6
2025,11,00-0038558,TE,True,0,0,1.0,2.0
2025,11,00-0038619,WR,True,0,0,8.0,15.5
2025,11,00-0038643,TE,True,0,0,0.0,0.0
2025,11,00-0038678,RB,True,0,0,0.0,0.0
2025,11,00-0038679,WR,True,0,0,1.0,2.9
2025,11,00-0038738,RB,True,0,0,0.0,0.0
2025,11,00-0038839,WR,True,0,0,2.0,3.2
2025,11,00-0039021,RB,True,0,0,1.0,1.1
2025,11,00-0039410,WR,True,0,0,2.0,8.2
2025,11,00-0039451,WR,True,0,0,1.0,6.9
2025,11,00-0039739,WR,True,0,0,3.0,10.5
2025,11,00-0039792,WR,True,0,0,0.0,0.0
2025,11,00-0039912,TE,True,0,0,1.0,6.9
2025,11,00-0040134,WR,True,0,0,2.0,4.8
2025,11,00-0040187,TE,True,0,0,1.0,0.0
2025,11,00-0040432,WR,True,0,0,2.0,2.3
2025,11,00-0040509,TE,True,0,0,0.0,0.0
2025,11,00-0040649,RB,True,0,0,0.0,0.0
2025,11,00-0031484,TE,True,0,0,0.0,0.0
2025,11,00-0034521,WR,True,0,0,2.0,1.0
2025,11,00-0035359,WR,True,0,0,1.0,0.0
2025,11,00-0036414,RB,True,0,0,0.0,5.28
2025,11,00-0036429,TE,True,0,0,1.0,1.9
2025,11,00-0036646,WR,True,0,0,0.0,0.0
2025,11,00-0037120,RB,True,0,0,1.0,0.4
2025,11,00-0037231,WR,True,0,0,1.0,0.0
2025,11,00-0037380,WR,True,0,0,0.0,0.0
2025,11,00-0037654,TE,True,0,0,1.0,1.2
2025,11,00-0038046,TE,True,0,0,2.0,2.8
2025,11,00-0038440,RB,True,0,0,0.0,0.0
2025,11,00-0038611,RB,True,0,0,6.0,7.6
2025,11,00-0038710,TE,True,0,0,0.0,0.0
2025,11,00-0039364,RB,True,0,0,1.0,0.4
2025,11,00-0039631,TE,True,0,0,1.0,1.1
2025,11,00-0040067,RB,True,0,0,5.0,2.0
2025,11,00-0040547,RB,True,0,0,2.0,1.4
2025,11,00-0040629,WR,True,0,0,0.0,0.0
2025,11,00-0031687,RB,True,0,0,2.0,2.0
2025,11,00-0032775,WR,True,0,0,4.0,4.9
2025,11,00-0033282,WR,True,0,0,1.0,2.6
2025,11,00-0033757,TE,True,0,0,0.0,0.0
2025,11,00-0035298,WR,True,0,0,1.0,1.4
2025,11,00-0036924,RB,True,0,0,3.0,0.4
2025,11,00-0036984,RB,True,0,0,0.0,0.0
2025,11,00-0037282,TE,True,0,0,1.0,1.6
2025,11,00-0037524,WR,True,0,0,1.0,1.4
2025,11,00-0038564,TE,True,0,0,0.0,0.0
2025,11,00-0038752,WR,True,0,0,1.0,0.8
2025,11,00-0038783,TE,True,0,0,1.0,0.0
2025,11,00-0039521,WR,True,0,0,0.0,0.0
2025,11,00-0039754,TE,True,0,0,0.0,0.0
2025,11,00-0040277,WR,True,0,0,0.0,0.0
2025,11,00-0040646,WR,True,0,0,0.0,0.0
2025,11,00-0032104,RB,True,0,0,1.0,1.3
2025,11,00-0034867,WR,True,0,0,0.0,0.0
2025,11,00-0036423,TE,True,0,0,6.0,6.1
2025,11,00-0036425,RB,True,0,0,1.0,0.0
2025,11,00-0036628,TE,True,0,0,2.0,1.1
2025,11,00-0036906,RB,True,0,0,0.0,0.0
2025,11,00-0036950,RB,True,0,0,0.0,0.0
2025,11,00-0037838,TE,True,0,0,4.0,2.7
2025,11,00-0038454,RB,True,0,0,4.0,3.1
2025,11,00-0038456,TE,True,0,0,0.0,0.0
2025,11,00-0038640,WR,True,0,0,0.0,0.0
2025,11,00-0038740,WR,True,0,0,0.0,0.0
2025,11,00-0038938,WR,True,0,0,0.0,0.0
2025,11,00-0039458,TE,True,0,0,2.0,3.3
2025,11,00-0039603,RB,True,0,0,2.0,0.0
2025,11,00-0039920,WR,True,0,0,3.0,3.2
2025,11,00-0040218,WR,True,0,0,3.0,1.3
2025,11,00-0040259,WR,True,0,0,0.0,0.0
2025,11,00-0040429,RB,True,0,0,4.0,1.1
2025,11,00-0040586,RB,True,0,0,8.0,2.9
2025,11,00-0040737,TE,True,0,0,4.0,3.7
2025,11,00-0034367,RB,True,0,0,2.0,-0.2
2025,11,00-0034613,TE,True,0,0,2.0,5.2
2025,11,00-0034981,TE,True,0,0,3.0,2.6
2025,11,00-0035406,WR,True,0,0,2.0,0.0
2025,11,00-0035639,WR,True,0,0,0.0,0.0
2025,11,00-0037475,TE,True,0,0,0.0,0.0
2025,11,00-0037487,WR,True,0,0,0.0,0.0
2025,11,00-0038794,RB,True,0,0,2.0,0.0
2025,11,00-0039623,WR,True,0,0,1.0,0.0
2025,11,00-0040241,WR,True,0,0,0.0,0.0
2025,11,00-0040534,WR,True,0,0,0.0,0.0
2025,11,00-0040563,WR,True,0,0,0.0,0.0
2025,11,00-0040590,WR,True,0,0,2.0,0.0
2025,11,00-0032688,WR,True,0,0,4.0,2.2
2025,11,00-0032951,WR,True,0,0,0.0,0.0
2025,11,00-0034419,WR,True,0,0,0.0,0.0
2025,11,00-0035594,RB,True,0,0,0.0,0.0
2025,11,00-0035628,RB,True,0,0,1.0,0.1
2025,11,00-0036176,WR,True,0,0,0.0,0.0
2025,11,00-0037563,RB,True,0,0,1.0,0.3
2025,11,00-0038498,TE,True,0,0,0.0,0.0
2025,11,00-0040225,TE,True,0,0,0.0,0.0
2025,11,00-0040488,TE,True,0,0,1.0,0.8
2025,11,00-0034418,WR,True,0,0,1.0,1.2
2025,11,00-0036755,RB,True,0,0,1.0,0.1
2025,11,00-0038728,WR,True,0,0,2.0,3.0
2025,11,00-0039489,TE,True,0,0,0.0,0.0
2025,11,00-0039874,RB,True,0,0,5.0,1.7
2025,11,00-0040172,WR,True,0,0,1.0,2.4
2025,11,00-0034798,TE,True,0,0,0.0,0.0
2025,11,00-0036360,RB,True,0,0,2.0,0.5
2025,11,00-0036497,WR,True,0,0,0.0,0.0
2025,11,00-0036841,WR,True,0,0,3.0,4.3
2025,11,00-0036959,WR,True,0,0,0.0,0.0
2025,11,00-0037252,TE,True,0,0,4.0,2.7
2025,11,00-0037329,RB,True,0,0,6.0,9.7
2025,11,00-0037742,WR,True,0,0,3.0,7.3
2025,11,00-0038409,RB,True,0,0,0.0,0.0
2025,11,00-0038735,TE,True,0,0,0.0,0.0
2025,11,00-0039305,TE,True,0,0,1.0,0.0
2025,11,00-0039884,WR,True,0,0,2.0,-0.4
2025,11,00-0024243,TE,True,0,0,0.0,0.0
2025,11,00-0033376,RB,True,0,0,1.0,0.3
2025,11,00-0034073,TE,True,0,0,1.0,0.0
2025,11,00-0034860,WR,True,0,0,0.0,0.0
2025,11,00-0035291,RB,True,0,0,0.0,0.0
2025,11,00-0040058,TE,True,0,0,1.0,0.0
2025,12,00-0030035,WR,True,0,0,2.0,1.1
2025,12,00-0030564,WR,True,0,0,4.0,1.6
2025,12,00-0031236,WR,True,0,0,3.0,2.6
2025,12,00-0031763,WR,True,0,0,0.0,0.0
2025,12,00-0032385,WR,True,0,0,6.0,8.1
2025,12,00-0032392,TE,True,0,0,1.0,0.0
2025,12,00-0032398,WR,True,0,0,5.0,3.8
2025,12,00-0032464,WR,True,0,0,0.0,0.0
2025,12,00-0033090,TE,False,2,2,6.0,6.5
2025,12,00-0033110,TE,True,0,0,2.0,2.8
2025,12,00-0033217,TE,True,0,0,1.0,0.0
2025,12,00-0033246,TE,True,0,0,3.0,3.5
2025,12,00-0033526,RB,True,0,0,1.0,0.5
2025,12,00-0033555,WR,True,0,0,5.0,8.4
2025,12,00-0033572,WR,True,0,0,0.0,0.0
2025,12,00-0033576,TE,True,0,0,0.0,0.0
2025,12,00-0033589,WR,True,0,0,1.0,1.2
2025,12,00-0033591,WR,True,0,0,4.0,1.4
2025,12,00-0033854,RB,True,0,0,1.0,1.4
2025,12,00-0033857,WR,True,0,0,0.0,0.0
2025,12,00-0033881,TE,True,0,0,5.0,5.3
2025,12,00-0033891,WR,True,0,0,1.0,0.0
2025,12,00-0033908,WR,True,0,0,7.0,3.8
2025,12,00-0033943,WR,True,0,0,9.0,4.4
2025,12,00-0033955,RB,True,0,0,6.0,3.9
2025,12,00-0034159,TE,True,0,0,1.0,0.0
2025,12,00-0034270,TE,True,0,0,1.0,1.7
2025,12,00-0034386,WR,True,0,0,2.0,0.8
2025,12,00-0034407,WR,True,0,0,0.0,0.0
2025,12,00-0034487,WR,True,0,0,2.0,2.0
2025,12,00-0034829,TE,True,0,0,5.0,2.5
2025,12,00-0034854,WR,True,0,0,1.0,0.0
2025,12,00-0034975,RB,True,0,0,3.0,7.8
2025,12,00-0034983,WR,True,0,0,2.0,1.2
2025,12,00-0035021,WR,True,0,0,1.0,2.2
2025,12,00-0035208,WR,True,0,0,4.0,1.0
2025,12,00-0035243,RB,True,0,0,4.0,3.5
2025,12,00-0035249,TE,True,0,0,1.0,0.2
2025,12,00-0035500,WR,True,0,0,6.0,15.6
2025,12,00-0035535,WR,True,0,0,4.0,10.9
2025,12,00-0035537,RB,True,0,0,3.0,14.0
2025,12,00-0035567,RB,True,0,0,0.0,0.0
2025,12,00-0035602,WR,True,0,0,0.0,0.0
2025,12,00-0035631,TE,True,0,0,0.0,0.0
2025,12,00-0035644,TE,True,0,0,6.0,4.1
2025,12,00-0035645,WR,True,0,0,0.0,0.0
2025,12,00-0035662,WR,True,0,0,4.0,6.0
2025,12,00-0035891,WR,True,0,0,0.0,0.0
2025,12,00-0036182,WR,True,0,0,1.0,1.2
2025,12,00-0036244,TE,True,0,0,2.0,8.4
2025,12,00-0036265,RB,True,0,0,3.0,1.0
2025,12,00-0036290,TE,True,0,0,5.0,7.0
2025,12,00-0036328,RB,True,0,0,7.0,3.1
2025,12,00-0036331,WR,True,0,0,0.0,0.0
2025,12,00-0036422,TE,True,0,0,1.0,1.3
2025,12,00-0036427,WR,True,0,0,1.0,0.0
2025,12,00-0036550,WR,True,0,0,2.0,3.5
2025,12,00-0036620,WR,True,0,0,1.0,0.0
2025,12,00-0036626,WR,True,0,0,1.0,0.0
2025,12,00-0036630,WR,True,0,0,1.0,0.0
2025,12,00-0036637,TE,True,0,0,3.0,1.9
2025,12,00-0036741,TE,True,0,0,1.0,0.0
2025,12,00-0036825,TE,True,0,0,0.0,0.0
2025,12,00-0036842,RB,True,0,0,0.0,0.0
2025,12,00-0036849,WR,True,0,0,4.0,8.2
2025,12,00-0036862,WR,True,0,0,0.0,0.0
2025,12,00-0036876,TE,True,0,0,2.0,0.9
2025,12,00-0036887,TE,True,0,0,0.0,0.0
2025,12,00-0036894,TE,True,0,0,1.0,2.4
2025,12,00-0036919,RB,False,2,2,17.0,26.0
2025,12,00-0036980,WR,True,0,0,3.0,1.8
2025,12,00-0036988,WR,True,0,0,5.0,2.7
2025,12,00-0037004,TE,True,0,0,3.0,1.1
2025,12,00-0037005,TE,True,0,0,2.0,5.9
2025,12,00-0037085,RB,True,0,0,1.0,0.5
2025,12,00-0037091,WR,True,0,0,1.0,1.7
2025,12,00-0037258,RB,True,0,0,0.0,0.0
2025,12,00-0037263,RB,True,1,1,5.0,8.6
2025,12,00-0037267,RB,True,0,0,1.0,0.2
2025,12,00-0037276,RB,True,0,0,0.0,0.0
2025,12,00-0037291,WR,True,0,0,1.0,2.1
2025,12,00-0037292,TE,True,0,0,0.0,0.0
2025,12,00-0037306,TE,True,0,0,1.0,1.0
2025,12,00-0037311,TE,True,0,0,0.0,0.0
2025,12,00-0037348,TE,True,0,0,1.0,0.0
2025,12,00-0037525,RB,False,1,1,6.0,10.5
2025,12,00-0037539,TE,True,0,0,2.0,1.4
2025,12,00-0037594,RB,True,0,0,0.0,0.0
2025,12,00-0037614,WR,True,0,0,3.0,12.0
2025,12,00-0037666,WR,True,0,0,1.0,0.0
2025,12,00-0037741,WR,True,0,0,2.0,5.3
2025,12,00-0037745,WR,True,0,0,0.0,0.0
2025,12,00-0037801,WR,True,0,0,2.0,0.5
2025,12,00-0037805,TE,True,0,0,5.0,4.3
2025,12,00-0037809,TE,True,0,0,3.0,7.1
2025,12,00-0037837,WR,True,0,0,1.0,1.0
2025,12,00-0038040,RB,True,0,0,7.0,2.8
2025,12,00-0038090,WR,True,0,0,0.0,0.0
2025,12,00-0038104,WR,True,0,0,2.0,6.6
2025,12,00-0038115,TE,True,0,0,1.0,0.0
2025,12,00-0038129,TE,True,0,0,5.0,3.8
2025,12,00-0038359,WR,True,0,0,2.0,1.3
2025,12,00-0038393,WR,True,0,0,2.0,1.4
2025,12,00-0038488,RB,True,0,0,0.0,0.0
2025,12,00-0038492,WR,True,0,0,0.0,0.0
2025,12,00-0038496,WR,True,0,0,0.0,0.0
2025,12,00-0038519,WR,True,0,0,0.0,0.0
2025,12,00-0038547,TE,True,0,0,2.0,1.9
2025,12,00-0038551,RB,True,0,0,1.0,0.7
2025,12,00-0038555,RB,True,0,0,4.0,3.4
2025,12,00-0038573,WR,True,0,0,1.0,0.0
2025,12,00-0038576,WR,True,0,0,0.0,0.0
2025,12,00-0038590,TE,True,0,0,0.0,0.0
2025,12,00-0038618,WR,True,0,0,5.0,5.7
2025,12,00-0038685,RB,True,0,0,1.0,0.8
2025,12,00-0038705,RB,True,0,0,8.0,3.0
2025,12,00-0038720,TE,True,0,0,1.0,1.9
2025,12,00-0038797,RB,False,3,3,12.0,13.4
2025,12,00-0038824,WR,True,0,0,0.0,0.0
2025,12,00-0038840,WR,True,0,0,2.0,2.7
2025,12,00-0038896,RB,True,0,0,0.0,0.0
2025,12,00-0038935,TE,True,0,0,1.0,2.7
2025,12,00-0039041,TE,True,0,0,3.0,0.09999999999999998
2025,12,00-0039050,TE,True,0,0,1.0,0.0
2025,12,00-0039066,TE,True,0,0,4.0,2.8
2025,12,00-0039074,TE,True,0,0,2.0,7.8
2025,12,00-0039144,TE,True,0,0,2.0,0.4
2025,12,00-0039299,RB,True,0,0,2.0,0.6
2025,12,00-0039355,WR,True,0,0,0.0,0.0
2025,12,00-0039356,TE,True,0,0,4.0,4.2
2025,12,00-0039359,TE,True,0,0,4.0,4.2
2025,12,00-0039363,RB,True,0,0,0.0,0.0
2025,12,00-0039379,WR,True,0,0,1.0,0.0
2025,12,00-0039394,WR,True,0,0,1.0,3.0
2025,12,00-0039407,RB,True,0,0,0.0,0.0
2025,12,00-0039424,WR,True,0,0,3.0,2.0
2025,12,00-0039530,TE,True,0,0,1.0,0.9
2025,12,00-0039589,WR,True,0,0,0.0,0.0
2025,12,00-0039648,TE,True,0,0,0.0,0.0
2025,12,00-0039650,WR,True,0,0,0.0,0.0
2025,12,00-0039686,TE,True,0,0,1.0,0.9
2025,12,00-0039737,TE,True,0,0,1.0,0.0
2025,12,00-0039738,RB,False,1,1,10.0,1.0
2025,12,00-0039746,RB,True,0,0,6.0,4.4
2025,12,00-0039751,WR,True,0,0,1.0,1.4
2025,12,00-0039793,TE,True,0,0,13.0,12.1
2025,12,00-0039794,RB,True,0,0,4.0,0.6
2025,12,00-0039796,RB,True,0,0,1.0,2.0
2025,12,00-0039798,RB,True,0,0,3.0,1.1
2025,12,00-0039816,WR,True,0,0,0.0,0.0
2025,12,00-0039847,TE,True,0,0,4.0,5.1
2025,12,00-0039875,RB,True,0,0,0.0,0.0
2025,12,00-0039890,WR,True,0,0,6.0,1.5
2025,12,00-0040009,WR,True,0,0,1.0,3.8
2025,12,00-0040075,WR,True,0,0,0.0,0.0
2025,12,00-0040130,WR,True,0,0,7.0,7.5
2025,12,00-0040131,WR,True,0,0,3.0,0.0
2025,12,00-0040142,RB,True,0,0,5.0,1.5
2025,12,00-0040154,WR,True,0,0,0.0,0.0
2025,12,00-0040170,WR,True,0,0,6.0,2.1
2025,12,00-0040179,RB,True,0,0,6.0,2.2
2025,12,00-0040184,WR,True,0,0,1.0,0.0
2025,12,00-0040194,TE,True,0,0,2.0,9.1
2025,12,00-0040198,RB,True,0,0,9.0,10.5
2025,12,00-0040202,RB,True,0,0,7.0,4.6
2025,12,00-0040208,RB,True,0,0,1.0,0.5
2025,12,00-0040237,WR,True,0,0,6.0,1.1
2025,12,00-0040238,RB,True,0,0,8.0,3.6
2025,12,00-0040466,RB,True,0,0,3.0,6.3
2025,12,00-0040476,RB,True,0,0,1.0,0.0
2025,12,00-0040506,WR,True,0,0,0.0,0.0
2025,12,00-0040581,WR,True,0,0,2.0,0.9
2025,12,00-0040582,WR,True,0,0,1.0,1.3
2025,12,00-0040584,TE,True,0,0,5.0,4.9
2025,12,00-0040644,RB,True,0,0,1.0,0.2
2025,12,00-0040648,WR,True,0,0,4.0,18.8
2025,12,00-0040669,WR,True,0,0,1.0,0.0
2025,12,00-0040719,RB,False,1,1,15.0,13.4
2025,12,00-0040727,WR,True,0,0,1.0,1.7
2025,12,00-0040729,WR,True,0,0,1.0,2.4
2025,12,00-0040735,WR,True,0,0,5.0,4.2
2025,12,00-0040736,TE,True,0,0,4.0,5.0
2025,12,00-0040739,TE,True,0,0,2.0,0.0
2025,12,00-0040782,WR,True,0,0,2.0,0.8
2025,12,00-0033307,WR,True,0,0,1.0,2.4
2025,12,00-0033375,WR,True,0,0,4.0,9.5
2025,12,00-0034272,WR,True,0,0,3.0,3.2
2025,12,00-0034365,TE,True,0,0,1.0,2.5
2025,12,00-0035726,RB,True,0,0,0.0,0.0
2025,12,00-0036187,RB,True,0,0,0.0,0.0
2025,12,00-0036232,TE,True,0,0,2.0,0.7
2025,12,00-0036309,WR,False,2,2,7.0,4.9
2025,12,00-0036332,TE,True,0,0,0.0,0.0
2025,12,00-0036415,WR,True,0,0,7.0,9.7
2025,12,00-0036590,TE,True,0,0,3.0,1.6
2025,12,00-0036754,TE,True,0,0,7.0,1.8
2025,12,00-0037086,TE,True,0,0,1.0,0.0
2025,12,00-0037093,WR,True,0,0,0.0,0.0
2025,12,00-0037340,TE,True,0,0,1.0,1.9
2025,12,00-0038465,WR,True,0,0,1.0,1.6
2025,12,00-0038558,TE,True,0,0,5.0,8.7
2025,12,00-0038619,WR,True,0,0,4.0,3.5
2025,12,00-0038643,TE,True,0,0,0.0,0.0
2025,12,00-0038678,RB,True,0,0,0.0,0.0
2025,12,00-0038679,WR,True,0,0,5.0,17.0
2025,12,00-0038738,RB,True,0,0,4.0,5.6
2025,12,00-0038839,WR,True,0,0,2.0,3.2
2025,12,00-0039021,RB,True,0,0,0.0,0.0
2025,12,00-0039410,WR,True,0,0,1.0,6.7
2025,12,00-0039451,WR,True,0,0,5.0,1.1
2025,12,00-0039739,WR,True,0,0,2.0,2.2
2025,12,00-0039792,WR,True,0,0,0.0,0.0
2025,12,00-0039912,TE,True,0,0,1.0,6.9
2025,12,00-0040134,WR,True,0,0,6.0,10.7
2025,12,00-0040187,TE,True,0,0,2.0,3.8
2025,12,00-0040432,WR,True,0,0,2.0,2.3
2025,12,00-0040509,TE,True,0,0,0.0,0.0
2025,12,00-0040649,RB,True,0,0,0.0,0.0
2025,12,00-0031484,TE,True,0,0,0.0,0.0
2025,12,00-0034521,WR,True,0,0,2.0,1.0
2025,12,00-0035359,WR,True,0,0,2.0,1.6
2025,12,00-0036414,RB,True,0,0,0.0,5.28
2025,12,00-0036429,TE,True,0,0,1.0,1.9
2025,12,00-0036646,WR,True,0,0,0.0,0.0
2025,12,00-0037120,RB,True,0,0,1.0,0.4
2025,12,00-0037231,WR,True,0,0,1.0,0.0
2025,12,00-0037380,WR,True,0,0,0.0,0.0
2025,12,00-0037654,TE,True,0,0,1.0,1.2
2025,12,00-0038046,TE,True,0,0,1.0,0.0
2025,12,00-0038440,RB,True,0,0,0.0,0.0
2025,12,00-0038611,RB,True,0,0,16.0,9.0
2025,12,00-0038710,TE,True,0,0,0.0,0.0
2025,12,00-0039364,RB,True,0,0,1.0,0.4
2025,12,00-0039631,TE,True,0,0,1.0,1.1
2025,12,00-0040067,RB,True,0,0,5.0,2.0
2025,12,00-0040547,RB,True,0,0,2.0,1.4
2025,12,00-0040629,WR,True,0,0,0.0,0.0
2025,12,00-0031687,RB,True,0,0,4.0,2.3
2025,12,00-0032775,WR,True,0,0,2.0,1.8
2025,12,00-0033282,WR,True,0,0,3.0,2.9
2025,12,00-0033757,TE,True,0,0,1.0,0.6
2025,12,00-0035298,WR,True,0,0,1.0,1.4
2025,12,00-0036984,RB,True,0,0,0.0,0.0
2025,12,00-0037282,TE,True,0,0,1.0,1.6
2025,12,00-0037524,WR,True,0,0,1.0,1.4
2025,12,00-0038564,TE,True,0,0,0.0,0.0
2025,12,00-0038752,WR,True,0,0,1.0,0.8
2025,12,00-0038783,TE,True,0,0,1.0,0.0
2025,12,00-0039521,WR,True,0,0,3.0,2.5
2025,12,00-0039754,TE,True,0,0,0.0,0.0
2025,12,00-0040277,WR,True,0,0,0.0,0.0
2025,12,00-0040646,WR,True,0,0,0.0,0.0
2025,12,00-0032104,RB,True,0,0,1.0,1.3
2025,12,00-0034867,WR,True,0,0,0.0,0.0
2025,12,00-0036423,TE,True,0,0,6.0,6.1
2025,12,00-0036425,RB,True,0,0,1.0,0.0
2025,12,00-0036628,TE,True,0,0,2.0,1.1
2025,12,00-0036906,RB,True,0,0,0.0,0.0
2025,12,00-0036950,RB,True,0,0,0.0,0.0
2025,12,00-0037838,TE,True,0,0,3.0,2.5
2025,12,00-0038454,RB,True,0,0,9.0,6.4
2025,12,00-0038456,TE,True,0,0,0.0,0.0
2025,12,00-0038640,WR,True,0,0,0.0,0.0
2025,12,00-0038740,WR,True,0,0,0.0,0.0
2025,12,00-0038938,WR,True,0,0,4.0,2.8
2025,12,00-0039032,RB,True,2,1,9.0,5.9
2025,12,00-0039458,TE,True,0,0,2.0,3.3
2025,12,00-0039603,RB,True,0,0,2.0,0.0
2025,12,00-0039920,WR,True,0,0,2.0,1.9
2025,12,00-0040218,WR,True,0,0,3.0,1.3
2025,12,00-0040259,WR,True,0,0,1.0,0.0
2025,12,00-0040429,RB,True,0,0,4.0,1.1
2025,12,00-0040586,RB,True,0,0,8.0,2.9
2025,12,00-0040737,TE,True,0,0,4.0,3.7
2025,12,00-0034367,RB,True,0,0,2.0,-0.2
2025,12,00-0034613,TE,True,0,0,3.0,3.7
2025,12,00-0034981,TE,True,0,0,3.0,2.6
2025,12,00-0035406,WR,True,0,0,2.0,0.0
2025,12,00-0035639,WR,True,0,0,0.0,0.0
2025,12,00-0037475,TE,True,0,0,0.0,0.0
2025,12,00-0037487,WR,True,0,0,0.0,0.0
2025,12,00-0038794,RB,True,0,0,7.0,7.9
2025,12,00-0039623,WR,True,0,0,1.0,0.0
2025,12,00-0040241,WR,True,0,0,0.0,0.0
2025,12,00-0040534,WR,True,0,0,0.0,0.0
2025,12,00-0040563,WR,True,0,0,0.0,0.0
2025,12,00-0040590,WR,True,0,0,2.0,0.0
2025,12,00-0032688,WR,True,0,0,1.0,0.0
2025,12,00-0032951,WR,True,0,0,0.0,0.0
2025,12,00-0034419,WR,True,0,0,0.0,0.0
2025,12,00-0035594,RB,True,0,0,1.0,-0.2
2025,12,00-0035628,RB,True,0,0,3.0,0.6
2025,12,00-0036176,WR,True,0,0,3.0,1.9
2025,12,00-0037563,RB,True,0,0,4.0,2.0
2025,12,00-0038498,TE,True,0,0,0.0,0.0
2025,12,00-0040225,TE,True,0,0,0.0,0.0
2025,12,00-0040488,TE,True,0,0,0.0,0.0
2025,12,00-0034418,WR,True,0,0,1.0,1.2
2025,12,00-0036755,RB,True,0,0,1.0,0.1
2025,12,00-0038728,WR,True,0,0,2.0,3.0
2025,12,00-0039489,TE,True,0,0,0.0,0.0
2025,12,00-0039874,RB,True,0,0,1.0,0.4
2025,12,00-0040172,WR,True,0,0,1.0,2.4
2025,12,00-0034798,TE,True,0,0,3.0,1.3
2025,12,00-0036360,RB,True,0,0,2.0,0.5
2025,12,00-0036497,WR,True,0,0,0.0,0.0
2025,12,00-0036841,WR,True,0,0,1.0,1.8
2025,12,00-0036959,WR,True,0,0,0.0,0.0
2025,12,00-0037252,TE,True,0,0,4.0,2.8
2025,12,00-0037329,RB,True,0,0,6.0,9.7
2025,12,00-0037742,WR,True,0,0,3.0,7.3
2025,12,00-0038409,RB,True,0,0,0.0,0.0
2025,12,00-0038735,TE,True,0,0,0.0,0.0
2025,12,00-0039305,TE,True,0,0,0.0,0.0
2025,12,00-0039884,WR,True,0,0,2.0,-0.4
2025,12,00-0024243,TE,True,0,0,0.0,0.0
2025,12,00-0033376,RB,True,0,0,0.0,0.0
2025,12,00-0034073,TE,True,0,0,1.0,0.0
2025,12,00-0034860,WR,True,0,0,0.0,0.0
2025,12,00-0035291,RB,True,0,0,4.0,0.4
2025,12,00-0040058,TE,True,0,0,0.0,0.0
2025,12,00-0033439,TE,True,0,0,0.0,0.0
2025,12,00-0034681,RB,True,0,0,0.0,0.0
2025,12,00-0035140,WR,True,0,0,1.0,0.0
2025,12,00-0035876,WR,True,0,0,1.0,1.0
2025,12,00-0036165,WR,True,0,0,6.0,8.2
2025,12,00-0036196,WR,True,0,0,4.0,5.5
2025,12,00-0036567,RB,True,0,0,1.0,0.0
2025,12,00-0038458,RB,True,0,0,0.0,0.0
2025,12,00-0038589,TE,True,0,0,1.0,6.7
2025,12,00-0039266,RB,True,0,0,2.0,0.2
2025,12,00-0040024,WR,True,0,0,0.0,0.0
2025,12,00-0040039,RB,True,0,0,3.0,0.8
2025,12,00-0040317,WR,True,0,0,1.0,3.0
2025,12,00-0040363,TE,True,0,0,1.0,0.9
2025,12,00-0040431,WR,True,0,0,0.0,0.0
2025,13,00-0030035,WR,True,0,0,1.0,0.0
2025,13,00-0030564,WR,True,0,0,3.0,2.3
2025,13,00-0031236,WR,True,0,0,3.0,2.6
2025,13,00-0031763,WR,True,0,0,0.0,0.0
2025,13,00-0032385,WR,True,0,0,5.0,2.7
2025,13,00-0032392,TE,True,0,0,4.0,5.4
2025,13,00-0032398,WR,True,0,0,5.0,3.8
2025,13,00-0032464,WR,True,0,0,2.0,4.7
2025,13,00-0033110,TE,True,0,0,2.0,2.8
2025,13,00-0033217,TE,True,0,0,1.0,1.4
2025,13,00-0033246,TE,True,0,0,2.0,1.7
2025,13,00-0033526,RB,True,0,0,1.0,0.5
2025,13,00-0033555,WR,True,0,0,6.0,4.0
2025,13,00-0033572,WR,True,0,0,0.0,0.0
2025,13,00-0033576,TE,True,0,0,0.0,0.0
2025,13,00-0033589,WR,True,0,0,1.0,1.2
2025,13,00-0033591,WR,True,0,0,4.0,1.4
2025,13,00-0033854,RB,True,0,0,0.0,0.0
2025,13,00-0033857,WR,True,0,0,2.0,1.3
2025,13,00-0033881,TE,True,0,0,5.0,5.3
2025,13,00-0033891,WR,True,0,0,1.0,0.0
2025,13,00-0033908,WR,True,0,0,4.0,3.4
2025,13,00-0033943,WR,True,0,0,9.0,4.4
2025,13,00-0033955,RB,True,0,0,6.0,3.9
2025,13,00-0034159,TE,True,0,0,1.0,0.0
2025,13,00-0034270,TE,True,0,0,1.0,1.7
2025,13,00-0034386,WR,True,0,0,2.0,0.8
2025,13,00-0034407,WR,True,0,0,0.0,0.0
2025,13,00-0034487,WR,True,0,0,2.0,2.0
2025,13,00-0034829,TE,True,0,0,6.0,5.5
2025,13,00-0034854,WR,True,0,0,1.0,0.0
2025,13,00-0034975,RB,True,0,0,0.0,0.0
2025,13,00-0034983,WR,True,0,0,2.0,1.2
2025,13,00-0035021,WR,True,0,0,1.0,5.3
2025,13,00-0035208,WR,True,0,0,1.0,1.1
2025,13,00-0035243,RB,True,0,0,4.0,3.5
2025,13,00-0035249,TE,True,0,0,1.0,0.9
2025,13,00-0035500,WR,True,0,0,11.0,13.8
2025,13,00-0035535,WR,True,0,0,2.0,2.8
2025,13,00-0035537,RB,True,0,0,5.0,6.7
2025,13,00-0035567,RB,True,0,0,0.0,0.0
2025,13,00-0035602,WR,True,0,0,0.0,0.0
2025,13,00-0035631,TE,True,0,0,1.0,0.5
2025,13,00-0035644,TE,True,0,0,1.0,1.4
2025,13,00-0035645,WR,True,0,0,0.0,5.32
2025,13,00-0035662,WR,True,0,0,1.0,1.5
2025,13,00-0035689,TE,True,0,0,4.0,3.2
2025,13,00-0035891,WR,True,0,0,0.0,0.0
2025,13,00-0036182,WR,True,0,0,1.0,1.2
2025,13,00-0036244,TE,True,0,0,4.0,12.1
2025,13,00-0036265,RB,True,0,0,3.0,1.0
2025,13,00-0036290,TE,True,0,0,1.0,0.8
2025,13,00-0036328,RB,True,0,0,7.0,3.1
2025,13,00-0036331,WR,True,0,0,0.0,0.0
2025,13,00-0036422,TE,True,0,0,1.0,1.3
2025,13,00-0036427,WR,True,0,0,1.0,0.0
2025,13,00-0036550,WR,True,0,0,2.0,3.5
2025,13,00-0036620,WR,True,0,0,1.0,0.0
2025,13,00-0036626,WR,True,0,0,1.0,0.0
2025,13,00-0036630,WR,True,0,0,1.0,0.0
2025,13,00-0036637,TE,True,0,0,4.0,4.0
2025,13,00-0036741,TE,True,0,0,1.0,1.2
2025,13,00-0036825,TE,True,0,0,1.0,0.2
2025,13,00-0036842,RB,True,0,0,0.0,0.0
2025,13,00-0036849,WR,True,0,0,4.0,8.2
2025,13,00-0036862,WR,True,0,0,1.0,2.6
2025,13,00-0036876,TE,True,0,0,2.0,0.9
2025,13,00-0036887,TE,True,0,0,1.0,0.8
2025,13,00-0036894,TE,True,0,0,3.0,9.4
2025,13,00-0036980,WR,True,0,0,3.0,0.2
2025,13,00-0036988,WR,True,0,0,4.0,3.1
2025,13,00-0037004,TE,True,0,0,3.0,1.1
2025,13,00-0037005,TE,True,0,0,2.0,5.9
2025,13,00-0037085,RB,True,0,0,1.0,0.5
2025,13,00-0037091,WR,True,0,0,1.0,1.7
2025,13,00-0037258,RB,True,0,0,0.0,0.0
2025,13,00-0037267,RB,True,0,0,1.0,-0.3
2025,13,00-0037276,RB,True,0,0,0.0,0.0
2025,13,00-0037291,WR,True,0,0,1.0,0.0
2025,13,00-0037292,TE,True,0,0,2.0,7.8
2025,13,00-0037306,TE,True,0,0,1.0,1.6
2025,13,00-0037311,TE,True,0,0,0.0,0.0
2025,13,00-0037348,TE,True,0,0,1.0,0.0
2025,13,00-0037539,TE,True,0,0,2.0,1.4
2025,13,00-0037594,RB,True,0,0,2.0,0.3
2025,13,00-0037614,WR,True,0,0,7.0,15.5
2025,13,00-0037666,WR,True,0,0,1.0,0.0
2025,13,00-0037741,WR,True,0,0,1.0,0.0
2025,13,00-0037745,WR,True,0,0,0.0,0.0
2025,13,00-0037801,WR,True,0,0,4.0,3.7
2025,13,00-0037805,TE,True,0,0,5.0,4.3
2025,13,00-0037809,TE,True,0,0,4.0,5.5
2025,13,00-0037837,WR,True,0,0,5.0,5.6
2025,13,00-0038040,RB,True,0,0,7.0,2.8
2025,13,00-0038090,WR,True,0,0,0.0,0.0
2025,13,00-0038104,WR,True,0,0,1.0,0.0
2025,13,00-0038115,TE,True,0,0,2.0,0.0
2025,13,00-0038129,TE,True,0,0,7.0,4.1
2025,13,00-0038359,WR,True,0,0,2.0,1.3
2025,13,00-0038393,WR,True,0,0,4.0,4.2
2025,13,00-0038488,RB,True,0,0,0.0,0.0
2025,13,00-0038492,WR,True,0,0,0.0,0.0
2025,13,00-0038496,WR,True,0,0,1.0,0.8
2025,13,00-0038519,WR,True,0,0,0.0,0.0
2025,13,00-0038547,TE,True,0,0,1.0,0.0
2025,13,00-0038551,RB,True,0,0,1.0,0.7
2025,13,00-0038555,RB,True,0,0,1.0,0.8
2025,13,00-0038573,WR,True,0,0,1.0,0.0
2025,13,00-0038576,WR,True,0,0,1.0,0.0
2025,13,00-0038590,TE,True,0,0,0.0,0.0
2025,13,00-0038606,WR,False,1,1,7.0,15.6
2025,13,00-0038618,WR,True,0,0,1.0,0.9
2025,13,00-0038685,RB,True,0,0,9.0,3.1
2025,13,00-0038705,RB,True,0,0,8.0,3.0
2025,13,00-0038720,TE,True,0,0,1.0,1.9
2025,13,00-0038824,WR,True,0,0,0.0,0.0
2025,13,00-0038840,WR,True,0,0,0.0,0.0
2025,13,00-0038896,RB,True,0,0,0.0,0.0
2025,13,00-0038935,TE,True,0,0,5.0,11.8
2025,13,00-0039041,TE,True,0,0,0.0,0.0
2025,13,00-0039050,TE,True,0,0,1.0,0.0
2025,13,00-0039066,TE,True,0,0,1.0,1.9
2025,13,00-0039074,TE,True,0,0,4.0,4.4
2025,13,00-0039144,TE,True,0,0,2.0,1.2
2025,13,00-0039299,RB,True,0,0,2.0,0.6
2025,13,00-0039355,WR,True,0,0,0.0,0.0
2025,13,00-0039356,TE,True,0,0,1.0,1.1
2025,13,00-0039359,TE,True,0,0,2.0,0.0
2025,13,00-0039363,RB,True,0,0,0.0,0.0
2025,13,00-0039379,WR,True,0,0,1.0,0.0
2025,13,00-0039394,WR,True,0,0,1.0,3.0
2025,13,00-0039407,RB,True,0,0,0.0,0.0
2025,13,00-0039424,WR,True,0,0,7.0,5.2
2025,13,00-0039530,TE,True,0,0,1.0,6.9
2025,13,00-0039589,WR,True,0,0,0.0,0.0
2025,13,00-0039648,TE,True,0,0,0.0,0.0
2025,13,00-0039650,WR,True,0,0,0.0,0.0
2025,13,00-0039686,TE,True,0,0,1.0,0.9
2025,13,00-0039737,TE,True,0,0,1.0,0.0
2025,13,00-0039746,RB,True,0,0,0.0,0.0
2025,13,00-0039751,WR,True,0,0,3.0,3.2
2025,13,00-0039793,TE,True,0,0,4.0,2.8
2025,13,00-0039794,RB,True,0,0,4.0,0.6
2025,13,00-0039796,RB,True,0,0,1.0,2.0
2025,13,00-0039798,RB,True,0,0,4.0,0.7
2025,13,00-0039816,WR,True,0,0,0.0,0.0
2025,13,00-0039847,TE,True,0,0,5.0,9.2
2025,13,00-0039875,RB,True,0,0,0.0,6.0
2025,13,00-0039890,WR,True,0,0,7.0,5.2
2025,13,00-0040009,WR,True,0,0,1.0,0.0
2025,13,00-0040075,WR,True,0,0,0.0,0.0
2025,13,00-0040130,WR,False,1,1,9.0,11.8
2025,13,00-0040131,WR,True,0,0,1.0,2.3
2025,13,00-0040142,RB,True,0,0,5.0,1.5
2025,13,00-0040154,WR,True,0,0,0.0,0.0
2025,13,00-0040170,WR,True,0,0,6.0,2.1
2025,13,00-0040179,RB,True,0,0,6.0,2.2
2025,13,00-0040184,WR,True,0,0,1.0,0.0
2025,13,00-0040194,TE,True,0,0,2.0,3.6
2025,13,00-0040198,RB,True,0,0,9.0,10.5
2025,13,00-0040202,RB,False,2,2,14.0,8.6
2025,13,00-0040208,RB,True,0,0,3.0,0.5
2025,13,00-0040237,WR,True,0,0,6.0,10.8
2025,13,00-0040238,RB,True,0,0,1.0,0.2
2025,13,00-0040466,RB,True,0,0,3.0,6.3
2025,13,00-0040476,RB,True,0,0,1.0,0.0
2025,13,00-0040506,WR,True,0,0,0.0,0.0
2025,13,00-0040581,WR,True,0,0,2.0,1.9
2025,13,00-0040582,WR,True,0,0,1.0,0.8
2025,13,00-0040584,TE,True,0,0,7.0,8.1
2025,13,00-0040644,RB,True,0,0,0.0,0.0
2025,13,00-0040648,WR,True,0,0,4.0,18.8
2025,13,00-0040669,WR,True,0,0,1.0,0.0
2025,13,00-0040727,WR,True,0,0,1.0,1.7
2025,13,00-0040729,WR,True,0,0,1.0,2.4
2025,13,00-0040735,WR,True,0,0,6.0,7.6
2025,13,00-0040736,TE,True,0,0,5.0,3.6
2025,13,00-0040739,TE,True,0,0,1.0,1.0
2025,13,00-0040782,WR,True,0,0,2.0,6.8
2025,13,00-0033307,WR,True,0,0,1.0,2.4
2025,13,00-0033375,WR,True,0,0,4.0,0.0
2025,13,00-0034272,WR,True,0,0,3.0,3.2
2025,13,00-0034365,TE,True,0,0,4.0,5.6
2025,13,00-0035726,RB,True,0,0,0.0,0.0
2025,13,00-0036187,RB,True,0,0,1.0,0.7
2025,13,00-0036232,TE,True,0,0,2.0,0.7
2025,13,00-0036332,TE,True,0,0,1.0,1.1
2025,13,00-0036415,WR,True,0,0,1.0,1.6
2025,13,00-0036590,TE,True,0,0,0.0,0.0
2025,13,00-0036754,TE,True,0,0,4.0,4.4
2025,13,00-0037086,TE,True,0,0,1.0,1.3
2025,13,00-0037093,WR,True,0,0,0.0,0.0
2025,13,00-0037340,TE,True,0,0,1.0,1.9
2025,13,00-0038465,WR,True,0,0,1.0,1.6
2025,13,00-0038558,TE,True,0,0,2.0,3.2
2025,13,00-0038619,WR,True,0,0,8.0,8.6
2025,13,00-0038643,TE,True,0,0,0.0,0.0
2025,13,00-0038678,RB,True,0,0,0.0,0.0
2025,13,00-0038679,WR,True,0,0,5.0,17.0
2025,13,00-0038738,RB,True,0,0,1.0,1.2
2025,13,00-0038839,WR,True,0,0,6.0,9.9
2025,13,00-0039021,RB,True,0,0,0.0,0.0
2025,13,00-0039410,WR,True,0,0,1.0,0.0
2025,13,00-0039451,WR,True,0,0,0.0,0.0
2025,13,00-0039739,WR,True,0,0,3.0,0.0
2025,13,00-0039792,WR,True,0,0,1.0,3.5
2025,13,00-0039912,TE,True,0,0,1.0,6.9
2025,13,00-0040134,WR,True,0,0,6.0,10.7
2025,13,00-0040187,TE,True,0,0,1.0,0.0
2025,13,00-0040432,WR,True,0,0,2.0,2.3
2025,13,00-0040509,TE,True,0,0,0.0,0.0
2025,13,00-0040649,RB,True,0,0,0.0,0.0
2025,13,00-0031484,TE,True,0,0,0.0,0.0
2025,13,00-0034521,WR,True,0,0,3.0,1.4
2025,13,00-0035359,WR,True,0,0,3.0,8.6
2025,13,00-0036414,RB,True,0,0,0.0,5.28
2025,13,00-0036429,TE,True,0,0,3.0,3.9
2025,13,00-0036646,WR,True,0,0,0.0,0.0
2025,13,00-0037120,RB,True,0,0,0.0,0.0
2025,13,00-0037231,WR,True,0,0,1.0,0.0
2025,13,00-0037380,WR,True,0,0,0.0,0.0
2025,13,00-0037654,TE,True,0,0,1.0,1.2
2025,13,00-0038046,TE,True,0,0,0.0,0.0
2025,13,00-0038440,RB,True,0,0,0.0,0.0
2025,13,00-0038611,RB,True,0,0,16.0,9.0
2025,13,00-0038710,TE,True,0,0,0.0,0.0
2025,13,00-0039364,RB,True,0,0,1.0,0.4
2025,13,00-0039631,TE,True,0,0,1.0,1.1
2025,13,00-0040067,RB,True,0,0,5.0,2.0
2025,13,00-0040547,RB,True,0,0,2.0,1.4
2025,13,00-0040629,WR,True,0,0,0.0,0.0
2025,13,00-0031687,RB,True,0,0,4.0,3.5
2025,13,00-0032775,WR,True,0,0,1.0,1.3
2025,13,00-0033282,WR,True,0,0,3.0,2.9
2025,13,00-0033757,TE,True,0,0,1.0,0.6
2025,13,00-0035298,WR,True,0,0,1.0,1.4
2025,13,00-0036984,RB,True,0,0,0.0,0.0
2025,13,00-0037282,TE,True,0,0,1.0,1.6
2025,13,00-0037524,WR,True,0,0,1.0,1.4
2025,13,00-0038564,TE,True,0,0,0.0,0.0
2025,13,00-0038752,WR,True,0,0,0.0,0.0
2025,13,00-0038783,TE,True,0,0,1.0,0.0
2025,13,00-0039521,WR,True,0,0,3.0,1.4
2025,13,00-0039754,TE,True,0,0,0.0,0.0
2025,13,00-0040277,WR,True,0,0,0.0,0.0
2025,13,00-0040646,WR,True,0,0,0.0,0.0
2025,13,00-0032104,RB,True,0,0,1.0,0.0
2025,13,00-0034867,WR,True,0,0,0.0,0.0
2025,13,00-0036423,TE,True,0,0,6.0,6.1
2025,13,00-0036425,RB,True,0,0,1.0,0.0
2025,13,00-0036628,TE,True,0,0,2.0,1.1
2025,13,00-0036906,RB,True,0,0,0.0,0.0
2025,13,00-0036950,RB,True,0,0,0.0,0.0
2025,13,00-0037838,TE,True,0,0,3.0,1.5
2025,13,00-0038454,RB,True,0,0,3.0,2.4
2025,13,00-0038456,TE,True,0,0,0.0,0.0
2025,13,00-0038640,WR,True,0,0,0.0,0.0
2025,13,00-0038740,WR,True,0,0,0.0,0.0
2025,13,00-0038938,WR,True,0,0,4.0,2.8
2025,13,00-0039032,RB,True,1,1,8.0,4.5
2025,13,00-0039458,TE,True,0,0,2.0,3.3
2025,13,00-0039603,RB,True,0,0,0.0,0.0
2025,13,00-0039920,WR,True,0,0,2.0,0.7
2025,13,00-0040218,WR,True,0,0,1.0,1.6
2025,13,00-0040259,WR,True,0,0,0.0,0.0
2025,13,00-0040429,RB,True,0,0,4.0,1.1
2025,13,00-0040586,RB,True,0,0,8.0,2.9
2025,13,00-0040737,TE,True,0,0,1.0,0.0
2025,13,00-0034367,RB,True,0,0,2.0,-0.2
2025,13,00-0034613,TE,True,0,0,1.0,1.4
2025,13,00-0034981,TE,True,0,0,1.0,0.0
2025,13,00-0035406,WR,True,0,0,2.0,0.0
2025,13,00-0035639,WR,True,0,0,0.0,0.0
2025,13,00-0037475,TE,True,0,0,0.0,0.0
2025,13,00-0037487,WR,True,0,0,0.0,0.0
2025,13,00-0038794,RB,True,0,0,7.0,7.9
2025,13,00-0039623,WR,True,0,0,5.0,4.8
2025,13,00-0040241,WR,True,0,0,0.0,0.0
2025,13,00-0040534,WR,True,0,0,0.0,0.0
2025,13,00-0040563,WR,True,0,0,0.0,0.0
2025,13,00-0040590,WR,True,0,0,2.0,3.5
2025,13,00-0032688,WR,True,0,0,1.0,0.0
2025,13,00-0032951,WR,True,0,0,0.0,0.0
2025,13,00-0034419,WR,True,0,0,0.0,0.0
2025,13,00-0035594,RB,True,0,0,1.0,-0.2
2025,13,00-0035628,RB,True,0,0,3.0,0.6
2025,13,00-0036176,WR,True,0,0,0.0,0.0
2025,13,00-0037563,RB,True,0,0,3.0,2.4
2025,13,00-0038498,TE,True,0,0,0.0,0.0
2025,13,00-0040225,TE,True,0,0,0.0,0.0
2025,13,00-0040488,TE,True,0,0,0.0,0.0
2025,13,00-0034418,WR,True,0,0,1.0,1.2
2025,13,00-0036755,RB,True,0,0,1.0,0.1
2025,13,00-0038728,WR,True,0,0,2.0,3.0
2025,13,00-0039489,TE,True,0,0,0.0,0.0
2025,13,00-0039874,RB,True,0,0,1.0,0.4
2025,13,00-0040172,WR,True,0,0,1.0,2.4
2025,13,00-0034798,TE,True,0,0,1.0,0.9
2025,13,00-0036360,RB,True,0,0,7.0,2.7
2025,13,00-0036497,WR,True,0,0,0.0,0.0
2025,13,00-0036841,WR,True,0,0,1.0,0.0
2025,13,00-0036959,WR,True,0,0,0.0,0.0
2025,13,00-0037252,TE,True,0,0,4.0,2.8
2025,13,00-0037329,RB,True,0,0,6.0,9.7
2025,13,00-0037742,WR,True,0,0,3.0,7.3
2025,13,00-0038409,RB,True,0,0,0.0,0.0
2025,13,00-0038735,TE,True,0,0,0.0,0.0
2025,13,00-0039305,TE,True,0,0,0.0,0.0
2025,13,00-0039884,WR,True,0,0,2.0,-0.4
2025,13,00-0024243,TE,True,0,0,0.0,0.0
2025,13,00-0033376,RB,True,0,0,0.0,0.0
2025,13,00-0034073,TE,True,0,0,0.0,0.0
2025,13,00-0034860,WR,True,0,0,1.0,1.9
2025,13,00-0035291,RB,True,0,0,4.0,0.4
2025,13,00-0040058,TE,True,0,0,0.0,0.0
2025,13,00-0033439,TE,True,0,0,0.0,0.0
2025,13,00-0034681,RB,True,0,0,0.0,0.0
2025,13,00-0035140,WR,True,0,0,1.0,0.0
2025,13,00-0035876,WR,True,0,0,1.0,1.0
2025,13,00-0036196,WR,True,0,0,2.0,2.7
2025,13,00-0036567,RB,True,0,0,1.0,0.0
2025,13,00-0038458,RB,True,0,0,3.0,0.6
2025,13,00-0038589,TE,True,0,0,1.0,0.6
2025,13,00-0039266,RB,True,0,0,2.0,0.2
2025,13,00-0040024,WR,True,0,0,2.0,1.7
2025,13,00-0040039,RB,True,0,0,3.0,0.8
2025,13,00-0040317,WR,True,0,0,1.0,3.0
2025,13,00-0040363,TE,True,0,0,1.0,0.9
2025,13,00-0040431,WR,True,0,0,0.0,0.0
2025,13,00-0036133,WR,True,0,0,3.0,5.7
2025,13,00-0036569,RB,True,0,0,0.0,0.0
2025,13,00-0037031,TE,True,0,0,0.0,0.0
2025,13,00-0037277,TE,True,0,0,0.0,0.0
2025,13,00-0038396,RB,True,0,0,0.0,0.0
2025,13,00-0038953,WR,True,0,0,3.0,3.3
2025,13,00-0040205,RB,True,0,0,0.0,0.0
2025,13,00-0040522,WR,True,0,0,6.0,3.6
2025,14,00-0030035,WR,True,0,0,1.0,0.0
2025,14,00-0030564,WR,True,0,0,3.0,3.5
2025,14,00-0031236,WR,True,0,0,1.0,1.8
2025,14,00-0031763,WR,True,0,0,0.0,0.0
2025,14,00-0032385,WR,True,0,0,2.0,1.0
2025,14,00-0032392,TE,True,0,0,4.0,5.4
2025,14,00-0032398,WR,True,0,0,5.0,3.8
2025,14,00-0032464,WR,True,0,0,2.0,4.7
2025,14,00-0033110,TE,True,0,0,2.0,2.8
2025,14,00-0033217,TE,True,0,0,1.0,1.4
2025,14,00-0033246,TE,True,0,0,2.0,1.7
2025,14,00-0033526,RB,True,0,0,16.0,4.4
2025,14,00-0033555,WR,True,0,0,4.0,3.8
2025,14,00-0033572,WR,True,0,0,0.0,0.0
2025,14,00-0033576,TE,True,0,0,0.0,0.0
2025,14,00-0033589,WR,True,0,0,1.0,1.2
2025,14,00-0033591,WR,True,0,0,4.0,1.4
2025,14,00-0033854,RB,True,0,0,0.0,0.0
2025,14,00-0033857,WR,True,0,0,1.0,0.0
2025,14,00-0033881,TE,True,0,0,9.0,10.9
2025,14,00-0033891,WR,True,0,0,1.0,0.0
2025,14,00-0033908,WR,True,0,0,4.0,3.9
2025,14,00-0033943,WR,True,0,0,9.0,4.4
2025,14,00-0033955,RB,True,0,0,8.0,4.0
2025,14,00-0034159,TE,True,0,0,1.0,0.0
2025,14,00-0034270,TE,True,0,0,1.0,1.7
2025,14,00-0034386,WR,True,0,0,2.0,0.8
2025,14,00-0034407,WR,True,0,0,0.0,0.0
2025,14,00-0034487,WR,True,0,0,2.0,2.0
2025,14,00-0034829,TE,True,0,0,4.0,2.9
2025,14,00-0034854,WR,True,0,0,1.0,0.0
2025,14,00-0034975,RB,True,0,0,0.0,0.0
2025,14,00-0034983,WR,True,0,0,2.0,1.2
2025,14,00-0035021,WR,True,0,0,1.0,5.3
2025,14,00-0035208,WR,True,0,0,3.0,2.9
2025,14,00-0035243,RB,True,0,0,4.0,3.5
2025,14,00-0035249,TE,True,0,0,1.0,0.9
2025,14,00-0035500,WR,True,0,0,2.0,2.4
2025,14,00-0035535,WR,True,0,0,3.0,13.1
2025,14,00-0035537,RB,True,0,0,7.0,4.0
2025,14,00-0035567,RB,True,0,0,0.0,0.0
2025,14,00-0035602,WR,True,0,0,0.0,0.0
2025,14,00-0035631,TE,True,0,0,3.0,2.2
2025,14,00-0035644,TE,True,0,0,2.0,0.8
2025,14,00-0035645,WR,True,0,0,0.0,0.0
2025,14,00-0035662,WR,True,0,0,2.0,9.0
2025,14,00-0035689,TE,True,0,0,4.0,4.3
2025,14,00-0035891,WR,True,0,0,1.0,2.6
2025,14,00-0036182,WR,True,0,0,0.0,0.0
2025,14,00-0036244,TE,True,0,0,5.0,4.7
2025,14,00-0036265,RB,True,0,0,3.0,1.0
2025,14,00-0036290,TE,True,0,0,3.0,11.1
2025,14,00-0036328,RB,True,0,0,7.0,3.1
2025,14,00-0036331,WR,True,0,0,0.0,0.0
2025,14,00-0036422,TE,True,0,0,4.0,6.2
2025,14,00-0036427,WR,True,0,0,1.0,0.0
2025,14,00-0036550,WR,True,0,0,1.0,0.0
2025,14,00-0036620,WR,True,0,0,1.0,0.0
2025,14,00-0036626,WR,True,0,0,1.0,0.0
2025,14,00-0036630,WR,True,0,0,1.0,0.0
2025,14,00-0036637,TE,True,0,0,4.0,4.0
2025,14,00-0036741,TE,True,0,0,1.0,1.2
2025,14,00-0036825,TE,True,0,0,1.0,0.2
2025,14,00-0036842,RB,True,0,0,0.0,0.0
2025,14,00-0036849,WR,True,0,0,4.0,8.2
2025,14,00-0036862,WR,True,0,0,1.0,0.0
2025,14,00-0036876,TE,True,0,0,2.0,0.9
2025,14,00-0036887,TE,True,0,0,1.0,0.0
2025,14,00-0036894,TE,True,0,0,3.0,9.4
2025,14,00-0036980,WR,True,0,0,3.0,0.2
2025,14,00-0036988,WR,True,0,0,4.0,3.1
2025,14,00-0037004,TE,True,0,0,3.0,1.1
2025,14,00-0037005,TE,True,0,0,2.0,0.7
2025,14,00-0037085,RB,True,0,0,5.0,3.3
2025,14,00-0037091,WR,True,0,0,3.0,1.5
2025,14,00-0037256,RB,True,0,0,5.0,4.4
2025,14,00-0037258,RB,True,0,0,0.0,0.0
2025,14,00-0037263,RB,False,1,1,10.0,12.5
2025,14,00-0037267,RB,True,0,0,3.0,3.2
2025,14,00-0037276,RB,True,0,0,0.0,0.0
2025,14,00-0037291,WR,True,0,0,1.0,0.0
2025,14,00-0037292,TE,True,0,0,1.0,1.3
2025,14,00-0037306,TE,True,0,0,1.0,0.0
2025,14,00-0037311,TE,True,0,0,0.0,0.0
2025,14,00-0037348,TE,True,0,0,1.0,0.0
2025,14,00-0037539,TE,True,0,0,2.0,1.4
2025,14,00-0037594,RB,True,0,0,0.0,0.0
2025,14,00-0037614,WR,True,1,1,9.0,3.7
2025,14,00-0037666,WR,True,0,0,0.0,0.0
2025,14,00-0037741,WR,True,0,0,3.0,1.7
2025,14,00-0037745,WR,True,0,0,0.0,0.0
2025,14,00-0037801,WR,True,0,0,5.0,7.1
2025,14,00-0037805,TE,True,0,0,2.0,2.2
2025,14,00-0037809,TE,True,0,0,5.0,4.9
2025,14,00-0037837,WR,True,0,0,2.0,0.0
2025,14,00-0038040,RB,True,0,0,7.0,2.8
2025,14,00-0038090,WR,True,0,0,0.0,0.0
2025,14,00-0038104,WR,True,0,0,0.0,0.0
2025,14,00-0038115,TE,True,0,0,2.0,0.0
2025,14,00-0038129,TE,True,0,0,2.0,1.9
2025,14,00-0038359,WR,True,0,0,3.0,9.7
2025,14,00-0038393,WR,True,0,0,8.0,25.0
2025,14,00-0038488,RB,True,0,0,0.0,0.0
2025,14,00-0038492,WR,True,0,0,0.0,0.0
2025,14,00-0038496,WR,True,0,0,1.0,0.8
2025,14,00-0038519,WR,True,0,0,0.0,0.0
2025,14,00-0038547,TE,True,0,0,1.0,0.6
2025,14,00-0038551,RB,True,0,0,1.0,0.7
2025,14,00-0038555,RB,True,0,0,1.0,0.8
2025,14,00-0038573,WR,True,0,0,0.0,0.0
2025,14,00-0038576,WR,True,0,0,0.0,0.0
2025,14,00-0038590,TE,True,0,0,0.0,0.0
2025,14,00-0038618,WR,True,0,0,5.0,4.9
2025,14,00-0038685,RB,True,0,0,2.0,1.9
2025,14,00-0038705,RB,True,0,0,8.0,3.0
2025,14,00-0038720,TE,True,0,0,1.0,0.0
2025,14,00-0038824,WR,True,0,0,0.0,0.0
2025,14,00-0038840,WR,True,0,0,0.0,0.0
2025,14,00-0038896,RB,True,0,0,0.0,0.0
2025,14,00-0038935,TE,True,0,0,4.0,12.0
2025,14,00-0039041,TE,True,0,0,2.0,2.7
2025,14,00-0039050,TE,True,0,0,1.0,1.6
2025,14,00-0039066,TE,True,0,0,1.0,1.9
2025,14,00-0039074,TE,True,0,0,1.0,0.9
2025,14,00-0039144,TE,True,0,0,1.0,2.8
2025,14,00-0039299,RB,True,0,0,2.0,0.6
2025,14,00-0039355,WR,True,0,0,0.0,0.0
2025,14,00-0039356,TE,True,0,0,0.0,0.0
2025,14,00-0039359,TE,True,0,0,6.0,2.9
2025,14,00-0039363,RB,True,0,0,0.0,0.0
2025,14,00-0039379,WR,True,0,0,1.0,0.0
2025,14,00-0039394,WR,True,0,0,1.0,3.0
2025,14,00-0039407,RB,True,0,0,0.0,0.0
2025,14,00-0039424,WR,True,2,2,8.0,19.3
2025,14,00-0039530,TE,True,0,0,0.0,0.0
2025,14,00-0039589,WR,True,0,0,0.0,0.0
2025,14,00-0039648,TE,True,0,0,0.0,0.0
2025,14,00-0039650,WR,True,0,0,0.0,0.0
2025,14,00-0039686,TE,True,0,0,1.0,1.9
2025,14,00-0039737,TE,True,0,0,1.0,0.0
2025,14,00-0039746,RB,True,0,0,1.0,1.6
2025,14,00-0039751,WR,True,0,0,1.0,0.0
2025,14,00-0039793,TE,True,0,0,6.0,5.7
2025,14,00-0039794,RB,True,0,0,4.0,0.6
2025,14,00-0039796,RB,True,0,0,4.0,1.7
2025,14,00-0039798,RB,True,0,0,1.0,0.0
2025,14,00-0039816,WR,True,0,0,0.0,0.0
2025,14,00-0039847,TE,True,0,0,8.0,4.4
2025,14,00-0039875,RB,True,0,0,9.0,6.2
2025,14,00-0039890,WR,True,1,1,12.0,20.2
2025,14,00-0040009,WR,True,0,0,1.0,0.0
2025,14,00-0040075,WR,True,0,0,0.0,0.0
2025,14,00-0040131,WR,True,0,0,1.0,9.8
2025,14,00-0040142,RB,True,0,0,2.0,0.3
2025,14,00-0040154,WR,True,0,0,0.0,0.0
2025,14,00-0040170,WR,True,0,0,5.0,1.0
2025,14,00-0040179,RB,True,0,0,6.0,2.2
2025,14,00-0040184,WR,True,0,0,1.0,0.0
2025,14,00-0040194,TE,True,0,0,1.0,1.5
2025,14,00-0040198,RB,True,0,0,3.0,1.0
2025,14,00-0040208,RB,True,0,0,3.0,0.5
2025,14,00-0040237,WR,True,0,0,2.0,1.0
2025,14,00-0040238,RB,True,0,0,0.0,0.0
2025,14,00-0040466,RB,True,0,0,3.0,6.3
2025,14,00-0040476,RB,True,0,0,1.0,0.0
2025,14,00-0040506,WR,True,0,0,0.0,0.0
2025,14,00-0040581,WR,True,0,0,2.0,1.6
2025,14,00-0040582,WR,True,0,0,1.0,0.8
2025,14,00-0040584,TE,True,0,0,7.0,5.3
2025,14,00-0040644,RB,True,0,0,1.0,0.9
2025,14,00-0040648,WR,True,0,0,4.0,18.8
2025,14,00-0040669,WR,True,1,1,2.0,10.5
2025,14,00-0040727,WR,True,0,0,4.0,4.5
2025,14,00-0040729,WR,True,0,0,3.0,3.2
2025,14,00-0040735,WR,True,0,0,7.0,5.6
2025,14,00-0040736,TE,True,0,0,4.0,3.1
2025,14,00-0040739,TE,True,0,0,2.0,0.0
2025,14,00-0040782,WR,True,0,0,3.0,3.2
2025,14,00-0033307,WR,True,0,0,1.0,0.0
2025,14,00-0033375,WR,True,0,0,1.0,1.6
2025,14,00-0034272,WR,True,0,0,3.0,3.2
2025,14,00-0034365,TE,True,0,0,1.0,1.3
2025,14,00-0035726,RB,True,0,0,0.0,0.0
2025,14,00-0036187,RB,True,0,0,0.0,0.0
2025,14,00-0036232,TE,True,0,0,2.0,0.7
2025,14,00-0036332,TE,True,0,0,1.0,1.1
2025,14,00-0036415,WR,True,0,0,4.0,3.5
2025,14,00-0036590,TE,True,0,0,2.0,1.9
2025,14,00-0036754,TE,True,0,0,4.0,4.4
2025,14,00-0037086,TE,True,0,0,1.0,1.3
2025,14,00-0037093,WR,True,0,0,0.0,0.0
2025,14,00-0037340,TE,True,0,0,1.0,1.9
2025,14,00-0038465,WR,True,0,0,1.0,0.0
2025,14,00-0038558,TE,True,0,0,4.0,5.5
2025,14,00-0038619,WR,True,0,0,2.0,9.4
2025,14,00-0038643,TE,True,0,0,0.0,0.0
2025,14,00-0038678,RB,True,0,0,0.0,0.0
2025,14,00-0038679,WR,True,0,0,5.0,17.0
2025,14,00-0038738,RB,True,0,0,1.0,1.2
2025,14,00-0038839,WR,True,0,0,9.0,3.2
2025,14,00-0039021,RB,True,0,0,0.0,0.0
2025,14,00-0039410,WR,True,0,0,3.0,4.9
2025,14,00-0039451,WR,True,0,0,1.0,0.0
2025,14,00-0039739,WR,True,0,0,1.0,0.0
2025,14,00-0039792,WR,True,0,0,2.0,0.0
2025,14,00-0039912,TE,True,0,0,1.0,6.9
2025,14,00-0040134,WR,True,0,0,7.0,5.7
2025,14,00-0040187,TE,True,0,0,3.0,3.5
2025,14,00-0040432,WR,True,0,0,2.0,2.3
2025,14,00-0040509,TE,True,0,0,0.0,0.0
2025,14,00-0040649,RB,True,0,0,0.0,0.0
2025,14,00-0031484,TE,True,0,0,0.0,0.0
2025,14,00-0034521,WR,True,0,0,1.0,1.5
2025,14,00-0035359,WR,True,0,0,4.0,8.5
2025,14,00-0036414,RB,True,0,0,0.0,5.28
2025,14,00-0036429,TE,True,0,0,3.0,3.9
2025,14,00-0036646,WR,True,0,0,0.0,0.0
2025,14,00-0037120,RB,True,0,0,0.0,0.0
2025,14,00-0037231,WR,True,0,0,1.0,0.0
2025,14,00-0037380,WR,True,0,0,0.0,0.0
2025,14,00-0037654,TE,True,0,0,1.0,1.2
2025,14,00-0038046,TE,True,0,0,1.0,2.2
2025,14,00-0038440,RB,True,0,0,4.0,2.6
2025,14,00-0038611,RB,True,1,1,12.0,10.1
2025,14,00-0038710,TE,True,0,0,0.0,0.0
2025,14,00-0039364,RB,True,0,0,0.0,0.0
2025,14,00-0039631,TE,True,0,0,1.0,1.1
2025,14,00-0040067,RB,True,0,0,5.0,2.0
2025,14,00-0040547,RB,True,0,0,2.0,1.4
2025,14,00-0040629,WR,True,0,0,0.0,0.0
2025,14,00-0031687,RB,True,0,0,1.0,0.6
2025,14,00-0032775,WR,True,0,0,2.0,0.6
2025,14,00-0033282,WR,True,0,0,3.0,2.9
2025,14,00-0033757,TE,True,0,0,1.0,0.6
2025,14,00-0035298,WR,True,0,0,1.0,1.4
2025,14,00-0036984,RB,True,0,0,0.0,0.0
2025,14,00-0037282,TE,True,0,0,1.0,1.6
2025,14,00-0037524,WR,True,0,0,1.0,1.4
2025,14,00-0038564,TE,True,0,0,0.0,0.0
2025,14,00-0038752,WR,True,0,0,0.0,0.0
2025,14,00-0038783,TE,True,0,0,1.0,0.0
2025,14,00-0039521,WR,True,0,0,1.0,0.0
2025,14,00-0039754,TE,True,0,0,0.0,0.0
2025,14,00-0040277,WR,True,0,0,0.0,0.0
2025,14,00-0040646,WR,True,0,0,0.0,0.0
2025,14,00-0032104,RB,True,0,0,0.0,0.0
2025,14,00-0034867,WR,True,0,0,0.0,0.0
2025,14,00-0036423,TE,True,0,0,6.0,6.1
2025,14,00-0036425,RB,True,0,0,1.0,0.0
2025,14,00-0036628,TE,True,0,0,2.0,1.9
2025,14,00-0036906,RB,True,0,0,0.0,0.0
2025,14,00-0036950,RB,True,0,0,0.0,0.0
2025,14,00-0037838,TE,True,0,0,6.0,10.0
2025,14,00-0038454,RB,True,0,0,5.0,10.1
2025,14,00-0038456,TE,True,0,0,0.0,0.0
2025,14,00-0038640,WR,True,0,0,0.0,0.0
2025,14,00-0038740,WR,True,0,0,0.0,0.0
2025,14,00-0038938,WR,True,0,0,4.0,2.8
2025,14,00-0039458,TE,True,0,0,2.0,3.3
2025,14,00-0039603,RB,True,0,0,0.0,0.0
2025,14,00-0039920,WR,True,0,0,1.0,0.9
2025,14,00-0040218,WR,True,0,0,1.0,1.6
2025,14,00-0040259,WR,True,0,0,3.0,3.3
2025,14,00-0040429,RB,True,0,0,4.0,1.1
2025,14,00-0040586,RB,True,0,0,8.0,2.9
2025,14,00-0040737,TE,True,0,0,2.0,0.0
2025,14,00-0034367,RB,True,0,0,2.0,-0.2
2025,14,00-0034613,TE,True,0,0,2.0,7.9
2025,14,00-0034981,TE,True,0,0,2.0,2.3
2025,14,00-0035406,WR,True,0,0,1.0,0.0
2025,14,00-0035639,WR,True,0,0,0.0,0.0
2025,14,00-0037475,TE,True,0,0,0.0,0.0
2025,14,00-0037487,WR,True,0,0,3.0,3.8
2025,14,00-0038794,RB,True,0,0,7.0,3.5
2025,14,00-0039623,WR,True,0,0,5.0,3.4
2025,14,00-0040241,WR,True,0,0,0.0,0.0
2025,14,00-0040534,WR,True,0,0,0.0,0.0
2025,14,00-0040563,WR,True,0,0,0.0,0.0
2025,14,00-0040590,WR,True,0,0,0.0,0.0
2025,14,00-0032688,WR,True,0,0,1.0,0.0
2025,14,00-0032951,WR,True,0,0,0.0,0.0
2025,14,00-0034419,WR,True,0,0,0.0,0.0
2025,14,00-0035594,RB,True,0,0,0.0,0.0
2025,14,00-0035628,RB,True,0,0,3.0,0.6
2025,14,00-0036176,WR,True,0,0,0.0,0.0
2025,14,00-0037563,RB,True,0,0,3.0,10.7
2025,14,00-0038498,TE,True,0,0,0.0,0.0
2025,14,00-0040225,TE,True,0,0,0.0,0.0
2025,14,00-0040488,TE,True,0,0,0.0,0.0
2025,14,00-0034418,WR,True,0,0,2.0,2.1
2025,14,00-0036755,RB,True,0,0,11.0,11.4
2025,14,00-0038728,WR,True,0,0,2.0,3.0
2025,14,00-0039489,TE,True,0,0,0.0,0.0
2025,14,00-0039874,RB,True,0,0,3.0,1.6
2025,14,00-0040172,WR,True,0,0,1.0,2.4
2025,14,00-0034798,TE,True,0,0,1.0,0.9
2025,14,00-0036360,RB,True,0,0,7.0,2.7
2025,14,00-0036497,WR,True,0,0,0.0,0.0
2025,14,00-0036841,WR,True,0,0,4.0,0.0
2025,14,00-0036959,WR,True,0,0,0.0,0.0
2025,14,00-0037252,TE,True,0,0,2.0,3.4
2025,14,00-0037329,RB,True,0,0,6.0,9.7
2025,14,00-0037742,WR,True,0,0,4.0,7.0
2025,14,00-0038409,RB,True,0,0,0.0,0.0
2025,14,00-0038735,TE,True,0,0,0.0,0.0
2025,14,00-0039305,TE,True,0,0,0.0,0.0
2025,14,00-0039884,WR,True,0,0,2.0,-0.4
2025,14,00-0024243,TE,True,0,0,0.0,0.0
2025,14,00-0033376,RB,True,0,0,0.0,0.0
2025,14,00-0034073,TE,True,0,0,3.0,0.8
2025,14,00-0034860,WR,True,0,0,0.0,0.0
2025,14,00-0035291,RB,True,0,0,4.0,0.4
2025,14,00-0040058,TE,True,0,0,0.0,0.0
2025,14,00-0033439,TE,True,0,0,0.0,0.0
2025,14,00-0034681,RB,True,0,0,0.0,0.0
2025,14,00-0035140,WR,True,0,0,1.0,0.0
2025,14,00-0035876,WR,True,0,0,0.0,0.0
2025,14,00-0036196,WR,True,0,0,2.0,1.0
2025,14,00-0036567,RB,True,0,0,1.0,0.0
2025,14,00-0038458,RB,True,0,0,3.0,0.6
2025,14,00-0038589,TE,True,0,0,1.0,0.0
2025,14,00-0039266,RB,True,0,0,2.0,0.2
2025,14,00-0040024,WR,True,0,0,2.0,1.7
2025,14,00-0040039,RB,True,0,0,3.0,0.8
2025,14,00-0040317,WR,True,0,0,1.0,3.0
2025,14,00-0040363,TE,True,0,0,1.0,0.9
2025,14,00-0040431,WR,True,0,0,0.0,0.0
2025,14,00-0036133,WR,True,0,0,1.0,1.8
2025,14,00-0036569,RB,True,0,0,0.0,0.0
2025,14,00-0037031,TE,True,0,0,0.0,0.0
2025,14,00-0037277,TE,True,0,0,0.0,0.0
2025,14,00-0038396,RB,True,0,0,0.0,0.0
2025,14,00-0038953,WR,True,0,0,3.0,0.8
2025,14,00-0040205,RB,True,0,0,0.0,0.0
2025,14,00-0040522,WR,True,0,0,1.0,2.0
2025,14,00-0033455,TE,True,0,0,1.0,0.9
2025,14,00-0035311,RB,True,0,0,3.0,0.6
2025,14,00-0035544,WR,True,0,0,4.0,5.6
2025,14,00-0037132,WR,True,0,0,0.0,0.0
2025,14,00-0037557,RB,True,0,0,0.0,0.0
2025,14,00-0038397,RB,True,0,0,5.0,1.5
2025,14,00-0039824,TE,True,0,0,1.0,0.9
