season,source_title,show,publish_date_ISO,nfl_week,analyst,player,position,team,call_type,direction,strength,horizon,verbatim,reason
2021,2021 Early BUSTS: Picks to Avoid at EVERY Position | 2021 Fantasy Football Advice,Fantasy Football Today,SUPPLIED,SUPPLIED,Jamey Eisenberg,Alvin Kamara,RB,NO,RANKING_ONLY,NEUTRAL,HEDGED,REST_OF_SEASON,right now if it takes a mill there should be some cause for concern but to the point where i'm not taking him the first five picks i'm not there yet with alvin kamar,Loss of Drew Brees / potential Taysom Hill starting
2021,2021 Early BUSTS: Picks to Avoid at EVERY Position | 2021 Fantasy Football Advice,Fantasy Football Today,SUPPLIED,SUPPLIED,Heath Cummings,Alvin Kamara,RB,NO,BUST,DOWN,HEDGED,REST_OF_SEASON,if we go into the season and they didn't get jameis back and it's quite clear that tyson hill the plan is to start him for 16 games then yeah albuquerque would be outside of my top five picks,Taysom Hill starting reduces target share
2021,2021 Early BUSTS: Picks to Avoid at EVERY Position | 2021 Fantasy Football Advice,Fantasy Football Today,SUPPLIED,SUPPLIED,Jamey Eisenberg,Derrick Henry,RB,TEN,RANKING_ONLY,NEUTRAL,HEDGED,REST_OF_SEASON,i think it's just the only thing with henry right now you have to worry about is maybe the workload now starts to catch up with him but to avoid him i don't think he'd do it,Workload strain / offensive coordinator change
2021,2021 Early BUSTS: Picks to Avoid at EVERY Position | 2021 Fantasy Football Advice,Fantasy Football Today,SUPPLIED,SUPPLIED,Heath Cummings,Ezekiel Elliott,RB,DAL,RANKING_ONLY,UP,MODERATE,REST_OF_SEASON,i still think it's more likely that with dak and with the offensive line even 80 of what it was before last year elliot bounces back nicely and has a good year,Dak Prescott return and offensive line health
2021,2021 Early BUSTS: Picks to Avoid at EVERY Position | 2021 Fantasy Football Advice,Fantasy Football Today,SUPPLIED,SUPPLIED,Jamey Eisenberg,Josh Jacobs,RB,LV,RANKING_ONLY,NEUTRAL,MODERATE,REST_OF_SEASON,i think if you're drafting him as a borderline number one easy number two guy you start every week that should be the expectation,Guaranteed touch volume
2021,2021 Early BUSTS: Picks to Avoid at EVERY Position | 2021 Fantasy Football Advice,Fantasy Football Today,SUPPLIED,SUPPLIED,Jamey Eisenberg,Saquon Barkley,RB,NYG,RANKING_ONLY,NEUTRAL,MODERATE,REST_OF_SEASON,i'm good with him that then or earlier you're still ahead of devonta adams,High draft placement and ceiling
2021,2021 Early BUSTS: Picks to Avoid at EVERY Position | 2021 Fantasy Football Advice,Fantasy Football Today,SUPPLIED,SUPPLIED,Jamey Eisenberg,Darren Waller,TE,LV,RANKING_ONLY,UP,MODERATE,REST_OF_SEASON,if that's the case i think he's well worth taking round two,Proven high target volume and touchdown uptick
2021,2021 Early BUSTS: Picks to Avoid at EVERY Position | 2021 Fantasy Football Advice,Fantasy Football Today,SUPPLIED,SUPPLIED,Heath Cummings,Darren Waller,TE,LV,RANKING_ONLY,UP,MODERATE,REST_OF_SEASON,he is... their best pass catcher and that's not likely to change,Primary focal point of passing offense
2021,2021 Early BUSTS: Picks to Avoid at EVERY Position | 2021 Fantasy Football Advice,Fantasy Football Today,SUPPLIED,SUPPLIED,Heath Cummings,Keenan Allen,WR,LAC,RANKING_ONLY,UP,STRONG,REST_OF_SEASON,i can't see a scenario where keenan allen if healthy doesn't you know soak up targets in this offense and is still the number one guy,High target share from Justin Herbert
2021,2021 Early BUSTS: Picks to Avoid at EVERY Position | 2021 Fantasy Football Advice,Fantasy Football Today,SUPPLIED,SUPPLIED,Jamey Eisenberg,Keenan Allen,WR,LAC,RANKING_ONLY,UP,STRONG,REST_OF_SEASON,he came out number six in my first run of ppr rankings at wide receiver so not a bust,Top 6 PPR wide receiver target volume
2021,2021 Early BUSTS: Picks to Avoid at EVERY Position | 2021 Fantasy Football Advice,Fantasy Football Today,SUPPLIED,SUPPLIED,Jamey Eisenberg,David Montgomery,RB,CHI,BUST,DOWN,HEDGED,REST_OF_SEASON,the guy that concerns me is david montgomery i just worry about where he's going to get drafted and what he's going to be able to do with tariq cohen back on the field,Tariq Cohen returning / draft cost / regression from late 2020
2021,2021 Early BUSTS: Picks to Avoid at EVERY Position | 2021 Fantasy Football Advice,Fantasy Football Today,SUPPLIED,SUPPLIED,Heath Cummings,David Montgomery,RB,CHI,RANKING_ONLY,NEUTRAL,MODERATE,REST_OF_SEASON,i agree with jamie he's not going to repeat what he did last year... i think he'll be a solid number two,Regression from late 2020 pace
2021,2021 Early BUSTS: Picks to Avoid at EVERY Position | 2021 Fantasy Football Advice,Fantasy Football Today,SUPPLIED,SUPPLIED,Heath Cummings,Clyde Edwards-Helaire,RB,KC,BUST,DOWN,STRONG,REST_OF_SEASON,my two busts were clyde edward zelaire and jk dobbins because in best ball drafts they're both being drafted before dave montgomery right now,Mahomes dumping off less / shared backfield
2021,2021 Early BUSTS: Picks to Avoid at EVERY Position | 2021 Fantasy Football Advice,Fantasy Football Today,SUPPLIED,SUPPLIED,Jamey Eisenberg,Clyde Edwards-Helaire,RB,KC,BUST,DOWN,HEDGED,REST_OF_SEASON,people are really down on edward zelaire... in ppr you know he's just not going to get a lot of catches,Offensive line changes / passing work limitations
2021,2021 Early BUSTS: Picks to Avoid at EVERY Position | 2021 Fantasy Football Advice,Fantasy Football Today,SUPPLIED,SUPPLIED,Heath Cummings,J.K. Dobbins,RB,BAL,BUST,DOWN,STRONG,REST_OF_SEASON,in the current roles that the ravens have established the past three years i don't see how dobbins could be a top 15 back in full ppr,Low team passing volume to RBs / Gus Edwards and Lamar Jackson splitting carries
2021,2021 Early BUSTS: Picks to Avoid at EVERY Position | 2021 Fantasy Football Advice,Fantasy Football Today,SUPPLIED,SUPPLIED,Jamey Eisenberg,J.K. Dobbins,RB,BAL,RANKING_ONLY,NEUTRAL,HEDGED,REST_OF_SEASON,can he be in the top 15 range i think that's safe... if you're drafting him with the expectation to be better than what mark ingram was in 2019 he's going to be a bust,TD dependence / low target volume
2021,2021 Early BUSTS: Picks to Avoid at EVERY Position | 2021 Fantasy Football Advice,Fantasy Football Today,SUPPLIED,SUPPLIED,Heath Cummings,Dallas Goedert,TE,PHI,BUST,DOWN,HEDGED,REST_OF_SEASON,projecting it like that i think they'll be less pass heavy than they were last year with jalen hurts playing quarterback and fewer pass attempts plus sharing with hertz would make it difficult for him to be a top six or seven tight end,Zach Ertz remaining / less pass-heavy offense under Jalen Hurts
2021,2021 Early BUSTS: Picks to Avoid at EVERY Position | 2021 Fantasy Football Advice,Fantasy Football Today,SUPPLIED,SUPPLIED,Jamey Eisenberg,Dallas Goedert,TE,PHI,BREAKOUT,UP,STRONG,REST_OF_SEASON,somebody that could be a top five fantasy tight end so i'd love to set up for dallas goddard,Primary TE role with Ertz departing / target volume
2021,2021 Early BUSTS: Picks to Avoid at EVERY Position | 2021 Fantasy Football Advice,Fantasy Football Today,SUPPLIED,SUPPLIED,Jamey Eisenberg,Tyler Lockett,WR,SEA,BUST,DOWN,MODERATE,REST_OF_SEASON,once they went to this more ground and pound offense is where tyler lockett become became frustrating... i don't think tyler lockett is going to be a top 20 wide receiver,Ground-and-pound run offense shift
2021,2021 Early BUSTS: Picks to Avoid at EVERY Position | 2021 Fantasy Football Advice,Fantasy Football Today,SUPPLIED,SUPPLIED,Heath Cummings,Tyler Lockett,WR,SEA,RANKING_ONLY,NEUTRAL,MODERATE,REST_OF_SEASON,i'm not going to call tyler lock it a bust he's going to have most likely a frustrating year... as long as russell wilson's there i think tyler lockett's going to be a top 20 wide receiver,Connection with Russell Wilson
2021,2021 Early BUSTS: Picks to Avoid at EVERY Position | 2021 Fantasy Football Advice,Fantasy Football Today,SUPPLIED,SUPPLIED,Heath Cummings,DK Metcalf,WR,SEA,BUST,DOWN,HEDGED,REST_OF_SEASON,i think tyler lockett's more likely to finish as a top 20 wide receiver like he's being drafted than dk metcalfe as a top five wide receiver like he's being drafted,High ADP / low catch volume in PPR
2021,2021 Early BUSTS: Picks to Avoid at EVERY Position | 2021 Fantasy Football Advice,Fantasy Football Today,SUPPLIED,SUPPLIED,Heath Cummings,Aaron Rodgers,QB,GB,BUST,DOWN,STRONG,REST_OF_SEASON,there's some obvious regression coming with aaron rodgers and it may not be enough to knock him outside of the top six or seven quarterbacks,Unsustainable 9.1% TD rate / low pass attempt volume
2021,2021 Early BUSTS: Picks to Avoid at EVERY Position | 2021 Fantasy Football Advice,Fantasy Football Today,SUPPLIED,SUPPLIED,Jamey Eisenberg,Aaron Rodgers,QB,GB,BUST,DOWN,MODERATE,REST_OF_SEASON,this is more of a statistical bust than it is a guy to avoid... don't draft them with the expectation of them repeating what they did the following in the previous year,Statistical regression from 2020 MVP campaign
2021,2021 Early BUSTS: Picks to Avoid at EVERY Position | 2021 Fantasy Football Advice,Fantasy Football Today,SUPPLIED,SUPPLIED,Jamey Eisenberg,Will Fuller,WR,MIA,BUST,DOWN,MODERATE,REST_OF_SEASON,i think he's more of a a guy that you settle for is the number three receiver as a gu as opposed to a guy that you target,Injury history / PED suspension / team change
2021,2021 Early BUSTS: Picks to Avoid at EVERY Position | 2021 Fantasy Football Advice,Fantasy Football Today,SUPPLIED,SUPPLIED,Heath Cummings,Will Fuller,WR,MIA,BUST,DOWN,MODERATE,REST_OF_SEASON,i agree with everything,Injury risk / missing week 1
2021,2021 Early BUSTS: Picks to Avoid at EVERY Position | 2021 Fantasy Football Advice,Fantasy Football Today,SUPPLIED,SUPPLIED,Heath Cummings,Odell Beckham Jr.,WR,CLE,BUST,DOWN,STRONG,REST_OF_SEASON,the kevin stefanski aspect of the browns offense really enhances that because his chances of getting 10 targets a game like he did in the giants with the giants doesn't really exist any longer,Low pass volume under Stefanski / injury history
2021,2021 Early BUSTS: Picks to Avoid at EVERY Position | 2021 Fantasy Football Advice,Fantasy Football Today,SUPPLIED,SUPPLIED,Jamey Eisenberg,Odell Beckham Jr.,WR,CLE,BUST,DOWN,MODERATE,REST_OF_SEASON,top 12 no i mean not with cleveland... baker's not going to take those chances to allow beckham to be that guy on a consistent enough and volume enough basis,Run-heavy offense / target distribution
2021,2021 Early BUSTS: Picks to Avoid at EVERY Position | 2021 Fantasy Football Advice,Fantasy Football Today,SUPPLIED,SUPPLIED,Heath Cummings,Julio Jones,WR,TEN,BUST,DOWN,MODERATE,REST_OF_SEASON,i don't think he's going to come anywhere close to dirk cutter's total number of pass attempts... calvin ridley's involvement's not going to go down and i do expect they may throw the ball a hundred fewer times this year,Arthur Smith run-heavy scheme / reduced pass attempts
2021,2021 Early BUSTS: Picks to Avoid at EVERY Position | 2021 Fantasy Football Advice,Fantasy Football Today,SUPPLIED,SUPPLIED,Jamey Eisenberg,Julio Jones,WR,TEN,RANKING_ONLY,UP,STRONG,REST_OF_SEASON,give me that all day he's wonderful,Elite talent and WR16 value
2021,2021 Early BUSTS: Picks to Avoid at EVERY Position | 2021 Fantasy Football Advice,Fantasy Football Today,SUPPLIED,SUPPLIED,Jamey Eisenberg,Chris Carson,RB,SEA,BUST,DOWN,HEDGED,REST_OF_SEASON,i'm concerned about a guy who needs volume to be successful i don't know if he's going to get that,Free agency/team situation uncertainty
2021,2021 Early BUSTS: Picks to Avoid at EVERY Position | 2021 Fantasy Football Advice,Fantasy Football Today,SUPPLIED,SUPPLIED,Jamey Eisenberg,Robert Tonyan,TE,GB,BUST,DOWN,MODERATE,REST_OF_SEASON,aaron rodgers going to regress tonya is going to regress yes,Unsustainable catch and TD rates / Rodgers TD regression
2021,2021 Early BUSTS: Picks to Avoid at EVERY Position | 2021 Fantasy Football Advice,Fantasy Football Today,SUPPLIED,SUPPLIED,Jamey Eisenberg,Logan Thomas,TE,WAS,BUST,DOWN,MODERATE,REST_OF_SEASON,listed as bust in email list,Target regression from 2020
2021,Fantasy Football 2021 - Breakout Picks + Austin Ekeler Joins the Show! - Ep. 1097,The Fantasy Footballers,2021-08-24,SUPPLIED,Jason Moore,Giovani Bernard,RB,TB,RANKING_ONLY,DOWN,HEDGED,REST_OF_SEASON,i don't think he can do a ton with it so if you're a third down back and you only get it on the field on third down... i'm not interested in even in a pbr league i'm not personally interested in geo,Limited third down snaps / crowded pass options
2021,Fantasy Football 2021 - Breakout Picks + Austin Ekeler Joins the Show! - Ep. 1097,The Fantasy Footballers,2021-08-24,SUPPLIED,Jason Moore,Jameis Winston,QB,NO,RANKING_ONLY,NEUTRAL,MODERATE,REST_OF_SEASON,no fire from winston as a fantasy quarterback for me either and as nice as it is to see him make those decisions... winston's going to be 130 to 250 rushing yards,Lack of rushing upside / weak receiving corps without Michael Thomas
2021,Fantasy Football 2021 - Breakout Picks + Austin Ekeler Joins the Show! - Ep. 1097,The Fantasy Footballers,2021-08-24,SUPPLIED,Jason Moore,Taysom Hill,QB,NO,RANKING_ONLY,UP,HEDGED,REST_OF_SEASON,for fantasy purposes hill is more valuable because he's going to run the football consistently,Rushing production
2021,Fantasy Football 2021 - Breakout Picks + Austin Ekeler Joins the Show! - Ep. 1097,The Fantasy Footballers,2021-08-24,SUPPLIED,Jason Moore,Travis Etienne,RB,JAX,BUST,DOWN,STRONG,REST_OF_SEASON,you can't draft travis etienne where he's been drafted he's been in the fifth round,Lisfranc foot injury
2021,Fantasy Football 2021 - Breakout Picks + Austin Ekeler Joins the Show! - Ep. 1097,The Fantasy Footballers,2021-08-24,SUPPLIED,Jason Moore,James Robinson,RB,JAX,SLEEPER,UP,STRONG,REST_OF_SEASON,regardless of carlos hyde he's he's a huge uh value there,Etienne injury opens lead back workload
2021,Fantasy Football 2021 - Breakout Picks + Austin Ekeler Joins the Show! - Ep. 1097,The Fantasy Footballers,2021-08-24,SUPPLIED,Mike Wright,Adam Trautman,TE,NO,BUST,DOWN,STRONG,REST_OF_SEASON,he's off the draft board now that you have to wait and see maybe you're not drafting two tight ends to hold one to hope they break out,Preseason foot/ankle injury
2021,Fantasy Football 2021 - Breakout Picks + Austin Ekeler Joins the Show! - Ep. 1097,The Fantasy Footballers,2021-08-24,SUPPLIED,Andy Holloway,Diontae Johnson,WR,PIT,BREAKOUT,UP,STRONG,REST_OF_SEASON,to me he is a great breakout candidate to go up over a thousand yards go up over 100 receptions and really if he gets in the end zone right watch out,Elite target share per snap / top 5 targets / 2-wide set lock
2021,Fantasy Football 2021 - Breakout Picks + Austin Ekeler Joins the Show! - Ep. 1097,The Fantasy Footballers,2021-08-24,SUPPLIED,Jason Moore,T.J. Hockenson,TE,DET,BREAKOUT,UP,STRONG,REST_OF_SEASON,i am very confident that tj hawkinson will be a plug and play tied in this year... i have him with 135 targets 95 receptions 1030 yards and seven times,Year 3 tight end breakout / 300+ departed targets in Detroit
2021,Fantasy Football 2021 - Breakout Picks + Austin Ekeler Joins the Show! - Ep. 1097,The Fantasy Footballers,2021-08-24,SUPPLIED,Mike Wright,Michael Pittman Jr.,WR,IND,BREAKOUT,UP,STRONG,REST_OF_SEASON,for a player that i think can skyrocket and and easily be a top 36 receiver,Year 2 wide receiver breakout profile / Carson Wentz return / WR1 alpha frame
2021,Fantasy Football 2021 - Breakout Picks + Austin Ekeler Joins the Show! - Ep. 1097,The Fantasy Footballers,2021-08-24,SUPPLIED,Jason Moore,Jerry Jeudy,WR,DEN,BREAKOUT,UP,MODERATE,REST_OF_SEASON,jerry judy second year wide receiver i think can definitely hear your voice give them to me,Second year receiver progression
2021,Fantasy Football 2021 - Breakout Picks + Austin Ekeler Joins the Show! - Ep. 1097,The Fantasy Footballers,2021-08-24,SUPPLIED,Mike Wright,Kyle Pitts,TE,ATL,BREAKOUT,UP,MODERATE,REST_OF_SEASON,i'm gonna go kyle pitts i'm gonna echo the loud cries of kyle pitts i think he has a guaranteed target share in this offense,Guaranteed high target share in Atlanta
2021,Fantasy Football 2021 - Breakout Picks + Austin Ekeler Joins the Show! - Ep. 1097,The Fantasy Footballers,2021-08-24,SUPPLIED,Andy Holloway,Damien Harris,RB,NE,BREAKOUT,UP,MODERATE,REST_OF_SEASON,my bonus donut pick is damian harris running back for the new england patriots... the drum beat has continued for him throughout training camp,Clear lead running back role / goal line upside if Mac Jones starts
2021,Fantasy Football 2021 - Breakout Picks + Austin Ekeler Joins the Show! - Ep. 1097,The Fantasy Footballers,2021-08-24,SUPPLIED,Austin Ekeler,Austin Ekeler,RB,LAC,BREAKOUT,UP,STRONG,REST_OF_SEASON,i'm trying to score you guys as many fantasy points as i can,1000/1000 goal / role in Chargers offense
2021,Fantasy Football 2021 - Early Breakouts & Busts + Budget Magician Strikes Again - Ep. 1063,The Fantasy Footballers,2021-06-17,SUPPLIED,Jason Moore,Andy Dalton,QB,CHI,RANKING_ONLY,NEUTRAL,HEDGED,THIS_WEEK,i started the offseason with andy dalton starting the first two games and then they make a switch in week three,Short bridge starter before Justin Fields
2021,Fantasy Football 2021 - Early Breakouts & Busts + Budget Magician Strikes Again - Ep. 1063,The Fantasy Footballers,2021-06-17,SUPPLIED,Jason Moore,Cam Akers,RB,LAR,BREAKOUT,UP,STRONG,REST_OF_SEASON,i really believe that cam akers is going to have a breakout season... average between those two playoff games 24 and a half touches 136 yards and a touchdown,High touch volume late in 2020 / 3-down role / Matthew Stafford checkdowns / 140 departed targets
2021,Fantasy Football 2021 - Early Breakouts & Busts + Budget Magician Strikes Again - Ep. 1063,The Fantasy Footballers,2021-06-17,SUPPLIED,Mike Wright,Adam Trautman,TE,NO,BREAKOUT,UP,STRONG,REST_OF_SEASON,adam troutman from the new orleans saints i believe that he is a breakout tight end this year and will be valuable for fantasy football,Vacuum at #2 target behind Michael Thomas / Cook & Hill departed / high college dominator
2021,Fantasy Football 2021 - Early Breakouts & Busts + Budget Magician Strikes Again - Ep. 1063,The Fantasy Footballers,2021-06-17,SUPPLIED,Andy Holloway,Ja'Marr Chase,WR,CIN,BREAKOUT,UP,STRONG,REST_OF_SEASON,bet on the draft capital and the connection and the friendship and the rapport and the trust and the professionalism of jamar chase,Reunited with Joe Burrow / high passing volume / elite draft capital
2021,Fantasy Football 2021 - Early Breakouts & Busts + Budget Magician Strikes Again - Ep. 1063,The Fantasy Footballers,2021-06-17,SUPPLIED,Jason Moore,Saquon Barkley,RB,NYG,BUST,DOWN,MODERATE,REST_OF_SEASON,he is being drafted off of the memory of his unfathomable rookie season... i don't believe he's going to be this christian mccaffrey level 121 target type of guy,High ADP (#3/4) / major knee surgery recovery / Daniel Jones lower RB target rate
2021,Fantasy Football 2021 - Early Breakouts & Busts + Budget Magician Strikes Again - Ep. 1063,The Fantasy Footballers,2021-06-17,SUPPLIED,Mike Wright,Logan Thomas,TE,WAS,BUST,DOWN,STRONG,REST_OF_SEASON,logan thomas from the washington football team... i just don't believe that with the new players on the team and the new quarterback on the team i think logan thomas should you should not draft him at all,Target inflation from Gibson injury in 2020 / addition of Curtis Samuel / Fitzpatrick lower TE target rate
2021,Fantasy Football 2021 - Early Breakouts & Busts + Budget Magician Strikes Again - Ep. 1063,The Fantasy Footballers,2021-06-17,SUPPLIED,Andy Holloway,DJ Chark,WR,JAX,BUST,DOWN,STRONG,REST_OF_SEASON,his dynasty value is a complete illusion because he is a free agent in 2022... there's a very high likelihood that he is the number four overall pass catcher on this team this year,Inconsistent production / Urban Meyer criticism / addition of Marvin Jones / competition from Shenault and Etienne
2021,"Fantasy Football 2021 - Early Sleepers & Values + Nappers, Jason Gets Sweaty - Ep. 1064",The Fantasy Footballers,2021-06-22,SUPPLIED,Mike Wright,Henry Ruggs III,WR,LV,SLEEPER,UP,MODERATE,REST_OF_SEASON,i still think that the talent and opportunity is there... rugs fits that sleeper category,Gruden wanting to involve him more / speed
2021,"Fantasy Football 2021 - Early Sleepers & Values + Nappers, Jason Gets Sweaty - Ep. 1064",The Fantasy Footballers,2021-06-22,SUPPLIED,Mike Wright,Sammy Watkins,WR,BAL,WAIVER_FADE,NEUTRAL,MODERATE,REST_OF_SEASON,is there any chance he's the clear one for this team is that in the range of possible outcome where he should be a sleeper in fantasy no,Low passing volume in Baltimore behind Mark Andrews
2021,"Fantasy Football 2021 - Early Sleepers & Values + Nappers, Jason Gets Sweaty - Ep. 1064",The Fantasy Footballers,2021-06-22,SUPPLIED,Mike Wright,John Brown,WR,LV,SLEEPER,UP,STRONG,REST_OF_SEASON,john brown still has it and that was while competing with their newest number one wide receiver stefan diggs... there is an actual percentage chance that john brown could do that,Replaces Agholor as deep threat with Derek Carr
2021,"Fantasy Football 2021 - Early Sleepers & Values + Nappers, Jason Gets Sweaty - Ep. 1064",The Fantasy Footballers,2021-06-22,SUPPLIED,Jason Moore,Gerald Everett,TE,SEA,SLEEPER,UP,STRONG,REST_OF_SEASON,gerald everett tight end now with the seattle seahawks this year he checks a lot of those boxes for me... pete carroll went on radio... he didn't skip a beat he said gerald everett is going to be great,Reunited with OC Shane Waldron / athletic profile / Pete Carroll praise
2021,"Fantasy Football 2021 - Early Sleepers & Values + Nappers, Jason Gets Sweaty - Ep. 1064",The Fantasy Footballers,2021-06-22,SUPPLIED,Andy Holloway,Mike Williams,WR,LAC,SLEEPER,UP,STRONG,REST_OF_SEASON,mike williams wide receiver for the los angeles chargers... he has the draft pedigree and the talent and the size and the strength and the ability to go out and put up a 10 touchdown type of season and he is being 100 ignored in drafts,Paired with Justin Herbert / deep threat opposite Keenan Allen / 10 TD upside
2021,"Fantasy Football 2021 - Early Sleepers & Values + Nappers, Jason Gets Sweaty - Ep. 1064",The Fantasy Footballers,2021-06-22,SUPPLIED,Mike Wright,Antonio Brown,WR,TB,SLEEPER,UP,STRONG,REST_OF_SEASON,antonio brown being drafted on sleeper is the wide receiver 48... he was a wide receiver three or better in five of his eight games... that type of volume in the later rounds is just absurd,20% target share in 2020 with Tom Brady / 11th round ADP value
2021,"Fantasy Football 2021 - Early Sleepers & Values + Nappers, Jason Gets Sweaty - Ep. 1064",The Fantasy Footballers,2021-06-22,SUPPLIED,Jason Moore,Ryan Tannehill,QB,TEN,SLEEPER,UP,STRONG,REST_OF_SEASON,ryan tannehill is an excellent value right now he's going in the 10th round as the 13th quarterback off the board... you add julio jones the upside is actually the quarterback one,QB2 finish in 2020 from week 5 on / addition of Julio Jones / 10th round ADP
2021,"Fantasy Football 2021 - Early Sleepers & Values + Nappers, Jason Gets Sweaty - Ep. 1064",The Fantasy Footballers,2021-06-22,SUPPLIED,Andy Holloway,Deebo Samuel,WR,SF,SLEEPER,UP,MODERATE,REST_OF_SEASON,debo samuel here... he's the wide receiver 35 off the board right now and the reason i like debo is because he's going two rounds behind brandon nyuk... when he's healthy he's great,Value 2 rounds behind Aiyuk / 1a/1b in Shanahan scheme when healthy
2021,"Fantasy Football 2021 - Sleeper Picks + Hype Trains, Sony & Etienne News - Ep. 1098",The Fantasy Footballers,2021-08-25,SUPPLIED,Jason Moore,Robby Anderson,WR,CAR,SLEEPER,UP,MODERATE,REST_OF_SEASON,the way that they used robbie anderson last year i think is the way they want to continue to use him as more of a possession guy... i do have him leading this team in receptions,136 targets in 2020 / possession role contract extension
2021,"Fantasy Football 2021 - Sleeper Picks + Hype Trains, Sony & Etienne News - Ep. 1098",The Fantasy Footballers,2021-08-25,SUPPLIED,Jason Moore,Travis Etienne,RB,JAX,BUST,DOWN,STRONG,REST_OF_SEASON,travis etienne did end up... put on the injured reserve he's going to undergo surgery he has done for the season,Out for season with Lisfranc foot surgery
2021,"Fantasy Football 2021 - Sleeper Picks + Hype Trains, Sony & Etienne News - Ep. 1098",The Fantasy Footballers,2021-08-25,SUPPLIED,Jason Moore,James Robinson,RB,JAX,SLEEPER,UP,MODERATE,REST_OF_SEASON,he's still running back 19 for me... certainly a steal at the draft price he had been at... slot him in as an rb2,Lead back role restored with Etienne out
2021,"Fantasy Football 2021 - Sleeper Picks + Hype Trains, Sony & Etienne News - Ep. 1098",The Fantasy Footballers,2021-08-25,SUPPLIED,Andy Holloway,Sony Michel,RB,LAR,STASH,UP,MODERATE,REST_OF_SEASON,sony is capable and he will siphon a lot of a lot of carries away from daryl henderson... i think you're going to see sony come in here and carry the ball 150 times,Traded to Rams / volume opportunity
2021,"Fantasy Football 2021 - Sleeper Picks + Hype Trains, Sony & Etienne News - Ep. 1098",The Fantasy Footballers,2021-08-25,SUPPLIED,Jason Moore,Darrell Henderson,RB,LAR,RANKING_ONLY,DOWN,MODERATE,REST_OF_SEASON,takes a lot of the upside away from henderson... he's a low end rb two for me i have him behind james robinson now,Sony Michel trade siphoning 130-150 carries
2021,"Fantasy Football 2021 - Sleeper Picks + Hype Trains, Sony & Etienne News - Ep. 1098",The Fantasy Footballers,2021-08-25,SUPPLIED,Jason Moore,Rhamondre Stevenson,RB,NE,SLEEPER,UP,MODERATE,REST_OF_SEASON,romandre stevenson is a sleeper for this season... if he was healthy he was blowing my mind,Michel trade opens depth chart / strong preseason
2021,"Fantasy Football 2021 - Sleeper Picks + Hype Trains, Sony & Etienne News - Ep. 1098",The Fantasy Footballers,2021-08-25,SUPPLIED,Mike Wright,Jakobi Meyers,WR,NE,SLEEPER,UP,STRONG,REST_OF_SEASON,jacoby myers wide receiver for the new england patriots... week seven on 123 target pace 90 reception pace... jacoby myers is the new julian edelman,30% target share from week 7 on in 2020 / slot role in McDaniels scheme
2021,"Fantasy Football 2021 - Sleeper Picks + Hype Trains, Sony & Etienne News - Ep. 1098",The Fantasy Footballers,2021-08-25,SUPPLIED,Jason Moore,Russell Gage,WR,ATL,SLEEPER,UP,STRONG,REST_OF_SEASON,third year wide receiver for the atlanta falcons russell gage... weeks 11 through 18 he was the wide receiver 18... third down targets matt ryan trusts him,Julio Jones departed / high 3rd down targets from Matt Ryan
2021,"Fantasy Football 2021 - Sleeper Picks + Hype Trains, Sony & Etienne News - Ep. 1098",The Fantasy Footballers,2021-08-25,SUPPLIED,Andy Holloway,Justin Fields,QB,CHI,SLEEPER,UP,STRONG,REST_OF_SEASON,justin fields... 4.44 speed... every rookie quarterback that surpassed 80 rushing attempts has not only been a fantasy force but he has maintained a top 10 quarterback per game pace,4.44 speed / elite rushing floor / strong receiving weapons
2021,"Fantasy Football 2021 - Sleeper Picks + Hype Trains, Sony & Etienne News - Ep. 1098",The Fantasy Footballers,2021-08-25,SUPPLIED,Mike Wright,Bryan Edwards,WR,LV,SLEEPER,UP,STRONG,REST_OF_SEASON,brian edwards wide receiver for the las vegas raiders... derek carr multiple times has said brian edwards reminds him of devonte adams,Outside WR role available after Agholor departure / Carr praise
2021,"Fantasy Football 2021 - Sleeper Picks + Hype Trains, Sony & Etienne News - Ep. 1098",The Fantasy Footballers,2021-08-25,SUPPLIED,Jason Moore,Marquez Callaway,WR,NO,SLEEPER,UP,STRONG,REST_OF_SEASON,marquez calloway second year wide receiver for the new orleans saints... he could end up with 8 9 10 targets for the first five or six weeks of the season,Target vacuum with Michael Thomas & Tre'Quan Smith out / preseason hyper-targeting
2021,"Fantasy Football 2021 - Sleeper Picks + Hype Trains, Sony & Etienne News - Ep. 1098",The Fantasy Footballers,2021-08-25,SUPPLIED,Andy Holloway,Tua Tagovailoa,QB,MIA,SLEEPER,UP,STRONG,REST_OF_SEASON,tua tongovailoa quarterback for the miami dolphins... he has the talent skill and ability draft capital pieces around him to where the upside might be higher than a lot of those really late round options,"Upgraded weapons (Waddle, Fuller) / 2nd year development / aggressive preseason passing"
2021,"Fantasy Football 2021 - Week 3 Waivers + Full Stream Ahead, Smoke/Fire - Ep. 1116",The Fantasy Footballers,SUPPLIED,3,Mike Wright,A.J. Dillon,RB,GB,WAIVER_FADE,DOWN,HEDGED,REST_OF_SEASON,i cannot fathom starting aj dillon without an injury to aaron jones... he is purely an insurance back,Aaron Jones dominating touches
2021,"Fantasy Football 2021 - Week 3 Waivers + Full Stream Ahead, Smoke/Fire - Ep. 1116",The Fantasy Footballers,SUPPLIED,3,Jason Moore,Cordarrelle Patterson,RB,ATL,WAIVER_ADD,UP,STRONG,REST_OF_SEASON,he looks so much better than mike davis... he's encroaching on mike davis... he's a spot start who i think got juice,receiving targets and goal line snaps over Mike Davis
2021,"Fantasy Football 2021 - Week 3 Waivers + Full Stream Ahead, Smoke/Fire - Ep. 1116",The Fantasy Footballers,SUPPLIED,3,Mike Wright,Cordarrelle Patterson,RB,ATL,WAIVER_ADD,UP,MODERATE,REST_OF_SEASON,patterson's part of the game plan so i think that he is a solid stash,wildcat goal line work and receiving role
2021,"Fantasy Football 2021 - Week 3 Waivers + Full Stream Ahead, Smoke/Fire - Ep. 1116",The Fantasy Footballers,SUPPLIED,3,Andy Holloway,Cordarrelle Patterson,RB,ATL,WAIVER_FADE,NEUTRAL,HEDGED,REST_OF_SEASON,i just don't know i guess i'm having a hard time defining what fire and smoke means on this one,
2021,"Fantasy Football 2021 - Week 3 Waivers + Full Stream Ahead, Smoke/Fire - Ep. 1116",The Fantasy Footballers,SUPPLIED,3,Mike Wright,Henry Ruggs III,WR,LV,WAIVER_FADE,NEUTRAL,HEDGED,REST_OF_SEASON,i think this is mostly smoke it's not something that i think will happen on a week by week basis,boom-or-bust deep ball dependency
2021,"Fantasy Football 2021 - Week 3 Waivers + Full Stream Ahead, Smoke/Fire - Ep. 1116",The Fantasy Footballers,SUPPLIED,3,Andy Holloway,K.J. Osborn,WR,MIN,WAIVER_ADD,UP,HEDGED,REST_OF_SEASON,osborne looks like a russell gauge of last year type of pickup... you could probably start him in a ppr format and not get goosed,high passing volume in Minnesota
2021,"Fantasy Football 2021 - Week 3 Waivers + Full Stream Ahead, Smoke/Fire - Ep. 1116",The Fantasy Footballers,SUPPLIED,3,Andy Holloway,Jakobi Meyers,WR,NE,WAIVER_FADE,DOWN,MODERATE,REST_OF_SEASON,i am 100 percent willing to let them go... i just don't see that being able to be possible with rookie mac jones,low passing upside in Mac Jones offense
2021,"Fantasy Football 2021 - Week 3 Waivers + Full Stream Ahead, Smoke/Fire - Ep. 1116",The Fantasy Footballers,SUPPLIED,3,Jason Moore,Brandon Aiyuk,WR,SF,STASH,NEUTRAL,HEDGED,REST_OF_SEASON,if that changes and all of a sudden okay now we're back to iuke playing and being a regular part of this offense he's going to be more valuable,low snap count return from hamstring injury
2021,"Fantasy Football 2021 - Week 3 Waivers + Full Stream Ahead, Smoke/Fire - Ep. 1116",The Fantasy Footballers,SUPPLIED,3,Andy Holloway,Marvin Jones Jr.,WR,JAX,WAIVER_ADD,UP,STRONG,REST_OF_SEASON,marvin jones needs to be played... 11 targets wide receiver 19 two straight weeks,target volume from Trevor Lawrence
2021,"Fantasy Football 2021 - Week 3 Waivers + Full Stream Ahead, Smoke/Fire - Ep. 1116",The Fantasy Footballers,SUPPLIED,3,Andy Holloway,Darnell Mooney,WR,CHI,STASH,UP,MODERATE,REST_OF_SEASON,8 targets last week for 66... if justin fields takes over the offense starts moving you could continue to see some success,target volume and potential QB upgrade to Justin Fields
2021,"Fantasy Football 2021 - Week 3 Waivers + Full Stream Ahead, Smoke/Fire - Ep. 1116",The Fantasy Footballers,SUPPLIED,3,Andy Holloway,Sterling Shepard,WR,NYG,WAIVER_ADD,UP,STRONG,REST_OF_SEASON,you should roster i think you should roster him and you should play him at the very least until evan ingram comes back,target volume from Daniel Jones
2021,"Fantasy Football 2021 - Week 3 Waivers + Full Stream Ahead, Smoke/Fire - Ep. 1116",The Fantasy Footballers,SUPPLIED,3,Mike Wright,Tim Patrick,WR,DEN,WAIVER_ADD,UP,MODERATE,REST_OF_SEASON,tim patrick is 34 rostered had a touchdown 74 of snaps i still think you should pick him up and you can flex him,consistent snap share and touchdown target
2021,"Fantasy Football 2021 - Week 3 Waivers + Full Stream Ahead, Smoke/Fire - Ep. 1116",The Fantasy Footballers,SUPPLIED,3,Mike Wright,Rondale Moore,WR,ARI,WAIVER_ADD,UP,STRONG,REST_OF_SEASON,he is the number one priority... he has not you can see the path to more work,increasing snap count and explosive big-play role in fast offense
2021,"Fantasy Football 2021 - Week 3 Waivers + Full Stream Ahead, Smoke/Fire - Ep. 1116",The Fantasy Footballers,SUPPLIED,3,Jason Moore,Emmanuel Sanders,WR,BUF,WAIVER_ADD,UP,STRONG,REST_OF_SEASON,i would absolutely pick him up... average depth of target is almost 20 yards he's the deep guy,high ADOT and deep targets from Josh Allen
2021,"Fantasy Football 2021 - Week 3 Waivers + Full Stream Ahead, Smoke/Fire - Ep. 1116",The Fantasy Footballers,SUPPLIED,3,Jason Moore,Sony Michel,RB,LAR,WAIVER_ADD,UP,HEDGED,THIS_WEEK,sony should be added in the event that you do need a spot start... if henderson is ruled out,volume opportunity if Henderson misses time
2021,"Fantasy Football 2021 - Week 3 Waivers + Full Stream Ahead, Smoke/Fire - Ep. 1116",The Fantasy Footballers,SUPPLIED,3,Andy Holloway,James White,RB,NE,WAIVER_ADD,UP,STRONG,REST_OF_SEASON,james white is someone that should be rostered in a hundred percent... running back 14 this last week,lead target share among Patriots running backs
2021,"Fantasy Football 2021 - Week 3 Waivers + Full Stream Ahead, Smoke/Fire - Ep. 1116",The Fantasy Footballers,SUPPLIED,3,Mike Wright,J.D. McKissic,RB,WAS,WAIVER_ADD,NEUTRAL,HEDGED,REST_OF_SEASON,he's a fine play in a ppr league if you went zero rb he's someone you can play but he's not a priority,two-minute drill receiving role
2021,"Fantasy Football 2021 - Week 3 Waivers + Full Stream Ahead, Smoke/Fire - Ep. 1116",The Fantasy Footballers,SUPPLIED,3,Jason Moore,Tony Pollard,RB,DAL,WAIVER_ADD,UP,STRONG,REST_OF_SEASON,if for some reason tony pollard is available in your league... he would be the number one priority,standalone flex value and top-tier handcuff upside
2021,"Fantasy Football 2021 - Week 3 Waivers + Full Stream Ahead, Smoke/Fire - Ep. 1116",The Fantasy Footballers,SUPPLIED,3,Mike Wright,Kenneth Gainwell,RB,PHI,STASH,UP,MODERATE,REST_OF_SEASON,his involvement was still good... i do think he's a stash,receiving role in Eagles backfield
2021,"Fantasy Football 2021 - Week 3 Waivers + Full Stream Ahead, Smoke/Fire - Ep. 1116",The Fantasy Footballers,SUPPLIED,3,Mike Wright,Michael Carter,RB,NYJ,STASH,UP,MODERATE,REST_OF_SEASON,michael carter has moved into that... 14 opportunities two carries inside the 10,expanding snap share and goal-line carries over Tevin Coleman
2021,"Fantasy Football 2021 - Week 3 Waivers + Full Stream Ahead, Smoke/Fire - Ep. 1116",The Fantasy Footballers,SUPPLIED,3,Jason Moore,Jeff Wilson Jr.,RB,SF,STASH,UP,STRONG,REST_OF_SEASON,if you have an ir spot please add jeff wilson... he will have every chance to be the majority back when he returns,coaching staff trust and receiving history
2021,"Fantasy Football 2021 - Week 3 Waivers + Full Stream Ahead, Smoke/Fire - Ep. 1116",The Fantasy Footballers,SUPPLIED,3,Mike Wright,Evan Engram,TE,NYG,WAIVER_ADD,UP,MODERATE,THIS_WEEK,evan ingram could play this week and if he does he is certainly in this landscape... daniel jones lover over there,target opportunity in Giants passing offense
2021,"Fantasy Football 2021 - Week 3 Waivers + Full Stream Ahead, Smoke/Fire - Ep. 1116",The Fantasy Footballers,SUPPLIED,3,Mike Wright,Jared Cook,TE,LAC,WAIVER_ADD,UP,HEDGED,THIS_WEEK,jared cook was disappointed to a lot of people... fine for this level of garbage tight ends,red zone target scheme in Chargers offense
2021,"Fantasy Football 2021 - Week 3 Waivers + Full Stream Ahead, Smoke/Fire - Ep. 1116",The Fantasy Footballers,SUPPLIED,3,Andy Holloway,T.J. Hockenson,TE,DET,START,UP,STRONG,REST_OF_SEASON,i would buy high on t.j. hawkinson if you could... two straight huge weeks,dominant target share in Detroit
2021,"Fantasy Football 2021 - Week 3 Waivers + Full Stream Ahead, Smoke/Fire - Ep. 1116",The Fantasy Footballers,SUPPLIED,3,Andy Holloway,Denver Broncos,DST,DEN,START,UP,STRONG,THIS_WEEK,denver has the jets if you would like the zach wilson interception experience,matchup against rookie QB Zach Wilson
2021,"Fantasy Football 2021 - Week 3 Waivers + Full Stream Ahead, Smoke/Fire - Ep. 1116",The Fantasy Footballers,SUPPLIED,3,Andy Holloway,Carolina Panthers,DST,CAR,START,UP,STRONG,THIS_WEEK,panthers defense on thursday against houston and general mills prime time... bad things over and over,matchup against rookie QB Davis Mills
2021,"Fantasy Football 2021 - Week 3 Waivers + Full Stream Ahead, Smoke/Fire - Ep. 1116",The Fantasy Footballers,SUPPLIED,3,Mike Wright,Arizona Cardinals,DST,ARI,START,UP,STRONG,THIS_WEEK,cardinals take on jacksonville... opportunities for turnovers sacks,matchup against Trevor Lawrence
2021,"Fantasy Football 2021 - Week 3 Waivers + Full Stream Ahead, Smoke/Fire - Ep. 1116",The Fantasy Footballers,SUPPLIED,3,Mike Wright,Las Vegas Raiders,DST,LV,START,UP,MODERATE,THIS_WEEK,raiders as a streaming option against miami against probably jacoby beef brisket,matchup against backup QB Jacoby Brissett
2021,"Fantasy Football 2021 - Week 3 Waivers + Full Stream Ahead, Smoke/Fire - Ep. 1116",The Fantasy Footballers,SUPPLIED,3,Andy Holloway,Teddy Bridgewater,QB,DEN,START,UP,MODERATE,THIS_WEEK,teddy bridgewater against the jets... he's been okay... jets are allowing a 71 completion rate,matchup against weak Jets secondary
2021,"Fantasy Football 2021 - Week 3 Waivers + Full Stream Ahead, Smoke/Fire - Ep. 1116",The Fantasy Footballers,SUPPLIED,3,Jason Moore,Daniel Jones,QB,NYG,START,UP,STRONG,THIS_WEEK,my streaming start of the week is... daniel jones... atlanta is averaging 29.1 fantasy points allowed,rushing floor and matchup against Falcons defense
2021,"Fantasy Football 2021 - Week 3 Waivers + Full Stream Ahead, Smoke/Fire - Ep. 1116",The Fantasy Footballers,SUPPLIED,3,Mike Wright,Justin Fields,QB,CHI,WAIVER_ADD,UP,STRONG,REST_OF_SEASON,justin fields needs to be picked up... based on mobility alone he has top 12 upside,rushing attempt ceiling and top-12 upside
2021,"Fantasy Football 2021 - Week 3 Waivers + Full Stream Ahead, Smoke/Fire - Ep. 1116",The Fantasy Footballers,SUPPLIED,3,Mike Wright,Ryan Tannehill,QB,TEN,START,NEUTRAL,HEDGED,REST_OF_SEASON,i'm sticking with ryan tannehill... julio showed to me that ryan tannehill's gonna be absolutely fine,weapons returning and drop regression bounce-back
2021,"Fantasy Football 2021 - Week 4 Waivers + Full Stream Ahead, Clown Show - Ep. 1121",The Fantasy Footballers,SUPPLIED,4,Andy Holloway,Odell Beckham Jr.,WR,CLE,START,UP,STRONG,REST_OF_SEASON,i think beckham has some real flex to wide receiver two consistency coming his way... looks healthy,9 targets in return / Jarvas Landry injury
2021,"Fantasy Football 2021 - Week 4 Waivers + Full Stream Ahead, Clown Show - Ep. 1121",The Fantasy Footballers,SUPPLIED,4,Jason Moore,Brandon Aiyuk,WR,SF,SIT,NEUTRAL,HEDGED,THIS_WEEK,i'm not willing to start brandon aiyuk next week myself... one week is not going to get me there yet,snap count rebound but low target production
2021,"Fantasy Football 2021 - Week 4 Waivers + Full Stream Ahead, Clown Show - Ep. 1121",The Fantasy Footballers,SUPPLIED,4,Mike Wright,Brandon Aiyuk,WR,SF,START,UP,MODERATE,THIS_WEEK,i would be willing to start aiyuk... 86 percent of snaps identical to debo,86% snap share tied with Deebo Samuel
2021,"Fantasy Football 2021 - Week 4 Waivers + Full Stream Ahead, Clown Show - Ep. 1121",The Fantasy Footballers,SUPPLIED,4,Andy Holloway,Brandin Cooks,WR,HOU,START,UP,STRONG,REST_OF_SEASON,he's going to be a must start for the rest of the season because you have to throw him the football,"dominant target share (7, 14, 11 targets)"
2021,"Fantasy Football 2021 - Week 4 Waivers + Full Stream Ahead, Clown Show - Ep. 1121",The Fantasy Footballers,SUPPLIED,4,Andy Holloway,Robby Anderson,WR,CAR,RANKING_ONLY,UP,MODERATE,REST_OF_SEASON,anderson is the ultimate buy low... free up their roster and maybe it's your gain later on,Christian McCaffrey injury opening targets / target regression
2021,"Fantasy Football 2021 - Week 4 Waivers + Full Stream Ahead, Clown Show - Ep. 1121",The Fantasy Footballers,SUPPLIED,4,Andy Holloway,Cole Beasley,WR,BUF,WAIVER_ADD,UP,MODERATE,REST_OF_SEASON,cole beasley had 13 targets... you want those outrageous offenses in fantasy,13 targets in high-powered Bills passing offense
2021,"Fantasy Football 2021 - Week 4 Waivers + Full Stream Ahead, Clown Show - Ep. 1121",The Fantasy Footballers,SUPPLIED,4,Mike Wright,Tim Patrick,WR,DEN,WAIVER_ADD,UP,STRONG,REST_OF_SEASON,tim patrick should be rostered in 85 percent of leagues... every week flexworthy start,consistent touchdown and target share in Denver
2021,"Fantasy Football 2021 - Week 4 Waivers + Full Stream Ahead, Clown Show - Ep. 1121",The Fantasy Footballers,SUPPLIED,4,Andy Holloway,Christian Kirk,WR,ARI,WAIVER_ADD,UP,MODERATE,REST_OF_SEASON,kirk has been solid... always have a chance at a touchdown,slot role in high-scoring Cardinals offense
2021,"Fantasy Football 2021 - Week 4 Waivers + Full Stream Ahead, Clown Show - Ep. 1121",The Fantasy Footballers,SUPPLIED,4,Jason Moore,Hunter Renfrow,WR,LV,WAIVER_ADD,UP,MODERATE,REST_OF_SEASON,six targets five for 77 and a touchdown... known commodity baseline of six receptions,consistent target baseline in PPR
2021,"Fantasy Football 2021 - Week 4 Waivers + Full Stream Ahead, Clown Show - Ep. 1121",The Fantasy Footballers,SUPPLIED,4,Mike Wright,Bryan Edwards,WR,LV,STASH,NEUTRAL,HEDGED,REST_OF_SEASON,he's like a purgatory player... you're praying when you put them in the lineup that you get a deep play,late-game deep target role only
2021,"Fantasy Football 2021 - Week 4 Waivers + Full Stream Ahead, Clown Show - Ep. 1121",The Fantasy Footballers,SUPPLIED,4,Jason Moore,Curtis Samuel,WR,WAS,STASH,UP,HEDGED,REST_OF_SEASON,it's time to stash curtis samuel... eligible to come back this week,IR return and vacant WR2 role in Washington
2021,"Fantasy Football 2021 - Week 4 Waivers + Full Stream Ahead, Clown Show - Ep. 1121",The Fantasy Footballers,SUPPLIED,4,Jason Moore,Rashod Bateman,WR,BAL,STASH,UP,HEDGED,REST_OF_SEASON,rashad bateman for the baltimore ravens... first round rookie wide receiver selection... coming back soon,first-round draft capital returning from injury
2021,"Fantasy Football 2021 - Week 4 Waivers + Full Stream Ahead, Clown Show - Ep. 1121",The Fantasy Footballers,SUPPLIED,4,Jason Moore,Chuba Hubbard,RB,CAR,WAIVER_ADD,UP,STRONG,REST_OF_SEASON,chuba should go to the cmc manager in almost every situation... flexible for two weeks,lead back workload with Christian McCaffrey out
2021,"Fantasy Football 2021 - Week 4 Waivers + Full Stream Ahead, Clown Show - Ep. 1121",The Fantasy Footballers,SUPPLIED,4,Andy Holloway,Cordarrelle Patterson,RB,ATL,WAIVER_ADD,UP,STRONG,REST_OF_SEASON,he's going to be a part of the offense for the whole season... stolen a piece of it,sustained multi-positional role in Falcons offense
2021,"Fantasy Football 2021 - Week 4 Waivers + Full Stream Ahead, Clown Show - Ep. 1121",The Fantasy Footballers,SUPPLIED,4,Mike Wright,Zack Moss,RB,BUF,WAIVER_ADD,UP,MODERATE,REST_OF_SEASON,zach moss is certainly a pickup... out touched devin singletary,goal line role and out-touching Singletary
2021,"Fantasy Football 2021 - Week 4 Waivers + Full Stream Ahead, Clown Show - Ep. 1121",The Fantasy Footballers,SUPPLIED,4,Mike Wright,Peyton Barber,RB,LV,STASH,UP,MODERATE,THIS_WEEK,peyton barber is the guy who should be rostered for josh jacobs managers... proof positive,lead workload whenever Josh Jacobs is inactive
2021,"Fantasy Football 2021 - Week 4 Waivers + Full Stream Ahead, Clown Show - Ep. 1121",The Fantasy Footballers,SUPPLIED,4,Mike Wright,Rhamondre Stevenson,RB,NE,STASH,UP,HEDGED,REST_OF_SEASON,rhamondre stevenson is the more talented running back... take the shot on talent,James White injury creating backfield opportunity
2021,"Fantasy Football 2021 - Week 4 Waivers + Full Stream Ahead, Clown Show - Ep. 1121",The Fantasy Footballers,SUPPLIED,4,Mike Wright,J.J. Taylor,RB,NE,STASH,NEUTRAL,HEDGED,REST_OF_SEASON,jj taylor is the more james white role... good pass catching back,James White pass-catching role
2021,"Fantasy Football 2021 - Week 4 Waivers + Full Stream Ahead, Clown Show - Ep. 1121",The Fantasy Footballers,SUPPLIED,4,Mike Wright,Tyler Conklin,TE,MIN,WAIVER_ADD,UP,MODERATE,REST_OF_SEASON,tyler conklin seven for 70 and a touchdown 72 percent of snaps... best pickup this week,72% snap share and receiving involvement with Cook banged up
2021,"Fantasy Football 2021 - Week 4 Waivers + Full Stream Ahead, Clown Show - Ep. 1121",The Fantasy Footballers,SUPPLIED,4,Mike Wright,Evan Engram,TE,NYG,WAIVER_ADD,UP,HEDGED,THIS_WEEK,evan ingram ends up with a stat line of 10 or 11 targets... opportunity because shepard and slayton are hurt,target opportunity with Shepard/Slayton injured
2021,"Fantasy Football 2021 - Week 4 Waivers + Full Stream Ahead, Clown Show - Ep. 1121",The Fantasy Footballers,SUPPLIED,4,Jason Moore,Dawson Knox,TE,BUF,WAIVER_ADD,UP,MODERATE,REST_OF_SEASON,two weeks in a row with a touchdown... josh allen as that quarterback,red zone touchdown efficiency with Josh Allen
2021,"Fantasy Football 2021 - Week 4 Waivers + Full Stream Ahead, Clown Show - Ep. 1121",The Fantasy Footballers,SUPPLIED,4,Andy Holloway,Dalton Schultz,TE,DAL,WAIVER_ADD,UP,STRONG,REST_OF_SEASON,dalton schultz with the number one overall week at the tight end position 69 percent of snaps,69% snap share and lead TE targets in Dallas
2021,"Fantasy Football 2021 - Week 4 Waivers + Full Stream Ahead, Clown Show - Ep. 1121",The Fantasy Footballers,SUPPLIED,4,Andy Holloway,Cincinnati Bengals,DST,CIN,START,UP,STRONG,THIS_WEEK,bengals who have been much improved play jacksonville and turnover machine trevor lawrence,matchup against Trevor Lawrence turnovers
2021,"Fantasy Football 2021 - Week 4 Waivers + Full Stream Ahead, Clown Show - Ep. 1121",The Fantasy Footballers,SUPPLIED,4,Andy Holloway,New Orleans Saints,DST,NO,START,UP,STRONG,THIS_WEEK,saints who are a great defense play the giants and turnover machine daniel jones,matchup against Daniel Jones turnovers
2021,"Fantasy Football 2021 - Week 4 Waivers + Full Stream Ahead, Clown Show - Ep. 1121",The Fantasy Footballers,SUPPLIED,4,Mike Wright,Tennessee Titans,DST,TEN,START,UP,STRONG,THIS_WEEK,titans face the jets and rookie quarterback zach wilson,matchup against rookie Zach Wilson
2021,"Fantasy Football 2021 - Week 4 Waivers + Full Stream Ahead, Clown Show - Ep. 1121",The Fantasy Footballers,SUPPLIED,4,Mike Wright,Derek Carr,QB,LV,START,UP,STRONG,THIS_WEEK,derek carr... leads the league in passing yards... shootout on monday night,league-leading passing yards and high-scoring matchup vs Chargers
2021,"Fantasy Football 2021 - Week 4 Waivers + Full Stream Ahead, Clown Show - Ep. 1121",The Fantasy Footballers,SUPPLIED,4,Jason Moore,Kirk Cousins,QB,MIN,START,UP,STRONG,THIS_WEEK,kirk cousins against cleveland... back to back quarterback six on the week finishes,consistent QB6 production and home matchup
2021,"Fantasy Football 2021 - Week 4 Waivers + Full Stream Ahead, Clown Show - Ep. 1121",The Fantasy Footballers,SUPPLIED,4,Andy Holloway,Sam Darnold,QB,CAR,START,UP,MODERATE,THIS_WEEK,sam darnold against the dallas cowboys... allowed second most passing yards,matchup against Dallas secondary allowing passing yards
2021,"Fantasy Football 2021 - Week 4 Waivers + Full Stream Ahead, Clown Show - Ep. 1121",The Fantasy Footballers,SUPPLIED,4,Mike Wright,Taylor Heinicke,QB,WAS,START,UP,MODERATE,THIS_WEEK,taylor heineke is in play against the atlanta falcons... qb1 two weeks in a row,rushing mobility and weak Falcons defense
2021,"Fantasy Football 2021 - Week 5 Waivers + Full Stream Ahead, Time to Trade? - Ep. 1126",The Fantasy Footballers,SUPPLIED,5,Mike Wright,Taylor Heinicke,QB,WAS,START,UP,MODERATE,THIS_WEEK,taylor heineke quarterback for the washington football team... rushing work ramps up... multi touchdown in every start,rushing upside and aggressive downfield throwing
2021,"Fantasy Football 2021 - Week 5 Waivers + Full Stream Ahead, Time to Trade? - Ep. 1126",The Fantasy Footballers,SUPPLIED,5,Jason Moore,Zack Moss,RB,BUF,START,NEUTRAL,HEDGED,REST_OF_SEASON,this is smoke to me... you're chasing touchdowns and i don't think he's going to be a weekly rb2,touchdown dependence in pass-heavy Bills offense
2021,"Fantasy Football 2021 - Week 5 Waivers + Full Stream Ahead, Time to Trade? - Ep. 1126",The Fantasy Footballers,SUPPLIED,5,Mike Wright,Zack Moss,RB,BUF,START,UP,MODERATE,REST_OF_SEASON,he's a part of this offense... flex type of running back low-end running back two,consistent touches and goal line work in elite offense
2021,"Fantasy Football 2021 - Week 5 Waivers + Full Stream Ahead, Time to Trade? - Ep. 1126",The Fantasy Footballers,SUPPLIED,5,Mike Wright,James Conner,RB,ARI,START,NEUTRAL,HEDGED,REST_OF_SEASON,barely scored any fantasy points first two weeks... top 12 running back for two consecutive weeks due to touchdowns,6 carries inside the 5-yard line on high-powered offense
2021,"Fantasy Football 2021 - Week 5 Waivers + Full Stream Ahead, Time to Trade? - Ep. 1126",The Fantasy Footballers,SUPPLIED,5,Mike Wright,Allen Robinson II,WR,CHI,RANKING_ONLY,UP,MODERATE,REST_OF_SEASON,i would still try and trade for allen robinson... one of the best wide receivers in the nfl value is low,elite talent buy-low with low current trade cost
2021,"Fantasy Football 2021 - Week 5 Waivers + Full Stream Ahead, Time to Trade? - Ep. 1126",The Fantasy Footballers,SUPPLIED,5,Jason Moore,Robert Woods,WR,LAR,RANKING_ONLY,UP,MODERATE,REST_OF_SEASON,act like robert woods is someone you just got off of waivers and then use him moving forward... target numbers are there,stable target baseline in high-powered Rams offense
2021,"Fantasy Football 2021 - Week 5 Waivers + Full Stream Ahead, Time to Trade? - Ep. 1126",The Fantasy Footballers,SUPPLIED,5,Mike Wright,Jamison Crowder,WR,NYJ,WAIVER_ADD,UP,STRONG,THIS_WEEK,jamison crowder ends up with nine targets seven for 61 and one... top wide receiver pickup this week,9 targets in slot role with high PPR floor
2021,"Fantasy Football 2021 - Week 5 Waivers + Full Stream Ahead, Time to Trade? - Ep. 1126",The Fantasy Footballers,SUPPLIED,5,Andy Holloway,Curtis Samuel,WR,WAS,WAIVER_ADD,UP,MODERATE,REST_OF_SEASON,samuel represents upside... paid so much money in the off season,Logan Thomas injury opening targets and offseason contract investment
2021,"Fantasy Football 2021 - Week 5 Waivers + Full Stream Ahead, Time to Trade? - Ep. 1126",The Fantasy Footballers,SUPPLIED,5,Mike Wright,Rashod Bateman,WR,BAL,STASH,UP,HEDGED,REST_OF_SEASON,in a deeper league i think he should be stashed... first round pick for a reason,first-round talent on team increasing pass attempts
2021,"Fantasy Football 2021 - Week 5 Waivers + Full Stream Ahead, Time to Trade? - Ep. 1126",The Fantasy Footballers,SUPPLIED,5,Andy Holloway,Darnell Mooney,WR,CHI,WAIVER_ADD,UP,MODERATE,REST_OF_SEASON,darnell mooney out here... 5 for 125 yards... core piece of the offense,core offensive piece with deep threat boom potential
2021,"Fantasy Football 2021 - Week 5 Waivers + Full Stream Ahead, Time to Trade? - Ep. 1126",The Fantasy Footballers,SUPPLIED,5,Mike Wright,Kadarius Toney,WR,NYG,WAIVER_ADD,UP,MODERATE,REST_OF_SEASON,cadarius tony from the new york giants... 9 targets turned into six for 78... looked very juicy,9 targets and 6/78 line with Shepard/Slayton banged up
2021,"Fantasy Football 2021 - Week 5 Waivers + Full Stream Ahead, Time to Trade? - Ep. 1126",The Fantasy Footballers,SUPPLIED,5,Mike Wright,Tyson Williams,RB,BAL,WAIVER_FADE,DOWN,STRONG,REST_OF_SEASON,tyson williams was a completely healthy scratch... i'm moving on from him,healthy scratch behind veteran backs
2021,"Fantasy Football 2021 - Week 5 Waivers + Full Stream Ahead, Time to Trade? - Ep. 1126",The Fantasy Footballers,SUPPLIED,5,Jason Moore,Damien Williams,RB,CHI,WAIVER_ADD,UP,STRONG,REST_OF_SEASON,damien williams is the main waiver wire pickup of the week... montgomery missing four to five weeks... known starter for a month,lead running back role for 4-5 weeks with Montgomery out
2021,"Fantasy Football 2021 - Week 5 Waivers + Full Stream Ahead, Time to Trade? - Ep. 1126",The Fantasy Footballers,SUPPLIED,5,Andy Holloway,Samaje Perine,RB,CIN,WAIVER_ADD,UP,HEDGED,THIS_WEEK,samaje perine might get a start for cincinnati... if you have mixon i think you can justify spending,starter opportunity if Joe Mixon misses Week 5
2021,"Fantasy Football 2021 - Week 5 Waivers + Full Stream Ahead, Time to Trade? - Ep. 1126",The Fantasy Footballers,SUPPLIED,5,Mike Wright,Kenneth Gainwell,RB,PHI,STASH,UP,MODERATE,REST_OF_SEASON,kenneth gainwell... 17 game pace for 76 targets... red zone snaps,76 target pace and red zone snaps in Eagles offense
2021,"Fantasy Football 2021 - Week 5 Waivers + Full Stream Ahead, Time to Trade? - Ep. 1126",The Fantasy Footballers,SUPPLIED,5,Mike Wright,Jeremy McNichols,RB,TEN,STASH,UP,HEDGED,REST_OF_SEASON,zero dollar bids on jeremy mcnichols... pass catching running back behind derrick henry,receiving targets with Julio/AJ Brown injured
2021,"Fantasy Football 2021 - Week 5 Waivers + Full Stream Ahead, Time to Trade? - Ep. 1126",The Fantasy Footballers,SUPPLIED,5,Mike Wright,Brandon Bolden,RB,NE,STASH,UP,MODERATE,REST_OF_SEASON,brandon bolden running back for the new england patriots... inheriting the james white role,4 receptions/game taking James White receiving role
2021,"Fantasy Football 2021 - Week 5 Waivers + Full Stream Ahead, Time to Trade? - Ep. 1126",The Fantasy Footballers,SUPPLIED,5,Jason Moore,Dawson Knox,TE,BUF,WAIVER_ADD,UP,STRONG,REST_OF_SEASON,dawson knox is half rostered... i would rather play dawson knox at this point stay in the flames,consistent touchdown streak in high-scoring Bills offense
2021,"Fantasy Football 2021 - Week 5 Waivers + Full Stream Ahead, Time to Trade? - Ep. 1126",The Fantasy Footballers,SUPPLIED,5,Jason Moore,Dalton Schultz,TE,DAL,WAIVER_ADD,UP,STRONG,REST_OF_SEASON,dalton schultz 40 rostered... cowboys are going to score a lot more touchdowns,lead TE targets on high-scoring Dallas offense
2021,"Fantasy Football 2021 - Week 5 Waivers + Full Stream Ahead, Time to Trade? - Ep. 1126",The Fantasy Footballers,SUPPLIED,5,Andy Holloway,Dan Arnold,TE,JAX,WAIVER_ADD,UP,MODERATE,REST_OF_SEASON,dan arnold is interesting... count on five to six targets for dan arnold rest of the way,traded for him / Chark injury opens target volume
2021,"Fantasy Football 2021 - Week 5 Waivers + Full Stream Ahead, Time to Trade? - Ep. 1126",The Fantasy Footballers,SUPPLIED,5,Andy Holloway,New England Patriots,DST,NE,START,UP,STRONG,THIS_WEEK,patriots are the number one pickup by a lot... play houston this upcoming week,matchup against Houston / Davis Mills
2021,"Fantasy Football 2021 - Week 5 Waivers + Full Stream Ahead, Time to Trade? - Ep. 1126",The Fantasy Footballers,SUPPLIED,5,Andy Holloway,Arizona Cardinals,DST,ARI,STASH,UP,MODERATE,REST_OF_SEASON,cardinals after the hot start... 2 to 3 weeks of great matchups,multi-week matchup window
2021,"Fantasy Football 2021 - Week 5 Waivers + Full Stream Ahead, Time to Trade? - Ep. 1126",The Fantasy Footballers,SUPPLIED,5,Mike Wright,Kirk Cousins,QB,MIN,START,UP,STRONG,THIS_WEEK,i'm going to take kirk cousins against detroit... looked great this year,home matchup against weak Lions defense
2021,"Fantasy Football 2021 - Week 5 Waivers + Full Stream Ahead, Time to Trade? - Ep. 1126",The Fantasy Footballers,SUPPLIED,5,Andy Holloway,Ryan Tannehill,QB,TEN,START,UP,MODERATE,THIS_WEEK,ryan tannehill at jacksonville... bounce back match-up,favorable matchup against Jacksonville secondary
2021,"Fantasy Football 2021 - Week 5 Waivers + Full Stream Ahead, Time to Trade? - Ep. 1126",The Fantasy Footballers,SUPPLIED,5,Mike Wright,Trey Lance,QB,SF,START,UP,MODERATE,THIS_WEEK,trey lance needs to be picked up because if he is the starter... monster fantasy quarterback profile,rushing upside and dual-threat profile if starting
2021,"Fantasy Football 2021 - Week 6 Waivers + Full Stream Ahead, Miracles & Nightmares - Ep. 1131",The Fantasy Footballers,SUPPLIED,6,Jason Moore,Leonard Fournette,RB,TB,START,UP,MODERATE,REST_OF_SEASON,leonard fournette is here to stay... 25 opportunities 17 opportunities... fire but you get burned,lead red zone touches (17 red zone carries) and coach trust over Ronald Jones
2021,"Fantasy Football 2021 - Week 6 Waivers + Full Stream Ahead, Miracles & Nightmares - Ep. 1131",The Fantasy Footballers,SUPPLIED,6,Jason Moore,Emmanuel Sanders,WR,BUF,START,UP,STRONG,REST_OF_SEASON,manny sanders wide receiver 17 on the season... throw him in your lineup every single week,high ADOT and air yards passing Diggs in routes run
2021,"Fantasy Football 2021 - Week 6 Waivers + Full Stream Ahead, Miracles & Nightmares - Ep. 1131",The Fantasy Footballers,SUPPLIED,6,Jason Moore,Myles Gaskin,RB,MIA,RANKING_ONLY,NEUTRAL,HEDGED,REST_OF_SEASON,miles gaskin this week's running back three... capitalize and move on... sell high,"touchdown variance (2 TDs, 10 catches) and inconsistent coaching usage"
2021,"Fantasy Football 2021 - Week 6 Waivers + Full Stream Ahead, Miracles & Nightmares - Ep. 1131",The Fantasy Footballers,SUPPLIED,6,Mike Wright,Kadarius Toney,WR,NYG,WAIVER_ADD,UP,STRONG,REST_OF_SEASON,top pickup is kadarius tony... 13 targets 10 for 189... targeted on 50 percent of routes,50% target per route run rate and 10/189 explosive line
2021,"Fantasy Football 2021 - Week 6 Waivers + Full Stream Ahead, Miracles & Nightmares - Ep. 1131",The Fantasy Footballers,SUPPLIED,6,Mike Wright,Tim Patrick,WR,DEN,WAIVER_ADD,UP,STRONG,REST_OF_SEASON,fireball jones aka tim patrick he just keeps getting it done... 7th most routes run in week 5,consistent target share and 7th most routes run in Week 5
2021,"Fantasy Football 2021 - Week 6 Waivers + Full Stream Ahead, Miracles & Nightmares - Ep. 1131",The Fantasy Footballers,SUPPLIED,6,Mike Wright,Amon-Ra St. Brown,WR,DET,WAIVER_ADD,UP,MODERATE,REST_OF_SEASON,amon raw saint brown saw eight targets seven for 65... quintez cephas fractured clavicle,Quintez Cephas injury opening starting slot role
2021,"Fantasy Football 2021 - Week 6 Waivers + Full Stream Ahead, Miracles & Nightmares - Ep. 1131",The Fantasy Footballers,SUPPLIED,6,Mike Wright,Rondale Moore,WR,ARI,STASH,UP,MODERATE,REST_OF_SEASON,ron dale moore ran more routes than christian kirk... stash him or trade for him second half star,ran more routes than Christian Kirk in Week 5
2021,"Fantasy Football 2021 - Week 6 Waivers + Full Stream Ahead, Miracles & Nightmares - Ep. 1131",The Fantasy Footballers,SUPPLIED,6,Jason Moore,DeAndre Carter,WR,WAS,STASH,UP,HEDGED,THIS_WEEK,deandre carter wide receiver for washington... 8 targets taking over wr2 role with logan thomas/curtis samuel out,8 targets with Logan Thomas and Curtis Samuel injured
2021,"Fantasy Football 2021 - Week 6 Waivers + Full Stream Ahead, Miracles & Nightmares - Ep. 1131",The Fantasy Footballers,SUPPLIED,6,Jason Moore,Devontae Booker,RB,NYG,WAIVER_ADD,UP,STRONG,REST_OF_SEASON,devonte booker saquon barkley left with an ankle injury... 16 for 42 with a touchdown 88 percent of snaps... number one pickup,88% snap share and lead back role with Barkley out 2-4 weeks
2021,"Fantasy Football 2021 - Week 6 Waivers + Full Stream Ahead, Miracles & Nightmares - Ep. 1131",The Fantasy Footballers,SUPPLIED,6,Jason Moore,Darrel Williams,RB,KC,WAIVER_ADD,UP,STRONG,REST_OF_SEASON,daryl williams of the kansas city chiefs... clyde out for a while... 12 or more opportunities in 5 games,lead back opportunity in Chiefs offense with CEH out
2021,"Fantasy Football 2021 - Week 6 Waivers + Full Stream Ahead, Miracles & Nightmares - Ep. 1131",The Fantasy Footballers,SUPPLIED,6,Mike Wright,Khalil Herbert,RB,CHI,STASH,UP,MODERATE,REST_OF_SEASON,khalil herbert 18 carries 75 yards... looked good,18 carries for 75 yards in lead-protecting game script
2021,"Fantasy Football 2021 - Week 6 Waivers + Full Stream Ahead, Miracles & Nightmares - Ep. 1131",The Fantasy Footballers,SUPPLIED,6,Jason Moore,Brandon Bolden,RB,NE,STASH,UP,MODERATE,REST_OF_SEASON,brandon bolden... four targets six targets four targets... receiving work,pass-catching targets in James White role
2021,"Fantasy Football 2021 - Week 6 Waivers + Full Stream Ahead, Miracles & Nightmares - Ep. 1131",The Fantasy Footballers,SUPPLIED,6,Mike Wright,Rhamondre Stevenson,RB,NE,STASH,UP,MODERATE,REST_OF_SEASON,stash rhamondre stevenson for the hope that what happened to him early in the year happens to damian harris,talent upside if Harris fumbles or gets injured
2021,"Fantasy Football 2021 - Week 6 Waivers + Full Stream Ahead, Miracles & Nightmares - Ep. 1131",The Fantasy Footballers,SUPPLIED,6,Mike Wright,Jeff Wilson Jr.,RB,SF,STASH,UP,STRONG,REST_OF_SEASON,stash alert jeff wilson jr... must pick up and stash jeff wilson jr,eligible to return after bye week to lead 49ers backfield
2021,"Fantasy Football 2021 - Week 6 Waivers + Full Stream Ahead, Miracles & Nightmares - Ep. 1131",The Fantasy Footballers,SUPPLIED,6,Mike Wright,Ricky Seals-Jones,TE,WAS,WAIVER_ADD,UP,STRONG,THIS_WEEK,ricky seals jones 99 of the snaps for washington... pick him up and play him immediately,99% snap share filling Logan Thomas tight end role
2021,"Fantasy Football 2021 - Week 6 Waivers + Full Stream Ahead, Miracles & Nightmares - Ep. 1131",The Fantasy Footballers,SUPPLIED,6,Jason Moore,Dan Arnold,TE,JAX,WAIVER_ADD,UP,MODERATE,REST_OF_SEASON,dan arnold eight targets six for 64... 73 percent of snaps... long term solution,73% snap share and 8 targets in Jacksonville
2021,"Fantasy Football 2021 - Week 6 Waivers + Full Stream Ahead, Miracles & Nightmares - Ep. 1131",The Fantasy Footballers,SUPPLIED,6,Mike Wright,Indianapolis Colts,DST,IND,START,UP,STRONG,THIS_WEEK,colts will play the houston texans... top streaming option,matchup against Davis Mills / Houston offense
2021,"Fantasy Football 2021 - Week 6 Waivers + Full Stream Ahead, Miracles & Nightmares - Ep. 1131",The Fantasy Footballers,SUPPLIED,6,Mike Wright,Miami Dolphins,DST,MIA,START,UP,STRONG,THIS_WEEK,dolphins taking on the jacksonville jaguars... streaming option,matchup against Trevor Lawrence turnovers
2021,"Fantasy Football 2021 - Week 6 Waivers + Full Stream Ahead, Miracles & Nightmares - Ep. 1131",The Fantasy Footballers,SUPPLIED,6,Jason Moore,Trevor Lawrence,QB,JAX,START,UP,MODERATE,THIS_WEEK,trevor lawrence... quarterback nine this last week... running around goal line,rushing goal line attempts and weak Dolphins secondary
2021,"Fantasy Football 2021 - Week 6 Waivers + Full Stream Ahead, Miracles & Nightmares - Ep. 1131",The Fantasy Footballers,SUPPLIED,6,Mike Wright,Taylor Heinicke,QB,WAS,START,UP,MODERATE,THIS_WEEK,taylor heineke of washington... taking on the kansas city chiefs who allowed qb2 qb2 qb7 qb4,Chiefs defense allowing 43% first down rate on pass attempts
2021,"Fantasy Football 2021 - Week 7 Waivers + Full Stream Ahead, Super Yeti - Ep. 1136",The Fantasy Footballers,SUPPLIED,7,Andy Holloway,Hunter Henry,TE,NE,START,UP,STRONG,REST_OF_SEASON,hunter henry tight end nine on the season... scored in three straight games... startable option fire,3 straight games with a TD and Mac Jones development
2021,"Fantasy Football 2021 - Week 7 Waivers + Full Stream Ahead, Super Yeti - Ep. 1136",The Fantasy Footballers,SUPPLIED,7,Jason Moore,Hunter Henry,TE,NE,START,NEUTRAL,HEDGED,REST_OF_SEASON,half of the tight end targets... smoke that this could vanish into the air,low target volume (2 targets last week) sharing with Jonnu Smith
2021,"Fantasy Football 2021 - Week 7 Waivers + Full Stream Ahead, Super Yeti - Ep. 1136",The Fantasy Footballers,SUPPLIED,7,Jason Moore,Joe Burrow,QB,CIN,START,UP,STRONG,REST_OF_SEASON,joe burrow is completely and utterly the real deal... on pace for 40 touchdowns,40 TD pace and deep connection with Ja'Marr Chase
2021,"Fantasy Football 2021 - Week 7 Waivers + Full Stream Ahead, Super Yeti - Ep. 1136",The Fantasy Footballers,SUPPLIED,7,Andy Holloway,Joe Burrow,QB,CIN,SIT,DOWN,HEDGED,THIS_WEEK,four out of the next six weeks baltimore pittsburgh cleveland... i wouldn't be chasing it right now,brutal upcoming divisional defensive schedule
2021,"Fantasy Football 2021 - Week 7 Waivers + Full Stream Ahead, Super Yeti - Ep. 1136",The Fantasy Footballers,SUPPLIED,7,Andy Holloway,Sterling Shepard,WR,NYG,WAIVER_ADD,UP,STRONG,THIS_WEEK,sterling shepard 14 targets last week... pick him up he is a target monster,14 targets with Toney and Golladay injured
2021,"Fantasy Football 2021 - Week 7 Waivers + Full Stream Ahead, Super Yeti - Ep. 1136",The Fantasy Footballers,SUPPLIED,7,Mike Wright,Tim Patrick,WR,DEN,WAIVER_ADD,UP,STRONG,REST_OF_SEASON,tim patrick fireball jones... scored between 11 and 12.5 fantasy points in five of six games,unmatched consistency (11-12.5 pts in 5 of 6 games)
2021,"Fantasy Football 2021 - Week 7 Waivers + Full Stream Ahead, Super Yeti - Ep. 1136",The Fantasy Footballers,SUPPLIED,7,Mike Wright,Rashod Bateman,WR,BAL,STASH,UP,MODERATE,REST_OF_SEASON,6 targets in his first game played 65 percent of snaps... great stash,22% target share in NFL debut
2021,"Fantasy Football 2021 - Week 7 Waivers + Full Stream Ahead, Super Yeti - Ep. 1136",The Fantasy Footballers,SUPPLIED,7,Jason Moore,A.J. Green,WR,ARI,WAIVER_ADD,UP,STRONG,THIS_WEEK,aj green four of the last five weeks wide receiver two or better... targets and touchdowns,WR2 or better in 4 of last 5 games
2021,"Fantasy Football 2021 - Week 7 Waivers + Full Stream Ahead, Super Yeti - Ep. 1136",The Fantasy Footballers,SUPPLIED,7,Andy Holloway,Amon-Ra St. Brown,WR,DET,WAIVER_ADD,UP,MODERATE,THIS_WEEK,"amon raw st brown had seven targets again... gone 8, 8, 7... get you to 11 points","8, 8, 7 target progression in negative game scripts"
2021,"Fantasy Football 2021 - Week 7 Waivers + Full Stream Ahead, Super Yeti - Ep. 1136",The Fantasy Footballers,SUPPLIED,7,Jason Moore,Rashaad Penny,RB,SEA,STASH,UP,HEDGED,THIS_WEEK,i think it'll be rashad penny who gets the majority of the work if alex collins is out,Alex Collins injury opening lead back role on Monday Night
2021,"Fantasy Football 2021 - Week 7 Waivers + Full Stream Ahead, Super Yeti - Ep. 1136",The Fantasy Footballers,SUPPLIED,7,Andy Holloway,J.D. McKissic,RB,WAS,WAIVER_ADD,UP,STRONG,THIS_WEEK,jd mckissic available in nearly half of leagues... gibson stress fracture shin/calf... pass catching running back against green bay,Gibson shin/calf injury opening pass-catching game script
2021,"Fantasy Football 2021 - Week 7 Waivers + Full Stream Ahead, Super Yeti - Ep. 1136",The Fantasy Footballers,SUPPLIED,7,Mike Wright,D'Ernest Johnson,RB,CLE,WAIVER_ADD,UP,STRONG,THIS_WEEK,dearnest johnson is going to be the number one pickup... nick chubb and kareem hunt out... volume position on thursday,Nick Chubb and Kareem Hunt both out for Thursday Night Football
2021,"Fantasy Football 2021 - Week 7 Waivers + Full Stream Ahead, Super Yeti - Ep. 1136",The Fantasy Footballers,SUPPLIED,7,Mike Wright,Rhamondre Stevenson,RB,NE,STASH,UP,MODERATE,REST_OF_SEASON,romandre stevenson getting more and more involved... lead match up against jets,favorable Jets matchup and backup touch share
2021,"Fantasy Football 2021 - Week 7 Waivers + Full Stream Ahead, Super Yeti - Ep. 1136",The Fantasy Footballers,SUPPLIED,7,Andy Holloway,Devonta Freeman,RB,BAL,WAIVER_ADD,UP,MODERATE,THIS_WEEK,devonta freeman if i knew latavius was out... baltimore rushing offense opportunity,Latavius Murray ankle injury opening touch volume
2021,"Fantasy Football 2021 - Week 7 Waivers + Full Stream Ahead, Super Yeti - Ep. 1136",The Fantasy Footballers,SUPPLIED,7,Andy Holloway,Zach Ertz,TE,ARI,WAIVER_ADD,UP,STRONG,THIS_WEEK,zach ertz is going to make his debut with the cardinals against houston... higher probability of a touchdown,traded to Cardinals vs weak Houston defense
2021,"Fantasy Football 2021 - Week 7 Waivers + Full Stream Ahead, Super Yeti - Ep. 1136",The Fantasy Footballers,SUPPLIED,7,Mike Wright,Ricky Seals-Jones,TE,WAS,WAIVER_ADD,UP,STRONG,THIS_WEEK,ricky seals jones available in 60 percent of leagues... 6 targets 4 for 58 and a score... 99% of snaps,99% snap share filling Logan Thomas role
2021,"Fantasy Football 2021 - Week 7 Waivers + Full Stream Ahead, Super Yeti - Ep. 1136",The Fantasy Footballers,SUPPLIED,7,Andy Holloway,New England Patriots,DST,NE,START,UP,STRONG,THIS_WEEK,new england's the smash number one play against the jets,matchup against NY Jets
2021,"Fantasy Football 2021 - Week 7 Waivers + Full Stream Ahead, Super Yeti - Ep. 1136",The Fantasy Footballers,SUPPLIED,7,Jason Moore,Arizona Cardinals,DST,ARI,START,UP,STRONG,THIS_WEEK,arizona's the smash number two play against houston,matchup against Houston / Davis Mills
2021,"Fantasy Football 2021 - Week 7 Waivers + Full Stream Ahead, Super Yeti - Ep. 1136",The Fantasy Footballers,SUPPLIED,7,Andy Holloway,Matt Ryan,QB,ATL,START,UP,MODERATE,THIS_WEEK,matt ryan streaming off the buy against miami... calvin ridley returns kyle pitts emerged,Miami secondary allowing 3rd most fantasy pts to QBs
2021,"Fantasy Football 2021 - Week 7 Waivers + Full Stream Ahead, Super Yeti - Ep. 1136",The Fantasy Footballers,SUPPLIED,7,Jason Moore,Derek Carr,QB,LV,START,UP,STRONG,THIS_WEEK,derek carr against philly... top 12 quarterback four of six weeks,49.5 over/under and philly allowing 72% completion rate
2021,"Fantasy Football 2021 - Week 7 Waivers + Full Stream Ahead, Super Yeti - Ep. 1136",The Fantasy Footballers,SUPPLIED,7,Jason Moore,Tua Tagovailoa,QB,MIA,START,UP,MODERATE,THIS_WEEK,tua tongovailoa very good streaming option... qb10 last week against falcons secondary,QB10 finish in return and weak Falcons secondary
2021,"Fantasy Football 2021 - Week 11 Waivers + Full Stream Ahead, Deeeeeebo! - Ep. 1156",The Fantasy Footballers,2021-11-16,11,Andy Holloway,Deebo Samuel,WR,SF,SLEEPER,UP,STRONG,REST_OF_SEASON,i'm fired on this as well at fire in the sense that... debo samuel rest of season he's on a 17 game pace of over a thousand receiving yards,YAC dominance and 1000+ receiving yard pace
2021,"Fantasy Football 2021 - Week 11 Waivers + Full Stream Ahead, Deeeeeebo! - Ep. 1156",The Fantasy Footballers,2021-11-16,11,Jason Moore,Devonta Smith,WR,PHI,BREAKOUT,UP,STRONG,REST_OF_SEASON,in a general lineup the average team i think devonta smith should be started rest of season,28% target share over last month / 1000 yard rookie pace
2021,"Fantasy Football 2021 - Week 11 Waivers + Full Stream Ahead, Deeeeeebo! - Ep. 1156",The Fantasy Footballers,2021-11-16,11,Mike Wright,Elijah Moore,WR,NYJ,WAIVER_ADD,NEUTRAL,HEDGED,REST_OF_SEASON,i would pick him up on a waiver wire... but i would say it's smoke in the sense that... four weeks in a row as a wide receiver three or better i cannot rely on the jets passing game,23% target rate per route / volatile Jets passing game
2021,"Fantasy Football 2021 - Week 11 Waivers + Full Stream Ahead, Deeeeeebo! - Ep. 1156",The Fantasy Footballers,2021-11-16,11,Jason Moore,Cortland Sutton,WR,DEN,WAIVER_FADE,DOWN,STRONG,REST_OF_SEASON,i'm not holding sutton through the buy,only 3 targets per game with Jerry Jeudy healthy
2021,"Fantasy Football 2021 - Week 11 Waivers + Full Stream Ahead, Deeeeeebo! - Ep. 1156",The Fantasy Footballers,2021-11-16,11,Mike Wright,Chase Claypool,WR,PIT,WAIVER_FADE,DOWN,MODERATE,REST_OF_SEASON,willing to let go of those guys yep re-draft leagues,injury and lack of consistent volume
2021,"Fantasy Football 2021 - Week 11 Waivers + Full Stream Ahead, Deeeeeebo! - Ep. 1156",The Fantasy Footballers,2021-11-16,11,Andy Holloway,Marvin Jones Jr.,WR,JAX,WAIVER_FADE,DOWN,MODERATE,REST_OF_SEASON,marvin jones... willing to let go of those guys,bye week and declining target share
2021,"Fantasy Football 2021 - Week 11 Waivers + Full Stream Ahead, Deeeeeebo! - Ep. 1156",The Fantasy Footballers,2021-11-16,11,Jason Moore,Kenny Golladay,WR,NYG,WAIVER_ADD,UP,HEDGED,REST_OF_SEASON,i'm interested in kicking the tires on both of these players... i would prioritize kenny gallaudet over cadarius tony,55% snap share return from injury / bye week recovery
2021,"Fantasy Football 2021 - Week 11 Waivers + Full Stream Ahead, Deeeeeebo! - Ep. 1156",The Fantasy Footballers,2021-11-16,11,Mike Wright,Kadarius Toney,WR,NYG,WAIVER_ADD,UP,HEDGED,REST_OF_SEASON,cadarius tony has looked like the more electric player... 55 percent of the snaps,electric playmaker profile / snap share return
2021,"Fantasy Football 2021 - Week 11 Waivers + Full Stream Ahead, Deeeeeebo! - Ep. 1156",The Fantasy Footballers,2021-11-16,11,Andy Holloway,Rashod Bateman,WR,BAL,WAIVER_ADD,UP,STRONG,REST_OF_SEASON,look out for rashad bateman i think it's going to be a strong week for him this week if he's out there on your roster eight targets last week,8 targets / targeted on 20% of routes
2021,"Fantasy Football 2021 - Week 11 Waivers + Full Stream Ahead, Deeeeeebo! - Ep. 1156",The Fantasy Footballers,2021-11-16,11,Jason Moore,Donovan Peoples-Jones,WR,CLE,WAIVER_ADD,UP,HEDGED,THIS_WEEK,donovan people's jones and jamal agnew those are the two where if you're talking about guys that are widely available... have decent enough matchups,default WR1 role vs Lions secondary
2021,"Fantasy Football 2021 - Week 11 Waivers + Full Stream Ahead, Deeeeeebo! - Ep. 1156",The Fantasy Footballers,2021-11-16,11,Mike Wright,Jamal Agnew,WR,JAX,WAIVER_ADD,UP,HEDGED,THIS_WEEK,agnew with the speed he had five targets... getting down in the dirt who are you interested in actually picking up and playing,speed and recent target involvement
2021,"Fantasy Football 2021 - Week 11 Waivers + Full Stream Ahead, Deeeeeebo! - Ep. 1156",The Fantasy Footballers,2021-11-16,11,Jason Moore,Darnell Mooney,WR,CHI,WAIVER_ADD,UP,STRONG,REST_OF_SEASON,if he's out there i'm interested in darnell mooney and baltimore's been giving up big plays,hyper-targeted by Justin Fields / 6 targets 2 TDs in prior game
2021,"Fantasy Football 2021 - Week 11 Waivers + Full Stream Ahead, Deeeeeebo! - Ep. 1156",The Fantasy Footballers,2021-11-16,11,Andy Holloway,Van Jefferson,WR,LAR,WAIVER_ADD,UP,MODERATE,REST_OF_SEASON,i do think van jefferson is going to be okay rest of season he's not an auto drop to me so he could be a pickup on the waiver wire,stable target baseline in Rams offense
2021,"Fantasy Football 2021 - Week 11 Waivers + Full Stream Ahead, Deeeeeebo! - Ep. 1156",The Fantasy Footballers,2021-11-16,11,Mike Wright,Michael Gallup,WR,DAL,WAIVER_ADD,UP,MODERATE,THIS_WEEK,michael gallup at kansas city is helpful right kansas city their offense was back... you could do worse than putting in even a third option against chiefs,shootout potential vs Chiefs
2021,"Fantasy Football 2021 - Week 11 Waivers + Full Stream Ahead, Deeeeeebo! - Ep. 1156",The Fantasy Footballers,2021-11-16,11,Jason Moore,Marcus Johnson,WR,TEN,WAIVER_ADD,UP,MODERATE,THIS_WEEK,i think that marcus johnson's very interesting as a spot start... five for a hundred this past week,5/100 performance with Julio Jones out
2021,"Fantasy Football 2021 - Week 11 Waivers + Full Stream Ahead, Deeeeeebo! - Ep. 1156",The Fantasy Footballers,2021-11-16,11,Andy Holloway,Ray-Ray McCloud,WR,PIT,WAIVER_ADD,NEUTRAL,HEDGED,THIS_WEEK,ray ray mcleod played 70 of snaps had 12 targets... i would only want to start him without big ben personally,70% snaps / 12 targets with backup QB Mason Rudolph
2021,"Fantasy Football 2021 - Week 11 Waivers + Full Stream Ahead, Deeeeeebo! - Ep. 1156",The Fantasy Footballers,2021-11-16,11,Jason Moore,Marquez Callaway,WR,NO,RANKING_ONLY,NEUTRAL,HEDGED,THIS_WEEK,i would put him traequan first because of snaps and targets than callaway heiress,snap share behind Tre'Quan Smith
2021,"Fantasy Football 2021 - Week 11 Waivers + Full Stream Ahead, Deeeeeebo! - Ep. 1156",The Fantasy Footballers,2021-11-16,11,Mike Wright,Deonte Harris,WR,NO,RANKING_ONLY,NEUTRAL,HEDGED,THIS_WEEK,deonte harris he's a very interesting player and that's disappointing he wasn't on the field a bit more,limited snap count
2021,"Fantasy Football 2021 - Week 11 Waivers + Full Stream Ahead, Deeeeeebo! - Ep. 1156",The Fantasy Footballers,2021-11-16,11,Andy Holloway,Tre'Quan Smith,WR,NO,WAIVER_ADD,UP,MODERATE,THIS_WEEK,i would put traequan first because of snaps and targets,leading snaps and targets among Saints receivers
2021,"Fantasy Football 2021 - Week 11 Waivers + Full Stream Ahead, Deeeeeebo! - Ep. 1156",The Fantasy Footballers,2021-11-16,11,Jason Moore,Adrian Peterson,RB,TEN,WAIVER_FADE,DOWN,MODERATE,REST_OF_SEASON,cutting bait on adrian peterson and jeremy mcnichols i think you can if one of these other players is out there,inefficient committee rushing share
2021,"Fantasy Football 2021 - Week 11 Waivers + Full Stream Ahead, Deeeeeebo! - Ep. 1156",The Fantasy Footballers,2021-11-16,11,Mike Wright,Jeremy McNichols,RB,TEN,WAIVER_FADE,DOWN,MODERATE,REST_OF_SEASON,cutting bait on adrian peterson and jeremy mcnichols i think you can if one of these other players is out there,lack of rushing upside
2021,"Fantasy Football 2021 - Week 11 Waivers + Full Stream Ahead, Deeeeeebo! - Ep. 1156",The Fantasy Footballers,2021-11-16,11,Andy Holloway,D'Onta Foreman,RB,TEN,WAIVER_ADD,UP,STRONG,REST_OF_SEASON,deonta forman by far looks like the best option and he looked like it in the first week without henry,11 carries for 30 yards / clear best runner in Titans backfield
2021,"Fantasy Football 2021 - Week 11 Waivers + Full Stream Ahead, Deeeeeebo! - Ep. 1156",The Fantasy Footballers,2021-11-16,11,Jason Moore,A.J. Dillon,RB,GB,WAIVER_ADD,UP,STRONG,THIS_WEEK,target aj dillon if he's out there somehow spend it all... i expect him to be a top 10 at least top 15 running back,Aaron Jones MCL sprain opening lead back workload
2021,"Fantasy Football 2021 - Week 11 Waivers + Full Stream Ahead, Deeeeeebo! - Ep. 1156",The Fantasy Footballers,2021-11-16,11,Mike Wright,Rhamondre Stevenson,RB,NE,WAIVER_ADD,UP,STRONG,THIS_WEEK,if harris is out then stevenson is an absolute smash play... 20 for 102 last week five targets,20/102 and 5 targets with Damien Harris in concussion protocol
2021,"Fantasy Football 2021 - Week 11 Waivers + Full Stream Ahead, Deeeeeebo! - Ep. 1156",The Fantasy Footballers,2021-11-16,11,Andy Holloway,Wayne Gallman,RB,ATL,WAIVER_ADD,NEUTRAL,HEDGED,THIS_WEEK,galman saw 15 carries for 55 yards last week... galman's better we're going to mike davis you've been terrible,15 carries with Cordarrelle Patterson out
2021,"Fantasy Football 2021 - Week 11 Waivers + Full Stream Ahead, Deeeeeebo! - Ep. 1156",The Fantasy Footballers,2021-11-16,11,Jason Moore,Mike Davis,RB,ATL,WAIVER_ADD,NEUTRAL,HEDGED,THIS_WEEK,for fantasy purposes i'm probably putting in mike davis in hopes that he gets six or seven receptions,pass-catching targets with Patterson out
2021,"Fantasy Football 2021 - Week 11 Waivers + Full Stream Ahead, Deeeeeebo! - Ep. 1156",The Fantasy Footballers,2021-11-16,11,Mike Wright,Dan Arnold,TE,JAX,WAIVER_ADD,UP,STRONG,REST_OF_SEASON,dan arnold stands out as the far and away best pickup at the tight end position... 5 for 67 last week targeted a ton,5/67 on high target share / lead receiver role
2021,"Fantasy Football 2021 - Week 11 Waivers + Full Stream Ahead, Deeeeeebo! - Ep. 1156",The Fantasy Footballers,2021-11-16,11,Jason Moore,Hunter Henry,TE,NE,WAIVER_ADD,UP,STRONG,REST_OF_SEASON,hunter henry he's available... tight end three on the season... all he does is to catch touchdowns,7 touchdowns in 7 weeks
2021,"Fantasy Football 2021 - Week 11 Waivers + Full Stream Ahead, Deeeeeebo! - Ep. 1156",The Fantasy Footballers,2021-11-16,11,Andy Holloway,Pat Freiermuth,TE,PIT,WAIVER_ADD,UP,STRONG,REST_OF_SEASON,the muth... he did that with nine targets again... clearly a big part of the receiving game,9 targets with Mason Rudolph / red zone involvement
2021,"Fantasy Football 2021 - Week 11 Waivers + Full Stream Ahead, Deeeeeebo! - Ep. 1156",The Fantasy Footballers,2021-11-16,11,Jason Moore,Gerald Everett,TE,SEA,WAIVER_FADE,NEUTRAL,HEDGED,THIS_WEEK,i guess i would need i need like two weeks of this... eight targets against green bay,target surge from Russell Wilson checkdowns
2021,"Fantasy Football 2021 - Week 11 Waivers + Full Stream Ahead, Deeeeeebo! - Ep. 1156",The Fantasy Footballers,2021-11-16,11,Mike Wright,Tyler Conklin,TE,MIN,WAIVER_ADD,UP,MODERATE,THIS_WEEK,tyler conklin if you need an emergency start at tight end he's always there for you,reliable TE streamer floor
2021,"Fantasy Football 2021 - Week 11 Waivers + Full Stream Ahead, Deeeeeebo! - Ep. 1156",The Fantasy Footballers,2021-11-16,11,Andy Holloway,Tennessee Titans,DST,TEN,START,UP,STRONG,THIS_WEEK,tennessee plays houston tennessee's defense has been playing great i don't see how you're going to go wrong,favorable matchup vs Houston
2021,"Fantasy Football 2021 - Week 11 Waivers + Full Stream Ahead, Deeeeeebo! - Ep. 1156",The Fantasy Footballers,2021-11-16,11,Jason Moore,New England Patriots,DST,NE,START,UP,STRONG,THIS_WEEK,i am playing the patriots over tennessee... no engand against atlanta,smash matchup vs Falcons
2021,"Fantasy Football 2021 - Week 11 Waivers + Full Stream Ahead, Deeeeeebo! - Ep. 1156",The Fantasy Footballers,2021-11-16,11,Mike Wright,Miami Dolphins,DST,MIA,START,UP,STRONG,THIS_WEEK,widely available that i think is a smash plays the miami dolphins... get the jets,back-to-back strong weeks / matchup vs NY Jets
2021,"Fantasy Football 2021 - Week 11 Waivers + Full Stream Ahead, Deeeeeebo! - Ep. 1156",The Fantasy Footballers,2021-11-16,11,Andy Holloway,Mac Jones,QB,NE,START,UP,STRONG,THIS_WEEK,my stream of the week thursday night atlanta... you are guaranteed 20 points with mack jones,Falcons allowing 2nd highest passer rating / 5 games with 100+ rating
2021,"Fantasy Football 2021 - Week 11 Waivers + Full Stream Ahead, Deeeeeebo! - Ep. 1156",The Fantasy Footballers,2021-11-16,11,Jason Moore,Cam Newton,QB,CAR,START,UP,STRONG,THIS_WEEK,cam newton... revenge game against the washington football bottle... allowed 22 passing touchdowns,rushing ceiling / matchup vs Washington defense allowing 22 pass TDs
2021,"Fantasy Football 2021 - Week 11 Waivers + Full Stream Ahead, Deeeeeebo! - Ep. 1156",The Fantasy Footballers,2021-11-16,11,Mike Wright,Tua Tagovailoa,QB,MIA,START,UP,STRONG,THIS_WEEK,i'm streaming tua... playing the new york jets... allowing 33 points per game,matchup vs Jets allowing 33 PPG / high passing volume
2021,"Fantasy Football 2021 - Week 12 Waivers + Full Stream Ahead, #SomePoints - Ep. 1161",The Fantasy Footballers,2021-11-23,12,Andy Holloway,Darnell Mooney,WR,CHI,START,UP,STRONG,REST_OF_SEASON,since week four he's the wide receiver 17... top 24 option heading into this week,28% target share / WR4 overall in back-to-back weeks
2021,"Fantasy Football 2021 - Week 12 Waivers + Full Stream Ahead, #SomePoints - Ep. 1161",The Fantasy Footballers,2021-11-23,12,Jason Moore,Cam Newton,QB,CAR,START,UP,STRONG,REST_OF_SEASON,i'll buy fire... 40 rushing yards a rushing touchdown and then you've got the weapons,rushing floor / Christian McCaffrey dump-offs
2021,"Fantasy Football 2021 - Week 12 Waivers + Full Stream Ahead, #SomePoints - Ep. 1161",The Fantasy Footballers,2021-11-23,12,Mike Wright,Kenny Golladay,WR,NYG,WAIVER_FADE,DOWN,MODERATE,REST_OF_SEASON,kenny galladay yes you don't need to but you can drop,poor route execution / Daniel Jones struggles
2021,"Fantasy Football 2021 - Week 12 Waivers + Full Stream Ahead, #SomePoints - Ep. 1161",The Fantasy Footballers,2021-11-23,12,Andy Holloway,Corey Davis,WR,NYJ,WAIVER_FADE,DOWN,MODERATE,REST_OF_SEASON,corey davis same seems like you don't need to but you can drop,inconsistent target volume
2021,"Fantasy Football 2021 - Week 12 Waivers + Full Stream Ahead, #SomePoints - Ep. 1161",The Fantasy Footballers,2021-11-23,12,Jason Moore,Emmanuel Sanders,WR,BUF,STASH,NEUTRAL,HEDGED,REST_OF_SEASON,i don't think i would drop... i'd hold on to him... high depth of target,high ADOT deep targets with Josh Allen
2021,"Fantasy Football 2021 - Week 12 Waivers + Full Stream Ahead, #SomePoints - Ep. 1161",The Fantasy Footballers,2021-11-23,12,Mike Wright,Tee Higgins,WR,CIN,WAIVER_FADE,DOWN,MODERATE,REST_OF_SEASON,t higgins this is a player i am fine dropping t higgins has had really no games that have helped you this year,lack of touchdowns / target dominance by Ja'Marr Chase
2021,"Fantasy Football 2021 - Week 12 Waivers + Full Stream Ahead, #SomePoints - Ep. 1161",The Fantasy Footballers,2021-11-23,12,Jason Moore,Van Jefferson,WR,LAR,WAIVER_ADD,UP,MODERATE,REST_OF_SEASON,my number one target of guys that are available... would probably be van jefferson... absence of robert woods,Robert Woods injury / snap share on high-powered offense
2021,"Fantasy Football 2021 - Week 12 Waivers + Full Stream Ahead, #SomePoints - Ep. 1161",The Fantasy Footballers,2021-11-23,12,Mike Wright,Marquez Valdes-Scantling,WR,GB,WAIVER_ADD,UP,MODERATE,THIS_WEEK,i would play mbs for the upside over jameson crowder... 32 percent target share without lazard,32% target share with Lazard out
2021,"Fantasy Football 2021 - Week 12 Waivers + Full Stream Ahead, #SomePoints - Ep. 1161",The Fantasy Footballers,2021-11-23,12,Andy Holloway,Kendrick Bourne,WR,NE,WAIVER_ADD,UP,MODERATE,REST_OF_SEASON,kendrick bourne he so he keeps getting it done,efficiency and consistent scoring with Mac Jones
2021,"Fantasy Football 2021 - Week 12 Waivers + Full Stream Ahead, #SomePoints - Ep. 1161",The Fantasy Footballers,2021-11-23,12,Jason Moore,Tre'Quan Smith,WR,NO,WAIVER_ADD,UP,MODERATE,REST_OF_SEASON,smith for the saints is he's out there every play... eight targets... took over as number one guy,8 targets / Adam Trautman injury opening target share
2021,"Fantasy Football 2021 - Week 12 Waivers + Full Stream Ahead, #SomePoints - Ep. 1161",The Fantasy Footballers,2021-11-23,12,Mike Wright,Nick Westbrook-Ikhine,WR,TEN,WAIVER_ADD,UP,MODERATE,THIS_WEEK,nick westbrook at keene for the tennessee titans is the last man standing... seven for 107,7/107 performance with AJ Brown and Julio Jones out
2021,"Fantasy Football 2021 - Week 12 Waivers + Full Stream Ahead, #SomePoints - Ep. 1161",The Fantasy Footballers,2021-11-23,12,Andy Holloway,Zack Moss,RB,BUF,WAIVER_FADE,DOWN,STRONG,REST_OF_SEASON,zack moss i'm definitely willing to drop... 29 of snaps... completely unplayable,29% snap share / Matt Breida siphoning touches
2021,"Fantasy Football 2021 - Week 12 Waivers + Full Stream Ahead, #SomePoints - Ep. 1161",The Fantasy Footballers,2021-11-23,12,Jason Moore,Ty Johnson,RB,NYJ,WAIVER_ADD,UP,STRONG,THIS_WEEK,ty johnson is my number one running back pickup who's available in the vast majority of leagues... michael carter injured,Michael Carter ankle sprain / pass-catching role
2021,"Fantasy Football 2021 - Week 12 Waivers + Full Stream Ahead, #SomePoints - Ep. 1161",The Fantasy Footballers,2021-11-23,12,Mike Wright,Tevin Coleman,RB,NYJ,WAIVER_ADD,UP,MODERATE,THIS_WEEK,tevin coleman is pretty washed... but will the team keep putting him out on the field,early-down touch share with Michael Carter out
2021,"Fantasy Football 2021 - Week 12 Waivers + Full Stream Ahead, #SomePoints - Ep. 1161",The Fantasy Footballers,2021-11-23,12,Jason Moore,Rex Burkhead,RB,HOU,WAIVER_ADD,UP,MODERATE,THIS_WEEK,rex burkhead sexy rexy is back but the dude had 18 carries... matchup against the jets,18 carries / matchup vs Jets run defense / Phillip Lindsay cut
2021,"Fantasy Football 2021 - Week 12 Waivers + Full Stream Ahead, #SomePoints - Ep. 1161",The Fantasy Footballers,2021-11-23,12,Mike Wright,David Johnson,RB,HOU,WAIVER_ADD,UP,MODERATE,THIS_WEEK,david johnson get a chance... matchup against jets,pass-catching touches with Lindsay cut
2021,"Fantasy Football 2021 - Week 12 Waivers + Full Stream Ahead, #SomePoints - Ep. 1161",The Fantasy Footballers,2021-11-23,12,Jason Moore,D.J. Dallas,RB,SEA,STASH,UP,HEDGED,THIS_WEEK,dj dallas with carson's out for the year rashad penny got banged up,Carson out / Penny hamstring injury
2021,"Fantasy Football 2021 - Week 12 Waivers + Full Stream Ahead, #SomePoints - Ep. 1161",The Fantasy Footballers,2021-11-23,12,Andy Holloway,Tony Jones Jr.,RB,NO,STASH,UP,HEDGED,THIS_WEEK,tony jones jr is a decent stash if mark ingram or kamara are out,handcuff to Kamara / Ingram
2021,"Fantasy Football 2021 - Week 12 Waivers + Full Stream Ahead, #SomePoints - Ep. 1161",The Fantasy Footballers,2021-11-23,12,Jason Moore,Austin Hooper,TE,CLE,WAIVER_ADD,UP,MODERATE,THIS_WEEK,austin hooper david and joku world for upside just because baltimore struggled against tight ends,Ravens struggling against tight ends / wide receiver injuries
2021,"Fantasy Football 2021 - Week 12 Waivers + Full Stream Ahead, #SomePoints - Ep. 1161",The Fantasy Footballers,2021-11-23,12,Mike Wright,David Njoku,TE,CLE,WAIVER_ADD,UP,MODERATE,THIS_WEEK,in joku is better... baltimore is the only team in the league that has actually given up more touchdowns from outside the red zone,big-play ceiling vs Ravens defense
2021,"Fantasy Football 2021 - Week 12 Waivers + Full Stream Ahead, #SomePoints - Ep. 1161",The Fantasy Footballers,2021-11-23,12,Andy Holloway,Tyler Conklin,TE,MIN,WAIVER_ADD,UP,MODERATE,THIS_WEEK,tyler conklin is always providing something always some points,steady target baseline
2021,"Fantasy Football 2021 - Week 12 Waivers + Full Stream Ahead, #SomePoints - Ep. 1161",The Fantasy Footballers,2021-11-23,12,Jason Moore,Cole Kmet,TE,CHI,WAIVER_ADD,UP,MODERATE,THIS_WEEK,cole kamet... 90 percent of snaps... against detroit a great matchup without alan robinson,90% snap share / Allen Robinson out vs Lions
2021,"Fantasy Football 2021 - Week 12 Waivers + Full Stream Ahead, #SomePoints - Ep. 1161",The Fantasy Footballers,2021-11-23,12,Andy Holloway,Chicago Bears,DST,CHI,START,UP,STRONG,THIS_WEEK,chicago plays detroit... that is a smash grab and play,favorable matchup against Detroit
2021,"Fantasy Football 2021 - Week 12 Waivers + Full Stream Ahead, #SomePoints - Ep. 1161",The Fantasy Footballers,2021-11-23,12,Jason Moore,Dallas Cowboys,DST,DAL,START,UP,STRONG,THIS_WEEK,cowboys who are scoring tons of fantasy points play the now muddled raiders offense,matchup vs struggling Raiders offense
2021,"Fantasy Football 2021 - Week 12 Waivers + Full Stream Ahead, #SomePoints - Ep. 1161",The Fantasy Footballers,2021-11-23,12,Mike Wright,Philadelphia Eagles,DST,PHI,START,UP,STRONG,THIS_WEEK,eagles have been on fire... play the giants and jets you're getting a two-weaker,two-week matchup stream vs Giants and Jets
2021,"Fantasy Football 2021 - Week 12 Waivers + Full Stream Ahead, #SomePoints - Ep. 1161",The Fantasy Footballers,2021-11-23,12,Jason Moore,Jimmy Garoppolo,QB,SF,START,UP,STRONG,THIS_WEEK,my quarterback streamer of the week... jimmy garoppolo against minnesota... averaging 22 fantasy points a game,"22 PPG over last month / healthy weapons (Kittle, Aiyuk, Deebo)"
2021,"Fantasy Football 2021 - Week 12 Waivers + Full Stream Ahead, #SomePoints - Ep. 1161",The Fantasy Footballers,2021-11-23,12,Mike Wright,Taylor Heinicke,QB,WAS,START,UP,STRONG,THIS_WEEK,i will go with taylor heineke as mine... logan thomas coming back... scary terry out there,Logan Thomas return / matchup vs Seahawks
2021,"Fantasy Football 2021 - Week 14 Waivers + Full Stream Ahead, Playoff Push - Ep. 1171",The Fantasy Footballers,2021-12-07,14,Andy Holloway,Russell Gage,WR,ATL,START,UP,STRONG,REST_OF_SEASON,back-to-back top 12 finishes... 21 percent of his routes... safe wide receiver three,21% target rate per route / 7+ targets in 4 of last 5 games
2021,"Fantasy Football 2021 - Week 14 Waivers + Full Stream Ahead, Playoff Push - Ep. 1171",The Fantasy Footballers,2021-12-07,14,Jason Moore,Tony Pollard,RB,DAL,START,UP,STRONG,REST_OF_SEASON,i'd flex tony pollard... zeke is not good... pollard can be flexed there's also the chance that we hit a wall with zeke,"Zeke knee injury / big play efficiency (RB19, 23, 15, 17 last 4 weeks)"
2021,"Fantasy Football 2021 - Week 14 Waivers + Full Stream Ahead, Playoff Push - Ep. 1171",The Fantasy Footballers,2021-12-07,14,Mike Wright,Courtland Sutton,WR,DEN,WAIVER_FADE,DOWN,STRONG,REST_OF_SEASON,we talked about dropping cortland sutton weeks ago that's been good yeah i'm fine with that one,poor quarterback play / lack of targets
2021,"Fantasy Football 2021 - Week 14 Waivers + Full Stream Ahead, Playoff Push - Ep. 1171",The Fantasy Footballers,2021-12-07,14,Jason Moore,Jerry Jeudy,WR,DEN,WAIVER_FADE,DOWN,MODERATE,REST_OF_SEASON,if you take the names out of it... you move on from this passing game man,Teddy Bridgewater passing volume limits
2021,"Fantasy Football 2021 - Week 14 Waivers + Full Stream Ahead, Playoff Push - Ep. 1171",The Fantasy Footballers,2021-12-07,14,Andy Holloway,Rashod Bateman,WR,BAL,WAIVER_FADE,DOWN,MODERATE,REST_OF_SEASON,the past three weeks rashad bateman has been actively bad for your fantasy football roster i would be yeah i'd be willing to drop it,Lamar Jackson passing struggles
2021,"Fantasy Football 2021 - Week 14 Waivers + Full Stream Ahead, Playoff Push - Ep. 1171",The Fantasy Footballers,2021-12-07,14,Mike Wright,Antonio Brown,WR,TB,WAIVER_FADE,DOWN,MODERATE,REST_OF_SEASON,antonio brown is someone where you have to know that i'm picking him up for championship week... he suspended so most league platforms you can't put him in the ir,3-game suspension / taking up active roster spot
2021,"Fantasy Football 2021 - Week 14 Waivers + Full Stream Ahead, Playoff Push - Ep. 1171",The Fantasy Footballers,2021-12-07,14,Jason Moore,K.J. Osborn,WR,MIN,WAIVER_ADD,UP,STRONG,THIS_WEEK,kj osborne from the minnesota vikings adam thielen has the high ankle sprain... went from 50 percent of the snaps all the way up to 92 percent,Adam Thielen high ankle sprain / 92% snap share
2021,"Fantasy Football 2021 - Week 14 Waivers + Full Stream Ahead, Playoff Push - Ep. 1171",The Fantasy Footballers,2021-12-07,14,Andy Holloway,DeVante Parker,WR,MIA,WAIVER_ADD,UP,STRONG,REST_OF_SEASON,devonte parker came back from injury... played 71 percent of the snaps... great playoff schedule run,71% snap share / favorable playoff schedule
2021,"Fantasy Football 2021 - Week 14 Waivers + Full Stream Ahead, Playoff Push - Ep. 1171",The Fantasy Footballers,2021-12-07,14,Mike Wright,Jameson Crowder,WR,NYJ,WAIVER_ADD,UP,MODERATE,THIS_WEEK,jameson crowder with corey davis out of the way zack wilson throwing more... four for 62 last week,Corey Davis season-ending injury
2021,"Fantasy Football 2021 - Week 14 Waivers + Full Stream Ahead, Playoff Push - Ep. 1171",The Fantasy Footballers,2021-12-07,14,Jason Moore,Jalen Guyton,WR,LAC,WAIVER_ADD,UP,MODERATE,THIS_WEEK,if keenan allen misses guyton had a good game last week... four for 90 last week with a touchdown,Keenan Allen COVID list / 4/90/1 line in prior week
2021,"Fantasy Football 2021 - Week 14 Waivers + Full Stream Ahead, Playoff Push - Ep. 1171",The Fantasy Footballers,2021-12-07,14,Andy Holloway,Marquez Valdes-Scantling,WR,GB,WAIVER_ADD,UP,MODERATE,REST_OF_SEASON,past two games they played nine targets and ten targets... 20 plus percent target share,20%+ target share in last two games prior to bye
2021,"Fantasy Football 2021 - Week 14 Waivers + Full Stream Ahead, Playoff Push - Ep. 1171",The Fantasy Footballers,2021-12-07,14,Mike Wright,Tre'Quan Smith,WR,NO,WAIVER_ADD,UP,MODERATE,THIS_WEEK,traequan smith... running a lot of routes he had seven targets... jets defense is not good,Deonte Harris 3-game suspension / matchup vs Jets
2021,"Fantasy Football 2021 - Week 14 Waivers + Full Stream Ahead, Playoff Push - Ep. 1171",The Fantasy Footballers,2021-12-07,14,Jason Moore,Marquez Callaway,WR,NO,WAIVER_ADD,UP,MODERATE,THIS_WEEK,traequan is in the car or mark west callaway take your pick,Deonte Harris suspension / matchup vs Jets
2021,"Fantasy Football 2021 - Week 14 Waivers + Full Stream Ahead, Playoff Push - Ep. 1171",The Fantasy Footballers,2021-12-07,14,Mike Wright,JaMycal Hasty,RB,SF,WAIVER_ADD,UP,HEDGED,THIS_WEEK,jamichael hasty... if elijah mitchell misses jamaica hasty will see a bunch of work,Elijah Mitchell concussion protocol & Jeff Wilson knee flare-up
2021,"Fantasy Football 2021 - Week 14 Waivers + Full Stream Ahead, Playoff Push - Ep. 1171",The Fantasy Footballers,2021-12-07,14,Jason Moore,D'Onta Foreman,RB,TEN,WAIVER_ADD,UP,STRONG,THIS_WEEK,deonta foreman has looked good... gets jacksonville... 19 carries last time we saw him,19 carries in prior game / matchup vs Jacksonville
2021,"Fantasy Football 2021 - Week 14 Waivers + Full Stream Ahead, Playoff Push - Ep. 1171",The Fantasy Footballers,2021-12-07,14,Mike Wright,Ameer Abdullah,RB,CAR,WAIVER_ADD,UP,MODERATE,THIS_WEEK,amir abdullah... taking on the atlanta falcons... looks like he has some juice,Christian McCaffrey IR / matchup vs Falcons
2021,"Fantasy Football 2021 - Week 14 Waivers + Full Stream Ahead, Playoff Push - Ep. 1171",The Fantasy Footballers,2021-12-07,14,Andy Holloway,Adrian Peterson,RB,SEA,WAIVER_ADD,UP,HEDGED,THIS_WEEK,adrian peterson walked right off the street into 11 carries he got a touchdown... goal line carries,11 carries and goal line TDs
2021,"Fantasy Football 2021 - Week 14 Waivers + Full Stream Ahead, Playoff Push - Ep. 1171",The Fantasy Footballers,2021-12-07,14,Mike Wright,Rashaad Penny,RB,SEA,WAIVER_ADD,UP,HEDGED,THIS_WEEK,rashad penny meanwhile looked okay and he actually saw 10 carries in this game... 40 percent of snaps,10 carries / 40% snap share
2021,"Fantasy Football 2021 - Week 14 Waivers + Full Stream Ahead, Playoff Push - Ep. 1171",The Fantasy Footballers,2021-12-07,14,Jason Moore,Rex Burkhead,RB,HOU,WAIVER_ADD,UP,MODERATE,THIS_WEEK,rex burkhead... going to get the ball 10 times... matchup against seattle,guaranteed 10+ touches vs Seattle
2021,"Fantasy Football 2021 - Week 14 Waivers + Full Stream Ahead, Playoff Push - Ep. 1171",The Fantasy Footballers,2021-12-07,14,Andy Holloway,Tevin Coleman,RB,NYJ,WAIVER_ADD,UP,MODERATE,THIS_WEEK,tevin coleman from the jets i think he's more guaranteed to see ten plus opportunities,guaranteed 10+ touches with Michael Carter out
2021,"Fantasy Football 2021 - Week 14 Waivers + Full Stream Ahead, Playoff Push - Ep. 1171",The Fantasy Footballers,2021-12-07,14,Jason Moore,Tyler Conklin,TE,MIN,WAIVER_ADD,UP,STRONG,THIS_WEEK,tyler conklin's at the tippy top of my list... nine targets last week seven for 56,Adam Thielen injury opening 9 targets
2021,"Fantasy Football 2021 - Week 14 Waivers + Full Stream Ahead, Playoff Push - Ep. 1171",The Fantasy Footballers,2021-12-07,14,Mike Wright,Ricky Seals-Jones,TE,WAS,WAIVER_ADD,UP,MODERATE,THIS_WEEK,ricky seals jones... expected to be back this week... fine plug and play,Logan Thomas injury
2021,"Fantasy Football 2021 - Week 14 Waivers + Full Stream Ahead, Playoff Push - Ep. 1171",The Fantasy Footballers,2021-12-07,14,Jason Moore,Los Angeles Chargers,DST,LAC,START,UP,STRONG,THIS_WEEK,chargers are at the top of my list with the giants this week... scored 20 fantasy points last week,matchup vs Giants backup QB (Mike Glennon/Jake Fromm)
2021,"Fantasy Football 2021 - Week 14 Waivers + Full Stream Ahead, Playoff Push - Ep. 1171",The Fantasy Footballers,2021-12-07,14,Andy Holloway,New Orleans Saints,DST,NO,START,UP,STRONG,THIS_WEEK,saints get the jets this week so turnovers could be something that zack wilson provides,matchup vs Zach Wilson turnovers
2021,"Fantasy Football 2021 - Week 14 Waivers + Full Stream Ahead, Playoff Push - Ep. 1171",The Fantasy Footballers,2021-12-07,14,Mike Wright,Denver Broncos,DST,DEN,START,UP,STRONG,THIS_WEEK,broncos against detroit... don't think jared goff's gonna get it done,matchup vs Jared Goff / Lions
2021,"Fantasy Football 2021 - Week 14 Waivers + Full Stream Ahead, Playoff Push - Ep. 1171",The Fantasy Footballers,2021-12-07,14,Andy Holloway,Taysom Hill,QB,NO,START,UP,STRONG,THIS_WEEK,taysom hill... cheat code... averaging over 60 rushing yards and 10 rushing attempts per game... matchup with the jets,60+ rush yards & 10 rush attempts per game / matchup vs Jets
2021,"Fantasy Football 2021 - Week 14 Waivers + Full Stream Ahead, Playoff Push - Ep. 1171",The Fantasy Footballers,2021-12-07,14,Mike Wright,Cam Newton,QB,CAR,START,UP,MODERATE,THIS_WEEK,cam newton is my... streamer... matchup vs atlanta falcons 31st against fantasy QBs,rushing upside vs Falcons allowing 31st fantasy pts to QBs
2021,"Fantasy Football 2021 - Week 14 Waivers + Full Stream Ahead, Playoff Push - Ep. 1171",The Fantasy Footballers,2021-12-07,14,Jason Moore,Ben Roethlisberger,QB,PIT,START,UP,MODERATE,THIS_WEEK,big ben against minnesota... minnesota giving up top... top 10 quarterback twice in last three weeks,Vikings secondary allowing high fantasy points to QBs
2021,"Fantasy Football 2021 - Week 9 Waivers + Full Stream Ahead, Trust the Process - Ep. 1146",The Fantasy Footballers,2021-11-02,9,Andy Holloway,Michael Carter,RB,NYJ,START,UP,STRONG,REST_OF_SEASON,14 targets... 9 for 95... 15 for 77 and one on the ground... unusable fantasy asset rest of season,14 targets / 24 touches / Mike White pass-catching role
2021,"Fantasy Football 2021 - Week 9 Waivers + Full Stream Ahead, Trust the Process - Ep. 1146",The Fantasy Footballers,2021-11-02,9,Mike Wright,Michael Pittman Jr.,WR,IND,START,UP,STRONG,REST_OF_SEASON,number two wide receiver last week number seven the week before... total fire... wide receiver 13 on the season,WR13 overall / targets across all areas of field / Wentz connection
2021,"Fantasy Football 2021 - Week 9 Waivers + Full Stream Ahead, Trust the Process - Ep. 1146",The Fantasy Footballers,2021-11-02,9,Jason Moore,Calvin Ridley,WR,ATL,STASH,NEUTRAL,HEDGED,REST_OF_SEASON,do what you can to avoid dropping him... wait a little bit,mental health leave
2021,"Fantasy Football 2021 - Week 9 Waivers + Full Stream Ahead, Trust the Process - Ep. 1146",The Fantasy Footballers,2021-11-02,9,Andy Holloway,Devonta Smith,WR,PHI,STASH,UP,MODERATE,REST_OF_SEASON,i'm holding on to devante smith... on the field all the time seeing volume,snap share and target volume
2021,"Fantasy Football 2021 - Week 9 Waivers + Full Stream Ahead, Trust the Process - Ep. 1146",The Fantasy Footballers,2021-11-02,9,Jason Moore,Allen Robinson II,WR,CHI,WAIVER_FADE,DOWN,STRONG,REST_OF_SEASON,cut alan robinson... averaging three for 33... he's a drop,3/33 average with Justin Fields
2021,"Fantasy Football 2021 - Week 9 Waivers + Full Stream Ahead, Trust the Process - Ep. 1146",The Fantasy Footballers,2021-11-02,9,Mike Wright,Robby Anderson,WR,CAR,WAIVER_FADE,DOWN,STRONG,REST_OF_SEASON,cut alan robinson and robbie anderson,inconsistent targets and poor efficiency
2021,"Fantasy Football 2021 - Week 9 Waivers + Full Stream Ahead, Trust the Process - Ep. 1146",The Fantasy Footballers,2021-11-02,9,Andy Holloway,Sterling Shepard,WR,NYG,STASH,NEUTRAL,HEDGED,REST_OF_SEASON,holding on to shepard... soft tissue issue,quad/hamstring injury but high targets when healthy
2021,"Fantasy Football 2021 - Week 9 Waivers + Full Stream Ahead, Trust the Process - Ep. 1146",The Fantasy Footballers,2021-11-02,9,Jason Moore,Kenny Golladay,WR,NYG,STASH,UP,MODERATE,REST_OF_SEASON,kenny gallaudet is definitely a hold... could be relevant immediately,return from injury / vacant target share
2021,"Fantasy Football 2021 - Week 9 Waivers + Full Stream Ahead, Trust the Process - Ep. 1146",The Fantasy Footballers,2021-11-02,9,Jason Moore,DeVante Parker,WR,MIA,WAIVER_ADD,UP,STRONG,THIS_WEEK,my actual favorite is devonte parker... 11 targets eight for 85... against houston,11 targets / 8/85 line / matchup vs Houston
2021,"Fantasy Football 2021 - Week 9 Waivers + Full Stream Ahead, Trust the Process - Ep. 1146",The Fantasy Footballers,2021-11-02,9,Mike Wright,Jameson Crowder,WR,NYJ,WAIVER_ADD,UP,MODERATE,THIS_WEEK,jameson crowder... nine targets turned into 8 for 84... gets the colts on thursday,9 targets with Mike White / Corey Davis out
2021,"Fantasy Football 2021 - Week 9 Waivers + Full Stream Ahead, Trust the Process - Ep. 1146",The Fantasy Footballers,2021-11-02,9,Jason Moore,Brandon Aiyuk,WR,SF,WAIVER_ADD,UP,HEDGED,REST_OF_SEASON,numbers were going up for him... 88 percent of the snaps... shanahan said he played his butt off,88% snap share / Shanahan praise
2021,"Fantasy Football 2021 - Week 9 Waivers + Full Stream Ahead, Trust the Process - Ep. 1146",The Fantasy Footballers,2021-11-02,9,Mike Wright,Jamal Agnew,WR,JAX,WAIVER_ADD,UP,MODERATE,THIS_WEEK,12 targets... 6 for 38 and a touchdown... target volume since dj chark went down,12 targets / Chark injury opening target share
2021,"Fantasy Football 2021 - Week 9 Waivers + Full Stream Ahead, Trust the Process - Ep. 1146",The Fantasy Footballers,2021-11-02,9,Jason Moore,Van Jefferson,WR,LAR,WAIVER_ADD,UP,MODERATE,THIS_WEEK,van jefferson... six targets three for 88... 84 percent of snaps... great matchup against tennessee,84% snap share / DeSean Jackson trade request opening targets
2021,"Fantasy Football 2021 - Week 9 Waivers + Full Stream Ahead, Trust the Process - Ep. 1146",The Fantasy Footballers,2021-11-02,9,Andy Holloway,Tajae Sharpe,WR,ATL,WAIVER_ADD,UP,HEDGED,THIS_WEEK,tasha sharp... six targets five for 58... ridley is gone somebody on that team besides kyle pitts will catch passes,5/58 line with Calvin Ridley out
2021,"Fantasy Football 2021 - Week 9 Waivers + Full Stream Ahead, Trust the Process - Ep. 1146",The Fantasy Footballers,2021-11-02,9,Jason Moore,Boston Scott,RB,PHI,WAIVER_ADD,UP,STRONG,THIS_WEEK,going after boston scott ahead of adrian peterson... chargers are 30th against fantasy points given up to running backs,Miles Sanders IR / goal-line carries / matchup vs Chargers
2021,"Fantasy Football 2021 - Week 9 Waivers + Full Stream Ahead, Trust the Process - Ep. 1146",The Fantasy Footballers,2021-11-02,9,Jason Moore,Adrian Peterson,RB,TEN,WAIVER_ADD,UP,STRONG,REST_OF_SEASON,spending the most on peterson... team is good... find its way to the goal line... 18 to 20 carries a game,Derrick Henry 6-10 week injury / lead goal-line back role
2021,"Fantasy Football 2021 - Week 9 Waivers + Full Stream Ahead, Trust the Process - Ep. 1146",The Fantasy Footballers,2021-11-02,9,Mike Wright,Jeremy McNichols,RB,TEN,WAIVER_ADD,UP,MODERATE,REST_OF_SEASON,prioritizing mick nichols over adrian peterson... active in the passing game,pass-catching target share with Henry out
2021,"Fantasy Football 2021 - Week 9 Waivers + Full Stream Ahead, Trust the Process - Ep. 1146",The Fantasy Footballers,2021-11-02,9,Mike Wright,Carlos Hyde,RB,JAX,WAIVER_ADD,UP,MODERATE,THIS_WEEK,carlos hyde... james robinson foot injury... pure volume,James Robinson foot injury opening lead back carries
2021,"Fantasy Football 2021 - Week 9 Waivers + Full Stream Ahead, Trust the Process - Ep. 1146",The Fantasy Footballers,2021-11-02,9,Jason Moore,Latavius Murray,RB,BAL,WAIVER_ADD,UP,MODERATE,REST_OF_SEASON,latavius murray... starter off the bye week... starting running back,lead back role in Baltimore rushing attack
2021,"Fantasy Football 2021 - Week 9 Waivers + Full Stream Ahead, Trust the Process - Ep. 1146",The Fantasy Footballers,2021-11-02,9,Mike Wright,Ty Johnson,RB,NYJ,STASH,UP,MODERATE,THIS_WEEK,ty johnson... six targets turned into five for 71 and a touchdown... interesting in deeper ppr,5/71/1 line with Mike White
2021,"Fantasy Football 2021 - Week 9 Waivers + Full Stream Ahead, Trust the Process - Ep. 1146",The Fantasy Footballers,2021-11-02,9,Andy Holloway,Jeff Wilson Jr.,RB,SF,STASH,UP,STRONG,REST_OF_SEASON,stash jeff wilson... kyle shanahan loyalty... valuable fantasy contributor,Shanahan trust / return from IR
2021,"Fantasy Football 2021 - Week 9 Waivers + Full Stream Ahead, Trust the Process - Ep. 1146",The Fantasy Footballers,2021-11-02,9,Jason Moore,Pat Freiermuth,TE,PIT,WAIVER_ADD,UP,STRONG,REST_OF_SEASON,the muth... four for 44 and a touchdown... 78 percent of snaps... seven targets back-to-back games,7 targets back-to-back games / Eric Ebron injury
2021,"Fantasy Football 2021 - Week 9 Waivers + Full Stream Ahead, Trust the Process - Ep. 1146",The Fantasy Footballers,2021-11-02,9,Andy Holloway,Dan Arnold,TE,JAX,WAIVER_ADD,UP,STRONG,REST_OF_SEASON,take dan arnold over friar... ten targets... third most routes run,10 targets / 3rd most routes run among tight ends
2021,"Fantasy Football 2021 - Week 9 Waivers + Full Stream Ahead, Trust the Process - Ep. 1146",The Fantasy Footballers,2021-11-02,9,Mike Wright,Indianapolis Colts,DST,IND,START,UP,STRONG,THIS_WEEK,colts are the number one pickup... facing jets and jacksonville next,matchups vs Jets and Jaguars
2021,"Fantasy Football 2021 - Week 9 Waivers + Full Stream Ahead, Trust the Process - Ep. 1146",The Fantasy Footballers,2021-11-02,9,Andy Holloway,Tua Tagovailoa,QB,MIA,START,UP,STRONG,THIS_WEEK,tua against houston... return of parker involvement of gesicki,DeVante Parker return / matchup vs Houston
2021,"Fantasy Football 2021 - Week 9 Waivers + Full Stream Ahead, Trust the Process - Ep. 1146",The Fantasy Footballers,2021-11-02,9,Jason Moore,Taysom Hill,QB,NO,START,UP,STRONG,REST_OF_SEASON,taysom hill's rushing ability... mobile quarterback... four QBs one finishes in four starts,Jameis Winston ACL tear / rushing ceiling
2021,Fantasy Football Live Q&A with Patrick Daugherty and Denny Carter | Rotoworld Draft Day | NFL on NBC,Rotoworld Football Show,SUPPLIED,SUPPLIED,Patrick Daugherty,Darren Waller,TE,LV,SLEEPER,UP,MODERATE,REST_OF_SEASON,you are getting a massive discount from what you had last year... adams is a target hog but waller is also a massive target magnet,target magnet / defenses focusing on Davante Adams / lower draft cost
2021,Fantasy Football Live Q&A with Patrick Daugherty and Denny Carter | Rotoworld Draft Day | NFL on NBC,Rotoworld Football Show,SUPPLIED,SUPPLIED,Denny Carter,Chase Claypool,WR,PIT,BUST,DOWN,STRONG,REST_OF_SEASON,it's over for claypool sorry... george pickens is... incredible potential,emergence of rookie George Pickens taking target share
2021,Fantasy Football Live Q&A with Patrick Daugherty and Denny Carter | Rotoworld Draft Day | NFL on NBC,Rotoworld Football Show,SUPPLIED,SUPPLIED,Denny Carter,George Pickens,WR,PIT,BREAKOUT,UP,STRONG,REST_OF_SEASON,george pickens is... an incredible potential like rookie of the year type prospect,dominant camp and preseason performance / target alpha profile
2021,Fantasy Football Live Q&A with Patrick Daugherty and Denny Carter | Rotoworld Draft Day | NFL on NBC,Rotoworld Football Show,SUPPLIED,SUPPLIED,Denny Carter,Cortland Sutton,WR,DEN,BREAKOUT,UP,STRONG,REST_OF_SEASON,cortland sutton is the guy that russell wilson looks to... especially when the play breaks down,Russell Wilson primary target following Tim Patrick injury
2021,Fantasy Football Live Q&A with Patrick Daugherty and Denny Carter | Rotoworld Draft Day | NFL on NBC,Rotoworld Football Show,SUPPLIED,SUPPLIED,Denny Carter,Rashod Bateman,WR,BAL,WAIVER_FADE,DOWN,MODERATE,REST_OF_SEASON,the ravens offensive plays per game and their pass rate are both going to plummet this year... i'm pretty out on bateman,Ravens low pass rate and run-heavy scheme
2021,Fantasy Football Live Q&A with Patrick Daugherty and Denny Carter | Rotoworld Draft Day | NFL on NBC,Rotoworld Football Show,SUPPLIED,SUPPLIED,Patrick Daugherty,Antonio Gibson,RB,WAS,BUST,DOWN,MODERATE,REST_OF_SEASON,i don't think he can get there on just like pure like receptions and yardage,touchdown dependency / lost receiving work
2021,Fantasy Football Live Q&A with Patrick Daugherty and Denny Carter | Rotoworld Draft Day | NFL on NBC,Rotoworld Football Show,SUPPLIED,SUPPLIED,Denny Carter,Ke'Shawn Vaughn,RB,TB,RANKING_ONLY,DOWN,MODERATE,REST_OF_SEASON,as a zero rb guy i'm not like chomping at the bit to get von,behind Fournette and Rachaad White
2021,Fantasy Football Live Q&A with Patrick Daugherty and Denny Carter | Rotoworld Draft Day | NFL on NBC,Rotoworld Football Show,SUPPLIED,SUPPLIED,Denny Carter,Rachaad White,RB,TB,STASH,UP,MODERATE,REST_OF_SEASON,i still want rashad white... where he's going in drafts i think it's perfectly reasonable,primary handcuff / pass-catching upside behind Fournette
2021,Fantasy Football Live Q&A with Patrick Daugherty and Denny Carter | Rotoworld Draft Day | NFL on NBC,Rotoworld Football Show,SUPPLIED,SUPPLIED,Patrick Daugherty,DK Metcalf,WR,SEA,RANKING_ONLY,NEUTRAL,HEDGED,REST_OF_SEASON,i'm okay with d.k metcalf... they'll have to throw no matter what pete carroll does or says,trailing game script pass volume
2021,Fantasy Football Live Q&A with Patrick Daugherty and Denny Carter | Rotoworld Draft Day | NFL on NBC,Rotoworld Football Show,SUPPLIED,SUPPLIED,Patrick Daugherty,Rashaad Penny,RB,SEA,START,UP,HEDGED,REST_OF_SEASON,the seahawks beat writers have mostly already been talking about rashad penny being like the clear-cut starter,Ken Walker hernia injury opens clear lead back role
2021,Fantasy Football Live Q&A with Patrick Daugherty and Denny Carter | Rotoworld Draft Day | NFL on NBC,Rotoworld Football Show,SUPPLIED,SUPPLIED,Patrick Daugherty,Robert Tonyan,TE,GB,SLEEPER,UP,STRONG,REST_OF_SEASON,i love robert tunian as what is essentially a free flyer... robert tunyan being a thing in the red zone for aaron rodgers,Aaron Rodgers red zone favorite with Davante Adams gone / undrafted free flyer
2021,Fantasy Football Live Q&A with Patrick Daugherty and Denny Carter | Rotoworld Draft Day | NFL on NBC,Rotoworld Football Show,SUPPLIED,SUPPLIED,Patrick Daugherty,Christian Kirk,WR,JAX,BREAKOUT,UP,STRONG,REST_OF_SEASON,training camp reports about christian kirk have been glowing really really very good,slot role in Jacksonville / camp hype
2021,Fantasy Football Live Q&A with Patrick Daugherty and Denny Carter | Rotoworld Draft Day | NFL on NBC,Rotoworld Football Show,SUPPLIED,SUPPLIED,Denny Carter,Rhamondre Stevenson,RB,NE,BREAKOUT,UP,STRONG,REST_OF_SEASON,reminder stephenson's making the leap and i do think he's a worthy rb two and he's still going it's just an rb3,Year 2 leap / RB2 upside at RB3 draft cost
2021,Fantasy Football Live Q&A with Patrick Daugherty and Denny Carter | Rotoworld Draft Day | NFL on NBC,Rotoworld Football Show,SUPPLIED,SUPPLIED,Patrick Daugherty,D.J. Moore,WR,CAR,BREAKOUT,UP,STRONG,REST_OF_SEASON,if receiver of sam is i'm forced to take my wide receiver one from kind of like that wide receiver 8 to 14 range i do by the letter of the adp law find myself reaching for dj moore,Baker Mayfield arrival / target share alpha profile
2021,Fantasy Football Live Q&A with Patrick Daugherty and Denny Carter | Rotoworld Draft Day | NFL on NBC,Rotoworld Football Show,SUPPLIED,SUPPLIED,Patrick Daugherty,Kendrick Bourne,WR,NE,SLEEPER,UP,MODERATE,REST_OF_SEASON,this offense is going to look a lot different than it did last year we're talking about a more shanahanian type system... can't stop drafting kendrick bourne,Shanahan-style offensive scheme implementation in New England
2021,Fantasy Football Live Q&A with Patrick Daugherty and Denny Carter | Rotoworld Draft Day | NFL on NBC,Rotoworld Football Show,SUPPLIED,SUPPLIED,Denny Carter,Wan'Dale Robinson,WR,NYG,SLEEPER,UP,STRONG,REST_OF_SEASON,mr leonard was kind of confirmation... they're obsessed with getting him the ball he's going places folks,Giants coaching staff obsession with getting him touches in slot
2021,Fantasy Football Live Q&A with Patrick Daugherty and Denny Carter | Rotoworld Draft Day | NFL on NBC,Rotoworld Football Show,SUPPLIED,SUPPLIED,Denny Carter,DeAndre Hopkins,WR,ARI,BUST,DOWN,STRONG,REST_OF_SEASON,there's just no price for me where he becomes a value and i let someone else take him... dead roster spot for literally half the season,6-game suspension + bye week / declining yards per route run
2021,"Live: Week 11 Waiver Wire Pickups | Players To Target, Drop, and Trade + Q&A (2021 Fantasy Football)",FantasyPros,SUPPLIED,11,Dan Harris / Lauren Carpenter,Ty Johnson,RB,NYJ,WAIVER_FADE,DOWN,MODERATE,REST_OF_SEASON,the problem is we have zach wilson coming back so we really don't know exactly what's going to be happening with especially ty johnson as the pass catching back,Zach Wilson return / target uncertainty
2021,"Live: Week 11 Waiver Wire Pickups | Players To Target, Drop, and Trade + Q&A (2021 Fantasy Football)",FantasyPros,SUPPLIED,11,Dan Harris / Lauren Carpenter,Latavius Murray,RB,BAL,WAIVER_ADD,UP,HEDGED,REST_OF_SEASON,desperate for running back because he always has the... touchdown that he gets almost every week... don't love it because i feel the majority of the touches go to devonta freeman,Devonta Freeman taking majority of touches
2021,"Live: Week 11 Waiver Wire Pickups | Players To Target, Drop, and Trade + Q&A (2021 Fantasy Football)",FantasyPros,SUPPLIED,11,Dan Harris / Lauren Carpenter,Devonta Freeman,RB,BAL,WAIVER_ADD,UP,STRONG,REST_OF_SEASON,freeman has earned sort of more of a role here going forward regardless of latavius murray's health,earned lead back role
2021,"Live: Week 11 Waiver Wire Pickups | Players To Target, Drop, and Trade + Q&A (2021 Fantasy Football)",FantasyPros,SUPPLIED,11,Dan Harris / Lauren Carpenter,Matt Breida,RB,BUF,WAIVER_FADE,DOWN,STRONG,REST_OF_SEASON,stay away from the bills backfield just do yourselves a favor and trade them away now,crowded Bills backfield
2021,"Live: Week 11 Waiver Wire Pickups | Players To Target, Drop, and Trade + Q&A (2021 Fantasy Football)",FantasyPros,SUPPLIED,11,Dan Harris / Lauren Carpenter,Marcus Johnson,WR,TEN,WAIVER_ADD,UP,HEDGED,THIS_WEEK,i know marcus johnson is heavily involved... a guy you can just pick up after that,increased targets
2021,"Live: Week 11 Waiver Wire Pickups | Players To Target, Drop, and Trade + Q&A (2021 Fantasy Football)",FantasyPros,SUPPLIED,11,Dan Harris / Lauren Carpenter,Tre'Quan Smith,WR,NO,WAIVER_FADE,DOWN,HEDGED,REST_OF_SEASON,low volume offenses stay away if you can,low volume Saints offense
2021,"Live: Week 11 Waiver Wire Pickups | Players To Target, Drop, and Trade + Q&A (2021 Fantasy Football)",FantasyPros,SUPPLIED,11,Dan Harris / Lauren Carpenter,Deonte Harris,WR,NO,WAIVER_FADE,DOWN,HEDGED,REST_OF_SEASON,if you absolutely have to you can go deonta harris or traequan smith but again low volume offense,low volume Saints offense
2021,"Live: Week 11 Waiver Wire Pickups | Players To Target, Drop, and Trade + Q&A (2021 Fantasy Football)",FantasyPros,SUPPLIED,11,Dan Harris / Lauren Carpenter,Dalton Schultz,TE,DAL,RANKING_ONLY,DOWN,HEDGED,REST_OF_SEASON,i'm scared about what michael gallup is going to do,Michael Gallup return siphoning targets
2021,"Live: Week 11 Waiver Wire Pickups | Players To Target, Drop, and Trade + Q&A (2021 Fantasy Football)",FantasyPros,SUPPLIED,11,Dan Harris / Lauren Carpenter,Tyler Conklin,TE,MIN,WAIVER_ADD,UP,MODERATE,REST_OF_SEASON,tyler conklin is going to be one of those pieces that is really going to explode for you in good matchups,favorable matchup streamer
2021,"Live: Week 11 Waiver Wire Pickups | Players To Target, Drop, and Trade + Q&A (2021 Fantasy Football)",FantasyPros,SUPPLIED,11,Dan Harris / Lauren Carpenter,Dan Arnold,TE,JAX,WAIVER_ADD,UP,STRONG,REST_OF_SEASON,i might make that move for the ever exciting dan arnold,high target share in Jacksonville
2021,"Live: Week 11 Waiver Wire Pickups | Players To Target, Drop, and Trade + Q&A (2021 Fantasy Football)",FantasyPros,SUPPLIED,11,Dan Harris / Lauren Carpenter,Brandon Aiyuk,WR,SF,RANKING_ONLY,NEUTRAL,HEDGED,REST_OF_SEASON,i do like brandon aiyuk very much,volatile target share
2021,"Live: Week 11 Waiver Wire Pickups | Players To Target, Drop, and Trade + Q&A (2021 Fantasy Football)",FantasyPros,SUPPLIED,11,Dan Harris / Lauren Carpenter,Darnell Mooney,WR,CHI,WAIVER_ADD,UP,STRONG,REST_OF_SEASON,darnell mooney but that is spicy,target volume with Justin Fields
2021,"Live: Week 11 Waiver Wire Pickups | Players To Target, Drop, and Trade + Q&A (2021 Fantasy Football)",FantasyPros,SUPPLIED,11,Dan Harris / Lauren Carpenter,Michael Gallup,WR,DAL,WAIVER_ADD,UP,MODERATE,REST_OF_SEASON,i think i might want to go michael gallup,return from injury
2021,"Live: Week 11 Waiver Wire Pickups | Players To Target, Drop, and Trade + Q&A (2021 Fantasy Football)",FantasyPros,SUPPLIED,11,Dan Harris / Lauren Carpenter,Calvin Ridley,WR,ATL,STASH,NEUTRAL,HEDGED,REST_OF_SEASON,if you have roster room would you even bother stashing calvin ridley on the chance that he returns this year... absolutely i would,mental health leave / stash upside
2021,"Live: Week 11 Waiver Wire Pickups | Players To Target, Drop, and Trade + Q&A (2021 Fantasy Football)",FantasyPros,SUPPLIED,11,Dan Harris / Lauren Carpenter,D.J. Moore,WR,CAR,START,UP,STRONG,THIS_WEEK,i would go dj more here for upside... big revenge game for cam newton,Cam Newton return / target share
2021,"Live: Week 11 Waiver Wire Pickups | Players To Target, Drop, and Trade + Q&A (2021 Fantasy Football)",FantasyPros,SUPPLIED,11,Dan Harris / Lauren Carpenter,Kadarius Toney,WR,NYG,WAIVER_FADE,DOWN,HEDGED,REST_OF_SEASON,if you need to make room yes... if you need someone that's going to be a starter that can give you volume... caderas tony you can drop them,injury / inconsistent role
2021,"Live: Week 11 Waiver Wire Pickups | Players To Target, Drop, and Trade + Q&A (2021 Fantasy Football)",FantasyPros,SUPPLIED,11,Dan Harris / Lauren Carpenter,A.J. Dillon,RB,GB,WAIVER_ADD,UP,STRONG,THIS_WEEK,aj dillon... i leaned dillon just because i know he's got the role right now and he basically offers the same high-end insurance policy,Aaron Jones injury opening lead back role
2021,"Live: Week 11 Waiver Wire Pickups | Players To Target, Drop, and Trade + Q&A (2021 Fantasy Football)",FantasyPros,SUPPLIED,11,Dan Harris / Lauren Carpenter,Rhamondre Stevenson,RB,NE,WAIVER_ADD,UP,STRONG,THIS_WEEK,if both aj dillon and randra stevenson are available who would be your preference off waivers,Damien Harris injury
2021,"Live: Week 11 Waiver Wire Pickups | Players To Target, Drop, and Trade + Q&A (2021 Fantasy Football)",FantasyPros,SUPPLIED,11,Dan Harris / Lauren Carpenter,Tony Pollard,RB,DAL,STASH,UP,STRONG,REST_OF_SEASON,tony pollard man he's productive every week,high efficiency behind Zeke
2021,"Live: Week 11 Waiver Wire Pickups | Players To Target, Drop, and Trade + Q&A (2021 Fantasy Football)",FantasyPros,SUPPLIED,11,Dan Harris / Lauren Carpenter,Jarvis Landry,WR,CLE,WAIVER_FADE,DOWN,STRONG,REST_OF_SEASON,jarvis landry you've caused me nothing but angst in pain... constant letdown,low target ceiling in Browns offense
2021,"Live: Week 11 Waiver Wire Pickups | Players To Target, Drop, and Trade + Q&A (2021 Fantasy Football)",FantasyPros,SUPPLIED,11,Dan Harris / Lauren Carpenter,Rashod Bateman,WR,BAL,WAIVER_ADD,UP,STRONG,REST_OF_SEASON,specifically rashad bateman go get him yes rashad bateman is the guy,target share expansion in Baltimore
2021,"Live: Week 11 Waiver Wire Pickups | Players To Target, Drop, and Trade + Q&A (2021 Fantasy Football)",FantasyPros,SUPPLIED,11,Dan Harris / Lauren Carpenter,Javonte Williams,RB,DEN,START,UP,MODERATE,REST_OF_SEASON,i'm going to go juvonte williams... by a little bit,committee lead in Denver
2021,"Live: Week 11 Waiver Wire Pickups | Players To Target, Drop, and Trade + Q&A (2021 Fantasy Football)",FantasyPros,SUPPLIED,11,Dan Harris / Lauren Carpenter,Darnell Mooney,WR,CHI,WAIVER_ADD,UP,STRONG,REST_OF_SEASON,darnell mooney is my number one... mooney has the higher upside,lead wide receiver target share in Chicago
2021,"Live: Week 11 Waiver Wire Pickups | Players To Target, Drop, and Trade + Q&A (2021 Fantasy Football)",FantasyPros,SUPPLIED,11,Dan Harris / Lauren Carpenter,Corey Davis,WR,NYJ,WAIVER_ADD,UP,MODERATE,REST_OF_SEASON,corey davis also very interesting,return of Zach Wilson
2021,"Live: Week 11 Waiver Wire Pickups | Players To Target, Drop, and Trade + Q&A (2021 Fantasy Football)",FantasyPros,SUPPLIED,11,Dan Harris / Lauren Carpenter,D'Ernest Johnson,RB,CLE,STASH,UP,STRONG,REST_OF_SEASON,you want to hang onto the ernest johnson... yes,primary handcuff to Nick Chubb / Kareem Hunt
2021,"Live: Week 11 Waiver Wire Pickups | Players To Target, Drop, and Trade + Q&A (2021 Fantasy Football)",FantasyPros,SUPPLIED,11,Dan Harris / Lauren Carpenter,Hunter Henry,TE,NE,WAIVER_ADD,UP,STRONG,REST_OF_SEASON,give me hunter henry... they design their plays as they get closer to the end zone henry is... where they want to go,red zone touchdown target
2021,"Live: Week 11 Waiver Wire Pickups | Players To Target, Drop, and Trade + Q&A (2021 Fantasy Football)",FantasyPros,SUPPLIED,11,Dan Harris / Lauren Carpenter,Pat Freiermuth,TE,PIT,WAIVER_ADD,UP,STRONG,REST_OF_SEASON,i personally go with that prior move because of the targets,7+ targets per game / red zone role
2021,"Live: Week 11 Waiver Wire Pickups | Players To Target, Drop, and Trade + Q&A (2021 Fantasy Football)",FantasyPros,SUPPLIED,11,Dan Harris / Lauren Carpenter,Van Jefferson,WR,LAR,STASH,UP,MODERATE,REST_OF_SEASON,stock is up of course with the robert woods injury for him,Robert Woods season-ending injury
2021,"Live: Week 11 Waiver Wire Pickups | Players To Target, Drop, and Trade + Q&A (2021 Fantasy Football)",FantasyPros,SUPPLIED,11,Dan Harris / Lauren Carpenter,Kenyan Drake,RB,LV,STASH,UP,MODERATE,REST_OF_SEASON,he is really eating into josh jacobs fantasy production,receiving role in Raiders backfield
2021,"Live: Week 11 Waiver Wire Pickups | Players To Target, Drop, and Trade + Q&A (2021 Fantasy Football)",FantasyPros,SUPPLIED,11,Dan Harris / Lauren Carpenter,Mike Williams,WR,LAC,START,UP,STRONG,REST_OF_SEASON,mike williams... you don't drop,WR1 target volume in Chargers offense
2021,"Live: Week 5 Waiver Wire Pickups | Players To Target, Drop, and Trade + Q&A (2021 Fantasy Football)",FantasyPros,SUPPLIED,5,Dan Harris / Lauren Carpenter,Damien Williams,RB,CHI,WAIVER_ADD,UP,STRONG,REST_OF_SEASON,that's gonna be damien williams running back for the chicago bears... montgomery is likely out... number one waiver wire pickup of the week,David Montgomery knee injury
2021,"Live: Week 5 Waiver Wire Pickups | Players To Target, Drop, and Trade + Q&A (2021 Fantasy Football)",FantasyPros,SUPPLIED,5,Dan Harris / Lauren Carpenter,Khalil Herbert,RB,CHI,STASH,UP,MODERATE,REST_OF_SEASON,khalil herbert could be a really sneaky stash too because you never know what they're gonna do with these two running backs,backup touches behind Damien Williams
2021,"Live: Week 5 Waiver Wire Pickups | Players To Target, Drop, and Trade + Q&A (2021 Fantasy Football)",FantasyPros,SUPPLIED,5,Dan Harris / Lauren Carpenter,TySon Williams,RB,BAL,WAIVER_FADE,DOWN,STRONG,REST_OF_SEASON,i think i would drop someone like tyson... latavius murray is that guy in the backfield,healthy scratch / behind Latavius Murray
2021,"Live: Week 5 Waiver Wire Pickups | Players To Target, Drop, and Trade + Q&A (2021 Fantasy Football)",FantasyPros,SUPPLIED,5,Dan Harris / Lauren Carpenter,Samaje Perine,RB,CIN,WAIVER_ADD,UP,MODERATE,THIS_WEEK,for me it's samaj p ryan right after damian williams... mixon... strikes me as probably a one to two week thing,Joe Mixon ankle injury
2021,"Live: Week 5 Waiver Wire Pickups | Players To Target, Drop, and Trade + Q&A (2021 Fantasy Football)",FantasyPros,SUPPLIED,5,Dan Harris / Lauren Carpenter,Latavius Murray,RB,BAL,WAIVER_ADD,UP,MODERATE,REST_OF_SEASON,latavius murray is going to be very touchdown dependent... run first team,lead goal line back in Baltimore
2021,"Live: Week 5 Waiver Wire Pickups | Players To Target, Drop, and Trade + Q&A (2021 Fantasy Football)",FantasyPros,SUPPLIED,5,Dan Harris / Lauren Carpenter,Jamison Crowder,WR,NYJ,WAIVER_ADD,UP,MODERATE,THIS_WEEK,jamison crowder always available always that little safety blanket,slot targets with Zach Wilson
2021,"Live: Week 5 Waiver Wire Pickups | Players To Target, Drop, and Trade + Q&A (2021 Fantasy Football)",FantasyPros,SUPPLIED,5,Dan Harris / Lauren Carpenter,Curtis Samuel,WR,WAS,WAIVER_ADD,UP,MODERATE,REST_OF_SEASON,curtis samuel... i 100 percent agree with you,return from IR
2021,"Live: Week 5 Waiver Wire Pickups | Players To Target, Drop, and Trade + Q&A (2021 Fantasy Football)",FantasyPros,SUPPLIED,5,Dan Harris / Lauren Carpenter,Kadarius Toney,WR,NYG,WAIVER_ADD,UP,MODERATE,REST_OF_SEASON,kedarius tony that's one of those names that it was very exciting in the off season,breakout performance with Shepard/Slayton injured
2021,"Live: Week 5 Waiver Wire Pickups | Players To Target, Drop, and Trade + Q&A (2021 Fantasy Football)",FantasyPros,SUPPLIED,5,Dan Harris / Lauren Carpenter,Rashod Bateman,WR,BAL,STASH,UP,HEDGED,REST_OF_SEASON,if you have a really deep bench that you want to pick up and stash here i think so,first-round rookie returning from IR
2021,"Live: Week 5 Waiver Wire Pickups | Players To Target, Drop, and Trade + Q&A (2021 Fantasy Football)",FantasyPros,SUPPLIED,5,Dan Harris / Lauren Carpenter,Trey Lance,QB,SF,START,UP,MODERATE,THIS_WEEK,i do like trey lance in that respect because he can get it done on the ground,rushing upside filling in for Garoppolo
2021,"Live: Week 5 Waiver Wire Pickups | Players To Target, Drop, and Trade + Q&A (2021 Fantasy Football)",FantasyPros,SUPPLIED,5,Dan Harris / Lauren Carpenter,Noah Fant,TE,DEN,START,UP,MODERATE,REST_OF_SEASON,drew lock does like to target noah fan so we like that as well,target share in Denver
2021,"Live: Week 5 Waiver Wire Pickups | Players To Target, Drop, and Trade + Q&A (2021 Fantasy Football)",FantasyPros,SUPPLIED,5,Dan Harris / Lauren Carpenter,Dalton Schultz,TE,DAL,WAIVER_ADD,UP,MODERATE,REST_OF_SEASON,shultz has been great,lead TE target share in Dallas
2021,"Live: Week 5 Waiver Wire Pickups | Players To Target, Drop, and Trade + Q&A (2021 Fantasy Football)",FantasyPros,SUPPLIED,5,Dan Harris / Lauren Carpenter,Evan Engram,TE,NYG,WAIVER_ADD,UP,MODERATE,REST_OF_SEASON,evan ingram... just kind of getting rolling in the 2021 season,target opportunities with Giants WR injuries
2021,"Live: Week 5 Waiver Wire Pickups | Players To Target, Drop, and Trade + Q&A (2021 Fantasy Football)",FantasyPros,SUPPLIED,5,Dan Harris / Lauren Carpenter,Jared Cook,TE,LAC,WAIVER_ADD,UP,MODERATE,REST_OF_SEASON,i think i'd go jared cook... cook is really there's very little reason to doubt him right now,steady target share in Chargers offense
2021,"Live: Week 5 Waiver Wire Pickups | Players To Target, Drop, and Trade + Q&A (2021 Fantasy Football)",FantasyPros,SUPPLIED,5,Dan Harris / Lauren Carpenter,Cordarrelle Patterson,RB,ATL,WAIVER_ADD,UP,STRONG,REST_OF_SEASON,i told you to go get him because i believe in core darrell patterson and i am sticking by it... lines up as a wide receiver he can line up as a running back,multi-positional receiving and rushing role
2021,"Live: Week 5 Waiver Wire Pickups | Players To Target, Drop, and Trade + Q&A (2021 Fantasy Football)",FantasyPros,SUPPLIED,5,Dan Harris / Lauren Carpenter,Mike Gesicki,TE,MIA,WAIVER_ADD,UP,STRONG,REST_OF_SEASON,i would prefer gesicki... simply because he has a little bit more longevity rest of season,Will Fuller injury opening slot targets
2021,"Live: Week 5 Waiver Wire Pickups | Players To Target, Drop, and Trade + Q&A (2021 Fantasy Football)",FantasyPros,SUPPLIED,5,Dan Harris / Lauren Carpenter,Hunter Henry,TE,NE,WAIVER_ADD,UP,MODERATE,REST_OF_SEASON,you can stream that with hunter henry,red zone usage
2021,"Live: Week 5 Waiver Wire Pickups | Players To Target, Drop, and Trade + Q&A (2021 Fantasy Football)",FantasyPros,SUPPLIED,5,Dan Harris / Lauren Carpenter,Robby Anderson,WR,CAR,STASH,NEUTRAL,HEDGED,REST_OF_SEASON,i hold on robbie anderson... low volume but high ceiling threat,deep threat target profile
2021,"Live: Week 5 Waiver Wire Pickups | Players To Target, Drop, and Trade + Q&A (2021 Fantasy Football)",FantasyPros,SUPPLIED,5,Dan Harris / Lauren Carpenter,Brandon Aiyuk,WR,SF,WAIVER_FADE,DOWN,MODERATE,REST_OF_SEASON,if you absolutely have to i can understand it,low snap count and target share
2021,"Live: Week 5 Waiver Wire Pickups | Players To Target, Drop, and Trade + Q&A (2021 Fantasy Football)",FantasyPros,SUPPLIED,5,Dan Harris / Lauren Carpenter,James Conner,RB,ARI,WAIVER_ADD,UP,STRONG,REST_OF_SEASON,james connor... goal line back... playing in an elite offense right now,goal line touchdowns in Arizona offense
2021,"Live: Week 6 Waiver Wire Pickups | Players To Target, Drop, and Trade + Q&A (2021 Fantasy Football)",FantasyPros,SUPPLIED,6,Joe Pizzapia / Lauren Carpenter,Darrel Williams,RB,KC,WAIVER_ADD,UP,STRONG,REST_OF_SEASON,daryl williams running back for the kansas city chiefs now that clyde edward de lair is out with an mcl sprain... number one ad this week,Clyde Edwards-Helaire MCL sprain opening lead back role
2021,"Live: Week 6 Waiver Wire Pickups | Players To Target, Drop, and Trade + Q&A (2021 Fantasy Football)",FantasyPros,SUPPLIED,6,Joe Pizzapia / Lauren Carpenter,Devontae Booker,RB,NYG,WAIVER_ADD,UP,STRONG,REST_OF_SEASON,devonte booker... saquon barkley ankle injury... clear lead back,Saquon Barkley ankle sprain
2021,"Live: Week 6 Waiver Wire Pickups | Players To Target, Drop, and Trade + Q&A (2021 Fantasy Football)",FantasyPros,SUPPLIED,6,Joe Pizzapia / Lauren Carpenter,Hunter Henry,TE,NE,WAIVER_ADD,UP,STRONG,REST_OF_SEASON,hunter henry is looking certainly like mac jones favorite tight end to throw the football too,lead TE targets and touchdown connection with Mac Jones
2021,"Live: Week 6 Waiver Wire Pickups | Players To Target, Drop, and Trade + Q&A (2021 Fantasy Football)",FantasyPros,SUPPLIED,6,Joe Pizzapia / Lauren Carpenter,Taylor Heinicke,QB,WAS,START,UP,MODERATE,THIS_WEEK,taylor heineke... stream at quarterback,matchup vs Chiefs defense
2021,"Live: Week 6 Waiver Wire Pickups | Players To Target, Drop, and Trade + Q&A (2021 Fantasy Football)",FantasyPros,SUPPLIED,6,Joe Pizzapia / Lauren Carpenter,Ben Roethlisberger,QB,PIT,START,UP,MODERATE,THIS_WEEK,ben roethlisberger against the seattle seahawks... you can stream big ben if you have to,matchup vs Seahawks secondary
2021,"Live: Week 6 Waiver Wire Pickups | Players To Target, Drop, and Trade + Q&A (2021 Fantasy Football)",FantasyPros,SUPPLIED,6,Joe Pizzapia / Lauren Carpenter,Marquez Callaway,WR,NO,WAIVER_ADD,UP,MODERATE,REST_OF_SEASON,you could add callaway probably for pennies on the dollar this week because he's got a buy,Saints lead receiver with Michael Thomas out
2021,"Live: Week 6 Waiver Wire Pickups | Players To Target, Drop, and Trade + Q&A (2021 Fantasy Football)",FantasyPros,SUPPLIED,6,Joe Pizzapia / Lauren Carpenter,Giovanni Bernard,RB,TB,STASH,UP,HEDGED,REST_OF_SEASON,giovanni bernard... he is a stash for me not an immediate start,pass-catching red zone targets
2021,"Live: Week 6 Waiver Wire Pickups | Players To Target, Drop, and Trade + Q&A (2021 Fantasy Football)",FantasyPros,SUPPLIED,6,Joe Pizzapia / Lauren Carpenter,Amon-Ra St. Brown,WR,DET,WAIVER_ADD,UP,MODERATE,REST_OF_SEASON,i'm on ross st brown... target share... in ppr leagues double digit points right now,8 targets per game over last 2 weeks
2021,"Live: Week 6 Waiver Wire Pickups | Players To Target, Drop, and Trade + Q&A (2021 Fantasy Football)",FantasyPros,SUPPLIED,6,Joe Pizzapia / Lauren Carpenter,Marvin Jones Jr.,WR,JAX,WAIVER_FADE,DOWN,MODERATE,REST_OF_SEASON,drop marvin jones for cadarius tony... big texas size 10-4 for me,target competition from Laviska Shenault
2021,"Live: Week 6 Waiver Wire Pickups | Players To Target, Drop, and Trade + Q&A (2021 Fantasy Football)",FantasyPros,SUPPLIED,6,Joe Pizzapia / Lauren Carpenter,Kadarius Toney,WR,NYG,WAIVER_ADD,UP,STRONG,REST_OF_SEASON,cadarius tony... this guy has league winning potential written all over him,13 targets / 189 yards in Week 5
2021,"Live: Week 6 Waiver Wire Pickups | Players To Target, Drop, and Trade + Q&A (2021 Fantasy Football)",FantasyPros,SUPPLIED,6,Joe Pizzapia / Lauren Carpenter,Chase Claypool,WR,PIT,START,UP,STRONG,REST_OF_SEASON,i am gonna lean chase claypool... because we don't have juju smith schuster for the rest of the season,JuJu Smith-Schuster season-ending injury
2021,"Live: Week 6 Waiver Wire Pickups | Players To Target, Drop, and Trade + Q&A (2021 Fantasy Football)",FantasyPros,SUPPLIED,6,Joe Pizzapia / Lauren Carpenter,Latavius Murray,RB,BAL,WAIVER_FADE,DOWN,MODERATE,REST_OF_SEASON,latavius murray is the one i would drop,inefficient committee touches
2021,"Live: Week 6 Waiver Wire Pickups | Players To Target, Drop, and Trade + Q&A (2021 Fantasy Football)",FantasyPros,SUPPLIED,6,Joe Pizzapia / Lauren Carpenter,Marlon Mack,RB,IND,WAIVER_FADE,DOWN,STRONG,REST_OF_SEASON,marlon mack... this is going to be more of an annoyance that it is going to be a relevance,behind Jonathan Taylor and Nyheim Hines
2021,"Live: Week 6 Waiver Wire Pickups | Players To Target, Drop, and Trade + Q&A (2021 Fantasy Football)",FantasyPros,SUPPLIED,6,Joe Pizzapia / Lauren Carpenter,Travis Kelce,TE,KC,START,UP,STRONG,REST_OF_SEASON,don't get rid of kelsey... untouchable by any other tight end,elite TE1 position advantage
2021,"Live: Week 6 Waiver Wire Pickups | Players To Target, Drop, and Trade + Q&A (2021 Fantasy Football)",FantasyPros,SUPPLIED,6,Joe Pizzapia / Lauren Carpenter,Miles Sanders,RB,PHI,WAIVER_FADE,DOWN,MODERATE,REST_OF_SEASON,miles sanders... wait until he has a big game and then trade him,Sirianni run-light game scripts
2021,"Live: Week 7 Waiver Wire Pickups | Players To Target, Drop, and Trade + Q&A (2021 Fantasy Football)",FantasyPros,SUPPLIED,7,Dan Harris / Lauren Carpenter,Kenyan Drake,RB,LV,WAIVER_ADD,UP,MODERATE,THIS_WEEK,top running back pickup of the week kenyon drake... trust that derek carr had in him in crucial situations,receiving role and goal line work with Jacobs banged up
2021,"Live: Week 7 Waiver Wire Pickups | Players To Target, Drop, and Trade + Q&A (2021 Fantasy Football)",FantasyPros,SUPPLIED,7,Dan Harris / Lauren Carpenter,Michael Carter,RB,NYJ,WAIVER_ADD,UP,STRONG,REST_OF_SEASON,if michael carter and kenny and drake are both available i would go michael carter over canyon drake,expanding lead back touch share
2021,"Live: Week 7 Waiver Wire Pickups | Players To Target, Drop, and Trade + Q&A (2021 Fantasy Football)",FantasyPros,SUPPLIED,7,Dan Harris / Lauren Carpenter,Rhamondre Stevenson,RB,NE,WAIVER_ADD,UP,MODERATE,REST_OF_SEASON,ramadree stevenson i think he's a priority,standalone touch value behind Damien Harris
2021,"Live: Week 7 Waiver Wire Pickups | Players To Target, Drop, and Trade + Q&A (2021 Fantasy Football)",FantasyPros,SUPPLIED,7,Dan Harris / Lauren Carpenter,D'Ernest Johnson,RB,CLE,WAIVER_ADD,UP,STRONG,THIS_WEEK,dearness johnson... you're going to have to... bimageddon and it is a hot mess out there,Nick Chubb and Kareem Hunt injuries
2021,"Live: Week 7 Waiver Wire Pickups | Players To Target, Drop, and Trade + Q&A (2021 Fantasy Football)",FantasyPros,SUPPLIED,7,Dan Harris / Lauren Carpenter,Demetric Felton,RB,CLE,WAIVER_ADD,UP,HEDGED,THIS_WEEK,demitric felton... if you need a warm body,receiving back role with Hunt out
2021,"Live: Week 7 Waiver Wire Pickups | Players To Target, Drop, and Trade + Q&A (2021 Fantasy Football)",FantasyPros,SUPPLIED,7,Dan Harris / Lauren Carpenter,Michael Gallup,WR,DAL,STASH,UP,MODERATE,REST_OF_SEASON,michael gallup is probably going to come off ir... 3 to 5 week timetable,returning from IR in high-scoring offense
2021,"Live: Week 7 Waiver Wire Pickups | Players To Target, Drop, and Trade + Q&A (2021 Fantasy Football)",FantasyPros,SUPPLIED,7,Dan Harris / Lauren Carpenter,A.J. Green,WR,ARI,WAIVER_ADD,UP,STRONG,THIS_WEEK,aj green still kind of gets it done generally speaking,WR2 target share in Cardinals offense
2021,"Live: Week 7 Waiver Wire Pickups | Players To Target, Drop, and Trade + Q&A (2021 Fantasy Football)",FantasyPros,SUPPLIED,7,Dan Harris / Lauren Carpenter,Amon-Ra St. Brown,WR,DET,WAIVER_ADD,UP,MODERATE,THIS_WEEK,aman rosse brown didn't have the big game but he did still continue to see targets,steady target share in Detroit
2021,"Live: Week 7 Waiver Wire Pickups | Players To Target, Drop, and Trade + Q&A (2021 Fantasy Football)",FantasyPros,SUPPLIED,7,Dan Harris / Lauren Carpenter,Antonio Gibson,RB,WAS,START,UP,STRONG,REST_OF_SEASON,whether or not you'd ever consider dropping antonio gibson the answer that's a hard no,RB1 touch ceiling despite shin injury
2021,"Live: Week 7 Waiver Wire Pickups | Players To Target, Drop, and Trade + Q&A (2021 Fantasy Football)",FantasyPros,SUPPLIED,7,Dan Harris / Lauren Carpenter,Zach Ertz,TE,ARI,WAIVER_ADD,UP,STRONG,REST_OF_SEASON,zach ertz's renewed value in arizona... he's gonna give you titan one games,traded to Cardinals / Max Williams injury
2021,"Live: Week 7 Waiver Wire Pickups | Players To Target, Drop, and Trade + Q&A (2021 Fantasy Football)",FantasyPros,SUPPLIED,7,Dan Harris / Lauren Carpenter,Alex Collins,RB,SEA,WAIVER_FADE,DOWN,MODERATE,THIS_WEEK,drop alex collins right now to add jd mckissick... yes i would,groin injury / Seattle offense struggles without Wilson
2021,"Live: Week 7 Waiver Wire Pickups | Players To Target, Drop, and Trade + Q&A (2021 Fantasy Football)",FantasyPros,SUPPLIED,7,Dan Harris / Lauren Carpenter,J.D. McKissic,RB,WAS,WAIVER_ADD,UP,STRONG,REST_OF_SEASON,mckissick's gonna have a bigger role,target share in Washington trailing scripts
2021,"Live: Week 7 Waiver Wire Pickups | Players To Target, Drop, and Trade + Q&A (2021 Fantasy Football)",FantasyPros,SUPPLIED,7,Dan Harris / Lauren Carpenter,Marlon Mack,RB,IND,WAIVER_FADE,DOWN,STRONG,REST_OF_SEASON,drop marlon mack if you absolutely need to start somebody... absolutely,behind Taylor and Hines / pending trade rumor
2021,"Live: Week 7 Waiver Wire Pickups | Players To Target, Drop, and Trade + Q&A (2021 Fantasy Football)",FantasyPros,SUPPLIED,7,Dan Harris / Lauren Carpenter,Javonte Williams,RB,DEN,STASH,UP,STRONG,REST_OF_SEASON,is javonte williams a drop at this point no he is not a drop at this point hang on,rookie breakout trajectory behind Gordon
2021,"Live: Week 7 Waiver Wire Pickups | Players To Target, Drop, and Trade + Q&A (2021 Fantasy Football)",FantasyPros,SUPPLIED,7,Dan Harris / Lauren Carpenter,Dallas Goedert,TE,PHI,WAIVER_ADD,UP,STRONG,REST_OF_SEASON,i really like dallas goddard... he's a top 10 tight end for me,Zach Ertz traded to Arizona
2021,"Live: Week 7 Waiver Wire Pickups | Players To Target, Drop, and Trade + Q&A (2021 Fantasy Football)",FantasyPros,SUPPLIED,7,Dan Harris / Lauren Carpenter,Jeff Wilson Jr.,RB,SF,STASH,UP,MODERATE,REST_OF_SEASON,if you have the room to stash him i guess but i don't think that he's necessarily a priority ad,returning from IR in 49ers backfield
2021,"Live: Week 7 Waiver Wire Pickups | Players To Target, Drop, and Trade + Q&A (2021 Fantasy Football)",FantasyPros,SUPPLIED,7,Dan Harris / Lauren Carpenter,Jamal Williams,RB,DET,STASH,UP,MODERATE,REST_OF_SEASON,don't drop jamal williams he is a usable insurance policy,standalone flex value / Swift handcuff
2021,"Live: Week 7 Waiver Wire Pickups | Players To Target, Drop, and Trade + Q&A (2021 Fantasy Football)",FantasyPros,SUPPLIED,7,Dan Harris / Lauren Carpenter,Mike Davis,RB,ATL,WAIVER_ADD,UP,MODERATE,REST_OF_SEASON,drop miles sanders for mike davis... miles sanders,lead touches over Patterson on early downs
2021,"Live: Week 7 Waiver Wire Pickups | Players To Target, Drop, and Trade + Q&A (2021 Fantasy Football)",FantasyPros,SUPPLIED,7,Dan Harris / Lauren Carpenter,Kenneth Gainwell,RB,PHI,STASH,UP,MODERATE,REST_OF_SEASON,better stash in case of a real-life trade kenneth gainwell,pass-catching role in Philadelphia
2022,289: 15 Transactions for Week 5,The Late-Round Fantasy Football Podcast,SUPPLIED,5,JJ Zachariason,Nyheim Hines,RB,IND,WAIVER_ADD,UP,STRONG,THIS_WEEK,I think both Wilkins and Hines are worth adding but Hines is the one that I would give priority to,snap share negative game script
2022,289: 15 Transactions for Week 5,The Late-Round Fantasy Football Podcast,SUPPLIED,5,JJ Zachariason,Jordan Wilkins,RB,IND,WAIVER_ADD,UP,MODERATE,THIS_WEEK,I think both Wilkins and Hines are worth adding,Marlin Mack ankle injury
2022,289: 15 Transactions for Week 5,The Late-Round Fantasy Football Podcast,SUPPLIED,5,JJ Zachariason,Jordan Howard,RB,PHI,WAIVER_FADE,DOWN,MODERATE,REST_OF_SEASON,sell Jordan Howard So based on Jordan Howard's rushing and receiving yardage totals this season he should have about a touchdown and a half instead he has four,touchdown regression low snap count
2022,289: 15 Transactions for Week 5,The Late-Round Fantasy Football Podcast,SUPPLIED,5,JJ Zachariason,Kerryon Johnson,RB,DET,WAIVER_ADD,UP,MODERATE,REST_OF_SEASON,Johnson's the perfect Target for you right now especially if Johnson is on a team that's struggling because he has a buy this week,bye week trade target usage
2022,289: 15 Transactions for Week 5,The Late-Round Fantasy Football Podcast,SUPPLIED,5,JJ Zachariason,Chris Herndon,TE,NYJ,WAIVER_ADD,UP,HEDGED,REST_OF_SEASON,the tight end landscape's a mess we're throwing darts out here and I think Chris hearnen is a great Dart to throw,returning from suspension rookie performance
2022,289: 15 Transactions for Week 5,The Late-Round Fantasy Football Podcast,SUPPLIED,5,JJ Zachariason,Julian Edelman,WR,NE,WAIVER_ADD,UP,STRONG,REST_OF_SEASON,this is the time to buy Julian Edelman especially in PPR formats,underappreciated volume
2022,289: 15 Transactions for Week 5,The Late-Round Fantasy Football Podcast,SUPPLIED,5,JJ Zachariason,Chris Carson,RB,SEA,WAIVER_FADE,DOWN,HEDGED,REST_OF_SEASON,so if you want to sell Chris Carson after his performance against Arizona I can't fault you,fumbling issues competition from Penny
2022,289: 15 Transactions for Week 5,The Late-Round Fantasy Football Podcast,SUPPLIED,5,JJ Zachariason,Benjamin Watson,TE,NE,WAIVER_ADD,UP,MODERATE,REST_OF_SEASON,add Benjamin Watson so Chris hearnen is not the only suspended tight end who's about to be done with the suspension Benjamin Watson is too,returning from suspension
2022,289: 15 Transactions for Week 5,The Late-Round Fantasy Football Podcast,SUPPLIED,5,JJ Zachariason,Jaylen Samuels,RB,PIT,WAIVER_ADD,UP,STRONG,REST_OF_SEASON,all the while Jaylen Samuels needs to be added he's available in 70% of Yahoo leagues making him a top waiver wire option,split backfield Workhorse shift
2022,289: 15 Transactions for Week 5,The Late-Round Fantasy Football Podcast,SUPPLIED,5,JJ Zachariason,Allen Robinson,WR,CHI,WAIVER_ADD,UP,STRONG,REST_OF_SEASON,the 16th transaction this week that you can't get in the 15 transactions column over on numberfire.com is to buy Allan Robinson,target share positive touchdown regression
2022,293: 15 Transactions for Week 6,The Late-Round Fantasy Football Podcast,SUPPLIED,6,JJ Zachariason,Kyler Murray,QB,ARI,WAIVER_ADD,UP,STRONG,REST_OF_SEASON,Kyler Murray is a fantastic buy candidate especially given the perception around him in that Arizona Cardinals offense,positive touchdown regression favorable schedule
2022,293: 15 Transactions for Week 6,The Late-Round Fantasy Football Podcast,SUPPLIED,6,JJ Zachariason,Larry Fitzgerald,WR,ARI,WAIVER_ADD,UP,STRONG,REST_OF_SEASON,so fitzerald is an incredibly safe option from a volume standpoint and like I just talked about Kyler Murray is a positive regression candidate,target share high pass attempt offense
2022,293: 15 Transactions for Week 6,The Late-Round Fantasy Football Podcast,SUPPLIED,6,JJ Zachariason,Ito Smith,RB,ATL,WAIVER_ADD,UP,HEDGED,REST_OF_SEASON,I don't know how predictable this usage is going to be I think if Atlanta is in a crazy negative game script it could be an edos Smith game,snap rate target share upside
2022,293: 15 Transactions for Week 6,The Late-Round Fantasy Football Podcast,SUPPLIED,6,JJ Zachariason,Mark Ingram,RB,BAL,WAIVER_FADE,DOWN,MODERATE,REST_OF_SEASON,sell Mark Ingram So I try to be clear with this 15 transaction show that when I say to sell someone it doesn't mean that I think that they're worthless,unsustainable touchdown rate market high
2022,293: 15 Transactions for Week 6,The Late-Round Fantasy Football Podcast,SUPPLIED,6,JJ Zachariason,Travis Kelce,TE,KC,WAIVER_ADD,UP,STRONG,REST_OF_SEASON,so if you can buy low on Travis Kelce go for it,consistent target share high end offense
2022,293: 15 Transactions for Week 6,The Late-Round Fantasy Football Podcast,SUPPLIED,6,JJ Zachariason,Chase Edmonds,RB,ARI,HANDCUFF,UP,STRONG,REST_OF_SEASON,so add him now don't wait and see if David Johnson is healthy or not just add Edmonds off the waiver wire as soon as you can,David Johnson back injury handcuff value
2022,293: 15 Transactions for Week 6,The Late-Round Fantasy Football Podcast,SUPPLIED,6,JJ Zachariason,Josh Gordon,WR,NE,WAIVER_ADD,UP,MODERATE,REST_OF_SEASON,by Josh Gordon Josh Gordon has yet to rank better than wide receiver 29 in any week in PPR formats this year but I like his peripheral numbers,air yards peripheral metrics
2022,293: 15 Transactions for Week 6,The Late-Round Fantasy Football Podcast,SUPPLIED,6,JJ Zachariason,Will Fuller,WR,HOU,RANKING_ONLY,NEUTRAL,MODERATE,REST_OF_SEASON,he'll still be usable in fantasy football from here on out,target share air yards
2022,293: 15 Transactions for Week 6,The Late-Round Fantasy Football Podcast,SUPPLIED,6,JJ Zachariason,Royce Freeman,RB,DEN,WAIVER_ADD,UP,MODERATE,REST_OF_SEASON,good bi-week filler and if something were to happen to Philip Lindsay all of a sudden he's a weekly starter,standalone value injury upside
2022,293: 15 Transactions for Week 6,The Late-Round Fantasy Football Podcast,SUPPLIED,6,JJ Zachariason,Gerald Everett,TE,LAR,WAIVER_ADD,UP,MODERATE,REST_OF_SEASON,so with tight end being a disaster Gerald ever's not a bad ad off the waiver wire,target share back to back top performances
2022,293: 15 Transactions for Week 6,The Late-Round Fantasy Football Podcast,SUPPLIED,6,JJ Zachariason,John Brown,WR,BUF,WAIVER_ADD,UP,STRONG,REST_OF_SEASON,John Brown has been low-key pretty freaking good this year he's seen at least 15% of Buffalo's Targets in each game,receiving yard share upcoming schedule
2022,293: 15 Transactions for Week 6,The Late-Round Fantasy Football Podcast,SUPPLIED,6,JJ Zachariason,JuJu Smith-Schuster,WR,PIT,WAIVER_FADE,DOWN,STRONG,REST_OF_SEASON,now's probably the time to just sell off Juju Smith Schuster,poor quarterback situation selling high on recent touchdown
2022,317: 15 Transactions for Week 12,The Late-Round Fantasy Football Podcast,SUPPLIED,12,JJ Zachariason,Deebo Samuel,WR,SF,WAIVER_ADD,UP,STRONG,REST_OF_SEASON,so if he's on your waiver wire still he absolutely needs to be added,snap rate target share back to back WR1 games
2022,317: 15 Transactions for Week 12,The Late-Round Fantasy Football Podcast,SUPPLIED,12,JJ Zachariason,Mark Ingram,RB,BAL,WAIVER_FADE,DOWN,MODERATE,REST_OF_SEASON,cell Mark Ingram Players in good offenses tend to score more touchdowns than they should,unsustainable touchdown reliance low snap share
2022,317: 15 Transactions for Week 12,The Late-Round Fantasy Football Podcast,SUPPLIED,12,JJ Zachariason,Josh Allen,QB,BUF,RANKING_ONLY,NEUTRAL,HEDGED,REST_OF_SEASON,I do think that Josh Allen can be fine given his rushing floor but don't expect him to perform as he has over the last five or so weeks,rushing floor tough schedule
2022,317: 15 Transactions for Week 12,The Late-Round Fantasy Football Podcast,SUPPLIED,12,JJ Zachariason,Nyheim Hines,RB,IND,WAIVER_ADD,UP,STRONG,REST_OF_SEASON,I think that nahem Hines is the safest player to get in PPR formats because we know he's a great pass catching back,Marlon Mack fractured hand pass catching floor
2022,317: 15 Transactions for Week 12,The Late-Round Fantasy Football Podcast,SUPPLIED,12,JJ Zachariason,Jonathan Williams,RB,IND,WAIVER_ADD,UP,MODERATE,REST_OF_SEASON,take a shot on Williams or Wilkins,Marlon Mack injury early down role
2022,317: 15 Transactions for Week 12,The Late-Round Fantasy Football Podcast,SUPPLIED,12,JJ Zachariason,Jordan Wilkins,RB,IND,WAIVER_ADD,UP,MODERATE,REST_OF_SEASON,take a shot on Williams or Wilkins,Marlon Mack injury potential early down work
2022,317: 15 Transactions for Week 12,The Late-Round Fantasy Football Podcast,SUPPLIED,12,JJ Zachariason,Kalen Ballage,RB,MIA,WAIVER_FADE,DOWN,STRONG,REST_OF_SEASON,sell kin balage this is one of the easiest sells of all time because kin balage has been pathetic running the football this year,historically poor efficiency below 2 YPC
2022,317: 15 Transactions for Week 12,The Late-Round Fantasy Football Podcast,SUPPLIED,12,JJ Zachariason,Tarik Cohen,RB,CHI,WAIVER_FADE,DOWN,STRONG,REST_OF_SEASON,tilt cell Tariq Cohen Sunday night marked Tariq Cohen's best fantasy performance of the Season,unsustainable receiving touchdown efficiency bad offense
2022,317: 15 Transactions for Week 12,The Late-Round Fantasy Football Podcast,SUPPLIED,12,JJ Zachariason,Sam Darnold,QB,NYJ,START,UP,MODERATE,THIS_WEEK,so I think Sam darnold is fine as a streaming option in week 12,beatables defense Oakland matchup bump
2022,317: 15 Transactions for Week 12,The Late-Round Fantasy Football Podcast,SUPPLIED,12,JJ Zachariason,Ryan Griffin,TE,NYJ,START,UP,MODERATE,THIS_WEEK,Ryan Griffin isn't that bad of a tight end streamer he had a great week 11,routes run target share Oakland matchup
2022,317: 15 Transactions for Week 12,The Late-Round Fantasy Football Podcast,SUPPLIED,12,JJ Zachariason,David Njoku,TE,CLE,STASH,UP,HEDGED,REST_OF_SEASON,if you can stash a tight end and if you need a tight end he's not a bad ad,favorable playoff schedule Arizona matchup
2022,5 Players you Must Add on Week 5 Waivers #shorts,Establish The Run,SUPPLIED,5,UNATTRIBUTED,Mike Boone,RB,DEN,WAIVER_ADD,UP,STRONG,REST_OF_SEASON,number one Mike Boone Toronto Williams is out for the year Melvin Gordon is having fumbling issues,Javonte Williams injury Melvin Gordon fumbles
2022,5 Players you Must Add on Week 5 Waivers #shorts,Establish The Run,SUPPLIED,5,UNATTRIBUTED,Rondale Moore,WR,ARI,WAIVER_ADD,UP,STRONG,REST_OF_SEASON,number two rondale Moore missed the first three games here where the hamstring injury came back for week four and immediately had a full-time role,full time role over Dortch
2022,5 Players you Must Add on Week 5 Waivers #shorts,Establish The Run,SUPPLIED,5,UNATTRIBUTED,Rachaad White,RB,TB,WAIVER_ADD,UP,STRONG,REST_OF_SEASON,number three Rashad white the rookie running back finally got his big chance in week four and capitalized,pass catching ability snaps and routes
2022,5 Players you Must Add on Week 5 Waivers #shorts,Establish The Run,SUPPLIED,5,UNATTRIBUTED,George Pickens,WR,PIT,WAIVER_ADD,UP,STRONG,REST_OF_SEASON,number four George Pickens Pickens was barely targeted while Mitch tradition was understanding for three and a half games but when Kenny Pickett got in for the second half he targeted George Pickens five times,Kenny Pickett taking over at QB
2022,5 Players you Must Add on Week 5 Waivers #shorts,Establish The Run,SUPPLIED,5,UNATTRIBUTED,Teddy Bridgewater,QB,MIA,START,UP,MODERATE,THIS_WEEK,number five if you need a quarterback streamer this week look at Teddy Bridgewater,Tyreek Hill and Waddle YAC Jets matchup
2022,"Big-Time Breakouts + Let’s Ride, Mailbag! | Fantasy Football 2022 - Ep. 1272",The Fantasy Footballers,SUPPLIED,SUPPLIED,Andy Holloway,Courtland Sutton,WR,DEN,BREAKOUT,UP,STRONG,REST_OF_SEASON,it's my guy cortland sutton in the fifth round to get to to me what is such a discount and in my projections is a wide receiver one,fifth round draft discount projected WR1
2022,"Big-Time Breakouts + Let’s Ride, Mailbag! | Fantasy Football 2022 - Ep. 1272",The Fantasy Footballers,SUPPLIED,SUPPLIED,UNATTRIBUTED,Kenyan Drake,RB,LVR,BUST,DOWN,STRONG,REST_OF_SEASON,kenyan drake is done i think that his time in the nfl is coming to a close,released by Raiders
2022,"Big-Time Breakouts + Let’s Ride, Mailbag! | Fantasy Football 2022 - Ep. 1272",The Fantasy Footballers,SUPPLIED,SUPPLIED,UNATTRIBUTED,Parris Campbell,WR,IND,SLEEPER,UP,HEDGED,REST_OF_SEASON,i actually like paris campbell,
2022,"Fantasy Football 2022 - Early Busts & Values + Raisin' the Bar, Best Ball Mistakes - Ep. 1240",The Fantasy Footballers,SUPPLIED,SUPPLIED,Andy Holloway,Najee Harris,RB,PIT,BUST,DOWN,MODERATE,REST_OF_SEASON,The argument for this for him not paying off on draft value to me is an argument of odds it's can he repeat what he did,unrepeatable top 5 odds inefficient rushing
2022,"Fantasy Football 2022 - Early Busts & Values + Raisin' the Bar, Best Ball Mistakes - Ep. 1240",The Fantasy Footballers,SUPPLIED,SUPPLIED,Mike Wright,Patrick Mahomes,QB,KC,BUST,DOWN,MODERATE,REST_OF_SEASON,my bust pick is patrick mahomes just like mike said this doesn't mean that the player is bad,opportunity cost draft position
2022,"Fantasy Football 2022 - Early Busts & Values + Raisin' the Bar, Best Ball Mistakes - Ep. 1240",The Fantasy Footballers,SUPPLIED,SUPPLIED,Mike Wright,A.J. Brown,WR,PHI,BUST,DOWN,MODERATE,REST_OF_SEASON,because aj brown is being drafted so high just it's an overdraft,overdraft opportunity cost play calling shift
2022,"Fantasy Podcast: Anderson trade, top waiver adds, injury | theScore",theScore Fantasy Football Podcast,2022-10-17,7,Justin Boone,Robbie Anderson,WR,ARI,RANKING_ONLY,NEUTRAL,MODERATE,REST_OF_SEASON,Fantasy impact: Robbie Anderson traded to the Cardinals,trade impact
2022,"Fantasy Podcast: Preseason risers and fallers, cut-down | theScore",theScore Fantasy Football Podcast,2022-08-31,SUPPLIED,Justin Boone,Trey Lance,QB,SF,RANKING_ONLY,NEUTRAL,MODERATE,REST_OF_SEASON,Does Jimmy Garoppolo staying impact Trey Lance?,Jimmy Garoppolo staying
2022,"Fantasy Podcast: Top waiver adds for Week 10, injury | theScore",theScore Fantasy Football Podcast,2022-11-07,10,Justin Boone,Josh Allen,QB,BUF,RANKING_ONLY,NEUTRAL,MODERATE,THIS_WEEK,"Injury roundup: Josh Allen, Aaron Jones, Romeo Doubs, Davante Adams, Adam Thielen, Evan Engram",injury roundup
2022,"Fantasy Podcast: Top waiver adds for Week 12, injury | theScore",theScore Fantasy Football Podcast,2022-11-21,12,Justin Boone,Justin Fields,QB,CHI,RANKING_ONLY,NEUTRAL,MODERATE,THIS_WEEK,"Injury roundup: Justin Fields, Joe Mixon, Alvin Kamara, Mike Williams, Kadarius Toney, Kyle Pitts",injury roundup
2022,"Fantasy Podcast: Top waiver adds for Week 5, injury roundup | theScore",theScore Fantasy Football Podcast,2022-10-03,5,Justin Boone,Javonte Williams,RB,DEN,RANKING_ONLY,NEUTRAL,MODERATE,REST_OF_SEASON,"Injury roundup - Javonte Williams, Jonathan Taylor, Cordarrelle Patterson, Jahan Dotson",season ending injury
2022,"Fantasy Podcast: Top waiver adds for Week 9, injury roundup | theScore",theScore Fantasy Football Podcast,2022-10-31,9,Justin Boone,Cooper Kupp,WR,LAR,RANKING_ONLY,NEUTRAL,MODERATE,THIS_WEEK,"Injury roundup: Cooper Kupp, Jonathan Taylor, DeVante Parker, Mark Ingram",injury roundup
2022,Fantasy Podcast: Top waiver adds prior to Week 1 | theScore,theScore Fantasy Football Podcast,2022-09-05,1,Justin Boone,Sam Darnold,QB,SEA,RANKING_ONLY,NEUTRAL,MODERATE,THIS_WEEK,"Seahawks' Darnold out vs. Cardinals, won't be placed on IR",injury news
2022,Fantasy: Waiver Wire - Week 4 | theScore,theScore Fantasy Football Podcast,2022-09-26,4,Justin Boone,Jared Goff,QB,DET,WAIVER_ADD,UP,MODERATE,THIS_WEEK,"Jared Goff, Lions vs. SEA 45% rostered $1 FAB",favorable SEA matchup
2022,Fantasy: Waiver Wire - Week 4 | theScore,theScore Fantasy Football Podcast,2022-09-26,4,Justin Boone,Treylon Burks,WR,TEN,WAIVER_ADD,UP,STRONG,REST_OF_SEASON,"His time is coming. Whether he's still available on your waiver wire or you have to swing a trade to get him, you should be actively trying to do that over the next few days.",rising snap count routes run
2022,Fantasy: Waiver Wire - Week 4 | theScore,theScore Fantasy Football Podcast,2022-09-26,4,Justin Boone,Romeo Doubs,WR,GB,WAIVER_ADD,UP,STRONG,REST_OF_SEASON,"With Watkins on injured reserve and Watson dealing with a hamstring issue, Doubs will continue to start and establish himself as a playmaking threat Aaron Rodgers desperately needs. That makes Doubs a priority target this week.",increased snap share 8 targets in Week 3
2022,Fantasy: Waiver Wire - Week 4 | theScore,theScore Fantasy Football Podcast,2022-09-26,4,Justin Boone,Christian Watson,WR,GB,STASH,UP,MODERATE,REST_OF_SEASON,But savvy fantasy managers will also try to stash Watson as a longer-term investment for the second half of the season.,long term stash upside
2022,"Howell, Stafford are Berry's top Week 5 QB waiver adds | Fantasy Football Happy Hour | NFL on NBC",Fantasy Football Happy Hour,SUPPLIED,5,Matthew Berry,C.J. Stroud,QB,HOU,WAIVER_ADD,UP,STRONG,REST_OF_SEASON,even if you don't need a quarterback I still think he's a priority if he's still available in your league because like he he's a legit fantasy starter the rest of the way,rookie efficiency easiest remaining schedule
2022,"Howell, Stafford are Berry's top Week 5 QB waiver adds | Fantasy Football Happy Hour | NFL on NBC",Fantasy Football Happy Hour,SUPPLIED,5,Matthew Berry,Matthew Stafford,QB,LAR,WAIVER_ADD,UP,MODERATE,THIS_WEEK,touchdowns are coming for Stafford and that would really just alter his entire stat line 300 plus passing yards in three out,Eagles matchup passing yardage positive regression
2022,"Howell, Stafford are Berry's top Week 5 QB waiver adds | Fantasy Football Happy Hour | NFL on NBC",Fantasy Football Happy Hour,SUPPLIED,5,Matthew Berry,Sam Howell,QB,WAS,WAIVER_ADD,UP,MODERATE,THIS_WEEK,Sam house had 19 fantasy points into the last three games I like the 40 rushing yards against Philadelphia,rushing floor Bears matchup
2022,"Howell, Stafford are Berry's top Week 5 QB waiver adds | Fantasy Football Happy Hour | NFL on NBC",Fantasy Football Happy Hour,SUPPLIED,5,Matthew Berry,Joshua Dobbs,QB,ARI,WAIVER_ADD,UP,MODERATE,THIS_WEEK,last three weeks he's the second best quarterback in fantasy,rushing volume 40+ rushing yards per game
2022,"Howell, Stafford are Berry's top Week 5 QB waiver adds | Fantasy Football Happy Hour | NFL on NBC",Fantasy Football Happy Hour,SUPPLIED,5,Matthew Berry,Zach Wilson,QB,NYJ,START,UP,HEDGED,THIS_WEEK,we think in a deeper league if you're desperate he's at Denver no team in the NFL has allowed more fantasy points than opposing quarterback back then the Denver Broncos,Denver matchup
2022,"Matthew Berry welcomes Stefon Diggs + Sleepers, busts | Fantasy Football Happy Hour (FULL SHOW)",Fantasy Football Happy Hour,SUPPLIED,SUPPLIED,Matthew Berry,Isaiah McKenzie,WR,BUF,SLEEPER,UP,STRONG,REST_OF_SEASON,i think isaiah mckenzie's a really interesting sleeper you heard stefan diggs mention him buffalo top five in the nfl and slot targets last year,slot role undrafted free value
2022,"Matthew Berry welcomes Stefon Diggs + Sleepers, busts | Fantasy Football Happy Hour (FULL SHOW)",Fantasy Football Happy Hour,SUPPLIED,SUPPLIED,Matthew Berry,Devin Singletary,RB,BUF,SLEEPER,UP,STRONG,REST_OF_SEASON,devin singletary i think is somebody who's also being undervalued i'm at running back 22. he's going it's running back 29 on yahoo,lead back role on elite offense
2022,"Matthew Berry welcomes Stefon Diggs + Sleepers, busts | Fantasy Football Happy Hour (FULL SHOW)",Fantasy Football Happy Hour,SUPPLIED,SUPPLIED,Matthew Berry,Michael Gallup,WR,DAL,SLEEPER,UP,STRONG,REST_OF_SEASON,i think michael gallup especially at wide receiver 71 he's not even being drafted in a lot of yahoo leagues is a massive value this year,red zone target share wide open targets
2022,"Matthew Berry welcomes Stefon Diggs + Sleepers, busts | Fantasy Football Happy Hour (FULL SHOW)",Fantasy Football Happy Hour,SUPPLIED,SUPPLIED,Matthew Berry,Josh Palmer,WR,LAC,SLEEPER,UP,MODERATE,REST_OF_SEASON,palmer's a deeper league guy that will get that will have some nice value that will carve out standalone value,injury upside vertical role in Chargers offense
2022,"Matthew Berry welcomes Stefon Diggs + Sleepers, busts | Fantasy Football Happy Hour (FULL SHOW)",Fantasy Football Happy Hour,SUPPLIED,SUPPLIED,Matthew Berry,Darnell Mooney,WR,CHI,BREAKOUT,UP,STRONG,REST_OF_SEASON,mooney is the number one wide receiver on a team that is going to have to throw and so just massive target chair there,massive target share team leading WR
2022,"Matthew Berry welcomes Stefon Diggs + Sleepers, busts | Fantasy Football Happy Hour (FULL SHOW)",Fantasy Football Happy Hour,SUPPLIED,SUPPLIED,Matthew Berry,A.J. Dillon,RB,GB,BREAKOUT,UP,STRONG,REST_OF_SEASON,i am all in on team romandre ... all in on aj dylan first off aaron jones sometimes will miss a couple of games when he misses games aj dillon is top five running back in fantasy,standalone value top 5 injury upside
2022,"Matthew Berry welcomes Stefon Diggs + Sleepers, busts | Fantasy Football Happy Hour (FULL SHOW)",Fantasy Football Happy Hour,SUPPLIED,SUPPLIED,Matthew Berry,Amari Cooper,WR,CLE,BUST,DOWN,STRONG,REST_OF_SEASON,i want no part of amari cooper this year no part,Brissett factor run heavy offense
2022,"Matthew Berry welcomes Stefon Diggs + Sleepers, busts | Fantasy Football Happy Hour (FULL SHOW)",Fantasy Football Happy Hour,SUPPLIED,SUPPLIED,Matthew Berry,Cam Akers,RB,LAR,BUST,DOWN,STRONG,REST_OF_SEASON,there's not much on tape after cam acres came back that makes you feel good about the player as well,three headed committee low RB target share
2022,"Matthew Berry welcomes Stefon Diggs + Sleepers, busts | Fantasy Football Happy Hour (FULL SHOW)",Fantasy Football Happy Hour,SUPPLIED,SUPPLIED,Matthew Berry,Treylon Burks,WR,TEN,SLEEPER,UP,MODERATE,REST_OF_SEASON,second half of the year i do think berks is somebody that's pretty interesting don't mind them as a sleeper,first round capital second half upside
2022,"Matthew Berry welcomes Stefon Diggs + Sleepers, busts | Fantasy Football Happy Hour (FULL SHOW)",Fantasy Football Happy Hour,SUPPLIED,SUPPLIED,Matthew Berry,James Robinson,RB,JAX,SLEEPER,UP,MODERATE,REST_OF_SEASON,robinson who's being left for dead running back 45 123rd overall on yahoo give me james robinson,Doug Pederson multiple RB usage ADP value
2022,Matthew Berry's Week 1 waiver adds | Fantasy Football Happy Hour | NFL on NBC,Fantasy Football Happy Hour,SUPPLIED,1,Matthew Berry,Jaylen Warren,RB,PIT,WAIVER_ADD,UP,STRONG,REST_OF_SEASON,Jalen Warren is a guy who I was hoping to get ... he's both obviously a very key Insurance back for anyone that has Naji Harris on their team but more importantly he's going to have a role,key insurance back standalone touch role
2022,Matthew Berry's Week 1 waiver adds | Fantasy Football Happy Hour | NFL on NBC,Fantasy Football Happy Hour,SUPPLIED,1,Matthew Berry,Tank Bigsby,RB,JAX,WAIVER_ADD,UP,STRONG,REST_OF_SEASON,tank Bixby is another guy that I absolutely love because that is somebody that will have a role in this offense from moment one,immediate role in offense Etienne insurance
2022,Matthew Berry's Week 1 waiver adds | Fantasy Football Happy Hour | NFL on NBC,Fantasy Football Happy Hour,SUPPLIED,1,Matthew Berry,Tyjae Spears,RB,TEN,HANDCUFF,UP,STRONG,REST_OF_SEASON,Tasha Spears I don't know that he's gonna have a role immediately but he will he is again if anything were to happen to Derrick Henry ... he would immediately become a top 10 fantasy running back,Derrick Henry cuff top 10 upside
2022,Matthew Berry's Week 1 waiver adds | Fantasy Football Happy Hour | NFL on NBC,Fantasy Football Happy Hour,SUPPLIED,1,Matthew Berry,Zay Jones,WR,JAX,WAIVER_ADD,UP,MODERATE,REST_OF_SEASON,headlined by Zay Jones who's only rostering 32 percent of leagues,22% target share last year pass heavy offense
2022,Matthew Berry's Week 1 waiver adds | Fantasy Football Happy Hour | NFL on NBC,Fantasy Football Happy Hour,SUPPLIED,1,Matthew Berry,Marvin Mims Jr.,WR,DEN,WAIVER_ADD,UP,MODERATE,REST_OF_SEASON,I want to point out Marvin Mims on this list who averaged over 20 yards for catches the past two seasons in college,Tim Patrick injury Jerry Jeudy injury upside
2022,"Matthew Berry's Week 9 waiver wire RBs: Henderson, Spears | Fantasy Football Happy Hour | NFL on NBC",Fantasy Football Happy Hour,SUPPLIED,9,Matthew Berry,Tyjae Spears,RB,TEN,WAIVER_ADD,UP,STRONG,REST_OF_SEASON,we're begging you we've been begging you for weeks pick up Taj Spears why won't you listen to us,high value backup Derrick Henry injury upside
2022,"Matthew Berry's Week 9 waiver wire RBs: Henderson, Spears | Fantasy Football Happy Hour | NFL on NBC",Fantasy Football Happy Hour,SUPPLIED,9,Matthew Berry,Darrell Henderson Jr.,RB,LAR,WAIVER_ADD,UP,STRONG,REST_OF_SEASON,I prefer still Henderson to Freeman I get it Freeman played a few more snaps than Henderson ... but Henderson's passing game usage is what puts them over Freeman for me,34 touches passing game usage
2022,"Matthew Berry's Week 9 waiver wire RBs: Henderson, Spears | Fantasy Football Happy Hour | NFL on NBC",Fantasy Football Happy Hour,SUPPLIED,9,Matthew Berry,Royce Freeman,RB,LAR,WAIVER_ADD,UP,MODERATE,THIS_WEEK,Freeman has 21 over the last two they've each scored a touchdown,Rams committee work goal line touches
2022,"Matthew Berry's Week 9 waiver wire RBs: Henderson, Spears | Fantasy Football Happy Hour | NFL on NBC",Fantasy Football Happy Hour,SUPPLIED,9,Matthew Berry,Leonard Fournette,RB,BUF,STASH,UP,HEDGED,REST_OF_SEASON,huge range of outcomes possible with Leonard forette there is a chance that he's just not a thing at all ... There's also the chance that he's the number one running back,practice squad signing goal line upside
2022,"Matthew Berry's Week 9 waiver wire RBs: Henderson, Spears | Fantasy Football Happy Hour | NFL on NBC",Fantasy Football Happy Hour,SUPPLIED,9,Matthew Berry,Emari Demercado,RB,ARI,WAIVER_ADD,UP,HEDGED,THIS_WEEK,any running back who gets 20 carries in a game generally just has to be rostered until they lose that job,20 carry volume every down usage
2022,"Matthew Berry's Week 9 waiver wire RBs: Henderson, Spears | Fantasy Football Happy Hour | NFL on NBC",Fantasy Football Happy Hour,SUPPLIED,9,Matthew Berry,Devin Singletary,RB,HOU,WAIVER_FADE,DOWN,MODERATE,REST_OF_SEASON,I'm not super excited about starting single ter in my Flex Matthew nor should you be,split backfield three headed committee
2022,"Matthew Berry's Week 9 waiver wire RBs: Henderson, Spears | Fantasy Football Happy Hour | NFL on NBC",Fantasy Football Happy Hour,SUPPLIED,9,Matthew Berry,Zach Charbonnet,RB,SEA,STASH,UP,MODERATE,REST_OF_SEASON,someone to stash because I think he's got massive upside compared to a lot of these,outsnapped Kenneth Walker 5.8 YPC
2022,"Matthew Berry's top QB, TE waiver wire adds for Week 8 | Fantasy Football Happy Hour | NFL on NBC",Fantasy Football Happy Hour,SUPPLIED,8,Matthew Berry,Taylor Heinicke,QB,WAS,START,UP,MODERATE,THIS_WEEK,He plays the Colts this week worth stashing.,rushing mobility Colts matchup
2022,"Matthew Berry's top QB, TE waiver wire adds for Week 8 | Fantasy Football Happy Hour | NFL on NBC",Fantasy Football Happy Hour,SUPPLIED,8,Matthew Berry,Greg Dulcich,TE,DEN,START,UP,MODERATE,THIS_WEEK,He's become the clear tight end One in Denver seeing the bulk of the snaps,bulk of snaps clear TE1
2022,"Matthew Berry's top QB, TE waiver wire adds for Week 8 | Fantasy Football Happy Hour | NFL on NBC",Fantasy Football Happy Hour,SUPPLIED,8,Matthew Berry,Harrison Bryant,TE,CLE,WAIVER_ADD,UP,MODERATE,REST_OF_SEASON,Harrison Bryant will be the guy that Figures to get more of the work here.,Njoku injury tight end centric offense
2022,Matthew Berry's top WR waiver wire adds for Week 2 | Fantasy Football Happy Hour | NFL on NBC,Fantasy Football Happy Hour,SUPPLIED,2,Matthew Berry,Russell Gage,WR,TB,WAIVER_ADD,UP,MODERATE,REST_OF_SEASON,I just need a floor guy. Russell gauge is somebody that I would mention,high floor target share in Brady offense
2022,Matthew Berry's top WR waiver wire adds for Week 2 | Fantasy Football Happy Hour | NFL on NBC,Fantasy Football Happy Hour,SUPPLIED,2,Matthew Berry,Josh Palmer,WR,LAC,START,UP,STRONG,THIS_WEEK,"If I need somebody this week, give me joshjpalmer in a high-scoring game against the Chiefs",Keenan Allen injury high scoring shootout
2022,Matthew Berry's top WR waiver wire adds for Week 2 | Fantasy Football Happy Hour | NFL on NBC,Fantasy Football Happy Hour,SUPPLIED,2,Matthew Berry,Curtis Samuel,WR,WAS,WAIVER_ADD,UP,STRONG,REST_OF_SEASON,11 Targets against Jacksonville. I think this is going to be passed Happy offense.,11 targets pass happy offense
2022,Matthew Berry's top WR waiver wire adds for Week 2 | Fantasy Football Happy Hour | NFL on NBC,Fantasy Football Happy Hour,SUPPLIED,2,Matthew Berry,Jahan Dotson,WR,WAS,WAIVER_ADD,UP,STRONG,REST_OF_SEASON,after Terry McLaren he played the most offensive snaps He scored two touchdowns,snap share red zone efficiency
2022,Matthew Berry's top WR waiver wire adds for Week 2 | Fantasy Football Happy Hour | NFL on NBC,Fantasy Football Happy Hour,SUPPLIED,2,Matthew Berry,Romeo Doubs,WR,GB,WAIVER_ADD,UP,MODERATE,REST_OF_SEASON,So I'm willing to give Romeo Dobbs another chance available in 66 percent of leagues. Again a 15 percent Target chairs in his NFL debut,15% target share debut potential
2022,Preparing for the Playoffs: Week 13 | Establish The Run,Establish The Run,2020-12-03,13,Ryan Reynolds,Pat Thorman,QB,SUPPLIED,RANKING_ONLY,NEUTRAL,MODERATE,REST_OF_SEASON,Thorman's Rankings: Week 1,playoff planning look-ahead
2022,"QB Steals, Sleepers, and Late-Round Winners | Fantasy Football 2022 - Ep. 1267",The Fantasy Footballers,SUPPLIED,SUPPLIED,Andy Holloway,Matthew Stafford,QB,LAR,SLEEPER,UP,MODERATE,REST_OF_SEASON,bargain brady and I'm talking about number 12 on the list matthew stafford ... You add allen robinson to this offense you have cooper cup,QB5 finish last year Allen Robinson addition
2022,"Sleepers + Draft Day Fears, Dad Jokes | Fantasy Football 2022 - Ep. 1273",The Fantasy Footballers,SUPPLIED,SUPPLIED,Jason Moore,Chase Edmonds,RB,MIA,SLEEPER,UP,MODERATE,REST_OF_SEASON,i like chase edmonds more than aj dillon straight up,PPR receiving volume
2022,"Sleepers + Draft Day Fears, Dad Jokes | Fantasy Football 2022 - Ep. 1273",The Fantasy Footballers,SUPPLIED,SUPPLIED,Mike Wright,A.J. Dillon,RB,GB,SLEEPER,UP,STRONG,REST_OF_SEASON,aj dillon's sealing significantly higher if he becomes the dude he's a he's a league winner he's a top five guy,league winning ceiling top 5 if starter
2022,These RBs Have LEGENDARY Upside in Fantasy (Establish the Edge),Establish the Edge,SUPPLIED,SUPPLIED,UNATTRIBUTED,Jonathan Taylor,RB,IND,BREAKOUT,UP,HEDGED,REST_OF_SEASON,start with jt who i've had i have a tough time with jt feel like there's a contrarian bone in my body that wants to be a little bit on the jt fade side,legendary ceiling receiving leap
2022,These RBs Have LEGENDARY Upside in Fantasy (Establish the Edge),Establish the Edge,SUPPLIED,SUPPLIED,UNATTRIBUTED,DeAndre Swift,RB,DET,BREAKOUT,UP,MODERATE,REST_OF_SEASON,deandre swift who really exciting dynamic player has the the pass catching up side that we're looking for,pass catching upside
2022,These RBs Have LEGENDARY Upside in Fantasy (Establish the Edge),Establish the Edge,SUPPLIED,SUPPLIED,UNATTRIBUTED,Joe Mixon,RB,CIN,BUST,DOWN,MODERATE,REST_OF_SEASON,the etr ranks in ppr and you both agree that he's a fade,lack of third down receiving work capped upside
2022,Top 10 Must-Have Players for 2021 (Fantasy Football),FantasyPros,SUPPLIED,SUPPLIED,Tara Roberts,Ryan Tannehill,QB,TEN,SLEEPER,UP,STRONG,REST_OF_SEASON,ryan tannehill may not be the most exciting quarterback option in fantasy but it's hard to argue with these results,high touchdown efficiency rushing floor
2022,Top 10 Must-Have Players for 2021 (Fantasy Football),FantasyPros,SUPPLIED,SUPPLIED,Tara Roberts,Diontae Johnson,WR,PIT,SLEEPER,UP,STRONG,REST_OF_SEASON,johnson saw the sixth most targets last season ... As the wide receiver 22 and adp he's a tremendous value play,target volume WR1 potential
2022,Top 10 Must-Have Players for 2021 (Fantasy Football),FantasyPros,SUPPLIED,SUPPLIED,Tara Roberts,Najee Harris,RB,PIT,SLEEPER,UP,STRONG,REST_OF_SEASON,harris goes from being the latest star running back at alabama right into a three-down roll with the steelers,three down role pass catching volume
2022,Top 10 Must-Have Players for 2021 (Fantasy Football),FantasyPros,SUPPLIED,SUPPLIED,Tara Roberts,Darren Waller,TE,LVR,SLEEPER,UP,STRONG,REST_OF_SEASON,snagging waller at or near the 2-3 turn is the kind of move that might very well win you a title,elite target share talent
2022,Top 10 Must-Have Players for 2021 (Fantasy Football),FantasyPros,SUPPLIED,SUPPLIED,Tara Roberts,A.J. Brown,WR,TEN,SLEEPER,UP,STRONG,REST_OF_SEASON,i'm here to stump for brown as the best of that bunch brown was a force last season,efficiency per target easier coverage with Julio
2022,Top 10 Must-Have Players for 2021 (Fantasy Football),FantasyPros,SUPPLIED,SUPPLIED,Tara Roberts,Austin Ekeler,RB,LAC,SLEEPER,UP,STRONG,REST_OF_SEASON,number five austin echoler we here at fantasy pros apologize,pass catching role high efficiency
2022,Top 10 Must-Have Players for 2021 (Fantasy Football),FantasyPros,SUPPLIED,SUPPLIED,Tara Roberts,Damien Harris,RB,NE,BREAKOUT,UP,STRONG,REST_OF_SEASON,number one damien harris damien harris has gone from fantasy afterthought to potential league winner,Mac Jones starting Sony Michel trade red zone work
2022,Top 10 Waiver Wire Pickups for Week 2 (2022 Fantasy Football),FantasyPros,SUPPLIED,2,Tara Roberts,Jaylen Warren,RB,PIT,HANDCUFF,UP,MODERATE,REST_OF_SEASON,jaylen warren is the next man up in the steelers backfield if harris's injury causes him to miss any time,Najee Harris injury handcuff
2022,Top 10 Waiver Wire Pickups for Week 2 (2022 Fantasy Football),FantasyPros,SUPPLIED,2,Tara Roberts,Kenyan Drake,RB,BAL,WAIVER_ADD,UP,MODERATE,THIS_WEEK,drake who saw the bulk of the carries on sunday with 11 carries for 31 yards,JK Dobbins injury lead carry share
2022,Top 10 Waiver Wire Pickups for Week 2 (2022 Fantasy Football),FantasyPros,SUPPLIED,2,Tara Roberts,Curtis Samuel,WR,WAS,WAIVER_ADD,UP,STRONG,REST_OF_SEASON,if samuel can stay healthy i am very confident he can maintain enough production to be a usable fantasy asset,Carson Wentz target share health
2022,Top 10 Waiver Wire Pickups for Week 2 (2022 Fantasy Football),FantasyPros,SUPPLIED,2,Tara Roberts,Jeff Wilson Jr.,RB,SF,WAIVER_ADD,UP,STRONG,REST_OF_SEASON,if this is an extended absence wilson could be a top 24 back in a 49ers offense that is very run heavy he's a must add,Elijah Mitchell injury lead back role
2022,Top 10 Waiver Wire Pickups for Week 3 (2022 Fantasy Football),FantasyPros,SUPPLIED,3,Tara Roberts,Greg Dortch,WR,ARI,WAIVER_ADD,UP,MODERATE,THIS_WEEK,if more misses time again in week three Dortch can step up to this week's top 10 list,Rondale Moore injury slot targets
2022,Top 10 Waiver Wire Pickups for Week 3 (2022 Fantasy Football),FantasyPros,SUPPLIED,3,Tara Roberts,Carson Wentz,QB,WAS,START,UP,MODERATE,THIS_WEEK,wince is a must add for those who lost a quarterback this week,solid streaming option QB injuries
2022,Top 10 Waiver Wire Pickups for Week 3 (2022 Fantasy Football),FantasyPros,SUPPLIED,3,Tara Roberts,Josh Palmer,WR,LAC,START,UP,MODERATE,THIS_WEEK,in the absence of Keenan Allen he stepped up as the number two wide receiver behind Williams,Keenan Allen injury 8 targets
2022,Top 10 Waiver Wire Pickups for Week 3 (2022 Fantasy Football),FantasyPros,SUPPLIED,3,Tara Roberts,Sterling Shepard,WR,NYG,WAIVER_ADD,UP,MODERATE,REST_OF_SEASON,Shepard is someone who needs to be rostered in all formats,Daniel Jones target favorite over Toney/Golladay
2022,Top 10 Waiver Wire Pickups for Week 3 (2022 Fantasy Football),FantasyPros,SUPPLIED,3,Tara Roberts,Jahan Dotson,WR,WAS,WAIVER_ADD,UP,STRONG,REST_OF_SEASON,put your claim in right now for Jahon Dotson,red zone target share touchdown upside
2022,Top 10 Waiver Wire Pickups for Week 3 (2022 Fantasy Football),FantasyPros,SUPPLIED,3,Tara Roberts,Garrett Wilson,WR,NYJ,WAIVER_ADD,UP,STRONG,REST_OF_SEASON,Garrett Wilson had a ridiculous day catching eight of 14 targets ... Jets players should be rostered,14 targets 102 yards 2 TDs top rookie talent
2022,Top 10 Waiver Wire Pickups for Week 4 (2022 Fantasy Football),FantasyPros,SUPPLIED,4,Tara Roberts,Mack Hollins,WR,LVR,WAIVER_ADD,UP,MODERATE,THIS_WEEK,Matt Collins has come seemingly out of nowhere to become a critical piece of this Raiders offense,high snap percentage target share
2022,Top 10 Waiver Wire Pickups for Week 4 (2022 Fantasy Football),FantasyPros,SUPPLIED,4,Tara Roberts,Greg Dortch,WR,ARI,WAIVER_ADD,UP,MODERATE,THIS_WEEK,Dortch has a solid floor and is the second option in the Cardinals receiving Corps with rondelle Moore out,Rondale Moore AJ Green injuries target floor
2022,Top 10 Waiver Wire Pickups for Week 4 (2022 Fantasy Football),FantasyPros,SUPPLIED,4,Tara Roberts,Noah Brown,WR,DAL,WAIVER_ADD,UP,MODERATE,REST_OF_SEASON,I do believe that Noah Brown will maintain a presence in the Cowboys offense as the wide receiver three,Cooper Rush connection WR3 role
2022,Top 10 Waiver Wire Pickups for Week 4 (2022 Fantasy Football),FantasyPros,SUPPLIED,4,Tara Roberts,Sterling Shepard,WR,NYG,WAIVER_ADD,UP,MODERATE,REST_OF_SEASON,healthy Sterling Shepard has been the favorite Target of Daniel Jones in a very usable fantasy,Daniel Jones target leader volume
2022,Top 10 Waiver Wire Pickups for Week 4 (2022 Fantasy Football),FantasyPros,SUPPLIED,4,Tara Roberts,Zay Jones,WR,JAX,WAIVER_ADD,UP,STRONG,REST_OF_SEASON,Zay Jones is asserting himself as the wide receiver too in this offense and that will continue and he will have a valuable role,11 targets 10 catches WR2 role
2022,Top 10 Waiver Wire Pickups for Week 4 (2022 Fantasy Football),FantasyPros,SUPPLIED,4,Tara Roberts,Khalil Herbert,RB,CHI,WAIVER_ADD,UP,STRONG,REST_OF_SEASON,Herbert is a must add in all formats and League sizes Herbert had 20 carries for 157 yards and two touchdowns,David Montgomery injury Workhorse potential
2022,Top 10 Waiver Wire Pickups for Week 6 (2022 Fantasy Football),FantasyPros,SUPPLIED,6,Tara Roberts,Josh Reynolds,WR,DET,STASH,UP,MODERATE,REST_OF_SEASON,Reynolds is stepping up and Goff seems to trust him he's worth a stash,consistent target share Goff trust
2022,Top 10 Waiver Wire Pickups for Week 6 (2022 Fantasy Football),FantasyPros,SUPPLIED,6,Tara Roberts,Taysom Hill,TE,NO,WAIVER_ADD,UP,HEDGED,THIS_WEEK,considering the state of tight end it's worth a gamble to play Hill when you have unstable options at tight end,schemed rushing/passing usage tight end wasteland
2022,Top 10 Waiver Wire Pickups for Week 6 (2022 Fantasy Football),FantasyPros,SUPPLIED,6,Tara Roberts,Eno Benjamin,RB,ARI,START,UP,STRONG,THIS_WEEK,Arizona plays Seattle next week you absolutely want to Target running backs against Seattle so this could be an easy Plug and Play for week six,James Conner/Daryl Williams injuries Seattle matchup
2022,Top 10 Waiver Wire Pickups for Week 6 (2022 Fantasy Football),FantasyPros,SUPPLIED,6,Tara Roberts,Rachaad White,RB,TB,HANDCUFF,UP,STRONG,REST_OF_SEASON,white is the perfect Handcuff two for that and has the added bonus of being able to provide weekly value,pass catching role Fournette handcuff
2022,Top 10 Waiver Wire Pickups for Week 6 (2022 Fantasy Football),FantasyPros,SUPPLIED,6,Tara Roberts,Rondale Moore,WR,ARI,WAIVER_ADD,UP,STRONG,REST_OF_SEASON,Moore has wide receiver 2 upside and he is readily available on waivers,7 receptions 68 yards WR2 upside
2022,Top 10 Waiver Wire Pickups for Week 6 (2022 Fantasy Football),FantasyPros,SUPPLIED,6,Tara Roberts,Alec Pierce,WR,IND,WAIVER_ADD,UP,MODERATE,REST_OF_SEASON,things are certainly trending in the right direction for Pierce,Matt Ryan trust rising target share
2022,Top 10 Waiver Wire Pickups for Week 6 (2022 Fantasy Football),FantasyPros,SUPPLIED,6,Tara Roberts,Isaiah McKenzie,WR,BUF,WAIVER_ADD,UP,STRONG,REST_OF_SEASON,McKinsey will likely return to action in week six and has three touchdowns on the season he should be rostered in all formats,Josh Allen offense returning from injury
2022,Top 10 Waiver Wire Pickups for Week 6 (2022 Fantasy Football),FantasyPros,SUPPLIED,6,Tara Roberts,Jakobi Meyers,WR,NE,WAIVER_ADD,UP,STRONG,REST_OF_SEASON,it's time to accept he is a must add,consistent target leader
2022,Top 10 Waiver Wire Pickups for Week 6 (2022 Fantasy Football),FantasyPros,SUPPLIED,6,Tara Roberts,Mike Boone,RB,DEN,WAIVER_ADD,UP,STRONG,REST_OF_SEASON,Boon is a great short-term and long-term value,Javonte Williams injury favorable Chargers/Jets/Texans schedule
2022,Top 10 Waiver Wire Pickups for Week 6 (2022 Fantasy Football),FantasyPros,SUPPLIED,6,Tara Roberts,Kenneth Walker III,RB,SEA,WAIVER_ADD,UP,STRONG,REST_OF_SEASON,if penny is out for any time Walker is your top waiver priority,Rashad Penny injury lead back potential in Geno Smith offense
2022,Waiver Wire Analysis: Week 8 | Establish The Run,Establish The Run,2022-10-25,8,Ryan Reynolds,Gus Edwards,RB,BAL,WAIVER_ADD,UP,STRONG,REST_OF_SEASON,"With J.K. Dobbins scheduled to miss significant time, Edwards is a great RB option to target on waivers.",JK Dobbins injury 2 TD return
2022,"Week 1 Waivers, Injuries & Lineup Construction",Harris Football,2022-09-06,1,Christopher Harris,Brandon Funston,QB,SUPPLIED,RANKING_ONLY,NEUTRAL,MODERATE,THIS_WEEK,On today's show we'll isolate a few situations worth tracking ... Guest: Brandon Funston,Week 1 lineup construction tracking injuries
2022,Week 10 Waiver Wire Pickups | Must-Have Players to Add to Your Roster (2022 Fantasy Football),FantasyPros,SUPPLIED,10,Derek Brown,Jeff Wilson Jr.,RB,MIA,WAIVER_ADD,UP,STRONG,REST_OF_SEASON,there's no reason not to go roster Jeff Wilson Jr pick him up ... open the bank,outsnapped Mostert 72 yards and TD league winning schedule
2022,Week 10 Waiver Wire Pickups | Must-Have Players to Add to Your Roster (2022 Fantasy Football),FantasyPros,SUPPLIED,10,Samantha Previte,Chuba Hubbard,RB,CAR,WAIVER_ADD,UP,MODERATE,REST_OF_SEASON,chuba Hubbard would probably be my second option for running back he's 46 rostered on sleeper,named starter post CMC trade returning from ankle injury
2022,Week 10 Waiver Wire Pickups | Must-Have Players to Add to Your Roster (2022 Fantasy Football),FantasyPros,SUPPLIED,10,Samantha Previte,Jaylen Warren,RB,PIT,HANDCUFF,UP,MODERATE,REST_OF_SEASON,Warren I think like at the very minimum he's a good handcuffed roster but he could also end up just kind of having substance Standalone value,outperformed Najee Harris 5.3 YPC
2022,Week 10 Waiver Wire Pickups | Must-Have Players to Add to Your Roster (2022 Fantasy Football),FantasyPros,SUPPLIED,10,Derek Brown,Terrace Marshall Jr.,WR,CAR,WAIVER_ADD,UP,MODERATE,REST_OF_SEASON,TMJ lockjaw Terrace Marshall Jr ... trailing frequently pass heavy game scripts,DJ Moore CMC departures Atlanta/Baltimore matchups
2022,Week 10 Waiver Wire Pickups | Must-Have Players to Add to Your Roster (2022 Fantasy Football),FantasyPros,SUPPLIED,10,Derek Brown,Wan'Dale Robinson,WR,NYG,WAIVER_ADD,UP,MODERATE,REST_OF_SEASON,he has wide receiver three upside if he's gonna get consistent Targets on a weekly basis and he's got plus matchups coming up,Lions and Cowboys slot matchups WR3 upside
2022,Week 10 Waiver Wire Pickups | Must-Have Players to Add to Your Roster (2022 Fantasy Football),FantasyPros,SUPPLIED,10,Samantha Previte,Darius Slayton,WR,NYG,WAIVER_ADD,UP,MODERATE,REST_OF_SEASON,Slayton is 11 rostered on sleeper so he's certainly widely available ... 5 of 6 for 66 yards,Kadarius Toney trade target share Texans/Lions schedule
2022,"Week 10 Waivers + Mike’s Soapbox, Full Stream Ahead | Fantasy Football 2022 - Ep. 1326",The Fantasy Footballers,SUPPLIED,10,Mike Wright,Josh Palmer,WR,LAC,WAIVER_ADD,UP,STRONG,REST_OF_SEASON,make sure Joshua Palmer is not on your waivers or if he is pick him up he would be my number one pickup this week,10 targets 106 yards in Keenan Allen absence
2022,"Week 10 Waivers + Mike’s Soapbox, Full Stream Ahead | Fantasy Football 2022 - Ep. 1326",The Fantasy Footballers,SUPPLIED,10,Jason Moore,Wan'Dale Robinson,WR,NYG,WAIVER_ADD,UP,STRONG,REST_OF_SEASON,Juan Dale should be a Target if you need a spot to start if you have somebody going on by,post bye integration Houston matchup
2022,"Week 10 Waivers + Mike’s Soapbox, Full Stream Ahead | Fantasy Football 2022 - Ep. 1326",The Fantasy Footballers,SUPPLIED,10,Andy Holloway,Mecole Hardman,WR,KC,START,UP,MODERATE,THIS_WEEK,single game upside of Nicole Hardman with playing with Patrick Mahomes,hot streak Patrick Mahomes offense
2022,"Week 10 Waivers + Mike’s Soapbox, Full Stream Ahead | Fantasy Football 2022 - Ep. 1326",The Fantasy Footballers,SUPPLIED,10,Andy Holloway,Terrace Marshall Jr.,WR,CAR,WAIVER_ADD,UP,MODERATE,THIS_WEEK,TMJ lockjaw Terrace Marshall Jr ... 87 yards two weeks ago on nine targets,DJ Moore McCaffrey departures Atlanta matchup
2022,"Week 10 Waivers + Mike’s Soapbox, Full Stream Ahead | Fantasy Football 2022 - Ep. 1326",The Fantasy Footballers,SUPPLIED,10,Jason Moore,Jeff Wilson Jr.,RB,MIA,WAIVER_ADD,UP,STRONG,REST_OF_SEASON,he's literally just about the only player that you can pick up off of waivers and say I can start this guy I know I'm gonna get fantasy points,50% snaps passing game targets high powered offense
2022,Week 11 Waiver Wire Pickups | Must-Have Players to Add to Your Roster (2022 Fantasy Football),FantasyPros,SUPPLIED,11,Joe Pisapia,Rachaad White,RB,TB,WAIVER_ADD,UP,STRONG,REST_OF_SEASON,sleeper waiver wire ad of the week is Rashad white ... 22 carries for 105 yards ... Cleveland matchup coming up,22 carries 105 yards Cleveland matchup
2022,Week 11 Waiver Wire Pickups | Must-Have Players to Add to Your Roster (2022 Fantasy Football),FantasyPros,SUPPLIED,11,Derek Brown,Isiah Pacheco,RB,KC,WAIVER_ADD,UP,STRONG,REST_OF_SEASON,Isaiah Pacheco You talk about the worm turning it's turning it's dancing ... 55 of the snaps 16 carries 82 rushing yards ... empty the clip,55% snaps 16 carries lead back on KC
2022,Week 11 Waiver Wire Pickups | Must-Have Players to Add to Your Roster (2022 Fantasy Football),FantasyPros,SUPPLIED,11,Kevin Coleman,Jerick McKinnon,RB,KC,WAIVER_ADD,UP,MODERATE,REST_OF_SEASON,McKinnon is gonna be more rosters ... because of his pass catching ... caught six of eight passes thrown his way last night,pass catching role Juju concussion targets
2022,Week 11 Waiver Wire Pickups | Must-Have Players to Add to Your Roster (2022 Fantasy Football),FantasyPros,SUPPLIED,11,Kevin Coleman,Samaje Perine,RB,CIN,HANDCUFF,UP,MODERATE,REST_OF_SEASON,samaje piran ... analytical profile breaks down that Preen could be the guy,superior efficiency metrics to Mixon
2022,Week 11 Waiver Wire Pickups | Must-Have Players to Add to Your Roster (2022 Fantasy Football),FantasyPros,SUPPLIED,11,Derek Brown,Gus Edwards,RB,BAL,WAIVER_ADD,UP,STRONG,REST_OF_SEASON,Gus bus Gus Edwards needs to be rostered he should be not even close to 50 should be in the 70 to 80 percent range,returning from injury goal line volume favorable schedule
2022,Week 11 Waiver Wire Pickups | Must-Have Players to Add to Your Roster (2022 Fantasy Football),FantasyPros,SUPPLIED,11,Kevin Coleman,Donovan Peoples-Jones,WR,CLE,WAIVER_ADD,UP,STRONG,REST_OF_SEASON,over 70 yards receiving in five of his last six games ... Deshawn watts is going to come back,70+ yards in 5 of 6 games Deshaun Watson return
2022,Week 11 Waiver Wire Pickups | Must-Have Players to Add to Your Roster (2022 Fantasy Football),FantasyPros,SUPPLIED,11,Derek Brown,Christian Watson,WR,GB,WAIVER_ADD,UP,STRONG,REST_OF_SEASON,Christian Watson baby had himself a week 40 Target share went from 107 and three touchdowns ... he is that dude,40% target share 107 yards 3 TDs deep threat
2022,"Week 11 Waivers + Upset City, Full Stream Ahead - Fantasy Footballers Podcast",The Fantasy Footballers,2022-11-15,11,Andy Holloway,Jalen Hurts,QB,PHI,RANKING_ONLY,NEUTRAL,MODERATE,THIS_WEEK,recap of the Monday Night Football upset of the Commanders over the Eagles,Monday night recap
2022,"Week 12 Waivers + Fantasy Timebomb, Full Stream Ahead | Fantasy Football 2022 - Ep. 1336",The Fantasy Footballers,SUPPLIED,12,Jason Moore,Latavius Murray,RB,DEN,WAIVER_ADD,UP,STRONG,REST_OF_SEASON,latavius Murray is the clear to me is the clear number one waiver wire ... latavius Murray I think rest of season is at worst an rb2,Melvin Gordon waived 17 carry volume
2022,"Week 12 Waivers + Fantasy Timebomb, Full Stream Ahead | Fantasy Football 2022 - Ep. 1336",The Fantasy Footballers,SUPPLIED,12,Mike Wright,Samaje Perine,RB,CIN,START,UP,STRONG,THIS_WEEK,samaje P Ryan another big time pickup this week if Joe Mixon is gone,Joe Mixon concussion receiving work
2022,"Week 12 Waivers + Fantasy Timebomb, Full Stream Ahead | Fantasy Football 2022 - Ep. 1336",The Fantasy Footballers,SUPPLIED,12,Andy Holloway,Treylon Burks,WR,TEN,WAIVER_ADD,UP,STRONG,REST_OF_SEASON,trailon Burks ... 35 percent targets per out run that is his third game this season over 35 targets per route run ... this offense can support an alpha wide receiver,35% targets per route run alpha potential
2022,"Week 12 Waivers + Fantasy Timebomb, Full Stream Ahead | Fantasy Football 2022 - Ep. 1336",The Fantasy Footballers,SUPPLIED,12,Jason Moore,Darius Slayton,WR,NYG,WAIVER_ADD,UP,STRONG,REST_OF_SEASON,who scores more fantasy points this week trailon Burks or Darius Slayton I probably lean the Darius slate inside,consistent target share receiving floor
2022,"Week 12 Waivers + Fantasy Timebomb, Full Stream Ahead | Fantasy Football 2022 - Ep. 1336",The Fantasy Footballers,SUPPLIED,12,Mike Wright,Dawson Knox,TE,BUF,START,UP,MODERATE,THIS_WEEK,Dawson Knox ... I believe he's a really really good start this week six targets the week before as well Detroit,6 targets Detroit matchup
2022,Week 13 Waiver Wire & More W12 Film,Harris Football,2022-11-29,13,Christopher Harris,Scott Fish,QB,SUPPLIED,RANKING_ONLY,NEUTRAL,MODERATE,THIS_WEEK,We'll discuss how to play the Week 13 waiver wire in light of these situations ... Guest: Scott Fish,Week 13 backfield film review
2022,Week 13 Waiver Wire Pickups | Must-Have Players to Add to Your Roster (2022 Fantasy Football),FantasyPros,SUPPLIED,13,Joe Pisapia,Treylon Burks,WR,TEN,WAIVER_ADD,UP,STRONG,REST_OF_SEASON,I'm telling you right now Trayvon Burks is a player that should be rostered ... back-to-back games of 111 yards 70 yards,111 yards then 70 yards go-to receiver
2022,Week 13 Waiver Wire Pickups | Must-Have Players to Add to Your Roster (2022 Fantasy Football),FantasyPros,SUPPLIED,13,Tara Roberts,Zonovan Knight,RB,NYJ,WAIVER_ADD,UP,STRONG,REST_OF_SEASON,zonaven Knight as the guy that I am grabbing is my number one back ... 14 carries 69 yards three receptions,14 carries 3 receptions Michael Carter injury
2022,Week 13 Waiver Wire Pickups | Must-Have Players to Add to Your Roster (2022 Fantasy Football),FantasyPros,SUPPLIED,13,Derek Brown,JaMycal Hasty,RB,JAX,WAIVER_ADD,UP,MODERATE,THIS_WEEK,I want the guy in an improving Jacksonville Jaguars offense that's going to play oh I don't know Detroit this week,Etienne injury 17 touches Detroit matchup
2022,Week 13 Waiver Wire Pickups | Must-Have Players to Add to Your Roster (2022 Fantasy Football),FantasyPros,SUPPLIED,13,Derek Brown,Zay Jones,WR,JAX,WAIVER_ADD,UP,STRONG,REST_OF_SEASON,Zay Jones ... 37 Target share dude racked up 11 receptions and 145 receiving yards ... Lions and Titans coming up,11 catches 145 yards 37% target share Lions/Titans schedule
2022,Week 13 Waiver Wire Pickups | Must-Have Players to Add to Your Roster (2022 Fantasy Football),FantasyPros,SUPPLIED,13,Tara Roberts,Van Jefferson,WR,LAR,WAIVER_ADD,UP,MODERATE,REST_OF_SEASON,my number one receiver is Van Jefferson,Kupp/Robinson injuries target share
2022,"Week 13 Waivers + Fathomable Greatness, Full Stream Ahead - Fantasy Footballers Podcast",The Fantasy Footballers,2022-11-29,13,Andy Holloway,Kenny Pickett,QB,PIT,RANKING_ONLY,NEUTRAL,MODERATE,THIS_WEEK,recap of the Monday Night Football game between the Steelers and Colts,Monday night recap
2022,Week 14 Waiver Wire Pickups | Must-Have Players to Add to Your Roster (2022 Fantasy Football),FantasyPros,SUPPLIED,14,Chris Allen,James Cook,RB,BUF,WAIVER_ADD,UP,STRONG,REST_OF_SEASON,James Cook starting to look like that dude ... unload the clip I mean 10 plus percent,11 carries 86 yards target uptick Josh Allen elbow
2022,Week 14 Waiver Wire Pickups | Must-Have Players to Add to Your Roster (2022 Fantasy Football),FantasyPros,SUPPLIED,14,Derek Brown,Cam Akers,RB,LAR,WAIVER_ADD,UP,MODERATE,REST_OF_SEASON,cam Acres ... 17 touches and two rushing touchdowns ... efficiency numbers improving,17 touches 2 TDs improved yards after contact
2022,Week 14 Waiver Wire Pickups | Must-Have Players to Add to Your Roster (2022 Fantasy Football),FantasyPros,SUPPLIED,14,Derek Brown,Jerick McKinnon,RB,KC,WAIVER_ADD,UP,MODERATE,REST_OF_SEASON,McKinnon is definitely worth a pickup we've seen him last week 10 touches 60 yards one touchdown,passing down back 10 touches 60 yards TD
2022,Week 14 Waiver Wire Pickups | Must-Have Players to Add to Your Roster (2022 Fantasy Football),FantasyPros,SUPPLIED,14,Chris Allen,Nico Collins,WR,HOU,WAIVER_ADD,UP,MODERATE,REST_OF_SEASON,earning ten seven nine ten targets over the past four weeks ... Nico Collins,10 7 9 10 target streak Brandon Cooks absence
2022,Week 14 Waiver Wire Pickups | Must-Have Players to Add to Your Roster (2022 Fantasy Football),FantasyPros,SUPPLIED,14,Derek Brown,DJ Chark Jr.,WR,DET,WAIVER_ADD,UP,MODERATE,THIS_WEEK,DJ chart ... 98 receiving yards against Jaguars now he gets the Minnesota Vikings and Carolina Panthers,98 yards field stretcher Minnesota/Carolina matchups
2022,"Week 14 Waivers + Spot Starts, Full Stream Ahead | Fantasy Football 2022 - Ep. 1344",The Fantasy Footballers,SUPPLIED,14,Andy Holloway,Zay Jones,WR,JAX,START,UP,HEDGED,THIS_WEEK,my number one option that I like is someone that I think people will have a hard time starting ... Zay Jones,Tennessee matchup bounce back potential
2022,"Week 14 Waivers + Spot Starts, Full Stream Ahead | Fantasy Football 2022 - Ep. 1344",The Fantasy Footballers,SUPPLIED,14,Jason Moore,James Cook,RB,BUF,WAIVER_ADD,UP,STRONG,REST_OF_SEASON,James Cook saw a massive increase in usage in Buffalo I think the consensus might be this is it's his time right to make a big difference,20 touches 6 catches receiving fluidity
2022,"Week 14 Waivers + Spot Starts, Full Stream Ahead | Fantasy Football 2022 - Ep. 1344",The Fantasy Footballers,SUPPLIED,14,Jason Moore,Jerick McKinnon,RB,KC,START,UP,MODERATE,THIS_WEEK,Jerry McKinnon is probably being undervalued right now in in the sense that he's available in half of leagues and he is playing a lot of snaps,Denver matchup pass catching role
2022,Week 15 Waiver Wire Pickups | Must-Have Players to Add to Your Roster (2022 Fantasy Football),FantasyPros,SUPPLIED,15,Joe Pisapia,Elijah Moore,WR,NYJ,WAIVER_ADD,UP,STRONG,REST_OF_SEASON,Elijah Moore wide receiver of the New York Jets coming off a game yesterday with six for 60. that's what we want ... Corey Davis dealing with the concussion,6 catches 60 yards Corey Davis concussion slot schedule
2022,Week 15 Waiver Wire Pickups | Must-Have Players to Add to Your Roster (2022 Fantasy Football),FantasyPros,SUPPLIED,15,Andrew Seifter,Alexander Mattison,RB,MIN,STASH,UP,STRONG,REST_OF_SEASON,Alexander Madison ... if Dalvin Cook gets hurt next week the Vikings have one of the very best schedules remaining,Cook handcuff top 5 upside remaining schedule
2022,Week 15 Waiver Wire Pickups | Must-Have Players to Add to Your Roster (2022 Fantasy Football),FantasyPros,SUPPLIED,15,Derek Brown,Chuba Hubbard,RB,CAR,WAIVER_ADD,UP,MODERATE,REST_OF_SEASON,Chupa Hubbard ... 17 touches 99 total yards ... standalone role in this backfield,17 touches 99 yards standalone flex value
2022,Week 15 Waiver Wire Pickups | Must-Have Players to Add to Your Roster (2022 Fantasy Football),FantasyPros,SUPPLIED,15,Derek Brown,Travis Homer,RB,SEA,START,UP,HEDGED,THIS_WEEK,if you need a plug and play guy this week then you can look to Homer as long as Kenneth Walker and DJ Davos are out,Walker and Dallas injuries 91% snap share
2022,Week 15 Waiver Wire Pickups | Must-Have Players to Add to Your Roster (2022 Fantasy Football),FantasyPros,SUPPLIED,15,Andrew Seifter,Tyler Allgeier,RB,ATL,WAIVER_ADD,UP,MODERATE,REST_OF_SEASON,Tyler algier coming off the buy ... run-heavy teams in the entire league and I think they might become even more run heavy with Desmond Ritter under Center,Desmond Ridder starting run heavy offense
2022,Week 2 Waivers & Completing W1 Film Review,Harris Football,2022-09-13,2,Christopher Harris,John Daigle,QB,SUPPLIED,RANKING_ONLY,NEUTRAL,MODERATE,THIS_WEEK,Today we'll talk about adds and drops to help your fantasy squad improve and deal with injuries ... Guest: John Daigle,Week 2 film review adds/drops
2022,Week 3 Waivers & More W2 Film Review,Harris Football,2022-09-20,3,Christopher Harris,Jeff Erickson,QB,SUPPLIED,RANKING_ONLY,NEUTRAL,MODERATE,THIS_WEEK,adds and drops that'll make your fantasy football waiver wire hum in Week 3 ... Guest: Jeff Erickson,Week 3 waiver adds/drops
2022,"Week 3 Waivers + Full Stream Ahead, Deucer’s Alley | Fantasy Football 2022 - Ep. 1291",The Fantasy Footballers,SUPPLIED,3,Andy Holloway,Curtis Samuel,WR,WAS,WAIVER_ADD,UP,STRONG,REST_OF_SEASON,Curtis Samuel nine targets seven for seventy eight and a touchdown he's the clear number one pickup for me if he's available,9 targets 7 catches TD Carson Wentz passing volume
2022,"Week 3 Waivers + Full Stream Ahead, Deucer’s Alley | Fantasy Football 2022 - Ep. 1291",The Fantasy Footballers,SUPPLIED,3,Mike Wright,Garrett Wilson,WR,NYJ,WAIVER_ADD,UP,STRONG,REST_OF_SEASON,Garrett Wilson had 14 targets ... these guys are the Garrett Wilson pickups pay so much to trade for London,14 targets rookie alpha upside
2022,"Week 3 Waivers + Full Stream Ahead, Deucer’s Alley | Fantasy Football 2022 - Ep. 1291",The Fantasy Footballers,SUPPLIED,3,Jason Moore,Jakobi Meyers,WR,NE,WAIVER_ADD,UP,MODERATE,REST_OF_SEASON,my number one at that point would be Jacoby Myers ... in a PPR League Jacoby Myers he's someone that not only should be rostered but should be started 13 targets 9 for 95,13 targets PPR volume floor
2022,"Week 3 Waivers + Full Stream Ahead, Deucer’s Alley | Fantasy Football 2022 - Ep. 1291",The Fantasy Footballers,SUPPLIED,3,Mike Wright,Irv Smith Jr.,TE,MIN,START,UP,MODERATE,THIS_WEEK,he's the absolute tight end pickup of the week ... involved in a good offense,TE pickup of the week offense involvement
2022,"Week 4 Waivers + Full Stream Ahead, Mac Strong | Fantasy Football 2022 - Ep. 1296",The Fantasy Footballers,SUPPLIED,4,Andy Holloway,Jamaal Williams,RB,DET,WAIVER_ADD,UP,STRONG,REST_OF_SEASON,Jamal Williams is the priority I would agree ... featured back for Detroit while DeAndre Swift is out,Swift injury goal line role Workhorse usage
2022,"Week 4 Waivers + Full Stream Ahead, Mac Strong | Fantasy Football 2022 - Ep. 1296",The Fantasy Footballers,SUPPLIED,4,Jason Moore,Khalil Herbert,RB,CHI,WAIVER_ADD,UP,STRONG,REST_OF_SEASON,Khalil Herbert had the big game and those are the two big names James ... Khalil Herbert ... bona fide stud fantasy start,Montgomery injury proven Workhorse upside
2022,"Week 4 Waivers + Full Stream Ahead, Mac Strong | Fantasy Football 2022 - Ep. 1296",The Fantasy Footballers,SUPPLIED,4,Mike Wright,Romeo Doubs,WR,GB,WAIVER_ADD,UP,STRONG,REST_OF_SEASON,I think it's Dobbs ... Dobbs is getting the ball from Aaron Rodgers,Aaron Rodgers target share rookie momentum
2022,Week 5 Waivers & More W4 Game Film,Harris Football,2022-10-04,5,Christopher Harris,Brandon Funston,QB,SUPPLIED,RANKING_ONLY,NEUTRAL,MODERATE,THIS_WEEK,There are running back fantasy free agents in Week 5 who could be league-winners! ... Guest: Brandon Funston,Week 5 game film Javonte/Patterson injuries
2022,"Week 6 Waivers & More W5 Film Review, Jacked Gerbil Edition",Harris Football,2022-10-11,6,Christopher Harris,John Daigle,QB,SUPPLIED,RANKING_ONLY,NEUTRAL,MODERATE,THIS_WEEK,players you should consider adding from your waiver wire for Week 6 ... Guest: John Daigle,Week 6 waiver wire film review
2022,Week 7 Waiver Wire Pickups | Must-Have Players to Add to Your Roster (2022 Fantasy Football),FantasyPros,SUPPLIED,7,Joe Pisapia,Jameson Williams,WR,DET,STASH,UP,STRONG,REST_OF_SEASON,Jameson Williams of the Detroit Lions is just 48 roster still on sleeper ... this could be a Difference Maker potentially,explosive offense return from IR league winning ceiling
2022,Week 7 Waiver Wire Pickups | Must-Have Players to Add to Your Roster (2022 Fantasy Football),FantasyPros,SUPPLIED,7,Chris Allen,Kenyan Drake,RB,BAL,START,UP,MODERATE,THIS_WEEK,Kenyan Drake wound up wind up popping for about like over 100 yards ... easy pickup like for this week,JK Dobbins knee tightness Browns matchup
2022,Week 7 Waiver Wire Pickups | Must-Have Players to Add to Your Roster (2022 Fantasy Football),FantasyPros,SUPPLIED,7,Derek Brown,Mike Boone,RB,DEN,WAIVER_ADD,UP,STRONG,REST_OF_SEASON,Mike Boone ... 41 of the snaps and last game he played 10 touches 85 total yards ... Melvin Gordon's already banged up,Melvin Gordon injury 10 touches 85 yards
2022,Week 7 Waiver Wire Pickups | Must-Have Players to Add to Your Roster (2022 Fantasy Football),FantasyPros,SUPPLIED,7,Derek Brown,Rachaad White,RB,TB,WAIVER_ADD,UP,STRONG,REST_OF_SEASON,Rashad white ... catch a ton of passes over the last three games he's averaging almost eight touches per game over 40 total yards,8 touches per game receiving upside Panthers/Ravens schedule
2022,Week 7 Waivers & More W6 Game Reviews,Harris Football,2022-10-18,7,Christopher Harris,Jeff Erickson,QB,SUPPLIED,RANKING_ONLY,NEUTRAL,MODERATE,THIS_WEEK,assessing the waiver wire. Who are the adds and drops that can help your team get by? ... Guest: Jeff Erickson,Week 7 waiver adds/drops
2022,"Week 7 Waivers + Goose Talk, Full Stream Ahead - Fantasy Footballers Podcast",The Fantasy Footballers,2022-10-18,7,Andy Holloway,Matt Ryan,QB,IND,RANKING_ONLY,NEUTRAL,MODERATE,THIS_WEEK,"top waiver pickups at each position and players to consider dropping. Plus, QB Streamers",Week 7 waivers and streamers
2022,"Week 8 Waivers + Trade Talk, Full Stream Ahead | Fantasy Football 2022 - Ep. 1316",The Fantasy Footballers,SUPPLIED,8,Mike Wright,Travis Etienne Jr.,RB,JAX,BREAKOUT,UP,STRONG,REST_OF_SEASON,Travis CTN becomes their kind of Bell cow back ... confirmation of saying hey James thank you for your service we would rather have a pick next year,James Robinson trade Bell cow usage explosive ability
2022,"Week 8 Waivers + Trade Talk, Full Stream Ahead | Fantasy Football 2022 - Ep. 1316",The Fantasy Footballers,SUPPLIED,8,Andy Holloway,Gus Edwards,RB,BAL,WAIVER_ADD,UP,STRONG,REST_OF_SEASON,Gus Edwards 38 roster ... over the next month he's going to be the dude,JK Dobbins injury lead back role
2022,"Week 8 Waivers + Trade Talk, Full Stream Ahead | Fantasy Football 2022 - Ep. 1316",The Fantasy Footballers,SUPPLIED,8,Jason Moore,Greg Dulcich,TE,DEN,WAIVER_ADD,UP,STRONG,REST_OF_SEASON,my favorite is Greg dulcich ... nine targets which is the same as Courtland Sutton for Denver,9 targets athletic TE profile
2022,Week 8 Waivers - Find Me An RB! (Plus More W7 Film),Harris Football,2022-10-25,8,Christopher Harris,Scott Fish,QB,SUPPLIED,RANKING_ONLY,NEUTRAL,MODERATE,THIS_WEEK,Then we'll hit the waiver wire for Week 8 and hope to find you some shallow-league RB additions ... Guest: Scott Fish,Week 8 waiver wire RB focus
2023,17 Waiver Wire MUST Adds for Week 12 Who Can SAVE Your Fantasy Season 😱,Yahoo! Fantasy,SUPPLIED,Week 12,Justin Boone,Jacoby Brissett,QB,NE,WAIVER_ADD,UP,STRONG,THIS_WEEK,That's Jacobe Brassette That's the guy that I think everyone should be trying to get if you need help this week,50% rostered
2023,17 Waiver Wire MUST Adds for Week 12 Who Can SAVE Your Fantasy Season 😱,Yahoo! Fantasy,SUPPLIED,Week 12,Justin Boone,Bryce Young,QB,CAR,WAIVER_ADD,NEUTRAL,HEDGED,THIS_WEEK,Bryce Young if you think he can do what he did last week again then you definitely want to go get him I'm not so confident,matchup against 49ers
2023,17 Waiver Wire MUST Adds for Week 12 Who Can SAVE Your Fantasy Season 😱,Yahoo! Fantasy,SUPPLIED,Week 12,Justin Boone,Davis Mills,QB,HOU,WAIVER_ADD,NEUTRAL,HEDGED,THIS_WEEK,Like you could chase like Davis Mills who's going to play against the Bills,CJ Stroud injury
2023,17 Waiver Wire MUST Adds for Week 12 Who Can SAVE Your Fantasy Season 😱,Yahoo! Fantasy,SUPPLIED,Week 12,Justin Boone,Emanuel Wilson,RB,GB,WAIVER_ADD,UP,STRONG,THIS_WEEK,He is the must add in all formats because I think you're going to get at least one start out of him maybe a couple here,Josh Jacobs injury
2023,17 Waiver Wire MUST Adds for Week 12 Who Can SAVE Your Fantasy Season 😱,Yahoo! Fantasy,SUPPLIED,Week 12,Justin Boone,Chris Brooks,RB,GB,STASH,NEUTRAL,HEDGED,THIS_WEEK,In very deep leagues you could look at the rest of that backfield You could consider like a Chris Brooks potential flex play if Jacobs isn't out there,deep league flex if starter out
2023,17 Waiver Wire MUST Adds for Week 12 Who Can SAVE Your Fantasy Season 😱,Yahoo! Fantasy,SUPPLIED,Week 12,Justin Boone,Marshon Lloyd,RB,GB,STASH,NEUTRAL,HEDGED,REST_OF_SEASON,Even Marshon Lloyd who we brought up before he's an IR stash Get him throw him on IR see if he can come back at any point this season,IR stash
2023,17 Waiver Wire MUST Adds for Week 12 Who Can SAVE Your Fantasy Season 😱,Yahoo! Fantasy,SUPPLIED,Week 12,Justin Boone,Kenneth Gainwell,RB,PHI,WAIVER_ADD,UP,MODERATE,THIS_WEEK,So if Warren is out if Warren is limited Kenny Gainwell is in that RB2 conversation for fantasy,Jaylen Warren injury / 16 touches
2023,17 Waiver Wire MUST Adds for Week 12 Who Can SAVE Your Fantasy Season 😱,Yahoo! Fantasy,SUPPLIED,Week 12,Justin Boone,Caleb Johnson,RB,PHI,WAIVER_FADE,NEUTRAL,STRONG,REST_OF_SEASON,Caleb Johnson just a complete stash Don't if anyone wants to get too cute with this... He is still third and well behind Kenny Gainwell,behind Gainwell
2023,17 Waiver Wire MUST Adds for Week 12 Who Can SAVE Your Fantasy Season 😱,Yahoo! Fantasy,SUPPLIED,Week 12,Matt Harmon,Bhayshul Tuten,RB,JAX,WAIVER_ADD,UP,MODERATE,REST_OF_SEASON,Basil Tutin definitely the most interesting guy here to me... Toutton's really interesting because yeah he was kind of leading that backfield early on at least making it a split with Travis ETN,split with Etienne
2023,17 Waiver Wire MUST Adds for Week 12 Who Can SAVE Your Fantasy Season 😱,Yahoo! Fantasy,SUPPLIED,Week 12,Justin Boone,Devin Singletary,RB,NYG,WAIVER_ADD,NEUTRAL,MODERATE,REST_OF_SEASON,Devin Singleary just you know much further down a guy who's in a committee backfield but has been productive,committee backfield production
2023,17 Waiver Wire MUST Adds for Week 12 Who Can SAVE Your Fantasy Season 😱,Yahoo! Fantasy,SUPPLIED,Week 12,Justin Boone,Shawn Tucker,RB,TB,STASH,NEUTRAL,HEDGED,REST_OF_SEASON,Shawn Tucker is definitely in the column... It's just because Bucky looks like he's coming back soon,Bucky Irving replacement
2023,17 Waiver Wire MUST Adds for Week 12 Who Can SAVE Your Fantasy Season 😱,Yahoo! Fantasy,SUPPLIED,Week 12,Matt Harmon,Alec Pierce,WR,IND,WAIVER_ADD,UP,STRONG,REST_OF_SEASON,He would be the pickup if he's out there,115 yards 84 yards and TD
2023,17 Waiver Wire MUST Adds for Week 12 Who Can SAVE Your Fantasy Season 😱,Yahoo! Fantasy,SUPPLIED,Week 12,Justin Boone,Christian Watson,WR,GB,WAIVER_ADD,UP,MODERATE,REST_OF_SEASON,Christian Watson like a steady producer since he's returned from injury here,steady production
2023,17 Waiver Wire MUST Adds for Week 12 Who Can SAVE Your Fantasy Season 😱,Yahoo! Fantasy,SUPPLIED,Week 12,Matt Harmon,Michael Wilson,WR,ARI,WAIVER_ADD,UP,MODERATE,REST_OF_SEASON,Michael Wilson alltime game Not going to do that but I think worth adding,target upside
2023,17 Waiver Wire MUST Adds for Week 12 Who Can SAVE Your Fantasy Season 😱,Yahoo! Fantasy,SUPPLIED,Week 12,Matt Harmon,Darnell Mooney,WR,ATL,WAIVER_FADE,NEUTRAL,HEDGED,REST_OF_SEASON,Other than Darn Mooney I'm pretty suspicious about that one,suspicious of delivery
2023,17 Waiver Wire MUST Adds for Week 12 Who Can SAVE Your Fantasy Season 😱,Yahoo! Fantasy,SUPPLIED,Week 12,Justin Boone,Juwan Johnson,TE,NO,WAIVER_ADD,UP,STRONG,REST_OF_SEASON,Jawan Johnson is the one that like everyone should be going to get I would even bid heavily to try to get him on your team,de facto number two receiver with Shaheed out
2023,17 Waiver Wire MUST Adds for Week 12 Who Can SAVE Your Fantasy Season 😱,Yahoo! Fantasy,SUPPLIED,Week 12,Justin Boone,Colston Loveland,TE,MICH,WAIVER_ADD,NEUTRAL,HEDGED,REST_OF_SEASON,Coulson Loveland and Harold Fann Jr kind of like similar players right now where they're playing with another veteran tight end in their offense It's kind of limiting their upside,playing with veteran tight end
2023,17 Waiver Wire MUST Adds for Week 12 Who Can SAVE Your Fantasy Season 😱,Yahoo! Fantasy,SUPPLIED,Week 12,Justin Boone,Harold Fannin Jr.,TE,BGSU,WAIVER_ADD,NEUTRAL,HEDGED,REST_OF_SEASON,Coulson Loveland and Harold Fann Jr kind of like similar players right now,limiting upside with veteran tight end
2023,17 Waiver Wire MUST Adds for Week 12 Who Can SAVE Your Fantasy Season 😱,Yahoo! Fantasy,SUPPLIED,Week 12,Justin Boone,Brenton Strange,TE,JAX,WAIVER_ADD,UP,MODERATE,REST_OF_SEASON,Strange was one of their better pass catchers when he was out there and was good in the blocking game too So he could be on the field quite a bit,good pass catcher and blocking
2023,17 Waiver Wire MUST Adds for Week 12 Who Can SAVE Your Fantasy Season 😱,Yahoo! Fantasy,SUPPLIED,Week 12,Justin Boone,Chris Rodriguez Jr.,RB,WAS,SLEEPER,UP,MODERATE,REST_OF_SEASON,don't forget about Chris Rodriguez Jr just 12% rostered right now He's risen to the top of that commander backfield depth chart,increased touches in committee
2023,451: 15 Transactions for Week 12,The Late-Round Fantasy Football Podcast,SUPPLIED,Week 12,JJ Zachariason,Melvin Gordon,RB,DEN,WAIVER_FADE,DOWN,STRONG,REST_OF_SEASON,you have an opportunity to sell Melvin Gordon off of this big game go ahead and do it,bad usage in bad offense
2023,451: 15 Transactions for Week 12,The Late-Round Fantasy Football Podcast,SUPPLIED,Week 12,JJ Zachariason,James White,RB,NE,WAIVER_ADD,UP,STRONG,REST_OF_SEASON,if James White is on your waiver wire you should be adding him this week he's probably the top priority,Rex Burkhead ACL injury / 23.7% target share
2023,451: 15 Transactions for Week 12,The Late-Round Fantasy Football Podcast,SUPPLIED,Week 12,JJ Zachariason,Jamaal Williams,RB,GB,WAIVER_ADD,UP,MODERATE,REST_OF_SEASON,Williams has Flex Appeal but then he also has a lot of upside too if something were to happen to Aaron Jones,playoff schedule / Aaron Jones handcuff
2023,451: 15 Transactions for Week 12,The Late-Round Fantasy Football Podcast,SUPPLIED,Week 12,JJ Zachariason,Russell Gage,WR,ATL,WAIVER_ADD,UP,MODERATE,THIS_WEEK,if Jones misses time you should probably look to add Russell Gage because on Sunday he had 12 targets,Julio Jones hamstring injury
2023,451: 15 Transactions for Week 12,The Late-Round Fantasy Football Podcast,SUPPLIED,Week 12,JJ Zachariason,Jonathan Taylor,RB,IND,BUST,UP,HEDGED,REST_OF_SEASON,while this is mostly a hold transaction I do think that you could send an offer to those managers those frustrated managers and see if you can still buy low,high snap/efficiency metrics despite coaching usage
2023,451: 15 Transactions for Week 12,The Late-Round Fantasy Football Podcast,SUPPLIED,Week 12,JJ Zachariason,Jordan Wilkins,RB,IND,RANKING_ONLY,DOWN,STRONG,REST_OF_SEASON,Wilkins had just four carries when his three- game average before this game was 13,snaps dropped to 10%
2023,451: 15 Transactions for Week 12,The Late-Round Fantasy Football Podcast,SUPPLIED,Week 12,JJ Zachariason,Jacob Hollister,TE,SEA,WAIVER_ADD,UP,MODERATE,REST_OF_SEASON,I would prefer Hollister over disley because of their recent numbers Hollister has run more routes and he's seen more targets,Greg Olsen injury / target volume
2023,451: 15 Transactions for Week 12,The Late-Round Fantasy Football Podcast,SUPPLIED,Week 12,JJ Zachariason,Will Dissly,TE,SEA,RANKING_ONLY,NEUTRAL,HEDGED,REST_OF_SEASON,leaves Seattle's tight end situation to Hollister and will dley I guess both are sort of in play as ads but I would prefer Hollister,behind Hollister in routes/targets
2023,451: 15 Transactions for Week 12,The Late-Round Fantasy Football Podcast,SUPPLIED,Week 12,JJ Zachariason,Gus Edwards,RB,BAL,WAIVER_ADD,UP,MODERATE,THIS_WEEK,I would add Gus Edwards maybe get a start out of him maybe get rb2 production and kind of go from there,JK Dobbins and Mark Ingram COVID positive
2023,451: 15 Transactions for Week 12,The Late-Round Fantasy Football Podcast,SUPPLIED,Week 12,JJ Zachariason,Justice Hill,RB,BAL,STASH,UP,HEDGED,REST_OF_SEASON,and in deeper leagues you could also add Justice hill,Dobbins/Ingram COVID
2023,451: 15 Transactions for Week 12,The Late-Round Fantasy Football Podcast,SUPPLIED,Week 12,JJ Zachariason,Robbie Anderson,WR,CAR,BREAKOUT,UP,STRONG,REST_OF_SEASON,Anderson currently has a 27% Target share in the Carolina Panthers offense,27% target share
2023,451: 15 Transactions for Week 12,The Late-Round Fantasy Football Podcast,SUPPLIED,Week 12,JJ Zachariason,Denzel Mims,WR,NYJ,STASH,UP,MODERATE,REST_OF_SEASON,since week seven Mims has seen 32% 11% 33% and 29% of the Jets targets... if you're able to just stash someone he's not a terrible option,high target share trends
2023,Berry's early round draft strategies for 2023 | Fantasy Football Happy Hour | NFL on NBC,Fantasy Football Happy Hour,SUPPLIED,SUPPLIED,Matthew Berry,CeeDee Lamb,WR,DAL,RANKING_ONLY,UP,STRONG,REST_OF_SEASON,you had the back-to-back picks you said you felt comfortable with your wide receiver options here you take CD land followed by a Monroe Saint Brown,
2023,Berry's early round draft strategies for 2023 | Fantasy Football Happy Hour | NFL on NBC,Fantasy Football Happy Hour,SUPPLIED,SUPPLIED,Matthew Berry,Amon-Ra St. Brown,WR,DET,RANKING_ONLY,UP,STRONG,REST_OF_SEASON,you take CD land followed by a Monroe Saint Brown,
2023,Berry's early round draft strategies for 2023 | Fantasy Football Happy Hour | NFL on NBC,Fantasy Football Happy Hour,SUPPLIED,SUPPLIED,Matthew Berry,Rhamondre Stevenson,RB,NE,BREAKOUT,UP,STRONG,REST_OF_SEASON,romantic Stevenson was a top seven fantasy running back last year like again and so he's going I I'm with you I think the you and I are on the same page with Roger Stevenson J in terms of buying the dip,
2023,Berry's early round draft strategies for 2023 | Fantasy Football Happy Hour | NFL on NBC,Fantasy Football Happy Hour,SUPPLIED,SUPPLIED,Matthew Berry,Jahmyr Gibbs,RB,DET,BUST,DOWN,HEDGED,REST_OF_SEASON,Jamir Gibbs that strikes me is a little high for Jamir Gibbs especially in a half Point Pizza,half PPR format impact
2023,Berry's early round draft strategies for 2023 | Fantasy Football Happy Hour | NFL on NBC,Fantasy Football Happy Hour,SUPPLIED,SUPPLIED,Matthew Berry,David Montgomery,RB,DET,SLEEPER,UP,STRONG,REST_OF_SEASON,I actually think David Montgomery is the better value this year David Montgomery at cost over Jamir Gibbs,value at cost in half PPR
2023,"Do Jordan Love, Sam Howell provide value off waiver wire? | Fantasy Football Happy Hour | NFL on NBC",Fantasy Football Happy Hour,SUPPLIED,SUPPLIED,Matthew Berry,Jordan Love,QB,GB,WAIVER_ADD,UP,STRONG,REST_OF_SEASON,to me he's the best available quarterback that's available more than 50 percent of Yahoo leagues,passer rating leader / favorable schedule
2023,"Do Jordan Love, Sam Howell provide value off waiver wire? | Fantasy Football Happy Hour | NFL on NBC",Fantasy Football Happy Hour,SUPPLIED,SUPPLIED,Matthew Berry,Sam Howell,QB,WAS,WAIVER_ADD,UP,MODERATE,REST_OF_SEASON,future Hall of Famer Sam Howell in an ugly game against Arizona had two turnovers only one touchdown pass and yet was still a top 12 quarterback in week number one,rushing touchdown equity
2023,"Do Jordan Love, Sam Howell provide value off waiver wire? | Fantasy Football Happy Hour | NFL on NBC",Fantasy Football Happy Hour,SUPPLIED,SUPPLIED,Matthew Berry,Luke Musgrave,TE,GB,WAIVER_ADD,UP,MODERATE,REST_OF_SEASON,he led the team in routes run in week one he played on 75 percent of the offensive snaps and now he gets the Falcons,led team in routes / 75% snaps
2023,"Fantasy Podcast: RB breakouts, busts, and draft strategy | theScore",theScore Fantasy Football Podcast,2023-08-03,SUPPLIED,Justin Boone,Jonathan Taylor,RB,IND,BUST,DOWN,HEDGED,REST_OF_SEASON,"How risky are Jonathan Taylor, Josh Jacobs, and J.K. Dobbins?",
2023,"Fantasy Podcast: RB breakouts, busts, and draft strategy | theScore",theScore Fantasy Football Podcast,2023-08-03,SUPPLIED,Justin Boone,Josh Jacobs,RB,LV,BUST,DOWN,HEDGED,REST_OF_SEASON,"How risky are Jonathan Taylor, Josh Jacobs, and J.K. Dobbins?",
2023,"Fantasy Podcast: RB breakouts, busts, and draft strategy | theScore",theScore Fantasy Football Podcast,2023-08-03,SUPPLIED,Justin Boone,J.K. Dobbins,RB,BAL,BUST,DOWN,HEDGED,REST_OF_SEASON,"How risky are Jonathan Taylor, Josh Jacobs, and J.K. Dobbins?",
2023,"Fantasy Podcast: RB breakouts, busts, and draft strategy | theScore",theScore Fantasy Football Podcast,2023-08-03,SUPPLIED,Ian Hartitz,Breece Hall,RB,NYJ,BREAKOUT,UP,MODERATE,REST_OF_SEASON,What's the outlook for Breece Hall and Javonte Williams?,
2023,"Fantasy Podcast: RB breakouts, busts, and draft strategy | theScore",theScore Fantasy Football Podcast,2023-08-03,SUPPLIED,Ian Hartitz,Javonte Williams,RB,DEN,BREAKOUT,UP,MODERATE,REST_OF_SEASON,What's the outlook for Breece Hall and Javonte Williams?,
2023,"Fantasy Podcast: TE breakouts, busts, and draft strategy | theScore",theScore Fantasy Football Podcast,2023-08-10,SUPPLIED,Justin Boone,Darren Waller,TE,NYG,BREAKOUT,UP,STRONG,REST_OF_SEASON,TE breakouts,
2023,"Fantasy Podcast: TE breakouts, busts, and draft strategy | theScore",theScore Fantasy Football Podcast,2023-08-10,SUPPLIED,Andrew Erickson,Kyle Pitts,TE,ATL,BUST,DOWN,MODERATE,REST_OF_SEASON,TE busts,
2023,"Fantasy Podcast: Top waiver adds for Week 12, injury | theScore",theScore Fantasy Football Podcast,2023-11-20,Week 12,Justin Boone,De'Von Achane,RB,MIA,RANKING_ONLY,DOWN,HEDGED,REST_OF_SEASON,"Injury roundup - De'Von Achane, Aaron Jones, Kenneth Walker, Cooper Kupp, Geno Smith, etc.",injury management
2023,"Fantasy Podcast: Top waiver adds for Week 12, injury | theScore",theScore Fantasy Football Podcast,2023-11-20,Week 12,Justin Boone,Aaron Jones,RB,GB,RANKING_ONLY,DOWN,HEDGED,REST_OF_SEASON,"Injury roundup - De'Von Achane, Aaron Jones, Kenneth Walker, Cooper Kupp, Geno Smith, etc.",injury management
2023,"Fantasy Podcast: Top waiver adds for Week 12, injury | theScore",theScore Fantasy Football Podcast,2023-11-20,Week 12,Justin Boone,Kenneth Walker III,RB,SEA,RANKING_ONLY,DOWN,HEDGED,REST_OF_SEASON,"Injury roundup - De'Von Achane, Aaron Jones, Kenneth Walker, Cooper Kupp, Geno Smith, etc.",injury management
2023,"Fantasy Podcast: Top waiver adds for Week 12, injury | theScore",theScore Fantasy Football Podcast,2023-11-20,Week 12,Justin Boone,Cooper Kupp,WR,LAR,RANKING_ONLY,DOWN,HEDGED,REST_OF_SEASON,"Injury roundup - De'Von Achane, Aaron Jones, Kenneth Walker, Cooper Kupp, Geno Smith, etc.",injury management
2023,"Fantasy Podcast: Top waiver adds for Week 12, injury | theScore",theScore Fantasy Football Podcast,2023-11-20,Week 12,Justin Boone,Geno Smith,QB,SEA,RANKING_ONLY,DOWN,HEDGED,REST_OF_SEASON,"Injury roundup - De'Von Achane, Aaron Jones, Kenneth Walker, Cooper Kupp, Geno Smith, etc.",injury management
2023,"Fantasy Podcast: Top waiver adds for Week 8, injury roundup | theScore",theScore Fantasy Football Podcast,2023-10-23,Week 8,Justin Boone,Jalen Hurts,QB,PHI,RANKING_ONLY,NEUTRAL,HEDGED,REST_OF_SEASON,"Injury roundup - Jalen Hurts, Deshaun Watson, Bijan Robinson, Jerome Ford, Austin Ekeler, Saquon Barkley, Jaylen Waddle, Christian Watson, Luke Musgrave, etc.",injury management
2023,"Fantasy Podcast: Top waiver adds for Week 8, injury roundup | theScore",theScore Fantasy Football Podcast,2023-10-23,Week 8,Justin Boone,Deshaun Watson,QB,CLE,RANKING_ONLY,DOWN,HEDGED,REST_OF_SEASON,"Injury roundup - Jalen Hurts, Deshaun Watson, Bijan Robinson, Jerome Ford, Austin Ekeler, Saquon Barkley, Jaylen Waddle, Christian Watson, Luke Musgrave, etc.",shoulder injury
2023,"Fantasy Podcast: Top waiver adds for Week 8, injury roundup | theScore",theScore Fantasy Football Podcast,2023-10-23,Week 8,Justin Boone,Bijan Robinson,RB,ATL,RANKING_ONLY,NEUTRAL,HEDGED,REST_OF_SEASON,"Injury roundup - Jalen Hurts, Deshaun Watson, Bijan Robinson, Jerome Ford, Austin Ekeler, Saquon Barkley, Jaylen Waddle, Christian Watson, Luke Musgrave, etc.",headache/illness usage
2023,"Fantasy Podcast: Week 1 takeaways for every NFC team, top | theScore",theScore Fantasy Football Podcast,2023-09-11,Week 1,Justin Boone,J.K. Dobbins,RB,BAL,BUST,DOWN,STRONG,REST_OF_SEASON,"Injury roundup - JK Dobbins, Diontae Johnson, Jakobi Meyers, Aaron Jones, Anthony Richardson, Darnell Mooney, etc.",achilles injury
2023,"Fantasy Podcast: Week 1 takeaways for every NFC team, top | theScore",theScore Fantasy Football Podcast,2023-09-11,Week 1,Justin Boone,Puka Nacua,WR,LAR,WAIVER_ADD,UP,STRONG,REST_OF_SEASON,Week 2 waiver-wire adds,target dominance with Kupp out
2023,Fantasy: Waiver Wire - Week 10 | theScore,theScore,2023-11-06,Week 10,Justin Boone,Keaton Mitchell,RB,BAL,WAIVER_ADD,UP,MODERATE,REST_OF_SEASON,"Mitchell has missed most of the season due to injury, but in his limited playing time, he's added a new wrinkle to the Ravens' backfield as a lightning-quick runner",explosive speed
2023,Fantasy: Waiver Wire - Week 10 | theScore,theScore,2023-11-06,Week 10,Justin Boone,Michael Wilson,WR,ARI,WAIVER_ADD,UP,MODERATE,REST_OF_SEASON,"With Kyler Murray returning as the starter, Wilson is in a position to have a strong second half of the season and potentially emerge as a weekly WR4/flex with upside",Kyler Murray return
2023,Fantasy: Waiver Wire - Week 10 | theScore,theScore,2023-11-06,Week 10,Justin Boone,Luke Musgrave,TE,GB,WAIVER_ADD,UP,MODERATE,REST_OF_SEASON,Luke Musgrave... Next up at PIT,consistent target volume
2023,Fantasy: Waiver Wire - Week 11 | theScore,theScore,2023-11-13,Week 11,Justin Boone,Rondale Moore,WR,ARI,WAIVER_ADD,UP,MODERATE,REST_OF_SEASON,Wilson and Moore are worth picking up as their values are likely to increase with Murray at the helm,Kyler Murray return
2023,Fantasy: Waiver Wire - Week 11 | theScore,theScore,2023-11-13,Week 11,Justin Boone,Michael Wilson,WR,ARI,WAIVER_ADD,UP,MODERATE,REST_OF_SEASON,Wilson is a rookie who's posted at least 50 yards in half of his games so far,Kyler Murray return
2023,Fantasy: Waiver Wire - Week 14 | theScore,theScore,2023-12-04,Week 14,Justin Boone,Roschon Johnson,RB,CHI,WAIVER_ADD,UP,MODERATE,REST_OF_SEASON,Johnson saw his highest snap share of the year in Week 12 - taking the field for 74% of Chicago's plays,74% snap share
2023,Fantasy: Waiver Wire - Week 14 | theScore,theScore,2023-12-04,Week 14,Justin Boone,Elijah Moore,WR,CLE,WAIVER_ADD,UP,MODERATE,REST_OF_SEASON,Moore took advantage of having his former Jets' teammate Joe Flacco under center in Cleveland this week: He turned in his best stat line of the campaign with four receptions for 83 yards,chemistry with Joe Flacco
2023,Fantasy: Waiver Wire - Week 14 | theScore,theScore,2023-12-04,Week 14,Justin Boone,Isaiah Likely,TE,BAL,WAIVER_ADD,UP,STRONG,REST_OF_SEASON,The 23-year-old also ran a route on 83% of Lamar Jackson's dropbacks as he took over the bulk of the duties left behind by Mark Andrews,83% route participation with Andrews out
2023,Fantasy: Waiver Wire - Week 2 | theScore,theScore,2023-09-11,Week 2,Justin Boone,Jordan Love,QB,GB,WAIVER_ADD,UP,STRONG,REST_OF_SEASON,The 24-year-old passer threw for 245 yards and three touchdowns while rushing for another 12 yards on the ground. He'll finish the week as a top-five fantasy quarterback,245 yds 3 TDs
2023,Fantasy: Waiver Wire - Week 2 | theScore,theScore,2023-09-11,Week 2,Justin Boone,Tutu Atwell,WR,LAR,WAIVER_ADD,UP,MODERATE,THIS_WEEK,He now has the path to emerge as a WR4/flex in the first month,Kupp injury opportunity
2023,Fantasy: Waiver Wire - Week 2 | theScore,theScore,2023-09-11,Week 2,Justin Boone,Puka Nacua,WR,LAR,WAIVER_ADD,UP,STRONG,REST_OF_SEASON,Nacua is a fifth-round rookie who earned a ton of praise this offseason and now looks like Stafford's favorite target until Kupp returns,Stafford's favorite target
2023,Fantasy: Waiver Wire - Week 4 | theScore,theScore,2023-09-25,Week 4,Justin Boone,C.J. Stroud,QB,HOU,WAIVER_ADD,UP,MODERATE,REST_OF_SEASON,C.J. Stroud Next Up vs. PIT 20% Rostered $1 FAB,strong rookie development
2023,Fantasy: Waiver Wire - Week 4 | theScore,theScore,2023-09-25,Week 4,Justin Boone,Tank Dell,WR,HOU,WAIVER_ADD,UP,STRONG,REST_OF_SEASON,Tank Dell Next Up vs. PIT 31% Rostered $49 FAB,rookie target share surge
2023,Fantasy: Waiver Wire - Week 5 | theScore,theScore,2023-10-02,Week 5,Justin Boone,Sam Howell,QB,WAS,WAIVER_ADD,UP,MODERATE,THIS_WEEK,The 23-year-old just notched his third top-13 weekly fantasy finish on the season in an overtime loss to the Eagles,soft Bears matchup
2023,Fantasy: Waiver Wire - Week 5 | theScore,theScore,2023-10-02,Week 5,Justin Boone,Jaleel McLaughlin,RB,DEN,WAIVER_ADD,UP,MODERATE,REST_OF_SEASON,"If Williams misses time, McLaughlin could be an unexpected low-end RB2 in fantasy since he's more dynamic than the veteran Perine",Javonte Williams injury
2023,Fantasy: Waiver Wire - Week 5 | theScore,theScore,2023-10-02,Week 5,Justin Boone,Tyler Boyd,WR,CIN,WAIVER_ADD,UP,MODERATE,THIS_WEEK,"Boyd will see his target share grow, giving him weekly WR3/flex value for however long Higgins is sidelined",Tee Higgins rib injury
2023,Fantasy: Waiver Wire - Week 6 | theScore,theScore,2023-10-09,Week 6,Justin Boone,Sam Howell,QB,WAS,WAIVER_ADD,UP,MODERATE,REST_OF_SEASON,"While the process isn't always pretty, Howell's results have been solid - including finishing as QB13 or better in four of his five outings",soft upcoming schedule
2023,Fantasy: Waiver Wire - Week 6 | theScore,theScore,2023-10-09,Week 6,Justin Boone,Jeff Wilson Jr.,RB,MIA,WAIVER_ADD,UP,MODERATE,REST_OF_SEASON,"While the star rookie is on the sidelines, Raheem Mostert would be the feature back and a fringe RB1 for fantasy, with Wilson returning as a complementary grinder alongside him",De'Von Achane injury
2023,Fantasy: Waiver Wire - Week 6 | theScore,theScore,2023-10-09,Week 6,Justin Boone,Emari Demercado,RB,ARI,WAIVER_ADD,UP,MODERATE,THIS_WEEK,Demercado is the next man up after handling the No. 2 role while Keaontay Ingram has been out with a neck injury,James Conner injury
2023,"Good Vibes, Bad Vibes + Waiver Strategy Talk | Fantasy Football 2023 - Ep. 1449",The Fantasy Footballers,2023-08-29,SUPPLIED,The Fantasy Footballers,Alfred Morris,RB,WAS,SLEEPER,UP,MODERATE,REST_OF_SEASON,"He might not be a superstar, but he will absolutely be relevant",utilization in passing game
2023,Halloween Show + Week 9 Waivers! | Fantasy Football 2023 - Ep. 1493,The Fantasy Footballers,2023-10-31,Week 9,The Fantasy Footballers,Zach Charbonnet,RB,SEA,WAIVER_ADD,UP,MODERATE,REST_OF_SEASON,"So I'll jump in my top name this week. It is Zach Charbonnet, rookie of the Seattle Seahawks",Kenneth Walker timeshare / injury
2023,Halloween Show + Week 9 Waivers! | Fantasy Football 2023 - Ep. 1493,The Fantasy Footballers,2023-10-31,Week 9,The Fantasy Footballers,Darrell Henderson,RB,LAR,WAIVER_ADD,UP,STRONG,THIS_WEEK,For me it's Darrell Henderson... three for 54 in the passing game last week,receiving work and goal line role
2023,Halloween Show + Week 9 Waivers! | Fantasy Football 2023 - Ep. 1493,The Fantasy Footballers,2023-10-31,Week 9,The Fantasy Footballers,Jahan Dotson,WR,WAS,WAIVER_ADD,UP,STRONG,REST_OF_SEASON,John Dodson 10 targets 8 for 108 almost a 20% target show over the last two weeks,20% target share surge
2023,Halloween Show + Week 9 Waivers! | Fantasy Football 2023 - Ep. 1493,The Fantasy Footballers,2023-10-31,Week 9,The Fantasy Footballers,Demario Douglas,WR,NE,WAIVER_ADD,UP,STRONG,REST_OF_SEASON,I'm super in on DiMario Douglas I really do like I might take him over to John Dodson the drumbeat for him has been excellent,Kendrick Bourne ACL injury
2023,Halloween Show + Week 9 Waivers! | Fantasy Football 2023 - Ep. 1493,The Fantasy Footballers,2023-10-31,Week 9,The Fantasy Footballers,Trey McBride,TE,ARI,WAIVER_ADD,UP,STRONG,REST_OF_SEASON,Trey McBride is a is an absolute must pick up at this point based off of what he did in his first game with no Zachards,Zach Ertz departure / target volume
2023,Late-Round Players We Love & Jonathan Taylor's Fate,LateRound.com / Harris Football,2023-08-30,SUPPLIED,JJ Zachariason,Jonathan Taylor,RB,IND,BUST,DOWN,HEDGED,REST_OF_SEASON,Jonathan Taylor apparently will not play in September and perhaps beyond that,contract and injury holdout
2023,"Live PPR Mock Draft | Fantasy Football Pick-by-Pick Strategy | Sleepers, Studs and Busts (2023)",FantasyPros,SUPPLIED,SUPPLIED,Andrew Erickson,Zach Charbonnet,RB,SEA,SLEEPER,UP,MODERATE,REST_OF_SEASON,Zack Chardonnay at the 908 uh another nice selection here because Chardonnay certainly has big time upside,volume and talent upside
2023,"Live PPR Mock Draft | Fantasy Football Pick-by-Pick Strategy | Sleepers, Studs and Busts (2023)",FantasyPros,SUPPLIED,SUPPLIED,Joe Pisapia,Anthony Richardson,QB,IND,SLEEPER,UP,STRONG,REST_OF_SEASON,I think Anthony Richardson has top five type of upside I have messed my qb10 this year it's all rushing rushing rushing guys,rushing upside
2023,Players For 2023 We're Worried We Might Be Wrong About,Harris Football,2023-08-29,SUPPLIED,Christopher Harris,Jonathan Taylor,RB,IND,BUST,DOWN,HEDGED,REST_OF_SEASON,"we look at players we aren't changing our takes on, but we understand how those takes could come back to bite us",contract/injury risk
2023,"Preseason Week 1 Recap: Fantasy Winners, Losers & Risers",Yahoo! Fantasy,SUPPLIED,SUPPLIED,Matt Harmon,Jalen Waddle,WR,MIA,RANKING_ONLY,UP,STRONG,REST_OF_SEASON,gets traded for a high draft pick uh and now is going to be the figurehead of their passing attack,
2023,"Preseason Week 1 Recap: Fantasy Winners, Losers & Risers",Yahoo! Fantasy,SUPPLIED,SUPPLIED,Matt Harmon,DJ Moore,WR,CHI,SLEEPER,UP,STRONG,REST_OF_SEASON,I'm buying more and I like the usage you know though we saw I mean the rotation maybe that's a thing,usage in space
2023,"Smith, Ferguson lead Berry's Week 5 TE waiver adds | Fantasy Football Happy Hour | NFL on NBC",NFL on NBC,SUPPLIED,Week 5,Matthew Berry,Jake Ferguson,TE,DAL,WAIVER_ADD,UP,STRONG,REST_OF_SEASON,Ferguson's available in about 47% of league so you know it's borderline there but he's had at least seven Targets in three four games,at least 7 targets per game
2023,"Smith, Ferguson lead Berry's Week 5 TE waiver adds | Fantasy Football Happy Hour | NFL on NBC",NFL on NBC,SUPPLIED,Week 5,Matthew Berry,Logan Thomas,TE,WAS,WAIVER_ADD,UP,MODERATE,THIS_WEEK,Logan Thomas has the Bears this week he's fully healthy he's part of that offense,Bears matchup / health
2023,Super-Deep Sleepers Part 2 - And WARP ZONE Players,Harris Football,2023-08-25,SUPPLIED,Christopher Harris,Cousin Josh,RB,NFL,SLEEPER,UP,MODERATE,REST_OF_SEASON,"deep sleepers for fantasy football in 2023: players you really probably shouldn't draft in a regular 12-team, 16-round league, but who could wind up making an impact",deep waiver targets
2023,Top 10 Waiver Wire Pickups for Week 15 (2023 Fantasy Football),FantasyPros,SUPPLIED,Week 15,Tara Roberts,Zamir White,RB,LV,WAIVER_ADD,UP,HEDGED,THIS_WEEK,zamir white just barely made the list and there's a reason for that the reason is that white hasn't shown himself to be a high upside handcuff,Josh Jacobs injury handcuff
2023,Top 10 Waiver Wire Pickups for Week 15 (2023 Fantasy Football),FantasyPros,SUPPLIED,Week 15,Tara Roberts,Isaiah Likely,TE,BAL,WAIVER_ADD,UP,STRONG,REST_OF_SEASON,likely caught five of his seven targets for 83 yards and one touchdown likely might not be Mark Andrews but he is the clear tight end one in an offense that ensures the tight end has a dominant role,clear TE1 with Andrews out
2023,Top 10 Waiver Wire Pickups for Week 3 (2023 Fantasy Football),FantasyPros,SUPPLIED,Week 3,Tara Roberts,Matt Breida,RB,NYG,WAIVER_ADD,NEUTRAL,HEDGED,THIS_WEEK,if Barclays ankle injury keeps him out multiple games Brita would be the next man up,Saquon Barkley ankle injury
2023,Top 10 Waiver Wire Pickups for Week 3 (2023 Fantasy Football),FantasyPros,SUPPLIED,Week 3,Tara Roberts,Jordan Love,QB,GB,WAIVER_ADD,UP,MODERATE,REST_OF_SEASON,Jordan love has given us two straight performances of 20 plus fantasy points and a total of six passing touchdowns with zero interceptions,20+ pts in consecutive weeks
2023,Top 10 Waiver Wire Pickups for Week 3 (2023 Fantasy Football),FantasyPros,SUPPLIED,Week 3,Tara Roberts,Tank Dell,WR,HOU,WAIVER_ADD,UP,STRONG,REST_OF_SEASON,Dell had seven receptions on a team-high target of 10 for 72 yards and a touchdown,target share expansion
2023,Top 10 Waiver Wire Pickups for Week 3 (2023 Fantasy Football),FantasyPros,SUPPLIED,Week 3,Tara Roberts,Jaden Reed,WR,GB,WAIVER_ADD,UP,MODERATE,REST_OF_SEASON,Jaden Reed had himself a day on Sunday with four receptions on eight targets for 37 yards and two touchdowns,rookie breakout / Watson out
2023,Top 10 Waiver Wire Pickups for Week 3 (2023 Fantasy Football),FantasyPros,SUPPLIED,Week 3,Tara Roberts,Josh Reynolds,WR,DET,WAIVER_ADD,UP,MODERATE,REST_OF_SEASON,Reynolds is absolutely the wide receiver two in this offense and that honestly makes him a weekly Flex option,WR2 in high powered offense
2023,Top 10 Waiver Wire Pickups for Week 3 (2023 Fantasy Football),FantasyPros,SUPPLIED,Week 3,Tara Roberts,Tyjae Spears,RB,TEN,HANDCUFF,UP,STRONG,REST_OF_SEASON,Spears is the direct handcuff in an offense that is run heavy and he has looked excellent,direct Henry handcuff / efficiency
2023,Top 10 Waiver Wire Pickups for Week 3 (2023 Fantasy Football),FantasyPros,SUPPLIED,Week 3,Tara Roberts,Zack Moss,RB,IND,WAIVER_ADD,UP,STRONG,THIS_WEEK,Zack Moss's performance this week came as no surprise... Moss had 18 carries for 88 yards and one rushing touchdown plus four receptions for 19 yards,rb1 role while Taylor out
2023,Top 10 Waiver Wire Pickups for Week 5 (2023 Fantasy Football),FantasyPros,SUPPLIED,Week 5,Tara Roberts,Trey Palmer,WR,TB,STASH,UP,HEDGED,REST_OF_SEASON,now is a good time to grab Palmer because no one is going to be grabbing him and it's just going to be a free ad that you can hold,Mike Evans hamstring injury
2023,Top 10 Waiver Wire Pickups for Week 5 (2023 Fantasy Football),FantasyPros,SUPPLIED,Week 5,Tara Roberts,Curtis Samuel,WR,WAS,WAIVER_ADD,UP,MODERATE,THIS_WEEK,Samuel has had a consistently strong snap count and there are some very juicy matchups ahead over the next month,favorable upcoming schedule
2023,Top 10 Waiver Wire Pickups for Week 5 (2023 Fantasy Football),FantasyPros,SUPPLIED,Week 5,Tara Roberts,Chuba Hubbard,RB,CAR,HANDCUFF,UP,MODERATE,REST_OF_SEASON,Hubbard had 14 carries for 41 yards and two receptions... Hubbard's carries were definitely the result of some limitations around Sanders,Miles Sanders groin injury
2023,Top 10 Waiver Wire Pickups for Week 5 (2023 Fantasy Football),FantasyPros,SUPPLIED,Week 5,Tara Roberts,Tyjae Spears,RB,TEN,HANDCUFF,UP,STRONG,REST_OF_SEASON,Spears is a strong handcuff with Standalone value in good matchups,standalone + handcuff value
2023,Top 10 Waiver Wire Pickups for Week 5 (2023 Fantasy Football),FantasyPros,SUPPLIED,Week 5,Tara Roberts,Michael Wilson,WR,ARI,STASH,UP,MODERATE,REST_OF_SEASON,Wilson emerged on Sunday with a big performance catching all seven of his targets for 76 yards and two touchdowns,7 targets 2 TDs breakout
2023,Top 10 Waiver Wire Pickups for Week 5 (2023 Fantasy Football),FantasyPros,SUPPLIED,Week 5,Tara Roberts,Tyler Boyd,WR,CIN,WAIVER_ADD,UP,MODERATE,THIS_WEEK,Tyler Boyd will step up as the wide receiver two... Boyd is a good pickup if Higgins is going to miss multiple weeks,Tee Higgins rib fracture
2023,Top 10 Waiver Wire Pickups for Week 5 (2023 Fantasy Football),FantasyPros,SUPPLIED,Week 5,Tara Roberts,Jaleel McLaughlin,RB,DEN,WAIVER_ADD,UP,STRONG,THIS_WEEK,Jalil McLaughlin could legitimately be the rb1 in this offense if Devonte Williams is out next week,Javonte Williams injury
2023,Top 10 Waiver Wire Pickups for Week 5 (2023 Fantasy Football),FantasyPros,SUPPLIED,Week 5,Tara Roberts,C.J. Stroud,QB,HOU,WAIVER_ADD,UP,STRONG,REST_OF_SEASON,CJ Stroud is the real deal he was number three on my waiver wire last week and now he is again,rookie QB passing volume
2023,Top 10 Waiver Wire Pickups for Week 5 (2023 Fantasy Football),FantasyPros,SUPPLIED,Week 5,Tara Roberts,Jameson Williams,WR,DET,STASH,UP,HEDGED,REST_OF_SEASON,the pure upside makes him a must add and you have to do it now,suspension reduced / high upside
2023,Top 10 Waiver Wire Pickups for Week 5 (2023 Fantasy Football),FantasyPros,SUPPLIED,Week 5,Tara Roberts,Romeo Doubs,WR,GB,WAIVER_ADD,UP,STRONG,REST_OF_SEASON,Romeo Dobbs has been his primary target love is spreading the ball around,primary Jordan Love target
2023,Top 10 Waiver Wire Pickups for Week 9 (2023 Fantasy Football),FantasyPros,SUPPLIED,Week 9,Tara Roberts,Khalil Shakir,WR,BUF,WAIVER_ADD,UP,MODERATE,REST_OF_SEASON,Shakir called all six of his targets for 92 yards and that was in a game where both Stefon digs and Gabe Davis each caught nine of 12 targets a piece,Dawson Knox IR / slot role
2023,Top 10 Waiver Wire Pickups for Week 9 (2023 Fantasy Football),FantasyPros,SUPPLIED,Week 9,Tara Roberts,Rashid Shaheed,WR,NO,WAIVER_ADD,UP,MODERATE,REST_OF_SEASON,Shahed caught all three of his Targets this week for 153 yards in one touchdown,big play receiver upside
2023,Top 10 Waiver Wire Pickups for Week 9 (2023 Fantasy Football),FantasyPros,SUPPLIED,Week 9,Tara Roberts,Demario Douglas,WR,NE,WAIVER_ADD,UP,MODERATE,REST_OF_SEASON,Demario Douglas has leaped frog both Juju Smith Shuster and Devonte Parker,Kendrick Bourne injury / target share
2023,Top 10 Waiver Wire Pickups for Week 9 (2023 Fantasy Football),FantasyPros,SUPPLIED,Week 9,Tara Roberts,Emari Demercado,RB,ARI,WAIVER_ADD,UP,STRONG,THIS_WEEK,Amari D marcard is the RB one for Arizona and he is worthy of a roster,James Conner IR / 20 carries
2023,Top 10 Waiver Wire Pickups for Week 9 (2023 Fantasy Football),FantasyPros,SUPPLIED,Week 9,Tara Roberts,Will Levis,QB,TEN,WAIVER_ADD,UP,MODERATE,REST_OF_SEASON,19 completions on 29 attempts for 238 yards and four touchdowns no interceptions he made DeAndre Hopkins look incredible,4 TD debut
2023,Top 10 Waiver Wire Pickups for Week 9 (2023 Fantasy Football),FantasyPros,SUPPLIED,Week 9,Tara Roberts,Taysom Hill,TE,NO,WAIVER_ADD,UP,MODERATE,REST_OF_SEASON,he was used as a gadget and had one completion for 44 yards and nine carries for 63 yards and two touchdowns,rushing/gadget TD equity
2023,Top 10 Waiver Wire Pickups for Week 9 (2023 Fantasy Football),FantasyPros,SUPPLIED,Week 9,Tara Roberts,Trey McBride,TE,ARI,WAIVER_ADD,UP,STRONG,REST_OF_SEASON,McBride had 10 receptions on 14 targets for 95 yards and a touchdown,Zach Ertz IR / 14 targets
2023,Tyjae Spears is a Top STASH off the Fantasy Football Waiver Wire,Roto Street Journal,SUPPLIED,SUPPLIED,UNATTRIBUTED,Tyjae Spears,RB,TEN,STASH,UP,STRONG,REST_OF_SEASON,you're really picking up Spears for that Elite handcuff upside to beat the rush,elite handcuff upside behind Henry
2023,Unbuzzed-About Players & Superflex and No-TE Draft Strategies,Harris Football,2023-08-28,SUPPLIED,Christopher Harris,Sigmund Bloom,RB,NFL,SLEEPER,UP,MODERATE,REST_OF_SEASON,unbuzzed-about players... quiet Augusts... might not be front of mind when your draft day arrives,undervalued draft targets
2023,Waiver Wire Analysis: Week 1 | Establish The Run,Establish The Run,2023-09-04,Week 1,Sam Sherman,Rashod Bateman,WR,BAL,WAIVER_ADD,UP,STRONG,REST_OF_SEASON,Bateman is my favorite of the three at his ADP. I'm shocked he's readily available in 83% of ESPN leagues on waivers,Lamar Jackson WR1 / Todd Monken scheme
2023,Waiver Wire Analysis: Week 11 | Establish The Run,Establish The Run,2023-11-14,Week 11,Sam Sherman,Keaton Mitchell,RB,BAL,WAIVER_ADD,UP,STRONG,REST_OF_SEASON,Mitchell still has the potential to emerge as a boom-bust RB2 in the Ravens' offense,explosive play ability
2023,Waiver Wire Analysis: Week 11 | Establish The Run,Establish The Run,2023-11-14,Week 11,Sam Sherman,Demario Douglas,WR,NE,WAIVER_ADD,UP,STRONG,REST_OF_SEASON,"Douglas has run 82% of routes and seen 23% of the Patriots' targets, averaging 11 fantasy points per game",23% target share
2023,Waiver Wire Analysis: Week 3 | Establish The Run,Establish The Run,2023-09-19,Week 3,Sam Sherman,Jerome Ford,RB,CLE,WAIVER_ADD,UP,STRONG,REST_OF_SEASON,Jerome Ford... is in line to receive the bulk of the work going forward in Cleveland,Nick Chubb season-ending injury
2023,Waiver Wire Analysis: Week 4 | Establish The Run,Establish The Run,SUPPLIED,Week 4,Ryan Reynolds,Jamaal Williams,RB,NO,WAIVER_ADD,UP,MODERATE,THIS_WEEK,"Already possessing standalone value prior to D'Andre Swift's injury, Jamaal Williams is a valuable waiver wire pickup",standalone value / Swift injury
2023,Waiver Wire Analysis: Week 5 | Establish The Run,Establish The Run,SUPPLIED,Week 5,Ryan Reynolds,Tyler Allgeier,RB,ATL,WAIVER_ADD,UP,MODERATE,REST_OF_SEASON,positioning rookie Tyler Allgeier to lead Atlanta's backfield,Cordarrelle Patterson injury
2023,Waiver Wire Analysis: Week 6 | Establish The Run,Establish The Run,2021-10-12,Week 6,Ryan Reynolds,Tyjae Spears,RB,TEN,WAIVER_ADD,UP,STRONG,REST_OF_SEASON,Spears is quickly taking over Tim Patrick's role in my waiver-wire column as a player who continues to shine,50% snap share / Henry handcuff
2023,Waiver Wire Week 10: Must-Add Players (2023 Fantasy Football),Establish The Run,SUPPLIED,Week 10,Adam Levitan,Rico Dowdle,RB,DAL,STASH,UP,MODERATE,REST_OF_SEASON,prioritize those running backs for one injury away and then I do have on this list guys like Rico D,Tony Pollard inefficiency / handcuff
2023,Waiver Wire Week 10: Must-Add Players (2023 Fantasy Football),Establish The Run,SUPPLIED,Week 10,Sam Sherman,Ty Chandler,RB,MIN,STASH,UP,MODERATE,REST_OF_SEASON,Chandler now steps up into the rb2 role in Minnesota we saw him in that role earlier this season before the Vikings traded for Acres,Cam Akers Achilles injury
2023,Waiver Wire Week 2: Must-Add Players (2023 Fantasy Football),Establish The Run,SUPPLIED,Week 2,Adam Levitan,Kenneth Gainwell,RB,PHI,WAIVER_ADD,UP,STRONG,REST_OF_SEASON,Kenny gainwell took control of the backfield in week one,lead back role in Week 1
2023,Waiver Wire Week 2: Must-Add Players (2023 Fantasy Football),Establish The Run,SUPPLIED,Week 2,Sam Sherman,Puka Nacua,WR,LAR,WAIVER_ADD,UP,STRONG,REST_OF_SEASON,puka seems like a very high odds guy of doing that over the season,Kupp injury / target dominance
2023,"Week 10 Waiver Wire | Players To Target, Drop, and Trade (2023 Fantasy Football)",FantasyPros,SUPPLIED,Week 10,Derrick Brown,Demario Douglas,WR,NE,WAIVER_ADD,UP,STRONG,REST_OF_SEASON,we think that he is going to have a good second half of the Season be a steady Flex kind of guy in full P PPR,target volume in NE passing game
2023,"Week 10 Waiver Wire | Players To Target, Drop, and Trade (2023 Fantasy Football)",FantasyPros,SUPPLIED,Week 10,Joe Pisapia,Keaton Mitchell,RB,BAL,WAIVER_ADD,UP,MODERATE,REST_OF_SEASON,Keat Mitchell honestly another guy to to add certainly,200 yards on 14 touches
2023,"Week 11 Waiver Wire | Players To Target, Drop, and Trade (2023 Fantasy Football)",FantasyPros,SUPPLIED,Week 11,Derrick Brown,Ty Chandler,RB,MIN,WAIVER_ADD,UP,STRONG,THIS_WEEK,Chandler could get a bigger workload here with the concussion protocol situation for Madison,15 carries 45 yards TD / Mattison concussion
2023,"Week 11 Waiver Wire | Players To Target, Drop, and Trade (2023 Fantasy Football)",FantasyPros,SUPPLIED,Week 11,Derrick Brown,Keaton Mitchell,RB,BAL,WAIVER_ADD,UP,STRONG,REST_OF_SEASON,over the last two weeks that man has 200 total yards on 14 touches... forced 12 Miss tackles,200 yards 12 missed tackles forced
2023,Week 11 Waivers & QB Streamers + Honeypot Players | Fantasy Football 2023 - Ep. 1503,The Fantasy Footballers,2023-11-14,Week 11,Andy Holloway,Devin Singletary,RB,HOU,WAIVER_ADD,UP,STRONG,THIS_WEEK,this week I would rather start Devin Singletary than Keaton Mitchell,career high performance / Dameon Pierce out
2023,Week 11 Waivers & QB Streamers + Honeypot Players | Fantasy Football 2023 - Ep. 1503,The Fantasy Footballers,2023-11-14,Week 11,Mike Wright,Ty Chandler,RB,MIN,WAIVER_ADD,UP,MODERATE,THIS_WEEK,For this week I would rank them Devin Singletary at the top. Then I would go Ty Chandler over Keaton Mitchell,Mattison concussion / starter role
2023,Week 11 Waivers & QB Streamers + Honeypot Players | Fantasy Football 2023 - Ep. 1503,The Fantasy Footballers,2023-11-14,Week 11,Jason Moore,Christian Watson,WR,GB,WAIVER_FADE,DOWN,STRONG,REST_OF_SEASON,"Christian Watson, I would happily drop. Yeah. He's a honeypot, drop him onto the waiver wire",inefficient production
2023,Week 12 Waiver Wire Pickups | Must-Have Players to Add to Your Roster (2023 Fantasy Football),FantasyPros,SUPPLIED,Week 12,Derrick Brown,Zach Charbonnet,RB,SEA,WAIVER_ADD,UP,STRONG,REST_OF_SEASON,at this point you're at the edge the precipice of the fantasy playoffs at that point you could have Zack shanet who has multi-week of viability as an 80% snap running back,Kenneth Walker oblique injury / 85% snaps
2023,Week 12 Waiver Wire Pickups | Must-Have Players to Add to Your Roster (2023 Fantasy Football),FantasyPros,SUPPLIED,Week 12,Pat Fitzmaurice,Ty Chandler,RB,MIN,WAIVER_ADD,UP,MODERATE,REST_OF_SEASON,I could see Chandler forcing a share I don't think it's going to be a full-scale takeover but I do think we're going to see a significant role for Chandler,Alexander Mattison fumble/inefficiency
2023,Week 13 Waiver Wire Pickups | Must-Have Players to Add to Your Roster (2023 Fantasy Football),FantasyPros,SUPPLIED,Week 13,Derrick Brown,Pat Freiermuth,TE,PIT,WAIVER_ADD,UP,STRONG,REST_OF_SEASON,wheels up for Pat frth... 6.2 yards per play... plays better without Matt Canada,Matt Canada fired / target share
2023,Week 13 Waiver Wire Pickups | Must-Have Players to Add to Your Roster (2023 Fantasy Football),FantasyPros,SUPPLIED,Week 13,Pat Fitzmaurice,Ty Chandler,RB,MIN,WAIVER_ADD,UP,MODERATE,REST_OF_SEASON,Chandler does have Standalone value right now You can Flex him the way the Vikings have used him the last two weeks,standalone flex value / passing game use
2023,"Week 13 Waivers & QB Streamers + JTT Troubles, Crazy Like a Fox! | Fantasy Football 2023 - Ep. 1511",The Fantasy Footballers,2023-11-28,Week 13,Andy Holloway,Jeff Wilson Jr.,RB,MIA,WAIVER_ADD,UP,MODERATE,THIS_WEEK,"Jeff Wilson against the Washington Manders got enough run last week, looked good, looked healthy",spot start value / Mostert Achane situation
2023,"Week 13 Waivers & QB Streamers + JTT Troubles, Crazy Like a Fox! | Fantasy Football 2023 - Ep. 1511",The Fantasy Footballers,2023-11-28,Week 13,Mike Wright,Zack Moss,RB,IND,WAIVER_ADD,UP,STRONG,REST_OF_SEASON,New number one waiver wire pickup. Hold on... Zack Moss,Jonathan Taylor thumb injury
2023,Week 14 Must Add Waiver Wire Players To Target - 2023 Fantasy Football Advice,The Fantasy Headliners,SUPPLIED,Week 14,UNATTRIBUTED,Tyjae Spears,RB,TEN,WAIVER_ADD,UP,STRONG,THIS_WEEK,if you own Derrik Henry you should own Spears as well... given the volume just by itself he could be a decent start this week,Derrick Henry concussion protocol
2023,Week 14 Must Add Waiver Wire Players To Target - 2023 Fantasy Football Advice,The Fantasy Headliners,SUPPLIED,Week 14,UNATTRIBUTED,Elijah Moore,WR,CLE,WAIVER_ADD,UP,MODERATE,REST_OF_SEASON,Elijah Moore at worst will be the number two Target in this offense if Joe Flaco was going to be the quarterback,Amari Cooper concussion / Flacco QB
2023,Week 14 Waivers & QB Streamers + Droppable Players | Fantasy Football 2023 - Ep. 1516,The Fantasy Footballers,2023-12-05,Week 14,Mike Wright,Ezekiel Elliott,RB,NE,WAIVER_ADD,UP,STRONG,THIS_WEEK,Ezekiel Elliott he's gonna have the opportunity with Rhamondre expected to miss a few weeks,Rhamondre Stevenson injury
2023,Week 14 Waivers & QB Streamers + Droppable Players | Fantasy Football 2023 - Ep. 1516,The Fantasy Footballers,2023-12-05,Week 14,Andy Holloway,Terry McLaurin,WR,WAS,WAIVER_FADE,DOWN,STRONG,REST_OF_SEASON,Terry McClourn I'm a chlorine is a really interesting he's a drop full drop for me,zero targets / schedule
2023,Week 2 Waiver Wire & More W1 Film Including Rodgers Injury,Harris Football,2023-09-12,Week 2,Christopher Harris,Garrett Wilson,WR,NYJ,BUST,DOWN,STRONG,REST_OF_SEASON,Rodgers suffered a potential season-ending injury after just four plays... film review,Aaron Rodgers injury
2023,Week 2 Waiver Wire Pickups | Must-Have Players to Add to Your Roster (2023 Fantasy Football),FantasyPros,SUPPLIED,Week 2,Joe Pisapia,Justice Hill,RB,BAL,WAIVER_ADD,UP,MODERATE,REST_OF_SEASON,Justice Hill who is 0% rostered over on sleeper and Gus Edwards who is 20% rostered on sleeper those are the two big Targets this week,JK Dobbins Achilles injury
2023,Week 2 Waiver Wire Pickups | Must-Have Players to Add to Your Roster (2023 Fantasy Football),FantasyPros,SUPPLIED,Week 2,Joe Pisapia,Gus Edwards,RB,BAL,WAIVER_ADD,UP,MODERATE,REST_OF_SEASON,Gus Edwards who is 20% rostered on sleeper those are the two big Targets this week,JK Dobbins Achilles injury
2023,Week 2 Waivers + Full Stream Ahead | Fantasy Football 2023 - Ep. 1458,The Fantasy Footballers,2023-09-12,Week 2,Andy Holloway,Puka Nacua,WR,LAR,WAIVER_ADD,UP,STRONG,REST_OF_SEASON,"If they're on the waivers, I am going after them for sure. That's Puka Nakua",15 targets / Kupp on IR
2023,Week 2 Waivers + Full Stream Ahead | Fantasy Football 2023 - Ep. 1458,The Fantasy Footballers,2023-09-12,Week 2,Mike Wright,Tyler Allgeier,RB,ATL,WAIVER_ADD,UP,STRONG,REST_OF_SEASON,"I go Algiers, Moster, Gainwell",Week 1 multi-TD usage
2023,"Week 3 Waivers + Full Stream Ahead, Jason Survives! - Fantasy Footballers Podcast",The Fantasy Footballers,2024-09-17,Week 3,The Fantasy Footballers,Samaje Perine,RB,KC,WAIVER_ADD,UP,MODERATE,REST_OF_SEASON,"A key strategy involves prioritizing Perine, who is seen as a reliable pass-catching option",Isaiah Pacheco injury
2023,"Week 3 Waivers + Full Stream Ahead, Jason Survives! - Fantasy Footballers Podcast",The Fantasy Footballers,2024-09-17,Week 3,The Fantasy Footballers,Carson Steele,RB,KC,WAIVER_ADD,UP,MODERATE,REST_OF_SEASON,"using waiver priority on a running back like Carson Steele, known for his explosive athleticism",short yardage / Pacheco injury
2023,Week 4 Waiver Wire & More W3 Game Film,Harris Football,2023-09-26,Week 4,Christopher Harris,Joe Burrow,QB,CIN,BUST,DOWN,HEDGED,REST_OF_SEASON,Joe Burrow played...but the Bengals were still sluggish on offense,calf injury / sluggish offense
2023,Week 4 Waiver Wire Pickups | Must-Have Players to Add to Your Roster (2023 Fantasy Football),FantasyPros,SUPPLIED,Week 4,Joe Pisapia,De'Von Achane,RB,MIA,WAIVER_ADD,UP,STRONG,REST_OF_SEASON,Devon a chain running back of the Miami Dolphins 46 rostered on sleeper he is the sleeper waiver wire ad of the week,200+ yards 4 TDs historic performance
2023,Week 4 Waiver Wire Pickups | Must-Have Players to Add to Your Roster (2023 Fantasy Football),FantasyPros,SUPPLIED,Week 4,Pat Fitzmaurice,Elijah Mitchell,RB,SF,HANDCUFF,UP,MODERATE,REST_OF_SEASON,Mitchell is just yeah a weekly must start a weekly top 10 back in that offense,CMC handcuff upside
2023,Week 4 Waivers & Streamers + Drops & Dart O'Clock! - Fantasy Footballers Podcast,The Fantasy Footballers,2025-09-23,Week 4,The Fantasy Footballers,Brock Bowers,TE,LV,BREAKOUT,UP,STRONG,REST_OF_SEASON,NOW PLAYING Brock Bowers,rookie target share
2023,Week 5 Waiver Wire & More W4 Film Review,Harris Football,2023-10-03,Week 5,Christopher Harris,Daniel Jones,QB,NYG,BUST,DOWN,STRONG,REST_OF_SEASON,"The Giants just might be the worst team in the NFL, and their performance against the Seahawks on Monday night was embarrassing!",poor O-line and offense
2023,"Week 6 Waiver Wire | Players To Target, Drop, and Trade (2023 Fantasy Football)",FantasyPros,SUPPLIED,Week 6,Derrick Brown,Emari Demercado,RB,ARI,WAIVER_ADD,UP,STRONG,THIS_WEEK,Mario de marado e how do you do this is my Pano he's gonna do a run the football for the the Arizona car knows that he's going to take it,James Conner IR
2023,Week 7 Waiver Wire Pickups | Must-Have Players to Add to Your Roster (2023 Fantasy Football),FantasyPros,SUPPLIED,Week 7,Derrick Brown,Michael Mayer,TE,LV,WAIVER_ADD,UP,STRONG,REST_OF_SEASON,Michael Mayer is in the conversation for the top waiver wire pickup of the week... deeper metrics scream we could be unlocking a top 10 top 12 tight end,81% snaps / 18% target share
2023,Week 7 Waiver Wire Pickups | Must-Have Players to Add to Your Roster (2023 Fantasy Football),FantasyPros,SUPPLIED,Week 7,Pat Fitzmaurice,Josh Downs,WR,IND,WAIVER_ADD,UP,STRONG,REST_OF_SEASON,Josh Downs... he's the sleeper waiver wire ad of the week... he has back-to-back weeks with some solid performances,Gardner Minshew synergy
2023,Week 7 Waivers & More W6 Game Film,Harris Football,2023-10-17,Week 7,Christopher Harris,Austin Ekeler,RB,LAC,RANKING_ONLY,NEUTRAL,STRONG,REST_OF_SEASON,which team out-Chargered the other?... Week 6 action,returning from injury
2023,Week 7 Waivers & Streamers + Quge Disappointment! | Fantasy Football 2023 - Ep. 1483,The Fantasy Footballers,2023-10-17,Week 7,Mike Wright,Zach Evans,RB,LAR,WAIVER_ADD,UP,MODERATE,THIS_WEEK,Zach Evans who will be the starter I think he's going to get great opportunity,Kyren Williams injury
2023,Week 7 Waivers & Streamers + Quge Disappointment! | Fantasy Football 2023 - Ep. 1483,The Fantasy Footballers,2023-10-17,Week 7,Jason Moore,Elijah Mitchell,RB,SF,WAIVER_ADD,UP,MODERATE,THIS_WEEK,Elijah Mitchell down at 34%... Jordan Mason in the much more rostered category,Christian McCaffrey injury
2023,Week 8 Waiver Wire & More W7 Film Review,Harris Football,2023-10-24,Week 8,Christopher Harris,Christian McCaffrey,RB,SF,START,UP,STRONG,THIS_WEEK,Christian McCaffrey not only played on Monday night...he didn't miss a single offensive snap!,100% snap share
2023,Week 8 Waiver Wire Pickups | Must-Have Players to Add to Your Roster (2023 Fantasy Football),FantasyPros,SUPPLIED,Week 8,Derrick Brown,Darrell Henderson,RB,LAR,WAIVER_ADD,UP,STRONG,THIS_WEEK,Daryl Henderson running back from the Los Angeles Rams... 18 carries for 61 he did have the touchdown,Kyren Williams IR / lead back role
2023,Week 8 Waiver Wire Pickups | Must-Have Players to Add to Your Roster (2023 Fantasy Football),FantasyPros,SUPPLIED,Week 8,Pat Fitzmaurice,Emari Demercado,RB,ARI,WAIVER_ADD,UP,MODERATE,REST_OF_SEASON,finishes rb22 with 13 carries for 58 yards also had four receptions... security of workload,17 touches / lead back role
2023,Week 8 Waivers & Streamers + Lineup Locks | Fantasy Football 2023 - Ep. 1488,The Fantasy Footballers,2023-10-24,Week 8,Mike Wright,Darrell Henderson,RB,LAR,WAIVER_ADD,UP,STRONG,THIS_WEEK,Henderson number one... Hopefully in last week's waiver show... he appears to be the next man up,lead back usage
2023,Week 8 Waivers & Streamers + Lineup Locks | Fantasy Football 2023 - Ep. 1488,The Fantasy Footballers,2023-10-24,Week 8,Andy Holloway,Tyjae Spears,RB,TEN,STASH,UP,STRONG,REST_OF_SEASON,"Tajé Spears has to be picked up... an injury could happen, a trade could happen",Henry trade/injury upside
2024,10 ADPs to watch this summer: Dolphins RBs + Chiefs WRs bear watching | Yahoo Fantasy Football Show,Yahoo Fantasy Football Show,SUPPLIED,SUPPLIED,Matt Harmon,Zamir White,RB,LV,SLEEPER,UP,STRONG,NEXT_SEASON,dreaming the dream of the RB Dead Zone running back that actually hits and seeing what kind of value that we can get out of zamir white,small sample size role with Jacobs out
2024,10 ADPs to watch this summer: Dolphins RBs + Chiefs WRs bear watching | Yahoo Fantasy Football Show,Yahoo Fantasy Football Show,SUPPLIED,SUPPLIED,Matt Harmon,Jaylen Warren,RB,PIT,SLEEPER,UP,MODERATE,NEXT_SEASON,I find myself gravitated to Jaylen Warren here because number one I think he's very very good I think the Steelers are going to be a really strong rushing attack this year,strong rushing attack and value at ADP
2024,10 ADPs to watch this summer: Dolphins RBs + Chiefs WRs bear watching | Yahoo Fantasy Football Show,Yahoo Fantasy Football Show,SUPPLIED,SUPPLIED,Matt Harmon,De'Von Achane,RB,MIA,SLEEPER,NEUTRAL,HEDGED,NEXT_SEASON,from a per game basis he was the fourth highest scoring running back last year in fantasy on a per game basis that per game is doing a lot of heavy lifting there,per game efficiency vs injury risk
2024,10 ADPs to watch this summer: Dolphins RBs + Chiefs WRs bear watching | Yahoo Fantasy Football Show,Yahoo Fantasy Football Show,SUPPLIED,SUPPLIED,Tara Roberts,Raheem Mostert,RB,MIA,SLEEPER,UP,STRONG,NEXT_SEASON,Raheem moard is more of a floor situation in a value pick where we're getting him,floor value pick
2024,10 ADPs to watch this summer: Dolphins RBs + Chiefs WRs bear watching | Yahoo Fantasy Football Show,Yahoo Fantasy Football Show,SUPPLIED,SUPPLIED,Tara Roberts,Jaylen Wright,RB,MIA,STASH,UP,MODERATE,REST_OF_SEASON,if one of a or moster goes down that if jayen Wright is that true third option he will Ascend into that shared committee role with top five upsides,handcuff with upside in Miami offense
2024,10 ADPs to watch this summer: Dolphins RBs + Chiefs WRs bear watching | Yahoo Fantasy Football Show,Yahoo Fantasy Football Show,SUPPLIED,SUPPLIED,Tara Roberts,Christian Kirk,WR,JAX,SLEEPER,UP,STRONG,NEXT_SEASON,Brian Thomas hype is going to push that value down for Christian Kirk and he's going to be a guy that we can grab in mid rounds and feel super good about because of his potential to actually be the wide receiver one on his team,depressed ADP due to Brian Thomas hype
2024,10 ADPs to watch this summer: Dolphins RBs + Chiefs WRs bear watching | Yahoo Fantasy Football Show,Yahoo Fantasy Football Show,SUPPLIED,SUPPLIED,Matt Harmon,Zay Flowers,WR,BAL,SLEEPER,UP,HEDGED,NEXT_SEASON,if he does do it he's going to out KCK this 26 ADP if he does kind of stay as the same player we saw as a rookie... he could end up kind of just meeting value,target share and leap potential
2024,10 ADPs to watch this summer: Dolphins RBs + Chiefs WRs bear watching | Yahoo Fantasy Football Show,Yahoo Fantasy Football Show,SUPPLIED,SUPPLIED,Matt Harmon,Marquise Brown,WR,KC,SLEEPER,UP,MODERATE,NEXT_SEASON,Maris Brown as the wide receiver 37 72nd overall player I'm going to take some I'm gonna take some Maris Brown this year,upside in Mahomes offense
2024,10 ADPs to watch this summer: Dolphins RBs + Chiefs WRs bear watching | Yahoo Fantasy Football Show,Yahoo Fantasy Football Show,SUPPLIED,SUPPLIED,Tara Roberts,Roman Wilson,WR,PIT,SLEEPER,UP,STRONG,NEXT_SEASON,Roman Wilson he is my Dark Horse candidate for the third most productive rookie receiver this year behind Marvin Harrison J and Malik neighbors,rookie target availability in Pittsburgh
2024,15 Transactions You Can Make Before Week 10 of Fantasy Football,Late-Round Fantasy Football,SUPPLIED,10,JJ Zachariason,Jaylen Waddle,WR,MIA,WAIVER_ADD,UP,MODERATE,REST_OF_SEASON,I would gladly send some bench assets to get waddle and throw him on my bench,talent Buy Low
2024,15 Transactions You Can Make Before Week 10 of Fantasy Football,Late-Round Fantasy Football,SUPPLIED,10,JJ Zachariason,Mike Gesicki,TE,CIN,WAIVER_ADD,UP,STRONG,REST_OF_SEASON,add Mike giki so Mike giki had a really big game in week9 for two main reasons... Higgins out... Eric all tour his ACL,Tee Higgins injury and Eric All ACL injury increasing route share
2024,15 Transactions You Can Make Before Week 10 of Fantasy Football,Late-Round Fantasy Football,SUPPLIED,10,JJ Zachariason,Breece Hall,RB,NYJ,WAIVER_ADD,UP,STRONG,REST_OF_SEASON,I do think that we're staring at an obvious Buy Low opportunity right now,high rush share and top rest-of-season schedule
2024,15 Transactions You Can Make Before Week 10 of Fantasy Football,Late-Round Fantasy Football,SUPPLIED,10,JJ Zachariason,Demarcus Robinson,WR,LAR,WAIVER_ADD,UP,HEDGED,THIS_WEEK,I don't think we should be super bullish here I just don't think that the waiver wire this week is very strong,recent target share spike with Puka ejection
2024,15 Transactions You Can Make Before Week 10 of Fantasy Football,Late-Round Fantasy Football,SUPPLIED,10,JJ Zachariason,Noah Brown,WR,WAS,WAIVER_ADD,UP,MODERATE,REST_OF_SEASON,if I were to compare Noah Brown to Demarcus Robinson I'd probably prefer Noah Brown,target share as Washington number two WR
2024,15 Transactions You Can Make Before Week 10 of Fantasy Football,Late-Round Fantasy Football,SUPPLIED,10,JJ Zachariason,Ray-Ray McCloud III,WR,ATL,WAIVER_ADD,UP,HEDGED,THIS_WEEK,McLoud does not play the same position that Drake London does... but there's a chance Drake London misses,Drake London injury potential
2024,15 Transactions You Can Make Before Week 12 of Fantasy Football,Late-Round Fantasy Football,SUPPLIED,12,JJ Zachariason,Jalen McMillan,WR,TB,WAIVER_ADD,UP,HEDGED,REST_OF_SEASON,I don't think this is like a smash ad... but I do think that fantasy managers have given up on him too soon,prospect profile and Godwin absence
2024,15 Transactions You Can Make Before Week 12 of Fantasy Football,Late-Round Fantasy Football,SUPPLIED,12,JJ Zachariason,Jonathan Taylor,RB,IND,WAIVER_ADD,UP,STRONG,REST_OF_SEASON,if you want to make a higher upside move this is probably the one to make,expected fantasy points delta and 100% rush share games
2024,15 Transactions You Can Make Before Week 12 of Fantasy Football,Late-Round Fantasy Football,SUPPLIED,12,JJ Zachariason,Ameer Abdullah,RB,LV,STASH,UP,HEDGED,THIS_WEEK,if both guys are out he could be a flexor play,Mattison and Zamir White injuries
2024,15 Transactions You Can Make Before Week 12 of Fantasy Football,Late-Round Fantasy Football,SUPPLIED,12,JJ Zachariason,Dylan Laube,RB,LV,STASH,UP,HEDGED,THIS_WEEK,keep an eye on Dylan lby he'd get more run if white and Madison are both out,Vegas backfield injuries
2024,15 Transactions You Can Make Before Week 12 of Fantasy Football,Late-Round Fantasy Football,SUPPLIED,12,JJ Zachariason,Austin Ekeler,RB,WAS,WAIVER_FADE,DOWN,STRONG,REST_OF_SEASON,trading him away right now makes a lot of sense,unsustainable target share spike and Brian Robinson return
2024,15 Transactions You Can Make Before Week 7 of Fantasy Football,Late-Round Fantasy Football,SUPPLIED,7,JJ Zachariason,Najee Harris,RB,PIT,WAIVER_FADE,DOWN,STRONG,REST_OF_SEASON,to me Naji Harris a pretty clear cell,Jaylen Warren presence and tough upcoming schedule
2024,15 Transactions You Can Make Before Week 7 of Fantasy Football,Late-Round Fantasy Football,SUPPLIED,7,JJ Zachariason,Isaac Guerendo,RB,SF,STASH,NEUTRAL,HEDGED,THIS_WEEK,I would hesitate to spend a lot of my budget on him this week or my top waiver Priority,Patrick Taylor route share and Jordan Mason day-to-day status
2024,2024 WR Draft class deep dive: What's gone right? What's gone wrong? + 2026 fantasy outlook,Yahoo! Fantasy,SUPPLIED,SUPPLIED,Matt Harmon,Ladd McConkey,WR,LAC,BREAKOUT,UP,STRONG,DYNASTY,from a Talent perspective like I'm still like full on in with Lad,rookie film and lead receiver role
2024,2024 WR Draft class deep dive: What's gone right? What's gone wrong? + 2026 fantasy outlook,Yahoo! Fantasy,SUPPLIED,SUPPLIED,Rich Hribar,Rome Odunze,WR,CHI,BREAKOUT,UP,MODERATE,DYNASTY,it aligns for Roma Dunay to still kind of be kind of think on the short end of terms of like his deployment versus the other two guys,12 and 13 personnel usage vs Moore and Allen
2024,2024 Week 7 IDP Start or Sit | PFF Fantasy Podcast,PFF Fantasy Podcast,SUPPLIED,7,John Glosser,Marte Mapu,S,NE,START,UP,STRONG,THIS_WEEK,I do know have a little bit of a man crush on Marte mapu like I think I mean 28 box snaps in both those last two starts,high box snap count and Jabrill Peppers/Dugger injuries
2024,2024 Week 7 IDP Start or Sit | PFF Fantasy Podcast,PFF Fantasy Podcast,SUPPLIED,7,Jon Macker,Neville Hewitt,LB,HOU,START,UP,MODERATE,THIS_WEEK,if Aziz Al Shyer or Henry too too can't go like you gota look at Neville Hue at first,linebacker injury opportunity
2024,2024 Week 7 IDP Start or Sit | PFF Fantasy Podcast,PFF Fantasy Podcast,SUPPLIED,7,Jon Macker,Julian Love,S,SEA,START,UP,STRONG,THIS_WEEK,Julian love probably the the guy that I would like the most from Seattle this week a featured player,tackle volume and averaging 20 fantasy points per game
2024,814: 15 Transactions for Week 6,The Late-Round Fantasy Football Podcast,SUPPLIED,6,JJ Zachariason,CeeDee Lamb,WR,DAL,WAIVER_ADD,UP,STRONG,REST_OF_SEASON,by CD lamb look it's been a tough start to the season for CD lamb... finishing the weekly Top 20 at wide receiver just once this year,Buy Low candidate with elite target ceiling
2024,814: 15 Transactions for Week 6,The Late-Round Fantasy Football Podcast,SUPPLIED,6,JJ Zachariason,Greg Dulcich,TE,DEN,STASH,UP,MODERATE,REST_OF_SEASON,my year 2 tight end model really really like Greg doul this offense needs a spark that spark might be Greg dolage,year 2 tight end model and Broncos offensive need
2024,814: 15 Transactions for Week 6,The Late-Round Fantasy Football Podcast,SUPPLIED,6,JJ Zachariason,Jeff Wilson Jr.,RB,MIA,STASH,UP,HEDGED,THIS_WEEK,Jeff Wilson was activated from IR he might not be ready to go this weekend but he at least makes sense as a speculative ad right now,De'Von Achane knee injury
2024,930: 15 Transactions for Week 8,The Late-Round Fantasy Football Podcast,SUPPLIED,8,JJ Zachariason,Keon Coleman,WR,BUF,WAIVER_ADD,UP,MODERATE,REST_OF_SEASON,I think that you should add Coleman and he should be rostered as I always talk about on this show rookie wide receivers rookie players in general they tend to do a lot better during the second half of the Season,second-half rookie wide receiver trajectory
2024,930: 15 Transactions for Week 8,The Late-Round Fantasy Football Podcast,SUPPLIED,8,JJ Zachariason,Braelon Allen,RB,NYJ,HANDCUFF,NEUTRAL,STRONG,REST_OF_SEASON,don't drop him... Allen is still one of the best handcuffs in the game and the Jets have arguably the best rest of season schedule for running backs,elite handcuff value and Jets running back schedule
2024,930: 15 Transactions for Week 8,The Late-Round Fantasy Football Podcast,SUPPLIED,8,JJ Zachariason,Cedric Tillman,WR,CLE,WAIVER_ADD,UP,STRONG,REST_OF_SEASON,add Cedric Tilman... DeShaun Watson he's out for the season Amari Cooper He's in Buffalo and without Cooper in week seven Tillman saw 25 % Target share,Amari Cooper trade opening 25% target share
2024,BREAKOUTS! | 12 Fantasy Football Players Who Will Dominate in 2024,FantasyPros,SUPPLIED,SUPPLIED,Derek Brown,Brian Robinson Jr.,RB,WAS,BREAKOUT,UP,STRONG,NEXT_SEASON,add some respect to this man's name last year I don't think that people understand how stinking good he was last year RB 14 in fantasy points per opportunity,high efficiency per opportunity and underrated receiving work
2024,Breakout alert! 10 players to target in your drafts | Yahoo Fantasy Forecast,Yahoo! Forecast,SUPPLIED,SUPPLIED,Matt Harmon,Jameson Williams,WR,DET,BREAKOUT,UP,STRONG,NEXT_SEASON,intermediate game is really going to pick up for Jameson Williams and they're going to increase that creativ with him and there's where the value ATS,expanded intermediate route usage in Detroit
2024,Breakout alert! 10 players to target in your drafts | Yahoo Fantasy Forecast,Yahoo! Forecast,SUPPLIED,SUPPLIED,Matt Harmon,Rome Odunze,WR,CHI,BREAKOUT,UP,MODERATE,NEXT_SEASON,I think the ceiling might be a little bit higher... I'm going to throw out Roman dun,rookie upside ceiling vs veterans at ADP
2024,Bust alert! 13 players to avoid early in your drafts | Yahoo Fantasy Forecast,Yahoo! Forecast,SUPPLIED,SUPPLIED,Matt Harmon,Michael Pittman Jr.,WR,IND,BUST,DOWN,STRONG,NEXT_SEASON,this year he's going off the board... wide receiver 19 I have him closer to like wide receiver 23 more of like a true wide receiver like low-end wide receiver too,overvalued ADP relative to expected target distribution
2024,Bust alert! 13 players to avoid early in your drafts | Yahoo Fantasy Forecast,Yahoo! Forecast,SUPPLIED,SUPPLIED,Matt Harmon,George Pickens,WR,PIT,BUST,DOWN,MODERATE,NEXT_SEASON,I'm just not as interested in George pi and it's not because he's n... kind of the Hedge ranking,offensive environment and consistency concerns
2024,Bust alert! 13 players to avoid early in your drafts | Yahoo Fantasy Forecast,Yahoo! Forecast,SUPPLIED,SUPPLIED,Matt Harmon,Keenan Allen,WR,CHI,BUST,DOWN,STRONG,NEXT_SEASON,I'm not really drafting much of keen Allen... Roman dun is eventually gonna gonna upseat him,decline in target funnel environment and Odunze ascension
2024,Fantasy Football Week 10 Waiver Wire Pickups | Must-Have Players to Add to Your Roster (2024),FantasyPros,SUPPLIED,10,Pat Fitzmaurice,Ray Davis,RB,BUF,STASH,UP,HEDGED,REST_OF_SEASON,Ray Davis is staying alone value right now but you know just one little ankle tweak is all it takes for that Stalone value to all of a sudden become turn into a player you want to have in your lineup,standalone value plus elite handcuff potential if James Cook is injured
2024,Fantasy Football Week 10 Waiver Wire Pickups | Must-Have Players to Add to Your Roster (2024),FantasyPros,SUPPLIED,10,Derek Brown,Jalen Coker,WR,CAR,WAIVER_ADD,NEUTRAL,HEDGED,REST_OF_SEASON,I think it's just a zero or a $1 bid... you reward said player by dropping his snap count to 45%,frustrating snap count drop despite talent
2024,Fantasy Football Week 10 Waiver Wire Pickups | Must-Have Players to Add to Your Roster (2024),FantasyPros,SUPPLIED,10,Pat Fitzmaurice,Ray-Ray McCloud III,WR,ATL,WAIVER_ADD,UP,HEDGED,THIS_WEEK,if the hip injury that Drake London sustained forces him out of week 10 then I think Ray Ray is is playable in week 10 absolutely,Drake London hip injury
2024,Fantasy Football Week 10 Waiver Wire Pickups | Must-Have Players to Add to Your Roster (2024),FantasyPros,SUPPLIED,10,Pat Fitzmaurice,Taysom Hill,TE,NO,WAIVER_ADD,UP,STRONG,THIS_WEEK,there is one guy on the Saints who's pretty widely available who does interest me taste him hill... especially with Chris olve looking like he's G to miss some time,Chris Olave injury increasing Swiss Army knife touches
2024,Fantasy Football Week 10 Waiver Wire Pickups | Must-Have Players to Add to Your Roster (2024),FantasyPros,SUPPLIED,10,Derek Brown,Parker Washington,WR,JAX,WAIVER_ADD,UP,STRONG,THIS_WEEK,he's the best point per dollar guy you can pick up off the waiver warre this week considering the next matchups that he has because the next two matchups that he has for slot wide receivers are quietly freaking amazing,slot receiver matchups against Minnesota and Detroit
2024,Fantasy Football Week 10 Waiver Wire Pickups | Must-Have Players to Add to Your Roster (2024),FantasyPros,SUPPLIED,10,Derek Brown,Justin Herbert,QB,LAC,START,UP,STRONG,THIS_WEEK,Justin herberts who again has averaged 303 passing yards over his last three games,recent 300+ yard passing average
2024,Fantasy Football Week 10 Waiver Wire Pickups | Must-Have Players to Add to Your Roster (2024),FantasyPros,SUPPLIED,10,Derek Brown,Mike Gesicki,TE,CIN,START,UP,STRONG,THIS_WEEK,we're gonna see more snaps from Mikey G going forward and he gets the freaking Ravens this week man who have allowed the second most receiving yards,Erick All injury and matchup vs Ravens tight end defense
2024,Fantasy Football Week 11 Waiver Wire Advice | Players to Add and Drop (2024),FantasyPros,SUPPLIED,11,Derek Brown,Christian Watson,WR,GB,START,UP,MODERATE,THIS_WEEK,I like Watson this week against the Bears... comes out healthy and Swinging after B,matchup coming off bye week
2024,Fantasy Football Week 11 Waiver Wire Advice | Players to Add and Drop (2024),FantasyPros,SUPPLIED,11,Derek Brown,Jauan Jennings,WR,SF,START,UP,STRONG,THIS_WEEK,Jennings was so good last week you got roll Jennings,recent breakout volume in Shanahan offense
2024,Fantasy Football Week 14 Waiver Wire Advice | Players to Add and Drop (2024),FantasyPros,SUPPLIED,14,Derek Brown,Isaac Guerendo,RB,SF,WAIVER_ADD,UP,STRONG,REST_OF_SEASON,you drop a Cheo for gendo because gendo would have more of the Free Will of the backfield,Jordan Mason injury and primary backfield share
2024,Fantasy Football Week 14 Waiver Wire Advice | Players to Add and Drop (2024),FantasyPros,SUPPLIED,14,Derek Brown,Keenan Allen,WR,CHI,WAIVER_ADD,UP,MODERATE,REST_OF_SEASON,I would drop for Keenan Allen out of that list like I think that's viable,veteran target volume in Chicago
2024,Fantasy Football Week 2 Waiver Wire Advice | Players to Add and Drop (2024),FantasyPros,SUPPLIED,2,Derek Brown,Jaylen Wright,RB,MIA,STASH,UP,STRONG,REST_OF_SEASON,you need to be stashing stash Jaylen right wherever you possibly can,Achane and Mostert early season injury concerns
2024,Fantasy Football Week 2 Waiver Wire Advice | Players to Add and Drop (2024),FantasyPros,SUPPLIED,2,Derek Brown,Demarcus Robinson,WR,LAR,WAIVER_ADD,UP,MODERATE,REST_OF_SEASON,if you're looking at a good mix of both shortterm and longterm I think Demarcus Robinson is a beautiful pickup,Puka Nacua injury opportunity
2024,Fantasy Football Week 3 Waiver Wire Advice | Players to Add and Drop (2024),FantasyPros,SUPPLIED,3,Derek Brown,Demarcus Robinson,WR,LAR,WAIVER_ADD,UP,STRONG,REST_OF_SEASON,Demarcus is the easy clear number one after we had the Debo Samuel news pop up too,Kupp and Puka injuries
2024,Fantasy Football Week 3 Waiver Wire Advice | Players to Add and Drop (2024),FantasyPros,SUPPLIED,3,Derek Brown,Braelon Allen,RB,NYJ,HANDCUFF,NEUTRAL,HEDGED,REST_OF_SEASON,brillan Allen is a definitive handcuff is he a high-end one because if anything happens to Breeze sure I I just you're not going to get any Standalone value,Breece Hall handcuff value
2024,Fantasy Football Week 4 Waiver Wire Advice | Players to Add and Drop (2024),FantasyPros,SUPPLIED,4,Derek Brown,Braelon Allen,RB,NYJ,START,UP,MODERATE,THIS_WEEK,don't be shocked if brillan Allen's not Flex worthy this week because I think he is already that in that matchup specifically,heavy run game script vs Denver
2024,Fantasy Football Week 5 Waiver Wire Advice | Players to Add and Drop (2024),FantasyPros,SUPPLIED,5,Derek Brown,Dontayvion Wicks,WR,GB,WAIVER_ADD,UP,STRONG,THIS_WEEK,if you need a wide receiver to play this week or next... then yeah then it's Wicks,Christian Watson ankle injury opportunity
2024,Fantasy Football Week 5 Waiver Wire Advice | Players to Add and Drop (2024),FantasyPros,SUPPLIED,5,Derek Brown,Xavier Legette,WR,CAR,WAIVER_ADD,UP,STRONG,REST_OF_SEASON,Legette has a perfect path... this could be wheels up for xaviel to get,Adam Thielen injury and path to targets
2024,Fantasy Football Week 6 Waiver Wire Advice | Players to Add and Drop (2024),FantasyPros,SUPPLIED,6,Derek Brown,JuJu Smith-Schuster,WR,KC,WAIVER_ADD,UP,HEDGED,REST_OF_SEASON,there are so many players that could be potholes to burn your Fab Juju could easily be one of them he he could be a trap so bid but don't get nuts,Rashee Rice season-ending injury replacement
2024,Fantasy Football Week 7 Waiver Wire Pickups | Must-Have Players to Add to Your Roster (2024),FantasyPros,SUPPLIED,7,Joe Pisapia,Tyler Allgeier,RB,ATL,HANDCUFF,UP,MODERATE,REST_OF_SEASON,we could be one unfortunate circumstance of bejon Robinson away from aler being the guy in the backfield so this is more just about acquiring assets and depth,elite handcuff value behind Bijan Robinson
2024,Fantasy Football Week 7 Waiver Wire Pickups | Must-Have Players to Add to Your Roster (2024),FantasyPros,SUPPLIED,7,Pat Fitzmaurice,Ty Chandler,RB,MIN,WAIVER_ADD,UP,STRONG,THIS_WEEK,Chandler seems like the no-brainer here Pat to me because we're getting probably at least another week maybe two,Aaron Jones hip injury
2024,Fantasy Football Week 8 Waiver Wire Pickups | Must-Have Players to Add to Your Roster (2024),FantasyPros,SUPPLIED,8,Derek Brown,Jauan Jennings,WR,SF,WAIVER_ADD,UP,STRONG,REST_OF_SEASON,Jan Jennings is the runaway number one,Brandon Aiyuk ACL injury
2024,Fantasy Football Week 9 Waiver Wire Advice | Players to Add and Drop (2024),FantasyPros,SUPPLIED,9,Derek Brown,Cedric Tillman,WR,CLE,WAIVER_ADD,UP,STRONG,REST_OF_SEASON,he was tough to guard he was able to get by that secondary... he created space like he did everything that you wanted him to do,Jameis Winston target funnel following Cooper trade
2024,Fantasy: Waiver Wire - Week 11 | theScore,theScore Waiver Wire,SUPPLIED,11,Justin Boone,Ricky Pearsall,WR,SF,WAIVER_ADD,UP,MODERATE,REST_OF_SEASON,Pearsall should be viewed as a WR4/flex with the potential to develop more.,Brandon Aiyuk season-ending injury
2024,Fantasy: Waiver Wire - Week 11 | theScore,theScore Waiver Wire,SUPPLIED,11,Justin Boone,Dawson Knox,TE,BUF,START,UP,HEDGED,THIS_WEEK,"In that scenario, Knox becomes an intriguing fantasy streamer against a Kansas City defense that's allowing the second-most fantasy points to tight ends",Dalton Kincaid knee injury and Chiefs DVP vs TEs
2024,Fantasy: Waiver Wire - Week 12 | theScore,theScore Waiver Wire,SUPPLIED,12,Justin Boone,Ameer Abdullah,RB,LV,WAIVER_ADD,UP,HEDGED,THIS_WEEK,"These aren't week-winning options, but you'll see Abdullah and Laube in the RB3/flex range of my Week 12 rankings if the Raiders rule out Mattison and White.",Mattison and Zamir White injuries
2024,Fantasy: Waiver Wire - Week 12 | theScore,theScore Waiver Wire,SUPPLIED,12,Justin Boone,Quentin Johnston,WR,LAC,WAIVER_ADD,UP,MODERATE,THIS_WEEK,Keep an eye on Ladd McConkey after he hurt his shoulder over the weekend.,Ladd McConkey shoulder injury
2024,Fantasy: Waiver Wire - Week 3 | theScore,theScore Waiver Wire,SUPPLIED,3,Justin Boone,Carson Steele,RB,KC,WAIVER_ADD,UP,MODERATE,REST_OF_SEASON,"Steele profiles as the most likely to handle early-down work, giving him immediate value.",Isiah Pacheco fibula fracture
2024,Fantasy: Waiver Wire - Week 3 | theScore,theScore Waiver Wire,SUPPLIED,3,Justin Boone,Demarcus Robinson,WR,LAR,WAIVER_ADD,UP,STRONG,REST_OF_SEASON,"With the Rams' two best wideouts out for for the foreseeable future, Robinson is best positioned to be Matthew Stafford's new No. 1 option.",Kupp and Nacua injuries
2024,Fantasy: Waiver Wire - Week 4 | theScore,theScore Waiver Wire,SUPPLIED,4,Justin Boone,Bucky Irving,RB,TB,WAIVER_ADD,UP,STRONG,REST_OF_SEASON,Irving has quickly turned into a weekly flex option for fantasy managers and might be on a path toward taking over as the starter in Tampa Bay.,efficiency over Rachaad White
2024,Fantasy: Waiver Wire - Week 4 | theScore,theScore Waiver Wire,SUPPLIED,4,Justin Boone,Jauan Jennings,WR,SF,WAIVER_ADD,UP,STRONG,THIS_WEEK,Jennings is coming off the game of a lifetime with 11 catches for 175 yards and three scores.,Deebo Samuel and George Kittle injuries
2024,Fantasy: Waiver Wire - Week 7 | theScore,theScore Waiver Wire,SUPPLIED,7,Justin Boone,Drake Maye,QB,NE,WAIVER_ADD,UP,MODERATE,REST_OF_SEASON,Maye still came through for fantasy in his debut.,rushing equity and rookie starting job
2024,Fantasy: Waiver Wire - Week 7 | theScore,theScore Waiver Wire,SUPPLIED,7,Justin Boone,Ty Chandler,RB,MIN,WAIVER_ADD,UP,MODERATE,THIS_WEEK,"Chandler, Isaac Guerendo, Trey Benson, and Antonio Gibson are just a few of the waiver wire options who could be promoted into feature roles",Aaron Jones hip injury
2024,Fantasy: Waiver Wire - Week 9 | theScore,theScore Waiver Wire,SUPPLIED,9,Justin Boone,Bo Nix,QB,DEN,START,UP,STRONG,THIS_WEEK,"Nix has posted over 20 fantasy points in three of his last four outings, finishing as a top-10 fantasy QB each time.",recent rushing production and top-10 finishes
2024,Fantasy: Waiver Wire - Week 9 | theScore,theScore Waiver Wire,SUPPLIED,9,Justin Boone,Cedric Tillman,WR,CLE,WAIVER_ADD,UP,STRONG,REST_OF_SEASON,"With a quality system and a quarterback who's willing and able to push the ball downfield, Cleveland's pass-catchers are suddenly interesting",Jameis Winston named starter
2024,"Lamar Jackson, Bijan Robinson & Caleb Williams: 2024 Fantasy Breakout Picks | Yahoo Fantasy Forecast",Yahoo Fantasy Forecast,SUPPLIED,SUPPLIED,Andy Behrens,Marvin Harrison Jr.,WR,ARI,BREAKOUT,UP,STRONG,NEXT_SEASON,all systems go I am I am very in on Marvin Harrison Jr when people take him in the second round I don't even blink,near flawless prospect profile and Kyler Murray pairing
2024,"Lamar Jackson, Bijan Robinson & Caleb Williams: 2024 Fantasy Breakout Picks | Yahoo Fantasy Forecast",Yahoo Fantasy Forecast,SUPPLIED,SUPPLIED,Tara Roberts,Kyren Williams,RB,LAR,SLEEPER,UP,MODERATE,NEXT_SEASON,Blake Corum was drafted to be the Handcuff in the event that they have to go through a short period of time without kyn Williams... in the second round I like the high upside risk there,high volume lead back role in Rams offense
2024,The Athletic Football Show Fantasy Draft LIVE!,The Athletic Football Show,SUPPLIED,SUPPLIED,Andy Behrens,Terry McLaurin,WR,WAS,SLEEPER,UP,STRONG,NEXT_SEASON,I took Terry McLaren because I'm running out of receivers that I feel really really good about,Jayden Daniels upgrade at QB
2024,"Top Fantasy Football Week 9 RB Sleepers: STASH Braelon Allen, Blake Corum?",Roto Street Journal,SUPPLIED,9,The Wolf of Roto Street,Tyler Allgeier,RB,ATL,STASH,UP,STRONG,REST_OF_SEASON,I still believe Tyler aler behind bejon Robinson is the number one running back stash handcuff that you could ask for,"three-down skill set and past 1,000-yard production"
2024,"Top Fantasy Football Week 9 RB Sleepers: STASH Braelon Allen, Blake Corum?",Roto Street Journal,SUPPLIED,9,The Wolf of Roto Street,Braelon Allen,RB,NYJ,STASH,UP,STRONG,REST_OF_SEASON,brilan Allen continues to rise... now we do return to that kind of handcuffs with Benefits territory for brilin Allen,42% rush share spike under Todd Downing
2024,"Top Fantasy Football Week 9 RB Sleepers: STASH Braelon Allen, Blake Corum?",Roto Street Journal,SUPPLIED,9,The Wolf of Roto Street,Ray Davis,RB,BUF,STASH,UP,STRONG,REST_OF_SEASON,Ray Davis only 26% rostered that one makes no sense to me we've already seen what Davis will do if something happens to James Cook,proven 23-touch ceiling when Cook was out
2024,"WR Primer: CeeDee Lamb, Puka Nacua, + Late Round Sleepers | Fantasy Football Happy Hour (FULL SHOW)",Fantasy Football Happy Hour,SUPPLIED,SUPPLIED,Jay Crouch,Joshua Palmer,WR,LAC,SLEEPER,UP,STRONG,NEXT_SEASON,the guy for me is Josh Palmer... he looks like he's going to be Justin Herbert's number one wide receiver,lead receiver role with Justin Herbert
2024,"WR Strategy, Sleepers & Busts in 2024 Fantasy Football Drafts",Establish The Run,SUPPLIED,SUPPLIED,Mike Leone,Romeo Doubs,WR,GB,SLEEPER,UP,MODERATE,NEXT_SEASON,Romeo dos from Green Bay he goes third among Green Bay wide receivers... he's the favorite to lead the team in targets he's the favorite to lead the team in snaps played,snap and route lead in Green Bay offense
2024,Waiver Wire Week 2: Must-Add Players (2024 Fantasy Football),Establish The Run,SUPPLIED,2,John Daigle,Tank Bigsby,RB,JAX,WAIVER_ADD,UP,MODERATE,REST_OF_SEASON,Bigsby ends up playing in crunch time a lot for the Jaguars here and played well so clearly one injury way and maybe even some Standalone value,equal carries with Etienne and crunch time usage
2024,Waiver Wire Week 2: Must-Add Players (2024 Fantasy Football),Establish The Run,SUPPLIED,2,John Daigle,Alexander Mattison,RB,LV,WAIVER_ADD,UP,MODERATE,REST_OF_SEASON,it was Alexander Madison in the pass down roll... Antonio Pierce after one week... he's like ah you know what it's going to be a hot hand,pass down role and hot hand backfield declaration
2024,"Week 11 Waivers + Difference Makers, Awesomely Awful | Fantasy Football 2024 - Ep. 1675",The Fantasy Footballers,SUPPLIED,11,Andy Holloway,Audric Estimé,RB,DEN,WAIVER_ADD,UP,STRONG,REST_OF_SEASON,the name at the top of my list right now is Audric Estime,taking over lead early down work in Denver
2024,"Week 11 Waivers + Difference Makers, Awesomely Awful | Fantasy Football 2024 - Ep. 1675",The Fantasy Footballers,SUPPLIED,11,Mike Wright,Gus Edwards,RB,LAC,WAIVER_ADD,UP,MODERATE,REST_OF_SEASON,Gus looked so good against the tough Tennessee run defense now that he's recovered from the injury. J.K. Dobbins looks like he's fading.,goal line opportunity as Dobbins fades
2024,"Week 12 waiver wire pickups + Panic Meter: CMC, Deebo, Jayden Daniels | Yahoo Fantasy Forecast",Yahoo Fantasy Forecast,SUPPLIED,12,Dalton Del Don,Marquez Valdes-Scantling,WR,NO,WAIVER_ADD,UP,HEDGED,THIS_WEEK,Marquez Valdez scantling he pulled down the longest pass play of new orleans's season last week,deep threat targets with Rashid Shahed out
2024,"Week 12 waiver wire pickups + Panic Meter: CMC, Deebo, Jayden Daniels | Yahoo Fantasy Forecast",Yahoo Fantasy Forecast,SUPPLIED,12,Matt Harmon,Elijah Moore,WR,CLE,WAIVER_ADD,UP,STRONG,REST_OF_SEASON,averaged 10 targets over three games since jamus Winston took over his starter,10 targets per game under Jameis Winston
2024,"Week 12 waiver wire pickups + Panic Meter: CMC, Deebo, Jayden Daniels | Yahoo Fantasy Forecast",Yahoo Fantasy Forecast,SUPPLIED,12,Matt Harmon,Will Dissly,TE,LAC,START,UP,STRONG,THIS_WEEK,he's averaged 6.6 targets over the last five games he's been a fantasy tight end one over that span,6.6 target average under Justin Herbert
2024,"Week 13 Waivers + Playoff Prep, Difference Makers | Fantasy Football 2024 - Ep. 1685",The Fantasy Footballers,SUPPLIED,13,Andy Holloway,Dontayvion Wicks,WR,GB,WAIVER_ADD,UP,MODERATE,THIS_WEEK,"You have Romeo Dobbs out with a concussion. So suddenly, Dontavian Wicks could become relevant.",Romeo Doubs concussion
2024,"Week 13 waiver wire pickups + Panic Meter: Nabers, Jefferson, and more | Yahoo Fantasy Forecast",Yahoo Fantasy Forecast,SUPPLIED,13,Dalton Del Don,Jeremy McNichols,RB,WAS,WAIVER_ADD,UP,MODERATE,THIS_WEEK,McNichols is definitely worth adding is Washington's possible rb1 this week,Brian Robinson ankle injury and Austin Ekeler concussion
2024,"Week 13 waiver wire pickups + Panic Meter: Nabers, Jefferson, and more | Yahoo Fantasy Forecast",Yahoo Fantasy Forecast,SUPPLIED,13,Matt Harmon,Adonai Mitchell,WR,IND,START,UP,STRONG,THIS_WEEK,if Josh Downs does not go... I think Mitchell becomes a starter in for for the Colts for sure,Josh Downs shoulder injury
2024,"Week 14 Waivers + Dart Throws, Difference Makers | Fantasy Football 2024 - Ep. 1688",The Fantasy Footballers,SUPPLIED,14,Andy Holloway,Isaac Guerendo,RB,SF,WAIVER_ADD,UP,STRONG,REST_OF_SEASON,we got a text that Jordan Mason had suffered a high ankle sprain in the same snow game and was now being placed on IR... Isaac Garindo in the difference makers segment,Christian McCaffrey and Jordan Mason IR placement
2024,"Week 14 Waivers + Dart Throws, Difference Makers | Fantasy Football 2024 - Ep. 1688",The Fantasy Footballers,SUPPLIED,14,Mike Wright,Noah Gray,TE,KC,START,UP,MODERATE,THIS_WEEK,"I'm accepting that Noah Gray is playable in fantasy football... four for 58, did not score, but six targets.",six targets per game in Chiefs two-TE sets
2024,"Week 2 Waiver Wire: Brown, Fannin, Jones among top targets | Fantasy Football Happy Hour (FULL SHOW)",Fantasy Football Happy Hour,SUPPLIED,2,Matthew Berry,Hollywood Brown,WR,KC,WAIVER_ADD,UP,STRONG,REST_OF_SEASON,hollywood Brown had 16 targets now to be fair guys a little bit of an unpredictable script when Xavier Worthy gets hurt,Xavier Worthy injury and 16 target script
2024,"Week 2 Waiver Wire: Brown, Fannin, Jones among top targets | Fantasy Football Happy Hour (FULL SHOW)",Fantasy Football Happy Hour,SUPPLIED,2,Matthew Berry,Dylan Sampson,RB,CLE,WAIVER_ADD,UP,STRONG,THIS_WEEK,Dylan Samson is 54% available 12 carries for only 29 yards but he caught eight passes for 64 yards,19% target share as Cleveland passing down back
2024,Week 5 Panic Meter: Are these 4 vital fantasy offenses COOKED?! + Waiver Wire MUST adds for Week 6,Yahoo! Fantasy,SUPPLIED,6,Justin Boone,Michael Carter,RB,ARI,WAIVER_ADD,UP,MODERATE,THIS_WEEK,Michael Carter was the main guy that I talked about last week And that was when we were just finding out that Trey Benson was hurt,Trey Benson injury
2024,Week 5 Panic Meter: Are these 4 vital fantasy offenses COOKED?! + Waiver Wire MUST adds for Week 6,Yahoo! Fantasy,SUPPLIED,6,Matt Harmon,Romeo Doubs,WR,GB,WAIVER_ADD,UP,STRONG,REST_OF_SEASON,He has a shot to be the number one receiver in that offense... If he's available he would be the number one w,Jaden Reed extended injury path
2024,Week 5 Waivers & Streamers + THE Mark Andrews Discussion - Fantasy Footballers Podcast,The Fantasy Footballers,SUPPLIED,5,Mike Wright,Kareem Hunt,RB,KC,WAIVER_ADD,UP,STRONG,REST_OF_SEASON,"If Kareem Hunt is on your waivers, he's my number one pickup of the week across all positions.",taking over Pacheco early down work
2024,Week 5 Waivers & Streamers + THE Mark Andrews Discussion - Fantasy Footballers Podcast,The Fantasy Footballers,SUPPLIED,5,Andy Holloway,Trey Sermon,RB,IND,WAIVER_ADD,UP,STRONG,THIS_WEEK,"Surman seems to be fully available for those looking to make a starting decision, appearing to be a valuable asset in the current lineup.",Jonathan Taylor ankle injury
2024,"Week 7 Waivers + Adams Trade Fallout, Comfort Food | Fantasy Football 2024 - Ep. 1655",The Fantasy Footballers,SUPPLIED,7,Andy Holloway,Tyler Allgeier,RB,ATL,WAIVER_ADD,UP,MODERATE,REST_OF_SEASON,"Algier will be flexible, I think, rest of season.",18 opportunity breakout game and standalone flex value
2024,Week 8 Waivers & Streamers + Difference Makers | Fantasy Football 2024 - Ep. 1660,The Fantasy Footballers,SUPPLIED,8,Mike Wright,Jaylen Warren,RB,PIT,WAIVER_ADD,UP,STRONG,REST_OF_SEASON,Jalen's 42% rostered... He's a guy you could just aggressively go get with a priority or with fab... Russ is a check down machine,51% snap share return and Russell Wilson checkdown tendency
2024,Week 9 Panic Meter🚨: 7 WRs CLOSE TO COPING CORNER + TOP Waiver Wire adds for Week 10 📝,Yahoo! Fantasy,SUPPLIED,10,Justin Boone,Alec Pierce,WR,IND,WAIVER_ADD,UP,STRONG,REST_OF_SEASON,he has been shockingly good this season he doesn't get talked up enough either right if you look at his last six games he's gone for 67 yards or more five different times,deep target efficiency and 67+ yard games
2024,Yahoo Staff Mock Draft 1.0: Are RBs back as dominant force in fantasy?,Yahoo! Fantasy,SUPPLIED,SUPPLIED,Justin Boone,Jeremiyah Love,RB,ARI,BREAKOUT,UP,STRONG,DYNASTY,Jeremiah Love at the end of the second round... he is the odds on favorite to lead rookies in fantasy points this year,rookie draft capital and immediate backfield lead
2024,Yahoo Staff Mock Draft 1.0: Are RBs back as dominant force in fantasy?,Yahoo! Fantasy,SUPPLIED,SUPPLIED,Matt Harmon,Jayden Daniels,QB,WAS,BREAKOUT,UP,STRONG,NEXT_SEASON,Jaden Daniels in round eight... I might mess around and rank Jaden Daniels ahead of Lamar Jackson and definitely ahead of Jaylen Herz,dual-threat rushing floor and elite upside
2024,Zack Moss OR Chase Brown: Which Bengals RB to DRAFT in 2024 Fantasy Football?!,Roto Street Journal,SUPPLIED,SUPPLIED,The Wolf of Roto Street,Chase Brown,RB,CIN,BREAKOUT,UP,STRONG,NEXT_SEASON,I've been just buying the Bengals backfield in general... I really wanted to get Chase Brown in my drafts I didn't want to leave a draft without him,first-team reps and explosive playmaking talent
2024,Zack Moss OR Chase Brown: Which Bengals RB to DRAFT in 2024 Fantasy Football?!,Roto Street Journal,SUPPLIED,SUPPLIED,The Wolf of Roto Street,Zack Moss,RB,CIN,SLEEPER,UP,MODERATE,NEXT_SEASON,Moss is a phenomenal pass protector and when push comes to shove Joe burrow is this team... red zone work which again most likely goes to Zach Moss,pass protection and goal-line/red-zone workload
2025,10 MUST ADD Waiver Wire Pickups in Week 9 | Fantasy Football 2025,The League FFB,SUPPLIED,9,UNATTRIBUTED,Oronde Gadsden,TE,LAC,RANKING_ONLY,UP,MODERATE,REST_OF_SEASON,it's going to be Aronday Gadston Woody Marks RJ Harvey Harold Fannon Joe Flacco Josh DS Aaron Rogers Kahan Booty and CJ Strad,priority waiver list
2025,10 MUST ADD Waiver Wire Pickups in Week 9 | Fantasy Football 2025,The League FFB,SUPPLIED,9,UNATTRIBUTED,Woody Marks,RB,HOU,RANKING_ONLY,UP,MODERATE,REST_OF_SEASON,it's going to be Aronday Gadston Woody Marks RJ Harvey Harold Fannon Joe Flacco Josh DS Aaron Rogers Kahan Booty and CJ Strad,priority waiver list
2025,10 MUST ADD Waiver Wire Pickups in Week 9 | Fantasy Football 2025,The League FFB,SUPPLIED,9,UNATTRIBUTED,RJ Harvey,RB,DEN,RANKING_ONLY,UP,MODERATE,REST_OF_SEASON,it's going to be Aronday Gadston Woody Marks RJ Harvey Harold Fannon Joe Flacco Josh DS Aaron Rogers Kahan Booty and CJ Strad,priority waiver list
2025,10 MUST ADD Waiver Wire Pickups in Week 9 | Fantasy Football 2025,The League FFB,SUPPLIED,9,UNATTRIBUTED,Harold Fannin Jr.,TE,CLE,RANKING_ONLY,UP,MODERATE,REST_OF_SEASON,it's going to be Aronday Gadston Woody Marks RJ Harvey Harold Fannon Joe Flacco Josh DS Aaron Rogers Kahan Booty and CJ Strad,priority waiver list
2025,10 MUST ADD Waiver Wire Pickups in Week 9 | Fantasy Football 2025,The League FFB,SUPPLIED,9,UNATTRIBUTED,Joe Flacco,QB,CLE,RANKING_ONLY,UP,MODERATE,REST_OF_SEASON,it's going to be Aronday Gadston Woody Marks RJ Harvey Harold Fannon Joe Flacco Josh DS Aaron Rogers Kahan Booty and CJ Strad,priority waiver list
2025,10 MUST ADD Waiver Wire Pickups in Week 9 | Fantasy Football 2025,The League FFB,SUPPLIED,9,UNATTRIBUTED,Josh Downs,WR,IND,RANKING_ONLY,UP,MODERATE,REST_OF_SEASON,it's going to be Aronday Gadston Woody Marks RJ Harvey Harold Fannon Joe Flacco Josh DS Aaron Rogers Kahan Booty and CJ Strad,priority waiver list
2025,10 MUST ADD Waiver Wire Pickups in Week 9 | Fantasy Football 2025,The League FFB,SUPPLIED,9,UNATTRIBUTED,Aaron Rodgers,QB,NYJ,RANKING_ONLY,UP,MODERATE,REST_OF_SEASON,it's going to be Aronday Gadston Woody Marks RJ Harvey Harold Fannon Joe Flacco Josh DS Aaron Rogers Kahan Booty and CJ Strad,priority waiver list
2025,10 MUST ADD Waiver Wire Pickups in Week 9 | Fantasy Football 2025,The League FFB,SUPPLIED,9,UNATTRIBUTED,Kayshon Boutte,WR,NE,RANKING_ONLY,UP,MODERATE,REST_OF_SEASON,it's going to be Aronday Gadston Woody Marks RJ Harvey Harold Fannon Joe Flacco Josh DS Aaron Rogers Kahan Booty and CJ Strad,priority waiver list
2025,10 MUST ADD Waiver Wire Pickups in Week 9 | Fantasy Football 2025,The League FFB,SUPPLIED,9,UNATTRIBUTED,C.J. Stroud,QB,HOU,RANKING_ONLY,UP,MODERATE,REST_OF_SEASON,it's going to be Aronday Gadston Woody Marks RJ Harvey Harold Fannon Joe Flacco Josh DS Aaron Rogers Kahan Booty and CJ Strad,priority waiver list
2025,10 MUST ADD Waiver Wire Pickups in Week 9 | Fantasy Football 2025,The League FFB,SUPPLIED,9,UNATTRIBUTED,Tyrone Tracy Jr.,RB,NYG,WAIVER_ADD,UP,STRONG,REST_OF_SEASON,I do think that Tyrone Tracy a must add must add going into week nine of the fantasy football season because he's going to be the running back here starting for the New York Giants for the rest of the way,Cam Skattebo season ending injury
2025,10 MUST ADD Waiver Wire Pickups in Week 9 | Fantasy Football 2025,The League FFB,SUPPLIED,9,UNATTRIBUTED,Cam Skattebo,RB,NYG,WAIVER_FADE,DOWN,STRONG,REST_OF_SEASON,Cam Scataboo unfortunately done for the rest of the season with a dislocated ankle so I am in a league where I have Cam Scataboo i am going to be dropping Cam,dislocated ankle
2025,10 MUST ADD Waiver Wire Pickups in Week 9 | Fantasy Football 2025,The League FFB,SUPPLIED,9,UNATTRIBUTED,Dylan Sampson,RB,CLE,WAIVER_ADD,UP,HEDGED,THIS_WEEK,speculative ad definitely not blowing you know a bunch of my favor and my priority on Samson but certainly somebody we should be looking up nonetheless,Quinshon Judkins shoulder injury
2025,10 MUST ADD Waiver Wire Pickups in Week 9 | Fantasy Football 2025,The League FFB,SUPPLIED,9,UNATTRIBUTED,Tank Bigsby,RB,PHI,HANDCUFF,UP,HEDGED,THIS_WEEK,Tank Bixsby probably just like Dylan Samson needs to be picked up just in case... speculative type of ad but I'm not blowing the bank on him,Saquon Barkley groin injury
2025,10 MUST ADD Waiver Wire Pickups in Week 9 | Fantasy Football 2025,The League FFB,SUPPLIED,9,UNATTRIBUTED,Ray Davis,RB,BUF,HANDCUFF,UP,MODERATE,REST_OF_SEASON,those handcuffed running backs are becoming more valuable guys like Bsby Samson uh Ray Davis all of these players you know the backup running backs for these really good running backs in fantasy football should probably be picked up and stashed,handcuff value
2025,10 MUST ADD Waiver Wire Pickups in Week 9 | Fantasy Football 2025,The League FFB,SUPPLIED,9,UNATTRIBUTED,Troy Franklin,WR,DEN,WAIVER_ADD,UP,MODERATE,THIS_WEEK,"we talked about Troy Franklin as a stash going into the week because we said ""Hey he plays Dallas and he's probably going to have a big game and be one of the popular names to be adding",favorable matchup
2025,10 MUST ADD Waiver Wire Pickups in Week 9 | Fantasy Football 2025,The League FFB,SUPPLIED,9,UNATTRIBUTED,Isaiah Davis,RB,NYJ,STASH,UP,HEDGED,REST_OF_SEASON,Isaiah Davis is certainly a player that if I was holding somebody through the buy it makes sense for Davis cuz if there's going to be a trade here potentially for the Jets,Breece Hall trade rumors
2025,10 MUST ADD Waiver Wire Pickups in Week 9 | Fantasy Football 2025,The League FFB,SUPPLIED,9,UNATTRIBUTED,Tyjae Spears,RB,TEN,WAIVER_ADD,UP,MODERATE,REST_OF_SEASON,Spears has now outplayed Tony Pard for three straight weeks in a row and he does look like the better back,outplaying Tony Pollard
2025,10 MUST ADD Waiver Wire Pickups in Week 9 | Fantasy Football 2025,The League FFB,SUPPLIED,9,UNATTRIBUTED,Devin Neal,RB,NO,WAIVER_ADD,UP,HEDGED,THIS_WEEK,he could be moving up the depth chart again as a speculative ad here for week nine because Alvin Kamara had a lower body injury in this game,Alvin Kamara injury
2025,10 MUST ADD Waiver Wire Pickups in Week 9 | Fantasy Football 2025,The League FFB,SUPPLIED,9,UNATTRIBUTED,Mason Taylor,TE,NYJ,WAIVER_ADD,UP,MODERATE,REST_OF_SEASON,Taylor is clearly one of the best receiving options or one of the most reliable receiving options here in New York and if Garrett Wilson continues to miss time,Garrett Wilson injury / target share
2025,10 MUST ADD Waiver Wire Pickups in Week 9 | Fantasy Football 2025,The League FFB,SUPPLIED,9,UNATTRIBUTED,Chimere Dike,WR,TEN,WAIVER_ADD,UP,HEDGED,REST_OF_SEASON,definitely not blowing any fab on him he's a guy that I would bid one or zero dollars even potentially on DK and see what happens,Tyler Lockett departure
2025,10 MUST ADD Waiver Wire Pickups in Week 9 | Fantasy Football 2025,The League FFB,SUPPLIED,9,UNATTRIBUTED,Colston Loveland,TE,CHI,SLEEPER,UP,HEDGED,REST_OF_SEASON,Cole KT has missed time with this back injury it could leak over into next week maybe a breakout game is on the horizon for Coloulston Lovelin,Cole Kmet back injury / increasing snap share
2025,10 Secrets Vegas is Telling Us About the 2025 Fantasy Season,BDGE Fantasy Football,SUPPLIED,SUPPLIED,UNATTRIBUTED,Brian Robinson Jr.,RB,WAS,SLEEPER,UP,MODERATE,REST_OF_SEASON,Brian Robinson Jr his upside his projection this year in order to score 8 10 12 touchdowns is higher than a lot of your favorite running backs,touchdown projection upside
2025,10 Secrets Vegas is Telling Us About the 2025 Fantasy Season,BDGE Fantasy Football,SUPPLIED,SUPPLIED,UNATTRIBUTED,Sam LaPorta,TE,DET,SLEEPER,UP,MODERATE,REST_OF_SEASON,I do feel more and more confident with Leaporta's touchdown floor heading into 2025,touchdown floor
2025,10 Secrets Vegas is Telling Us About the 2025 Fantasy Season,BDGE Fantasy Football,SUPPLIED,SUPPLIED,UNATTRIBUTED,Kenneth Walker III,RB,SEA,BUST,DOWN,MODERATE,REST_OF_SEASON,they're making no upside case for Walker on the ground so if you're confident that Walker has a lot of upside in fantasy you are confident in the fact that he's going to catch a lot of passes,low rushing yardage projections
2025,10 Secrets Vegas is Telling Us About the 2025 Fantasy Season,BDGE Fantasy Football,SUPPLIED,SUPPLIED,UNATTRIBUTED,Garrett Wilson,WR,NYJ,BUST,DOWN,STRONG,REST_OF_SEASON,another player that everybody wants to pump upside into which we are being told does not exist... he won't be the wide receiver 12 or 13 on my draft board,low touchdown and yardage projections
2025,10 lessons we learned from the 2024 fantasy season | Yahoo Fantasy Forecast,Yahoo! Sports,2024-12-31,SUPPLIED,Dalton Del Don,Josh Allen,QB,BUF,RANKING_ONLY,UP,STRONG,REST_OF_SEASON,Josh Allen Lamar Jackson no doubt standouts worth their ADP clearly,elite rushing and passing production
2025,10 lessons we learned from the 2024 fantasy season | Yahoo Fantasy Forecast,Yahoo! Sports,2024-12-31,SUPPLIED,Dalton Del Don,Lamar Jackson,QB,BAL,RANKING_ONLY,UP,STRONG,REST_OF_SEASON,Josh Allen Lamar Jackson no doubt standouts worth their ADP clearly,elite rushing and passing production
2025,10 lessons we learned from the 2024 fantasy season | Yahoo Fantasy Forecast,Yahoo! Sports,2024-12-31,SUPPLIED,Dalton Del Don,Anthony Richardson,QB,IND,SLEEPER,UP,HEDGED,NEXT_SEASON,my guy Richardson will be cheap... Anthony Richardson especially after this injury at the end of the year he's going to be possibly available in round 10,draft discount due to injury
2025,10 lessons we learned from the 2024 fantasy season | Yahoo Fantasy Forecast,Yahoo! Sports,2024-12-31,SUPPLIED,Matt Harmon,Jayden Daniels,QB,WAS,BREAKOUT,UP,STRONG,REST_OF_SEASON,Jaden Daniels a big part of the reason beyond the fact that he can run that was always going to make him great in fantasy,rushing floor plus passing ceiling
2025,10 lessons we learned from the 2024 fantasy season | Yahoo Fantasy Forecast,Yahoo! Sports,2024-12-31,SUPPLIED,Dalton Del Don,Sam LaPorta,TE,DET,BUST,DOWN,STRONG,REST_OF_SEASON,Sam leaporte is a top 10 fantasy tight end Haron he'd be the wide receiver 47 you know I mean that it's just a position that does not produce enough differen makers,positional scarcity relative to draft cost
2025,10 lessons we learned from the 2024 fantasy season | Yahoo Fantasy Forecast,Yahoo! Sports,2024-12-31,SUPPLIED,Dalton Del Don,Derrick Henry,RB,BAL,BREAKOUT,UP,STRONG,REST_OF_SEASON,Derk Henry is much better now with Lamar Jackson,improved ecosystem with Lamar Jackson
2025,10 lessons we learned from the 2024 fantasy season | Yahoo Fantasy Forecast,Yahoo! Sports,2024-12-31,SUPPLIED,Dalton Del Don,Josh Jacobs,RB,GB,BREAKOUT,UP,STRONG,REST_OF_SEASON,Josh Jacobs suddenly isn't bottom of the league running back in these stats when he doesn't have o Connell as his quarterback,improved team environment
2025,10 lessons we learned from the 2024 fantasy season | Yahoo Fantasy Forecast,Yahoo! Sports,2024-12-31,SUPPLIED,Matt Harmon,Jackson Smith-Njigba,WR,SEA,BREAKOUT,UP,STRONG,REST_OF_SEASON,he's wide receiver eight right now in total points he's been one of the best wide receiver picks you can make in in fantasy this year,year two leap and target share
2025,10 lessons we learned from the 2024 fantasy season | Yahoo Fantasy Forecast,Yahoo! Sports,2024-12-31,SUPPLIED,Dalton Del Don,Bucky Irving,RB,TB,SLEEPER,UP,STRONG,NEXT_SEASON,Bucky Irving is going to be a top 10 fantasy back next year,rookie breakout efficiency
2025,10 lessons we learned from the 2024 fantasy season | Yahoo Fantasy Forecast,Yahoo! Sports,2024-12-31,SUPPLIED,Matt Harmon,Chase Brown,RB,CIN,BREAKOUT,UP,STRONG,REST_OF_SEASON,Zach Moss goes down Chase Brown just inherits all the work and he ends up being one of the best running back picks that you could make in fantasy football this year,workload inheritance in ambiguous backfield
2025,10 lessons we learned from the 2024 fantasy season | Yahoo Fantasy Forecast,Yahoo! Sports,2024-12-31,SUPPLIED,Dalton Del Don,Deontay Johnson,WR,CAR,BUST,DOWN,STRONG,REST_OF_SEASON,Deontay Johnson went from a top 15 weekly fantasy white out completely droppable,midseason trade disruption
2025,10 sleepers you cannot sleep on in fantasy drafts,Yahoo! Fantasy,SUPPLIED,SUPPLIED,Justin Boone,Josh Downs,WR,IND,SLEEPER,UP,STRONG,REST_OF_SEASON,DS is a guy where his situation has finally changed it's finally opened up for him here michael Pitman now out of the way,Michael Pittman departure / target opportunity
2025,10 sleepers you cannot sleep on in fantasy drafts,Yahoo! Fantasy,SUPPLIED,SUPPLIED,Matt Harmon,Jayden Higgins,WR,HOU,SLEEPER,UP,MODERATE,REST_OF_SEASON,I think he's a really good sleeper especially relative to where he's going in ADP right now,cheap depth in bouncing-back offense
2025,10 sleepers you cannot sleep on in fantasy drafts,Yahoo! Fantasy,SUPPLIED,SUPPLIED,Justin Boone,Jacory Croskey-Merritt,RB,WAS,SLEEPER,UP,HEDGED,REST_OF_SEASON,JCM is the one I want... the fact that you could take him in like the 10th round there's no risk involved in that and you just might end up with a starting running back,ambiguous backfield upside
2025,10 sleepers you cannot sleep on in fantasy drafts,Yahoo! Fantasy,SUPPLIED,SUPPLIED,Matt Harmon,Malik Willis,QB,MIA,SLEEPER,UP,HEDGED,REST_OF_SEASON,he does make for a good sleeper quarterback that I honestly think even in superflex formats,rushing potential / cheap ADP
2025,10 sleepers you cannot sleep on in fantasy drafts,Yahoo! Fantasy,SUPPLIED,SUPPLIED,Justin Boone,Rashid Shaheed,WR,SEA,SLEEPER,UP,STRONG,REST_OF_SEASON,Rasheed Shaheed 145 overall wide receiver 52 just incredible value there,full offseason to learn Seattle offense
2025,10 sleepers you cannot sleep on in fantasy drafts,Yahoo! Fantasy,SUPPLIED,SUPPLIED,Matt Harmon,Jaden Blue,RB,DAL,SLEEPER,UP,MODERATE,REST_OF_SEASON,I do think this is a good year to maybe get back on the Jaden Blue bandwagon,second-year opportunity in Dallas
2025,10 sleepers you cannot sleep on in fantasy drafts,Yahoo! Fantasy,SUPPLIED,SUPPLIED,Justin Boone,Jonah Coleman,RB,LAC,SLEEPER,UP,HEDGED,REST_OF_SEASON,looking at JK Dobbins we're so worried about JK Dobbins having another season... I want to talk about like three guys i'll start with Jonah Coleman,JK Dobbins injury risk
2025,10 sleepers you cannot sleep on in fantasy drafts,Yahoo! Fantasy,SUPPLIED,SUPPLIED,Matt Harmon,Terence Ferguson,TE,LAR,SLEEPER,UP,HEDGED,REST_OF_SEASON,if you are looking for a true sleeper desperation tight end I'm definitely taking a look at Terence Ferguson,vertical threat role / wide receiver three usage
2025,10 sleepers you cannot sleep on in fantasy drafts,Yahoo! Fantasy,SUPPLIED,SUPPLIED,Justin Boone,Zachariah Branch,WR,ATL,SLEEPER,UP,HEDGED,REST_OF_SEASON,Zachariah Branch though is someone to keep an eye on because there has been a pretty consistent drum beat on him,underrated Falcons deep receiver depth
2025,10 sleepers you cannot sleep on in fantasy drafts,Yahoo! Fantasy,SUPPLIED,SUPPLIED,Matt Harmon,Antonio Williams,WR,WAS,SLEEPER,UP,MODERATE,REST_OF_SEASON,fifth and final sleeper for me is a prospect I did really like and it's Antonio Williams adp is really depressed,open WR depth chart in Washington
2025,1047: 15 Transactions for Week 10,The Late-Round Fantasy Football Podcast,SUPPLIED,10,JJ Zachariason,Parker Washington,WR,JAX,WAIVER_ADD,UP,STRONG,REST_OF_SEASON,Regardless of the status of these other pass catchers with Hunter on IR Washington should be rostered in most leagues,Travis Hunter on IR / Dyami Brown concussion
2025,1047: 15 Transactions for Week 10,The Late-Round Fantasy Football Podcast,SUPPLIED,10,JJ Zachariason,Woody Marks,RB,HOU,WAIVER_ADD,UP,MODERATE,REST_OF_SEASON,coming off that poor showing against Denver it might not be a bad idea if you can swap some bench assets for Woody Marks,favorable rest of season schedule / target share
2025,1047: 15 Transactions for Week 10,The Late-Round Fantasy Football Podcast,SUPPLIED,10,JJ Zachariason,J.J. McCarthy,QB,MIN,WAIVER_ADD,UP,MODERATE,REST_OF_SEASON,He's now given fantasy managers two usable performances in three starts,usable QB streamer
2025,1047: 15 Transactions for Week 10,The Late-Round Fantasy Football Podcast,SUPPLIED,10,JJ Zachariason,Devin Singletary,RB,NYG,WAIVER_ADD,UP,HEDGED,REST_OF_SEASON,Singleary is now more of a priority in week 10 than he was in week nine,Tyrone Tracy Jr. injury / expanded role
2025,1047: 15 Transactions for Week 10,The Late-Round Fantasy Football Podcast,SUPPLIED,10,JJ Zachariason,Michael Pittman Jr.,WR,IND,BUST,DOWN,HEDGED,REST_OF_SEASON,I would only be trading away Michael Pitman if I desperately needed a win,selling high off recent streak
2025,1047: 15 Transactions for Week 10,The Late-Round Fantasy Football Podcast,SUPPLIED,10,JJ Zachariason,Jacory Croskey-Merritt,RB,WAS,STASH,NEUTRAL,HEDGED,REST_OF_SEASON,So for now he's someone to just hold You obviously can't start him until you see more but I do think he still deserves a bench spot,high rush volume despite lack of big plays
2025,1047: 15 Transactions for Week 10,The Late-Round Fantasy Football Podcast,SUPPLIED,10,JJ Zachariason,Theo Johnson,TE,NYG,WAIVER_ADD,UP,MODERATE,REST_OF_SEASON,He's averaging 11 and a half PPR points per game since Malik Neighbor's season ending injury... Theo Johnson should be added,Malik Nabers injury / steady target share
2025,1047: 15 Transactions for Week 10,The Late-Round Fantasy Football Podcast,SUPPLIED,10,JJ Zachariason,Aaron Jones,RB,MIN,WAIVER_ADD,UP,STRONG,REST_OF_SEASON,Trade for Aaron Jones Even if he misses some time in the short term this is a long-term play,top back workload / elite end of season schedule
2025,1047: 15 Transactions for Week 10,The Late-Round Fantasy Football Podcast,SUPPLIED,10,JJ Zachariason,Colston Loveland,TE,CHI,WAIVER_ADD,UP,STRONG,REST_OF_SEASON,So if Coulson Lovelin's on your waiver wire he should be added this week,week 9 breakout / high route share
2025,1047: 15 Transactions for Week 10,The Late-Round Fantasy Football Podcast,SUPPLIED,10,JJ Zachariason,DJ Moore,WR,CHI,BUST,DOWN,MODERATE,REST_OF_SEASON,So if you can sell him high definitely try to do that,unsustainable touchdown dependency / low target share
2025,1047: 15 Transactions for Week 10,The Late-Round Fantasy Football Podcast,SUPPLIED,10,JJ Zachariason,Blake Corum,RB,LAR,HANDCUFF,UP,MODERATE,REST_OF_SEASON,He's got to be one of the higherend handcuffs in fantasy football right now,growing rush share / Kyren Williams backup
2025,1047: 15 Transactions for Week 10,The Late-Round Fantasy Football Podcast,SUPPLIED,10,JJ Zachariason,Christian Watson,WR,GB,WAIVER_ADD,UP,MODERATE,REST_OF_SEASON,So I do think Christian Watson should be rostered in more leagues,Tucker Kraft ACL / Matthew Golden shoulder injury
2025,1047: 15 Transactions for Week 10,The Late-Round Fantasy Football Podcast,SUPPLIED,10,JJ Zachariason,Marcus Mariota,QB,WAS,START,UP,HEDGED,THIS_WEEK,I do think Mariota is more of that traditional streamer type,Jayden Daniels injury / rushing floor
2025,1047: 15 Transactions for Week 10,The Late-Round Fantasy Football Podcast,SUPPLIED,10,JJ Zachariason,Cleveland Browns,DST,CLE,START,UP,STRONG,THIS_WEEK,the Browns make plenty of sense as a streaming choice,facing Jets off bye / 36.5 over/under
2025,2025 DEEP Sleepers for Your Fantasy League,Late-Round Fantasy Football,SUPPLIED,SUPPLIED,JJ Zachariason,Demario Douglas,WR,NE,SLEEPER,UP,MODERATE,REST_OF_SEASON,he's going to play the slot in a Josh McDaniels offense... Demario Douglas at least someone that you know will be a high floor option,slot role in Josh McDaniels offense
2025,2025 DEEP Sleepers for Your Fantasy League,Late-Round Fantasy Football,SUPPLIED,SUPPLIED,JJ Zachariason,Elijah Arroyo,TE,SEA,SLEEPER,UP,HEDGED,NEXT_SEASON,I think that he could easily be the dude in like 2026 not 2025,receiving tight end profile
2025,2025 DEEP Sleepers for Your Fantasy League,Late-Round Fantasy Football,SUPPLIED,SUPPLIED,JJ Zachariason,Kyle Monangai,RB,CHI,STASH,UP,HEDGED,REST_OF_SEASON,let's get Kyle Manungai stash now because we know that he can maybe take over that early down role,Roshan Johnson struggles / early down role
2025,2025 DEEP Sleepers for Your Fantasy League,Late-Round Fantasy Football,SUPPLIED,SUPPLIED,JJ Zachariason,Jacory Croskey-Merritt,RB,WAS,SLEEPER,UP,MODERATE,REST_OF_SEASON,I did add JCM as a late round dart throw last week... he is the most athletic back on this team by far in my opinion,athleticism / open backfield depth
2025,2025 DEEP Sleepers for Your Fantasy League,Late-Round Fantasy Football,SUPPLIED,SUPPLIED,JJ Zachariason,Sean Tucker,RB,TB,HANDCUFF,UP,STRONG,THIS_WEEK,Shawn Tucker is definitely worth a last round dart,Rashad White injury / high efficiency in limited touches
2025,902: 15 Transactions for Week 1,The Late-Round Fantasy Football Podcast,SUPPLIED,1,JJ Zachariason,Jordan Love,QB,GB,START,UP,MODERATE,REST_OF_SEASON,there's a very real chance though that Jordan love is a top five quarterback through the front half of this season that's why he's a buy,favorable early season secondary matchups
2025,902: 15 Transactions for Week 1,The Late-Round Fantasy Football Podcast,SUPPLIED,1,JJ Zachariason,Zamir White,RB,LV,BUST,DOWN,STRONG,REST_OF_SEASON,I don't want an early down running back without pass catching upside in a bad offense... that's why zamir whites a cell,lack of pass catching / Alexander Mattison rotation
2025,902: 15 Transactions for Week 1,The Late-Round Fantasy Football Podcast,SUPPLIED,1,JJ Zachariason,Ray Davis,RB,BUF,HANDCUFF,UP,MODERATE,REST_OF_SEASON,Ray Davis should be rostered in way more leagues,James Cook top handcuff / goal line potential
2025,902: 15 Transactions for Week 1,The Late-Round Fantasy Football Podcast,SUPPLIED,1,JJ Zachariason,Andrei Iosivas,WR,CIN,STASH,UP,HEDGED,THIS_WEEK,to me he's worth a stash though I am longterm I am of the belief that rookie Germa... Yosi Vash has to step up,Tyler Boyd role / Jamar Chase contract dispute
2025,902: 15 Transactions for Week 1,The Late-Round Fantasy Football Podcast,SUPPLIED,1,JJ Zachariason,Kyler Murray,QB,ARI,BREAKOUT,UP,STRONG,REST_OF_SEASON,don't underestimate Kyler Murray in 2024,healthy rushing floor + Marvin Harrison Jr.
2025,902: 15 Transactions for Week 1,The Late-Round Fantasy Football Podcast,SUPPLIED,1,JJ Zachariason,Jaylen Wright,RB,MIA,SLEEPER,UP,MODERATE,REST_OF_SEASON,Jaylen Wright has outs in both departments this year... he fits this offense really well,speed / DeVon Achane & Raheem Mostert injury history
2025,902: 15 Transactions for Week 1,2024-09-02,1,1,JJ Zachariason,Rhamondre Stevenson,RB,NE,BUST,DOWN,MODERATE,REST_OF_SEASON,sell ra Andre Stevenson... what if Antonio Gibson... sees a lot of work through the air,Antonio Gibson passing game competition / bad game scripts
2025,902: 15 Transactions for Week 1,2024-09-02,1,1,JJ Zachariason,Jaxon Smith-Njigba,WR,SEA,BREAKOUT,UP,STRONG,REST_OF_SEASON,this could benefit Jackson Smith and jiga,Ryan Grubb offense / Tyler Lockett knee injury
2025,902: 15 Transactions for Week 1,2024-09-02,1,1,JJ Zachariason,Colby Parkinson,TE,LAR,START,UP,HEDGED,THIS_WEEK,Parkinson does make for an interesting streamer here in week one,Tyler Higbee injury / high over/under vs Lions
2025,902: 15 Transactions for Week 1,2024-09-02,1,1,JJ Zachariason,Los Angeles Chargers,DST,LAC,START,UP,MODERATE,THIS_WEEK,the Chargers are available in so many leagues... 3-point favorites,facing Gardner Minshew / favorite
2025,906: 15 Transactions for Week 2,The Late-Round Fantasy Football Podcast,SUPPLIED,2,JJ Zachariason,Drake London,WR,ATL,BREAKOUT,UP,HEDGED,REST_OF_SEASON,now might be the time to Buy Low on Drake London,Kirk Cousins recovery / easy playoff schedule
2025,906: 15 Transactions for Week 2,The Late-Round Fantasy Football Podcast,SUPPLIED,2,JJ Zachariason,Bijan Robinson,RB,ATL,BREAKOUT,UP,STRONG,REST_OF_SEASON,by bejan Robinson straight up... Robinson is going to destroy fantasy football this year,Christian McCaffrey role / elite week 1 usage
2025,906: 15 Transactions for Week 2,The Late-Round Fantasy Football Podcast,SUPPLIED,2,JJ Zachariason,J.K. Dobbins,RB,DEN,WAIVER_ADD,UP,STRONG,REST_OF_SEASON,he's definitely a top ad off the waiver wire this week,week 1 breakout / volume in Greg Roman offense
2025,906: 15 Transactions for Week 2,The Late-Round Fantasy Football Podcast,SUPPLIED,2,JJ Zachariason,Courtland Sutton,WR,DEN,SLEEPER,UP,MODERATE,REST_OF_SEASON,statistically he's at least someone to Target,29% target share / 60% air yards share
2025,906: 15 Transactions for Week 2,The Late-Round Fantasy Football Podcast,SUPPLIED,2,JJ Zachariason,Ty Chandler,RB,MIN,WAIVER_ADD,UP,MODERATE,REST_OF_SEASON,Chandler's still out there in two-thirds of Yahoo leagues he's got some Flex Appeal,Aaron Jones backup / week 1 standalone volume
2025,906: 15 Transactions for Week 2,The Late-Round Fantasy Football Podcast,SUPPLIED,2,JJ Zachariason,Demarcus Robinson,WR,LAR,WAIVER_ADD,UP,STRONG,REST_OF_SEASON,prioritize Demarcus Robinson,Puka Nacua IR injury
2025,906: 15 Transactions for Week 2,The Late-Round Fantasy Football Podcast,SUPPLIED,2,JJ Zachariason,Tyler Johnson,WR,LAR,WAIVER_ADD,UP,MODERATE,REST_OF_SEASON,don't forget about Tyler Johnson either,Puka Nacua IR injury
2025,906: 15 Transactions for Week 2,The Late-Round Fantasy Football Podcast,SUPPLIED,2,JJ Zachariason,Jordan Whittington,WR,LAR,STASH,UP,HEDGED,REST_OF_SEASON,then you can stash Jordan Whittington too,Puka Nacua IR / slot profile
2025,906: 15 Transactions for Week 2,The Late-Round Fantasy Football Podcast,SUPPLIED,2,JJ Zachariason,Tank Bigsby,RB,JAX,HANDCUFF,UP,HEDGED,REST_OF_SEASON,Bigsby looks like he could be another Flex plus player,equal carries with Travis Etienne in week 1
2025,910: 15 Transactions for Week 3,The Late-Round Fantasy Football Podcast,SUPPLIED,3,JJ Zachariason,Carson Steele,RB,KC,WAIVER_ADD,UP,HEDGED,THIS_WEEK,Carson steel got some short yardage work he got some goal line work... we should expect him to probably play that role,Isaiah Pacheco fibula fracture
2025,910: 15 Transactions for Week 3,The Late-Round Fantasy Football Podcast,SUPPLIED,3,JJ Zachariason,Samaje Perine,RB,KC,WAIVER_ADD,UP,HEDGED,THIS_WEEK,perine's a reliable pass catching threat,Isaiah Pacheco fibula fracture / 3rd down role
2025,910: 15 Transactions for Week 3,The Late-Round Fantasy Football Podcast,SUPPLIED,3,JJ Zachariason,Jalen Tolbert,WR,DAL,WAIVER_ADD,UP,MODERATE,REST_OF_SEASON,there's a chance they want to feature him more moving forward,increased route participation / week 2 breakout
2025,910: 15 Transactions for Week 3,The Late-Round Fantasy Football Podcast,SUPPLIED,3,JJ Zachariason,Bucky Irving,RB,TB,WAIVER_ADD,UP,MODERATE,REST_OF_SEASON,this week he gets his own special place on this list,increasing rush share / Rashaad White inefficiency
2025,910: 15 Transactions for Week 3,The Late-Round Fantasy Football Podcast,SUPPLIED,3,JJ Zachariason,Jordan Whittington,WR,LAR,WAIVER_ADD,UP,STRONG,THIS_WEEK,he's the more direct replacement for Cooper cup and that makes him a smart ad this week,Cooper Cup injury / direct slot replacement
2025,910: 15 Transactions for Week 3,The Late-Round Fantasy Football Podcast,SUPPLIED,3,JJ Zachariason,Brock Bowers,TE,LV,BREAKOUT,UP,STRONG,REST_OF_SEASON,by Brock Bowers one of the few bright spots at tight end this season,25% target share as rookie tight end
2025,910: 15 Transactions for Week 3,The Late-Round Fantasy Football Podcast,SUPPLIED,3,JJ Zachariason,Quentin Johnston,WR,LAC,WAIVER_ADD,UP,HEDGED,REST_OF_SEASON,regardless he should be added this week maybe things finally clicked for him,week 2 multi-TD game / 32% target share
2025,910: 15 Transactions for Week 3,The Late-Round Fantasy Football Podcast,SUPPLIED,3,JJ Zachariason,Cam Akers,RB,HOU,WAIVER_ADD,UP,HEDGED,THIS_WEEK,if mixon's out cam makers has a shot to see a lot of work,Joe Mixon ankle injury
2025,914: 15 Transactions for Week 4,The Late-Round Fantasy Football Podcast,SUPPLIED,4,JJ Zachariason,Romeo Doubs,WR,GB,BREAKOUT,UP,STRONG,REST_OF_SEASON,I think Romeo dos is honestly one of the best buys this week,leads Packers in routes run / Jordan Love return
2025,914: 15 Transactions for Week 4,The Late-Round Fantasy Football Podcast,SUPPLIED,4,JJ Zachariason,Ezekiel Elliott,RB,DAL,WAIVER_FADE,DOWN,MODERATE,REST_OF_SEASON,in a 10 Team league maybe even a 12 team league with a normal siiz bench you could easily argue that that roster spot should be used for someone else Elliott,loss of workload in Dallas backfield
2025,918: 15 Transactions for Week 5,The Late-Round Fantasy Football Podcast,SUPPLIED,5,JJ Zachariason,Dontayvion Wicks,WR,GB,WAIVER_ADD,UP,STRONG,REST_OF_SEASON,davien Wicks is going to have a bigger role in this offense with Christian Watson sidelined,Christian Watson ankle injury / high yards per route run
2025,918: 15 Transactions for Week 5,The Late-Round Fantasy Football Podcast,SUPPLIED,5,JJ Zachariason,Tucker Kraft,TE,GB,WAIVER_ADD,UP,STRONG,REST_OF_SEASON,another Packer who absolutely needs to be rostered right now in the majority of leagues is Tucker craft,Green Bay TE1 / Jordan Love return
2025,918: 15 Transactions for Week 5,The Late-Round Fantasy Football Podcast,SUPPLIED,5,JJ Zachariason,Mark Andrews,TE,BAL,WAIVER_FADE,DOWN,STRONG,REST_OF_SEASON,in a 10 Team league some 12 team leagues I do think at this point you can drop Mark Andrews because he's basically a streamer,Isaiah Likely emergence / zero target games
2025,918: 15 Transactions for Week 5,The Late-Round Fantasy Football Podcast,SUPPLIED,5,JJ Zachariason,A.J. Brown,WR,PHI,BREAKOUT,UP,STRONG,REST_OF_SEASON,by AJ Brown... Brown should be back after the buy and Philadelphia wide receivers... have the third best schedule,buy low opportunity during injury/bye
2025,918: 15 Transactions for Week 5,The Late-Round Fantasy Football Podcast,SUPPLIED,5,JJ Zachariason,Trey Sermon,RB,IND,WAIVER_ADD,UP,HEDGED,THIS_WEEK,at the very least we should be adding Surman off the waiver wire,Jonathan Taylor high ankle sprain
2025,918: 15 Transactions for Week 5,The Late-Round Fantasy Football Podcast,SUPPLIED,5,JJ Zachariason,Xavier Worthy,WR,KC,BUST,DOWN,HEDGED,REST_OF_SEASON,sell Xavier worthy with rasheid rice out of the picture,Rashee Rice injury / slot mismatch
2025,918: 15 Transactions for Week 5,The Late-Round Fantasy Football Podcast,SUPPLIED,5,JJ Zachariason,Zamir White,RB,LV,WAIVER_FADE,DOWN,STRONG,REST_OF_SEASON,in a 10- team format some 12 team formats there are good upside stashes... I would rather go in that direction even though zamir white might give me better production,Alexander Mattison taking over touches
2025,918: 15 Transactions for Week 5,The Late-Round Fantasy Football Podcast,SUPPLIED,5,JJ Zachariason,Xavier Legette,WR,CAR,WAIVER_ADD,UP,MODERATE,REST_OF_SEASON,in week four Xavier Legette got some looks too he had a pretty good performance,Andy Dalton under center / Adam Thielen injury
2025,918: 15 Transactions for Week 5,The Late-Round Fantasy Football Podcast,SUPPLIED,5,JJ Zachariason,Wan'Dale Robinson,WR,NYG,WAIVER_ADD,UP,STRONG,REST_OF_SEASON,if he is going to be well above the 20% Target share Mark then he should be rostered in almost every league,top 15 target share / slot PPR volume
2025,918: 15 Transactions for Week 5,The Late-Round Fantasy Football Podcast,SUPPLIED,5,JJ Zachariason,Josh Downs,WR,IND,WAIVER_ADD,UP,STRONG,REST_OF_SEASON,he has that slot roll on lock,high target share since returning
2025,922: 15 Transactions for Week 6,The Late-Round Fantasy Football Podcast,SUPPLIED,6,JJ Zachariason,DeVon Achane,RB,MIA,BREAKOUT,UP,HEDGED,REST_OF_SEASON,if you want to buy into Tua coming back then Devon aan could be the ultimate buy low right now,buy low on concussion / Tua Tagovailoa return
2025,922: 15 Transactions for Week 6,The Late-Round Fantasy Football Podcast,SUPPLIED,6,JJ Zachariason,Jaylen Tolbert,WR,DAL,WAIVER_ADD,UP,MODERATE,REST_OF_SEASON,Tolbert scored the game-winning touchdown... That's why he should be added,Brandin Cooks injury / WR2 role
2025,922: 15 Transactions for Week 6,The Late-Round Fantasy Football Podcast,SUPPLIED,6,JJ Zachariason,Michael Pittman Jr.,WR,IND,BUST,DOWN,HEDGED,REST_OF_SEASON,sell Michael Pitman,Anthony Richardson inefficiency
2025,922: 15 Transactions for Week 6,The Late-Round Fantasy Football Podcast,SUPPLIED,6,JJ Zachariason,Ladd McConkey,WR,LAC,BREAKOUT,UP,STRONG,REST_OF_SEASON,why not take a chance by sending someone on your bench to get a player like makoni,27.3% target share as rookie
2025,922: 15 Transactions for Week 6,The Late-Round Fantasy Football Podcast,SUPPLIED,6,JJ Zachariason,Kyler Murray,QB,ARI,BUST,DOWN,HEDGED,REST_OF_SEASON,if you'd rather not risk his value potentially dropping now might be a decent time to sell,brutal upcoming schedule
2025,922: 15 Transactions for Week 6,The Late-Round Fantasy Football Podcast,SUPPLIED,6,JJ Zachariason,Philadelphia Eagles,DST,PHI,START,UP,STRONG,THIS_WEEK,Philadelphia is in play with jamus Winston under Center,facing Deshaun Watson/Browns coming off bye
2025,922: 15 Transactions for Week 6,The Late-Round Fantasy Football Podcast,SUPPLIED,6,JJ Zachariason,JuJu Smith-Schuster,WR,KC,WAIVER_ADD,UP,MODERATE,REST_OF_SEASON,at this moment today he's on a terrible ad off the waiver wire,Rashee Rice injury / 130 yard breakout
2025,934: 15 Transactions for Week 9,The Late-Round Fantasy Football Podcast,SUPPLIED,9,JJ Zachariason,Alexander Mattison,RB,LV,WAIVER_ADD,UP,STRONG,REST_OF_SEASON,this is a solid by low moment because Vegas right now has the absolute best fantasy playoff schedule for running backs,lead back role + elite playoff schedule
2025,934: 15 Transactions for Week 9,The Late-Round Fantasy Football Podcast,SUPPLIED,9,JJ Zachariason,Zamir White,RB,LV,STASH,UP,HEDGED,REST_OF_SEASON,you could always try to add zamir white because he's on a lot of Waiver Wires right now,handcuff to Mattison
2025,934: 15 Transactions for Week 9,The Late-Round Fantasy Football Podcast,SUPPLIED,9,JJ Zachariason,Parker Washington,WR,JAX,WAIVER_ADD,UP,MODERATE,REST_OF_SEASON,Parker Washington would be an every down player so he needs to be on your radar,Christian Kirk injury / slot role
2025,934: 15 Transactions for Week 9,The Late-Round Fantasy Football Podcast,SUPPLIED,9,JJ Zachariason,Rome Odunze,WR,CHI,BREAKOUT,UP,MODERATE,REST_OF_SEASON,now might be the time to go after him... rookie wide receivers tend to perform better during the second half of the Season,buy low / second-half rookie surge
2025,934: 15 Transactions for Week 9,The Late-Round Fantasy Football Podcast,SUPPLIED,9,JJ Zachariason,Xavier Legette,WR,CAR,WAIVER_ADD,UP,STRONG,REST_OF_SEASON,Legette will have opportunity to take over the top spot in that Panthers wide receiver room,Deontay Johnson trade / elite playoff schedule
2025,934: 15 Transactions for Week 9,The Late-Round Fantasy Football Podcast,SUPPLIED,9,JJ Zachariason,Jalen Coker,WR,CAR,WAIVER_ADD,UP,MODERATE,REST_OF_SEASON,all of this logic it applies for Jaylen Coker too in fact Coker might be the value ad here,Deontay Johnson trade / PFF receiving grade
2025,934: 15 Transactions for Week 9,The Late-Round Fantasy Football Podcast,SUPPLIED,9,JJ Zachariason,Dak Prescott,QB,DAL,BREAKOUT,UP,MODERATE,REST_OF_SEASON,I think he could work really well in a platoon... eighth best rest of season schedule,favorable playoff schedule / regression alert
2025,934: 15 Transactions for Week 9,The Late-Round Fantasy Football Podcast,SUPPLIED,9,JJ Zachariason,Blake Corum,RB,LAR,HANDCUFF,UP,MODERATE,REST_OF_SEASON,Blake Corum is the Handcuff in La... if Kyren Williams were to go down we would have more confidence,Kyren Williams handcuff
2025,934: 15 Transactions for Week 9,The Late-Round Fantasy Football Podcast,SUPPLIED,9,JJ Zachariason,Trey McBride,TE,ARI,BREAKOUT,UP,STRONG,REST_OF_SEASON,by Trey McBride I don't think people realize how good Trey McBride has actually been this year,25%+ target share in every game
2025,934: 15 Transactions for Week 9,The Late-Round Fantasy Football Podcast,SUPPLIED,9,JJ Zachariason,Matthew Stafford,QB,LAR,START,UP,MODERATE,THIS_WEEK,having cup and AA definitely helped I think just because he has his weapons back Stafford should be added,Cooper Kupp & Puka Nacua return
2025,934: 15 Transactions for Week 9,The Late-Round Fantasy Football Podcast,SUPPLIED,9,JJ Zachariason,Nick Chubb,RB,CLE,BREAKOUT,UP,HEDGED,REST_OF_SEASON,start chatting with the Nick chub manager in your league... went from a 69% running back rush share... it was 76%,increasing rush share post-injury
2025,934: 15 Transactions for Week 9,The Late-Round Fantasy Football Podcast,SUPPLIED,9,JJ Zachariason,New Orleans Saints,DST,NO,START,UP,MODERATE,THIS_WEEK,New Orleans overall just a safe option,facing Bryce Young / Panthers
2025,Breakout Picks + MEGALABOWL is BACK! | Fantasy Football 2025 - Ep. 1785,The Fantasy Footballers,SUPPLIED,SUPPLIED,Andy Holloway,Ricky Pearsall,WR,SF,BREAKOUT,UP,STRONG,REST_OF_SEASON,Ricky Pearsall should be the number one wide receiver for this team... A perfect breakout pick,SF offense / Brandon Aiyuk/Deebo Samuel uncertainty
2025,Breakout Picks + MEGALABOWL is BACK! | Fantasy Football 2025 - Ep. 1785,The Fantasy Footballers,SUPPLIED,SUPPLIED,Mike Wright,Tucker Kraft,TE,GB,BREAKOUT,UP,STRONG,REST_OF_SEASON,I'm going with Tucker Craft Tight end for the Green Bay Packers as my personal breakout pick,Packers TE1 / target upside
2025,Breakout Picks + MEGALABOWL is BACK! | Fantasy Football 2025 - Ep. 1785,The Fantasy Footballers,SUPPLIED,SUPPLIED,Jason Moore,Rome Odunze,WR,CHI,BREAKOUT,UP,STRONG,REST_OF_SEASON,part of the argument for Roma Dunze is he might have done the best he could do in light of the circumstances around him... Roma Dunze are going to be a deadly duo in their second season,year two leap with Caleb Williams
2025,Breakout Picks + MEGALABOWL is BACK! | Fantasy Football 2025 - Ep. 1785,The Fantasy Footballers,SUPPLIED,SUPPLIED,Andy Holloway,Marvin Mims Jr.,WR,DEN,SLEEPER,UP,HEDGED,REST_OF_SEASON,if this opportunity comes Marvin Mims will be an important player this year,Bo Nix year two / open targets
2025,Breakout Picks + MEGALABOWL is BACK! | Fantasy Football 2025 - Ep. 1785,The Fantasy Footballers,SUPPLIED,SUPPLIED,Mike Wright,Cedric Tillman,WR,CLE,SLEEPER,UP,MODERATE,REST_OF_SEASON,Jerry Judy you know... Tillman is like... Joe Flacco back ready to chuck it,Joe Flacco return / WR1 volume
2025,Can Cam Ward be 2025’s BREAKOUT QB like Jayden Daniels?!,Yahoo! Fantasy,SUPPLIED,SUPPLIED,UNATTRIBUTED,Cam Ward,QB,TEN,BREAKOUT,UP,HEDGED,REST_OF_SEASON,Cam Ward in a superflex format stuff like that... Ward's going to be competent right away i think this is going to be an offense a bunch of ADP beaters,rushing/passing upside in superflex
2025,Can Cam Ward be 2025’s BREAKOUT QB like Jayden Daniels?!,Yahoo! Fantasy,SUPPLIED,SUPPLIED,UNATTRIBUTED,Calvin Ridley,WR,TEN,SLEEPER,UP,STRONG,REST_OF_SEASON,a plus EV move is drafting Calvin Ridley where they're allowing you right now in Yahoo Leagues,discounted WR1 ADP
2025,Can Cam Ward be 2025’s BREAKOUT QB like Jayden Daniels?!,Yahoo! Fantasy,SUPPLIED,SUPPLIED,UNATTRIBUTED,Tony Pollard,RB,TEN,SLEEPER,UP,STRONG,REST_OF_SEASON,plus EV move is getting Tony Pard on your roster,cheap ADP
2025,Colts' Daniel Jones leads Week 3 waiver wire QB targets | Fantasy Football Happy Hour | NFL on NBC,NFL on NBC,SUPPLIED,3,UNATTRIBUTED,Daniel Jones,QB,IND,WAIVER_ADD,UP,STRONG,THIS_WEEK,Colts' Daniel Jones leads Week 3 waiver wire QB targets,starting QB streamer
2025,Colts' Daniel Jones leads Week 3 waiver wire QB targets | Fantasy Football Happy Hour | NFL on NBC,NFL on NBC,SUPPLIED,3,UNATTRIBUTED,Carson Wentz,QB,MIN,START,UP,HEDGED,THIS_WEEK,jake Brown and Carson Went shootout is in the range of outcomes,JJ McCarthy injury replacement
2025,Deep Sleepers: Late Round WRs | Just The Tips,The Fantasy Footballers,SUPPLIED,SUPPLIED,Jason Moore,Keon Coleman,WR,BUF,SLEEPER,UP,MODERATE,REST_OF_SEASON,there is a world where he becomes an alpha,year two WR1 upside in Buffalo
2025,Deep Sleepers: Late Round WRs | Just The Tips,The Fantasy Footballers,SUPPLIED,SUPPLIED,Jason Moore,Jayden Higgins,WR,HOU,SLEEPER,UP,STRONG,REST_OF_SEASON,Higgins feels like a young wide receiver that we will be drafting a lot of,34th pick draft capital / opposite Nico Collins
2025,Deep Sleepers: Late Round WRs | Just The Tips,The Fantasy Footballers,SUPPLIED,SUPPLIED,Jason Moore,Kyle Williams,WR,NE,SLEEPER,UP,MODERATE,REST_OF_SEASON,he could work his way into being a big play threat for Drake May,3rd round draft capital / explosive playmaker
2025,Deep Sleepers: Late Round WRs | Just The Tips,The Fantasy Footballers,SUPPLIED,SUPPLIED,Jason Moore,Dont'e Thornton Jr.,WR,LV,SLEEPER,UP,HEDGED,REST_OF_SEASON,stash him on your bench and see if the Raiders offense could possibly be better than we imagined,6'5 205 size with 4.34 40 speed
2025,Deep Sleepers: Late Round WRs | Just The Tips,The Fantasy Footballers,SUPPLIED,SUPPLIED,Jason Moore,Cedric Tillman,WR,CLE,SLEEPER,UP,STRONG,REST_OF_SEASON,here's my favorite Cedric Tilman... starting outside wide receiver for a team that ranked number one in pass rate last year and now they have Joe Flacco back,Joe Flacco pass volume / 24% target share stretch
2025,Early Breakouts & Sleepers | Fantasy Football 2025 - Ep. 1755,The Fantasy Footballers,SUPPLIED,SUPPLIED,Mike Wright,Josh Downs,WR,IND,BREAKOUT,UP,STRONG,REST_OF_SEASON,"Josh Downs... player who is ADP wise going much later... Flowers 74, 1059 and four... I'm in on Josh Downs",slot target volume
2025,Early Breakouts & Sleepers | Fantasy Football 2025 - Ep. 1755,The Fantasy Footballers,SUPPLIED,SUPPLIED,Andy Holloway,Jameson Williams,WR,DET,BREAKOUT,UP,STRONG,REST_OF_SEASON,to me Jamison Williams stands out as kind of the premier breakout pick for my off season,high draft capital / big-play upside
2025,Early Breakouts & Sleepers | Fantasy Football 2025 - Ep. 1755,The Fantasy Footballers,SUPPLIED,SUPPLIED,Jason Moore,Ben Sinnott,TE,WAS,SLEEPER,UP,HEDGED,REST_OF_SEASON,an athletic second round tight end with upside if Ertz gets hurt,98th percentile athleticism / Zach Ertz age
2025,Early Breakouts & Sleepers | Fantasy Football 2025 - Ep. 1755,The Fantasy Footballers,SUPPLIED,SUPPLIED,Mike Wright,Cedric Tillman,WR,CLE,SLEEPER,UP,MODERATE,REST_OF_SEASON,Cedric Tillman's undrafted and redrafted right now... favourite end of draft WR,undrafted value / physical upside
2025,Early Breakouts & Sleepers | Fantasy Football 2025 - Ep. 1755,The Fantasy Footballers,SUPPLIED,SUPPLIED,Andy Holloway,Marquise Brown,WR,KC,SLEEPER,UP,HEDGED,REST_OF_SEASON,"My not sleeper that I don't want to talk about is Hollywood Brown... 80%, 90% snap wide receiver",Chiefs WR1 role potential
2025,Fantasy Football Takeaways & Injury Updates | Week 12 Waiver Wire Advice & Early Targets (2025),FantasyPros,SUPPLIED,12,Scott Bogman,Emanuel Wilson,RB,GB,WAIVER_ADD,UP,STRONG,REST_OF_SEASON,you're probably going to have to unload to get Emanuel Wilson at this point... Josh Jacobs is probably helping carry your team right now so if you are rostering him you need to get Emanuel Wilson,Josh Jacobs PCL sprain
2025,Fantasy Football Takeaways & Injury Updates | Week 12 Waiver Wire Advice & Early Targets (2025),FantasyPros,SUPPLIED,12,Scott Bogman,Kyle Pitts,TE,ATL,START,UP,MODERATE,REST_OF_SEASON,Kyle Pittz arrow up it seems like Darnell Mooney ate next week,Drake London / Michael Penix Jr. injuries
2025,Fantasy Football Takeaways & Injury Updates | Week 12 Waiver Wire Advice & Early Targets (2025),FantasyPros,SUPPLIED,12,Seth Wilcox,Gunnar Helm,TE,TEN,WAIVER_ADD,UP,HEDGED,THIS_WEEK,Gunnar Helm four receptions 29 yards the Seattle Seahawks... give up so many tight end touchdowns,Calvin Ridley broken fibula / Chimere Dike concussion
2025,Fantasy Football Takeaways & Injury Updates | Week 12 Waiver Wire Advice & Early Targets (2025),FantasyPros,SUPPLIED,12,Scott Bogman,Kenneth Gainwell,RB,PIT,WAIVER_ADD,UP,HEDGED,THIS_WEEK,I would put him in the rotation of guys I'm trying to pick up for sure but know that it's probably a one to two week thing for Warren here,Jaylen Warren ankle injury
2025,Fantasy Football Takeaways & Injury Updates | Week 12 Waiver Wire Advice & Early Targets (2025),FantasyPros,SUPPLIED,12,Scott Bogman,Mason Rudolph,QB,PIT,WAIVER_ADD,UP,HEDGED,THIS_WEEK,superflex leagues you got to go get Mason in case Rogers gonna miss an extended period of time,Aaron Rodgers wrist injury
2025,Fantasy Football Takeaways & Injury Updates | Week 12 Waiver Wire Advice & Early Targets (2025),FantasyPros,SUPPLIED,12,Scott Bogman,Sean Tucker,RB,TB,WAIVER_ADD,UP,MODERATE,REST_OF_SEASON,Shawn Tucker taking over scoring 34 fantasy points against the Bills... 19 for 106 and two on the ground,hot hand in Tampa backfield
2025,Fantasy Football Takeaways & Injury Updates | Week 12 Waiver Wire Advice & Early Targets (2025),FantasyPros,SUPPLIED,12,Scott Bogman,Courtland Sutton,WR,DEN,SIT,NEUTRAL,HEDGED,REST_OF_SEASON,Courtland Sutton... I'm probably like a three and a half [on panic]... wide receiver 2 three borderline guy,Bo Nix struggles
2025,Fantasy Football Waiver Wire Pickups | Must-Have Players to Add (Week 11),FantasyPros,SUPPLIED,11,Derek Brown,Tez Johnson,WR,TB,WAIVER_ADD,UP,MODERATE,REST_OF_SEASON,TZ Johnson number one... TZ Johnson again making those big splash plays,Mike Evans / Chris Godwin injuries
2025,Fantasy Football Waiver Wire Pickups | Must-Have Players to Add (Week 11),FantasyPros,SUPPLIED,11,Derek Brown,Christian Watson,WR,GB,WAIVER_ADD,UP,STRONG,REST_OF_SEASON,Christian Watson I'm going to put up to number two because I think he's going to have some very high inflex moments for the rest of the season,high ADOT / splash play potential
2025,Fantasy Football Waiver Wire Pickups | Must-Have Players to Add (Week 11),FantasyPros,SUPPLIED,11,Pat Fitzmaurice,Theo Johnson,TE,NYG,WAIVER_ADD,UP,STRONG,REST_OF_SEASON,Theo Johnson continues to be a guy that I think has a lot of fantasy upside... volume was really encouraging eight targets seven catches 75 yards,Giants pass catcher injuries / 22% target share
2025,Fantasy Football Waiver Wire Pickups | Must-Have Players to Add (Week 11),FantasyPros,SUPPLIED,11,Derek Brown,Tyler Allgeier,RB,ATL,HANDCUFF,UP,STRONG,REST_OF_SEASON,Algier really fits into both of those buckets... he has flex utility... in the red zone where it's touchdown time,Bijan Robinson handcuff / red zone touch share
2025,Fantasy Football Waiver Wire Pickups | Must-Have Players to Add (Week 11),FantasyPros,SUPPLIED,11,Joey P,Brian Robinson Jr.,RB,WAS,WAIVER_ADD,UP,MODERATE,REST_OF_SEASON,Brian Robinson Jr I'm going to sneak in here at four,touchdown share / goal line work
2025,Fantasy Football Waiver Wire Pickups | Must-Have Players to Add (Week 14),FantasyPros,SUPPLIED,14,Pat Fitzmaurice,Jaden Higgins,WR,HOU,WAIVER_ADD,UP,STRONG,REST_OF_SEASON,Jaden Higgins is going to be number one for me,top waiver option for playoffs
2025,Fantasy Football Waiver Wire Pickups | Must-Have Players to Add (Week 14),FantasyPros,SUPPLIED,14,Pat Fitzmaurice,Tampa Bay Buccaneers,DST,TB,START,UP,STRONG,REST_OF_SEASON,pick up the Buccaneers and ride them the rest of the way,"elite playoff matchups vs Saints, Falcons, Panthers, Dolphins"
2025,Fantasy Football Waiver Wire Pickups | Must-Have Players to Add (Week 14),FantasyPros,SUPPLIED,14,Pat Fitzmaurice,Blake Corum,RB,LAR,HANDCUFF,UP,STRONG,REST_OF_SEASON,if Kairen goes down we are ranking him as a top 10 running back in that week,Kyren Williams backup
2025,Fantasy Football Waiver Wire Pickups | Must-Have Players to Add (Week 14),FantasyPros,SUPPLIED,14,Pat Fitzmaurice,Tyler Allgeier,RB,ATL,HANDCUFF,UP,STRONG,REST_OF_SEASON,Tyler Algier and then Bam Knight,Bijan Robinson handcuff
2025,Fantasy Football Waiver Wire Pickups | Must-Have Players to Add (Week 14),FantasyPros,SUPPLIED,14,Pat Fitzmaurice,Zonovan Knight,RB,ARI,HANDCUFF,UP,HEDGED,REST_OF_SEASON,if Benson ends up on season ending IR Bam Knight in week 17 against the Bengals... attractive running back tour or flex option,Trey Benson knee injury
2025,22. Fantasy Football Waiver Wire Pickups | Must-Have Players to Add (Week 2),FantasyPros,SUPPLIED,2,Pat Fitzmaurice,Marquise Brown,WR,KC,WAIVER_ADD,UP,HEDGED,THIS_WEEK,hollywood brown number one by far... best selected by people who need short-term production,Rashee Rice suspension / Xavier Worthy injury
2025,22. Fantasy Football Waiver Wire Pickups | Must-Have Players to Add (Week 2),FantasyPros,SUPPLIED,2,Pat Fitzmaurice,Kyle Monangai,RB,CHI,WAIVER_ADD,UP,MODERATE,REST_OF_SEASON,kyle manangi is going to be number two... tackle breaking component that I don't think deandre swift has,tackle breaking ability vs DeAndre Swift
2025,22. Fantasy Football Waiver Wire Pickups | Must-Have Players to Add (Week 2),FantasyPros,SUPPLIED,2,Derek Brown,Dylan Sampson,RB,CLE,WAIVER_ADD,UP,MODERATE,THIS_WEEK,dylan samson 52% rostered... passing down back in this offense,Jerome Ford target share competition
2025,22. Fantasy Football Waiver Wire Pickups | Must-Have Players to Add (Week 2),FantasyPros,SUPPLIED,2,Derek Brown,Quentin Johnston,WR,LAC,WAIVER_ADD,UP,MODERATE,REST_OF_SEASON,quinton johnston at four,week 1 targets / team WR depth
2025,22. Fantasy Football Waiver Wire Pickups | Must-Have Players to Add (Week 2),FantasyPros,SUPPLIED,2,Pat Fitzmaurice,Harold Fannin Jr.,TE,CLE,WAIVER_ADD,UP,STRONG,REST_OF_SEASON,number five harold fannon whose usage was really eye opening in week one,117 receptions in FBS / Cleveland TE usage
2025,23. Fantasy Football Waiver Wire Pickups | Must-Have Players to Add (Week 3),FantasyPros,SUPPLIED,3,Pat Fitzmaurice,Elic Ayomanor,WR,TEN,WAIVER_ADD,UP,STRONG,REST_OF_SEASON,Alec Aamor number one... this is the guy I want to spend up for,Tennessee WR depth chart vacancy
2025,23. Fantasy Football Waiver Wire Pickups | Must-Have Players to Add (Week 3),FantasyPros,SUPPLIED,3,Pat Fitzmaurice,Harold Fannin Jr.,TE,CLE,WAIVER_ADD,UP,STRONG,REST_OF_SEASON,Harold Fannon number two,high receiving usage
2025,23. Fantasy Football Waiver Wire Pickups | Must-Have Players to Add (Week 3),FantasyPros,SUPPLIED,3,Pat Fitzmaurice,Juwan Johnson,TE,NO,WAIVER_ADD,UP,MODERATE,REST_OF_SEASON,capitulate on Joan Johnson and put him at number three,23%+ target share in weeks 1-2
2025,23. Fantasy Football Waiver Wire Pickups | Must-Have Players to Add (Week 3),FantasyPros,SUPPLIED,3,Derek Brown,Daniel Jones,QB,IND,WAIVER_ADD,UP,STRONG,THIS_WEEK,Daniel Jones at number one,450-yard week 2 explosion vs Cowboys
2025,23. Fantasy Football Waiver Wire Pickups | Must-Have Players to Add (Week 3),FantasyPros,SUPPLIED,3,Pat Fitzmaurice,Matthew Stafford,QB,LAR,START,UP,MODERATE,THIS_WEEK,Stafford at five,passing volume
2025,24. Fantasy Football Waiver Wire Pickups | Must-Have Players to Add (Week 4),FantasyPros,SUPPLIED,4,Derek Brown,Alec Pierce,WR,IND,WAIVER_ADD,UP,STRONG,REST_OF_SEASON,Elica is number one for me,consistent target share & TDs
2025,24. Fantasy Football Waiver Wire Pickups | Must-Have Players to Add (Week 4),FantasyPros,SUPPLIED,4,Derek Brown,Troy Franklin,WR,DEN,WAIVER_ADD,UP,STRONG,REST_OF_SEASON,troy Franklin number two,72% snap share / Shawn Peyton preferred outside WR
2025,24. Fantasy Football Waiver Wire Pickups | Must-Have Players to Add (Week 4),FantasyPros,SUPPLIED,4,Derek Brown,Courtland Sutton,WR,DEN,WAIVER_ADD,UP,MODERATE,REST_OF_SEASON,christian Kirk another name... volume is there... he's number three,consistent weekly volume
2025,24. Fantasy Football Waiver Wire Pickups | Must-Have Players to Add (Week 4),FantasyPros,SUPPLIED,4,Derek Brown,Christian Kirk,WR,JAX,WAIVER_ADD,UP,MODERATE,REST_OF_SEASON,Christian Kirk... he's number four,weekly target volume
2025,24. Fantasy Football Waiver Wire Pickups | Must-Have Players to Add (Week 4),FantasyPros,SUPPLIED,4,Derek Brown,Matthew Stafford,QB,LAR,START,UP,MODERATE,THIS_WEEK,Matthew Stafford is five for me,passing match-up
2025,How Omarion Hampton earned Berry's 'Ride or Die' | Fantasy Football Happy Hour | NFL on NBC,NFL on NBC,SUPPLIED,SUPPLIED,Matthew Berry,Omarion Hampton,RB,LAC,BREAKOUT,UP,STRONG,NEXT_SEASON,or Marin Hampton he could be a top five running back this year very conceivably... Omarion Hampton earned Berry's Ride or Die,workhorse back potential / Chargers backfield
2025,Malik Washington leads deep league WR waiver pickups | Fantasy Football Happy Hour | NFL on NBC,NFL on NBC,SUPPLIED,SUPPLIED,Matthew Berry,Malik Washington,WR,MIA,STASH,UP,STRONG,REST_OF_SEASON,Malik Washington is the guy that most obviously profiles to take that role in the offense... highly recommend a stash for deeper leagues,Tyreek Hill trade rumors / injury backup
2025,Malik Washington leads deep league WR waiver pickups | Fantasy Football Happy Hour | NFL on NBC,NFL on NBC,SUPPLIED,SUPPLIED,Matthew Berry,Ray-Ray McCloud III,WR,ATL,WAIVER_ADD,UP,MODERATE,THIS_WEEK,if you need somebody this week then wide receiver somebody like Ray Ray Mloud,short-term injury replacement
2025,Malik Washington leads deep league WR waiver pickups | Fantasy Football Happy Hour | NFL on NBC,NFL on NBC,SUPPLIED,SUPPLIED,Matthew Berry,Wan'Dale Robinson,WR,NYG,WAIVER_ADD,UP,MODERATE,THIS_WEEK,somebody like Juan Del Robinson,PPR volume
2025,Matt Harmon’s 2025 Draft Blueprint: 5 MUST DOs to DOMINATE your fantasy drafts,Yahoo! Fantasy,SUPPLIED,SUPPLIED,Chris Allen,Emeka Egbuka,WR,TB,SLEEPER,UP,STRONG,REST_OF_SEASON,Embuka like is one that absolutely sticks out as especially with Chris Godwin's injury timeline,Chris Godwin injury timeline / early season target share
2025,Matt Harmon’s 2025 Draft Blueprint: 5 MUST DOs to DOMINATE your fantasy drafts,Yahoo! Fantasy,SUPPLIED,SUPPLIED,Matt Harmon,Michael Pittman Jr.,WR,IND,BREAKOUT,UP,STRONG,REST_OF_SEASON,Michael Pitman is currently being drafted around... compared to where he's being drafted... come on guys we have to move him up a bit,discounted WR1 volume / health recovery
2025,Matt Harmon’s 2025 Draft Blueprint: 5 MUST DOs to DOMINATE your fantasy drafts,Yahoo! Fantasy,SUPPLIED,SUPPLIED,Chris Allen,Jakobi Meyers,WR,JAX,SLEEPER,UP,STRONG,REST_OF_SEASON,Jacobe Myers he's gonna be my guy that I've been trying to draft... Jacobe Myers might actually be the most underrated receiver in the NFL,Geno Smith upgrade / man coverage success rate
2025,Matt Harmon’s 2025 Draft Blueprint: 5 MUST DOs to DOMINATE your fantasy drafts,Yahoo! Fantasy,SUPPLIED,SUPPLIED,Matt Harmon,Jordan Mason,RB,MIN,SLEEPER,UP,STRONG,REST_OF_SEASON,I've got this guy as running back 29 which is well ahead of his ADP right now jordan Mason... 5.65 yards per carry on gap scheme runs,gap scheme fit / goal line role / Aaron Jones handcuff
2025,Matt Harmon’s 2025 Draft Blueprint: 5 MUST DOs to DOMINATE your fantasy drafts,Yahoo! Fantasy,SUPPLIED,SUPPLIED,Chris Allen,Jaylen Waddle,WR,MIA,BREAKOUT,UP,STRONG,REST_OF_SEASON,jaylen Wadd give me Jaylen Waddle i don't care that last season was a complete disaster for him,high dropback passing volume / bounceback candidate
2025,Matt Harmon’s 2025 Draft Blueprint: 5 MUST DOs to DOMINATE your fantasy drafts,Yahoo! Fantasy,SUPPLIED,SUPPLIED,Matt Harmon,George Pickens,WR,DAL,BREAKOUT,UP,STRONG,REST_OF_SEASON,George Pickkins is the one player I will not leave drafts without this year... most mispriced player in fantasy right now,alpha receiver talent / mispriced ADP
2025,Must Draft Players For Fantasy Football 2025 | Harris Football,Harris Football,SUPPLIED,SUPPLIED,Christopher Harris,Tank Bigsby,RB,JAX,SLEEPER,UP,STRONG,REST_OF_SEASON,Cartavius... Tank Bsby's real first name... Cartavius will only cost you a 10th round pick He was Jacksonville's best running back last year so let's stash him away,goal line usage / physical running style
2025,Must Draft Players For Fantasy Football 2025 | Harris Football,Harris Football,SUPPLIED,SUPPLIED,Christopher Harris,Ricky Pearsall,WR,SF,SLEEPER,UP,STRONG,REST_OF_SEASON,secondyear Niners wide out Ricky Pierol... Pearl goes in something like the eighth round... explosive after the catch,late season tape / YAC ability
2025,Must Draft Players For Fantasy Football 2025 | Harris Football,Harris Football,SUPPLIED,SUPPLIED,Christopher Harris,Chuba Hubbard,RB,CAR,BREAKOUT,UP,STRONG,REST_OF_SEASON,Chuba Hubard very tough physical player and I like him,established starter role / physical style
2025,Must Draft Players For Fantasy Football 2025 | Harris Football,Harris Football,SUPPLIED,SUPPLIED,Christopher Harris,Jaxon Smith-Njigba,WR,SEA,BREAKOUT,UP,STRONG,REST_OF_SEASON,JSN is one of those I think he's completely locked in as a number two fantasy wide out,increased downfield usage / year two growth
2025,Must Draft Players For Fantasy Football 2025 | Harris Football,Harris Football,SUPPLIED,SUPPLIED,Christopher Harris,Josh Jacobs,RB,GB,BREAKOUT,UP,STRONG,REST_OF_SEASON,Josh Jacobs... should be a first round pick for fantasy... feels like getting two first round picks,workhorse volume / Matt LaFleur usage
2025,My Most Drafted Players & Week 1 Waivers,Harris Football,2025-09-02,1,Christopher Harris,Christopher Harris,WR,N/A,RANKING_ONLY,NEUTRAL,STRONG,THIS_WEEK,My Most Drafted Players & Week 1 Waivers,episode intro
2025,Playoff Primer + Trade Targets & League Winners | Fantasy Football 2025 - Ep. 1845,The Fantasy Footballers,SUPPLIED,SUPPLIED,Mike Wright,Dalton Schultz,TE,HOU,WAIVER_ADD,UP,MODERATE,THIS_WEEK,"I will go with the world's slowest yet effective tight end Dalton Schultz... tight end 8, 7, and 4 in three of the four weeks",Davis Mills target connection / recent TE finishes
2025,Playoff Primer + Trade Targets & League Winners | Fantasy Football 2025 - Ep. 1845,The Fantasy Footballers,SUPPLIED,SUPPLIED,Andy Holloway,Tyler Badie,RB,DEN,WAIVER_ADD,UP,MODERATE,THIS_WEEK,Tyler Bidet... from the Denver Broncos... J.K. Dobbins injury... passing down back who's already been involved,JK Dobbins foot injury / 2-minute drill role
2025,Playoff Primer + Trade Targets & League Winners | Fantasy Football 2025 - Ep. 1845,The Fantasy Footballers,SUPPLIED,SUPPLIED,Jason Moore,San Francisco 49ers,DST,SF,START,UP,STRONG,THIS_WEEK,San Francisco 49ers DST make sure you get out ahead of it because they'll be on the waiver show next week,"favorable upcoming schedule vs Arizona, Carolina, Cleveland"
2025,Playoff Primer + Trade Targets & League Winners | Fantasy Football 2025 - Ep. 1845,The Fantasy Footballers,SUPPLIED,SUPPLIED,Jason Moore,Trey Benson,RB,ARI,STASH,UP,HEDGED,REST_OF_SEASON,Trey Benson is... a sneaky go trade for right now... Championship against the Cincinnati Bengals,playoff schedule vs Atlanta/Cincinnati
2025,Top 6 Fantasy Football Waiver Wire Targets & Pickups for Week 7 (2025),FantasyPros,SUPPLIED,7,Jake Ciely,Kimani Vidal,RB,LAC,WAIVER_ADD,UP,STRONG,REST_OF_SEASON,Kimani Vidal 18 carries 124 for him he also had three catches on four targets for 14 yards and a receiving touchdown... Vidal is the piece,lead back role vs Miami / 18 carries
2025,Top 6 Fantasy Football Waiver Wire Targets & Pickups for Week 7 (2025),FantasyPros,SUPPLIED,7,Jake Ciely,Tyjae Spears,RB,TEN,WAIVER_ADD,UP,MODERATE,REST_OF_SEASON,I like Spears more than I like Vidal... passcatching more explosive more high of a ceiling value,pass-catching ceiling
2025,Top 6 Fantasy Football Waiver Wire Targets & Pickups for Week 7 (2025),FantasyPros,SUPPLIED,7,Jake Ciely,Zonovan Knight,RB,ARI,WAIVER_ADD,UP,HEDGED,THIS_WEEK,now you're looking at Bam Knight kind of more of the Haskins with more of a workload where he'll probably get the 40 to 50%,50-50 backfield split
2025,Top 6 Fantasy Football Waiver Wire Targets & Pickups for Week 7 (2025),FantasyPros,SUPPLIED,7,Jake Ciely,Jordan Whittington,WR,LAR,WAIVER_ADD,UP,HEDGED,THIS_WEEK,immediate would be Whittington if you need a few more weeks out of him,Puka Nacua injury / Tutu Atwell hamstring
2025,Top 6 Fantasy Football Waiver Wire Targets & Pickups for Week 7 (2025),FantasyPros,SUPPLIED,7,Jake Ciely,Harold Fannin Jr.,TE,CLE,WAIVER_ADD,UP,MODERATE,REST_OF_SEASON,Fannon's five... with that injury there yeah Fannon was actually one of the most dropped players,David Njoku injury
2025,Waiver Wire Analysis: Week 1 | Establish The Run,Establish The Run,SUPPLIED,1,John Daigle,Joe Mixon,RB,HOU,WAIVER_FADE,DOWN,STRONG,REST_OF_SEASON,We began burying Joe Mixon (foot) in our rankings on July 26 and have comfortably settled on him as an undraftable player,foot injury / unrosterable
2025,Waiver Wire Analysis: Week 1 | Establish The Run,Establish The Run,SUPPLIED,1,John Daigle,Brian Robinson Jr.,RB,WAS,WAIVER_FADE,DOWN,STRONG,REST_OF_SEASON,Brian Robinson Jr. is rostered in 69% of Yahoo leagues... exactly how Robinson should be viewed after he was shipped to San Francisco,shipped to SF / behind McCaffrey
2025,Waiver Wire Analysis: Week 10 | Establish The Run,Establish The Run,SUPPLIED,10,John Daigle,Christian Watson,WR,GB,WAIVER_ADD,UP,STRONG,REST_OF_SEASON,He's a top priority on the waiver wire heading into Week 10,"Jayden Reed, Matthew Golden, Tucker Kraft injuries"
2025,Waiver Wire Analysis: Week 11 | Establish The Run,Establish The Run,SUPPLIED,11,John Daigle,Jacoby Brissett,QB,ARI,START,UP,MODERATE,THIS_WEEK,"Jacoby Brissett, Cardinals — Rostered in 20% of Yahoo Leagues (Suggested 1% FAAB Bid)",starting QB streamer
2025,Waiver Wire Analysis: Week 13 | Establish The Run,Establish The Run,SUPPLIED,13,John Daigle,Parker Washington,WR,JAX,WAIVER_ADD,UP,STRONG,REST_OF_SEASON,"Parker Washington remains Jacksonville's full-time slot wide receiver, and he reeled in 5-of-7 targets for 71 yards and a touchdown",full-time slot WR / 5-of-7 targets for 71 yards and TD
2025,Waiver Wire Analysis: Week 2 | Establish The Run,Establish The Run,SUPPLIED,2,John Daigle,Kayshon Boutte,WR,NE,WAIVER_ADD,UP,STRONG,REST_OF_SEASON,1. Kayshon Boutte,top waiver WR add
2025,Waiver Wire Analysis: Week 2 | Establish The Run,Establish The Run,SUPPLIED,2,John Daigle,Cedric Tillman,WR,CLE,WAIVER_ADD,UP,STRONG,REST_OF_SEASON,2. Cedric Tillman,top waiver WR add
2025,Waiver Wire Analysis: Week 2 | Establish The Run,Establish The Run,SUPPLIED,2,John Daigle,Marquise Brown,WR,KC,WAIVER_ADD,UP,STRONG,REST_OF_SEASON,3. Hollywood Brown,top waiver WR add
2025,Waiver Wire Analysis: Week 2 | Establish The Run,Establish The Run,SUPPLIED,2,John Daigle,Juwan Johnson,TE,NO,WAIVER_ADD,UP,STRONG,REST_OF_SEASON,4. Juwan Johnson,top waiver TE add
2025,Waiver Wire Analysis: Week 2 | Establish The Run,Establish The Run,SUPPLIED,2,John Daigle,Harold Fannin Jr.,TE,CLE,WAIVER_ADD,UP,STRONG,REST_OF_SEASON,5. Harold Fannin Jr.,top waiver TE add
2025,Waiver Wire Analysis: Week 2 | Establish The Run,Establish The Run,SUPPLIED,2,John Daigle,Quentin Johnston,WR,LAC,WAIVER_ADD,UP,STRONG,REST_OF_SEASON,6. Quentin Johnston,top waiver WR add
2025,"Week 1 waiver wire RBs: Add Ollie Gordon, Browns' duo | Fantasy Football Happy Hour | NFL on NBC",NFL on NBC,SUPPLIED,1,Matthew Berry,Ollie Gordon II,RB,MIA,WAIVER_ADD,UP,STRONG,REST_OF_SEASON,Ali Gordon if Devon Achan were to ever miss any time I think would easily be a you know a starting running back in fantasy football,DeVon Achane backup / camp performance
2025,"Week 1 waiver wire RBs: Add Ollie Gordon, Browns' duo | Fantasy Football Happy Hour | NFL on NBC",NFL on NBC,SUPPLIED,1,Connor Rogers,Quinshon Judkins,RB,CLE,WAIVER_ADD,UP,HEDGED,REST_OF_SEASON,Nothing screams desperation like trying to make sense to the Browns backfield,Browns backfield committee
2025,"Week 1 waiver wire RBs: Add Ollie Gordon, Browns' duo | Fantasy Football Happy Hour | NFL on NBC",NFL on NBC,SUPPLIED,1,Connor Rogers,Dylan Sampson,RB,CLE,WAIVER_ADD,UP,HEDGED,REST_OF_SEASON,Dylan Samson the other rookie... expected of course to actually play,Browns backfield committee
2025,"Week 1 waiver wire RBs: Add Ollie Gordon, Browns' duo | Fantasy Football Happy Hour | NFL on NBC",NFL on NBC,SUPPLIED,1,Connor Rogers,Jerome Ford,RB,CLE,WAIVER_ADD,UP,HEDGED,REST_OF_SEASON,Jerome Ford is at 54%,Browns backfield committee
2025,"Week 1 waiver wire RBs: Add Ollie Gordon, Browns' duo | Fantasy Football Happy Hour | NFL on NBC",NFL on NBC,SUPPLIED,1,Matthew Berry,Kenneth Gainwell,RB,PIT,SLEEPER,UP,MODERATE,REST_OF_SEASON,Kenneth Gainwell is going to surprise people about how much he plays,running with ones in Arthur Smith offense
2025,"Week 10 Waivers + Streaming Options, Breaking Trade News! | Fantasy Football 2025 - Ep. 1839",The Fantasy Footballers,SUPPLIED,10,Jason Moore,Darius Slayton,WR,NYG,WAIVER_ADD,UP,STRONG,REST_OF_SEASON,Darius Slayton is a must-add on rosters... seemingly the number one target,number one target on Giants
2025,"Week 10 Waivers + Streaming Options, Breaking Trade News! | Fantasy Football 2025 - Ep. 1839",The Fantasy Footballers,SUPPLIED,10,Mike Wright,Jacoby Meyers,WR,JAX,WAIVER_ADD,UP,STRONG,REST_OF_SEASON,The Raiders are trading wide receiver Jacoby Myers to the Jacksonville Jaguars... should get some targets,traded to Jaguars / Christian Kirk & Travis Hunter injuries
2025,"Week 10 Waivers + Streaming Options, Breaking Trade News! | Fantasy Football 2025 - Ep. 1839",The Fantasy Footballers,SUPPLIED,10,Andy Holloway,Parker Washington,WR,JAX,WAIVER_ADD,UP,STRONG,REST_OF_SEASON,Parker Washington 8 for 90 last week with Brian Thomas Jr. there... important to this coaching staff,8 for 90 week 9 performance
2025,"Week 10 Waivers + Streaming Options, Breaking Trade News! | Fantasy Football 2025 - Ep. 1839",The Fantasy Footballers,SUPPLIED,10,Mike Wright,Troy Franklin,WR,DEN,WAIVER_ADD,UP,STRONG,REST_OF_SEASON,Troy Franklin I mean he's getting targeted way too much,high target volume
2025,Week 12 Waivers & More W11 Game Film Review,Harris Football,2025-11-18,12,Christopher Harris,Emanuel Wilson,RB,GB,WAIVER_ADD,UP,STRONG,REST_OF_SEASON,A couple major running back injuries will make Week 12 an important one on the fantasy waiver wire. We'll weigh in on the Packers and Steelers backfields,Josh Jacobs knee injury
2025,"Week 13 Waivers + Nard Attack, Shedeur Starts | Fantasy Football 2025 - Ep. 1854",The Fantasy Footballers,SUPPLIED,13,Andy Holloway,Devin Neal,RB,NO,WAIVER_ADD,UP,STRONG,REST_OF_SEASON,Devin Neal answers... 10% rostered He's a priority add,Alvin Kamara injury
2025,"Week 13 Waivers + Nard Attack, Shedeur Starts | Fantasy Football 2025 - Ep. 1854",The Fantasy Footballers,SUPPLIED,13,Jason Moore,Kyle Monangai,RB,CHI,WAIVER_ADD,UP,STRONG,REST_OF_SEASON,Kyle Monanga pay attention because we already know how capable he was when Swift missed time... runs with ferocity,DeAndre Swift inefficiency/fumbles
2025,"Week 13 Waivers + Nard Attack, Shedeur Starts | Fantasy Football 2025 - Ep. 1854",The Fantasy Footballers,SUPPLIED,13,Mike Wright,Parker Washington,WR,JAX,WAIVER_ADD,UP,STRONG,REST_OF_SEASON,Parker Washington is a plug-and-play option,5 for 71 and TD in week 12
2025,Week 14 Waivers & Streamers + Boom/Bust Pickups | Fantasy Football 2025 - Ep. 1857,The Fantasy Footballers,SUPPLIED,14,Mike Wright,Devin Singletary,RB,NYG,WAIVER_ADD,UP,STRONG,THIS_WEEK,Devin Singletary will get the week off and then it'll be Washington then Minnesota... making the most of his opportunities,Tyrone Tracy Jr. hip injury
2025,Week 14 Waivers & Streamers + Boom/Bust Pickups | Fantasy Football 2025 - Ep. 1857,The Fantasy Footballers,SUPPLIED,14,Jason Moore,Zonovan Knight,RB,ARI,WAIVER_ADD,UP,MODERATE,REST_OF_SEASON,Bam Knight slots in right behind Mason and Rodriguez for me,Trey Benson setback
2025,Week 14 Waivers & Streamers + Boom/Bust Pickups | Fantasy Football 2025 - Ep. 1857,The Fantasy Footballers,SUPPLIED,14,Andy Holloway,Isaac TeSlaa,WR,DET,WAIVER_ADD,UP,HEDGED,THIS_WEEK,Isaac TeSlaa played on 94% of routes... If Aminra misses the Dallas game goodness gracious,Amon-Ra St. Brown injury / 94% route participation
2025,Week 2 Waivers & More W1 Film Review,Harris Football,2025-09-09,2,Christopher Harris,Christopher Harris,WR,N/A,RANKING_ONLY,NEUTRAL,STRONG,THIS_WEEK,Week 2 Waivers & More W1 Film Review,episode intro
2025,Week 3 Waivers & More W2 Game Film,Harris Football,2025-09-16,3,Christopher Harris,Christopher Harris,QB,N/A,RANKING_ONLY,NEUTRAL,STRONG,THIS_WEEK,Week 3 Waivers & More W2 Game Film,quarterback carnage overview
2025,Week 5 Studs & Duds + Cardinals Choke Job | Fantasy Football 2025 - Ep. 1818,The Fantasy Footballers,SUPPLIED,5,Andy Holloway,Emeka Egbuka,WR,TB,BREAKOUT,UP,STRONG,REST_OF_SEASON,Emeka Abouk is the number one wide receiver on the week... 27.8 points,"25+ catches, 400+ yards, 5 TDs in 5 weeks"
2025,Week 5 Studs & Duds + Cardinals Choke Job | Fantasy Football 2025 - Ep. 1818,The Fantasy Footballers,SUPPLIED,5,Mike Wright,Darren Waller,TE,MIA,BREAKOUT,UP,STRONG,REST_OF_SEASON,Waller looks like a top five guy next the rest of the season,red zone target share
2025,Week 5 Studs & Duds + Cardinals Choke Job | Fantasy Football 2025 - Ep. 1818,The Fantasy Footballers,SUPPLIED,5,Jason Moore,Mason Taylor,TE,NYJ,SLEEPER,UP,STRONG,REST_OF_SEASON,Meowston Taylor nine for 67... 12 targets,12 target game as rookie tight end
2025,"Week 5 Waivers + Full Stream Ahead, Tilting PSA - Fantasy Footballers Podcast",The Fantasy Footballers,2019-10-01,5,UNATTRIBUTED,UNATTRIBUTED,WR,N/A,RANKING_ONLY,NEUTRAL,STRONG,THIS_WEEK,It's time to hit the Waiver Wire! The Fantasy Footballers are here to cover the hottest waiver pickups for Week 5,episode overview
2025,Week 6 Waivers & More W5 Game Reviews,Harris Football,2025-10-07,6,Christopher Harris,Christopher Harris,RB,N/A,RANKING_ONLY,NEUTRAL,STRONG,THIS_WEEK,Week 6 Waivers & More W5 Game Reviews,episode overview
2025,Week 7 Waiver Wire & More W6 Game Film,Harris Football,2025-10-14,7,Christopher Harris,Christopher Harris,RB,N/A,RANKING_ONLY,NEUTRAL,STRONG,THIS_WEEK,Week 7 Waiver Wire & More W6 Game Film,episode overview
2025,"Week 7 Waivers & Streamers, Game Breakers | Fantasy Football 2025 - Ep. 1824",The Fantasy Footballers,SUPPLIED,7,Jason Moore,Kimani Vidal,RB,LAC,WAIVER_ADD,UP,STRONG,REST_OF_SEASON,Kamani Vidal Sassoon is certainly the leader in the clubhouse here... 18 for 124,18 for 124 performance
2025,"Week 7 Waivers & Streamers, Game Breakers | Fantasy Football 2025 - Ep. 1824",The Fantasy Footballers,SUPPLIED,7,Mike Wright,Harold Fannin Jr.,TE,CLE,WAIVER_ADD,UP,STRONG,REST_OF_SEASON,Harold Fannin jr is set up to I think do tons of work over the rest of the season,David Njoku injury
2025,"Week 7 Waivers & Streamers, Game Breakers | Fantasy Football 2025 - Ep. 1824",The Fantasy Footballers,SUPPLIED,7,Andy Holloway,Cade Otton,TE,TB,WAIVER_ADD,UP,STRONG,REST_OF_SEASON,there are some options this week at tight end Kate Otten... Otten is really like if I had to flex,Chris Godwin injury / target share
2025,Week 8 Waivers & Streamers + Jason’s Soul Melts | Fantasy Football 2025 - Ep. 1829,The Fantasy Footballers,SUPPLIED,8,Andy Holloway,Kyle Monangai,RB,CHI,WAIVER_ADD,UP,STRONG,REST_OF_SEASON,Kyle Monangai takes the cake this week because he was 13 for 81-1,13 for 81 and TD
2025,Week 8 Waivers & Streamers + Jason’s Soul Melts | Fantasy Football 2025 - Ep. 1829,The Fantasy Footballers,SUPPLIED,8,Mike Wright,Oronde Gadsden,TE,LAC,WAIVER_ADD,UP,STRONG,REST_OF_SEASON,Aranda Gadson the second... Nine targets seven for 164-1,"9 targets, 164 yards and TD"
2025,Week 9 Waivers & More W8 Game Discussion,Harris Football,2025-10-28,9,Christopher Harris,Christopher Harris,RB,N/A,RANKING_ONLY,NEUTRAL,STRONG,THIS_WEEK,Week 9 Waivers & More W8 Game Discussion,episode overview
2025,Who is This Year's Bucky Irving? 11 BREAKOUT #Fantasy RB Candidates 📈,Yahoo! Fantasy,2025-06-25,SUPPLIED,Matt Harmon,Bhayshul Tuten,RB,JAX,BREAKOUT,UP,STRONG,NEXT_SEASON,Basil Tutin... plays for the Jacksonville Jaguars who are now coached by Liam Cohen... Basil Tutin is the chalk answer,Liam Coen offensive scheme / rookie talent
2025,Who is This Year's Bucky Irving? 11 BREAKOUT #Fantasy RB Candidates 📈,Yahoo! Fantasy,2025-06-25,SUPPLIED,Scott Pianowski,Isaac Guerendo,RB,SF,BREAKOUT,UP,STRONG,NEXT_SEASON,I have to have Isaac Garendo in there somewhere... Shanahan ele be a kingmaker for fantasy running backs,Kyle Shanahan running scheme fit
2025,Who is This Year's Bucky Irving? 11 BREAKOUT #Fantasy RB Candidates 📈,Yahoo! Fantasy,2025-06-25,SUPPLIED,Matt Harmon,Ray Davis,RB,BUF,BREAKOUT,UP,STRONG,NEXT_SEASON,Ray Davis behind a guy and Cook just scored 18 times last year,Buffalo high scoring offense
2025,Fantasy Football Waiver Wire Pickups | Must-Have Players to Add (Week 2),FantasyPros,SUPPLIED,2,Pat Fitzmaurice,Marquise Brown,WR,KC,WAIVER_ADD,UP,HEDGED,THIS_WEEK,hollywood brown number one by far... best selected by people who need short-term production,Rashee Rice suspension / Xavier Worthy injury
2025,Fantasy Football Waiver Wire Pickups | Must-Have Players to Add (Week 2),FantasyPros,SUPPLIED,2,Pat Fitzmaurice,Kyle Monangai,RB,CHI,WAIVER_ADD,UP,MODERATE,REST_OF_SEASON,kyle manangi is going to be number two... tackle breaking component that I don't think deandre swift has,tackle breaking ability vs DeAndre Swift
2025,Fantasy Football Waiver Wire Pickups | Must-Have Players to Add (Week 2),FantasyPros,SUPPLIED,2,Derek Brown,Dylan Sampson,RB,CLE,WAIVER_ADD,UP,MODERATE,THIS_WEEK,dylan samson 52% rostered... passing down back in this offense,Jerome Ford target share competition
2025,Fantasy Football Waiver Wire Pickups | Must-Have Players to Add (Week 2),FantasyPros,SUPPLIED,2,Derek Brown,Quentin Johnston,WR,LAC,WAIVER_ADD,UP,MODERATE,REST_OF_SEASON,quinton johnston at four,week 1 targets / team WR depth
2025,Fantasy Football Waiver Wire Pickups | Must-Have Players to Add (Week 2),FantasyPros,SUPPLIED,2,Pat Fitzmaurice,Harold Fannin Jr.,TE,CLE,WAIVER_ADD,UP,STRONG,REST_OF_SEASON,number five harold fannon whose usage was really eye opening in week one,117 receptions in FBS / Cleveland TE usage
2025,Fantasy Football Waiver Wire Pickups | Must-Have Players to Add (Week 3),FantasyPros,SUPPLIED,3,Pat Fitzmaurice,Elic Ayomanor,WR,TEN,WAIVER_ADD,UP,STRONG,REST_OF_SEASON,Alec Aamor number one... this is the guy I want to spend up for,Tennessee WR depth chart vacancy
2025,Fantasy Football Waiver Wire Pickups | Must-Have Players to Add (Week 3),FantasyPros,SUPPLIED,3,Pat Fitzmaurice,Harold Fannin Jr.,TE,CLE,WAIVER_ADD,UP,STRONG,REST_OF_SEASON,Harold Fannon number two,high receiving usage
2025,Fantasy Football Waiver Wire Pickups | Must-Have Players to Add (Week 3),FantasyPros,SUPPLIED,3,Pat Fitzmaurice,Juwan Johnson,TE,NO,WAIVER_ADD,UP,MODERATE,REST_OF_SEASON,capitulate on Joan Johnson and put him at number three,23%+ target share in weeks 1-2
2025,Fantasy Football Waiver Wire Pickups | Must-Have Players to Add (Week 3),FantasyPros,SUPPLIED,3,Derek Brown,Daniel Jones,QB,IND,WAIVER_ADD,UP,STRONG,THIS_WEEK,Daniel Jones at number one,450-yard week 2 explosion vs Cowboys
2025,Fantasy Football Waiver Wire Pickups | Must-Have Players to Add (Week 3),FantasyPros,SUPPLIED,3,Pat Fitzmaurice,Matthew Stafford,QB,LAR,START,UP,MODERATE,THIS_WEEK,Stafford at five,passing volume
2025,Fantasy Football Waiver Wire Pickups | Must-Have Players to Add (Week 4),FantasyPros,SUPPLIED,4,Derek Brown,Alec Pierce,WR,IND,WAIVER_ADD,UP,STRONG,REST_OF_SEASON,Elica is number one for me,consistent target share & TDs
2025,Fantasy Football Waiver Wire Pickups | Must-Have Players to Add (Week 4),FantasyPros,SUPPLIED,4,Derek Brown,Troy Franklin,WR,DEN,WAIVER_ADD,UP,STRONG,REST_OF_SEASON,troy Franklin number two,72% snap share / Shawn Peyton preferred outside WR
2025,Fantasy Football Waiver Wire Pickups | Must-Have Players to Add (Week 4),FantasyPros,SUPPLIED,4,Derek Brown,Courtland Sutton,WR,DEN,WAIVER_ADD,UP,MODERATE,REST_OF_SEASON,christian Kirk another name... volume is there... he's number three,consistent weekly volume
2025,Fantasy Football Waiver Wire Pickups | Must-Have Players to Add (Week 4),FantasyPros,SUPPLIED,4,Derek Brown,Christian Kirk,WR,JAX,WAIVER_ADD,UP,MODERATE,REST_OF_SEASON,Christian Kirk... he's number four,weekly target volume
2025,Fantasy Football Waiver Wire Pickups | Must-Have Players to Add (Week 4),FantasyPros,SUPPLIED,4,Derek Brown,Matthew Stafford,QB,LAR,START,UP,MODERATE,THIS_WEEK,Matthew Stafford is five for me,passing match-up
2025,My Most Drafted Players & Week 1 Waivers,Harris Football,2025-09-02,1,Christopher Harris,Christopher Harris,WR,,RANKING_ONLY,NEUTRAL,STRONG,THIS_WEEK,My Most Drafted Players & Week 1 Waivers,episode intro
2025,Week 2 Waivers & More W1 Film Review,Harris Football,2025-09-09,2,Christopher Harris,Christopher Harris,WR,,RANKING_ONLY,NEUTRAL,STRONG,THIS_WEEK,Week 2 Waivers & More W1 Film Review,episode intro
2025,Week 3 Waivers & More W2 Game Film,Harris Football,2025-09-16,3,Christopher Harris,Christopher Harris,QB,,RANKING_ONLY,NEUTRAL,STRONG,THIS_WEEK,Week 3 Waivers & More W2 Game Film,quarterback carnage overview
2025,"Week 5 Waivers + Full Stream Ahead, Tilting PSA - Fantasy Footballers Podcast",The Fantasy Footballers,2019-10-01,5,UNATTRIBUTED,UNATTRIBUTED,WR,,RANKING_ONLY,NEUTRAL,STRONG,THIS_WEEK,It's time to hit the Waiver Wire! The Fantasy Footballers are here to cover the hottest waiver pickups for Week 5,episode overview
2025,Week 6 Waivers & More W5 Game Reviews,Harris Football,2025-10-07,6,Christopher Harris,Christopher Harris,RB,,RANKING_ONLY,NEUTRAL,STRONG,THIS_WEEK,Week 6 Waivers & More W5 Game Reviews,episode overview
2025,Week 7 Waiver Wire & More W6 Game Film,Harris Football,2025-10-14,7,Christopher Harris,Christopher Harris,RB,,RANKING_ONLY,NEUTRAL,STRONG,THIS_WEEK,Week 7 Waiver Wire & More W6 Game Film,episode overview
2025,Week 9 Waivers & More W8 Game Discussion,Harris Football,2025-10-28,9,Christopher Harris,Christopher Harris,RB,,RANKING_ONLY,NEUTRAL,STRONG,THIS_WEEK,Week 9 Waivers & More W8 Game Discussion,episode overview
