espn_id,player,pos,team_c,bye,injury_status,proj_leaguepts,proj_src,proj_missing,synthetic,adp_pick,adp_rank,adp_censored,deep_rank_by_proj,vbd,gsis_id,fantasypros_id,pff_id,sleeper_id,pfr_id,k2,captured_at,built_at,built_by
4429795,Jahmyr Gibbs,RB,DET,6.0,ACTIVE,330.89643543,espn_20260820,False,False,1.52,1.0,False,,162.30757959,00-0039139,22968.0,122474.0,9221.0,GibbJa01,jahmyrgibbs|RB|DET,2026-08-20T08:14:39-04:00,2026-08-22,code_rebuild_spine_v5.py
4430807,Bijan Robinson,RB,ATL,11.0,ACTIVE,314.80173722,espn_20260820,False,False,2.58,2.0,False,,146.21288138,00-0038542,23133.0,123126.0,9509.0,RobiBi01,bijanrobinson|RB|ATL,2026-08-20T08:14:39-04:00,2026-08-22,code_rebuild_spine_v5.py
4362628,Ja'Marr Chase,WR,CIN,6.0,ACTIVE,277.62466125,espn_20260820,False,False,4.19,3.0,False,,114.08508767999999,00-0036900,19788.0,84270.0,7564.0,ChasJa00,jamarrchase|WR|CIN,2026-08-20T08:14:39-04:00,2026-08-22,code_rebuild_spine_v5.py
4426515,Puka Nacua,WR,LAR,11.0,QUESTIONABLE,294.81598247,espn_20260820,False,False,4.58,4.0,False,,131.2764089,00-0039075,23180.0,100632.0,9493.0,NacuPu00,pukanacua|WR|LAR,2026-08-20T08:14:39-04:00,2026-08-22,code_rebuild_spine_v5.py
4430878,Jaxon Smith-Njigba,WR,SEA,11.0,ACTIVE,268.32240853,espn_20260820,False,False,5.87,5.0,False,,104.78283496000003,00-0038543,23070.0,129758.0,9488.0,SmitJa06,jaxonsmithnjigba|WR|SEA,2026-08-20T08:14:39-04:00,2026-08-22,code_rebuild_spine_v5.py
3117251,Christian McCaffrey,RB,SF,8.0,QUESTIONABLE,303.53146435,espn_20260820,False,False,6.71,6.0,False,,134.94260851,00-0033280,16393.0,11763.0,4034.0,McCaCh01,christianmccaffrey|RB|SF,2026-08-20T08:14:39-04:00,2026-08-22,code_rebuild_spine_v5.py
4242335,Jonathan Taylor,RB,IND,13.0,ACTIVE,291.09685621,espn_20260820,False,False,8.02,7.0,False,,122.50800036999999,00-0036223,19217.0,57488.0,6813.0,TaylJo02,jonathantaylor|RB|IND,2026-08-20T08:14:39-04:00,2026-08-22,code_rebuild_spine_v5.py
4374302,Amon-Ra St. Brown,WR,DET,6.0,ACTIVE,264.86492225,espn_20260820,False,False,8.38,8.0,False,,101.32534868000002,00-0036963,19799.0,84470.0,7547.0,StxxAm00,amonrastbrown|WR|DET,2026-08-20T08:14:39-04:00,2026-08-22,code_rebuild_spine_v5.py
4241389,CeeDee Lamb,WR,DAL,14.0,ACTIVE,241.82555453,espn_20260820,False,False,10.69,9.0,False,,78.28598096000002,00-0036358,19202.0,61570.0,6786.0,LambCe00,ceedeelamb|WR|DAL,2026-08-20T08:14:39-04:00,2026-08-22,code_rebuild_spine_v5.py
4429160,De'Von Achane,RB,MIA,6.0,ACTIVE,261.05412939,espn_20260820,False,False,12.08,10.0,False,,92.46527355,00-0039040,23136.0,124305.0,9226.0,AchaDe00,devonachane|RB|MIA,2026-08-20T08:14:39-04:00,2026-08-22,code_rebuild_spine_v5.py
4262921,Justin Jefferson,WR,MIN,6.0,ACTIVE,238.31112208,espn_20260820,False,False,12.19,11.0,False,,74.77154851,00-0036322,19236.0,61398.0,6794.0,JeffJu00,justinjefferson|WR|MIN,2026-08-20T08:14:39-04:00,2026-08-22,code_rebuild_spine_v5.py
4379399,James Cook III,RB,BUF,7.0,ACTIVE,261.56406004,espn_20260820,False,False,12.85,12.0,False,,92.97520420000001,00-0037248,22958.0,83666.0,8138.0,CookJa01,jamescook|RB|BUF,2026-08-20T08:14:39-04:00,2026-08-22,code_rebuild_spine_v5.py
3929630,Saquon Barkley,RB,PHI,10.0,ACTIVE,251.95070045,espn_20260820,False,False,16.27,13.0,False,,83.36184460999999,00-0034844,17240.0,45791.0,4866.0,BarkSa00,saquonbarkley|RB|PHI,2026-08-20T08:14:39-04:00,2026-08-22,code_rebuild_spine_v5.py
4890973,Ashton Jeanty,RB,LV,13.0,ACTIVE,248.167882,espn_20260820,False,False,17.11,14.0,False,,79.57902615999998,00-0040122,25989.0,157196.0,12527.0,JeanAs00,ashtonjeanty|RB|LV,2026-08-20T08:14:39-04:00,2026-08-22,code_rebuild_spine_v5.py
4426502,Drake London,WR,ATL,11.0,ACTIVE,218.66905755,espn_20260820,False,False,18.85,15.0,False,,55.12948398,00-0037238,23163.0,86519.0,8112.0,LondDr00,drakelondon|WR|ATL,2026-08-20T08:14:39-04:00,2026-08-22,code_rebuild_spine_v5.py
4870808,Jeremiyah Love,RB,ARI,14.0,QUESTIONABLE,245.82419971,espn_20260820,False,False,19.06,16.0,False,,77.23534386999998,00-0041027,25403.0,,13287.0,LoveJe00,jeremiyahlove|RB|ARI,2026-08-20T08:14:39-04:00,2026-08-22,code_rebuild_spine_v5.py
3043078,Derrick Henry,RB,BAL,13.0,ACTIVE,263.97186677,espn_20260820,False,False,19.83,17.0,False,,95.38301093000001,00-0032764,15514.0,10679.0,3198.0,HenrDe00,derrickhenry|RB|BAL,2026-08-20T08:14:39-04:00,2026-08-22,code_rebuild_spine_v5.py
4361307,Trey McBride,TE,ARI,14.0,ACTIVE,187.94196931,espn_20260820,False,False,19.98,18.0,False,,47.64708514,00-0037744,22936.0,75916.0,8130.0,McBrTr01,treymcbride|TE|ARI,2026-08-20T08:14:39-04:00,2026-08-22,code_rebuild_spine_v5.py
3918298,Josh Allen,QB,BUF,7.0,ACTIVE,421.91279972,espn_20260820,False,False,22.14,19.0,False,,80.30993954000002,00-0034857,17298.0,46601.0,4984.0,AlleJo02,joshallen|QB|BUF,2026-08-20T08:14:39-04:00,2026-08-22,code_rebuild_spine_v5.py
4428331,Rashee Rice,WR,KC,5.0,ACTIVE,222.78042047,espn_20260820,False,False,22.33,20.0,False,,59.24084690000001,00-0039067,23113.0,97605.0,10229.0,RiceRa01,rasheerice|WR|KC,2026-08-20T08:14:39-04:00,2026-08-22,code_rebuild_spine_v5.py
4567048,Kenneth Walker III,RB,KC,5.0,ACTIVE,249.78663691,espn_20260820,False,False,23.39,21.0,False,,81.19778106999999,00-0038134,23021.0,97199.0,8151.0,WalkKe00,kennethwalker|RB|KC,2026-08-20T08:14:39-04:00,2026-08-22,code_rebuild_spine_v5.py
4362238,Chase Brown,RB,CIN,6.0,ACTIVE,239.88301887,espn_20260820,False,False,23.96,22.0,False,,71.29416302999999,00-0038597,25324.0,77787.0,9224.0,BrowCh10,chasebrown|RB|CIN,2026-08-20T08:14:39-04:00,2026-08-22,code_rebuild_spine_v5.py
4432665,Brock Bowers,TE,LV,13.0,ACTIVE,191.49916989,espn_20260820,False,False,23.96,23.0,False,,51.20428572,00-0039338,22955.0,146715.0,11604.0,BoweBr01,brockbowers|TE|LV,2026-08-20T08:14:39-04:00,2026-08-22,code_rebuild_spine_v5.py
4047646,A.J. Brown,WR,NE,11.0,ACTIVE,205.51413427,espn_20260820,False,False,27.16,24.0,False,,41.97456070000001,00-0035676,18218.0,48327.0,5859.0,BrowAJ00,ajbrown|WR|NE,2026-08-20T08:14:39-04:00,2026-08-22,code_rebuild_spine_v5.py
4258173,Nico Collins,WR,HOU,8.0,ACTIVE,205.62270835,espn_20260820,False,False,27.66,25.0,False,,42.08313478000002,00-0036554,20130.0,61441.0,7569.0,CollNi00,nicocollins|WR|HOU,2026-08-20T08:14:39-04:00,2026-08-22,code_rebuild_spine_v5.py
4685382,Omarion Hampton,RB,LAC,7.0,ACTIVE,235.84349928,espn_20260820,False,False,27.79,26.0,False,,67.25464344,00-0040666,25395.0,162750.0,12507.0,HampOm00,omarionhampton|RB|LAC,2026-08-20T08:14:39-04:00,2026-08-22,code_rebuild_spine_v5.py
4426354,George Pickens,WR,DAL,14.0,ACTIVE,198.67554291,espn_20260820,False,False,29.58,27.0,False,,35.13596934,00-0037247,22963.0,99229.0,8137.0,PickGe00,georgepickens|WR|DAL,2026-08-20T08:14:39-04:00,2026-08-22,code_rebuild_spine_v5.py
4427366,Breece Hall,RB,NYJ,13.0,QUESTIONABLE,248.10089077,espn_20260820,False,False,31.82,28.0,False,,79.51203493,00-0038120,22982.0,97636.0,8155.0,HallBr03,breecehall|RB|NYJ,2026-08-20T08:14:39-04:00,2026-08-22,code_rebuild_spine_v5.py
4047365,Josh Jacobs,RB,GB,11.0,QUESTIONABLE,241.04521308,espn_20260820,False,False,34.09,29.0,False,,72.45635723999999,00-0035700,18269.0,45953.0,5850.0,JacoJo01,joshjacobs|RB|GB,2026-08-20T08:14:39-04:00,2026-08-22,code_rebuild_spine_v5.py
4361370,Chris Olave,WR,NO,8.0,ACTIVE,204.76593913,espn_20260820,False,False,34.68,30.0,False,,41.226365560000005,00-0037239,20111.0,84355.0,8144.0,OlavCh00,chrisolave|WR|NO,2026-08-20T08:14:39-04:00,2026-08-22,code_rebuild_spine_v5.py
4595348,Malik Nabers,WR,NYG,8.0,QUESTIONABLE,202.86935902,espn_20260820,False,False,36.04,31.0,False,,39.32978545,00-0039337,25409.0,146759.0,11632.0,NabeMa00,maliknabers|WR|NYG,2026-08-20T08:14:39-04:00,2026-08-22,code_rebuild_spine_v5.py
4569618,Garrett Wilson,WR,NYJ,13.0,ACTIVE,199.91933031,espn_20260820,False,False,36.21,32.0,False,,36.379756740000005,00-0037740,23072.0,97405.0,8146.0,WilsGa00,garrettwilson|WR|NYJ,2026-08-20T08:14:39-04:00,2026-08-22,code_rebuild_spine_v5.py
4361579,Javonte Williams,RB,DAL,14.0,ACTIVE,240.78425003,espn_20260820,False,False,37.94,33.0,False,,72.19539419,00-0036997,22739.0,77803.0,7588.0,WillJa10,javontewilliams|RB|DAL,2026-08-20T08:14:39-04:00,2026-08-22,code_rebuild_spine_v5.py
3916387,Lamar Jackson,QB,BAL,13.0,ACTIVE,374.62477822,espn_20260820,False,False,38.75,34.0,False,,33.02191804,00-0034796,17233.0,46416.0,4881.0,JackLa00,lamarjackson|QB|BAL,2026-08-20T08:14:39-04:00,2026-08-22,code_rebuild_spine_v5.py
4241478,DeVonta Smith,WR,PHI,10.0,QUESTIONABLE,193.95278086,espn_20260820,False,False,39.5,35.0,False,,30.413207290000003,00-0036912,19222.0,61100.0,7525.0,SmitDe07,devontasmith|WR|PHI,2026-08-20T08:14:39-04:00,2026-08-22,code_rebuild_spine_v5.py
4429615,Zay Flowers,WR,BAL,13.0,ACTIVE,197.88834305,espn_20260820,False,False,42.06,36.0,False,,34.348769480000016,00-0039064,22916.0,97268.0,9997.0,FlowZa00,zayflowers|WR|BAL,2026-08-20T08:14:39-04:00,2026-08-22,code_rebuild_spine_v5.py
4685472,Tetairoa McMillan,WR,CAR,5.0,ACTIVE,194.6315667,espn_20260820,False,False,42.46,37.0,False,,31.09199313000002,00-0040124,25417.0,158735.0,12526.0,McMiTe00,tetairoamcmillan|WR|CAR,2026-08-20T08:14:39-04:00,2026-08-22,code_rebuild_spine_v5.py
4430737,Kyren Williams,RB,LAR,11.0,ACTIVE,215.35434319,espn_20260820,False,False,43.17,38.0,False,,46.76548735,00-0037840,23059.0,97118.0,8150.0,WillKy02,kyrenwilliams|RB|LAR,2026-08-20T08:14:39-04:00,2026-08-22,code_rebuild_spine_v5.py
4696981,Cam Skattebo,RB,NYG,8.0,ACTIVE,207.88341372,espn_20260820,False,False,43.49,39.0,False,,39.294557879999985,00-0040715,27166.0,147787.0,12481.0,SkatCa00,camskattebo|RB|NYG,2026-08-20T08:14:39-04:00,2026-08-22,code_rebuild_spine_v5.py
4567750,Emeka Egbuka,WR,TB,10.0,QUESTIONABLE,194.21179436,espn_20260820,False,False,45.09,40.0,False,,30.67222079000001,00-0040129,23062.0,145055.0,12514.0,EgbuEm01,emekaegbuka|WR|TB,2026-08-20T08:14:39-04:00,2026-08-22,code_rebuild_spine_v5.py
4723086,Colston Loveland,TE,CHI,10.0,ACTIVE,165.80587033,espn_20260820,False,False,45.29,41.0,False,,25.510986160000016,00-0040126,26006.0,158540.0,12517.0,LoveCo00,colstonloveland|TE|CHI,2026-08-20T08:14:39-04:00,2026-08-22,code_rebuild_spine_v5.py
4431459,Tyler Warren,TE,IND,13.0,QUESTIONABLE,168.3745814,espn_20260820,False,False,47.34,42.0,False,,28.079697230000022,00-0040128,26434.0,129798.0,12518.0,WarrTy00,tylerwarren|TE|IND,2026-08-20T08:14:39-04:00,2026-08-22,code_rebuild_spine_v5.py
4431452,Drake Maye,QB,NE,11.0,ACTIVE,373.08851087,espn_20260820,False,False,47.36,43.0,False,,31.48565069,00-0039851,23046.0,143969.0,11564.0,MayeDr00,drakemaye|QB|NE,2026-08-20T08:14:39-04:00,2026-08-22,code_rebuild_spine_v5.py
16800,Davante Adams,WR,LAR,11.0,ACTIVE,198.54438683,espn_20260820,False,False,47.48,44.0,False,,35.00481326000002,00-0031381,12123.0,8688.0,2133.0,AdamDa01,davanteadams|WR|LAR,2026-08-20T08:14:39-04:00,2026-08-22,code_rebuild_spine_v5.py
4239996,Travis Etienne Jr.,RB,NO,8.0,ACTIVE,223.67443449,espn_20260820,False,False,48.13,45.0,False,,55.08557865,00-0036973,19231.0,57185.0,7543.0,EtieTr00,travisetienne|RB|NO,2026-08-20T08:14:39-04:00,2026-08-22,code_rebuild_spine_v5.py
4426348,Jayden Daniels,QB,WAS,7.0,ACTIVE,362.84559681,espn_20260820,False,False,50.86,46.0,False,,21.242736630000024,00-0039910,22902.0,97993.0,11566.0,DaniJa02,jaydendaniels|QB|WAS,2026-08-20T08:14:39-04:00,2026-08-22,code_rebuild_spine_v5.py
4040715,Jalen Hurts,QB,PHI,10.0,ACTIVE,366.93636856,espn_20260820,False,False,52.26,47.0,False,,25.333508380000012,00-0036389,19275.0,40291.0,6904.0,HurtJa00,jalenhurts|QB|PHI,2026-08-20T08:14:39-04:00,2026-08-22,code_rebuild_spine_v5.py
4612826,Ladd McConkey,WR,LAC,7.0,ACTIVE,181.20249727,espn_20260820,False,False,52.6,48.0,False,,17.66292370000002,00-0039915,26122.0,124030.0,11635.0,McCoLa00,laddmcconkey|WR|LAC,2026-08-20T08:14:39-04:00,2026-08-22,code_rebuild_spine_v5.py
4685702,Quinshon Judkins,RB,CLE,11.0,QUESTIONABLE,210.42358342,espn_20260820,False,False,54.72,49.0,False,,41.83472757999999,00-0040784,25391.0,157128.0,12512.0,JudkQu00,quinshonjudkins|RB|CLE,2026-08-20T08:14:39-04:00,2026-08-22,code_rebuild_spine_v5.py
4596448,Bucky Irving,RB,TB,10.0,ACTIVE,188.61918636,espn_20260820,False,False,55.95,50.0,False,,20.03033051999998,00-0039361,25981.0,144970.0,11584.0,IrviBu00,buckyirving|RB|TB,2026-08-20T08:14:39-04:00,2026-08-22,code_rebuild_spine_v5.py
4239993,Tee Higgins,WR,CIN,6.0,ACTIVE,182.70311848,espn_20260820,False,False,57.92,51.0,False,,19.163544910000013,00-0036410,19211.0,61211.0,6801.0,HiggTe00,teehiggins|WR|CIN,2026-08-20T08:14:39-04:00,2026-08-22,code_rebuild_spine_v5.py
3915511,Joe Burrow,QB,CIN,6.0,ACTIVE,370.52589529,espn_20260820,False,False,60.03,52.0,False,,28.92303511,00-0036442,19196.0,28022.0,6770.0,BurrJo01,joeburrow|QB|CIN,2026-08-20T08:14:39-04:00,2026-08-22,code_rebuild_spine_v5.py
4372016,Jaylen Waddle,WR,DEN,10.0,ACTIVE,174.9726214,espn_20260820,False,False,60.3,53.0,False,,11.433047830000021,00-0036613,19790.0,84088.0,7526.0,WaddJa00,jaylenwaddle|WR|DEN,2026-08-20T08:14:39-04:00,2026-08-22,code_rebuild_spine_v5.py
3121422,Terry McLaurin,WR,WAS,7.0,ACTIVE,180.18088793,espn_20260820,False,False,61.81,54.0,False,,16.641314360000024,00-0035659,18466.0,48229.0,5927.0,McLaTe00,terrymclaurin|WR|WAS,2026-08-20T08:14:39-04:00,2026-08-22,code_rebuild_spine_v5.py
4430027,Sam LaPorta,TE,DET,6.0,ACTIVE,149.4234344,espn_20260820,False,False,65.58,55.0,False,,9.128550230000002,00-0039065,22978.0,101690.0,10859.0,LaPoSa01,samlaporta|TE|DET,2026-08-20T08:14:39-04:00,2026-08-22,code_rebuild_spine_v5.py
4360248,Kyle Pitts Sr.,TE,ATL,11.0,ACTIVE,144.88675305,espn_20260820,False,False,65.84,56.0,False,,4.591868880000021,00-0036970,20164.0,83964.0,7553.0,PittKy00,kylepitts|TE|ATL,2026-08-20T08:14:39-04:00,2026-08-22,code_rebuild_spine_v5.py
3915416,DJ Moore,WR,BUF,7.0,QUESTIONABLE,175.91468397,espn_20260820,False,False,67.11,57.0,False,,12.375110400000011,00-0034827,17265.0,48267.0,4983.0,MoorD.00,djmoore|WR|BUF,2026-08-20T08:14:39-04:00,2026-08-22,code_rebuild_spine_v5.py
4426388,Jameson Williams,WR,DET,6.0,ACTIVE,176.27414101,espn_20260820,False,False,68.49,58.0,False,,12.734567440000006,00-0037240,23677.0,101701.0,8148.0,WillJa11,jamesonwilliams|WR|DET,2026-08-20T08:14:39-04:00,2026-08-22,code_rebuild_spine_v5.py
4259545,D'Andre Swift,RB,CHI,10.0,ACTIVE,196.40713191,espn_20260820,False,False,69.22,59.0,False,,27.818276069999996,00-0036275,19210.0,57212.0,6790.0,SwifDA00,dandreswift|RB|CHI,2026-08-20T08:14:39-04:00,2026-08-22,code_rebuild_spine_v5.py
4431299,Rome Odunze,WR,CHI,10.0,ACTIVE,182.95503605,espn_20260820,False,False,69.25,60.0,False,,19.415462480000002,00-0039919,25411.0,73774.0,11620.0,OdunRo00,romeodunze|WR|CHI,2026-08-20T08:14:39-04:00,2026-08-22,code_rebuild_spine_v5.py
4871023,Carnell Tate,WR,TEN,9.0,QUESTIONABLE,165.11524848,espn_20260820,False,False,74.36,61.0,False,,1.5756749100000036,00-0041438,26009.0,,13279.0,TateCa00,carnelltate|WR|TEN,2026-08-20T08:14:39-04:00,2026-08-22,code_rebuild_spine_v5.py
4035538,David Montgomery,RB,HOU,8.0,ACTIVE,176.8676357,espn_20260820,False,False,74.42,62.0,False,,8.278779859999986,00-0035685,18239.0,45719.0,5892.0,MontDa01,davidmontgomery|RB|HOU,2026-08-20T08:14:39-04:00,2026-08-22,code_rebuild_spine_v5.py
4689114,Jaxson Dart,QB,NYG,8.0,ACTIVE,341.60286018,espn_20260820,False,False,76.3,63.0,False,,0.0,00-0040691,23160.0,146409.0,12508.0,DartJa00,jaxsondart|QB|NYG,2026-08-20T08:14:39-04:00,2026-08-22,code_rebuild_spine_v5.py
5083076,Harold Fannin Jr.,TE,CLE,11.0,ACTIVE,146.12994417,espn_20260820,False,False,77.05,64.0,False,,5.835059999999999,00-0040663,27050.0,163104.0,12506.0,FannHa00,haroldfannin|TE|CLE,2026-08-20T08:14:39-04:00,2026-08-22,code_rebuild_spine_v5.py
4882093,Bhayshul Tuten,RB,JAX,7.0,ACTIVE,188.35241461,espn_20260820,False,False,77.21,65.0,False,,19.763558770000003,00-0040719,27297.0,150568.0,12490.0,TuteBh00,bhayshultuten|RB|JAX,2026-08-20T08:14:39-04:00,2026-08-22,code_rebuild_spine_v5.py
4685278,Luther Burden III,WR,CHI,10.0,QUESTIONABLE,168.31327669,espn_20260820,False,False,77.27,66.0,False,,4.773703120000022,00-0040735,27016.0,157170.0,12519.0,BurdLu00,lutherburden|WR|CHI,2026-08-20T08:14:39-04:00,2026-08-22,code_rebuild_spine_v5.py
4432710,TreVeyon Henderson,RB,NE,11.0,ACTIVE,177.91749335,espn_20260820,False,False,77.38,67.0,False,,9.328637509999993,00-0040734,23065.0,145059.0,12529.0,HendTr02,treveyonhenderson|RB|NE,2026-08-20T08:14:39-04:00,2026-08-22,code_rebuild_spine_v5.py
12483,Matthew Stafford,QB,LAR,11.0,ACTIVE,362.7902125,espn_20260820,False,False,79.74,68.0,False,,21.187352320000002,00-0026498,9451.0,4924.0,421.0,StafMa00,matthewstafford|QB|LAR,2026-08-20T08:14:39-04:00,2026-08-22,code_rebuild_spine_v5.py
4685512,Jadarian Price,RB,SEA,11.0,ACTIVE,180.47373164,espn_20260820,False,False,80.49,69.0,False,,11.884875800000003,00-0041512,27329.0,,13286.0,PricJa02,jadarianprice|RB|SEA,2026-08-20T08:14:39-04:00,2026-08-22,code_rebuild_spine_v5.py
3128429,Courtland Sutton,WR,DEN,10.0,ACTIVE,169.73554919,espn_20260820,False,False,84.16,70.0,False,,6.195975620000013,00-0034348,17253.0,48164.0,5045.0,SuttCo00,courtlandsutton|WR|DEN,2026-08-20T08:14:39-04:00,2026-08-22,code_rebuild_spine_v5.py
3953687,Brandon Aubrey,K,DAL,14.0,ACTIVE,171.6620134,espn_20260820,False,False,84.8,71.0,False,,27.6582521,00-0037692,26068.0,156112.0,11533.0,AubrBr00,brandonaubrey|K|DAL,2026-08-20T08:14:39-04:00,2026-08-22,code_rebuild_spine_v5.py
-16034,Texans D/ST,D/ST,HOU,8.0,,128.23864459,espn_20260820,False,False,86.29,72.0,False,,32.36291552,,,,,,,2026-08-20T08:14:39-04:00,2026-08-22,code_rebuild_spine_v5.py
2577417,Dak Prescott,QB,DAL,14.0,ACTIVE,346.11179059,espn_20260820,False,False,86.95,73.0,False,,4.508930410000005,00-0033077,15600.0,10769.0,3294.0,PresDa01,dakprescott|QB|DAL,2026-08-20T08:14:39-04:00,2026-08-22,code_rebuild_spine_v5.py
4047650,DK Metcalf,WR,PIT,9.0,QUESTIONABLE,163.53957357,espn_20260820,False,False,87.51,74.0,False,,0.0,00-0035640,18219.0,47864.0,5846.0,MetcDK00,dkmetcalf|WR|PIT,2026-08-20T08:14:39-04:00,2026-08-22,code_rebuild_spine_v5.py
4426338,Bo Nix,QB,DEN,10.0,ACTIVE,348.99206467,espn_20260820,False,False,89.6,75.0,False,,7.389204489999997,00-0039732,22910.0,97790.0,11563.0,NixxBo00,bonix|QB|DEN,2026-08-20T08:14:39-04:00,2026-08-22,code_rebuild_spine_v5.py
4432708,Marvin Harrison Jr.,WR,ARI,14.0,ACTIVE,159.39641849,espn_20260820,False,False,90.75,76.0,False,,-4.1431550799999854,00-0039849,23064.0,145056.0,11628.0,HarrMa09,marvinharrison|WR|ARI,2026-08-20T08:14:39-04:00,2026-08-22,code_rebuild_spine_v5.py
4035687,Michael Pittman Jr.,WR,PIT,9.0,QUESTIONABLE,153.09602995,espn_20260820,False,False,90.84,77.0,False,,-10.443543619999986,00-0036252,19278.0,29049.0,6819.0,PittMi01,michaelpittman|WR|PIT,2026-08-20T08:14:39-04:00,2026-08-22,code_rebuild_spine_v5.py
4431611,Caleb Williams,QB,CHI,10.0,ACTIVE,331.94279182,espn_20260820,False,False,92.23,78.0,False,,-9.660068359999968,00-0039918,23084.0,144622.0,11560.0,WillCa03,calebwilliams|QB|CHI,2026-08-20T08:14:39-04:00,2026-08-22,code_rebuild_spine_v5.py
16737,Mike Evans,WR,SF,8.0,QUESTIONABLE,153.97947782,espn_20260820,False,False,94.74,79.0,False,,-9.560095749999988,00-0031408,12119.0,8642.0,2216.0,EvanMi00,mikeevans|WR|SF,2026-08-20T08:14:39-04:00,2026-08-22,code_rebuild_spine_v5.py
-16007,Broncos D/ST,D/ST,DEN,10.0,,128.38751444,espn_20260820,False,False,94.76,80.0,False,,32.511785369999984,,,,,,,2026-08-20T08:14:39-04:00,2026-08-22,code_rebuild_spine_v5.py
4360310,Trevor Lawrence,QB,JAX,7.0,ACTIVE,337.76890988,espn_20260820,False,False,94.88,81.0,False,,-3.8339502999999695,00-0036971,19780.0,77632.0,7523.0,LawrTr00,trevorlawrence|QB|JAX,2026-08-20T08:14:39-04:00,2026-08-22,code_rebuild_spine_v5.py
4572680,Tucker Kraft,TE,GB,11.0,QUESTIONABLE,144.96205564,espn_20260820,False,False,96.89,82.0,False,,4.6671714699999995,00-0038996,25298.0,104034.0,9484.0,KrafTu00,tuckerkraft|TE|GB,2026-08-20T08:14:39-04:00,2026-08-22,code_rebuild_spine_v5.py
4569173,Rhamondre Stevenson,RB,NE,11.0,ACTIVE,181.48134333,espn_20260820,False,False,98.56,83.0,False,,12.89248748999998,00-0036875,22726.0,98689.0,7611.0,StevRh00,rhamondrestevenson|RB|NE,2026-08-20T08:14:39-04:00,2026-08-22,code_rebuild_spine_v5.py
4360078,Alec Pierce,WR,IND,13.0,OUT,156.42337233,espn_20260820,False,False,98.72,84.0,False,,-7.116201239999981,00-0037664,23791.0,78038.0,8142.0,PierAl00,alecpierce|WR|IND,2026-08-20T08:14:39-04:00,2026-08-22,code_rebuild_spine_v5.py
4432620,Parker Washington,WR,JAX,7.0,QUESTIONABLE,155.34283677,espn_20260820,False,False,99.47,85.0,False,,-8.196736799999996,00-0038606,23106.0,129799.0,9487.0,WashPa01,parkerwashington|WR|JAX,2026-08-20T08:14:39-04:00,2026-08-22,code_rebuild_spine_v5.py
3040151,George Kittle,TE,SF,8.0,OUT,141.93761149,espn_20260820,False,False,99.71,86.0,False,,1.6427273200000059,00-0033288,16499.0,11901.0,4217.0,KittGe00,georgekittle|TE|SF,2026-08-20T08:14:39-04:00,2026-08-22,code_rebuild_spine_v5.py
15847,Travis Kelce,TE,KC,5.0,ACTIVE,140.58667369,espn_20260820,False,False,100.14,87.0,False,,0.2917895200000089,00-0030506,11594.0,7844.0,1466.0,KelcTr00,traviskelce|TE|KC,2026-08-20T08:14:39-04:00,2026-08-22,code_rebuild_spine_v5.py
3916148,Tony Pollard,RB,TEN,9.0,ACTIVE,170.8876847,espn_20260820,False,False,100.64,88.0,False,,2.298828859999986,00-0035261,18705.0,27126.0,5967.0,PollTo00,tonypollard|RB|TEN,2026-08-20T08:14:39-04:00,2026-08-22,code_rebuild_spine_v5.py
3121023,Dallas Goedert,TE,PHI,10.0,ACTIVE,141.72729722,espn_20260820,False,False,100.83,89.0,False,,1.432413050000008,00-0034351,17270.0,47272.0,5022.0,GoedDa00,dallasgoedert|TE|PHI,2026-08-20T08:14:39-04:00,2026-08-22,code_rebuild_spine_v5.py
4248528,Christian Watson,WR,GB,11.0,ACTIVE,157.68727688,espn_20260820,False,False,101.14,90.0,False,,-5.852296689999974,00-0038124,23886.0,66581.0,8167.0,WatsCh00,christianwatson|WR|GB,2026-08-20T08:14:39-04:00,2026-08-22,code_rebuild_spine_v5.py
-16014,Rams D/ST,D/ST,LAR,11.0,,117.50247384,espn_20260820,False,False,101.27,91.0,False,,21.626744769999988,,,,,,,2026-08-20T08:14:39-04:00,2026-08-22,code_rebuild_spine_v5.py
4569987,Jaylen Warren,RB,PIT,9.0,ACTIVE,168.58885584,espn_20260820,False,False,103.16,92.0,False,,0.0,00-0037228,24209.0,98692.0,8228.0,WarrJa01,jaylenwarren|RB|PIT,2026-08-20T08:14:39-04:00,2026-08-22,code_rebuild_spine_v5.py
4361741,Brock Purdy,QB,SF,8.0,ACTIVE,346.39185378,espn_20260820,False,False,104.76,93.0,False,,4.788993600000026,00-0037834,19797.0,77672.0,8183.0,PurdBr00,brockpurdy|QB|SF,2026-08-20T08:14:39-04:00,2026-08-22,code_rebuild_spine_v5.py
4362081,Cameron Dicker,K,LAC,7.0,ACTIVE,161.89372019,espn_20260820,False,False,105.13,94.0,False,,17.889958890000003,00-0037224,23901.0,77069.0,8259.0,DickCa00,camerondicker|K|LAC,2026-08-20T08:14:39-04:00,2026-08-22,code_rebuild_spine_v5.py
4432773,Brian Thomas Jr.,WR,JAX,7.0,ACTIVE,148.09080489,espn_20260820,False,False,106.4,95.0,False,,-15.44876868,00-0039893,23000.0,146760.0,11631.0,ThomBr06,brianthomas|WR|JAX,2026-08-20T08:14:39-04:00,2026-08-22,code_rebuild_spine_v5.py
4360761,Michael Wilson,WR,ARI,14.0,ACTIVE,141.22526789,espn_20260820,False,False,106.74,96.0,False,,-22.31430567999999,00-0038559,25333.0,84423.0,10232.0,WilsMi02,michaelwilson|WR|ARI,2026-08-20T08:14:39-04:00,2026-08-22,code_rebuild_spine_v5.py
4701936,Matthew Golden,WR,GB,11.0,ACTIVE,151.59715004,espn_20260820,False,False,106.98,97.0,False,,-11.942423529999985,00-0040667,26024.0,156165.0,12501.0,GoldMa02,matthewgolden|WR|GB,2026-08-20T08:14:39-04:00,2026-08-22,code_rebuild_spine_v5.py
-16026,Seahawks D/ST,D/ST,SEA,11.0,,120.3179776,espn_20260820,False,False,107.59,98.0,False,,24.44224853,,,,,,,2026-08-20T08:14:39-04:00,2026-08-22,code_rebuild_spine_v5.py
4038941,Justin Herbert,QB,LAC,7.0,ACTIVE,334.49140805,espn_20260820,False,False,108.98,99.0,False,,-7.111452129999975,00-0036355,18635.0,28237.0,6797.0,HerbJu00,justinherbert|QB|LAC,2026-08-20T08:14:39-04:00,2026-08-22,code_rebuild_spine_v5.py
4038815,Rico Dowdle,RB,PIT,9.0,ACTIVE,171.41887987,espn_20260820,False,False,108.98,100.0,False,,2.830024030000004,00-0036139,19647.0,40693.0,7021.0,DowdRi01,ricodowdle|RB|PIT,2026-08-20T08:14:39-04:00,2026-08-22,code_rebuild_spine_v5.py
3139477,Patrick Mahomes,QB,KC,5.0,QUESTIONABLE,343.86620556,espn_20260820,False,False,109.29,101.0,False,,2.2633453800000325,00-0033873,16413.0,11765.0,4046.0,MahoPa00,patrickmahomes|QB|KC,2026-08-20T08:14:39-04:00,2026-08-22,code_rebuild_spine_v5.py
4242355,Jake Ferguson,TE,DAL,14.0,ACTIVE,130.05760239,espn_20260820,False,False,112.46,102.0,False,,-10.23728177999999,00-0038041,22718.0,61081.0,8110.0,FergJa00,jakeferguson|TE|DAL,2026-08-20T08:14:39-04:00,2026-08-22,code_rebuild_spine_v5.py
-16023,Steelers D/ST,D/ST,PIT,9.0,,126.96817596,espn_20260820,False,False,115.2,103.0,False,,31.09244688999999,,,,,,,2026-08-20T08:14:39-04:00,2026-08-22,code_rebuild_spine_v5.py
3916433,Jakobi Meyers,WR,JAX,7.0,ACTIVE,147.02705771,espn_20260820,False,False,115.59,104.0,False,,-16.51251585999998,00-0034960,18598.0,47468.0,5947.0,MeyeJa01,jakobimeyers|WR|JAX,2026-08-20T08:14:39-04:00,2026-08-22,code_rebuild_spine_v5.py
2473037,Jason Myers,K,SEA,11.0,ACTIVE,158.50500286,espn_20260820,False,False,116.05,105.0,False,,14.501241559999983,00-0031492,14003.0,10207.0,2747.0,MyerJa00,jasonmyers|K|SEA,2026-08-20T08:14:39-04:00,2026-08-22,code_rebuild_spine_v5.py
4569587,Wan'Dale Robinson,WR,TEN,9.0,ACTIVE,135.58125009,espn_20260820,False,False,117.75,106.0,False,,-27.95832347999999,00-0038117,22985.0,101735.0,8126.0,RobiWa01,wandalerobinson|WR|TEN,2026-08-20T08:14:39-04:00,2026-08-22,code_rebuild_spine_v5.py
4880281,Jordyn Tyson,WR,NO,8.0,DOUBTFUL,81.98456534,espn_20260820,False,False,118.19,107.0,False,,-81.55500822999998,00-0041029,26035.0,,13281.0,TysoJo00,jordyntyson|WR|NO,2026-08-20T08:14:39-04:00,2026-08-22,code_rebuild_spine_v5.py
4241416,Chuba Hubbard,RB,CAR,5.0,QUESTIONABLE,152.2613561,espn_20260820,False,False,118.48,108.0,False,,-16.327499740000007,00-0036555,19792.0,57373.0,7594.0,HubbCh01,chubahubbard|RB|CAR,2026-08-20T08:14:39-04:00,2026-08-22,code_rebuild_spine_v5.py
4685415,Travis Hunter,WR,JAX,7.0,ACTIVE,91.28579758,espn_20260820,False,False,119.27,109.0,False,,-72.25377599,00-0040718,26034.0,160766.0,12530.0,HuntTr00,travishunter|WR|JAX,2026-08-20T08:14:39-04:00,2026-08-22,code_rebuild_spine_v5.py
4429205,Jordan Addison,WR,MIN,6.0,ACTIVE,140.237745,espn_20260820,False,False,121.39,110.0,False,,-23.301828569999998,00-0038994,23107.0,123000.0,9756.0,AddiJo00,jordanaddison|WR|MIN,2026-08-20T08:14:39-04:00,2026-08-22,code_rebuild_spine_v5.py
4371733,Kenny Gainwell,RB,TB,10.0,ACTIVE,151.73136847,espn_20260820,False,False,122.17,111.0,False,,-16.85748737,00-0036919,23310.0,77737.0,7567.0,GainKe00,kennygainwell|RB|TB,2026-08-20T08:14:39-04:00,2026-08-22,code_rebuild_spine_v5.py
4688813,Josh Downs,WR,IND,13.0,ACTIVE,122.49173546,espn_20260820,False,False,122.27,112.0,False,,-41.04783810999999,00-0038997,24706.0,122832.0,9500.0,DownJo00,joshdowns|WR|IND,2026-08-20T08:14:39-04:00,2026-08-22,code_rebuild_spine_v5.py
4241985,J.K. Dobbins,RB,DEN,10.0,ACTIVE,164.30503433,espn_20260820,False,False,122.55,113.0,False,,-4.283821509999996,00-0036158,19245.0,57366.0,6806.0,DobbJK00,jkdobbins|RB|DEN,2026-08-20T08:14:39-04:00,2026-08-22,code_rebuild_spine_v5.py
3116365,Mark Andrews,TE,BAL,13.0,ACTIVE,140.29488417,espn_20260820,False,False,123.1,114.0,False,,0.0,00-0034753,17269.0,47436.0,5012.0,AndrMa00,markandrews|TE|BAL,2026-08-20T08:14:39-04:00,2026-08-22,code_rebuild_spine_v5.py
4678008,Jonathon Brooks,RB,CAR,5.0,ACTIVE,154.36101441,espn_20260820,False,False,125.09,115.0,False,,-14.227841430000012,00-0039344,26148.0,144721.0,11583.0,BrooJo02,jonathonbrooks|RB|CAR,2026-08-20T08:14:39-04:00,2026-08-22,code_rebuild_spine_v5.py
4373678,Khalil Shakir,WR,BUF,7.0,ACTIVE,136.05463953,espn_20260820,False,False,126.88,116.0,False,,-27.484934039999985,00-0037261,23748.0,84140.0,8134.0,ShakKh00,khalilshakir|WR|BUF,2026-08-20T08:14:39-04:00,2026-08-22,code_rebuild_spine_v5.py
3042519,Aaron Jones Sr.,RB,MIN,6.0,ACTIVE,153.46190142,espn_20260820,False,False,129.8,117.0,False,,-15.126954420000004,00-0033293,16673.0,11937.0,4199.0,JoneAa00,aaronjones|RB|MIN,2026-08-20T08:14:39-04:00,2026-08-22,code_rebuild_spine_v5.py
4361050,Isaiah Likely,TE,NYG,8.0,ACTIVE,123.98478792,espn_20260820,False,False,129.93,118.0,False,,-16.310096249999987,00-0037838,23781.0,83955.0,8131.0,LikeIs00,isaiahlikely|TE|NYG,2026-08-20T08:14:39-04:00,2026-08-22,code_rebuild_spine_v5.py
4574716,Harrison Mevis,K,LAR,11.0,ACTIVE,159.52969196,espn_20260820,False,False,130.39,119.0,False,,15.52593066,00-0039498,,124212.0,12015.0,MeviHa00,harrisonmevis|K|LAR,2026-08-20T08:14:39-04:00,2026-08-22,code_rebuild_spine_v5.py
4608686,Kyle Monangai,RB,CHI,10.0,QUESTIONABLE,163.33737728,espn_20260820,False,False,130.48,120.0,False,,-5.25147856000001,00-0040236,27131.0,129891.0,12534.0,MonaKy00,kylemonangai|RB|CHI,2026-08-20T08:14:39-04:00,2026-08-22,code_rebuild_spine_v5.py
2976212,Stefon Diggs,WR,WAS,7.0,ACTIVE,128.43717414,espn_20260820,False,False,130.84,121.0,False,,-35.10239942999999,00-0031588,13981.0,9579.0,2449.0,DiggSt00,stefondiggs|WR|WAS,2026-08-20T08:14:39-04:00,2026-08-22,code_rebuild_spine_v5.py
-16033,Ravens D/ST,D/ST,BAL,13.0,,120.47573139,espn_20260820,False,False,131.82,122.0,False,,24.60000232,,,,,,,2026-08-20T08:14:39-04:00,2026-08-22,code_rebuild_spine_v5.py
4697815,Rachaad White,RB,WAS,7.0,QUESTIONABLE,144.52676446,espn_20260820,False,False,132.79,123.0,False,,-24.06209138,00-0037256,23891.0,131633.0,8136.0,WhitRa01,rachaadwhite|RB|WAS,2026-08-20T08:14:39-04:00,2026-08-22,code_rebuild_spine_v5.py
2971573,Ka'imi Fairbairn,K,HOU,8.0,ACTIVE,157.86162737,espn_20260820,False,False,133.2,124.0,False,,13.85786607,00-0032726,15756.0,11161.0,3451.0,FairKa01,kaimifairbairn|K|HOU,2026-08-20T08:14:39-04:00,2026-08-22,code_rebuild_spine_v5.py
4036133,T.J. Hockenson,TE,MIN,6.0,ACTIVE,119.36073238,espn_20260820,False,False,133.6,125.0,False,,-20.934151789999987,00-0035229,18290.0,40912.0,5844.0,HockTJ00,tjhockenson|TE|MIN,2026-08-20T08:14:39-04:00,2026-08-22,code_rebuild_spine_v5.py
-16021,Eagles D/ST,D/ST,PHI,10.0,,107.19973925,espn_20260820,False,False,134.82,126.0,False,,11.324010179999988,,,,,,,2026-08-20T08:14:39-04:00,2026-08-22,code_rebuild_spine_v5.py
4385690,Dalton Kincaid,TE,BUF,7.0,ACTIVE,125.76459218,espn_20260820,False,False,135.13,127.0,False,,-14.530291989999995,00-0038933,25247.0,91791.0,10236.0,KincDa00,daltonkincaid|TE|BUF,2026-08-20T08:14:39-04:00,2026-08-22,code_rebuild_spine_v5.py
4568490,RJ Harvey,RB,DEN,10.0,ACTIVE,125.13962902,espn_20260820,False,False,135.81,128.0,False,,-43.44922682000001,00-0040730,27142.0,99622.0,12489.0,HarvRJ00,rjharvey|RB|DEN,2026-08-20T08:14:39-04:00,2026-08-22,code_rebuild_spine_v5.py
4683062,Xavier Worthy,WR,KC,5.0,QUESTIONABLE,145.54509586,espn_20260820,False,False,136.02,129.0,False,,-17.994477709999984,00-0039894,23019.0,144718.0,11624.0,WortXa00,xavierworthy|WR|KC,2026-08-20T08:14:39-04:00,2026-08-22,code_rebuild_spine_v5.py
4362249,Jayden Reed,WR,GB,11.0,ACTIVE,138.5079444,espn_20260820,False,False,136.64,130.0,False,,-25.031629169999974,00-0039146,23020.0,78171.0,10222.0,ReedJa03,jaydenreed|WR|GB,2026-08-20T08:14:39-04:00,2026-08-22,code_rebuild_spine_v5.py
3126486,Deebo Samuel Sr.,WR,SF,8.0,ACTIVE,135.17997955,espn_20260820,False,False,136.91,131.0,False,,-28.359594019999975,00-0035719,18244.0,48274.0,5872.0,SamuDe00,deebosamuel|WR|SF,2026-08-20T08:14:39-04:00,2026-08-22,code_rebuild_spine_v5.py
4575131,Jacory Croskey-Merritt,RB,WAS,7.0,ACTIVE,151.43111919,espn_20260820,False,False,137.15,132.0,False,,-17.157736650000004,00-0040242,27316.0,102382.0,12533.0,CrosJa00,jacorycroskeymerritt|RB|WAS,2026-08-20T08:14:39-04:00,2026-08-22,code_rebuild_spine_v5.py
4686361,Cam Little,K,JAX,7.0,ACTIVE,146.85354421,espn_20260820,False,False,137.3,133.0,False,,2.8497829099999876,00-0039409,26475.0,146646.0,11786.0,LittCa00,camlittle|K|JAX,2026-08-20T08:14:39-04:00,2026-08-22,code_rebuild_spine_v5.py
4870795,Makai Lemon,WR,PHI,10.0,QUESTIONABLE,128.34222711,espn_20260820,False,False,138.08,134.0,False,,-35.19734645999998,00-0040867,25420.0,,13294.0,LemoMa00,makailemon|WR|PHI,2026-08-20T08:14:39-04:00,2026-08-22,code_rebuild_spine_v5.py
3046779,Jared Goff,QB,DET,6.0,ACTIVE,326.4020052,espn_20260820,False,False,138.9,135.0,False,,-15.200854979999974,00-0033106,15501.0,10635.0,3163.0,GoffJa00,jaredgoff|QB|DET,2026-08-20T08:14:39-04:00,2026-08-22,code_rebuild_spine_v5.py
4429096,Blake Corum,RB,LAR,11.0,ACTIVE,151.01336616,espn_20260820,False,False,140.65,136.0,False,,-17.575489680000004,00-0039738,23013.0,129574.0,11586.0,CoruBl00,blakecorum|RB|LAR,2026-08-20T08:14:39-04:00,2026-08-22,code_rebuild_spine_v5.py
5083315,Kenyon Sadiq,TE,NYJ,13.0,QUESTIONABLE,122.40006786,espn_20260820,False,False,141.1,137.0,False,,-17.894816309999996,00-0041032,26055.0,,13330.0,SadiKe00,kenyonsadiq|TE|NYJ,2026-08-20T08:14:39-04:00,2026-08-22,code_rebuild_spine_v5.py
4429025,Quentin Johnston,WR,LAC,7.0,QUESTIONABLE,139.00305871,espn_20260820,False,False,141.42,138.0,False,,-24.536514859999983,00-0038544,23123.0,123085.0,9754.0,JohnQu02,quentinjohnston|WR|LAC,2026-08-20T08:14:39-04:00,2026-08-22,code_rebuild_spine_v5.py
3046439,Hunter Henry,TE,NE,11.0,ACTIVE,121.98714452,espn_20260820,False,False,143.02,139.0,False,,-18.307739649999988,00-0033090,15561.0,10669.0,3214.0,HenrHu00,hunterhenry|TE|NE,2026-08-20T08:14:39-04:00,2026-08-22,code_rebuild_spine_v5.py
3917315,Kyler Murray,QB,MIN,6.0,ACTIVE,289.27855615,espn_20260820,False,False,147.54,140.0,False,,-52.32430403000001,00-0035228,18600.0,38334.0,5849.0,MurrKy00,kylermurray|QB|MIN,2026-08-20T08:14:39-04:00,2026-08-22,code_rebuild_spine_v5.py
3116165,Chris Godwin Jr.,WR,TB,10.0,ACTIVE,127.18547883,espn_20260820,False,False,147.63,141.0,False,,-36.354094739999994,00-0033921,16406.0,11839.0,4037.0,GodwCh00,chrisgodwin|WR|TB,2026-08-20T08:14:39-04:00,2026-08-22,code_rebuild_spine_v5.py
3055899,Harrison Butker,K,KC,5.0,ACTIVE,148.76764943,espn_20260820,False,False,147.65,142.0,False,,4.763888129999998,00-0033303,16712.0,11988.0,4227.0,ButkHa00,harrisonbutker|K|KC,2026-08-20T08:14:39-04:00,2026-08-22,code_rebuild_spine_v5.py
4034949,Eddy Pineiro,K,SF,8.0,ACTIVE,155.31784321,espn_20260820,False,False,148.79,143.0,False,,11.314081909999999,00-0034173,17575.0,44140.0,5189.0,PineEd00,eddypineiro|K|SF,2026-08-20T08:14:39-04:00,2026-08-22,code_rebuild_spine_v5.py
3052587,Baker Mayfield,QB,TB,10.0,ACTIVE,313.61934511,espn_20260820,False,False,148.91,144.0,False,,-27.98351507000001,00-0034855,17237.0,46518.0,4892.0,MayfBa00,bakermayfield|QB|TB,2026-08-20T08:14:39-04:00,2026-08-22,code_rebuild_spine_v5.py
4360569,Jordan Mason,RB,MIN,6.0,ACTIVE,143.75998585,espn_20260820,False,False,149.22,145.0,False,,-24.828869990000015,00-0037525,22969.0,62946.0,8408.0,MasoJo00,jordanmason|RB|MIN,2026-08-20T08:14:39-04:00,2026-08-22,code_rebuild_spine_v5.py
-16017,Patriots D/ST,D/ST,NE,11.0,,103.4201802,espn_20260820,False,False,149.34,146.0,False,,7.544451129999999,,,,,,,2026-08-20T08:14:39-04:00,2026-08-22,code_rebuild_spine_v5.py
4870653,KC Concepcion,WR,CLE,11.0,ACTIVE,125.0990036,espn_20260820,False,False,150.27,147.0,False,,-38.440569969999984,00-0041547,27331.0,,13298.0,ConcKC00,kcconcepcion|WR|CLE,2026-08-20T08:14:39-04:00,2026-08-22,code_rebuild_spine_v5.py
-16008,Lions D/ST,D/ST,DET,6.0,,110.05864456,espn_20260820,False,False,151.6,148.0,False,,14.18291549,,,,,,,2026-08-20T08:14:39-04:00,2026-08-22,code_rebuild_spine_v5.py
4429059,Woody Marks,RB,HOU,8.0,ACTIVE,115.69868715,espn_20260820,False,False,152.64,149.0,False,,-52.89016869000001,00-0040583,27520.0,124179.0,12474.0,MarkWo00,woodymarks|RB|HOU,2026-08-20T08:14:39-04:00,2026-08-22,code_rebuild_spine_v5.py
4361432,Romeo Doubs,WR,NE,11.0,ACTIVE,123.90411368,espn_20260820,False,False,153.16,150.0,False,,-39.63545988999999,00-0037816,23794.0,84329.0,8121.0,DoubRo00,romeodoubs|WR|NE,2026-08-20T08:14:39-04:00,2026-08-22,code_rebuild_spine_v5.py
-16005,Browns D/ST,D/ST,CLE,11.0,,104.10186884,espn_20260820,False,False,153.48,151.0,False,,8.226139769999989,,,,,,,2026-08-20T08:14:39-04:00,2026-08-22,code_rebuild_spine_v5.py
4426385,Zach Charbonnet,RB,SEA,11.0,OUT,123.81253415,espn_20260820,False,False,154.42,152.0,False,,-44.77632169,00-0039165,23152.0,97630.0,9753.0,CharZa00,zachcharbonnet|RB|SEA,2026-08-20T08:14:39-04:00,2026-08-22,code_rebuild_spine_v5.py
4689936,Jake Bates,K,DET,6.0,ACTIVE,145.84552875,espn_20260820,False,False,155.13,153.0,False,,1.8417674499999919,00-0039172,26075.0,121959.0,11539.0,BateJa00,jakebates|K|DET,2026-08-20T08:14:39-04:00,2026-08-22,code_rebuild_spine_v5.py
4360689,Tyler Shough,QB,NO,8.0,ACTIVE,306.82836097,espn_20260820,False,False,155.66,154.0,False,,-34.77449920999999,00-0040743,23096.0,83537.0,12545.0,ShouTy00,tylershough|QB|NO,2026-08-20T08:14:39-04:00,2026-08-22,code_rebuild_spine_v5.py
3054850,Alvin Kamara,RB,NO,8.0,QUESTIONABLE,100.88130231,espn_20260820,False,False,157.07,155.0,False,,-67.70755353000001,00-0033906,16421.0,11822.0,4035.0,KamaAl00,alvinkamara|RB|NO,2026-08-20T08:14:39-04:00,2026-08-22,code_rebuild_spine_v5.py
4032473,Rashid Shaheed,WR,SEA,11.0,ACTIVE,123.03462274,espn_20260820,False,False,158.68,156.0,False,,-40.504950829999984,00-0037545,24687.0,63707.0,8676.0,ShahRa00,rashidshaheed|WR|SEA,2026-08-20T08:14:39-04:00,2026-08-22,code_rebuild_spine_v5.py
4036378,Jordan Love,QB,GB,11.0,ACTIVE,308.71794654,espn_20260820,False,False,159.34,157.0,False,,-32.88491363999998,00-0036264,19246.0,40306.0,6804.0,LoveJo03,jordanlove|QB|GB,2026-08-20T08:14:39-04:00,2026-08-22,code_rebuild_spine_v5.py
3917792,Daniel Jones,QB,IND,13.0,ACTIVE,306.12543484,espn_20260820,False,False,159.5,158.0,False,,-35.47742533999997,00-0035710,18232.0,39395.0,5870.0,JoneDa05,danieljones|QB|IND,2026-08-20T08:14:39-04:00,2026-08-22,code_rebuild_spine_v5.py
4361529,Isiah Pacheco,RB,DET,6.0,QUESTIONABLE,114.9189301,espn_20260820,False,False,160.36,159.0,False,,-53.66992574000001,00-0037197,24333.0,83747.0,8205.0,PachIs00,isiahpacheco|RB|DET,2026-08-20T08:14:39-04:00,2026-08-22,code_rebuild_spine_v5.py
4695883,Jalen Coker,WR,CAR,5.0,ACTIVE,116.48729482,espn_20260820,False,False,161.11,160.0,False,,-47.052278749999985,00-0039491,26403.0,143068.0,11646.0,CokeJa01,jalencoker|WR|CAR,2026-08-20T08:14:39-04:00,2026-08-22,code_rebuild_spine_v5.py
4710714,De'Zhaun Stribling,WR,SF,8.0,ACTIVE,108.98686329,espn_20260820,False,False,161.17,161.0,False,,-54.552710279999985,00-0041035,28138.0,,13417.0,StriDe01,dezhaunstribling|WR|SF,2026-08-20T08:14:39-04:00,2026-08-22,code_rebuild_spine_v5.py
17372,Chris Boswell,K,PIT,9.0,ACTIVE,142.85673443,espn_20260820,False,False,162.42,162.0,False,,-1.147026870000019,00-0031136,13029.0,8990.0,1945.0,BoswCh00,chrisboswell|K|PIT,2026-08-20T08:14:39-04:00,2026-08-22,code_rebuild_spine_v5.py
3912547,Sam Darnold,QB,SEA,11.0,ACTIVE,290.26848972,espn_20260820,False,False,162.5,163.0,False,,-51.33437046,00-0034869,17236.0,29048.0,4943.0,DarnSa00,samdarnold|QB|SEA,2026-08-20T08:14:39-04:00,2026-08-22,code_rebuild_spine_v5.py
-16012,Chiefs D/ST,D/ST,KC,5.0,,101.05312296,espn_20260820,False,False,163.1,164.0,False,,5.1773938899999905,,,,,,,2026-08-20T08:14:39-04:00,2026-08-22,code_rebuild_spine_v5.py
-16024,Chargers D/ST,D/ST,LAC,7.0,,95.87572907,espn_20260820,False,False,163.28,165.0,False,,0.0,,,,,,,2026-08-20T08:14:39-04:00,2026-08-22,code_rebuild_spine_v5.py
4697745,Tyler Loop,K,BAL,13.0,ACTIVE,146.0303707,espn_20260820,False,False,163.7,166.0,False,,2.026609399999984,00-0040074,,131582.0,12711.0,LoopTy00,tylerloop|K|BAL,2026-08-20T08:14:39-04:00,2026-08-22,code_rebuild_spine_v5.py
4241463,Jerry Jeudy,WR,CLE,11.0,ACTIVE,112.65363682,espn_20260820,False,False,164.11,167.0,False,,-50.885936749999985,00-0036407,19201.0,61103.0,6783.0,JeudJe00,jerryjeudy|WR|CLE,2026-08-20T08:14:39-04:00,2026-08-22,code_rebuild_spine_v5.py
3929645,Juwan Johnson,TE,NO,8.0,ACTIVE,111.88779323,espn_20260820,False,False,164.2,168.0,False,,-28.40709093999999,00-0036040,19562.0,28305.0,7002.0,JohnJu02,juwanjohnson|TE|NO,2026-08-20T08:14:39-04:00,2026-08-22,code_rebuild_spine_v5.py
4428557,Tyjae Spears,RB,TEN,9.0,ACTIVE,129.66353233,espn_20260820,False,False,165.36,169.0,False,,-38.92532351,00-0039032,25323.0,97195.0,9508.0,SpeaTy00,tyjaespears|RB|TEN,2026-08-20T08:14:39-04:00,2026-08-22,code_rebuild_spine_v5.py
4432577,C.J. Stroud,QB,HOU,8.0,ACTIVE,289.37432451,espn_20260820,False,False,166.11,170.0,False,,-52.228535669999985,00-0039163,23071.0,129759.0,9758.0,StroCJ00,cjstroud|QB|HOU,2026-08-20T08:14:39-04:00,2026-08-22,code_rebuild_spine_v5.py
4570037,Terrance Ferguson,TE,LAR,11.0,ACTIVE,112.80390616,espn_20260820,False,False,166.12,171.0,False,,-27.490978009999992,00-0040737,23091.0,146563.0,12487.0,FergTe00,terranceferguson|TE|LAR,2026-08-20T08:14:39-04:00,2026-08-22,code_rebuild_spine_v5.py
4567104,Will Reichard,K,MIN,6.0,ACTIVE,142.22902934,espn_20260820,False,False,166.22,172.0,False,,-1.7747319599999969,00-0039404,26341.0,98965.0,11792.0,ReicWi00,willreichard|K|MIN,2026-08-20T08:14:39-04:00,2026-08-22,code_rebuild_spine_v5.py
-16006,Cowboys D/ST,D/ST,DAL,14.0,,77.09031299,espn_20260820,False,False,166.28,173.0,False,,-18.785416080000005,,,,,,,2026-08-20T08:14:39-04:00,2026-08-22,code_rebuild_spine_v5.py
4241474,Brian Robinson Jr.,RB,ATL,11.0,ACTIVE,89.5614958,espn_20260820,False,False,166.33,174.0,False,,-79.02736004,,,,,,,2026-08-20T08:14:39-04:00,2026-08-22,code_rebuild_spine_v5.py
4360516,Tyrone Tracy Jr.,RB,NYG,8.0,ACTIVE,58.61246502,espn_20260820,False,False,166.5,175.0,False,,-109.97639082,00-0039384,22980.0,84226.0,11655.0,TracTy00,tyronetracy|RB|NYG,2026-08-20T08:14:39-04:00,2026-08-22,code_rebuild_spine_v5.py
4832800,Denzel Boston,WR,CLE,11.0,ACTIVE,113.22725815,espn_20260820,False,False,166.55,176.0,False,,-50.31231541999999,00-0041037,27339.0,,13346.0,BostDe00,denzelboston|WR|CLE,2026-08-20T08:14:39-04:00,2026-08-22,code_rebuild_spine_v5.py
4870847,Ja'Kobi Lane,WR,BAL,13.0,ACTIVE,84.68616663,espn_20260820,False,False,166.65,177.0,False,,-78.85340693999999,00-0040870,27337.0,,13293.0,LaneJa01,jakobilane|WR|BAL,2026-08-20T08:14:39-04:00,2026-08-22,code_rebuild_spine_v5.py
4837248,Fernando Mendoza,QB,LV,13.0,ACTIVE,215.55374803,espn_20260820,False,False,166.69,178.0,False,,-126.04911214999998,00-0041562,28013.0,,13269.0,MendFe00,fernandomendoza|QB|LV,2026-08-20T08:14:39-04:00,2026-08-22,code_rebuild_spine_v5.py
4242512,Malik Willis,QB,MIA,6.0,ACTIVE,265.15101997,espn_20260820,False,False,166.9,179.0,False,,-76.45184021,00-0038128,23499.0,60341.0,8161.0,WillMa12,malikwillis|QB|MIA,2026-08-20T08:14:39-04:00,2026-08-22,code_rebuild_spine_v5.py
4362619,Chris Rodriguez Jr.,RB,JAX,7.0,ACTIVE,69.36493142,espn_20260820,False,False,167.2,180.0,False,,-99.22392442,00-0038611,22986.0,83689.0,10219.0,RodrCh00,chrisrodriguez|RB|JAX,2026-08-20T08:14:39-04:00,2026-08-22,code_rebuild_spine_v5.py
17427,Cairo Santos,K,CHI,10.0,ACTIVE,144.41159129,espn_20260820,False,False,167.41,181.0,False,,0.407829989999982,00-0031203,13731.0,8932.0,2020.0,SantCa01,cairosantos|K|CHI,2026-08-20T08:14:39-04:00,2026-08-22,code_rebuild_spine_v5.py
-16030,Jaguars D/ST,D/ST,JAX,7.0,,80.22243298,espn_20260820,False,False,167.45,182.0,False,,-15.653296090000012,,,,,,,2026-08-20T08:14:39-04:00,2026-08-22,code_rebuild_spine_v5.py
4430539,Brenton Strange,TE,JAX,7.0,ACTIVE,112.92305319,espn_20260820,False,False,167.81,183.0,False,,-27.371830979999984,00-0038935,25345.0,101694.0,9480.0,StraBr00,brentonstrange|TE|JAX,2026-08-20T08:14:39-04:00,2026-08-22,code_rebuild_spine_v5.py
3117256,Dalton Schultz,TE,HOU,8.0,ACTIVE,103.46282279,espn_20260820,False,False,167.89,184.0,False,,-36.832061379999985,00-0034383,17349.0,47304.0,5001.0,SchuDa00,daltonschultz|TE|HOU,2026-08-20T08:14:39-04:00,2026-08-22,code_rebuild_spine_v5.py
3925357,Calvin Ridley,WR,TEN,9.0,ACTIVE,113.69278258,espn_20260820,False,False,167.94,185.0,False,,-49.84679098999999,00-0034837,17258.0,48262.0,4981.0,RidlCa00,calvinridley|WR|TEN,2026-08-20T08:14:39-04:00,2026-08-22,code_rebuild_spine_v5.py
4430834,Jalen McMillan,WR,TB,10.0,QUESTIONABLE,109.25905559,espn_20260820,False,False,168.0,186.0,False,,-54.280517979999985,00-0039855,23179.0,131905.0,11618.0,McMiJa01,jalenmcmillan|WR|TB,2026-08-20T08:14:39-04:00,2026-08-22,code_rebuild_spine_v5.py
-16009,Packers D/ST,D/ST,GB,11.0,,95.22425121,espn_20260820,False,False,168.18,187.0,False,,-0.65147786,,,,,,,2026-08-20T08:14:39-04:00,2026-08-22,code_rebuild_spine_v5.py
4428718,Tre Tucker,WR,LV,13.0,ACTIVE,113.76498145,espn_20260820,False,False,168.24,188.0,False,,-49.774592119999994,00-0038563,25337.0,101106.0,10213.0,TuckTr00,tretucker|WR|LV,2026-08-20T08:14:39-04:00,2026-08-22,code_rebuild_spine_v5.py
4366031,Tank Dell,WR,HOU,8.0,QUESTIONABLE,125.10906944,espn_20260820,False,False,168.31,189.0,False,,-38.43050412999999,00-0038977,25361.0,78874.0,9502.0,DellNa00,tankdell|WR|HOU,2026-08-20T08:14:39-04:00,2026-08-22,code_rebuild_spine_v5.py
4429013,Tank Bigsby,RB,PHI,10.0,ACTIVE,62.3303109,espn_20260820,False,False,168.46,190.0,False,,-106.25854494000001,00-0038555,22908.0,123974.0,9225.0,BigsTa00,tankbigsby|RB|PHI,2026-08-20T08:14:39-04:00,2026-08-22,code_rebuild_spine_v5.py
4373626,Tyler Allgeier,RB,ARI,14.0,ACTIVE,82.21197561,espn_20260820,False,False,168.47,191.0,False,,-86.37688023000001,00-0037263,24172.0,83639.0,8132.0,AllgTy00,tylerallgeier|RB|ARI,2026-08-20T08:14:39-04:00,2026-08-22,code_rebuild_spine_v5.py
-16016,Vikings D/ST,D/ST,MIN,6.0,,84.30150996,espn_20260820,False,False,168.5,192.0,False,,-11.574219110000001,,,,,,,2026-08-20T08:14:39-04:00,2026-08-22,code_rebuild_spine_v5.py
4688380,Cam Ward,QB,TEN,9.0,ACTIVE,252.68961014,espn_20260820,False,False,168.6,193.0,False,,-88.91325003999998,00-0040676,24755.0,133244.0,12522.0,WardCa00,camward|QB|TEN,2026-08-20T08:14:39-04:00,2026-08-22,code_rebuild_spine_v5.py
-16025,49ers D/ST,D/ST,SF,8.0,,83.30313108,espn_20260820,False,False,168.6,194.0,False,,-12.572597990000006,,,,,,,2026-08-20T08:14:39-04:00,2026-08-22,code_rebuild_spine_v5.py
3050478,Jake Elliott,K,PHI,10.0,ACTIVE,135.76357683,espn_20260820,False,False,168.69,195.0,False,,-8.240184470000003,00-0033787,16540.0,11908.0,4195.0,ElliJa03,jakeelliott|K|PHI,2026-08-20T08:14:39-04:00,2026-08-22,code_rebuild_spine_v5.py
4869461,Trey Smack,K,GB,11.0,ACTIVE,144.0037613,espn_20260820,False,False,168.74,196.0,False,,0.0,00-0040899,,,,SmacTr00,treysmack|K|GB,2026-08-20T08:14:39-04:00,2026-08-22,code_rebuild_spine_v5.py
4360234,Evan McPherson,K,CIN,6.0,ACTIVE,142.13858784,espn_20260820,False,False,168.81,197.0,False,,-1.865173459999994,00-0036854,23297.0,82583.0,7839.0,McPhEv00,evanmcpherson|K|CIN,2026-08-20T08:14:39-04:00,2026-08-22,code_rebuild_spine_v5.py
-16002,Bills D/ST,D/ST,BUF,7.0,,69.1577155,espn_20260820,False,False,168.81,198.0,False,,-26.71801357000001,,,,,,,2026-08-20T08:14:39-04:00,2026-08-22,code_rebuild_spine_v5.py
4685720,Bryce Young,QB,CAR,5.0,ACTIVE,277.66061452,espn_20260820,False,False,168.82,199.0,False,,-63.94224565999997,00-0039150,22900.0,123943.0,9228.0,YounBr01,bryceyoung|QB|CAR,2026-08-20T08:14:39-04:00,2026-08-22,code_rebuild_spine_v5.py
4361411,Pat Freiermuth,TE,PIT,9.0,ACTIVE,106.3872872,espn_20260820,False,False,168.83,200.0,False,,-33.907596969999986,00-0036894,20163.0,84085.0,7600.0,FreiPa00,patfreiermuth|TE|PIT,2026-08-20T08:14:39-04:00,2026-08-22,code_rebuild_spine_v5.py
2977187,Cooper Kupp,WR,SEA,11.0,ACTIVE,82.57886643,espn_20260820,False,False,168.88,201.0,False,,-80.96070713999998,00-0033908,16433.0,11824.0,4039.0,KuppCo00,cooperkupp|WR|SEA,2026-08-20T08:14:39-04:00,2026-08-22,code_rebuild_spine_v5.py
4576297,AJ Barner,TE,SEA,11.0,ACTIVE,91.39945844,espn_20260820,False,False,169.06,202.0,False,,-48.895425729999985,00-0039793,26335.0,129433.0,11603.0,BarnAJ00,ajbarner|TE|SEA,2026-08-20T08:14:39-04:00,2026-08-22,code_rebuild_spine_v5.py
-16003,Bears D/ST,D/ST,CHI,10.0,,95.18212764,espn_20260820,False,False,169.06,203.0,False,,-0.6936014300000011,,,,,,,2026-08-20T08:14:39-04:00,2026-08-22,code_rebuild_spine_v5.py
8439,Aaron Rodgers,QB,PIT,9.0,ACTIVE,259.28803949,espn_20260820,False,False,169.09,204.0,False,,-82.31482068999998,00-0023459,9001.0,2241.0,96.0,RodgAa00,aaronrodgers|QB|PIT,2026-08-20T08:14:39-04:00,2026-08-22,code_rebuild_spine_v5.py
16733,Odell Beckham Jr.,WR,NYG,8.0,ACTIVE,19.48967018,espn_20260820,False,False,169.17,205.0,False,,-144.04990339,00-0031235,12127.0,8647.0,2078.0,BeckOd00,odellbeckham|WR|NYG,2026-08-20T08:14:39-04:00,2026-08-22,code_rebuild_spine_v5.py
3150744,Chase McLaughlin,K,TB,10.0,ACTIVE,142.19579492,espn_20260820,False,False,169.28,206.0,False,,-1.8079663800000105,00-0035358,19058.0,33285.0,6650.0,McLaCh00,chasemclaughlin|K|TB,2026-08-20T08:14:39-04:00,2026-08-22,code_rebuild_spine_v5.py
-16019,Giants D/ST,D/ST,NYG,8.0,,73.64673275,espn_20260820,False,False,169.37,207.0,False,,-22.228996320000007,,,,,,,2026-08-20T08:14:39-04:00,2026-08-22,code_rebuild_spine_v5.py
4249087,Matt Gay,K,LV,13.0,ACTIVE,125.09667858,espn_20260820,False,False,169.39,208.0,False,,-18.907082720000005,00-0035269,18545.0,57643.0,6083.0,GayxMa00,mattgay|K|LV,2026-08-20T08:14:39-04:00,2026-08-22,code_rebuild_spine_v5.py
4430802,Darnell Washington,TE,PIT,9.0,ACTIVE,56.9940657,espn_20260820,False,False,169.41,,True,12.0,-83.30081847,00-0038558,22967.0,124044.0,9479.0,WashDa03,darnellwashington|TE|PIT,2026-08-20T08:14:39-04:00,2026-08-22,code_rebuild_spine_v5.py
-16015,Dolphins D/ST,D/ST,MIA,6.0,,55.40067336,espn_20260820,False,False,169.41,,True,12.0,-40.47505571000001,,,,,,,2026-08-20T08:14:39-04:00,2026-08-22,code_rebuild_spine_v5.py
15818,Keenan Allen,WR,IND,13.0,ACTIVE,96.86468605,espn_20260820,False,False,169.49,,True,5.0,-66.67488751999998,,,,,,,2026-08-20T08:14:39-04:00,2026-08-22,code_rebuild_spine_v5.py
4432762,Shedeur Sanders,QB,CLE,11.0,ACTIVE,112.61814432,espn_20260820,False,False,169.52,,True,6.0,-228.98471586,00-0040668,25968.0,131396.0,12524.0,SandSh00,shedeursanders|QB|CLE,2026-08-20T08:14:39-04:00,2026-08-22,code_rebuild_spine_v5.py
4360635,Chig Okonkwo,TE,WAS,7.0,ACTIVE,95.61108784,espn_20260820,False,False,169.53,,True,2.0,-44.68379632999999,,,,,,,2026-08-20T08:14:39-04:00,2026-08-22,code_rebuild_spine_v5.py
3917232,Tyler Bass,K,BUF,7.0,ACTIVE,136.78831863,espn_20260820,False,False,169.53,,True,4.0,-7.215442670000016,00-0036162,19760.0,33010.0,7042.0,BassTy00,tylerbass|K|BUF,2026-08-20T08:14:39-04:00,2026-08-22,code_rebuild_spine_v5.py
4912218,Cyrus Allen,WR,KC,5.0,ACTIVE,35.88799374,espn_20260820,False,False,169.54,,True,48.0,-127.65157982999999,00-0040890,28424.0,,13413.0,AlleCy00,cyrusallen|WR|KC,2026-08-20T08:14:39-04:00,2026-08-22,code_rebuild_spine_v5.py
4433970,J.J. McCarthy,QB,MIN,6.0,ACTIVE,46.34304236,espn_20260820,False,False,169.55,,True,8.0,-295.25981781999997,00-0039923,23018.0,144918.0,11565.0,McCaJJ00,jjmccarthy|QB|MIN,2026-08-20T08:14:39-04:00,2026-08-22,code_rebuild_spine_v5.py
-16027,Buccaneers D/ST,D/ST,TB,10.0,,94.3907573,espn_20260820,False,False,169.59,,True,2.0,-1.4849717700000014,,,,,,,2026-08-20T08:14:39-04:00,2026-08-22,code_rebuild_spine_v5.py
-16028,Commanders D/ST,D/ST,WAS,7.0,,71.79914113,espn_20260820,False,False,169.61,,True,7.0,-24.07658794000001,,,,,,,2026-08-20T08:14:39-04:00,2026-08-22,code_rebuild_spine_v5.py
2985659,Wil Lutz,K,DEN,10.0,ACTIVE,135.86594393,espn_20260820,False,False,169.66,,True,5.0,-8.137817370000022,,,,,,,2026-08-20T08:14:39-04:00,2026-08-22,code_rebuild_spine_v5.py
4869645,Caleb Douglas,WR,MIA,6.0,ACTIVE,93.43853927,espn_20260820,False,False,169.68,,True,6.0,-70.10103429999998,,,,,,,2026-08-20T08:14:39-04:00,2026-08-22,code_rebuild_spine_v5.py
-16013,Raiders D/ST,D/ST,LV,13.0,,62.07662028,espn_20260820,False,False,169.68,,True,10.0,-33.799108790000005,,,,,,,2026-08-20T08:14:39-04:00,2026-08-22,code_rebuild_spine_v5.py
3123076,David Njoku,TE,LAC,7.0,ACTIVE,84.40597807,espn_20260820,False,False,169.69,,True,5.0,-55.888906099999986,00-0033885,16399.0,11784.0,4033.0,NjokDa00,davidnjoku|TE|LAC,2026-08-20T08:14:39-04:00,2026-08-22,code_rebuild_spine_v5.py
4258595,Cole Kmet,TE,CHI,10.0,ACTIVE,42.75178053,espn_20260820,False,False,169.69,,True,19.0,-97.54310364,00-0036290,19229.0,60995.0,6826.0,KmetCo00,colekmet|TE|CHI,2026-08-20T08:14:39-04:00,2026-08-22,code_rebuild_spine_v5.py
-16029,Panthers D/ST,D/ST,CAR,5.0,,71.69060589,espn_20260820,False,False,169.72,,True,8.0,-24.185123180000005,,,,,,,2026-08-20T08:14:39-04:00,2026-08-22,code_rebuild_spine_v5.py
-16022,Cardinals D/ST,D/ST,ARI,14.0,,61.22514648,espn_20260820,False,False,169.72,,True,11.0,-34.650582590000006,,,,,,,2026-08-20T08:14:39-04:00,2026-08-22,code_rebuild_spine_v5.py
4039057,Lil'Jordan Humphrey,WR,DEN,10.0,ACTIVE,,espn_20260820,True,False,169.72,,True,,,00-0035406,18590.0,42247.0,5938.0,HumpLi01,liljordanhumphrey|WR|DEN,2026-08-20T08:14:39-04:00,2026-08-22,code_rebuild_spine_v5.py
3930086,Dawson Knox,TE,BUF,7.0,ACTIVE,55.71026567,espn_20260820,False,False,169.74,,True,13.0,-84.58461849999999,00-0035689,18631.0,35883.0,5906.0,KnoxDa00,dawsonknox|TE|BUF,2026-08-20T08:14:39-04:00,2026-08-22,code_rebuild_spine_v5.py
4568263,Ryan Fitzgerald,K,CAR,5.0,ACTIVE,124.06912635,espn_20260820,False,False,169.75,,True,11.0,-19.934634950000003,00-0040279,,99867.0,12961.0,FitzRy01,ryanfitzgerald|K|CAR,2026-08-20T08:14:39-04:00,2026-08-22,code_rebuild_spine_v5.py
4686658,Mike Washington Jr.,RB,LV,13.0,ACTIVE,60.95165438,espn_20260820,False,False,169.77,,True,9.0,-107.63720146,,,,,,,2026-08-20T08:14:39-04:00,2026-08-22,code_rebuild_spine_v5.py
-16004,Bengals D/ST,D/ST,CIN,6.0,,89.28029311,espn_20260820,False,False,169.77,,True,4.0,-6.595435960000003,,,,,,,2026-08-20T08:14:39-04:00,2026-08-22,code_rebuild_spine_v5.py
4430841,Carson Beck,QB,ARI,14.0,QUESTIONABLE,34.39257881,espn_20260820,False,False,169.77,,True,9.0,-307.21028136999996,00-0041561,22953.0,,13272.0,BeckCa01,carsonbeck|QB|ARI,2026-08-20T08:14:39-04:00,2026-08-22,code_rebuild_spine_v5.py
4596334,Keaton Mitchell,RB,LAC,7.0,ACTIVE,83.8391225,espn_20260820,False,False,169.78,,True,3.0,-84.74973334,,,,,,,2026-08-20T08:14:39-04:00,2026-08-22,code_rebuild_spine_v5.py
5082424,Dominic Zvada,K,NYG,8.0,ACTIVE,137.19054993,espn_20260820,False,False,169.79,,True,3.0,-6.813211370000005,00-0041145,,,,ZvadDo00,dominiczvada|K|NYG,2026-08-20T08:14:39-04:00,2026-08-22,code_rebuild_spine_v5.py
4714771,Drew Allar,QB,PIT,9.0,ACTIVE,11.16761221,espn_20260820,False,False,169.79,,True,22.0,-330.43524797,00-0041565,24345.0,,13289.0,AllaDr00,drewallar|QB|PIT,2026-08-20T08:14:39-04:00,2026-08-22,code_rebuild_spine_v5.py
4258620,Andre Szmyt,K,CLE,11.0,ACTIVE,121.74394896,espn_20260820,False,False,169.81,,True,13.0,-22.25981234000001,00-0038428,25713.0,57624.0,11261.0,SzmyAn00,andreszmyt|K|CLE,2026-08-20T08:14:39-04:00,2026-08-22,code_rebuild_spine_v5.py
3124679,Jason Sanders,K,NYJ,13.0,ACTIVE,128.42079174,espn_20260820,False,False,169.81,,True,9.0,-15.58296956000001,00-0034794,17533.0,29578.0,5119.0,SandJa00,jasonsanders|K|NYJ,2026-08-20T08:14:39-04:00,2026-08-22,code_rebuild_spine_v5.py
2573401,Tyler Higbee,TE,LAR,11.0,ACTIVE,30.44830279,espn_20260820,False,False,169.83,,True,25.0,-109.84658137999999,00-0033110,15623.0,10744.0,3271.0,HigbTy00,tylerhigbee|TE|LAR,2026-08-20T08:14:39-04:00,2026-08-22,code_rebuild_spine_v5.py
3124084,Joey Slye,K,TEN,9.0,ACTIVE,123.35933537,espn_20260820,False,False,169.84,,True,12.0,-20.64442593000001,00-0035192,19028.0,39235.0,6528.0,SlyeJo00,joeyslye|K|TEN,2026-08-20T08:14:39-04:00,2026-08-22,code_rebuild_spine_v5.py
4682648,Malachi Fields,WR,NYG,8.0,ACTIVE,48.3899338,espn_20260820,False,False,169.86,,True,36.0,-115.14963977,00-0041042,27994.0,,13285.0,FielMa00,malachifields|WR|NYG,2026-08-20T08:14:39-04:00,2026-08-22,code_rebuild_spine_v5.py
4363538,Chad Ryland,K,ARI,14.0,ACTIVE,121.65659696,espn_20260820,False,False,169.86,,True,14.0,-22.347164340000006,00-0038567,25354.0,77083.0,10955.0,RylaCh00,chadryland|K|ARI,2026-08-20T08:14:39-04:00,2026-08-22,code_rebuild_spine_v5.py
3676833,KaVontae Turpin,WR,DAL,14.0,ACTIVE,57.70791042,espn_20260820,False,False,169.87,,True,26.0,-105.83166315,00-0037801,18520.0,47658.0,8917.0,TurpKa00,kavontaeturpin|WR|DAL,2026-08-20T08:14:39-04:00,2026-08-22,code_rebuild_spine_v5.py
4678006,Elijah Arroyo,TE,SEA,11.0,ACTIVE,48.5597036,espn_20260820,False,False,169.87,,True,16.0,-91.73518056999998,00-0040739,23004.0,143933.0,12521.0,ArroEl00,elijaharroyo|TE|SEA,2026-08-20T08:14:39-04:00,2026-08-22,code_rebuild_spine_v5.py
4362887,Justin Fields,QB,KC,5.0,ACTIVE,12.47884923,espn_20260820,False,False,169.89,,True,12.0,-329.12401095,00-0036945,19781.0,82118.0,7591.0,FielJu00,justinfields|QB|KC,2026-08-20T08:14:39-04:00,2026-08-22,code_rebuild_spine_v5.py
4431574,Eli Stowers,TE,PHI,10.0,ACTIVE,23.61767499,espn_20260820,False,False,169.89,,True,34.0,-116.67720917999999,00-0041483,23144.0,,13349.0,StowEl00,elistowers|TE|PHI,2026-08-20T08:14:39-04:00,2026-08-22,code_rebuild_spine_v5.py
4243371,Riley Patterson,K,MIA,6.0,ACTIVE,127.38328943,espn_20260820,False,False,169.89,,True,10.0,-16.620471870000003,,,,,,,2026-08-20T08:14:39-04:00,2026-08-22,code_rebuild_spine_v5.py
4242392,Brock Wright,TE,DET,6.0,ACTIVE,14.72251163,espn_20260820,False,False,169.89,,True,47.0,-125.57237253999999,00-0036754,23341.0,60994.0,7891.0,WrigBr01,brockwright|TE|DET,2026-08-20T08:14:39-04:00,2026-08-22,code_rebuild_spine_v5.py
4240472,Noah Gray,TE,KC,5.0,ACTIVE,47.76392661,espn_20260820,False,False,169.9,,True,17.0,-92.53095755999999,00-0036637,19539.0,60878.0,7828.0,GrayNo00,noahgray|TE|KC,2026-08-20T08:14:39-04:00,2026-08-22,code_rebuild_spine_v5.py
4372096,Luke Schoonmaker,TE,DAL,14.0,ACTIVE,21.98469952,espn_20260820,False,False,169.9,,True,38.0,-118.31018465,00-0038547,25267.0,84005.0,10871.0,SchoLu00,lukeschoonmaker|TE|DAL,2026-08-20T08:14:39-04:00,2026-08-22,code_rebuild_spine_v5.py
14880,Kirk Cousins,QB,LV,13.0,ACTIVE,53.88425587,espn_20260820,False,False,169.91,,True,7.0,-287.71860431,,,,,,,2026-08-20T08:14:39-04:00,2026-08-22,code_rebuild_spine_v5.py
11252,Joe Flacco,QB,CIN,6.0,ACTIVE,12.97005905,espn_20260820,False,False,169.91,,True,10.0,-328.63280113,00-0026158,9300.0,4332.0,19.0,FlacJo00,joeflacco|QB|CIN,2026-08-20T08:14:39-04:00,2026-08-22,code_rebuild_spine_v5.py
2969939,Jameis Winston,QB,NYG,8.0,ACTIVE,10.33428134,espn_20260820,False,False,169.91,,True,29.0,-331.26857884,00-0031503,13891.0,9434.0,2306.0,WinsJa00,jameiswinston|QB|NYG,2026-08-20T08:14:39-04:00,2026-08-22,code_rebuild_spine_v5.py
4240391,Tommy DeVito,QB,NE,11.0,ACTIVE,12.08047262,espn_20260820,False,False,169.91,,True,18.0,-329.52238755999997,00-0038476,25746.0,60545.0,11292.0,DeViTo00,tommydevito|QB|NE,2026-08-20T08:14:39-04:00,2026-08-22,code_rebuild_spine_v5.py
-16010,Titans D/ST,D/ST,TEN,9.0,,75.35558828,espn_20260820,False,False,169.91,,True,6.0,-20.52014079,,,,,,,2026-08-20T08:14:39-04:00,2026-08-22,code_rebuild_spine_v5.py
4426948,Luke McCaffrey,WR,WAS,7.0,ACTIVE,15.11242407,espn_20260820,False,False,169.91,,True,72.0,-148.42714949999998,00-0039355,26328.0,101634.0,11650.0,McCaLu00,lukemccaffrey|WR|WAS,2026-08-20T08:14:39-04:00,2026-08-22,code_rebuild_spine_v5.py
4374033,Jermar Jefferson,RB,MIN,6.0,ACTIVE,,espn_20260820,True,True,169.91,,True,,,00-0036670,20088.0,83740.0,7599.0,JeffJe00,jermarjefferson|RB|nan,2026-08-20T08:14:39-04:00,2026-08-22,code_rebuild_spine_v5.py
4429202,Israel Abanikanda,RB,DAL,14.0,ACTIVE,,espn_20260820,True,True,169.91,,True,,,00-0038389,24352.0,122999.0,9227.0,AbanIs00,israelabanikanda|RB|DAL,2026-08-20T08:14:39-04:00,2026-08-22,code_rebuild_spine_v5.py
4685522,Ty Simpson,QB,LAR,11.0,ACTIVE,12.37097152,espn_20260820,False,False,169.92,,True,14.0,-329.23188866,00-0041568,25368.0,,13275.0,SimpTy00,tysimpson|QB|LAR,2026-08-20T08:14:39-04:00,2026-08-22,code_rebuild_spine_v5.py
16002,Kyle Juszczyk,RB,SF,8.0,QUESTIONABLE,34.70476547,espn_20260820,False,False,169.92,,True,20.0,-133.88409037000002,,,,,,,2026-08-20T08:14:39-04:00,2026-08-22,code_rebuild_spine_v5.py
5081338,Kaden Wetjen,WR,PIT,9.0,ACTIVE,4.08213199,espn_20260820,False,False,169.92,,True,97.0,-159.45744158,00-0041397,28435.0,,13491.0,WetjKa00,kadenwetjen|WR|PIT,2026-08-20T08:14:39-04:00,2026-08-22,code_rebuild_spine_v5.py
4597500,Adonai Mitchell,WR,NYJ,13.0,ACTIVE,105.91466519,espn_20260820,False,False,169.93,,True,1.0,-57.624908379999994,00-0039890,24357.0,146712.0,11625.0,MitcAd00,adonaimitchell|WR|NYJ,2026-08-20T08:14:39-04:00,2026-08-22,code_rebuild_spine_v5.py
2973405,Kalif Raymond,WR,CHI,10.0,ACTIVE,38.37461103,espn_20260820,False,False,169.93,,True,43.0,-125.16496253999999,00-0032464,16081.0,11028.0,3634.0,RaymKa00,kalifraymond|WR|CHI,2026-08-20T08:14:39-04:00,2026-08-22,code_rebuild_spine_v5.py
4242433,Joshua Palmer,WR,BUF,7.0,ACTIVE,36.31901412,espn_20260820,False,False,169.93,,True,47.0,-127.22055945,00-0036988,22845.0,62979.0,7670.0,PalmJo00,joshuapalmer|WR|BUF,2026-08-20T08:14:39-04:00,2026-08-22,code_rebuild_spine_v5.py
3921690,Josh Oliver,TE,MIN,6.0,ACTIVE,30.07970662,espn_20260820,False,False,169.93,,True,27.0,-110.21517754999999,00-0035249,18487.0,47083.0,5973.0,OlivJo00,josholiver|TE|MIN,2026-08-20T08:14:39-04:00,2026-08-22,code_rebuild_spine_v5.py
4869748,Zavion Thomas,WR,CHI,10.0,ACTIVE,29.93825814,espn_20260820,False,False,169.93,,True,54.0,-133.60131543,00-0041051,28132.0,,13411.0,ThomZa05,zavionthomas|WR|CHI,2026-08-20T08:14:39-04:00,2026-08-22,code_rebuild_spine_v5.py
4569382,Jordan Whittington,WR,LAR,11.0,ACTIVE,26.02017131,espn_20260820,False,False,169.93,,True,58.0,-137.51940226,00-0039751,23135.0,97623.0,11623.0,WhitJo04,jordanwhittington|WR|LAR,2026-08-20T08:14:39-04:00,2026-08-22,code_rebuild_spine_v5.py
4431492,Roman Wilson,WR,PIT,9.0,ACTIVE,22.97170211,espn_20260820,False,False,169.93,,True,64.0,-140.56787146,00-0039739,26160.0,129604.0,11630.0,WilsRo02,romanwilson|WR|PIT,2026-08-20T08:14:39-04:00,2026-08-22,code_rebuild_spine_v5.py
4428085,Luke Musgrave,TE,GB,11.0,OUT,12.47384905,espn_20260820,False,False,169.93,,True,52.0,-127.82103511999999,00-0039144,25282.0,98499.0,9481.0,MusgLu00,lukemusgrave|TE|GB,2026-08-20T08:14:39-04:00,2026-08-22,code_rebuild_spine_v5.py
3044720,Joshua Dobbs,QB,DET,6.0,ACTIVE,10.35278641,espn_20260820,False,False,169.93,,True,28.0,-331.25007377,,,,,,,2026-08-20T08:14:39-04:00,2026-08-22,code_rebuild_spine_v5.py
4685413,Cade Klubnik,QB,NYJ,13.0,ACTIVE,9.5942377,espn_20260820,False,False,169.93,,True,33.0,-332.00862248,00-0041056,24361.0,,13303.0,KlubCa00,cadeklubnik|QB|NYJ,2026-08-20T08:14:39-04:00,2026-08-22,code_rebuild_spine_v5.py
3115293,Kyle Allen,QB,BUF,7.0,ACTIVE,9.76137688,espn_20260820,False,False,169.93,,True,32.0,-331.8414833,00-0034577,17869.0,26152.0,5127.0,AlleKy00,kyleallen|QB|BUF,2026-08-20T08:14:39-04:00,2026-08-22,code_rebuild_spine_v5.py
4428209,Ricky Pearsall,WR,SF,8.0,INJURY_RESERVE,0.0,espn_20260820,False,False,169.93,,True,131.0,-163.53957357,,,,,,,2026-08-20T08:14:39-04:00,2026-08-22,code_rebuild_spine_v5.py
4360698,Joe Milton III,QB,DAL,14.0,ACTIVE,0.0,espn_20260820,False,False,169.93,,True,42.0,-341.60286018,00-0039398,25967.0,82151.0,11557.0,MiltJo00,joemilton|QB|DAL,2026-08-20T08:14:39-04:00,2026-08-22,code_rebuild_spine_v5.py
-16020,Jets D/ST,D/ST,NYJ,13.0,,93.10729915,espn_20260820,False,False,169.94,,True,3.0,-2.7684299200000027,,,,,,,2026-08-20T08:14:39-04:00,2026-08-22,code_rebuild_spine_v5.py
4241464,Mac Jones,QB,SF,8.0,ACTIVE,10.47539927,espn_20260820,False,False,169.94,,True,26.0,-331.12746090999997,00-0036972,20156.0,60323.0,7527.0,JoneMa05,macjones|QB|SF,2026-08-20T08:14:39-04:00,2026-08-22,code_rebuild_spine_v5.py
4431588,Ja'Tavion Sanders,TE,CAR,5.0,ACTIVE,32.53736104,espn_20260820,False,False,169.94,,True,22.0,-107.75752312999998,00-0039356,24334.0,144717.0,11600.0,SandJa01,jatavionsanders|TE|CAR,2026-08-20T08:14:39-04:00,2026-08-22,code_rebuild_spine_v5.py
4372780,Tommy Tremble,TE,CAR,5.0,ACTIVE,34.4055133,espn_20260820,False,False,169.94,,True,20.0,-105.88937087,00-0037005,22795.0,84025.0,7694.0,TremTo00,tommytremble|TE|CAR,2026-08-20T08:14:39-04:00,2026-08-22,code_rebuild_spine_v5.py
4426844,Elijah Higgins,TE,ARI,14.0,QUESTIONABLE,32.50816793,espn_20260820,False,False,169.94,,True,23.0,-107.78671623999999,00-0039041,23119.0,98027.0,10231.0,HiggEl00,elijahhiggins|TE|ARI,2026-08-20T08:14:39-04:00,2026-08-22,code_rebuild_spine_v5.py
4241372,Hollywood Brown,WR,PHI,10.0,ACTIVE,27.54119848,espn_20260820,False,False,169.94,,True,56.0,-135.99837509,00-0035662,18226.0,61568.0,5848.0,BrowMa04,hollywoodbrown|WR|PHI,2026-08-20T08:14:39-04:00,2026-08-22,code_rebuild_spine_v5.py
4683153,Skyler Bell,WR,BUF,7.0,QUESTIONABLE,23.43046833,espn_20260820,False,False,169.94,,True,63.0,-140.10910524,00-0041443,28126.0,,13402.0,BellSk00,skylerbell|WR|BUF,2026-08-20T08:14:39-04:00,2026-08-22,code_rebuild_spine_v5.py
2991662,Mack Hollins,WR,NE,11.0,ACTIVE,22.68087902,espn_20260820,False,False,169.94,,True,66.0,-140.85869455,00-0033555,16489.0,11873.0,4177.0,HollMa00,mackhollins|WR|NE,2026-08-20T08:14:39-04:00,2026-08-22,code_rebuild_spine_v5.py
4613202,Kyle Williams,WR,NE,11.0,ACTIVE,19.35677401,espn_20260820,False,False,169.94,,True,69.0,-144.18279955999998,00-0040131,27487.0,128374.0,12547.0,WillKy03,kylewilliams|WR|NE,2026-08-20T08:14:39-04:00,2026-08-22,code_rebuild_spine_v5.py
4360967,Brevyn Spann-Ford,TE,DAL,14.0,ACTIVE,7.54258011,espn_20260820,False,False,169.94,,True,57.0,-132.75230406,00-0039530,26003.0,84006.0,11593.0,SpanBr00,brevynspannford|TE|DAL,2026-08-20T08:14:39-04:00,2026-08-22,code_rebuild_spine_v5.py
4240703,Kenny Pickett,QB,CAR,5.0,ACTIVE,10.61234414,espn_20260820,False,False,169.94,,True,25.0,-330.99051604,00-0038102,22722.0,60515.0,8160.0,PickKe00,kennypickett|QB|CAR,2026-08-20T08:14:39-04:00,2026-08-22,code_rebuild_spine_v5.py
5160110,Jahdae Walker,WR,CHI,10.0,ACTIVE,7.07711014,espn_20260820,False,False,169.94,,True,90.0,-156.46246342999999,00-0040277,27810.0,175944.0,13079.0,WalkJa03,jahdaewalker|WR|CHI,2026-08-20T08:14:39-04:00,2026-08-22,code_rebuild_spine_v5.py
4430656,Myles Price,WR,MIN,6.0,ACTIVE,1.95011068,espn_20260820,False,False,169.94,,True,104.0,-161.58946289,00-0040506,27805.0,123155.0,13075.0,PricMy00,mylesprice|WR|MIN,2026-08-20T08:14:39-04:00,2026-08-22,code_rebuild_spine_v5.py
4695193,Efton Chism III,WR,NE,11.0,ACTIVE,0.53450261,espn_20260820,False,False,169.94,,True,113.0,-163.00507095999998,00-0040563,27445.0,141521.0,12542.0,ChisEf00,eftonchism|WR|NE,2026-08-20T08:14:39-04:00,2026-08-22,code_rebuild_spine_v5.py
3728262,Ray-Ray McCloud III,WR,CHI,10.0,ACTIVE,,espn_20260820,True,False,169.94,,True,,,,,,,,,2026-08-20T08:14:39-04:00,2026-08-22,code_rebuild_spine_v5.py
4259553,Stetson Bennett IV,QB,LAR,11.0,ACTIVE,0.0,espn_20260820,False,False,169.94,,True,40.0,-341.60286018,00-0039107,23927.0,60387.0,10857.0,BennSt00,stetsonbennett|QB|LAR,2026-08-20T08:14:39-04:00,2026-08-22,code_rebuild_spine_v5.py
4360405,Jake Bobo,WR,SEA,11.0,ACTIVE,,espn_20260820,True,True,169.94,,True,,,00-0038752,25339.0,77997.0,10867.0,BoboJa00,jakebobo|WR|SEA,2026-08-20T08:14:39-04:00,2026-08-22,code_rebuild_spine_v5.py
4429275,Trey Benson,RB,ARI,14.0,QUESTIONABLE,0.0,espn_20260820,False,False,169.94,,True,65.0,-168.58885584,00-0039921,25388.0,131705.0,11589.0,BensTr01,treybenson|RB|ARI,2026-08-20T08:14:39-04:00,2026-08-22,code_rebuild_spine_v5.py
4241457,Najee Harris,RB,NYG,8.0,QUESTIONABLE,45.89601061,espn_20260820,False,False,169.95,,True,13.0,-122.69284523000002,00-0036893,19302.0,57121.0,7528.0,HarrNa00,najeeharris|RB|LAC,2026-08-20T08:14:39-04:00,2026-08-22,code_rebuild_spine_v5.py
4568024,Josh Williams,RB,TB,10.0,ACTIVE,0.10920149,espn_20260820,False,False,169.95,,True,60.0,-168.47965435,00-0040429,27444.0,99171.0,12787.0,WillJo011,joshwilliams|RB|TB,2026-08-20T08:14:39-04:00,2026-08-22,code_rebuild_spine_v5.py
4434153,Tyson Bagent,QB,CHI,10.0,QUESTIONABLE,12.1055573,espn_20260820,False,False,169.95,,True,16.0,-329.49730288,00-0038416,25321.0,169628.0,11256.0,BageTy00,tysonbagent|QB|CHI,2026-08-20T08:14:39-04:00,2026-08-22,code_rebuild_spine_v5.py
5081335,Drew Stevens,K,WAS,7.0,ACTIVE,133.76855781,espn_20260820,False,False,169.95,,True,6.0,-10.235203490000004,,,,,,,2026-08-20T08:14:39-04:00,2026-08-22,code_rebuild_spine_v5.py
5092508,Colbie Young,WR,CIN,6.0,ACTIVE,32.56569638,espn_20260820,False,False,169.95,,True,50.0,-130.97387719,00-0041069,26037.0,,13477.0,YounCo01,colbieyoung|WR|CIN,2026-08-20T08:14:39-04:00,2026-08-22,code_rebuild_spine_v5.py
4831959,Eli Raridon,TE,NE,11.0,ACTIVE,29.25564869,espn_20260820,False,False,169.95,,True,28.0,-111.03923547999999,00-0041395,28154.0,,13421.0,RariEl00,eliraridon|TE|NE,2026-08-20T08:14:39-04:00,2026-08-22,code_rebuild_spine_v5.py
4036131,Noah Fant,TE,NO,8.0,ACTIVE,27.62589086,espn_20260820,False,False,169.95,,True,30.0,-112.66899330999999,00-0035644,17527.0,42388.0,5857.0,FantNo00,noahfant|TE|NO,2026-08-20T08:14:39-04:00,2026-08-22,code_rebuild_spine_v5.py
4808839,Isaiah Bond,WR,CLE,11.0,ACTIVE,25.60374804,espn_20260820,False,False,169.95,,True,59.0,-137.93582553,,,,,,,2026-08-20T08:14:39-04:00,2026-08-22,code_rebuild_spine_v5.py
3911853,Adam Trautman,TE,DEN,10.0,ACTIVE,22.95569763,espn_20260820,False,False,169.95,,True,35.0,-117.33918653999999,00-0036422,19423.0,109795.0,6869.0,TrauAd00,adamtrautman|TE|DEN,2026-08-20T08:14:39-04:00,2026-08-22,code_rebuild_spine_v5.py
4243389,Calvin Austin III,WR,NYG,8.0,ACTIVE,12.97434325,espn_20260820,False,False,169.95,,True,79.0,-150.56523031999998,00-0037837,23739.0,61418.0,8125.0,AustCa00,calvinaustin|WR|NYG,2026-08-20T08:14:39-04:00,2026-08-22,code_rebuild_spine_v5.py
4386544,Xavier Smith,WR,LAR,11.0,ACTIVE,9.77705649,espn_20260820,False,False,169.95,,True,83.0,-153.76251707999998,00-0038359,25627.0,102585.0,11168.0,SmitXa00,xaviersmith|WR|LAR,2026-08-20T08:14:39-04:00,2026-08-22,code_rebuild_spine_v5.py
4685201,Tanner McKee,QB,PHI,10.0,ACTIVE,11.26243544,espn_20260820,False,False,169.95,,True,21.0,-330.34042474,00-0038400,24740.0,131770.0,9230.0,McKeTa01,tannermckee|QB|PHI,2026-08-20T08:14:39-04:00,2026-08-22,code_rebuild_spine_v5.py
14163,Tyrod Taylor,QB,GB,11.0,ACTIVE,10.901854,espn_20260820,False,False,169.95,,True,24.0,-330.70100618,00-0028118,10007.0,6332.0,827.0,TaylTy00,tyrodtaylor|QB|GB,2026-08-20T08:14:39-04:00,2026-08-22,code_rebuild_spine_v5.py
4426339,Spencer Rattler,QB,NO,8.0,ACTIVE,10.43828222,espn_20260820,False,False,169.95,,True,27.0,-331.16457796,00-0039376,23081.0,97408.0,11562.0,RattSp00,spencerrattler|QB|NO,2026-08-20T08:14:39-04:00,2026-08-22,code_rebuild_spine_v5.py
4035671,Tyler Huntley,QB,BAL,13.0,ACTIVE,10.22481655,espn_20260820,False,False,169.95,,True,30.0,-331.37804363,00-0035993,19297.0,46448.0,7083.0,HuntTy01,tylerhuntley|QB|BAL,2026-08-20T08:14:39-04:00,2026-08-22,code_rebuild_spine_v5.py
4715355,Darius Cooper,WR,PHI,10.0,ACTIVE,6.87583048,espn_20260820,False,False,169.95,,True,92.0,-156.66374309,00-0040024,27866.0,136866.0,13150.0,CoopDa01,dariuscooper|WR|PHI,2026-08-20T08:14:39-04:00,2026-08-22,code_rebuild_spine_v5.py
4426485,Jonathan Mingo,WR,DAL,14.0,ACTIVE,6.94176486,espn_20260820,False,False,169.95,,True,91.0,-156.59780870999998,00-0039062,23030.0,97774.0,10225.0,MingJo00,jonathanmingo|WR|DAL,2026-08-20T08:14:39-04:00,2026-08-22,code_rebuild_spine_v5.py
3924327,Drew Lock,QB,SEA,11.0,ACTIVE,9.41263034,espn_20260820,False,False,169.95,,True,34.0,-332.19022984,00-0035704,18225.0,39517.0,5854.0,LockDr00,drewlock|QB|SEA,2026-08-20T08:14:39-04:00,2026-08-22,code_rebuild_spine_v5.py
2975417,Patrick Ricard,RB,NYG,8.0,ACTIVE,5.4297093,espn_20260820,False,False,169.95,,True,48.0,-163.15914654,,,,,,,2026-08-20T08:14:39-04:00,2026-08-22,code_rebuild_spine_v5.py
4889929,Quinn Ewers,QB,MIA,6.0,QUESTIONABLE,8.30028382,espn_20260820,False,False,169.95,,True,37.0,-333.30257636,00-0040234,23680.0,127253.0,12500.0,EwerQu00,quinnewers|QB|MIA,2026-08-20T08:14:39-04:00,2026-08-22,code_rebuild_spine_v5.py
4035656,Ben Skowronek,WR,PIT,9.0,ACTIVE,2.9937332,espn_20260820,False,False,169.95,,True,100.0,-160.54584036999998,00-0036862,22843.0,27948.0,7757.0,SkowBe00,benskowronek|WR|PIT,2026-08-20T08:14:39-04:00,2026-08-22,code_rebuild_spine_v5.py
3134353,Tim Patrick,WR,NYJ,13.0,ACTIVE,,espn_20260820,True,True,169.95,,True,,,00-0033375,16556.0,12087.0,4351.0,PatrTi00,timpatrick|WR|NYJ,2026-08-20T08:14:39-04:00,2026-08-22,code_rebuild_spine_v5.py
4427985,Bub Means,WR,NO,8.0,ACTIVE,,espn_20260820,True,True,169.95,,True,,,00-0039386,26354.0,98847.0,11748.0,MeanBu00,bubmeans|WR|NO,2026-08-20T08:14:39-04:00,2026-08-22,code_rebuild_spine_v5.py
3043275,Austin Hooper,TE,ATL,11.0,ACTIVE,33.15911334,espn_20260820,False,False,169.96,,True,21.0,-107.13577082999998,,,,,,,2026-08-20T08:14:39-04:00,2026-08-22,code_rebuild_spine_v5.py
4429084,Anthony Richardson Sr.,QB,IND,13.0,ACTIVE,,espn_20260820,True,True,169.96,,True,,,00-0039164,24347.0,124393.0,9229.0,RichAn03,anthonyrichardson|QB|IND,2026-08-20T08:14:39-04:00,2026-08-22,code_rebuild_spine_v5.py
3892775,Jarrett Stidham,QB,DEN,10.0,ACTIVE,12.57714086,espn_20260820,False,False,169.96,,True,11.0,-329.02571932,00-0035264,18604.0,13725.0,6136.0,StidJa00,jarrettstidham|QB|DEN,2026-08-20T08:14:39-04:00,2026-08-22,code_rebuild_spine_v5.py
4426875,Sam Howell,QB,DAL,14.0,ACTIVE,11.45850918,espn_20260820,False,False,169.96,,True,19.0,-330.144351,00-0037077,23045.0,97599.0,8162.0,HoweSa00,samhowell|QB|DAL,2026-08-20T08:14:39-04:00,2026-08-22,code_rebuild_spine_v5.py
4710855,Konata Mumpfield,WR,LAR,11.0,ACTIVE,24.29731794,espn_20260820,False,False,169.96,,True,62.0,-139.24225563,00-0040590,27449.0,145598.0,12718.0,MumpKo00,konatamumpfield|WR|LAR,2026-08-20T08:14:39-04:00,2026-08-22,code_rebuild_spine_v5.py
2998565,Mo Alie-Cox,TE,IND,13.0,ACTIVE,22.22343355,espn_20260820,False,False,169.96,,True,37.0,-118.07145062,00-0033217,16579.0,12078.0,4054.0,AlieMo00,moaliecox|TE|IND,2026-08-20T08:14:39-04:00,2026-08-22,code_rebuild_spine_v5.py
4685553,Brenen Thompson,WR,LAC,7.0,ACTIVE,22.75170164,espn_20260820,False,False,169.96,,True,65.0,-140.78787193,00-0041550,28133.0,,13380.0,ThomBr07,brenenthompson|WR|LAC,2026-08-20T08:14:39-04:00,2026-08-22,code_rebuild_spine_v5.py
4573699,Jackson Hawes,TE,BUF,7.0,ACTIVE,21.88123936,espn_20260820,False,False,169.96,,True,39.0,-118.41364481,00-0040194,27469.0,109374.0,12658.0,HaweJa00,jacksonhawes|TE|BUF,2026-08-20T08:14:39-04:00,2026-08-22,code_rebuild_spine_v5.py
4383396,Hunter Luepke,RB,DAL,14.0,ACTIVE,20.75182588,espn_20260820,False,False,169.96,,True,30.0,-147.83702996,00-0038738,25941.0,91319.0,11510.0,LuepHu00,hunterluepke|RB|DAL,2026-08-20T08:14:39-04:00,2026-08-22,code_rebuild_spine_v5.py
4608810,Tez Johnson,WR,TB,10.0,QUESTIONABLE,18.23103362,espn_20260820,False,False,169.96,,True,70.0,-145.30853994999998,00-0040237,27147.0,123709.0,12485.0,JohnTe03,tezjohnson|WR|TB,2026-08-20T08:14:39-04:00,2026-08-22,code_rebuild_spine_v5.py
4708486,Jimmy Horn Jr.,WR,CAR,5.0,ACTIVE,17.89244905,espn_20260820,False,False,169.96,,True,71.0,-145.64712451999998,00-0040218,27294.0,144483.0,12523.0,HornJi00,jimmyhorn|WR|CAR,2026-08-20T08:14:39-04:00,2026-08-22,code_rebuild_spine_v5.py
4430870,KeAndre Lambert-Smith,WR,LAC,7.0,ACTIVE,14.92976389,espn_20260820,False,False,169.96,,True,74.0,-148.60980967999998,00-0040184,24372.0,129789.0,12670.0,LambKe01,keandrelambertsmith|WR|LAC,2026-08-20T08:14:39-04:00,2026-08-22,code_rebuild_spine_v5.py
4698597,Barion Brown,WR,NO,8.0,ACTIVE,10.90332184,espn_20260820,False,False,169.96,,True,80.0,-152.63625173,00-0041099,25416.0,,13533.0,BrowBa02,barionbrown|WR|NO,2026-08-20T08:14:39-04:00,2026-08-22,code_rebuild_spine_v5.py
4259305,Bo Melton,WR,GB,11.0,ACTIVE,10.23388203,espn_20260820,False,False,169.96,,True,81.0,-153.30569154,00-0037091,24049.0,61610.0,8204.0,MeltBo00,bomelton|WR|GB,2026-08-20T08:14:39-04:00,2026-08-22,code_rebuild_spine_v5.py
4605951,CJ Daniels,WR,LAR,11.0,ACTIVE,7.92530296,espn_20260820,False,False,169.96,,True,87.0,-155.61427060999998,00-0041399,28125.0,,,DaniCJ00,cjdaniels|WR|LAR,2026-08-20T08:14:39-04:00,2026-08-22,code_rebuild_spine_v5.py
4683423,Riley Leonard,QB,IND,13.0,ACTIVE,10.91418595,espn_20260820,False,False,169.96,,True,23.0,-330.68867423,00-0040206,25373.0,143862.0,12470.0,LeonRi02,rileyleonard|QB|IND,2026-08-20T08:14:39-04:00,2026-08-22,code_rebuild_spine_v5.py
4565185,Tai Felton,WR,MIN,6.0,ACTIVE,7.15215122,espn_20260820,False,False,169.96,,True,89.0,-156.38742234999998,00-0040154,27182.0,144886.0,12496.0,FeltTa00,taifelton|WR|MIN,2026-08-20T08:14:39-04:00,2026-08-22,code_rebuild_spine_v5.py
4685504,Sam Roush,TE,CHI,10.0,ACTIVE,6.87433477,espn_20260820,False,False,169.96,,True,68.0,-133.4205494,00-0041558,28161.0,,13322.0,RousSa00,samroush|TE|CHI,2026-08-20T08:14:39-04:00,2026-08-22,code_rebuild_spine_v5.py
4693370,Riley Nowakowski,RB,PIT,9.0,ACTIVE,5.97973549,espn_20260820,False,False,169.96,,True,46.0,-162.60912035,00-0041398,28437.0,,13433.0,NowaRi00,rileynowakowski|TE|PIT,2026-08-20T08:14:39-04:00,2026-08-22,code_rebuild_spine_v5.py
3039707,Mitchell Trubisky,QB,TEN,9.0,ACTIVE,8.95649231,espn_20260820,False,False,169.96,,True,35.0,-332.64636787,00-0033869,16381.0,11757.0,3976.0,TrubMi00,mitchelltrubisky|QB|TEN,2026-08-20T08:14:39-04:00,2026-08-22,code_rebuild_spine_v5.py
3123075,Braxton Berrios,WR,NYG,8.0,ACTIVE,2.4886875,espn_20260820,False,False,169.96,,True,102.0,-161.05088607,,,,,,,2026-08-20T08:14:39-04:00,2026-08-22,code_rebuild_spine_v5.py
4430191,Skyy Moore,WR,GB,11.0,ACTIVE,0.39730223,espn_20260820,False,False,169.96,,True,114.0,-163.14227133999998,00-0038090,23905.0,97116.0,8168.0,MoorSk01,skyymoore|WR|GB,2026-08-20T08:14:39-04:00,2026-08-22,code_rebuild_spine_v5.py
3116407,Mason Rudolph,QB,PIT,9.0,ACTIVE,0.0,espn_20260820,False,False,169.96,,True,38.0,-341.60286018,00-0034771,17234.0,46569.0,4972.0,RudoMa00,masonrudolph|QB|PIT,2026-08-20T08:14:39-04:00,2026-08-22,code_rebuild_spine_v5.py
3127306,Dante Pettis,WR,BUF,7.0,ACTIVE,,espn_20260820,True,False,169.96,,True,,,,,,,,,2026-08-20T08:14:39-04:00,2026-08-22,code_rebuild_spine_v5.py
3051738,Marquez Valdes-Scantling,WR,DAL,14.0,ACTIVE,,espn_20260820,True,True,169.96,,True,,,00-0034272,17528.0,47809.0,5086.0,ValdMa00,marquezvaldesscantling|WR|DAL,2026-08-20T08:14:39-04:00,2026-08-22,code_rebuild_spine_v5.py
4424106,Gunner Olszewski,WR,NYG,8.0,INJURY_RESERVE,0.0,espn_20260820,False,False,169.96,,True,123.0,-163.53957357,,,,,,,2026-08-20T08:14:39-04:00,2026-08-22,code_rebuild_spine_v5.py
4239934,AJ Dillon,RB,CAR,5.0,ACTIVE,,espn_20260820,True,True,169.96,,True,,,00-0036265,19358.0,57165.0,6828.0,DillAJ00,ajdillon|RB|CAR,2026-08-20T08:14:39-04:00,2026-08-22,code_rebuild_spine_v5.py
3930066,Van Jefferson,WR,WAS,7.0,ACTIVE,0.0,espn_20260820,False,False,169.96,,True,124.0,-163.53957357,00-0036415,19483.0,47447.0,6853.0,JeffVa00,vanjefferson|WR|WAS,2026-08-20T08:14:39-04:00,2026-08-22,code_rebuild_spine_v5.py
4035115,Albert Okwuegbunam Jr.,TE,LV,13.0,ACTIVE,,espn_20260820,True,True,169.96,,True,,,00-0036423,18246.0,41933.0,6843.0,OkwuAl00,albertokwuegbunam|TE|LV,2026-08-20T08:14:39-04:00,2026-08-22,code_rebuild_spine_v5.py
4361418,Will Levis,QB,TEN,9.0,ACTIVE,,espn_20260820,True,False,169.96,,True,,,00-0039152,22987.0,83542.0,9999.0,LeviWi00,willlevis|QB|TEN,2026-08-20T08:14:39-04:00,2026-08-22,code_rebuild_spine_v5.py
4383429,Jacob Saylors,RB,DET,6.0,QUESTIONABLE,0.33143282,espn_20260820,False,False,169.97,,True,58.0,-168.25742302,00-0038896,25693.0,87559.0,11237.0,SaylJa00,jacobsaylors|RB|DET,2026-08-20T08:14:39-04:00,2026-08-22,code_rebuild_spine_v5.py
4833029,Max Klare,TE,LAR,11.0,ACTIVE,7.93465426,espn_20260820,False,False,169.97,,True,54.0,-132.36022991,00-0041510,27993.0,,13278.0,KlarMa00,maxklare|TE|LAR,2026-08-20T08:14:39-04:00,2026-08-22,code_rebuild_spine_v5.py
4569371,Isaiah Williams,WR,NYJ,13.0,ACTIVE,37.35979897,espn_20260820,False,False,169.97,,True,45.0,-126.17977459999999,00-0039451,26379.0,97156.0,11608.0,WillIs03,isaiahwilliams|WR|NYJ,2026-08-20T08:14:39-04:00,2026-08-22,code_rebuild_spine_v5.py
4696882,Devontez Walker,WR,BAL,13.0,ACTIVE,36.70977006,espn_20260820,False,False,169.97,,True,46.0,-126.82980350999999,00-0039792,26011.0,145773.0,11629.0,WalkDe01,devontezwalker|WR|BAL,2026-08-20T08:14:39-04:00,2026-08-22,code_rebuild_spine_v5.py
4879276,Bryce Lance,WR,NO,8.0,ACTIVE,31.96265182,espn_20260820,False,False,169.97,,True,51.0,-131.57692175,00-0041067,28129.0,,13420.0,LancBr00,brycelance|WR|NO,2026-08-20T08:14:39-04:00,2026-08-22,code_rebuild_spine_v5.py
3127310,Drew Sample,TE,CIN,6.0,ACTIVE,30.15618777,espn_20260820,False,False,169.97,,True,26.0,-110.13869639999999,00-0035631,18561.0,47259.0,6001.0,SampDr00,drewsample|TE|CIN,2026-08-20T08:14:39-04:00,2026-08-22,code_rebuild_spine_v5.py
4426496,Cade Stover,TE,HOU,8.0,ACTIVE,27.02992652,espn_20260820,False,False,169.97,,True,32.0,-113.26495764999999,00-0039359,25269.0,101486.0,11599.0,StovCa00,cadestover|TE|HOU,2026-08-20T08:14:39-04:00,2026-08-22,code_rebuild_spine_v5.py
3118892,Justin Watson,WR,HOU,8.0,ACTIVE,21.15862657,espn_20260820,False,False,169.97,,True,67.0,-142.380947,,,,,,,2026-08-20T08:14:39-04:00,2026-08-22,code_rebuild_spine_v5.py
3052897,Durham Smythe,TE,BAL,13.0,ACTIVE,18.67190236,espn_20260820,False,False,169.97,,True,43.0,-121.62298180999998,,,,,,,2026-08-20T08:14:39-04:00,2026-08-22,code_rebuild_spine_v5.py
5082630,Jalen Royals,WR,KC,5.0,ACTIVE,14.94727705,espn_20260820,False,False,169.97,,True,73.0,-148.59229652,00-0040646,27076.0,163442.0,12505.0,RoyaJa00,jalenroyals|WR|KC,2026-08-20T08:14:39-04:00,2026-08-22,code_rebuild_spine_v5.py
4702559,Oscar Delp,TE,NO,8.0,ACTIVE,14.1353894,espn_20260820,False,False,169.97,,True,50.0,-126.15949477,00-0041041,25430.0,,13319.0,DelpOs01,oscardelp|TE|NO,2026-08-20T08:14:39-04:00,2026-08-22,code_rebuild_spine_v5.py
4565859,Joe Royer,TE,CLE,11.0,QUESTIONABLE,12.51173212,espn_20260820,False,False,169.97,,True,51.0,-127.78315204999998,00-0041087,27312.0,,13435.0,RoyeJo01,joeroyer|TE|CLE,2026-08-20T08:14:39-04:00,2026-08-22,code_rebuild_spine_v5.py
4037235,Greg Dortch,WR,DET,6.0,ACTIVE,13.9572162,espn_20260820,False,False,169.97,,True,77.0,-149.58235736999998,00-0035500,18585.0,42237.0,5970.0,DortGr01,gregdortch|WR|DET,2026-08-20T08:14:39-04:00,2026-08-22,code_rebuild_spine_v5.py
4690070,Mitchell Tinsley,WR,CIN,6.0,ACTIVE,8.13376355,espn_20260820,False,False,169.97,,True,86.0,-155.40581002,00-0038839,24370.0,123470.0,11068.0,TinsMi00,mitchtinsley|WR|CIN,2026-08-20T08:14:39-04:00,2026-08-22,code_rebuild_spine_v5.py
4912052,Justin Joly,TE,DEN,10.0,ACTIVE,7.57755137,espn_20260820,False,False,169.97,,True,56.0,-132.71733279999998,,,,,,,2026-08-20T08:14:39-04:00,2026-08-22,code_rebuild_spine_v5.py
3043116,Demarcus Robinson,WR,SF,8.0,ACTIVE,7.86061924,espn_20260820,False,False,169.97,,True,88.0,-155.67895432999998,00-0032775,15665.0,10760.0,3286.0,RobiDe01,demarcusrobinson|WR|SF,2026-08-20T08:14:39-04:00,2026-08-22,code_rebuild_spine_v5.py
4383351,Trey Lance,QB,LAC,7.0,ACTIVE,11.28723056,espn_20260820,False,False,169.97,,True,20.0,-330.31562962,00-0037012,20082.0,91399.0,7610.0,LancTr00,treylance|QB|LAC,2026-08-20T08:14:39-04:00,2026-08-22,code_rebuild_spine_v5.py
3915486,Tyler Conklin,TE,DET,6.0,ACTIVE,7.10248135,espn_20260820,False,False,169.97,,True,61.0,-133.19240281999998,00-0034270,17598.0,47124.0,5133.0,ConkTy00,tylerconklin|TE|DET,2026-08-20T08:14:39-04:00,2026-08-22,code_rebuild_spine_v5.py
4360086,Josh Whyle,TE,GB,11.0,ACTIVE,6.97744381,espn_20260820,False,False,169.97,,True,63.0,-133.31744035999998,00-0038589,22923.0,54037.0,10212.0,WhylJo01,joshwhyle|TE|GB,2026-08-20T08:14:39-04:00,2026-08-22,code_rebuild_spine_v5.py
4432260,Matthew Hibner,TE,BAL,13.0,ACTIVE,6.97057003,espn_20260820,False,False,169.97,,True,65.0,-133.32431413999998,,,,,,,2026-08-20T08:14:39-04:00,2026-08-22,code_rebuild_spine_v5.py
4242546,Davis Mills,QB,HOU,8.0,ACTIVE,9.91855537,espn_20260820,False,False,169.97,,True,31.0,-331.68430481,00-0036898,22799.0,52269.0,7585.0,MillDa02,davismills|QB|HOU,2026-08-20T08:14:39-04:00,2026-08-22,code_rebuild_spine_v5.py
4869132,Reggie Virgil,WR,ARI,14.0,ACTIVE,6.40871386,espn_20260820,False,False,169.97,,True,94.0,-157.13085970999998,00-0041070,28141.0,,13297.0,VirgRe00,reggievirgil|WR|ARI,2026-08-20T08:14:39-04:00,2026-08-22,code_rebuild_spine_v5.py
4039505,Reggie Gilliam,RB,NE,11.0,ACTIVE,5.8967525,espn_20260820,False,False,169.97,,True,47.0,-162.69210334000002,00-0036187,19844.0,40951.0,7204.0,GillRe00,reggiegilliam|RB|NE,2026-08-20T08:14:39-04:00,2026-08-22,code_rebuild_spine_v5.py
4369863,Cedric Tillman,WR,CLE,11.0,QUESTIONABLE,5.85110023,espn_20260820,False,False,169.97,,True,96.0,-157.68847333999997,00-0038979,25287.0,84434.0,10444.0,TillCe01,cedrictillman|WR|CLE,2026-08-20T08:14:39-04:00,2026-08-22,code_rebuild_spine_v5.py
4038524,Gardner Minshew II,QB,ARI,14.0,ACTIVE,8.32865709,espn_20260820,False,False,169.97,,True,36.0,-333.27420309,00-0035289,18562.0,41401.0,6011.0,MinsGa00,gardnerminshew|QB|ARI,2026-08-20T08:14:39-04:00,2026-08-22,code_rebuild_spine_v5.py
4429105,Arian Smith,WR,NYJ,13.0,ACTIVE,3.50974932,espn_20260820,False,False,169.97,,True,99.0,-160.02982425,00-0040582,22965.0,124039.0,12539.0,SmitAr01,ariansmith|WR|NYJ,2026-08-20T08:14:39-04:00,2026-08-22,code_rebuild_spine_v5.py
4373273,British Brooks,RB,HOU,8.0,QUESTIONABLE,2.37581477,espn_20260820,False,False,169.97,,True,50.0,-166.21304107,00-0039603,26748.0,77714.0,12171.0,BrooBr01,britishbrooks|RB|HOU,2026-08-20T08:14:39-04:00,2026-08-22,code_rebuild_spine_v5.py
4690143,LaJohntay Wester,WR,BAL,13.0,ACTIVE,1.86868652,espn_20260820,False,False,169.97,,True,105.0,-161.67088704999998,00-0040075,27447.0,123616.0,12699.0,WestLa01,lajohntaywester|WR|BAL,2026-08-20T08:14:39-04:00,2026-08-22,code_rebuild_spine_v5.py
2975674,Robert Tonyan,TE,PIT,9.0,ACTIVE,,espn_20260820,True,False,169.97,,True,,,,,,,,,2026-08-20T08:14:39-04:00,2026-08-22,code_rebuild_spine_v5.py
2972515,Cooper Rush,QB,ATL,11.0,ACTIVE,,espn_20260820,True,False,169.97,,True,,,,,,,,,2026-08-20T08:14:39-04:00,2026-08-22,code_rebuild_spine_v5.py
4035004,Mecole Hardman Jr.,WR,BUF,7.0,ACTIVE,,espn_20260820,True,True,169.97,,True,,,00-0035140,18587.0,42683.0,5917.0,HardMe00,mecolehardman|WR|BUF,2026-08-20T08:14:39-04:00,2026-08-22,code_rebuild_spine_v5.py
4037457,Travis Homer,RB,PIT,9.0,ACTIVE,,espn_20260820,True,False,169.97,,True,,,,,,,,,2026-08-20T08:14:39-04:00,2026-08-22,code_rebuild_spine_v5.py
4212909,David Moore,WR,CAR,5.0,ACTIVE,0.0,espn_20260820,False,False,169.97,,True,122.0,-163.53957357,00-0033589,16757.0,11981.0,4274.0,MoorDa03,davidmoore|WR|CAR,2026-08-20T08:14:39-04:00,2026-08-22,code_rebuild_spine_v5.py
2573079,Carson Wentz,QB,MIN,6.0,ACTIVE,,espn_20260820,True,False,169.97,,True,,,,,,,,,2026-08-20T08:14:39-04:00,2026-08-22,code_rebuild_spine_v5.py
14012,Andy Dalton,QB,PHI,10.0,ACTIVE,,espn_20260820,True,False,169.97,,True,,,,,,,,,2026-08-20T08:14:39-04:00,2026-08-22,code_rebuild_spine_v5.py
3139602,D'Ernest Johnson,RB,TEN,9.0,ACTIVE,,espn_20260820,True,False,169.97,,True,,,,,,,,,2026-08-20T08:14:39-04:00,2026-08-22,code_rebuild_spine_v5.py
3126997,Tom Kennedy,WR,DET,6.0,ACTIVE,,espn_20260820,True,True,169.97,,True,,,00-0035544,19052.0,94379.0,6588.0,KennTo01,tomkennedy|WR|DET,2026-08-20T08:14:39-04:00,2026-08-22,code_rebuild_spine_v5.py
4249030,D.J. Montgomery,WR,IND,13.0,ACTIVE,,espn_20260820,True,False,169.97,,True,,,,,,,,,2026-08-20T08:14:39-04:00,2026-08-22,code_rebuild_spine_v5.py
4250360,Bailey Zappe,QB,NYJ,13.0,ACTIVE,,espn_20260820,True,False,169.97,,True,,,00-0038108,24027.0,60396.0,8157.0,ZappBa00,baileyzappe|QB|NYJ,2026-08-20T08:14:39-04:00,2026-08-22,code_rebuild_spine_v5.py
4367567,Julius Chestnut,RB,TEN,9.0,ACTIVE,,espn_20260820,True,False,169.97,,True,,,00-0037594,24689.0,109239.0,8254.0,ChesJu00,juliuschestnut|RB|TEN,2026-08-20T08:14:39-04:00,2026-08-22,code_rebuild_spine_v5.py
4243003,Ronnie Rivers,RB,LAR,11.0,ACTIVE,,espn_20260820,True,True,169.97,,True,,,00-0037557,23986.0,57208.0,8195.0,RiveRo01,ronnierivers|RB|LAR,2026-08-20T08:14:39-04:00,2026-08-22,code_rebuild_spine_v5.py
4426386,Roschon Johnson,RB,CHI,10.0,ACTIVE,,espn_20260820,True,True,169.97,,True,,,00-0039021,25322.0,99467.0,10235.0,JohnRo07,roschonjohnson|RB|CHI,2026-08-20T08:14:39-04:00,2026-08-22,code_rebuild_spine_v5.py
4260394,Aidan O'Connell,QB,LV,13.0,ACTIVE,0.0,espn_20260820,False,False,169.97,,True,41.0,-341.60286018,,,,,,,2026-08-20T08:14:39-04:00,2026-08-22,code_rebuild_spine_v5.py
4722893,Jaleel McLaughlin,RB,DEN,10.0,ACTIVE,,espn_20260820,True,False,169.97,,True,,,00-0038794,25876.0,138346.0,11439.0,McLaJa00,jaleelmclaughlin|RB|DEN,2026-08-20T08:14:39-04:00,2026-08-22,code_rebuild_spine_v5.py
3051876,Evan Engram,TE,DEN,10.0,ACTIVE,82.96124115,espn_20260820,False,False,169.98,,True,6.0,-57.33364301999998,,,,,,,2026-08-20T08:14:39-04:00,2026-08-22,code_rebuild_spine_v5.py
2576980,Marcus Mariota,QB,WAS,7.0,QUESTIONABLE,12.08928345,espn_20260820,False,False,169.98,,True,17.0,-329.51357673,,,,,,,2026-08-20T08:14:39-04:00,2026-08-22,code_rebuild_spine_v5.py
3045523,Kendrick Bourne,WR,ARI,14.0,ACTIVE,38.89925372,espn_20260820,False,False,169.98,,True,41.0,-124.64031985,00-0033307,17066.0,12270.0,4454.0,BourKe00,kendrickbourne|WR|ARI,2026-08-20T08:14:39-04:00,2026-08-22,code_rebuild_spine_v5.py
5150247,Malik Benson,WR,LV,13.0,ACTIVE,38.60508121,espn_20260820,False,False,169.98,,True,42.0,-124.93449235999998,00-0040894,26012.0,,13329.0,BensMa00,malikbenson|WR|LV,2026-08-20T08:14:39-04:00,2026-08-22,code_rebuild_spine_v5.py
4880236,Will Kacmarek,TE,MIA,6.0,ACTIVE,30.88610776,espn_20260820,False,False,169.98,,True,24.0,-109.40877640999999,00-0041524,28403.0,,13434.0,KacmWi00,willkacmarek|TE|MIA,2026-08-20T08:14:39-04:00,2026-08-22,code_rebuild_spine_v5.py
4241263,Charlie Kolar,TE,LAC,7.0,ACTIVE,28.85642044,espn_20260820,False,False,169.98,,True,29.0,-111.43846373,,,,,,,2026-08-20T08:14:39-04:00,2026-08-22,code_rebuild_spine_v5.py
5088338,Elijah Sarratt,WR,BAL,13.0,ACTIVE,28.04495828,espn_20260820,False,False,169.98,,True,55.0,-135.49461528999998,,,,,,,2026-08-20T08:14:39-04:00,2026-08-22,code_rebuild_spine_v5.py
3917914,Olamide Zaccheaus,WR,ATL,11.0,ACTIVE,25.16101016,espn_20260820,False,False,169.98,,True,60.0,-138.37856341,,,,,,,2026-08-20T08:14:39-04:00,2026-08-22,code_rebuild_spine_v5.py
4361516,Daniel Bellinger,TE,TEN,9.0,ACTIVE,20.42474061,espn_20260820,False,False,169.98,,True,41.0,-119.87014355999999,00-0038115,24238.0,84041.0,8225.0,BellDa00,danielbellinger|TE|TEN,2026-08-20T08:14:39-04:00,2026-08-22,code_rebuild_spine_v5.py
4361372,Jeremy Ruckert,TE,NYJ,13.0,ACTIVE,19.13210588,espn_20260820,False,False,169.98,,True,42.0,-121.16277828999999,00-0037805,23742.0,84029.0,8145.0,RuckJe00,jeremyruckert|TE|NYJ,2026-08-20T08:14:39-04:00,2026-08-22,code_rebuild_spine_v5.py
4426553,Davis Allen,TE,LAR,11.0,QUESTIONABLE,15.61466817,espn_20260820,False,False,169.98,,True,44.0,-124.68021599999999,00-0039074,23761.0,99697.0,10214.0,AlleDa02,davisallen|TE|LAR,2026-08-20T08:14:39-04:00,2026-08-22,code_rebuild_spine_v5.py
4383440,Nate Adkins,TE,DEN,10.0,ACTIVE,14.80550883,espn_20260820,False,False,169.98,,True,46.0,-125.48937533999998,,,,,,,2026-08-20T08:14:39-04:00,2026-08-22,code_rebuild_spine_v5.py
4686248,Nate Boerkircher,TE,JAX,7.0,ACTIVE,14.5613105,espn_20260820,False,False,169.98,,True,48.0,-125.73357366999998,00-0041503,28427.0,,13299.0,BoerNa00,nateboerkircher|TE|JAX,2026-08-20T08:14:39-04:00,2026-08-22,code_rebuild_spine_v5.py
4372505,Payne Durham,TE,TB,10.0,ACTIVE,14.46025682,espn_20260820,False,False,169.98,,True,49.0,-125.83462734999999,00-0039050,25346.0,84037.0,10227.0,DurhPa00,paynedurham|TE|TB,2026-08-20T08:14:39-04:00,2026-08-22,code_rebuild_spine_v5.py
3917668,Alec Ingold,RB,LAC,7.0,ACTIVE,12.41267959,espn_20260820,False,False,169.98,,True,38.0,-156.17617625,,,,,,,2026-08-20T08:14:39-04:00,2026-08-22,code_rebuild_spine_v5.py
4432775,Dont'e Thornton Jr.,WR,LV,13.0,QUESTIONABLE,13.03754185,espn_20260820,False,False,169.98,,True,78.0,-150.50203172,00-0040581,27288.0,146547.0,12541.0,ThorDo00,dontethornton|WR|LV,2026-08-20T08:14:39-04:00,2026-08-22,code_rebuild_spine_v5.py
3929914,Adam Prentice,RB,DEN,10.0,ACTIVE,8.44028924,espn_20260820,False,False,169.98,,True,40.0,-160.1485666,,,,,,,2026-08-20T08:14:39-04:00,2026-08-22,code_rebuild_spine_v5.py
4241961,Connor Heyward,RB,LV,13.0,ACTIVE,8.27636862,espn_20260820,False,False,169.98,,True,41.0,-160.31248722,,,,,,,2026-08-20T08:14:39-04:00,2026-08-22,code_rebuild_spine_v5.py
2515270,Michael Burton,RB,CLE,11.0,ACTIVE,7.96407451,espn_20260820,False,False,169.98,,True,42.0,-160.62478133000002,,,,,,,2026-08-20T08:14:39-04:00,2026-08-22,code_rebuild_spine_v5.py
4040612,Luke Farrell,TE,SF,8.0,ACTIVE,7.85003567,espn_20260820,False,False,169.98,,True,55.0,-132.44484849999998,00-0036887,19501.0,42353.0,7842.0,FarrLu00,lukefarrell|TE|SF,2026-08-20T08:14:39-04:00,2026-08-22,code_rebuild_spine_v5.py
4878695,Max Bredeson,RB,MIN,6.0,ACTIVE,7.36385679,espn_20260820,False,False,169.98,,True,43.0,-161.22499905,,,,,,,2026-08-20T08:14:39-04:00,2026-08-22,code_rebuild_spine_v5.py
4613104,Malachi Corley,WR,CLE,11.0,ACTIVE,8.67924162,espn_20260820,False,False,169.98,,True,85.0,-154.86033195,00-0039920,26023.0,66272.0,11617.0,CorlMa00,malachicorley|WR|CLE,2026-08-20T08:14:39-04:00,2026-08-22,code_rebuild_spine_v5.py
4596545,CJ Dippre,TE,NE,11.0,ACTIVE,7.2824919,espn_20260820,False,False,169.98,,True,58.0,-133.01239227,00-0040566,27251.0,144888.0,12984.0,DippCJ00,cjdippre|TE|NE,2026-08-20T08:14:39-04:00,2026-08-22,code_rebuild_spine_v5.py
4695705,Marlin Klein,TE,HOU,8.0,ACTIVE,6.91773503,espn_20260820,False,False,169.98,,True,66.0,-133.37714914,,,,,,,2026-08-20T08:14:39-04:00,2026-08-22,code_rebuild_spine_v5.py
4722908,Drew Ogletree,TE,IND,13.0,ACTIVE,7.02448916,espn_20260820,False,False,169.98,,True,62.0,-133.27039501,,,,,,,2026-08-20T08:14:39-04:00,2026-08-22,code_rebuild_spine_v5.py
2975863,Eric Saubert,TE,SEA,11.0,ACTIVE,6.91264607,espn_20260820,False,False,169.98,,True,67.0,-133.3822381,,,,,,,2026-08-20T08:14:39-04:00,2026-08-22,code_rebuild_spine_v5.py
3125107,Andrew Beck,RB,NYJ,13.0,ACTIVE,6.32817775,espn_20260820,False,False,169.98,,True,45.0,-162.26067809,,,,,,,2026-08-20T08:14:39-04:00,2026-08-22,code_rebuild_spine_v5.py
2531358,Chris Manhertz,TE,NYG,8.0,ACTIVE,3.23587124,espn_20260820,False,False,169.98,,True,74.0,-137.05901293,,,,,,,2026-08-20T08:14:39-04:00,2026-08-22,code_rebuild_spine_v5.py
4241802,Jalen Reagor,WR,MIA,6.0,ACTIVE,2.74084846,espn_20260820,False,False,169.98,,True,101.0,-160.79872511,00-0036387,19219.0,61697.0,6798.0,ReagJa00,jalenreagor|WR|MIA,2026-08-20T08:14:39-04:00,2026-08-22,code_rebuild_spine_v5.py
4257188,Charlie Jones,WR,CIN,6.0,ACTIVE,2.46587398,espn_20260820,False,False,169.98,,True,103.0,-161.07369959,00-0038576,25336.0,55038.0,10228.0,JoneCh11,charliejones|WR|CIN,2026-08-20T08:14:39-04:00,2026-08-22,code_rebuild_spine_v5.py
3926231,Britain Covey,WR,PHI,10.0,QUESTIONABLE,1.65974176,espn_20260820,False,False,169.98,,True,106.0,-161.87983180999998,,,,,,,2026-08-20T08:14:39-04:00,2026-08-22,code_rebuild_spine_v5.py
4372716,Nikko Remigio,WR,KC,5.0,ACTIVE,1.42888602,espn_20260820,False,False,169.98,,True,107.0,-162.11068755,00-0038519,25772.0,84150.0,11320.0,RemiNi00,nikkoremigio|WR|KC,2026-08-20T08:14:39-04:00,2026-08-22,code_rebuild_spine_v5.py
4039050,Devin Duvernay,WR,ARI,14.0,ACTIVE,0.8025052,espn_20260820,False,False,169.98,,True,111.0,-162.73706836999997,00-0036331,19270.0,40006.0,6847.0,DuveDe00,devinduvernay|WR|ARI,2026-08-20T08:14:39-04:00,2026-08-22,code_rebuild_spine_v5.py
4879194,Josh Cameron,WR,JAX,7.0,ACTIVE,0.33619265,espn_20260820,False,False,169.98,,True,116.0,-163.20338092,00-0041100,28137.0,,13394.0,CameJo01,joshcameron|WR|JAX,2026-08-20T08:14:39-04:00,2026-08-22,code_rebuild_spine_v5.py
4692835,Jalen Brooks,WR,ARI,14.0,ACTIVE,0.28747999,espn_20260820,False,False,169.98,,True,117.0,-163.25209357999998,,,,,,,2026-08-20T08:14:39-04:00,2026-08-22,code_rebuild_spine_v5.py
4057082,Mason Kinsey,WR,TEN,9.0,ACTIVE,0.06520126,espn_20260820,False,False,169.98,,True,120.0,-163.47437230999998,00-0036176,19704.0,115664.0,7436.0,KinsMa00,masonkinsey|WR|TEN,2026-08-20T08:14:39-04:00,2026-08-22,code_rebuild_spine_v5.py
3051889,Laquon Treadwell,WR,IND,13.0,ACTIVE,0.0,espn_20260820,False,False,169.98,,True,121.0,-163.53957357,,,,,,,2026-08-20T08:14:39-04:00,2026-08-22,code_rebuild_spine_v5.py
3052056,River Cracraft,WR,FA,,QUESTIONABLE,,espn_20260820,True,False,169.98,,True,,,,,,,,,2026-08-20T08:14:39-04:00,2026-08-22,code_rebuild_spine_v5.py
4036335,Cedrick Wilson Jr.,WR,DET,6.0,ACTIVE,,espn_20260820,True,True,169.98,,True,,,00-0034418,17262.0,48170.0,5113.0,WilsCe01,cedrickwilson|WR|DET,2026-08-20T08:14:39-04:00,2026-08-22,code_rebuild_spine_v5.py
2574511,Brandon Allen,QB,NYG,8.0,ACTIVE,,espn_20260820,True,False,169.98,,True,,,,,,,,,2026-08-20T08:14:39-04:00,2026-08-22,code_rebuild_spine_v5.py
2983509,Dare Ogunbowale,RB,LV,13.0,ACTIVE,,espn_20260820,True,False,169.98,,True,,,,,,,,,2026-08-20T08:14:39-04:00,2026-08-22,code_rebuild_spine_v5.py
3047876,KhaDarel Hodge,WR,SF,8.0,ACTIVE,,espn_20260820,True,False,169.98,,True,,,,,,,,,2026-08-20T08:14:39-04:00,2026-08-22,code_rebuild_spine_v5.py
2579604,Phillip Dorsett II,WR,LV,13.0,ACTIVE,,espn_20260820,True,False,169.98,,True,,,,,,,,,2026-08-20T08:14:39-04:00,2026-08-22,code_rebuild_spine_v5.py
4035222,Trayveon Williams,RB,DET,6.0,ACTIVE,,espn_20260820,True,False,169.98,,True,,,,,,,,,2026-08-20T08:14:39-04:00,2026-08-22,code_rebuild_spine_v5.py
2576336,Ameer Abdullah,RB,JAX,7.0,ACTIVE,,espn_20260820,True,False,169.98,,True,,,,,,,,,2026-08-20T08:14:39-04:00,2026-08-22,code_rebuild_spine_v5.py
3914397,Scotty Miller,WR,CHI,10.0,ACTIVE,,espn_20260820,True,True,169.98,,True,,,00-0035298,18714.0,47481.0,6290.0,MillSc01,scottymiller|WR|CHI,2026-08-20T08:14:39-04:00,2026-08-22,code_rebuild_spine_v5.py
3120590,Easton Stick,QB,IND,13.0,ACTIVE,,espn_20260820,True,False,169.98,,True,,,,,,,,,2026-08-20T08:14:39-04:00,2026-08-22,code_rebuild_spine_v5.py
15168,Case Keenum,QB,CHI,10.0,ACTIVE,,espn_20260820,True,False,169.98,,True,,,00-0028986,11425.0,7323.0,1737.0,KeenCa00,casekeenum|QB|CHI,2026-08-20T08:14:39-04:00,2026-08-22,code_rebuild_spine_v5.py
11394,Josh Johnson,QB,CIN,6.0,ACTIVE,0.0,espn_20260820,False,False,169.98,,True,39.0,-341.60286018,,,,,,,2026-08-20T08:14:39-04:00,2026-08-22,code_rebuild_spine_v5.py
3931391,Trenton Irwin,WR,SF,8.0,ACTIVE,,espn_20260820,True,False,169.98,,True,,,,,,,,,2026-08-20T08:14:39-04:00,2026-08-22,code_rebuild_spine_v5.py
3916566,K.J. Osborn,WR,TEN,9.0,ACTIVE,,espn_20260820,True,False,169.98,,True,,,,,,,,,2026-08-20T08:14:39-04:00,2026-08-22,code_rebuild_spine_v5.py
3928925,JaMycal Hasty,RB,NE,11.0,ACTIVE,,espn_20260820,True,False,169.98,,True,,,,,,,,,2026-08-20T08:14:39-04:00,2026-08-22,code_rebuild_spine_v5.py
4243315,Salvon Ahmed,RB,CHI,10.0,ACTIVE,,espn_20260820,True,False,169.98,,True,,,,,,,,,2026-08-20T08:14:39-04:00,2026-08-22,code_rebuild_spine_v5.py
4241401,Trey Sermon,RB,ATL,11.0,INJURY_RESERVE,,espn_20260820,True,False,169.98,,True,,,,,,,,,2026-08-20T08:14:39-04:00,2026-08-22,code_rebuild_spine_v5.py
4372414,Elijah Moore,WR,PHI,10.0,ACTIVE,,espn_20260820,True,True,169.98,,True,,,00-0036980,20114.0,84302.0,7596.0,MoorEl00,elijahmoore|WR|PHI,2026-08-20T08:14:39-04:00,2026-08-22,code_rebuild_spine_v5.py
4361259,Zach Wilson,QB,NO,8.0,ACTIVE,,espn_20260820,True,True,169.98,,True,,,00-0037013,22679.0,82096.0,7538.0,WilsZa00,zachwilson|QB|NO,2026-08-20T08:14:39-04:00,2026-08-22,code_rebuild_spine_v5.py
4240573,Ihmir Smith-Marsette,WR,ARI,14.0,ACTIVE,,espn_20260820,True,True,169.98,,True,,,00-0036635,20116.0,61324.0,7559.0,SmitIh00,ihmirsmithmarsette|WR|ARI,2026-08-20T08:14:39-04:00,2026-08-22,code_rebuild_spine_v5.py
4241820,Sam Ehlinger,QB,DEN,10.0,ACTIVE,,espn_20260820,True,False,169.98,,True,,,,,,,,,2026-08-20T08:14:39-04:00,2026-08-22,code_rebuild_spine_v5.py
4241983,Cody White,WR,SEA,11.0,ACTIVE,,espn_20260820,True,True,169.98,,True,,,00-0035891,19739.0,61448.0,7039.0,,codywhite|WR|SEA,2026-08-20T08:14:39-04:00,2026-08-22,code_rebuild_spine_v5.py
4039358,Patrick Taylor Jr.,RB,SF,8.0,ACTIVE,,espn_20260820,True,False,169.98,,True,,,,,,,,,2026-08-20T08:14:39-04:00,2026-08-22,code_rebuild_spine_v5.py
4035693,Velus Jones Jr.,RB,SEA,11.0,ACTIVE,,espn_20260820,True,False,169.98,,True,,,,,,,,,2026-08-20T08:14:39-04:00,2026-08-22,code_rebuild_spine_v5.py
4360238,Dameon Pierce,RB,PHI,10.0,QUESTIONABLE,,espn_20260820,True,False,169.98,,True,,,,,,,,,2026-08-20T08:14:39-04:00,2026-08-22,code_rebuild_spine_v5.py
4241374,Grant Calcaterra,TE,PHI,10.0,QUESTIONABLE,0.0,espn_20260820,False,False,169.98,,True,77.0,-140.29488417,00-0037086,24180.0,60997.0,8177.0,CalcGr00,grantcalcaterra|TE|PHI,2026-08-20T08:14:39-04:00,2026-08-22,code_rebuild_spine_v5.py
4374045,Teagan Quitoriano,TE,ARI,14.0,ACTIVE,,espn_20260820,True,False,169.98,,True,,,,,,,,,2026-08-20T08:14:39-04:00,2026-08-22,code_rebuild_spine_v5.py
4372019,Jerome Ford,RB,WAS,7.0,INJURY_RESERVE,0.0,espn_20260820,False,False,169.98,,True,63.0,-168.58885584,,,,,,,2026-08-20T08:14:39-04:00,2026-08-22,code_rebuild_spine_v5.py
4036419,Skylar Thompson,QB,BAL,13.0,INJURY_RESERVE,,espn_20260820,True,False,169.98,,True,,,,,,,,,2026-08-20T08:14:39-04:00,2026-08-22,code_rebuild_spine_v5.py
4044111,Chris Oladokun,QB,KC,5.0,ACTIVE,,espn_20260820,True,False,169.98,,True,,,00-0037324,24575.0,40364.0,8413.0,OladCh00,chrisoladokun|QB|KC,2026-08-20T08:14:39-04:00,2026-08-22,code_rebuild_spine_v5.py
4259308,Raheem Blackshear,RB,DET,6.0,ACTIVE,,espn_20260820,True,False,169.98,,True,,,,,,,,,2026-08-20T08:14:39-04:00,2026-08-22,code_rebuild_spine_v5.py
4240858,Hendon Hooker,QB,TEN,9.0,ACTIVE,,espn_20260820,True,True,169.98,,True,,,00-0038550,24332.0,60593.0,9998.0,HookHe00,hendonhooker|QB|TEN,2026-08-20T08:14:39-04:00,2026-08-22,code_rebuild_spine_v5.py
4570561,Eric Gray,RB,NYG,8.0,ACTIVE,,espn_20260820,True,False,169.98,,True,,,00-0038396,23075.0,99143.0,10223.0,GrayEr01,ericgray|RB|NYG,2026-08-20T08:14:39-04:00,2026-08-22,code_rebuild_spine_v5.py
4373684,Scott Matlock,RB,LAC,7.0,ACTIVE,,espn_20260820,True,False,169.98,,True,,,,,,,,,2026-08-20T08:14:39-04:00,2026-08-22,code_rebuild_spine_v5.py
4243322,Jake Haener,QB,NYG,8.0,ACTIVE,,espn_20260820,True,False,169.98,,True,,,,,,,,,2026-08-20T08:14:39-04:00,2026-08-22,code_rebuild_spine_v5.py
4243176,Brady Russell,RB,SEA,11.0,ACTIVE,,espn_20260820,True,False,169.98,,True,,,,,,,,,2026-08-20T08:14:39-04:00,2026-08-22,code_rebuild_spine_v5.py
4429676,Tyler Goodson,RB,ATL,11.0,ACTIVE,,espn_20260820,True,False,169.98,,True,,,00-0037120,22976.0,101659.0,8207.0,GoodTy00,tylergoodson|RB|ATL,2026-08-20T08:14:39-04:00,2026-08-22,code_rebuild_spine_v5.py
4428678,Jamari Thrash,WR,CLE,11.0,INJURY_RESERVE,,espn_20260820,True,False,169.98,,True,,,,,,,,,2026-08-20T08:14:39-04:00,2026-08-22,code_rebuild_spine_v5.py
4912274,Sione Vaki,RB,DET,6.0,ACTIVE,,espn_20260820,True,True,169.98,,True,,,00-0039364,26309.0,158505.0,11729.0,VakiSi00,sionevaki|RB|DET,2026-08-20T08:14:39-04:00,2026-08-22,code_rebuild_spine_v5.py
4595342,Oronde Gadsden,TE,LAC,7.0,ACTIVE,62.12362562,espn_20260820,False,False,169.99,,True,10.0,-78.17125854999999,00-0040189,25997.0,144046.0,12493.0,GadsOr01,orondegadsden|TE|LAC,2026-08-20T08:14:39-04:00,2026-08-22,code_rebuild_spine_v5.py
4427834,Erick All Jr.,TE,CIN,6.0,ACTIVE,47.54193715,espn_20260820,False,False,169.99,,True,18.0,-92.75294702,00-0039814,23837.0,52595.0,11592.0,AllxEr00,erickall|TE|CIN,2026-08-20T08:14:39-04:00,2026-08-22,code_rebuild_spine_v5.py
4240631,DeeJay Dallas,RB,JAX,7.0,ACTIVE,0.17887304,espn_20260820,False,False,169.99,,True,59.0,-168.4099828,,,,,,,2026-08-20T08:14:39-04:00,2026-08-22,code_rebuild_spine_v5.py
3886812,Jake Browning,QB,TB,10.0,ACTIVE,12.24076803,espn_20260820,False,False,169.99,,True,15.0,-329.36209214999997,,,,,,,2026-08-20T08:14:39-04:00,2026-08-22,code_rebuild_spine_v5.py
4361577,Dyami Brown,WR,WAS,7.0,ACTIVE,39.02891909,espn_20260820,False,False,169.99,,True,40.0,-124.51065447999999,,,,,,,2026-08-20T08:14:39-04:00,2026-08-22,code_rebuild_spine_v5.py
4048228,John Bates,TE,WAS,7.0,QUESTIONABLE,27.52079929,espn_20260820,False,False,169.99,,True,31.0,-112.77408487999999,00-0036628,22833.0,42275.0,7716.0,BateJo00,johnbates|TE|WAS,2026-08-20T08:14:39-04:00,2026-08-22,code_rebuild_spine_v5.py
4685307,Kevin Coleman Jr.,WR,MIA,6.0,QUESTIONABLE,26.12588094,espn_20260820,False,False,169.99,,True,57.0,-137.41369262999999,,,,,,,2026-08-20T08:14:39-04:00,2026-08-22,code_rebuild_spine_v5.py
3050481,Tanner Hudson,TE,CIN,6.0,ACTIVE,22.85676257,espn_20260820,False,False,169.99,,True,36.0,-117.43812159999999,,,,,,,2026-08-20T08:14:39-04:00,2026-08-22,code_rebuild_spine_v5.py
4690923,Ben Sinnott,TE,WAS,7.0,ACTIVE,21.07847098,espn_20260820,False,False,169.99,,True,40.0,-119.21641319,00-0039912,26310.0,122616.0,11596.0,SinnBe00,bensinnott|TE|WAS,2026-08-20T08:14:39-04:00,2026-08-22,code_rebuild_spine_v5.py
4883647,Elic Ayomanor,WR,TEN,9.0,ACTIVE,19.51221397,espn_20260820,False,False,169.99,,True,68.0,-144.02735959999998,,,,,,,2026-08-20T08:14:39-04:00,2026-08-22,code_rebuild_spine_v5.py
3843945,Foster Moreau,TE,HOU,8.0,ACTIVE,15.21995575,espn_20260820,False,False,169.99,,True,45.0,-125.07492841999999,,,,,,,2026-08-20T08:14:39-04:00,2026-08-22,code_rebuild_spine_v5.py
4573697,Mason Tipton,WR,NO,8.0,OUT,14.01616847,espn_20260820,False,False,169.99,,True,76.0,-149.5234051,,,,,,,2026-08-20T08:14:39-04:00,2026-08-22,code_rebuild_spine_v5.py
4373030,Ben Sims,TE,MIA,6.0,QUESTIONABLE,11.93536653,espn_20260820,False,False,169.99,,True,53.0,-128.35951763999998,,,,,,,2026-08-20T08:14:39-04:00,2026-08-22,code_rebuild_spine_v5.py
4362477,Derius Davis,WR,LAC,7.0,ACTIVE,9.93813669,espn_20260820,False,False,169.99,,True,82.0,-153.60143688,,,,,,,2026-08-20T08:14:39-04:00,2026-08-22,code_rebuild_spine_v5.py
4241476,Tyrell Shavers,WR,BUF,7.0,OUT,8.95306067,espn_20260820,False,False,169.99,,True,84.0,-154.5865129,00-0038679,25813.0,61107.0,11377.0,ShavTy00,tyrellshavers|WR|BUF,2026-08-20T08:14:39-04:00,2026-08-22,code_rebuild_spine_v5.py
4917427,Tanner Koziol,TE,JAX,7.0,ACTIVE,7.2685583,espn_20260820,False,False,169.99,,True,59.0,-133.02632587,,,,,,,2026-08-20T08:14:39-04:00,2026-08-22,code_rebuild_spine_v5.py
4034779,Ko Kieft,TE,TB,10.0,ACTIVE,7.26552674,espn_20260820,False,False,169.99,,True,60.0,-133.02935742999998,,,,,,,2026-08-20T08:14:39-04:00,2026-08-22,code_rebuild_spine_v5.py
4876132,Josh Cuevas,TE,BAL,13.0,ACTIVE,6.97057003,espn_20260820,False,False,169.99,,True,64.0,-133.32431413999998,00-0040887,28155.0,,13273.0,CuevJo00,joshcuevas|TE|BAL,2026-08-20T08:14:39-04:00,2026-08-22,code_rebuild_spine_v5.py
4696700,Tip Reiman,TE,ARI,14.0,OUT,6.49794816,espn_20260820,False,False,169.99,,True,70.0,-133.79693601,,,,,,,2026-08-20T08:14:39-04:00,2026-08-22,code_rebuild_spine_v5.py
4683159,Lewis Bond,WR,HOU,8.0,ACTIVE,6.66672078,espn_20260820,False,False,169.99,,True,93.0,-156.87285279,,,,,,,2026-08-20T08:14:39-04:00,2026-08-22,code_rebuild_spine_v5.py
4045305,Ian Thomas,TE,LV,13.0,ACTIVE,6.38256105,espn_20260820,False,False,169.99,,True,71.0,-133.91232312,,,,,,,2026-08-20T08:14:39-04:00,2026-08-22,code_rebuild_spine_v5.py
4035020,Charlie Woerner,TE,ATL,11.0,ACTIVE,6.27221133,espn_20260820,False,False,169.99,,True,72.0,-134.02267283999998,,,,,,,2026-08-20T08:14:39-04:00,2026-08-22,code_rebuild_spine_v5.py
3052096,Johnny Mundt,TE,PHI,10.0,ACTIVE,6.50020864,espn_20260820,False,False,169.99,,True,69.0,-133.79467552999998,,,,,,,2026-08-20T08:14:39-04:00,2026-08-22,code_rebuild_spine_v5.py
4360763,Brycen Tremayne,WR,CAR,5.0,ACTIVE,6.33974691,espn_20260820,False,False,169.99,,True,95.0,-157.19982665999999,,,,,,,2026-08-20T08:14:39-04:00,2026-08-22,code_rebuild_spine_v5.py
4034862,Jack Stoll,TE,CLE,11.0,ACTIVE,5.77781924,espn_20260820,False,False,169.99,,True,73.0,-134.51706492999998,00-0036741,23193.0,42058.0,7946.0,StolJa00,jackstoll|TE|CLE,2026-08-20T08:14:39-04:00,2026-08-22,code_rebuild_spine_v5.py
5097554,Kameron Johnson,WR,TB,10.0,ACTIVE,3.59967003,espn_20260820,False,False,169.99,,True,98.0,-159.93990354,00-0039589,26626.0,165866.0,11994.0,JohnKa01,kameronjohnson|WR|TB,2026-08-20T08:14:39-04:00,2026-08-22,code_rebuild_spine_v5.py
4429684,Anthony Gould,WR,IND,13.0,QUESTIONABLE,1.42867998,espn_20260820,False,False,169.99,,True,108.0,-162.11089359,00-0039816,26404.0,97078.0,11762.0,GoulAn00,anthonygould|WR|IND,2026-08-20T08:14:39-04:00,2026-08-22,code_rebuild_spine_v5.py
4575665,Jacob Cowing,WR,SF,8.0,ACTIVE,1.06210751,espn_20260820,False,False,169.99,,True,109.0,-162.47746605999998,,,,,,,2026-08-20T08:14:39-04:00,2026-08-22,code_rebuild_spine_v5.py
4570738,Ke'Shawn Williams,WR,CIN,6.0,ACTIVE,0.98695097,espn_20260820,False,False,169.99,,True,110.0,-162.55262259999998,,,,,,,2026-08-20T08:14:39-04:00,2026-08-22,code_rebuild_spine_v5.py
4877203,Gage Larvadain,WR,CLE,11.0,ACTIVE,0.71052255,espn_20260820,False,False,169.99,,True,112.0,-162.82905101999998,,,,,,,2026-08-20T08:14:39-04:00,2026-08-22,code_rebuild_spine_v5.py
4401805,Dareke Young,WR,LV,13.0,ACTIVE,0.35664735,espn_20260820,False,False,169.99,,True,115.0,-163.18292621999998,,,,,,,2026-08-20T08:14:39-04:00,2026-08-22,code_rebuild_spine_v5.py
4034704,Michael Bandy,WR,DEN,10.0,ACTIVE,0.17957074,espn_20260820,False,False,169.99,,True,118.0,-163.36000282999998,,,,,,,2026-08-20T08:14:39-04:00,2026-08-22,code_rebuild_spine_v5.py
4360637,Jeshaun Jones,WR,MIN,6.0,ACTIVE,0.08130979,espn_20260820,False,False,169.99,,True,119.0,-163.45826377999998,00-0039710,26423.0,84283.0,,JoneJe01,jeshaunjones|WR|MIN,2026-08-20T08:14:39-04:00,2026-08-22,code_rebuild_spine_v5.py
2576581,Chris Moore,WR,BAL,13.0,ACTIVE,,espn_20260820,True,False,169.99,,True,,,,,,,,,2026-08-20T08:14:39-04:00,2026-08-22,code_rebuild_spine_v5.py
3121409,Noah Brown,WR,LV,13.0,ACTIVE,,espn_20260820,True,False,169.99,,True,,,,,,,,,2026-08-20T08:14:39-04:00,2026-08-22,code_rebuild_spine_v5.py
3122168,Trent Sherfield,WR,BUF,7.0,ACTIVE,,espn_20260820,True,False,169.99,,True,,,,,,,,,2026-08-20T08:14:39-04:00,2026-08-22,code_rebuild_spine_v5.py
2576399,Nick Vannett,TE,SEA,11.0,ACTIVE,,espn_20260820,True,False,169.99,,True,,,,,,,,,2026-08-20T08:14:39-04:00,2026-08-22,code_rebuild_spine_v5.py
3115928,Malik Turner,WR,SF,8.0,ACTIVE,,espn_20260820,True,False,169.99,,True,,,,,,,,,2026-08-20T08:14:39-04:00,2026-08-22,code_rebuild_spine_v5.py
3127586,Jeremy McNichols,RB,WAS,7.0,QUESTIONABLE,,espn_20260820,True,False,169.99,,True,,,,,,,,,2026-08-20T08:14:39-04:00,2026-08-22,code_rebuild_spine_v5.py
3722362,Brett Rypien,QB,HOU,8.0,ACTIVE,,espn_20260820,True,False,169.99,,True,,,,,,,,,2026-08-20T08:14:39-04:00,2026-08-22,code_rebuild_spine_v5.py
4421446,Craig Reynolds,RB,WAS,7.0,ACTIVE,,espn_20260820,True,False,169.99,,True,,,,,,,,,2026-08-20T08:14:39-04:00,2026-08-22,code_rebuild_spine_v5.py
2310331,Tyler Johnson,WR,DAL,14.0,ACTIVE,,espn_20260820,True,False,169.99,,True,,,,,,,,,2026-08-20T08:14:39-04:00,2026-08-22,code_rebuild_spine_v5.py
4050373,Quez Watkins,WR,PHI,10.0,ACTIVE,,espn_20260820,True,True,169.99,,True,,,00-0036271,19715.0,61664.0,6927.0,WatkQu00,quezwatkins|WR|PHI,2026-08-20T08:14:39-04:00,2026-08-22,code_rebuild_spine_v5.py
4242540,Isaiah Hodgins,WR,NYG,8.0,ACTIVE,,espn_20260820,True,False,169.99,,True,,,,,,,,,2026-08-20T08:14:39-04:00,2026-08-22,code_rebuild_spine_v5.py
3929637,Dan Chisena,WR,CAR,5.0,INJURY_RESERVE,,espn_20260820,True,False,169.99,,True,,,,,,,,,2026-08-20T08:14:39-04:00,2026-08-22,code_rebuild_spine_v5.py
4039274,Jonathan Ward,RB,BAL,13.0,ACTIVE,,espn_20260820,True,False,169.99,,True,,,,,,,,,2026-08-20T08:14:39-04:00,2026-08-22,code_rebuild_spine_v5.py
3917849,Lawrence Cager,TE,WAS,7.0,ACTIVE,,espn_20260820,True,False,169.99,,True,,,,,,,,,2026-08-20T08:14:39-04:00,2026-08-22,code_rebuild_spine_v5.py
3919510,Alex Bachman,WR,LAR,11.0,ACTIVE,,espn_20260820,True,False,169.99,,True,,,,,,,,,2026-08-20T08:14:39-04:00,2026-08-22,code_rebuild_spine_v5.py
4240657,Michael Carter,RB,TEN,9.0,ACTIVE,,espn_20260820,True,False,169.99,,True,,,,,,,,,2026-08-20T08:14:39-04:00,2026-08-22,code_rebuild_spine_v5.py
4362630,Terrace Marshall Jr.,WR,MIA,6.0,ACTIVE,0.0,espn_20260820,False,False,169.99,,True,125.0,-163.53957357,,,,,,,2026-08-20T08:14:39-04:00,2026-08-22,code_rebuild_spine_v5.py
4034946,Kyle Trask,QB,CAR,5.0,ACTIVE,,espn_20260820,True,False,169.99,,True,,,,,,,,,2026-08-20T08:14:39-04:00,2026-08-22,code_rebuild_spine_v5.py
4239944,Hunter Long,TE,JAX,7.0,ACTIVE,0.0,espn_20260820,False,False,169.99,,True,75.0,-140.29488417,,,,,,,2026-08-20T08:14:39-04:00,2026-08-22,code_rebuild_spine_v5.py
4245645,Gary Brightwell,RB,CIN,6.0,ACTIVE,,espn_20260820,True,False,169.99,,True,,,00-0036569,23293.0,57133.0,7529.0,BrigGa00,garybrightwell|RB|CIN,2026-08-20T08:14:39-04:00,2026-08-22,code_rebuild_spine_v5.py
4241424,Tylan Wallace,WR,CLE,11.0,ACTIVE,0.0,espn_20260820,False,False,169.99,,True,126.0,-163.53957357,,,,,,,2026-08-20T08:14:39-04:00,2026-08-22,code_rebuild_spine_v5.py
4360739,Simi Fehoko,WR,ARI,14.0,ACTIVE,,espn_20260820,True,True,169.99,,True,,,00-0036646,23196.0,84424.0,7812.0,FehoSi00,simifehoko|WR|ARI,2026-08-20T08:14:39-04:00,2026-08-22,code_rebuild_spine_v5.py
4034948,Feleipe Franks,TE,CAR,5.0,ACTIVE,,espn_20260820,True,False,169.99,,True,,,,,,,,,2026-08-20T08:14:39-04:00,2026-08-22,code_rebuild_spine_v5.py
4362452,Jaret Patterson,RB,LAC,7.0,ACTIVE,,espn_20260820,True,False,169.99,,True,,,,,,,,,2026-08-20T08:14:39-04:00,2026-08-22,code_rebuild_spine_v5.py
4608362,Shane Zylstra,TE,BUF,7.0,ACTIVE,,espn_20260820,True,False,169.99,,True,,,,,,,,,2026-08-20T08:14:39-04:00,2026-08-22,code_rebuild_spine_v5.py
4567096,John Metchie III,WR,CAR,5.0,ACTIVE,,espn_20260820,True,True,169.99,,True,,,00-0037614,22895.0,97400.0,8147.0,MetcJo00,johnmetchie|WR|CAR,2026-08-20T08:14:39-04:00,2026-08-22,code_rebuild_spine_v5.py
4372071,Hassan Haskins,RB,NE,11.0,ACTIVE,,espn_20260820,True,False,169.99,,True,,,,,,,,,2026-08-20T08:14:39-04:00,2026-08-22,code_rebuild_spine_v5.py
4361777,Zamir White,RB,SF,8.0,ACTIVE,,espn_20260820,True,False,169.99,,True,,,,,,,,,2026-08-20T08:14:39-04:00,2026-08-22,code_rebuild_spine_v5.py
4241410,Jelani Woods,TE,NYJ,13.0,ACTIVE,0.0,espn_20260820,False,False,169.99,,True,76.0,-140.29488417,,,,,,,2026-08-20T08:14:39-04:00,2026-08-22,code_rebuild_spine_v5.py
4249836,Pierre Strong Jr.,RB,GB,11.0,ACTIVE,,espn_20260820,True,False,169.99,,True,,,00-0038098,24173.0,66619.0,8116.0,StroPi00,pierrestrong|RB|GB,2026-08-20T08:14:39-04:00,2026-08-22,code_rebuild_spine_v5.py
4361438,Cole Turner,TE,MIA,6.0,ACTIVE,0.0,espn_20260820,False,False,169.99,,True,78.0,-140.29488417,,,,,,,2026-08-20T08:14:39-04:00,2026-08-22,code_rebuild_spine_v5.py
4242431,Ty Chandler,RB,NO,8.0,ACTIVE,,espn_20260820,True,False,169.99,,True,,,,,,,,,2026-08-20T08:14:39-04:00,2026-08-22,code_rebuild_spine_v5.py
4361988,James Mitchell,TE,CAR,5.0,ACTIVE,,espn_20260820,True,False,169.99,,True,,,,,,,,,2026-08-20T08:14:39-04:00,2026-08-22,code_rebuild_spine_v5.py
4036032,Brittain Brown,RB,CHI,10.0,ACTIVE,,espn_20260820,True,False,169.99,,True,,,,,,,,,2026-08-20T08:14:39-04:00,2026-08-22,code_rebuild_spine_v5.py
4245131,Tim Jones,WR,JAX,7.0,ACTIVE,,espn_20260820,True,False,169.99,,True,,,,,,,,,2026-08-20T08:14:39-04:00,2026-08-22,code_rebuild_spine_v5.py
4039034,Shane Buechele,QB,BUF,7.0,ACTIVE,,espn_20260820,True,False,169.99,,True,,,,,,,,,2026-08-20T08:14:39-04:00,2026-08-22,code_rebuild_spine_v5.py
4916349,Nikola Kalinic,TE,CHI,10.0,INJURY_RESERVE,,espn_20260820,True,False,169.99,,True,,,,,,,,,2026-08-20T08:14:39-04:00,2026-08-22,code_rebuild_spine_v5.py
4360231,Lucas Krull,TE,DEN,10.0,ACTIVE,0.0,espn_20260820,False,False,169.99,,True,80.0,-140.29488417,,,,,,,2026-08-20T08:14:39-04:00,2026-08-22,code_rebuild_spine_v5.py
4572786,Dennis Houston,WR,TB,10.0,ACTIVE,,espn_20260820,True,False,169.99,,True,,,,,,,,,2026-08-20T08:14:39-04:00,2026-08-22,code_rebuild_spine_v5.py
4250764,Stone Smartt,TE,PHI,10.0,ACTIVE,,espn_20260820,True,False,169.99,,True,,,,,,,,,2026-08-20T08:14:39-04:00,2026-08-22,code_rebuild_spine_v5.py
4692590,Jalin Hyatt,WR,NYG,8.0,QUESTIONABLE,,espn_20260820,True,False,169.99,,True,,,,,,,,,2026-08-20T08:14:39-04:00,2026-08-22,code_rebuild_spine_v5.py
4372026,Cameron Latu,TE,PHI,10.0,ACTIVE,,espn_20260820,True,False,169.99,,True,,,,,,,,,2026-08-20T08:14:39-04:00,2026-08-22,code_rebuild_spine_v5.py
4259592,Sean Clifford,QB,CIN,6.0,ACTIVE,,espn_20260820,True,False,169.99,,True,,,00-0038391,20073.0,51708.0,10983.0,ClifSe00,seanclifford|QB|CIN,2026-08-20T08:14:39-04:00,2026-08-22,code_rebuild_spine_v5.py
4361426,Justin Shorter,WR,LV,13.0,INJURY_RESERVE,,espn_20260820,True,False,169.99,,True,,,,,,,,,2026-08-20T08:14:39-04:00,2026-08-22,code_rebuild_spine_v5.py
4569609,Evan Hull,RB,ARI,14.0,ACTIVE,,espn_20260820,True,False,169.99,,True,,,,,,,,,2026-08-20T08:14:39-04:00,2026-08-22,code_rebuild_spine_v5.py
4428119,Lew Nichols,RB,PIT,9.0,ACTIVE,,espn_20260820,True,False,169.99,,True,,,,,,,,,2026-08-20T08:14:39-04:00,2026-08-22,code_rebuild_spine_v5.py
4565908,Tyler Scott,WR,LAR,11.0,ACTIVE,,espn_20260820,True,False,169.99,,True,,,,,,,,,2026-08-20T08:14:39-04:00,2026-08-22,code_rebuild_spine_v5.py
4362523,Will Mallory,TE,IND,13.0,ACTIVE,,espn_20260820,True,False,169.99,,True,,,,,,,,,2026-08-20T08:14:39-04:00,2026-08-22,code_rebuild_spine_v5.py
4361417,Zack Kuntz,TE,DAL,14.0,ACTIVE,,espn_20260820,True,False,169.99,,True,,,,,,,,,2026-08-20T08:14:39-04:00,2026-08-22,code_rebuild_spine_v5.py
4372063,Ronnie Bell,WR,NO,8.0,ACTIVE,,espn_20260820,True,False,169.99,,True,,,,,,,,,2026-08-20T08:14:39-04:00,2026-08-22,code_rebuild_spine_v5.py
4426407,Trey Palmer,WR,NO,8.0,ACTIVE,0.0,espn_20260820,False,False,169.99,,True,129.0,-163.53957357,00-0039052,25331.0,99248.0,9492.0,PalmTr00,treypalmer|WR|NO,2026-08-20T08:14:39-04:00,2026-08-22,code_rebuild_spine_v5.py
4360290,Brayden Willis,TE,SF,8.0,ACTIVE,,espn_20260820,True,False,169.99,,True,,,,,,,,,2026-08-20T08:14:39-04:00,2026-08-22,code_rebuild_spine_v5.py
4689988,Jason Brownlee,WR,KC,5.0,ACTIVE,,espn_20260820,True,False,169.99,,True,,,,,,,,,2026-08-20T08:14:39-04:00,2026-08-22,code_rebuild_spine_v5.py
4240069,Malik Cunningham,WR,DET,6.0,ACTIVE,,espn_20260820,True,False,169.99,,True,,,,,,,,,2026-08-20T08:14:39-04:00,2026-08-22,code_rebuild_spine_v5.py
4365395,Julian Hill,TE,NE,11.0,INJURY_RESERVE,0.0,espn_20260820,False,False,169.99,,True,81.0,-140.29488417,,,,,,,2026-08-20T08:14:39-04:00,2026-08-22,code_rebuild_spine_v5.py
3929636,Irv Charles,WR,SEA,11.0,ACTIVE,,espn_20260820,True,False,169.99,,True,,,,,,,,,2026-08-20T08:14:39-04:00,2026-08-22,code_rebuild_spine_v5.py
4241588,Elijah Cooks,WR,CAR,5.0,ACTIVE,,espn_20260820,True,False,169.99,,True,,,,,,,,,2026-08-20T08:14:39-04:00,2026-08-22,code_rebuild_spine_v5.py
4372070,Ben VanSumeren,RB,BUF,7.0,ACTIVE,,espn_20260820,True,False,169.99,,True,,,,,,,,,2026-08-20T08:14:39-04:00,2026-08-22,code_rebuild_spine_v5.py
4369886,Chris Blair,WR,ATL,11.0,ACTIVE,,espn_20260820,True,False,169.99,,True,,,,,,,,,2026-08-20T08:14:39-04:00,2026-08-22,code_rebuild_spine_v5.py
4361332,Shedrick Jackson,WR,LV,13.0,ACTIVE,,espn_20260820,True,False,169.99,,True,,,,,,,,,2026-08-20T08:14:39-04:00,2026-08-22,code_rebuild_spine_v5.py
4362018,Blake Whiteheart,TE,CLE,11.0,ACTIVE,0.0,espn_20260820,False,False,169.99,,True,82.0,-140.29488417,,,,,,,2026-08-20T08:14:39-04:00,2026-08-22,code_rebuild_spine_v5.py
4249616,Owen Wright,RB,HOU,8.0,ACTIVE,,espn_20260820,True,False,169.99,,True,,,,,,,,,2026-08-20T08:14:39-04:00,2026-08-22,code_rebuild_spine_v5.py
4242442,Princeton Fant,TE,DAL,14.0,INJURY_RESERVE,,espn_20260820,True,True,169.99,,True,,,00-0038735,25939.0,62982.0,11508.0,FantPr00,princetonfant|TE|DAL,2026-08-20T08:14:39-04:00,2026-08-22,code_rebuild_spine_v5.py
4363551,Dylan Drummond,WR,ATL,11.0,ACTIVE,0.0,espn_20260820,False,False,169.99,,True,130.0,-163.53957357,,,,,,,2026-08-20T08:14:39-04:00,2026-08-22,code_rebuild_spine_v5.py
4569682,Audric Estime,RB,NO,8.0,QUESTIONABLE,,espn_20260820,True,False,169.99,,True,,,,,,,,,2026-08-20T08:14:39-04:00,2026-08-22,code_rebuild_spine_v5.py
4430723,Jared Wiley,TE,KC,5.0,ACTIVE,,espn_20260820,True,False,169.99,,True,,,,,,,,,2026-08-20T08:14:39-04:00,2026-08-22,code_rebuild_spine_v5.py
4426479,Cornelius Johnson,WR,BAL,13.0,ACTIVE,,espn_20260820,True,False,169.99,,True,,,,,,,,,2026-08-20T08:14:39-04:00,2026-08-22,code_rebuild_spine_v5.py
4361112,Devin Culp,TE,TB,10.0,ACTIVE,0.0,espn_20260820,False,False,169.99,,True,83.0,-140.29488417,,,,,,,2026-08-20T08:14:39-04:00,2026-08-22,code_rebuild_spine_v5.py
4427575,Jha'Quan Jackson,WR,HOU,8.0,ACTIVE,,espn_20260820,True,False,169.99,,True,,,,,,,,,2026-08-20T08:14:39-04:00,2026-08-22,code_rebuild_spine_v5.py
4429262,Jaheim Bell,TE,PIT,9.0,ACTIVE,,espn_20260820,True,False,169.99,,True,,,,,,,,,2026-08-20T08:14:39-04:00,2026-08-22,code_rebuild_spine_v5.py
4686104,Johnny Wilson,WR,PHI,10.0,QUESTIONABLE,,espn_20260820,True,False,169.99,,True,,,,,,,,,2026-08-20T08:14:39-04:00,2026-08-22,code_rebuild_spine_v5.py
4686422,Xavier Hutchinson,WR,HOU,8.0,ACTIVE,53.8692578,espn_20260820,False,False,170.0,,True,29.0,-109.67031576999999,00-0038618,25332.0,122518.0,10218.0,HutcXa00,xavierhutchinson|WR|HOU,2026-08-20T08:14:39-04:00,2026-08-22,code_rebuild_spine_v5.py
4808766,Mason Taylor,TE,NYJ,13.0,ACTIVE,50.52740831,espn_20260820,False,False,170.0,,True,14.0,-89.76747585999999,00-0040736,26005.0,157122.0,12498.0,TaylMa02,masontaylor|TE|NYJ,2026-08-20T08:14:39-04:00,2026-08-22,code_rebuild_spine_v5.py
3059989,Nick Mullens,QB,JAX,7.0,ACTIVE,12.42225937,espn_20260820,False,False,170.0,,True,13.0,-329.18060081,,,,,,,2026-08-20T08:14:39-04:00,2026-08-22,code_rebuild_spine_v5.py
4567156,Treylon Burks,WR,WAS,7.0,ACTIVE,37.43669489,espn_20260820,False,False,170.0,,True,44.0,-126.10287867999999,,,,,,,2026-08-20T08:14:39-04:00,2026-08-22,code_rebuild_spine_v5.py
3948283,Stephen Carlson,TE,CHI,10.0,ACTIVE,,espn_20260820,True,False,170.0,,True,,,,,,,,,2026-08-20T08:14:39-04:00,2026-08-22,code_rebuild_spine_v5.py
2971281,Pharaoh Brown,TE,IND,13.0,ACTIVE,,espn_20260820,True,False,170.0,,True,,,,,,,,,2026-08-20T08:14:39-04:00,2026-08-22,code_rebuild_spine_v5.py
3914151,Josiah Deguara,TE,SF,8.0,ACTIVE,,espn_20260820,True,False,170.0,,True,,,,,,,,,2026-08-20T08:14:39-04:00,2026-08-22,code_rebuild_spine_v5.py
4362504,Brevin Jordan,TE,HOU,8.0,QUESTIONABLE,,espn_20260820,True,False,170.0,,True,,,,,,,,,2026-08-20T08:14:39-04:00,2026-08-22,code_rebuild_spine_v5.py
4039160,Kylen Granson,TE,TEN,9.0,ACTIVE,,espn_20260820,True,False,170.0,,True,,,,,,,,,2026-08-20T08:14:39-04:00,2026-08-22,code_rebuild_spine_v5.py
3871102,David Sills V,WR,TB,10.0,ACTIVE,,espn_20260820,True,True,170.0,,True,,,00-0035359,18566.0,34579.0,6154.0,SillDa01,davidsills|WR|TB,2026-08-20T08:14:39-04:00,2026-08-22,code_rebuild_spine_v5.py
4689546,Danny Gray,WR,PHI,10.0,QUESTIONABLE,,espn_20260820,True,False,170.0,,True,,,,,,,,,2026-08-20T08:14:39-04:00,2026-08-22,code_rebuild_spine_v5.py
4362186,Erik Ezukanma,WR,PHI,10.0,ACTIVE,,espn_20260820,True,False,170.0,,True,,,,,,,,,2026-08-20T08:14:39-04:00,2026-08-22,code_rebuild_spine_v5.py
4249624,Nick Muse,TE,ATL,11.0,ACTIVE,,espn_20260820,True,False,170.0,,True,,,,,,,,,2026-08-20T08:14:39-04:00,2026-08-22,code_rebuild_spine_v5.py
4027873,Samori Toure,WR,PHI,10.0,ACTIVE,,espn_20260820,True,False,170.0,,True,,,,,,,,,2026-08-20T08:14:39-04:00,2026-08-22,code_rebuild_spine_v5.py
4240577,Brandon Smith,WR,PIT,9.0,QUESTIONABLE,,espn_20260820,True,False,170.0,,True,,,,,,,,,2026-08-20T08:14:39-04:00,2026-08-22,code_rebuild_spine_v5.py
4374187,Deven Thompkins,WR,LV,13.0,ACTIVE,0.0,espn_20260820,False,False,170.0,,True,127.0,-163.53957357,,,,,,,2026-08-20T08:14:39-04:00,2026-08-22,code_rebuild_spine_v5.py
4244049,Quintin Morris,TE,JAX,7.0,ACTIVE,0.0,espn_20260820,False,False,170.0,,True,79.0,-140.29488417,,,,,,,2026-08-20T08:14:39-04:00,2026-08-22,code_rebuild_spine_v5.py
4047422,Tanner Conner,TE,NYG,8.0,ACTIVE,,espn_20260820,True,False,170.0,,True,,,,,,,,,2026-08-20T08:14:39-04:00,2026-08-22,code_rebuild_spine_v5.py
4035776,Kendric Pryor,WR,CIN,6.0,ACTIVE,,espn_20260820,True,False,170.0,,True,,,,,,,,,2026-08-20T08:14:39-04:00,2026-08-22,code_rebuild_spine_v5.py
4244856,Austin Trammell,WR,JAX,7.0,ACTIVE,0.0,espn_20260820,False,False,170.0,,True,128.0,-163.53957357,,,,,,,2026-08-20T08:14:39-04:00,2026-08-22,code_rebuild_spine_v5.py
4035198,Brandon Johnson,WR,LV,13.0,ACTIVE,,espn_20260820,True,False,170.0,,True,,,,,,,,,2026-08-20T08:14:39-04:00,2026-08-22,code_rebuild_spine_v5.py
4245144,Tay Martin,WR,DET,6.0,ACTIVE,,espn_20260820,True,False,170.0,,True,,,,,,,,,2026-08-20T08:14:39-04:00,2026-08-22,code_rebuild_spine_v5.py
3914307,Maurice Alexander,WR,CHI,10.0,ACTIVE,,espn_20260820,True,False,170.0,,True,,,,,,,,,2026-08-20T08:14:39-04:00,2026-08-22,code_rebuild_spine_v5.py
4427278,Xavier Gipson,WR,NYG,8.0,ACTIVE,,espn_20260820,True,False,170.0,,True,,,,,,,,,2026-08-20T08:14:39-04:00,2026-08-22,code_rebuild_spine_v5.py
4369466,Ryan Miller,WR,NYG,8.0,ACTIVE,,espn_20260820,True,False,170.0,,True,,,,,,,,,2026-08-20T08:14:39-04:00,2026-08-22,code_rebuild_spine_v5.py
4428796,Casey Washington,WR,CAR,5.0,ACTIVE,,espn_20260820,True,False,170.0,,True,,,,,,,,,2026-08-20T08:14:39-04:00,2026-08-22,code_rebuild_spine_v5.py
4567506,Tahj Washington,WR,MIA,6.0,ACTIVE,0.0,espn_20260820,False,False,170.0,,True,132.0,-163.53957357,,,,,,,2026-08-20T08:14:39-04:00,2026-08-22,code_rebuild_spine_v5.py
4875912,Tejhaun Palmer,WR,NE,11.0,ACTIVE,,espn_20260820,True,False,170.0,,True,,,,,,,,,2026-08-20T08:14:39-04:00,2026-08-22,code_rebuild_spine_v5.py
4832955,Emmett Johnson,RB,KC,5.0,ACTIVE,42.36946116,espn_20260820,False,False,170.01,,True,15.0,-126.21939468000001,,,,,,,2026-08-20T08:14:39-04:00,2026-08-22,code_rebuild_spine_v5.py
3122840,Deshaun Watson,QB,CLE,11.0,ACTIVE,140.35974795,espn_20260820,False,False,170.01,,True,3.0,-201.24311222999998,00-0033537,16398.0,11767.0,4017.0,WatsDe00,deshaunwatson|QB|CLE,2026-08-20T08:14:39-04:00,2026-08-22,code_rebuild_spine_v5.py
4602667,Jaylin Lane,WR,WAS,7.0,ACTIVE,31.10587435,espn_20260820,False,False,170.01,,True,52.0,-132.43369922,,,,,,,2026-08-20T08:14:39-04:00,2026-08-22,code_rebuild_spine_v5.py
-16018,Saints D/ST,D/ST,NO,8.0,,94.59028898,espn_20260820,False,False,170.02,,True,1.0,-1.2854400900000087,,,,,,,2026-08-20T08:14:39-04:00,2026-08-22,code_rebuild_spine_v5.py
4569923,Andy Borregales,K,NE,11.0,ACTIVE,129.11605758,espn_20260820,False,False,170.02,,True,8.0,-14.887703720000019,,,,,,,2026-08-20T08:14:39-04:00,2026-08-22,code_rebuild_spine_v5.py
4702555,Jonah Coleman,RB,DEN,10.0,ACTIVE,65.7367601,espn_20260820,False,False,170.03,,True,8.0,-102.85209574000001,,,,,,,2026-08-20T08:14:39-04:00,2026-08-22,code_rebuild_spine_v5.py
4240603,Malik Davis,RB,DAL,14.0,ACTIVE,0.0,espn_20260820,False,False,170.03,,True,64.0,-168.58885584,,,,,,,2026-08-20T08:14:39-04:00,2026-08-22,code_rebuild_spine_v5.py
4431562,Phil Mafah,RB,DAL,14.0,QUESTIONABLE,26.01807054,espn_20260820,False,False,170.04,,True,27.0,-142.5707853,00-0040021,22928.0,144123.0,12738.0,MafaPh00,philmafah|RB|DAL,2026-08-20T08:14:39-04:00,2026-08-22,code_rebuild_spine_v5.py
4685350,Trevor Etienne,RB,CAR,5.0,ACTIVE,14.66987782,espn_20260820,False,False,170.04,,True,34.0,-153.91897802,,,,,,,2026-08-20T08:14:39-04:00,2026-08-22,code_rebuild_spine_v5.py
4360797,Tutu Atwell,WR,MIA,6.0,ACTIVE,46.14338518,espn_20260820,False,False,170.04,,True,38.0,-117.39618838999999,00-0036849,20126.0,77965.0,7562.0,AtweTu00,tutuatwell|WR|MIA,2026-08-20T08:14:39-04:00,2026-08-22,code_rebuild_spine_v5.py
4241479,Tua Tagovailoa,QB,ATL,11.0,ACTIVE,135.55842011,espn_20260820,False,False,170.04,,True,4.0,-206.04444007,,,,,,,2026-08-20T08:14:39-04:00,2026-08-22,code_rebuild_spine_v5.py
4360423,Michael Penix Jr.,QB,ATL,11.0,QUESTIONABLE,132.26235666,espn_20260820,False,False,170.05,,True,5.0,-209.34050352,00-0039917,22973.0,82134.0,11559.0,PeniMi00,michaelpenix|QB|ATL,2026-08-20T08:14:39-04:00,2026-08-22,code_rebuild_spine_v5.py
4819231,Kaleb Johnson,RB,PIT,9.0,ACTIVE,4.84666953,espn_20260820,False,False,170.06,,True,49.0,-163.74218631000002,,,,,,,2026-08-20T08:14:39-04:00,2026-08-22,code_rebuild_spine_v5.py
4690013,Rasheen Ali,RB,BAL,13.0,QUESTIONABLE,0.49543996,espn_20260820,False,False,170.06,,True,56.0,-168.09341588,,,,,,,2026-08-20T08:14:39-04:00,2026-08-22,code_rebuild_spine_v5.py
3929785,Nick Westbrook-Ikhine,WR,IND,13.0,ACTIVE,14.21405178,espn_20260820,False,False,170.06,,True,75.0,-149.32552178999998,,,,,,,2026-08-20T08:14:39-04:00,2026-08-22,code_rebuild_spine_v5.py
4366963,Dylan Laube,RB,LV,13.0,ACTIVE,0.66574172,espn_20260820,False,False,170.07,,True,55.0,-167.92311412,,,,,,,2026-08-20T08:14:39-04:00,2026-08-22,code_rebuild_spine_v5.py
-16011,Colts D/ST,D/ST,IND,13.0,,83.25440737,espn_20260820,False,False,170.08,,True,5.0,-12.62132170000001,,,,,,,2026-08-20T08:14:39-04:00,2026-08-22,code_rebuild_spine_v5.py
2578570,Jacoby Brissett,QB,ARI,14.0,ACTIVE,228.35690542,espn_20260820,False,False,170.09,,True,2.0,-113.24595475999999,,,,,,,2026-08-20T08:14:39-04:00,2026-08-22,code_rebuild_spine_v5.py
4427728,Bam Knight,RB,ARI,14.0,ACTIVE,0.81811357,espn_20260820,False,False,170.09,,True,54.0,-167.77074227,,,,,,,2026-08-20T08:14:39-04:00,2026-08-22,code_rebuild_spine_v5.py
4362748,Tyler Badie,RB,DEN,10.0,ACTIVE,0.35320936,espn_20260820,False,False,170.09,,True,57.0,-168.23564648,,,,,,,2026-08-20T08:14:39-04:00,2026-08-22,code_rebuild_spine_v5.py
5208518,Charlie Smyth,K,NO,8.0,ACTIVE,137.92629947,espn_20260820,False,False,170.09,,True,2.0,-6.077461830000004,,,,,,,2026-08-20T08:14:39-04:00,2026-08-22,code_rebuild_spine_v5.py
3895856,Christian Kirk,WR,SF,8.0,QUESTIONABLE,30.7373801,espn_20260820,False,False,170.09,,True,53.0,-132.80219347,,,,,,,2026-08-20T08:14:39-04:00,2026-08-22,code_rebuild_spine_v5.py
4686472,Marvin Mims Jr.,WR,DEN,10.0,QUESTIONABLE,57.83433015,espn_20260820,False,False,170.1,,True,25.0,-105.70524341999999,,,,,,,2026-08-20T08:14:39-04:00,2026-08-22,code_rebuild_spine_v5.py
4596602,Brashard Smith,RB,KC,5.0,ACTIVE,0.9865721,espn_20260820,False,False,170.1,,True,53.0,-167.60228374000002,,,,,,,2026-08-20T08:14:39-04:00,2026-08-22,code_rebuild_spine_v5.py
4259619,Blake Grupe,K,IND,13.0,ACTIVE,132.7924447,espn_20260820,False,False,170.1,,True,7.0,-11.211316600000004,,,,,,,2026-08-20T08:14:39-04:00,2026-08-22,code_rebuild_spine_v5.py
4431545,Will Shipley,RB,PHI,10.0,ACTIVE,22.38682456,espn_20260820,False,False,170.11,,True,29.0,-146.20203128,,,,,,,2026-08-20T08:14:39-04:00,2026-08-22,code_rebuild_spine_v5.py
4035537,Kene Nwangwu,RB,NYJ,13.0,ACTIVE,2.28552902,espn_20260820,False,False,170.11,,True,51.0,-166.30332682,,,,,,,2026-08-20T08:14:39-04:00,2026-08-22,code_rebuild_spine_v5.py
4372561,Isaac Guerendo,RB,SF,8.0,OUT,1.04503816,espn_20260820,False,False,170.12,,True,52.0,-167.54381768000002,,,,,,,2026-08-20T08:14:39-04:00,2026-08-22,code_rebuild_spine_v5.py
4427095,DeMario Douglas,WR,NE,11.0,ACTIVE,50.1120636,espn_20260820,False,False,170.13,,True,34.0,-113.42750996999999,00-0038621,25304.0,104155.0,9501.0,DougDe00,demariodouglas|WR|NE,2026-08-20T08:14:39-04:00,2026-08-22,code_rebuild_spine_v5.py
4429939,Jawhar Jordan,RB,HOU,8.0,QUESTIONABLE,6.89740062,espn_20260820,False,False,170.13,,True,44.0,-161.69145522,,,,,,,2026-08-20T08:14:39-04:00,2026-08-22,code_rebuild_spine_v5.py
4368003,Andrei Iosivas,WR,CIN,6.0,ACTIVE,47.8981024,espn_20260820,False,False,170.13,,True,37.0,-115.64147116999999,,,,,,,2026-08-20T08:14:39-04:00,2026-08-22,code_rebuild_spine_v5.py
4061956,Ashton Dulin,WR,IND,13.0,ACTIVE,24.87494881,espn_20260820,False,False,170.13,,True,61.0,-138.66462475999998,00-0035021,18656.0,91479.0,6427.0,DuliAs00,ashtondulin|WR|IND,2026-08-20T08:14:39-04:00,2026-08-22,code_rebuild_spine_v5.py
10621,Nick Folk,K,ATL,11.0,ACTIVE,141.26560894,espn_20260820,False,False,170.14,,True,1.0,-2.738152360000015,,,,,,,2026-08-20T08:14:39-04:00,2026-08-22,code_rebuild_spine_v5.py
4040761,Devin Singletary,RB,NYG,8.0,ACTIVE,0.0,espn_20260820,False,False,170.14,,True,62.0,-168.58885584,,,,,,,2026-08-20T08:14:39-04:00,2026-08-22,code_rebuild_spine_v5.py
4599739,Kendre Miller,RB,NO,8.0,ACTIVE,15.10329885,espn_20260820,False,False,170.15,,True,33.0,-153.48555699000002,,,,,,,2026-08-20T08:14:39-04:00,2026-08-22,code_rebuild_spine_v5.py
4429299,Tahj Brooks,RB,CIN,6.0,ACTIVE,18.39218244,espn_20260820,False,False,170.16,,True,31.0,-150.1966734,,,,,,,2026-08-20T08:14:39-04:00,2026-08-22,code_rebuild_spine_v5.py
4686468,Seth McGowan,RB,IND,13.0,ACTIVE,13.54804545,espn_20260820,False,False,170.16,,True,37.0,-155.04081039000002,,,,,,,2026-08-20T08:14:39-04:00,2026-08-22,code_rebuild_spine_v5.py
4431487,Savion Williams,WR,GB,11.0,ACTIVE,50.33331666,espn_20260820,False,False,170.17,,True,33.0,-113.20625690999998,,,,,,,2026-08-20T08:14:39-04:00,2026-08-22,code_rebuild_spine_v5.py
4635008,Keon Coleman,WR,BUF,7.0,QUESTIONABLE,63.21273348,espn_20260820,False,False,170.19,,True,22.0,-100.32684008999999,,,,,,,2026-08-20T08:14:39-04:00,2026-08-22,code_rebuild_spine_v5.py
4874509,DJ Giddens,RB,IND,13.0,QUESTIONABLE,31.7913521,espn_20260820,False,False,170.21,,True,24.0,-136.79750374,,,,,,,2026-08-20T08:14:39-04:00,2026-08-22,code_rebuild_spine_v5.py
-16001,Falcons D/ST,D/ST,ATL,11.0,,69.31656154,espn_20260820,False,False,170.22,,True,9.0,-26.55916753000001,,,,,,,2026-08-20T08:14:39-04:00,2026-08-22,code_rebuild_spine_v5.py
3149687,Chris Brooks,RB,GB,11.0,ACTIVE,30.11101143,espn_20260820,False,False,170.23,,True,25.0,-138.47784441000002,,,,,,,2026-08-20T08:14:39-04:00,2026-08-22,code_rebuild_spine_v5.py
4887558,Emanuel Wilson,RB,SEA,11.0,QUESTIONABLE,9.23505278,espn_20260820,False,False,170.23,,True,39.0,-159.35380306000002,,,,,,,2026-08-20T08:14:39-04:00,2026-08-22,code_rebuild_spine_v5.py
4431268,Chimere Dike,WR,TEN,9.0,ACTIVE,34.11283011,espn_20260820,False,False,170.25,,True,49.0,-129.42674345999998,,,,,,,2026-08-20T08:14:39-04:00,2026-08-22,code_rebuild_spine_v5.py
4360438,Brandon Aiyuk,WR,SF,8.0,OUT,,espn_20260820,True,False,170.25,,True,,,,,,,,,2026-08-20T08:14:39-04:00,2026-08-22,code_rebuild_spine_v5.py
4429835,George Holani,RB,SEA,11.0,ACTIVE,37.44532013,espn_20260820,False,False,170.27,,True,17.0,-131.14353571,,,,,,,2026-08-20T08:14:39-04:00,2026-08-22,code_rebuild_spine_v5.py
2576925,Darren Waller,TE,CAR,5.0,ACTIVE,93.0798496,espn_20260820,False,False,170.27,,True,4.0,-47.215034569999986,,,,,,,2026-08-20T08:14:39-04:00,2026-08-22,code_rebuild_spine_v5.py
5220680,Ted Hurst III,WR,TB,10.0,ACTIVE,53.53417746,espn_20260820,False,False,170.27,,True,30.0,-110.00539610999999,,,,,,,2026-08-20T08:14:39-04:00,2026-08-22,code_rebuild_spine_v5.py
4429148,Theo Johnson,TE,NYG,8.0,ACTIVE,49.05654578,espn_20260820,False,False,170.27,,True,15.0,-91.23833839,,,,,,,2026-08-20T08:14:39-04:00,2026-08-22,code_rebuild_spine_v5.py
4362921,Tyquan Thornton,WR,KC,5.0,ACTIVE,65.55974508,espn_20260820,False,False,170.3,,True,20.0,-97.97982848999999,,,,,,,2026-08-20T08:14:39-04:00,2026-08-22,code_rebuild_spine_v5.py
4430871,Sean Tucker,RB,TB,10.0,ACTIVE,35.9240542,espn_20260820,False,False,170.3,,True,18.0,-132.66480164,,,,,,,2026-08-20T08:14:39-04:00,2026-08-22,code_rebuild_spine_v5.py
4362478,Emari Demercado,RB,KC,5.0,ACTIVE,55.92375433,espn_20260820,False,False,170.3,,True,11.0,-112.66510151,,,,,,,2026-08-20T08:14:39-04:00,2026-08-22,code_rebuild_spine_v5.py
4243331,Cade Otton,TE,TB,10.0,QUESTIONABLE,79.82471525,espn_20260820,False,False,170.31,,True,7.0,-60.47016891999999,,,,,,,2026-08-20T08:14:39-04:00,2026-08-22,code_rebuild_spine_v5.py
4382466,Jalen Nailor,WR,LV,13.0,ACTIVE,102.0475677,espn_20260820,False,False,170.33,,True,3.0,-61.492005869999986,00-0037291,24177.0,84292.0,8180.0,NailJa00,jalennailor|WR|LV,2026-08-20T08:14:39-04:00,2026-08-22,code_rebuild_spine_v5.py
4569603,Malik Washington,WR,MIA,6.0,ACTIVE,93.25783948,espn_20260820,False,False,170.33,,True,7.0,-70.28173408999999,,,,,,,2026-08-20T08:14:39-04:00,2026-08-22,code_rebuild_spine_v5.py
3916945,Darius Slayton,WR,NYG,8.0,ACTIVE,72.96325884,espn_20260820,False,False,170.33,,True,14.0,-90.57631472999999,,,,,,,2026-08-20T08:14:39-04:00,2026-08-22,code_rebuild_spine_v5.py
5123663,Isaac TeSlaa,WR,DET,6.0,ACTIVE,60.95769623,espn_20260820,False,False,170.33,,True,23.0,-102.58187733999998,,,,,,,2026-08-20T08:14:39-04:00,2026-08-22,code_rebuild_spine_v5.py
4367209,Greg Dulcich,TE,MIA,6.0,ACTIVE,93.27291137,espn_20260820,False,False,170.33,,True,3.0,-47.021972799999986,,,,,,,2026-08-20T08:14:39-04:00,2026-08-22,code_rebuild_spine_v5.py
4686728,Gunnar Helm,TE,TEN,9.0,ACTIVE,98.09809888,espn_20260820,False,False,170.34,,True,1.0,-42.196785289999994,,,,,,,2026-08-20T08:14:39-04:00,2026-08-22,code_rebuild_spine_v5.py
4429086,Michael Mayer,TE,LV,13.0,ACTIVE,62.44128353,espn_20260820,False,False,170.35,,True,9.0,-77.85360064,,,,,,,2026-08-20T08:14:39-04:00,2026-08-22,code_rebuild_spine_v5.py
4685526,Adam Randall,RB,BAL,13.0,ACTIVE,23.26989977,espn_20260820,False,False,170.36,,True,28.0,-145.31895607,,,,,,,2026-08-20T08:14:39-04:00,2026-08-22,code_rebuild_spine_v5.py
4911851,LeQuint Allen Jr.,RB,JAX,7.0,QUESTIONABLE,35.57585758,espn_20260820,False,False,170.36,,True,19.0,-133.01299826000002,,,,,,,2026-08-20T08:14:39-04:00,2026-08-22,code_rebuild_spine_v5.py
3116164,Mike Gesicki,TE,CIN,6.0,ACTIVE,69.70954621,espn_20260820,False,False,170.36,,True,8.0,-70.58533795999999,,,,,,,2026-08-20T08:14:39-04:00,2026-08-22,code_rebuild_spine_v5.py
4685555,Nicholas Singleton,RB,TEN,9.0,ACTIVE,17.6649694,espn_20260820,False,False,170.37,,True,32.0,-150.92388644000002,,,,,,,2026-08-20T08:14:39-04:00,2026-08-22,code_rebuild_spine_v5.py
15864,Geno Smith,QB,NYJ,13.0,ACTIVE,272.91660167,espn_20260820,False,False,170.37,,True,1.0,-68.68625851000002,,,,,,,2026-08-20T08:14:39-04:00,2026-08-22,code_rebuild_spine_v5.py
4682745,Jaylen Wright,RB,MIA,6.0,ACTIVE,39.67146891,espn_20260820,False,False,170.39,,True,16.0,-128.91738693000002,,,,,,,2026-08-20T08:14:39-04:00,2026-08-22,code_rebuild_spine_v5.py
4695404,Isaiah Davis,RB,NYJ,13.0,QUESTIONABLE,44.54486753,espn_20260820,False,False,170.39,,True,14.0,-124.04398831,,,,,,,2026-08-20T08:14:39-04:00,2026-08-22,code_rebuild_spine_v5.py
4361409,Jahan Dotson,WR,ATL,11.0,ACTIVE,75.17273008,espn_20260820,False,False,170.4,,True,13.0,-88.36684349,,,,,,,2026-08-20T08:14:39-04:00,2026-08-22,code_rebuild_spine_v5.py
3045147,James Conner,RB,ARI,14.0,QUESTIONABLE,0.0,espn_20260820,False,False,170.4,,True,61.0,-168.58885584,,,,,,,2026-08-20T08:14:39-04:00,2026-08-22,code_rebuild_spine_v5.py
4832846,Demond Claiborne,RB,MIN,6.0,ACTIVE,14.51246058,espn_20260820,False,False,170.41,,True,35.0,-154.07639526,,,,,,,2026-08-20T08:14:39-04:00,2026-08-22,code_rebuild_spine_v5.py
4685279,Jaydon Blue,RB,DAL,14.0,QUESTIONABLE,50.56264925,espn_20260820,False,False,170.42,,True,12.0,-118.02620659000002,,,,,,,2026-08-20T08:14:39-04:00,2026-08-22,code_rebuild_spine_v5.py
4685246,Kaytron Allen,RB,WAS,7.0,ACTIVE,13.71329005,espn_20260820,False,False,170.43,,True,36.0,-154.87556579,,,,,,,2026-08-20T08:14:39-04:00,2026-08-22,code_rebuild_spine_v5.py
3915411,Ty Johnson,RB,BUF,7.0,QUESTIONABLE,73.92733363,espn_20260820,False,False,170.44,,True,5.0,-94.66152221,,,,,,,2026-08-20T08:14:39-04:00,2026-08-22,code_rebuild_spine_v5.py
4242557,Colby Parkinson,TE,LAR,11.0,ACTIVE,61.33773006,espn_20260820,False,False,170.44,,True,11.0,-78.95715410999999,,,,,,,2026-08-20T08:14:39-04:00,2026-08-22,code_rebuild_spine_v5.py
4711533,Ollie Gordon II,RB,MIA,6.0,ACTIVE,32.9461744,espn_20260820,False,False,170.45,,True,22.0,-135.64268144000002,,,,,,,2026-08-20T08:14:39-04:00,2026-08-22,code_rebuild_spine_v5.py
4259147,Jake Tonges,TE,SF,8.0,ACTIVE,26.22130351,espn_20260820,False,False,170.45,,True,33.0,-114.07358065999999,,,,,,,2026-08-20T08:14:39-04:00,2026-08-22,code_rebuild_spine_v5.py
4597703,Tory Horton,WR,SEA,11.0,QUESTIONABLE,54.67171288,espn_20260820,False,False,170.46,,True,28.0,-108.86786068999999,,,,,,,2026-08-20T08:14:39-04:00,2026-08-22,code_rebuild_spine_v5.py
4249417,Jalen Tolbert,WR,MIA,6.0,ACTIVE,68.66633191,espn_20260820,False,False,170.48,,True,18.0,-94.87324165999999,,,,,,,2026-08-20T08:14:39-04:00,2026-08-22,code_rebuild_spine_v5.py
3886598,Jauan Jennings,WR,MIN,6.0,ACTIVE,91.35935938,espn_20260820,False,False,170.49,,True,9.0,-72.18021418999999,00-0036259,19590.0,48027.0,7049.0,JennJa00,jauanjennings|WR|MIN,2026-08-20T08:14:39-04:00,2026-08-22,code_rebuild_spine_v5.py
4431280,Troy Franklin,WR,DEN,10.0,ACTIVE,42.24584916,espn_20260820,False,False,170.49,,True,39.0,-121.29372440999998,,,,,,,2026-08-20T08:14:39-04:00,2026-08-22,code_rebuild_spine_v5.py
5083754,Ryan Flournoy,WR,DAL,14.0,ACTIVE,72.42361526,espn_20260820,False,False,170.52,,True,16.0,-91.11595830999998,00-0039410,26398.0,159617.0,11783.0,FlouRy00,ryanflournoy|WR|DAL,2026-08-20T08:14:39-04:00,2026-08-22,code_rebuild_spine_v5.py
4685247,Braelon Allen,RB,NYJ,13.0,ACTIVE,70.29890056,espn_20260820,False,False,170.59,,True,7.0,-98.28995528,,,,,,,2026-08-20T08:14:39-04:00,2026-08-22,code_rebuild_spine_v5.py
4696044,Kaelon Black,RB,SF,8.0,ACTIVE,56.44058137,espn_20260820,False,False,170.59,,True,10.0,-112.14827447000002,,,,,,,2026-08-20T08:14:39-04:00,2026-08-22,code_rebuild_spine_v5.py
4869961,Chris Bell,WR,MIA,6.0,QUESTIONABLE,49.46528022,espn_20260820,False,False,170.62,,True,35.0,-114.07429334999999,,,,,,,2026-08-20T08:14:39-04:00,2026-08-22,code_rebuild_spine_v5.py
4600981,Pat Bryant,WR,DEN,10.0,ACTIVE,58.62478193,espn_20260820,False,False,170.62,,True,24.0,-104.91479163999999,,,,,,,2026-08-20T08:14:39-04:00,2026-08-22,code_rebuild_spine_v5.py
4603186,Jack Bech,WR,LV,13.0,ACTIVE,52.06142599,espn_20260820,False,False,170.63,,True,32.0,-111.47814757999998,,,,,,,2026-08-20T08:14:39-04:00,2026-08-22,code_rebuild_spine_v5.py
4430968,Kimani Vidal,RB,LAC,7.0,ACTIVE,32.42566314,espn_20260820,False,False,170.66,,True,23.0,-136.16319270000002,,,,,,,2026-08-20T08:14:39-04:00,2026-08-22,code_rebuild_spine_v5.py
4685261,Germie Bernard,WR,PIT,9.0,ACTIVE,88.57653426,espn_20260820,False,False,170.69,,True,10.0,-74.96303930999998,,,,,,,2026-08-20T08:14:39-04:00,2026-08-22,code_rebuild_spine_v5.py
4429023,MarShawn Lloyd,RB,GB,11.0,ACTIVE,78.23336848,espn_20260820,False,False,170.7,,True,4.0,-90.35548736000001,,,,,,,2026-08-20T08:14:39-04:00,2026-08-22,code_rebuild_spine_v5.py
4429022,Kayshon Boutte,WR,NE,11.0,ACTIVE,72.32660365,espn_20260820,False,False,170.71,,True,17.0,-91.21296991999999,,,,,,,2026-08-20T08:14:39-04:00,2026-08-22,code_rebuild_spine_v5.py
4430034,Xavier Legette,WR,CAR,5.0,ACTIVE,76.13681462,espn_20260820,False,False,170.73,,True,12.0,-87.40275894999999,,,,,,,2026-08-20T08:14:39-04:00,2026-08-22,code_rebuild_spine_v5.py
4040655,Darnell Mooney,WR,NYG,8.0,ACTIVE,53.03239238,espn_20260820,False,False,170.74,,True,31.0,-110.50718118999998,,,,,,,2026-08-20T08:14:39-04:00,2026-08-22,code_rebuild_spine_v5.py
4429501,Ray Davis,RB,BUF,7.0,ACTIVE,34.24106453,espn_20260820,False,False,170.77,,True,21.0,-134.34779131,,,,,,,2026-08-20T08:14:39-04:00,2026-08-22,code_rebuild_spine_v5.py
4586312,Jaylin Noel,WR,HOU,8.0,QUESTIONABLE,91.60273694,espn_20260820,False,False,170.78,,True,8.0,-71.93683662999999,,,,,,,2026-08-20T08:14:39-04:00,2026-08-22,code_rebuild_spine_v5.py
4038441,Justice Hill,RB,BAL,13.0,ACTIVE,94.46035527,espn_20260820,False,False,170.8,,True,1.0,-74.12850057000001,,,,,,,2026-08-20T08:14:39-04:00,2026-08-22,code_rebuild_spine_v5.py
4870612,Zachariah Branch,WR,ATL,11.0,ACTIVE,66.79888563,espn_20260820,False,False,170.8,,True,19.0,-96.74068793999999,,,,,,,2026-08-20T08:14:39-04:00,2026-08-22,code_rebuild_spine_v5.py
4685397,Jordan James,RB,SF,8.0,QUESTIONABLE,27.17215652,espn_20260820,False,False,170.8,,True,26.0,-141.41669932000002,,,,,,,2026-08-20T08:14:39-04:00,2026-08-22,code_rebuild_spine_v5.py
3116389,Samaje Perine,RB,CIN,6.0,ACTIVE,91.07145234,espn_20260820,False,False,170.82,,True,2.0,-77.51740350000001,,,,,,,2026-08-20T08:14:39-04:00,2026-08-22,code_rebuild_spine_v5.py
4723820,Omar Cooper Jr.,WR,NYJ,13.0,ACTIVE,54.7035992,espn_20260820,False,False,170.88,,True,27.0,-108.83597436999999,00-0041511,28127.0,,13276.0,CoopOm00,omarcooper|WR|NYJ,2026-08-20T08:14:39-04:00,2026-08-22,code_rebuild_spine_v5.py
5081397,Dylan Sampson,RB,CLE,11.0,ACTIVE,72.10095361,espn_20260820,False,False,170.89,,True,6.0,-96.48790223,,,,,,,2026-08-20T08:14:39-04:00,2026-08-22,code_rebuild_spine_v5.py
4428850,Dontayvion Wicks,WR,PHI,10.0,ACTIVE,88.43940597,espn_20260820,False,False,170.9,,True,11.0,-75.10016759999999,,,,,,,2026-08-20T08:14:39-04:00,2026-08-22,code_rebuild_spine_v5.py
5081432,Antonio Williams,WR,WAS,7.0,ACTIVE,64.85405832,espn_20260820,False,False,170.91,,True,21.0,-98.68551525,,,,,,,2026-08-20T08:14:39-04:00,2026-08-22,code_rebuild_spine_v5.py
4360939,Rashod Bateman,WR,BAL,13.0,ACTIVE,103.65663832,espn_20260820,False,False,170.93,,True,2.0,-59.88293524999999,,,,,,,2026-08-20T08:14:39-04:00,2026-08-22,code_rebuild_spine_v5.py
4569559,Devaughn Vele,WR,NO,8.0,ACTIVE,99.01744332,espn_20260820,False,False,170.94,,True,4.0,-64.52213024999999,,,,,,,2026-08-20T08:14:39-04:00,2026-08-22,code_rebuild_spine_v5.py
4686612,Tre' Harris,WR,LAC,7.0,ACTIVE,72.60057297,espn_20260820,False,False,170.97,,True,15.0,-90.93900059999999,,,,,,,2026-08-20T08:14:39-04:00,2026-08-22,code_rebuild_spine_v5.py
