Player,espn_id,pos,team,injuryStatus,proj_2023,actual_2023,proj_2022,actual_2022,espn_adp,pct_owned,rank_std,rank_ppr,raw_stats,raw_actual_stats,captured_at
Tyreek Hill,3116406,WR,MIA,ACTIVE,0.0,316.9,202.5076668,281.7,2.8945080995653893,99.95046713893551,3,3,"{""210"": 15.11764706}","{""23"": 6.0, ""24"": 15.0, ""27"": 2.0, ""28"": 1.0, ""39"": 2.5, ""40"": 0.9375, ""41"": 119.0, ""42"": 1799.0, ""43"": 13.0, ""45"": 6.0, ""46"": 4.0, ""47"": 354.0, ""48"": 173.0, ""49"": 83.0, ""50"": 65.0, ""51"": 29.0, ""52"": 9.0, ""53"": 119.0, ""54"": 17.0, ""55"": 3.0, ""56"": 7.0, ""57"": 1.0, ""58"": 171.0, ""59"": 652.0, ""60"": 15.11764706, ""61"": 112.4375, ""67"": 1.0, ""68"": 1.0, ""71"": 1.0, ""72"": 1.0, ""73"": 1.0, ""108"": 5.0, ""109"": 5.0, ""155"": 10.0, ""156"": 6.0, ""158"": 78.0, ""183"": 4.0, ""185"": 1.0, ""186"": 2.0, ""210"": 16.0, ""212"": 2.0, ""213"": 83.0}",2026-08-24T23:49:58-04:00
CeeDee Lamb,4241389,WR,DAL,ACTIVE,0.0,335.7,209.09159834,248.1,20.476096404583167,99.93814349518424,2,2,"{""210"": 15.11764706}","{""23"": 14.0, ""24"": 113.0, ""25"": 2.0, ""27"": 18.0, ""28"": 7.0, ""29"": 1.0, ""30"": 1.0, ""39"": 8.07142857, ""40"": 6.64705882, ""41"": 135.0, ""42"": 1749.0, ""43"": 12.0, ""44"": 1.0, ""45"": 2.0, ""46"": 1.0, ""47"": 342.0, ""48"": 166.0, ""49"": 76.0, ""50"": 62.0, ""51"": 27.0, ""52"": 9.0, ""53"": 135.0, ""54"": 19.0, ""55"": 7.0, ""56"": 7.0, ""57"": 1.0, ""58"": 181.0, ""59"": 680.0, ""60"": 12.95555556, ""61"": 102.88235294, ""67"": 3.0, ""68"": 3.0, ""71"": 2.0, ""72"": 2.0, ""73"": 2.0, ""108"": 1.0, ""109"": 1.0, ""155"": 12.0, ""156"": 5.0, ""158"": 86.0, ""179"": 1.0, ""180"": 1.0, ""183"": 3.0, ""184"": 5.0, ""185"": 2.0, ""210"": 17.0, ""212"": 6.0, ""213"": 80.0}",2026-08-24T23:49:58-04:00
A.J. Brown,4047646,WR,PHI,QUESTIONABLE,0.0,236.6,184.39704851,255.6,10.630580798103516,99.93344029719681,13,13,"{""210"": 15.11764706}","{""41"": 106.0, ""42"": 1456.0, ""43"": 7.0, ""45"": 1.0, ""46"": 1.0, ""47"": 284.0, ""48"": 137.0, ""49"": 63.0, ""50"": 53.0, ""51"": 21.0, ""52"": 7.0, ""53"": 106.0, ""54"": 14.0, ""55"": 1.0, ""56"": 7.0, ""58"": 158.0, ""59"": 473.0, ""60"": 13.73584906, ""61"": 85.64705882, ""67"": 2.0, ""68"": 2.0, ""71"": 2.0, ""72"": 2.0, ""73"": 2.0, ""108"": 1.0, ""109"": 1.0, ""155"": 11.0, ""156"": 6.0, ""158"": 42.0, ""183"": 2.0, ""184"": 2.0, ""185"": 2.0, ""210"": 17.0, ""213"": 70.0}",2026-08-24T23:49:58-04:00
Jalen Hurts,4040715,QB,PHI,ACTIVE,0.0,401.5,364.55522805,421.0,21.21479430379747,99.92851593593404,34,34,"{""210"": 15.0}","{""0"": 538.0, ""1"": 352.0, ""2"": 186.0, ""3"": 3858.0, ""4"": 23.0, ""5"": 765.0, ""6"": 378.0, ""7"": 184.0, ""8"": 147.0, ""9"": 70.0, ""10"": 30.0, ""11"": 62.0, ""12"": 25.0, ""13"": 28.0, ""14"": 9.0, ""15"": 2.0, ""16"": 2.0, ""17"": 4.0, ""20"": 15.0, ""21"": 0.65427509, ""22"": 226.94117647, ""23"": 157.0, ""24"": 605.0, ""25"": 15.0, ""27"": 115.0, ""28"": 53.0, ""29"": 23.0, ""30"": 17.0, ""31"": 3.0, ""33"": 24.0, ""34"": 8.0, ""39"": 3.85350318, ""40"": 35.58823529, ""64"": 36.0, ""65"": 6.0, ""66"": 4.0, ""68"": 9.0, ""69"": 1.0, ""70"": 4.0, ""72"": 5.0, ""73"": 20.0, ""108"": 1.0, ""109"": 1.0, ""155"": 11.0, ""156"": 6.0, ""158"": 228.0, ""175"": 8.0, ""176"": 5.0, ""177"": 5.0, ""178"": 3.0, ""179"": 13.0, ""180"": 2.0, ""210"": 17.0, ""211"": 185.0, ""212"": 68.0}",2026-08-24T23:49:58-04:00
Josh Allen,3918298,QB,BUF,ACTIVE,0.0,448.8,440.87908502,464.0,32.84058544303797,99.92147484092092,32,32,"{""210"": 15.0}","{""0"": 579.0, ""1"": 385.0, ""2"": 194.0, ""3"": 4306.0, ""4"": 29.0, ""5"": 852.0, ""6"": 420.0, ""7"": 204.0, ""8"": 163.0, ""9"": 78.0, ""10"": 34.0, ""11"": 72.0, ""12"": 31.0, ""13"": 31.0, ""14"": 12.0, ""15"": 3.0, ""16"": 3.0, ""17"": 5.0, ""19"": 3.0, ""20"": 18.0, ""21"": 0.66493955, ""22"": 253.29411765, ""23"": 111.0, ""24"": 524.0, ""25"": 15.0, ""27"": 98.0, ""28"": 45.0, ""29"": 18.0, ""30"": 11.0, ""31"": 2.0, ""33"": 15.0, ""34"": 3.0, ""39"": 4.72072072, ""40"": 30.82352941, ""64"": 24.0, ""65"": 2.0, ""66"": 4.0, ""68"": 7.0, ""69"": 1.0, ""70"": 3.0, ""72"": 4.0, ""73"": 22.0, ""155"": 11.0, ""156"": 6.0, ""158"": 264.0, ""175"": 10.0, ""176"": 10.0, ""177"": 5.0, ""178"": 1.0, ""179"": 11.0, ""180"": 4.0, ""210"": 17.0, ""211"": 199.0, ""212"": 57.0}",2026-08-24T23:49:58-04:00
Amon-Ra St. Brown,4374302,WR,DET,ACTIVE,194.38057412,271.4,168.87215669,214.6,18.70367443698143,99.91718729721009,9,9,"{""23"": 8.999266967, ""24"": 64.55354539, ""25"": 0.613466712, ""26"": 0.022863558, ""27"": 12.0, ""28"": 6.0, ""29"": 3.0, ""30"": 2.0, ""31"": 1.0, ""33"": 1.0, ""35"": 0.016584843, ""36"": 0.01160939, ""37"": 0.010320529, ""38"": 0.0003522, ""39"": 7.173200398, ""40"": 4.270078878, ""42"": 1041.200052, ""43"": 5.48836558, ""44"": 0.321761463, ""45"": 0.176500493, ""46"": 0.115343072, ""47"": 208.0, ""48"": 104.0, ""49"": 52.0, ""50"": 41.0, ""51"": 20.0, ""53"": 95.31189358, ""54"": 19.0, ""55"": 9.0, ""56"": 2.791692302, ""57"": 0.086340999, ""58"": 131.9092567, ""60"": 10.92413563, ""61"": 68.87315521, ""62"": 0.344625022, ""63"": 0.004592443, ""66"": 0.090046632, ""67"": 0.953690451, ""68"": 1.043737083, ""70"": 0.041421451, ""71"": 0.534066653, ""72"": 0.575488103, ""73"": 0.575488103, ""210"": 15.11764706, ""212"": 5.255735593, ""213"": 51.53150539}","{""23"": 4.0, ""24"": 24.0, ""27"": 3.0, ""28"": 1.0, ""39"": 6.0, ""40"": 1.5, ""41"": 119.0, ""42"": 1515.0, ""43"": 10.0, ""45"": 1.0, ""46"": 1.0, ""47"": 297.0, ""48"": 145.0, ""49"": 69.0, ""50"": 53.0, ""51"": 24.0, ""52"": 9.0, ""53"": 119.0, ""54"": 17.0, ""55"": 3.0, ""56"": 9.0, ""58"": 164.0, ""59"": 668.0, ""60"": 12.73109244, ""61"": 94.6875, ""64"": 1.0, ""67"": 1.0, ""68"": 1.0, ""71"": 1.0, ""72"": 1.0, ""73"": 1.0, ""106"": 1.0, ""107"": 2.0, ""108"": 2.0, ""109"": 4.0, ""155"": 11.0, ""156"": 5.0, ""158"": 60.0, ""183"": 3.0, ""184"": 2.0, ""185"": 4.0, ""210"": 16.0, ""212"": 2.0, ""213"": 75.0}",2026-08-24T23:49:58-04:00
Justin Jefferson,4262921,WR,MIN,ACTIVE,0.0,168.2,238.40748393,304.5,49.191623864085344,99.91694915859675,10,10,"{""210"": 15.11764706}","{""0"": 1.0, ""2"": 1.0, ""23"": 1.0, ""24"": -12.0, ""39"": -12.0, ""40"": -1.2, ""41"": 68.0, ""42"": 1074.0, ""43"": 5.0, ""45"": 1.0, ""46"": 1.0, ""47"": 210.0, ""48"": 102.0, ""49"": 49.0, ""50"": 39.0, ""51"": 16.0, ""52"": 5.0, ""53"": 68.0, ""54"": 10.0, ""55"": 2.0, ""56"": 5.0, ""58"": 100.0, ""59"": 260.0, ""60"": 15.79411765, ""61"": 107.4, ""67"": 1.0, ""68"": 1.0, ""71"": 1.0, ""72"": 1.0, ""73"": 1.0, ""108"": 2.0, ""109"": 2.0, ""155"": 2.0, ""156"": 8.0, ""158"": 30.0, ""183"": 1.0, ""185"": 1.0, ""186"": 2.0, ""210"": 10.0, ""213"": 51.0}",2026-08-24T23:49:58-04:00
Davante Adams,16800,WR,LV,ACTIVE,0.0,213.9,205.28018367,285.5,27.2375,99.87116693348129,18,18,"{""210"": 15.11764706}","{""41"": 103.0, ""42"": 1144.0, ""43"": 8.0, ""45"": 1.0, ""47"": 222.0, ""48"": 107.0, ""49"": 50.0, ""50"": 39.0, ""51"": 15.0, ""52"": 3.0, ""53"": 103.0, ""54"": 14.0, ""55"": 2.0, ""56"": 3.0, ""58"": 175.0, ""59"": 336.0, ""60"": 11.10679612, ""61"": 67.29411765, ""108"": 1.0, ""109"": 1.0, ""155"": 8.0, ""156"": 9.0, ""158"": 48.0, ""183"": 5.0, ""184"": 1.0, ""186"": 1.0, ""210"": 17.0, ""213"": 59.0}",2026-08-24T23:49:58-04:00
Saquon Barkley,3929630,RB,PHI,ACTIVE,0.0,202.7,201.98416529,255.5,35.785065191623865,99.86926127859613,11,11,"{""210"": 14.17647059}","{""23"": 247.0, ""24"": 962.0, ""25"": 6.0, ""26"": 1.0, ""27"": 187.0, ""28"": 90.0, ""29"": 42.0, ""30"": 32.0, ""31"": 11.0, ""32"": 1.0, ""33"": 43.0, ""34"": 19.0, ""37"": 1.0, ""39"": 3.89473684, ""40"": 68.71428571, ""41"": 41.0, ""42"": 280.0, ""43"": 4.0, ""47"": 52.0, ""48"": 23.0, ""49"": 9.0, ""50"": 6.0, ""51"": 2.0, ""53"": 41.0, ""54"": 1.0, ""58"": 60.0, ""59"": 226.0, ""60"": 6.82926829, ""61"": 20.0, ""66"": 2.0, ""68"": 2.0, ""70"": 2.0, ""72"": 2.0, ""73"": 2.0, ""155"": 6.0, ""156"": 8.0, ""158"": 62.0, ""179"": 6.0, ""183"": 2.0, ""185"": 1.0, ""186"": 1.0, ""210"": 14.0, ""212"": 51.0, ""213"": 16.0}",2026-08-24T23:49:58-04:00
Travis Etienne Jr.,4239996,RB,JAX,ACTIVE,0.0,253.4,178.12585959,187.6,13.9861714737258,99.78978201269881,15,15,"{""210"": 14.17647059}","{""23"": 267.0, ""24"": 1008.0, ""25"": 11.0, ""26"": 2.0, ""27"": 197.0, ""28"": 93.0, ""29"": 40.0, ""30"": 35.0, ""31"": 13.0, ""32"": 2.0, ""33"": 46.0, ""34"": 19.0, ""35"": 1.0, ""36"": 1.0, ""37"": 2.0, ""39"": 3.7752809, ""40"": 59.29411765, ""41"": 58.0, ""42"": 476.0, ""43"": 1.0, ""45"": 1.0, ""46"": 1.0, ""47"": 88.0, ""48"": 39.0, ""49"": 15.0, ""50"": 12.0, ""51"": 2.0, ""53"": 58.0, ""54"": 2.0, ""58"": 73.0, ""59"": 517.0, ""60"": 8.20689655, ""61"": 28.0, ""108"": 2.0, ""109"": 2.0, ""155"": 9.0, ""156"": 8.0, ""158"": 76.0, ""179"": 6.0, ""180"": 1.0, ""181"": 2.0, ""182"": 1.0, ""210"": 17.0, ""212"": 53.0, ""213"": 23.0}",2026-08-24T23:49:58-04:00
Stefon Diggs,2976212,WR,BUF,ACTIVE,0.0,220.3,211.85174931,262.6,11.476339285714285,99.74745385019762,25,24,"{""210"": 15.11764706}","{""23"": 1.0, ""24"": 5.0, ""27"": 1.0, ""39"": 5.0, ""40"": 0.29411765, ""41"": 107.0, ""42"": 1183.0, ""43"": 8.0, ""44"": 1.0, ""45"": 1.0, ""46"": 1.0, ""47"": 230.0, ""48"": 111.0, ""49"": 53.0, ""50"": 39.0, ""51"": 16.0, ""52"": 5.0, ""53"": 107.0, ""54"": 14.0, ""55"": 2.0, ""56"": 5.0, ""58"": 160.0, ""59"": 399.0, ""60"": 11.05607477, ""61"": 69.58823529, ""67"": 2.0, ""68"": 2.0, ""71"": 1.0, ""72"": 1.0, ""73"": 1.0, ""108"": 3.0, ""109"": 3.0, ""155"": 11.0, ""156"": 6.0, ""158"": 50.0, ""183"": 1.0, ""184"": 5.0, ""185"": 1.0, ""210"": 17.0, ""212"": 1.0, ""213"": 58.0}",2026-08-24T23:49:58-04:00
Ja'Marr Chase,4362628,WR,CIN,ACTIVE,0.0,213.0,234.15984791,198.9,11.236270248913472,99.55902656021071,4,4,"{""210"": 15.11764706}","{""0"": 1.0, ""1"": 1.0, ""3"": -7.0, ""21"": 1.0, ""22"": -0.4375, ""23"": 3.0, ""24"": -6.0, ""39"": -2.0, ""40"": -0.375, ""41"": 100.0, ""42"": 1216.0, ""43"": 7.0, ""45"": 3.0, ""46"": 3.0, ""47"": 236.0, ""48"": 116.0, ""49"": 55.0, ""50"": 40.0, ""51"": 15.0, ""52"": 5.0, ""53"": 100.0, ""54"": 14.0, ""55"": 4.0, ""56"": 5.0, ""58"": 145.0, ""59"": 541.0, ""60"": 12.16, ""61"": 76.0, ""67"": 1.0, ""68"": 1.0, ""108"": 2.0, ""109"": 2.0, ""155"": 9.0, ""156"": 7.0, ""158"": 42.0, ""183"": 3.0, ""184"": 1.0, ""210"": 16.0, ""213"": 63.0}",2026-08-24T23:49:58-04:00
Alvin Kamara,3054850,RB,NO,QUESTIONABLE,0.0,195.5,226.41662843,183.2,21.34330357142857,99.24843095673835,31,20,"{""210"": 14.17647059}","{""23"": 180.0, ""24"": 694.0, ""25"": 5.0, ""26"": 2.0, ""27"": 134.0, ""28"": 63.0, ""29"": 29.0, ""30"": 22.0, ""31"": 9.0, ""33"": 30.0, ""34"": 11.0, ""39"": 3.85555556, ""40"": 53.38461538, ""41"": 75.0, ""42"": 466.0, ""43"": 1.0, ""44"": 1.0, ""47"": 90.0, ""48"": 43.0, ""49"": 17.0, ""50"": 14.0, ""51"": 4.0, ""53"": 75.0, ""54"": 9.0, ""55"": 2.0, ""58"": 86.0, ""59"": 501.0, ""60"": 6.21333333, ""61"": 35.84615385, ""107"": 1.0, ""109"": 1.0, ""155"": 6.0, ""156"": 7.0, ""158"": 42.0, ""179"": 4.0, ""180"": 1.0, ""184"": 1.0, ""210"": 13.0, ""212"": 42.0, ""213"": 23.0}",2026-08-24T23:49:58-04:00
Austin Ekeler,3068267,RB,WSH,ACTIVE,0.0,159.9,251.78332644,319.2,10.532589285714286,99.20407695490525,134,93,"{""210"": 14.17647059}","{""23"": 179.0, ""24"": 628.0, ""25"": 5.0, ""27"": 120.0, ""28"": 55.0, ""29"": 25.0, ""30"": 18.0, ""31"": 6.0, ""32"": 1.0, ""33"": 31.0, ""34"": 13.0, ""37"": 1.0, ""39"": 3.50837989, ""40"": 44.85714286, ""41"": 51.0, ""42"": 436.0, ""43"": 1.0, ""47"": 80.0, ""48"": 36.0, ""49"": 16.0, ""50"": 10.0, ""51"": 1.0, ""53"": 51.0, ""54"": 4.0, ""58"": 74.0, ""59"": 528.0, ""60"": 8.54901961, ""61"": 31.14285714, ""66"": 3.0, ""67"": 2.0, ""68"": 5.0, ""70"": 2.0, ""71"": 2.0, ""72"": 4.0, ""73"": 4.0, ""108"": 1.0, ""109"": 1.0, ""155"": 3.0, ""156"": 11.0, ""158"": 36.0, ""179"": 5.0, ""186"": 1.0, ""210"": 14.0, ""212"": 34.0, ""213"": 21.0}",2026-08-24T23:49:58-04:00
Bijan Robinson,4430807,RB,ATL,ACTIVE,0.0,217.3,,,28.093638877913868,99.15835209185553,7,6,"{""210"": 14.17647059}","{""23"": 214.0, ""24"": 976.0, ""25"": 4.0, ""27"": 189.0, ""28"": 91.0, ""29"": 40.0, ""30"": 32.0, ""31"": 12.0, ""32"": 2.0, ""33"": 37.0, ""34"": 16.0, ""37"": 2.0, ""39"": 4.56074766, ""40"": 57.41176471, ""41"": 58.0, ""42"": 487.0, ""43"": 4.0, ""45"": 1.0, ""46"": 1.0, ""47"": 91.0, ""48"": 43.0, ""49"": 18.0, ""50"": 15.0, ""51"": 4.0, ""52"": 1.0, ""53"": 58.0, ""54"": 6.0, ""56"": 1.0, ""58"": 86.0, ""59"": 519.0, ""60"": 8.39655172, ""61"": 28.64705882, ""66"": 4.0, ""68"": 4.0, ""70"": 3.0, ""72"": 3.0, ""73"": 3.0, ""108"": 2.0, ""109"": 2.0, ""115"": 8.0, ""155"": 7.0, ""156"": 10.0, ""158"": 48.0, ""179"": 2.0, ""180"": 2.0, ""183"": 1.0, ""184"": 1.0, ""185"": 1.0, ""210"": 17.0, ""212"": 50.0, ""213"": 24.0}",2026-08-24T23:49:58-04:00
Tony Pollard,3916148,RB,TEN,ACTIVE,0.0,195.1,157.16270148,229.3,8.738838403792967,99.0492270579144,92,91,"{""210"": 14.17647059}","{""23"": 252.0, ""24"": 1005.0, ""25"": 6.0, ""26"": 1.0, ""27"": 194.0, ""28"": 93.0, ""29"": 41.0, ""30"": 32.0, ""31"": 13.0, ""32"": 1.0, ""33"": 45.0, ""34"": 19.0, ""37"": 1.0, ""39"": 3.98809524, ""40"": 59.11764706, ""41"": 55.0, ""42"": 311.0, ""47"": 58.0, ""48"": 25.0, ""49"": 8.0, ""50"": 6.0, ""51"": 1.0, ""53"": 55.0, ""54"": 4.0, ""58"": 67.0, ""59"": 321.0, ""60"": 5.65454545, ""61"": 18.29411765, ""66"": 1.0, ""67"": 2.0, ""68"": 3.0, ""70"": 1.0, ""72"": 1.0, ""73"": 1.0, ""155"": 12.0, ""156"": 5.0, ""158"": 38.0, ""179"": 5.0, ""181"": 1.0, ""210"": 17.0, ""212"": 56.0, ""213"": 12.0}",2026-08-24T23:49:58-04:00
Derrick Henry,3043078,RB,BAL,ACTIVE,0.0,236.5,250.02651639,288.1,41.00892857142857,99.01237434399903,21,29,"{""210"": 14.17647059}","{""0"": 3.0, ""1"": 2.0, ""2"": 1.0, ""3"": 14.0, ""4"": 2.0, ""5"": 2.0, ""6"": 1.0, ""21"": 0.66666667, ""22"": 0.82352941, ""23"": 280.0, ""24"": 1167.0, ""25"": 12.0, ""27"": 226.0, ""28"": 110.0, ""29"": 52.0, ""30"": 39.0, ""31"": 15.0, ""32"": 4.0, ""33"": 50.0, ""34"": 21.0, ""37"": 4.0, ""39"": 4.16785714, ""40"": 68.64705882, ""41"": 28.0, ""42"": 214.0, ""47"": 40.0, ""48"": 16.0, ""49"": 4.0, ""50"": 3.0, ""51"": 1.0, ""53"": 28.0, ""58"": 36.0, ""59"": 266.0, ""60"": 7.64285714, ""61"": 12.58823529, ""155"": 6.0, ""156"": 11.0, ""158"": 84.0, ""175"": 1.0, ""176"": 1.0, ""179"": 7.0, ""180"": 3.0, ""181"": 2.0, ""210"": 17.0, ""211"": 2.0, ""212"": 63.0, ""213"": 7.0}",2026-08-24T23:49:58-04:00
Dak Prescott,2577417,QB,DAL,ACTIVE,0.0,413.0,367.03695881,243.8,102.26598122485471,98.85678927187519,62,62,"{""210"": 15.0}","{""0"": 590.0, ""1"": 410.0, ""2"": 180.0, ""3"": 4516.0, ""4"": 36.0, ""5"": 894.0, ""6"": 444.0, ""7"": 217.0, ""8"": 172.0, ""9"": 82.0, ""10"": 36.0, ""11"": 76.0, ""12"": 34.0, ""13"": 31.0, ""14"": 11.0, ""15"": 3.0, ""16"": 1.0, ""17"": 4.0, ""18"": 1.0, ""19"": 2.0, ""20"": 9.0, ""21"": 0.69491525, ""22"": 265.64705882, ""23"": 55.0, ""24"": 242.0, ""25"": 2.0, ""27"": 43.0, ""28"": 18.0, ""29"": 6.0, ""30"": 3.0, ""33"": 5.0, ""39"": 4.4, ""40"": 14.23529412, ""64"": 39.0, ""65"": 2.0, ""66"": 1.0, ""68"": 4.0, ""69"": 1.0, ""70"": 1.0, ""72"": 2.0, ""73"": 11.0, ""108"": 1.0, ""109"": 1.0, ""155"": 12.0, ""156"": 5.0, ""158"": 228.0, ""175"": 16.0, ""176"": 11.0, ""177"": 4.0, ""178"": 2.0, ""180"": 2.0, ""210"": 17.0, ""211"": 222.0, ""212"": 21.0}",2026-08-24T23:49:58-04:00
DK Metcalf,4047650,WR,SEA,ACTIVE,0.0,192.4,175.6866016,181.8,52.812722244172264,98.70500144966967,27,28,"{""210"": 15.11764706}","{""41"": 66.0, ""42"": 1114.0, ""43"": 8.0, ""45"": 1.0, ""46"": 1.0, ""47"": 216.0, ""48"": 104.0, ""49"": 46.0, ""50"": 38.0, ""51"": 15.0, ""52"": 3.0, ""53"": 66.0, ""54"": 8.0, ""56"": 3.0, ""58"": 119.0, ""59"": 367.0, ""60"": 16.87878788, ""61"": 69.625, ""108"": 2.0, ""109"": 2.0, ""155"": 8.0, ""156"": 8.0, ""158"": 48.0, ""183"": 4.0, ""184"": 2.0, ""186"": 1.0, ""210"": 16.0, ""213"": 52.0}",2026-08-24T23:49:58-04:00
Jahmyr Gibbs,4429795,RB,DET,ACTIVE,0.0,216.1,,,83.10193599367838,98.66861624320332,14,12,"{""210"": 14.17647059}","{""23"": 182.0, ""24"": 945.0, ""25"": 10.0, ""27"": 185.0, ""28"": 90.0, ""29"": 42.0, ""30"": 32.0, ""31"": 12.0, ""32"": 2.0, ""33"": 31.0, ""34"": 11.0, ""37"": 2.0, ""39"": 5.19230769, ""40"": 63.0, ""41"": 52.0, ""42"": 316.0, ""43"": 1.0, ""47"": 59.0, ""48"": 25.0, ""49"": 8.0, ""50"": 7.0, ""51"": 2.0, ""53"": 52.0, ""54"": 4.0, ""58"": 71.0, ""59"": 314.0, ""60"": 6.07692308, ""61"": 21.06666667, ""66"": 2.0, ""68"": 2.0, ""70"": 1.0, ""72"": 1.0, ""73"": 1.0, ""155"": 10.0, ""156"": 5.0, ""158"": 66.0, ""179"": 5.0, ""180"": 3.0, ""181"": 2.0, ""183"": 1.0, ""210"": 15.0, ""212"": 42.0, ""213"": 20.0}",2026-08-24T23:49:58-04:00
Joe Mixon,3116385,RB,HOU,ACTIVE,0.0,241.0,237.91369867,209.5,55.977874357961284,98.55371691716006,20,21,"{""210"": 14.17647059}","{""23"": 257.0, ""24"": 1034.0, ""25"": 9.0, ""27"": 200.0, ""28"": 93.0, ""29"": 43.0, ""30"": 32.0, ""31"": 12.0, ""32"": 1.0, ""33"": 44.0, ""34"": 19.0, ""37"": 1.0, ""39"": 4.0233463, ""40"": 60.82352941, ""41"": 52.0, ""42"": 376.0, ""43"": 3.0, ""44"": 1.0, ""47"": 68.0, ""48"": 30.0, ""49"": 12.0, ""50"": 6.0, ""53"": 52.0, ""54"": 3.0, ""58"": 64.0, ""59"": 463.0, ""60"": 7.23076923, ""61"": 22.11764706, ""155"": 9.0, ""156"": 8.0, ""158"": 74.0, ""179"": 8.0, ""180"": 1.0, ""183"": 3.0, ""210"": 17.0, ""212"": 59.0, ""213"": 14.0}",2026-08-24T23:49:58-04:00
Travis Kelce,15847,TE,KC,ACTIVE,0.0,172.9,184.02335035,261.3,10.92627345844504,98.49255296157975,37,37,"{""210"": 15.11764706}","{""41"": 93.0, ""42"": 984.0, ""43"": 5.0, ""47"": 189.0, ""48"": 91.0, ""49"": 43.0, ""50"": 32.0, ""51"": 12.0, ""52"": 2.0, ""53"": 93.0, ""54"": 13.0, ""55"": 2.0, ""56"": 2.0, ""58"": 121.0, ""59"": 469.0, ""60"": 10.58064516, ""61"": 65.6, ""67"": 1.0, ""68"": 1.0, ""71"": 1.0, ""72"": 1.0, ""73"": 1.0, ""108"": 1.0, ""109"": 1.0, ""155"": 10.0, ""156"": 5.0, ""158"": 30.0, ""183"": 5.0, ""210"": 15.0, ""213"": 50.0}",2026-08-24T23:49:58-04:00
Sam LaPorta,4430027,TE,DET,ACTIVE,0.0,196.3,,,63.64075067024129,98.18415307410977,36,36,"{""210"": 15.11764706}","{""23"": 1.0, ""24"": 4.0, ""39"": 4.0, ""40"": 0.23529412, ""41"": 86.0, ""42"": 889.0, ""43"": 10.0, ""44"": 2.0, ""45"": 1.0, ""47"": 170.0, ""48"": 80.0, ""49"": 36.0, ""50"": 27.0, ""51"": 9.0, ""52"": 1.0, ""53"": 86.0, ""54"": 10.0, ""56"": 1.0, ""58"": 120.0, ""59"": 358.0, ""60"": 10.3372093, ""61"": 52.29411765, ""107"": 3.0, ""108"": 1.0, ""109"": 4.0, ""155"": 12.0, ""156"": 5.0, ""158"": 64.0, ""183"": 4.0, ""184"": 4.0, ""186"": 1.0, ""210"": 17.0, ""213"": 48.0}",2026-08-24T23:49:58-04:00
Breece Hall,4427366,RB,NYJ,ACTIVE,0.0,252.5,193.04090449,105.6,57.141446068747534,97.99295462298541,5,5,"{""210"": 14.17647059}","{""23"": 223.0, ""24"": 994.0, ""25"": 5.0, ""26"": 1.0, ""27"": 192.0, ""28"": 90.0, ""29"": 40.0, ""30"": 33.0, ""31"": 12.0, ""32"": 3.0, ""33"": 39.0, ""34"": 17.0, ""35"": 2.0, ""36"": 2.0, ""37"": 3.0, ""39"": 4.4573991, ""40"": 58.47058824, ""41"": 76.0, ""42"": 591.0, ""43"": 4.0, ""45"": 1.0, ""46"": 1.0, ""47"": 112.0, ""48"": 52.0, ""49"": 22.0, ""50"": 16.0, ""51"": 5.0, ""53"": 76.0, ""54"": 9.0, ""55"": 1.0, ""58"": 95.0, ""59"": 649.0, ""60"": 7.77631579, ""61"": 34.76470588, ""66"": 2.0, ""68"": 2.0, ""108"": 2.0, ""109"": 2.0, ""155"": 7.0, ""156"": 10.0, ""158"": 56.0, ""179"": 2.0, ""182"": 1.0, ""183"": 2.0, ""185"": 1.0, ""210"": 17.0, ""212"": 40.0, ""213"": 28.0}",2026-08-24T23:49:58-04:00
Mike Evans,16737,WR,TB,ACTIVE,0.0,243.0,186.47006274,186.9,33.4625,97.93979964171982,26,26,"{""210"": 15.11764706}","{""41"": 79.0, ""42"": 1255.0, ""43"": 13.0, ""45"": 2.0, ""46"": 1.0, ""47"": 245.0, ""48"": 119.0, ""49"": 57.0, ""50"": 40.0, ""51"": 16.0, ""52"": 3.0, ""53"": 79.0, ""54"": 9.0, ""56"": 3.0, ""58"": 136.0, ""59"": 322.0, ""60"": 15.88607595, ""61"": 73.82352941, ""108"": 1.0, ""109"": 1.0, ""155"": 9.0, ""156"": 8.0, ""158"": 78.0, ""183"": 4.0, ""184"": 1.0, ""185"": 5.0, ""186"": 1.0, ""210"": 17.0, ""213"": 54.0}",2026-08-24T23:49:58-04:00
Deebo Samuel,3126486,WR,SF,ACTIVE,0.0,213.7,226.76713087,140.4,99.43184512050573,97.86347862377231,66,66,"{""210"": 14.17647059}","{""0"": 1.0, ""2"": 1.0, ""23"": 37.0, ""24"": 225.0, ""25"": 5.0, ""27"": 41.0, ""28"": 17.0, ""29"": 5.0, ""30"": 4.0, ""33"": 2.0, ""39"": 6.08108108, ""40"": 15.0, ""41"": 60.0, ""42"": 892.0, ""43"": 7.0, ""45"": 3.0, ""46"": 1.0, ""47"": 173.0, ""48"": 82.0, ""49"": 38.0, ""50"": 29.0, ""51"": 11.0, ""52"": 3.0, ""53"": 60.0, ""54"": 6.0, ""56"": 3.0, ""58"": 89.0, ""59"": 527.0, ""60"": 14.86666667, ""61"": 59.46666667, ""67"": 1.0, ""68"": 1.0, ""114"": 154.0, ""116"": 15.0, ""117"": 5.0, ""155"": 12.0, ""156"": 3.0, ""158"": 72.0, ""179"": 2.0, ""180"": 2.0, ""181"": 1.0, ""183"": 1.0, ""184"": 2.0, ""185"": 1.0, ""210"": 15.0, ""212"": 13.0, ""213"": 34.0}",2026-08-24T23:49:58-04:00
Raheem Mostert,2576414,RB,MIA,ACTIVE,0.0,255.2,123.74591894,152.8,83.90625,97.86108704905979,116,134,"{""210"": 14.17647059}","{""23"": 209.0, ""24"": 1012.0, ""25"": 18.0, ""27"": 198.0, ""28"": 94.0, ""29"": 45.0, ""30"": 31.0, ""31"": 10.0, ""32"": 2.0, ""33"": 37.0, ""34"": 16.0, ""35"": 1.0, ""37"": 2.0, ""39"": 4.84210526, ""40"": 67.46666667, ""41"": 25.0, ""42"": 175.0, ""43"": 3.0, ""47"": 30.0, ""48"": 12.0, ""49"": 4.0, ""50"": 3.0, ""51"": 1.0, ""53"": 25.0, ""54"": 1.0, ""58"": 32.0, ""59"": 213.0, ""60"": 7.0, ""61"": 11.66666667, ""66"": 2.0, ""67"": 2.0, ""68"": 4.0, ""70"": 1.0, ""72"": 1.0, ""73"": 1.0, ""155"": 11.0, ""156"": 4.0, ""158"": 126.0, ""179"": 13.0, ""180"": 2.0, ""181"": 1.0, ""182"": 1.0, ""183"": 2.0, ""184"": 1.0, ""210"": 15.0, ""212"": 59.0, ""213"": 6.0}",2026-08-24T23:49:58-04:00
Chris Olave,4361370,WR,NO,ACTIVE,182.61467683,187.8,144.48491036,162.2,83.87909917028843,97.60694364982172,24,25,"{""42"": 1124.213722, ""43"": 5.498965836, ""44"": 0.29792579, ""45"": 0.297765599, ""46"": 0.194589819, ""47"": 224.0, ""48"": 112.0, ""49"": 56.0, ""50"": 44.0, ""51"": 22.0, ""53"": 76.64082502, ""54"": 15.0, ""55"": 7.0, ""56"": 3.359189797, ""57"": 0.103892468, ""58"": 124.8087909, ""60"": 14.66860151, ""61"": 74.36433178, ""62"": 0.29792579, ""63"": 0.006744393, ""67"": 1.5328165, ""68"": 1.5328165, ""71"": 0.85837724, ""72"": 0.85837724, ""73"": 0.85837724, ""210"": 15.11764706, ""213"": 49.56927922}","{""41"": 87.0, ""42"": 1123.0, ""43"": 5.0, ""44"": 1.0, ""47"": 217.0, ""48"": 104.0, ""49"": 48.0, ""50"": 37.0, ""51"": 15.0, ""52"": 5.0, ""53"": 87.0, ""54"": 11.0, ""56"": 5.0, ""58"": 138.0, ""59"": 347.0, ""60"": 12.90804598, ""61"": 70.1875, ""108"": 1.0, ""109"": 1.0, ""155"": 8.0, ""156"": 8.0, ""158"": 32.0, ""183"": 3.0, ""184"": 1.0, ""185"": 1.0, ""210"": 16.0, ""213"": 57.0}",2026-08-24T23:49:58-04:00
Rachaad White,4697815,RB,TB,ACTIVE,0.0,235.9,83.7968002,114.1,95.34650335835639,97.51214813280133,51,30,"{""210"": 14.17647059}","{""23"": 272.0, ""24"": 990.0, ""25"": 6.0, ""27"": 190.0, ""28"": 91.0, ""29"": 40.0, ""30"": 33.0, ""31"": 11.0, ""32"": 2.0, ""33"": 49.0, ""34"": 20.0, ""37"": 2.0, ""39"": 3.63970588, ""40"": 58.23529412, ""41"": 64.0, ""42"": 549.0, ""43"": 3.0, ""45"": 1.0, ""47"": 104.0, ""48"": 49.0, ""49"": 20.0, ""50"": 12.0, ""51"": 3.0, ""53"": 64.0, ""54"": 5.0, ""58"": 70.0, ""59"": 611.0, ""60"": 8.578125, ""61"": 32.29411765, ""66"": 2.0, ""67"": 1.0, ""68"": 3.0, ""70"": 1.0, ""71"": 1.0, ""72"": 2.0, ""73"": 2.0, ""108"": 1.0, ""109"": 1.0, ""155"": 9.0, ""156"": 8.0, ""158"": 54.0, ""179"": 6.0, ""185"": 1.0, ""186"": 1.0, ""210"": 17.0, ""212"": 46.0, ""213"": 23.0}",2026-08-24T23:49:58-04:00
Garrett Wilson,4569618,WR,NYJ,ACTIVE,208.94623124,165.7,143.90804038,174.2,44.583958909521925,97.17073298513479,17,17,"{""23"": 4.265648383, ""24"": 24.39426902, ""25"": 0.149229191, ""26"": 0.008013161, ""27"": 4.0, ""28"": 2.0, ""29"": 1.0, ""35"": 0.007841015, ""36"": 0.00548871, ""37"": 0.001365936, ""38"": 4.66141e-05, ""39"": 5.718771644, ""40"": 1.61362869, ""42"": 1138.201476, ""43"": 8.625828604, ""44"": 0.414024074, ""45"": 0.229121944, ""46"": 0.149731191, ""47"": 227.0, ""48"": 113.0, ""49"": 56.0, ""50"": 45.0, ""51"": 22.0, ""53"": 82.2251328, ""54"": 16.0, ""55"": 8.0, ""56"": 3.462901571, ""57"": 0.107100049, ""58"": 135.2958969, ""60"": 13.84250092, ""61"": 75.28959181, ""62"": 0.422037235, ""63"": 0.007611189, ""66"": 0.085312968, ""67"": 1.644502656, ""68"": 1.729815624, ""70"": 0.039243965, ""71"": 0.920921487, ""72"": 0.960165452, ""73"": 0.960165452, ""210"": 15.11764706, ""212"": 3.26607243, ""213"": 52.50647746}","{""0"": 1.0, ""2"": 1.0, ""23"": 4.0, ""24"": 0.0, ""27"": 1.0, ""39"": 0.0, ""40"": 0.0, ""41"": 95.0, ""42"": 1042.0, ""43"": 3.0, ""45"": 1.0, ""46"": 1.0, ""47"": 201.0, ""48"": 98.0, ""49"": 45.0, ""50"": 36.0, ""51"": 13.0, ""52"": 2.0, ""53"": 95.0, ""54"": 11.0, ""56"": 2.0, ""58"": 168.0, ""59"": 327.0, ""60"": 10.96842105, ""61"": 61.29411765, ""67"": 2.0, ""68"": 2.0, ""71"": 2.0, ""72"": 2.0, ""73"": 2.0, ""108"": 4.0, ""109"": 4.0, ""155"": 7.0, ""156"": 10.0, ""158"": 18.0, ""183"": 2.0, ""210"": 17.0, ""212"": 1.0, ""213"": 47.0}",2026-08-24T23:49:58-04:00
Jaylen Waddle,4372016,WR,MIA,ACTIVE,0.0,162.6,175.35281827,221.7,36.62188858158831,96.97926942602011,49,47,"{""210"": 15.11764706}","{""23"": 3.0, ""24"": 12.0, ""27"": 2.0, ""28"": 1.0, ""39"": 4.0, ""40"": 0.85714286, ""41"": 72.0, ""42"": 1014.0, ""43"": 4.0, ""45"": 1.0, ""46"": 1.0, ""47"": 198.0, ""48"": 96.0, ""49"": 44.0, ""50"": 35.0, ""51"": 14.0, ""52"": 3.0, ""53"": 72.0, ""54"": 8.0, ""56"": 3.0, ""58"": 104.0, ""59"": 421.0, ""60"": 14.08333333, ""61"": 72.42857143, ""108"": 3.0, ""109"": 3.0, ""155"": 10.0, ""156"": 4.0, ""158"": 24.0, ""183"": 2.0, ""186"": 1.0, ""210"": 14.0, ""212"": 1.0, ""213"": 47.0}",2026-08-24T23:49:58-04:00
DJ Moore,3915416,WR,CHI,ACTIVE,0.0,238.5,195.01941117,167.6,56.67009087317266,96.97813646787625,38,40,"{""210"": 15.11764706}","{""23"": 4.0, ""24"": 21.0, ""25"": 1.0, ""27"": 4.0, ""28"": 2.0, ""29"": 1.0, ""39"": 5.25, ""40"": 1.23529412, ""41"": 96.0, ""42"": 1364.0, ""43"": 8.0, ""45"": 1.0, ""46"": 1.0, ""47"": 265.0, ""48"": 129.0, ""49"": 59.0, ""50"": 48.0, ""51"": 21.0, ""52"": 6.0, ""53"": 96.0, ""54"": 11.0, ""55"": 1.0, ""56"": 4.0, ""57"": 1.0, ""58"": 136.0, ""59"": 539.0, ""60"": 14.20833333, ""61"": 80.23529412, ""67"": 1.0, ""68"": 1.0, ""71"": 1.0, ""72"": 1.0, ""73"": 1.0, ""106"": 1.0, ""108"": 3.0, ""109"": 3.0, ""155"": 7.0, ""156"": 10.0, ""158"": 54.0, ""180"": 1.0, ""183"": 2.0, ""184"": 1.0, ""185"": 2.0, ""186"": 2.0, ""210"": 17.0, ""212"": 1.0, ""213"": 64.0}",2026-08-24T23:49:58-04:00
George Kittle,3040151,TE,SF,QUESTIONABLE,0.0,170.7,138.20817299,170.5,77.63181411974978,96.90383952476125,64,67,"{""210"": 15.11764706}","{""23"": 1.0, ""24"": 2.0, ""39"": 2.0, ""40"": 0.125, ""41"": 65.0, ""42"": 1020.0, ""43"": 6.0, ""45"": 2.0, ""46"": 1.0, ""47"": 196.0, ""48"": 92.0, ""49"": 42.0, ""50"": 34.0, ""51"": 13.0, ""52"": 3.0, ""53"": 65.0, ""54"": 5.0, ""56"": 3.0, ""58"": 90.0, ""59"": 483.0, ""60"": 15.69230769, ""61"": 63.75, ""108"": 1.0, ""109"": 1.0, ""155"": 12.0, ""156"": 4.0, ""158"": 36.0, ""183"": 1.0, ""184"": 2.0, ""186"": 1.0, ""210"": 16.0, ""212"": 1.0, ""213"": 42.0}",2026-08-24T23:49:58-04:00
Patrick Mahomes,3139477,QB,KC,ACTIVE,0.0,333.5,423.24637382,497.5,21.568433544303797,96.80243260482881,45,45,"{""210"": 15.0}","{""0"": 597.0, ""1"": 401.0, ""2"": 196.0, ""3"": 4183.0, ""4"": 27.0, ""5"": 833.0, ""6"": 412.0, ""7"": 203.0, ""8"": 160.0, ""9"": 76.0, ""10"": 35.0, ""11"": 74.0, ""12"": 34.0, ""13"": 33.0, ""14"": 13.0, ""15"": 1.0, ""17"": 3.0, ""18"": 1.0, ""20"": 14.0, ""21"": 0.67169179, ""22"": 261.4375, ""23"": 75.0, ""24"": 389.0, ""27"": 73.0, ""28"": 33.0, ""29"": 14.0, ""30"": 11.0, ""31"": 2.0, ""33"": 9.0, ""34"": 1.0, ""39"": 5.18666667, ""40"": 24.3125, ""64"": 27.0, ""65"": 4.0, ""66"": 1.0, ""68"": 5.0, ""69"": 3.0, ""72"": 3.0, ""73"": 17.0, ""108"": 1.0, ""109"": 1.0, ""155"": 10.0, ""156"": 6.0, ""158"": 162.0, ""175"": 22.0, ""176"": 2.0, ""178"": 2.0, ""210"": 16.0, ""211"": 206.0, ""212"": 27.0}",2026-08-24T23:49:58-04:00
Cooper Kupp,2977187,WR,LAR,ACTIVE,0.0,134.9,255.34436489,163.9,27.6375,96.77458532551523,55,55,"{""210"": 15.11764706}","{""23"": 1.0, ""24"": -3.0, ""39"": -3.0, ""40"": -0.25, ""41"": 59.0, ""42"": 737.0, ""43"": 5.0, ""44"": 1.0, ""45"": 1.0, ""46"": 1.0, ""47"": 142.0, ""48"": 67.0, ""49"": 30.0, ""50"": 23.0, ""51"": 9.0, ""52"": 4.0, ""53"": 59.0, ""54"": 6.0, ""56"": 4.0, ""58"": 95.0, ""59"": 322.0, ""60"": 12.49152542, ""61"": 61.41666667, ""107"": 1.0, ""108"": 1.0, ""109"": 2.0, ""155"": 7.0, ""156"": 5.0, ""158"": 32.0, ""183"": 3.0, ""184"": 1.0, ""210"": 12.0, ""213"": 33.0}",2026-08-24T23:49:58-04:00
Jonathan Taylor,4242335,RB,IND,ACTIVE,0.0,146.9,295.3735579,132.4,47.500592651126034,96.6231148239788,8,8,"{""210"": 14.17647059}","{""23"": 169.0, ""24"": 741.0, ""25"": 7.0, ""27"": 144.0, ""28"": 68.0, ""29"": 31.0, ""30"": 23.0, ""31"": 8.0, ""32"": 1.0, ""33"": 30.0, ""34"": 12.0, ""35"": 1.0, ""37"": 1.0, ""39"": 4.38461538, ""40"": 74.1, ""41"": 19.0, ""42"": 153.0, ""43"": 1.0, ""47"": 28.0, ""48"": 11.0, ""49"": 5.0, ""50"": 2.0, ""53"": 19.0, ""54"": 2.0, ""58"": 23.0, ""59"": 174.0, ""60"": 8.05263158, ""61"": 15.3, ""66"": 1.0, ""68"": 1.0, ""155"": 5.0, ""156"": 5.0, ""158"": 48.0, ""179"": 6.0, ""184"": 1.0, ""210"": 10.0, ""212"": 42.0, ""213"": 5.0}",2026-08-24T23:49:58-04:00
Michael Pittman Jr.,4035687,WR,IND,ACTIVE,0.0,195.7,192.25066152,167.0,124.02370604504148,96.54460666324144,41,23,"{""210"": 15.11764706}","{""41"": 109.0, ""42"": 1152.0, ""43"": 4.0, ""44"": 2.0, ""45"": 1.0, ""46"": 1.0, ""47"": 224.0, ""48"": 107.0, ""49"": 50.0, ""50"": 39.0, ""51"": 15.0, ""52"": 3.0, ""53"": 109.0, ""54"": 15.0, ""55"": 2.0, ""56"": 3.0, ""58"": 156.0, ""59"": 513.0, ""60"": 10.56880734, ""61"": 72.0, ""67"": 1.0, ""68"": 2.0, ""72"": 1.0, ""73"": 1.0, ""108"": 1.0, ""109"": 1.0, ""114"": 5.0, ""155"": 9.0, ""156"": 7.0, ""158"": 28.0, ""183"": 1.0, ""184"": 1.0, ""186"": 1.0, ""210"": 16.0, ""213"": 53.0}",2026-08-24T23:49:58-04:00
Kenneth Walker III,4567048,RB,SEA,ACTIVE,0.0,184.9,116.51839165,189.0,36.9446858949032,96.54405233365323,29,51,"{""210"": 14.17647059}","{""23"": 219.0, ""24"": 905.0, ""25"": 8.0, ""27"": 174.0, ""28"": 83.0, ""29"": 38.0, ""30"": 29.0, ""31"": 12.0, ""32"": 1.0, ""33"": 36.0, ""34"": 12.0, ""37"": 1.0, ""39"": 4.13242009, ""40"": 60.33333333, ""41"": 29.0, ""42"": 259.0, ""43"": 1.0, ""45"": 1.0, ""46"": 1.0, ""47"": 46.0, ""48"": 21.0, ""49"": 9.0, ""50"": 7.0, ""51"": 2.0, ""53"": 29.0, ""58"": 37.0, ""59"": 317.0, ""60"": 8.93103448, ""61"": 17.26666667, ""66"": 1.0, ""68"": 1.0, ""108"": 1.0, ""109"": 1.0, ""155"": 9.0, ""156"": 6.0, ""158"": 54.0, ""179"": 6.0, ""180"": 1.0, ""181"": 1.0, ""210"": 15.0, ""212"": 46.0, ""213"": 9.0}",2026-08-24T23:49:58-04:00
James Cook,4379399,RB,BUF,ACTIVE,0.0,210.7,106.67404201,95.2,104.67799288818648,96.43909211494544,19,19,"{""210"": 14.17647059}","{""23"": 237.0, ""24"": 1122.0, ""25"": 2.0, ""27"": 218.0, ""28"": 104.0, ""29"": 48.0, ""30"": 35.0, ""31"": 14.0, ""32"": 3.0, ""33"": 42.0, ""34"": 17.0, ""37"": 3.0, ""39"": 4.73417722, ""40"": 66.0, ""41"": 44.0, ""42"": 445.0, ""43"": 4.0, ""47"": 84.0, ""48"": 37.0, ""49"": 15.0, ""50"": 11.0, ""51"": 2.0, ""53"": 44.0, ""54"": 2.0, ""58"": 54.0, ""59"": 398.0, ""60"": 10.11363636, ""61"": 26.17647059, ""66"": 3.0, ""67"": 1.0, ""68"": 4.0, ""70"": 1.0, ""71"": 1.0, ""72"": 2.0, ""73"": 2.0, ""108"": 1.0, ""109"": 1.0, ""155"": 11.0, ""156"": 6.0, ""158"": 36.0, ""179"": 1.0, ""181"": 1.0, ""183"": 2.0, ""184"": 1.0, ""185"": 1.0, ""210"": 17.0, ""212"": 53.0, ""213"": 16.0}",2026-08-24T23:49:58-04:00
Evan Engram,3051876,TE,JAX,ACTIVE,0.0,173.3,99.09082001,140.4,128.25469168900804,96.33955899434469,65,64,"{""210"": 15.11764706}","{""41"": 114.0, ""42"": 963.0, ""43"": 4.0, ""47"": 185.0, ""48"": 86.0, ""49"": 40.0, ""50"": 30.0, ""51"": 9.0, ""53"": 114.0, ""54"": 17.0, ""55"": 4.0, ""58"": 143.0, ""59"": 516.0, ""60"": 8.44736842, ""61"": 56.64705882, ""67"": 3.0, ""68"": 3.0, ""71"": 2.0, ""72"": 2.0, ""73"": 2.0, ""108"": 3.0, ""109"": 3.0, ""155"": 9.0, ""156"": 8.0, ""158"": 24.0, ""183"": 1.0, ""184"": 2.0, ""185"": 1.0, ""210"": 17.0, ""213"": 47.0}",2026-08-24T23:49:58-04:00
Puka Nacua,4426515,WR,LAR,ACTIVE,0.0,246.0,,,43.953773212169104,96.29943400236591,16,16,"{""210"": 15.11764706}","{""23"": 12.0, ""24"": 89.0, ""27"": 14.0, ""28"": 5.0, ""29"": 1.0, ""30"": 1.0, ""39"": 7.41666667, ""40"": 5.23529412, ""41"": 105.0, ""42"": 1486.0, ""43"": 6.0, ""45"": 1.0, ""46"": 1.0, ""47"": 290.0, ""48"": 142.0, ""49"": 67.0, ""50"": 51.0, ""51"": 22.0, ""52"": 7.0, ""53"": 105.0, ""54"": 14.0, ""55"": 2.0, ""56"": 7.0, ""58"": 160.0, ""59"": 640.0, ""60"": 14.15238095, ""61"": 87.41176471, ""67"": 1.0, ""68"": 1.0, ""108"": 1.0, ""109"": 1.0, ""155"": 10.0, ""156"": 7.0, ""158"": 36.0, ""183"": 2.0, ""184"": 1.0, ""185"": 2.0, ""210"": 17.0, ""212"": 5.0, ""213"": 68.0}",2026-08-24T23:49:58-04:00
D'Andre Swift,4259545,RB,CHI,ACTIVE,0.0,179.8,220.55108926,167.1,45.17265902805215,96.25745080622308,70,72,"{""210"": 14.17647059}","{""23"": 229.0, ""24"": 1049.0, ""25"": 5.0, ""27"": 204.0, ""28"": 99.0, ""29"": 44.0, ""30"": 35.0, ""31"": 14.0, ""32"": 2.0, ""33"": 40.0, ""34"": 16.0, ""37"": 2.0, ""39"": 4.58078603, ""40"": 65.5625, ""41"": 39.0, ""42"": 214.0, ""43"": 1.0, ""47"": 38.0, ""48"": 16.0, ""49"": 6.0, ""50"": 4.0, ""53"": 39.0, ""54"": 2.0, ""58"": 49.0, ""59"": 267.0, ""60"": 5.48717949, ""61"": 13.375, ""66"": 2.0, ""67"": 1.0, ""68"": 3.0, ""71"": 1.0, ""72"": 1.0, ""73"": 1.0, ""155"": 11.0, ""156"": 5.0, ""158"": 36.0, ""179"": 5.0, ""183"": 1.0, ""210"": 16.0, ""212"": 50.0, ""213"": 8.0}",2026-08-24T23:49:58-04:00
Lamar Jackson,3916387,QB,BAL,ACTIVE,0.0,377.9,362.76271454,268.8,29.72270569620253,96.12254944373007,43,43,"{""210"": 15.0}","{""0"": 457.0, ""1"": 307.0, ""2"": 150.0, ""3"": 3678.0, ""4"": 24.0, ""5"": 729.0, ""6"": 360.0, ""7"": 176.0, ""8"": 139.0, ""9"": 67.0, ""10"": 29.0, ""11"": 54.0, ""12"": 24.0, ""13"": 23.0, ""14"": 7.0, ""15"": 4.0, ""16"": 2.0, ""17"": 3.0, ""19"": 1.0, ""20"": 7.0, ""21"": 0.67177243, ""22"": 229.875, ""23"": 148.0, ""24"": 821.0, ""25"": 5.0, ""27"": 159.0, ""28"": 75.0, ""29"": 33.0, ""30"": 25.0, ""31"": 8.0, ""32"": 1.0, ""33"": 23.0, ""34"": 7.0, ""37"": 1.0, ""39"": 5.5472973, ""40"": 51.3125, ""64"": 37.0, ""65"": 7.0, ""66"": 4.0, ""68"": 11.0, ""69"": 4.0, ""70"": 2.0, ""72"": 6.0, ""73"": 13.0, ""107"": 1.0, ""109"": 1.0, ""155"": 13.0, ""156"": 3.0, ""158"": 174.0, ""175"": 9.0, ""176"": 7.0, ""177"": 2.0, ""178"": 2.0, ""179"": 3.0, ""180"": 2.0, ""210"": 16.0, ""211"": 167.0, ""212"": 48.0}",2026-08-24T23:49:58-04:00
Brandon Aiyuk,4360438,WR,SF,ACTIVE,0.0,211.7,153.64134924,188.8,57.75938364282892,95.9520530859545,39,41,"{""210"": 15.11764706}","{""41"": 75.0, ""42"": 1342.0, ""43"": 7.0, ""45"": 1.0, ""46"": 1.0, ""47"": 262.0, ""48"": 125.0, ""49"": 58.0, ""50"": 48.0, ""51"": 20.0, ""52"": 7.0, ""53"": 75.0, ""54"": 9.0, ""56"": 7.0, ""58"": 105.0, ""59"": 382.0, ""60"": 17.89333333, ""61"": 83.875, ""67"": 1.0, ""68"": 1.0, ""71"": 1.0, ""72"": 1.0, ""73"": 1.0, ""108"": 1.0, ""109"": 1.0, ""155"": 11.0, ""156"": 5.0, ""158"": 42.0, ""183"": 2.0, ""184"": 3.0, ""185"": 1.0, ""210"": 16.0, ""213"": 61.0}",2026-08-24T23:49:58-04:00
Christian McCaffrey,3117251,RB,SF,ACTIVE,0.0,357.8,265.0845375,315.7,2.0734887396286052,95.71902129326553,1,1,"{""210"": 14.17647059}","{""23"": 272.0, ""24"": 1459.0, ""25"": 14.0, ""27"": 286.0, ""28"": 139.0, ""29"": 65.0, ""30"": 51.0, ""31"": 22.0, ""32"": 7.0, ""33"": 48.0, ""34"": 20.0, ""35"": 1.0, ""36"": 1.0, ""37"": 7.0, ""39"": 5.36397059, ""40"": 91.1875, ""41"": 67.0, ""42"": 564.0, ""43"": 7.0, ""45"": 1.0, ""47"": 106.0, ""48"": 48.0, ""49"": 21.0, ""50"": 16.0, ""51"": 4.0, ""53"": 67.0, ""54"": 8.0, ""58"": 83.0, ""59"": 461.0, ""60"": 8.41791045, ""61"": 35.25, ""66"": 2.0, ""67"": 1.0, ""68"": 3.0, ""70"": 2.0, ""72"": 2.0, ""73"": 2.0, ""108"": 2.0, ""109"": 2.0, ""155"": 12.0, ""156"": 4.0, ""158"": 126.0, ""179"": 11.0, ""180"": 2.0, ""183"": 4.0, ""184"": 1.0, ""186"": 1.0, ""210"": 16.0, ""212"": 83.0, ""213"": 31.0}",2026-08-24T23:49:58-04:00
Justin Tucker,15683,K,BAL,ACTIVE,146.17604245,155.0,144.40463681,158.0,92.68814317673377,95.6637501492967,198,198,"{""74"": 4.408691982, ""75"": 6.133474293, ""76"": 1.724782312, ""77"": 8.346666282, ""78"": 9.787458979, ""79"": 1.440792696, ""80"": 16.53689069, ""81"": 16.70392999, ""82"": 0.1670393, ""83"": 29.29224895, ""84"": 32.62486326, ""85"": 3.332614308, ""86"": 44.46785965, ""87"": 45.37536699, ""88"": 0.90750734, ""198"": 4.408691982, ""199"": 6.133474293, ""200"": 1.724782312, ""210"": 17.0, ""214"": 1109.77607, ""215"": 162.9850952, ""216"": 1272.761166, ""221"": 238.069367, ""227"": 93.13824483, ""233"": 331.2076118}","{""74"": 1.0, ""75"": 5.0, ""76"": 4.0, ""77"": 11.0, ""78"": 12.0, ""79"": 1.0, ""80"": 20.0, ""81"": 20.0, ""83"": 32.0, ""84"": 37.0, ""85"": 5.0, ""86"": 51.0, ""87"": 52.0, ""88"": 1.0, ""155"": 13.0, ""156"": 4.0, ""158"": 147.0, ""198"": 1.0, ""199"": 4.0, ""200"": 3.0, ""202"": 1.0, ""203"": 1.0, ""210"": 17.0, ""214"": 1136.0, ""215"": 217.0, ""216"": 1353.0, ""217"": 221.0, ""218"": 108.0, ""219"": 49.0, ""220"": 38.0, ""221"": 15.0, ""222"": 5.0, ""223"": 41.0, ""224"": 20.0, ""225"": 9.0, ""226"": 7.0, ""227"": 3.0, ""229"": 264.0, ""230"": 130.0, ""231"": 60.0, ""232"": 47.0, ""233"": 20.0, ""234"": 9.0}",2026-08-24T23:49:58-04:00
DeAndre Hopkins,15795,WR,TEN,ACTIVE,0.0,186.1,121.94240059,119.7,72.02232142857143,95.45808502658197,56,56,"{""210"": 15.11764706}","{""0"": 1.0, ""2"": 1.0, ""23"": 2.0, ""24"": 9.0, ""27"": 1.0, ""39"": 4.5, ""40"": 0.52941176, ""41"": 75.0, ""42"": 1057.0, ""43"": 7.0, ""45"": 3.0, ""46"": 1.0, ""47"": 206.0, ""48"": 99.0, ""49"": 48.0, ""50"": 32.0, ""51"": 12.0, ""52"": 3.0, ""53"": 75.0, ""54"": 6.0, ""56"": 3.0, ""58"": 137.0, ""59"": 223.0, ""60"": 14.09333333, ""61"": 62.17647059, ""108"": 3.0, ""109"": 3.0, ""155"": 6.0, ""156"": 11.0, ""158"": 42.0, ""183"": 3.0, ""184"": 1.0, ""210"": 17.0, ""213"": 48.0}",2026-08-24T23:49:58-04:00
Brandon Aubrey,3953687,K,DAL,ACTIVE,131.90126964,179.0,,,93.98729654624852,95.00032769273079,197,197,"{""74"": 3.946639808, ""75"": 6.147414031, ""76"": 2.200774223, ""77"": 7.612329715, ""78"": 9.809703241, ""79"": 2.197373526, ""80"": 15.55321909, ""81"": 16.74189353, ""82"": 1.188674441, ""83"": 27.11218861, ""84"": 32.6990108, ""85"": 5.58682219, ""86"": 40.64591666, ""87"": 44.37327146, ""88"": 3.727354803, ""198"": 3.946639808, ""199"": 6.147414031, ""200"": 2.200774223, ""210"": 17.0, ""214"": 1022.26996, ""215"": 253.3838499, ""216"": 1275.653809, ""221"": 213.1185496, ""227"": 118.841808, ""233"": 331.9603577}","{""74"": 10.0, ""75"": 10.0, ""77"": 4.0, ""78"": 4.0, ""80"": 22.0, ""81"": 24.0, ""82"": 2.0, ""83"": 36.0, ""84"": 38.0, ""85"": 2.0, ""86"": 49.0, ""87"": 52.0, ""88"": 3.0, ""155"": 12.0, ""156"": 5.0, ""158"": 157.0, ""198"": 9.0, ""199"": 9.0, ""201"": 1.0, ""202"": 1.0, ""210"": 17.0, ""214"": 1370.0, ""215"": 36.0, ""216"": 1406.0, ""217"": 268.0, ""218"": 131.0, ""219"": 59.0, ""220"": 50.0, ""221"": 22.0, ""222"": 5.0, ""223"": 7.0, ""224"": 3.0, ""225"": 1.0, ""226"": 1.0, ""229"": 275.0, ""230"": 134.0, ""231"": 61.0, ""232"": 51.0, ""233"": 22.0, ""234"": 5.0}",2026-08-24T23:49:58-04:00
DeVonta Smith,4241478,WR,PHI,ACTIVE,0.0,187.1,159.87901218,207.1,115.14500197550376,94.96777089622925,50,48,"{""210"": 15.11764706}","{""41"": 81.0, ""42"": 1066.0, ""43"": 7.0, ""45"": 1.0, ""46"": 1.0, ""47"": 206.0, ""48"": 98.0, ""49"": 44.0, ""50"": 35.0, ""51"": 12.0, ""52"": 2.0, ""53"": 81.0, ""54"": 9.0, ""56"": 2.0, ""58"": 112.0, ""59"": 294.0, ""60"": 13.16049383, ""61"": 66.625, ""67"": 1.0, ""68"": 1.0, ""71"": 1.0, ""72"": 1.0, ""73"": 1.0, ""108"": 2.0, ""109"": 2.0, ""155"": 11.0, ""156"": 5.0, ""158"": 42.0, ""183"": 2.0, ""184"": 1.0, ""185"": 1.0, ""186"": 2.0, ""210"": 16.0, ""213"": 47.0}",2026-08-24T23:49:58-04:00
Calvin Ridley,3925357,WR,TEN,ACTIVE,0.0,191.9,0.0,0.0,141.53654681943897,94.84309604748495,48,50,"{""210"": 15.11764706}","{""23"": 9.0, ""24"": 23.0, ""27"": 6.0, ""28"": 2.0, ""39"": 2.55555556, ""40"": 1.35294118, ""41"": 76.0, ""42"": 1016.0, ""43"": 8.0, ""44"": 1.0, ""45"": 1.0, ""46"": 1.0, ""47"": 197.0, ""48"": 95.0, ""49"": 44.0, ""50"": 34.0, ""51"": 12.0, ""52"": 4.0, ""53"": 76.0, ""54"": 8.0, ""56"": 4.0, ""58"": 136.0, ""59"": 194.0, ""60"": 13.36842105, ""61"": 59.76470588, ""67"": 1.0, ""68"": 1.0, ""108"": 1.0, ""109"": 1.0, ""155"": 9.0, ""156"": 8.0, ""158"": 50.0, ""183"": 4.0, ""184"": 1.0, ""185"": 1.0, ""186"": 1.0, ""210"": 17.0, ""212"": 3.0, ""213"": 49.0}",2026-08-24T23:49:58-04:00
Jake Elliott,3050478,K,PHI,ACTIVE,142.37574939,154.0,132.51198399,119.0,120.57807606263982,94.75331856780953,196,196,"{""74"": 4.07068, ""75"": 6.000897677, ""76"": 1.930217677, ""77"": 7.77893663, ""78"": 9.575900548, ""79"": 1.796963918, ""80"": 15.776511, ""81"": 16.34287027, ""82"": 0.566359268, ""83"": 27.62612763, ""84"": 31.91966849, ""85"": 4.293540863, ""86"": 47.87061073, ""87"": 50.26602944, ""88"": 2.395418711, ""198"": 4.07068, ""199"": 6.000897677, ""200"": 1.930217677, ""210"": 17.0, ""214"": 1043.164198, ""215"": 202.0859089, ""216"": 1245.250107, ""221"": 219.81672, ""227"": 104.2317546, ""233"": 324.0484745}","{""74"": 7.0, ""75"": 8.0, ""76"": 1.0, ""77"": 7.0, ""78"": 7.0, ""80"": 16.0, ""81"": 17.0, ""82"": 1.0, ""83"": 30.0, ""84"": 32.0, ""85"": 2.0, ""86"": 45.0, ""87"": 46.0, ""88"": 1.0, ""155"": 11.0, ""156"": 6.0, ""158"": 135.0, ""198"": 6.0, ""199"": 7.0, ""200"": 1.0, ""201"": 1.0, ""202"": 1.0, ""210"": 17.0, ""214"": 1173.0, ""215"": 92.0, ""216"": 1265.0, ""217"": 230.0, ""218"": 110.0, ""219"": 52.0, ""220"": 41.0, ""221"": 16.0, ""222"": 4.0, ""223"": 18.0, ""224"": 8.0, ""225"": 3.0, ""226"": 3.0, ""227"": 1.0, ""229"": 248.0, ""230"": 119.0, ""231"": 56.0, ""232"": 44.0, ""233"": 17.0, ""234"": 5.0}",2026-08-24T23:49:58-04:00
Keenan Allen,15818,WR,CHI,ACTIVE,0.0,226.7,190.95043018,131.0,17.445089285714285,94.74225349513274,96,84,"{""210"": 14.17647059}","{""0"": 2.0, ""1"": 1.0, ""2"": 1.0, ""3"": 49.0, ""4"": 1.0, ""5"": 9.0, ""6"": 4.0, ""7"": 2.0, ""8"": 1.0, ""15"": 1.0, ""21"": 0.5, ""22"": 3.76923077, ""23"": 2.0, ""24"": 6.0, ""27"": 1.0, ""39"": 3.0, ""40"": 0.46153846, ""41"": 108.0, ""42"": 1243.0, ""43"": 7.0, ""47"": 245.0, ""48"": 117.0, ""49"": 54.0, ""50"": 45.0, ""51"": 20.0, ""52"": 6.0, ""53"": 108.0, ""54"": 16.0, ""55"": 4.0, ""56"": 4.0, ""57"": 1.0, ""58"": 150.0, ""59"": 396.0, ""60"": 11.50925926, ""61"": 95.61538462, ""67"": 2.0, ""68"": 2.0, ""71"": 1.0, ""72"": 1.0, ""73"": 1.0, ""155"": 5.0, ""156"": 8.0, ""158"": 48.0, ""183"": 3.0, ""184"": 2.0, ""185"": 1.0, ""186"": 1.0, ""210"": 13.0, ""211"": 1.0, ""212"": 1.0, ""213"": 56.0}",2026-08-24T23:49:58-04:00
David Montgomery,4035538,RB,DET,ACTIVE,0.0,199.2,196.89650615,160.7,80.71829316475701,94.61428779800974,74,83,"{""210"": 14.17647059}","{""23"": 219.0, ""24"": 1015.0, ""25"": 13.0, ""26"": 1.0, ""27"": 199.0, ""28"": 95.0, ""29"": 44.0, ""30"": 33.0, ""31"": 15.0, ""32"": 3.0, ""33"": 39.0, ""34"": 16.0, ""35"": 2.0, ""36"": 1.0, ""37"": 3.0, ""39"": 4.6347032, ""40"": 72.5, ""41"": 16.0, ""42"": 117.0, ""47"": 21.0, ""48"": 9.0, ""49"": 3.0, ""53"": 16.0, ""58"": 24.0, ""59"": 149.0, ""60"": 7.3125, ""61"": 8.35714286, ""66"": 2.0, ""68"": 2.0, ""70"": 1.0, ""72"": 1.0, ""73"": 1.0, ""108"": 1.0, ""109"": 1.0, ""155"": 10.0, ""156"": 4.0, ""158"": 80.0, ""179"": 11.0, ""210"": 14.0, ""212"": 59.0, ""213"": 7.0}",2026-08-24T23:49:58-04:00
C.J. Stroud,4432577,QB,HOU,ACTIVE,0.0,320.2,,,82.58386075949367,94.33882892075256,75,75,"{""210"": 15.0}","{""0"": 499.0, ""1"": 319.0, ""2"": 180.0, ""3"": 4108.0, ""4"": 23.0, ""5"": 815.0, ""6"": 405.0, ""7"": 199.0, ""8"": 156.0, ""9"": 74.0, ""10"": 33.0, ""11"": 60.0, ""12"": 27.0, ""13"": 31.0, ""14"": 12.0, ""15"": 5.0, ""16"": 4.0, ""17"": 5.0, ""18"": 1.0, ""20"": 5.0, ""21"": 0.63927856, ""22"": 273.86666667, ""23"": 39.0, ""24"": 167.0, ""25"": 3.0, ""26"": 1.0, ""27"": 29.0, ""28"": 13.0, ""29"": 4.0, ""30"": 1.0, ""33"": 2.0, ""39"": 4.28205128, ""40"": 11.13333333, ""41"": 1.0, ""53"": 1.0, ""58"": 1.0, ""59"": 1.0, ""64"": 38.0, ""65"": 6.0, ""66"": 2.0, ""68"": 8.0, ""69"": 3.0, ""70"": 1.0, ""72"": 4.0, ""73"": 9.0, ""155"": 9.0, ""156"": 6.0, ""158"": 158.0, ""175"": 10.0, ""176"": 5.0, ""177"": 3.0, ""179"": 3.0, ""210"": 15.0, ""211"": 187.0, ""212"": 18.0}",2026-08-24T23:49:58-04:00
Josh Jacobs,4047365,RB,GB,ACTIVE,0.0,162.6,191.77239763,301.8,22.35440537337021,94.15747595531305,30,31,"{""210"": 14.17647059}","{""23"": 233.0, ""24"": 805.0, ""25"": 6.0, ""27"": 156.0, ""28"": 74.0, ""29"": 33.0, ""30"": 26.0, ""31"": 10.0, ""32"": 2.0, ""33"": 42.0, ""34"": 17.0, ""35"": 1.0, ""36"": 1.0, ""37"": 2.0, ""39"": 3.45493562, ""40"": 61.92307692, ""41"": 37.0, ""42"": 296.0, ""47"": 56.0, ""48"": 25.0, ""49"": 9.0, ""50"": 6.0, ""51"": 2.0, ""53"": 37.0, ""54"": 3.0, ""58"": 54.0, ""59"": 293.0, ""60"": 8.0, ""61"": 22.76923077, ""64"": 1.0, ""66"": 2.0, ""67"": 1.0, ""68"": 3.0, ""70"": 1.0, ""72"": 1.0, ""73"": 1.0, ""108"": 2.0, ""109"": 2.0, ""155"": 5.0, ""156"": 8.0, ""158"": 36.0, ""179"": 5.0, ""210"": 13.0, ""212"": 34.0, ""213"": 15.0}",2026-08-24T23:49:58-04:00
De'Von Achane,4429160,RB,MIA,ACTIVE,0.0,177.2,,,107.41050967996838,94.05286238704707,52,52,"{""210"": 14.17647059}","{""23"": 103.0, ""24"": 800.0, ""25"": 8.0, ""27"": 156.0, ""28"": 76.0, ""29"": 36.0, ""30"": 28.0, ""31"": 13.0, ""32"": 5.0, ""33"": 16.0, ""34"": 5.0, ""35"": 2.0, ""36"": 2.0, ""37"": 3.0, ""38"": 1.0, ""39"": 7.76699029, ""40"": 72.72727273, ""41"": 27.0, ""42"": 197.0, ""43"": 3.0, ""47"": 35.0, ""48"": 16.0, ""49"": 5.0, ""50"": 4.0, ""53"": 27.0, ""54"": 1.0, ""58"": 37.0, ""59"": 262.0, ""60"": 7.2962963, ""61"": 17.90909091, ""64"": 1.0, ""66"": 1.0, ""68"": 1.0, ""70"": 1.0, ""72"": 1.0, ""73"": 1.0, ""155"": 7.0, ""156"": 4.0, ""158"": 66.0, ""179"": 4.0, ""180"": 1.0, ""181"": 1.0, ""183"": 2.0, ""184"": 1.0, ""210"": 11.0, ""212"": 30.0, ""213"": 10.0}",2026-08-24T23:49:58-04:00
Kyren Williams,4430737,RB,LAR,QUESTIONABLE,0.0,239.0,14.4149175,26.0,109.18609245357567,93.94516342974444,6,7,"{""210"": 14.17647059}","{""23"": 228.0, ""24"": 1144.0, ""25"": 12.0, ""26"": 1.0, ""27"": 222.0, ""28"": 109.0, ""29"": 51.0, ""30"": 42.0, ""31"": 19.0, ""32"": 6.0, ""33"": 43.0, ""34"": 19.0, ""37"": 6.0, ""39"": 5.01754386, ""40"": 95.33333333, ""41"": 32.0, ""42"": 206.0, ""43"": 3.0, ""47"": 36.0, ""48"": 17.0, ""49"": 8.0, ""50"": 4.0, ""51"": 1.0, ""53"": 32.0, ""54"": 3.0, ""58"": 48.0, ""59"": 277.0, ""60"": 6.4375, ""61"": 17.16666667, ""66"": 2.0, ""67"": 1.0, ""68"": 3.0, ""70"": 1.0, ""71"": 1.0, ""72"": 2.0, ""73"": 2.0, ""108"": 1.0, ""109"": 1.0, ""114"": 8.0, ""115"": 21.0, ""118"": 1.0, ""155"": 8.0, ""156"": 4.0, ""158"": 92.0, ""179"": 10.0, ""180"": 1.0, ""181"": 1.0, ""183"": 2.0, ""184"": 1.0, ""210"": 12.0, ""212"": 62.0, ""213"": 9.0}",2026-08-24T23:49:58-04:00
Aaron Jones,3042519,RB,MIN,ACTIVE,0.0,119.9,213.20544113,219.1,108.25446428571429,93.93499015290972,51,70,"{""210"": 14.17647059}","{""23"": 142.0, ""24"": 656.0, ""25"": 2.0, ""27"": 127.0, ""28"": 61.0, ""29"": 27.0, ""30"": 21.0, ""31"": 8.0, ""32"": 3.0, ""33"": 24.0, ""34"": 10.0, ""37"": 3.0, ""39"": 4.61971831, ""40"": 59.63636364, ""41"": 30.0, ""42"": 233.0, ""43"": 1.0, ""47"": 44.0, ""48"": 19.0, ""49"": 7.0, ""50"": 5.0, ""51"": 1.0, ""53"": 30.0, ""54"": 1.0, ""58"": 43.0, ""59"": 271.0, ""60"": 7.76666667, ""61"": 21.18181818, ""66"": 1.0, ""67"": 1.0, ""68"": 2.0, ""70"": 1.0, ""72"": 1.0, ""73"": 1.0, ""155"": 6.0, ""156"": 5.0, ""158"": 18.0, ""179"": 2.0, ""186"": 1.0, ""210"": 11.0, ""212"": 34.0, ""213"": 13.0}",2026-08-24T23:49:58-04:00
Isiah Pacheco,4361529,RB,KC,ACTIVE,0.0,191.9,59.13042793,128.5,45.52034768866061,93.89266439838421,12,14,"{""210"": 14.17647059}","{""23"": 205.0, ""24"": 935.0, ""25"": 7.0, ""27"": 184.0, ""28"": 89.0, ""29"": 41.0, ""30"": 31.0, ""31"": 13.0, ""32"": 3.0, ""33"": 36.0, ""34"": 13.0, ""35"": 1.0, ""37"": 3.0, ""39"": 4.56097561, ""40"": 66.78571429, ""41"": 44.0, ""42"": 244.0, ""43"": 2.0, ""47"": 45.0, ""48"": 20.0, ""49"": 7.0, ""50"": 6.0, ""53"": 44.0, ""54"": 3.0, ""58"": 49.0, ""59"": 359.0, ""60"": 5.54545455, ""61"": 17.42857143, ""66"": 1.0, ""68"": 1.0, ""70"": 1.0, ""72"": 1.0, ""73"": 1.0, ""155"": 9.0, ""156"": 5.0, ""158"": 54.0, ""179"": 5.0, ""180"": 1.0, ""183"": 2.0, ""210"": 14.0, ""212"": 53.0, ""213"": 12.0}",2026-08-24T23:49:58-04:00
Nico Collins,4258173,WR,HOU,ACTIVE,0.0,220.4,125.74041611,78.6,130.27380482022915,93.75551441039715,22,22,"{""210"": 15.11764706}","{""23"": 1.0, ""24"": 7.0, ""27"": 1.0, ""39"": 7.0, ""40"": 0.46666667, ""41"": 80.0, ""42"": 1297.0, ""43"": 8.0, ""44"": 1.0, ""45"": 2.0, ""46"": 2.0, ""47"": 254.0, ""48"": 124.0, ""49"": 58.0, ""50"": 45.0, ""51"": 18.0, ""52"": 5.0, ""53"": 80.0, ""54"": 8.0, ""56"": 5.0, ""58"": 109.0, ""59"": 549.0, ""60"": 16.2125, ""61"": 86.46666667, ""67"": 1.0, ""68"": 1.0, ""106"": 1.0, ""108"": 1.0, ""109"": 1.0, ""155"": 8.0, ""156"": 7.0, ""158"": 50.0, ""183"": 4.0, ""184"": 2.0, ""210"": 15.0, ""213"": 52.0}",2026-08-24T23:49:58-04:00
James Conner,3045147,RB,ARI,ACTIVE,0.0,188.0,217.68463816,177.2,154.65178571428572,93.69858038858476,90,71,"{""210"": 13.23529412}","{""23"": 208.0, ""24"": 1040.0, ""25"": 7.0, ""27"": 204.0, ""28"": 98.0, ""29"": 47.0, ""30"": 36.0, ""31"": 15.0, ""32"": 4.0, ""33"": 36.0, ""34"": 15.0, ""37"": 4.0, ""39"": 5.0, ""40"": 80.0, ""41"": 27.0, ""42"": 165.0, ""43"": 2.0, ""47"": 29.0, ""48"": 12.0, ""49"": 5.0, ""50"": 4.0, ""51"": 2.0, ""53"": 27.0, ""54"": 2.0, ""58"": 33.0, ""59"": 211.0, ""60"": 6.11111111, ""61"": 12.69230769, ""155"": 4.0, ""156"": 9.0, ""158"": 54.0, ""179"": 6.0, ""181"": 1.0, ""183"": 1.0, ""184"": 1.0, ""210"": 13.0, ""212"": 57.0, ""213"": 11.0}",2026-08-24T23:49:58-04:00
Cowboys D/ST,-16006,D/ST,DAL,,0.0,162.0,101.5558686,152.0,79.38537906137184,93.27183794669834,181,181,"{""210"": 17.0}","{""89"": 1.0, ""90"": 1.0, ""91"": 5.0, ""92"": 2.0, ""93"": 1.0, ""94"": 6.0, ""95"": 17.0, ""96"": 9.0, ""97"": 3.0, ""98"": 1.0, ""99"": 46.0, ""100"": 92.0, ""103"": 5.0, ""104"": 1.0, ""105"": 7.0, ""106"": 14.0, ""107"": 386.0, ""108"": 660.0, ""109"": 1046.0, ""110"": 343.0, ""111"": 202.0, ""112"": 85.0, ""113"": 74.0, ""114"": 393.0, ""115"": 98.0, ""116"": 35.0, ""117"": 11.0, ""118"": 6.0, ""120"": 309.0, ""121"": 2.0, ""122"": 1.0, ""123"": 3.0, ""124"": 2.0, ""127"": 5095.0, ""128"": 0.0, ""129"": 4.0, ""130"": 5.0, ""131"": 1.0, ""132"": 3.0, ""133"": 4.0, ""134"": 0.0, ""135"": 0.0, ""136"": 0.0, ""155"": 12.0, ""156"": 5.0, ""187"": 309.0, ""188"": 1.0, ""189"": 1.0, ""190"": 5.0, ""191"": 2.0, ""192"": 2.0, ""193"": 1.0, ""194"": 3.0, ""195"": 2.0, ""210"": 17.0}",2026-08-24T23:49:58-04:00
Tua Tagovailoa,4241479,QB,MIA,ACTIVE,0.0,326.8,323.27708005,280.2,84.8995253164557,93.13637974716778,159,159,"{""210"": 15.0}","{""0"": 560.0, ""1"": 388.0, ""2"": 172.0, ""3"": 4624.0, ""4"": 29.0, ""5"": 917.0, ""6"": 455.0, ""7"": 225.0, ""8"": 175.0, ""9"": 83.0, ""10"": 38.0, ""11"": 71.0, ""12"": 33.0, ""13"": 28.0, ""14"": 10.0, ""15"": 7.0, ""16"": 5.0, ""17"": 4.0, ""18"": 1.0, ""20"": 14.0, ""21"": 0.69285714, ""22"": 272.0, ""23"": 35.0, ""24"": 74.0, ""27"": 12.0, ""28"": 2.0, ""33"": 2.0, ""39"": 2.11428571, ""40"": 4.35294118, ""64"": 29.0, ""65"": 4.0, ""66"": 9.0, ""68"": 13.0, ""69"": 1.0, ""70"": 4.0, ""72"": 5.0, ""73"": 19.0, ""155"": 11.0, ""156"": 6.0, ""158"": 174.0, ""175"": 13.0, ""176"": 4.0, ""177"": 1.0, ""178"": 4.0, ""210"": 17.0, ""211"": 222.0, ""212"": 7.0}",2026-08-24T23:49:58-04:00
Justin Fields,4362887,QB,PIT,ACTIVE,0.0,261.1,288.30072082,328.7,150.05181962025316,93.07175752165709,389,389,"{""210"": 4.0}","{""0"": 370.0, ""1"": 227.0, ""2"": 143.0, ""3"": 2562.0, ""4"": 16.0, ""5"": 507.0, ""6"": 249.0, ""7"": 121.0, ""8"": 94.0, ""9"": 45.0, ""10"": 19.0, ""11"": 41.0, ""12"": 16.0, ""13"": 23.0, ""14"": 10.0, ""15"": 1.0, ""16"": 1.0, ""17"": 1.0, ""20"": 9.0, ""21"": 0.61351351, ""22"": 197.07692308, ""23"": 124.0, ""24"": 657.0, ""25"": 4.0, ""27"": 126.0, ""28"": 58.0, ""29"": 26.0, ""30"": 21.0, ""31"": 7.0, ""32"": 1.0, ""33"": 18.0, ""34"": 6.0, ""37"": 1.0, ""39"": 5.2983871, ""40"": 50.53846154, ""64"": 44.0, ""65"": 6.0, ""66"": 3.0, ""68"": 10.0, ""69"": 2.0, ""70"": 1.0, ""72"": 4.0, ""73"": 13.0, ""155"": 5.0, ""156"": 8.0, ""158"": 120.0, ""175"": 7.0, ""176"": 1.0, ""177"": 5.0, ""178"": 2.0, ""179"": 3.0, ""180"": 1.0, ""210"": 13.0, ""211"": 121.0, ""212"": 43.0}",2026-08-24T23:49:58-04:00
49ers D/ST,-16025,D/ST,SF,,0.0,130.0,100.82149037,152.0,94.08032490974729,92.88091770839326,182,182,"{""210"": 17.0}","{""89"": 0.0, ""90"": 1.0, ""91"": 5.0, ""92"": 3.0, ""94"": 1.0, ""95"": 22.0, ""96"": 6.0, ""98"": 1.0, ""99"": 48.0, ""100"": 96.0, ""103"": 1.0, ""105"": 1.0, ""106"": 10.0, ""107"": 366.0, ""108"": 710.0, ""109"": 1076.0, ""110"": 352.0, ""111"": 207.0, ""112"": 62.0, ""113"": 84.0, ""114"": 437.0, ""115"": 273.0, ""116"": 39.0, ""117"": 12.0, ""118"": 22.0, ""119"": 4.0, ""120"": 292.0, ""121"": 3.0, ""122"": 2.0, ""123"": 3.0, ""124"": 0.0, ""127"": 5167.0, ""128"": 0.0, ""129"": 2.0, ""130"": 6.0, ""131"": 4.0, ""132"": 2.0, ""133"": 2.0, ""134"": 1.0, ""135"": 0.0, ""136"": 0.0, ""155"": 12.0, ""156"": 5.0, ""187"": 292.0, ""188"": 0.0, ""189"": 1.0, ""190"": 5.0, ""191"": 3.0, ""192"": 3.0, ""193"": 2.0, ""194"": 3.0, ""195"": 0.0, ""210"": 17.0}",2026-08-24T23:49:58-04:00
Chris Godwin,3116165,WR,TB,ACTIVE,0.0,167.7,160.67056547,170.8,142.6236607142857,92.1204053359751,80,57,"{""210"": 15.11764706}","{""0"": 1.0, ""2"": 1.0, ""23"": 4.0, ""24"": 38.0, ""25"": 1.0, ""27"": 5.0, ""28"": 2.0, ""39"": 9.5, ""40"": 2.23529412, ""41"": 83.0, ""42"": 1024.0, ""43"": 2.0, ""44"": 1.0, ""45"": 1.0, ""47"": 198.0, ""48"": 95.0, ""49"": 41.0, ""50"": 36.0, ""51"": 15.0, ""52"": 2.0, ""53"": 83.0, ""54"": 12.0, ""55"": 1.0, ""56"": 2.0, ""58"": 130.0, ""59"": 385.0, ""60"": 12.3373494, ""61"": 60.23529412, ""107"": 1.0, ""108"": 1.0, ""109"": 2.0, ""155"": 9.0, ""156"": 8.0, ""158"": 20.0, ""180"": 1.0, ""183"": 1.0, ""210"": 17.0, ""212"": 3.0, ""213"": 53.0}",2026-08-24T23:49:58-04:00
David Njoku,3123076,TE,CLE,ACTIVE,0.0,160.7,107.82823133,113.0,143.6135914658238,91.58520176702429,109,109,"{""210"": 15.11764706}","{""41"": 81.0, ""42"": 882.0, ""43"": 6.0, ""47"": 168.0, ""48"": 80.0, ""49"": 36.0, ""50"": 27.0, ""51"": 10.0, ""52"": 2.0, ""53"": 81.0, ""54"": 10.0, ""55"": 1.0, ""56"": 2.0, ""58"": 123.0, ""59"": 599.0, ""60"": 10.88888889, ""61"": 55.125, ""67"": 2.0, ""68"": 2.0, ""71"": 2.0, ""72"": 2.0, ""73"": 2.0, ""108"": 2.0, ""109"": 2.0, ""155"": 11.0, ""156"": 5.0, ""158"": 36.0, ""183"": 2.0, ""184"": 1.0, ""185"": 1.0, ""186"": 2.0, ""210"": 16.0, ""213"": 35.0}",2026-08-24T23:49:58-04:00
Tee Higgins,4239993,WR,CIN,ACTIVE,0.0,116.6,197.29907728,183.9,133.17621493480837,90.6643059178076,47,53,"{""210"": 15.11764706}","{""41"": 42.0, ""42"": 656.0, ""43"": 5.0, ""45"": 1.0, ""46"": 1.0, ""47"": 127.0, ""48"": 61.0, ""49"": 28.0, ""50"": 19.0, ""51"": 8.0, ""52"": 2.0, ""53"": 42.0, ""54"": 4.0, ""56"": 2.0, ""58"": 76.0, ""59"": 235.0, ""60"": 15.61904762, ""61"": 54.66666667, ""155"": 7.0, ""156"": 5.0, ""158"": 30.0, ""183"": 2.0, ""184"": 1.0, ""185"": 1.0, ""210"": 12.0, ""213"": 33.0}",2026-08-24T23:49:58-04:00
Adam Thielen,16460,WR,CAR,ACTIVE,0.0,179.5,155.41306053,145.0,43.22767857142857,90.37531307841739,129,124,"{""210"": 15.11764706}","{""23"": 1.0, ""24"": 6.0, ""27"": 1.0, ""39"": 6.0, ""40"": 0.35294118, ""41"": 103.0, ""42"": 1014.0, ""43"": 4.0, ""44"": 1.0, ""47"": 195.0, ""48"": 94.0, ""49"": 42.0, ""50"": 32.0, ""51"": 12.0, ""52"": 3.0, ""53"": 103.0, ""54"": 15.0, ""55"": 3.0, ""56"": 3.0, ""58"": 137.0, ""59"": 345.0, ""60"": 9.84466019, ""61"": 59.64705882, ""67"": 2.0, ""68"": 2.0, ""155"": 2.0, ""156"": 15.0, ""158"": 26.0, ""183"": 3.0, ""184"": 1.0, ""210"": 17.0, ""213"": 56.0}",2026-08-24T23:49:58-04:00
Tyler Lockett,2577327,WR,SEA,ACTIVE,0.0,162.9,157.4849923,195.3,151.83928571428572,89.94285857169052,115,112,"{""210"": 15.11764706}","{""41"": 79.0, ""42"": 894.0, ""43"": 5.0, ""44"": 2.0, ""47"": 172.0, ""48"": 84.0, ""49"": 36.0, ""50"": 28.0, ""51"": 9.0, ""53"": 79.0, ""54"": 8.0, ""58"": 122.0, ""59"": 209.0, ""60"": 11.3164557, ""61"": 52.58823529, ""108"": 3.0, ""109"": 3.0, ""155"": 9.0, ""156"": 8.0, ""158"": 34.0, ""183"": 3.0, ""184"": 1.0, ""186"": 1.0, ""210"": 17.0, ""213"": 47.0}",2026-08-24T23:49:58-04:00
Browns D/ST,-16005,D/ST,CLE,,0.0,140.0,109.6623435,88.0,127.29557761732852,89.89179468237774,180,180,"{""210"": 17.0}","{""89"": 1.0, ""90"": 2.0, ""91"": 2.0, ""92"": 3.0, ""94"": 3.0, ""95"": 18.0, ""96"": 10.0, ""97"": 3.0, ""99"": 49.0, ""100"": 98.0, ""103"": 2.0, ""104"": 1.0, ""105"": 3.0, ""106"": 14.0, ""107"": 296.0, ""108"": 702.0, ""109"": 998.0, ""110"": 328.0, ""111"": 192.0, ""112"": 102.0, ""113"": 92.0, ""114"": 261.0, ""115"": 343.0, ""116"": 21.0, ""117"": 6.0, ""118"": 28.0, ""119"": 6.0, ""120"": 328.0, ""121"": 0.0, ""122"": 5.0, ""123"": 3.0, ""124"": 1.0, ""127"": 4593.0, ""128"": 2.0, ""129"": 1.0, ""130"": 8.0, ""131"": 2.0, ""132"": 3.0, ""133"": 0.0, ""134"": 1.0, ""135"": 0.0, ""136"": 0.0, ""155"": 11.0, ""156"": 6.0, ""187"": 328.0, ""188"": 1.0, ""189"": 2.0, ""190"": 2.0, ""191"": 3.0, ""192"": 0.0, ""193"": 5.0, ""194"": 3.0, ""195"": 1.0, ""210"": 17.0}",2026-08-24T23:49:58-04:00
Jake Ferguson,4242355,TE,DAL,ACTIVE,0.0,141.6,19.03382434,38.9,153.0513851653262,89.79922686596133,89,89,"{""210"": 15.11764706}","{""41"": 71.0, ""42"": 761.0, ""43"": 5.0, ""47"": 146.0, ""48"": 68.0, ""49"": 29.0, ""50"": 22.0, ""51"": 5.0, ""53"": 71.0, ""54"": 7.0, ""58"": 102.0, ""59"": 425.0, ""60"": 10.71830986, ""61"": 44.76470588, ""155"": 12.0, ""156"": 5.0, ""158"": 30.0, ""183"": 3.0, ""184"": 2.0, ""210"": 17.0, ""213"": 40.0}",2026-08-24T23:49:58-04:00
Amari Cooper,2976499,WR,CLE,ACTIVE,0.0,191.0,159.88015464,207.0,146.803125,89.7441377680326,81,81,"{""210"": 15.11764706}","{""41"": 72.0, ""42"": 1250.0, ""43"": 5.0, ""44"": 1.0, ""45"": 3.0, ""46"": 2.0, ""47"": 243.0, ""48"": 116.0, ""49"": 53.0, ""50"": 42.0, ""51"": 17.0, ""52"": 6.0, ""53"": 72.0, ""54"": 8.0, ""55"": 1.0, ""56"": 4.0, ""57"": 1.0, ""58"": 128.0, ""59"": 271.0, ""60"": 17.36111111, ""61"": 83.33333333, ""67"": 2.0, ""68"": 2.0, ""71"": 1.0, ""72"": 1.0, ""73"": 1.0, ""108"": 1.0, ""109"": 1.0, ""155"": 10.0, ""156"": 5.0, ""158"": 32.0, ""183"": 1.0, ""184"": 1.0, ""210"": 15.0, ""213"": 50.0}",2026-08-24T23:49:58-04:00
Najee Harris,4241457,RB,PIT,ACTIVE,0.0,181.0,235.79035131,202.8,146.79415250888977,89.72878843354557,82,92,"{""210"": 14.17647059}","{""23"": 255.0, ""24"": 1035.0, ""25"": 8.0, ""27"": 199.0, ""28"": 96.0, ""29"": 43.0, ""30"": 33.0, ""31"": 12.0, ""32"": 2.0, ""33"": 44.0, ""34"": 17.0, ""37"": 2.0, ""39"": 4.05882353, ""40"": 60.88235294, ""41"": 29.0, ""42"": 170.0, ""47"": 29.0, ""48"": 13.0, ""49"": 4.0, ""50"": 2.0, ""53"": 29.0, ""54"": 2.0, ""58"": 38.0, ""59"": 175.0, ""60"": 5.86206897, ""61"": 10.0, ""66"": 2.0, ""68"": 2.0, ""70"": 1.0, ""72"": 1.0, ""73"": 1.0, ""155"": 10.0, ""156"": 7.0, ""158"": 48.0, ""179"": 7.0, ""180"": 1.0, ""210"": 17.0, ""212"": 51.0, ""213"": 10.0}",2026-08-24T23:49:58-04:00
Terry McLaurin,3121422,WR,WSH,ACTIVE,0.0,163.7,183.35158751,190.5,128.61438166732518,89.70514254688207,95,85,"{""210"": 15.11764706}","{""41"": 79.0, ""42"": 1002.0, ""43"": 4.0, ""47"": 195.0, ""48"": 96.0, ""49"": 44.0, ""50"": 33.0, ""51"": 12.0, ""52"": 1.0, ""53"": 79.0, ""54"": 10.0, ""56"": 1.0, ""58"": 132.0, ""59"": 350.0, ""60"": 12.6835443, ""61"": 58.94117647, ""63"": 1.0, ""108"": 5.0, ""109"": 5.0, ""155"": 4.0, ""156"": 13.0, ""158"": 24.0, ""183"": 1.0, ""185"": 2.0, ""186"": 1.0, ""210"": 17.0, ""213"": 47.0}",2026-08-24T23:49:58-04:00
Trey McBride,4361307,TE,ARI,ACTIVE,54.81491065,141.0,26.93888785,47.0,165.1378901619913,88.49908046702393,68,65,"{""42"": 311.2965767, ""43"": 1.363985271, ""44"": 0.083759274, ""45"": 0.094012785, ""46"": 0.061437355, ""47"": 62.0, ""48"": 31.0, ""49"": 15.0, ""50"": 12.0, ""51"": 6.0, ""53"": 31.4827651, ""54"": 6.0, ""55"": 3.0, ""56"": 0.133795058, ""57"": 0.004137991, ""58"": 45.96226997, ""60"": 9.887841035, ""61"": 20.59160235, ""62"": 0.083759274, ""63"": 0.001601128, ""67"": 0.363892632, ""68"": 0.363892632, ""71"": 0.203779874, ""72"": 0.203779874, ""73"": 0.203779874, ""210"": 15.11764706, ""213"": 15.16834365}","{""41"": 81.0, ""42"": 825.0, ""43"": 3.0, ""47"": 158.0, ""48"": 76.0, ""49"": 35.0, ""50"": 25.0, ""51"": 8.0, ""52"": 2.0, ""53"": 81.0, ""54"": 10.0, ""55"": 2.0, ""56"": 2.0, ""58"": 106.0, ""59"": 439.0, ""60"": 10.18518519, ""61"": 48.52941176, ""67"": 1.0, ""68"": 1.0, ""107"": 1.0, ""108"": 2.0, ""109"": 3.0, ""155"": 4.0, ""156"": 13.0, ""158"": 18.0, ""183"": 2.0, ""184"": 1.0, ""210"": 17.0, ""213"": 42.0}",2026-08-24T23:49:58-04:00
Dallas Goedert,3121023,TE,PHI,ACTIVE,0.0,106.8,121.4642902,113.7,133.50572896088502,88.1724802474788,120,120,"{""210"": 15.11764706}","{""23"": 1.0, ""24"": 1.0, ""39"": 1.0, ""40"": 0.07142857, ""41"": 59.0, ""42"": 592.0, ""43"": 3.0, ""47"": 115.0, ""48"": 55.0, ""49"": 24.0, ""50"": 18.0, ""51"": 5.0, ""52"": 1.0, ""53"": 59.0, ""54"": 7.0, ""56"": 1.0, ""58"": 83.0, ""59"": 319.0, ""60"": 10.03389831, ""61"": 42.28571429, ""155"": 9.0, ""156"": 5.0, ""158"": 18.0, ""183"": 2.0, ""184"": 1.0, ""210"": 14.0, ""213"": 33.0}",2026-08-24T23:49:58-04:00
Brock Purdy,4361741,QB,SF,ACTIVE,0.0,356.6,0.0,131.7,139.80617088607596,87.63242217567979,109,109,"{""210"": 15.0}","{""0"": 444.0, ""1"": 308.0, ""2"": 136.0, ""3"": 4280.0, ""4"": 31.0, ""5"": 851.0, ""6"": 422.0, ""7"": 207.0, ""8"": 164.0, ""9"": 79.0, ""10"": 36.0, ""11"": 55.0, ""12"": 23.0, ""13"": 19.0, ""14"": 4.0, ""15"": 7.0, ""16"": 3.0, ""17"": 5.0, ""20"": 11.0, ""21"": 0.69369369, ""22"": 267.5, ""23"": 39.0, ""24"": 144.0, ""25"": 2.0, ""27"": 24.0, ""28"": 9.0, ""29"": 3.0, ""30"": 2.0, ""31"": 1.0, ""33"": 2.0, ""39"": 3.69230769, ""40"": 9.0, ""64"": 28.0, ""65"": 3.0, ""66"": 2.0, ""68"": 6.0, ""69"": 1.0, ""72"": 2.0, ""73"": 13.0, ""108"": 2.0, ""109"": 2.0, ""155"": 12.0, ""156"": 4.0, ""158"": 198.0, ""175"": 10.0, ""176"": 10.0, ""177"": 3.0, ""178"": 2.0, ""179"": 2.0, ""210"": 16.0, ""211"": 192.0, ""212"": 15.0}",2026-08-24T23:49:58-04:00
Jordan Addison,4429205,WR,MIN,ACTIVE,0.0,186.3,,,134.8158830501778,87.60788455481936,101,100,"{""210"": 15.11764706}","{""23"": 1.0, ""24"": 2.0, ""39"": 2.0, ""40"": 0.11764706, ""41"": 70.0, ""42"": 911.0, ""43"": 10.0, ""45"": 3.0, ""46"": 2.0, ""47"": 174.0, ""48"": 84.0, ""49"": 39.0, ""50"": 30.0, ""51"": 12.0, ""52"": 2.0, ""53"": 70.0, ""54"": 7.0, ""56"": 2.0, ""58"": 108.0, ""59"": 262.0, ""60"": 13.01428571, ""61"": 53.58823529, ""108"": 5.0, ""109"": 5.0, ""155"": 7.0, ""156"": 10.0, ""158"": 60.0, ""183"": 2.0, ""184"": 1.0, ""185"": 2.0, ""186"": 2.0, ""210"": 17.0, ""213"": 38.0}",2026-08-24T23:49:58-04:00
Harrison Butker,3055899,K,KC,ACTIVE,142.22176143,152.0,145.14630056,96.0,121.42953020134229,87.43865868627302,195,195,"{""74"": 3.918715832, ""75"": 5.841754032, ""76"": 1.923038199, ""77"": 7.502410967, ""78"": 9.321947923, ""79"": 1.819536956, ""80"": 15.23826176, ""81"": 15.90945779, ""82"": 0.67119603, ""83"": 26.65938856, ""84"": 31.07315974, ""85"": 4.413771185, ""86"": 51.31752431, ""87"": 54.31509234, ""88"": 2.99756803, ""198"": 3.918715832, ""199"": 5.841754032, ""200"": 1.923038199, ""210"": 17.0, ""214"": 1006.367001, ""215"": 205.8591067, ""216"": 1212.226108, ""221"": 211.610655, ""227"": 103.8440628, ""233"": 315.4547177}","{""74"": 5.0, ""75"": 5.0, ""77"": 7.0, ""78"": 7.0, ""80"": 21.0, ""81"": 23.0, ""82"": 2.0, ""83"": 33.0, ""84"": 35.0, ""85"": 2.0, ""86"": 38.0, ""87"": 38.0, ""155"": 11.0, ""156"": 6.0, ""158"": 137.0, ""198"": 4.0, ""199"": 4.0, ""201"": 1.0, ""202"": 1.0, ""210"": 17.0, ""214"": 1247.0, ""215"": 75.0, ""216"": 1322.0, ""217"": 242.0, ""218"": 118.0, ""219"": 55.0, ""220"": 43.0, ""221"": 17.0, ""222"": 5.0, ""223"": 14.0, ""224"": 6.0, ""225"": 2.0, ""226"": 2.0, ""229"": 257.0, ""230"": 125.0, ""231"": 58.0, ""232"": 45.0, ""233"": 18.0, ""234"": 6.0}",2026-08-24T23:49:58-04:00
Zay Flowers,4429615,WR,BAL,ACTIVE,0.0,167.9,,,82.1612011062821,86.22221957623132,53,49,"{""210"": 15.11764706}","{""23"": 8.0, ""24"": 56.0, ""25"": 1.0, ""27"": 10.0, ""28"": 3.0, ""29"": 1.0, ""30"": 1.0, ""39"": 7.0, ""40"": 3.5, ""41"": 77.0, ""42"": 858.0, ""43"": 5.0, ""44"": 1.0, ""45"": 1.0, ""46"": 1.0, ""47"": 166.0, ""48"": 79.0, ""49"": 35.0, ""50"": 27.0, ""51"": 11.0, ""52"": 1.0, ""53"": 77.0, ""54"": 9.0, ""56"": 1.0, ""58"": 108.0, ""59"": 391.0, ""60"": 11.14285714, ""61"": 53.625, ""108"": 1.0, ""109"": 1.0, ""155"": 13.0, ""156"": 3.0, ""158"": 38.0, ""182"": 1.0, ""183"": 2.0, ""184"": 1.0, ""185"": 1.0, ""210"": 16.0, ""212"": 1.0, ""213"": 41.0}",2026-08-24T23:49:58-04:00
Javonte Williams,4361579,RB,DEN,ACTIVE,0.0,155.7,213.96320458,34.0,146.05215329909126,85.47475057778794,117,117,"{""210"": 14.17647059}","{""23"": 217.0, ""24"": 774.0, ""25"": 3.0, ""26"": 1.0, ""27"": 149.0, ""28"": 71.0, ""29"": 33.0, ""30"": 24.0, ""31"": 7.0, ""33"": 38.0, ""34"": 16.0, ""39"": 3.56682028, ""40"": 48.375, ""41"": 47.0, ""42"": 228.0, ""43"": 2.0, ""44"": 1.0, ""47"": 42.0, ""48"": 18.0, ""49"": 6.0, ""50"": 3.0, ""53"": 47.0, ""54"": 1.0, ""58"": 58.0, ""59"": 301.0, ""60"": 4.85106383, ""61"": 14.25, ""67"": 1.0, ""68"": 1.0, ""71"": 1.0, ""72"": 1.0, ""73"": 1.0, ""155"": 8.0, ""156"": 8.0, ""158"": 34.0, ""179"": 3.0, ""183"": 2.0, ""210"": 16.0, ""212"": 41.0, ""213"": 10.0}",2026-08-24T23:49:58-04:00
Jets D/ST,-16020,D/ST,NYJ,,0.0,143.0,76.76860437,110.0,164.51895306859205,85.28395570060975,183,183,"{""210"": 17.0}","{""89"": 0.0, ""90"": 2.0, ""91"": 3.0, ""92"": 3.0, ""94"": 3.0, ""95"": 17.0, ""96"": 10.0, ""97"": 1.0, ""98"": 3.0, ""99"": 48.0, ""100"": 96.0, ""102"": 1.0, ""103"": 2.0, ""104"": 1.0, ""105"": 4.0, ""106"": 14.0, ""107"": 410.0, ""108"": 738.0, ""109"": 1148.0, ""110"": 377.0, ""111"": 222.0, ""112"": 94.0, ""113"": 90.0, ""114"": 542.0, ""115"": 319.0, ""116"": 49.0, ""117"": 15.0, ""118"": 25.0, ""119"": 6.0, ""120"": 341.0, ""121"": 1.0, ""122"": 2.0, ""123"": 6.0, ""124"": 0.0, ""127"": 4969.0, ""128"": 0.0, ""129"": 5.0, ""130"": 3.0, ""131"": 3.0, ""132"": 4.0, ""133"": 2.0, ""134"": 0.0, ""135"": 0.0, ""136"": 0.0, ""155"": 7.0, ""156"": 10.0, ""187"": 341.0, ""188"": 0.0, ""189"": 2.0, ""190"": 3.0, ""191"": 3.0, ""192"": 1.0, ""193"": 2.0, ""194"": 6.0, ""195"": 0.0, ""210"": 17.0}",2026-08-24T23:49:58-04:00
Bills D/ST,-16002,D/ST,BUF,,0.0,146.0,126.05208526,142.0,160.7414259927798,85.1509962470436,252,252,"{""210"": 17.0}","{""89"": 0.0, ""90"": 2.0, ""91"": 3.0, ""92"": 2.0, ""94"": 2.0, ""95"": 18.0, ""96"": 12.0, ""97"": 1.0, ""99"": 54.0, ""100"": 108.0, ""102"": 1.0, ""103"": 2.0, ""105"": 3.0, ""106"": 14.0, ""107"": 336.0, ""108"": 719.0, ""109"": 1055.0, ""110"": 345.0, ""111"": 205.0, ""112"": 77.0, ""113"": 79.0, ""114"": 349.0, ""115"": 360.0, ""116"": 29.0, ""117"": 8.0, ""118"": 28.0, ""119"": 8.0, ""120"": 311.0, ""121"": 3.0, ""122"": 5.0, ""123"": 1.0, ""124"": 1.0, ""127"": 5222.0, ""128"": 0.0, ""129"": 2.0, ""130"": 6.0, ""131"": 4.0, ""132"": 4.0, ""133"": 0.0, ""134"": 1.0, ""135"": 0.0, ""136"": 0.0, ""155"": 11.0, ""156"": 6.0, ""187"": 311.0, ""188"": 0.0, ""189"": 2.0, ""190"": 3.0, ""191"": 2.0, ""192"": 3.0, ""193"": 5.0, ""194"": 1.0, ""195"": 1.0, ""210"": 17.0}",2026-08-24T23:49:58-04:00
George Pickens,4426354,WR,PIT,ACTIVE,0.0,177.3,118.938362,140.5,144.13038324772816,84.33207734984906,79,79,"{""210"": 15.11764706}","{""23"": 3.0, ""24"": 18.0, ""27"": 3.0, ""28"": 1.0, ""39"": 6.0, ""40"": 1.05882353, ""41"": 63.0, ""42"": 1140.0, ""43"": 5.0, ""45"": 4.0, ""46"": 3.0, ""47"": 224.0, ""48"": 106.0, ""49"": 49.0, ""50"": 39.0, ""51"": 14.0, ""52"": 5.0, ""53"": 63.0, ""54"": 5.0, ""56"": 5.0, ""58"": 106.0, ""59"": 388.0, ""60"": 18.0952381, ""61"": 67.05882353, ""67"": 3.0, ""68"": 3.0, ""107"": 1.0, ""109"": 1.0, ""114"": 7.0, ""155"": 10.0, ""156"": 7.0, ""158"": 30.0, ""185"": 1.0, ""210"": 17.0, ""212"": 2.0, ""213"": 42.0}",2026-08-24T23:49:58-04:00
Cole Kmet,4258595,TE,CHI,QUESTIONABLE,0.0,144.6,115.92273937,122.3,163.49731903485255,84.18518282579977,158,156,"{""210"": 15.11764706}","{""23"": 3.0, ""24"": 2.0, ""39"": 0.66666667, ""40"": 0.11764706, ""41"": 73.0, ""42"": 719.0, ""43"": 6.0, ""47"": 138.0, ""48"": 65.0, ""49"": 31.0, ""50"": 20.0, ""51"": 6.0, ""52"": 1.0, ""53"": 73.0, ""54"": 10.0, ""55"": 1.0, ""56"": 1.0, ""58"": 90.0, ""59"": 290.0, ""60"": 9.84931507, ""61"": 42.29411765, ""67"": 1.0, ""68"": 1.0, ""107"": 1.0, ""108"": 2.0, ""109"": 3.0, ""155"": 7.0, ""156"": 10.0, ""158"": 36.0, ""183"": 4.0, ""184"": 1.0, ""185"": 1.0, ""210"": 17.0, ""212"": 2.0, ""213"": 36.0}",2026-08-24T23:49:58-04:00
Trevor Lawrence,4360310,QB,JAX,ACTIVE,0.0,303.3,306.63314855,344.3,128.37816455696202,83.97869076367047,151,151,"{""210"": 15.0}","{""0"": 564.0, ""1"": 370.0, ""2"": 194.0, ""3"": 4016.0, ""4"": 21.0, ""5"": 797.0, ""6"": 395.0, ""7"": 194.0, ""8"": 154.0, ""9"": 74.0, ""10"": 32.0, ""11"": 67.0, ""12"": 30.0, ""13"": 31.0, ""14"": 11.0, ""15"": 4.0, ""16"": 3.0, ""17"": 2.0, ""19"": 1.0, ""20"": 14.0, ""21"": 0.65602837, ""22"": 251.0, ""23"": 70.0, ""24"": 339.0, ""25"": 4.0, ""27"": 63.0, ""28"": 28.0, ""29"": 10.0, ""30"": 7.0, ""31"": 1.0, ""33"": 7.0, ""39"": 4.84285714, ""40"": 21.1875, ""64"": 35.0, ""65"": 11.0, ""66"": 3.0, ""68"": 12.0, ""69"": 6.0, ""70"": 2.0, ""72"": 7.0, ""73"": 21.0, ""108"": 1.0, ""109"": 1.0, ""155"": 8.0, ""156"": 8.0, ""158"": 150.0, ""175"": 5.0, ""176"": 7.0, ""177"": 4.0, ""178"": 1.0, ""179"": 4.0, ""210"": 16.0, ""211"": 179.0, ""212"": 23.0}",2026-08-24T23:49:58-04:00
Courtland Sutton,3128429,WR,DEN,QUESTIONABLE,0.0,160.7,177.64597772,127.4,148.3089687870407,83.6260554756137,96,96,"{""210"": 15.11764706}","{""41"": 59.0, ""42"": 772.0, ""43"": 10.0, ""45"": 2.0, ""47"": 149.0, ""48"": 71.0, ""49"": 32.0, ""50"": 25.0, ""51"": 9.0, ""53"": 59.0, ""54"": 5.0, ""58"": 90.0, ""59"": 156.0, ""60"": 13.08474576, ""61"": 48.25, ""67"": 3.0, ""68"": 3.0, ""71"": 3.0, ""72"": 3.0, ""73"": 3.0, ""155"": 7.0, ""156"": 9.0, ""158"": 60.0, ""183"": 3.0, ""184"": 5.0, ""210"": 16.0, ""213"": 37.0}",2026-08-24T23:49:58-04:00
Dalton Schultz,3117256,TE,HOU,ACTIVE,0.0,121.0,138.9679705,114.2,133.84591070723033,83.5531278372304,122,123,"{""210"": 15.11764706}","{""41"": 59.0, ""42"": 635.0, ""43"": 5.0, ""47"": 121.0, ""48"": 58.0, ""49"": 26.0, ""50"": 19.0, ""51"": 7.0, ""52"": 1.0, ""53"": 59.0, ""54"": 5.0, ""55"": 1.0, ""56"": 1.0, ""58"": 88.0, ""59"": 259.0, ""60"": 10.76271186, ""61"": 42.33333333, ""67"": 1.0, ""68"": 1.0, ""71"": 1.0, ""72"": 1.0, ""73"": 1.0, ""155"": 9.0, ""156"": 6.0, ""158"": 30.0, ""183"": 3.0, ""184"": 1.0, ""185"": 1.0, ""210"": 15.0, ""213"": 35.0}",2026-08-24T23:49:58-04:00
Brian Robinson Jr.,4241474,RB,WSH,ACTIVE,0.0,180.1,96.56174069,108.2,154.96523113393914,83.500686439457,83,82,"{""210"": 14.17647059}","{""23"": 178.0, ""24"": 733.0, ""25"": 5.0, ""26"": 1.0, ""27"": 140.0, ""28"": 67.0, ""29"": 29.0, ""30"": 22.0, ""31"": 8.0, ""33"": 29.0, ""34"": 9.0, ""39"": 4.11797753, ""40"": 48.86666667, ""41"": 36.0, ""42"": 368.0, ""43"": 4.0, ""45"": 1.0, ""46"": 1.0, ""47"": 69.0, ""48"": 32.0, ""49"": 13.0, ""50"": 10.0, ""51"": 3.0, ""52"": 1.0, ""53"": 36.0, ""54"": 2.0, ""56"": 1.0, ""58"": 43.0, ""59"": 409.0, ""60"": 10.22222222, ""61"": 24.53333333, ""66"": 3.0, ""67"": 1.0, ""68"": 4.0, ""70"": 2.0, ""72"": 2.0, ""73"": 2.0, ""108"": 1.0, ""109"": 1.0, ""155"": 4.0, ""156"": 11.0, ""158"": 56.0, ""179"": 3.0, ""180"": 2.0, ""183"": 2.0, ""185"": 1.0, ""210"": 15.0, ""212"": 47.0, ""213"": 15.0}",2026-08-24T23:49:58-04:00
Rashee Rice,4428331,WR,KC,ACTIVE,0.0,173.0,,,156.81509284867641,83.42682280658931,28,38,"{""210"": 15.11764706}","{""23"": 1.0, ""24"": -3.0, ""39"": -3.0, ""40"": -0.1875, ""41"": 79.0, ""42"": 938.0, ""43"": 7.0, ""47"": 181.0, ""48"": 87.0, ""49"": 39.0, ""50"": 30.0, ""51"": 12.0, ""52"": 2.0, ""53"": 79.0, ""54"": 8.0, ""56"": 2.0, ""58"": 102.0, ""59"": 654.0, ""60"": 11.87341772, ""61"": 58.625, ""67"": 2.0, ""68"": 2.0, ""71"": 1.0, ""72"": 1.0, ""73"": 1.0, ""108"": 3.0, ""109"": 3.0, ""155"": 10.0, ""156"": 6.0, ""158"": 42.0, ""183"": 5.0, ""184"": 1.0, ""186"": 1.0, ""210"": 16.0, ""213"": 44.0}",2026-08-24T23:49:58-04:00
Jakobi Meyers,3916433,WR,LV,ACTIVE,0.0,185.0,137.71268033,146.8,62.07664954563413,82.22418157614611,126,114,"{""210"": 15.11764706}","{""0"": 3.0, ""1"": 2.0, ""2"": 1.0, ""3"": 12.0, ""4"": 1.0, ""5"": 2.0, ""6"": 1.0, ""21"": 0.66666667, ""22"": 0.75, ""23"": 4.0, ""24"": 24.0, ""25"": 2.0, ""27"": 4.0, ""28"": 1.0, ""39"": 6.0, ""40"": 1.5, ""41"": 71.0, ""42"": 807.0, ""43"": 8.0, ""47"": 156.0, ""48"": 74.0, ""49"": 33.0, ""50"": 26.0, ""51"": 8.0, ""53"": 71.0, ""54"": 8.0, ""58"": 106.0, ""59"": 242.0, ""60"": 11.36619718, ""61"": 50.4375, ""108"": 1.0, ""109"": 1.0, ""155"": 8.0, ""156"": 8.0, ""158"": 66.0, ""175"": 1.0, ""179"": 1.0, ""180"": 1.0, ""183"": 4.0, ""184"": 2.0, ""185"": 1.0, ""186"": 1.0, ""210"": 16.0, ""211"": 1.0, ""212"": 3.0, ""213"": 46.0}",2026-08-24T23:49:58-04:00
Jordan Love,4036378,QB,GB,ACTIVE,0.0,381.5,24.68446999,13.3,166.31131329113924,81.65964452299646,104,104,"{""210"": 15.0}","{""0"": 579.0, ""1"": 372.0, ""2"": 207.0, ""3"": 4159.0, ""4"": 32.0, ""5"": 824.0, ""6"": 406.0, ""7"": 200.0, ""8"": 158.0, ""9"": 75.0, ""10"": 33.0, ""11"": 68.0, ""12"": 30.0, ""13"": 35.0, ""14"": 15.0, ""17"": 2.0, ""19"": 2.0, ""20"": 11.0, ""21"": 0.64248705, ""22"": 244.64705882, ""23"": 50.0, ""24"": 247.0, ""25"": 4.0, ""27"": 44.0, ""28"": 20.0, ""29"": 6.0, ""30"": 4.0, ""33"": 1.0, ""39"": 4.94, ""40"": 14.52941176, ""64"": 30.0, ""65"": 5.0, ""66"": 4.0, ""68"": 9.0, ""69"": 1.0, ""70"": 2.0, ""72"": 3.0, ""73"": 14.0, ""155"": 9.0, ""156"": 8.0, ""158"": 216.0, ""175"": 15.0, ""176"": 9.0, ""177"": 4.0, ""178"": 4.0, ""179"": 4.0, ""210"": 17.0, ""211"": 209.0, ""212"": 16.0}",2026-08-24T23:49:58-04:00
Jaylen Warren,4569987,RB,PIT,ACTIVE,0.0,165.9,30.61439299,79.3,154.90359541683128,81.35070724654592,91,74,"{""210"": 14.17647059}","{""23"": 149.0, ""24"": 784.0, ""25"": 4.0, ""27"": 149.0, ""28"": 70.0, ""29"": 32.0, ""30"": 24.0, ""31"": 7.0, ""32"": 2.0, ""33"": 22.0, ""34"": 5.0, ""35"": 1.0, ""36"": 1.0, ""37"": 2.0, ""39"": 5.26174497, ""40"": 46.11764706, ""41"": 61.0, ""42"": 370.0, ""47"": 68.0, ""48"": 29.0, ""49"": 11.0, ""50"": 8.0, ""51"": 1.0, ""53"": 61.0, ""54"": 5.0, ""58"": 74.0, ""59"": 486.0, ""60"": 6.06557377, ""61"": 21.76470588, ""66"": 3.0, ""67"": 1.0, ""68"": 4.0, ""70"": 1.0, ""71"": 1.0, ""72"": 2.0, ""73"": 2.0, ""155"": 10.0, ""156"": 7.0, ""158"": 24.0, ""180"": 3.0, ""210"": 17.0, ""212"": 36.0, ""213"": 19.0}",2026-08-24T23:49:58-04:00
Dalton Kincaid,4385690,TE,BUF,ACTIVE,0.0,113.8,,,141.467381590706,80.91159033565167,118,88,"{""210"": 15.11764706}","{""41"": 73.0, ""42"": 673.0, ""43"": 2.0, ""47"": 129.0, ""48"": 60.0, ""49"": 28.0, ""50"": 21.0, ""51"": 6.0, ""53"": 73.0, ""54"": 10.0, ""55"": 1.0, ""58"": 91.0, ""59"": 311.0, ""60"": 9.21917808, ""61"": 42.0625, ""67"": 1.0, ""68"": 1.0, ""71"": 1.0, ""72"": 1.0, ""73"": 1.0, ""108"": 2.0, ""109"": 2.0, ""155"": 10.0, ""156"": 6.0, ""158"": 12.0, ""185"": 2.0, ""210"": 16.0, ""213"": 30.0}",2026-08-24T23:49:58-04:00
Diontae Johnson,3932905,WR,CAR,ACTIVE,0.0,127.2,174.63534664,137.7,154.7838798893718,80.42809013313742,57,80,"{""210"": 15.11764706}","{""41"": 51.0, ""42"": 717.0, ""43"": 5.0, ""45"": 1.0, ""46"": 1.0, ""47"": 139.0, ""48"": 65.0, ""49"": 28.0, ""50"": 23.0, ""51"": 8.0, ""53"": 51.0, ""54"": 3.0, ""58"": 87.0, ""59"": 261.0, ""60"": 14.05882353, ""61"": 51.21428571, ""67"": 1.0, ""68"": 1.0, ""108"": 1.0, ""109"": 1.0, ""155"": 8.0, ""156"": 6.0, ""158"": 30.0, ""183"": 3.0, ""185"": 1.0, ""210"": 14.0, ""213"": 37.0}",2026-08-24T23:49:58-04:00
Ezekiel Elliott,3051392,RB,NE,ACTIVE,115.81379727,149.0,193.75872246,177.3,165.94866071428572,80.37344786178953,307,307,"{""23"": 143.0143709, ""24"": 546.7348577, ""25"": 4.837662178, ""26"": 0.208174348, ""27"": 109.0, ""28"": 54.0, ""29"": 27.0, ""30"": 21.0, ""31"": 10.0, ""33"": 28.0, ""34"": 14.0, ""35"": 0.282740897, ""36"": 0.197918628, ""37"": 0.77363492, ""38"": 0.026401192, ""39"": 3.822936493, ""40"": 38.56635926, ""42"": 160.8318651, ""43"": 0.762124372, ""44"": 0.041943256, ""45"": 0.033735014, ""46"": 0.022045832, ""47"": 32.0, ""48"": 16.0, ""49"": 8.0, ""50"": 6.0, ""51"": 3.0, ""53"": 24.21811992, ""54"": 4.0, ""55"": 2.0, ""56"": 0.061674025, ""57"": 0.001907444, ""58"": 33.8207884, ""60"": 6.640972365, ""61"": 11.34498634, ""62"": 0.250117605, ""63"": 0.005336258, ""66"": 1.037153824, ""67"": 0.17563211, ""68"": 1.212785933, ""70"": 0.477090759, ""71"": 0.098353981, ""72"": 0.57544474, ""73"": 0.57544474, ""210"": 14.17647059, ""212"": 32.82773238, ""213"": 9.117154532}","{""23"": 184.0, ""24"": 642.0, ""25"": 3.0, ""27"": 121.0, ""28"": 56.0, ""29"": 23.0, ""30"": 19.0, ""31"": 5.0, ""33"": 30.0, ""34"": 10.0, ""39"": 3.48913043, ""40"": 37.76470588, ""41"": 51.0, ""42"": 313.0, ""43"": 2.0, ""47"": 58.0, ""48"": 25.0, ""49"": 9.0, ""50"": 6.0, ""51"": 1.0, ""53"": 51.0, ""54"": 5.0, ""58"": 65.0, ""59"": 374.0, ""60"": 6.1372549, ""61"": 18.41176471, ""66"": 1.0, ""67"": 1.0, ""68"": 2.0, ""71"": 1.0, ""72"": 1.0, ""73"": 1.0, ""108"": 1.0, ""109"": 1.0, ""155"": 4.0, ""156"": 13.0, ""158"": 30.0, ""179"": 3.0, ""184"": 2.0, ""210"": 17.0, ""212"": 33.0, ""213"": 12.0}",2026-08-24T23:49:58-04:00
Jerome Ford,4372019,RB,CLE,ACTIVE,0.0,189.2,10.1498002,1.2,140.72896088502569,79.76224070984865,169,172,"{""210"": 14.17647059}","{""23"": 204.0, ""24"": 813.0, ""25"": 4.0, ""26"": 1.0, ""27"": 156.0, ""28"": 73.0, ""29"": 33.0, ""30"": 25.0, ""31"": 9.0, ""32"": 2.0, ""33"": 34.0, ""34"": 12.0, ""35"": 1.0, ""36"": 1.0, ""37"": 2.0, ""39"": 3.98529412, ""40"": 47.82352941, ""41"": 44.0, ""42"": 319.0, ""43"": 5.0, ""45"": 1.0, ""46"": 1.0, ""47"": 58.0, ""48"": 26.0, ""49"": 9.0, ""50"": 8.0, ""51"": 1.0, ""53"": 44.0, ""54"": 3.0, ""58"": 63.0, ""59"": 304.0, ""60"": 7.25, ""61"": 18.76470588, ""66"": 1.0, ""68"": 1.0, ""70"": 1.0, ""72"": 1.0, ""73"": 1.0, ""155"": 11.0, ""156"": 6.0, ""158"": 56.0, ""179"": 3.0, ""183"": 2.0, ""184"": 1.0, ""185"": 1.0, ""210"": 17.0, ""212"": 33.0, ""213"": 16.0}",2026-08-24T23:49:58-04:00
Kyle Pitts,4360248,TE,ATL,ACTIVE,0.0,110.8,159.96338159,61.6,150.30428954423593,78.12561954539582,88,118,"{""210"": 15.11764706}","{""23"": 1.0, ""24"": -4.0, ""39"": -4.0, ""40"": -0.23529412, ""41"": 53.0, ""42"": 667.0, ""43"": 3.0, ""47"": 128.0, ""48"": 59.0, ""49"": 26.0, ""50"": 18.0, ""51"": 4.0, ""53"": 53.0, ""54"": 2.0, ""58"": 90.0, ""59"": 134.0, ""60"": 12.58490566, ""61"": 39.23529412, ""108"": 2.0, ""109"": 2.0, ""155"": 7.0, ""156"": 10.0, ""158"": 18.0, ""183"": 1.0, ""185"": 1.0, ""186"": 1.0, ""210"": 17.0, ""213"": 35.0}",2026-08-24T23:49:58-04:00
Devin Singletary,4040761,RB,NYG,ACTIVE,0.0,154.3,173.39460003,158.9,159.2248123271434,77.36479004384158,136,135,"{""210"": 14.17647059}","{""0"": 1.0, ""1"": 1.0, ""3"": 6.0, ""4"": 1.0, ""5"": 1.0, ""21"": 1.0, ""22"": 0.35294118, ""23"": 216.0, ""24"": 898.0, ""25"": 4.0, ""27"": 175.0, ""28"": 84.0, ""29"": 38.0, ""30"": 29.0, ""31"": 11.0, ""32"": 3.0, ""33"": 36.0, ""34"": 14.0, ""37"": 3.0, ""39"": 4.15740741, ""40"": 52.82352941, ""41"": 30.0, ""42"": 193.0, ""47"": 32.0, ""48"": 14.0, ""49"": 4.0, ""50"": 3.0, ""51"": 1.0, ""53"": 30.0, ""54"": 1.0, ""58"": 38.0, ""59"": 217.0, ""60"": 6.43333333, ""61"": 11.35294118, ""66"": 1.0, ""68"": 1.0, ""107"": 1.0, ""108"": 1.0, ""109"": 2.0, ""114"": 90.0, ""116"": 7.0, ""117"": 2.0, ""155"": 10.0, ""156"": 7.0, ""158"": 30.0, ""175"": 1.0, ""179"": 3.0, ""180"": 1.0, ""210"": 17.0, ""211"": 1.0, ""212"": 40.0, ""213"": 8.0}",2026-08-24T23:49:58-04:00
Christian Watson,4248528,WR,GB,ACTIVE,0.0,87.3,91.12522518,143.6,154.3401817463453,77.36155042802515,84,97,"{""210"": 15.11764706}","{""23"": 4.0, ""24"": 11.0, ""27"": 3.0, ""28"": 1.0, ""39"": 2.75, ""40"": 1.1, ""41"": 28.0, ""42"": 422.0, ""43"": 5.0, ""47"": 81.0, ""48"": 39.0, ""49"": 17.0, ""50"": 12.0, ""51"": 3.0, ""53"": 28.0, ""54"": 2.0, ""58"": 53.0, ""59"": 105.0, ""60"": 15.07142857, ""61"": 42.2, ""108"": 1.0, ""109"": 1.0, ""155"": 4.0, ""156"": 6.0, ""158"": 30.0, ""183"": 2.0, ""184"": 3.0, ""210"": 10.0, ""212"": 1.0, ""213"": 20.0}",2026-08-24T23:49:58-04:00
Rhamondre Stevenson,4569173,RB,NE,QUESTIONABLE,0.0,126.7,162.32860872,214.6,92.59383642828921,77.25656894000959,72,69,"{""210"": 14.17647059}","{""23"": 156.0, ""24"": 619.0, ""25"": 4.0, ""27"": 118.0, ""28"": 55.0, ""29"": 24.0, ""30"": 19.0, ""31"": 5.0, ""33"": 26.0, ""34"": 10.0, ""35"": 1.0, ""36"": 1.0, ""39"": 3.96794872, ""40"": 51.58333333, ""41"": 38.0, ""42"": 238.0, ""47"": 43.0, ""48"": 21.0, ""49"": 8.0, ""50"": 5.0, ""51"": 2.0, ""53"": 38.0, ""54"": 4.0, ""58"": 51.0, ""59"": 261.0, ""60"": 6.26315789, ""61"": 19.83333333, ""66"": 1.0, ""68"": 1.0, ""70"": 1.0, ""72"": 1.0, ""73"": 1.0, ""155"": 2.0, ""156"": 10.0, ""158"": 24.0, ""179"": 3.0, ""210"": 12.0, ""212"": 36.0, ""213"": 8.0}",2026-08-24T23:49:58-04:00
Kyler Murray,3917315,QB,ARI,ACTIVE,0.0,165.8,364.86728699,227.6,160.82753164556962,76.43535502287737,77,77,"{""210"": 15.0}","{""0"": 268.0, ""1"": 176.0, ""2"": 92.0, ""3"": 1799.0, ""4"": 10.0, ""5"": 357.0, ""6"": 177.0, ""7"": 86.0, ""8"": 68.0, ""9"": 32.0, ""10"": 15.0, ""11"": 32.0, ""12"": 14.0, ""13"": 15.0, ""14"": 6.0, ""15"": 1.0, ""19"": 1.0, ""20"": 5.0, ""21"": 0.65671642, ""22"": 224.875, ""23"": 44.0, ""24"": 244.0, ""25"": 3.0, ""27"": 45.0, ""28"": 22.0, ""29"": 9.0, ""30"": 6.0, ""31"": 1.0, ""33"": 7.0, ""39"": 5.54545455, ""40"": 30.5, ""64"": 18.0, ""65"": 2.0, ""66"": 5.0, ""68"": 7.0, ""73"": 5.0, ""108"": 1.0, ""109"": 1.0, ""155"": 3.0, ""156"": 5.0, ""158"": 78.0, ""175"": 7.0, ""176"": 1.0, ""178"": 1.0, ""179"": 3.0, ""210"": 8.0, ""211"": 88.0, ""212"": 15.0}",2026-08-24T23:49:58-04:00
Drake London,4426502,WR,ATL,ACTIVE,0.0,139.8,155.9291049,142.6,157.77676807585934,76.07530194541734,40,39,"{""210"": 15.11764706}","{""0"": 1.0, ""1"": 1.0, ""3"": 22.0, ""5"": 4.0, ""6"": 2.0, ""7"": 1.0, ""21"": 1.0, ""22"": 1.375, ""41"": 69.0, ""42"": 905.0, ""43"": 2.0, ""44"": 1.0, ""47"": 175.0, ""48"": 83.0, ""49"": 37.0, ""50"": 30.0, ""51"": 11.0, ""52"": 2.0, ""53"": 69.0, ""54"": 8.0, ""55"": 1.0, ""56"": 2.0, ""58"": 110.0, ""59"": 188.0, ""60"": 13.11594203, ""61"": 56.5625, ""108"": 3.0, ""109"": 3.0, ""155"": 7.0, ""156"": 9.0, ""158"": 14.0, ""183"": 1.0, ""184"": 1.0, ""210"": 16.0, ""211"": 1.0, ""213"": 45.0}",2026-08-24T23:49:58-04:00
Chuba Hubbard,4241416,RB,CAR,ACTIVE,0.0,163.0,60.36646369,80.7,168.21414460687475,75.94735193923611,138,136,"{""210"": 14.17647059}","{""23"": 238.0, ""24"": 902.0, ""25"": 5.0, ""27"": 174.0, ""28"": 82.0, ""29"": 39.0, ""30"": 28.0, ""31"": 9.0, ""32"": 1.0, ""33"": 40.0, ""34"": 16.0, ""37"": 1.0, ""39"": 3.78991597, ""40"": 53.05882353, ""41"": 39.0, ""42"": 233.0, ""47"": 39.0, ""48"": 14.0, ""49"": 5.0, ""50"": 4.0, ""53"": 39.0, ""54"": 2.0, ""58"": 44.0, ""59"": 269.0, ""60"": 5.97435897, ""61"": 13.70588235, ""67"": 1.0, ""68"": 1.0, ""155"": 2.0, ""156"": 15.0, ""158"": 30.0, ""179"": 5.0, ""210"": 17.0, ""212"": 59.0, ""213"": 9.0}",2026-08-24T23:49:58-04:00
T.J. Hockenson,4036133,TE,MIN,QUESTIONABLE,0.0,171.5,133.89986425,172.4,32.29267202859696,75.77232800408653,121,121,"{""210"": 11.85294118}","{""41"": 95.0, ""42"": 960.0, ""43"": 5.0, ""47"": 186.0, ""48"": 89.0, ""49"": 40.0, ""50"": 33.0, ""51"": 14.0, ""52"": 1.0, ""53"": 95.0, ""54"": 14.0, ""55"": 2.0, ""56"": 1.0, ""58"": 127.0, ""59"": 336.0, ""60"": 10.10526316, ""61"": 64.0, ""67"": 1.0, ""68"": 1.0, ""71"": 1.0, ""72"": 1.0, ""73"": 1.0, ""108"": 1.0, ""109"": 1.0, ""155"": 7.0, ""156"": 8.0, ""158"": 30.0, ""183"": 3.0, ""184"": 1.0, ""185"": 1.0, ""210"": 15.0, ""213"": 48.0}",2026-08-24T23:49:58-04:00
Evan McPherson,4360234,K,CIN,ACTIVE,0.0,135.0,148.46581703,126.0,118.50972608177848,74.24322791423556,205,205,"{""210"": 17.0}","{""74"": 7.0, ""75"": 12.0, ""76"": 5.0, ""77"": 8.0, ""78"": 8.0, ""80"": 11.0, ""81"": 11.0, ""83"": 26.0, ""84"": 31.0, ""85"": 5.0, ""86"": 40.0, ""87"": 40.0, ""155"": 9.0, ""156"": 8.0, ""158"": 118.0, ""198"": 7.0, ""199"": 12.0, ""200"": 5.0, ""210"": 17.0, ""214"": 1052.0, ""215"": 267.0, ""216"": 1319.0, ""217"": 205.0, ""218"": 99.0, ""219"": 47.0, ""220"": 35.0, ""221"": 13.0, ""222"": 3.0, ""223"": 52.0, ""224"": 25.0, ""225"": 10.0, ""226"": 10.0, ""227"": 5.0, ""229"": 258.0, ""230"": 125.0, ""231"": 60.0, ""232"": 45.0, ""233"": 18.0, ""234"": 5.0}",2026-08-24T23:49:58-04:00
Darren Waller,2576925,TE,NYG,ACTIVE,0.0,87.2,153.449526,70.8,138.2520107238606,73.81954701897332,123,122,"{""210"": 14.17647059}","{""41"": 52.0, ""42"": 552.0, ""43"": 1.0, ""47"": 107.0, ""48"": 51.0, ""49"": 23.0, ""50"": 16.0, ""51"": 4.0, ""53"": 52.0, ""54"": 6.0, ""58"": 74.0, ""59"": 211.0, ""60"": 10.61538462, ""61"": 46.0, ""108"": 1.0, ""109"": 1.0, ""155"": 3.0, ""156"": 9.0, ""158"": 6.0, ""184"": 1.0, ""210"": 12.0, ""213"": 26.0}",2026-08-24T23:49:58-04:00
Jake Moody,4372066,K,SF,ACTIVE,0.0,127.0,,,161.43946010321557,73.68938140149673,200,200,"{""210"": 17.0}","{""74"": 2.0, ""75"": 3.0, ""76"": 1.0, ""77"": 4.0, ""78"": 6.0, ""79"": 2.0, ""80"": 15.0, ""81"": 16.0, ""82"": 1.0, ""83"": 21.0, ""84"": 25.0, ""85"": 4.0, ""86"": 60.0, ""87"": 61.0, ""88"": 1.0, ""155"": 12.0, ""156"": 5.0, ""158"": 123.0, ""198"": 2.0, ""199"": 3.0, ""200"": 1.0, ""210"": 17.0, ""214"": 743.0, ""215"": 173.0, ""216"": 916.0, ""217"": 146.0, ""218"": 70.0, ""219"": 32.0, ""220"": 24.0, ""221"": 9.0, ""222"": 2.0, ""223"": 34.0, ""224"": 16.0, ""225"": 7.0, ""226"": 5.0, ""227"": 1.0, ""229"": 180.0, ""230"": 87.0, ""231"": 40.0, ""232"": 29.0, ""233"": 11.0, ""234"": 3.0}",2026-08-24T23:49:58-04:00
Jared Goff,3046779,QB,DET,ACTIVE,0.0,347.7,284.56985488,340.9,159.77648636566832,73.50700403128603,235,235,"{""210"": 15.0}","{""0"": 605.0, ""1"": 407.0, ""2"": 198.0, ""3"": 4575.0, ""4"": 30.0, ""5"": 908.0, ""6"": 452.0, ""7"": 220.0, ""8"": 175.0, ""9"": 84.0, ""10"": 38.0, ""11"": 74.0, ""12"": 34.0, ""13"": 34.0, ""14"": 13.0, ""15"": 3.0, ""16"": 1.0, ""17"": 5.0, ""19"": 2.0, ""20"": 12.0, ""21"": 0.67272727, ""22"": 269.11764706, ""23"": 32.0, ""24"": 21.0, ""25"": 2.0, ""27"": 3.0, ""28"": 1.0, ""33"": 2.0, ""39"": 0.65625, ""40"": 1.23529412, ""64"": 30.0, ""65"": 4.0, ""66"": 2.0, ""68"": 6.0, ""69"": 2.0, ""70"": 2.0, ""72"": 4.0, ""73"": 16.0, ""108"": 1.0, ""109"": 1.0, ""155"": 12.0, ""156"": 5.0, ""158"": 192.0, ""175"": 11.0, ""176"": 7.0, ""177"": 6.0, ""178"": 3.0, ""179"": 2.0, ""210"": 17.0, ""211"": 227.0, ""212"": 5.0}",2026-08-24T23:49:58-04:00
Ravens D/ST,-16033,D/ST,BAL,,0.0,167.0,104.87887364,123.0,79.90884476534296,73.3122898120373,188,188,"{""210"": 17.0}","{""89"": 0.0, ""90"": 3.0, ""91"": 3.0, ""92"": 4.0, ""94"": 1.0, ""95"": 18.0, ""96"": 13.0, ""98"": 1.0, ""99"": 60.0, ""100"": 120.0, ""102"": 1.0, ""103"": 1.0, ""105"": 2.0, ""106"": 16.0, ""107"": 379.0, ""108"": 729.0, ""109"": 1108.0, ""110"": 364.0, ""111"": 214.0, ""112"": 64.0, ""113"": 91.0, ""114"": 319.0, ""115"": 417.0, ""116"": 30.0, ""117"": 8.0, ""118"": 36.0, ""119"": 11.0, ""120"": 268.0, ""121"": 2.0, ""122"": 4.0, ""123"": 1.0, ""124"": 0.0, ""127"": 5123.0, ""128"": 0.0, ""129"": 2.0, ""130"": 7.0, ""131"": 4.0, ""132"": 2.0, ""133"": 2.0, ""134"": 0.0, ""135"": 0.0, ""136"": 0.0, ""155"": 13.0, ""156"": 4.0, ""187"": 268.0, ""188"": 0.0, ""189"": 3.0, ""190"": 3.0, ""191"": 4.0, ""192"": 2.0, ""193"": 4.0, ""194"": 1.0, ""195"": 0.0, ""210"": 17.0}",2026-08-24T23:49:58-04:00
Gabe Davis,4243537,WR,JAX,ACTIVE,0.0,138.9,175.97539831,147.6,158.5713156854998,73.25017131106696,213,213,"{""210"": 15.11764706}","{""23"": 1.0, ""24"": -2.0, ""39"": -2.0, ""40"": -0.11764706, ""41"": 45.0, ""42"": 746.0, ""43"": 7.0, ""44"": 1.0, ""45"": 1.0, ""46"": 1.0, ""47"": 147.0, ""48"": 71.0, ""49"": 33.0, ""50"": 25.0, ""51"": 10.0, ""52"": 3.0, ""53"": 45.0, ""54"": 4.0, ""56"": 3.0, ""58"": 81.0, ""59"": 180.0, ""60"": 16.57777778, ""61"": 43.88235294, ""67"": 1.0, ""68"": 1.0, ""71"": 1.0, ""72"": 1.0, ""73"": 1.0, ""108"": 4.0, ""109"": 4.0, ""155"": 11.0, ""156"": 6.0, ""158"": 44.0, ""183"": 3.0, ""184"": 2.0, ""186"": 1.0, ""210"": 17.0, ""213"": 34.0}",2026-08-24T23:49:58-04:00
Gus Edwards,3051926,RB,LAC,ACTIVE,0.0,181.0,78.10051638,59.3,157.94732142857143,72.68861285813284,135,137,"{""210"": 14.17647059}","{""23"": 198.0, ""24"": 810.0, ""25"": 13.0, ""26"": 1.0, ""27"": 155.0, ""28"": 74.0, ""29"": 34.0, ""30"": 24.0, ""31"": 8.0, ""33"": 34.0, ""34"": 12.0, ""39"": 4.09090909, ""40"": 47.64705882, ""41"": 12.0, ""42"": 180.0, ""47"": 32.0, ""48"": 15.0, ""49"": 5.0, ""50"": 4.0, ""51"": 1.0, ""53"": 12.0, ""58"": 13.0, ""59"": 145.0, ""60"": 15.0, ""61"": 10.58823529, ""66"": 2.0, ""67"": 1.0, ""68"": 3.0, ""70"": 2.0, ""72"": 2.0, ""73"": 2.0, ""108"": 1.0, ""109"": 1.0, ""155"": 13.0, ""156"": 4.0, ""158"": 80.0, ""179"": 13.0, ""210"": 17.0, ""212"": 49.0, ""213"": 5.0}",2026-08-24T23:49:58-04:00
Marquise Brown,4241372,WR,KC,QUESTIONABLE,0.0,109.2,174.06804066,122.5,93.47135519557487,72.54947487365236,85,96,"{""210"": 15.11764706}","{""23"": 2.0, ""24"": 23.0, ""27"": 5.0, ""28"": 2.0, ""29"": 1.0, ""30"": 1.0, ""39"": 11.5, ""40"": 1.64285714, ""41"": 51.0, ""42"": 574.0, ""43"": 4.0, ""47"": 108.0, ""48"": 51.0, ""49"": 23.0, ""50"": 17.0, ""51"": 5.0, ""53"": 51.0, ""54"": 5.0, ""58"": 101.0, ""59"": 164.0, ""60"": 11.25490196, ""61"": 41.0, ""108"": 2.0, ""109"": 2.0, ""155"": 3.0, ""156"": 11.0, ""158"": 24.0, ""183"": 3.0, ""185"": 1.0, ""210"": 14.0, ""212"": 1.0, ""213"": 32.0}",2026-08-24T23:49:58-04:00
Brandin Cooks,16731,WR,DAL,ACTIVE,0.0,146.2,172.73737875,117.1,161.43303571428572,72.12005462873772,168,168,"{""210"": 15.11764706}","{""23"": 5.0, ""24"": 35.0, ""27"": 4.0, ""28"": 1.0, ""39"": 7.0, ""40"": 2.1875, ""41"": 54.0, ""42"": 657.0, ""43"": 8.0, ""44"": 1.0, ""47"": 125.0, ""48"": 58.0, ""49"": 25.0, ""50"": 17.0, ""51"": 5.0, ""52"": 1.0, ""53"": 54.0, ""54"": 3.0, ""56"": 1.0, ""58"": 81.0, ""59"": 125.0, ""60"": 12.16666667, ""61"": 41.0625, ""67"": 1.0, ""68"": 1.0, ""155"": 11.0, ""156"": 5.0, ""158"": 50.0, ""183"": 5.0, ""184"": 1.0, ""185"": 1.0, ""186"": 1.0, ""210"": 16.0, ""212"": 2.0, ""213"": 38.0}",2026-08-24T23:49:58-04:00
Dolphins D/ST,-16015,D/ST,MIA,,0.0,129.0,95.78214606,81.0,154.3086642599278,71.42272390938145,191,191,"{""210"": 17.0}","{""89"": 1.0, ""90"": 0.0, ""91"": 3.0, ""92"": 5.0, ""94"": 4.0, ""95"": 15.0, ""96"": 12.0, ""99"": 56.0, ""100"": 112.0, ""103"": 4.0, ""105"": 4.0, ""106"": 13.0, ""107"": 377.0, ""108"": 711.0, ""109"": 1088.0, ""110"": 359.0, ""111"": 210.0, ""112"": 57.0, ""113"": 81.0, ""114"": 441.0, ""115"": 265.0, ""116"": 41.0, ""117"": 14.0, ""118"": 22.0, ""119"": 7.0, ""120"": 367.0, ""121"": 3.0, ""122"": 0.0, ""123"": 3.0, ""124"": 0.0, ""125"": 2.0, ""127"": 5411.0, ""128"": 0.0, ""129"": 2.0, ""130"": 7.0, ""131"": 1.0, ""132"": 2.0, ""133"": 3.0, ""134"": 2.0, ""135"": 0.0, ""136"": 0.0, ""155"": 11.0, ""156"": 6.0, ""187"": 367.0, ""188"": 1.0, ""189"": 0.0, ""190"": 3.0, ""191"": 5.0, ""192"": 3.0, ""193"": 0.0, ""194"": 3.0, ""195"": 0.0, ""196"": 2.0, ""210"": 17.0}",2026-08-24T23:49:58-04:00
Steelers D/ST,-16023,D/ST,PIT,,0.0,130.0,94.79027985,94.0,153.64214801444044,70.33575740694766,189,189,"{""210"": 17.0}","{""89"": 0.0, ""90"": 0.0, ""91"": 5.0, ""92"": 2.0, ""94"": 2.0, ""95"": 16.0, ""96"": 11.0, ""97"": 3.0, ""98"": 1.0, ""99"": 47.0, ""100"": 94.0, ""103"": 1.0, ""104"": 1.0, ""105"": 2.0, ""106"": 19.0, ""107"": 355.0, ""108"": 731.0, ""109"": 1086.0, ""110"": 357.0, ""111"": 209.0, ""112"": 74.0, ""113"": 80.0, ""114"": 565.0, ""115"": 257.0, ""116"": 51.0, ""117"": 16.0, ""118"": 21.0, ""119"": 5.0, ""120"": 324.0, ""121"": 4.0, ""122"": 3.0, ""123"": 3.0, ""124"": 0.0, ""127"": 5816.0, ""128"": 0.0, ""129"": 0.0, ""130"": 4.0, ""131"": 3.0, ""132"": 8.0, ""133"": 1.0, ""134"": 1.0, ""135"": 0.0, ""136"": 0.0, ""155"": 10.0, ""156"": 7.0, ""187"": 324.0, ""188"": 0.0, ""189"": 0.0, ""190"": 5.0, ""191"": 2.0, ""192"": 4.0, ""193"": 3.0, ""194"": 3.0, ""195"": 0.0, ""210"": 17.0}",2026-08-24T23:49:58-04:00
Alexander Mattison,4048244,RB,LV,ACTIVE,0.0,118.2,98.42910872,80.9,139.01659423152904,70.14250316428942,211,212,"{""210"": 14.17647059}","{""23"": 180.0, ""24"": 700.0, ""27"": 133.0, ""28"": 63.0, ""29"": 28.0, ""30"": 21.0, ""31"": 5.0, ""33"": 30.0, ""34"": 10.0, ""39"": 3.88888889, ""40"": 43.75, ""41"": 30.0, ""42"": 192.0, ""43"": 3.0, ""47"": 34.0, ""48"": 15.0, ""49"": 5.0, ""50"": 3.0, ""53"": 30.0, ""54"": 1.0, ""58"": 44.0, ""59"": 181.0, ""60"": 6.4, ""61"": 12.0, ""66"": 2.0, ""68"": 3.0, ""70"": 2.0, ""72"": 2.0, ""73"": 2.0, ""108"": 1.0, ""109"": 1.0, ""155"": 7.0, ""156"": 9.0, ""158"": 18.0, ""183"": 3.0, ""210"": 16.0, ""212"": 28.0, ""213"": 5.0}",2026-08-24T23:49:58-04:00
Zack Moss,4035676,RB,CIN,ACTIVE,0.0,156.1,30.38803712,59.0,143.6685104701699,69.61672552694435,102,103,"{""210"": 14.17647059}","{""23"": 183.0, ""24"": 794.0, ""25"": 5.0, ""27"": 155.0, ""28"": 74.0, ""29"": 34.0, ""30"": 26.0, ""31"": 11.0, ""32"": 2.0, ""33"": 30.0, ""34"": 11.0, ""35"": 1.0, ""36"": 1.0, ""37"": 2.0, ""39"": 4.33879781, ""40"": 56.71428571, ""41"": 27.0, ""42"": 192.0, ""43"": 2.0, ""44"": 1.0, ""47"": 35.0, ""48"": 14.0, ""49"": 5.0, ""50"": 3.0, ""53"": 27.0, ""54"": 1.0, ""58"": 37.0, ""59"": 189.0, ""60"": 7.11111111, ""61"": 13.71428571, ""155"": 8.0, ""156"": 6.0, ""158"": 44.0, ""179"": 3.0, ""180"": 1.0, ""184"": 2.0, ""210"": 14.0, ""212"": 43.0, ""213"": 10.0}",2026-08-24T23:49:58-04:00
Geno Smith,15864,QB,SEA,ACTIVE,0.0,265.4,173.46238823,362.8,166.3661153330353,69.20161370684167,237,237,"{""210"": 15.0}","{""0"": 499.0, ""1"": 323.0, ""2"": 176.0, ""3"": 3624.0, ""4"": 20.0, ""5"": 718.0, ""6"": 355.0, ""7"": 173.0, ""8"": 139.0, ""9"": 65.0, ""10"": 29.0, ""11"": 58.0, ""12"": 26.0, ""13"": 29.0, ""14"": 11.0, ""15"": 2.0, ""16"": 2.0, ""17"": 4.0, ""19"": 2.0, ""20"": 9.0, ""21"": 0.64729459, ""22"": 241.6, ""23"": 37.0, ""24"": 155.0, ""25"": 1.0, ""27"": 29.0, ""28"": 13.0, ""29"": 5.0, ""30"": 2.0, ""33"": 1.0, ""39"": 4.18918919, ""40"": 10.33333333, ""41"": 1.0, ""42"": -2.0, ""53"": 1.0, ""58"": 1.0, ""59"": 6.0, ""60"": -2.0, ""61"": -0.13333333, ""64"": 31.0, ""65"": 5.0, ""66"": 1.0, ""68"": 5.0, ""69"": 2.0, ""70"": 1.0, ""72"": 3.0, ""73"": 12.0, ""155"": 8.0, ""156"": 7.0, ""158"": 126.0, ""175"": 10.0, ""176"": 6.0, ""177"": 1.0, ""178"": 1.0, ""179"": 1.0, ""210"": 15.0, ""211"": 169.0, ""212"": 10.0}",2026-08-24T23:49:58-04:00
Jerry Jeudy,4241463,WR,CLE,ACTIVE,0.0,114.8,176.56356157,170.7,157.90003951007506,67.08725939799713,114,126,"{""210"": 15.11764706}","{""41"": 54.0, ""42"": 758.0, ""43"": 2.0, ""47"": 145.0, ""48"": 70.0, ""49"": 29.0, ""50"": 25.0, ""51"": 10.0, ""53"": 54.0, ""54"": 4.0, ""58"": 87.0, ""59"": 323.0, ""60"": 14.03703704, ""61"": 47.375, ""67"": 1.0, ""108"": 1.0, ""109"": 1.0, ""155"": 8.0, ""156"": 8.0, ""158"": 12.0, ""184"": 1.0, ""185"": 1.0, ""210"": 16.0, ""213"": 28.0}",2026-08-24T23:49:58-04:00
Christian Kirk,3895856,WR,JAX,QUESTIONABLE,0.0,121.8,159.36800101,199.9,140.3180561043066,66.57746385797881,100,94,"{""210"": 15.11764706}","{""0"": 2.0, ""1"": 1.0, ""2"": 1.0, ""3"": -1.0, ""21"": 0.5, ""22"": -0.08333333, ""23"": 1.0, ""24"": 6.0, ""27"": 1.0, ""39"": 6.0, ""40"": 0.5, ""41"": 57.0, ""42"": 787.0, ""43"": 3.0, ""45"": 1.0, ""47"": 151.0, ""48"": 72.0, ""49"": 34.0, ""50"": 26.0, ""51"": 9.0, ""52"": 2.0, ""53"": 57.0, ""54"": 6.0, ""55"": 1.0, ""56"": 2.0, ""58"": 85.0, ""59"": 247.0, ""60"": 13.80701754, ""61"": 65.58333333, ""67"": 2.0, ""68"": 2.0, ""71"": 2.0, ""72"": 2.0, ""73"": 2.0, ""108"": 1.0, ""109"": 1.0, ""115"": 27.0, ""118"": 2.0, ""155"": 8.0, ""156"": 4.0, ""158"": 18.0, ""185"": 2.0, ""210"": 12.0, ""213"": 34.0}",2026-08-24T23:49:58-04:00
Chiefs D/ST,-16012,D/ST,KC,,0.0,129.0,66.69206037,106.0,148.02707581227438,66.4706028387475,186,186,"{""210"": 17.0}","{""89"": 0.0, ""90"": 0.0, ""91"": 5.0, ""92"": 6.0, ""94"": 2.0, ""95"": 8.0, ""96"": 9.0, ""97"": 1.0, ""99"": 57.0, ""100"": 114.0, ""104"": 2.0, ""105"": 2.0, ""106"": 15.0, ""107"": 309.0, ""108"": 715.0, ""109"": 1024.0, ""110"": 336.0, ""111"": 198.0, ""112"": 60.0, ""113"": 72.0, ""114"": 241.0, ""115"": 380.0, ""116"": 21.0, ""117"": 5.0, ""118"": 32.0, ""119"": 8.0, ""120"": 274.0, ""121"": 4.0, ""122"": 2.0, ""123"": 0.0, ""124"": 0.0, ""127"": 4926.0, ""128"": 0.0, ""129"": 1.0, ""130"": 8.0, ""131"": 3.0, ""132"": 5.0, ""133"": 0.0, ""134"": 0.0, ""135"": 0.0, ""136"": 0.0, ""155"": 11.0, ""156"": 6.0, ""187"": 274.0, ""188"": 0.0, ""189"": 0.0, ""190"": 5.0, ""191"": 6.0, ""192"": 4.0, ""193"": 2.0, ""194"": 0.0, ""195"": 0.0, ""210"": 17.0}",2026-08-24T23:49:58-04:00
Jayden Reed,4362249,WR,GB,ACTIVE,0.0,185.2,,,168.92058474911101,65.30959004911028,99,101,"{""210"": 15.11764706}","{""23"": 11.0, ""24"": 119.0, ""25"": 2.0, ""27"": 23.0, ""28"": 10.0, ""29"": 4.0, ""30"": 2.0, ""39"": 10.81818182, ""40"": 7.4375, ""41"": 64.0, ""42"": 793.0, ""43"": 8.0, ""44"": 1.0, ""47"": 151.0, ""48"": 71.0, ""49"": 32.0, ""50"": 24.0, ""51"": 8.0, ""52"": 1.0, ""53"": 64.0, ""54"": 4.0, ""56"": 1.0, ""58"": 94.0, ""59"": 335.0, ""60"": 12.390625, ""61"": 49.5625, ""68"": 2.0, ""108"": 1.0, ""109"": 1.0, ""115"": 94.0, ""118"": 7.0, ""119"": 2.0, ""155"": 8.0, ""156"": 8.0, ""158"": 62.0, ""180"": 1.0, ""182"": 1.0, ""183"": 2.0, ""184"": 3.0, ""185"": 1.0, ""186"": 2.0, ""210"": 16.0, ""212"": 6.0, ""213"": 32.0}",2026-08-24T23:49:58-04:00
Baker Mayfield,3052587,QB,TB,ACTIVE,0.0,328.7,267.10918178,141.1,166.07554760840412,64.37880767830825,260,260,"{""210"": 15.0}","{""0"": 566.0, ""1"": 364.0, ""2"": 202.0, ""3"": 4044.0, ""4"": 28.0, ""5"": 802.0, ""6"": 395.0, ""7"": 194.0, ""8"": 153.0, ""9"": 71.0, ""10"": 32.0, ""11"": 67.0, ""12"": 29.0, ""13"": 35.0, ""14"": 12.0, ""15"": 5.0, ""16"": 2.0, ""17"": 3.0, ""19"": 2.0, ""20"": 10.0, ""21"": 0.64310954, ""22"": 237.88235294, ""23"": 62.0, ""24"": 163.0, ""25"": 1.0, ""27"": 28.0, ""28"": 11.0, ""29"": 2.0, ""30"": 2.0, ""33"": 5.0, ""39"": 2.62903226, ""40"": 9.58823529, ""64"": 40.0, ""65"": 7.0, ""66"": 2.0, ""68"": 8.0, ""69"": 3.0, ""72"": 3.0, ""73"": 13.0, ""155"": 9.0, ""156"": 8.0, ""158"": 174.0, ""175"": 11.0, ""176"": 3.0, ""177"": 7.0, ""178"": 2.0, ""179"": 1.0, ""210"": 17.0, ""211"": 188.0, ""212"": 16.0}",2026-08-24T23:49:58-04:00
Jaxon Smith-Njigba,4430878,WR,SEA,ACTIVE,0.0,118.3,,,167.4701698933228,63.8015727911536,112,111,"{""210"": 15.11764706}","{""41"": 63.0, ""42"": 628.0, ""43"": 4.0, ""47"": 119.0, ""48"": 57.0, ""49"": 25.0, ""50"": 17.0, ""51"": 5.0, ""53"": 63.0, ""54"": 4.0, ""58"": 93.0, ""59"": 366.0, ""60"": 9.96825397, ""61"": 36.94117647, ""108"": 2.0, ""109"": 2.0, ""155"": 9.0, ""156"": 8.0, ""158"": 24.0, ""183"": 1.0, ""184"": 1.0, ""185"": 2.0, ""210"": 17.0, ""213"": 29.0}",2026-08-24T23:49:58-04:00
Eagles D/ST,-16021,D/ST,PHI,,0.0,75.0,119.06244476,142.0,133.49774368231047,62.85103587333977,426,426,"{""210"": 17.0}","{""89"": 0.0, ""90"": 0.0, ""91"": 2.0, ""92"": 2.0, ""94"": 3.0, ""95"": 9.0, ""96"": 8.0, ""97"": 1.0, ""98"": 1.0, ""99"": 43.0, ""100"": 86.0, ""103"": 2.0, ""104"": 1.0, ""105"": 3.0, ""106"": 16.0, ""107"": 367.0, ""108"": 722.0, ""109"": 1089.0, ""110"": 360.0, ""111"": 213.0, ""112"": 63.0, ""113"": 74.0, ""114"": 254.0, ""115"": 417.0, ""116"": 22.0, ""117"": 6.0, ""118"": 35.0, ""119"": 12.0, ""120"": 416.0, ""121"": 4.0, ""122"": 2.0, ""123"": 5.0, ""124"": 2.0, ""127"": 6054.0, ""128"": 0.0, ""129"": 1.0, ""130"": 5.0, ""131"": 1.0, ""132"": 4.0, ""133"": 3.0, ""134"": 2.0, ""135"": 1.0, ""136"": 0.0, ""155"": 11.0, ""156"": 6.0, ""187"": 416.0, ""188"": 0.0, ""189"": 0.0, ""190"": 2.0, ""191"": 2.0, ""192"": 4.0, ""193"": 2.0, ""194"": 5.0, ""195"": 2.0, ""210"": 17.0}",2026-08-24T23:49:58-04:00
Tyler Bass,3917232,K,BUF,ACTIVE,138.81069203,128.0,131.58173884,139.0,160.1969035331481,62.720659437985674,412,412,"{""74"": 4.144001818, ""75"": 6.164302416, ""76"": 2.020300598, ""77"": 7.930880332, ""78"": 9.836652792, ""79"": 1.90577246, ""80"": 16.10391588, ""81"": 16.78788743, ""82"": 0.683971554, ""83"": 28.17879803, ""84"": 32.78884264, ""85"": 4.610044612, ""86"": 42.66545858, ""87"": 45.08860912, ""88"": 2.423150539, ""198"": 4.144001818, ""199"": 6.164302416, ""200"": 2.020300598, ""210"": 17.0, ""214"": 1063.783189, ""215"": 215.3751396, ""216"": 1279.158329, ""221"": 223.7760982, ""227"": 109.0962323, ""233"": 332.8723305}","{""74"": 4.0, ""75"": 6.0, ""76"": 2.0, ""77"": 4.0, ""78"": 6.0, ""79"": 2.0, ""80"": 16.0, ""81"": 17.0, ""82"": 1.0, ""83"": 24.0, ""84"": 29.0, ""85"": 5.0, ""86"": 49.0, ""87"": 50.0, ""88"": 1.0, ""108"": 1.0, ""109"": 1.0, ""155"": 11.0, ""156"": 6.0, ""158"": 121.0, ""198"": 4.0, ""199"": 6.0, ""200"": 2.0, ""210"": 17.0, ""214"": 898.0, ""215"": 229.0, ""216"": 1127.0, ""217"": 173.0, ""218"": 83.0, ""219"": 39.0, ""220"": 29.0, ""221"": 11.0, ""222"": 3.0, ""223"": 45.0, ""224"": 22.0, ""225"": 11.0, ""226"": 8.0, ""227"": 3.0, ""228"": 1.0, ""229"": 219.0, ""230"": 106.0, ""231"": 50.0, ""232"": 38.0, ""233"": 16.0, ""234"": 5.0}",2026-08-24T23:49:58-04:00
Ty Chandler,4242431,RB,MIN,ACTIVE,0.0,90.5,2.48342074,2.0,170.27933623073883,62.555509052016426,137,141,"{""210"": 14.17647059}","{""23"": 102.0, ""24"": 461.0, ""25"": 3.0, ""27"": 89.0, ""28"": 41.0, ""29"": 18.0, ""30"": 13.0, ""31"": 4.0, ""32"": 1.0, ""33"": 16.0, ""34"": 7.0, ""37"": 1.0, ""39"": 4.51960784, ""40"": 27.11764706, ""41"": 21.0, ""42"": 159.0, ""47"": 27.0, ""48"": 11.0, ""49"": 4.0, ""50"": 2.0, ""53"": 21.0, ""58"": 25.0, ""59"": 201.0, ""60"": 7.57142857, ""61"": 9.35294118, ""107"": 2.0, ""108"": 1.0, ""109"": 3.0, ""114"": 97.0, ""116"": 8.0, ""117"": 3.0, ""155"": 7.0, ""156"": 10.0, ""158"": 18.0, ""179"": 3.0, ""210"": 17.0, ""212"": 20.0, ""213"": 8.0}",2026-08-24T23:49:58-04:00
Dameon Pierce,4360238,RB,HOU,ACTIVE,0.0,76.2,167.56394583,151.4,153.67167127617543,59.97628125290233,226,226,"{""210"": 14.17647059}","{""23"": 145.0, ""24"": 416.0, ""25"": 2.0, ""27"": 78.0, ""28"": 36.0, ""29"": 15.0, ""30"": 11.0, ""31"": 2.0, ""33"": 24.0, ""34"": 10.0, ""39"": 2.86896552, ""40"": 29.71428571, ""41"": 13.0, ""42"": 101.0, ""47"": 17.0, ""48"": 6.0, ""49"": 2.0, ""50"": 2.0, ""53"": 13.0, ""58"": 17.0, ""59"": 95.0, ""60"": 7.76923077, ""61"": 7.21428571, ""101"": 1.0, ""105"": 1.0, ""114"": 225.0, ""116"": 22.0, ""117"": 7.0, ""155"": 7.0, ""156"": 7.0, ""158"": 18.0, ""179"": 2.0, ""210"": 14.0, ""212"": 14.0, ""213"": 3.0}",2026-08-24T23:49:58-04:00
Isaiah Likely,4361050,TE,BAL,ACTIVE,48.47316756,86.1,66.64956881,73.3,169.76675603217157,59.03582753155702,443,445,"{""42"": 238.091695, ""43"": 2.228779171, ""44"": 0.128264586, ""45"": 0.098940793, ""46"": 0.064657808, ""47"": 47.0, ""48"": 23.0, ""49"": 11.0, ""50"": 9.0, ""51"": 4.0, ""53"": 22.65617827, ""54"": 4.0, ""55"": 2.0, ""56"": 0.090612419, ""57"": 0.002802446, ""58"": 34.73913034, ""60"": 10.50890809, ""61"": 15.74925609, ""62"": 0.128264586, ""63"": 0.001152231, ""67"": 0.261870783, ""68"": 0.261870783, ""71"": 0.146647639, ""72"": 0.146647639, ""73"": 0.146647639, ""210"": 15.11764706, ""213"": 11.49139764}","{""41"": 30.0, ""42"": 411.0, ""43"": 5.0, ""45"": 1.0, ""46"": 1.0, ""47"": 79.0, ""48"": 38.0, ""49"": 17.0, ""50"": 11.0, ""51"": 3.0, ""53"": 30.0, ""54"": 2.0, ""58"": 40.0, ""59"": 216.0, ""60"": 13.7, ""61"": 24.17647059, ""108"": 2.0, ""109"": 2.0, ""155"": 13.0, ""156"": 4.0, ""158"": 30.0, ""183"": 1.0, ""184"": 1.0, ""185"": 1.0, ""186"": 1.0, ""210"": 17.0, ""213"": 15.0}",2026-08-24T23:49:58-04:00
Matthew Stafford,12483,QB,LAR,ACTIVE,0.0,289.5,348.63339439,127.5,167.98793026374608,58.8760141608086,161,161,"{""210"": 15.0}","{""0"": 521.0, ""1"": 326.0, ""2"": 195.0, ""3"": 3965.0, ""4"": 24.0, ""5"": 785.0, ""6"": 388.0, ""7"": 190.0, ""8"": 152.0, ""9"": 72.0, ""10"": 33.0, ""11"": 58.0, ""12"": 26.0, ""13"": 33.0, ""14"": 12.0, ""15"": 2.0, ""16"": 2.0, ""17"": 5.0, ""19"": 1.0, ""20"": 11.0, ""21"": 0.62571977, ""22"": 264.33333333, ""23"": 21.0, ""24"": 65.0, ""27"": 10.0, ""28"": 3.0, ""39"": 3.0952381, ""40"": 4.33333333, ""44"": 1.0, ""64"": 30.0, ""73"": 11.0, ""155"": 9.0, ""156"": 6.0, ""158"": 146.0, ""175"": 15.0, ""176"": 2.0, ""177"": 4.0, ""178"": 1.0, ""210"": 15.0, ""211"": 187.0, ""212"": 4.0}",2026-08-24T23:49:58-04:00
Justin Herbert,4038941,QB,LAC,QUESTIONABLE,0.0,272.7,395.51999962,328.9,55.944224683544306,58.8607632702307,107,107,"{""210"": 15.0}","{""0"": 456.0, ""1"": 297.0, ""2"": 159.0, ""3"": 3134.0, ""4"": 20.0, ""5"": 622.0, ""6"": 306.0, ""7"": 150.0, ""8"": 119.0, ""9"": 57.0, ""10"": 26.0, ""11"": 54.0, ""12"": 24.0, ""13"": 27.0, ""14"": 10.0, ""15"": 1.0, ""16"": 1.0, ""17"": 2.0, ""18"": 1.0, ""19"": 1.0, ""20"": 7.0, ""21"": 0.65131579, ""22"": 241.07692308, ""23"": 52.0, ""24"": 228.0, ""25"": 3.0, ""27"": 44.0, ""28"": 19.0, ""29"": 7.0, ""30"": 4.0, ""31"": 1.0, ""33"": 5.0, ""34"": 1.0, ""39"": 4.38461538, ""40"": 17.53846154, ""41"": 1.0, ""42"": 10.0, ""47"": 2.0, ""48"": 1.0, ""53"": 1.0, ""58"": 1.0, ""59"": 17.0, ""60"": 10.0, ""61"": 0.76923077, ""64"": 29.0, ""65"": 3.0, ""66"": 1.0, ""68"": 4.0, ""69"": 1.0, ""72"": 1.0, ""73"": 8.0, ""155"": 5.0, ""156"": 8.0, ""158"": 138.0, ""175"": 11.0, ""176"": 4.0, ""177"": 1.0, ""178"": 3.0, ""179"": 2.0, ""180"": 1.0, ""210"": 13.0, ""211"": 150.0, ""212"": 16.0, ""213"": 1.0}",2026-08-24T23:49:58-04:00
Pat Freiermuth,4361411,TE,PIT,ACTIVE,118.99712035,60.8,112.35496241,116.7,165.3970762544449,58.661063155005685,155,155,"{""42"": 643.5473442, ""43"": 4.157996961, ""44"": 0.22574874, ""45"": 0.131173677, ""46"": 0.085721998, ""47"": 128.0, ""48"": 64.0, ""49"": 32.0, ""50"": 25.0, ""51"": 12.0, ""53"": 59.57222162, ""54"": 11.0, ""55"": 5.0, ""56"": 0.764615796, ""57"": 0.023647911, ""58"": 87.63324965, ""60"": 10.80280921, ""61"": 42.56927958, ""62"": 0.22574874, ""63"": 0.002134016, ""67"": 0.485003686, ""68"": 0.485003686, ""71"": 0.271602064, ""72"": 0.271602064, ""73"": 0.271602064, ""210"": 15.11764706, ""213"": 31.87554507}","{""41"": 32.0, ""42"": 308.0, ""43"": 2.0, ""44"": 1.0, ""47"": 57.0, ""48"": 26.0, ""49"": 12.0, ""50"": 7.0, ""51"": 2.0, ""52"": 1.0, ""53"": 32.0, ""54"": 1.0, ""56"": 1.0, ""58"": 47.0, ""59"": 145.0, ""60"": 9.625, ""61"": 25.66666667, ""106"": 1.0, ""107"": 1.0, ""108"": 2.0, ""109"": 3.0, ""155"": 6.0, ""156"": 6.0, ""158"": 14.0, ""183"": 1.0, ""184"": 1.0, ""210"": 12.0, ""213"": 17.0}",2026-08-24T23:49:58-04:00
AJ Dillon,4239934,RB,GB,ACTIVE,0.0,106.6,152.59493189,153.6,165.45239035954168,57.97704565507043,212,211,"{""210"": 14.17647059}","{""23"": 178.0, ""24"": 613.0, ""25"": 2.0, ""27"": 117.0, ""28"": 56.0, ""29"": 23.0, ""30"": 18.0, ""31"": 6.0, ""33"": 30.0, ""34"": 10.0, ""39"": 3.44382022, ""40"": 40.86666667, ""41"": 22.0, ""42"": 223.0, ""47"": 40.0, ""48"": 18.0, ""49"": 6.0, ""50"": 5.0, ""53"": 22.0, ""54"": 1.0, ""58"": 28.0, ""59"": 231.0, ""60"": 10.13636364, ""61"": 14.86666667, ""155"": 8.0, ""156"": 7.0, ""158"": 12.0, ""179"": 2.0, ""210"": 15.0, ""212"": 32.0, ""213"": 10.0}",2026-08-24T23:49:58-04:00
Russell Wilson,14881,QB,PIT,ACTIVE,0.0,307.3,361.48648183,255.7,156.0952168082253,57.93642079988353,301,301,"{""210"": 13.0}","{""0"": 447.0, ""1"": 297.0, ""2"": 150.0, ""3"": 3070.0, ""4"": 26.0, ""5"": 606.0, ""6"": 299.0, ""7"": 145.0, ""8"": 114.0, ""9"": 53.0, ""10"": 23.0, ""11"": 54.0, ""12"": 24.0, ""13"": 23.0, ""14"": 7.0, ""15"": 4.0, ""16"": 2.0, ""17"": 2.0, ""19"": 2.0, ""20"": 8.0, ""21"": 0.66442953, ""22"": 204.66666667, ""23"": 80.0, ""24"": 341.0, ""25"": 3.0, ""27"": 64.0, ""28"": 30.0, ""29"": 12.0, ""30"": 8.0, ""31"": 1.0, ""33"": 10.0, ""34"": 2.0, ""39"": 4.2625, ""40"": 22.73333333, ""64"": 45.0, ""65"": 7.0, ""66"": 3.0, ""68"": 10.0, ""69"": 4.0, ""70"": 1.0, ""72"": 5.0, ""73"": 13.0, ""108"": 1.0, ""109"": 1.0, ""155"": 7.0, ""156"": 8.0, ""158"": 174.0, ""175"": 11.0, ""176"": 9.0, ""177"": 2.0, ""179"": 3.0, ""210"": 15.0, ""211"": 135.0, ""212"": 38.0}",2026-08-24T23:49:58-04:00
Odell Beckham Jr.,16733,WR,FA,ACTIVE,125.16535559,90.0,0.0,0.0,155.86473214285715,57.92092588513357,271,271,"{""23"": 2.349784128, ""24"": 15.60748266, ""25"": 0.143353291, ""26"": 0.005461272, ""27"": 3.0, ""28"": 1.0, ""35"": 0.00431481, ""36"": 0.003020367, ""37"": 0.000517777, ""38"": 1.76698e-05, ""39"": 6.642092127, ""40"": 1.179232023, ""42"": 699.7545858, ""43"": 4.462769059, ""44"": 0.256701453, ""45"": 0.195570376, ""46"": 0.12780524, ""47"": 139.0, ""48"": 69.0, ""49"": 34.0, ""50"": 27.0, ""51"": 13.0, ""53"": 53.09267584, ""54"": 10.0, ""55"": 5.0, ""56"": 0.971339999, ""57"": 0.030041443, ""58"": 86.82742416, ""60"": 13.17987038, ""61"": 52.87034648, ""62"": 0.262162724, ""63"": 0.004268281, ""66"": 0.041113625, ""67"": 0.928950171, ""68"": 0.970063796, ""70"": 0.018912268, ""71"": 0.520212096, ""72"": 0.539124363, ""73"": 0.539124363, ""210"": 13.23529412, ""212"": 2.848608417, ""213"": 32.07324426}","{""41"": 35.0, ""42"": 565.0, ""43"": 3.0, ""45"": 2.0, ""47"": 106.0, ""48"": 50.0, ""49"": 20.0, ""50"": 16.0, ""51"": 4.0, ""52"": 1.0, ""53"": 35.0, ""54"": 2.0, ""56"": 1.0, ""58"": 64.0, ""59"": 155.0, ""60"": 16.14285714, ""61"": 40.35714286, ""67"": 1.0, ""68"": 1.0, ""71"": 1.0, ""72"": 1.0, ""73"": 1.0, ""107"": 1.0, ""109"": 1.0, ""155"": 12.0, ""156"": 2.0, ""158"": 18.0, ""183"": 1.0, ""210"": 14.0, ""213"": 27.0}",2026-08-24T23:49:58-04:00
Khalil Herbert,4035886,RB,CHI,ACTIVE,0.0,102.5,98.52445576,113.3,149.92256025286449,57.821361424364845,175,175,"{""210"": 14.17647059}","{""23"": 132.0, ""24"": 611.0, ""25"": 2.0, ""26"": 1.0, ""27"": 117.0, ""28"": 55.0, ""29"": 25.0, ""30"": 20.0, ""31"": 7.0, ""32"": 3.0, ""33"": 22.0, ""34"": 7.0, ""37"": 3.0, ""39"": 4.62878788, ""40"": 50.91666667, ""41"": 20.0, ""42"": 134.0, ""43"": 1.0, ""47"": 21.0, ""48"": 8.0, ""49"": 2.0, ""50"": 1.0, ""53"": 20.0, ""58"": 31.0, ""59"": 138.0, ""60"": 6.7, ""61"": 11.16666667, ""67"": 1.0, ""68"": 1.0, ""71"": 1.0, ""72"": 1.0, ""73"": 1.0, ""155"": 5.0, ""156"": 7.0, ""158"": 20.0, ""179"": 1.0, ""180"": 1.0, ""183"": 1.0, ""210"": 12.0, ""212"": 25.0, ""213"": 9.0}",2026-08-24T23:49:58-04:00
Saints D/ST,-16018,D/ST,NO,,0.0,130.0,112.21334204,95.0,75.99232851985559,57.76321581701824,190,190,"{""210"": 17.0}","{""89"": 1.0, ""90"": 2.0, ""91"": 1.0, ""92"": 4.0, ""94"": 2.0, ""95"": 18.0, ""96"": 11.0, ""99"": 34.0, ""100"": 68.0, ""102"": 1.0, ""103"": 1.0, ""104"": 1.0, ""105"": 3.0, ""106"": 8.0, ""107"": 418.0, ""108"": 654.0, ""109"": 1072.0, ""110"": 350.0, ""111"": 207.0, ""112"": 71.0, ""113"": 99.0, ""114"": 466.0, ""115"": 392.0, ""116"": 40.0, ""117"": 12.0, ""118"": 33.0, ""119"": 8.0, ""120"": 315.0, ""121"": 3.0, ""122"": 4.0, ""123"": 2.0, ""124"": 0.0, ""127"": 5562.0, ""128"": 0.0, ""129"": 2.0, ""130"": 3.0, ""131"": 5.0, ""132"": 6.0, ""133"": 0.0, ""134"": 1.0, ""135"": 0.0, ""136"": 0.0, ""155"": 9.0, ""156"": 8.0, ""187"": 315.0, ""188"": 1.0, ""189"": 2.0, ""190"": 1.0, ""191"": 4.0, ""192"": 3.0, ""193"": 4.0, ""194"": 2.0, ""195"": 0.0, ""210"": 17.0}",2026-08-24T23:49:58-04:00
Matt Gay,4249087,K,IND,ACTIVE,130.42453149,149.0,147.80568179,131.0,163.43350535926956,57.22593910840057,365,365,"{""74"": 4.307168092, ""75"": 5.974995311, ""76"": 1.667827219, ""77"": 8.150772549, ""78"": 9.534566986, ""79"": 1.383794438, ""80"": 16.10960438, ""81"": 16.27232766, ""82"": 0.162723277, ""83"": 28.56754502, ""84"": 31.78188995, ""85"": 3.214344933, ""86"": 31.17113263, ""87"": 31.8072782, ""88"": 0.636145564, ""198"": 4.307168092, ""199"": 5.974995311, ""200"": 1.667827219, ""210"": 17.0, ""214"": 1082.659973, ""215"": 157.2151178, ""216"": 1239.875091, ""221"": 232.587077, ""227"": 90.06266984, ""233"": 322.6497468}","{""74"": 8.0, ""75"": 13.0, ""76"": 5.0, ""77"": 7.0, ""78"": 9.0, ""79"": 2.0, ""80"": 18.0, ""81"": 19.0, ""82"": 1.0, ""83"": 33.0, ""84"": 41.0, ""85"": 8.0, ""86"": 35.0, ""87"": 36.0, ""88"": 1.0, ""108"": 1.0, ""109"": 1.0, ""155"": 9.0, ""156"": 8.0, ""158"": 134.0, ""198"": 8.0, ""199"": 12.0, ""200"": 4.0, ""202"": 1.0, ""203"": 1.0, ""210"": 17.0, ""214"": 1310.0, ""215"": 406.0, ""216"": 1716.0, ""217"": 257.0, ""218"": 126.0, ""219"": 61.0, ""220"": 47.0, ""221"": 19.0, ""222"": 7.0, ""223"": 78.0, ""224"": 36.0, ""225"": 15.0, ""226"": 13.0, ""227"": 5.0, ""229"": 337.0, ""230"": 165.0, ""231"": 81.0, ""232"": 61.0, ""233"": 25.0, ""234"": 10.0}",2026-08-24T23:49:58-04:00
Cameron Dicker,4362081,K,LAC,ACTIVE,141.10396358,149.0,,93.0,83.64827312425565,56.56573823287653,256,256,"{""74"": 4.137496435, ""75"": 6.103065605, ""76"": 1.96556917, ""77"": 7.907405148, ""78"": 9.738934475, ""79"": 1.831529327, ""80"": 16.03833536, ""81"": 16.62111484, ""82"": 0.582779482, ""83"": 28.08323694, ""84"": 32.46311492, ""85"": 4.379877979, ""86"": 45.05173271, ""87"": 47.3263606, ""88"": 2.274627884, ""198"": 4.137496435, ""199"": 6.103065605, ""200"": 1.96556917, ""210"": 17.0, ""214"": 1060.4081, ""215"": 206.0429393, ""216"": 1266.451039, ""221"": 223.4248075, ""227"": 106.1407352, ""233"": 329.5655427}","{""74"": 7.0, ""75"": 9.0, ""76"": 2.0, ""77"": 9.0, ""78"": 9.0, ""80"": 15.0, ""81"": 15.0, ""83"": 31.0, ""84"": 33.0, ""85"": 2.0, ""86"": 35.0, ""87"": 35.0, ""108"": 1.0, ""109"": 1.0, ""155"": 5.0, ""156"": 12.0, ""158"": 128.0, ""198"": 7.0, ""199"": 9.0, ""200"": 2.0, ""210"": 17.0, ""214"": 1221.0, ""215"": 103.0, ""216"": 1324.0, ""217"": 239.0, ""218"": 116.0, ""219"": 53.0, ""220"": 43.0, ""221"": 17.0, ""222"": 5.0, ""223"": 20.0, ""224"": 10.0, ""225"": 4.0, ""226"": 4.0, ""227"": 2.0, ""229"": 259.0, ""230"": 126.0, ""231"": 58.0, ""232"": 47.0, ""233"": 19.0, ""234"": 5.0}",2026-08-24T23:49:58-04:00
Zamir White,4361777,RB,LV,ACTIVE,0.0,66.4,87.21014868,7.0,170.14342157250098,56.51075620266217,103,102,"{""210"": 14.17647059}","{""23"": 104.0, ""24"": 451.0, ""25"": 1.0, ""27"": 87.0, ""28"": 41.0, ""29"": 19.0, ""30"": 13.0, ""31"": 6.0, ""32"": 2.0, ""33"": 16.0, ""34"": 7.0, ""37"": 2.0, ""39"": 4.33653846, ""40"": 26.52941176, ""41"": 15.0, ""42"": 98.0, ""47"": 18.0, ""48"": 6.0, ""49"": 2.0, ""50"": 2.0, ""53"": 15.0, ""54"": 1.0, ""58"": 19.0, ""59"": 94.0, ""60"": 6.53333333, ""61"": 5.76470588, ""66"": 1.0, ""68"": 1.0, ""70"": 1.0, ""72"": 1.0, ""73"": 1.0, ""107"": 1.0, ""108"": 1.0, ""109"": 2.0, ""155"": 8.0, ""156"": 9.0, ""158"": 6.0, ""179"": 1.0, ""210"": 17.0, ""212"": 19.0, ""213"": 4.0}",2026-08-24T23:49:58-04:00
Mark Andrews,3116365,TE,BAL,ACTIVE,0.0,112.9,194.03316472,154.0,74.14184116949822,54.8835747213277,42,42,"{""210"": 15.11764706}","{""23"": 1.0, ""41"": 45.0, ""42"": 544.0, ""43"": 6.0, ""47"": 106.0, ""48"": 51.0, ""49"": 25.0, ""50"": 16.0, ""51"": 5.0, ""53"": 45.0, ""54"": 4.0, ""58"": 61.0, ""59"": 216.0, ""60"": 12.08888889, ""61"": 54.4, ""67"": 1.0, ""68"": 1.0, ""155"": 7.0, ""156"": 3.0, ""158"": 36.0, ""183"": 4.0, ""184"": 2.0, ""210"": 10.0, ""213"": 27.0}",2026-08-24T23:49:58-04:00
Taysom Hill,2468609,TE,NO,ACTIVE,0.0,128.3,68.78482182,144.5,167.37176050044684,54.60337759234321,156,220,"{""210"": 15.11764706}","{""0"": 11.0, ""1"": 6.0, ""2"": 5.0, ""3"": 83.0, ""4"": 1.0, ""5"": 13.0, ""6"": 6.0, ""7"": 2.0, ""8"": 1.0, ""21"": 0.54545455, ""22"": 5.1875, ""23"": 81.0, ""24"": 401.0, ""25"": 4.0, ""27"": 74.0, ""28"": 34.0, ""29"": 13.0, ""30"": 12.0, ""31"": 5.0, ""33"": 9.0, ""34"": 2.0, ""39"": 4.95061728, ""40"": 25.0625, ""41"": 33.0, ""42"": 291.0, ""43"": 2.0, ""47"": 53.0, ""48"": 23.0, ""49"": 8.0, ""50"": 7.0, ""51"": 2.0, ""53"": 33.0, ""54"": 1.0, ""58"": 40.0, ""59"": 133.0, ""60"": 8.81818182, ""61"": 18.1875, ""64"": 2.0, ""66"": 1.0, ""68"": 1.0, ""70"": 1.0, ""72"": 1.0, ""73"": 1.0, ""108"": 2.0, ""109"": 2.0, ""114"": 18.0, ""116"": 1.0, ""155"": 8.0, ""156"": 8.0, ""158"": 42.0, ""175"": 1.0, ""179"": 3.0, ""181"": 1.0, ""183"": 1.0, ""185"": 1.0, ""210"": 16.0, ""211"": 4.0, ""212"": 27.0, ""213"": 11.0}",2026-08-24T23:49:58-04:00
Falcons D/ST,-16001,D/ST,ATL,,0.0,80.0,58.17557763,73.0,143.04106498194946,53.060120969768455,427,427,"{""210"": 17.0}","{""89"": 0.0, ""90"": 1.0, ""91"": 4.0, ""92"": 2.0, ""94"": 1.0, ""95"": 8.0, ""96"": 8.0, ""98"": 1.0, ""99"": 42.0, ""100"": 84.0, ""103"": 1.0, ""105"": 1.0, ""106"": 19.0, ""107"": 443.0, ""108"": 706.0, ""109"": 1149.0, ""110"": 379.0, ""111"": 223.0, ""112"": 97.0, ""113"": 66.0, ""114"": 236.0, ""115"": 239.0, ""116"": 19.0, ""117"": 6.0, ""118"": 17.0, ""119"": 4.0, ""120"": 363.0, ""121"": 2.0, ""122"": 4.0, ""123"": 2.0, ""124"": 1.0, ""125"": 1.0, ""127"": 5458.0, ""128"": 0.0, ""129"": 1.0, ""130"": 6.0, ""131"": 3.0, ""132"": 4.0, ""133"": 3.0, ""134"": 0.0, ""135"": 0.0, ""136"": 0.0, ""155"": 7.0, ""156"": 10.0, ""187"": 363.0, ""188"": 0.0, ""189"": 1.0, ""190"": 4.0, ""191"": 2.0, ""192"": 2.0, ""193"": 4.0, ""194"": 2.0, ""195"": 1.0, ""196"": 1.0, ""210"": 17.0}",2026-08-24T23:49:58-04:00
Jason Myers,2473037,K,SEA,ACTIVE,138.22271467,151.0,124.21462735,156.0,160.71275167785234,53.029574527380255,489,489,"{""74"": 4.257012658, ""75"": 6.162775423, ""76"": 1.905762764, ""77"": 8.110890263, ""78"": 9.8342161, ""79"": 1.723325836, ""80"": 16.41049656, ""81"": 16.78372881, ""82"": 0.373232253, ""83"": 28.77839948, ""84"": 32.78072033, ""85"": 4.002320853, ""86"": 39.2649215, ""87"": 40.69906469, ""88"": 1.434143194, ""198"": 4.257012658, ""199"": 6.162775423, ""200"": 1.905762764, ""210"": 17.0, ""214"": 1087.183642, ""215"": 191.6578195, ""216"": 1278.841462, ""221"": 229.8786836, ""227"": 102.9111893, ""233"": 332.7898728}","{""74"": 4.0, ""75"": 8.0, ""76"": 4.0, ""77"": 12.0, ""78"": 14.0, ""79"": 2.0, ""80"": 19.0, ""81"": 20.0, ""82"": 1.0, ""83"": 35.0, ""84"": 42.0, ""85"": 7.0, ""86"": 33.0, ""87"": 33.0, ""155"": 9.0, ""156"": 8.0, ""158"": 138.0, ""198"": 4.0, ""199"": 8.0, ""200"": 4.0, ""210"": 17.0, ""214"": 1310.0, ""215"": 343.0, ""216"": 1653.0, ""217"": 254.0, ""218"": 122.0, ""219"": 58.0, ""220"": 46.0, ""221"": 18.0, ""222"": 5.0, ""223"": 66.0, ""224"": 32.0, ""225"": 14.0, ""226"": 12.0, ""227"": 5.0, ""228"": 1.0, ""229"": 322.0, ""230"": 156.0, ""231"": 75.0, ""232"": 59.0, ""233"": 25.0, ""234"": 9.0}",2026-08-24T23:49:58-04:00
Miles Sanders,4045163,RB,CAR,ACTIVE,0.0,74.1,172.29480968,206.7,155.13117344922955,50.13341795242439,174,174,"{""210"": 14.17647059}","{""23"": 129.0, ""24"": 432.0, ""25"": 1.0, ""27"": 80.0, ""28"": 38.0, ""29"": 15.0, ""30"": 10.0, ""31"": 3.0, ""33"": 19.0, ""34"": 6.0, ""39"": 3.34883721, ""40"": 27.0, ""41"": 27.0, ""42"": 154.0, ""47"": 27.0, ""48"": 11.0, ""49"": 3.0, ""50"": 2.0, ""53"": 27.0, ""54"": 1.0, ""58"": 41.0, ""59"": 158.0, ""60"": 5.7037037, ""61"": 9.625, ""66"": 2.0, ""68"": 2.0, ""70"": 2.0, ""72"": 2.0, ""73"": 2.0, ""155"": 2.0, ""156"": 14.0, ""158"": 6.0, ""179"": 1.0, ""210"": 16.0, ""212"": 24.0, ""213"": 8.0}",2026-08-24T23:49:58-04:00
Jahan Dotson,4361409,WR,WSH,ACTIVE,143.14198398,100.3,130.70806691,113.1,167.0782299486369,49.713697170311185,242,242,"{""42"": 859.6040729, ""43"": 4.245554221, ""44"": 0.210619648, ""45"": 0.194071949, ""46"": 0.126826019, ""47"": 171.0, ""48"": 85.0, ""49"": 42.0, ""50"": 34.0, ""51"": 17.0, ""53"": 62.52690969, ""54"": 12.0, ""55"": 6.0, ""56"": 1.689930703, ""57"": 0.052265898, ""58"": 106.575312, ""60"": 13.74774601, ""61"": 56.86096981, ""62"": 0.210619648, ""63"": 0.005502368, ""67"": 1.250538194, ""68"": 1.250538194, ""71"": 0.700301389, ""72"": 0.700301389, ""73"": 0.700301389, ""102"": 0.23736, ""115"": 211.56, ""118"": 21.0, ""119"": 8.0, ""210"": 15.11764706, ""213"": 38.54281664}","{""41"": 49.0, ""42"": 518.0, ""43"": 4.0, ""47"": 98.0, ""48"": 47.0, ""49"": 21.0, ""50"": 13.0, ""51"": 4.0, ""52"": 1.0, ""53"": 49.0, ""54"": 4.0, ""56"": 1.0, ""58"": 83.0, ""59"": 115.0, ""60"": 10.57142857, ""61"": 30.47058824, ""155"": 4.0, ""156"": 13.0, ""158"": 24.0, ""183"": 1.0, ""184"": 1.0, ""185"": 1.0, ""186"": 1.0, ""210"": 17.0, ""213"": 27.0}",2026-08-24T23:49:58-04:00
Sam Howell,4426875,QB,SEA,ACTIVE,0.0,297.8,8.86948204,20.1,166.23773734177215,48.97352986981835,431,431,"{""210"": 4.0}","{""0"": 612.0, ""1"": 388.0, ""2"": 224.0, ""3"": 3946.0, ""4"": 21.0, ""5"": 783.0, ""6"": 387.0, ""7"": 189.0, ""8"": 151.0, ""9"": 72.0, ""10"": 31.0, ""11"": 68.0, ""12"": 28.0, ""13"": 39.0, ""14"": 16.0, ""15"": 1.0, ""16"": 1.0, ""17"": 5.0, ""19"": 1.0, ""20"": 21.0, ""21"": 0.63398693, ""22"": 232.11764706, ""23"": 48.0, ""24"": 263.0, ""25"": 5.0, ""26"": 1.0, ""27"": 48.0, ""28"": 21.0, ""29"": 6.0, ""30"": 3.0, ""33"": 2.0, ""39"": 5.47916667, ""40"": 15.47058824, ""41"": 1.0, ""42"": 4.0, ""53"": 1.0, ""58"": 1.0, ""59"": 3.0, ""60"": 4.0, ""61"": 0.23529412, ""64"": 65.0, ""65"": 3.0, ""66"": 1.0, ""68"": 5.0, ""69"": 1.0, ""70"": 1.0, ""72"": 2.0, ""73"": 23.0, ""155"": 4.0, ""156"": 13.0, ""158"": 158.0, ""175"": 10.0, ""176"": 3.0, ""177"": 4.0, ""178"": 3.0, ""179"": 4.0, ""180"": 1.0, ""210"": 17.0, ""211"": 180.0, ""212"": 19.0}",2026-08-24T23:49:58-04:00
Antonio Gibson,4360294,RB,NE,ACTIVE,0.0,103.4,167.13225992,142.9,168.66060845515605,47.999592780304376,142,142,"{""210"": 14.17647059}","{""23"": 65.0, ""24"": 265.0, ""25"": 1.0, ""27"": 46.0, ""28"": 18.0, ""29"": 4.0, ""30"": 3.0, ""33"": 6.0, ""34"": 1.0, ""39"": 4.07692308, ""40"": 16.5625, ""41"": 48.0, ""42"": 389.0, ""43"": 2.0, ""47"": 71.0, ""48"": 32.0, ""49"": 14.0, ""50"": 8.0, ""51"": 1.0, ""53"": 48.0, ""54"": 4.0, ""58"": 59.0, ""59"": 377.0, ""60"": 8.10416667, ""61"": 24.3125, ""66"": 1.0, ""67"": 2.0, ""68"": 3.0, ""70"": 1.0, ""71"": 1.0, ""72"": 2.0, ""73"": 2.0, ""107"": 1.0, ""108"": 1.0, ""109"": 2.0, ""114"": 340.0, ""116"": 31.0, ""117"": 10.0, ""155"": 4.0, ""156"": 12.0, ""158"": 18.0, ""179"": 1.0, ""183"": 1.0, ""184"": 1.0, ""210"": 16.0, ""212"": 13.0, ""213"": 19.0}",2026-08-24T23:49:58-04:00
Patriots D/ST,-16017,D/ST,NE,,0.0,95.0,77.57027833,170.0,169.3971119133574,47.804794163879315,504,504,"{""210"": 17.0}","{""89"": 0.0, ""90"": 1.0, ""91"": 3.0, ""92"": 1.0, ""94"": 1.0, ""95"": 10.0, ""96"": 7.0, ""97"": 1.0, ""98"": 1.0, ""99"": 36.0, ""100"": 72.0, ""101"": 1.0, ""104"": 1.0, ""105"": 2.0, ""106"": 15.0, ""107"": 421.0, ""108"": 742.0, ""109"": 1163.0, ""110"": 380.0, ""111"": 227.0, ""112"": 68.0, ""113"": 66.0, ""114"": 471.0, ""115"": 208.0, ""116"": 44.0, ""117"": 11.0, ""118"": 17.0, ""119"": 4.0, ""120"": 334.0, ""121"": 5.0, ""122"": 5.0, ""123"": 2.0, ""124"": 0.0, ""127"": 5127.0, ""128"": 0.0, ""129"": 1.0, ""130"": 8.0, ""131"": 4.0, ""132"": 3.0, ""133"": 1.0, ""134"": 0.0, ""135"": 0.0, ""136"": 0.0, ""155"": 4.0, ""156"": 13.0, ""187"": 334.0, ""188"": 0.0, ""189"": 1.0, ""190"": 3.0, ""191"": 1.0, ""192"": 5.0, ""193"": 5.0, ""194"": 2.0, ""195"": 0.0, ""210"": 17.0}",2026-08-24T23:49:58-04:00
Zach Charbonnet,4426385,RB,SEA,ACTIVE,0.0,89.6,,,168.48755432635323,47.55206494566528,141,138,"{""210"": 14.17647059}","{""23"": 108.0, ""24"": 462.0, ""25"": 1.0, ""27"": 87.0, ""28"": 40.0, ""29"": 17.0, ""30"": 11.0, ""31"": 2.0, ""33"": 14.0, ""34"": 3.0, ""39"": 4.27777778, ""40"": 28.875, ""41"": 33.0, ""42"": 209.0, ""47"": 36.0, ""48"": 15.0, ""49"": 4.0, ""50"": 3.0, ""53"": 33.0, ""54"": 2.0, ""58"": 40.0, ""59"": 248.0, ""60"": 6.33333333, ""61"": 13.0625, ""107"": 1.0, ""109"": 1.0, ""155"": 8.0, ""156"": 8.0, ""158"": 6.0, ""179"": 1.0, ""210"": 16.0, ""212"": 32.0, ""213"": 7.0}",2026-08-24T23:49:58-04:00
Jason Sanders,3124679,K,MIA,ACTIVE,133.72476067,142.0,111.39267061,129.0,165.695514092894,46.42084728062304,487,487,"{""74"": 4.106263322, ""75"": 6.200914073, ""76"": 2.094650751, ""77"": 7.87848799, ""78"": 9.895075648, ""79"": 2.016587658, ""80"": 16.02975499, ""81"": 16.88759577, ""82"": 0.857840783, ""83"": 28.0145063, ""84"": 32.98358549, ""85"": 4.969079192, ""86"": 38.55930632, ""87"": 41.18691158, ""88"": 2.627605252, ""198"": 4.106263322, ""199"": 6.200914073, ""200"": 2.094650751, ""210"": 17.0, ""214"": 1057.162829, ""215"": 229.5928087, ""216"": 1286.755637, ""221"": 221.7382194, ""227"": 113.1111406, ""233"": 334.8493599}","{""74"": 5.0, ""75"": 7.0, ""76"": 2.0, ""77"": 6.0, ""78"": 8.0, ""79"": 2.0, ""80"": 13.0, ""81"": 13.0, ""83"": 24.0, ""84"": 28.0, ""85"": 4.0, ""86"": 58.0, ""87"": 59.0, ""88"": 1.0, ""108"": 1.0, ""109"": 1.0, ""155"": 11.0, ""156"": 6.0, ""158"": 130.0, ""198"": 5.0, ""199"": 7.0, ""200"": 2.0, ""210"": 17.0, ""214"": 917.0, ""215"": 105.0, ""216"": 1022.0, ""217"": 179.0, ""218"": 87.0, ""219"": 41.0, ""220"": 30.0, ""221"": 11.0, ""222"": 3.0, ""223"": 21.0, ""224"": 10.0, ""225"": 4.0, ""226"": 4.0, ""227"": 2.0, ""229"": 200.0, ""230"": 97.0, ""231"": 46.0, ""232"": 35.0, ""233"": 13.0, ""234"": 4.0}",2026-08-24T23:49:58-04:00
Nick Folk,10621,K,TEN,ACTIVE,133.88755631,130.0,141.24933834,141.0,163.1785234899329,44.2081762527907,411,411,"{""74"": 4.28533376, ""75"": 6.102504734, ""76"": 1.817170974, ""77"": 8.143195843, ""78"": 9.738039469, ""79"": 1.594843627, ""80"": 16.44051777, ""81"": 16.61958736, ""82"": 0.17906959, ""83"": 28.86904737, ""84"": 32.46013156, ""85"": 3.59108419, ""86"": 34.15763502, ""87"": 34.98949669, ""88"": 0.831861675, ""198"": 4.28533376, ""199"": 6.102504734, ""200"": 1.817170974, ""210"": 17.0, ""214"": 1091.067369, ""215"": 175.2672835, ""216"": 1266.334653, ""221"": 231.4080231, ""227"": 98.12723258, ""233"": 329.5352556}","{""74"": 5.0, ""75"": 6.0, ""76"": 1.0, ""77"": 6.0, ""78"": 6.0, ""80"": 18.0, ""81"": 18.0, ""83"": 29.0, ""84"": 30.0, ""85"": 1.0, ""86"": 28.0, ""87"": 30.0, ""88"": 2.0, ""138"": 2.0, ""139"": 81.0, ""143"": 1.0, ""144"": 3.0, ""146"": 1.0, ""147"": 40.5, ""150"": 1.0, ""155"": 6.0, ""156"": 11.0, ""158"": 115.0, ""198"": 5.0, ""199"": 6.0, ""200"": 1.0, ""210"": 17.0, ""214"": 1083.0, ""215"": 51.0, ""216"": 1134.0, ""217"": 211.0, ""218"": 104.0, ""219"": 48.0, ""220"": 36.0, ""221"": 15.0, ""222"": 3.0, ""223"": 10.0, ""224"": 5.0, ""225"": 2.0, ""226"": 2.0, ""227"": 1.0, ""229"": 221.0, ""230"": 109.0, ""231"": 50.0, ""232"": 38.0, ""233"": 16.0, ""234"": 4.0}",2026-08-24T23:49:58-04:00
Curtis Samuel,3121427,WR,BUF,ACTIVE,0.0,126.2,110.66428023,144.3,160.26392730146188,43.982018121190144,163,163,"{""210"": 15.11764706}","{""23"": 7.0, ""24"": 39.0, ""25"": 1.0, ""27"": 6.0, ""28"": 2.0, ""39"": 5.57142857, ""40"": 2.4375, ""41"": 62.0, ""42"": 613.0, ""43"": 4.0, ""47"": 118.0, ""48"": 55.0, ""49"": 24.0, ""50"": 18.0, ""51"": 7.0, ""52"": 1.0, ""53"": 62.0, ""54"": 5.0, ""56"": 1.0, ""58"": 91.0, ""59"": 260.0, ""60"": 9.88709677, ""61"": 38.3125, ""108"": 3.0, ""109"": 3.0, ""155"": 3.0, ""156"": 13.0, ""158"": 30.0, ""179"": 1.0, ""183"": 3.0, ""184"": 1.0, ""210"": 16.0, ""212"": 4.0, ""213"": 26.0}",2026-08-24T23:49:58-04:00
Tyler Boyd,3045144,WR,CIN,ACTIVE,120.75284818,111.3,134.90343141,138.0,165.56830357142857,43.59287297909379,145,270,"{""42"": 664.7048467, ""43"": 4.159301282, ""44"": 0.202998221, ""45"": 0.17708592, ""46"": 0.115725649, ""47"": 132.0, ""48"": 66.0, ""49"": 33.0, ""50"": 26.0, ""51"": 13.0, ""53"": 59.56576063, ""54"": 11.0, ""55"": 5.0, ""56"": 0.838420744, ""57"": 0.025930538, ""58"": 84.38161869, ""60"": 11.15917667, ""61"": 43.96880309, ""62"": 0.202998221, ""63"": 0.003387689, ""67"": 0.769929408, ""68"": 0.769929408, ""71"": 0.431160468, ""72"": 0.431160468, ""73"": 0.431160468, ""210"": 15.11764706, ""213"": 32.45804669}","{""0"": 1.0, ""2"": 1.0, ""20"": 1.0, ""23"": 2.0, ""24"": 11.0, ""27"": 2.0, ""39"": 5.5, ""40"": 0.64705882, ""41"": 67.0, ""42"": 667.0, ""43"": 2.0, ""47"": 125.0, ""48"": 58.0, ""49"": 24.0, ""50"": 19.0, ""51"": 6.0, ""52"": 1.0, ""53"": 67.0, ""54"": 7.0, ""56"": 1.0, ""58"": 98.0, ""59"": 279.0, ""60"": 9.95522388, ""61"": 39.23529412, ""73"": 1.0, ""108"": 1.0, ""109"": 1.0, ""155"": 9.0, ""156"": 8.0, ""158"": 12.0, ""183"": 2.0, ""210"": 17.0, ""212"": 1.0, ""213"": 28.0}",2026-08-24T23:49:58-04:00
Raiders D/ST,-16013,D/ST,LV,,0.0,136.0,61.63289931,56.0,169.51714801444044,42.406363231219366,410,410,"{""210"": 17.0}","{""89"": 0.0, ""90"": 2.0, ""91"": 2.0, ""92"": 4.0, ""94"": 5.0, ""95"": 13.0, ""96"": 9.0, ""97"": 1.0, ""98"": 1.0, ""99"": 46.0, ""100"": 92.0, ""103"": 3.0, ""104"": 2.0, ""105"": 5.0, ""106"": 14.0, ""107"": 425.0, ""108"": 749.0, ""109"": 1174.0, ""110"": 386.0, ""111"": 228.0, ""112"": 68.0, ""113"": 56.0, ""114"": 262.0, ""115"": 249.0, ""116"": 22.0, ""117"": 8.0, ""118"": 19.0, ""119"": 4.0, ""120"": 325.0, ""121"": 2.0, ""122"": 5.0, ""123"": 1.0, ""124"": 1.0, ""127"": 5625.0, ""128"": 0.0, ""129"": 0.0, ""130"": 6.0, ""131"": 6.0, ""132"": 2.0, ""133"": 1.0, ""134"": 2.0, ""135"": 0.0, ""136"": 0.0, ""155"": 8.0, ""156"": 9.0, ""187"": 325.0, ""188"": 0.0, ""189"": 2.0, ""190"": 2.0, ""191"": 4.0, ""192"": 2.0, ""193"": 5.0, ""194"": 1.0, ""195"": 1.0, ""210"": 17.0}",2026-08-24T23:49:58-04:00
Tyjae Spears,4428557,RB,TEN,ACTIVE,0.0,127.8,,,164.20505728960885,42.31354506388709,93,90,"{""210"": 14.17647059}","{""23"": 100.0, ""24"": 453.0, ""25"": 2.0, ""27"": 85.0, ""28"": 37.0, ""29"": 15.0, ""30"": 12.0, ""31"": 1.0, ""33"": 12.0, ""34"": 1.0, ""39"": 4.53, ""40"": 26.64705882, ""41"": 52.0, ""42"": 385.0, ""43"": 1.0, ""47"": 69.0, ""48"": 30.0, ""49"": 13.0, ""50"": 9.0, ""51"": 1.0, ""53"": 52.0, ""54"": 2.0, ""58"": 70.0, ""59"": 460.0, ""60"": 7.40384615, ""61"": 22.64705882, ""67"": 1.0, ""68"": 1.0, ""108"": 2.0, ""109"": 2.0, ""114"": 270.0, ""116"": 25.0, ""117"": 7.0, ""155"": 6.0, ""156"": 11.0, ""158"": 18.0, ""179"": 1.0, ""180"": 1.0, ""185"": 1.0, ""210"": 17.0, ""212"": 24.0, ""213"": 17.0}",2026-08-24T23:49:58-04:00
Younghoe Koo,3049899,K,ATL,ACTIVE,134.42169078,133.0,125.77569288,147.0,163.6917225950783,41.5870462801727,208,208,"{""74"": 4.351353747, ""75"": 6.094868206, ""76"": 1.743514459, ""77"": 8.246913969, ""78"": 9.725853521, ""79"": 1.478939552, ""80"": 16.43280211, ""81"": 16.59879001, ""82"": 0.1659879, ""83"": 29.03106982, ""84"": 32.41951174, ""85"": 3.388441911, ""86"": 33.76730175, ""87"": 34.45643036, ""88"": 0.689128607, ""198"": 4.351353747, ""199"": 6.094868206, ""200"": 1.743514459, ""210"": 17.0, ""214"": 1099.068294, ""215"": 165.6816976, ""216"": 1264.749992, ""221"": 234.9731024, ""227"": 94.14978079, ""233"": 329.1228831}","{""74"": 3.0, ""75"": 6.0, ""76"": 3.0, ""77"": 9.0, ""78"": 11.0, ""79"": 2.0, ""80"": 20.0, ""81"": 20.0, ""83"": 32.0, ""84"": 37.0, ""85"": 5.0, ""86"": 27.0, ""87"": 28.0, ""88"": 1.0, ""155"": 7.0, ""156"": 10.0, ""158"": 123.0, ""198"": 3.0, ""199"": 6.0, ""200"": 3.0, ""210"": 17.0, ""214"": 1162.0, ""215"": 290.0, ""216"": 1452.0, ""217"": 227.0, ""218"": 110.0, ""219"": 50.0, ""220"": 36.0, ""221"": 15.0, ""222"": 5.0, ""223"": 56.0, ""224"": 27.0, ""225"": 13.0, ""226"": 9.0, ""227"": 3.0, ""228"": 1.0, ""229"": 285.0, ""230"": 139.0, ""231"": 65.0, ""232"": 48.0, ""233"": 21.0, ""234"": 9.0}",2026-08-24T23:49:58-04:00
Romeo Doubs,4361432,WR,GB,ACTIVE,0.0,144.9,99.80741836,80.6,169.318846305808,40.65464460704059,165,165,"{""210"": 15.11764706}","{""41"": 59.0, ""42"": 674.0, ""43"": 8.0, ""47"": 129.0, ""48"": 61.0, ""49"": 24.0, ""50"": 21.0, ""51"": 5.0, ""53"": 59.0, ""54"": 3.0, ""58"": 96.0, ""59"": 134.0, ""60"": 11.42372881, ""61"": 39.64705882, ""67"": 1.0, ""68"": 1.0, ""108"": 2.0, ""109"": 2.0, ""155"": 9.0, ""156"": 8.0, ""158"": 48.0, ""183"": 6.0, ""184"": 1.0, ""185"": 1.0, ""210"": 17.0, ""213"": 41.0}",2026-08-24T23:49:58-04:00
Packers D/ST,-16009,D/ST,GB,,0.0,97.0,127.62581119,103.0,168.99052346570397,40.468800333274395,425,425,"{""210"": 17.0}","{""89"": 0.0, ""90"": 1.0, ""91"": 2.0, ""92"": 2.0, ""94"": 2.0, ""95"": 7.0, ""96"": 11.0, ""97"": 2.0, ""99"": 45.0, ""100"": 90.0, ""103"": 1.0, ""104"": 1.0, ""105"": 2.0, ""106"": 10.0, ""107"": 418.0, ""108"": 740.0, ""109"": 1158.0, ""110"": 380.0, ""111"": 224.0, ""112"": 82.0, ""113"": 68.0, ""114"": 783.0, ""115"": 189.0, ""116"": 73.0, ""117"": 25.0, ""118"": 13.0, ""119"": 4.0, ""120"": 350.0, ""121"": 4.0, ""122"": 5.0, ""123"": 3.0, ""124"": 0.0, ""127"": 5696.0, ""128"": 0.0, ""129"": 2.0, ""130"": 3.0, ""131"": 5.0, ""132"": 3.0, ""133"": 2.0, ""134"": 2.0, ""135"": 0.0, ""136"": 0.0, ""155"": 9.0, ""156"": 8.0, ""187"": 350.0, ""188"": 0.0, ""189"": 1.0, ""190"": 2.0, ""191"": 2.0, ""192"": 4.0, ""193"": 5.0, ""194"": 3.0, ""195"": 0.0, ""210"": 17.0}",2026-08-24T23:49:58-04:00
Josh Downs,4688813,WR,IND,ACTIVE,0.0,123.1,,,160.7096009482418,40.275884240544386,218,218,"{""210"": 15.11764706}","{""41"": 68.0, ""42"": 771.0, ""43"": 2.0, ""45"": 1.0, ""46"": 1.0, ""47"": 147.0, ""48"": 70.0, ""49"": 29.0, ""50"": 22.0, ""51"": 6.0, ""52"": 1.0, ""53"": 68.0, ""54"": 7.0, ""56"": 1.0, ""58"": 98.0, ""59"": 371.0, ""60"": 11.33823529, ""61"": 45.35294118, ""108"": 2.0, ""109"": 2.0, ""114"": 24.0, ""115"": 63.0, ""116"": 2.0, ""118"": 5.0, ""119"": 2.0, ""155"": 9.0, ""156"": 8.0, ""158"": 12.0, ""183"": 1.0, ""210"": 17.0, ""213"": 30.0}",2026-08-24T23:49:58-04:00
Kareem Hunt,3059915,RB,CLE,QUESTIONABLE,0.0,111.0,158.96077888,109.3,167.746875,40.22657711855678,2156,2156,{},"{""23"": 135.0, ""24"": 411.0, ""25"": 9.0, ""27"": 77.0, ""28"": 35.0, ""29"": 13.0, ""30"": 10.0, ""31"": 1.0, ""33"": 23.0, ""34"": 9.0, ""39"": 3.04444444, ""40"": 27.4, ""41"": 15.0, ""42"": 84.0, ""47"": 14.0, ""48"": 6.0, ""49"": 2.0, ""53"": 15.0, ""58"": 21.0, ""59"": 98.0, ""60"": 5.6, ""61"": 5.6, ""155"": 10.0, ""156"": 5.0, ""158"": 54.0, ""179"": 8.0, ""180"": 1.0, ""210"": 15.0, ""212"": 39.0, ""213"": 5.0}",2026-08-24T23:49:58-04:00
Jake Browning,3886812,QB,CIN,ACTIVE,0.0,167.3,,,169.74367088607596,39.98997547571738,454,454,"{""210"": 4.0}","{""0"": 243.0, ""1"": 171.0, ""2"": 72.0, ""3"": 1936.0, ""4"": 12.0, ""5"": 384.0, ""6"": 189.0, ""7"": 92.0, ""8"": 74.0, ""9"": 35.0, ""10"": 15.0, ""11"": 29.0, ""12"": 11.0, ""13"": 11.0, ""14"": 3.0, ""15"": 3.0, ""16"": 3.0, ""17"": 3.0, ""19"": 1.0, ""20"": 7.0, ""21"": 0.7037037, ""22"": 215.11111111, ""23"": 27.0, ""24"": 127.0, ""25"": 3.0, ""27"": 23.0, ""28"": 10.0, ""29"": 4.0, ""30"": 2.0, ""33"": 1.0, ""39"": 4.7037037, ""40"": 14.11111111, ""41"": 1.0, ""42"": -7.0, ""53"": 1.0, ""58"": 1.0, ""60"": -7.0, ""61"": -0.77777778, ""64"": 24.0, ""65"": 3.0, ""68"": 3.0, ""73"": 7.0, ""155"": 4.0, ""156"": 5.0, ""158"": 90.0, ""175"": 5.0, ""176"": 3.0, ""177"": 1.0, ""179"": 3.0, ""210"": 9.0, ""211"": 93.0, ""212"": 12.0}",2026-08-24T23:49:58-04:00
Noah Brown,3121409,WR,HOU,QUESTIONABLE,0.0,85.1,99.62687157,93.0,170.03476886606086,39.92156890761456,243,243,"{""210"": 15.11764706}","{""23"": 1.0, ""24"": -1.0, ""39"": -1.0, ""40"": -0.1, ""41"": 33.0, ""42"": 567.0, ""43"": 2.0, ""45"": 1.0, ""46"": 1.0, ""47"": 110.0, ""48"": 53.0, ""49"": 24.0, ""50"": 19.0, ""51"": 8.0, ""52"": 2.0, ""53"": 33.0, ""54"": 3.0, ""56"": 2.0, ""58"": 55.0, ""59"": 223.0, ""60"": 17.18181818, ""61"": 56.7, ""108"": 1.0, ""109"": 1.0, ""155"": 6.0, ""156"": 4.0, ""158"": 12.0, ""183"": 1.0, ""210"": 10.0, ""213"": 24.0}",2026-08-24T23:49:58-04:00
Joe Burrow,3915511,QB,CIN,QUESTIONABLE,0.0,176.4,354.64530383,419.9,151.01424050632912,39.676662706598314,58,58,"{""210"": 15.0}","{""0"": 365.0, ""1"": 244.0, ""2"": 121.0, ""3"": 2309.0, ""4"": 15.0, ""5"": 458.0, ""6"": 226.0, ""7"": 112.0, ""8"": 87.0, ""9"": 41.0, ""10"": 18.0, ""11"": 45.0, ""12"": 20.0, ""13"": 20.0, ""14"": 9.0, ""15"": 2.0, ""16"": 2.0, ""17"": 3.0, ""20"": 6.0, ""21"": 0.66849315, ""22"": 230.9, ""23"": 31.0, ""24"": 88.0, ""27"": 15.0, ""28"": 6.0, ""29"": 3.0, ""30"": 1.0, ""33"": 3.0, ""39"": 2.83870968, ""40"": 8.8, ""64"": 24.0, ""65"": 2.0, ""68"": 2.0, ""69"": 1.0, ""72"": 1.0, ""73"": 7.0, ""108"": 1.0, ""109"": 1.0, ""155"": 5.0, ""156"": 5.0, ""158"": 90.0, ""175"": 10.0, ""176"": 1.0, ""177"": 1.0, ""178"": 1.0, ""210"": 10.0, ""211"": 115.0, ""212"": 9.0}",2026-08-24T23:49:58-04:00
Jaguars D/ST,-16030,D/ST,JAX,,0.0,98.0,64.39735293,119.0,124.63086642599278,39.06273085074175,254,254,"{""210"": 17.0}","{""89"": 1.0, ""90"": 0.0, ""91"": 2.0, ""92"": 3.0, ""94"": 2.0, ""95"": 16.0, ""96"": 11.0, ""99"": 40.0, ""100"": 80.0, ""103"": 2.0, ""105"": 2.0, ""106"": 12.0, ""107"": 371.0, ""108"": 705.0, ""109"": 1076.0, ""110"": 354.0, ""111"": 208.0, ""112"": 70.0, ""113"": 84.0, ""114"": 688.0, ""115"": 297.0, ""116"": 64.0, ""117"": 19.0, ""118"": 22.0, ""119"": 5.0, ""120"": 365.0, ""121"": 3.0, ""122"": 2.0, ""123"": 5.0, ""124"": 1.0, ""127"": 5828.0, ""128"": 0.0, ""129"": 1.0, ""130"": 4.0, ""131"": 2.0, ""132"": 7.0, ""133"": 2.0, ""134"": 1.0, ""135"": 0.0, ""136"": 0.0, ""155"": 9.0, ""156"": 8.0, ""187"": 365.0, ""188"": 1.0, ""189"": 0.0, ""190"": 2.0, ""191"": 3.0, ""192"": 3.0, ""193"": 2.0, ""194"": 5.0, ""195"": 1.0, ""210"": 17.0}",2026-08-24T23:49:58-04:00
Michael Thomas,2976316,WR,NO,QUESTIONABLE,128.46795097,70.3,168.77340753,43.1,164.31696428571428,39.0603390742702,267,267,"{""42"": 696.3826593, ""43"": 4.085452851, ""44"": 0.221347141, ""45"": 0.139481725, ""46"": 0.091151307, ""47"": 139.0, ""48"": 69.0, ""49"": 34.0, ""50"": 27.0, ""51"": 13.0, ""53"": 70.35000641, ""54"": 14.0, ""55"": 7.0, ""56"": 0.961110968, ""57"": 0.029725081, ""58"": 93.29037026, ""60"": 9.898828655, ""61"": 52.6155787, ""62"": 0.221347141, ""63"": 0.005110009, ""67"": 1.161365678, ""68"": 1.161365678, ""71"": 0.650364779, ""72"": 0.650364779, ""73"": 0.650364779, ""210"": 13.23529412, ""213"": 35.75948397}","{""41"": 39.0, ""42"": 448.0, ""43"": 1.0, ""47"": 87.0, ""48"": 41.0, ""49"": 19.0, ""50"": 14.0, ""51"": 6.0, ""53"": 39.0, ""54"": 4.0, ""58"": 64.0, ""59"": 100.0, ""60"": 11.48717949, ""61"": 44.8, ""108"": 1.0, ""109"": 1.0, ""155"": 5.0, ""156"": 5.0, ""158"": 6.0, ""184"": 1.0, ""210"": 10.0, ""213"": 21.0}",2026-08-24T23:49:58-04:00
Rams D/ST,-16014,D/ST,LAR,,0.0,68.0,93.91891405,87.0,169.6611010830325,38.904672634617995,517,517,"{""210"": 17.0}","{""89"": 0.0, ""90"": 0.0, ""91"": 2.0, ""92"": 2.0, ""95"": 10.0, ""96"": 5.0, ""97"": 1.0, ""98"": 2.0, ""99"": 41.0, ""100"": 82.0, ""106"": 7.0, ""107"": 430.0, ""108"": 666.0, ""109"": 1096.0, ""110"": 361.0, ""111"": 212.0, ""112"": 58.0, ""113"": 76.0, ""114"": 145.0, ""115"": 204.0, ""116"": 11.0, ""117"": 2.0, ""118"": 16.0, ""119"": 4.0, ""120"": 369.0, ""121"": 5.0, ""122"": 5.0, ""123"": 1.0, ""124"": 2.0, ""127"": 5744.0, ""128"": 0.0, ""129"": 1.0, ""130"": 3.0, ""131"": 7.0, ""132"": 4.0, ""133"": 1.0, ""134"": 1.0, ""135"": 0.0, ""136"": 0.0, ""155"": 10.0, ""156"": 7.0, ""187"": 369.0, ""188"": 0.0, ""189"": 0.0, ""190"": 2.0, ""191"": 2.0, ""192"": 5.0, ""193"": 5.0, ""194"": 1.0, ""195"": 2.0, ""210"": 17.0}",2026-08-24T23:49:58-04:00
Tank Dell,4366031,WR,HOU,QUESTIONABLE,0.0,141.5,,,132.10233109442908,37.85341342747769,54,54,"{""210"": 15.11764706}","{""23"": 11.0, ""24"": 51.0, ""27"": 9.0, ""28"": 4.0, ""39"": 4.63636364, ""40"": 4.63636364, ""41"": 47.0, ""42"": 709.0, ""43"": 7.0, ""45"": 2.0, ""46"": 1.0, ""47"": 138.0, ""48"": 66.0, ""49"": 29.0, ""50"": 23.0, ""51"": 10.0, ""52"": 3.0, ""53"": 47.0, ""54"": 6.0, ""56"": 3.0, ""58"": 75.0, ""59"": 152.0, ""60"": 15.08510638, ""61"": 64.45454545, ""64"": 1.0, ""68"": 1.0, ""108"": 1.0, ""109"": 1.0, ""114"": 44.0, ""115"": 100.0, ""116"": 4.0, ""117"": 1.0, ""118"": 6.0, ""119"": 1.0, ""155"": 6.0, ""156"": 5.0, ""158"": 42.0, ""183"": 2.0, ""184"": 1.0, ""185"": 2.0, ""210"": 11.0, ""212"": 3.0, ""213"": 34.0}",2026-08-24T23:49:58-04:00
Tyler Higbee,2573401,TE,LAR,QUESTIONABLE,0.0,85.0,104.06975563,116.0,165.62332439678283,37.80374468865407,413,369,"{""210"": 11.85294118}","{""41"": 47.0, ""42"": 495.0, ""43"": 2.0, ""47"": 94.0, ""48"": 43.0, ""49"": 18.0, ""50"": 12.0, ""51"": 3.0, ""53"": 47.0, ""54"": 5.0, ""58"": 70.0, ""59"": 246.0, ""60"": 10.53191489, ""61"": 33.0, ""108"": 2.0, ""109"": 2.0, ""155"": 9.0, ""156"": 6.0, ""158"": 12.0, ""183"": 2.0, ""210"": 15.0, ""213"": 26.0}",2026-08-24T23:49:58-04:00
Colts D/ST,-16011,D/ST,IND,,0.0,116.0,95.26077767,95.0,167.6981046931408,37.26873857846812,360,360,"{""210"": 17.0}","{""89"": 0.0, ""90"": 1.0, ""91"": 2.0, ""92"": 2.0, ""93"": 1.0, ""94"": 4.0, ""95"": 15.0, ""96"": 9.0, ""97"": 1.0, ""98"": 1.0, ""99"": 51.0, ""100"": 102.0, ""103"": 3.0, ""104"": 1.0, ""105"": 5.0, ""106"": 17.0, ""107"": 407.0, ""108"": 797.0, ""109"": 1204.0, ""110"": 396.0, ""111"": 233.0, ""112"": 97.0, ""113"": 69.0, ""114"": 200.0, ""115"": 267.0, ""116"": 15.0, ""117"": 4.0, ""118"": 21.0, ""119"": 5.0, ""120"": 405.0, ""121"": 3.0, ""122"": 2.0, ""123"": 5.0, ""124"": 2.0, ""127"": 5947.0, ""128"": 0.0, ""129"": 0.0, ""130"": 4.0, ""131"": 5.0, ""132"": 5.0, ""133"": 1.0, ""134"": 1.0, ""135"": 1.0, ""136"": 0.0, ""155"": 9.0, ""156"": 8.0, ""187"": 405.0, ""188"": 0.0, ""189"": 1.0, ""190"": 2.0, ""191"": 2.0, ""192"": 3.0, ""193"": 2.0, ""194"": 5.0, ""195"": 2.0, ""210"": 17.0}",2026-08-24T23:49:58-04:00
Gerald Everett,3918639,TE,CHI,QUESTIONABLE,0.0,85.6,102.44725545,110.5,168.26050044682754,37.06486011165348,460,462,"{""210"": 15.11764706}","{""23"": 3.0, ""24"": 10.0, ""27"": 1.0, ""39"": 3.33333333, ""40"": 0.66666667, ""41"": 51.0, ""42"": 411.0, ""43"": 3.0, ""47"": 76.0, ""48"": 35.0, ""49"": 15.0, ""50"": 9.0, ""53"": 51.0, ""54"": 4.0, ""58"": 70.0, ""59"": 275.0, ""60"": 8.05882353, ""61"": 27.4, ""67"": 3.0, ""68"": 3.0, ""155"": 4.0, ""156"": 11.0, ""158"": 18.0, ""183"": 3.0, ""210"": 15.0, ""213"": 25.0}",2026-08-24T23:49:58-04:00
Logan Thomas,16813,TE,WSH,QUESTIONABLE,77.07986789,99.3,94.31079274,57.8,166.6041108132261,36.623288788551,1712,1712,"{""42"": 395.320682, ""43"": 2.981651071, ""44"": 0.147438516, ""45"": 0.070332981, ""46"": 0.045962603, ""47"": 79.0, ""48"": 39.0, ""49"": 19.0, ""50"": 15.0, ""51"": 7.0, ""53"": 39.60314854, ""54"": 7.0, ""55"": 3.0, ""56"": 0.217925089, ""57"": 0.006739951, ""58"": 62.24869698, ""60"": 9.982051847, ""61"": 27.88569126, ""62"": 0.147438516, ""63"": 0.001722907, ""67"": 0.391569676, ""68"": 0.391569676, ""71"": 0.219279018, ""72"": 0.219279018, ""73"": 0.219279018, ""210"": 14.17647059, ""213"": 19.99779085}","{""23"": 1.0, ""24"": 2.0, ""39"": 2.0, ""40"": 0.125, ""41"": 55.0, ""42"": 496.0, ""43"": 4.0, ""44"": 1.0, ""47"": 94.0, ""48"": 44.0, ""49"": 19.0, ""50"": 13.0, ""51"": 3.0, ""53"": 55.0, ""54"": 5.0, ""58"": 78.0, ""59"": 229.0, ""60"": 9.01818182, ""61"": 31.0, ""67"": 2.0, ""68"": 2.0, ""71"": 2.0, ""72"": 2.0, ""73"": 2.0, ""107"": 1.0, ""108"": 1.0, ""109"": 2.0, ""155"": 4.0, ""156"": 12.0, ""158"": 26.0, ""183"": 3.0, ""184"": 1.0, ""210"": 16.0, ""212"": 1.0, ""213"": 21.0}",2026-08-24T23:49:58-04:00
Tyler Allgeier,4373626,RB,ATL,ACTIVE,0.0,128.6,75.33355031,151.4,163.9494271039115,36.0563272950908,143,143,"{""210"": 14.17647059}","{""23"": 186.0, ""24"": 683.0, ""25"": 4.0, ""27"": 130.0, ""28"": 61.0, ""29"": 26.0, ""30"": 19.0, ""31"": 5.0, ""33"": 30.0, ""34"": 9.0, ""39"": 3.67204301, ""40"": 40.17647059, ""41"": 18.0, ""42"": 193.0, ""43"": 1.0, ""44"": 1.0, ""45"": 1.0, ""46"": 1.0, ""47"": 38.0, ""48"": 16.0, ""49"": 5.0, ""50"": 5.0, ""51"": 2.0, ""53"": 18.0, ""58"": 23.0, ""59"": 217.0, ""60"": 10.72222222, ""61"": 11.35294118, ""107"": 1.0, ""109"": 1.0, ""155"": 7.0, ""156"": 10.0, ""158"": 32.0, ""179"": 3.0, ""182"": 1.0, ""210"": 17.0, ""212"": 39.0, ""213"": 6.0}",2026-08-24T23:49:58-04:00
Elijah Moore,4372414,WR,CLE,ACTIVE,117.63585197,102.6,164.3093866,69.6,162.00671671276174,34.963493307106305,323,323,"{""23"": 4.816212611, ""24"": 27.92586044, ""25"": 0.207598931, ""26"": 0.008324258, ""27"": 5.0, ""28"": 2.0, ""29"": 1.0, ""30"": 1.0, ""35"": 0.008855669, ""36"": 0.006198968, ""37"": 0.001816398, ""38"": 6.19867e-05, ""39"": 5.798303085, ""40"": 1.847235905, ""42"": 670.5014325, ""43"": 3.851990345, ""44"": 0.214717562, ""45"": 0.234596448, ""46"": 0.153308779, ""47"": 134.0, ""48"": 67.0, ""49"": 33.0, ""50"": 26.0, ""51"": 13.0, ""53"": 48.10515331, ""54"": 9.0, ""55"": 4.0, ""56"": 0.854898084, ""57"": 0.026440147, ""58"": 79.36204611, ""60"": 13.93824541, ""61"": 44.35223484, ""62"": 0.223041821, ""63"": 0.004245352, ""66"": 0.087808303, ""67"": 0.877044315, ""68"": 0.964852619, ""70"": 0.04039182, ""71"": 0.491144817, ""72"": 0.531536636, ""73"": 0.531536636, ""210"": 15.11764706, ""212"": 3.462281025, ""213"": 29.87997924}","{""23"": 9.0, ""24"": 11.0, ""27"": 5.0, ""28"": 1.0, ""39"": 1.22222222, ""40"": 0.64705882, ""41"": 59.0, ""42"": 640.0, ""43"": 2.0, ""47"": 120.0, ""48"": 57.0, ""49"": 25.0, ""50"": 16.0, ""51"": 4.0, ""53"": 59.0, ""54"": 4.0, ""58"": 104.0, ""59"": 191.0, ""60"": 10.84745763, ""61"": 37.64705882, ""66"": 1.0, ""67"": 1.0, ""68"": 2.0, ""70"": 1.0, ""71"": 1.0, ""72"": 2.0, ""73"": 2.0, ""108"": 2.0, ""109"": 2.0, ""115"": 23.0, ""118"": 2.0, ""155"": 11.0, ""156"": 6.0, ""158"": 12.0, ""183"": 1.0, ""184"": 1.0, ""210"": 17.0, ""212"": 2.0, ""213"": 28.0}",2026-08-24T23:49:58-04:00
Daniel Carlson,3051909,K,LV,ACTIVE,140.5468821,117.0,139.12251693,159.0,168.04876957494406,34.47639499173742,495,495,"{""74"": 4.519265204, ""75"": 6.167498094, ""76"": 1.64823289, ""77"": 8.530388215, ""78"": 9.841752278, ""79"": 1.311364063, ""80"": 16.62862465, ""81"": 16.79659055, ""82"": 0.167965906, ""83"": 29.67827807, ""84"": 32.80584093, ""85"": 3.127562859, ""86"": 37.07069213, ""87"": 37.82723687, ""88"": 0.756544737, ""198"": 4.519265204, ""199"": 6.167498094, ""200"": 1.64823289, ""210"": 17.0, ""214"": 1126.76653, ""215"": 153.0549361, ""216"": 1279.821466, ""221"": 244.040321, ""227"": 89.00457609, ""233"": 333.0448971}","{""74"": 1.0, ""75"": 3.0, ""76"": 2.0, ""77"": 9.0, ""78"": 10.0, ""79"": 1.0, ""80"": 16.0, ""81"": 17.0, ""82"": 1.0, ""83"": 26.0, ""84"": 30.0, ""85"": 4.0, ""86"": 32.0, ""87"": 32.0, ""108"": 1.0, ""109"": 1.0, ""155"": 8.0, ""156"": 9.0, ""158"": 110.0, ""198"": 1.0, ""199"": 3.0, ""200"": 2.0, ""210"": 17.0, ""214"": 889.0, ""215"": 176.0, ""216"": 1065.0, ""217"": 173.0, ""218"": 83.0, ""219"": 38.0, ""220"": 28.0, ""221"": 11.0, ""222"": 3.0, ""223"": 35.0, ""224"": 17.0, ""225"": 8.0, ""226"": 6.0, ""227"": 2.0, ""228"": 1.0, ""229"": 208.0, ""230"": 101.0, ""231"": 47.0, ""232"": 35.0, ""233"": 15.0, ""234"": 5.0}",2026-08-24T23:49:58-04:00
Chigoziem Okonkwo,4360635,TE,TEN,ACTIVE,0.0,86.4,14.41072761,81.2,165.0089365504915,33.95468961259399,251,249,"{""210"": 15.11764706}","{""23"": 2.0, ""24"": 6.0, ""39"": 3.0, ""40"": 0.35294118, ""41"": 54.0, ""42"": 528.0, ""43"": 1.0, ""47"": 99.0, ""48"": 44.0, ""49"": 19.0, ""50"": 14.0, ""51"": 2.0, ""53"": 54.0, ""54"": 3.0, ""58"": 77.0, ""59"": 260.0, ""60"": 9.77777778, ""61"": 31.05882353, ""107"": 1.0, ""109"": 1.0, ""155"": 6.0, ""156"": 11.0, ""158"": 6.0, ""184"": 1.0, ""210"": 17.0, ""212"": 1.0, ""213"": 25.0}",2026-08-24T23:49:58-04:00
Brandon McManus,16339,K,WSH,ACTIVE,137.73851282,139.0,139.43075597,127.0,164.80805369127518,33.34799268910569,500,500,"{""74"": 4.228348373, ""75"": 6.202698919, ""76"": 1.974350547, ""77"": 8.073686215, ""78"": 9.897923807, ""79"": 1.824237593, ""80"": 16.363637, ""81"": 16.89245663, ""82"": 0.528819627, ""83"": 28.66567159, ""84"": 32.99307936, ""85"": 4.327407766, ""86"": 39.53852286, ""87"": 41.37148984, ""88"": 1.832966973, ""198"": 4.228348373, ""199"": 6.202698919, ""200"": 1.974350547, ""210"": 17.0, ""214"": 1082.555802, ""215"": 204.57021, ""216"": 1287.126012, ""221"": 228.3308121, ""227"": 106.6149295, ""233"": 334.9457416}","{""74"": 5.0, ""75"": 10.0, ""76"": 5.0, ""77"": 11.0, ""78"": 13.0, ""79"": 2.0, ""80"": 14.0, ""81"": 14.0, ""83"": 30.0, ""84"": 37.0, ""85"": 7.0, ""86"": 35.0, ""87"": 35.0, ""108"": 1.0, ""109"": 1.0, ""155"": 9.0, ""156"": 8.0, ""158"": 125.0, ""198"": 5.0, ""199"": 10.0, ""200"": 5.0, ""210"": 17.0, ""214"": 1195.0, ""215"": 308.0, ""216"": 1503.0, ""217"": 233.0, ""218"": 113.0, ""219"": 53.0, ""220"": 40.0, ""221"": 15.0, ""222"": 6.0, ""223"": 60.0, ""224"": 28.0, ""225"": 13.0, ""226"": 10.0, ""227"": 4.0, ""228"": 1.0, ""229"": 294.0, ""230"": 142.0, ""231"": 67.0, ""232"": 52.0, ""233"": 21.0, ""234"": 7.0}",2026-08-24T23:49:58-04:00
Buccaneers D/ST,-16027,D/ST,TB,,0.0,123.0,109.14491533,87.0,168.85830324909747,32.69760823493794,428,428,"{""210"": 17.0}","{""89"": 1.0, ""90"": 1.0, ""91"": 2.0, ""92"": 3.0, ""94"": 1.0, ""95"": 13.0, ""96"": 12.0, ""98"": 1.0, ""99"": 48.0, ""100"": 96.0, ""103"": 1.0, ""105"": 1.0, ""106"": 18.0, ""107"": 409.0, ""108"": 741.0, ""109"": 1150.0, ""110"": 378.0, ""111"": 225.0, ""112"": 75.0, ""113"": 64.0, ""114"": 327.0, ""115"": 234.0, ""116"": 29.0, ""117"": 10.0, ""118"": 18.0, ""119"": 4.0, ""120"": 323.0, ""121"": 3.0, ""122"": 6.0, ""123"": 0.0, ""124"": 1.0, ""127"": 5852.0, ""128"": 0.0, ""129"": 2.0, ""130"": 3.0, ""131"": 3.0, ""132"": 3.0, ""133"": 4.0, ""134"": 2.0, ""135"": 0.0, ""136"": 0.0, ""155"": 9.0, ""156"": 8.0, ""187"": 323.0, ""188"": 1.0, ""189"": 1.0, ""190"": 2.0, ""191"": 3.0, ""192"": 3.0, ""193"": 6.0, ""194"": 0.0, ""195"": 1.0, ""210"": 17.0}",2026-08-24T23:49:58-04:00
Texans D/ST,-16034,D/ST,HOU,,0.0,114.0,52.25020676,93.0,168.37861010830323,31.90836819602308,363,363,"{""210"": 17.0}","{""89"": 0.0, ""90"": 2.0, ""91"": 2.0, ""92"": 5.0, ""94"": 1.0, ""95"": 14.0, ""96"": 9.0, ""97"": 1.0, ""99"": 46.0, ""100"": 92.0, ""101"": 2.0, ""104"": 1.0, ""105"": 3.0, ""106"": 15.0, ""107"": 449.0, ""108"": 744.0, ""109"": 1193.0, ""110"": 393.0, ""111"": 232.0, ""112"": 99.0, ""113"": 70.0, ""114"": 613.0, ""115"": 292.0, ""116"": 57.0, ""117"": 18.0, ""118"": 23.0, ""119"": 4.0, ""120"": 345.0, ""121"": 1.0, ""122"": 3.0, ""123"": 2.0, ""124"": 2.0, ""127"": 5622.0, ""128"": 0.0, ""129"": 1.0, ""130"": 5.0, ""131"": 3.0, ""132"": 3.0, ""133"": 5.0, ""134"": 0.0, ""135"": 0.0, ""136"": 0.0, ""155"": 10.0, ""156"": 7.0, ""187"": 345.0, ""188"": 0.0, ""189"": 2.0, ""190"": 2.0, ""191"": 5.0, ""192"": 1.0, ""193"": 3.0, ""194"": 2.0, ""195"": 2.0, ""210"": 17.0}",2026-08-24T23:49:58-04:00
DeMario Douglas,4427095,WR,NE,ACTIVE,0.0,82.7,,,169.84077439747136,30.72846775297823,131,131,"{""210"": 15.11764706}","{""23"": 8.0, ""24"": 41.0, ""27"": 7.0, ""28"": 3.0, ""29"": 1.0, ""39"": 5.125, ""40"": 2.92857143, ""41"": 49.0, ""42"": 561.0, ""47"": 106.0, ""48"": 50.0, ""49"": 21.0, ""50"": 15.0, ""51"": 4.0, ""53"": 49.0, ""54"": 5.0, ""58"": 79.0, ""59"": 336.0, ""60"": 11.44897959, ""61"": 40.07142857, ""67"": 1.0, ""68"": 3.0, ""71"": 1.0, ""72"": 1.0, ""73"": 1.0, ""108"": 1.0, ""109"": 1.0, ""115"": 56.0, ""118"": 4.0, ""119"": 1.0, ""155"": 3.0, ""156"": 11.0, ""210"": 14.0, ""212"": 2.0, ""213"": 26.0}",2026-08-24T23:49:58-04:00
Rashid Shaheed,4032473,WR,NO,ACTIVE,0.0,132.6,,86.5,169.93441327538523,30.6672247064784,166,166,"{""210"": 15.11764706}","{""23"": 7.0, ""24"": 37.0, ""27"": 5.0, ""28"": 2.0, ""39"": 5.28571429, ""40"": 2.46666667, ""41"": 46.0, ""42"": 719.0, ""43"": 5.0, ""45"": 2.0, ""46"": 1.0, ""47"": 137.0, ""48"": 65.0, ""49"": 30.0, ""50"": 22.0, ""51"": 8.0, ""52"": 1.0, ""53"": 46.0, ""54"": 3.0, ""56"": 1.0, ""58"": 75.0, ""59"": 151.0, ""60"": 15.63043478, ""61"": 47.93333333, ""68"": 1.0, ""72"": 1.0, ""73"": 1.0, ""102"": 1.0, ""105"": 1.0, ""114"": 384.0, ""115"": 339.0, ""116"": 34.0, ""117"": 10.0, ""118"": 28.0, ""119"": 7.0, ""155"": 8.0, ""156"": 7.0, ""158"": 36.0, ""184"": 1.0, ""186"": 2.0, ""210"": 15.0, ""212"": 1.0, ""213"": 27.0}",2026-08-24T23:49:58-04:00
Jerick McKinnon,16782,RB,KC,ACTIVE,117.40932331,73.7,72.87250064,168.3,168.95803571428573,30.30800417935506,2205,2207,"{""23"": 69.52577587, ""24"": 290.7295735, ""25"": 2.679942191, ""26"": 0.146451298, ""27"": 58.0, ""28"": 29.0, ""29"": 14.0, ""30"": 11.0, ""31"": 5.0, ""33"": 13.0, ""34"": 6.0, ""35"": 0.13234425, ""36"": 0.092640975, ""37"": 0.218087455, ""38"": 0.007442488, ""39"": 4.181608474, ""40"": 20.50789523, ""42"": 350.3876481, ""43"": 2.972341715, ""44"": 0.138384256, ""45"": 0.099794769, ""46"": 0.065215881, ""47"": 70.0, ""48"": 35.0, ""49"": 17.0, ""50"": 14.0, ""51"": 7.0, ""53"": 39.23392736, ""54"": 7.0, ""55"": 3.0, ""56"": 0.173657588, ""57"": 0.005370853, ""58"": 50.78437084, ""60"": 8.930730917, ""61"": 24.71614115, ""62"": 0.284835554, ""63"": 0.003559997, ""66"": 0.517219308, ""67"": 0.291870813, ""68"": 0.809090121, ""70"": 0.237920881, ""71"": 0.163447655, ""72"": 0.401368537, ""73"": 0.401368537, ""210"": 14.17647059, ""212"": 18.11038129, ""213"": 18.67074959}","{""0"": 1.0, ""1"": 1.0, ""3"": 4.0, ""4"": 1.0, ""21"": 1.0, ""22"": 0.33333333, ""23"": 21.0, ""24"": 60.0, ""25"": 1.0, ""27"": 9.0, ""28"": 2.0, ""39"": 2.85714286, ""40"": 5.0, ""41"": 25.0, ""42"": 192.0, ""43"": 4.0, ""47"": 33.0, ""48"": 14.0, ""49"": 4.0, ""53"": 25.0, ""58"": 32.0, ""59"": 219.0, ""60"": 7.68, ""61"": 16.0, ""114"": 20.0, ""116"": 2.0, ""155"": 8.0, ""156"": 4.0, ""158"": 36.0, ""175"": 1.0, ""179"": 1.0, ""183"": 3.0, ""184"": 1.0, ""210"": 12.0, ""211"": 1.0, ""212"": 7.0, ""213"": 10.0}",2026-08-24T23:49:58-04:00
Samaje Perine,3116389,RB,DEN,ACTIVE,0.0,96.3,78.38694863,123.1,168.46779928881864,30.215981101207134,240,240,"{""210"": 14.17647059}","{""23"": 53.0, ""24"": 238.0, ""25"": 1.0, ""27"": 42.0, ""28"": 17.0, ""29"": 6.0, ""30"": 4.0, ""31"": 1.0, ""33"": 5.0, ""39"": 4.49056604, ""40"": 14.0, ""41"": 50.0, ""42"": 455.0, ""47"": 87.0, ""48"": 39.0, ""49"": 14.0, ""50"": 9.0, ""51"": 2.0, ""53"": 50.0, ""54"": 2.0, ""58"": 56.0, ""59"": 462.0, ""60"": 9.1, ""61"": 26.76470588, ""66"": 1.0, ""67"": 2.0, ""68"": 3.0, ""70"": 1.0, ""71"": 1.0, ""72"": 2.0, ""73"": 2.0, ""107"": 1.0, ""109"": 1.0, ""155"": 8.0, ""156"": 9.0, ""158"": 6.0, ""179"": 1.0, ""210"": 17.0, ""212"": 14.0, ""213"": 23.0}",2026-08-24T23:49:58-04:00
Quentin Johnston,4429025,WR,LAC,ACTIVE,0.0,75.0,,,169.71473725800078,29.94463264054677,124,129,"{""210"": 15.11764706}","{""23"": 3.0, ""24"": 9.0, ""27"": 1.0, ""39"": 3.0, ""40"": 0.52941176, ""41"": 38.0, ""42"": 431.0, ""43"": 2.0, ""47"": 79.0, ""48"": 36.0, ""49"": 14.0, ""50"": 10.0, ""51"": 3.0, ""53"": 38.0, ""54"": 2.0, ""58"": 67.0, ""59"": 152.0, ""60"": 11.34210526, ""61"": 25.35294118, ""108"": 1.0, ""109"": 1.0, ""155"": 5.0, ""156"": 12.0, ""158"": 12.0, ""183"": 2.0, ""210"": 17.0, ""213"": 20.0}",2026-08-24T23:49:58-04:00
Vikings D/ST,-16016,D/ST,MIN,,0.0,105.0,88.8452476,82.0,167.18907942238266,29.605514525341615,506,506,"{""210"": 17.0}","{""89"": 1.0, ""90"": 0.0, ""91"": 4.0, ""92"": 1.0, ""94"": 2.0, ""95"": 11.0, ""96"": 11.0, ""97"": 1.0, ""99"": 43.0, ""100"": 86.0, ""104"": 2.0, ""105"": 2.0, ""106"": 22.0, ""107"": 441.0, ""108"": 761.0, ""109"": 1202.0, ""110"": 394.0, ""111"": 231.0, ""112"": 61.0, ""113"": 67.0, ""114"": 477.0, ""115"": 289.0, ""116"": 43.0, ""117"": 15.0, ""118"": 21.0, ""119"": 4.0, ""120"": 354.0, ""121"": 3.0, ""122"": 3.0, ""123"": 5.0, ""124"": 0.0, ""127"": 5664.0, ""128"": 0.0, ""129"": 0.0, ""130"": 7.0, ""131"": 3.0, ""132"": 4.0, ""133"": 1.0, ""134"": 2.0, ""135"": 0.0, ""136"": 0.0, ""155"": 7.0, ""156"": 10.0, ""187"": 354.0, ""188"": 1.0, ""189"": 0.0, ""190"": 4.0, ""191"": 1.0, ""192"": 3.0, ""193"": 3.0, ""194"": 5.0, ""195"": 0.0, ""210"": 17.0}",2026-08-24T23:49:58-04:00
Rondale Moore,4372485,WR,ATL,ACTIVE,0.0,85.0,105.86232118,67.4,168.20821809561437,28.891104906262466,248,248,"{""210"": 15.11764706}","{""23"": 28.0, ""24"": 178.0, ""25"": 1.0, ""27"": 32.0, ""28"": 14.0, ""29"": 5.0, ""30"": 4.0, ""31"": 2.0, ""35"": 1.0, ""39"": 6.35714286, ""40"": 10.47058824, ""41"": 40.0, ""42"": 352.0, ""43"": 1.0, ""45"": 1.0, ""47"": 66.0, ""48"": 29.0, ""49"": 11.0, ""50"": 9.0, ""53"": 40.0, ""54"": 1.0, ""58"": 62.0, ""59"": 216.0, ""60"": 8.8, ""61"": 20.70588235, ""67"": 1.0, ""68"": 1.0, ""108"": 1.0, ""109"": 1.0, ""115"": 11.0, ""118"": 1.0, ""155"": 4.0, ""156"": 13.0, ""158"": 12.0, ""210"": 17.0, ""212"": 5.0, ""213"": 17.0}",2026-08-24T23:49:58-04:00
D'Onta Foreman,3125116,RB,CLE,ACTIVE,0.0,85.7,63.85019522,128.5,169.38838403792968,28.56287254031115,211,211,"{""210"": 13.35294118}","{""23"": 109.0, ""24"": 425.0, ""25"": 4.0, ""27"": 83.0, ""28"": 40.0, ""29"": 18.0, ""30"": 14.0, ""31"": 5.0, ""33"": 20.0, ""34"": 7.0, ""39"": 3.89908257, ""40"": 42.5, ""41"": 11.0, ""42"": 77.0, ""43"": 1.0, ""47"": 13.0, ""48"": 6.0, ""49"": 2.0, ""50"": 1.0, ""53"": 11.0, ""58"": 16.0, ""59"": 64.0, ""60"": 7.0, ""61"": 7.7, ""66"": 1.0, ""68"": 1.0, ""155"": 3.0, ""156"": 7.0, ""158"": 30.0, ""179"": 4.0, ""183"": 1.0, ""210"": 10.0, ""212"": 24.0, ""213"": 6.0}",2026-08-24T23:49:58-04:00
Deshaun Watson,3122840,QB,CLE,QUESTIONABLE,0.0,100.2,130.8263538,99.3,169.5304588607595,28.495579973685704,149,149,"{""210"": 15.0}","{""0"": 171.0, ""1"": 105.0, ""2"": 66.0, ""3"": 1115.0, ""4"": 7.0, ""5"": 220.0, ""6"": 108.0, ""7"": 52.0, ""8"": 42.0, ""9"": 20.0, ""10"": 9.0, ""11"": 19.0, ""12"": 8.0, ""13"": 10.0, ""14"": 4.0, ""15"": 1.0, ""20"": 4.0, ""21"": 0.61403509, ""22"": 185.83333333, ""23"": 26.0, ""24"": 142.0, ""25"": 1.0, ""26"": 3.0, ""27"": 27.0, ""28"": 12.0, ""29"": 5.0, ""30"": 2.0, ""33"": 3.0, ""39"": 5.46153846, ""40"": 23.66666667, ""64"": 17.0, ""65"": 3.0, ""66"": 1.0, ""68"": 5.0, ""69"": 1.0, ""70"": 1.0, ""72"": 2.0, ""73"": 6.0, ""155"": 5.0, ""156"": 1.0, ""158"": 54.0, ""175"": 3.0, ""176"": 3.0, ""180"": 1.0, ""210"": 6.0, ""211"": 52.0, ""212"": 10.0}",2026-08-24T23:49:58-04:00
Clyde Edwards-Helaire,4242214,RB,KC,ACTIVE,75.66255255,61.6,172.12695099,89.8,169.41643619122877,27.753289015420773,2303,2305,"{""23"": 65.87849749, ""24"": 291.9476814, ""25"": 2.427417837, ""26"": 0.132651421, ""27"": 58.0, ""28"": 29.0, ""29"": 14.0, ""30"": 11.0, ""31"": 5.0, ""33"": 13.0, ""34"": 6.0, ""35"": 0.125161116, ""36"": 0.087612781, ""37"": 0.219841342, ""38"": 0.007502342, ""39"": 4.431608074, ""40"": 20.59381985, ""42"": 149.4005787, ""43"": 1.332658736, ""44"": 0.062054208, ""45"": 0.057879635, ""46"": 0.037824341, ""47"": 29.0, ""48"": 14.0, ""49"": 7.0, ""50"": 5.0, ""51"": 2.0, ""53"": 18.06338214, ""54"": 3.0, ""55"": 1.0, ""56"": 0.058201131, ""57"": 0.001800035, ""58"": 24.68949455, ""60"": 8.270908379, ""61"": 10.53863003, ""62"": 0.194705629, ""63"": 0.002073517, ""66"": 0.369845087, ""67"": 0.101408705, ""68"": 0.471253793, ""70"": 0.17012874, ""71"": 0.056788875, ""72"": 0.226917615, ""73"": 0.226917615, ""210"": 14.17647059, ""212"": 17.74166993, ""213"": 7.632357191}","{""23"": 70.0, ""24"": 223.0, ""25"": 1.0, ""27"": 40.0, ""28"": 16.0, ""29"": 6.0, ""30"": 4.0, ""31"": 1.0, ""33"": 8.0, ""34"": 3.0, ""39"": 3.18571429, ""40"": 14.86666667, ""41"": 17.0, ""42"": 188.0, ""43"": 1.0, ""47"": 32.0, ""48"": 13.0, ""49"": 6.0, ""50"": 4.0, ""51"": 1.0, ""53"": 17.0, ""58"": 22.0, ""59"": 228.0, ""60"": 11.05882353, ""61"": 12.53333333, ""155"": 9.0, ""156"": 6.0, ""158"": 12.0, ""179"": 1.0, ""183"": 1.0, ""210"": 15.0, ""212"": 13.0, ""213"": 7.0}",2026-08-24T23:49:58-04:00
Derek Carr,16757,QB,NO,ACTIVE,0.0,289.6,314.61997175,266.0,169.63030844881538,27.50847605283854,314,314,"{""210"": 15.0}","{""0"": 548.0, ""1"": 375.0, ""2"": 173.0, ""3"": 3878.0, ""4"": 25.0, ""5"": 768.0, ""6"": 380.0, ""7"": 186.0, ""8"": 149.0, ""9"": 72.0, ""10"": 34.0, ""11"": 66.0, ""12"": 30.0, ""13"": 28.0, ""14"": 8.0, ""15"": 2.0, ""16"": 1.0, ""17"": 6.0, ""19"": 2.0, ""20"": 8.0, ""21"": 0.68430657, ""22"": 228.11764706, ""23"": 32.0, ""24"": 40.0, ""27"": 6.0, ""28"": 2.0, ""39"": 1.25, ""40"": 2.35294118, ""64"": 31.0, ""65"": 5.0, ""66"": 2.0, ""68"": 7.0, ""69"": 2.0, ""70"": 1.0, ""72"": 3.0, ""73"": 11.0, ""107"": 1.0, ""109"": 1.0, ""155"": 9.0, ""156"": 8.0, ""158"": 150.0, ""175"": 13.0, ""176"": 4.0, ""177"": 3.0, ""178"": 3.0, ""210"": 17.0, ""211"": 185.0, ""212"": 4.0}",2026-08-24T23:49:58-04:00
Dalvin Cook,3116593,RB,BAL,ACTIVE,140.95995671,32.7,235.92089063,218.3,168.45318056104307,26.861967182274,2149,2149,"{""23"": 171.9177833, ""24"": 737.3337613, ""25"": 4.39310598, ""26"": 0.235938682, ""27"": 147.0, ""28"": 73.0, ""29"": 36.0, ""30"": 29.0, ""31"": 14.0, ""33"": 34.0, ""34"": 17.0, ""35"": 0.34598103, ""36"": 0.242186721, ""37"": 1.454425749, ""38"": 0.049633971, ""39"": 4.288874293, ""40"": 52.01109519, ""42"": 214.6175228, ""43"": 1.068586985, ""44"": 0.051311312, ""45"": 0.044226662, ""46"": 0.028902123, ""47"": 42.0, ""48"": 21.0, ""49"": 10.0, ""50"": 8.0, ""51"": 4.0, ""53"": 28.89899304, ""54"": 5.0, ""55"": 2.0, ""56"": 0.089534249, ""57"": 0.0027691, ""58"": 38.02073825, ""60"": 7.42647062, ""61"": 15.13899538, ""62"": 0.287249994, ""63"": 0.009411055, ""66"": 1.831076313, ""67"": 0.307799813, ""68"": 2.138876126, ""70"": 0.842295104, ""71"": 0.172367896, ""72"": 1.014662999, ""73"": 1.014662999, ""210"": 14.17647059, ""212"": 40.6879224, ""213"": 11.7925947}","{""23"": 67.0, ""24"": 214.0, ""27"": 37.0, ""28"": 15.0, ""29"": 4.0, ""30"": 3.0, ""33"": 7.0, ""34"": 1.0, ""39"": 3.19402985, ""40"": 14.26666667, ""41"": 15.0, ""42"": 78.0, ""47"": 14.0, ""48"": 5.0, ""49"": 1.0, ""50"": 1.0, ""53"": 15.0, ""58"": 20.0, ""59"": 106.0, ""60"": 5.2, ""61"": 5.2, ""66"": 2.0, ""68"": 2.0, ""70"": 2.0, ""72"": 2.0, ""73"": 2.0, ""155"": 6.0, ""156"": 9.0, ""210"": 15.0, ""212"": 10.0, ""213"": 3.0}",2026-08-24T23:49:58-04:00
Dustin Hopkins,15965,K,CLE,QUESTIONABLE,136.50470635,146.0,128.65021895,39.0,159.34630872483223,26.759416866906076,257,257,"{""74"": 4.156970489, ""75"": 6.18184881, ""76"": 2.024878322, ""77"": 7.955326962, ""78"": 9.864652357, ""79"": 1.909325395, ""80"": 16.15294937, ""81"": 16.83567336, ""82"": 0.682723984, ""83"": 28.26524682, ""84"": 32.88217452, ""85"": 4.616927701, ""86"": 40.05662565, ""87"": 42.32312299, ""88"": 2.26649733, ""198"": 4.156970489, ""199"": 6.18184881, ""200"": 2.024878322, ""210"": 17.0, ""214"": 1067.054601, ""215"": 215.7447917, ""216"": 1282.799393, ""221"": 224.4764064, ""227"": 109.3434294, ""233"": 333.8198358}","{""74"": 8.0, ""75"": 8.0, ""77"": 10.0, ""78"": 13.0, ""79"": 3.0, ""80"": 15.0, ""81"": 15.0, ""83"": 33.0, ""84"": 36.0, ""85"": 3.0, ""86"": 24.0, ""87"": 26.0, ""88"": 2.0, ""108"": 2.0, ""109"": 2.0, ""155"": 10.0, ""156"": 5.0, ""158"": 123.0, ""198"": 8.0, ""199"": 8.0, ""210"": 15.0, ""214"": 1306.0, ""215"": 138.0, ""216"": 1444.0, ""217"": 256.0, ""218"": 124.0, ""219"": 58.0, ""220"": 47.0, ""221"": 22.0, ""222"": 6.0, ""223"": 26.0, ""224"": 12.0, ""225"": 6.0, ""226"": 3.0, ""229"": 283.0, ""230"": 139.0, ""231"": 66.0, ""232"": 52.0, ""233"": 25.0, ""234"": 9.0}",2026-08-24T23:49:58-04:00
Lions D/ST,-16008,D/ST,DET,,0.0,86.0,38.3392218,77.0,167.02842960288808,26.757615116092488,338,338,"{""210"": 17.0}","{""89"": 0.0, ""90"": 2.0, ""91"": 1.0, ""92"": 1.0, ""94"": 1.0, ""95"": 16.0, ""96"": 6.0, ""97"": 1.0, ""98"": 1.0, ""99"": 41.0, ""100"": 82.0, ""103"": 1.0, ""105"": 1.0, ""106"": 13.0, ""107"": 344.0, ""108"": 690.0, ""109"": 1034.0, ""110"": 337.0, ""111"": 199.0, ""112"": 75.0, ""113"": 79.0, ""114"": 421.0, ""115"": 331.0, ""116"": 37.0, ""117"": 12.0, ""118"": 26.0, ""119"": 7.0, ""120"": 377.0, ""121"": 4.0, ""122"": 4.0, ""123"": 3.0, ""124"": 2.0, ""127"": 5714.0, ""128"": 0.0, ""129"": 2.0, ""130"": 3.0, ""131"": 4.0, ""132"": 5.0, ""133"": 2.0, ""134"": 0.0, ""135"": 1.0, ""136"": 0.0, ""155"": 12.0, ""156"": 5.0, ""187"": 377.0, ""188"": 0.0, ""189"": 2.0, ""190"": 1.0, ""191"": 1.0, ""192"": 4.0, ""193"": 4.0, ""194"": 3.0, ""195"": 2.0, ""210"": 17.0}",2026-08-24T23:49:58-04:00
DJ Chark Jr.,3115394,WR,CAR,ACTIVE,117.13394184,98.0,122.59272674,83.2,169.13035714285715,26.62854455286392,273,273,"{""42"": 731.5221721, ""43"": 3.400530061, ""44"": 0.187096334, ""45"": 0.229415708, ""46"": 0.149923165, ""47"": 146.0, ""48"": 73.0, ""49"": 36.0, ""50"": 29.0, ""51"": 14.0, ""53"": 48.09854924, ""54"": 9.0, ""55"": 4.0, ""56"": 1.211129668, ""57"": 0.037457619, ""58"": 85.56671817, ""60"": 15.20881989, ""61"": 55.5173077, ""62"": 0.187096334, ""63"": 0.00331934, ""67"": 0.754395559, ""68"": 0.754395559, ""71"": 0.422461513, ""72"": 0.422461513, ""73"": 0.422461513, ""210"": 13.17647059, ""213"": 31.44420749}","{""41"": 35.0, ""42"": 525.0, ""43"": 5.0, ""45"": 1.0, ""47"": 99.0, ""48"": 44.0, ""49"": 19.0, ""50"": 14.0, ""51"": 3.0, ""53"": 35.0, ""54"": 1.0, ""58"": 66.0, ""59"": 84.0, ""60"": 15.0, ""61"": 35.0, ""67"": 2.0, ""68"": 2.0, ""71"": 1.0, ""72"": 1.0, ""73"": 1.0, ""107"": 1.0, ""109"": 1.0, ""155"": 2.0, ""156"": 13.0, ""158"": 30.0, ""183"": 1.0, ""184"": 3.0, ""210"": 15.0, ""213"": 22.0}",2026-08-24T23:49:58-04:00
Zay Jones,3059722,WR,JAX,ACTIVE,0.0,61.1,89.12692596,157.1,169.27767857142857,26.496865796309205,153,153,"{""210"": 15.11764706}","{""41"": 34.0, ""42"": 321.0, ""43"": 2.0, ""47"": 61.0, ""48"": 28.0, ""49"": 12.0, ""50"": 9.0, ""51"": 3.0, ""53"": 34.0, ""54"": 5.0, ""58"": 64.0, ""59"": 51.0, ""60"": 9.44117647, ""61"": 35.66666667, ""108"": 2.0, ""109"": 2.0, ""155"": 4.0, ""156"": 5.0, ""158"": 12.0, ""183"": 1.0, ""184"": 1.0, ""210"": 9.0, ""213"": 14.0}",2026-08-24T23:49:58-04:00
Michael Gallup,4036348,WR,DAL,ACTIVE,131.53033576,70.8,131.89313095,85.9,163.49624654286842,26.145241086152804,2124,2124,"{""42"": 712.9759982, ""43"": 5.886357767, ""44"": 0.327235998, ""45"": 0.188751766, ""46"": 0.123349279, ""47"": 142.0, ""48"": 71.0, ""49"": 35.0, ""50"": 28.0, ""51"": 14.0, ""53"": 50.09206374, ""54"": 10.0, ""55"": 5.0, ""56"": 1.018156922, ""57"": 0.031489389, ""58"": 88.99730759, ""60"": 14.23331253, ""61"": 47.16183646, ""62"": 0.327235998, ""63"": 0.003087521, ""67"": 0.701709404, ""68"": 0.701709404, ""71"": 0.392957266, ""72"": 0.392957266, ""73"": 0.392957266, ""210"": 15.11764706, ""213"": 32.33602814}","{""41"": 34.0, ""42"": 418.0, ""43"": 2.0, ""45"": 1.0, ""47"": 78.0, ""48"": 37.0, ""49"": 15.0, ""50"": 9.0, ""51"": 3.0, ""53"": 34.0, ""54"": 2.0, ""58"": 57.0, ""59"": 104.0, ""60"": 12.29411765, ""61"": 24.58823529, ""108"": 2.0, ""109"": 2.0, ""155"": 12.0, ""156"": 5.0, ""158"": 12.0, ""183"": 1.0, ""210"": 17.0, ""213"": 19.0}",2026-08-24T23:49:58-04:00
Broncos D/ST,-16007,D/ST,DEN,,0.0,97.0,89.78681015,90.0,166.26805054151623,24.609250350437932,516,516,"{""210"": 17.0}","{""89"": 0.0, ""90"": 0.0, ""91"": 4.0, ""92"": 2.0, ""94"": 1.0, ""95"": 11.0, ""96"": 15.0, ""97"": 1.0, ""98"": 1.0, ""99"": 42.0, ""100"": 84.0, ""101"": 1.0, ""104"": 1.0, ""105"": 2.0, ""106"": 19.0, ""107"": 400.0, ""108"": 723.0, ""109"": 1123.0, ""110"": 367.0, ""111"": 217.0, ""112"": 67.0, ""113"": 62.0, ""114"": 398.0, ""115"": 326.0, ""116"": 36.0, ""117"": 13.0, ""118"": 28.0, ""119"": 9.0, ""120"": 405.0, ""121"": 2.0, ""122"": 5.0, ""123"": 1.0, ""124"": 2.0, ""125"": 1.0, ""127"": 6303.0, ""128"": 0.0, ""129"": 0.0, ""130"": 5.0, ""131"": 2.0, ""132"": 6.0, ""133"": 2.0, ""134"": 1.0, ""135"": 0.0, ""136"": 1.0, ""155"": 8.0, ""156"": 9.0, ""187"": 405.0, ""188"": 0.0, ""189"": 0.0, ""190"": 4.0, ""191"": 2.0, ""192"": 2.0, ""193"": 5.0, ""194"": 1.0, ""195"": 2.0, ""196"": 1.0, ""210"": 17.0}",2026-08-24T23:49:58-04:00
Treylon Burks,4567156,WR,TEN,ACTIVE,0.0,31.9,136.25684784,71.6,165.5440537337021,24.605210595031355,331,331,"{""210"": 15.11764706}","{""23"": 5.0, ""24"": 18.0, ""27"": 3.0, ""39"": 3.6, ""40"": 1.63636364, ""41"": 16.0, ""42"": 221.0, ""47"": 42.0, ""48"": 19.0, ""49"": 8.0, ""50"": 6.0, ""51"": 2.0, ""53"": 16.0, ""58"": 30.0, ""59"": 71.0, ""60"": 13.8125, ""61"": 20.09090909, ""155"": 4.0, ""156"": 7.0, ""210"": 11.0, ""213"": 8.0}",2026-08-24T23:49:58-04:00
K.J. Osborn,3916566,WR,NE,ACTIVE,0.0,96.0,112.13093377,125.6,167.58751481627814,23.874643535414272,392,392,"{""210"": 15.11764706}","{""41"": 48.0, ""42"": 540.0, ""43"": 3.0, ""47"": 101.0, ""48"": 45.0, ""49"": 18.0, ""50"": 13.0, ""51"": 2.0, ""53"": 48.0, ""54"": 4.0, ""58"": 75.0, ""59"": 185.0, ""60"": 11.25, ""61"": 33.75, ""68"": 1.0, ""108"": 4.0, ""109"": 4.0, ""155"": 6.0, ""156"": 10.0, ""158"": 18.0, ""183"": 1.0, ""184"": 1.0, ""186"": 1.0, ""210"": 16.0, ""213"": 28.0}",2026-08-24T23:49:58-04:00
JuJu Smith-Schuster,3120348,WR,NE,QUESTIONABLE,0.0,46.5,159.7505964,146.3,168.34729355985777,23.87079067424821,330,330,"{""210"": 15.11764706}","{""41"": 29.0, ""42"": 260.0, ""43"": 1.0, ""47"": 48.0, ""48"": 22.0, ""49"": 8.0, ""50"": 7.0, ""51"": 2.0, ""53"": 29.0, ""54"": 2.0, ""58"": 47.0, ""59"": 94.0, ""60"": 8.96551724, ""61"": 23.63636364, ""108"": 2.0, ""109"": 2.0, ""155"": 2.0, ""156"": 9.0, ""158"": 6.0, ""183"": 1.0, ""210"": 11.0, ""213"": 13.0}",2026-08-24T23:49:58-04:00
Kirk Cousins,14880,QB,ATL,QUESTIONABLE,0.0,184.7,326.02126651,348.7,149.18596334376397,23.68582003743676,146,146,"{""210"": 15.0}","{""0"": 311.0, ""1"": 216.0, ""2"": 95.0, ""3"": 2331.0, ""4"": 18.0, ""5"": 461.0, ""6"": 229.0, ""7"": 113.0, ""8"": 89.0, ""9"": 42.0, ""10"": 18.0, ""11"": 40.0, ""12"": 19.0, ""13"": 16.0, ""14"": 6.0, ""15"": 3.0, ""16"": 3.0, ""17"": 4.0, ""20"": 5.0, ""21"": 0.69453376, ""22"": 291.375, ""23"": 14.0, ""24"": 25.0, ""27"": 5.0, ""28"": 1.0, ""39"": 1.78571429, ""40"": 3.125, ""64"": 17.0, ""65"": 4.0, ""66"": 2.0, ""68"": 7.0, ""69"": 3.0, ""70"": 1.0, ""72"": 4.0, ""73"": 9.0, ""155"": 4.0, ""156"": 4.0, ""158"": 108.0, ""175"": 8.0, ""176"": 2.0, ""177"": 2.0, ""178"": 3.0, ""210"": 8.0, ""211"": 112.0, ""212"": 6.0}",2026-08-24T23:49:58-04:00
Roschon Johnson,4426386,RB,CHI,ACTIVE,0.0,85.1,,,167.32398261556696,23.398311941374583,176,176,"{""210"": 14.17647059}","{""23"": 81.0, ""24"": 352.0, ""25"": 2.0, ""27"": 66.0, ""28"": 29.0, ""29"": 10.0, ""30"": 6.0, ""33"": 12.0, ""34"": 1.0, ""39"": 4.34567901, ""40"": 23.46666667, ""41"": 34.0, ""42"": 209.0, ""47"": 38.0, ""48"": 17.0, ""49"": 5.0, ""50"": 3.0, ""53"": 34.0, ""54"": 2.0, ""58"": 40.0, ""59"": 247.0, ""60"": 6.14705882, ""61"": 13.93333333, ""66"": 1.0, ""68"": 1.0, ""107"": 2.0, ""108"": 1.0, ""109"": 3.0, ""155"": 6.0, ""156"": 9.0, ""158"": 12.0, ""179"": 2.0, ""210"": 15.0, ""212"": 16.0, ""213"": 6.0}",2026-08-24T23:49:58-04:00
Skyy Moore,4430191,WR,KC,ACTIVE,0.0,43.2,111.64529434,32.4,169.44369814302647,23.37431311730141,393,393,"{""210"": 15.11764706}","{""23"": 3.0, ""24"": 23.0, ""27"": 3.0, ""28"": 1.0, ""39"": 7.66666667, ""40"": 1.64285714, ""41"": 21.0, ""42"": 244.0, ""43"": 1.0, ""47"": 45.0, ""48"": 21.0, ""49"": 8.0, ""50"": 5.0, ""51"": 1.0, ""53"": 21.0, ""58"": 38.0, ""59"": 109.0, ""60"": 11.61904762, ""61"": 17.42857143, ""108"": 2.0, ""109"": 2.0, ""155"": 9.0, ""156"": 5.0, ""158"": 6.0, ""183"": 1.0, ""210"": 14.0, ""212"": 1.0, ""213"": 13.0}",2026-08-24T23:49:58-04:00
Darnell Mooney,4040655,WR,ATL,ACTIVE,0.0,63.4,174.03644002,81.5,169.44369814302647,23.36636716731401,111,115,"{""210"": 15.11764706}","{""23"": 2.0, ""24"": 5.0, ""39"": 2.5, ""40"": 0.33333333, ""41"": 31.0, ""42"": 414.0, ""43"": 1.0, ""47"": 77.0, ""48"": 37.0, ""49"": 16.0, ""50"": 11.0, ""51"": 3.0, ""53"": 31.0, ""54"": 1.0, ""58"": 61.0, ""59"": 181.0, ""60"": 13.35483871, ""61"": 27.6, ""107"": 1.0, ""108"": 2.0, ""109"": 3.0, ""155"": 6.0, ""156"": 9.0, ""158"": 6.0, ""185"": 1.0, ""210"": 15.0, ""213"": 20.0}",2026-08-24T23:49:58-04:00
Nick Chubb,3128720,RB,CLE,QUESTIONABLE,0.0,21.1,202.71579126,267.9,167.68470960094825,23.084745056364735,1716,1716,"{""210"": 11.47058824}","{""23"": 28.0, ""24"": 170.0, ""27"": 33.0, ""28"": 16.0, ""29"": 8.0, ""30"": 6.0, ""31"": 3.0, ""32"": 1.0, ""33"": 5.0, ""34"": 2.0, ""37"": 1.0, ""39"": 6.07142857, ""40"": 85.0, ""41"": 4.0, ""42"": 21.0, ""47"": 4.0, ""48"": 2.0, ""49"": 1.0, ""53"": 4.0, ""58"": 4.0, ""59"": 20.0, ""60"": 5.25, ""61"": 10.5, ""155"": 1.0, ""156"": 1.0, ""210"": 2.0, ""212"": 8.0, ""213"": 1.0}",2026-08-24T23:49:58-04:00
Cam Akers,4240021,RB,MIN,QUESTIONABLE,179.44410322,41.2,134.76461502,134.8,166.50612406163572,22.887505693031727,2304,2306,"{""23"": 208.6996969, ""24"": 864.5554936, ""25"": 6.681982006, ""26"": 0.300937985, ""27"": 172.0, ""28"": 86.0, ""29"": 43.0, ""30"": 34.0, ""31"": 17.0, ""33"": 41.0, ""34"": 20.0, ""35"": 0.426444927, ""36"": 0.298511449, ""37"": 1.945493607, ""38"": 0.066392233, ""39"": 4.142581453, ""40"": 60.98524229, ""42"": 279.7818529, ""43"": 1.591564721, ""44"": 0.084149118, ""45"": 0.072010904, ""46"": 0.047059126, ""47"": 55.0, ""48"": 27.0, ""49"": 13.0, ""50"": 11.0, ""51"": 5.0, ""53"": 33.51834643, ""54"": 6.0, ""55"": 3.0, ""56"": 0.112801057, ""57"": 0.003488692, ""58"": 43.7590453, ""60"": 8.347125759, ""61"": 19.73564938, ""62"": 0.385087103, ""63"": 0.010029946, ""66"": 1.964089298, ""67"": 0.3154438, ""68"": 2.279533099, ""70"": 0.903481077, ""71"": 0.176648528, ""72"": 1.080129605, ""73"": 1.080129605, ""210"": 14.17647059, ""212"": 48.92458473, ""213"": 14.85632806}","{""23"": 60.0, ""24"": 167.0, ""25"": 2.0, ""27"": 31.0, ""28"": 13.0, ""29"": 5.0, ""30"": 4.0, ""33"": 10.0, ""34"": 3.0, ""39"": 2.78333333, ""40"": 23.85714286, ""41"": 11.0, ""42"": 70.0, ""47"": 12.0, ""48"": 5.0, ""49"": 1.0, ""50"": 1.0, ""53"": 11.0, ""58"": 12.0, ""59"": 78.0, ""60"": 6.36363636, ""61"": 10.0, ""64"": 1.0, ""155"": 6.0, ""156"": 1.0, ""158"": 12.0, ""179"": 2.0, ""210"": 7.0, ""212"": 12.0, ""213"": 2.0}",2026-08-24T23:49:58-04:00
Joshua Dobbs,3044720,QB,SF,ACTIVE,0.0,225.7,14.71275609,24.6,167.86365668305766,22.81148749037836,2017,1032,"{""210"": 4.0}","{""0"": 417.0, ""1"": 262.0, ""2"": 155.0, ""3"": 2464.0, ""4"": 13.0, ""5"": 488.0, ""6"": 239.0, ""7"": 118.0, ""8"": 92.0, ""9"": 43.0, ""10"": 18.0, ""11"": 49.0, ""12"": 22.0, ""13"": 26.0, ""14"": 12.0, ""19"": 1.0, ""20"": 10.0, ""21"": 0.62829736, ""22"": 189.53846154, ""23"": 77.0, ""24"": 421.0, ""25"": 6.0, ""26"": 2.0, ""27"": 81.0, ""28"": 38.0, ""29"": 18.0, ""30"": 10.0, ""31"": 2.0, ""33"": 10.0, ""34"": 1.0, ""39"": 5.46753247, ""40"": 32.38461538, ""64"": 30.0, ""65"": 6.0, ""66"": 5.0, ""68"": 14.0, ""69"": 5.0, ""70"": 2.0, ""72"": 7.0, ""73"": 17.0, ""155"": 4.0, ""156"": 9.0, ""158"": 118.0, ""175"": 8.0, ""176"": 3.0, ""177"": 2.0, ""179"": 2.0, ""180"": 2.0, ""181"": 2.0, ""210"": 13.0, ""211"": 126.0, ""212"": 31.0}",2026-08-24T23:49:58-04:00
Mike Williams,3045138,WR,NYJ,QUESTIONABLE,0.0,40.7,179.84543687,145.0,169.62544642857142,22.43505211964329,1735,99,"{""210"": 15.11764706}","{""23"": 1.0, ""24"": 3.0, ""39"": 3.0, ""40"": 1.0, ""41"": 19.0, ""42"": 249.0, ""43"": 1.0, ""45"": 1.0, ""47"": 49.0, ""48"": 24.0, ""49"": 12.0, ""50"": 8.0, ""51"": 3.0, ""52"": 1.0, ""53"": 19.0, ""54"": 2.0, ""56"": 1.0, ""58"": 26.0, ""59"": 108.0, ""60"": 13.10526316, ""61"": 83.0, ""155"": 1.0, ""156"": 2.0, ""158"": 6.0, ""210"": 3.0, ""213"": 9.0}",2026-08-24T23:49:58-04:00
Joshua Palmer,4242433,WR,LAC,QUESTIONABLE,0.0,87.7,123.68460132,133.3,152.40616357171078,22.224669760884733,128,128,"{""210"": 15.11764706}","{""23"": 1.0, ""24"": 6.0, ""27"": 1.0, ""39"": 6.0, ""40"": 0.54545455, ""41"": 38.0, ""42"": 581.0, ""43"": 2.0, ""45"": 1.0, ""46"": 1.0, ""47"": 111.0, ""48"": 54.0, ""49"": 25.0, ""50"": 18.0, ""51"": 7.0, ""52"": 2.0, ""53"": 38.0, ""54"": 3.0, ""56"": 2.0, ""58"": 61.0, ""59"": 196.0, ""60"": 15.28947368, ""61"": 52.81818182, ""67"": 1.0, ""68"": 1.0, ""71"": 1.0, ""72"": 1.0, ""73"": 1.0, ""108"": 1.0, ""109"": 1.0, ""155"": 4.0, ""156"": 7.0, ""158"": 12.0, ""186"": 1.0, ""210"": 11.0, ""213"": 22.0}",2026-08-24T23:49:58-04:00
Chase McLaughlin,3150744,K,TB,ACTIVE,118.20141976,134.0,0.0,132.0,169.78007145692735,22.159651213927923,364,364,"{""74"": 3.887617027, ""75"": 5.857735294, ""76"": 1.970118266, ""77"": 7.456202484, ""78"": 9.347449937, ""79"": 1.891247452, ""80"": 15.16605837, ""81"": 15.95298123, ""82"": 0.786922858, ""83"": 26.50987788, ""84"": 31.15816646, ""85"": 4.648288577, ""86"": 28.08863816, ""87"": 29.95570655, ""88"": 1.867068387, ""198"": 3.887617027, ""199"": 5.857735294, ""200"": 1.970118266, ""210"": 17.0, ""214"": 1000.442182, ""215"": 215.1002075, ""216"": 1215.54239, ""221"": 209.9313195, ""227"": 106.3863864, ""233"": 316.3177059}","{""74"": 7.0, ""75"": 8.0, ""76"": 1.0, ""77"": 2.0, ""78"": 3.0, ""79"": 1.0, ""80"": 20.0, ""81"": 20.0, ""83"": 29.0, ""84"": 31.0, ""85"": 2.0, ""86"": 33.0, ""87"": 33.0, ""155"": 9.0, ""156"": 8.0, ""158"": 120.0, ""198"": 7.0, ""199"": 8.0, ""200"": 1.0, ""210"": 17.0, ""214"": 1133.0, ""215"": 50.0, ""216"": 1183.0, ""217"": 221.0, ""218"": 107.0, ""219"": 50.0, ""220"": 39.0, ""221"": 16.0, ""222"": 4.0, ""223"": 10.0, ""224"": 5.0, ""225"": 2.0, ""226"": 2.0, ""227"": 1.0, ""229"": 231.0, ""230"": 112.0, ""231"": 53.0, ""232"": 41.0, ""233"": 17.0, ""234"": 5.0}",2026-08-24T23:49:58-04:00
Cade Otton,4243331,TE,TB,ACTIVE,0.0,93.0,27.81042101,72.1,169.91554959785523,22.02859153470528,311,311,"{""210"": 15.11764706}","{""41"": 47.0, ""42"": 455.0, ""43"": 4.0, ""44"": 1.0, ""47"": 86.0, ""48"": 39.0, ""49"": 15.0, ""50"": 9.0, ""51"": 1.0, ""53"": 47.0, ""54"": 3.0, ""58"": 67.0, ""59"": 223.0, ""60"": 9.68085106, ""61"": 26.76470588, ""67"": 1.0, ""68"": 1.0, ""71"": 1.0, ""72"": 1.0, ""73"": 1.0, ""108"": 1.0, ""109"": 1.0, ""155"": 9.0, ""156"": 8.0, ""158"": 26.0, ""183"": 2.0, ""184"": 2.0, ""210"": 17.0, ""213"": 22.0}",2026-08-24T23:49:58-04:00
Anthony Richardson,4429084,QB,IND,QUESTIONABLE,0.0,78.4,,,169.5431170886076,21.821718609216596,60,60,"{""210"": 15.0}","{""0"": 84.0, ""1"": 50.0, ""2"": 34.0, ""3"": 577.0, ""4"": 3.0, ""5"": 114.0, ""6"": 56.0, ""7"": 27.0, ""8"": 21.0, ""9"": 10.0, ""10"": 4.0, ""11"": 8.0, ""12"": 3.0, ""13"": 4.0, ""14"": 2.0, ""19"": 2.0, ""20"": 1.0, ""21"": 0.5952381, ""22"": 144.25, ""23"": 25.0, ""24"": 136.0, ""25"": 4.0, ""27"": 27.0, ""28"": 12.0, ""29"": 5.0, ""30"": 4.0, ""31"": 1.0, ""33"": 4.0, ""34"": 2.0, ""39"": 5.44, ""40"": 34.0, ""64"": 7.0, ""65"": 1.0, ""66"": 2.0, ""68"": 3.0, ""70"": 1.0, ""72"": 1.0, ""73"": 2.0, ""155"": 2.0, ""156"": 2.0, ""158"": 42.0, ""175"": 1.0, ""178"": 2.0, ""179"": 2.0, ""180"": 2.0, ""210"": 4.0, ""211"": 31.0, ""212"": 8.0}",2026-08-24T23:49:58-04:00
Juwan Johnson,3929645,TE,NO,ACTIVE,0.0,79.3,3.4741061,113.8,170.01161751563896,21.7914003922227,249,251,"{""210"": 15.11764706}","{""41"": 37.0, ""42"": 368.0, ""43"": 4.0, ""47"": 70.0, ""48"": 32.0, ""49"": 13.0, ""50"": 9.0, ""51"": 1.0, ""53"": 37.0, ""54"": 2.0, ""58"": 59.0, ""59"": 145.0, ""60"": 9.94594595, ""61"": 28.30769231, ""108"": 1.0, ""109"": 1.0, ""155"": 8.0, ""156"": 5.0, ""158"": 24.0, ""183"": 3.0, ""185"": 1.0, ""210"": 13.0, ""213"": 23.0}",2026-08-24T23:49:58-04:00
Chargers D/ST,-16024,D/ST,LAC,,0.0,90.0,111.77364095,85.0,169.12996389891697,21.684789651067458,509,509,"{""210"": 17.0}","{""89"": 1.0, ""90"": 1.0, ""91"": 2.0, ""92"": 2.0, ""95"": 9.0, ""96"": 12.0, ""99"": 48.0, ""100"": 96.0, ""102"": 1.0, ""105"": 1.0, ""106"": 15.0, ""107"": 344.0, ""108"": 759.0, ""109"": 1103.0, ""110"": 360.0, ""111"": 215.0, ""112"": 71.0, ""113"": 83.0, ""114"": 390.0, ""115"": 385.0, ""116"": 34.0, ""117"": 10.0, ""118"": 33.0, ""119"": 10.0, ""120"": 380.0, ""121"": 2.0, ""122"": 5.0, ""123"": 1.0, ""124"": 2.0, ""125"": 1.0, ""127"": 6170.0, ""128"": 0.0, ""129"": 0.0, ""130"": 5.0, ""131"": 5.0, ""132"": 3.0, ""133"": 0.0, ""134"": 2.0, ""135"": 2.0, ""136"": 0.0, ""155"": 5.0, ""156"": 12.0, ""187"": 380.0, ""188"": 1.0, ""189"": 1.0, ""190"": 2.0, ""191"": 2.0, ""192"": 2.0, ""193"": 5.0, ""194"": 1.0, ""195"": 2.0, ""196"": 1.0, ""210"": 17.0}",2026-08-24T23:49:58-04:00
Bears D/ST,-16003,D/ST,CHI,,0.0,104.0,49.62842694,29.0,169.1254512635379,21.61257487966876,337,337,"{""210"": 17.0}","{""89"": 0.0, ""90"": 0.0, ""91"": 5.0, ""92"": 3.0, ""94"": 2.0, ""95"": 22.0, ""96"": 6.0, ""97"": 2.0, ""99"": 30.0, ""100"": 60.0, ""103"": 2.0, ""105"": 2.0, ""106"": 13.0, ""107"": 375.0, ""108"": 692.0, ""109"": 1067.0, ""110"": 350.0, ""111"": 206.0, ""112"": 73.0, ""113"": 83.0, ""114"": 543.0, ""115"": 188.0, ""116"": 50.0, ""117"": 17.0, ""118"": 14.0, ""119"": 2.0, ""120"": 353.0, ""121"": 3.0, ""122"": 2.0, ""123"": 3.0, ""124"": 1.0, ""127"": 5511.0, ""128"": 0.0, ""129"": 0.0, ""130"": 5.0, ""131"": 6.0, ""132"": 3.0, ""133"": 2.0, ""134"": 1.0, ""135"": 0.0, ""136"": 0.0, ""155"": 7.0, ""156"": 10.0, ""187"": 353.0, ""188"": 0.0, ""189"": 0.0, ""190"": 5.0, ""191"": 3.0, ""192"": 3.0, ""193"": 2.0, ""194"": 3.0, ""195"": 1.0, ""210"": 17.0}",2026-08-24T23:49:58-04:00
Jamaal Williams,2980453,RB,NO,ACTIVE,0.0,51.8,111.43680287,219.9,169.23125,21.34284942030694,280,306,"{""210"": 14.17647059}","{""23"": 106.0, ""24"": 306.0, ""25"": 1.0, ""27"": 56.0, ""28"": 24.0, ""29"": 10.0, ""30"": 7.0, ""31"": 1.0, ""33"": 15.0, ""34"": 4.0, ""39"": 2.88679245, ""40"": 23.53846154, ""41"": 18.0, ""42"": 62.0, ""47"": 8.0, ""48"": 1.0, ""53"": 18.0, ""58"": 20.0, ""59"": 87.0, ""60"": 3.44444444, ""61"": 4.76923077, ""66"": 1.0, ""68"": 1.0, ""155"": 8.0, ""156"": 5.0, ""158"": 6.0, ""179"": 1.0, ""210"": 13.0, ""212"": 19.0, ""213"": 1.0}",2026-08-24T23:49:58-04:00
Graham Gano,12460,K,NYG,QUESTIONABLE,140.23754582,44.0,131.94647155,142.0,169.37897091722596,21.076409518267848,501,501,"{""74"": 4.512289355, ""75"": 6.140675417, ""76"": 1.628386062, ""77"": 8.513521055, ""78"": 9.798950133, ""79"": 1.285429078, ""80"": 16.55630614, ""81"": 16.72354156, ""82"": 0.167235416, ""83"": 29.58211655, ""84"": 32.66316711, ""85"": 3.081050555, ""86"": 37.03414696, ""87"": 37.78994588, ""88"": 0.755798918, ""198"": 4.512289355, ""199"": 6.140675417, ""200"": 1.628386062, ""210"": 17.0, ""214"": 1123.461257, ""215"": 150.7942183, ""216"": 1274.255475, ""221"": 243.6636252, ""227"": 87.93284732, ""233"": 331.5964725}","{""74"": 3.0, ""75"": 4.0, ""76"": 1.0, ""77"": 3.0, ""78"": 6.0, ""79"": 3.0, ""80"": 5.0, ""81"": 7.0, ""82"": 2.0, ""83"": 11.0, ""84"": 17.0, ""85"": 6.0, ""86"": 8.0, ""87"": 8.0, ""155"": 2.0, ""156"": 6.0, ""158"": 41.0, ""198"": 3.0, ""199"": 4.0, ""200"": 1.0, ""210"": 8.0, ""214"": 459.0, ""215"": 215.0, ""216"": 674.0, ""217"": 90.0, ""218"": 44.0, ""219"": 20.0, ""220"": 17.0, ""221"": 7.0, ""222"": 3.0, ""223"": 42.0, ""224"": 20.0, ""225"": 9.0, ""226"": 7.0, ""227"": 2.0, ""229"": 132.0, ""230"": 65.0, ""231"": 30.0, ""232"": 24.0, ""233"": 10.0, ""234"": 4.0}",2026-08-24T23:49:58-04:00
Commanders D/ST,-16028,D/ST,WSH,,0.0,23.0,97.38549181,110.0,169.31407942238266,20.54456179953533,510,510,"{""210"": 17.0}","{""89"": 0.0, ""90"": 0.0, ""91"": 1.0, ""92"": 3.0, ""95"": 8.0, ""96"": 10.0, ""97"": 1.0, ""99"": 39.0, ""100"": 78.0, ""106"": 10.0, ""107"": 427.0, ""108"": 741.0, ""109"": 1168.0, ""110"": 385.0, ""111"": 225.0, ""112"": 74.0, ""113"": 78.0, ""114"": 601.0, ""115"": 278.0, ""116"": 54.0, ""117"": 19.0, ""118"": 23.0, ""119"": 5.0, ""120"": 488.0, ""121"": 0.0, ""122"": 2.0, ""123"": 6.0, ""124"": 5.0, ""127"": 6612.0, ""128"": 0.0, ""129"": 0.0, ""130"": 2.0, ""131"": 1.0, ""132"": 5.0, ""133"": 7.0, ""134"": 2.0, ""135"": 0.0, ""136"": 0.0, ""155"": 4.0, ""156"": 13.0, ""187"": 488.0, ""188"": 0.0, ""189"": 0.0, ""190"": 1.0, ""191"": 3.0, ""192"": 0.0, ""193"": 2.0, ""194"": 6.0, ""195"": 5.0, ""210"": 17.0}",2026-08-24T23:49:58-04:00
Cairo Santos,17427,K,CHI,ACTIVE,139.29481456,155.0,121.85303686,102.0,168.7288590604027,20.415048366775306,339,339,"{""74"": 4.296631887, ""75"": 6.192798598, ""76"": 1.896166711, ""77"": 8.180532285, ""78"": 9.882125422, ""79"": 1.701593136, ""80"": 16.54186236, ""81"": 16.86549405, ""82"": 0.323631696, ""83"": 29.01902653, ""84"": 32.94041807, ""85"": 3.921391543, ""86"": 39.38533045, ""87"": 40.69526984, ""88"": 1.309939391, ""198"": 4.296631887, ""199"": 6.192798598, ""200"": 1.896166711, ""210"": 17.0, ""214"": 1096.397945, ""215"": 188.6736444, ""216"": 1285.07159, ""221"": 232.0181219, ""227"": 102.3930024, ""233"": 334.4111243}","{""74"": 7.0, ""75"": 8.0, ""76"": 1.0, ""77"": 8.0, ""78"": 10.0, ""79"": 2.0, ""80"": 20.0, ""81"": 20.0, ""83"": 35.0, ""84"": 38.0, ""85"": 3.0, ""86"": 31.0, ""87"": 33.0, ""88"": 2.0, ""155"": 7.0, ""156"": 10.0, ""158"": 136.0, ""198"": 7.0, ""199"": 8.0, ""200"": 1.0, ""210"": 17.0, ""214"": 1336.0, ""215"": 88.0, ""216"": 1424.0, ""217"": 260.0, ""218"": 126.0, ""219"": 59.0, ""220"": 47.0, ""221"": 19.0, ""222"": 6.0, ""223"": 17.0, ""224"": 8.0, ""225"": 4.0, ""226"": 2.0, ""229"": 278.0, ""230"": 135.0, ""231"": 63.0, ""232"": 50.0, ""233"": 21.0, ""234"": 6.0}",2026-08-24T23:49:58-04:00
Chris Boswell,17372,K,PIT,ACTIVE,130.70435485,131.0,126.64478279,89.0,167.99418344519015,19.735874989893645,492,492,"{""74"": 4.116993073, ""75"": 6.162813217, ""76"": 2.045820144, ""77"": 7.887462837, ""78"": 9.83427641, ""79"": 1.946813573, ""80"": 16.02919616, ""81"": 16.78383174, ""82"": 0.754635575, ""83"": 28.03365207, ""84"": 32.78092137, ""85"": 4.747269292, ""86"": 35.22921895, ""87"": 37.39681523, ""88"": 2.167596283, ""198"": 4.116993073, ""199"": 6.162813217, ""200"": 2.045820144, ""210"": 17.0, ""214"": 1058.129339, ""215"": 220.7199658, ""216"": 1278.849304, ""221"": 222.317626, ""227"": 110.4742878, ""233"": 332.7919137}","{""74"": 6.0, ""75"": 7.0, ""76"": 1.0, ""77"": 7.0, ""78"": 8.0, ""79"": 1.0, ""80"": 16.0, ""81"": 16.0, ""83"": 29.0, ""84"": 31.0, ""85"": 2.0, ""86"": 27.0, ""87"": 28.0, ""88"": 1.0, ""155"": 10.0, ""156"": 7.0, ""158"": 114.0, ""198"": 6.0, ""199"": 6.0, ""202"": 1.0, ""203"": 1.0, ""210"": 17.0, ""214"": 1139.0, ""215"": 106.0, ""216"": 1245.0, ""217"": 222.0, ""218"": 106.0, ""219"": 50.0, ""220"": 42.0, ""221"": 17.0, ""222"": 5.0, ""223"": 21.0, ""224"": 10.0, ""225"": 5.0, ""226"": 3.0, ""227"": 1.0, ""229"": 243.0, ""230"": 117.0, ""231"": 55.0, ""232"": 45.0, ""233"": 19.0, ""234"": 6.0}",2026-08-24T23:49:58-04:00
Jeff Wilson Jr.,3122976,RB,MIA,ACTIVE,0.0,34.3,45.24020658,147.5,169.13591465823785,19.639242525992923,352,352,"{""210"": 14.17647059}","{""23"": 41.0, ""24"": 188.0, ""27"": 36.0, ""28"": 16.0, ""29"": 7.0, ""30"": 3.0, ""31"": 1.0, ""33"": 5.0, ""34"": 1.0, ""39"": 4.58536585, ""40"": 18.8, ""41"": 14.0, ""42"": 85.0, ""47"": 13.0, ""48"": 6.0, ""49"": 1.0, ""50"": 1.0, ""53"": 14.0, ""58"": 17.0, ""59"": 69.0, ""60"": 6.07142857, ""61"": 8.5, ""155"": 5.0, ""156"": 5.0, ""210"": 10.0, ""212"": 8.0, ""213"": 3.0}",2026-08-24T23:49:58-04:00
Tucker Kraft,4572680,TE,GB,ACTIVE,36.86882513,63.0,,,169.7774798927614,19.55184897869029,281,281,"{""42"": 195.61421, ""43"": 1.365500292, ""44"": 0.072439498, ""45"": 0.111442876, ""46"": 0.072827919, ""47"": 39.0, ""48"": 19.0, ""49"": 9.0, ""50"": 7.0, ""51"": 3.0, ""53"": 18.41344377, ""54"": 3.0, ""55"": 1.0, ""56"": 0.073198639, ""57"": 0.002263875, ""58"": 27.62753759, ""60"": 10.62344516, ""61"": 12.93946136, ""62"": 0.072439498, ""63"": 0.000931851, ""67"": 0.211784381, ""68"": 0.211784381, ""71"": 0.118599253, ""72"": 0.118599253, ""73"": 0.118599253, ""210"": 15.11764706, ""213"": 8.999967905}","{""41"": 31.0, ""42"": 355.0, ""43"": 2.0, ""47"": 68.0, ""48"": 31.0, ""49"": 13.0, ""50"": 10.0, ""51"": 3.0, ""53"": 31.0, ""54"": 1.0, ""58"": 40.0, ""59"": 232.0, ""60"": 11.4516129, ""61"": 20.88235294, ""107"": 2.0, ""108"": 3.0, ""109"": 5.0, ""155"": 9.0, ""156"": 8.0, ""158"": 12.0, ""183"": 2.0, ""210"": 17.0, ""213"": 18.0}",2026-08-24T23:49:58-04:00
Daniel Jones,3917792,QB,NYG,QUESTIONABLE,0.0,60.4,292.49817807,317.8,170.07990506329114,19.426192141259698,299,299,"{""210"": 14.0}","{""0"": 160.0, ""1"": 108.0, ""2"": 52.0, ""3"": 909.0, ""4"": 2.0, ""5"": 179.0, ""6"": 88.0, ""7"": 43.0, ""8"": 34.0, ""9"": 16.0, ""10"": 8.0, ""11"": 19.0, ""12"": 8.0, ""13"": 9.0, ""14"": 3.0, ""17"": 1.0, ""20"": 6.0, ""21"": 0.675, ""22"": 151.5, ""23"": 40.0, ""24"": 206.0, ""25"": 1.0, ""27"": 38.0, ""28"": 17.0, ""29"": 8.0, ""30"": 5.0, ""31"": 2.0, ""33"": 5.0, ""34"": 2.0, ""39"": 5.15, ""40"": 34.33333333, ""64"": 30.0, ""65"": 3.0, ""66"": 1.0, ""68"": 4.0, ""69"": 1.0, ""72"": 1.0, ""73"": 7.0, ""108"": 1.0, ""109"": 1.0, ""155"": 1.0, ""156"": 5.0, ""158"": 18.0, ""175"": 1.0, ""176"": 1.0, ""180"": 1.0, ""210"": 6.0, ""211"": 43.0, ""212"": 15.0}",2026-08-24T23:49:58-04:00
Hunter Henry,3046439,TE,NE,ACTIVE,0.0,98.9,120.17219357,83.4,169.73771224307418,18.84763514499074,312,312,"{""210"": 15.11764706}","{""41"": 42.0, ""42"": 419.0, ""43"": 6.0, ""47"": 80.0, ""48"": 36.0, ""49"": 15.0, ""50"": 12.0, ""51"": 4.0, ""53"": 42.0, ""54"": 3.0, ""58"": 61.0, ""59"": 78.0, ""60"": 9.97619048, ""61"": 29.92857143, ""67"": 1.0, ""68"": 1.0, ""155"": 3.0, ""156"": 11.0, ""158"": 36.0, ""183"": 3.0, ""184"": 2.0, ""185"": 1.0, ""210"": 14.0, ""213"": 29.0}",2026-08-24T23:49:58-04:00
Tyler Conklin,3915486,TE,NYJ,ACTIVE,0.0,92.6,68.02547758,102.5,168.9101876675603,18.788873217718596,220,219,"{""210"": 15.11764706}","{""23"": 1.0, ""41"": 61.0, ""42"": 621.0, ""47"": 119.0, ""48"": 54.0, ""49"": 22.0, ""50"": 17.0, ""51"": 6.0, ""53"": 61.0, ""54"": 4.0, ""58"": 87.0, ""59"": 246.0, ""60"": 10.18032787, ""61"": 36.52941176, ""155"": 7.0, ""156"": 10.0, ""210"": 17.0, ""213"": 27.0}",2026-08-24T23:49:58-04:00
Bengals D/ST,-16004,D/ST,CIN,,0.0,99.0,103.62311967,94.0,168.87906137184115,18.667302051720505,193,193,"{""210"": 17.0}","{""89"": 0.0, ""90"": 0.0, ""91"": 2.0, ""92"": 4.0, ""94"": 1.0, ""95"": 17.0, ""96"": 9.0, ""99"": 44.0, ""100"": 88.0, ""102"": 1.0, ""103"": 1.0, ""105"": 2.0, ""106"": 11.0, ""107"": 412.0, ""108"": 700.0, ""109"": 1112.0, ""110"": 365.0, ""111"": 217.0, ""112"": 57.0, ""113"": 74.0, ""114"": 387.0, ""115"": 346.0, ""116"": 35.0, ""117"": 12.0, ""118"": 28.0, ""119"": 7.0, ""120"": 378.0, ""121"": 2.0, ""122"": 5.0, ""123"": 4.0, ""124"": 0.0, ""127"": 6368.0, ""128"": 0.0, ""129"": 0.0, ""130"": 4.0, ""131"": 1.0, ""132"": 5.0, ""133"": 5.0, ""134"": 1.0, ""135"": 1.0, ""136"": 0.0, ""155"": 9.0, ""156"": 8.0, ""187"": 378.0, ""188"": 0.0, ""189"": 0.0, ""190"": 2.0, ""191"": 4.0, ""192"": 2.0, ""193"": 5.0, ""194"": 4.0, ""195"": 0.0, ""210"": 17.0}",2026-08-24T23:49:58-04:00
Seahawks D/ST,-16026,D/ST,SEA,,0.0,84.0,58.01313957,101.0,165.34250902527077,18.41758845940519,409,409,"{""210"": 17.0}","{""89"": 0.0, ""90"": 1.0, ""91"": 1.0, ""92"": 4.0, ""94"": 3.0, ""95"": 11.0, ""96"": 8.0, ""97"": 1.0, ""99"": 47.0, ""100"": 94.0, ""103"": 3.0, ""105"": 3.0, ""106"": 12.0, ""107"": 468.0, ""108"": 778.0, ""109"": 1246.0, ""110"": 409.0, ""111"": 242.0, ""112"": 94.0, ""113"": 77.0, ""114"": 680.0, ""115"": 265.0, ""116"": 65.0, ""117"": 21.0, ""118"": 20.0, ""119"": 4.0, ""120"": 402.0, ""121"": 2.0, ""122"": 2.0, ""123"": 5.0, ""124"": 2.0, ""127"": 6313.0, ""128"": 0.0, ""129"": 0.0, ""130"": 5.0, ""131"": 1.0, ""132"": 4.0, ""133"": 3.0, ""134"": 2.0, ""135"": 2.0, ""136"": 0.0, ""155"": 9.0, ""156"": 8.0, ""187"": 402.0, ""188"": 0.0, ""189"": 1.0, ""190"": 1.0, ""191"": 4.0, ""192"": 2.0, ""193"": 2.0, ""194"": 5.0, ""195"": 2.0, ""210"": 17.0}",2026-08-24T23:49:58-04:00
Elijah Mitchell,4241555,RB,SF,ACTIVE,0.0,44.5,184.31509592,42.1,168.33899644409325,17.600404362013546,304,304,"{""210"": 14.17647059}","{""23"": 75.0, ""24"": 281.0, ""25"": 2.0, ""27"": 53.0, ""28"": 26.0, ""29"": 11.0, ""30"": 7.0, ""31"": 2.0, ""33"": 10.0, ""34"": 3.0, ""39"": 3.74666667, ""40"": 25.54545455, ""41"": 6.0, ""42"": 14.0, ""47"": 3.0, ""48"": 1.0, ""53"": 6.0, ""58"": 8.0, ""59"": 26.0, ""60"": 2.33333333, ""61"": 1.27272727, ""155"": 7.0, ""156"": 4.0, ""158"": 12.0, ""179"": 2.0, ""210"": 11.0, ""212"": 14.0, ""213"": 2.0}",2026-08-24T23:49:58-04:00
Keaton Mitchell,4596334,RB,BAL,QUESTIONABLE,0.0,65.4,,,169.79415250888977,17.23302386999444,179,179,"{""210"": 14.17647059}","{""23"": 47.0, ""24"": 396.0, ""25"": 2.0, ""27"": 75.0, ""28"": 37.0, ""29"": 16.0, ""30"": 13.0, ""31"": 5.0, ""32"": 1.0, ""33"": 5.0, ""35"": 1.0, ""37"": 1.0, ""39"": 8.42553191, ""40"": 49.5, ""41"": 9.0, ""42"": 93.0, ""47"": 17.0, ""48"": 6.0, ""49"": 2.0, ""50"": 2.0, ""53"": 9.0, ""58"": 11.0, ""59"": 122.0, ""60"": 10.33333333, ""61"": 11.625, ""107"": 1.0, ""108"": 1.0, ""109"": 2.0, ""155"": 7.0, ""156"": 1.0, ""158"": 12.0, ""182"": 1.0, ""210"": 8.0, ""212"": 19.0, ""213"": 5.0}",2026-08-24T23:49:58-04:00
J.K. Dobbins,4241985,RB,BAL,QUESTIONABLE,170.01322422,10.7,197.54293594,77.7,169.85420782299485,16.813985955700026,308,308,"{""23"": 180.8476097, ""24"": 873.980776, ""25"": 6.990447673, ""26"": 0.266316396, ""27"": 174.0, ""28"": 87.0, ""29"": 43.0, ""30"": 34.0, ""31"": 17.0, ""33"": 36.0, ""34"": 18.0, ""35"": 0.364454246, ""36"": 0.255117972, ""37"": 1.984946915, ""38"": 0.067738623, ""39"": 4.832691887, ""40"": 66.03410308, ""42"": 194.1169524, ""43"": 1.33947429, ""44"": 0.07709572, ""45"": 0.041200688, ""46"": 0.026924649, ""47"": 38.0, ""48"": 19.0, ""49"": 9.0, ""50"": 7.0, ""51"": 3.0, ""53"": 27.6056841, ""54"": 5.0, ""55"": 2.0, ""56"": 0.072558743, ""57"": 0.002244085, ""58"": 35.57268292, ""60"": 7.03177475, ""61"": 14.66661418, ""62"": 0.343412116, ""63"": 0.00588417, ""66"": 1.16020977, ""67"": 0.177101508, ""68"": 1.337311278, ""70"": 0.533696494, ""71"": 0.099176844, ""72"": 0.632873339, ""73"": 0.632873339, ""210"": 13.23529412, ""212"": 47.78069098, ""213"": 11.04325166}","{""23"": 8.0, ""24"": 22.0, ""25"": 1.0, ""27"": 4.0, ""28"": 2.0, ""29"": 1.0, ""33"": 1.0, ""39"": 2.75, ""40"": 22.0, ""41"": 2.0, ""42"": 15.0, ""47"": 3.0, ""48"": 1.0, ""53"": 2.0, ""58"": 3.0, ""59"": 15.0, ""60"": 7.5, ""61"": 15.0, ""155"": 1.0, ""158"": 6.0, ""179"": 1.0, ""210"": 1.0, ""212"": 1.0}",2026-08-24T23:49:58-04:00
Aaron Rodgers,8439,QB,NYJ,QUESTIONABLE,0.0,0.0,378.26908742,289.8,168.50558784085828,16.784324208533995,144,144,"{""210"": 15.0}","{""0"": 1.0, ""2"": 1.0, ""64"": 1.0, ""155"": 1.0, ""210"": 1.0}",2026-08-24T23:49:58-04:00
Zach Ertz,15835,TE,WSH,ACTIVE,0.0,38.2,118.77815396,92.1,169.653708668454,16.760247169217084,367,367,"{""210"": 15.11764706}","{""41"": 27.0, ""42"": 187.0, ""43"": 1.0, ""47"": 35.0, ""48"": 16.0, ""49"": 6.0, ""50"": 4.0, ""51"": 2.0, ""53"": 27.0, ""54"": 3.0, ""58"": 43.0, ""59"": 46.0, ""60"": 6.92592593, ""61"": 26.71428571, ""108"": 1.0, ""109"": 1.0, ""155"": 1.0, ""156"": 6.0, ""158"": 6.0, ""183"": 1.0, ""210"": 7.0, ""213"": 8.0}",2026-08-24T23:49:58-04:00
Gardner Minshew,4038524,QB,LV,ACTIVE,0.0,225.2,39.1356552,42.5,170.14398734177215,16.53006377453601,380,380,"{""210"": 9.0}","{""0"": 490.0, ""1"": 305.0, ""2"": 185.0, ""3"": 3305.0, ""4"": 15.0, ""5"": 656.0, ""6"": 325.0, ""7"": 159.0, ""8"": 126.0, ""9"": 60.0, ""10"": 28.0, ""11"": 55.0, ""12"": 23.0, ""13"": 30.0, ""14"": 11.0, ""15"": 3.0, ""16"": 3.0, ""17"": 3.0, ""19"": 2.0, ""20"": 9.0, ""21"": 0.62244898, ""22"": 194.41176471, ""23"": 34.0, ""24"": 100.0, ""25"": 3.0, ""27"": 15.0, ""28"": 5.0, ""29"": 2.0, ""30"": 2.0, ""33"": 1.0, ""39"": 2.94117647, ""40"": 5.88235294, ""64"": 34.0, ""65"": 9.0, ""68"": 8.0, ""69"": 5.0, ""72"": 5.0, ""73"": 14.0, ""155"": 9.0, ""156"": 8.0, ""158"": 108.0, ""175"": 4.0, ""176"": 6.0, ""178"": 2.0, ""179"": 2.0, ""180"": 1.0, ""210"": 17.0, ""211"": 147.0, ""212"": 9.0}",2026-08-24T23:49:58-04:00
Riley Patterson,4243371,K,JAX,ACTIVE,0.0,91.0,126.77375654,135.0,168.3187772925764,16.35615052264467,496,496,"{""210"": 17.0}","{""74"": 1.0, ""75"": 2.0, ""76"": 1.0, ""77"": 2.0, ""78"": 2.0, ""80"": 13.0, ""81"": 14.0, ""82"": 1.0, ""83"": 16.0, ""84"": 18.0, ""85"": 2.0, ""86"": 41.0, ""87"": 44.0, ""88"": 3.0, ""155"": 10.0, ""156"": 5.0, ""158"": 89.0, ""198"": 1.0, ""199"": 2.0, ""200"": 1.0, ""210"": 15.0, ""214"": 560.0, ""215"": 78.0, ""216"": 638.0, ""217"": 109.0, ""218"": 53.0, ""219"": 24.0, ""220"": 18.0, ""221"": 8.0, ""222"": 1.0, ""223"": 15.0, ""224"": 7.0, ""225"": 3.0, ""226"": 3.0, ""227"": 1.0, ""229"": 124.0, ""230"": 60.0, ""231"": 27.0, ""232"": 21.0, ""233"": 9.0, ""234"": 2.0}",2026-08-24T23:49:58-04:00
Joe Flacco,11252,QB,IND,ACTIVE,0.0,126.2,70.31491548,57.9,169.4823424228878,16.331133707383117,440,440,"{""210"": 4.0}","{""0"": 204.0, ""1"": 123.0, ""2"": 81.0, ""3"": 1616.0, ""4"": 13.0, ""5"": 320.0, ""6"": 159.0, ""7"": 78.0, ""8"": 62.0, ""9"": 31.0, ""10"": 14.0, ""11"": 22.0, ""12"": 9.0, ""13"": 15.0, ""14"": 6.0, ""15"": 4.0, ""16"": 3.0, ""17"": 4.0, ""19"": 1.0, ""20"": 8.0, ""21"": 0.60294118, ""22"": 323.2, ""23"": 9.0, ""24"": 2.0, ""39"": 0.22222222, ""40"": 0.4, ""64"": 8.0, ""65"": 3.0, ""66"": 1.0, ""68"": 4.0, ""69"": 1.0, ""72"": 1.0, ""73"": 9.0, ""155"": 4.0, ""156"": 1.0, ""158"": 78.0, ""175"": 5.0, ""177"": 2.0, ""178"": 2.0, ""210"": 5.0, ""211"": 60.0, ""212"": 3.0}",2026-08-24T23:49:58-04:00
Justice Hill,4038441,RB,BAL,ACTIVE,0.0,95.3,3.52091519,36.0,164.98182536546818,16.19455349286353,356,356,"{""210"": 14.17647059}","{""23"": 84.0, ""24"": 387.0, ""25"": 3.0, ""27"": 73.0, ""28"": 33.0, ""29"": 14.0, ""30"": 9.0, ""33"": 11.0, ""34"": 3.0, ""39"": 4.60714286, ""40"": 24.1875, ""41"": 28.0, ""42"": 206.0, ""43"": 1.0, ""47"": 38.0, ""48"": 18.0, ""49"": 7.0, ""50"": 5.0, ""51"": 1.0, ""53"": 28.0, ""54"": 1.0, ""58"": 39.0, ""59"": 237.0, ""60"": 7.35714286, ""61"": 12.875, ""67"": 1.0, ""68"": 1.0, ""71"": 1.0, ""72"": 1.0, ""73"": 1.0, ""114"": 119.0, ""116"": 11.0, ""117"": 4.0, ""155"": 13.0, ""156"": 3.0, ""158"": 24.0, ""179"": 2.0, ""180"": 1.0, ""185"": 1.0, ""210"": 16.0, ""212"": 18.0, ""213"": 9.0}",2026-08-24T23:49:58-04:00
Will Levis,4361418,QB,TEN,QUESTIONABLE,0.0,117.1,,,169.76384493670886,16.176061674692253,316,316,"{""210"": 15.0}","{""0"": 255.0, ""1"": 149.0, ""2"": 106.0, ""3"": 1808.0, ""4"": 8.0, ""5"": 357.0, ""6"": 175.0, ""7"": 85.0, ""8"": 67.0, ""9"": 31.0, ""10"": 13.0, ""11"": 25.0, ""12"": 10.0, ""13"": 18.0, ""14"": 7.0, ""15"": 3.0, ""16"": 1.0, ""17"": 1.0, ""19"": 1.0, ""20"": 4.0, ""21"": 0.58431373, ""22"": 200.88888889, ""23"": 25.0, ""24"": 57.0, ""25"": 1.0, ""27"": 11.0, ""28"": 4.0, ""29"": 1.0, ""30"": 1.0, ""33"": 1.0, ""39"": 2.28, ""40"": 6.33333333, ""64"": 28.0, ""65"": 5.0, ""66"": 2.0, ""68"": 7.0, ""69"": 2.0, ""70"": 2.0, ""72"": 4.0, ""73"": 8.0, ""96"": 1.0, ""155"": 3.0, ""156"": 6.0, ""158"": 54.0, ""175"": 3.0, ""176"": 1.0, ""178"": 1.0, ""179"": 1.0, ""210"": 9.0, ""211"": 81.0, ""212"": 7.0}",2026-08-24T23:49:58-04:00
Rashaad Penny,3139925,RB,PHI,ACTIVE,123.7234398,4.3,150.2032576,50.2,169.36902410114578,15.912952570784231,2151,2151,"{""23"": 160.2734945, ""24"": 783.7606264, ""25"": 5.903368051, ""26"": 0.176704553, ""27"": 156.0, ""28"": 78.0, ""29"": 39.0, ""30"": 31.0, ""31"": 15.0, ""33"": 32.0, ""34"": 16.0, ""35"": 0.319705868, ""36"": 0.223794107, ""37"": 1.596942864, ""38"": 0.054497533, ""39"": 4.890144992, ""40"": 59.21746955, ""42"": 54.61797034, ""43"": 0.293301569, ""44"": 0.020657707, ""45"": 0.040969334, ""46"": 0.02677346, ""47"": 10.0, ""48"": 5.0, ""49"": 2.0, ""50"": 2.0, ""51"": 1.0, ""53"": 7.509067345, ""54"": 1.0, ""56"": 0.027301673, ""57"": 0.000844382, ""58"": 9.969500746, ""60"": 7.27360241, ""61"": 4.126691092, ""62"": 0.19736226, ""63"": 0.006838102, ""66"": 1.484560123, ""67"": 0.069553996, ""68"": 1.554114119, ""70"": 0.682897657, ""71"": 0.038950238, ""72"": 0.721847894, ""73"": 0.721847894, ""210"": 13.23529412, ""212"": 42.67401579, ""213"": 2.187938868}","{""23"": 11.0, ""24"": 33.0, ""27"": 5.0, ""28"": 1.0, ""33"": 1.0, ""39"": 3.0, ""40"": 11.0, ""41"": 1.0, ""42"": 5.0, ""47"": 1.0, ""53"": 1.0, ""58"": 1.0, ""59"": 6.0, ""60"": 5.0, ""61"": 1.66666667, ""155"": 2.0, ""156"": 1.0, ""210"": 3.0, ""212"": 1.0}",2026-08-24T23:49:58-04:00
Tutu Atwell,4360797,WR,LAR,ACTIVE,0.0,92.9,38.32613304,54.2,169.11220861319637,15.894430457066754,995,995,"{""210"": 15.11764706}","{""19"": 1.0, ""23"": 5.0, ""24"": 31.0, ""27"": 6.0, ""28"": 2.0, ""29"": 1.0, ""39"": 6.2, ""40"": 1.9375, ""41"": 39.0, ""42"": 483.0, ""43"": 3.0, ""44"": 1.0, ""47"": 91.0, ""48"": 42.0, ""49"": 17.0, ""50"": 14.0, ""51"": 5.0, ""52"": 1.0, ""53"": 39.0, ""54"": 3.0, ""56"": 1.0, ""58"": 67.0, ""59"": 104.0, ""60"": 12.38461538, ""61"": 30.1875, ""108"": 2.0, ""109"": 2.0, ""155"": 9.0, ""156"": 7.0, ""158"": 20.0, ""183"": 2.0, ""186"": 1.0, ""210"": 16.0, ""212"": 2.0, ""213"": 26.0}",2026-08-24T23:49:58-04:00
Jonnu Smith,3054212,TE,MIA,ACTIVE,0.0,99.2,66.44301104,38.5,168.87086684539767,15.38509625173696,369,413,"{""210"": 15.11764706}","{""0"": 1.0, ""2"": 1.0, ""23"": 1.0, ""41"": 50.0, ""42"": 582.0, ""43"": 3.0, ""45"": 1.0, ""46"": 1.0, ""47"": 112.0, ""48"": 52.0, ""49"": 23.0, ""50"": 18.0, ""51"": 5.0, ""52"": 1.0, ""53"": 50.0, ""54"": 4.0, ""56"": 1.0, ""58"": 70.0, ""59"": 357.0, ""60"": 11.64, ""61"": 34.23529412, ""67"": 1.0, ""68"": 1.0, ""71"": 1.0, ""72"": 1.0, ""73"": 1.0, ""108"": 3.0, ""109"": 3.0, ""155"": 7.0, ""156"": 10.0, ""158"": 18.0, ""183"": 1.0, ""184"": 1.0, ""210"": 17.0, ""213"": 26.0}",2026-08-24T23:49:58-04:00
Kenneth Gainwell,4371733,RB,PHI,ACTIVE,0.0,82.3,101.9636698,76.4,167.52429869616753,13.81089623565427,241,241,"{""210"": 14.17647059}","{""0"": 1.0, ""1"": 1.0, ""3"": 17.0, ""5"": 3.0, ""6"": 1.0, ""21"": 1.0, ""22"": 1.0625, ""23"": 84.0, ""24"": 364.0, ""25"": 2.0, ""26"": 1.0, ""27"": 68.0, ""28"": 31.0, ""29"": 13.0, ""30"": 8.0, ""31"": 2.0, ""33"": 9.0, ""34"": 2.0, ""39"": 4.33333333, ""40"": 22.75, ""41"": 30.0, ""42"": 183.0, ""47"": 33.0, ""48"": 14.0, ""49"": 5.0, ""50"": 3.0, ""53"": 30.0, ""54"": 2.0, ""58"": 37.0, ""59"": 175.0, ""60"": 6.1, ""61"": 11.4375, ""66"": 3.0, ""68"": 3.0, ""70"": 1.0, ""72"": 1.0, ""73"": 1.0, ""108"": 1.0, ""109"": 1.0, ""114"": 19.0, ""116"": 1.0, ""155"": 10.0, ""156"": 6.0, ""158"": 14.0, ""179"": 1.0, ""180"": 1.0, ""210"": 16.0, ""211"": 1.0, ""212"": 19.0, ""213"": 11.0}",2026-08-24T23:49:58-04:00
Latavius Murray,15920,RB,BUF,ACTIVE,37.45024314,74.4,0.0,140.7,164.8517857142857,13.478241455987284,136,136,"{""23"": 41.81330274, ""24"": 176.96781, ""25"": 1.344152671, ""26"": 0.065083683, ""27"": 35.0, ""28"": 17.0, ""29"": 8.0, ""30"": 7.0, ""31"": 3.0, ""33"": 8.0, ""34"": 4.0, ""35"": 0.078448794, ""36"": 0.054914156, ""37"": 0.080888003, ""38"": 0.002760397, ""39"": 4.232332738, ""40"": 12.48320652, ""42"": 56.52497752, ""43"": 0.282876031, ""44"": 0.014068576, ""45"": 0.034007092, ""46"": 0.022223635, ""47"": 11.0, ""48"": 5.0, ""49"": 2.0, ""50"": 2.0, ""51"": 1.0, ""53"": 8.950206018, ""54"": 1.0, ""56"": 0.027992547, ""57"": 0.000865749, ""58"": 11.46353348, ""60"": 6.315494571, ""61"": 3.987239078, ""62"": 0.079152259, ""63"": 0.001357017, ""66"": 0.254036161, ""67"": 0.054376857, ""68"": 0.308413018, ""70"": 0.116856634, ""71"": 0.03045104, ""72"": 0.147307674, ""73"": 0.147307674, ""210"": 14.17647059, ""212"": 11.58972427, ""213"": 2.564746507}","{""23"": 79.0, ""24"": 300.0, ""25"": 4.0, ""27"": 55.0, ""28"": 23.0, ""29"": 9.0, ""30"": 6.0, ""31"": 1.0, ""33"": 10.0, ""34"": 2.0, ""39"": 3.79746835, ""40"": 18.75, ""41"": 17.0, ""42"": 119.0, ""47"": 19.0, ""48"": 7.0, ""49"": 3.0, ""53"": 17.0, ""58"": 22.0, ""59"": 92.0, ""60"": 7.0, ""61"": 7.4375, ""67"": 1.0, ""68"": 1.0, ""108"": 1.0, ""109"": 1.0, ""155"": 10.0, ""156"": 6.0, ""158"": 24.0, ""179"": 4.0, ""210"": 16.0, ""212"": 28.0, ""213"": 7.0}",2026-08-24T23:49:58-04:00
Ka'imi Fairbairn,2971573,K,HOU,ACTIVE,128.31506549,113.0,118.09001402,130.0,116.9069351230425,13.409598873963406,202,202,"{""74"": 4.177230774, ""75"": 5.995873117, ""76"": 1.818642343, ""77"": 7.947890061, ""78"": 9.567882633, ""79"": 1.619992572, ""80"": 16.06276455, ""81"": 16.32918636, ""82"": 0.26642181, ""83"": 28.18788539, ""84"": 31.89294211, ""85"": 3.705056725, ""86"": 31.15411445, ""87"": 32.0950013, ""88"": 0.940886848, ""198"": 4.177230774, ""199"": 5.995873117, ""200"": 1.818642343, ""210"": 17.0, ""214"": 1065.108451, ""215"": 179.0990066, ""216"": 1244.207458, ""221"": 225.5704618, ""227"": 98.20668651, ""233"": 323.7771483}","{""74"": 5.0, ""75"": 6.0, ""76"": 1.0, ""77"": 2.0, ""78"": 2.0, ""80"": 20.0, ""81"": 20.0, ""83"": 27.0, ""84"": 28.0, ""85"": 1.0, ""86"": 21.0, ""87"": 22.0, ""88"": 1.0, ""108"": 2.0, ""109"": 2.0, ""155"": 7.0, ""156"": 5.0, ""158"": 102.0, ""198"": 5.0, ""199"": 6.0, ""200"": 1.0, ""210"": 12.0, ""214"": 973.0, ""215"": 97.0, ""216"": 1070.0, ""217"": 191.0, ""218"": 93.0, ""219"": 44.0, ""220"": 35.0, ""221"": 16.0, ""222"": 5.0, ""223"": 19.0, ""224"": 9.0, ""225"": 4.0, ""226"": 3.0, ""227"": 1.0, ""229"": 210.0, ""230"": 103.0, ""231"": 49.0, ""232"": 39.0, ""233"": 18.0, ""234"": 6.0}",2026-08-24T23:49:58-04:00
Jordan Mason,4360569,RB,SF,ACTIVE,0.0,43.2,10.95941417,31.8,169.58711971552745,12.919112070022779,377,377,"{""210"": 14.17647059}","{""23"": 40.0, ""24"": 206.0, ""25"": 3.0, ""27"": 39.0, ""28"": 18.0, ""29"": 7.0, ""30"": 4.0, ""31"": 1.0, ""33"": 5.0, ""34"": 1.0, ""39"": 5.15, ""40"": 12.11764706, ""41"": 3.0, ""42"": 31.0, ""47"": 5.0, ""48"": 2.0, ""53"": 3.0, ""58"": 4.0, ""59"": 23.0, ""60"": 10.33333333, ""61"": 1.82352941, ""107"": 5.0, ""108"": 4.0, ""109"": 9.0, ""114"": 40.0, ""116"": 3.0, ""117"": 1.0, ""155"": 12.0, ""156"": 5.0, ""158"": 18.0, ""179"": 2.0, ""181"": 1.0, ""210"": 17.0, ""212"": 13.0, ""213"": 1.0}",2026-08-24T23:49:58-04:00
Kenny Pickett,4240703,QB,PHI,ACTIVE,0.0,121.4,145.58676929,162.9,168.7179588607595,12.554150267439667,479,479,"{""210"": 4.0}","{""0"": 324.0, ""1"": 201.0, ""2"": 123.0, ""3"": 2070.0, ""4"": 6.0, ""5"": 410.0, ""6"": 203.0, ""7"": 98.0, ""8"": 77.0, ""9"": 36.0, ""10"": 16.0, ""11"": 36.0, ""12"": 14.0, ""13"": 19.0, ""14"": 6.0, ""15"": 3.0, ""16"": 2.0, ""20"": 4.0, ""21"": 0.62037037, ""22"": 172.5, ""23"": 42.0, ""24"": 54.0, ""25"": 1.0, ""27"": 10.0, ""28"": 3.0, ""33"": 3.0, ""39"": 1.28571429, ""40"": 4.5, ""64"": 23.0, ""66"": 2.0, ""68"": 2.0, ""73"": 4.0, ""155"": 7.0, ""156"": 5.0, ""158"": 42.0, ""175"": 2.0, ""176"": 1.0, ""179"": 1.0, ""210"": 12.0, ""211"": 91.0, ""212"": 12.0}",2026-08-24T23:49:58-04:00
Demarcus Robinson,3043116,WR,LAR,ACTIVE,0.0,74.4,20.18271678,79.8,169.925,12.378408274339629,1130,228,"{""210"": 15.11764706}","{""23"": 1.0, ""24"": 23.0, ""27"": 4.0, ""28"": 2.0, ""29"": 1.0, ""39"": 23.0, ""40"": 1.4375, ""41"": 26.0, ""42"": 371.0, ""43"": 4.0, ""47"": 71.0, ""48"": 34.0, ""49"": 15.0, ""50"": 10.0, ""51"": 3.0, ""53"": 26.0, ""54"": 2.0, ""58"": 39.0, ""59"": 89.0, ""60"": 14.26923077, ""61"": 23.1875, ""67"": 2.0, ""68"": 2.0, ""71"": 1.0, ""72"": 1.0, ""73"": 1.0, ""107"": 1.0, ""109"": 1.0, ""114"": 20.0, ""116"": 2.0, ""155"": 10.0, ""156"": 6.0, ""158"": 24.0, ""183"": 3.0, ""185"": 1.0, ""210"": 16.0, ""212"": 1.0, ""213"": 20.0}",2026-08-24T23:49:58-04:00
Jonathan Mingo,4426485,WR,CAR,QUESTIONABLE,0.0,63.3,,,169.54760964045832,12.1562979813525,232,232,"{""210"": 15.11764706}","{""41"": 43.0, ""42"": 418.0, ""47"": 79.0, ""48"": 36.0, ""49"": 17.0, ""50"": 9.0, ""51"": 3.0, ""53"": 43.0, ""54"": 2.0, ""58"": 85.0, ""59"": 155.0, ""60"": 9.72093023, ""61"": 27.86666667, ""67"": 1.0, ""68"": 1.0, ""108"": 2.0, ""109"": 2.0, ""155"": 2.0, ""156"": 13.0, ""210"": 15.0, ""213"": 15.0}",2026-08-24T23:49:58-04:00
Jameson Williams,4426388,WR,DET,ACTIVE,0.0,68.3,76.72060378,14.6,168.23706045041484,12.050378343622931,227,227,"{""210"": 15.11764706}","{""23"": 3.0, ""24"": 29.0, ""25"": 1.0, ""27"": 4.0, ""28"": 1.0, ""39"": 9.66666667, ""40"": 2.41666667, ""41"": 24.0, ""42"": 354.0, ""43"": 2.0, ""45"": 1.0, ""47"": 66.0, ""48"": 31.0, ""49"": 13.0, ""50"": 9.0, ""51"": 3.0, ""53"": 24.0, ""54"": 1.0, ""58"": 42.0, ""59"": 105.0, ""60"": 14.75, ""61"": 29.5, ""67"": 1.0, ""68"": 1.0, ""155"": 8.0, ""156"": 4.0, ""158"": 18.0, ""180"": 1.0, ""186"": 1.0, ""210"": 12.0, ""212"": 1.0, ""213"": 14.0}",2026-08-24T23:49:58-04:00
Kadarius Toney,4240600,WR,KC,ACTIVE,0.0,39.5,149.27523485,49.3,168.80837613591467,11.476204282568304,1057,1057,"{""210"": 15.11764706}","{""0"": 1.0, ""2"": 1.0, ""23"": 11.0, ""24"": 31.0, ""27"": 6.0, ""28"": 2.0, ""39"": 2.81818182, ""40"": 2.38461538, ""41"": 27.0, ""42"": 169.0, ""43"": 1.0, ""47"": 30.0, ""48"": 12.0, ""49"": 4.0, ""50"": 3.0, ""53"": 27.0, ""54"": 2.0, ""58"": 38.0, ""59"": 128.0, ""60"": 6.25925926, ""61"": 13.0, ""67"": 1.0, ""68"": 1.0, ""115"": 58.0, ""118"": 5.0, ""119"": 2.0, ""155"": 8.0, ""156"": 5.0, ""158"": 6.0, ""183"": 1.0, ""210"": 13.0, ""212"": 2.0, ""213"": 12.0}",2026-08-24T23:49:58-04:00
Jaleel McLaughlin,4722893,RB,DEN,QUESTIONABLE,0.0,90.5,,,169.11418411694982,11.112936853523465,173,173,"{""210"": 14.17647059}","{""23"": 76.0, ""24"": 410.0, ""25"": 1.0, ""27"": 77.0, ""28"": 34.0, ""29"": 14.0, ""30"": 10.0, ""31"": 2.0, ""33"": 9.0, ""39"": 5.39473684, ""40"": 24.11764706, ""41"": 31.0, ""42"": 160.0, ""43"": 2.0, ""47"": 29.0, ""48"": 12.0, ""49"": 3.0, ""50"": 2.0, ""53"": 31.0, ""54"": 1.0, ""58"": 36.0, ""59"": 290.0, ""60"": 5.16129032, ""61"": 9.41176471, ""108"": 1.0, ""109"": 1.0, ""155"": 8.0, ""156"": 9.0, ""158"": 18.0, ""179"": 1.0, ""184"": 1.0, ""185"": 1.0, ""210"": 17.0, ""212"": 16.0, ""213"": 5.0}",2026-08-24T23:49:58-04:00
Allen Lazard,3128390,WR,NYJ,ACTIVE,0.0,48.6,144.65289525,144.8,169.6029237455551,10.80271094737895,237,237,"{""210"": 15.11764706}","{""41"": 23.0, ""42"": 311.0, ""43"": 1.0, ""47"": 58.0, ""48"": 26.0, ""49"": 11.0, ""50"": 6.0, ""51"": 1.0, ""53"": 23.0, ""58"": 49.0, ""59"": 56.0, ""60"": 13.52173913, ""61"": 22.21428571, ""108"": 1.0, ""109"": 1.0, ""155"": 6.0, ""156"": 8.0, ""158"": 6.0, ""184"": 1.0, ""210"": 14.0, ""213"": 17.0}",2026-08-24T23:49:58-04:00
Wan'Dale Robinson,4569587,WR,NYG,ACTIVE,0.0,103.2,120.05962327,40.1,169.45239035954168,10.651436069415231,154,154,"{""210"": 15.11764706}","{""23"": 9.0, ""24"": 87.0, ""25"": 1.0, ""27"": 15.0, ""28"": 6.0, ""29"": 2.0, ""30"": 1.0, ""39"": 9.66666667, ""40"": 5.8, ""41"": 60.0, ""42"": 525.0, ""43"": 1.0, ""47"": 102.0, ""48"": 46.0, ""49"": 20.0, ""50"": 15.0, ""51"": 4.0, ""53"": 60.0, ""54"": 6.0, ""58"": 78.0, ""59"": 287.0, ""60"": 8.75, ""61"": 35.0, ""155"": 5.0, ""156"": 10.0, ""158"": 12.0, ""181"": 1.0, ""183"": 1.0, ""210"": 15.0, ""212"": 4.0, ""213"": 29.0}",2026-08-24T23:49:58-04:00
Royce Freeman,3122672,RB,LAR,ACTIVE,0.0,45.7,0.0,16.0,169.59265112603714,10.491525514544657,2161,2161,{},"{""23"": 77.0, ""24"": 319.0, ""25"": 2.0, ""27"": 60.0, ""28"": 28.0, ""29"": 12.0, ""30"": 9.0, ""31"": 3.0, ""33"": 11.0, ""34"": 4.0, ""39"": 4.14285714, ""40"": 22.78571429, ""41"": 1.0, ""42"": 13.0, ""47"": 2.0, ""48"": 1.0, ""53"": 1.0, ""58"": 2.0, ""59"": 14.0, ""60"": 13.0, ""61"": 0.92857143, ""107"": 3.0, ""108"": 2.0, ""109"": 5.0, ""155"": 8.0, ""156"": 6.0, ""158"": 12.0, ""179"": 1.0, ""181"": 1.0, ""210"": 14.0, ""212"": 17.0, ""213"": 1.0}",2026-08-24T23:49:58-04:00
Eddy Pineiro,4034949,K,CAR,QUESTIONABLE,127.61704001,105.0,125.53631412,144.0,169.76300119094878,10.332212035535258,490,490,"{""74"": 4.198982169, ""75"": 5.922019624, ""76"": 1.723037456, ""77"": 7.966807657, ""78"": 9.450031316, ""79"": 1.483223659, ""80"": 15.96677291, ""81"": 16.12805345, ""82"": 0.161280534, ""83"": 28.13256274, ""84"": 31.50010439, ""85"": 3.367541649, ""86"": 30.22212146, ""87"": 30.83889945, ""88"": 0.616777989, ""198"": 4.198982169, ""199"": 5.922019624, ""200"": 1.723037456, ""210"": 17.0, ""214"": 1064.254569, ""215"": 164.6275033, ""216"": 1228.882072, ""221"": 226.7450371, ""227"": 93.04402261, ""233"": 319.7890597}","{""74"": 5.0, ""75"": 7.0, ""76"": 2.0, ""77"": 7.0, ""78"": 9.0, ""79"": 2.0, ""80"": 13.0, ""81"": 13.0, ""83"": 25.0, ""84"": 29.0, ""85"": 4.0, ""86"": 17.0, ""87"": 20.0, ""88"": 3.0, ""155"": 2.0, ""156"": 13.0, ""158"": 92.0, ""198"": 5.0, ""199"": 7.0, ""200"": 2.0, ""210"": 15.0, ""214"": 978.0, ""215"": 198.0, ""216"": 1176.0, ""217"": 190.0, ""218"": 94.0, ""219"": 44.0, ""220"": 33.0, ""221"": 12.0, ""222"": 2.0, ""223"": 38.0, ""224"": 18.0, ""225"": 8.0, ""226"": 6.0, ""227"": 2.0, ""229"": 229.0, ""230"": 113.0, ""231"": 54.0, ""232"": 40.0, ""233"": 15.0, ""234"": 5.0}",2026-08-24T23:49:58-04:00
Matt Prater,11122,K,ARI,ACTIVE,127.66247039,125.0,133.92876973,96.0,169.40805369127517,10.004232437375546,494,494,"{""74"": 4.096016096, ""75"": 5.984847803, ""76"": 1.888831708, ""77"": 7.815934629, ""78"": 9.550289048, ""79"": 1.734354418, ""80"": 15.83296658, ""81"": 16.29915997, ""82"": 0.466193397, ""83"": 27.7449173, ""84"": 31.83429683, ""85"": 4.089379523, ""86"": 32.50913118, ""87"": 33.92029325, ""88"": 1.411162079, ""198"": 4.096016096, ""199"": 5.984847803, ""200"": 1.888831708, ""210"": 17.0, ""214"": 1047.890925, ""215"": 194.0286629, ""216"": 1241.919588, ""221"": 221.1848692, ""227"": 101.9969122, ""233"": 323.1817814}","{""74"": 9.0, ""75"": 12.0, ""76"": 3.0, ""77"": 6.0, ""78"": 7.0, ""79"": 1.0, ""80"": 13.0, ""81"": 14.0, ""82"": 1.0, ""83"": 28.0, ""84"": 33.0, ""85"": 5.0, ""86"": 22.0, ""87"": 23.0, ""88"": 1.0, ""155"": 4.0, ""156"": 13.0, ""158"": 106.0, ""198"": 8.0, ""199"": 11.0, ""200"": 3.0, ""201"": 1.0, ""202"": 1.0, ""210"": 17.0, ""214"": 1225.0, ""215"": 239.0, ""216"": 1521.0, ""217"": 239.0, ""218"": 115.0, ""219"": 53.0, ""220"": 43.0, ""221"": 18.0, ""222"": 5.0, ""223"": 46.0, ""224"": 22.0, ""225"": 9.0, ""226"": 8.0, ""227"": 3.0, ""229"": 298.0, ""230"": 144.0, ""231"": 66.0, ""232"": 55.0, ""233"": 24.0, ""234"": 8.0}",2026-08-24T23:49:58-04:00
Nick Mullens,3059989,QB,MIN,ACTIVE,0.0,80.3,20.33709341,13.6,170.10728654447922,9.83937480346252,474,474,"{""210"": 4.0}","{""0"": 148.0, ""1"": 100.0, ""2"": 48.0, ""3"": 1306.0, ""4"": 7.0, ""5"": 259.0, ""6"": 129.0, ""7"": 63.0, ""8"": 50.0, ""9"": 24.0, ""10"": 11.0, ""11"": 18.0, ""12"": 8.0, ""13"": 6.0, ""14"": 2.0, ""15"": 1.0, ""17"": 2.0, ""18"": 1.0, ""20"": 8.0, ""21"": 0.67567568, ""22"": 261.2, ""23"": 10.0, ""24"": 25.0, ""27"": 4.0, ""28"": 1.0, ""33"": 1.0, ""39"": 2.5, ""40"": 5.0, ""64"": 12.0, ""65"": 2.0, ""68"": 2.0, ""73"": 8.0, ""108"": 1.0, ""109"": 1.0, ""155"": 1.0, ""156"": 4.0, ""158"": 42.0, ""175"": 3.0, ""177"": 1.0, ""178"": 2.0, ""210"": 5.0, ""211"": 57.0, ""212"": 4.0}",2026-08-24T23:49:58-04:00
Bryce Young,4685720,QB,CAR,ACTIVE,0.0,176.9,,,168.87895569620252,9.294285424461032,295,295,"{""210"": 15.0}","{""0"": 527.0, ""1"": 315.0, ""2"": 212.0, ""3"": 2877.0, ""4"": 11.0, ""5"": 568.0, ""6"": 280.0, ""7"": 135.0, ""8"": 106.0, ""9"": 49.0, ""10"": 21.0, ""11"": 57.0, ""12"": 25.0, ""13"": 36.0, ""14"": 13.0, ""17"": 1.0, ""19"": 1.0, ""20"": 10.0, ""21"": 0.59772296, ""22"": 179.8125, ""23"": 39.0, ""24"": 253.0, ""26"": 1.0, ""27"": 44.0, ""28"": 20.0, ""29"": 7.0, ""30"": 3.0, ""33"": 1.0, ""39"": 6.48717949, ""40"": 15.8125, ""64"": 62.0, ""65"": 8.0, ""66"": 2.0, ""68"": 11.0, ""69"": 6.0, ""72"": 6.0, ""73"": 16.0, ""155"": 2.0, ""156"": 14.0, ""158"": 68.0, ""175"": 8.0, ""176"": 3.0, ""210"": 16.0, ""211"": 133.0, ""212"": 18.0}",2026-08-24T23:49:58-04:00
Joshua Kelley,3910544,RB,LAC,ACTIVE,101.67319091,57.7,42.96991669,57.8,168.63808771236666,9.030221196631267,2305,2307,"{""23"": 113.2774006, ""24"": 458.099286, ""25"": 4.107269254, ""26"": 0.186842053, ""27"": 91.0, ""28"": 45.0, ""29"": 22.0, ""30"": 18.0, ""31"": 9.0, ""33"": 22.0, ""34"": 11.0, ""35"": 0.220578772, ""36"": 0.15440514, ""37"": 0.542102718, ""38"": 0.0185, ""39"": 4.044048359, ""40"": 32.31405752, ""42"": 163.4766277, ""43"": 0.654232149, ""44"": 0.033419016, ""45"": 0.038327432, ""46"": 0.025046977, ""47"": 32.0, ""48"": 16.0, ""49"": 8.0, ""50"": 6.0, ""51"": 3.0, ""53"": 23.034, ""54"": 4.0, ""55"": 2.0, ""56"": 0.062501879, ""57"": 0.001933048, ""58"": 30.62800622, ""60"": 7.097187972, ""61"": 11.53154635, ""62"": 0.220261069, ""63"": 0.004663571, ""66"": 0.880799489, ""67"": 0.179103116, ""68"": 1.059902605, ""70"": 0.405167765, ""71"": 0.100297745, ""72"": 0.50546551, ""73"": 0.50546551, ""210"": 14.17647059, ""212"": 27.48379888, ""213"": 8.876067923}","{""23"": 107.0, ""24"": 405.0, ""25"": 2.0, ""27"": 76.0, ""28"": 34.0, ""29"": 13.0, ""30"": 9.0, ""31"": 3.0, ""33"": 16.0, ""34"": 4.0, ""35"": 1.0, ""39"": 3.78504673, ""40"": 23.82352941, ""41"": 8.0, ""42"": 32.0, ""47"": 4.0, ""53"": 8.0, ""58"": 12.0, ""59"": 39.0, ""60"": 4.0, ""61"": 1.88235294, ""66"": 1.0, ""68"": 1.0, ""70"": 1.0, ""72"": 1.0, ""73"": 1.0, ""114"": 16.0, ""116"": 1.0, ""155"": 5.0, ""156"": 12.0, ""158"": 12.0, ""179"": 1.0, ""210"": 17.0, ""212"": 21.0}",2026-08-24T23:49:58-04:00
Luke Musgrave,4428085,TE,GB,ACTIVE,0.0,58.2,,,167.5432635322007,8.582109323510693,284,284,"{""210"": 15.11764706}","{""41"": 34.0, ""42"": 352.0, ""43"": 1.0, ""47"": 66.0, ""48"": 31.0, ""49"": 13.0, ""50"": 11.0, ""51"": 3.0, ""53"": 34.0, ""54"": 2.0, ""58"": 46.0, ""59"": 169.0, ""60"": 10.35294118, ""61"": 32.0, ""155"": 5.0, ""156"": 6.0, ""158"": 6.0, ""185"": 1.0, ""210"": 11.0, ""213"": 14.0}",2026-08-24T23:49:58-04:00
Anders Carlson,4242519,K,GB,ACTIVE,0.0,119.0,,,169.3898372369988,8.435673571289444,491,491,"{""210"": 17.0}","{""74"": 3.0, ""75"": 5.0, ""76"": 2.0, ""77"": 4.0, ""78"": 8.0, ""79"": 4.0, ""80"": 20.0, ""81"": 20.0, ""83"": 27.0, ""84"": 33.0, ""85"": 6.0, ""86"": 34.0, ""87"": 39.0, ""88"": 5.0, ""108"": 1.0, ""109"": 1.0, ""155"": 9.0, ""156"": 8.0, ""158"": 115.0, ""198"": 3.0, ""199"": 4.0, ""200"": 1.0, ""202"": 1.0, ""203"": 1.0, ""210"": 17.0, ""214"": 969.0, ""215"": 264.0, ""216"": 1233.0, ""217"": 186.0, ""218"": 88.0, ""219"": 40.0, ""220"": 32.0, ""221"": 11.0, ""222"": 1.0, ""223"": 51.0, ""224"": 24.0, ""225"": 11.0, ""226"": 7.0, ""227"": 1.0, ""229"": 239.0, ""230"": 115.0, ""231"": 54.0, ""232"": 41.0, ""233"": 17.0, ""234"": 2.0}",2026-08-24T23:49:58-04:00
Chase Brown,4362238,RB,CIN,ACTIVE,0.0,46.5,,,170.08929276965625,8.211137584376091,172,169,"{""210"": 14.17647059}","{""23"": 44.0, ""24"": 179.0, ""27"": 33.0, ""28"": 15.0, ""29"": 7.0, ""30"": 4.0, ""31"": 1.0, ""33"": 5.0, ""34"": 1.0, ""39"": 4.06818182, ""40"": 14.91666667, ""41"": 14.0, ""42"": 156.0, ""43"": 1.0, ""45"": 1.0, ""46"": 1.0, ""47"": 29.0, ""48"": 13.0, ""49"": 6.0, ""50"": 4.0, ""51"": 1.0, ""53"": 14.0, ""58"": 15.0, ""59"": 194.0, ""60"": 11.14285714, ""61"": 13.0, ""66"": 1.0, ""68"": 1.0, ""107"": 3.0, ""108"": 2.0, ""109"": 5.0, ""114"": 44.0, ""116"": 4.0, ""117"": 1.0, ""155"": 7.0, ""156"": 5.0, ""158"": 6.0, ""210"": 12.0, ""212"": 6.0, ""213"": 4.0}",2026-08-24T23:49:58-04:00
Robert Woods,15880,WR,HOU,ACTIVE,0.0,69.3,145.83141658,89.2,163.83303571428573,7.9822372196807505,396,396,"{""210"": 15.11764706}","{""23"": 1.0, ""24"": 7.0, ""27"": 1.0, ""39"": 7.0, ""40"": 0.5, ""41"": 40.0, ""42"": 426.0, ""43"": 1.0, ""47"": 81.0, ""48"": 38.0, ""49"": 15.0, ""50"": 12.0, ""51"": 3.0, ""53"": 40.0, ""54"": 3.0, ""58"": 75.0, ""59"": 126.0, ""60"": 10.65, ""61"": 30.42857143, ""107"": 1.0, ""108"": 1.0, ""109"": 2.0, ""115"": 42.0, ""118"": 3.0, ""155"": 8.0, ""156"": 6.0, ""158"": 6.0, ""183"": 1.0, ""210"": 14.0, ""213"": 26.0}",2026-08-24T23:49:58-04:00
Easton Stick,3120590,QB,LAC,ACTIVE,0.0,73.2,,,170.19897151898735,7.768290281581727,1027,1027,"{""210"": 4.0}","{""0"": 174.0, ""1"": 111.0, ""2"": 63.0, ""3"": 1129.0, ""4"": 3.0, ""5"": 224.0, ""6"": 110.0, ""7"": 53.0, ""8"": 43.0, ""9"": 21.0, ""10"": 9.0, ""11"": 19.0, ""12"": 9.0, ""13"": 10.0, ""14"": 4.0, ""15"": 1.0, ""16"": 1.0, ""20"": 1.0, ""21"": 0.63793103, ""22"": 225.8, ""23"": 27.0, ""24"": 144.0, ""25"": 1.0, ""27"": 28.0, ""28"": 13.0, ""29"": 5.0, ""30"": 5.0, ""31"": 1.0, ""33"": 4.0, ""34"": 1.0, ""39"": 5.33333333, ""40"": 28.8, ""59"": -5.0, ""64"": 14.0, ""65"": 5.0, ""68"": 5.0, ""69"": 4.0, ""72"": 4.0, ""73"": 5.0, ""156"": 5.0, ""158"": 24.0, ""175"": 1.0, ""176"": 1.0, ""179"": 1.0, ""210"": 5.0, ""211"": 53.0, ""212"": 11.0}",2026-08-24T23:49:58-04:00
Darrell Henderson Jr.,4039359,RB,FA,ACTIVE,0.0,38.5,178.30816223,65.0,169.14342157250098,7.5936397484762,2138,2138,{},"{""23"": 46.0, ""24"": 112.0, ""25"": 2.0, ""27"": 21.0, ""28"": 10.0, ""29"": 4.0, ""30"": 3.0, ""31"": 1.0, ""33"": 8.0, ""34"": 3.0, ""39"": 2.43478261, ""40"": 28.0, ""41"": 10.0, ""42"": 103.0, ""47"": 19.0, ""48"": 8.0, ""49"": 3.0, ""50"": 3.0, ""51"": 1.0, ""53"": 10.0, ""58"": 14.0, ""59"": 134.0, ""60"": 10.3, ""61"": 25.75, ""155"": 1.0, ""156"": 3.0, ""158"": 12.0, ""179"": 2.0, ""210"": 4.0, ""212"": 5.0, ""213"": 3.0}",2026-08-24T23:49:58-04:00
Panthers D/ST,-16029,D/ST,CAR,,0.0,54.0,75.2550439,93.0,168.69359205776172,7.4817286208211975,513,513,"{""210"": 17.0}","{""89"": 0.0, ""90"": 0.0, ""91"": 3.0, ""92"": 4.0, ""94"": 2.0, ""95"": 8.0, ""96"": 3.0, ""99"": 27.0, ""100"": 54.0, ""102"": 1.0, ""103"": 2.0, ""105"": 3.0, ""106"": 5.0, ""107"": 435.0, ""108"": 649.0, ""109"": 1084.0, ""110"": 355.0, ""111"": 211.0, ""112"": 77.0, ""113"": 64.0, ""114"": 637.0, ""115"": 322.0, ""116"": 57.0, ""117"": 20.0, ""118"": 27.0, ""119"": 8.0, ""120"": 386.0, ""121"": 2.0, ""122"": 4.0, ""123"": 1.0, ""124"": 3.0, ""127"": 4997.0, ""128"": 0.0, ""129"": 1.0, ""130"": 8.0, ""131"": 4.0, ""132"": 2.0, ""133"": 2.0, ""134"": 0.0, ""135"": 0.0, ""136"": 0.0, ""155"": 2.0, ""156"": 15.0, ""187"": 386.0, ""188"": 0.0, ""189"": 0.0, ""190"": 3.0, ""191"": 4.0, ""192"": 2.0, ""193"": 4.0, ""194"": 1.0, ""195"": 3.0, ""210"": 17.0}",2026-08-24T23:49:58-04:00
Giants D/ST,-16019,D/ST,NYG,,0.0,102.0,70.36139838,88.0,169.0523465703971,7.297612653716412,514,514,"{""210"": 17.0}","{""89"": 0.0, ""90"": 0.0, ""91"": 4.0, ""92"": 1.0, ""94"": 3.0, ""95"": 18.0, ""96"": 13.0, ""97"": 1.0, ""99"": 34.0, ""100"": 68.0, ""102"": 1.0, ""103"": 3.0, ""105"": 4.0, ""106"": 19.0, ""107"": 377.0, ""108"": 734.0, ""109"": 1111.0, ""110"": 364.0, ""111"": 216.0, ""112"": 69.0, ""113"": 81.0, ""114"": 249.0, ""115"": 311.0, ""116"": 22.0, ""117"": 5.0, ""118"": 25.0, ""119"": 8.0, ""120"": 395.0, ""121"": 2.0, ""122"": 3.0, ""123"": 6.0, ""124"": 0.0, ""125"": 1.0, ""127"": 6149.0, ""128"": 0.0, ""129"": 0.0, ""130"": 8.0, ""131"": 2.0, ""132"": 2.0, ""133"": 2.0, ""134"": 1.0, ""135"": 1.0, ""136"": 1.0, ""155"": 6.0, ""156"": 11.0, ""187"": 395.0, ""188"": 0.0, ""189"": 0.0, ""190"": 4.0, ""191"": 1.0, ""192"": 2.0, ""193"": 3.0, ""194"": 6.0, ""195"": 0.0, ""196"": 1.0, ""210"": 17.0}",2026-08-24T23:49:58-04:00
Josh Reynolds,3115306,WR,DET,ACTIVE,54.17266966,108.8,48.37560004,84.9,168.10446428571427,6.936938921431289,2052,2052,"{""42"": 282.7100541, ""43"": 2.466883224, ""44"": 0.144681713, ""45"": 0.172315732, ""46"": 0.112608331, ""47"": 56.0, ""48"": 28.0, ""49"": 14.0, ""50"": 11.0, ""51"": 5.0, ""53"": 22.48667144, ""54"": 4.0, ""55"": 2.0, ""56"": 0.130922557, ""57"": 0.004049151, ""58"": 35.9469375, ""60"": 12.5723389, ""61"": 18.70066506, ""62"": 0.144681713, ""63"": 0.001698456, ""67"": 0.386012712, ""68"": 0.386012712, ""71"": 0.216167119, ""72"": 0.216167119, ""73"": 0.216167119, ""210"": 15.11764706, ""213"": 12.78052525}","{""41"": 40.0, ""42"": 608.0, ""43"": 5.0, ""47"": 116.0, ""48"": 55.0, ""49"": 23.0, ""50"": 16.0, ""51"": 5.0, ""53"": 40.0, ""54"": 2.0, ""58"": 64.0, ""59"": 173.0, ""60"": 15.2, ""61"": 35.76470588, ""67"": 1.0, ""68"": 1.0, ""71"": 1.0, ""72"": 1.0, ""73"": 1.0, ""155"": 12.0, ""156"": 5.0, ""158"": 30.0, ""183"": 3.0, ""184"": 1.0, ""185"": 1.0, ""210"": 17.0, ""213"": 32.0}",2026-08-24T23:49:58-04:00
Rico Dowdle,4038815,RB,DAL,ACTIVE,0.0,83.0,31.44343772,0.0,168.55985776372975,6.933161713444398,221,221,"{""210"": 14.17647059}","{""23"": 89.0, ""24"": 361.0, ""25"": 2.0, ""27"": 65.0, ""28"": 28.0, ""29"": 11.0, ""30"": 6.0, ""31"": 1.0, ""33"": 11.0, ""34"": 2.0, ""39"": 4.05617978, ""40"": 22.5625, ""41"": 17.0, ""42"": 144.0, ""43"": 2.0, ""47"": 26.0, ""48"": 9.0, ""49"": 3.0, ""50"": 3.0, ""51"": 1.0, ""53"": 17.0, ""58"": 22.0, ""59"": 170.0, ""60"": 8.47058824, ""61"": 9.0, ""107"": 1.0, ""109"": 1.0, ""114"": 86.0, ""116"": 7.0, ""117"": 2.0, ""155"": 11.0, ""156"": 5.0, ""158"": 24.0, ""179"": 2.0, ""184"": 2.0, ""210"": 16.0, ""212"": 17.0, ""213"": 6.0}",2026-08-24T23:49:58-04:00
Lucas Havrisik,4245661,K,CLE,ACTIVE,,65.0,,,169.9896784438269,6.779201115258486,2684,2688,null,"{""74"": 2.0, ""75"": 3.0, ""76"": 1.0, ""77"": 2.0, ""78"": 6.0, ""79"": 4.0, ""80"": 11.0, ""81"": 11.0, ""83"": 15.0, ""84"": 20.0, ""85"": 5.0, ""86"": 19.0, ""87"": 22.0, ""88"": 3.0, ""155"": 6.0, ""156"": 3.0, ""158"": 64.0, ""198"": 2.0, ""199"": 3.0, ""200"": 1.0, ""210"": 9.0, ""214"": 487.0, ""215"": 232.0, ""216"": 719.0, ""217"": 93.0, ""218"": 46.0, ""219"": 21.0, ""220"": 14.0, ""221"": 6.0, ""222"": 1.0, ""223"": 44.0, ""224"": 21.0, ""225"": 10.0, ""226"": 6.0, ""227"": 1.0, ""229"": 141.0, ""230"": 70.0, ""231"": 33.0, ""232"": 24.0, ""233"": 11.0, ""234"": 4.0}",2026-08-24T23:49:58-04:00
Greg Zuerlein,14993,K,NYJ,ACTIVE,135.03666209,140.0,122.32142587,132.0,169.2523489932886,6.674057581761998,203,203,"{""74"": 4.150496645, ""75"": 6.185896648, ""76"": 2.035400003, ""77"": 7.945861909, ""78"": 9.871111673, ""79"": 1.925249764, ""80"": 16.13848234, ""81"": 16.84669725, ""82"": 0.708214918, ""83"": 28.23484089, ""84"": 32.90370558, ""85"": 4.668864685, ""86"": 38.75414889, ""87"": 41.01136516, ""88"": 2.257216279, ""198"": 4.150496645, ""199"": 6.185896648, ""200"": 2.035400003, ""210"": 17.0, ""214"": 1065.845075, ""215"": 217.7942871, ""216"": 1283.639362, ""221"": 224.1268188, ""227"": 109.9116002, ""233"": 334.038419}","{""74"": 5.0, ""75"": 6.0, ""76"": 1.0, ""77"": 13.0, ""78"": 14.0, ""79"": 1.0, ""80"": 17.0, ""81"": 18.0, ""82"": 1.0, ""83"": 35.0, ""84"": 38.0, ""85"": 3.0, ""86"": 15.0, ""87"": 16.0, ""88"": 1.0, ""155"": 7.0, ""156"": 9.0, ""158"": 120.0, ""198"": 5.0, ""199"": 6.0, ""200"": 1.0, ""210"": 16.0, ""214"": 1343.0, ""215"": 101.0, ""216"": 1444.0, ""217"": 263.0, ""218"": 129.0, ""219"": 59.0, ""220"": 48.0, ""221"": 21.0, ""222"": 5.0, ""223"": 19.0, ""224"": 9.0, ""225"": 4.0, ""226"": 3.0, ""227"": 1.0, ""229"": 283.0, ""230"": 139.0, ""231"": 65.0, ""232"": 52.0, ""233"": 23.0, ""234"": 6.0}",2026-08-24T23:49:58-04:00
Michael Badgley,3123052,K,DET,ACTIVE,0.0,26.0,0.0,114.0,169.7852322350139,6.662873228946421,204,204,{},"{""77"": 1.0, ""78"": 1.0, ""80"": 3.0, ""81"": 3.0, ""83"": 4.0, ""84"": 4.0, ""86"": 13.0, ""87"": 15.0, ""88"": 2.0, ""155"": 3.0, ""156"": 1.0, ""158"": 25.0, ""210"": 4.0, ""214"": 147.0, ""216"": 147.0, ""217"": 28.0, ""218"": 13.0, ""219"": 5.0, ""220"": 4.0, ""221"": 1.0, ""229"": 28.0, ""230"": 13.0, ""231"": 5.0, ""232"": 4.0, ""233"": 1.0}",2026-08-24T23:49:58-04:00
Tommy DeVito,4240391,QB,NYG,ACTIVE,0.0,109.1,,,168.1032436708861,5.9284355944814955,1627,1634,{},"{""0"": 178.0, ""1"": 114.0, ""2"": 64.0, ""3"": 1101.0, ""4"": 8.0, ""5"": 218.0, ""6"": 106.0, ""7"": 50.0, ""8"": 41.0, ""9"": 18.0, ""10"": 6.0, ""11"": 19.0, ""12"": 7.0, ""13"": 9.0, ""14"": 2.0, ""15"": 1.0, ""20"": 3.0, ""21"": 0.64044944, ""22"": 122.33333333, ""23"": 36.0, ""24"": 195.0, ""25"": 1.0, ""27"": 37.0, ""28"": 16.0, ""29"": 6.0, ""30"": 4.0, ""31"": 1.0, ""33"": 4.0, ""34"": 1.0, ""39"": 5.41666667, ""40"": 21.66666667, ""64"": 37.0, ""66"": 2.0, ""68"": 2.0, ""70"": 1.0, ""72"": 1.0, ""73"": 4.0, ""155"": 4.0, ""156"": 5.0, ""158"": 54.0, ""175"": 4.0, ""176"": 2.0, ""177"": 1.0, ""179"": 1.0, ""210"": 9.0, ""211"": 46.0, ""212"": 7.0}",2026-08-24T23:49:58-04:00
Marquez Valdes-Scantling,3051738,WR,KC,ACTIVE,114.47744744,46.0,149.48492344,101.4,169.05223214285715,5.223040890829986,2181,2182,"{""42"": 670.9888952, ""43"": 4.838022164, ""44"": 0.225200223, ""45"": 0.406551031, ""46"": 0.265681099, ""47"": 134.0, ""48"": 67.0, ""49"": 33.0, ""50"": 26.0, ""51"": 13.0, ""53"": 36.75382068, ""54"": 7.0, ""55"": 3.0, ""56"": 0.862377313, ""57"": 0.026671463, ""58"": 68.59880088, ""60"": 18.25630323, ""61"": 44.38447945, ""62"": 0.225200223, ""63"": 0.00187348, ""67"": 0.425790941, ""68"": 0.425790941, ""71"": 0.238442927, ""72"": 0.238442927, ""73"": 0.238442927, ""210"": 15.11764706, ""213"": 27.70928232}","{""41"": 21.0, ""42"": 315.0, ""43"": 1.0, ""45"": 1.0, ""47"": 58.0, ""48"": 26.0, ""49"": 11.0, ""50"": 7.0, ""51"": 1.0, ""53"": 21.0, ""58"": 42.0, ""59"": 92.0, ""60"": 15.0, ""61"": 19.6875, ""67"": 1.0, ""68"": 1.0, ""71"": 1.0, ""72"": 1.0, ""73"": 1.0, ""155"": 10.0, ""156"": 6.0, ""158"": 6.0, ""210"": 16.0, ""213"": 14.0}",2026-08-24T23:49:58-04:00
Titans D/ST,-16010,D/ST,TEN,,0.0,82.0,70.97538625,81.0,169.7206678700361,5.134295931824485,515,515,"{""210"": 17.0}","{""89"": 0.0, ""90"": 1.0, ""91"": 1.0, ""92"": 1.0, ""94"": 1.0, ""95"": 6.0, ""96"": 8.0, ""97"": 2.0, ""99"": 45.0, ""100"": 90.0, ""103"": 1.0, ""105"": 1.0, ""106"": 13.0, ""107"": 439.0, ""108"": 780.0, ""109"": 1219.0, ""110"": 401.0, ""111"": 237.0, ""112"": 83.0, ""113"": 55.0, ""114"": 372.0, ""115"": 330.0, ""116"": 33.0, ""117"": 9.0, ""118"": 27.0, ""119"": 5.0, ""120"": 355.0, ""121"": 7.0, ""122"": 5.0, ""123"": 2.0, ""124"": 0.0, ""127"": 5697.0, ""128"": 0.0, ""129"": 0.0, ""130"": 3.0, ""131"": 7.0, ""132"": 6.0, ""133"": 1.0, ""134"": 0.0, ""135"": 0.0, ""136"": 0.0, ""155"": 6.0, ""156"": 11.0, ""187"": 355.0, ""188"": 0.0, ""189"": 1.0, ""190"": 1.0, ""191"": 1.0, ""192"": 7.0, ""193"": 5.0, ""194"": 2.0, ""195"": 0.0, ""205"": 1.0, ""206"": 1.0, ""210"": 17.0}",2026-08-24T23:49:58-04:00
Kendrick Bourne,3045523,WR,NE,QUESTIONABLE,0.0,81.5,96.09848802,70.8,166.85401785714285,5.0705784996040935,167,167,"{""210"": 15.11764706}","{""23"": 1.0, ""24"": 4.0, ""39"": 4.0, ""40"": 0.5, ""41"": 37.0, ""42"": 406.0, ""43"": 4.0, ""47"": 77.0, ""48"": 36.0, ""49"": 17.0, ""50"": 12.0, ""51"": 3.0, ""53"": 37.0, ""54"": 4.0, ""55"": 1.0, ""58"": 55.0, ""59"": 203.0, ""60"": 10.97297297, ""61"": 50.75, ""67"": 1.0, ""68"": 1.0, ""71"": 1.0, ""72"": 1.0, ""73"": 1.0, ""108"": 1.0, ""109"": 1.0, ""155"": 2.0, ""156"": 6.0, ""158"": 24.0, ""183"": 1.0, ""184"": 2.0, ""185"": 1.0, ""210"": 8.0, ""212"": 1.0, ""213"": 15.0}",2026-08-24T23:49:58-04:00
Michael Wilson,4360761,WR,ARI,ACTIVE,0.0,95.5,,,169.36112208613196,5.004974135092866,130,130,"{""210"": 15.11764706}","{""41"": 38.0, ""42"": 565.0, ""43"": 3.0, ""44"": 1.0, ""47"": 109.0, ""48"": 50.0, ""49"": 21.0, ""50"": 18.0, ""51"": 6.0, ""53"": 38.0, ""54"": 2.0, ""58"": 58.0, ""59"": 139.0, ""60"": 14.86842105, ""61"": 43.46153846, ""155"": 3.0, ""156"": 10.0, ""158"": 20.0, ""183"": 2.0, ""184"": 1.0, ""210"": 13.0, ""213"": 29.0}",2026-08-24T23:49:58-04:00
Darius Slayton,3916945,WR,NYG,QUESTIONABLE,0.0,126.0,13.16478205,105.4,168.94745160015805,4.916919193422596,276,276,"{""210"": 15.11764706}","{""41"": 50.0, ""42"": 770.0, ""43"": 4.0, ""45"": 3.0, ""46"": 2.0, ""47"": 148.0, ""48"": 71.0, ""49"": 32.0, ""50"": 22.0, ""51"": 9.0, ""52"": 1.0, ""53"": 50.0, ""54"": 1.0, ""56"": 1.0, ""58"": 79.0, ""59"": 298.0, ""60"": 15.4, ""61"": 45.29411765, ""108"": 1.0, ""109"": 1.0, ""155"": 6.0, ""156"": 11.0, ""158"": 24.0, ""184"": 1.0, ""210"": 17.0, ""213"": 29.0}",2026-08-24T23:49:58-04:00
Johnny Mundt,3052096,TE,MIN,ACTIVE,0.0,31.7,19.35886747,29.5,170.0,4.905525354283642,1003,1003,"{""210"": 15.11764706}","{""41"": 17.0, ""42"": 172.0, ""43"": 1.0, ""47"": 29.0, ""48"": 12.0, ""49"": 4.0, ""50"": 3.0, ""51"": 1.0, ""53"": 17.0, ""54"": 1.0, ""58"": 23.0, ""59"": 94.0, ""60"": 10.11764706, ""61"": 10.11764706, ""107"": 1.0, ""108"": 1.0, ""109"": 2.0, ""155"": 7.0, ""156"": 10.0, ""158"": 6.0, ""183"": 1.0, ""210"": 17.0, ""213"": 8.0}",2026-08-24T23:49:58-04:00
Dawson Knox,3930086,TE,BUF,ACTIVE,0.0,43.6,121.59706849,111.7,169.57551385165326,4.884381362894871,459,465,"{""210"": 15.11764706}","{""41"": 22.0, ""42"": 186.0, ""43"": 2.0, ""44"": 1.0, ""47"": 35.0, ""48"": 15.0, ""49"": 4.0, ""50"": 3.0, ""53"": 22.0, ""58"": 36.0, ""59"": 96.0, ""60"": 8.45454545, ""61"": 14.30769231, ""155"": 10.0, ""156"": 3.0, ""158"": 14.0, ""183"": 2.0, ""210"": 13.0, ""213"": 13.0}",2026-08-24T23:49:58-04:00
Pierre Strong Jr.,4249836,RB,CLE,QUESTIONABLE,0.0,40.3,13.85354413,23.7,170.31212959304622,4.856693112148609,400,400,{},"{""23"": 63.0, ""24"": 291.0, ""25"": 1.0, ""27"": 54.0, ""28"": 24.0, ""29"": 12.0, ""30"": 7.0, ""31"": 1.0, ""33"": 8.0, ""34"": 2.0, ""39"": 4.61904762, ""40"": 17.11764706, ""41"": 5.0, ""42"": 47.0, ""47"": 9.0, ""48"": 4.0, ""49"": 2.0, ""50"": 1.0, ""53"": 5.0, ""58"": 8.0, ""59"": 73.0, ""60"": 9.4, ""61"": 2.76470588, ""66"": 1.0, ""68"": 1.0, ""70"": 1.0, ""72"": 1.0, ""73"": 1.0, ""106"": 1.0, ""107"": 2.0, ""108"": 7.0, ""109"": 9.0, ""114"": 200.0, ""116"": 16.0, ""117"": 5.0, ""155"": 11.0, ""156"": 6.0, ""158"": 6.0, ""179"": 1.0, ""210"": 17.0, ""212"": 10.0, ""213"": 2.0}",2026-08-24T23:49:58-04:00
Emari Demercado,4362478,RB,ARI,ACTIVE,0.0,62.8,,,169.53101540892928,4.800018574955602,325,325,"{""210"": 14.17647059}","{""23"": 58.0, ""24"": 284.0, ""25"": 2.0, ""27"": 54.0, ""28"": 25.0, ""29"": 10.0, ""30"": 8.0, ""31"": 3.0, ""33"": 8.0, ""34"": 4.0, ""35"": 1.0, ""39"": 4.89655172, ""40"": 20.28571429, ""41"": 21.0, ""42"": 119.0, ""47"": 21.0, ""48"": 8.0, ""49"": 3.0, ""50"": 1.0, ""53"": 21.0, ""54"": 1.0, ""58"": 30.0, ""59"": 109.0, ""60"": 5.66666667, ""61"": 8.5, ""155"": 3.0, ""156"": 11.0, ""158"": 12.0, ""180"": 1.0, ""210"": 14.0, ""212"": 12.0, ""213"": 4.0}",2026-08-24T23:49:58-04:00
Wil Lutz,2985659,K,DEN,ACTIVE,126.02799169,125.0,126.42260864,106.0,168.70290827740493,4.75594891740422,502,502,"{""74"": 3.909562555, ""75"": 6.180384558, ""76"": 2.270822003, ""77"": 7.560213966, ""78"": 9.862315784, ""79"": 2.302101817, ""80"": 15.47801307, ""81"": 16.8316856, ""82"": 1.353672537, ""83"": 26.94778959, ""84"": 32.87438595, ""85"": 5.926596358, ""86"": 35.7318802, ""87"": 39.41410611, ""88"": 3.682225919, ""198"": 3.909562555, ""199"": 6.180384558, ""200"": 2.270822003, ""210"": 17.0, ""214"": 1015.666398, ""215"": 266.8291461, ""216"": 1282.495545, ""221"": 211.116378, ""227"": 122.6243882, ""233"": 333.7407661}","{""74"": 3.0, ""75"": 5.0, ""76"": 2.0, ""77"": 4.0, ""78"": 5.0, ""79"": 1.0, ""80"": 23.0, ""81"": 24.0, ""82"": 1.0, ""83"": 30.0, ""84"": 34.0, ""85"": 4.0, ""86"": 29.0, ""87"": 31.0, ""88"": 2.0, ""155"": 8.0, ""156"": 9.0, ""158"": 119.0, ""198"": 3.0, ""199"": 5.0, ""200"": 2.0, ""210"": 17.0, ""214"": 991.0, ""215"": 201.0, ""216"": 1192.0, ""217"": 192.0, ""218"": 92.0, ""219"": 43.0, ""220"": 32.0, ""221"": 13.0, ""222"": 3.0, ""223"": 39.0, ""224"": 18.0, ""225"": 8.0, ""226"": 6.0, ""227"": 2.0, ""229"": 231.0, ""230"": 111.0, ""231"": 52.0, ""232"": 41.0, ""233"": 17.0, ""234"": 5.0}",2026-08-24T23:49:58-04:00
Blake Grupe,4259619,K,NO,ACTIVE,127.5042061,143.0,,,169.54624851131402,4.715593160956643,497,497,"{""74"": 3.977528656, ""75"": 6.195527502, ""76"": 2.217998846, ""77"": 7.671908524, ""78"": 9.886480056, ""79"": 2.214571533, ""80"": 15.67494822, ""81"": 16.87292596, ""82"": 1.197977743, ""83"": 27.3243854, ""84"": 32.95493352, ""85"": 5.630548122, ""86"": 35.53463219, ""87"": 38.79326658, ""88"": 3.258634393, ""198"": 3.977528656, ""199"": 6.195527502, ""200"": 2.217998846, ""210"": 17.0, ""214"": 1030.270878, ""215"": 255.3669889, ""216"": 1285.637866, ""221"": 214.7865474, ""227"": 119.7719377, ""233"": 334.5584851}","{""74"": 6.0, ""75"": 9.0, ""76"": 3.0, ""77"": 8.0, ""78"": 10.0, ""79"": 2.0, ""80"": 16.0, ""81"": 18.0, ""82"": 2.0, ""83"": 30.0, ""84"": 37.0, ""85"": 7.0, ""86"": 40.0, ""87"": 40.0, ""155"": 9.0, ""156"": 8.0, ""158"": 130.0, ""198"": 6.0, ""199"": 9.0, ""200"": 3.0, ""210"": 17.0, ""214"": 1141.0, ""215"": 308.0, ""216"": 1449.0, ""217"": 224.0, ""218"": 109.0, ""219"": 51.0, ""220"": 41.0, ""221"": 18.0, ""222"": 7.0, ""223"": 59.0, ""224"": 28.0, ""225"": 13.0, ""226"": 10.0, ""227"": 3.0, ""229"": 284.0, ""230"": 139.0, ""231"": 65.0, ""232"": 52.0, ""233"": 24.0, ""234"": 9.0}",2026-08-24T23:49:58-04:00
Michael Mayer,4429086,TE,LV,QUESTIONABLE,0.0,57.9,,,170.00268096514745,4.612010302097213,219,158,"{""210"": 15.11764706}","{""41"": 27.0, ""42"": 304.0, ""43"": 2.0, ""44"": 1.0, ""47"": 55.0, ""48"": 24.0, ""49"": 8.0, ""50"": 7.0, ""51"": 1.0, ""53"": 27.0, ""54"": 1.0, ""58"": 40.0, ""59"": 164.0, ""60"": 11.25925926, ""61"": 21.71428571, ""107"": 1.0, ""108"": 2.0, ""109"": 3.0, ""155"": 6.0, ""156"": 8.0, ""158"": 14.0, ""183"": 1.0, ""184"": 1.0, ""210"": 14.0, ""213"": 19.0}",2026-08-24T23:49:58-04:00
Tyrod Taylor,14163,QB,NYJ,ACTIVE,0.0,96.5,38.18353552,13.2,170.0245864997765,4.582818681417038,480,480,"{""210"": 4.0}","{""0"": 180.0, ""1"": 116.0, ""2"": 64.0, ""3"": 1341.0, ""4"": 5.0, ""5"": 264.0, ""6"": 129.0, ""7"": 62.0, ""8"": 50.0, ""9"": 23.0, ""10"": 10.0, ""11"": 18.0, ""12"": 7.0, ""13"": 8.0, ""14"": 3.0, ""15"": 2.0, ""16"": 2.0, ""17"": 1.0, ""20"": 3.0, ""21"": 0.64444444, ""22"": 121.90909091, ""23"": 38.0, ""24"": 197.0, ""27"": 36.0, ""28"": 17.0, ""29"": 7.0, ""30"": 4.0, ""33"": 5.0, ""39"": 5.18421053, ""40"": 17.90909091, ""64"": 17.0, ""65"": 2.0, ""66"": 2.0, ""68"": 4.0, ""73"": 3.0, ""155"": 2.0, ""156"": 9.0, ""158"": 30.0, ""176"": 2.0, ""178"": 1.0, ""210"": 11.0, ""211"": 53.0, ""212"": 10.0}",2026-08-24T23:49:58-04:00
Brett Maher,16486,K,LAR,ACTIVE,133.04807292,71.0,129.42407824,158.0,169.95838926174497,4.547369968395521,2206,2208,"{""74"": 4.276414049, ""75"": 6.070763549, ""76"": 1.7943495, ""77"": 8.122175049, ""78"": 9.687388642, ""79"": 1.565213593, ""80"": 16.36781185, ""81"": 16.53314328, ""82"": 0.165331433, ""83"": 28.76640095, ""84"": 32.29129547, ""85"": 3.524894526, ""86"": 33.59876146, ""87"": 34.33954416, ""88"": 0.740782697, ""198"": 4.276414049, ""199"": 6.070763549, ""200"": 1.7943495, ""210"": 17.0, ""214"": 1087.458591, ""215"": 172.2894277, ""216"": 1259.748019, ""221"": 230.9263586, ""227"": 96.89487302, ""233"": 327.8212316}","{""74"": 3.0, ""75"": 7.0, ""76"": 4.0, ""77"": 7.0, ""78"": 9.0, ""79"": 2.0, ""80"": 7.0, ""81"": 7.0, ""83"": 17.0, ""84"": 23.0, ""85"": 6.0, ""86"": 13.0, ""87"": 15.0, ""88"": 2.0, ""155"": 4.0, ""156"": 4.0, ""158"": 64.0, ""198"": 3.0, ""199"": 7.0, ""200"": 4.0, ""210"": 8.0, ""214"": 679.0, ""215"": 254.0, ""216"": 933.0, ""217"": 134.0, ""218"": 65.0, ""219"": 31.0, ""220"": 24.0, ""221"": 9.0, ""222"": 4.0, ""223"": 49.0, ""224"": 24.0, ""225"": 11.0, ""226"": 9.0, ""227"": 4.0, ""228"": 1.0, ""229"": 184.0, ""230"": 90.0, ""231"": 43.0, ""232"": 34.0, ""233"": 14.0, ""234"": 6.0}",2026-08-24T23:49:58-04:00
Greg Dulcich,4367209,TE,DEN,QUESTIONABLE,0.0,4.0,31.70120441,69.6,169.95495851442118,4.5006754347162135,442,442,"{""210"": 15.11764706}","{""41"": 3.0, ""42"": 25.0, ""47"": 4.0, ""48"": 2.0, ""49"": 1.0, ""53"": 3.0, ""58"": 4.0, ""59"": 5.0, ""60"": 8.33333333, ""61"": 12.5, ""156"": 2.0, ""210"": 2.0, ""213"": 2.0}",2026-08-24T23:49:58-04:00
Greg Dortch,4037235,WR,ARI,ACTIVE,0.0,52.5,5.07185355,87.1,170.00790201501383,4.289544076314127,278,278,"{""210"": 15.11764706}","{""23"": 1.0, ""24"": 5.0, ""27"": 1.0, ""39"": 5.0, ""40"": 0.3125, ""41"": 24.0, ""42"": 280.0, ""43"": 2.0, ""47"": 53.0, ""48"": 24.0, ""49"": 10.0, ""50"": 8.0, ""51"": 2.0, ""53"": 24.0, ""54"": 2.0, ""58"": 41.0, ""59"": 152.0, ""60"": 11.66666667, ""61"": 17.5, ""107"": 1.0, ""108"": 1.0, ""109"": 2.0, ""114"": 360.0, ""115"": 275.0, ""116"": 30.0, ""117"": 8.0, ""118"": 21.0, ""119"": 4.0, ""155"": 4.0, ""156"": 12.0, ""158"": 12.0, ""183"": 1.0, ""186"": 1.0, ""210"": 16.0, ""213"": 14.0}",2026-08-24T23:49:58-04:00
Dontayvion Wicks,4428850,WR,GB,ACTIVE,0.0,100.1,,,169.82457526669302,4.130228869749102,358,358,"{""210"": 15.11764706}","{""0"": 1.0, ""1"": 1.0, ""3"": 14.0, ""5"": 2.0, ""6"": 1.0, ""21"": 1.0, ""22"": 0.93333333, ""23"": 1.0, ""24"": 1.0, ""39"": 1.0, ""40"": 0.06666667, ""41"": 39.0, ""42"": 581.0, ""43"": 4.0, ""47"": 112.0, ""48"": 53.0, ""49"": 24.0, ""50"": 16.0, ""51"": 4.0, ""53"": 39.0, ""54"": 2.0, ""58"": 58.0, ""59"": 211.0, ""60"": 14.8974359, ""61"": 38.73333333, ""67"": 3.0, ""68"": 3.0, ""71"": 1.0, ""72"": 1.0, ""73"": 1.0, ""107"": 1.0, ""109"": 1.0, ""155"": 7.0, ""156"": 8.0, ""158"": 24.0, ""184"": 2.0, ""185"": 1.0, ""186"": 1.0, ""210"": 15.0, ""211"": 1.0, ""213"": 29.0}",2026-08-24T23:49:58-04:00
Damien Harris,3925347,RB,BUF,ACTIVE,97.1537566,18.0,165.59587693,82.4,169.92572105887,4.083506183305907,2144,2144,"{""23"": 93.05745129, ""24"": 396.9693163, ""25"": 2.966820822, ""26"": 0.143672972, ""27"": 79.0, ""28"": 39.0, ""29"": 19.0, ""30"": 15.0, ""31"": 7.0, ""33"": 18.0, ""34"": 9.0, ""35"": 0.179351562, ""36"": 0.125546094, ""37"": 0.407344403, ""38"": 0.013901102, ""39"": 4.265852017, ""40"": 28.00198496, ""42"": 188.7476993, ""43"": 1.266966929, ""44"": 0.063027525, ""45"": 0.037909461, ""46"": 0.024773833, ""47"": 37.0, ""48"": 18.0, ""49"": 9.0, ""50"": 7.0, ""51"": 3.0, ""53"": 26.95792192, ""54"": 5.0, ""55"": 2.0, ""56"": 0.070677334, ""57"": 0.002185897, ""58"": 35.46266662, ""60"": 7.001567102, ""61"": 13.31415306, ""62"": 0.206700496, ""63"": 0.003251393, ""66"": 0.572968837, ""67"": 0.165984013, ""68"": 0.73895285, ""70"": 0.263565665, ""71"": 0.092951047, ""72"": 0.356516712, ""73"": 0.356516712, ""210"": 14.17647059, ""212"": 23.34109308, ""213"": 10.71789297}","{""23"": 23.0, ""24"": 94.0, ""25"": 1.0, ""27"": 16.0, ""28"": 7.0, ""29"": 2.0, ""30"": 2.0, ""33"": 3.0, ""39"": 4.08695652, ""40"": 15.66666667, ""41"": 2.0, ""42"": 16.0, ""47"": 3.0, ""48"": 1.0, ""53"": 2.0, ""58"": 2.0, ""59"": 16.0, ""60"": 8.0, ""61"": 2.66666667, ""114"": 41.0, ""116"": 4.0, ""117"": 1.0, ""155"": 4.0, ""156"": 2.0, ""158"": 6.0, ""179"": 1.0, ""210"": 6.0, ""212"": 9.0}",2026-08-24T23:49:58-04:00
Greg Joseph,3975763,K,MIN,ACTIVE,135.7343543,113.0,134.77315021,126.0,169.66454942437474,4.05099235163726,2139,2139,"{""74"": 4.097082094, ""75"": 6.192704845, ""76"": 2.095622751, ""77"": 7.862081718, ""78"": 9.881975817, ""79"": 2.019894099, ""80"": 15.99833432, ""81"": 16.86523873, ""82"": 0.866904404, ""83"": 27.95749814, ""84"": 32.93991939, ""85"": 4.982421254, ""86"": 40.78803525, ""87"": 43.59567735, ""88"": 2.807642099, ""198"": 4.097082094, ""199"": 6.192704845, ""200"": 2.095622751, ""210"": 17.0, ""214"": 1054.98614, ""215"": 230.0659952, ""216"": 1285.052135, ""221"": 221.2424331, ""227"": 113.1636286, ""233"": 334.4060617}","{""74"": 4.0, ""75"": 7.0, ""76"": 3.0, ""77"": 3.0, ""78"": 6.0, ""79"": 3.0, ""80"": 17.0, ""81"": 17.0, ""83"": 24.0, ""84"": 30.0, ""85"": 6.0, ""86"": 36.0, ""87"": 38.0, ""88"": 2.0, ""108"": 2.0, ""109"": 2.0, ""138"": 1.0, ""139"": 14.0, ""143"": 1.0, ""144"": 17.0, ""147"": 14.0, ""154"": 1.0, ""155"": 7.0, ""156"": 10.0, ""158"": 108.0, ""198"": 4.0, ""199"": 7.0, ""200"": 3.0, ""210"": 17.0, ""214"": 831.0, ""215"": 252.0, ""216"": 1083.0, ""217"": 159.0, ""218"": 76.0, ""219"": 35.0, ""220"": 27.0, ""221"": 9.0, ""222"": 1.0, ""223"": 48.0, ""224"": 23.0, ""225"": 10.0, ""226"": 8.0, ""227"": 3.0, ""229"": 210.0, ""230"": 101.0, ""231"": 49.0, ""232"": 37.0, ""233"": 14.0, ""234"": 3.0}",2026-08-24T23:49:58-04:00
Rashod Bateman,4360939,WR,BAL,ACTIVE,0.0,60.5,159.58938552,46.0,169.83247728170684,3.9737642377292977,234,234,"{""210"": 15.11764706}","{""23"": 1.0, ""24"": 18.0, ""27"": 3.0, ""28"": 1.0, ""39"": 18.0, ""40"": 1.125, ""41"": 32.0, ""42"": 367.0, ""43"": 1.0, ""47"": 67.0, ""48"": 29.0, ""49"": 10.0, ""50"": 8.0, ""51"": 1.0, ""53"": 32.0, ""58"": 56.0, ""59"": 59.0, ""60"": 11.46875, ""61"": 22.9375, ""108"": 1.0, ""109"": 1.0, ""155"": 12.0, ""156"": 4.0, ""158"": 6.0, ""184"": 1.0, ""210"": 16.0, ""212"": 1.0, ""213"": 20.0}",2026-08-24T23:49:58-04:00
Tanner Hudson,3050481,TE,CIN,ACTIVE,0.0,60.7,26.33068379,18.2,169.8449508489723,3.7652285374590915,472,472,"{""210"": 15.11764706}","{""41"": 39.0, ""42"": 352.0, ""43"": 1.0, ""47"": 66.0, ""48"": 29.0, ""49"": 11.0, ""50"": 7.0, ""53"": 39.0, ""54"": 2.0, ""58"": 50.0, ""59"": 148.0, ""60"": 9.02564103, ""61"": 29.33333333, ""64"": 1.0, ""108"": 1.0, ""109"": 1.0, ""155"": 6.0, ""156"": 6.0, ""158"": 6.0, ""184"": 1.0, ""210"": 12.0, ""213"": 21.0}",2026-08-24T23:49:58-04:00
Khalil Shakir,4373678,WR,BUF,ACTIVE,41.81488791,93.6,15.75138878,29.1,169.83998419596998,3.7546809232656027,264,264,"{""42"": 223.9960259, ""43"": 1.546631882, ""44"": 0.07690927, ""45"": 0.165703738, ""46"": 0.108287393, ""47"": 44.0, ""48"": 22.0, ""49"": 11.0, ""50"": 8.0, ""51"": 4.0, ""53"": 17.91774599, ""54"": 3.0, ""55"": 1.0, ""56"": 0.084462237, ""57"": 0.002612234, ""58"": 28.83751139, ""60"": 12.50135067, ""61"": 14.81685775, ""62"": 0.07690927, ""63"": 0.001576762, ""67"": 0.35835492, ""68"": 0.35835492, ""71"": 0.200678755, ""72"": 0.200678755, ""73"": 0.200678755, ""102"": 0.23736, ""115"": 211.56, ""118"": 21.0, ""119"": 8.0, ""210"": 15.11764706, ""213"": 9.743708739}","{""23"": 1.0, ""24"": 10.0, ""27"": 2.0, ""28"": 1.0, ""39"": 10.0, ""40"": 0.58823529, ""41"": 39.0, ""42"": 611.0, ""43"": 2.0, ""45"": 1.0, ""46"": 1.0, ""47"": 118.0, ""48"": 55.0, ""49"": 23.0, ""50"": 17.0, ""51"": 6.0, ""52"": 2.0, ""53"": 39.0, ""54"": 2.0, ""56"": 2.0, ""58"": 45.0, ""59"": 282.0, ""60"": 15.66666667, ""61"": 35.94117647, ""68"": 1.0, ""114"": 98.0, ""115"": 37.0, ""116"": 7.0, ""117"": 2.0, ""118"": 3.0, ""119"": 1.0, ""155"": 11.0, ""156"": 6.0, ""158"": 12.0, ""184"": 1.0, ""210"": 17.0, ""212"": 1.0, ""213"": 26.0}",2026-08-24T23:49:58-04:00
Mike Gesicki,3116164,TE,CIN,ACTIVE,0.0,50.9,109.6289329,82.2,169.60053619302948,3.674017360656323,419,419,"{""210"": 15.11764706}","{""41"": 29.0, ""42"": 244.0, ""43"": 2.0, ""47"": 45.0, ""48"": 18.0, ""49"": 5.0, ""50"": 4.0, ""53"": 29.0, ""54"": 1.0, ""58"": 45.0, ""59"": 92.0, ""60"": 8.4137931, ""61"": 14.35294118, ""106"": 1.0, ""108"": 1.0, ""109"": 1.0, ""155"": 4.0, ""156"": 13.0, ""158"": 12.0, ""183"": 1.0, ""184"": 1.0, ""210"": 17.0, ""213"": 11.0}",2026-08-24T23:49:58-04:00
Parris Campbell,3121410,WR,PHI,ACTIVE,0.0,20.4,80.53140617,117.6,169.98696167522718,3.574996398153473,1085,1085,"{""210"": 14.11764706}","{""41"": 20.0, ""42"": 104.0, ""47"": 19.0, ""48"": 8.0, ""49"": 3.0, ""53"": 20.0, ""54"": 1.0, ""58"": 27.0, ""59"": 65.0, ""60"": 5.2, ""61"": 8.66666667, ""64"": 1.0, ""114"": 191.0, ""116"": 18.0, ""117"": 5.0, ""155"": 4.0, ""156"": 8.0, ""210"": 12.0, ""213"": 2.0}",2026-08-24T23:49:58-04:00
Zach Wilson,4361259,QB,NYJ,ACTIVE,0.0,135.3,243.34282192,109.9,169.94659810126583,3.5666997435990764,1399,1399,{},"{""0"": 368.0, ""1"": 221.0, ""2"": 147.0, ""3"": 2271.0, ""4"": 8.0, ""5"": 451.0, ""6"": 223.0, ""7"": 110.0, ""8"": 85.0, ""9"": 39.0, ""10"": 16.0, ""11"": 37.0, ""12"": 15.0, ""13"": 24.0, ""14"": 7.0, ""15"": 2.0, ""16"": 2.0, ""17"": 1.0, ""19"": 1.0, ""20"": 7.0, ""21"": 0.60054348, ""22"": 189.25, ""23"": 36.0, ""24"": 211.0, ""26"": 1.0, ""27"": 39.0, ""28"": 16.0, ""29"": 5.0, ""30"": 5.0, ""31"": 1.0, ""33"": 1.0, ""39"": 5.86111111, ""40"": 17.58333333, ""64"": 46.0, ""65"": 7.0, ""66"": 4.0, ""68"": 11.0, ""69"": 4.0, ""70"": 3.0, ""72"": 7.0, ""73"": 14.0, ""108"": 1.0, ""109"": 1.0, ""155"": 5.0, ""156"": 7.0, ""158"": 50.0, ""175"": 4.0, ""176"": 2.0, ""210"": 12.0, ""211"": 104.0, ""212"": 7.0}",2026-08-24T23:49:58-04:00
Brevin Jordan,4362504,TE,HOU,ACTIVE,13.19838368,42.4,86.56414355,19.8,169.68319928507597,3.526848918053556,471,471,"{""42"": 73.23222273, ""43"": 0.434183998, ""44"": 0.025019631, ""45"": 0.099673986, ""46"": 0.06513695, ""47"": 14.0, ""48"": 7.0, ""49"": 3.0, ""50"": 2.0, ""51"": 1.0, ""53"": 6.611206919, ""54"": 1.0, ""56"": 0.034303601, ""57"": 0.001060936, ""58"": 10.61608924, ""60"": 11.07698241, ""61"": 4.844154811, ""62"": 0.025019631, ""63"": 0.000336228, ""67"": 0.076415444, ""68"": 0.076415444, ""71"": 0.042792649, ""72"": 0.042792649, ""73"": 0.042792649, ""210"": 15.11764706, ""213"": 2.554203968}","{""41"": 17.0, ""42"": 219.0, ""43"": 2.0, ""47"": 39.0, ""48"": 17.0, ""49"": 6.0, ""50"": 5.0, ""51"": 1.0, ""53"": 17.0, ""58"": 21.0, ""59"": 124.0, ""60"": 12.88235294, ""61"": 15.64285714, ""107"": 1.0, ""109"": 1.0, ""155"": 8.0, ""156"": 6.0, ""158"": 12.0, ""183"": 1.0, ""184"": 1.0, ""210"": 14.0, ""213"": 13.0}",2026-08-24T23:49:58-04:00
Chase Claypool,4046692,WR,MIA,ACTIVE,107.88602614,17.7,150.42075114,84.0,169.3184512050573,3.4989060709342303,2307,2311,"{""23"": 4.697366499, ""24"": 28.3723663, ""25"": 0.281667835, ""26"": 0.010515019, ""27"": 5.0, ""28"": 2.0, ""29"": 1.0, ""30"": 1.0, ""35"": 0.008636593, ""36"": 0.006045615, ""37"": 0.001875367, ""38"": 6.4e-05, ""39"": 6.040058042, ""40"": 1.876771311, ""42"": 592.1634611, ""43"": 3.705773233, ""44"": 0.217632833, ""45"": 0.154539715, ""46"": 0.100991703, ""47"": 118.0, ""48"": 59.0, ""49"": 29.0, ""50"": 23.0, ""51"": 11.0, ""53"": 45.01812487, ""54"": 9.0, ""55"": 4.0, ""56"": 0.608880108, ""57"": 0.018831344, ""58"": 77.60769639, ""60"": 13.15388997, ""61"": 39.17034568, ""62"": 0.228147852, ""63"": 0.004226007, ""66"": 0.090748666, ""67"": 0.869707478, ""68"": 0.960456144, ""70"": 0.041744386, ""71"": 0.487036188, ""72"": 0.528780574, ""73"": 0.528780574, ""210"": 15.11764706, ""212"": 3.52535566, ""213"": 26.95629919}","{""41"": 8.0, ""42"": 77.0, ""43"": 1.0, ""47"": 14.0, ""48"": 5.0, ""49"": 1.0, ""50"": 1.0, ""53"": 8.0, ""58"": 21.0, ""59"": 25.0, ""60"": 9.625, ""61"": 6.41666667, ""107"": 3.0, ""108"": 3.0, ""109"": 6.0, ""155"": 4.0, ""156"": 8.0, ""158"": 6.0, ""185"": 1.0, ""210"": 12.0, ""213"": 4.0}",2026-08-24T23:49:58-04:00
Hunter Renfrow,3135321,WR,LV,ACTIVE,110.19895875,36.0,159.30921799,61.0,169.8344527854603,3.4531351302114497,2047,2047,"{""42"": 637.2993844, ""43"": 2.916391593, ""44"": 0.163556698, ""45"": 0.165146071, ""46"": 0.107922957, ""47"": 127.0, ""48"": 63.0, ""49"": 31.0, ""50"": 25.0, ""51"": 12.0, ""53"": 59.97394756, ""54"": 11.0, ""55"": 5.0, ""56"": 0.754542133, ""57"": 0.023336355, ""58"": 82.42420313, ""60"": 10.62627041, ""61"": 42.1559904, ""62"": 0.163556698, ""63"": 0.005277707, ""67"": 1.199478951, ""68"": 1.199478951, ""71"": 0.671708213, ""72"": 0.671708213, ""73"": 0.671708213, ""210"": 15.11764706, ""213"": 31.28710563}","{""41"": 25.0, ""42"": 255.0, ""47"": 46.0, ""48"": 20.0, ""49"": 7.0, ""50"": 4.0, ""53"": 25.0, ""54"": 1.0, ""58"": 37.0, ""59"": 152.0, ""60"": 10.2, ""61"": 15.0, ""67"": 1.0, ""68"": 1.0, ""71"": 1.0, ""72"": 1.0, ""73"": 1.0, ""108"": 1.0, ""109"": 1.0, ""155"": 8.0, ""156"": 9.0, ""210"": 17.0, ""213"": 11.0}",2026-08-24T23:49:58-04:00
DeVante Parker,2576623,WR,PHI,ACTIVE,0.0,55.9,120.58685046,87.4,169.85892857142858,3.4426590620888375,420,420,"{""210"": 15.11764706}","{""41"": 33.0, ""42"": 394.0, ""47"": 73.0, ""48"": 33.0, ""49"": 14.0, ""50"": 9.0, ""51"": 3.0, ""53"": 33.0, ""54"": 2.0, ""58"": 55.0, ""59"": 126.0, ""60"": 11.93939394, ""61"": 30.30769231, ""108"": 2.0, ""109"": 2.0, ""155"": 3.0, ""156"": 10.0, ""210"": 13.0, ""213"": 17.0}",2026-08-24T23:49:58-04:00
Jaren Hall,4373632,QB,MIN,ACTIVE,0.0,1.8,,,170.1740506329114,3.2822579538382315,1595,1595,{},"{""0"": 20.0, ""1"": 13.0, ""2"": 7.0, ""3"": 168.0, ""5"": 32.0, ""6"": 15.0, ""7"": 7.0, ""8"": 5.0, ""9"": 2.0, ""11"": 2.0, ""13"": 1.0, ""20"": 1.0, ""21"": 0.65, ""22"": 56.0, ""23"": 6.0, ""24"": 14.0, ""27"": 2.0, ""28"": 1.0, ""39"": 2.33333333, ""40"": 4.66666667, ""64"": 4.0, ""65"": 2.0, ""68"": 2.0, ""69"": 2.0, ""72"": 2.0, ""73"": 3.0, ""155"": 2.0, ""156"": 1.0, ""210"": 3.0, ""211"": 7.0}",2026-08-24T23:49:58-04:00
Tank Bigsby,4429013,RB,JAX,ACTIVE,0.0,22.3,,,170.06282101935994,3.1794708760348684,225,225,"{""210"": 14.17647059}","{""23"": 50.0, ""24"": 132.0, ""25"": 2.0, ""27"": 23.0, ""28"": 9.0, ""29"": 2.0, ""30"": 1.0, ""33"": 4.0, ""34"": 1.0, ""39"": 2.64, ""40"": 7.76470588, ""41"": 1.0, ""42"": 6.0, ""47"": 1.0, ""53"": 1.0, ""58"": 4.0, ""59"": 5.0, ""60"": 6.0, ""61"": 0.35294118, ""66"": 1.0, ""68"": 2.0, ""70"": 1.0, ""72"": 2.0, ""73"": 2.0, ""108"": 1.0, ""109"": 1.0, ""114"": 99.0, ""116"": 9.0, ""117"": 3.0, ""155"": 9.0, ""156"": 8.0, ""158"": 12.0, ""179"": 2.0, ""210"": 17.0, ""212"": 12.0}",2026-08-24T23:49:58-04:00
Marvin Mims Jr.,4686472,WR,DEN,ACTIVE,0.0,59.7,,,169.8806795732912,3.173561788187106,217,217,"{""210"": 15.11764706}","{""23"": 9.0, ""24"": 30.0, ""27"": 7.0, ""28"": 3.0, ""39"": 3.33333333, ""40"": 1.875, ""41"": 22.0, ""42"": 377.0, ""43"": 1.0, ""45"": 1.0, ""46"": 1.0, ""47"": 70.0, ""48"": 33.0, ""49"": 14.0, ""50"": 9.0, ""51"": 4.0, ""52"": 1.0, ""53"": 22.0, ""56"": 1.0, ""58"": 33.0, ""59"": 154.0, ""60"": 17.13636364, ""61"": 23.5625, ""68"": 2.0, ""72"": 2.0, ""73"": 2.0, ""101"": 1.0, ""105"": 1.0, ""108"": 2.0, ""109"": 2.0, ""114"": 397.0, ""115"": 312.0, ""116"": 36.0, ""117"": 13.0, ""118"": 27.0, ""119"": 9.0, ""155"": 7.0, ""156"": 9.0, ""158"": 12.0, ""210"": 16.0, ""212"": 2.0, ""213"": 9.0}",2026-08-24T23:49:58-04:00
Matt Breida,3049916,RB,NYG,ACTIVE,52.23051287,38.4,64.828978,49.8,169.87946428571428,3.1216046380235296,2173,2174,"{""23"": 51.39040711, ""24"": 221.7009885, ""25"": 1.328420761, ""26"": 0.050860257, ""27"": 44.0, ""28"": 22.0, ""29"": 11.0, ""30"": 8.0, ""31"": 4.0, ""33"": 10.0, ""34"": 5.0, ""35"": 0.096924069, ""36"": 0.067846848, ""37"": 0.128738784, ""38"": 0.00439, ""39"": 4.314053944, ""40"": 15.63865894, ""42"": 112.833354, ""43"": 0.448837128, ""44"": 0.025970137, ""45"": 0.035882196, ""46"": 0.023449015, ""47"": 22.0, ""48"": 11.0, ""49"": 5.0, ""50"": 4.0, ""51"": 2.0, ""53"": 17.03984888, ""54"": 3.0, ""55"": 1.0, ""56"": 0.047295945, ""57"": 0.001462761, ""58"": 21.86283538, ""60"": 6.621734427, ""61"": 7.959199242, ""62"": 0.076830394, ""63"": 0.002540969, ""66"": 0.433691227, ""67"": 0.143801798, ""68"": 0.577493025, ""70"": 0.199497964, ""71"": 0.080529007, ""72"": 0.280026972, ""73"": 0.280026972, ""210"": 14.17647059, ""212"": 13.67026583, ""213"": 6.029271132}","{""23"": 55.0, ""24"": 151.0, ""25"": 1.0, ""27"": 26.0, ""28"": 10.0, ""29"": 2.0, ""30"": 1.0, ""33"": 4.0, ""34"": 1.0, ""39"": 2.74545455, ""40"": 8.88235294, ""41"": 17.0, ""42"": 88.0, ""47"": 15.0, ""48"": 6.0, ""49"": 2.0, ""50"": 1.0, ""53"": 17.0, ""54"": 1.0, ""58"": 21.0, ""59"": 89.0, ""60"": 5.17647059, ""61"": 5.17647059, ""67"": 1.0, ""68"": 1.0, ""108"": 3.0, ""109"": 3.0, ""155"": 6.0, ""156"": 11.0, ""158"": 6.0, ""179"": 1.0, ""210"": 17.0, ""212"": 7.0, ""213"": 2.0}",2026-08-24T23:49:58-04:00
Jalin Hyatt,4692590,WR,NYG,QUESTIONABLE,42.06358056,48.8,,,169.24535756617936,3.0972400247903034,233,233,"{""42"": 234.5498184, ""43"": 1.383324809, ""44"": 0.080006303, ""45"": 0.114282139, ""46"": 0.074683378, ""47"": 46.0, ""48"": 23.0, ""49"": 11.0, ""50"": 9.0, ""51"": 4.0, ""53"": 20.79212249, ""54"": 4.0, ""55"": 2.0, ""56"": 0.088687857, ""57"": 0.002742923, ""58"": 32.96153153, ""60"": 11.28070588, ""61"": 15.51496853, ""62"": 0.080006303, ""63"": 0.000972023, ""67"": 0.220914276, ""68"": 0.220914276, ""71"": 0.123711995, ""72"": 0.123711995, ""73"": 0.123711995, ""210"": 15.11764706, ""213"": 10.62312732}","{""41"": 23.0, ""42"": 373.0, ""47"": 71.0, ""48"": 32.0, ""49"": 14.0, ""50"": 11.0, ""51"": 4.0, ""52"": 1.0, ""53"": 23.0, ""54"": 1.0, ""56"": 1.0, ""58"": 40.0, ""59"": 48.0, ""60"": 16.2173913, ""61"": 21.94117647, ""67"": 1.0, ""68"": 1.0, ""108"": 1.0, ""109"": 1.0, ""155"": 6.0, ""156"": 11.0, ""210"": 17.0, ""213"": 11.0}",2026-08-24T23:49:58-04:00
Aidan O'Connell,4260394,QB,LV,ACTIVE,0.0,148.7,,,169.82950949367088,3.0602843862067317,386,386,"{""210"": 8.0}","{""0"": 343.0, ""1"": 213.0, ""2"": 130.0, ""3"": 2218.0, ""4"": 12.0, ""5"": 438.0, ""6"": 216.0, ""7"": 105.0, ""8"": 82.0, ""9"": 38.0, ""10"": 16.0, ""11"": 39.0, ""12"": 18.0, ""13"": 22.0, ""14"": 9.0, ""15"": 1.0, ""20"": 7.0, ""21"": 0.62099125, ""22"": 201.63636364, ""23"": 17.0, ""24"": 11.0, ""25"": 1.0, ""39"": 0.64705882, ""40"": 1.0, ""64"": 24.0, ""65"": 4.0, ""66"": 1.0, ""68"": 4.0, ""69"": 2.0, ""72"": 2.0, ""73"": 9.0, ""155"": 5.0, ""156"": 6.0, ""158"": 78.0, ""175"": 5.0, ""176"": 2.0, ""177"": 2.0, ""178"": 2.0, ""179"": 1.0, ""210"": 11.0, ""211"": 107.0, ""212"": 7.0}",2026-08-24T23:49:58-04:00
Taylor Heinicke,2565969,QB,ATL,ACTIVE,0.0,75.6,9.26498779,139.2,170.25122932498883,2.7898012399381824,485,485,"{""210"": 4.0}","{""0"": 136.0, ""1"": 74.0, ""2"": 62.0, ""3"": 890.0, ""4"": 5.0, ""5"": 176.0, ""6"": 86.0, ""7"": 42.0, ""8"": 34.0, ""9"": 16.0, ""10"": 6.0, ""11"": 13.0, ""12"": 6.0, ""13"": 10.0, ""14"": 3.0, ""15"": 2.0, ""16"": 2.0, ""20"": 4.0, ""21"": 0.54411765, ""22"": 178.0, ""23"": 15.0, ""24"": 124.0, ""25"": 1.0, ""27"": 23.0, ""28"": 11.0, ""29"": 4.0, ""30"": 2.0, ""39"": 8.26666667, ""40"": 24.8, ""64"": 8.0, ""66"": 1.0, ""68"": 1.0, ""73"": 4.0, ""155"": 1.0, ""156"": 4.0, ""158"": 36.0, ""175"": 2.0, ""177"": 1.0, ""181"": 1.0, ""210"": 5.0, ""211"": 41.0, ""212"": 5.0}",2026-08-24T23:49:58-04:00
Jarrett Stidham,3892775,QB,DEN,ACTIVE,0.0,30.4,19.6617779,50.4,170.04351265822785,2.772734026258271,318,318,"{""210"": 15.0}","{""0"": 66.0, ""1"": 40.0, ""2"": 26.0, ""3"": 496.0, ""4"": 2.0, ""5"": 98.0, ""6"": 49.0, ""7"": 24.0, ""8"": 18.0, ""9"": 9.0, ""10"": 4.0, ""11"": 8.0, ""12"": 4.0, ""13"": 4.0, ""14"": 2.0, ""15"": 1.0, ""16"": 1.0, ""20"": 1.0, ""21"": 0.60606061, ""22"": 99.2, ""23"": 9.0, ""24"": 8.0, ""27"": 1.0, ""33"": 1.0, ""39"": 0.88888889, ""40"": 1.6, ""64"": 7.0, ""66"": 1.0, ""68"": 1.0, ""73"": 1.0, ""155"": 2.0, ""156"": 3.0, ""158"": 12.0, ""177"": 1.0, ""210"": 5.0, ""211"": 19.0, ""212"": 1.0}",2026-08-24T23:49:58-04:00
Desmond Ridder,4239086,QB,ARI,ACTIVE,0.0,199.6,136.4665724,42.2,170.2314082278481,2.7482113981227885,482,482,"{""210"": 4.0}","{""0"": 388.0, ""1"": 249.0, ""2"": 139.0, ""3"": 2836.0, ""4"": 12.0, ""5"": 562.0, ""6"": 277.0, ""7"": 134.0, ""8"": 106.0, ""9"": 50.0, ""10"": 22.0, ""11"": 42.0, ""12"": 17.0, ""13"": 20.0, ""14"": 6.0, ""15"": 1.0, ""16"": 1.0, ""17"": 3.0, ""19"": 2.0, ""20"": 12.0, ""21"": 0.64175258, ""22"": 177.25, ""23"": 53.0, ""24"": 193.0, ""25"": 5.0, ""27"": 36.0, ""28"": 15.0, ""29"": 4.0, ""30"": 4.0, ""33"": 5.0, ""34"": 1.0, ""39"": 3.64150943, ""40"": 12.0625, ""41"": 1.0, ""42"": -6.0, ""53"": 1.0, ""58"": 1.0, ""60"": -6.0, ""61"": -0.375, ""64"": 31.0, ""65"": 6.0, ""66"": 6.0, ""68"": 12.0, ""69"": 4.0, ""70"": 3.0, ""72"": 7.0, ""73"": 19.0, ""108"": 2.0, ""109"": 2.0, ""155"": 6.0, ""156"": 10.0, ""158"": 102.0, ""175"": 5.0, ""176"": 3.0, ""177"": 2.0, ""178"": 1.0, ""179"": 5.0, ""210"": 16.0, ""211"": 136.0, ""212"": 18.0}",2026-08-24T23:49:58-04:00
Zach Evans,4685035,RB,LAR,ACTIVE,0.0,1.9,,,169.84156459897272,2.5840025576285024,435,435,"{""210"": 13.17647059}","{""23"": 9.0, ""24"": 19.0, ""27"": 3.0, ""28"": 1.0, ""39"": 2.11111111, ""40"": 1.9, ""155"": 6.0, ""156"": 4.0, ""210"": 10.0}",2026-08-24T23:49:58-04:00
Van Jefferson,3930066,WR,PIT,ACTIVE,0.0,31.3,115.01206861,66.9,169.8340576847096,2.583155225071293,372,372,"{""210"": 15.11764706}","{""23"": 1.0, ""24"": 4.0, ""39"": 4.0, ""40"": 0.23529412, ""41"": 20.0, ""42"": 209.0, ""47"": 35.0, ""48"": 15.0, ""49"": 5.0, ""50"": 2.0, ""53"": 20.0, ""58"": 43.0, ""59"": 25.0, ""60"": 10.45, ""61"": 12.29411765, ""108"": 1.0, ""109"": 1.0, ""155"": 6.0, ""156"": 11.0, ""210"": 17.0, ""213"": 10.0}",2026-08-24T23:49:58-04:00
Marcus Mariota,2576980,QB,WSH,ACTIVE,0.0,13.6,160.69948101,225.2,169.57577112203845,2.5826858668016,430,430,"{""210"": 15.0}","{""0"": 23.0, ""1"": 15.0, ""2"": 8.0, ""3"": 164.0, ""4"": 1.0, ""5"": 32.0, ""6"": 15.0, ""7"": 7.0, ""8"": 5.0, ""9"": 2.0, ""10"": 1.0, ""11"": 2.0, ""12"": 1.0, ""13"": 1.0, ""20"": 1.0, ""21"": 0.65217391, ""22"": 54.66666667, ""23"": 8.0, ""24"": 52.0, ""27"": 10.0, ""28"": 4.0, ""29"": 2.0, ""30"": 1.0, ""33"": 1.0, ""39"": 6.5, ""40"": 17.33333333, ""64"": 3.0, ""65"": 1.0, ""68"": 1.0, ""69"": 1.0, ""72"": 1.0, ""73"": 2.0, ""156"": 3.0, ""158"": 6.0, ""176"": 1.0, ""210"": 3.0, ""211"": 10.0, ""212"": 6.0}",2026-08-24T23:49:58-04:00
Alec Pierce,4360078,WR,IND,ACTIVE,0.0,79.4,120.23134875,91.8,170.24298696167523,2.4589656424697415,329,329,"{""210"": 15.11764706}","{""41"": 32.0, ""42"": 514.0, ""43"": 2.0, ""45"": 1.0, ""46"": 1.0, ""47"": 98.0, ""48"": 46.0, ""49"": 20.0, ""50"": 15.0, ""51"": 4.0, ""52"": 1.0, ""53"": 32.0, ""56"": 1.0, ""58"": 65.0, ""59"": 97.0, ""60"": 16.0625, ""61"": 30.23529412, ""108"": 2.0, ""109"": 2.0, ""155"": 9.0, ""156"": 8.0, ""158"": 12.0, ""186"": 1.0, ""210"": 17.0, ""213"": 24.0}",2026-08-24T23:49:58-04:00
Parker Washington,4432620,WR,JAX,ACTIVE,0.0,31.2,,,169.8439352034769,2.4365210247128934,1044,1044,"{""210"": 15.11764706}","{""41"": 16.0, ""42"": 132.0, ""43"": 2.0, ""47"": 24.0, ""48"": 11.0, ""49"": 4.0, ""50"": 3.0, ""51"": 1.0, ""53"": 16.0, ""54"": 1.0, ""58"": 21.0, ""59"": 34.0, ""60"": 8.25, ""61"": 14.66666667, ""67"": 1.0, ""68"": 2.0, ""71"": 1.0, ""72"": 1.0, ""73"": 1.0, ""114"": 51.0, ""115"": 126.0, ""116"": 5.0, ""117"": 2.0, ""118"": 10.0, ""119"": 2.0, ""155"": 4.0, ""156"": 5.0, ""158"": 12.0, ""184"": 2.0, ""210"": 9.0, ""213"": 5.0}",2026-08-24T23:49:58-04:00
Tom Brady,2330,QB,TB,,0.0,0.0,374.43891533,320.7,167.28118015198928,2.4241389968577964,2425,2426,{},{},2026-08-24T23:49:58-04:00
D'Ernest Johnson,3139602,RB,JAX,ACTIVE,0.0,29.8,20.62520634,3.9,170.27103911497431,2.414028369655685,346,346,"{""210"": 14.17647059}","{""23"": 41.0, ""24"": 108.0, ""27"": 18.0, ""28"": 6.0, ""29"": 1.0, ""33"": 3.0, ""39"": 2.63414634, ""40"": 6.35294118, ""41"": 10.0, ""42"": 140.0, ""47"": 25.0, ""48"": 10.0, ""49"": 4.0, ""50"": 3.0, ""53"": 10.0, ""58"": 12.0, ""59"": 136.0, ""60"": 14.0, ""61"": 8.23529412, ""114"": 126.0, ""116"": 11.0, ""117"": 1.0, ""155"": 9.0, ""156"": 8.0, ""210"": 17.0, ""212"": 5.0, ""213"": 6.0}",2026-08-24T23:49:58-04:00
Kendre Miller,4599739,RB,NO,ACTIVE,0.0,38.3,,,170.57882259976293,2.3885487780120154,210,210,"{""210"": 14.17647059}","{""23"": 41.0, ""24"": 156.0, ""25"": 1.0, ""27"": 29.0, ""28"": 14.0, ""29"": 5.0, ""30"": 4.0, ""31"": 1.0, ""33"": 5.0, ""34"": 2.0, ""39"": 3.80487805, ""40"": 19.5, ""41"": 10.0, ""42"": 117.0, ""47"": 21.0, ""48"": 9.0, ""49"": 3.0, ""50"": 3.0, ""51"": 1.0, ""53"": 10.0, ""58"": 11.0, ""59"": 128.0, ""60"": 11.7, ""61"": 14.625, ""155"": 4.0, ""156"": 4.0, ""158"": 6.0, ""179"": 1.0, ""210"": 8.0, ""212"": 11.0, ""213"": 5.0}",2026-08-24T23:49:58-04:00
Craig Reynolds,4421446,RB,DET,ACTIVE,0.0,27.1,40.93430335,26.3,169.84946661398658,2.34603930982174,405,405,"{""210"": 14.17647059}","{""23"": 41.0, ""24"": 179.0, ""25"": 1.0, ""27"": 34.0, ""28"": 15.0, ""29"": 5.0, ""30"": 4.0, ""31"": 2.0, ""33"": 5.0, ""34"": 2.0, ""39"": 4.36585366, ""40"": 10.52941176, ""41"": 5.0, ""42"": 47.0, ""47"": 8.0, ""48"": 3.0, ""49"": 1.0, ""50"": 1.0, ""53"": 5.0, ""58"": 5.0, ""59"": 59.0, ""60"": 9.4, ""61"": 2.76470588, ""66"": 1.0, ""68"": 2.0, ""70"": 1.0, ""72"": 2.0, ""73"": 2.0, ""107"": 2.0, ""108"": 2.0, ""109"": 4.0, ""114"": 133.0, ""116"": 11.0, ""117"": 4.0, ""155"": 12.0, ""156"": 5.0, ""158"": 6.0, ""179"": 1.0, ""210"": 17.0, ""212"": 11.0, ""213"": 2.0}",2026-08-24T23:49:58-04:00
Irv Smith Jr.,4040980,TE,KC,ACTIVE,0.0,24.5,119.02819216,42.7,169.63374160410905,2.333617318194618,1061,1061,"{""210"": 15.11764706}","{""41"": 18.0, ""42"": 115.0, ""43"": 1.0, ""47"": 21.0, ""48"": 7.0, ""49"": 2.0, ""50"": 2.0, ""53"": 18.0, ""58"": 26.0, ""59"": 66.0, ""60"": 6.38888889, ""61"": 9.58333333, ""67"": 1.0, ""68"": 1.0, ""71"": 1.0, ""72"": 1.0, ""73"": 1.0, ""108"": 2.0, ""109"": 2.0, ""155"": 7.0, ""156"": 5.0, ""158"": 6.0, ""183"": 1.0, ""210"": 12.0, ""213"": 5.0}",2026-08-24T23:49:58-04:00
Jimmy Garoppolo,16760,QB,LAR,SUSPENSION,0.0,77.7,17.77513439,195.9,170.1135449262405,2.2263341237572303,448,448,"{""210"": 4.0}","{""0"": 169.0, ""1"": 110.0, ""2"": 59.0, ""3"": 1205.0, ""4"": 7.0, ""5"": 239.0, ""6"": 118.0, ""7"": 59.0, ""8"": 46.0, ""9"": 22.0, ""10"": 10.0, ""11"": 20.0, ""12"": 9.0, ""13"": 9.0, ""14"": 2.0, ""17"": 1.0, ""19"": 1.0, ""20"": 9.0, ""21"": 0.65088757, ""22"": 172.14285714, ""23"": 20.0, ""24"": 39.0, ""27"": 5.0, ""28"": 2.0, ""33"": 1.0, ""39"": 1.95, ""40"": 5.57142857, ""64"": 14.0, ""66"": 1.0, ""68"": 1.0, ""73"": 9.0, ""155"": 4.0, ""156"": 3.0, ""158"": 42.0, ""175"": 4.0, ""176"": 2.0, ""178"": 1.0, ""210"": 7.0, ""211"": 60.0, ""212"": 6.0}",2026-08-24T23:49:58-04:00
Hayden Hurst,3924365,TE,LAC,ACTIVE,0.0,33.4,104.30118195,79.4,170.3318846305808,2.117024247039149,366,366,"{""210"": 15.11764706}","{""41"": 18.0, ""42"": 184.0, ""43"": 1.0, ""47"": 34.0, ""48"": 16.0, ""49"": 6.0, ""50"": 3.0, ""51"": 1.0, ""53"": 18.0, ""54"": 1.0, ""58"": 32.0, ""59"": 67.0, ""60"": 10.22222222, ""61"": 20.44444444, ""108"": 1.0, ""109"": 1.0, ""155"": 1.0, ""156"": 8.0, ""158"": 6.0, ""183"": 1.0, ""210"": 9.0, ""213"": 7.0}",2026-08-24T23:49:58-04:00
Cordarrelle Patterson,15807,RB,ATL,ACTIVE,89.40446593,32.4,145.52817533,144.2,169.97589285714287,2.0230603036406274,340,340,"{""23"": 72.92733577, ""24"": 325.0906367, ""25"": 2.66939173, ""26"": 0.092365922, ""27"": 65.0, ""28"": 32.0, ""29"": 16.0, ""30"": 13.0, ""31"": 6.0, ""33"": 14.0, ""34"": 7.0, ""35"": 0.139098947, ""36"": 0.097369263, ""37"": 0.27345602, ""38"": 0.009332005, ""39"": 4.457733623, ""40"": 23.77006806, ""42"": 196.8395625, ""43"": 1.156754695, ""44"": 0.074050652, ""45"": 0.050038689, ""46"": 0.032700283, ""47"": 39.0, ""48"": 19.0, ""49"": 9.0, ""50"": 7.0, ""51"": 3.0, ""53"": 25.08423328, ""54"": 5.0, ""55"": 2.0, ""56"": 0.073674055, ""57"": 0.002278579, ""58"": 33.64142839, ""60"": 7.847142878, ""61"": 14.39257016, ""62"": 0.166416574, ""63"": 0.00333, ""66"": 0.563854514, ""67"": 0.193944534, ""68"": 0.757799048, ""70"": 0.259373076, ""71"": 0.108608939, ""72"": 0.367982016, ""73"": 0.367982016, ""101"": 0.35259695, ""114"": 862.5467626, ""116"": 86.0, ""117"": 34.0, ""210"": 13.67647059, ""212"": 19.46938381, ""213"": 10.46889189}","{""23"": 50.0, ""24"": 181.0, ""27"": 34.0, ""28"": 15.0, ""29"": 6.0, ""30"": 4.0, ""31"": 1.0, ""33"": 7.0, ""34"": 1.0, ""39"": 3.62, ""40"": 12.92857143, ""41"": 9.0, ""42"": 38.0, ""43"": 1.0, ""47"": 5.0, ""53"": 9.0, ""58"": 12.0, ""59"": 37.0, ""60"": 4.22222222, ""61"": 2.71428571, ""66"": 1.0, ""68"": 1.0, ""114"": 153.0, ""116"": 13.0, ""117"": 4.0, ""155"": 5.0, ""156"": 9.0, ""158"": 6.0, ""183"": 1.0, ""210"": 14.0, ""212"": 9.0, ""213"": 2.0}",2026-08-24T23:49:58-04:00
Mac Jones,4241464,QB,JAX,ACTIVE,0.0,126.0,286.6477851,197.0,169.47587025316454,1.9874216088168077,483,483,"{""210"": 4.0}","{""0"": 345.0, ""1"": 224.0, ""2"": 121.0, ""3"": 2120.0, ""4"": 10.0, ""5"": 422.0, ""6"": 210.0, ""7"": 102.0, ""8"": 80.0, ""9"": 39.0, ""10"": 17.0, ""11"": 41.0, ""12"": 18.0, ""13"": 20.0, ""14"": 7.0, ""15"": 1.0, ""16"": 1.0, ""17"": 1.0, ""20"": 12.0, ""21"": 0.64927536, ""22"": 192.72727273, ""23"": 26.0, ""24"": 96.0, ""27"": 18.0, ""28"": 7.0, ""29"": 2.0, ""30"": 2.0, ""33"": 1.0, ""39"": 3.69230769, ""40"": 8.72727273, ""64"": 22.0, ""65"": 2.0, ""66"": 1.0, ""68"": 3.0, ""69"": 1.0, ""70"": 1.0, ""72"": 2.0, ""73"": 14.0, ""107"": 1.0, ""109"": 1.0, ""155"": 2.0, ""156"": 9.0, ""158"": 60.0, ""175"": 5.0, ""176"": 3.0, ""177"": 1.0, ""210"": 11.0, ""211"": 100.0, ""212"": 11.0}",2026-08-24T23:49:58-04:00
Donald Parham Jr.,3912092,TE,LAC,ACTIVE,0.0,66.0,53.37015142,24.0,170.31143878462913,1.9566483176932448,1111,1111,"{""210"": 14.11764706}","{""41"": 27.0, ""42"": 285.0, ""43"": 4.0, ""47"": 51.0, ""48"": 23.0, ""49"": 9.0, ""50"": 6.0, ""51"": 2.0, ""53"": 27.0, ""54"": 1.0, ""58"": 41.0, ""59"": 125.0, ""60"": 10.55555556, ""61"": 20.35714286, ""108"": 1.0, ""109"": 1.0, ""155"": 5.0, ""156"": 9.0, ""158"": 24.0, ""183"": 3.0, ""184"": 1.0, ""210"": 14.0, ""213"": 22.0}",2026-08-24T23:49:58-04:00
Leonard Fournette,3115364,RB,BUF,ACTIVE,0.0,4.0,229.37682953,189.6,169.89642857142857,1.897424417960848,2153,2153,{},"{""23"": 12.0, ""24"": 40.0, ""27"": 8.0, ""28"": 4.0, ""29"": 2.0, ""33"": 2.0, ""39"": 3.33333333, ""40"": 20.0, ""114"": 17.0, ""116"": 1.0, ""155"": 2.0, ""210"": 2.0, ""212"": 2.0}",2026-08-24T23:49:58-04:00
Mason Rudolph,3116407,QB,TEN,ACTIVE,0.0,45.2,0.0,0.0,170.13924050632912,1.8242247402872502,450,450,"{""210"": 4.0}","{""0"": 74.0, ""1"": 55.0, ""2"": 19.0, ""3"": 719.0, ""4"": 3.0, ""5"": 142.0, ""6"": 71.0, ""7"": 34.0, ""8"": 27.0, ""9"": 13.0, ""10"": 5.0, ""11"": 9.0, ""12"": 3.0, ""13"": 3.0, ""14"": 1.0, ""15"": 3.0, ""16"": 3.0, ""21"": 0.74324324, ""22"": 179.75, ""23"": 10.0, ""24"": 8.0, ""27"": 1.0, ""33"": 1.0, ""39"": 0.8, ""40"": 2.0, ""64"": 6.0, ""65"": 2.0, ""66"": 1.0, ""68"": 3.0, ""69"": 1.0, ""72"": 1.0, ""73"": 1.0, ""155"": 3.0, ""156"": 1.0, ""158"": 18.0, ""210"": 4.0, ""211"": 26.0, ""212"": 4.0}",2026-08-24T23:49:58-04:00
Bailey Zappe,4250360,QB,NE,ACTIVE,0.0,80.5,0.0,48.7,170.00870253164558,1.8062641342808896,477,477,"{""210"": 4.0}","{""0"": 212.0, ""1"": 127.0, ""2"": 85.0, ""3"": 1272.0, ""4"": 6.0, ""5"": 251.0, ""6"": 123.0, ""7"": 60.0, ""8"": 47.0, ""9"": 21.0, ""10"": 8.0, ""11"": 20.0, ""12"": 8.0, ""13"": 13.0, ""14"": 3.0, ""20"": 9.0, ""21"": 0.5990566, ""22"": 127.2, ""23"": 17.0, ""24"": 83.0, ""25"": 1.0, ""27"": 14.0, ""28"": 6.0, ""29"": 1.0, ""30"": 1.0, ""33"": 1.0, ""39"": 4.88235294, ""40"": 8.3, ""64"": 25.0, ""65"": 2.0, ""68"": 2.0, ""69"": 1.0, ""72"": 1.0, ""73"": 10.0, ""155"": 2.0, ""156"": 8.0, ""158"": 42.0, ""175"": 1.0, ""176"": 4.0, ""177"": 1.0, ""180"": 1.0, ""210"": 10.0, ""211"": 53.0, ""212"": 6.0}",2026-08-24T23:49:58-04:00
Jalen Guyton,3932430,WR,LAC,ACTIVE,0.0,19.9,44.13598231,7.4,169.7376531015409,1.7754466598003202,2276,2277,{},"{""41"": 10.0, ""42"": 89.0, ""43"": 1.0, ""47"": 15.0, ""48"": 6.0, ""49"": 2.0, ""50"": 1.0, ""53"": 10.0, ""58"": 21.0, ""59"": 32.0, ""60"": 8.9, ""61"": 11.125, ""155"": 2.0, ""156"": 6.0, ""158"": 6.0, ""184"": 1.0, ""210"": 8.0, ""213"": 6.0}",2026-08-24T23:49:58-04:00
Justin Watson,3118892,WR,KC,ACTIVE,0.0,75.5,30.96537865,51.0,169.70881074674043,1.7500253022879224,991,991,"{""210"": 15.11764706}","{""41"": 27.0, ""42"": 460.0, ""43"": 3.0, ""47"": 88.0, ""48"": 41.0, ""49"": 17.0, ""50"": 13.0, ""51"": 4.0, ""53"": 27.0, ""54"": 1.0, ""58"": 53.0, ""59"": 47.0, ""60"": 17.03703704, ""61"": 28.75, ""67"": 1.0, ""68"": 1.0, ""71"": 1.0, ""72"": 1.0, ""73"": 1.0, ""108"": 2.0, ""109"": 2.0, ""155"": 10.0, ""156"": 6.0, ""158"": 18.0, ""183"": 3.0, ""210"": 16.0, ""213"": 21.0}",2026-08-24T23:49:58-04:00
Noah Fant,4036131,TE,SEA,QUESTIONABLE,0.0,57.4,110.09530938,97.6,170.0359541683129,1.6920111117858516,313,313,"{""210"": 15.11764706}","{""41"": 32.0, ""42"": 414.0, ""47"": 78.0, ""48"": 35.0, ""49"": 15.0, ""50"": 12.0, ""51"": 3.0, ""53"": 32.0, ""54"": 1.0, ""58"": 43.0, ""59"": 177.0, ""60"": 12.9375, ""61"": 24.35294118, ""155"": 9.0, ""156"": 8.0, ""210"": 17.0, ""213"": 16.0}",2026-08-24T23:49:58-04:00
Julio Jones,13982,WR,PHI,QUESTIONABLE,0.0,30.9,106.66755901,58.4,168.28348214285714,1.681499752037726,2212,2214,{},"{""41"": 11.0, ""42"": 74.0, ""43"": 3.0, ""47"": 12.0, ""48"": 4.0, ""49"": 1.0, ""50"": 1.0, ""53"": 11.0, ""58"": 19.0, ""59"": 28.0, ""60"": 6.72727273, ""61"": 6.72727273, ""155"": 6.0, ""156"": 5.0, ""158"": 18.0, ""183"": 1.0, ""184"": 1.0, ""185"": 1.0, ""210"": 11.0, ""213"": 4.0}",2026-08-24T23:49:58-04:00
Drew Lock,3924327,QB,NYG,ACTIVE,0.0,34.6,123.93390874,0.0,170.0878164556962,1.6663991469602104,452,452,"{""210"": 6.0}","{""0"": 76.0, ""1"": 48.0, ""2"": 28.0, ""3"": 543.0, ""4"": 3.0, ""5"": 106.0, ""6"": 52.0, ""7"": 26.0, ""8"": 20.0, ""9"": 10.0, ""10"": 4.0, ""11"": 8.0, ""12"": 4.0, ""13"": 3.0, ""14"": 1.0, ""20"": 3.0, ""21"": 0.63157895, ""22"": 135.75, ""23"": 5.0, ""24"": 14.0, ""27"": 3.0, ""28"": 1.0, ""39"": 2.8, ""40"": 3.5, ""64"": 6.0, ""73"": 3.0, ""155"": 2.0, ""156"": 2.0, ""158"": 18.0, ""177"": 2.0, ""178"": 1.0, ""210"": 4.0, ""211"": 20.0, ""212"": 1.0}",2026-08-24T23:49:58-04:00
Tyler Huntley,4035671,QB,CLE,ACTIVE,0.0,31.3,33.78311436,53.7,170.2432753164557,1.6262384449594602,1388,1385,{},"{""0"": 37.0, ""1"": 21.0, ""2"": 16.0, ""3"": 203.0, ""4"": 3.0, ""5"": 39.0, ""6"": 18.0, ""7"": 8.0, ""8"": 6.0, ""9"": 2.0, ""10"": 1.0, ""11"": 4.0, ""12"": 1.0, ""13"": 2.0, ""14"": 1.0, ""21"": 0.56756757, ""22"": 29.0, ""23"": 15.0, ""24"": 55.0, ""27"": 10.0, ""28"": 4.0, ""29"": 2.0, ""30"": 1.0, ""33"": 1.0, ""39"": 3.66666667, ""40"": 7.85714286, ""64"": 4.0, ""155"": 6.0, ""156"": 1.0, ""158"": 18.0, ""175"": 1.0, ""176"": 1.0, ""177"": 1.0, ""210"": 7.0, ""211"": 13.0, ""212"": 3.0}",2026-08-24T23:49:58-04:00
Trey Sermon,4241401,RB,IND,ACTIVE,0.0,18.8,16.33296879,1.9,170.15527459502172,1.6124749660061584,347,347,"{""210"": 14.17647059}","{""23"": 35.0, ""24"": 160.0, ""27"": 29.0, ""28"": 13.0, ""29"": 5.0, ""30"": 4.0, ""31"": 1.0, ""33"": 5.0, ""34"": 1.0, ""39"": 4.57142857, ""40"": 11.42857143, ""41"": 3.0, ""42"": 13.0, ""47"": 1.0, ""53"": 3.0, ""58"": 6.0, ""59"": 6.0, ""60"": 4.33333333, ""61"": 0.92857143, ""155"": 8.0, ""156"": 6.0, ""210"": 14.0, ""212"": 7.0}",2026-08-24T23:49:58-04:00
Chris Rodriguez Jr.,4362619,RB,WSH,QUESTIONABLE,0.0,36.9,,,170.3097589885421,1.602744806900834,379,379,"{""210"": 13.17647059}","{""23"": 51.0, ""24"": 247.0, ""25"": 2.0, ""27"": 46.0, ""28"": 21.0, ""29"": 9.0, ""30"": 6.0, ""31"": 1.0, ""33"": 7.0, ""34"": 2.0, ""39"": 4.84313725, ""40"": 19.0, ""41"": 2.0, ""42"": 12.0, ""47"": 2.0, ""53"": 2.0, ""58"": 2.0, ""59"": 19.0, ""60"": 6.0, ""61"": 0.92307692, ""66"": 1.0, ""68"": 1.0, ""70"": 1.0, ""72"": 1.0, ""73"": 1.0, ""108"": 1.0, ""109"": 1.0, ""155"": 4.0, ""156"": 9.0, ""158"": 12.0, ""179"": 1.0, ""180"": 1.0, ""210"": 13.0, ""212"": 14.0, ""213"": 1.0}",2026-08-24T23:49:58-04:00
Cedrick Wilson Jr.,4036335,WR,NO,ACTIVE,0.0,58.6,116.59693572,20.4,169.3729751086527,1.5508804893280965,1010,1010,"{""210"": 15.11764706}","{""41"": 22.0, ""42"": 296.0, ""43"": 3.0, ""47"": 55.0, ""48"": 26.0, ""49"": 11.0, ""50"": 7.0, ""51"": 1.0, ""53"": 22.0, ""58"": 38.0, ""59"": 57.0, ""60"": 13.45454545, ""61"": 19.73333333, ""64"": 1.0, ""115"": 30.0, ""118"": 3.0, ""119"": 1.0, ""155"": 9.0, ""156"": 6.0, ""158"": 18.0, ""183"": 2.0, ""186"": 1.0, ""210"": 15.0, ""213"": 14.0}",2026-08-24T23:49:58-04:00
Evan Hull,4569609,RB,IND,QUESTIONABLE,0.0,1.2,,,169.90201501382853,1.4661108471722624,399,399,"{""210"": 13.17647059}","{""23"": 1.0, ""24"": 1.0, ""39"": 1.0, ""40"": 1.0, ""41"": 1.0, ""42"": 6.0, ""47"": 1.0, ""53"": 1.0, ""58"": 1.0, ""59"": 3.0, ""60"": 6.0, ""61"": 6.0, ""156"": 1.0, ""210"": 1.0}",2026-08-24T23:49:58-04:00
Keaontay Ingram,4362087,RB,KC,ACTIVE,0.0,12.0,10.49685904,16.1,170.0,1.420239242681952,354,354,"{""210"": 14.17647059}","{""23"": 35.0, ""24"": 74.0, ""27"": 13.0, ""28"": 5.0, ""29"": 2.0, ""30"": 1.0, ""33"": 5.0, ""34"": 1.0, ""39"": 2.11428571, ""40"": 9.25, ""41"": 4.0, ""42"": 26.0, ""47"": 4.0, ""48"": 1.0, ""53"": 4.0, ""58"": 4.0, ""59"": 31.0, ""60"": 6.5, ""61"": 3.25, ""155"": 2.0, ""156"": 6.0, ""210"": 8.0, ""212"": 4.0, ""213"": 1.0}",2026-08-24T23:49:58-04:00
Deon Jackson,4240455,RB,NYG,ACTIVE,0.0,1.5,36.3205957,69.5,169.94745160015805,1.3952358613003626,1458,1458,{},"{""23"": 14.0, ""24"": 16.0, ""27"": 2.0, ""28"": 1.0, ""33"": 2.0, ""34"": 1.0, ""39"": 1.14285714, ""40"": 4.0, ""41"": 5.0, ""42"": 14.0, ""47"": 2.0, ""48"": 1.0, ""53"": 5.0, ""54"": 1.0, ""58"": 6.0, ""59"": 20.0, ""60"": 2.8, ""61"": 3.5, ""66"": 1.0, ""67"": 1.0, ""68"": 2.0, ""70"": 1.0, ""71"": 1.0, ""72"": 2.0, ""73"": 2.0, ""155"": 2.0, ""156"": 2.0, ""210"": 4.0, ""212"": 1.0}",2026-08-24T23:49:58-04:00
Ryan Tannehill,14876,QB,TEN,ACTIVE,245.22705145,87.2,295.319444,186.4,169.96244970943226,1.3576037625291337,381,381,"{""0"": 433.6322506, ""1"": 285.9669817, ""2"": 147.6652689, ""3"": 3316.987281, ""4"": 17.04718299, ""5"": 663.0, ""6"": 331.0, ""7"": 165.0, ""8"": 132.0, ""9"": 66.0, ""10"": 33.0, ""11"": 57.0, ""12"": 28.0, ""15"": 2.67038396, ""16"": 1.745095918, ""17"": 2.571758275, ""18"": 0.347377111, ""19"": 0.996279991, ""20"": 10.18460802, ""21"": 0.659468896, ""22"": 236.9276629, ""23"": 46.95449625, ""24"": 183.2061001, ""25"": 2.716703459, ""26"": 0.105148797, ""27"": 36.0, ""28"": 18.0, ""29"": 9.0, ""30"": 7.0, ""31"": 3.0, ""33"": 9.0, ""34"": 4.0, ""35"": 0.088781796, ""36"": 0.062147257, ""37"": 0.104081088, ""38"": 0.003551888, ""39"": 3.901779695, ""40"": 13.08615, ""62"": 1.101428787, ""63"": 0.028113262, ""64"": 34.80754607, ""65"": 5.807279764, ""66"": 0.582098058, ""68"": 6.389377822, ""69"": 2.787494287, ""70"": 0.267765107, ""72"": 3.055259393, ""73"": 13.23986742, ""210"": 14.0, ""211"": 156.2466962, ""212"": 12.7702999}","{""0"": 230.0, ""1"": 149.0, ""2"": 81.0, ""3"": 1616.0, ""4"": 4.0, ""5"": 319.0, ""6"": 157.0, ""7"": 77.0, ""8"": 60.0, ""9"": 28.0, ""10"": 11.0, ""11"": 26.0, ""12"": 10.0, ""13"": 11.0, ""14"": 3.0, ""20"": 7.0, ""21"": 0.64782609, ""22"": 161.6, ""23"": 17.0, ""24"": 74.0, ""25"": 1.0, ""27"": 14.0, ""28"": 6.0, ""29"": 1.0, ""30"": 1.0, ""33"": 1.0, ""39"": 4.35294118, ""40"": 7.4, ""58"": 1.0, ""64"": 32.0, ""65"": 2.0, ""66"": 2.0, ""68"": 4.0, ""73"": 7.0, ""108"": 1.0, ""109"": 1.0, ""155"": 3.0, ""156"": 7.0, ""158"": 30.0, ""175"": 2.0, ""176"": 1.0, ""177"": 1.0, ""180"": 1.0, ""210"": 10.0, ""211"": 74.0, ""212"": 4.0}",2026-08-24T23:49:58-04:00
Brandon Powell,3115255,WR,MIN,ACTIVE,0.0,52.6,12.96166322,35.6,170.465625,1.3309606718862836,1000,1000,"{""210"": 15.11764706}","{""23"": 5.0, ""24"": 17.0, ""27"": 2.0, ""39"": 3.4, ""40"": 1.0, ""41"": 29.0, ""42"": 324.0, ""43"": 1.0, ""47"": 62.0, ""48"": 29.0, ""49"": 12.0, ""50"": 8.0, ""51"": 2.0, ""53"": 29.0, ""58"": 44.0, ""59"": 104.0, ""60"": 11.17241379, ""61"": 19.05882353, ""68"": 1.0, ""72"": 1.0, ""73"": 1.0, ""115"": 289.0, ""118"": 21.0, ""119"": 4.0, ""155"": 7.0, ""156"": 10.0, ""158"": 6.0, ""183"": 1.0, ""210"": 17.0, ""212"": 1.0, ""213"": 18.0}",2026-08-24T23:49:58-04:00
Matt Ammendola,3919602,K,FA,ACTIVE,0.0,26.0,0.0,18.0,169.75942834458118,1.3295120936844806,2547,2547,{},"{""75"": 2.0, ""76"": 2.0, ""77"": 1.0, ""78"": 2.0, ""79"": 1.0, ""80"": 5.0, ""81"": 5.0, ""83"": 6.0, ""84"": 9.0, ""85"": 3.0, ""86"": 10.0, ""87"": 11.0, ""88"": 1.0, ""155"": 3.0, ""156"": 2.0, ""158"": 28.0, ""199"": 2.0, ""200"": 2.0, ""210"": 5.0, ""214"": 210.0, ""215"": 156.0, ""216"": 366.0, ""217"": 42.0, ""218"": 20.0, ""219"": 10.0, ""220"": 8.0, ""221"": 4.0, ""222"": 2.0, ""223"": 30.0, ""224"": 14.0, ""225"": 7.0, ""226"": 5.0, ""227"": 2.0, ""228"": 1.0, ""229"": 72.0, ""230"": 34.0, ""231"": 17.0, ""232"": 13.0, ""233"": 6.0, ""234"": 3.0}",2026-08-24T23:49:58-04:00
Deuce Vaughn,4431453,RB,DAL,QUESTIONABLE,0.0,11.5,,,169.31489529830105,1.3231083759356688,224,224,"{""210"": 14.17647059}","{""23"": 23.0, ""24"": 40.0, ""27"": 6.0, ""28"": 1.0, ""33"": 2.0, ""39"": 1.73913043, ""40"": 5.71428571, ""41"": 7.0, ""42"": 40.0, ""47"": 7.0, ""48"": 3.0, ""53"": 7.0, ""58"": 7.0, ""59"": 46.0, ""60"": 5.71428571, ""61"": 5.71428571, ""115"": 19.0, ""118"": 1.0, ""155"": 5.0, ""156"": 2.0, ""210"": 7.0, ""212"": 1.0, ""213"": 1.0}",2026-08-24T23:49:58-04:00
Donovan Peoples-Jones,4258195,WR,DET,ACTIVE,0.0,22.0,87.71676008,136.6,169.89134729355985,1.270625412270111,1017,1017,"{""210"": 15.11764706}","{""41"": 13.0, ""42"": 155.0, ""47"": 28.0, ""48"": 11.0, ""49"": 4.0, ""50"": 2.0, ""53"": 13.0, ""58"": 25.0, ""59"": 35.0, ""60"": 11.92307692, ""61"": 10.33333333, ""68"": 1.0, ""108"": 1.0, ""109"": 1.0, ""115"": 84.0, ""118"": 6.0, ""155"": 9.0, ""156"": 6.0, ""210"": 15.0, ""213"": 7.0}",2026-08-24T23:49:58-04:00
Mecole Hardman,4035004,WR,KC,ACTIVE,95.40006219,18.2,117.33041643,81.3,170.03951007506913,1.2468960064678563,2123,2123,"{""23"": 12.79694515, ""24"": 83.60975863, ""25"": 0.709338449, ""26"": 0.038089353, ""27"": 16.0, ""28"": 8.0, ""29"": 4.0, ""30"": 3.0, ""31"": 1.0, ""33"": 2.0, ""34"": 1.0, ""35"": 0.023632364, ""36"": 0.016542655, ""37"": 0.017537434, ""38"": 0.000598, ""39"": 6.533571696, ""40"": 5.530606602, ""42"": 440.2061353, ""43"": 3.028669973, ""44"": 0.145357508, ""45"": 0.266590678, ""46"": 0.174217008, ""47"": 88.0, ""48"": 44.0, ""49"": 22.0, ""50"": 17.0, ""51"": 8.0, ""53"": 35.86029124, ""54"": 7.0, ""55"": 3.0, ""56"": 0.279385964, ""57"": 0.008640803, ""58"": 50.35080053, ""60"": 12.27558729, ""61"": 29.11869378, ""62"": 0.183446861, ""63"": 0.004281837, ""66"": 0.255938903, ""67"": 0.717205825, ""68"": 0.973144728, ""70"": 0.117731895, ""71"": 0.401635262, ""72"": 0.519367157, ""73"": 0.519367157, ""101"": 0.292746264, ""102"": 0.262606609, ""114"": 704.2867925, ""115"": 239.6782609, ""116"": 70.0, ""117"": 28.0, ""118"": 23.0, ""119"": 9.0, ""210"": 15.11764706, ""212"": 6.20136835, ""213"": 20.40166178}","{""23"": 1.0, ""24"": 3.0, ""39"": 3.0, ""40"": 0.27272727, ""41"": 15.0, ""42"": 124.0, ""47"": 23.0, ""48"": 10.0, ""49"": 3.0, ""50"": 3.0, ""51"": 1.0, ""53"": 15.0, ""54"": 1.0, ""58"": 24.0, ""59"": 108.0, ""60"": 8.26666667, ""61"": 11.27272727, ""68"": 1.0, ""72"": 1.0, ""73"": 1.0, ""108"": 1.0, ""109"": 1.0, ""114"": 14.0, ""115"": 61.0, ""116"": 1.0, ""118"": 6.0, ""119"": 2.0, ""155"": 6.0, ""156"": 5.0, ""210"": 11.0, ""213"": 8.0}",2026-08-24T23:49:58-04:00
Trenton Irwin,3931391,WR,CIN,ACTIVE,0.0,50.1,0.0,55.7,169.97155274595022,1.226654918467098,993,993,"{""210"": 15.11764706}","{""41"": 25.0, ""42"": 316.0, ""43"": 1.0, ""47"": 59.0, ""48"": 27.0, ""49"": 11.0, ""50"": 9.0, ""51"": 2.0, ""53"": 25.0, ""54"": 1.0, ""58"": 32.0, ""59"": 110.0, ""60"": 12.64, ""61"": 19.75, ""67"": 1.0, ""68"": 2.0, ""108"": 2.0, ""109"": 2.0, ""114"": 8.0, ""115"": 98.0, ""118"": 7.0, ""119"": 2.0, ""155"": 8.0, ""156"": 8.0, ""158"": 6.0, ""186"": 1.0, ""210"": 16.0, ""213"": 15.0}",2026-08-24T23:49:58-04:00
Allen Robinson II,16799,WR,PIT,ACTIVE,75.59457827,45.0,164.90941378,68.4,170.18035714285713,1.1927718087921602,370,370,"{""42"": 362.5677322, ""43"": 3.647728077, ""44"": 0.198058713, ""45"": 0.084628037, ""46"": 0.055304422, ""47"": 72.0, ""48"": 36.0, ""49"": 18.0, ""50"": 14.0, ""51"": 7.0, ""53"": 35.28662255, ""54"": 7.0, ""55"": 3.0, ""56"": 0.179471868, ""57"": 0.005550676, ""58"": 54.68870919, ""60"": 10.27493441, ""61"": 25.57531721, ""62"": 0.198058713, ""63"": 0.002309969, ""67"": 0.524992958, ""68"": 0.524992958, ""71"": 0.293996057, ""72"": 0.293996057, ""73"": 0.293996057, ""210"": 14.17647059, ""213"": 18.38308362}","{""41"": 34.0, ""42"": 280.0, ""47"": 50.0, ""48"": 22.0, ""49"": 8.0, ""50"": 4.0, ""51"": 1.0, ""53"": 34.0, ""54"": 2.0, ""58"": 49.0, ""59"": 68.0, ""60"": 8.23529412, ""61"": 16.47058824, ""108"": 2.0, ""109"": 2.0, ""155"": 10.0, ""156"": 7.0, ""210"": 17.0, ""213"": 10.0}",2026-08-24T23:49:58-04:00
Melvin Gordon III,2576434,RB,FA,ACTIVE,0.0,18.2,131.96687462,74.6,169.94330357142857,1.1863548062342715,2187,2188,{},"{""23"": 26.0, ""24"": 81.0, ""25"": 1.0, ""27"": 15.0, ""28"": 7.0, ""29"": 2.0, ""30"": 1.0, ""33"": 4.0, ""34"": 1.0, ""39"": 3.11538462, ""40"": 20.25, ""41"": 3.0, ""42"": 46.0, ""47"": 8.0, ""48"": 4.0, ""49"": 2.0, ""53"": 3.0, ""58"": 3.0, ""59"": 28.0, ""60"": 15.33333333, ""61"": 11.5, ""66"": 1.0, ""68"": 1.0, ""70"": 1.0, ""72"": 1.0, ""73"": 1.0, ""155"": 2.0, ""156"": 2.0, ""158"": 6.0, ""179"": 1.0, ""210"": 4.0, ""212"": 4.0, ""213"": 3.0}",2026-08-24T23:49:58-04:00
Noah Gray,4240472,TE,KC,ACTIVE,58.13480462,56.6,24.55294462,56.0,169.6503358356381,1.1680353976821471,441,441,"{""42"": 280.5629223, ""43"": 2.725813096, ""44"": 0.126871801, ""45"": 0.127200558, ""46"": 0.083125565, ""47"": 56.0, ""48"": 28.0, ""49"": 14.0, ""50"": 11.0, ""51"": 5.0, ""53"": 27.65581649, ""54"": 5.0, ""55"": 2.0, ""56"": 0.118296048, ""57"": 0.003658641, ""58"": 38.43962356, ""60"": 10.14480706, ""61"": 18.55863688, ""62"": 0.126871801, ""63"": 0.001406499, ""67"": 0.319658957, ""68"": 0.319658957, ""71"": 0.179009016, ""72"": 0.179009016, ""73"": 0.179009016, ""210"": 15.11764706, ""213"": 14.00541485}","{""23"": 1.0, ""24"": 1.0, ""39"": 1.0, ""40"": 0.05882353, ""41"": 28.0, ""42"": 305.0, ""43"": 2.0, ""47"": 55.0, ""48"": 24.0, ""49"": 8.0, ""50"": 7.0, ""53"": 28.0, ""58"": 41.0, ""59"": 140.0, ""60"": 10.89285714, ""61"": 17.94117647, ""108"": 4.0, ""109"": 4.0, ""155"": 11.0, ""156"": 6.0, ""158"": 12.0, ""183"": 1.0, ""186"": 1.0, ""210"": 17.0, ""213"": 16.0}",2026-08-24T23:49:58-04:00
Braxton Berrios,3123075,WR,MIA,ACTIVE,0.0,44.4,84.40089859,50.6,168.80837613591467,1.1664050113979296,325,325,"{""210"": 15.11764706}","{""23"": 1.0, ""24"": 11.0, ""27"": 2.0, ""28"": 1.0, ""39"": 11.0, ""40"": 0.6875, ""41"": 27.0, ""42"": 238.0, ""43"": 1.0, ""47"": 42.0, ""48"": 19.0, ""49"": 7.0, ""50"": 4.0, ""53"": 27.0, ""54"": 1.0, ""58"": 33.0, ""59"": 85.0, ""60"": 8.81481481, ""61"": 14.875, ""68"": 1.0, ""114"": 441.0, ""115"": 235.0, ""116"": 41.0, ""117"": 14.0, ""118"": 19.0, ""119"": 6.0, ""155"": 10.0, ""156"": 6.0, ""158"": 6.0, ""184"": 1.0, ""210"": 16.0, ""212"": 1.0, ""213"": 15.0}",2026-08-24T23:49:58-04:00
Trey Palmer,4426407,WR,TB,ACTIVE,0.0,76.2,,,170.28881864875544,1.1199096975690142,291,291,"{""210"": 15.11764706}","{""23"": 3.0, ""24"": 22.0, ""27"": 3.0, ""28"": 1.0, ""39"": 7.33333333, ""40"": 1.29411765, ""41"": 39.0, ""42"": 385.0, ""43"": 3.0, ""47"": 72.0, ""48"": 32.0, ""49"": 14.0, ""50"": 7.0, ""51"": 2.0, ""53"": 39.0, ""58"": 68.0, ""59"": 103.0, ""60"": 9.87179487, ""61"": 22.64705882, ""67"": 3.0, ""68"": 3.0, ""71"": 1.0, ""72"": 1.0, ""73"": 1.0, ""108"": 1.0, ""109"": 1.0, ""155"": 9.0, ""156"": 8.0, ""158"": 18.0, ""183"": 2.0, ""185"": 1.0, ""210"": 17.0, ""212"": 1.0, ""213"": 17.0}",2026-08-24T23:49:58-04:00
Isaiah Hodgins,4242540,WR,NYG,ACTIVE,82.48266084,49.5,0.0,81.7,169.91939944685896,1.1146110976496244,2385,2389,"{""42"": 415.7773245, ""43"": 3.359185397, ""44"": 0.194353812, ""45"": 0.090276609, ""46"": 0.058995764, ""47"": 83.0, ""48"": 41.0, ""49"": 20.0, ""50"": 16.0, ""51"": 8.0, ""53"": 42.63213647, ""54"": 8.0, ""55"": 4.0, ""56"": 0.244615446, ""57"": 0.007565426, ""58"": 61.71194266, ""60"": 9.752673895, ""61"": 27.50278022, ""62"": 0.194353812, ""63"": 0.003751628, ""67"": 0.852642729, ""68"": 0.852642729, ""71"": 0.477479928, ""72"": 0.477479928, ""73"": 0.477479928, ""210"": 15.11764706, ""213"": 21.40669073}","{""41"": 21.0, ""42"": 230.0, ""43"": 3.0, ""47"": 41.0, ""48"": 19.0, ""49"": 7.0, ""50"": 2.0, ""53"": 21.0, ""58"": 33.0, ""59"": 75.0, ""60"": 10.95238095, ""61"": 13.52941176, ""67"": 1.0, ""68"": 1.0, ""71"": 1.0, ""72"": 1.0, ""73"": 1.0, ""155"": 6.0, ""156"": 11.0, ""158"": 18.0, ""183"": 1.0, ""184"": 2.0, ""210"": 17.0, ""213"": 12.0}",2026-08-24T23:49:58-04:00
Patrick Taylor,4039358,RB,GB,ACTIVE,0.0,24.5,0.0,5.3,169.96602133544053,1.1024117079374,2571,2571,{},"{""23"": 32.0, ""24"": 141.0, ""27"": 25.0, ""28"": 11.0, ""29"": 4.0, ""30"": 3.0, ""33"": 2.0, ""39"": 4.40625, ""40"": 12.81818182, ""41"": 11.0, ""42"": 49.0, ""47"": 9.0, ""48"": 4.0, ""49"": 2.0, ""53"": 11.0, ""58"": 17.0, ""59"": 59.0, ""60"": 4.45454545, ""61"": 4.45454545, ""107"": 1.0, ""108"": 3.0, ""109"": 4.0, ""155"": 7.0, ""156"": 4.0, ""210"": 11.0, ""212"": 7.0, ""213"": 4.0}",2026-08-24T23:49:58-04:00
Jameis Winston,2969939,QB,CLE,ACTIVE,0.0,15.8,292.49331478,51.6,170.14215467143495,1.0904063455276571,455,455,"{""210"": 4.0}","{""0"": 47.0, ""1"": 25.0, ""2"": 22.0, ""3"": 264.0, ""4"": 2.0, ""5"": 52.0, ""6"": 26.0, ""7"": 13.0, ""8"": 9.0, ""9"": 4.0, ""10"": 2.0, ""11"": 4.0, ""12"": 2.0, ""13"": 3.0, ""14"": 1.0, ""20"": 3.0, ""21"": 0.53191489, ""22"": 37.71428571, ""23"": 5.0, ""24"": -6.0, ""39"": -1.2, ""40"": -0.85714286, ""64"": 2.0, ""73"": 3.0, ""155"": 3.0, ""156"": 4.0, ""158"": 12.0, ""176"": 2.0, ""210"": 7.0, ""211"": 10.0}",2026-08-24T23:49:58-04:00
Tyquan Thornton,4362921,WR,NE,QUESTIONABLE,0.0,20.7,35.59454946,55.3,170.042275780324,1.0545993605963004,1123,1123,"{""210"": 15.11764706}","{""23"": 3.0, ""24"": 51.0, ""27"": 8.0, ""28"": 3.0, ""29"": 1.0, ""30"": 1.0, ""39"": 17.0, ""40"": 5.66666667, ""41"": 13.0, ""42"": 91.0, ""47"": 15.0, ""48"": 5.0, ""49"": 1.0, ""53"": 13.0, ""58"": 23.0, ""59"": 50.0, ""60"": 7.0, ""61"": 10.11111111, ""108"": 1.0, ""109"": 1.0, ""155"": 3.0, ""156"": 6.0, ""210"": 9.0, ""212"": 1.0, ""213"": 3.0}",2026-08-24T23:49:58-04:00
Salvon Ahmed,4243315,RB,MIA,QUESTIONABLE,0.0,34.9,12.00162833,13.7,169.58198340576848,1.0195382221158529,1096,1096,"{""210"": 13.17647059}","{""23"": 22.0, ""24"": 61.0, ""25"": 1.0, ""27"": 9.0, ""28"": 4.0, ""29"": 1.0, ""33"": 1.0, ""39"": 2.77272727, ""40"": 7.625, ""41"": 16.0, ""42"": 88.0, ""43"": 1.0, ""47"": 16.0, ""48"": 6.0, ""49"": 2.0, ""50"": 2.0, ""53"": 16.0, ""58"": 23.0, ""59"": 109.0, ""60"": 5.5, ""61"": 11.0, ""155"": 5.0, ""156"": 3.0, ""158"": 12.0, ""179"": 1.0, ""184"": 1.0, ""210"": 8.0, ""212"": 3.0, ""213"": 4.0}",2026-08-24T23:49:58-04:00
Sam Darnold,3912547,QB,MIN,ACTIVE,0.0,27.1,0.0,100.0,169.66020569620252,0.9883100989264815,383,383,"{""210"": 15.0}","{""0"": 46.0, ""1"": 28.0, ""2"": 18.0, ""3"": 297.0, ""4"": 2.0, ""5"": 58.0, ""6"": 28.0, ""7"": 14.0, ""8"": 10.0, ""9"": 4.0, ""10"": 1.0, ""11"": 4.0, ""12"": 1.0, ""13"": 3.0, ""14"": 1.0, ""20"": 1.0, ""21"": 0.60869565, ""22"": 27.0, ""23"": 21.0, ""24"": 15.0, ""25"": 1.0, ""27"": 4.0, ""28"": 1.0, ""33"": 1.0, ""39"": 0.71428571, ""40"": 1.36363636, ""64"": 6.0, ""65"": 2.0, ""66"": 1.0, ""68"": 3.0, ""69"": 1.0, ""72"": 1.0, ""73"": 2.0, ""155"": 9.0, ""156"": 2.0, ""158"": 18.0, ""175"": 1.0, ""176"": 1.0, ""179"": 1.0, ""210"": 11.0, ""211"": 15.0, ""212"": 3.0}",2026-08-24T23:49:58-04:00
Ameer Abdullah,2576336,RB,LV,ACTIVE,0.0,31.5,59.76763613,41.6,170.234375,0.9726841152075214,353,353,"{""210"": 14.17647059}","{""23"": 15.0, ""24"": 89.0, ""27"": 14.0, ""28"": 6.0, ""29"": 1.0, ""30"": 1.0, ""33"": 1.0, ""39"": 5.93333333, ""40"": 5.23529412, ""41"": 19.0, ""42"": 131.0, ""47"": 20.0, ""48"": 7.0, ""53"": 19.0, ""58"": 24.0, ""59"": 88.0, ""60"": 6.89473684, ""61"": 7.70588235, ""107"": 2.0, ""108"": 12.0, ""109"": 14.0, ""155"": 8.0, ""156"": 9.0, ""210"": 17.0, ""212"": 6.0, ""213"": 4.0}",2026-08-24T23:49:58-04:00
Chase Edmonds,3119195,RB,TB,ACTIVE,0.0,32.7,150.21806723,66.2,170.10075069142633,0.9220771025060637,321,321,"{""210"": 14.17647059}","{""23"": 49.0, ""24"": 176.0, ""27"": 32.0, ""28"": 12.0, ""29"": 4.0, ""30"": 3.0, ""33"": 3.0, ""34"": 1.0, ""39"": 3.59183673, ""40"": 13.53846154, ""41"": 14.0, ""42"": 81.0, ""47"": 16.0, ""48"": 7.0, ""49"": 2.0, ""50"": 1.0, ""53"": 14.0, ""54"": 1.0, ""58"": 17.0, ""59"": 111.0, ""60"": 5.78571429, ""61"": 6.23076923, ""107"": 2.0, ""108"": 4.0, ""109"": 6.0, ""155"": 8.0, ""156"": 5.0, ""210"": 13.0, ""212"": 8.0, ""213"": 5.0}",2026-08-24T23:49:58-04:00
Cardinals D/ST,-16022,D/ST,ARI,,0.0,40.0,67.17743561,77.0,168.8298736462094,0.9064536228171997,518,518,"{""210"": 17.0}","{""89"": 0.0, ""90"": 0.0, ""91"": 1.0, ""92"": 1.0, ""94"": 1.0, ""95"": 11.0, ""96"": 6.0, ""99"": 33.0, ""100"": 66.0, ""104"": 1.0, ""105"": 1.0, ""106"": 6.0, ""107"": 420.0, ""108"": 731.0, ""109"": 1151.0, ""110"": 376.0, ""111"": 222.0, ""112"": 66.0, ""113"": 66.0, ""114"": 382.0, ""115"": 286.0, ""116"": 32.0, ""117"": 8.0, ""118"": 22.0, ""119"": 4.0, ""120"": 437.0, ""121"": 4.0, ""122"": 5.0, ""123"": 3.0, ""124"": 3.0, ""127"": 6047.0, ""128"": 0.0, ""129"": 0.0, ""130"": 4.0, ""131"": 4.0, ""132"": 3.0, ""133"": 5.0, ""134"": 1.0, ""135"": 0.0, ""136"": 0.0, ""155"": 4.0, ""156"": 13.0, ""187"": 437.0, ""188"": 0.0, ""189"": 0.0, ""190"": 1.0, ""191"": 1.0, ""192"": 4.0, ""193"": 5.0, ""194"": 3.0, ""195"": 3.0, ""210"": 17.0}",2026-08-24T23:49:58-04:00
Rob Gronkowski,13229,TE,FA,ACTIVE,0.0,0.0,0.0,0.0,169.1438784629133,0.8715646308725231,2218,2220,{},{},2026-08-24T23:49:58-04:00
C.J. Beathard,2979520,QB,JAX,ACTIVE,0.0,22.9,19.19612855,-1.2,170.0098345999106,0.8486237163536987,1301,1301,{},"{""0"": 53.0, ""1"": 40.0, ""2"": 13.0, ""3"": 349.0, ""4"": 1.0, ""5"": 67.0, ""6"": 32.0, ""7"": 15.0, ""8"": 12.0, ""9"": 5.0, ""10"": 1.0, ""11"": 6.0, ""12"": 2.0, ""13"": 1.0, ""21"": 0.75471698, ""22"": 49.85714286, ""23"": 8.0, ""24"": 35.0, ""27"": 6.0, ""28"": 2.0, ""29"": 1.0, ""39"": 4.375, ""40"": 5.0, ""64"": 6.0, ""66"": 1.0, ""68"": 1.0, ""155"": 3.0, ""156"": 4.0, ""158"": 6.0, ""175"": 1.0, ""210"": 7.0, ""211"": 19.0, ""212"": 2.0}",2026-08-24T23:49:58-04:00
John Metchie III,4567096,WR,HOU,ACTIVE,0.0,24.2,0.0,0.0,170.01738443303043,0.8436675815180181,1068,1068,"{""210"": 15.11764706}","{""23"": 1.0, ""24"": 4.0, ""39"": 4.0, ""40"": 0.25, ""41"": 16.0, ""42"": 158.0, ""47"": 27.0, ""48"": 10.0, ""49"": 3.0, ""50"": 1.0, ""53"": 16.0, ""58"": 30.0, ""59"": 84.0, ""60"": 9.875, ""61"": 9.875, ""155"": 10.0, ""156"": 6.0, ""210"": 16.0, ""213"": 7.0}",2026-08-24T23:49:58-04:00
Calvin Austin III,4243389,WR,PIT,ACTIVE,0.0,44.2,29.51460561,0.0,169.98893717898065,0.8342610838904798,371,371,"{""210"": 15.11764706}","{""23"": 11.0, ""24"": 57.0, ""25"": 1.0, ""27"": 10.0, ""28"": 3.0, ""39"": 5.18181818, ""40"": 3.35294118, ""41"": 17.0, ""42"": 180.0, ""43"": 1.0, ""45"": 1.0, ""46"": 1.0, ""47"": 33.0, ""48"": 15.0, ""49"": 5.0, ""50"": 3.0, ""51"": 1.0, ""53"": 17.0, ""54"": 1.0, ""58"": 30.0, ""59"": 73.0, ""60"": 10.58823529, ""61"": 10.58823529, ""68"": 2.0, ""108"": 1.0, ""109"": 1.0, ""115"": 249.0, ""118"": 21.0, ""119"": 5.0, ""155"": 10.0, ""156"": 7.0, ""158"": 12.0, ""179"": 1.0, ""210"": 17.0, ""212"": 4.0, ""213"": 7.0}",2026-08-24T23:49:58-04:00
Jelani Woods,4241410,TE,IND,QUESTIONABLE,0.0,0.0,30.97932038,61.7,169.9581193204267,0.7863505546962536,416,416,"{""210"": 15.11764706}",{},2026-08-24T23:49:58-04:00
Michael Carter,4240657,RB,ARI,ACTIVE,0.0,46.8,128.81749474,105.5,169.91307783484788,0.7787030664707605,341,341,"{""210"": 14.17647059}","{""23"": 30.0, ""24"": 187.0, ""27"": 33.0, ""28"": 12.0, ""29"": 5.0, ""30"": 4.0, ""31"": 1.0, ""33"": 1.0, ""39"": 6.23333333, ""40"": 12.46666667, ""41"": 24.0, ""42"": 101.0, ""43"": 1.0, ""47"": 16.0, ""48"": 7.0, ""49"": 1.0, ""53"": 24.0, ""54"": 1.0, ""58"": 31.0, ""59"": 87.0, ""60"": 4.20833333, ""61"": 6.73333333, ""108"": 1.0, ""109"": 1.0, ""155"": 6.0, ""156"": 9.0, ""158"": 6.0, ""183"": 1.0, ""210"": 15.0, ""212"": 9.0, ""213"": 6.0}",2026-08-24T23:49:58-04:00
Antonio Brown,13934,WR,FA,ACTIVE,0.0,0.0,0.0,0.0,169.04910714285714,0.778135986259083,2210,2212,{},{},2026-08-24T23:49:58-04:00
Cedric Tillman,4369863,WR,CLE,QUESTIONABLE,0.0,33.7,,,169.96562623468984,0.7524007406128512,1022,1022,"{""210"": 15.11764706}","{""23"": 1.0, ""24"": 8.0, ""27"": 1.0, ""39"": 8.0, ""40"": 0.57142857, ""41"": 21.0, ""42"": 224.0, ""47"": 41.0, ""48"": 19.0, ""49"": 8.0, ""50"": 5.0, ""51"": 2.0, ""53"": 21.0, ""58"": 44.0, ""59"": 88.0, ""60"": 10.66666667, ""61"": 16.0, ""155"": 9.0, ""156"": 5.0, ""210"": 14.0, ""213"": 12.0}",2026-08-24T23:49:58-04:00
Jacoby Brissett,2578570,QB,NE,ACTIVE,0.0,28.7,162.46962619,191.7,170.2038444345105,0.7384127378136538,423,423,"{""210"": 15.0}","{""0"": 23.0, ""1"": 18.0, ""2"": 5.0, ""3"": 224.0, ""4"": 3.0, ""5"": 44.0, ""6"": 22.0, ""7"": 11.0, ""8"": 8.0, ""9"": 4.0, ""10"": 2.0, ""11"": 3.0, ""12"": 1.0, ""21"": 0.7826087, ""22"": 74.66666667, ""23"": 3.0, ""24"": 19.0, ""27"": 3.0, ""28"": 1.0, ""39"": 6.33333333, ""40"": 6.33333333, ""156"": 3.0, ""158"": 18.0, ""175"": 1.0, ""176"": 1.0, ""177"": 1.0, ""210"": 3.0, ""211"": 10.0}",2026-08-24T23:49:58-04:00
Tyson Bagent,4434153,QB,CHI,ACTIVE,0.0,58.9,,,170.1384493670886,0.7085791481416729,1030,1030,"{""210"": 4.0}","{""0"": 143.0, ""1"": 94.0, ""2"": 49.0, ""3"": 859.0, ""4"": 3.0, ""5"": 170.0, ""6"": 85.0, ""7"": 42.0, ""8"": 32.0, ""9"": 15.0, ""10"": 6.0, ""11"": 18.0, ""12"": 8.0, ""13"": 7.0, ""14"": 3.0, ""20"": 6.0, ""21"": 0.65734266, ""22"": 171.8, ""23"": 23.0, ""24"": 109.0, ""25"": 2.0, ""27"": 20.0, ""28"": 10.0, ""29"": 4.0, ""30"": 2.0, ""31"": 1.0, ""33"": 2.0, ""39"": 4.73913043, ""40"": 21.8, ""64"": 5.0, ""65"": 3.0, ""68"": 3.0, ""69"": 2.0, ""72"": 2.0, ""73"": 8.0, ""155"": 2.0, ""156"": 3.0, ""158"": 30.0, ""175"": 2.0, ""176"": 1.0, ""179"": 2.0, ""210"": 5.0, ""211"": 48.0, ""212"": 11.0}",2026-08-24T23:49:58-04:00
Jauan Jennings,3886598,WR,SF,ACTIVE,0.0,42.0,69.07994515,65.1,169.49466613986567,0.6942356591011788,334,334,"{""210"": 15.11764706}","{""41"": 19.0, ""42"": 265.0, ""43"": 1.0, ""47"": 49.0, ""48"": 22.0, ""49"": 9.0, ""50"": 8.0, ""51"": 2.0, ""53"": 19.0, ""54"": 1.0, ""58"": 33.0, ""59"": 89.0, ""60"": 13.94736842, ""61"": 20.38461538, ""108"": 1.0, ""109"": 1.0, ""155"": 10.0, ""156"": 3.0, ""158"": 6.0, ""184"": 1.0, ""210"": 13.0, ""213"": 12.0}",2026-08-24T23:49:58-04:00
Adrian Peterson,10452,RB,FA,ACTIVE,0.0,0.0,0.0,0.0,169.87008928571427,0.691990638509163,2222,2224,{},{},2026-08-24T23:49:58-04:00
Joey Slye,3124084,K,JAX,ACTIVE,118.71535769,97.0,126.98737092,110.0,169.8900357284637,0.6700861066772181,479,479,"{""74"": 3.90231776, ""75"": 5.827750153, ""76"": 1.925432393, ""77"": 7.473249384, ""78"": 9.299601308, ""79"": 1.826351925, ""80"": 15.18265751, ""81"": 15.87131957, ""82"": 0.688662058, ""83"": 26.55822465, ""84"": 30.99867103, ""85"": 4.440446376, ""86"": 28.2032452, ""87"": 29.88867812, ""88"": 1.685432921, ""198"": 3.90231776, ""199"": 5.827750153, ""200"": 1.925432393, ""210"": 17.0, ""214"": 1002.501107, ""215"": 206.8190476, ""216"": 1209.320154, ""221"": 210.725159, ""227"": 103.9733492, ""233"": 314.6985083}","{""74"": 3.0, ""75"": 5.0, ""76"": 2.0, ""77"": 7.0, ""78"": 9.0, ""79"": 2.0, ""80"": 9.0, ""81"": 10.0, ""82"": 1.0, ""83"": 19.0, ""84"": 24.0, ""85"": 5.0, ""86"": 32.0, ""87"": 35.0, ""88"": 3.0, ""108"": 1.0, ""109"": 1.0, ""155"": 4.0, ""156"": 13.0, ""158"": 89.0, ""198"": 2.0, ""199"": 4.0, ""200"": 2.0, ""201"": 1.0, ""202"": 1.0, ""210"": 17.0, ""214"": 769.0, ""215"": 234.0, ""216"": 1003.0, ""217"": 149.0, ""218"": 71.0, ""219"": 33.0, ""220"": 24.0, ""221"": 8.0, ""223"": 45.0, ""224"": 21.0, ""225"": 10.0, ""226"": 8.0, ""227"": 3.0, ""228"": 1.0, ""229"": 195.0, ""230"": 93.0, ""231"": 44.0, ""232"": 34.0, ""233"": 13.0, ""234"": 3.0}",2026-08-24T23:49:58-04:00
Daniel Bellinger,4361516,TE,NYG,ACTIVE,0.0,38.0,46.38924591,60.0,169.90912682734097,0.6499541275391344,465,460,"{""210"": 15.11764706}","{""41"": 25.0, ""42"": 255.0, ""47"": 45.0, ""48"": 19.0, ""49"": 7.0, ""50"": 5.0, ""53"": 25.0, ""58"": 28.0, ""59"": 134.0, ""60"": 10.2, ""61"": 15.0, ""107"": 3.0, ""108"": 2.0, ""109"": 5.0, ""155"": 6.0, ""156"": 11.0, ""210"": 17.0, ""213"": 6.0}",2026-08-24T23:49:58-04:00
Mitch Trubisky,3039707,QB,BUF,ACTIVE,0.0,56.2,135.14987538,81.0,170.06079570853822,0.6483719098508852,1274,478,"{""210"": 4.0}","{""0"": 107.0, ""1"": 67.0, ""2"": 40.0, ""3"": 632.0, ""4"": 4.0, ""5"": 124.0, ""6"": 60.0, ""7"": 28.0, ""8"": 22.0, ""9"": 10.0, ""10"": 4.0, ""11"": 12.0, ""12"": 5.0, ""13"": 6.0, ""14"": 2.0, ""19"": 1.0, ""20"": 5.0, ""21"": 0.62616822, ""22"": 126.4, ""23"": 16.0, ""24"": 54.0, ""25"": 2.0, ""27"": 10.0, ""28"": 4.0, ""29"": 1.0, ""30"": 1.0, ""33"": 1.0, ""39"": 3.375, ""40"": 10.8, ""64"": 7.0, ""65"": 1.0, ""66"": 1.0, ""68"": 1.0, ""70"": 1.0, ""72"": 1.0, ""73"": 6.0, ""156"": 5.0, ""158"": 36.0, ""175"": 2.0, ""177"": 2.0, ""179"": 2.0, ""210"": 5.0, ""211"": 36.0, ""212"": 6.0}",2026-08-24T23:49:58-04:00
Durham Smythe,3052897,TE,MIA,ACTIVE,0.0,54.1,23.2621271,32.5,168.67068811438784,0.6114339943012208,473,473,"{""210"": 15.11764706}","{""41"": 35.0, ""42"": 366.0, ""47"": 69.0, ""48"": 32.0, ""49"": 12.0, ""50"": 9.0, ""51"": 2.0, ""53"": 35.0, ""54"": 1.0, ""58"": 43.0, ""59"": 139.0, ""60"": 10.45714286, ""61"": 22.875, ""108"": 2.0, ""109"": 2.0, ""155"": 10.0, ""156"": 6.0, ""210"": 16.0, ""213"": 22.0}",2026-08-24T23:49:58-04:00
Kalif Raymond,2973405,WR,DET,QUESTIONABLE,0.0,79.9,25.38004975,92.7,169.765625,0.5893352876633711,359,359,"{""210"": 15.11764706}","{""23"": 7.0, ""24"": 75.0, ""27"": 13.0, ""28"": 5.0, ""29"": 2.0, ""30"": 1.0, ""39"": 10.71428571, ""40"": 4.41176471, ""41"": 35.0, ""42"": 489.0, ""43"": 1.0, ""47"": 95.0, ""48"": 44.0, ""49"": 19.0, ""50"": 11.0, ""51"": 3.0, ""53"": 35.0, ""54"": 1.0, ""58"": 44.0, ""59"": 214.0, ""60"": 13.97142857, ""61"": 28.76470588, ""68"": 1.0, ""108"": 1.0, ""109"": 1.0, ""115"": 331.0, ""118"": 26.0, ""119"": 7.0, ""155"": 12.0, ""156"": 5.0, ""158"": 6.0, ""186"": 1.0, ""210"": 17.0, ""212"": 2.0, ""213"": 20.0}",2026-08-24T23:49:58-04:00
Trayveon Williams,4035222,RB,CIN,ACTIVE,0.0,11.4,0.0,7.0,169.93322797313314,0.5870754107027402,401,401,"{""210"": 14.17647059}","{""23"": 15.0, ""24"": 69.0, ""27"": 11.0, ""28"": 4.0, ""29"": 1.0, ""39"": 4.6, ""40"": 4.05882353, ""41"": 7.0, ""42"": 10.0, ""53"": 7.0, ""58"": 9.0, ""59"": 35.0, ""60"": 1.42857143, ""61"": 0.58823529, ""108"": 3.0, ""109"": 3.0, ""114"": 290.0, ""116"": 26.0, ""117"": 9.0, ""155"": 9.0, ""156"": 8.0, ""210"": 17.0, ""212"": 2.0}",2026-08-24T23:49:58-04:00
Marvin Jones Jr.,15072,WR,FA,ACTIVE,93.86832078,4.0,133.91923732,93.9,169.95223214285716,0.575222793158528,1770,1770,"{""42"": 520.3564157, ""43"": 3.617407104, ""44"": 0.212115215, ""45"": 0.157859291, ""46"": 0.103161046, ""47"": 104.0, ""48"": 52.0, ""49"": 26.0, ""50"": 20.0, ""51"": 10.0, ""53"": 40.31153208, ""54"": 8.0, ""55"": 4.0, ""56"": 0.445063688, ""57"": 0.013764856, ""58"": 67.69597783, ""60"": 12.90837606, ""61"": 34.4204633, ""62"": 0.212115215, ""63"": 0.001774771, ""67"": 0.403357039, ""68"": 0.403357039, ""71"": 0.225879942, ""72"": 0.225879942, ""73"": 0.225879942, ""210"": 15.11764706, ""213"": 23.86722052}","{""41"": 5.0, ""42"": 35.0, ""47"": 6.0, ""48"": 2.0, ""49"": 1.0, ""53"": 5.0, ""58"": 10.0, ""59"": 9.0, ""60"": 7.0, ""61"": 5.83333333, ""67"": 1.0, ""68"": 1.0, ""71"": 1.0, ""72"": 1.0, ""73"": 1.0, ""155"": 5.0, ""156"": 1.0, ""210"": 6.0, ""213"": 2.0}",2026-08-24T23:49:58-04:00
Dorian Thompson-Robinson,4367178,QB,CLE,QUESTIONABLE,0.0,23.7,,,169.78441455696202,0.5724122704950803,1592,1592,{},"{""0"": 112.0, ""1"": 60.0, ""2"": 52.0, ""3"": 440.0, ""4"": 1.0, ""5"": 86.0, ""6"": 41.0, ""7"": 20.0, ""8"": 15.0, ""9"": 7.0, ""10"": 3.0, ""11"": 9.0, ""12"": 4.0, ""13"": 9.0, ""14"": 3.0, ""20"": 4.0, ""21"": 0.53571429, ""22"": 48.88888889, ""23"": 14.0, ""24"": 65.0, ""26"": 1.0, ""27"": 13.0, ""28"": 6.0, ""29"": 3.0, ""33"": 1.0, ""39"": 4.64285714, ""40"": 7.22222222, ""64"": 6.0, ""65"": 1.0, ""66"": 1.0, ""68"": 2.0, ""73"": 4.0, ""108"": 1.0, ""109"": 1.0, ""155"": 6.0, ""156"": 3.0, ""158"": 8.0, ""175"": 1.0, ""210"": 9.0, ""211"": 26.0, ""212"": 4.0}",2026-08-24T23:49:58-04:00
La'Mical Perine,4034952,RB,KC,ACTIVE,0.0,12.5,,,169.935993678388,0.5723107111941428,343,342,"{""210"": 14.17647059}","{""23"": 22.0, ""24"": 77.0, ""27"": 15.0, ""28"": 7.0, ""29"": 3.0, ""30"": 3.0, ""31"": 1.0, ""33"": 4.0, ""34"": 2.0, ""39"": 3.5, ""40"": 15.4, ""41"": 3.0, ""42"": 33.0, ""47"": 6.0, ""48"": 3.0, ""49"": 1.0, ""50"": 1.0, ""53"": 3.0, ""58"": 5.0, ""59"": 32.0, ""60"": 11.0, ""61"": 6.6, ""155"": 4.0, ""156"": 1.0, ""210"": 5.0, ""212"": 3.0, ""213"": 1.0}",2026-08-24T23:49:58-04:00
DeeJay Dallas,4240631,RB,ARI,ACTIVE,0.0,5.2,35.74341401,37.7,170.21374950612406,0.5580226245340633,1104,1104,"{""210"": 13.17647059}","{""23"": 10.0, ""24"": 36.0, ""27"": 4.0, ""28"": 1.0, ""39"": 3.6, ""40"": 2.11764706, ""41"": 6.0, ""42"": 26.0, ""47"": 5.0, ""48"": 2.0, ""53"": 6.0, ""58"": 9.0, ""59"": 31.0, ""60"": 4.33333333, ""61"": 1.52941176, ""64"": 1.0, ""68"": 2.0, ""72"": 2.0, ""73"": 2.0, ""107"": 3.0, ""109"": 3.0, ""114"": 440.0, ""115"": 265.0, ""116"": 41.0, ""117"": 13.0, ""118"": 20.0, ""119"": 4.0, ""155"": 9.0, ""156"": 8.0, ""210"": 17.0, ""212"": 2.0, ""213"": 1.0}",2026-08-24T23:49:58-04:00
Kene Nwangwu,4035537,RB,MIN,ACTIVE,0.0,1.3,23.51849556,10.5,170.27380482022915,0.5262904087145119,1105,1105,"{""210"": 14.17647059}","{""23"": 5.0, ""24"": 13.0, ""27"": 1.0, ""39"": 2.6, ""40"": 1.44444444, ""108"": 1.0, ""109"": 1.0, ""114"": 380.0, ""116"": 35.0, ""117"": 12.0, ""155"": 3.0, ""156"": 6.0, ""210"": 9.0}",2026-08-24T23:49:58-04:00
A.T. Perry,4362019,WR,NO,ACTIVE,0.0,54.6,,,169.97036744369814,0.49961629801707336,994,994,"{""210"": 15.11764706}","{""41"": 12.0, ""42"": 246.0, ""43"": 4.0, ""47"": 46.0, ""48"": 21.0, ""49"": 8.0, ""50"": 7.0, ""51"": 1.0, ""53"": 12.0, ""58"": 18.0, ""59"": 20.0, ""60"": 20.5, ""61"": 24.6, ""108"": 1.0, ""109"": 1.0, ""155"": 6.0, ""156"": 4.0, ""158"": 24.0, ""183"": 1.0, ""184"": 2.0, ""186"": 1.0, ""210"": 10.0, ""213"": 10.0}",2026-08-24T23:49:58-04:00
Nelson Agholor,2971618,WR,BAL,ACTIVE,0.0,79.6,72.61441307,59.7,169.77008928571428,0.4930076383142128,327,327,"{""210"": 15.11764706}","{""41"": 35.0, ""42"": 381.0, ""43"": 4.0, ""47"": 70.0, ""48"": 33.0, ""49"": 13.0, ""50"": 9.0, ""51"": 2.0, ""53"": 35.0, ""54"": 3.0, ""58"": 45.0, ""59"": 141.0, ""60"": 10.88571429, ""61"": 22.41176471, ""67"": 1.0, ""68"": 1.0, ""108"": 1.0, ""109"": 1.0, ""155"": 13.0, ""156"": 4.0, ""158"": 24.0, ""183"": 1.0, ""184"": 2.0, ""186"": 1.0, ""210"": 17.0, ""213"": 20.0}",2026-08-24T23:49:58-04:00
Jamal Agnew,3061612,WR,JAX,QUESTIONABLE,57.58570972,33.3,47.21891663,58.8,169.96919642857142,0.4914001988462157,1836,1836,"{""23"": 8.499691322, ""24"": 57.41567774, ""25"": 0.26394213, ""26"": 0.011816057, ""27"": 11.0, ""28"": 5.0, ""29"": 2.0, ""30"": 2.0, ""31"": 1.0, ""33"": 1.0, ""35"": 0.015659975, ""36"": 0.010961983, ""37"": 0.008134702, ""38"": 0.000278, ""39"": 6.755030926, ""40"": 3.797924209, ""42"": 235.3967287, ""43"": 2.017548721, ""44"": 0.105975193, ""45"": 0.103378941, ""46"": 0.067558138, ""47"": 47.0, ""48"": 23.0, ""49"": 11.0, ""50"": 9.0, ""51"": 4.0, ""53"": 22.20470921, ""54"": 4.0, ""55"": 2.0, ""56"": 0.089357713, ""57"": 0.002763641, ""58"": 33.84743317, ""60"": 10.60120745, ""61"": 15.57098983, ""62"": 0.11779125, ""63"": 0.002701987, ""66"": 0.169993826, ""67"": 0.444094184, ""68"": 0.614088011, ""70"": 0.07819716, ""71"": 0.248692743, ""72"": 0.326889903, ""73"": 0.326889903, ""101"": 0.284748912, ""102"": 0.370478867, ""114"": 791.0280702, ""115"": 264.6212389, ""116"": 79.0, ""117"": 31.0, ""118"": 26.0, ""119"": 10.0, ""210"": 15.11764706, ""212"": 4.723801182, ""213"": 11.22780092}","{""23"": 4.0, ""24"": -2.0, ""39"": -0.5, ""40"": -0.18181818, ""41"": 14.0, ""42"": 225.0, ""43"": 1.0, ""45"": 1.0, ""46"": 1.0, ""47"": 43.0, ""48"": 20.0, ""49"": 8.0, ""50"": 6.0, ""51"": 2.0, ""53"": 14.0, ""58"": 21.0, ""59"": 76.0, ""60"": 16.07142857, ""61"": 20.45454545, ""67"": 1.0, ""68"": 1.0, ""71"": 1.0, ""72"": 1.0, ""73"": 1.0, ""108"": 3.0, ""109"": 3.0, ""114"": 391.0, ""115"": 144.0, ""116"": 37.0, ""117"": 12.0, ""118"": 10.0, ""119"": 3.0, ""155"": 6.0, ""156"": 5.0, ""158"": 6.0, ""210"": 11.0, ""213"": 8.0}",2026-08-24T23:49:58-04:00
Xavier Gipson,4427278,WR,NYJ,ACTIVE,0.0,48.2,,,169.67996839193995,0.4789574266680161,370,370,"{""210"": 15.11764706}","{""23"": 8.0, ""24"": 68.0, ""25"": 1.0, ""27"": 10.0, ""28"": 3.0, ""39"": 8.5, ""40"": 4.0, ""41"": 21.0, ""42"": 229.0, ""47"": 40.0, ""48"": 18.0, ""49"": 7.0, ""50"": 6.0, ""51"": 1.0, ""53"": 21.0, ""54"": 1.0, ""58"": 38.0, ""59"": 109.0, ""60"": 10.9047619, ""61"": 13.47058824, ""66"": 1.0, ""68"": 5.0, ""72"": 2.0, ""73"": 2.0, ""102"": 1.0, ""105"": 1.0, ""108"": 2.0, ""109"": 2.0, ""114"": 511.0, ""115"": 319.0, ""116"": 46.0, ""117"": 15.0, ""118"": 25.0, ""119"": 6.0, ""155"": 7.0, ""156"": 10.0, ""158"": 12.0, ""179"": 1.0, ""210"": 17.0, ""212"": 4.0, ""213"": 9.0}",2026-08-24T23:49:58-04:00
Kylen Granson,4039160,TE,IND,ACTIVE,28.33557656,58.0,47.27520828,45.7,170.23627024891348,0.47581114726926554,467,467,"{""42"": 156.9302316, ""43"": 0.817316558, ""44"": 0.053412044, ""45"": 0.082204381, ""46"": 0.053720563, ""47"": 31.0, ""48"": 15.0, ""49"": 7.0, ""50"": 6.0, ""51"": 3.0, ""53"": 15.6693548, ""54"": 3.0, ""55"": 1.0, ""56"": 0.062719787, ""57"": 0.001939787, ""58"": 23.6877412, ""60"": 10.01510487, ""61"": 10.38059898, ""62"": 0.053412044, ""63"": 0.000796901, ""67"": 0.181113786, ""68"": 0.181113786, ""71"": 0.10142372, ""72"": 0.10142372, ""73"": 0.10142372, ""210"": 15.11764706, ""213"": 7.083586262}","{""23"": 1.0, ""24"": 2.0, ""39"": 2.0, ""40"": 0.13333333, ""41"": 30.0, ""42"": 368.0, ""43"": 1.0, ""47"": 68.0, ""48"": 30.0, ""49"": 12.0, ""50"": 7.0, ""51"": 3.0, ""53"": 30.0, ""54"": 1.0, ""58"": 50.0, ""59"": 128.0, ""60"": 12.26666667, ""61"": 24.53333333, ""107"": 1.0, ""108"": 5.0, ""109"": 6.0, ""155"": 9.0, ""156"": 6.0, ""158"": 6.0, ""183"": 1.0, ""210"": 15.0, ""212"": 1.0, ""213"": 19.0}",2026-08-24T23:49:58-04:00
Chad Ryland,4363538,K,NE,ACTIVE,0.0,72.0,,,169.7792774910679,0.4511128982763383,503,503,"{""210"": 17.0}","{""74"": 2.0, ""75"": 4.0, ""76"": 2.0, ""77"": 5.0, ""78"": 10.0, ""79"": 5.0, ""80"": 9.0, ""81"": 11.0, ""82"": 2.0, ""83"": 16.0, ""84"": 25.0, ""85"": 9.0, ""86"": 24.0, ""87"": 25.0, ""88"": 1.0, ""155"": 4.0, ""156"": 13.0, ""158"": 72.0, ""198"": 2.0, ""199"": 4.0, ""200"": 2.0, ""210"": 17.0, ""214"": 609.0, ""215"": 410.0, ""216"": 1019.0, ""217"": 116.0, ""218"": 55.0, ""219"": 26.0, ""220"": 19.0, ""221"": 5.0, ""222"": 1.0, ""223"": 80.0, ""224"": 37.0, ""225"": 17.0, ""226"": 12.0, ""227"": 3.0, ""228"": 1.0, ""229"": 198.0, ""230"": 95.0, ""231"": 45.0, ""232"": 33.0, ""233"": 11.0, ""234"": 4.0}",2026-08-24T23:49:58-04:00
Ben Roethlisberger,5536,QB,PIT,,0.0,0.0,0.0,0.0,169.34331694233347,0.44865686372204394,2224,2226,{},{},2026-08-24T23:49:58-04:00
Isaiah Spiller,4426891,RB,LAC,ACTIVE,0.0,16.0,48.29251243,6.9,169.9676017384433,0.44044051195404843,309,309,"{""210"": 14.17647059}","{""23"": 37.0, ""24"": 96.0, ""27"": 16.0, ""28"": 7.0, ""29"": 2.0, ""30"": 2.0, ""31"": 1.0, ""33"": 5.0, ""34"": 1.0, ""39"": 2.59459459, ""40"": 10.66666667, ""41"": 6.0, ""42"": 34.0, ""47"": 6.0, ""48"": 2.0, ""53"": 6.0, ""58"": 6.0, ""59"": 39.0, ""60"": 5.66666667, ""61"": 3.77777778, ""155"": 3.0, ""156"": 6.0, ""210"": 9.0, ""212"": 1.0, ""213"": 1.0}",2026-08-24T23:49:58-04:00
Nick Westbrook-Ikhine,3929785,WR,TEN,ACTIVE,0.0,71.0,92.80118761,70.2,170.09996048992494,0.4297816859063279,1019,1019,"{""210"": 15.11764706}","{""41"": 28.0, ""42"": 370.0, ""43"": 3.0, ""44"": 1.0, ""47"": 68.0, ""48"": 30.0, ""49"": 13.0, ""50"": 11.0, ""51"": 2.0, ""53"": 28.0, ""54"": 1.0, ""58"": 45.0, ""59"": 107.0, ""60"": 13.21428571, ""61"": 26.42857143, ""155"": 5.0, ""156"": 9.0, ""158"": 20.0, ""183"": 1.0, ""184"": 1.0, ""186"": 1.0, ""210"": 14.0, ""213"": 18.0}",2026-08-24T23:49:58-04:00
Blaine Gabbert,13987,QB,KC,ACTIVE,23.83625497,5.7,23.12736112,7.0,169.76978095663836,0.4293218147394324,1718,1718,"{""0"": 39.21662714, ""1"": 24.26066303, ""2"": 14.95596411, ""3"": 264.6809203, ""4"": 2.320924616, ""5"": 52.0, ""6"": 26.0, ""7"": 13.0, ""8"": 10.0, ""9"": 5.0, ""10"": 2.0, ""11"": 4.0, ""12"": 2.0, ""15"": 0.233967228, ""16"": 0.152897583, ""17"": 0.277972654, ""18"": 0.037546817, ""19"": 0.108216356, ""20"": 0.992327668, ""21"": 0.618632065, ""22"": 132.3404601, ""23"": 2.993307004, ""24"": 8.337466529, ""25"": 0.153022058, ""26"": 0.008375714, ""27"": 1.0, ""35"": 0.00564142, ""36"": 0.003948994, ""37"": 0.002987742, ""38"": 0.000102, ""39"": 2.785369666, ""40"": 4.168733265, ""62"": 0.11659207, ""63"": 0.00225071, ""64"": 2.712826329, ""65"": 0.477440811, ""66"": 0.034084082, ""68"": 0.511524893, ""69"": 0.229171589, ""70"": 0.015678678, ""72"": 0.244850267, ""73"": 1.237177934, ""210"": 2.0, ""211"": 13.27684511, ""212"": 0.699330147}","{""0"": 35.0, ""1"": 18.0, ""2"": 17.0, ""3"": 185.0, ""5"": 36.0, ""6"": 18.0, ""7"": 8.0, ""8"": 7.0, ""9"": 3.0, ""10"": 1.0, ""11"": 3.0, ""12"": 1.0, ""13"": 3.0, ""14"": 1.0, ""20"": 3.0, ""21"": 0.51428571, ""22"": 92.5, ""23"": 7.0, ""24"": 45.0, ""27"": 9.0, ""28"": 4.0, ""29"": 2.0, ""30"": 1.0, ""33"": 1.0, ""39"": 6.42857143, ""40"": 22.5, ""64"": 1.0, ""73"": 3.0, ""155"": 2.0, ""210"": 2.0, ""211"": 8.0, ""212"": 2.0}",2026-08-24T23:49:58-04:00
Connor Heyward,4241961,TE,PIT,ACTIVE,0.0,28.2,21.57344093,29.8,170.10470169893324,0.4269916852121087,469,469,"{""210"": 15.11764706}","{""0"": 1.0, ""2"": 1.0, ""23"": 1.0, ""41"": 23.0, ""42"": 167.0, ""47"": 29.0, ""48"": 13.0, ""49"": 4.0, ""50"": 1.0, ""53"": 23.0, ""54"": 1.0, ""58"": 34.0, ""59"": 94.0, ""60"": 7.26086957, ""61"": 9.82352941, ""97"": 1.0, ""107"": 1.0, ""108"": 2.0, ""109"": 3.0, ""155"": 10.0, ""156"": 7.0, ""210"": 17.0, ""213"": 8.0}",2026-08-24T23:49:58-04:00
Carson Wentz,2573079,QB,LAR,ACTIVE,0.0,30.0,301.65005994,134.0,169.79570853822082,0.424490867539039,2196,2197,{},"{""0"": 24.0, ""1"": 17.0, ""2"": 7.0, ""3"": 163.0, ""4"": 2.0, ""5"": 32.0, ""6"": 16.0, ""7"": 8.0, ""8"": 6.0, ""9"": 3.0, ""10"": 1.0, ""11"": 3.0, ""12"": 1.0, ""13"": 1.0, ""19"": 1.0, ""20"": 1.0, ""21"": 0.70833333, ""22"": 81.5, ""23"": 17.0, ""24"": 56.0, ""25"": 1.0, ""27"": 11.0, ""28"": 5.0, ""29"": 2.0, ""30"": 2.0, ""31"": 1.0, ""33"": 3.0, ""34"": 1.0, ""39"": 3.29411765, ""40"": 28.0, ""64"": 2.0, ""73"": 1.0, ""155"": 2.0, ""158"": 18.0, ""175"": 1.0, ""176"": 1.0, ""180"": 1.0, ""210"": 2.0, ""211"": 11.0, ""212"": 4.0}",2026-08-24T23:49:58-04:00
Kevin Harris,4570674,RB,NE,ACTIVE,0.0,19.8,0.0,11.2,170.0,0.4136497265553837,438,438,"{""210"": 13.17647059}","{""23"": 16.0, ""24"": 65.0, ""25"": 1.0, ""27"": 12.0, ""28"": 5.0, ""29"": 2.0, ""30"": 1.0, ""33"": 1.0, ""39"": 4.0625, ""40"": 16.25, ""41"": 3.0, ""42"": 58.0, ""47"": 10.0, ""48"": 5.0, ""49"": 2.0, ""50"": 2.0, ""51"": 1.0, ""53"": 3.0, ""58"": 3.0, ""59"": 59.0, ""60"": 19.33333333, ""61"": 14.5, ""114"": 20.0, ""116"": 2.0, ""155"": 1.0, ""156"": 3.0, ""158"": 6.0, ""180"": 1.0, ""210"": 4.0, ""212"": 2.0, ""213"": 2.0}",2026-08-24T23:49:58-04:00
Austin Hooper,3043275,TE,NE,ACTIVE,0.0,35.9,100.53018447,76.9,170.1711349419124,0.4130004959339961,456,468,"{""210"": 15.11764706}","{""41"": 25.0, ""42"": 234.0, ""47"": 41.0, ""48"": 17.0, ""49"": 4.0, ""50"": 2.0, ""53"": 25.0, ""58"": 31.0, ""59"": 142.0, ""60"": 9.36, ""61"": 13.76470588, ""108"": 1.0, ""109"": 1.0, ""155"": 8.0, ""156"": 9.0, ""210"": 17.0, ""213"": 12.0}",2026-08-24T23:49:58-04:00
Ronnie Rivers,4243003,RB,LAR,ACTIVE,0.0,17.6,,7.5,170.22283682338997,0.40501738127656384,326,326,"{""210"": 14.17647059}","{""23"": 32.0, ""24"": 129.0, ""27"": 24.0, ""28"": 11.0, ""29"": 5.0, ""30"": 3.0, ""31"": 1.0, ""33"": 4.0, ""34"": 1.0, ""39"": 4.03125, ""40"": 14.33333333, ""41"": 5.0, ""42"": 22.0, ""47"": 2.0, ""48"": 1.0, ""53"": 5.0, ""58"": 5.0, ""59"": 41.0, ""60"": 4.4, ""61"": 2.44444444, ""114"": 16.0, ""116"": 1.0, ""155"": 6.0, ""156"": 3.0, ""210"": 9.0, ""212"": 4.0}",2026-08-24T23:49:58-04:00
Justyn Ross,4360306,WR,KC,ACTIVE,0.0,8.3,0.0,0.0,169.98064006321613,0.40477707195970686,1120,1120,"{""210"": 14.11764706}","{""41"": 6.0, ""42"": 53.0, ""47"": 9.0, ""48"": 3.0, ""49"": 1.0, ""50"": 1.0, ""53"": 6.0, ""58"": 11.0, ""59"": 15.0, ""60"": 8.83333333, ""61"": 5.3, ""155"": 8.0, ""156"": 2.0, ""210"": 10.0, ""213"": 2.0}",2026-08-24T23:49:58-04:00
Mike Boone,3139033,RB,CAR,ACTIVE,0.0,9.8,13.84670015,24.3,169.8850256815488,0.3940626856750266,1062,1062,"{""210"": 13.17647059}","{""23"": 5.0, ""24"": 23.0, ""27"": 3.0, ""28"": 1.0, ""39"": 4.6, ""40"": 2.3, ""41"": 7.0, ""42"": 40.0, ""47"": 7.0, ""48"": 2.0, ""53"": 7.0, ""58"": 9.0, ""59"": 33.0, ""60"": 5.71428571, ""61"": 4.0, ""66"": 1.0, ""68"": 1.0, ""108"": 2.0, ""109"": 2.0, ""114"": 66.0, ""116"": 5.0, ""117"": 1.0, ""155"": 7.0, ""156"": 3.0, ""210"": 10.0, ""212"": 2.0, ""213"": 2.0}",2026-08-24T23:49:58-04:00
Raheem Blackshear,4259308,RB,CAR,ACTIVE,0.0,14.1,,38.0,169.9221651521138,0.38775219818525064,436,436,"{""210"": 14.17647059}","{""23"": 14.0, ""24"": 46.0, ""26"": 1.0, ""27"": 7.0, ""28"": 1.0, ""33"": 1.0, ""39"": 3.28571429, ""40"": 3.53846154, ""41"": 6.0, ""42"": 45.0, ""47"": 7.0, ""48"": 2.0, ""49"": 1.0, ""50"": 1.0, ""53"": 6.0, ""58"": 7.0, ""59"": 38.0, ""60"": 7.5, ""61"": 3.46153846, ""114"": 430.0, ""116"": 38.0, ""117"": 14.0, ""155"": 2.0, ""156"": 11.0, ""158"": 2.0, ""210"": 13.0, ""212"": 1.0, ""213"": 1.0}",2026-08-24T23:49:58-04:00
Boston Scott,3051439,RB,PHI,ACTIVE,23.10574043,13.8,63.24771173,43.7,169.18303571428572,0.3841205562246641,1927,1927,"{""23"": 23.67237793, ""24"": 100.3329479, ""25"": 1.1532576, ""26"": 0.034516622, ""27"": 20.0, ""28"": 10.0, ""29"": 5.0, ""30"": 4.0, ""31"": 2.0, ""33"": 4.0, ""34"": 2.0, ""35"": 0.043985814, ""36"": 0.03079007, ""37"": 0.026061585, ""38"": 0.000889382, ""39"": 4.23839752, ""40"": 7.077427862, ""42"": 26.03193094, ""43"": 0.14202961, ""44"": 0.010000928, ""45"": 0.040005633, ""46"": 0.026143681, ""47"": 5.0, ""48"": 2.0, ""49"": 1.0, ""50"": 1.0, ""53"": 3.584275133, ""56"": 0.014357397, ""57"": 0.000444043, ""58"": 4.691646462, ""60"": 7.262816044, ""61"": 1.836277286, ""62"": 0.04451755, ""63"": 0.001191935, ""66"": 0.235271498, ""67"": 0.035622859, ""68"": 0.270894357, ""70"": 0.108224889, ""71"": 0.019948801, ""72"": 0.12817369, ""73"": 0.12817369, ""101"": 0.178784, ""114"": 690.7650794, ""116"": 69.0, ""117"": 27.0, ""210"": 14.17647059, ""212"": 7.757691957, ""213"": 0.510830999}","{""23"": 20.0, ""24"": 86.0, ""27"": 13.0, ""28"": 5.0, ""29"": 2.0, ""30"": 1.0, ""33"": 1.0, ""39"": 4.3, ""40"": 5.73333333, ""41"": 4.0, ""42"": 52.0, ""47"": 8.0, ""48"": 3.0, ""49"": 1.0, ""50"": 1.0, ""53"": 4.0, ""58"": 6.0, ""59"": 43.0, ""60"": 13.0, ""61"": 3.46666667, ""68"": 1.0, ""72"": 1.0, ""73"": 1.0, ""107"": 1.0, ""109"": 1.0, ""114"": 170.0, ""116"": 14.0, ""117"": 4.0, ""155"": 9.0, ""156"": 6.0, ""210"": 15.0, ""212"": 5.0, ""213"": 2.0}",2026-08-24T23:49:58-04:00
Mack Hollins,2991662,WR,BUF,ACTIVE,0.0,34.1,67.49819657,125.5,169.88705357142857,0.37804437347926445,2000,1012,"{""210"": 15.11764706}","{""41"": 18.0, ""42"": 251.0, ""47"": 47.0, ""48"": 22.0, ""49"": 10.0, ""50"": 7.0, ""51"": 1.0, ""53"": 18.0, ""58"": 30.0, ""59"": 55.0, ""60"": 13.94444444, ""61"": 19.30769231, ""107"": 1.0, ""108"": 3.0, ""109"": 4.0, ""155"": 5.0, ""156"": 8.0, ""210"": 13.0, ""213"": 9.0}",2026-08-24T23:49:58-04:00
Bo Melton,4259305,WR,GB,ACTIVE,0.0,37.9,0.0,0.0,169.9122876333465,0.37768896504055216,1042,1042,"{""210"": 15.11764706}","{""23"": 3.0, ""24"": 21.0, ""27"": 3.0, ""28"": 1.0, ""39"": 7.0, ""40"": 4.2, ""41"": 16.0, ""42"": 218.0, ""43"": 1.0, ""47"": 42.0, ""48"": 20.0, ""49"": 10.0, ""50"": 7.0, ""51"": 3.0, ""52"": 1.0, ""53"": 16.0, ""54"": 2.0, ""56"": 1.0, ""58"": 24.0, ""59"": 37.0, ""60"": 13.625, ""61"": 43.6, ""108"": 1.0, ""109"": 1.0, ""155"": 4.0, ""156"": 1.0, ""158"": 6.0, ""183"": 1.0, ""210"": 5.0, ""212"": 2.0, ""213"": 13.0}",2026-08-24T23:49:58-04:00
Kyle Juszczyk,16002,RB,SF,ACTIVE,0.0,31.5,41.84027745,44.1,168.4919642857143,0.3661409517640552,432,432,"{""210"": 14.17647059}","{""23"": 5.0, ""24"": 6.0, ""39"": 1.2, ""40"": 0.35294118, ""41"": 14.0, ""42"": 119.0, ""43"": 2.0, ""47"": 21.0, ""48"": 8.0, ""49"": 4.0, ""50"": 3.0, ""53"": 14.0, ""58"": 17.0, ""59"": 58.0, ""60"": 8.5, ""61"": 7.0, ""108"": 1.0, ""109"": 1.0, ""114"": 18.0, ""116"": 1.0, ""155"": 12.0, ""156"": 5.0, ""158"": 12.0, ""183"": 1.0, ""185"": 1.0, ""210"": 17.0, ""212"": 2.0, ""213"": 8.0}",2026-08-24T23:49:58-04:00
Case Keenum,15168,QB,HOU,ACTIVE,0.0,11.5,23.57629056,0.2,170.13902548055432,0.3611812231113021,1024,1024,"{""210"": 4.0}","{""0"": 53.0, ""1"": 34.0, ""2"": 19.0, ""3"": 291.0, ""4"": 1.0, ""5"": 57.0, ""6"": 28.0, ""7"": 14.0, ""8"": 11.0, ""9"": 5.0, ""10"": 2.0, ""11"": 6.0, ""12"": 3.0, ""13"": 3.0, ""14"": 1.0, ""20"": 3.0, ""21"": 0.64150943, ""22"": 145.5, ""23"": 2.0, ""24"": 1.0, ""39"": 0.5, ""40"": 0.5, ""64"": 6.0, ""66"": 1.0, ""68"": 1.0, ""73"": 3.0, ""155"": 1.0, ""156"": 1.0, ""158"": 6.0, ""175"": 1.0, ""210"": 2.0, ""211"": 14.0}",2026-08-24T23:49:58-04:00
Adam Trautman,3911853,TE,DEN,ACTIVE,0.0,49.4,38.19813749,35.7,169.8340576847096,0.3599525143689281,1004,1004,"{""210"": 15.11764706}","{""41"": 22.0, ""42"": 204.0, ""43"": 3.0, ""47"": 35.0, ""48"": 14.0, ""49"": 5.0, ""50"": 3.0, ""53"": 22.0, ""54"": 1.0, ""58"": 35.0, ""59"": 98.0, ""60"": 9.27272727, ""61"": 12.0, ""155"": 8.0, ""156"": 9.0, ""158"": 18.0, ""183"": 2.0, ""184"": 1.0, ""210"": 17.0, ""213"": 10.0}",2026-08-24T23:49:58-04:00
Randall Cobb,14053,WR,NYJ,ACTIVE,64.89377604,14.4,95.72971885,64.7,170.0625,0.3479781842385231,2216,2218,"{""42"": 339.1662328, ""43"": 2.625968164, ""44"": 0.126022683, ""45"": 0.154389125, ""46"": 0.100893293, ""47"": 67.0, ""48"": 33.0, ""49"": 16.0, ""50"": 13.0, ""51"": 6.0, ""53"": 31.34275212, ""54"": 6.0, ""55"": 3.0, ""56"": 0.157234922, ""57"": 0.004862936, ""58"": 44.41390196, ""60"": 10.82120139, ""61"": 22.43512046, ""62"": 0.126022683, ""63"": 0.002758162, ""67"": 0.626855042, ""68"": 0.626855042, ""71"": 0.351038824, ""72"": 0.351038824, ""73"": 0.351038824, ""210"": 15.11764706, ""213"": 16.42101037}","{""41"": 5.0, ""42"": 39.0, ""43"": 1.0, ""44"": 1.0, ""47"": 6.0, ""48"": 2.0, ""53"": 5.0, ""58"": 17.0, ""59"": 23.0, ""60"": 7.8, ""61"": 3.54545455, ""155"": 5.0, ""156"": 6.0, ""158"": 8.0, ""184"": 1.0, ""210"": 11.0, ""213"": 3.0}",2026-08-24T23:49:58-04:00
Tristan Vizcaino,3127313,K,FA,ACTIVE,0.0,0.0,0.0,10.0,169.9801508535133,0.3475420921617437,2307,2307,{},{},2026-08-24T23:49:58-04:00
KaVontae Turpin,3676833,WR,DAL,ACTIVE,21.60800377,53.7,10.91576495,-0.9,169.36191228763334,0.34696899247420204,407,407,"{""23"": 4.950865676, ""24"": 30.07138018, ""25"": 0.249695221, ""26"": 0.009982437, ""27"": 6.0, ""28"": 3.0, ""29"": 1.0, ""30"": 1.0, ""35"": 0.009103966, ""36"": 0.006372776, ""37"": 0.00212831, ""38"": 7.26311e-05, ""39"": 6.073964061, ""40"": 1.989157444, ""42"": 81.61909716, ""43"": 0.569104692, ""44"": 0.031634271, ""45"": 0.149057719, ""46"": 0.097409219, ""47"": 16.0, ""48"": 8.0, ""49"": 4.0, ""50"": 3.0, ""51"": 1.0, ""53"": 6.981513963, ""54"": 1.0, ""56"": 0.037219096, ""57"": 0.001151106, ""58"": 10.79824403, ""60"": 11.69074467, ""61"": 5.398928606, ""62"": 0.041616708, ""63"": 0.001050049, ""66"": 0.099017314, ""67"": 0.139630279, ""68"": 0.238647593, ""70"": 0.045547964, ""71"": 0.078192956, ""72"": 0.123740921, ""73"": 0.123740921, ""101"": 0.178784, ""102"": 0.187824, ""114"": 770.1, ""115"": 258.0, ""116"": 77.0, ""117"": 30.0, ""118"": 25.0, ""119"": 10.0, ""210"": 15.11764706, ""212"": 3.574288649, ""213"": 2.925057433}","{""23"": 11.0, ""24"": 110.0, ""25"": 1.0, ""27"": 19.0, ""28"": 8.0, ""29"": 3.0, ""30"": 1.0, ""39"": 10.0, ""40"": 6.875, ""41"": 12.0, ""42"": 127.0, ""43"": 3.0, ""47"": 22.0, ""48"": 9.0, ""49"": 2.0, ""50"": 2.0, ""53"": 12.0, ""58"": 18.0, ""59"": 39.0, ""60"": 10.58333333, ""61"": 7.9375, ""66"": 1.0, ""68"": 1.0, ""114"": 292.0, ""115"": 79.0, ""116"": 26.0, ""117"": 8.0, ""118"": 5.0, ""155"": 11.0, ""156"": 5.0, ""158"": 24.0, ""179"": 1.0, ""183"": 1.0, ""185"": 1.0, ""186"": 1.0, ""210"": 16.0, ""212"": 5.0, ""213"": 9.0}",2026-08-24T23:49:58-04:00
Jake Bobo,4360405,WR,SEA,ACTIVE,0.0,47.4,,,169.7641248518372,0.334704817379884,1014,1014,"{""210"": 15.11764706}","{""23"": 1.0, ""24"": 3.0, ""25"": 1.0, ""39"": 3.0, ""40"": 0.17647059, ""41"": 19.0, ""42"": 196.0, ""43"": 2.0, ""47"": 32.0, ""48"": 13.0, ""49"": 6.0, ""50"": 3.0, ""51"": 1.0, ""53"": 19.0, ""58"": 25.0, ""59"": 87.0, ""60"": 10.31578947, ""61"": 11.52941176, ""108"": 2.0, ""109"": 2.0, ""155"": 9.0, ""156"": 8.0, ""158"": 18.0, ""179"": 1.0, ""183"": 1.0, ""184"": 1.0, ""210"": 17.0, ""212"": 1.0, ""213"": 9.0}",2026-08-24T23:49:58-04:00
Brandon Johnson,4035198,WR,DEN,ACTIVE,32.72640386,63.9,,11.2,169.9636507309364,0.3043418726074454,1054,1054,"{""42"": 180.6874966, ""43"": 1.277322463, ""44"": 0.070144368, ""45"": 0.165722783, ""46"": 0.108299839, ""47"": 36.0, ""48"": 18.0, ""49"": 9.0, ""50"": 7.0, ""51"": 3.0, ""53"": 14.34972925, ""54"": 2.0, ""55"": 1.0, ""56"": 0.078040676, ""57"": 0.002413629, ""58"": 23.06428118, ""60"": 12.59170075, ""61"": 11.95209121, ""62"": 0.070144368, ""63"": 0.001262776, ""67"": 0.286994585, ""68"": 0.286994585, ""71"": 0.160716968, ""72"": 0.160716968, ""73"": 0.160716968, ""210"": 15.11764706, ""213"": 7.626035863}","{""41"": 19.0, ""42"": 284.0, ""43"": 4.0, ""44"": 1.0, ""45"": 1.0, ""46"": 1.0, ""47"": 53.0, ""48"": 24.0, ""49"": 11.0, ""50"": 8.0, ""51"": 2.0, ""53"": 19.0, ""58"": 30.0, ""59"": 89.0, ""60"": 14.94736842, ""61"": 21.84615385, ""155"": 4.0, ""156"": 9.0, ""158"": 26.0, ""183"": 1.0, ""184"": 1.0, ""185"": 1.0, ""210"": 13.0, ""213"": 12.0}",2026-08-24T23:49:58-04:00
Trey Lance,4383351,QB,DAL,ACTIVE,0.0,0.0,328.74541135,12.3,169.99169303797467,0.30013920969706226,1400,1400,{},{},2026-08-24T23:49:58-04:00
Luke Schoonmaker,4372096,TE,DAL,QUESTIONABLE,32.00950889,22.5,,,169.55077044646384,0.2964295686559816,1031,1031,"{""42"": 161.0771853, ""43"": 1.375787115, ""44"": 0.076489775, ""45"": 0.12354703, ""46"": 0.080737984, ""47"": 32.0, ""48"": 16.0, ""49"": 8.0, ""50"": 6.0, ""51"": 3.0, ""53"": 15.38453765, ""54"": 3.0, ""55"": 1.0, ""56"": 0.061740614, ""57"": 0.001909504, ""58"": 22.2493269, ""60"": 10.47006994, ""61"": 10.65491109, ""62"": 0.076489775, ""63"": 0.000778567, ""67"": 0.176947062, ""68"": 0.176947062, ""71"": 0.099090355, ""72"": 0.099090355, ""73"": 0.099090355, ""210"": 15.11764706, ""213"": 7.361391078}","{""41"": 8.0, ""42"": 65.0, ""43"": 2.0, ""47"": 10.0, ""48"": 5.0, ""49"": 1.0, ""53"": 8.0, ""58"": 15.0, ""59"": 27.0, ""60"": 8.125, ""61"": 3.82352941, ""108"": 2.0, ""109"": 2.0, ""155"": 12.0, ""156"": 5.0, ""158"": 12.0, ""183"": 1.0, ""184"": 1.0, ""210"": 17.0, ""213"": 5.0}",2026-08-24T23:49:58-04:00
Zonovan Knight,4427728,RB,DET,QUESTIONABLE,0.0,2.6,0.0,52.5,169.97945476096405,0.290051104242176,1160,1160,"{""210"": 13.17647059}","{""23"": 3.0, ""24"": 13.0, ""27"": 2.0, ""28"": 1.0, ""39"": 4.33333333, ""40"": 6.5, ""41"": 1.0, ""42"": 8.0, ""47"": 1.0, ""53"": 1.0, ""58"": 1.0, ""59"": 13.0, ""60"": 8.0, ""61"": 4.0, ""114"": 22.0, ""116"": 2.0, ""155"": 2.0, ""210"": 2.0}",2026-08-24T23:49:58-04:00
Josh Oliver,3921690,TE,MIN,ACTIVE,0.0,42.3,3.32064582,33.9,170.1244567364678,0.2847009835936742,1006,1006,"{""210"": 15.11764706}","{""41"": 22.0, ""42"": 213.0, ""43"": 2.0, ""47"": 38.0, ""48"": 17.0, ""49"": 5.0, ""50"": 4.0, ""53"": 22.0, ""58"": 28.0, ""59"": 162.0, ""60"": 9.68181818, ""61"": 12.52941176, ""67"": 1.0, ""68"": 1.0, ""71"": 1.0, ""72"": 1.0, ""73"": 1.0, ""108"": 1.0, ""109"": 1.0, ""155"": 7.0, ""156"": 10.0, ""158"": 12.0, ""183"": 2.0, ""210"": 17.0, ""213"": 12.0}",2026-08-24T23:49:58-04:00
Ty Johnson,3915411,RB,BUF,ACTIVE,0.0,28.9,20.01011583,36.8,169.9312524693797,0.2832082005949932,320,320,"{""210"": 14.17647059}","{""23"": 30.0, ""24"": 132.0, ""27"": 23.0, ""28"": 10.0, ""29"": 3.0, ""30"": 2.0, ""31"": 1.0, ""33"": 4.0, ""39"": 4.4, ""40"": 13.2, ""41"": 7.0, ""42"": 62.0, ""43"": 1.0, ""47"": 10.0, ""48"": 4.0, ""49"": 2.0, ""50"": 1.0, ""53"": 7.0, ""58"": 7.0, ""59"": 60.0, ""60"": 8.85714286, ""61"": 6.2, ""66"": 1.0, ""68"": 1.0, ""107"": 1.0, ""108"": 1.0, ""109"": 2.0, ""114"": 161.0, ""116"": 14.0, ""117"": 3.0, ""155"": 6.0, ""156"": 4.0, ""158"": 6.0, ""185"": 1.0, ""210"": 10.0, ""212"": 8.0, ""213"": 2.0}",2026-08-24T23:49:58-04:00
Darnell Washington,4430802,TE,PIT,ACTIVE,0.0,9.6,,,169.9581193204267,0.2825575206381299,1020,1020,"{""210"": 15.11764706}","{""41"": 7.0, ""42"": 61.0, ""47"": 10.0, ""48"": 3.0, ""53"": 7.0, ""58"": 10.0, ""59"": 50.0, ""60"": 8.71428571, ""61"": 3.58823529, ""155"": 10.0, ""156"": 7.0, ""210"": 17.0, ""213"": 4.0}",2026-08-24T23:49:58-04:00
Quez Watkins,4050373,WR,PHI,ACTIVE,62.55317009,27.7,57.80099909,68.0,169.48715922560254,0.2780276586915792,2345,2349,"{""42"": 350.2170463, ""43"": 2.287542288, ""44"": 0.161061602, ""45"": 0.178435064, ""46"": 0.116607314, ""47"": 70.0, ""48"": 35.0, ""49"": 17.0, ""50"": 14.0, ""51"": 7.0, ""53"": 28.11643154, ""54"": 5.0, ""55"": 2.0, ""56"": 0.168306269, ""57"": 0.005205349, ""58"": 44.27654554, ""60"": 12.45595643, ""61"": 23.16610812, ""62"": 0.161061602, ""63"": 0.0022555, ""67"": 0.512613613, ""68"": 0.512613613, ""71"": 0.287063623, ""72"": 0.287063623, ""73"": 0.287063623, ""210"": 15.11764706, ""213"": 15.851976}","{""41"": 15.0, ""42"": 142.0, ""43"": 1.0, ""47"": 26.0, ""48"": 12.0, ""49"": 5.0, ""50"": 4.0, ""51"": 1.0, ""53"": 15.0, ""54"": 1.0, ""58"": 21.0, ""59"": 46.0, ""60"": 9.46666667, ""61"": 15.77777778, ""108"": 1.0, ""109"": 1.0, ""114"": 11.0, ""116"": 1.0, ""155"": 5.0, ""156"": 4.0, ""158"": 6.0, ""184"": 1.0, ""210"": 9.0, ""213"": 8.0}",2026-08-24T23:49:58-04:00
Terrace Marshall Jr.,4362630,WR,CAR,ACTIVE,0.0,23.4,28.14215764,69.0,169.89806400632162,0.272074013657282,1089,1089,"{""210"": 14.11764706}","{""41"": 19.0, ""42"": 139.0, ""47"": 26.0, ""48"": 11.0, ""49"": 4.0, ""50"": 3.0, ""51"": 1.0, ""53"": 19.0, ""54"": 2.0, ""58"": 33.0, ""59"": 48.0, ""60"": 7.31578947, ""61"": 15.44444444, ""67"": 1.0, ""68"": 1.0, ""108"": 1.0, ""109"": 1.0, ""155"": 1.0, ""156"": 8.0, ""210"": 9.0, ""213"": 8.0}",2026-08-24T23:49:58-04:00
Jalen Tolbert,4249417,WR,DAL,ACTIVE,0.0,47.8,17.51826092,2.2,169.5491900434611,0.267966272327794,294,294,"{""210"": 15.11764706}","{""41"": 22.0, ""42"": 268.0, ""43"": 2.0, ""47"": 48.0, ""48"": 21.0, ""49"": 8.0, ""50"": 6.0, ""51"": 2.0, ""53"": 22.0, ""58"": 36.0, ""59"": 34.0, ""60"": 12.18181818, ""61"": 15.76470588, ""68"": 1.0, ""72"": 1.0, ""73"": 1.0, ""108"": 4.0, ""109"": 4.0, ""155"": 12.0, ""156"": 5.0, ""158"": 12.0, ""183"": 2.0, ""210"": 17.0, ""213"": 13.0}",2026-08-24T23:49:58-04:00
Harrison Bryant,4040774,TE,LV,ACTIVE,0.0,31.4,57.24740612,46.2,170.13117344922955,0.25505192128397564,1002,1002,"{""210"": 15.11764706}","{""23"": 5.0, ""24"": 8.0, ""39"": 1.6, ""40"": 0.47058824, ""41"": 13.0, ""42"": 81.0, ""43"": 3.0, ""47"": 13.0, ""48"": 5.0, ""49"": 2.0, ""50"": 1.0, ""53"": 13.0, ""54"": 1.0, ""58"": 20.0, ""59"": 35.0, ""60"": 6.23076923, ""61"": 4.76470588, ""66"": 1.0, ""68"": 1.0, ""70"": 1.0, ""72"": 1.0, ""73"": 1.0, ""107"": 1.0, ""108"": 6.0, ""109"": 7.0, ""155"": 11.0, ""156"": 6.0, ""158"": 18.0, ""183"": 3.0, ""210"": 17.0, ""212"": 4.0, ""213"": 5.0}",2026-08-24T23:49:58-04:00
Ronald Jones,3912550,RB,FA,ACTIVE,53.2794219,0.0,36.66858365,15.7,170.0,0.2534997612649031,2130,2130,"{""23"": 70.01219833, ""24"": 304.8790365, ""25"": 2.604752108, ""26"": 0.104124281, ""27"": 60.0, ""28"": 30.0, ""29"": 15.0, ""30"": 12.0, ""31"": 6.0, ""33"": 14.0, ""34"": 7.0, ""35"": 0.133961542, ""36"": 0.093773079, ""37"": 0.272325596, ""38"": 0.009293428, ""39"": 4.354655956, ""40"": 24.6806839, ""42"": 40.93846617, ""43"": 0.145901445, ""44"": 0.008110211, ""45"": 0.038039914, ""46"": 0.024859084, ""47"": 8.0, ""48"": 4.0, ""49"": 2.0, ""50"": 1.0, ""53"": 5.386751555, ""54"": 1.0, ""56"": 0.021066707, ""57"": 0.000651548, ""58"": 7.350232347, ""60"": 7.599843014, ""61"": 3.314066309, ""62"": 0.112234492, ""63"": 0.003410098, ""66"": 0.719652028, ""67"": 0.055370161, ""68"": 0.775022189, ""70"": 0.331039933, ""71"": 0.03100729, ""72"": 0.362047223, ""73"": 0.362047223, ""210"": 12.35294118, ""212"": 18.3178763, ""213"": 1.401951855}",{},2026-08-24T23:49:58-04:00
Deonte Harty,4411193,WR,BUF,ACTIVE,77.30100209,32.5,30.84336742,0.3,169.97984986171474,0.25052241782709905,2238,2239,"{""23"": 3.860523068, ""24"": 24.28260558, ""25"": 0.130045522, ""26"": 0.006297087, ""27"": 4.0, ""28"": 2.0, ""29"": 1.0, ""35"": 0.007094765, ""36"": 0.004966335, ""37"": 0.00135164, ""38"": 4.61263e-05, ""39"": 6.289978106, ""40"": 1.606242392, ""42"": 420.4667579, ""43"": 2.247518804, ""44"": 0.111759883, ""45"": 0.178554459, ""46"": 0.116685339, ""47"": 84.0, ""48"": 42.0, ""49"": 21.0, ""50"": 16.0, ""51"": 8.0, ""53"": 36.27071917, ""54"": 7.0, ""55"": 3.0, ""56"": 0.250131629, ""57"": 0.00773603, ""58"": 53.19399992, ""60"": 11.59245715, ""61"": 27.8129762, ""62"": 0.118056969, ""63"": 0.003531549, ""66"": 0.077210461, ""67"": 0.725414383, ""68"": 0.802624845, ""70"": 0.035516812, ""71"": 0.406232055, ""72"": 0.441748867, ""73"": 0.441748867, ""101"": 0.178784, ""114"": 779.8481013, ""116"": 77.0, ""117"": 31.0, ""210"": 15.11764706, ""212"": 3.223387962, ""213"": 19.63145234}","{""23"": 4.0, ""24"": 0.0, ""39"": 0.0, ""40"": 0.0, ""41"": 15.0, ""42"": 150.0, ""43"": 1.0, ""47"": 27.0, ""48"": 12.0, ""49"": 4.0, ""50"": 3.0, ""51"": 1.0, ""53"": 15.0, ""58"": 21.0, ""59"": 79.0, ""60"": 10.0, ""61"": 9.375, ""68"": 2.0, ""72"": 1.0, ""73"": 1.0, ""102"": 1.0, ""105"": 1.0, ""108"": 1.0, ""109"": 1.0, ""114"": 7.0, ""115"": 323.0, ""118"": 25.0, ""119"": 7.0, ""155"": 11.0, ""156"": 5.0, ""158"": 12.0, ""183"": 1.0, ""210"": 16.0, ""213"": 9.0}",2026-08-24T23:49:58-04:00
Derius Davis,4362477,WR,LAC,ACTIVE,0.0,28.2,,,170.20505728960885,0.2446880079062208,288,288,"{""210"": 15.11764706}","{""23"": 14.0, ""24"": 101.0, ""27"": 18.0, ""28"": 8.0, ""29"": 2.0, ""30"": 2.0, ""31"": 1.0, ""39"": 7.21428571, ""40"": 5.94117647, ""41"": 15.0, ""42"": 66.0, ""47"": 11.0, ""48"": 3.0, ""53"": 15.0, ""58"": 17.0, ""59"": 115.0, ""60"": 4.4, ""61"": 3.88235294, ""68"": 3.0, ""72"": 1.0, ""73"": 1.0, ""102"": 1.0, ""105"": 1.0, ""114"": 374.0, ""115"": 385.0, ""116"": 33.0, ""117"": 10.0, ""118"": 33.0, ""119"": 10.0, ""155"": 5.0, ""156"": 12.0, ""158"": 6.0, ""210"": 17.0, ""212"": 5.0}",2026-08-24T23:49:58-04:00
Xavier Hutchinson,4686422,WR,HOU,ACTIVE,7.26207054,17.9,,,170.03871987356777,0.24141359417511565,1102,1102,"{""42"": 41.20003812, ""43"": 0.227981651, ""44"": 0.013137629, ""45"": 0.112013905, ""46"": 0.073201087, ""47"": 8.0, ""48"": 4.0, ""49"": 2.0, ""50"": 1.0, ""53"": 3.581030883, ""56"": 0.021462737, ""57"": 0.000663796, ""58"": 5.814186205, ""60"": 11.50507758, ""61"": 2.725294351, ""62"": 0.013137629, ""63"": 0.000167412, ""67"": 0.038048104, ""68"": 0.038048104, ""71"": 0.021306938, ""72"": 0.021306938, ""73"": 0.021306938, ""210"": 15.11764706, ""213"": 0.895885552}","{""23"": 5.0, ""24"": 49.0, ""27"": 9.0, ""28"": 3.0, ""39"": 9.8, ""40"": 3.0625, ""41"": 8.0, ""42"": 90.0, ""47"": 15.0, ""48"": 5.0, ""49"": 1.0, ""50"": 1.0, ""53"": 8.0, ""58"": 19.0, ""59"": 20.0, ""60"": 11.25, ""61"": 5.625, ""108"": 2.0, ""109"": 2.0, ""155"": 9.0, ""156"": 7.0, ""210"": 16.0, ""212"": 3.0, ""213"": 3.0}",2026-08-24T23:49:58-04:00
Deven Thompkins,4374187,WR,TB,ACTIVE,58.22061313,26.4,0.0,8.3,170.1465823785065,0.2401635064586361,996,996,"{""42"": 334.1598953, ""43"": 1.498711368, ""44"": 0.08259076, ""45"": 0.141497613, ""46"": 0.09246869, ""47"": 66.0, ""48"": 33.0, ""49"": 16.0, ""50"": 13.0, ""51"": 6.0, ""53"": 27.01058181, ""54"": 5.0, ""55"": 2.0, ""56"": 0.152536672, ""57"": 0.004717629, ""58"": 44.72471636, ""60"": 12.37144381, ""61"": 22.10396194, ""62"": 0.08259076, ""63"": 0.002376931, ""67"": 0.540211636, ""68"": 0.540211636, ""71"": 0.302518516, ""72"": 0.302518516, ""73"": 0.302518516, ""101"": 0.22046, ""102"": 0.23736, ""114"": 680.104, ""115"": 211.56, ""116"": 68.0, ""117"": 27.0, ""118"": 21.0, ""119"": 8.0, ""210"": 15.11764706, ""213"": 14.83455787}","{""23"": 8.0, ""24"": 56.0, ""27"": 10.0, ""28"": 3.0, ""39"": 7.0, ""40"": 3.29411765, ""41"": 17.0, ""42"": 83.0, ""43"": 1.0, ""47"": 15.0, ""48"": 6.0, ""49"": 2.0, ""50"": 1.0, ""53"": 17.0, ""58"": 25.0, ""59"": 84.0, ""60"": 4.88235294, ""61"": 4.88235294, ""67"": 1.0, ""68"": 3.0, ""71"": 1.0, ""72"": 1.0, ""73"": 1.0, ""107"": 1.0, ""108"": 1.0, ""109"": 2.0, ""114"": 327.0, ""115"": 234.0, ""116"": 29.0, ""117"": 10.0, ""118"": 18.0, ""119"": 4.0, ""155"": 9.0, ""156"": 8.0, ""158"": 6.0, ""183"": 1.0, ""210"": 17.0, ""212"": 4.0, ""213"": 5.0}",2026-08-24T23:49:58-04:00
Ke'Shawn Vaughn,3917612,RB,NE,ACTIVE,0.0,5.4,51.15553359,8.7,169.3413670485974,0.2398074396269292,1348,1348,{},"{""23"": 24.0, ""24"": 42.0, ""27"": 6.0, ""28"": 1.0, ""33"": 2.0, ""39"": 1.75, ""40"": 7.0, ""41"": 2.0, ""42"": 2.0, ""53"": 2.0, ""58"": 5.0, ""59"": 1.0, ""60"": 1.0, ""61"": 0.33333333, ""155"": 1.0, ""156"": 5.0, ""210"": 6.0}",2026-08-24T23:49:58-04:00
Gary Brightwell,4245645,RB,NYG,QUESTIONABLE,0.0,9.1,27.75366581,26.5,170.03832477281708,0.23855720223066165,357,357,"{""210"": 14.17647059}","{""23"": 9.0, ""24"": 19.0, ""27"": 3.0, ""39"": 2.11111111, ""40"": 2.71428571, ""41"": 5.0, ""42"": 47.0, ""47"": 9.0, ""48"": 4.0, ""49"": 1.0, ""50"": 1.0, ""53"": 5.0, ""58"": 7.0, ""59"": 53.0, ""60"": 9.4, ""61"": 6.71428571, ""108"": 2.0, ""109"": 2.0, ""155"": 2.0, ""156"": 5.0, ""210"": 7.0, ""213"": 2.0}",2026-08-24T23:49:58-04:00
Tony Jones Jr.,4046676,RB,ARI,ACTIVE,0.0,28.7,14.5600749,7.9,169.88344527854602,0.2368871163533077,1384,1386,{},"{""23"": 26.0, ""24"": 95.0, ""25"": 2.0, ""27"": 17.0, ""28"": 8.0, ""29"": 2.0, ""30"": 2.0, ""33"": 3.0, ""34"": 1.0, ""39"": 3.65384615, ""40"": 13.57142857, ""41"": 7.0, ""42"": 37.0, ""47"": 7.0, ""48"": 3.0, ""49"": 1.0, ""53"": 7.0, ""58"": 10.0, ""59"": 44.0, ""60"": 5.28571429, ""61"": 5.28571429, ""108"": 1.0, ""109"": 1.0, ""155"": 3.0, ""156"": 4.0, ""158"": 12.0, ""179"": 2.0, ""210"": 7.0, ""212"": 7.0, ""213"": 1.0}",2026-08-24T23:49:58-04:00
Trevor Siemian,2511109,QB,NYJ,ACTIVE,0.0,30.8,16.90625137,12.0,170.16584711667412,0.22936956783766077,2225,2225,{},"{""0"": 153.0, ""1"": 86.0, ""2"": 67.0, ""3"": 724.0, ""4"": 2.0, ""5"": 144.0, ""6"": 71.0, ""7"": 34.0, ""8"": 26.0, ""9"": 13.0, ""10"": 5.0, ""11"": 15.0, ""12"": 6.0, ""13"": 11.0, ""14"": 5.0, ""20"": 4.0, ""21"": 0.5620915, ""22"": 144.8, ""23"": 11.0, ""24"": 40.0, ""27"": 6.0, ""28"": 2.0, ""39"": 3.63636364, ""40"": 8.0, ""64"": 8.0, ""65"": 4.0, ""66"": 1.0, ""68"": 5.0, ""69"": 2.0, ""70"": 1.0, ""72"": 3.0, ""73"": 7.0, ""155"": 2.0, ""156"": 3.0, ""158"": 12.0, ""175"": 1.0, ""177"": 1.0, ""210"": 5.0, ""211"": 35.0, ""212"": 5.0}",2026-08-24T23:49:58-04:00
Israel Abanikanda,4429202,RB,NYJ,ACTIVE,0.0,12.8,,,170.13551955748716,0.22504259734878387,239,239,"{""210"": 14.17647059}","{""23"": 22.0, ""24"": 70.0, ""27"": 12.0, ""28"": 5.0, ""29"": 2.0, ""30"": 1.0, ""33"": 1.0, ""39"": 3.18181818, ""40"": 11.66666667, ""41"": 7.0, ""42"": 43.0, ""47"": 8.0, ""48"": 3.0, ""49"": 1.0, ""50"": 1.0, ""53"": 7.0, ""58"": 11.0, ""59"": 46.0, ""60"": 6.14285714, ""61"": 7.16666667, ""68"": 1.0, ""72"": 1.0, ""73"": 1.0, ""114"": 31.0, ""116"": 2.0, ""155"": 3.0, ""156"": 3.0, ""210"": 6.0, ""212"": 3.0, ""213"": 2.0}",2026-08-24T23:49:58-04:00
Le'Veon Bell,15825,RB,TB,ACTIVE,0.0,0.0,0.0,0.0,169.76116071428572,0.2227803969920479,2078,2079,{},{},2026-08-24T23:49:58-04:00
Jeff Driskel,2574630,QB,CLE,ACTIVE,0.0,17.9,0.0,18.2,170.26240500670542,0.22017691722481617,1932,1932,{},"{""0"": 26.0, ""1"": 13.0, ""2"": 13.0, ""3"": 166.0, ""4"": 2.0, ""5"": 33.0, ""6"": 16.0, ""7"": 8.0, ""8"": 6.0, ""9"": 3.0, ""10"": 1.0, ""11"": 2.0, ""12"": 1.0, ""13"": 2.0, ""14"": 1.0, ""20"": 2.0, ""21"": 0.5, ""22"": 166.0, ""23"": 7.0, ""24"": 33.0, ""27"": 6.0, ""28"": 3.0, ""29"": 1.0, ""30"": 1.0, ""33"": 1.0, ""39"": 4.71428571, ""40"": 33.0, ""64"": 3.0, ""73"": 2.0, ""156"": 1.0, ""158"": 12.0, ""177"": 1.0, ""178"": 1.0, ""210"": 1.0, ""211"": 8.0, ""212"": 4.0}",2026-08-24T23:49:58-04:00
Ronnie Bell,4372063,WR,SF,ACTIVE,0.0,27.8,,,169.36151718688265,0.22010026856162063,1159,1159,"{""210"": 15.11764706}","{""41"": 6.0, ""42"": 68.0, ""43"": 3.0, ""47"": 12.0, ""48"": 5.0, ""49"": 2.0, ""53"": 6.0, ""58"": 13.0, ""59"": 10.0, ""60"": 11.33333333, ""61"": 4.0, ""68"": 1.0, ""96"": 1.0, ""107"": 1.0, ""108"": 2.0, ""109"": 3.0, ""115"": 70.0, ""118"": 4.0, ""119"": 1.0, ""155"": 12.0, ""156"": 5.0, ""158"": 18.0, ""183"": 2.0, ""184"": 1.0, ""210"": 17.0, ""213"": 5.0}",2026-08-24T23:49:58-04:00
Mason Crosby,10636,K,FA,ACTIVE,0.0,21.0,125.25892726,116.0,169.65011185682326,0.21744070453238304,2221,2223,{},"{""74"": 1.0, ""75"": 2.0, ""76"": 1.0, ""78"": 1.0, ""79"": 1.0, ""80"": 4.0, ""81"": 4.0, ""83"": 5.0, ""84"": 7.0, ""85"": 2.0, ""86"": 6.0, ""87"": 7.0, ""88"": 1.0, ""155"": 1.0, ""156"": 2.0, ""158"": 21.0, ""198"": 1.0, ""199"": 2.0, ""200"": 1.0, ""210"": 3.0, ""214"": 160.0, ""215"": 144.0, ""216"": 304.0, ""217"": 31.0, ""218"": 15.0, ""219"": 7.0, ""220"": 5.0, ""221"": 2.0, ""223"": 28.0, ""224"": 13.0, ""225"": 6.0, ""226"": 4.0, ""227"": 1.0, ""229"": 60.0, ""230"": 30.0, ""231"": 14.0, ""232"": 11.0, ""233"": 5.0, ""234"": 1.0}",2026-08-24T23:49:58-04:00
Tre Tucker,4428718,WR,LV,ACTIVE,0.0,62.3,,,169.93283287238245,0.21307503170227843,328,328,"{""210"": 15.11764706}","{""23"": 10.0, ""24"": 77.0, ""27"": 13.0, ""28"": 5.0, ""29"": 1.0, ""30"": 1.0, ""39"": 7.7, ""40"": 4.8125, ""41"": 19.0, ""42"": 331.0, ""43"": 2.0, ""47"": 64.0, ""48"": 29.0, ""49"": 11.0, ""50"": 11.0, ""51"": 4.0, ""53"": 19.0, ""54"": 1.0, ""58"": 34.0, ""59"": 28.0, ""60"": 17.42105263, ""61"": 20.6875, ""107"": 1.0, ""108"": 4.0, ""109"": 5.0, ""155"": 7.0, ""156"": 9.0, ""158"": 12.0, ""185"": 1.0, ""186"": 1.0, ""210"": 16.0, ""212"": 4.0, ""213"": 12.0}",2026-08-24T23:49:58-04:00
Hendon Hooker,4240858,QB,DET,ACTIVE,0.0,0.0,,,170.17879746835442,0.19876018041767685,1033,1033,"{""210"": 4.0}",{},2026-08-24T23:49:58-04:00
Jimmy Graham,13232,TE,NO,ACTIVE,18.23787438,30.9,0.0,0.0,170.0,0.19480156079392352,2220,2222,"{""42"": 108.1616484, ""43"": 0.483747801, ""44"": 0.02621118, ""45"": 0.168325675, ""46"": 0.110000829, ""47"": 21.0, ""48"": 10.0, ""49"": 5.0, ""50"": 4.0, ""51"": 2.0, ""53"": 9.17414753, ""54"": 1.0, ""56"": 0.045882428, ""57"": 0.001419044, ""58"": 13.86936223, ""60"": 11.78983094, ""61"": 7.154661567, ""62"": 0.02621118, ""63"": 0.000472503, ""67"": 0.107386953, ""68"": 0.107386953, ""71"": 0.060136694, ""72"": 0.060136694, ""73"": 0.060136694, ""210"": 15.11764706, ""213"": 4.121866624}","{""41"": 6.0, ""42"": 39.0, ""43"": 4.0, ""47"": 6.0, ""48"": 1.0, ""53"": 6.0, ""58"": 7.0, ""59"": 3.0, ""60"": 6.5, ""61"": 3.0, ""155"": 7.0, ""156"": 6.0, ""158"": 24.0, ""183"": 4.0, ""210"": 13.0, ""213"": 6.0}",2026-08-24T23:49:58-04:00
Cam Newton,13994,QB,CAR,,0.0,0.0,0.0,0.0,169.69646848457757,0.19303176222783117,2214,2216,{},{},2026-08-24T23:49:58-04:00
Ty Montgomery II,2577134,RB,FA,ACTIVE,41.11900683,7.4,51.80102474,8.8,170.20491071428572,0.1905122517238382,2185,2186,"{""23"": 31.62054735, ""24"": 130.9523261, ""25"": 0.80745944, ""26"": 0.034763413, ""27"": 26.0, ""28"": 13.0, ""29"": 6.0, ""30"": 5.0, ""31"": 2.0, ""33"": 6.0, ""34"": 3.0, ""35"": 0.059052266, ""36"": 0.041336586, ""37"": 0.046427475, ""38"": 0.00158, ""39"": 4.141368099, ""40"": 9.237301009, ""42"": 121.3070579, ""43"": 0.533331476, ""44"": 0.029353811, ""45"": 0.039388754, ""46"": 0.025740551, ""47"": 24.0, ""48"": 12.0, ""49"": 6.0, ""50"": 4.0, ""51"": 2.0, ""53"": 16.34482063, ""54"": 3.0, ""55"": 1.0, ""56"": 0.04985451, ""57"": 0.001541892, ""58"": 22.43381295, ""60"": 7.421742985, ""61"": 8.556929393, ""62"": 0.064117224, ""63"": 0.002014078, ""66"": 0.30176241, ""67"": 0.155982514, ""68"": 0.457744924, ""70"": 0.138810709, ""71"": 0.087350208, ""72"": 0.226160917, ""73"": 0.226160917, ""210"": 14.17647059, ""212"": 8.894766797, ""213"": 6.139073852}","{""23"": 3.0, ""24"": 9.0, ""27"": 1.0, ""39"": 3.0, ""40"": 0.69230769, ""41"": 5.0, ""42"": 40.0, ""47"": 6.0, ""48"": 1.0, ""53"": 5.0, ""58"": 12.0, ""59"": 27.0, ""60"": 8.0, ""61"": 3.07692308, ""107"": 1.0, ""108"": 7.0, ""109"": 8.0, ""114"": 219.0, ""116"": 20.0, ""117"": 3.0, ""155"": 3.0, ""156"": 10.0, ""210"": 13.0, ""213"": 3.0}",2026-08-24T23:49:58-04:00
Sterling Shepard,2976592,WR,NYG,ACTIVE,42.84899132,15.3,104.48148706,27.9,169.83214285714286,0.18711797243418277,2191,2192,"{""23"": 4.312734388, ""24"": 27.6283489, ""25"": 0.220884899, ""26"": 0.008461148, ""27"": 5.0, ""28"": 2.0, ""29"": 1.0, ""30"": 1.0, ""35"": 0.007927977, ""36"": 0.005549584, ""37"": 0.001798626, ""38"": 6.13802e-05, ""39"": 6.406225475, ""40"": 2.08747525, ""42"": 214.6444695, ""43"": 1.02280156, ""44"": 0.059141314, ""45"": 0.060774421, ""46"": 0.039716084, ""47"": 42.0, ""48"": 21.0, ""49"": 10.0, ""50"": 8.0, ""51"": 4.0, ""53"": 22.95017441, ""54"": 4.0, ""55"": 2.0, ""56"": 0.083618219, ""57"": 0.00258613, ""58"": 34.96887305, ""60"": 9.35262912, ""61"": 16.21758214, ""62"": 0.067602462, ""63"": 0.001822083, ""66"": 0.065508267, ""67"": 0.348601608, ""68"": 0.414109875, ""70"": 0.030133803, ""71"": 0.195216901, ""72"": 0.225350703, ""73"": 0.225350703, ""210"": 13.23529412, ""212"": 3.431552258, ""213"": 10.41868348}","{""23"": 1.0, ""24"": 6.0, ""27"": 1.0, ""39"": 6.0, ""40"": 0.4, ""41"": 10.0, ""42"": 57.0, ""43"": 1.0, ""47"": 8.0, ""48"": 2.0, ""53"": 10.0, ""58"": 22.0, ""59"": 33.0, ""60"": 5.7, ""61"": 3.8, ""68"": 1.0, ""72"": 1.0, ""73"": 1.0, ""108"": 1.0, ""109"": 1.0, ""115"": 10.0, ""118"": 1.0, ""155"": 5.0, ""156"": 10.0, ""158"": 6.0, ""183"": 1.0, ""210"": 15.0, ""213"": 4.0}",2026-08-24T23:49:58-04:00
Tim Boyle,3045169,QB,HOU,ACTIVE,0.0,12.5,,,169.8202950379973,0.18509490738392634,1154,1319,{},"{""0"": 77.0, ""1"": 48.0, ""2"": 29.0, ""3"": 360.0, ""4"": 1.0, ""5"": 70.0, ""6"": 34.0, ""7"": 16.0, ""8"": 13.0, ""9"": 5.0, ""10"": 2.0, ""11"": 8.0, ""12"": 3.0, ""13"": 5.0, ""14"": 2.0, ""20"": 4.0, ""21"": 0.62337662, ""22"": 90.0, ""23"": 4.0, ""24"": 5.0, ""39"": 1.25, ""40"": 1.25, ""64"": 9.0, ""65"": 1.0, ""66"": 1.0, ""68"": 2.0, ""73"": 4.0, ""156"": 4.0, ""158"": 6.0, ""175"": 1.0, ""210"": 4.0, ""211"": 16.0, ""212"": 3.0}",2026-08-24T23:49:58-04:00
Tommy Tremble,4372780,TE,CAR,ACTIVE,0.0,48.9,72.18550631,42.9,170.17147372580007,0.18366845135643764,417,418,"{""210"": 15.11764706}","{""41"": 23.0, ""42"": 194.0, ""43"": 3.0, ""47"": 34.0, ""48"": 14.0, ""49"": 4.0, ""50"": 4.0, ""51"": 1.0, ""53"": 23.0, ""58"": 32.0, ""59"": 95.0, ""60"": 8.43478261, ""61"": 12.125, ""107"": 1.0, ""108"": 3.0, ""109"": 4.0, ""155"": 2.0, ""156"": 14.0, ""158"": 18.0, ""183"": 3.0, ""210"": 16.0, ""213"": 10.0}",2026-08-24T23:49:58-04:00
Jeremy Ruckert,4361372,TE,NYJ,QUESTIONABLE,0.0,23.1,7.71902473,1.3,170.14855788225998,0.17634542269914472,466,466,"{""210"": 15.11764706}","{""41"": 16.0, ""42"": 151.0, ""47"": 27.0, ""48"": 10.0, ""49"": 3.0, ""50"": 3.0, ""53"": 16.0, ""58"": 22.0, ""59"": 51.0, ""60"": 9.4375, ""61"": 10.06666667, ""107"": 1.0, ""108"": 1.0, ""109"": 2.0, ""155"": 6.0, ""156"": 9.0, ""210"": 15.0, ""213"": 6.0}",2026-08-24T23:49:58-04:00
Richie James,3122899,WR,KC,ACTIVE,21.88473975,14.4,5.4485763,104.0,169.90003951007506,0.17020886455387,1894,1894,"{""42"": 93.36583099, ""43"": 0.853298745, ""44"": 0.039714184, ""45"": 0.132802232, ""46"": 0.086786258, ""47"": 18.0, ""48"": 9.0, ""49"": 4.0, ""50"": 3.0, ""51"": 1.0, ""53"": 9.376416869, ""54"": 1.0, ""56"": 0.04117569, ""57"": 0.001273475, ""58"": 12.69609271, ""60"": 9.957517066, ""61"": 6.17594991, ""62"": 0.039714184, ""63"": 0.000825125, ""67"": 0.187528337, ""68"": 0.187528337, ""71"": 0.105015869, ""72"": 0.105015869, ""73"": 0.105015869, ""101"": 0.290635852, ""102"": 0.187824, ""114"": 656.5703704, ""115"": 189.6144578, ""116"": 65.0, ""117"": 26.0, ""118"": 18.0, ""119"": 7.0, ""210"": 15.11764706, ""213"": 3.911075005}","{""41"": 10.0, ""42"": 114.0, ""47"": 20.0, ""48"": 8.0, ""49"": 2.0, ""50"": 2.0, ""51"": 1.0, ""53"": 10.0, ""58"": 14.0, ""59"": 61.0, ""60"": 11.4, ""61"": 12.66666667, ""68"": 2.0, ""72"": 1.0, ""73"": 1.0, ""108"": 1.0, ""109"": 1.0, ""114"": 187.0, ""115"": 200.0, ""116"": 16.0, ""117"": 5.0, ""118"": 16.0, ""119"": 3.0, ""155"": 5.0, ""156"": 4.0, ""210"": 9.0, ""213"": 5.0}",2026-08-24T23:49:58-04:00
Chris Evans,4046530,RB,CIN,ACTIVE,0.0,1.6,48.51488733,11.3,169.91307783484788,0.16532891344909334,1070,1070,"{""210"": 14.17647059}","{""23"": 2.0, ""24"": 12.0, ""27"": 2.0, ""28"": 1.0, ""39"": 6.0, ""40"": 1.5, ""41"": 1.0, ""42"": -1.0, ""53"": 1.0, ""58"": 1.0, ""60"": -1.0, ""61"": -0.125, ""108"": 2.0, ""109"": 2.0, ""114"": 45.0, ""116"": 4.0, ""117"": 1.0, ""155"": 4.0, ""156"": 4.0, ""210"": 8.0}",2026-08-24T23:49:58-04:00
Sean Tucker,4430871,RB,TB,ACTIVE,0.0,4.2,,,170.14381667325168,0.16479319585087882,404,404,"{""210"": 13.17647059}","{""23"": 15.0, ""24"": 23.0, ""27"": 4.0, ""28"": 1.0, ""33"": 2.0, ""39"": 1.53333333, ""40"": 2.09090909, ""41"": 2.0, ""42"": 9.0, ""47"": 1.0, ""53"": 2.0, ""58"": 2.0, ""59"": 12.0, ""60"": 4.5, ""61"": 0.81818182, ""108"": 1.0, ""109"": 1.0, ""155"": 6.0, ""156"": 5.0, ""210"": 11.0, ""212"": 1.0}",2026-08-24T23:49:58-04:00
Robert Tonyan,2975674,TE,CHI,ACTIVE,22.57849546,16.7,99.07405012,85.5,170.19034852546918,0.16158051222332165,1895,1895,"{""42"": 111.4312532, ""43"": 0.811416809, ""44"": 0.047655527, ""45"": 0.090741288, ""46"": 0.059299431, ""47"": 22.0, ""48"": 11.0, ""49"": 5.0, ""50"": 4.0, ""51"": 2.0, ""53"": 13.11286894, ""54"": 2.0, ""55"": 1.0, ""56"": 0.046789051, ""57"": 0.001447084, ""58"": 16.50608628, ""60"": 8.497854571, ""61"": 7.623063602, ""62"": 0.047655527, ""63"": 0.000333442, ""67"": 0.075782359, ""68"": 0.075782359, ""71"": 0.042438121, ""72"": 0.042438121, ""73"": 0.042438121, ""210"": 14.61764706, ""213"": 5.243782958}","{""41"": 11.0, ""42"": 112.0, ""47"": 20.0, ""48"": 9.0, ""49"": 2.0, ""50"": 1.0, ""53"": 11.0, ""58"": 17.0, ""59"": 57.0, ""60"": 10.18181818, ""61"": 6.58823529, ""107"": 1.0, ""108"": 1.0, ""109"": 2.0, ""155"": 7.0, ""156"": 10.0, ""210"": 17.0, ""213"": 6.0}",2026-08-24T23:49:58-04:00
Jack Stoll,4034862,TE,NYG,ACTIVE,0.0,6.3,9.8195835,17.8,169.13512445673646,0.16044942509095605,1137,1137,"{""210"": 14.11764706}","{""41"": 5.0, ""42"": 38.0, ""47"": 5.0, ""48"": 2.0, ""53"": 5.0, ""58"": 8.0, ""59"": 25.0, ""60"": 7.6, ""61"": 2.23529412, ""107"": 1.0, ""108"": 1.0, ""109"": 2.0, ""155"": 11.0, ""156"": 6.0, ""210"": 17.0, ""213"": 2.0}",2026-08-24T23:49:58-04:00
Ray-Ray McCloud III,3728262,WR,ATL,ACTIVE,0.0,22.5,12.34855361,51.1,169.32832872382457,0.15705288300393705,1043,1043,"{""210"": 15.11764706}","{""23"": 3.0, ""24"": 30.0, ""27"": 5.0, ""28"": 2.0, ""29"": 1.0, ""39"": 10.0, ""40"": 2.5, ""41"": 12.0, ""42"": 135.0, ""47"": 24.0, ""48"": 12.0, ""49"": 6.0, ""50"": 1.0, ""53"": 12.0, ""58"": 15.0, ""59"": 87.0, ""60"": 11.25, ""61"": 11.25, ""68"": 1.0, ""108"": 1.0, ""109"": 1.0, ""114"": 225.0, ""115"": 203.0, ""116"": 20.0, ""117"": 5.0, ""118"": 17.0, ""119"": 2.0, ""155"": 8.0, ""156"": 4.0, ""210"": 12.0, ""212"": 2.0, ""213"": 7.0}",2026-08-24T23:49:58-04:00
Andrei Iosivas,4368003,WR,CIN,ACTIVE,0.0,43.1,,,169.95140260766496,0.1560406979859379,285,285,"{""210"": 15.11764706}","{""41"": 15.0, ""42"": 116.0, ""43"": 4.0, ""47"": 20.0, ""48"": 7.0, ""49"": 2.0, ""50"": 2.0, ""53"": 15.0, ""54"": 1.0, ""58"": 25.0, ""59"": 35.0, ""60"": 7.73333333, ""61"": 7.25, ""107"": 1.0, ""108"": 3.0, ""109"": 4.0, ""155"": 9.0, ""156"": 7.0, ""158"": 24.0, ""183"": 4.0, ""210"": 16.0, ""213"": 11.0}",2026-08-24T23:49:58-04:00
Olamide Zaccheaus,3917914,WR,PHI,ACTIVE,37.96928071,33.4,50.80571413,90.0,169.1110233109443,0.15520730325673382,2239,2240,"{""42"": 219.2509538, ""43"": 1.206372949, ""44"": 0.084916803, ""45"": 0.152740848, ""46"": 0.099816144, ""47"": 43.0, ""48"": 21.0, ""49"": 10.0, ""50"": 8.0, ""51"": 4.0, ""53"": 18.00002147, ""54"": 3.0, ""55"": 1.0, ""56"": 0.082829355, ""57"": 0.002561733, ""58"": 28.7360866, ""60"": 12.18059401, ""61"": 14.50298138, ""62"": 0.084916803, ""63"": 0.001429594, ""67"": 0.324907774, ""68"": 0.324907774, ""71"": 0.181948353, ""72"": 0.181948353, ""73"": 0.181948353, ""210"": 15.11764706, ""213"": 9.49247437}","{""41"": 10.0, ""42"": 164.0, ""43"": 2.0, ""47"": 30.0, ""48"": 12.0, ""49"": 5.0, ""50"": 4.0, ""51"": 1.0, ""53"": 10.0, ""58"": 20.0, ""59"": 52.0, ""60"": 16.4, ""61"": 9.64705882, ""108"": 1.0, ""109"": 1.0, ""114"": 7.0, ""155"": 11.0, ""156"": 6.0, ""158"": 12.0, ""185"": 1.0, ""186"": 1.0, ""210"": 17.0, ""213"": 7.0}",2026-08-24T23:49:58-04:00
Brian Hoyer,12477,QB,LV,ACTIVE,50.96664218,4.7,15.41573347,1.4,170.26195797943674,0.15430597813342276,1724,1724,"{""0"": 103.6470785, ""1"": 65.41368692, ""2"": 38.23339154, ""3"": 701.386818, ""4"": 4.268212405, ""5"": 140.0, ""6"": 70.0, ""7"": 35.0, ""8"": 28.0, ""9"": 14.0, ""10"": 7.0, ""11"": 13.0, ""12"": 6.0, ""15"": 0.558800199, ""16"": 0.36517593, ""17"": 0.528119631, ""18"": 0.071335115, ""19"": 0.239011585, ""20"": 3.046795643, ""21"": 0.631119448, ""22"": 116.897803, ""23"": 9.015491523, ""24"": 24.73202532, ""25"": 0.379637499, ""26"": 0.015294698, ""27"": 4.0, ""28"": 2.0, ""29"": 1.0, ""33"": 1.0, ""35"": 0.016993175, ""36"": 0.011895222, ""37"": 0.00877615, ""38"": 0.000299496, ""39"": 2.743280858, ""40"": 4.12200422, ""62"": 0.254306283, ""63"": 0.008315759, ""64"": 7.617994758, ""65"": 1.748286539, ""66"": 0.141658672, ""68"": 1.88994521, ""69"": 0.839177539, ""70"": 0.065162989, ""72"": 0.904340528, ""73"": 3.95113617, ""210"": 6.0, ""211"": 34.59905858, ""212"": 2.031470315}","{""0"": 42.0, ""1"": 23.0, ""2"": 19.0, ""3"": 231.0, ""5"": 45.0, ""6"": 22.0, ""7"": 11.0, ""8"": 9.0, ""9"": 4.0, ""10"": 2.0, ""11"": 4.0, ""12"": 1.0, ""13"": 3.0, ""14"": 1.0, ""20"": 2.0, ""21"": 0.54761905, ""22"": 77.0, ""23"": 3.0, ""24"": -3.0, ""39"": -1.0, ""40"": -1.0, ""64"": 1.0, ""73"": 2.0, ""155"": 2.0, ""156"": 1.0, ""210"": 3.0, ""211"": 14.0}",2026-08-24T23:49:58-04:00
Kenyan Drake,2979843,RB,FA,ACTIVE,0.0,2.1,12.13254677,95.6,169.87098214285714,0.15419273258098393,2177,2178,{},"{""23"": 2.0, ""41"": 2.0, ""42"": 31.0, ""47"": 6.0, ""48"": 3.0, ""49"": 1.0, ""50"": 1.0, ""53"": 2.0, ""58"": 3.0, ""59"": 36.0, ""60"": 15.5, ""61"": 10.33333333, ""67"": 1.0, ""68"": 1.0, ""71"": 1.0, ""72"": 1.0, ""73"": 1.0, ""156"": 3.0, ""210"": 3.0}",2026-08-24T23:49:58-04:00
Josh Gordon,15705,WR,FA,ACTIVE,0.0,0.0,0.0,0.0,169.83883928571427,0.15390074384367258,1649,1649,{},{},2026-08-24T23:49:58-04:00
Dare Ogunbowale,2983509,RB,HOU,ACTIVE,52.7109518,9.3,57.12588348,38.7,169.74419642857143,0.15246933645773425,1999,1965,"{""23"": 50.31376419, ""24"": 205.4212232, ""25"": 1.742181605, ""26"": 0.069262431, ""27"": 41.0, ""28"": 20.0, ""29"": 10.0, ""30"": 8.0, ""31"": 4.0, ""33"": 10.0, ""34"": 5.0, ""35"": 0.094875373, ""36"": 0.066412761, ""37"": 0.11116619, ""38"": 0.003793676, ""39"": 4.082803711, ""40"": 15.02004643, ""42"": 110.4533542, ""43"": 0.395229559, ""44"": 0.022777685, ""45"": 0.036065785, ""46"": 0.02356899, ""47"": 22.0, ""48"": 11.0, ""49"": 5.0, ""50"": 4.0, ""51"": 2.0, ""53"": 15.00133274, ""54"": 3.0, ""55"": 1.0, ""56"": 0.046487568, ""57"": 0.00143776, ""58"": 21.23217847, ""60"": 7.362902756, ""61"": 8.076159233, ""62"": 0.092040115, ""63"": 0.002088197, ""66"": 0.365588151, ""67"": 0.109002171, ""68"": 0.474590322, ""70"": 0.16817055, ""71"": 0.061041215, ""72"": 0.229211765, ""73"": 0.229211765, ""101"": 0.178784, ""114"": 583.8666667, ""116"": 58.0, ""117"": 23.0, ""210"": 13.67647059, ""212"": 13.36362432, ""213"": 5.477074055}","{""23"": 8.0, ""24"": 35.0, ""27"": 5.0, ""28"": 1.0, ""39"": 4.375, ""40"": 2.91666667, ""41"": 2.0, ""42"": 18.0, ""47"": 2.0, ""48"": 1.0, ""53"": 2.0, ""58"": 7.0, ""59"": 5.0, ""60"": 9.0, ""61"": 1.5, ""80"": 1.0, ""81"": 1.0, ""83"": 1.0, ""84"": 1.0, ""106"": 1.0, ""107"": 2.0, ""108"": 5.0, ""109"": 7.0, ""155"": 7.0, ""156"": 5.0, ""158"": 3.0, ""210"": 12.0, ""212"": 2.0, ""214"": 29.0, ""216"": 29.0, ""217"": 5.0, ""218"": 2.0, ""219"": 1.0, ""220"": 1.0, ""229"": 5.0, ""230"": 2.0, ""231"": 1.0, ""232"": 1.0}",2026-08-24T23:49:58-04:00
Will Dissly,3127292,TE,LAC,ACTIVE,0.0,31.7,37.85281886,69.9,169.93915448439353,0.15110218865983432,1718,1718,"{""210"": 15.11764706}","{""41"": 17.0, ""42"": 172.0, ""43"": 1.0, ""47"": 30.0, ""48"": 12.0, ""49"": 5.0, ""50"": 2.0, ""53"": 17.0, ""58"": 22.0, ""59"": 120.0, ""60"": 10.11764706, ""61"": 10.75, ""108"": 1.0, ""109"": 1.0, ""155"": 8.0, ""156"": 8.0, ""158"": 6.0, ""184"": 1.0, ""210"": 16.0, ""213"": 8.0}",2026-08-24T23:49:58-04:00
Kyle Trask,4034946,QB,TB,ACTIVE,0.0,-0.1,0.0,0.8,170.11511075949366,0.14690710422945674,1029,1029,"{""210"": 4.0}","{""0"": 1.0, ""2"": 1.0, ""23"": 1.0, ""24"": -1.0, ""39"": -1.0, ""40"": -0.33333333, ""155"": 1.0, ""156"": 2.0, ""210"": 3.0}",2026-08-24T23:49:58-04:00
Isaiah McKenzie,3128724,WR,NYG,ACTIVE,0.0,11.1,104.91955958,98.8,170.0881074674042,0.14419318791372937,391,391,"{""210"": 15.11764706}","{""23"": 3.0, ""24"": 14.0, ""27"": 1.0, ""39"": 4.66666667, ""40"": 1.07692308, ""41"": 11.0, ""42"": 82.0, ""47"": 14.0, ""48"": 6.0, ""49"": 2.0, ""50"": 1.0, ""53"": 11.0, ""58"": 14.0, ""59"": 72.0, ""60"": 7.45454545, ""61"": 6.30769231, ""68"": 3.0, ""72"": 2.0, ""73"": 2.0, ""114"": 152.0, ""115"": 204.0, ""116"": 12.0, ""117"": 3.0, ""118"": 16.0, ""119"": 3.0, ""155"": 7.0, ""156"": 6.0, ""210"": 13.0, ""213"": 4.0}",2026-08-24T23:49:58-04:00
Alec Ingold,3917668,RB,MIA,ACTIVE,0.0,18.4,9.61453097,30.8,169.96562623468984,0.1383595228144375,1051,1051,"{""210"": 14.17647059}","{""23"": 2.0, ""41"": 13.0, ""42"": 119.0, ""47"": 21.0, ""48"": 9.0, ""49"": 2.0, ""50"": 1.0, ""53"": 13.0, ""58"": 16.0, ""59"": 91.0, ""60"": 9.15384615, ""61"": 7.0, ""108"": 1.0, ""109"": 1.0, ""155"": 11.0, ""156"": 6.0, ""210"": 17.0, ""213"": 5.0}",2026-08-24T23:49:58-04:00
Stetson Bennett,4259553,QB,LAR,QUESTIONABLE,0.0,0.0,,,169.50632911392404,0.13676323431921802,1569,1569,{},{},2026-08-24T23:49:58-04:00
Mike White,3051381,QB,MIA,ACTIVE,0.0,3.7,0.0,62.3,169.8877961555655,0.13622612462631795,1037,1037,"{""210"": 4.0}","{""0"": 6.0, ""1"": 5.0, ""2"": 1.0, ""3"": 74.0, ""4"": 1.0, ""5"": 13.0, ""6"": 6.0, ""7"": 3.0, ""8"": 2.0, ""9"": 1.0, ""15"": 1.0, ""16"": 1.0, ""20"": 1.0, ""21"": 0.83333333, ""22"": 12.33333333, ""23"": 8.0, ""24"": -9.0, ""39"": -1.125, ""40"": -1.5, ""66"": 1.0, ""68"": 1.0, ""70"": 1.0, ""72"": 1.0, ""73"": 2.0, ""155"": 5.0, ""156"": 1.0, ""158"": 6.0, ""210"": 6.0, ""211"": 1.0}",2026-08-24T23:49:58-04:00
Jalen Reagor,4241802,WR,NE,ACTIVE,0.0,25.0,33.93194174,22.9,169.93954958514422,0.13514197348955032,1071,1071,"{""210"": 15.11764706}","{""23"": 1.0, ""24"": 17.0, ""27"": 3.0, ""28"": 1.0, ""39"": 17.0, ""40"": 1.54545455, ""41"": 7.0, ""42"": 138.0, ""47"": 25.0, ""48"": 12.0, ""49"": 3.0, ""50"": 3.0, ""53"": 7.0, ""58"": 23.0, ""59"": 18.0, ""60"": 19.71428571, ""61"": 12.54545455, ""101"": 1.0, ""105"": 1.0, ""114"": 221.0, ""116"": 21.0, ""117"": 7.0, ""155"": 3.0, ""156"": 8.0, ""158"": 6.0, ""210"": 11.0, ""212"": 1.0, ""213"": 5.0}",2026-08-24T23:49:58-04:00
Rodrigo Blankenship,3915165,K,FA,ACTIVE,0.0,0.0,124.06056757,18.0,169.28026994839223,0.1329160870728999,2406,2408,{},{},2026-08-24T23:49:58-04:00
Malik Heath,4689334,WR,GB,ACTIVE,0.0,26.0,,,169.98182536546818,0.13198871934030645,1119,1119,"{""210"": 15.11764706}","{""41"": 15.0, ""42"": 125.0, ""43"": 1.0, ""47"": 22.0, ""48"": 8.0, ""49"": 3.0, ""50"": 2.0, ""53"": 15.0, ""58"": 24.0, ""59"": 35.0, ""60"": 8.33333333, ""61"": 9.61538462, ""108"": 2.0, ""109"": 2.0, ""114"": 1.0, ""155"": 9.0, ""156"": 4.0, ""158"": 6.0, ""183"": 1.0, ""210"": 13.0, ""213"": 6.0}",2026-08-24T23:49:58-04:00
Elijah Dotson,4248909,RB,LAC,ACTIVE,0.0,2.9,,,170.06242591860925,0.13192981286327582,351,351,"{""210"": 14.17647059}","{""23"": 4.0, ""24"": 6.0, ""27"": 1.0, ""39"": 1.5, ""40"": 1.5, ""41"": 2.0, ""42"": 13.0, ""47"": 2.0, ""48"": 1.0, ""53"": 2.0, ""58"": 2.0, ""59"": 14.0, ""60"": 6.5, ""61"": 3.25, ""155"": 2.0, ""156"": 2.0, ""210"": 4.0}",2026-08-24T23:49:58-04:00
Tyler Scott,4565908,WR,CHI,ACTIVE,0.0,27.4,,,170.11299881469776,0.13127359799201999,992,992,"{""210"": 15.11764706}","{""23"": 7.0, ""24"": 41.0, ""27"": 8.0, ""28"": 3.0, ""39"": 5.85714286, ""40"": 2.41176471, ""41"": 17.0, ""42"": 168.0, ""47"": 29.0, ""48"": 12.0, ""49"": 2.0, ""50"": 1.0, ""53"": 17.0, ""58"": 32.0, ""59"": 70.0, ""60"": 9.88235294, ""61"": 9.88235294, ""67"": 1.0, ""68"": 1.0, ""71"": 1.0, ""72"": 1.0, ""73"": 1.0, ""108"": 2.0, ""109"": 2.0, ""114"": 108.0, ""116"": 10.0, ""117"": 3.0, ""155"": 7.0, ""156"": 10.0, ""210"": 17.0, ""212"": 2.0, ""213"": 10.0}",2026-08-24T23:49:58-04:00
Martavis Bryant,16886,WR,DAL,ACTIVE,0.0,0.0,,,169.790625,0.1306221400359836,1330,1330,{},{},2026-08-24T23:49:58-04:00
PJ Walker,3051308,QB,CLE,ACTIVE,0.0,21.6,14.03463203,44.7,170.0268216361198,0.12954125331013405,2302,2302,{},"{""0"": 111.0, ""1"": 54.0, ""2"": 57.0, ""3"": 674.0, ""4"": 1.0, ""5"": 133.0, ""6"": 65.0, ""7"": 31.0, ""8"": 25.0, ""9"": 11.0, ""10"": 4.0, ""11"": 10.0, ""12"": 3.0, ""13"": 10.0, ""14"": 3.0, ""20"": 5.0, ""21"": 0.48648649, ""22"": 112.33333333, ""23"": 13.0, ""24"": 30.0, ""27"": 5.0, ""28"": 2.0, ""29"": 1.0, ""30"": 1.0, ""33"": 1.0, ""39"": 2.30769231, ""40"": 5.0, ""64"": 11.0, ""65"": 3.0, ""66"": 1.0, ""68"": 4.0, ""69"": 2.0, ""72"": 2.0, ""73"": 7.0, ""108"": 1.0, ""109"": 1.0, ""155"": 4.0, ""156"": 2.0, ""158"": 6.0, ""176"": 1.0, ""210"": 6.0, ""211"": 27.0, ""212"": 3.0}",2026-08-24T23:49:58-04:00
Chris Naggar,4241822,K,FA,ACTIVE,0.0,0.0,0.0,0.0,170.1048034934498,0.1242804413578848,2617,2617,{},{},2026-08-24T23:49:58-04:00
Malik Davis,4240603,RB,DAL,ACTIVE,0.0,0.0,,31.4,169.85815883050176,0.12401164268691495,345,345,"{""210"": 14.17647059}","{""108"": 1.0, ""109"": 1.0, ""155"": 1.0, ""156"": 2.0, ""210"": 3.0}",2026-08-24T23:49:58-04:00
Devin Duvernay,4039050,WR,JAX,ACTIVE,0.0,5.3,87.0980952,97.6,169.9494271039115,0.12329641386635169,1110,1110,"{""210"": 15.11764706}","{""23"": 4.0, ""24"": 15.0, ""27"": 3.0, ""28"": 1.0, ""39"": 3.75, ""40"": 1.15384615, ""41"": 4.0, ""42"": 18.0, ""47"": 3.0, ""48"": 1.0, ""53"": 4.0, ""58"": 9.0, ""59"": 17.0, ""60"": 4.5, ""61"": 1.38461538, ""96"": 1.0, ""108"": 2.0, ""109"": 2.0, ""114"": 174.0, ""115"": 290.0, ""116"": 16.0, ""117"": 3.0, ""118"": 25.0, ""119"": 7.0, ""155"": 10.0, ""156"": 3.0, ""210"": 13.0}",2026-08-24T23:49:58-04:00
Randy Bullock,15091,K,NYG,QUESTIONABLE,0.0,28.0,125.26242342,84.0,169.45458612975392,0.12274673379761489,1771,1771,{},"{""74"": 1.0, ""75"": 1.0, ""77"": 2.0, ""78"": 3.0, ""79"": 1.0, ""80"": 2.0, ""81"": 2.0, ""83"": 5.0, ""84"": 6.0, ""85"": 1.0, ""86"": 10.0, ""87"": 10.0, ""155"": 3.0, ""156"": 3.0, ""158"": 25.0, ""198"": 1.0, ""199"": 1.0, ""210"": 6.0, ""214"": 211.0, ""215"": 48.0, ""216"": 259.0, ""217"": 41.0, ""218"": 19.0, ""219"": 8.0, ""220"": 6.0, ""221"": 1.0, ""223"": 9.0, ""224"": 4.0, ""225"": 2.0, ""226"": 1.0, ""229"": 51.0, ""230"": 24.0, ""231"": 11.0, ""232"": 8.0, ""233"": 2.0}",2026-08-24T23:49:58-04:00
Trace McSorley,3116172,QB,FA,ACTIVE,0.0,0.0,17.47605681,8.1,169.863209655789,0.12130903970141149,2103,2103,{},{},2026-08-24T23:49:58-04:00
Eric Gray,4570561,RB,NYG,ACTIVE,0.0,10.0,,,169.935993678388,0.12109442209562411,344,344,"{""210"": 14.17647059}","{""23"": 17.0, ""24"": 48.0, ""27"": 8.0, ""28"": 3.0, ""29"": 1.0, ""30"": 1.0, ""33"": 2.0, ""34"": 1.0, ""39"": 2.82352941, ""40"": 3.69230769, ""41"": 6.0, ""42"": 22.0, ""47"": 3.0, ""53"": 6.0, ""58"": 7.0, ""59"": 40.0, ""60"": 3.66666667, ""61"": 1.69230769, ""66"": 1.0, ""68"": 3.0, ""114"": 58.0, ""115"": 28.0, ""116"": 4.0, ""118"": 1.0, ""155"": 5.0, ""156"": 8.0, ""210"": 13.0, ""212"": 2.0}",2026-08-24T23:49:58-04:00
Alex Erickson,2977800,WR,LAC,ACTIVE,0.0,37.2,,,170.0,0.12037878237635576,1917,1917,{},"{""41"": 16.0, ""42"": 232.0, ""43"": 1.0, ""47"": 42.0, ""48"": 19.0, ""49"": 7.0, ""50"": 5.0, ""51"": 1.0, ""53"": 16.0, ""54"": 1.0, ""58"": 29.0, ""59"": 63.0, ""60"": 14.5, ""61"": 29.0, ""155"": 1.0, ""156"": 7.0, ""158"": 6.0, ""184"": 1.0, ""210"": 8.0, ""213"": 12.0}",2026-08-24T23:49:58-04:00
A.J. Green,13983,WR,FA,ACTIVE,0.0,0.0,98.24978002,49.6,169.89598214285715,0.11972632621762447,2213,2215,{},{},2026-08-24T23:49:58-04:00
Brock Wright,4242392,TE,DET,QUESTIONABLE,0.0,21.6,16.88990947,54.6,169.6266297905966,0.1187742497426558,1009,1009,"{""210"": 15.11764706}","{""41"": 13.0, ""42"": 91.0, ""43"": 1.0, ""47"": 15.0, ""48"": 4.0, ""49"": 1.0, ""53"": 13.0, ""58"": 14.0, ""59"": 49.0, ""60"": 7.0, ""61"": 6.5, ""108"": 2.0, ""109"": 2.0, ""155"": 10.0, ""156"": 4.0, ""158"": 6.0, ""185"": 1.0, ""210"": 14.0, ""213"": 2.0}",2026-08-24T23:49:58-04:00
Kayshon Boutte,4429022,WR,NE,ACTIVE,0.0,2.9,,,169.92532595811932,0.1155570373104561,1572,1572,{},"{""41"": 2.0, ""42"": 19.0, ""47"": 3.0, ""48"": 1.0, ""53"": 2.0, ""58"": 7.0, ""59"": 10.0, ""60"": 9.5, ""61"": 3.8, ""155"": 1.0, ""156"": 4.0, ""210"": 5.0, ""213"": 1.0}",2026-08-24T23:49:58-04:00
Davis Allen,4426553,TE,LAR,ACTIVE,0.0,20.5,,,170.0,0.11365415677129317,1143,1143,"{""210"": 14.23529412}","{""41"": 10.0, ""42"": 95.0, ""43"": 1.0, ""47"": 18.0, ""48"": 8.0, ""49"": 3.0, ""50"": 3.0, ""51"": 1.0, ""53"": 10.0, ""58"": 11.0, ""59"": 74.0, ""60"": 9.5, ""61"": 6.33333333, ""108"": 2.0, ""109"": 2.0, ""155"": 10.0, ""156"": 5.0, ""158"": 6.0, ""183"": 1.0, ""210"": 15.0, ""213"": 7.0}",2026-08-24T23:49:58-04:00
Russell Gage,3115378,WR,TB,QUESTIONABLE,0.0,0.0,135.97471448,98.1,169.94866071428572,0.11174687695162616,1904,1904,{},{},2026-08-24T23:49:58-04:00
Darrynton Evans,4036431,RB,BUF,ACTIVE,0.0,26.5,0.0,10.2,169.98024496246543,0.11174501418989033,397,397,"{""210"": 13.17647059}","{""23"": 32.0, ""24"": 121.0, ""25"": 1.0, ""27"": 22.0, ""28"": 9.0, ""29"": 3.0, ""30"": 2.0, ""33"": 3.0, ""34"": 1.0, ""39"": 3.78125, ""40"": 17.28571429, ""41"": 7.0, ""42"": 49.0, ""47"": 8.0, ""48"": 3.0, ""49"": 1.0, ""53"": 7.0, ""58"": 12.0, ""59"": 69.0, ""60"": 7.0, ""61"": 7.0, ""155"": 4.0, ""156"": 3.0, ""158"": 6.0, ""180"": 1.0, ""210"": 7.0, ""212"": 10.0, ""213"": 2.0}",2026-08-24T23:49:58-04:00
Myles Gaskin,3886818,RB,MIN,ACTIVE,0.0,0.0,48.57605606,7.4,169.9486369024101,0.10930503785490649,1091,1091,"{""210"": 13.17647059}","{""156"": 3.0, ""210"": 3.0}",2026-08-24T23:49:58-04:00
Trent Sherfield,3122168,WR,MIN,ACTIVE,0.0,20.1,36.35234655,68.7,169.7787435796128,0.10871053587269079,1046,1046,"{""210"": 15.11764706}","{""41"": 11.0, ""42"": 86.0, ""43"": 1.0, ""47"": 13.0, ""48"": 4.0, ""49"": 1.0, ""53"": 11.0, ""58"": 22.0, ""59"": 49.0, ""60"": 7.81818182, ""61"": 5.05882353, ""107"": 1.0, ""108"": 2.0, ""109"": 3.0, ""155"": 11.0, ""156"": 6.0, ""158"": 6.0, ""183"": 1.0, ""210"": 17.0, ""213"": 4.0}",2026-08-24T23:49:58-04:00
JaMycal Hasty,3928925,RB,NE,ACTIVE,0.0,0.0,10.46068434,60.0,169.8842354800474,0.10811563848654776,1108,1108,"{""210"": 13.17647059}","{""58"": 2.0, ""155"": 4.0, ""156"": 1.0, ""210"": 5.0}",2026-08-24T23:49:58-04:00
Teddy Bridgewater,16728,QB,DET,ACTIVE,20.82934571,-0.2,21.60745488,45.7,169.7608404112651,0.1052566884837607,2207,2209,"{""0"": 33.02723883, ""1"": 21.94355396, ""2"": 11.08368487, ""3"": 244.7080859, ""4"": 1.711899828, ""5"": 48.0, ""6"": 24.0, ""7"": 12.0, ""8"": 9.0, ""9"": 4.0, ""10"": 2.0, ""11"": 4.0, ""12"": 2.0, ""15"": 0.202279144, ""16"": 0.13218942, ""17"": 0.20570246, ""18"": 0.027785009, ""19"": 0.099781375, ""20"": 0.749704023, ""21"": 0.664407766, ""22"": 122.3540429, ""23"": 2.903591371, ""24"": 12.3400707, ""25"": 0.219844464, ""26"": 0.008144579, ""27"": 2.0, ""28"": 1.0, ""35"": 0.005467916, ""36"": 0.003827541, ""37"": 0.00658882, ""38"": 0.000224851, ""39"": 4.249933658, ""40"": 6.170035348, ""62"": 0.107925954, ""63"": 0.00143258, ""64"": 2.192265857, ""65"": 0.300788519, ""66"": 0.02479782, ""68"": 0.325586339, ""69"": 0.144378489, ""70"": 0.011406997, ""72"": 0.155785486, ""73"": 0.905489509, ""210"": 2.0, ""211"": 11.94725244, ""212"": 0.878845072}","{""23"": 2.0, ""24"": -2.0, ""39"": -1.0, ""40"": -2.0, ""155"": 1.0, ""210"": 1.0}",2026-08-24T23:49:58-04:00
C.J. Ham,4012556,RB,MIN,ACTIVE,0.0,6.7,14.41566491,26.3,170.3093638877914,0.1044245901453907,1127,1127,"{""210"": 14.17647059}","{""23"": 1.0, ""24"": 7.0, ""27"": 1.0, ""39"": 7.0, ""40"": 0.41176471, ""41"": 7.0, ""42"": 25.0, ""47"": 3.0, ""53"": 7.0, ""58"": 9.0, ""59"": 20.0, ""60"": 3.57142857, ""61"": 1.47058824, ""107"": 1.0, ""108"": 5.0, ""109"": 6.0, ""155"": 7.0, ""156"": 10.0, ""210"": 17.0, ""213"": 1.0}",2026-08-24T23:49:58-04:00
C.J. Uzomah,2574576,TE,NYJ,QUESTIONABLE,37.96062858,15.8,50.60795226,45.7,170.1166219839142,0.10389019669480334,2056,2056,"{""42"": 186.7357209, ""43"": 1.435235754, ""44"": 0.068884077, ""45"": 0.086798966, ""46"": 0.056723125, ""47"": 37.0, ""48"": 18.0, ""49"": 9.0, ""50"": 7.0, ""51"": 3.0, ""53"": 21.46476827, ""54"": 4.0, ""55"": 2.0, ""56"": 0.069980521, ""57"": 0.002164346, ""58"": 27.97266696, ""60"": 8.699638337, ""61"": 12.35216831, ""62"": 0.068884077, ""63"": 0.000764148, ""67"": 0.173669933, ""68"": 0.173669933, ""71"": 0.097255163, ""72"": 0.097255163, ""73"": 0.097255163, ""210"": 15.11764706, ""213"": 9.479147386}","{""41"": 8.0, ""42"": 58.0, ""43"": 1.0, ""47"": 9.0, ""48"": 3.0, ""53"": 8.0, ""58"": 12.0, ""59"": 33.0, ""60"": 7.25, ""61"": 4.83333333, ""108"": 2.0, ""109"": 2.0, ""155"": 4.0, ""156"": 8.0, ""158"": 6.0, ""183"": 1.0, ""210"": 12.0, ""213"": 5.0}",2026-08-24T23:49:58-04:00
Kenny McIntosh,4427391,RB,SEA,QUESTIONABLE,0.0,0.0,,,170.07625444488343,0.10120969398355999,406,406,"{""210"": 13.17647059}","{""156"": 3.0, ""210"": 3.0}",2026-08-24T23:49:58-04:00
Tyler Goodson,4429676,RB,IND,ACTIVE,0.0,15.1,,,169.87198735677597,0.10115009864962535,1158,1158,"{""210"": 13.17647059}","{""23"": 13.0, ""24"": 87.0, ""27"": 16.0, ""28"": 7.0, ""29"": 3.0, ""30"": 2.0, ""31"": 1.0, ""33"": 2.0, ""34"": 1.0, ""39"": 6.69230769, ""40"": 14.5, ""41"": 6.0, ""42"": 34.0, ""47"": 7.0, ""48"": 3.0, ""53"": 6.0, ""58"": 9.0, ""59"": 51.0, ""60"": 5.66666667, ""61"": 5.66666667, ""155"": 3.0, ""156"": 3.0, ""210"": 6.0, ""212"": 4.0, ""213"": 1.0}",2026-08-24T23:49:58-04:00
Tim Patrick,3134353,WR,DEN,QUESTIONABLE,0.0,0.0,0.0,0.0,169.63927301461874,0.10061380373759443,247,247,"{""210"": 15.11764706}",{},2026-08-24T23:49:58-04:00
Andy Dalton,14012,QB,CAR,ACTIVE,0.0,27.6,36.32506982,209.2,170.08627626285204,0.10012584350652877,484,484,"{""210"": 4.0}","{""0"": 58.0, ""1"": 34.0, ""2"": 24.0, ""3"": 361.0, ""4"": 2.0, ""5"": 72.0, ""6"": 36.0, ""7"": 18.0, ""8"": 14.0, ""9"": 7.0, ""10"": 3.0, ""11"": 6.0, ""12"": 3.0, ""13"": 4.0, ""14"": 2.0, ""15"": 1.0, ""17"": 1.0, ""21"": 0.5862069, ""22"": 120.33333333, ""23"": 3.0, ""24"": 12.0, ""27"": 2.0, ""28"": 1.0, ""39"": 4.0, ""40"": 4.0, ""64"": 3.0, ""156"": 3.0, ""158"": 12.0, ""176"": 1.0, ""210"": 3.0, ""211"": 17.0, ""212"": 2.0}",2026-08-24T23:49:58-04:00
Jamison Crowder,2576716,WR,WSH,ACTIVE,0.0,27.9,84.92223185,9.0,170.19866071428572,0.0999586234405651,332,332,"{""210"": 15.11764706}","{""41"": 16.0, ""42"": 159.0, ""43"": 1.0, ""47"": 30.0, ""48"": 14.0, ""49"": 6.0, ""50"": 3.0, ""51"": 1.0, ""53"": 16.0, ""54"": 1.0, ""58"": 20.0, ""59"": 80.0, ""60"": 9.9375, ""61"": 9.35294118, ""68"": 2.0, ""72"": 1.0, ""73"": 1.0, ""115"": 278.0, ""118"": 23.0, ""119"": 5.0, ""155"": 4.0, ""156"": 13.0, ""158"": 6.0, ""185"": 1.0, ""210"": 17.0, ""213"": 8.0}",2026-08-24T23:49:58-04:00
Kyle Philips,4367175,WR,TEN,ACTIVE,0.0,23.6,60.84579553,7.8,169.87277755827736,0.09960171222070739,1088,1088,"{""210"": 14.11764706}","{""41"": 15.0, ""42"": 181.0, ""47"": 35.0, ""48"": 16.0, ""49"": 7.0, ""50"": 4.0, ""51"": 2.0, ""53"": 15.0, ""58"": 22.0, ""59"": 79.0, ""60"": 12.06666667, ""61"": 20.11111111, ""68"": 1.0, ""72"": 1.0, ""73"": 1.0, ""114"": 13.0, ""115"": 23.0, ""116"": 1.0, ""118"": 2.0, ""155"": 4.0, ""156"": 5.0, ""210"": 9.0, ""213"": 9.0}",2026-08-24T23:49:58-04:00
Blake Bell,2514206,TE,KC,ACTIVE,36.66390112,9.1,12.70225794,9.0,169.81724754244863,0.09930593013577763,976,976,"{""42"": 179.074382, ""43"": 1.66741834, ""44"": 0.077604275, ""45"": 0.103390905, ""46"": 0.067565957, ""47"": 35.0, ""48"": 17.0, ""49"": 8.0, ""50"": 7.0, ""51"": 3.0, ""53"": 17.65047671, ""54"": 3.0, ""55"": 1.0, ""56"": 0.068722727, ""57"": 0.002125445, ""58"": 25.74353085, ""60"": 10.14558332, ""61"": 11.84538714, ""62"": 0.077604275, ""63"": 0.000897655, ""67"": 0.204012526, ""68"": 0.204012526, ""71"": 0.114247015, ""72"": 0.114247015, ""73"": 0.114247015, ""210"": 15.11764706, ""213"": 8.493417965}","{""41"": 5.0, ""42"": 26.0, ""43"": 1.0, ""47"": 3.0, ""48"": 1.0, ""53"": 5.0, ""58"": 9.0, ""59"": 19.0, ""60"": 5.2, ""61"": 1.52941176, ""67"": 1.0, ""68"": 1.0, ""71"": 1.0, ""72"": 1.0, ""73"": 1.0, ""107"": 1.0, ""109"": 1.0, ""155"": 11.0, ""156"": 6.0, ""158"": 6.0, ""183"": 1.0, ""210"": 17.0, ""213"": 1.0}",2026-08-24T23:49:58-04:00
Equanimeous St. Brown,3932442,WR,CHI,ACTIVE,20.3686434,8.7,57.09955813,54.2,169.85183721849072,0.09924456253508834,2125,2125,"{""23"": 2.348683249, ""24"": 15.25054841, ""25"": 0.08980863, ""26"": 0.003352671, ""27"": 3.0, ""28"": 1.0, ""35"": 0.004312779, ""36"": 0.003018946, ""37"": 0.000489584, ""38"": 1.67e-05, ""39"": 6.493233354, ""40"": 1.00879114, ""42"": 106.3036565, ""43"": 0.62793186, ""44"": 0.03686991, ""45"": 0.152844529, ""46"": 0.0998839, ""47"": 21.0, ""48"": 10.0, ""49"": 5.0, ""50"": 4.0, ""51"": 2.0, ""53"": 8.073628978, ""54"": 1.0, ""56"": 0.045040109, ""57"": 0.001392993, ""58"": 13.95250105, ""60"": 13.16677504, ""61"": 7.03175938, ""62"": 0.040222581, ""63"": 0.000861555, ""66"": 0.044125585, ""67"": 0.151682269, ""68"": 0.195807855, ""70"": 0.020297769, ""71"": 0.084942071, ""72"": 0.10523984, ""73"": 0.10523984, ""210"": 15.11764706, ""212"": 2.796571894, ""213"": 3.878745137}","{""41"": 5.0, ""42"": 62.0, ""47"": 10.0, ""48"": 4.0, ""49"": 1.0, ""53"": 5.0, ""58"": 6.0, ""59"": 7.0, ""60"": 12.4, ""61"": 8.85714286, ""155"": 4.0, ""156"": 3.0, ""210"": 7.0, ""213"": 3.0}",2026-08-24T23:49:58-04:00
Nyheim Hines,3916430,RB,CLE,QUESTIONABLE,0.0,0.0,118.03978443,66.4,170.02647175029634,0.09888764791472682,350,350,"{""210"": 14.17647059}",{},2026-08-24T23:49:58-04:00
Anthony McFarland Jr.,4241941,RB,FA,ACTIVE,34.55229426,2.1,0.0,5.1,170.20229158435401,0.09870916042441367,2389,2308,"{""23"": 38.54008462, ""24"": 165.3799476, ""25"": 1.174020189, ""26"": 0.049824842, ""27"": 33.0, ""28"": 16.0, ""29"": 8.0, ""30"": 6.0, ""31"": 3.0, ""33"": 7.0, ""34"": 3.0, ""35"": 0.072257243, ""36"": 0.05058007, ""37"": 0.074215854, ""38"": 0.002532702, ""39"": 4.291115322, ""40"": 12.55115674, ""42"": 57.94989388, ""43"": 0.251693357, ""44"": 0.013656988, ""45"": 0.042652589, ""46"": 0.027873467, ""47"": 11.0, ""48"": 5.0, ""49"": 2.0, ""50"": 2.0, ""51"": 1.0, ""53"": 7.690081385, ""54"": 1.0, ""56"": 0.028284402, ""57"": 0.000874775, ""58"": 10.21550963, ""60"": 7.535667177, ""61"": 4.397983018, ""62"": 0.06348183, ""63"": 0.001416906, ""66"": 0.268457552, ""67"": 0.053566577, ""68"": 0.322024129, ""70"": 0.123490474, ""71"": 0.029997283, ""72"": 0.153487757, ""73"": 0.153487757, ""210"": 13.17647059, ""212"": 10.75088212, ""213"": 2.371695084}","{""41"": 2.0, ""42"": 11.0, ""47"": 2.0, ""48"": 1.0, ""53"": 2.0, ""58"": 2.0, ""59"": 7.0, ""60"": 5.5, ""61"": 3.66666667, ""114"": 164.0, ""116"": 16.0, ""117"": 5.0, ""155"": 1.0, ""156"": 2.0, ""210"": 3.0, ""213"": 1.0}",2026-08-24T23:49:58-04:00
Ryan Fitzpatrick,8664,QB,WSH,,0.0,0.0,0.0,0.0,170.0938757264193,0.09726175345637245,1768,1768,{},{},2026-08-24T23:49:58-04:00
Kyle Allen,3115293,QB,BUF,ACTIVE,18.41184395,-1.3,32.98303981,19.9,169.8073312472061,0.09505397132270017,1931,1931,"{""0"": 38.32798248, ""1"": 24.06064308, ""2"": 14.2673394, ""3"": 246.8140085, ""4"": 1.534122697, ""5"": 49.0, ""6"": 24.0, ""7"": 12.0, ""8"": 9.0, ""9"": 4.0, ""10"": 2.0, ""11"": 4.0, ""12"": 2.0, ""15"": 0.205509925, ""16"": 0.134300736, ""17"": 0.212447255, ""18"": 0.028696054, ""19"": 0.077129353, ""20"": 0.998674022, ""21"": 0.627756577, ""22"": 123.4070042, ""23"": 3.107584873, ""24"": 11.23566013, ""25"": 0.160258735, ""26"": 0.007843642, ""27"": 2.0, ""28"": 1.0, ""35"": 0.00586282, ""36"": 0.004103974, ""37"": 0.005454787, ""38"": 0.000186151, ""39"": 3.615560184, ""40"": 5.617830066, ""62"": 0.084972995, ""63"": 0.003910017, ""64"": 2.996446844, ""65"": 0.826488587, ""66"": 0.062151697, ""68"": 0.888640284, ""69"": 0.396714522, ""70"": 0.028589781, ""72"": 0.425304302, ""73"": 1.423978325, ""210"": 2.0, ""211"": 12.47341114, ""212"": 0.809526282}","{""23"": 13.0, ""24"": -13.0, ""39"": -1.0, ""40"": -1.85714286, ""155"": 7.0, ""210"": 7.0}",2026-08-24T23:49:58-04:00
Colby Parkinson,4242557,TE,LAR,ACTIVE,0.0,49.2,14.20609566,56.7,170.2208613196365,0.09400728839280877,418,417,"{""210"": 15.11764706}","{""41"": 25.0, ""42"": 247.0, ""43"": 2.0, ""47"": 43.0, ""48"": 16.0, ""49"": 6.0, ""50"": 5.0, ""53"": 25.0, ""58"": 34.0, ""59"": 79.0, ""60"": 9.88, ""61"": 14.52941176, ""114"": 16.0, ""116"": 1.0, ""155"": 9.0, ""156"": 8.0, ""158"": 12.0, ""183"": 1.0, ""185"": 1.0, ""210"": 17.0, ""213"": 11.0}",2026-08-24T23:49:58-04:00
Robbie Chosen,2574808,WR,MIA,ACTIVE,0.0,20.6,130.89258497,42.2,169.26473214285716,0.09198114892492194,2194,2195,{},"{""41"": 4.0, ""42"": 126.0, ""43"": 1.0, ""45"": 1.0, ""46"": 1.0, ""47"": 23.0, ""48"": 10.0, ""49"": 4.0, ""50"": 3.0, ""51"": 1.0, ""53"": 4.0, ""58"": 6.0, ""59"": 31.0, ""60"": 31.5, ""61"": 14.0, ""155"": 6.0, ""156"": 3.0, ""158"": 6.0, ""210"": 9.0, ""213"": 3.0}",2026-08-24T23:49:58-04:00
Zane Gonzalez,3043234,K,FA,QUESTIONABLE,0.0,0.0,0.0,0.0,169.85324384787472,0.09193799912043327,2175,2176,{},{},2026-08-24T23:49:58-04:00
Charlie Jones,4257188,WR,CIN,ACTIVE,0.0,17.2,,,169.86645594626629,0.09156451488072204,1059,1059,"{""210"": 15.11764706}","{""23"": 2.0, ""24"": 13.0, ""27"": 2.0, ""28"": 1.0, ""39"": 6.5, ""40"": 1.18181818, ""41"": 7.0, ""42"": 64.0, ""47"": 12.0, ""48"": 5.0, ""49"": 2.0, ""50"": 1.0, ""53"": 7.0, ""58"": 9.0, ""59"": 38.0, ""60"": 9.14285714, ""61"": 5.81818182, ""102"": 1.0, ""105"": 1.0, ""115"": 248.0, ""118"": 21.0, ""119"": 5.0, ""155"": 5.0, ""156"": 6.0, ""158"": 6.0, ""210"": 11.0, ""212"": 1.0, ""213"": 3.0}",2026-08-24T23:49:58-04:00
Mo Alie-Cox,2998565,TE,IND,ACTIVE,0.0,42.6,88.31684584,44.4,169.9687220732797,0.09085182816978218,988,1066,"{""210"": 15.11764706}","{""41"": 13.0, ""42"": 161.0, ""43"": 3.0, ""44"": 1.0, ""47"": 31.0, ""48"": 13.0, ""49"": 3.0, ""50"": 2.0, ""53"": 13.0, ""58"": 22.0, ""59"": 80.0, ""60"": 12.38461538, ""61"": 9.47058824, ""107"": 2.0, ""109"": 2.0, ""155"": 9.0, ""156"": 8.0, ""158"": 20.0, ""183"": 1.0, ""184"": 1.0, ""186"": 1.0, ""210"": 17.0, ""213"": 9.0}",2026-08-24T23:49:58-04:00
Emanuel Wilson,4887558,RB,GB,ACTIVE,0.0,12.8,,,170.43856183326747,0.09073151390055612,437,437,"{""210"": 13.17647059}","{""23"": 14.0, ""24"": 85.0, ""27"": 15.0, ""28"": 6.0, ""29"": 2.0, ""30"": 1.0, ""39"": 6.07142857, ""40"": 12.14285714, ""41"": 4.0, ""42"": 23.0, ""47"": 3.0, ""53"": 4.0, ""58"": 5.0, ""59"": 30.0, ""60"": 5.75, ""61"": 3.28571429, ""66"": 1.0, ""68"": 1.0, ""155"": 3.0, ""156"": 4.0, ""210"": 7.0, ""212"": 2.0, ""213"": 1.0}",2026-08-24T23:49:58-04:00
Laviska Shenault Jr.,4243160,WR,CAR,QUESTIONABLE,48.24985098,16.5,37.82785063,59.2,170.37099960489925,0.09037387278240197,2306,2309,"{""23"": 12.80737116, ""24"": 76.41228559, ""25"": 0.400753229, ""26"": 0.017244384, ""27"": 15.0, ""28"": 7.0, ""29"": 3.0, ""30"": 3.0, ""31"": 1.0, ""33"": 2.0, ""34"": 1.0, ""35"": 0.023651561, ""36"": 0.016556092, ""37"": 0.014568183, ""38"": 0.000497, ""39"": 5.966274001, ""40"": 5.054509163, ""42"": 229.2353416, ""43"": 0.865416076, ""44"": 0.047566603, ""45"": 0.144888268, ""46"": 0.094684483, ""47"": 45.0, ""48"": 22.0, ""49"": 11.0, ""50"": 9.0, ""51"": 4.0, ""53"": 21.02057128, ""54"": 4.0, ""55"": 2.0, ""56"": 0.09642723, ""57"": 0.002982285, ""58"": 30.34044903, ""60"": 10.90528599, ""61"": 15.16342726, ""62"": 0.064810988, ""63"": 0.00232512, ""66"": 0.200067761, ""67"": 0.328368608, ""68"": 0.528436369, ""70"": 0.09203117, ""71"": 0.18388642, ""72"": 0.275917591, ""73"": 0.275917591, ""210"": 15.11764706, ""212"": 5.72892594, ""213"": 10.31686495}","{""23"": 12.0, ""24"": 55.0, ""27"": 9.0, ""28"": 2.0, ""29"": 1.0, ""30"": 1.0, ""33"": 1.0, ""39"": 4.58333333, ""40"": 6.875, ""41"": 10.0, ""42"": 60.0, ""47"": 10.0, ""48"": 3.0, ""53"": 10.0, ""58"": 10.0, ""59"": 85.0, ""60"": 6.0, ""61"": 7.5, ""68"": 1.0, ""107"": 1.0, ""109"": 1.0, ""114"": 167.0, ""116"": 15.0, ""117"": 5.0, ""156"": 8.0, ""210"": 8.0, ""212"": 3.0, ""213"": 3.0}",2026-08-24T23:49:58-04:00
Corey Davis,3042778,WR,NYJ,ACTIVE,0.0,0.0,99.08236232,81.6,169.8736607142857,0.09019516089566473,1730,2171,{},{},2026-08-24T23:49:58-04:00
Cooper Rush,2972515,QB,DAL,ACTIVE,0.0,2.9,21.54623887,66.2,169.32767098793028,0.08986275344011446,1026,1026,"{""210"": 4.0}","{""0"": 24.0, ""1"": 18.0, ""2"": 6.0, ""3"": 144.0, ""5"": 27.0, ""6"": 12.0, ""7"": 5.0, ""8"": 3.0, ""9"": 1.0, ""11"": 1.0, ""20"": 1.0, ""21"": 0.75, ""22"": 20.57142857, ""23"": 12.0, ""24"": -5.0, ""27"": 1.0, ""39"": -0.41666667, ""40"": -0.71428571, ""64"": 1.0, ""73"": 1.0, ""155"": 6.0, ""156"": 1.0, ""210"": 7.0, ""211"": 7.0, ""212"": 1.0}",2026-08-24T23:49:58-04:00
Cade York,4428963,K,CLE,ACTIVE,0.0,0.0,123.11871996,113.0,169.75267963477572,0.08807777304109643,2623,2623,{},{},2026-08-24T23:49:58-04:00
David Bell,4570409,WR,CLE,ACTIVE,0.0,41.7,59.6399155,33.4,170.13235875148163,0.08805196196917289,1092,1092,"{""210"": 14.11764706}","{""41"": 14.0, ""42"": 167.0, ""43"": 3.0, ""45"": 1.0, ""47"": 31.0, ""48"": 13.0, ""49"": 6.0, ""50"": 4.0, ""51"": 1.0, ""53"": 14.0, ""58"": 23.0, ""59"": 73.0, ""60"": 11.92857143, ""61"": 11.13333333, ""155"": 9.0, ""156"": 6.0, ""158"": 18.0, ""185"": 1.0, ""186"": 1.0, ""210"": 15.0, ""213"": 9.0}",2026-08-24T23:49:58-04:00
James Robinson,4052042,RB,NO,ACTIVE,0.0,0.5,138.10407526,83.1,169.89095219280915,0.08805169986217737,1374,1374,{},"{""23"": 1.0, ""24"": 2.0, ""39"": 2.0, ""40"": 2.0, ""41"": 1.0, ""42"": -2.0, ""53"": 1.0, ""58"": 1.0, ""59"": 1.0, ""60"": -2.0, ""61"": -2.0, ""155"": 1.0, ""210"": 1.0}",2026-08-24T23:49:58-04:00
Sean Clifford,4259592,QB,GB,ACTIVE,0.0,1.2,,,170.17246835443038,0.0873566208740555,1025,1025,"{""210"": 4.0}","{""0"": 1.0, ""1"": 1.0, ""3"": 37.0, ""5"": 7.0, ""6"": 3.0, ""7"": 1.0, ""8"": 1.0, ""21"": 1.0, ""22"": 18.5, ""23"": 3.0, ""24"": -2.0, ""39"": -0.66666667, ""40"": -1.0, ""66"": 1.0, ""68"": 1.0, ""155"": 2.0, ""210"": 2.0, ""211"": 1.0}",2026-08-24T23:49:58-04:00
Marquise Goodwin,15839,WR,CLE,ACTIVE,15.94553541,12.0,29.17656557,76.7,170.31473214285714,0.0867417833443869,422,422,"{""23"": 2.408106305, ""24"": 14.23631161, ""25"": 0.105597136, ""26"": 0.004234212, ""27"": 2.0, ""28"": 1.0, ""35"": 0.004422037, ""36"": 0.003095426, ""37"": 0.000420402, ""38"": 1.43467e-05, ""39"": 5.911828549, ""40"": 1.004221151, ""42"": 80.58327688, ""43"": 0.48158639, ""44"": 0.026844582, ""45"": 0.200943522, ""46"": 0.131316592, ""47"": 16.0, ""48"": 8.0, ""49"": 4.0, ""50"": 3.0, ""51"": 1.0, ""53"": 6.119403205, ""54"": 1.0, ""56"": 0.036979667, ""57"": 0.001143701, ""58"": 9.920255763, ""60"": 13.16848624, ""61"": 5.68429754, ""62"": 0.031078794, ""63"": 0.000750421, ""66"": 0.048162126, ""67"": 0.122388064, ""68"": 0.17055019, ""70"": 0.022154578, ""71"": 0.068537316, ""72"": 0.090691894, ""73"": 0.090691894, ""210"": 14.17647059, ""212"": 2.777706364, ""213"": 2.664202504}","{""23"": 4.0, ""24"": 33.0, ""27"": 7.0, ""28"": 3.0, ""29"": 1.0, ""39"": 8.25, ""40"": 2.75, ""41"": 4.0, ""42"": 67.0, ""47"": 12.0, ""48"": 5.0, ""49"": 2.0, ""50"": 2.0, ""51"": 1.0, ""53"": 4.0, ""58"": 13.0, ""59"": 21.0, ""60"": 16.75, ""61"": 5.58333333, ""155"": 9.0, ""156"": 3.0, ""210"": 12.0, ""212"": 2.0, ""213"": 1.0}",2026-08-24T23:49:58-04:00
Jordan Akins,3128452,TE,CLE,ACTIVE,0.0,20.7,0.0,98.0,170.0,0.08668431311612246,986,986,"{""210"": 15.11764706}","{""41"": 15.0, ""42"": 132.0, ""47"": 21.0, ""48"": 7.0, ""49"": 2.0, ""50"": 1.0, ""53"": 15.0, ""58"": 23.0, ""59"": 58.0, ""60"": 8.8, ""61"": 7.76470588, ""155"": 11.0, ""156"": 6.0, ""210"": 17.0, ""213"": 6.0}",2026-08-24T23:49:58-04:00
Clayton Tune,4360175,QB,ARI,ACTIVE,0.0,7.2,,,169.75039556962025,0.08628256406003024,1599,1599,{},"{""0"": 21.0, ""1"": 12.0, ""2"": 9.0, ""3"": 62.0, ""5"": 11.0, ""6"": 5.0, ""7"": 2.0, ""8"": 2.0, ""9"": 1.0, ""11"": 2.0, ""12"": 1.0, ""13"": 1.0, ""20"": 2.0, ""21"": 0.57142857, ""22"": 8.85714286, ""23"": 8.0, ""24"": 30.0, ""25"": 1.0, ""26"": 1.0, ""27"": 5.0, ""28"": 2.0, ""29"": 1.0, ""30"": 1.0, ""33"": 1.0, ""39"": 3.75, ""40"": 4.28571429, ""64"": 7.0, ""65"": 1.0, ""66"": 1.0, ""68"": 2.0, ""69"": 1.0, ""72"": 1.0, ""73"": 3.0, ""155"": 2.0, ""156"": 5.0, ""158"": 8.0, ""179"": 1.0, ""210"": 7.0, ""211"": 3.0, ""212"": 3.0}",2026-08-24T23:49:58-04:00
Julius Chestnut,4367567,RB,TEN,QUESTIONABLE,0.0,0.0,8.22555907,6.8,170.0,0.08608772374770939,433,433,"{""210"": 13.17647059}","{""107"": 1.0, ""108"": 1.0, ""109"": 2.0, ""155"": 1.0, ""156"": 2.0, ""210"": 3.0}",2026-08-24T23:49:58-04:00
Davis Mills,4242546,QB,HOU,ACTIVE,0.0,21.3,245.90786604,214.4,169.97666139240508,0.0849101074652871,1407,1407,{},"{""0"": 39.0, ""1"": 18.0, ""2"": 21.0, ""3"": 173.0, ""4"": 2.0, ""5"": 32.0, ""6"": 15.0, ""7"": 7.0, ""8"": 5.0, ""9"": 2.0, ""10"": 1.0, ""11"": 3.0, ""12"": 1.0, ""13"": 3.0, ""14"": 1.0, ""19"": 1.0, ""21"": 0.46153846, ""22"": 28.83333333, ""23"": 2.0, ""24"": 9.0, ""27"": 1.0, ""39"": 4.5, ""40"": 1.5, ""64"": 2.0, ""155"": 4.0, ""156"": 2.0, ""158"": 12.0, ""175"": 2.0, ""210"": 6.0, ""211"": 12.0}",2026-08-24T23:49:58-04:00
Lil'Jordan Humphrey,4039057,WR,DEN,ACTIVE,0.0,40.7,0.0,3.0,169.96602133544053,0.08370592192606968,1087,1087,"{""210"": 14.11764706}","{""41"": 13.0, ""42"": 162.0, ""43"": 3.0, ""45"": 1.0, ""46"": 1.0, ""47"": 28.0, ""48"": 13.0, ""49"": 3.0, ""50"": 2.0, ""51"": 1.0, ""53"": 13.0, ""58"": 19.0, ""59"": 99.0, ""60"": 12.46153846, ""61"": 9.52941176, ""155"": 8.0, ""156"": 9.0, ""158"": 18.0, ""183"": 2.0, ""210"": 17.0, ""213"": 9.0}",2026-08-24T23:49:58-04:00
Nick Foles,14877,QB,FA,ACTIVE,0.0,0.0,19.15319648,1.6,169.77469825659367,0.08365843965672591,1756,1756,{},{},2026-08-24T23:49:58-04:00
Foster Moreau,3843945,TE,NO,ACTIVE,0.0,35.8,42.96651341,68.7,169.935993678388,0.08364738311692178,1007,1007,"{""210"": 15.11764706}","{""41"": 21.0, ""42"": 193.0, ""43"": 1.0, ""47"": 33.0, ""48"": 15.0, ""49"": 5.0, ""50"": 3.0, ""53"": 21.0, ""58"": 25.0, ""59"": 96.0, ""60"": 9.19047619, ""61"": 12.86666667, ""155"": 9.0, ""156"": 6.0, ""158"": 6.0, ""183"": 1.0, ""210"": 15.0, ""213"": 9.0}",2026-08-24T23:49:58-04:00
Hassan Haskins,4372071,RB,TEN,QUESTIONABLE,0.0,0.0,42.08189319,20.5,170.1157645199526,0.08281324511827529,1157,1157,"{""210"": 13.17647059}",{},2026-08-24T23:49:58-04:00
Drew Sample,3127310,TE,CIN,ACTIVE,0.0,39.3,14.98574449,0.8,169.94033978664558,0.0826954058504767,980,980,"{""210"": 15.11764706}","{""41"": 22.0, ""42"": 163.0, ""43"": 2.0, ""47"": 28.0, ""48"": 12.0, ""49"": 3.0, ""50"": 2.0, ""53"": 22.0, ""58"": 27.0, ""59"": 173.0, ""60"": 7.40909091, ""61"": 9.58823529, ""107"": 1.0, ""109"": 1.0, ""155"": 9.0, ""156"": 8.0, ""158"": 12.0, ""184"": 1.0, ""185"": 1.0, ""210"": 17.0, ""213"": 9.0}",2026-08-24T23:49:58-04:00
Peyton Hendershot,4258248,TE,DAL,QUESTIONABLE,23.32596262,5.8,17.42941525,34.0,169.9122876333465,0.0801354085983031,1060,1060,"{""42"": 116.5894444, ""43"": 1.013902385, ""44"": 0.056373378, ""45"": 0.115726126, ""46"": 0.075627023, ""47"": 23.0, ""48"": 11.0, ""49"": 5.0, ""50"": 4.0, ""51"": 2.0, ""53"": 11.23253552, ""54"": 2.0, ""55"": 1.0, ""56"": 0.04841707, ""57"": 0.001497435, ""58"": 16.36057576, ""60"": 10.37961947, ""61"": 7.712142236, ""62"": 0.056373378, ""63"": 0.000571256, ""67"": 0.129830938, ""68"": 0.129830938, ""71"": 0.072705325, ""72"": 0.072705325, ""73"": 0.072705325, ""210"": 15.11764706, ""213"": 5.040235158}","{""23"": 1.0, ""41"": 4.0, ""42"": 38.0, ""47"": 6.0, ""48"": 2.0, ""49"": 1.0, ""53"": 4.0, ""58"": 7.0, ""59"": 28.0, ""60"": 9.5, ""61"": 4.75, ""97"": 1.0, ""107"": 2.0, ""108"": 1.0, ""109"": 3.0, ""155"": 5.0, ""156"": 3.0, ""210"": 8.0, ""213"": 1.0}",2026-08-24T23:49:58-04:00
Robbie Gould,9354,K,FA,ACTIVE,0.0,0.0,130.4779768,137.0,169.85771812080537,0.07956502005663266,2226,2228,{},{},2026-08-24T23:49:58-04:00
River Cracraft,3052056,WR,MIA,ACTIVE,0.0,22.6,0.0,26.7,169.57098214285713,0.07787151200519143,1041,1041,"{""210"": 15.11764706}","{""41"": 9.0, ""42"": 121.0, ""43"": 1.0, ""47"": 22.0, ""48"": 10.0, ""49"": 3.0, ""50"": 2.0, ""53"": 9.0, ""58"": 12.0, ""59"": 49.0, ""60"": 13.44444444, ""61"": 12.1, ""155"": 7.0, ""156"": 3.0, ""158"": 6.0, ""183"": 1.0, ""210"": 10.0, ""213"": 8.0}",2026-08-24T23:49:58-04:00
Malik Cunningham,4240069,QB,BAL,ACTIVE,0.0,0.0,,,169.439082278481,0.07733204446592556,1621,1621,{},"{""64"": 1.0, ""156"": 2.0, ""210"": 2.0}",2026-08-24T23:49:58-04:00
Travis Homer,4037457,RB,CHI,ACTIVE,0.0,0.0,19.85035159,35.1,170.42552350849468,0.07674076208518164,1112,1112,"{""210"": 13.17647059}","{""58"": 1.0, ""107"": 2.0, ""108"": 5.0, ""109"": 7.0, ""155"": 7.0, ""156"": 9.0, ""210"": 16.0}",2026-08-24T23:49:58-04:00
Patrick Ricard,2975417,RB,BAL,ACTIVE,0.0,13.7,11.92219283,14.5,170.29151785714285,0.07596676037488048,1153,1153,"{""210"": 14.17647059}","{""41"": 5.0, ""42"": 52.0, ""43"": 1.0, ""47"": 8.0, ""48"": 4.0, ""49"": 1.0, ""50"": 1.0, ""53"": 5.0, ""58"": 7.0, ""59"": 35.0, ""60"": 10.4, ""61"": 3.05882353, ""155"": 13.0, ""156"": 4.0, ""158"": 6.0, ""183"": 1.0, ""210"": 17.0, ""213"": 3.0}",2026-08-24T23:49:58-04:00
Malik Willis,4242512,QB,TEN,ACTIVE,0.0,2.9,19.17286264,19.1,170.04628164556962,0.07595963935580498,1480,1480,{},"{""0"": 5.0, ""1"": 4.0, ""2"": 1.0, ""3"": 74.0, ""5"": 14.0, ""6"": 7.0, ""7"": 3.0, ""8"": 2.0, ""9"": 1.0, ""21"": 0.8, ""22"": 24.66666667, ""23"": 5.0, ""24"": 21.0, ""27"": 3.0, ""28"": 1.0, ""39"": 4.2, ""40"": 7.0, ""64"": 4.0, ""66"": 1.0, ""68"": 1.0, ""70"": 1.0, ""72"": 1.0, ""73"": 1.0, ""155"": 1.0, ""156"": 2.0, ""210"": 3.0, ""211"": 1.0, ""212"": 1.0}",2026-08-24T23:49:58-04:00
Chris Brooks,3149687,RB,MIA,ACTIVE,0.0,10.6,,,170.17463453180562,0.0754904797455709,1622,1622,{},"{""23"": 19.0, ""24"": 106.0, ""27"": 20.0, ""28"": 9.0, ""29"": 4.0, ""30"": 3.0, ""31"": 1.0, ""33"": 2.0, ""39"": 5.57894737, ""40"": 11.77777778, ""155"": 6.0, ""156"": 3.0, ""210"": 9.0, ""212"": 2.0}",2026-08-24T23:49:58-04:00
DeSean Jackson,11283,WR,FA,ACTIVE,0.0,0.0,0.0,19.8,169.8986607142857,0.07299113628028597,1767,1767,{},{},2026-08-24T23:49:58-04:00
Velus Jones Jr.,4035693,WR,CHI,ACTIVE,17.27870449,9.1,96.92641459,30.5,170.0272619517977,0.07167993598815019,1028,1028,"{""23"": 4.697366499, ""24"": 32.70539032, ""25"": 0.202412341, ""26"": 0.007556311, ""27"": 6.0, ""28"": 3.0, ""29"": 1.0, ""30"": 1.0, ""35"": 0.008636593, ""36"": 0.006045615, ""37"": 0.002528104, ""38"": 8.62745e-05, ""39"": 6.962494907, ""40"": 2.163391578, ""42"": 70.10903991, ""43"": 0.496692312, ""44"": 0.029168665, ""45"": 0.140482537, ""46"": 0.091805338, ""47"": 14.0, ""48"": 7.0, ""49"": 3.0, ""50"": 2.0, ""51"": 1.0, ""53"": 5.895341586, ""54"": 1.0, ""56"": 0.03314555, ""57"": 0.00102512, ""58"": 9.392934723, ""60"": 11.89227781, ""61"": 4.637562951, ""62"": 0.036724975, ""63"": 0.000932158, ""66"": 0.09394733, ""67"": 0.117906832, ""68"": 0.211854162, ""70"": 0.043215772, ""71"": 0.066027826, ""72"": 0.109243598, ""73"": 0.109243598, ""210"": 15.11764706, ""212"": 3.612576488, ""213"": 2.330470144}","{""23"": 8.0, ""24"": 51.0, ""27"": 9.0, ""28"": 4.0, ""29"": 1.0, ""39"": 6.375, ""40"": 3.64285714, ""41"": 4.0, ""42"": 20.0, ""47"": 3.0, ""48"": 1.0, ""53"": 4.0, ""58"": 7.0, ""59"": 15.0, ""60"": 5.0, ""61"": 1.42857143, ""107"": 3.0, ""108"": 1.0, ""109"": 4.0, ""114"": 435.0, ""116"": 40.0, ""117"": 14.0, ""155"": 6.0, ""156"": 8.0, ""210"": 14.0, ""212"": 4.0, ""213"": 1.0}",2026-08-24T23:49:58-04:00
Britain Covey,3926231,WR,PHI,QUESTIONABLE,1.126944,6.2,,0.0,169.49506124061637,0.070846448360381,1117,1117,"{""102"": 0.187824, ""115"": 252.84, ""118"": 25.0, ""119"": 10.0, ""210"": 15.11764706}","{""41"": 4.0, ""42"": 42.0, ""47"": 8.0, ""48"": 3.0, ""49"": 1.0, ""50"": 1.0, ""53"": 4.0, ""58"": 6.0, ""59"": 26.0, ""60"": 10.5, ""61"": 2.625, ""68"": 2.0, ""114"": 30.0, ""115"": 417.0, ""116"": 3.0, ""117"": 1.0, ""118"": 35.0, ""119"": 12.0, ""155"": 11.0, ""156"": 5.0, ""210"": 16.0, ""213"": 2.0}",2026-08-24T23:49:58-04:00
Albert Okwuegbunam,4035115,TE,PHI,QUESTIONABLE,0.0,0.0,99.23137497,20.5,169.85618332674832,0.07066826459103197,1130,1130,"{""210"": 14.11764706}","{""58"": 1.0, ""155"": 3.0, ""156"": 1.0, ""210"": 4.0}",2026-08-24T23:49:58-04:00
Ben Skowronek,4035656,WR,LAR,ACTIVE,43.07254939,17.5,46.97750737,64.8,169.89095219280915,0.07054873220653811,1048,1048,"{""42"": 275.4222734, ""43"": 0.729365641, ""44"": 0.038510107, ""45"": 0.137337557, ""46"": 0.089750094, ""47"": 55.0, ""48"": 27.0, ""49"": 13.0, ""50"": 11.0, ""51"": 5.0, ""53"": 22.97825028, ""54"": 4.0, ""55"": 2.0, ""56"": 0.128902924, ""57"": 0.003986688, ""58"": 36.91670928, ""60"": 11.9862161, ""61"": 18.21859396, ""62"": 0.038510107, ""63"": 0.001618639, ""67"": 0.367872458, ""68"": 0.367872458, ""71"": 0.206008577, ""72"": 0.206008577, ""73"": 0.206008577, ""210"": 15.11764706, ""213"": 11.98110584}","{""23"": 2.0, ""24"": 9.0, ""27"": 2.0, ""28"": 1.0, ""39"": 4.5, ""40"": 0.52941176, ""41"": 8.0, ""42"": 66.0, ""43"": 1.0, ""47"": 12.0, ""48"": 6.0, ""49"": 2.0, ""53"": 8.0, ""58"": 12.0, ""59"": 30.0, ""60"": 8.25, ""61"": 3.88235294, ""107"": 2.0, ""108"": 11.0, ""109"": 13.0, ""110"": 1.0, ""155"": 10.0, ""156"": 7.0, ""158"": 6.0, ""185"": 1.0, ""210"": 17.0, ""212"": 1.0, ""213"": 3.0}",2026-08-24T23:49:58-04:00
Jason Brownlee,4689988,WR,NYJ,ACTIVE,0.0,14.1,,,169.95495851442118,0.06983431466520608,998,998,"{""210"": 15.11764706}","{""41"": 5.0, ""42"": 56.0, ""43"": 1.0, ""47"": 10.0, ""48"": 4.0, ""49"": 2.0, ""50"": 1.0, ""53"": 5.0, ""58"": 8.0, ""59"": 20.0, ""60"": 11.2, ""61"": 7.0, ""108"": 1.0, ""109"": 1.0, ""155"": 4.0, ""156"": 4.0, ""158"": 6.0, ""183"": 1.0, ""210"": 8.0, ""213"": 2.0}",2026-08-24T23:49:58-04:00
Matt Ryan,11237,QB,FA,ACTIVE,0.0,0.0,294.09754625,182.2,170.14260169870363,0.0697551885269721,2223,2225,{},{},2026-08-24T23:49:58-04:00
Charlie Kolar,4241263,TE,BAL,ACTIVE,0.0,18.2,5.59680359,6.9,169.80758593441328,0.06959750139611755,1139,1139,"{""210"": 14.11764706}","{""41"": 7.0, ""42"": 87.0, ""43"": 1.0, ""47"": 15.0, ""48"": 6.0, ""49"": 1.0, ""53"": 7.0, ""58"": 9.0, ""59"": 17.0, ""60"": 12.42857143, ""61"": 5.8, ""107"": 1.0, ""108"": 4.0, ""109"": 5.0, ""155"": 12.0, ""156"": 3.0, ""158"": 6.0, ""184"": 1.0, ""210"": 15.0, ""213"": 5.0}",2026-08-24T23:49:58-04:00
Tanner Brown,4696736,K,LAR,ACTIVE,0.0,0.0,,,168.93529178245336,0.06909152605908184,340,340,{},{},2026-08-24T23:49:58-04:00
Dyami Brown,4361577,WR,WSH,ACTIVE,26.04536325,28.8,21.25690372,30.3,169.7380482022916,0.06810784615485367,394,394,"{""42"": 163.2468173, ""43"": 0.662337513, ""44"": 0.032838998, ""45"": 0.145983344, ""46"": 0.095400116, ""47"": 32.0, ""48"": 16.0, ""49"": 8.0, ""50"": 6.0, ""51"": 3.0, ""53"": 11.894846, ""54"": 2.0, ""55"": 1.0, ""56"": 0.062410712, ""57"": 0.001930228, ""58"": 21.71772989, ""60"": 13.724164, ""61"": 10.7984276, ""62"": 0.032838998, ""63"": 0.001046746, ""67"": 0.23789692, ""68"": 0.23789692, ""71"": 0.133222275, ""72"": 0.133222275, ""73"": 0.133222275, ""210"": 15.11764706, ""213"": 6.334064552}","{""0"": 1.0, ""1"": 1.0, ""3"": 4.0, ""21"": 1.0, ""22"": 0.23529412, ""23"": 1.0, ""41"": 12.0, ""42"": 168.0, ""43"": 1.0, ""47"": 32.0, ""48"": 15.0, ""49"": 6.0, ""50"": 5.0, ""51"": 1.0, ""53"": 12.0, ""58"": 23.0, ""59"": 76.0, ""60"": 14.0, ""61"": 9.88235294, ""96"": 1.0, ""107"": 2.0, ""108"": 4.0, ""109"": 6.0, ""155"": 4.0, ""156"": 13.0, ""158"": 6.0, ""186"": 1.0, ""210"": 17.0, ""213"": 8.0}",2026-08-24T23:49:58-04:00
Ihmir Smith-Marsette,4240573,WR,CAR,ACTIVE,15.12593517,28.5,7.32597915,-0.1,170.10430659818255,0.06810699465979247,1015,1015,"{""42"": 84.19506801, ""43"": 0.333747478, ""44"": 0.018347272, ""45"": 0.120162776, ""46"": 0.078526374, ""47"": 16.0, ""48"": 8.0, ""49"": 4.0, ""50"": 3.0, ""51"": 1.0, ""53"": 6.790387271, ""54"": 1.0, ""56"": 0.038142494, ""57"": 0.001179665, ""58"": 11.67788966, ""60"": 12.39915555, ""61"": 5.569323565, ""62"": 0.018347272, ""63"": 0.000597554, ""67"": 0.135807745, ""68"": 0.135807745, ""71"": 0.076052337, ""72"": 0.076052337, ""73"": 0.076052337, ""102"": 0.23736, ""115"": 211.56, ""118"": 21.0, ""119"": 8.0, ""210"": 15.11764706, ""213"": 2.856287296}","{""23"": 8.0, ""24"": 74.0, ""25"": 1.0, ""27"": 14.0, ""28"": 7.0, ""29"": 2.0, ""30"": 2.0, ""39"": 9.25, ""40"": 4.35294118, ""41"": 8.0, ""42"": 51.0, ""47"": 8.0, ""48"": 3.0, ""53"": 8.0, ""58"": 10.0, ""59"": 48.0, ""60"": 6.375, ""61"": 3.0, ""68"": 2.0, ""102"": 1.0, ""105"": 1.0, ""107"": 1.0, ""108"": 1.0, ""109"": 2.0, ""115"": 322.0, ""118"": 27.0, ""119"": 8.0, ""155"": 2.0, ""156"": 15.0, ""158"": 12.0, ""181"": 1.0, ""210"": 17.0, ""212"": 4.0, ""213"": 5.0}",2026-08-24T23:49:58-04:00
Drew Ogletree,4722908,TE,IND,OUT,0.0,31.2,,,170.21888581588306,0.0670969923639217,1050,1050,"{""210"": 15.11764706}","{""41"": 9.0, ""42"": 147.0, ""43"": 2.0, ""47"": 27.0, ""48"": 12.0, ""49"": 4.0, ""50"": 2.0, ""53"": 9.0, ""58"": 21.0, ""59"": 30.0, ""60"": 16.33333333, ""61"": 12.25, ""107"": 3.0, ""108"": 3.0, ""109"": 6.0, ""155"": 5.0, ""156"": 7.0, ""158"": 12.0, ""183"": 1.0, ""186"": 1.0, ""210"": 12.0, ""213"": 8.0}",2026-08-24T23:49:58-04:00
Chris Moore,2576581,WR,ARI,ACTIVE,0.0,57.3,59.1520816,91.1,169.96651785714286,0.06703609947538001,990,990,"{""210"": 15.11764706}","{""23"": 2.0, ""24"": 39.0, ""27"": 7.0, ""28"": 3.0, ""29"": 1.0, ""30"": 1.0, ""39"": 19.5, ""40"": 2.29411765, ""41"": 22.0, ""42"": 424.0, ""47"": 78.0, ""48"": 36.0, ""49"": 16.0, ""50"": 9.0, ""53"": 22.0, ""58"": 35.0, ""59"": 57.0, ""60"": 19.27272727, ""61"": 24.94117647, ""67"": 1.0, ""68"": 1.0, ""106"": 1.0, ""107"": 1.0, ""108"": 2.0, ""109"": 3.0, ""114"": 89.0, ""116"": 7.0, ""117"": 1.0, ""155"": 6.0, ""156"": 11.0, ""210"": 17.0, ""212"": 1.0, ""213"": 16.0}",2026-08-24T23:49:58-04:00
Corey Clement,3045260,RB,FA,ACTIVE,0.0,0.0,0.0,19.4,169.94776785714285,0.06459559880715446,2180,2181,{},"{""156"": 3.0, ""210"": 3.0}",2026-08-24T23:49:58-04:00
Brandon Bolden,15478,RB,LV,ACTIVE,34.25135968,11.1,25.11676245,22.8,170.29017857142858,0.06453602527145019,457,457,"{""23"": 31.63796584, ""24"": 137.008218, ""25"": 1.2385029, ""26"": 0.04996483, ""27"": 27.0, ""28"": 13.0, ""29"": 6.0, ""30"": 5.0, ""31"": 2.0, ""33"": 6.0, ""34"": 3.0, ""35"": 0.059037845, ""36"": 0.041326492, ""37"": 0.048503326, ""38"": 0.001655232, ""39"": 4.330500219, ""40"": 9.664480108, ""42"": 69.43018586, ""43"": 0.333710082, ""44"": 0.018725969, ""45"": 0.062128396, ""46"": 0.040600907, ""47"": 13.0, ""48"": 6.0, ""49"": 3.0, ""50"": 2.0, ""51"": 1.0, ""53"": 8.861775089, ""54"": 1.0, ""56"": 0.032766037, ""57"": 0.001013383, ""58"": 11.25286257, ""60"": 7.834794402, ""61"": 4.897564978, ""62"": 0.068690799, ""63"": 0.001798911, ""66"": 0.319384068, ""67"": 0.089459284, ""68"": 0.408843353, ""70"": 0.146916671, ""71"": 0.050097199, ""72"": 0.197013871, ""73"": 0.197013871, ""210"": 14.17647059, ""212"": 9.543529589, ""213"": 2.92125205}","{""23"": 4.0, ""24"": 31.0, ""25"": 1.0, ""26"": 1.0, ""27"": 6.0, ""28"": 2.0, ""29"": 1.0, ""30"": 1.0, ""39"": 7.75, ""40"": 1.82352941, ""107"": 1.0, ""108"": 3.0, ""109"": 4.0, ""155"": 8.0, ""156"": 9.0, ""158"": 8.0, ""181"": 1.0, ""210"": 17.0, ""212"": 2.0}",2026-08-24T23:49:58-04:00
T.Y. Hilton,14924,WR,FA,ACTIVE,0.0,0.0,0.0,15.6,170.0,0.06358414540050868,1762,1762,{},{},2026-08-24T23:49:58-04:00
Samori Toure,4027873,WR,GB,QUESTIONABLE,0.0,11.8,16.34397424,16.7,169.98814697747926,0.06286878106601877,1507,1507,{},"{""41"": 8.0, ""42"": 78.0, ""44"": 1.0, ""47"": 15.0, ""48"": 6.0, ""49"": 2.0, ""50"": 1.0, ""53"": 8.0, ""58"": 18.0, ""59"": 18.0, ""60"": 9.75, ""61"": 7.09090909, ""68"": 1.0, ""72"": 1.0, ""73"": 1.0, ""108"": 1.0, ""109"": 1.0, ""155"": 5.0, ""156"": 6.0, ""158"": 2.0, ""210"": 11.0, ""213"": 4.0}",2026-08-24T23:49:58-04:00
Gunner Olszewski,4424106,WR,NYG,ACTIVE,0.0,2.5,2.66873891,9.7,170.00750691426313,0.06274840390445097,1080,1080,"{""210"": 15.11764706}","{""41"": 1.0, ""53"": 1.0, ""58"": 1.0, ""67"": 1.0, ""68"": 4.0, ""71"": 1.0, ""72"": 2.0, ""73"": 2.0, ""102"": 1.0, ""105"": 1.0, ""108"": 1.0, ""109"": 1.0, ""114"": 24.0, ""115"": 281.0, ""116"": 2.0, ""118"": 23.0, ""119"": 8.0, ""155"": 6.0, ""156"": 6.0, ""158"": 6.0, ""210"": 12.0}",2026-08-24T23:49:58-04:00
John Bates,4048228,TE,WSH,ACTIVE,26.94481792,24.6,37.1837043,23.8,169.9719478467009,0.061857867409834275,1005,1005,"{""42"": 144.4969152, ""43"": 0.880402959, ""44"": 0.043451372, ""45"": 0.081492034, ""46"": 0.053255044, ""47"": 28.0, ""48"": 14.0, ""49"": 7.0, ""50"": 5.0, ""51"": 2.0, ""53"": 14.63040732, ""54"": 2.0, ""55"": 1.0, ""56"": 0.056735161, ""57"": 0.001754696, ""58"": 22.01478163, ""60"": 9.876479311, ""61"": 9.558161704, ""62"": 0.043451372, ""63"": 0.000744063, ""67"": 0.169105141, ""68"": 0.169105141, ""71"": 0.094698879, ""72"": 0.094698879, ""73"": 0.094698879, ""210"": 15.11764706, ""213"": 6.52971078}","{""41"": 19.0, ""42"": 151.0, ""47"": 28.0, ""48"": 11.0, ""49"": 3.0, ""50"": 1.0, ""53"": 19.0, ""58"": 28.0, ""59"": 65.0, ""60"": 7.94736842, ""61"": 8.88235294, ""108"": 3.0, ""109"": 3.0, ""114"": 10.0, ""116"": 1.0, ""155"": 4.0, ""156"": 13.0, ""210"": 17.0, ""213"": 6.0}",2026-08-24T23:49:58-04:00
Tyrion Davis-Price,4426475,RB,PHI,ACTIVE,0.0,2.1,29.312797,9.9,169.90833662583958,0.061202097302999796,457,457,"{""210"": 13.17647059}","{""23"": 6.0, ""24"": 21.0, ""27"": 4.0, ""28"": 2.0, ""29"": 1.0, ""33"": 1.0, ""39"": 3.5, ""40"": 10.5, ""155"": 2.0, ""210"": 2.0, ""212"": 1.0}",2026-08-24T23:49:58-04:00
Hunter Luepke,4383396,RB,DAL,ACTIVE,0.0,11.2,,,169.75701303832477,0.06066628127602801,1107,1107,"{""210"": 14.17647059}","{""23"": 6.0, ""24"": 19.0, ""25"": 1.0, ""27"": 1.0, ""39"": 3.16666667, ""40"": 1.11764706, ""41"": 3.0, ""42"": 18.0, ""47"": 3.0, ""48"": 1.0, ""53"": 3.0, ""58"": 4.0, ""59"": 16.0, ""60"": 6.0, ""61"": 1.05882353, ""107"": 1.0, ""108"": 3.0, ""109"": 4.0, ""114"": 15.0, ""116"": 1.0, ""155"": 12.0, ""156"": 5.0, ""158"": 6.0, ""179"": 1.0, ""210"": 17.0, ""212"": 5.0, ""213"": 1.0}",2026-08-24T23:49:58-04:00
D.J. Montgomery,4249030,WR,IND,ACTIVE,0.0,13.1,,,169.90241011457923,0.059118051545225606,1095,1095,"{""210"": 14.11764706}","{""41"": 3.0, ""42"": 56.0, ""43"": 1.0, ""47"": 10.0, ""48"": 4.0, ""49"": 2.0, ""50"": 1.0, ""53"": 3.0, ""58"": 8.0, ""59"": 28.0, ""60"": 18.66666667, ""61"": 8.0, ""155"": 4.0, ""156"": 3.0, ""158"": 6.0, ""184"": 1.0, ""210"": 7.0, ""213"": 3.0}",2026-08-24T23:49:58-04:00
Danny Amendola,11674,WR,FA,ACTIVE,0.0,0.0,0.0,0.0,169.95803571428573,0.0577499546037728,2225,2227,{},{},2026-08-24T23:49:58-04:00
Michael Burton,2515270,RB,DEN,ACTIVE,0.0,5.2,4.95004243,2.8,170.31294642857142,0.057570421067797355,1103,1103,"{""210"": 14.17647059}","{""23"": 7.0, ""24"": 9.0, ""26"": 1.0, ""39"": 1.28571429, ""40"": 0.52941176, ""41"": 3.0, ""42"": 8.0, ""53"": 3.0, ""58"": 3.0, ""59"": 6.0, ""60"": 2.66666667, ""61"": 0.47058824, ""106"": 1.0, ""107"": 1.0, ""108"": 4.0, ""109"": 5.0, ""155"": 8.0, ""156"": 9.0, ""158"": 2.0, ""210"": 17.0, ""212"": 4.0, ""213"": 2.0}",2026-08-24T23:49:58-04:00
Brenton Strange,4430539,TE,JAX,ACTIVE,0.0,12.0,,,170.0138285262742,0.05709495623513834,1035,1035,"{""210"": 15.11764706}","{""41"": 5.0, ""42"": 35.0, ""43"": 1.0, ""47"": 6.0, ""48"": 2.0, ""49"": 1.0, ""50"": 1.0, ""53"": 5.0, ""58"": 9.0, ""59"": 28.0, ""60"": 7.0, ""61"": 2.5, ""108"": 1.0, ""109"": 1.0, ""155"": 9.0, ""156"": 5.0, ""158"": 6.0, ""184"": 1.0, ""210"": 14.0, ""213"": 2.0}",2026-08-24T23:49:58-04:00
DeAndre Carter,2580216,WR,LV,ACTIVE,17.75998419,7.7,17.83284301,89.3,170.12544642857142,0.05709386851145151,1910,1910,"{""42"": 85.94220925, ""43"": 0.511698935, ""44"": 0.028700034, ""45"": 0.157280623, ""46"": 0.102782887, ""47"": 17.0, ""48"": 8.0, ""49"": 4.0, ""50"": 3.0, ""51"": 1.0, ""53"": 7.353507332, ""54"": 1.0, ""56"": 0.038463371, ""57"": 0.001189589, ""58"": 11.25286257, ""60"": 11.68724057, ""61"": 5.879346307, ""62"": 0.028700034, ""63"": 0.000647109, ""67"": 0.147070147, ""68"": 0.147070147, ""71"": 0.082359282, ""72"": 0.082359282, ""73"": 0.082359282, ""101"": 0.233198414, ""102"": 0.187824, ""114"": 672.018018, ""115"": 254.2472727, ""116"": 67.0, ""117"": 26.0, ""118"": 25.0, ""119"": 10.0, ""210"": 14.61764706, ""213"": 3.105587355}","{""23"": 3.0, ""24"": 18.0, ""27"": 3.0, ""28"": 1.0, ""39"": 6.0, ""40"": 1.05882353, ""41"": 4.0, ""42"": 39.0, ""47"": 7.0, ""48"": 2.0, ""53"": 4.0, ""58"": 7.0, ""59"": 50.0, ""60"": 9.75, ""61"": 2.29411765, ""68"": 2.0, ""114"": 262.0, ""115"": 232.0, ""116"": 22.0, ""117"": 8.0, ""118"": 17.0, ""119"": 3.0, ""155"": 8.0, ""156"": 9.0, ""210"": 17.0, ""212"": 2.0}",2026-08-24T23:49:58-04:00
Mark Ingram II,13981,RB,FA,QUESTIONABLE,0.0,0.0,84.32484758,42.1,170.0,0.05679727658844836,2211,2213,{},{},2026-08-24T23:49:58-04:00
Antoine Green,4373266,WR,DET,ACTIVE,0.0,0.7,,,169.8573686290004,0.05661762385774986,1072,1072,"{""210"": 14.11764706}","{""41"": 1.0, ""42"": 2.0, ""53"": 1.0, ""58"": 2.0, ""59"": 1.0, ""60"": 2.0, ""61"": 0.22222222, ""155"": 7.0, ""156"": 2.0, ""210"": 9.0}",2026-08-24T23:49:58-04:00
Tavon Austin,15786,WR,FA,ACTIVE,0.0,0.0,0.0,0.0,169.90803571428572,0.05536854614105048,1930,1930,{},{},2026-08-24T23:49:58-04:00
Grant Calcaterra,4241374,TE,PHI,ACTIVE,0.0,5.9,8.20666065,10.6,169.84195969972342,0.05465401567105665,1076,1076,"{""210"": 15.11764706}","{""41"": 4.0, ""42"": 39.0, ""47"": 7.0, ""48"": 3.0, ""49"": 1.0, ""53"": 4.0, ""58"": 4.0, ""59"": 32.0, ""60"": 9.75, ""61"": 2.6, ""107"": 2.0, ""109"": 2.0, ""155"": 9.0, ""156"": 6.0, ""210"": 15.0, ""213"": 3.0}",2026-08-24T23:49:58-04:00
Jermar Jefferson,4374033,RB,DET,QUESTIONABLE,0.0,0.0,0.0,0.0,169.73528249703674,0.05453426192401163,1406,1406,{},{},2026-08-24T23:49:58-04:00
Justin Shorter,4361426,WR,BUF,QUESTIONABLE,0.0,0.0,,,169.95140260766496,0.053938524370568376,1129,1129,"{""210"": 14.11764706}",{},2026-08-24T23:49:58-04:00
David Johnson,2508176,RB,FA,ACTIVE,0.0,0.0,0.0,7.1,169.93839285714284,0.05340385579410998,1752,1752,{},{},2026-08-24T23:49:58-04:00
Tylan Wallace,4241424,WR,BAL,QUESTIONABLE,0.0,7.6,13.50469003,5.3,169.92374555511657,0.053402711214569354,1079,1079,"{""210"": 15.11764706}","{""41"": 1.0, ""42"": 11.0, ""47"": 2.0, ""48"": 1.0, ""53"": 1.0, ""58"": 2.0, ""60"": 11.0, ""61"": 1.0, ""102"": 1.0, ""105"": 1.0, ""108"": 2.0, ""109"": 2.0, ""114"": 26.0, ""115"": 127.0, ""116"": 2.0, ""117"": 1.0, ""118"": 11.0, ""119"": 3.0, ""155"": 9.0, ""156"": 2.0, ""158"": 6.0, ""210"": 11.0, ""213"": 1.0}",2026-08-24T23:49:58-04:00
Christopher Dunn,4361665,K,FA,ACTIVE,0.0,0.0,,,169.32711393410082,0.05212531636575679,2678,2678,{},{},2026-08-24T23:49:58-04:00
Lynn Bowden Jr.,4259979,WR,NO,ACTIVE,0.0,17.0,,,170.08099565389173,0.05203325603755443,2309,2312,{},"{""23"": 5.0, ""24"": 32.0, ""27"": 8.0, ""28"": 4.0, ""29"": 2.0, ""30"": 1.0, ""39"": 6.4, ""40"": 2.13333333, ""41"": 11.0, ""42"": 83.0, ""47"": 15.0, ""48"": 6.0, ""49"": 2.0, ""50"": 1.0, ""53"": 11.0, ""58"": 16.0, ""59"": 57.0, ""60"": 7.54545455, ""61"": 5.53333333, ""66"": 1.0, ""68"": 1.0, ""114"": 64.0, ""115"": 53.0, ""116"": 4.0, ""117"": 1.0, ""118"": 5.0, ""119"": 1.0, ""155"": 7.0, ""156"": 8.0, ""210"": 15.0, ""212"": 3.0, ""213"": 2.0}",2026-08-24T23:49:58-04:00
Austin Trammell,4244856,WR,LAR,ACTIVE,0.0,2.9,,,169.9541683129198,0.0518548374133545,2649,2649,{},"{""41"": 4.0, ""42"": 29.0, ""47"": 5.0, ""48"": 2.0, ""49"": 1.0, ""53"": 4.0, ""58"": 7.0, ""59"": 35.0, ""60"": 7.25, ""61"": 1.8125, ""68"": 3.0, ""72"": 1.0, ""73"": 1.0, ""108"": 1.0, ""109"": 1.0, ""114"": 101.0, ""115"": 183.0, ""116"": 8.0, ""117"": 1.0, ""118"": 15.0, ""119"": 4.0, ""155"": 9.0, ""156"": 7.0, ""210"": 16.0, ""213"": 2.0}",2026-08-24T23:49:58-04:00
Josiah Deguara,3914151,TE,GB,ACTIVE,21.10771544,10.5,42.32713806,17.9,170.0877123666535,0.05161768146710906,2337,2341,"{""42"": 113.2397718, ""43"": 0.703308815, ""44"": 0.037308319, ""45"": 0.100594696, ""46"": 0.065738634, ""47"": 22.0, ""48"": 11.0, ""49"": 5.0, ""50"": 4.0, ""51"": 2.0, ""53"": 11.2703375, ""54"": 2.0, ""55"": 1.0, ""56"": 0.047445843, ""57"": 0.001467397, ""58"": 16.38364714, ""60"": 10.04759367, ""61"": 7.49056856, ""62"": 0.037308319, ""63"": 0.000573179, ""67"": 0.130267871, ""68"": 0.130267871, ""71"": 0.072950008, ""72"": 0.072950008, ""73"": 0.072950008, ""210"": 15.11764706, ""213"": 4.829474089}","{""41"": 8.0, ""42"": 65.0, ""47"": 11.0, ""48"": 4.0, ""49"": 1.0, ""50"": 1.0, ""53"": 8.0, ""58"": 8.0, ""59"": 39.0, ""60"": 8.125, ""61"": 4.33333333, ""107"": 1.0, ""108"": 3.0, ""109"": 4.0, ""155"": 7.0, ""156"": 8.0, ""210"": 15.0, ""213"": 3.0}",2026-08-24T23:49:58-04:00
Byron Pringle,4036416,WR,WSH,ACTIVE,9.19396523,21.1,62.22064671,30.5,170.04978269458712,0.051497628430024846,1979,1979,"{""42"": 51.92502103, ""43"": 0.241948575, ""44"": 0.01194213, ""45"": 0.075981423, ""46"": 0.04965386, ""47"": 10.0, ""48"": 5.0, ""49"": 2.0, ""50"": 2.0, ""51"": 1.0, ""53"": 5.288709, ""54"": 1.0, ""56"": 0.025908488, ""57"": 0.000801293, ""58"": 7.921359906, ""60"": 9.818090015, ""61"": 3.678022323, ""62"": 0.01194213, ""63"": 0.000465406, ""67"": 0.10577418, ""68"": 0.10577418, ""71"": 0.059233541, ""72"": 0.059233541, ""73"": 0.059233541, ""210"": 14.11764706, ""213"": 1.654215976}","{""41"": 14.0, ""42"": 161.0, ""47"": 30.0, ""48"": 12.0, ""49"": 4.0, ""50"": 3.0, ""51"": 1.0, ""53"": 14.0, ""58"": 22.0, ""59"": 31.0, ""60"": 11.5, ""61"": 9.47058824, ""68"": 1.0, ""72"": 1.0, ""73"": 1.0, ""108"": 3.0, ""109"": 3.0, ""114"": 251.0, ""116"": 22.0, ""117"": 9.0, ""155"": 4.0, ""156"": 13.0, ""210"": 17.0, ""213"": 7.0}",2026-08-24T23:49:58-04:00
Jarvis Landry,16790,WR,FA,ACTIVE,0.0,0.0,117.54637108,47.7,170.0,0.051200624885766044,2200,2201,{},{},2026-08-24T23:49:58-04:00
Godwin Igwebuike,3045238,RB,PIT,ACTIVE,0.0,0.0,0.0,1.2,170.025,0.05096099578738311,2556,2556,{},"{""107"": 1.0, ""109"": 1.0, ""114"": 282.0, ""116"": 25.0, ""117"": 8.0, ""155"": 8.0, ""156"": 4.0, ""210"": 12.0}",2026-08-24T23:49:58-04:00
Deneric Prince,4372526,RB,KC,ACTIVE,0.0,0.0,,,169.62070327933623,0.05048574670681712,1078,1078,"{""210"": 13.17647059}","{""155"": 1.0, ""156"": 1.0, ""210"": 2.0}",2026-08-24T23:49:58-04:00
Tyler Kroft,2582410,TE,MIA,ACTIVE,25.00960293,0.0,11.87003602,7.7,169.72877569258267,0.05012901374439919,2048,2048,"{""42"": 118.619566, ""43"": 1.258192842, ""44"": 0.061886872, ""45"": 0.091350264, ""46"": 0.059697397, ""47"": 23.0, ""48"": 11.0, ""49"": 5.0, ""50"": 4.0, ""51"": 2.0, ""53"": 11.24045748, ""54"": 2.0, ""55"": 1.0, ""56"": 0.049067422, ""57"": 0.001517549, ""58"": 17.55530583, ""60"": 10.55291265, ""61"": 7.846430434, ""62"": 0.061886872, ""63"": 0.000571659, ""67"": 0.129922504, ""68"": 0.129922504, ""71"": 0.072756602, ""72"": 0.072756602, ""73"": 0.072756602, ""210"": 15.11764706, ""213"": 5.197917804}","{""155"": 7.0, ""156"": 1.0, ""210"": 8.0}",2026-08-24T23:49:58-04:00
Lucas Krull,4360231,TE,DEN,ACTIVE,0.0,19.5,,,170.0,0.05006897134756975,1069,1069,"{""210"": 15.11764706}","{""41"": 8.0, ""42"": 95.0, ""43"": 1.0, ""47"": 17.0, ""48"": 7.0, ""49"": 2.0, ""50"": 2.0, ""53"": 8.0, ""58"": 14.0, ""59"": 50.0, ""60"": 11.875, ""61"": 13.57142857, ""155"": 3.0, ""156"": 4.0, ""158"": 6.0, ""183"": 1.0, ""210"": 7.0, ""213"": 5.0}",2026-08-24T23:49:58-04:00
Scott Miller,3914397,WR,ATL,ACTIVE,16.61318754,33.6,12.30520205,30.8,170.10391149743185,0.049771118343931525,2089,2089,"{""42"": 101.6051636, ""43"": 0.374155802, ""44"": 0.023932753, ""45"": 0.110211083, ""46"": 0.072022943, ""47"": 20.0, ""48"": 10.0, ""49"": 5.0, ""50"": 4.0, ""51"": 2.0, ""53"": 8.629197603, ""54"": 1.0, ""56"": 0.043802974, ""57"": 0.001354731, ""58"": 14.37791234, ""60"": 11.77457839, ""61"": 6.720964131, ""62"": 0.023932753, ""63"": 0.00060786, ""67"": 0.13814995, ""68"": 0.13814995, ""71"": 0.077363972, ""72"": 0.077363972, ""73"": 0.077363972, ""210"": 15.11764706, ""213"": 3.772038554}","{""41"": 11.0, ""42"": 161.0, ""43"": 2.0, ""47"": 29.0, ""48"": 13.0, ""49"": 5.0, ""50"": 3.0, ""51"": 1.0, ""53"": 11.0, ""58"": 16.0, ""59"": 80.0, ""60"": 14.63636364, ""61"": 9.47058824, ""107"": 1.0, ""108"": 1.0, ""109"": 2.0, ""114"": 14.0, ""115"": 4.0, ""116"": 1.0, ""155"": 7.0, ""156"": 10.0, ""158"": 12.0, ""183"": 2.0, ""210"": 17.0, ""213"": 6.0}",2026-08-24T23:49:58-04:00
Cole Beasley,15349,WR,FA,ACTIVE,0.0,0.0,0.0,6.5,169.77723214285714,0.049354521445700496,1758,1758,{},{},2026-08-24T23:49:58-04:00
Dee Eskridge,4043016,WR,SEA,QUESTIONABLE,16.5586111,0.5,89.35068057,10.3,169.97076254444883,0.04929483969949199,1058,1058,"{""23"": 2.634058809, ""24"": 16.83715469, ""25"": 0.09381887, ""26"": 0.004710589, ""27"": 3.0, ""28"": 1.0, ""35"": 0.004841348, ""36"": 0.003388944, ""37"": 0.001013577, ""38"": 3.46e-05, ""39"": 6.392095209, ""40"": 1.73473715, ""42"": 79.8196563, ""43"": 0.535826146, ""44"": 0.026397838, ""45"": 0.082316676, ""46"": 0.053793948, ""47"": 15.0, ""48"": 7.0, ""49"": 3.0, ""50"": 3.0, ""51"": 1.0, ""53"": 6.493529592, ""54"": 1.0, ""56"": 0.032664845, ""57"": 0.001010253, ""58"": 10.93802276, ""60"": 12.29218335, ""61"": 8.223843376, ""62"": 0.031108428, ""63"": 0.000803228, ""66"": 0.052681176, ""67"": 0.129870592, ""68"": 0.182551768, ""70"": 0.024233341, ""71"": 0.072727531, ""72"": 0.096960872, ""73"": 0.096960872, ""210"": 9.705882353, ""212"": 2.13918078, ""213"": 3.156380131}","{""23"": 2.0, ""24"": 5.0, ""27"": 2.0, ""28"": 1.0, ""39"": 2.5, ""40"": 1.25, ""58"": 1.0, ""114"": 224.0, ""116"": 22.0, ""117"": 7.0, ""155"": 1.0, ""156"": 3.0, ""210"": 4.0, ""212"": 1.0}",2026-08-24T23:49:58-04:00
Rex Burkhead,15971,RB,FA,ACTIVE,0.0,0.0,107.57865592,52.9,169.76339285714286,0.047390684396498094,2208,2210,{},{},2026-08-24T23:49:58-04:00
Reggie Gilliam,4039505,RB,BUF,ACTIVE,0.0,0.8,6.88811486,16.9,169.83168708020546,0.04738992261630476,1375,1375,{},"{""41"": 1.0, ""42"": 3.0, ""53"": 1.0, ""58"": 1.0, ""59"": 2.0, ""60"": 3.0, ""61"": 0.17647059, ""106"": 1.0, ""107"": 1.0, ""108"": 2.0, ""109"": 3.0, ""155"": 11.0, ""156"": 6.0, ""210"": 17.0}",2026-08-24T23:49:58-04:00
Ross Dwelley,3120303,TE,SF,QUESTIONABLE,16.73359754,1.7,7.7052864,18.0,169.59581193204266,0.04733109200271246,1922,1922,"{""42"": 86.71702532, ""43"": 0.652121685, ""44"": 0.038893394, ""45"": 0.107927255, ""46"": 0.070530461, ""47"": 17.0, ""48"": 8.0, ""49"": 4.0, ""50"": 3.0, ""51"": 1.0, ""53"": 8.359183646, ""54"": 1.0, ""56"": 0.039029988, ""57"": 0.001207113, ""58"": 12.34583725, ""60"": 10.37386293, ""61"": 5.736145644, ""62"": 0.038893394, ""63"": 0.000425125, ""67"": 0.096619383, ""68"": 0.096619383, ""71"": 0.054106855, ""72"": 0.054106855, ""73"": 0.054106855, ""210"": 15.11764706, ""213"": 3.413601589}","{""41"": 1.0, ""42"": 12.0, ""47"": 2.0, ""48"": 1.0, ""53"": 1.0, ""58"": 2.0, ""59"": 12.0, ""60"": 12.0, ""61"": 1.0, ""107"": 1.0, ""109"": 1.0, ""155"": 9.0, ""156"": 3.0, ""210"": 12.0, ""213"": 1.0}",2026-08-24T23:49:58-04:00
Miles Boykin,3932423,WR,PIT,ACTIVE,6.65376313,3.2,15.46849283,2.1,169.898854207823,0.047211092523025085,2134,2134,"{""42"": 37.29160632, ""43"": 0.240841825, ""44"": 0.013064716, ""45"": 0.120679448, ""46"": 0.078864019, ""47"": 7.0, ""48"": 3.0, ""49"": 1.0, ""50"": 1.0, ""53"": 3.043178644, ""56"": 0.019670868, ""57"": 0.000608377, ""58"": 5.107754814, ""60"": 12.25416273, ""61"": 2.641488781, ""62"": 0.013064716, ""63"": 0.0002678, ""67"": 0.060863573, ""68"": 0.060863573, ""71"": 0.034083601, ""72"": 0.034083601, ""73"": 0.034083601, ""210"": 14.11764706, ""213"": 0.738400808}","{""41"": 3.0, ""42"": 17.0, ""47"": 3.0, ""53"": 3.0, ""58"": 4.0, ""59"": 2.0, ""60"": 5.66666667, ""61"": 1.0, ""107"": 1.0, ""108"": 4.0, ""109"": 5.0, ""155"": 10.0, ""156"": 7.0, ""210"": 17.0}",2026-08-24T23:49:58-04:00
Stephen Sullivan,4035426,TE,CAR,ACTIVE,0.0,18.5,,,169.78625049387594,0.04560454902399717,470,470,"{""210"": 15.11764706}","{""41"": 12.0, ""42"": 125.0, ""47"": 22.0, ""48"": 10.0, ""49"": 3.0, ""50"": 1.0, ""53"": 12.0, ""58"": 24.0, ""59"": 8.0, ""60"": 10.41666667, ""61"": 11.36363636, ""108"": 1.0, ""109"": 1.0, ""155"": 2.0, ""156"": 9.0, ""210"": 11.0, ""213"": 5.0}",2026-08-24T23:49:58-04:00
Julian Hill,4365395,TE,MIA,ACTIVE,0.0,5.8,,,169.26866851047018,0.04500916257952512,1163,1163,"{""210"": 14.11764706}","{""41"": 6.0, ""42"": 48.0, ""47"": 7.0, ""48"": 3.0, ""49"": 1.0, ""53"": 6.0, ""58"": 9.0, ""59"": 30.0, ""60"": 8.0, ""61"": 3.2, ""67"": 1.0, ""68"": 1.0, ""71"": 1.0, ""72"": 1.0, ""73"": 1.0, ""155"": 9.0, ""156"": 6.0, ""210"": 15.0, ""213"": 2.0}",2026-08-24T23:49:58-04:00
Pharaoh Brown,2971281,TE,SEA,ACTIVE,0.0,31.3,35.89495027,17.7,170.0,0.04459241107415914,1001,1001,"{""210"": 15.11764706}","{""41"": 13.0, ""42"": 208.0, ""43"": 1.0, ""45"": 1.0, ""46"": 1.0, ""47"": 39.0, ""48"": 18.0, ""49"": 7.0, ""50"": 6.0, ""51"": 2.0, ""53"": 13.0, ""58"": 15.0, ""59"": 121.0, ""60"": 16.0, ""61"": 12.23529412, ""67"": 1.0, ""68"": 1.0, ""71"": 1.0, ""72"": 1.0, ""73"": 1.0, ""107"": 1.0, ""108"": 5.0, ""109"": 6.0, ""155"": 4.0, ""156"": 13.0, ""158"": 6.0, ""210"": 17.0, ""213"": 8.0}",2026-08-24T23:49:58-04:00
DeWayne McBride,4430388,RB,MIN,ACTIVE,0.0,0.0,,,169.8115369419202,0.043937175792164065,1603,1603,{},{},2026-08-24T23:49:58-04:00
Andrew Beck,3125107,RB,HOU,ACTIVE,0.0,33.3,0.0,9.4,170.0414855788226,0.04387696114239652,433,433,"{""210"": 14.17647059}","{""23"": 5.0, ""24"": 3.0, ""25"": 1.0, ""39"": 0.6, ""40"": 0.2, ""41"": 11.0, ""42"": 55.0, ""43"": 2.0, ""47"": 10.0, ""48"": 2.0, ""49"": 1.0, ""50"": 1.0, ""53"": 11.0, ""58"": 13.0, ""59"": 37.0, ""60"": 5.0, ""61"": 3.66666667, ""67"": 1.0, ""68"": 1.0, ""71"": 1.0, ""72"": 1.0, ""73"": 1.0, ""101"": 1.0, ""105"": 1.0, ""108"": 1.0, ""109"": 1.0, ""114"": 94.0, ""116"": 8.0, ""117"": 3.0, ""155"": 8.0, ""156"": 7.0, ""158"": 24.0, ""179"": 1.0, ""183"": 2.0, ""210"": 15.0, ""212"": 2.0, ""213"": 4.0}",2026-08-24T23:49:58-04:00
Cole Turner,4361438,TE,WSH,ACTIVE,0.0,17.5,3.48530585,3.3,170.1576451995259,0.04322311043266572,1073,1073,"{""210"": 14.11764706}","{""41"": 11.0, ""42"": 120.0, ""47"": 21.0, ""48"": 8.0, ""49"": 3.0, ""50"": 2.0, ""53"": 11.0, ""58"": 15.0, ""59"": 50.0, ""60"": 10.90909091, ""61"": 10.0, ""108"": 1.0, ""109"": 1.0, ""155"": 4.0, ""156"": 8.0, ""210"": 12.0, ""213"": 4.0}",2026-08-24T23:49:58-04:00
Keith Kirkwood,3046401,WR,NO,ACTIVE,14.60706753,12.2,,,170.14151785714284,0.043043682491223076,1907,1907,"{""42"": 85.11039773, ""43"": 0.492961663, ""44"": 0.026717011, ""45"": 0.171032697, ""46"": 0.111769868, ""47"": 17.0, ""48"": 8.0, ""49"": 4.0, ""50"": 3.0, ""51"": 1.0, ""53"": 6.459011217, ""54"": 1.0, ""56"": 0.037822197, ""57"": 0.001169759, ""58"": 10.72211187, ""60"": 13.17700107, ""61"": 6.028653172, ""62"": 0.026717011, ""63"": 0.000568393, ""67"": 0.129180224, ""68"": 0.129180224, ""71"": 0.072340926, ""72"": 0.072340926, ""73"": 0.072340926, ""210"": 14.11764706, ""213"": 2.938732143}","{""41"": 5.0, ""42"": 37.0, ""43"": 1.0, ""47"": 6.0, ""48"": 2.0, ""49"": 1.0, ""53"": 5.0, ""58"": 9.0, ""59"": 1.0, ""60"": 7.4, ""61"": 2.84615385, ""107"": 1.0, ""109"": 1.0, ""155"": 6.0, ""156"": 7.0, ""158"": 6.0, ""183"": 1.0, ""210"": 13.0, ""213"": 3.0}",2026-08-24T23:49:58-04:00
Max Duggan,4427105,QB,LAC,ACTIVE,0.0,0.0,,,169.6071993670886,0.04302191671291075,1600,1600,{},{},2026-08-24T23:49:58-04:00
KhaDarel Hodge,3047876,WR,ATL,ACTIVE,0.0,30.2,18.91536068,34.7,170.07723214285716,0.04232926452456377,997,997,"{""210"": 15.11764706}","{""23"": 1.0, ""41"": 14.0, ""42"": 232.0, ""47"": 44.0, ""48"": 19.0, ""49"": 6.0, ""50"": 5.0, ""51"": 2.0, ""53"": 14.0, ""58"": 23.0, ""59"": 82.0, ""60"": 16.57142857, ""61"": 13.64705882, ""66"": 1.0, ""68"": 1.0, ""107"": 1.0, ""108"": 4.0, ""109"": 5.0, ""155"": 7.0, ""156"": 10.0, ""210"": 17.0, ""213"": 13.0}",2026-08-24T23:49:58-04:00
Erik Ezukanma,4362186,WR,MIA,QUESTIONABLE,0.0,2.2,15.35537042,0.8,169.96444093243778,0.04215063493858986,1084,1084,"{""210"": 14.11764706}","{""23"": 5.0, ""24"": 22.0, ""27"": 4.0, ""28"": 1.0, ""39"": 4.4, ""40"": 11.0, ""58"": 1.0, ""155"": 2.0, ""210"": 2.0, ""212"": 1.0}",2026-08-24T23:49:58-04:00
Ben DiNucci,3895785,QB,DEN,ACTIVE,0.0,0.0,0.0,0.0,170.00712025316454,0.042007530327169446,1052,1052,"{""210"": 4.0}",{},2026-08-24T23:49:58-04:00
Matthew Slater,11387,WR,NE,ACTIVE,0.0,0.0,0.0,0.0,169.759375,0.04191247080564223,1719,1719,{},"{""107"": 1.0, ""108"": 5.0, ""109"": 6.0, ""155"": 3.0, ""156"": 13.0, ""210"": 16.0}",2026-08-24T23:49:58-04:00
James Mitchell,4361988,TE,DET,QUESTIONABLE,0.0,3.8,3.61761496,22.8,169.664559462663,0.041794247277866854,1125,1125,"{""210"": 14.11764706}","{""41"": 2.0, ""42"": 28.0, ""47"": 4.0, ""48"": 2.0, ""49"": 1.0, ""53"": 2.0, ""58"": 2.0, ""59"": 12.0, ""60"": 14.0, ""61"": 1.86666667, ""155"": 10.0, ""156"": 5.0, ""210"": 15.0, ""213"": 1.0}",2026-08-24T23:49:58-04:00
Quintin Morris,4244049,TE,BUF,ACTIVE,0.0,9.6,3.97746783,16.4,169.78625049387594,0.04155607867792134,1116,1116,"{""210"": 14.11764706}","{""41"": 2.0, ""42"": 26.0, ""43"": 1.0, ""47"": 5.0, ""48"": 2.0, ""53"": 2.0, ""58"": 3.0, ""59"": 5.0, ""60"": 13.0, ""61"": 1.73333333, ""96"": 1.0, ""155"": 10.0, ""156"": 5.0, ""158"": 6.0, ""184"": 1.0, ""210"": 15.0, ""213"": 1.0}",2026-08-24T23:49:58-04:00
Mike Glennon,15837,QB,FA,ACTIVE,0.0,0.0,0.0,0.0,169.87170317389362,0.040576327054743434,1654,1654,{},{},2026-08-24T23:49:58-04:00
Ian Thomas,4045305,TE,CAR,ACTIVE,0.0,8.1,34.05992544,30.2,170.0,0.040305848158284696,1045,1045,"{""210"": 15.11764706}","{""41"": 5.0, ""42"": 56.0, ""47"": 9.0, ""48"": 2.0, ""49"": 1.0, ""50"": 1.0, ""53"": 5.0, ""58"": 9.0, ""59"": 33.0, ""60"": 11.2, ""61"": 4.66666667, ""108"": 1.0, ""109"": 1.0, ""156"": 12.0, ""210"": 12.0, ""213"": 1.0}",2026-08-24T23:49:58-04:00
Derek Watt,2576450,RB,FA,ACTIVE,0.0,0.0,6.29606955,17.7,169.75044642857142,0.040127359714988584,1928,1928,{},{},2026-08-24T23:49:58-04:00
Elijah Higgins,4426844,TE,ARI,ACTIVE,0.0,29.3,,,170.05689450809956,0.040067155648694994,464,459,"{""210"": 15.11764706}","{""41"": 14.0, ""42"": 163.0, ""43"": 1.0, ""47"": 30.0, ""48"": 14.0, ""49"": 6.0, ""50"": 3.0, ""53"": 14.0, ""58"": 19.0, ""59"": 67.0, ""60"": 11.64285714, ""61"": 14.81818182, ""107"": 3.0, ""109"": 3.0, ""155"": 3.0, ""156"": 8.0, ""158"": 6.0, ""183"": 1.0, ""210"": 11.0, ""213"": 9.0}",2026-08-24T23:49:58-04:00
James White,16913,RB,NE,,0.0,0.0,0.0,0.0,169.9450892857143,0.04006710794066972,2199,2200,{},{},2026-08-24T23:49:58-04:00
Luke Farrell,4040612,TE,JAX,ACTIVE,7.25370475,22.0,,,169.78941129988146,0.03965092893910546,1036,1036,"{""42"": 36.59564015, ""43"": 0.296837831, ""44"": 0.015595393, ""45"": 0.085344626, ""46"": 0.055772713, ""47"": 7.0, ""48"": 3.0, ""49"": 1.0, ""50"": 1.0, ""53"": 3.658569871, ""56"": 0.019356603, ""57"": 0.000598658, ""58"": 5.423018365, ""60"": 10.0027173, ""61"": 2.592191177, ""62"": 0.015595393, ""63"": 0.000186065, ""67"": 0.042287474, ""68"": 0.042287474, ""71"": 0.023680986, ""72"": 0.023680986, ""73"": 0.023680986, ""210"": 14.11764706, ""213"": 0.882374384}","{""41"": 13.0, ""42"": 155.0, ""47"": 28.0, ""48"": 11.0, ""49"": 4.0, ""50"": 3.0, ""51"": 1.0, ""53"": 13.0, ""58"": 15.0, ""59"": 96.0, ""60"": 11.92307692, ""61"": 9.11764706, ""108"": 2.0, ""109"": 2.0, ""155"": 9.0, ""156"": 8.0, ""210"": 17.0, ""213"": 6.0}",2026-08-24T23:49:58-04:00
Colt McCoy,13199,QB,FA,ACTIVE,0.0,0.0,0.0,34.4,170.0111756817166,0.039322601067736905,1715,1715,{},{},2026-08-24T23:49:58-04:00
Jalen Brooks,4692835,WR,DAL,ACTIVE,0.0,9.4,,,169.5290399051758,0.03875717469126725,1064,1064,"{""210"": 14.11764706}","{""41"": 6.0, ""42"": 64.0, ""47"": 11.0, ""48"": 5.0, ""49"": 2.0, ""50"": 1.0, ""53"": 6.0, ""58"": 6.0, ""59"": 28.0, ""60"": 10.66666667, ""61"": 9.14285714, ""155"": 7.0, ""210"": 7.0, ""213"": 4.0}",2026-08-24T23:49:58-04:00
Tim Jones,4245131,WR,JAX,ACTIVE,0.0,13.8,,,169.90873172659028,0.0385190124368187,1146,1146,"{""210"": 14.11764706}","{""41"": 11.0, ""42"": 83.0, ""47"": 15.0, ""48"": 6.0, ""49"": 1.0, ""50"": 1.0, ""53"": 11.0, ""58"": 18.0, ""59"": 31.0, ""60"": 7.54545455, ""61"": 4.88235294, ""96"": 1.0, ""155"": 9.0, ""156"": 8.0, ""210"": 17.0, ""213"": 4.0}",2026-08-24T23:49:58-04:00
Damien Williams,17359,RB,FA,QUESTIONABLE,0.0,6.5,92.13408721,0.2,170.3424107142857,0.0380424622939069,339,339,{},"{""23"": 11.0, ""24"": 43.0, ""27"": 8.0, ""28"": 3.0, ""29"": 1.0, ""30"": 1.0, ""33"": 1.0, ""39"": 3.90909091, ""40"": 14.33333333, ""41"": 2.0, ""42"": 12.0, ""47"": 1.0, ""53"": 2.0, ""58"": 2.0, ""59"": 11.0, ""60"": 6.0, ""61"": 4.0, ""156"": 3.0, ""210"": 3.0, ""212"": 2.0}",2026-08-24T23:49:58-04:00
Brycen Hopkins,3918003,TE,LAR,ACTIVE,40.25456029,10.3,32.80651844,14.4,169.94547609640458,0.03786487360216997,2341,2345,"{""42"": 223.1556837, ""43"": 1.308814955, ""44"": 0.069170125, ""45"": 0.126924849, ""46"": 0.082945389, ""47"": 44.0, ""48"": 22.0, ""49"": 11.0, ""50"": 8.0, ""51"": 4.0, ""53"": 20.4243297, ""54"": 4.0, ""55"": 2.0, ""56"": 0.083742799, ""57"": 0.002589983, ""58"": 30.62517262, ""60"": 10.92597343, ""61"": 14.7612709, ""62"": 0.069170125, ""63"": 0.001038726, ""67"": 0.236074026, ""68"": 0.236074026, ""71"": 0.132201454, ""72"": 0.132201454, ""73"": 0.132201454, ""210"": 15.11764706, ""213"": 10.19462143}","{""41"": 5.0, ""42"": 78.0, ""47"": 15.0, ""48"": 6.0, ""49"": 3.0, ""50"": 1.0, ""53"": 5.0, ""58"": 7.0, ""59"": 32.0, ""60"": 15.6, ""61"": 5.2, ""155"": 8.0, ""156"": 7.0, ""210"": 15.0, ""213"": 3.0}",2026-08-24T23:49:58-04:00
Marcedes Lewis,9614,TE,CHI,ACTIVE,10.337103,10.9,16.79147845,23.6,169.83243967828417,0.0375076354829376,1018,1018,"{""42"": 48.09315946, ""43"": 0.49481175, ""44"": 0.029066831, ""45"": 0.091442923, ""46"": 0.05975795, ""47"": 9.0, ""48"": 4.0, ""49"": 2.0, ""50"": 1.0, ""53"": 5.182620653, ""54"": 1.0, ""56"": 0.024568336, ""57"": 0.000759845, ""58"": 7.113151559, ""60"": 9.279698956, ""61"": 3.181259575, ""62"": 0.029066831, ""63"": 0.000355643, ""67"": 0.080828065, ""68"": 0.080828065, ""71"": 0.045263716, ""72"": 0.045263716, ""73"": 0.045263716, ""210"": 15.11764706, ""213"": 1.560136914}","{""41"": 4.0, ""42"": 29.0, ""43"": 1.0, ""47"": 4.0, ""48"": 1.0, ""53"": 4.0, ""58"": 5.0, ""59"": 29.0, ""60"": 7.25, ""61"": 1.70588235, ""155"": 7.0, ""156"": 10.0, ""158"": 6.0, ""183"": 1.0, ""210"": 17.0, ""213"": 2.0}",2026-08-24T23:49:58-04:00
Khari Blasingame,3122154,RB,CHI,ACTIVE,0.0,4.3,6.24140165,0.0,170.44211774002372,0.03750712188802517,1154,1154,"{""210"": 14.17647059}","{""23"": 8.0, ""24"": 26.0, ""27"": 5.0, ""28"": 2.0, ""29"": 1.0, ""30"": 1.0, ""33"": 1.0, ""39"": 3.25, ""40"": 1.625, ""41"": 3.0, ""42"": 2.0, ""53"": 3.0, ""58"": 6.0, ""59"": 5.0, ""60"": 0.66666667, ""61"": 0.125, ""108"": 1.0, ""109"": 1.0, ""155"": 6.0, ""156"": 10.0, ""210"": 16.0}",2026-08-24T23:49:58-04:00
Zack Kuntz,4361417,TE,NYJ,ACTIVE,0.0,0.0,,,169.84195969972342,0.037090883977571626,1575,1575,{},"{""155"": 1.0, ""210"": 1.0}",2026-08-24T23:49:58-04:00
Charlie Woerner,4035020,TE,ATL,ACTIVE,0.0,4.7,,,169.55867246147767,0.03631693851780453,1063,1063,"{""210"": 15.11764706}","{""41"": 3.0, ""42"": 32.0, ""47"": 5.0, ""48"": 2.0, ""49"": 1.0, ""53"": 3.0, ""58"": 3.0, ""59"": 20.0, ""60"": 10.66666667, ""61"": 1.88235294, ""107"": 4.0, ""108"": 6.0, ""109"": 10.0, ""155"": 12.0, ""156"": 5.0, ""210"": 17.0, ""213"": 1.0}",2026-08-24T23:49:58-04:00
Danny Gray,4689546,WR,SF,QUESTIONABLE,0.0,0.0,19.30518011,2.4,169.8293164757013,0.03548275901074544,1049,1049,"{""210"": 15.11764706}",{},2026-08-24T23:49:58-04:00
David Moore,4212909,WR,CAR,ACTIVE,0.0,17.9,,,169.83958909521928,0.035185084857970735,1018,1018,"{""210"": 15.11764706}","{""41"": 5.0, ""42"": 94.0, ""43"": 1.0, ""45"": 1.0, ""46"": 1.0, ""47"": 17.0, ""48"": 7.0, ""49"": 3.0, ""50"": 2.0, ""51"": 1.0, ""53"": 5.0, ""58"": 7.0, ""59"": 62.0, ""60"": 18.8, ""61"": 13.42857143, ""107"": 2.0, ""108"": 3.0, ""109"": 5.0, ""155"": 5.0, ""156"": 2.0, ""158"": 6.0, ""210"": 7.0, ""213"": 3.0}",2026-08-24T23:49:58-04:00
Tre' McKitty,4240023,TE,BUF,ACTIVE,0.0,0.0,18.04608106,12.2,169.95653891742396,0.03512619830941775,1414,1414,{},"{""155"": 3.0, ""156"": 3.0, ""210"": 6.0}",2026-08-24T23:49:58-04:00
Nathan Peterman,2972236,QB,NO,ACTIVE,0.0,-0.4,0.0,10.1,170.0487259722843,0.03508585592482557,486,486,"{""210"": 4.0}","{""23"": 2.0, ""24"": -4.0, ""39"": -2.0, ""40"": -2.0, ""64"": 1.0, ""65"": 1.0, ""68"": 1.0, ""155"": 1.0, ""156"": 1.0, ""210"": 2.0}",2026-08-24T23:49:58-04:00
Jalen Nailor,4382466,WR,MIN,QUESTIONABLE,0.0,4.4,23.10535136,28.4,169.99328328723826,0.034946945535750965,1094,1094,"{""210"": 13.23529412}","{""41"": 3.0, ""42"": 29.0, ""47"": 5.0, ""48"": 2.0, ""53"": 3.0, ""58"": 6.0, ""59"": 21.0, ""60"": 9.66666667, ""61"": 4.83333333, ""108"": 1.0, ""109"": 1.0, ""155"": 2.0, ""156"": 4.0, ""210"": 6.0, ""213"": 1.0}",2026-08-24T23:49:58-04:00
Teagan Quitoriano,4374045,TE,HOU,QUESTIONABLE,0.0,4.3,0.0,26.8,169.8470960094824,0.03470944680405178,1118,1118,"{""210"": 14.11764706}","{""41"": 2.0, ""42"": 33.0, ""47"": 6.0, ""48"": 3.0, ""49"": 1.0, ""53"": 2.0, ""58"": 3.0, ""59"": 18.0, ""60"": 16.5, ""61"": 4.71428571, ""155"": 3.0, ""156"": 4.0, ""210"": 7.0, ""213"": 2.0}",2026-08-24T23:49:58-04:00
Trent Taylor,3040569,WR,CHI,ACTIVE,5.38384115,-2.2,15.82005055,8.7,170.17142857142858,0.03435116776110162,1017,1906,"{""42"": 15.92254838, ""43"": 0.113593147, ""44"": 0.006669845, ""45"": 0.100060324, ""46"": 0.065389421, ""47"": 3.0, ""48"": 1.0, ""53"": 1.35465607, ""56"": 0.009150978, ""57"": 0.00028302, ""58"": 2.279783164, ""60"": 11.75394164, ""61"": 1.0532425, ""62"": 0.006669845, ""63"": 0.00011921, ""67"": 0.027093121, ""68"": 0.027093121, ""71"": 0.015172148, ""72"": 0.015172148, ""73"": 0.015172148, ""101"": 0.22046, ""102"": 0.187824, ""114"": 680.104, ""115"": 252.324, ""116"": 68.0, ""117"": 27.0, ""118"": 25.0, ""119"": 10.0, ""210"": 15.11764706, ""213"": -0.287777943}","{""23"": 1.0, ""24"": -2.0, ""39"": -2.0, ""40"": -0.11764706, ""58"": 2.0, ""68"": 2.0, ""72"": 1.0, ""73"": 1.0, ""115"": 188.0, ""118"": 14.0, ""119"": 2.0, ""155"": 7.0, ""156"": 10.0, ""210"": 17.0}",2026-08-24T23:49:58-04:00
Chris Carson,3919596,RB,FA,,0.0,0.0,0.0,0.0,169.75187672856578,0.03429294029813425,2129,2129,{},{},2026-08-24T23:49:58-04:00
Dareke Young,4401805,WR,SEA,ACTIVE,0.0,0.0,28.18406717,3.4,169.95574871592257,0.033815783755207066,1135,1135,"{""210"": 14.11764706}","{""107"": 1.0, ""109"": 1.0, ""155"": 4.0, ""156"": 2.0, ""210"": 6.0}",2026-08-24T23:49:58-04:00
Will Mallory,4362523,TE,IND,QUESTIONABLE,0.0,29.7,,,169.86052943500593,0.033340120429277864,1152,1152,"{""210"": 14.11764706}","{""41"": 18.0, ""42"": 207.0, ""47"": 37.0, ""48"": 15.0, ""49"": 7.0, ""50"": 4.0, ""53"": 18.0, ""54"": 1.0, ""58"": 26.0, ""59"": 89.0, ""60"": 11.5, ""61"": 17.25, ""67"": 1.0, ""68"": 1.0, ""155"": 6.0, ""156"": 6.0, ""210"": 12.0, ""213"": 11.0}",2026-08-24T23:49:58-04:00
Stone Smartt,4250764,TE,LAC,ACTIVE,0.0,27.0,,,169.9581193204267,0.03328058449993987,1038,1038,"{""210"": 15.11764706}","{""41"": 11.0, ""42"": 155.0, ""43"": 1.0, ""45"": 1.0, ""46"": 1.0, ""47"": 28.0, ""48"": 13.0, ""49"": 5.0, ""50"": 2.0, ""51"": 1.0, ""53"": 11.0, ""58"": 21.0, ""59"": 56.0, ""60"": 14.09090909, ""61"": 9.6875, ""155"": 5.0, ""156"": 11.0, ""158"": 6.0, ""210"": 16.0, ""213"": 6.0}",2026-08-24T23:49:58-04:00
Tanner McKee,4685201,QB,PHI,ACTIVE,0.0,0.0,,,170.05814873417722,0.03293774229677502,1585,1585,{},{},2026-08-24T23:49:58-04:00
Zach Pascal,2978109,WR,ARI,ACTIVE,0.0,3.9,26.43252331,28.5,170.04598214285716,0.03292276129688294,373,373,"{""210"": 15.11764706}","{""41"": 4.0, ""42"": 19.0, ""47"": 3.0, ""48"": 1.0, ""53"": 4.0, ""58"": 15.0, ""59"": 12.0, ""60"": 4.75, ""61"": 1.35714286, ""107"": 2.0, ""108"": 3.0, ""109"": 5.0, ""155"": 3.0, ""156"": 11.0, ""210"": 14.0, ""213"": 1.0}",2026-08-24T23:49:58-04:00
Cody Parkey,17082,K,FA,ACTIVE,0.0,0.0,0.0,0.0,169.94988814317674,0.032402342769009884,2198,2199,{},{},2026-08-24T23:49:58-04:00
Nick Sciba,4362020,K,FA,ACTIVE,0.0,0.0,,,169.64946407304487,0.032034830374654384,2674,2674,{},{},2026-08-24T23:49:58-04:00
Mitchell Wilcox,3923392,TE,CIN,ACTIVE,16.16636702,10.1,7.30968615,28.4,169.90082971157645,0.03173265033715197,2563,2563,"{""42"": 80.99457421, ""43"": 0.657284682, ""44"": 0.03208217, ""45"": 0.10033044, ""46"": 0.065565942, ""47"": 16.0, ""48"": 8.0, ""49"": 4.0, ""50"": 3.0, ""51"": 1.0, ""53"": 8.333845737, ""54"": 1.0, ""56"": 0.037003293, ""57"": 0.001144432, ""58"": 11.73893134, ""60"": 9.718751313, ""61"": 5.357617749, ""62"": 0.03208217, ""63"": 0.000423837, ""67"": 0.096326516, ""68"": 0.096326516, ""71"": 0.053942849, ""72"": 0.053942849, ""73"": 0.053942849, ""210"": 15.11764706, ""213"": 3.252134716}","{""41"": 9.0, ""42"": 56.0, ""47"": 10.0, ""48"": 4.0, ""49"": 1.0, ""53"": 9.0, ""58"": 12.0, ""59"": 48.0, ""60"": 6.22222222, ""61"": 3.29411765, ""107"": 1.0, ""108"": 3.0, ""109"": 4.0, ""155"": 9.0, ""156"": 8.0, ""210"": 17.0, ""213"": 2.0}",2026-08-24T23:49:58-04:00
Chris Manhertz,2531358,TE,NYG,ACTIVE,0.0,2.6,23.07213055,7.2,169.85790884718497,0.03149450661979998,1074,1074,"{""210"": 15.11764706}","{""41"": 2.0, ""42"": 16.0, ""47"": 3.0, ""48"": 1.0, ""53"": 2.0, ""58"": 4.0, ""59"": 10.0, ""60"": 8.0, ""61"": 1.0, ""108"": 1.0, ""109"": 1.0, ""114"": 1.0, ""155"": 8.0, ""156"": 8.0, ""210"": 16.0, ""213"": 1.0}",2026-08-24T23:49:58-04:00
Laquon Treadwell,3051889,WR,FA,ACTIVE,0.0,2.1,0.0,7.2,169.95267857142858,0.031017480523284544,1898,1898,{},"{""41"": 1.0, ""42"": 16.0, ""47"": 3.0, ""48"": 1.0, ""53"": 1.0, ""58"": 3.0, ""60"": 16.0, ""61"": 3.2, ""107"": 1.0, ""108"": 1.0, ""109"": 2.0, ""155"": 3.0, ""156"": 2.0, ""210"": 5.0, ""213"": 1.0}",2026-08-24T23:49:58-04:00
Kenny Golladay,2974858,WR,FA,ACTIVE,0.0,0.0,123.87727985,17.1,169.89151785714284,0.03089918411865287,2190,2191,{},{},2026-08-24T23:49:58-04:00
Ko Kieft,4034779,TE,TB,ACTIVE,0.0,6.7,,,170.0,0.03078009379295892,1067,1067,"{""210"": 15.11764706}","{""41"": 1.0, ""42"": 2.0, ""43"": 1.0, ""53"": 1.0, ""58"": 5.0, ""59"": 2.0, ""60"": 2.0, ""61"": 0.125, ""107"": 4.0, ""108"": 3.0, ""109"": 7.0, ""155"": 9.0, ""156"": 7.0, ""158"": 6.0, ""183"": 1.0, ""210"": 16.0, ""213"": 1.0}",2026-08-24T23:49:58-04:00
Lirim Hajrullahu,4682912,K,FA,ACTIVE,0.0,0.0,0.0,0.0,169.54466057959507,0.030687284928684222,2622,2622,{},{},2026-08-24T23:49:58-04:00
Elliott Fry,3048898,K,FA,ACTIVE,0.0,0.0,,,169.8165548098434,0.03013562870455385,2503,2466,{},{},2026-08-24T23:49:58-04:00
Jake Funk,4036224,RB,DET,ACTIVE,0.0,2.7,11.69321385,0.0,169.96523113393914,0.030005715374357016,1442,1442,{},"{""23"": 2.0, ""24"": 10.0, ""27"": 2.0, ""28"": 1.0, ""39"": 5.0, ""40"": 2.5, ""41"": 1.0, ""42"": 12.0, ""47"": 2.0, ""48"": 1.0, ""53"": 1.0, ""58"": 1.0, ""59"": 12.0, ""60"": 12.0, ""61"": 3.0, ""155"": 2.0, ""156"": 2.0, ""210"": 4.0, ""213"": 1.0}",2026-08-24T23:49:58-04:00
Hunter Long,4239944,TE,LAR,QUESTIONABLE,0.0,0.0,8.04808758,0.0,170.0,0.029648910462076485,1101,1101,"{""210"": 14.23529412}","{""107"": 1.0, ""109"": 1.0, ""155"": 3.0, ""156"": 1.0, ""210"": 4.0}",2026-08-24T23:49:58-04:00
Brett Rypien,3722362,QB,CHI,ACTIVE,0.0,4.7,19.08888242,21.9,170.18196202531647,0.0295955964616555,1314,1314,{},"{""0"": 38.0, ""1"": 18.0, ""2"": 20.0, ""3"": 172.0, ""5"": 34.0, ""6"": 17.0, ""7"": 8.0, ""8"": 6.0, ""9"": 2.0, ""10"": 1.0, ""11"": 3.0, ""12"": 1.0, ""13"": 4.0, ""14"": 1.0, ""20"": 1.0, ""21"": 0.47368421, ""22"": 86.0, ""23"": 3.0, ""24"": 19.0, ""27"": 3.0, ""28"": 1.0, ""39"": 6.33333333, ""40"": 9.5, ""64"": 2.0, ""65"": 1.0, ""68"": 2.0, ""69"": 1.0, ""72"": 1.0, ""73"": 2.0, ""156"": 2.0, ""210"": 2.0, ""211"": 8.0, ""212"": 1.0}",2026-08-24T23:49:58-04:00
Jason Cabinda,3116158,RB,FA,ACTIVE,8.26508819,0.0,,,170.16830357142857,0.02935081125523239,1775,1775,"{""23"": 2.249816742, ""24"": 9.800805624, ""25"": 0.113856168, ""26"": 0.004243355, ""27"": 1.0, ""35"": 0.004131016, ""36"": 0.002891711, ""37"": 0.00017674, ""38"": 6.03147e-06, ""39"": 4.356268421, ""40"": 0.576517978, ""42"": 32.64310837, ""43"": 0.224249411, ""44"": 0.01315253, ""45"": 0.049002761, ""46"": 0.032023304, ""47"": 6.0, ""48"": 3.0, ""49"": 1.0, ""50"": 1.0, ""53"": 4.029171985, ""56"": 0.017668168, ""57"": 0.000546438, ""58"": 5.618727545, ""60"": 8.101691488, ""61"": 1.920182845, ""62"": 0.017395885, ""63"": 0.000240556, ""66"": 0.019589354, ""67"": 0.035082358, ""68"": 0.054671713, ""70"": 0.009011103, ""71"": 0.019646121, ""72"": 0.028657224, ""73"": 0.028657224, ""210"": 17.0, ""212"": 2.624480613, ""213"": 0.760538954}","{""23"": 1.0, ""108"": 4.0, ""109"": 4.0, ""155"": 3.0, ""156"": 1.0, ""210"": 4.0}",2026-08-24T23:49:58-04:00
Justin Jackson,3116136,RB,DET,ACTIVE,0.0,0.0,0.0,45.1,169.72366071428573,0.029112670798800488,2148,2148,{},{},2026-08-24T23:49:58-04:00
Skylar Thompson,4036419,QB,MIA,ACTIVE,0.0,0.0,0.0,18.9,169.89398734177215,0.029059186462118636,1509,1509,{},{},2026-08-24T23:49:58-04:00
Ryan Succop,12731,K,FA,ACTIVE,0.0,0.0,130.20963059,126.0,169.79955257270694,0.028910514607160008,2228,2230,{},{},2026-08-24T23:49:58-04:00
Keith Smith,17315,RB,ATL,QUESTIONABLE,5.61940301,4.8,15.67688376,1.5,170.07142857142858,0.028636389885936676,1717,1717,"{""42"": 26.61174137, ""43"": 0.184631558, ""44"": 0.011819611, ""45"": 0.039834612, ""46"": 0.026031919, ""47"": 5.0, ""48"": 2.0, ""49"": 1.0, ""50"": 1.0, ""53"": 3.72627746, ""56"": 0.014734844, ""57"": 0.000455717, ""58"": 4.885603706, ""60"": 7.141642473, ""61"": 1.565396551, ""62"": 0.011819611, ""63"": 0.000142758, ""67"": 0.032445029, ""68"": 0.032445029, ""71"": 0.018169216, ""72"": 0.018169216, ""73"": 0.018169216, ""210"": 17.0, ""213"": 0.508977499}","{""41"": 3.0, ""42"": 33.0, ""47"": 6.0, ""48"": 2.0, ""49"": 1.0, ""50"": 1.0, ""53"": 3.0, ""58"": 3.0, ""59"": 15.0, ""60"": 11.0, ""61"": 2.53846154, ""106"": 1.0, ""107"": 5.0, ""108"": 3.0, ""109"": 8.0, ""114"": 10.0, ""116"": 1.0, ""155"": 6.0, ""156"": 7.0, ""210"": 13.0, ""213"": 1.0}",2026-08-24T23:49:58-04:00
Devonta Freeman,16944,RB,FA,ACTIVE,0.0,0.0,0.0,0.0,169.91026785714286,0.02857745024844521,1748,1748,{},{},2026-08-24T23:49:58-04:00
Josh Whyle,4360086,TE,TEN,QUESTIONABLE,0.0,19.9,,,169.90517581983406,0.027862814930182216,1013,1013,"{""210"": 15.11764706}","{""41"": 9.0, ""42"": 94.0, ""43"": 1.0, ""47"": 17.0, ""48"": 6.0, ""49"": 1.0, ""50"": 1.0, ""53"": 9.0, ""58"": 15.0, ""59"": 40.0, ""60"": 10.44444444, ""61"": 8.54545455, ""108"": 1.0, ""109"": 1.0, ""155"": 3.0, ""156"": 8.0, ""158"": 6.0, ""183"": 1.0, ""210"": 11.0, ""213"": 8.0}",2026-08-24T23:49:58-04:00
Chris Conley,2578533,WR,SF,ACTIVE,0.0,8.4,0.0,6.6,169.83973214285714,0.027445458848183748,1083,1083,"{""210"": 14.11764706}","{""41"": 3.0, ""42"": 69.0, ""47"": 13.0, ""48"": 6.0, ""49"": 3.0, ""50"": 2.0, ""51"": 1.0, ""53"": 3.0, ""58"": 6.0, ""59"": 28.0, ""60"": 23.0, ""61"": 8.625, ""155"": 5.0, ""156"": 3.0, ""210"": 8.0, ""213"": 2.0}",2026-08-24T23:49:58-04:00
Chris Blewitt,3045141,K,FA,ACTIVE,0.0,0.0,0.0,0.0,169.78120805369127,0.02676715272222556,2609,2135,{},{},2026-08-24T23:49:58-04:00
Matt Corral,4362874,QB,FA,ACTIVE,0.0,0.0,0.0,0.0,170.0870253164557,0.026731745738136296,2624,2624,{},{},2026-08-24T23:49:58-04:00
Mohamed Ibrahim,4240750,RB,FA,ACTIVE,0.0,0.0,,,169.92414065586723,0.025957309751077736,2681,2681,{},"{""114"": 22.0, ""116"": 2.0, ""156"": 1.0, ""210"": 1.0}",2026-08-24T23:49:58-04:00
Nick Bawden,3125232,RB,NYJ,ACTIVE,0.0,10.0,,,170.08139075464243,0.025838224140045555,1026,1026,"{""210"": 14.17647059}","{""23"": 2.0, ""24"": 4.0, ""25"": 1.0, ""39"": 2.0, ""40"": 0.25, ""41"": 3.0, ""42"": 21.0, ""47"": 3.0, ""53"": 3.0, ""58"": 3.0, ""59"": 22.0, ""60"": 7.0, ""61"": 1.3125, ""155"": 6.0, ""156"": 10.0, ""158"": 6.0, ""179"": 1.0, ""210"": 16.0, ""212"": 1.0, ""213"": 1.0}",2026-08-24T23:49:58-04:00
Chad Henne,11291,QB,KC,,0.0,0.0,24.51697021,-0.5,170.20116227089852,0.025598323518653657,1591,1591,{},{},2026-08-24T23:49:58-04:00
Sony Michel,3128721,RB,LAR,OUT,0.0,0.0,56.60095709,20.4,169.9122876333465,0.025004733038753762,1725,1725,{},{},2026-08-24T23:49:58-04:00
Wendell Smallwood,3042429,RB,FA,ACTIVE,0.0,0.0,0.0,0.0,169.95223214285716,0.02476712354865251,2172,2170,{},{},2026-08-24T23:49:58-04:00
Josh Lambo,2998120,K,FA,,0.0,0.0,0.0,3.0,169.82639821029082,0.024439574224640725,2191,2179,{},{},2026-08-24T23:49:58-04:00
Cameron Latu,4372026,TE,SF,QUESTIONABLE,0.0,0.0,,,169.9170288423548,0.024171601702014163,1100,1100,"{""210"": 15.11764706}",{},2026-08-24T23:49:58-04:00
Ben Sims,4373030,TE,GB,ACTIVE,0.0,10.1,,,169.8854207822995,0.024112065737230876,1164,1164,"{""210"": 14.11764706}","{""41"": 4.0, ""42"": 21.0, ""43"": 1.0, ""47"": 3.0, ""48"": 1.0, ""53"": 4.0, ""58"": 6.0, ""59"": 18.0, ""60"": 5.25, ""61"": 1.23529412, ""155"": 9.0, ""156"": 8.0, ""158"": 6.0, ""183"": 1.0, ""210"": 17.0, ""213"": 3.0}",2026-08-24T23:49:58-04:00
John Kelly Jr.,3915381,RB,CLE,ACTIVE,0.0,0.0,,,169.9486369024101,0.023992850963911298,1315,1315,{},{},2026-08-24T23:49:58-04:00
Binjimen Victor,4040628,WR,FA,ACTIVE,0.0,0.0,,,170.0,0.023933500590002463,2675,2675,{},{},2026-08-24T23:49:58-04:00
Sammy Watkins,16725,WR,FA,ACTIVE,0.0,0.0,69.57705662,38.5,170.0,0.023457086332198777,2201,2202,{},{},2026-08-24T23:49:58-04:00
Chase Cota,4367186,WR,NYG,ACTIVE,0.0,0.0,,,169.88779138680363,0.023218722148696268,1620,1620,{},{},2026-08-24T23:49:58-04:00
Trevon Wesco,4039253,TE,TEN,ACTIVE,35.27783771,2.6,,,169.80877123666534,0.023159379995415754,2068,2068,"{""42"": 185.10289, ""43"": 1.413702047, ""44"": 0.082553639, ""45"": 0.127330283, ""46"": 0.08321034, ""47"": 37.0, ""48"": 18.0, ""49"": 9.0, ""50"": 7.0, ""51"": 3.0, ""53"": 16.67211564, ""54"": 3.0, ""55"": 1.0, ""56"": 0.069458159, ""57"": 0.00214819, ""58"": 25.36327155, ""60"": 11.10254355, ""61"": 12.24416004, ""62"": 0.082553639, ""63"": 0.000847898, ""67"": 0.192704168, ""68"": 0.192704168, ""71"": 0.107914334, ""72"": 0.107914334, ""73"": 0.107914334, ""210"": 15.11764706, ""213"": 8.332911274}","{""41"": 1.0, ""42"": 21.0, ""47"": 4.0, ""48"": 2.0, ""49"": 1.0, ""53"": 1.0, ""58"": 3.0, ""59"": 12.0, ""60"": 21.0, ""61"": 1.4, ""155"": 6.0, ""156"": 9.0, ""210"": 15.0, ""213"": 1.0}",2026-08-24T23:49:58-04:00
Rakim Jarrett,4429006,WR,TB,ACTIVE,0.0,8.0,,,170.0790201501383,0.023159049085872442,1040,1040,"{""210"": 15.11764706}","{""23"": 1.0, ""41"": 4.0, ""42"": 60.0, ""47"": 10.0, ""48"": 4.0, ""49"": 2.0, ""50"": 1.0, ""53"": 4.0, ""58"": 9.0, ""59"": 27.0, ""60"": 15.0, ""61"": 6.0, ""108"": 1.0, ""109"": 1.0, ""155"": 4.0, ""156"": 6.0, ""210"": 10.0, ""213"": 1.0}",2026-08-24T23:49:58-04:00
Lawrence Cager,3917849,TE,NYG,QUESTIONABLE,0.0,11.6,0.0,24.3,169.93994468589491,0.02298088240634844,1383,1387,{},"{""41"": 4.0, ""42"": 36.0, ""43"": 1.0, ""47"": 6.0, ""48"": 2.0, ""53"": 4.0, ""58"": 5.0, ""59"": 27.0, ""60"": 9.0, ""61"": 3.27272727, ""155"": 3.0, ""156"": 8.0, ""158"": 6.0, ""184"": 1.0, ""210"": 11.0, ""213"": 2.0}",2026-08-24T23:49:58-04:00
Tre'Quan Smith,3128451,WR,DET,ACTIVE,0.0,0.0,13.60435278,43.3,169.89174239431054,0.022979965756279006,1714,1714,{},"{""155"": 1.0, ""210"": 1.0}",2026-08-24T23:49:58-04:00
Joseph Ngata,4426426,WR,PHI,ACTIVE,0.0,0.0,,,169.8846305807981,0.022801989428926257,1618,1618,{},{},2026-08-24T23:49:58-04:00
Austin Watkins Jr.,4363409,WR,CLE,ACTIVE,0.0,0.0,,,169.80916633741603,0.022801826527514005,1619,1619,{},{},2026-08-24T23:49:58-04:00
Phillip Dorsett,2579604,WR,DEN,ACTIVE,0.0,0.0,77.12613999,41.7,169.93794642857142,0.022623222142180998,1155,1155,"{""210"": 14.11764706}","{""58"": 3.0, ""155"": 1.0, ""156"": 1.0, ""210"": 2.0}",2026-08-24T23:49:58-04:00
Austin Seibert,3821683,K,NYJ,ACTIVE,0.0,4.0,125.62827991,21.0,169.90512107979356,0.022356565786491735,2128,2128,{},"{""80"": 1.0, ""81"": 1.0, ""83"": 1.0, ""84"": 1.0, ""86"": 1.0, ""87"": 1.0, ""156"": 1.0, ""158"": 4.0, ""210"": 1.0, ""214"": 34.0, ""216"": 34.0, ""217"": 6.0, ""218"": 3.0, ""219"": 1.0, ""220"": 1.0, ""229"": 6.0, ""230"": 3.0, ""231"": 1.0, ""232"": 1.0}",2026-08-24T23:49:58-04:00
Emmanuel Sanders,13295,WR,FA,ACTIVE,0.0,0.0,0.0,0.0,169.89107142857142,0.022266477342073224,2209,2211,{},{},2026-08-24T23:49:58-04:00
Bryce Perkins,3675812,QB,FA,ACTIVE,0.0,0.0,0.0,17.4,170.1882911392405,0.022137847783500204,2642,2642,{},{},2026-08-24T23:49:58-04:00
Matt Barkley,15948,QB,JAX,ACTIVE,0.0,-0.3,,,169.99418864550736,0.02213702880498829,1720,1720,{},"{""23"": 3.0, ""24"": -3.0, ""39"": -1.0, ""40"": -3.0, ""155"": 1.0, ""210"": 1.0}",2026-08-24T23:49:58-04:00
Kurt Benkert,3040535,QB,FA,ACTIVE,0.0,0.0,,,169.76262852033975,0.02154125598053291,2619,2614,{},{},2026-08-24T23:49:58-04:00
Nick Bellore,14471,RB,SEA,ACTIVE,0.0,0.0,0.0,0.3,170.12901785714286,0.0214921633975955,1251,1251,{},"{""107"": 6.0, ""108"": 8.0, ""109"": 14.0, ""110"": 2.0, ""112"": 0.5, ""155"": 8.0, ""156"": 8.0, ""210"": 16.0}",2026-08-24T23:49:58-04:00
Cody Thompson,3126115,WR,FA,ACTIVE,20.66100486,1.5,,,169.94745160015805,0.02119439967755936,1433,1433,"{""42"": 110.4247487, ""43"": 0.83865461, ""44"": 0.04117471, ""45"": 0.141315084, ""46"": 0.092349407, ""47"": 22.0, ""48"": 11.0, ""49"": 5.0, ""50"": 4.0, ""51"": 2.0, ""53"": 9.4310153, ""54"": 1.0, ""56"": 0.046232976, ""57"": 0.001429886, ""58"": 14.6703556, ""60"": 11.70868089, ""61"": 7.304360806, ""62"": 0.04117471, ""63"": 0.000829929, ""67"": 0.188620306, ""68"": 0.188620306, ""71"": 0.105627371, ""72"": 0.105627371, ""73"": 0.105627371, ""210"": 15.11764706, ""213"": 4.387949617}","{""41"": 1.0, ""42"": 10.0, ""47"": 2.0, ""48"": 1.0, ""53"": 1.0, ""58"": 1.0, ""59"": 4.0, ""60"": 10.0, ""61"": 1.42857143, ""108"": 2.0, ""109"": 2.0, ""155"": 4.0, ""156"": 3.0, ""210"": 7.0}",2026-08-24T23:49:58-04:00
Sam Ehlinger,4241820,QB,IND,ACTIVE,0.0,0.0,0.0,41.3,169.94382911392404,0.021182774525774363,1441,1441,{},"{""155"": 1.0, ""156"": 2.0, ""210"": 3.0}",2026-08-24T23:49:58-04:00
MyCole Pruitt,2508256,TE,ATL,QUESTIONABLE,9.99894957,21.5,0.0,47.0,169.98972296693475,0.020718515744583568,973,973,"{""42"": 46.27706538, ""43"": 0.480213539, ""44"": 0.030738603, ""45"": 0.082299221, ""46"": 0.053782541, ""47"": 9.0, ""48"": 4.0, ""49"": 2.0, ""50"": 1.0, ""53"": 4.959698327, ""56"": 0.02358025, ""57"": 0.000729286, ""58"": 6.910057395, ""60"": 9.330621003, ""61"": 3.277958797, ""62"": 0.030738603, ""63"": 0.000201789, ""67"": 0.045861224, ""68"": 0.045861224, ""71"": 0.025682285, ""72"": 0.025682285, ""73"": 0.025682285, ""210"": 14.11764706, ""213"": 1.520905387}","{""41"": 9.0, ""42"": 110.0, ""43"": 1.0, ""47"": 19.0, ""48"": 8.0, ""49"": 2.0, ""53"": 9.0, ""58"": 12.0, ""59"": 51.0, ""60"": 12.22222222, ""61"": 6.47058824, ""67"": 1.0, ""68"": 1.0, ""155"": 7.0, ""156"": 10.0, ""158"": 6.0, ""185"": 1.0, ""210"": 17.0, ""213"": 6.0}",2026-08-24T23:49:58-04:00
Phillip Lindsay,3052117,RB,FA,ACTIVE,0.0,0.0,0.0,11.8,170.0,0.020182824237964428,2158,2158,{},{},2026-08-24T23:49:58-04:00
Quintez Cephus,4035793,WR,FA,SUSPENSION,0.0,0.0,13.53471482,2.5,169.9529830106677,0.02012308421391672,2335,2339,{},{},2026-08-24T23:49:58-04:00
Josh Rosen,3886377,QB,FA,ACTIVE,0.0,0.0,,,170.2389240506329,0.02010915031977726,2145,2145,{},{},2026-08-24T23:49:58-04:00
Brayden Willis,4360290,TE,SF,ACTIVE,0.0,0.0,,,169.94192018964836,0.01988501223761756,1136,1136,"{""210"": 14.11764706}","{""108"": 1.0, ""109"": 1.0, ""155"": 5.0, ""156"": 2.0, ""210"": 7.0}",2026-08-24T23:49:58-04:00
Caleb Shudak,4036146,K,FA,ACTIVE,0.0,0.0,,,169.90115125049624,0.019784235455677493,2644,2644,{},{},2026-08-24T23:49:58-04:00
John Ross,3052177,WR,FA,ACTIVE,0.0,0.0,,,169.94955357142857,0.019706028913685808,2154,2154,{},{},2026-08-24T23:49:58-04:00
Brandon Allen,2574511,QB,SF,ACTIVE,0.0,0.0,20.6852264,0.7,169.92847563701386,0.01945229265556613,1290,1290,{},{},2026-08-24T23:49:58-04:00
Kyle Rudolph,14054,TE,FA,ACTIVE,0.0,0.0,70.66353191,10.3,170.0,0.019230414299331224,2217,2219,{},{},2026-08-24T23:49:58-04:00
Roger Carter Jr.,4241273,TE,FA,ACTIVE,0.0,0.0,,,170.0,0.018992368521012465,2670,2670,{},{},2026-08-24T23:49:58-04:00
Eno Benjamin,4242873,RB,NO,QUESTIONABLE,0.0,0.0,55.65610576,77.1,170.20782299486368,0.01863449071579663,2310,2314,{},{},2026-08-24T23:49:58-04:00
Jakob Johnson,3115349,RB,LV,ACTIVE,6.94677451,1.7,9.4237326,3.5,170.14375,0.018574944543074227,2278,2279,"{""42"": 33.50506372, ""43"": 0.235826727, ""44"": 0.013236322, ""45"": 0.045995242, ""46"": 0.03005789, ""47"": 6.0, ""48"": 3.0, ""49"": 1.0, ""50"": 1.0, ""53"": 4.395397559, ""56"": 0.018073477, ""57"": 0.000558974, ""58"": 5.887443081, ""60"": 7.622760689, ""61"": 1.970886101, ""62"": 0.013236322, ""63"": 0.000168393, ""67"": 0.038271117, ""68"": 0.038271117, ""71"": 0.021431825, ""72"": 0.021431825, ""73"": 0.021431825, ""210"": 17.0, ""213"": 0.872517331}","{""41"": 1.0, ""42"": 12.0, ""47"": 2.0, ""48"": 1.0, ""53"": 1.0, ""58"": 2.0, ""59"": 10.0, ""60"": 12.0, ""61"": 0.92307692, ""107"": 1.0, ""108"": 4.0, ""109"": 5.0, ""155"": 6.0, ""156"": 7.0, ""210"": 13.0}",2026-08-24T23:49:58-04:00
Payne Durham,4372505,TE,TB,ACTIVE,0.0,8.3,,,169.9316475701304,0.018515685047601982,1055,1055,"{""210"": 15.11764706}","{""41"": 5.0, ""42"": 58.0, ""47"": 10.0, ""48"": 4.0, ""49"": 1.0, ""50"": 1.0, ""53"": 5.0, ""58"": 7.0, ""59"": 12.0, ""60"": 11.6, ""61"": 4.46153846, ""155"": 6.0, ""156"": 7.0, ""210"": 13.0, ""213"": 3.0}",2026-08-24T23:49:58-04:00
Trishton Jackson,4046715,WR,MIN,ACTIVE,0.0,3.9,,,170.0,0.018455797472032028,1378,1378,{},"{""41"": 2.0, ""42"": 9.0, ""44"": 1.0, ""47"": 1.0, ""53"": 2.0, ""58"": 4.0, ""59"": 7.0, ""60"": 4.5, ""61"": 1.28571429, ""155"": 5.0, ""156"": 2.0, ""158"": 2.0, ""210"": 7.0}",2026-08-24T23:49:58-04:00
Adam Prentice,3929914,RB,NO,ACTIVE,0.0,1.4,,,170.09363887791386,0.018217744917040795,1109,1109,"{""210"": 14.17647059}","{""23"": 2.0, ""24"": 12.0, ""27"": 2.0, ""39"": 6.0, ""40"": 0.92307692, ""41"": 2.0, ""42"": 12.0, ""47"": 2.0, ""53"": 2.0, ""58"": 3.0, ""59"": 8.0, ""60"": 6.0, ""61"": 0.92307692, ""66"": 1.0, ""68"": 1.0, ""70"": 1.0, ""72"": 1.0, ""73"": 1.0, ""107"": 4.0, ""108"": 1.0, ""109"": 5.0, ""155"": 7.0, ""156"": 6.0, ""210"": 13.0, ""212"": 1.0}",2026-08-24T23:49:58-04:00
Dax Milne,4373642,WR,WSH,QUESTIONABLE,0.0,0.0,3.30668723,12.7,170.0,0.018158123319257317,1115,1115,{},{},2026-08-24T23:49:58-04:00
Armani Rogers,4056052,TE,WSH,QUESTIONABLE,0.0,0.0,11.35740058,11.5,169.94587119715527,0.018039397329335693,1522,1522,{},{},2026-08-24T23:49:58-04:00
D'vonte Price,4244651,RB,FA,ACTIVE,0.0,0.0,,,170.0,0.017741833695909735,2669,2669,{},{},2026-08-24T23:49:58-04:00
N'Keal Harry,4047839,WR,MIN,ACTIVE,0.0,0.0,0.0,21.1,170.03042275780325,0.01774137950537272,1323,1323,{},"{""155"": 6.0, ""156"": 3.0, ""210"": 9.0}",2026-08-24T23:49:58-04:00
Marquez Callaway,4035170,WR,PIT,ACTIVE,0.0,0.0,23.55615624,29.8,170.0,0.017741147137811206,999,999,"{""210"": 15.11764706}","{""155"": 2.0, ""156"": 1.0, ""210"": 3.0}",2026-08-24T23:49:58-04:00
Grant DuBose,4879650,WR,GB,ACTIVE,0.0,0.0,,,169.89964440932437,0.017562775013707895,1574,1574,{},{},2026-08-24T23:49:58-04:00
Nate Adkins,4383440,TE,DEN,QUESTIONABLE,0.0,4.2,,,169.95495851442118,0.017265419508018895,1142,1142,"{""210"": 14.11764706}","{""41"": 4.0, ""42"": 22.0, ""47"": 3.0, ""48"": 1.0, ""53"": 4.0, ""58"": 5.0, ""59"": 24.0, ""60"": 5.5, ""61"": 2.2, ""107"": 1.0, ""109"": 1.0, ""155"": 6.0, ""156"": 4.0, ""210"": 10.0, ""213"": 1.0}",2026-08-24T23:49:58-04:00
James Proche II,3916204,WR,CLE,ACTIVE,0.0,-2.0,53.91315361,8.2,169.95100750691427,0.017205555787079756,1168,1168,"{""210"": 15.11764706}","{""58"": 5.0, ""68"": 1.0, ""72"": 1.0, ""73"": 1.0, ""108"": 1.0, ""109"": 1.0, ""114"": 19.0, ""115"": 197.0, ""116"": 1.0, ""118"": 15.0, ""119"": 4.0, ""155"": 7.0, ""156"": 3.0, ""210"": 10.0}",2026-08-24T23:49:58-04:00
