Player,espn_id,pos,team,injuryStatus,proj_2026,actual_2026,proj_2025,actual_2025,espn_adp,pct_owned,rank_std,rank_ppr,raw_stats,raw_actual_stats,captured_at
Jahmyr Gibbs,4429795,RB,DET,ACTIVE,331.62253227,,287.04995313,328.4,1.32,99.94,1,1,"{""23"": 286.2066446, ""24"": 1389.485562, ""25"": 14.27355551, ""26"": 0.269086041, ""27"": 277.0, ""28"": 138.0, ""29"": 69.0, ""30"": 55.0, ""31"": 27.0, ""33"": 57.0, ""34"": 28.0, ""35"": 0.606733853, ""36"": 0.424713697, ""37"": 4.98, ""38"": 0.17, ""39"": 4.854833347, ""40"": 81.73444485, ""42"": 546.4294512, ""43"": 3.378463538, ""44"": 0.074684148, ""45"": 0.070091134, ""46"": 0.045804556, ""47"": 109.0, ""48"": 54.0, ""49"": 27.0, ""50"": 21.0, ""51"": 10.0, ""53"": 67.94936963, ""56"": 0.487636509, ""57"": 0.015081542, ""58"": 85.92577601, ""60"": 8.041714798, ""61"": 32.1429089, ""62"": 0.343770189, ""63"": 0.011676626, ""66"": 2.144617113, ""67"": 0.509161418, ""68"": 2.653778531, ""70"": 0.986523872, ""71"": 0.285130394, ""72"": 1.271654266, ""73"": 1.271654266, ""210"": 17.0, ""212"": 77.01734267, ""213"": 30.78807937}",{},2026-09-05T10:40:10-04:00
Bijan Robinson,4430807,RB,ATL,ACTIVE,314.82174277,,308.05326156,331.3,2.38,99.92,2,2,"{""23"": 286.5072359, ""24"": 1372.364389, ""25"": 8.428697091, ""26"": 0.439868224, ""27"": 274.0, ""28"": 137.0, ""29"": 68.0, ""30"": 54.0, ""31"": 27.0, ""33"": 57.0, ""34"": 28.0, ""35"": 0.607375574, ""36"": 0.425162902, ""37"": 4.86, ""38"": 0.166, ""39"": 4.789981601, ""40"": 80.72731697, ""42"": 707.6944557, ""43"": 3.377675184, ""44"": 0.198364761, ""45"": 0.118054946, ""46"": 0.077148907, ""47"": 141.0, ""48"": 70.0, ""49"": 35.0, ""50"": 28.0, ""51"": 14.0, ""53"": 75.7833187, ""56"": 0.992805335, ""57"": 0.03070532, ""58"": 98.58291992, ""60"": 9.338393565, ""61"": 41.62908563, ""62"": 0.638232985, ""63"": 0.01459522, ""66"": 2.623231082, ""67"": 0.69386435, ""68"": 3.317095432, ""70"": 1.206686298, ""71"": 0.388564036, ""72"": 1.595250334, ""73"": 1.595250334, ""210"": 17.0, ""212"": 72.10015005, ""213"": 37.02042866}",{},2026-09-05T10:40:10-04:00
Ja'Marr Chase,4362628,WR,CIN,QUESTIONABLE,276.99990096,,281.63510018,251.1,4.26,99.92,3,3,"{""23"": 4.035583298, ""24"": 20.87635031, ""25"": 0.142949124, ""26"": 0.009661808, ""27"": 4.0, ""28"": 2.0, ""29"": 1.0, ""35"": 0.007417157, ""36"": 0.00519201, ""37"": 0.000975, ""38"": 3.33e-05, ""39"": 5.173068864, ""40"": 1.228020606, ""42"": 1507.205165, ""43"": 10.71742607, ""44"": 0.499200174, ""45"": 0.265804583, ""46"": 0.173703295, ""47"": 301.0, ""48"": 150.0, ""49"": 75.0, ""50"": 60.0, ""51"": 30.0, ""53"": 119.8017661, ""56"": 6.154629489, ""57"": 0.190349366, ""58"": 172.5838278, ""60"": 12.58082592, ""61"": 88.65912732, ""62"": 0.508861982, ""63"": 0.007464939, ""66"": 0.055287665, ""67"": 1.641289369, ""68"": 1.696577035, ""70"": 0.025432326, ""71"": 0.919122047, ""72"": 0.944554373, ""73"": 0.944554373, ""210"": 17.0, ""212"": 3.12862979, ""213"": 72.10239258}",{},2026-09-05T10:40:10-04:00
Puka Nacua,4426515,WR,LAR,QUESTIONABLE,291.99676415,,245.96868131,310.5,5.31,99.92,4,4,"{""23"": 13.64012309, ""24"": 90.50545127, ""25"": 1.012500157, ""26"": 0.015185512, ""27"": 18.0, ""28"": 9.0, ""29"": 4.0, ""30"": 3.0, ""31"": 1.0, ""33"": 2.0, ""34"": 1.0, ""35"": 0.025200694, ""36"": 0.017640486, ""37"": 0.02055634, ""38"": 0.000702, ""39"": 6.635237134, ""40"": 5.323850075, ""42"": 1585.88464, ""43"": 9.722362104, ""44"": 0.132464048, ""45"": 0.311683707, ""46"": 0.203685302, ""47"": 317.0, ""48"": 158.0, ""49"": 79.0, ""50"": 63.0, ""51"": 31.0, ""53"": 123.0838014, ""56"": 6.648634035, ""57"": 0.205627857, ""58"": 174.3000726, ""60"": 12.88459263, ""61"": 93.28733179, ""62"": 0.14764956, ""63"": 0.007554149, ""66"": 0.171280002, ""67"": 1.545572106, ""68"": 1.716852108, ""70"": 0.078788801, ""71"": 0.865520379, ""72"": 0.94430918, ""73"": 0.94430918, ""210"": 17.0, ""212"": 6.711436974, ""213"": 74.61325086}",{},2026-09-05T10:40:10-04:00
Jaxon Smith-Njigba,4430878,WR,SEA,ACTIVE,268.26996543,,196.63373902,300.4,6.3,99.92,5,6,"{""23"": 4.601232462, ""24"": 25.17237051, ""25"": 0.165366963, ""26"": 0.004724259, ""27"": 5.0, ""28"": 2.0, ""29"": 1.0, ""30"": 1.0, ""35"": 0.008459396, ""36"": 0.005921577, ""37"": 0.001457649, ""38"": 4.97e-05, ""39"": 5.47078869, ""40"": 1.480727677, ""42"": 1568.757777, ""43"": 8.537314206, ""44"": 0.310455888, ""45"": 0.357158824, ""46"": 0.233403292, ""47"": 313.0, ""48"": 156.0, ""49"": 78.0, ""50"": 62.0, ""51"": 31.0, ""53"": 116.6901292, ""56"": 6.549192702, ""57"": 0.202552352, ""58"": 166.2447973, ""60"": 13.44379159, ""61"": 92.27986924, ""62"": 0.315180147, ""63"": 0.009154936, ""66"": 0.078930881, ""67"": 2.001736449, ""68"": 2.080667331, ""70"": 0.036308205, ""71"": 1.120972412, ""72"": 1.157280617, ""73"": 1.157280617, ""210"": 17.0, ""212"": 3.324763817, ""213"": 72.19904583}",{},2026-09-05T10:40:10-04:00
Christian McCaffrey,3117251,RB,SF,QUESTIONABLE,302.3725219,,282.54999536,365.6,7.71,99.9,6,7,"{""23"": 274.0925338, ""24"": 1129.738656, ""25"": 9.134106221, ""26"": 0.4526567, ""27"": 225.0, ""28"": 112.0, ""29"": 56.0, ""30"": 45.0, ""31"": 22.0, ""33"": 54.0, ""34"": 27.0, ""35"": 0.57790769, ""36"": 0.404535383, ""37"": 3.32, ""38"": 0.113, ""39"": 4.121741807, ""40"": 66.45521503, ""42"": 678.0361613, ""43"": 4.724065008, ""44"": 0.242227311, ""45"": 0.095054704, ""46"": 0.062118249, ""47"": 135.0, ""48"": 67.0, ""49"": 33.0, ""50"": 27.0, ""51"": 13.0, ""53"": 78.89665753, ""56"": 0.882980716, ""57"": 0.027308682, ""58"": 100.0847166, ""60"": 8.593978282, ""61"": 39.88448008, ""62"": 0.694884012, ""63"": 0.01091028, ""66"": 1.925391428, ""67"": 0.554217753, ""68"": 2.47960918, ""70"": 0.885680057, ""71"": 0.310361941, ""72"": 1.196041998, ""73"": 1.196041998, ""210"": 17.0, ""212"": 63.67946557, ""213"": 37.4627616}",{},2026-09-05T10:40:10-04:00
Jonathan Taylor,4242335,RB,IND,ACTIVE,290.99780328,,272.34962015,339.3,6.17,99.9,7,5,"{""23"": 325.6425755, ""24"": 1502.342879, ""25"": 11.5492564, ""26"": 0.566642122, ""27"": 300.0, ""28"": 150.0, ""29"": 75.0, ""30"": 60.0, ""31"": 30.0, ""33"": 65.0, ""34"": 32.0, ""35"": 0.703230862, ""36"": 0.492261604, ""37"": 5.845075575, ""38"": 0.199, ""39"": 4.613471924, ""40"": 88.37311055, ""42"": 389.8919067, ""43"": 1.469102149, ""44"": 0.116916027, ""45"": 0.063525808, ""46"": 0.041514116, ""47"": 77.0, ""48"": 38.0, ""49"": 19.0, ""50"": 15.0, ""51"": 7.0, ""53"": 50.44780503, ""56"": 0.210051468, ""57"": 0.006496437, ""58"": 63.03904746, ""60"": 7.728619837, ""61"": 22.93481804, ""62"": 0.683558149, ""63"": 0.013601337, ""66"": 2.676565519, ""67"": 0.414647425, ""68"": 3.091212944, ""70"": 1.231220139, ""71"": 0.232202558, ""72"": 1.463422697, ""73"": 1.463422697, ""210"": 17.0, ""212"": 81.19289475, ""213"": 21.7014365}",{},2026-09-05T10:40:10-04:00
Amon-Ra St. Brown,4374302,WR,DET,ACTIVE,265.21283829,,232.23285886,265.5,8.38,99.92,8,8,"{""23"": 2.323482381, ""24"": 13.4721905, ""25"": 0.121123131, ""26"": 0.002283425, ""27"": 2.0, ""28"": 1.0, ""35"": 0.00426644, ""36"": 0.002986508, ""37"": 0.00037, ""38"": 1.26e-05, ""39"": 5.798275299, ""40"": 0.792481794, ""42"": 1426.198572, ""43"": 10.41918612, ""44"": 0.230310427, ""45"": 0.245767098, ""46"": 0.160608799, ""47"": 285.0, ""48"": 142.0, ""49"": 71.0, ""50"": 57.0, ""51"": 28.0, ""53"": 118.3827041, ""56"": 5.593638084, ""57"": 0.172999116, ""58"": 166.481191, ""60"": 12.04735593, ""61"": 83.89403365, ""62"": 0.232593852, ""63"": 0.006514881, ""66"": 0.028501236, ""67"": 1.452153642, ""68"": 1.480654878, ""70"": 0.013110569, ""71"": 0.813206039, ""72"": 0.826316608, ""73"": 0.826316608, ""210"": 17.0, ""212"": 2.758339055, ""213"": 69.42314248}",{},2026-09-05T10:40:10-04:00
CeeDee Lamb,4241389,WR,DAL,ACTIVE,241.84956493,,258.50076716,163.4,11.77,99.91,9,10,"{""23"": 2.225142035, ""24"": 12.65647787, ""25"": 0.105698298, ""26"": 0.003983727, ""27"": 2.0, ""28"": 1.0, ""35"": 0.004085653, ""36"": 0.002859957, ""37"": 0.000322202, ""38"": 1.1e-05, ""39"": 5.687941564, ""40"": 0.744498698, ""42"": 1375.838242, ""43"": 8.553565369, ""44"": 0.30594026, ""45"": 0.267368616, ""46"": 0.174725391, ""47"": 275.0, ""48"": 137.0, ""49"": 68.0, ""50"": 55.0, ""51"": 27.0, ""53"": 103.4931692, ""56"": 5.225540354, ""57"": 0.16161465, ""58"": 157.5450946, ""60"": 13.29400049, ""61"": 80.93166128, ""62"": 0.309923987, ""63"": 0.005212856, ""66"": 0.024936219, ""67"": 1.159803853, ""68"": 1.184740072, ""70"": 0.011470661, ""71"": 0.649490158, ""72"": 0.660960818, ""73"": 0.660960818, ""210"": 17.0, ""212"": 2.713322526, ""213"": 63.87770468}",{},2026-09-05T10:40:10-04:00
Justin Jefferson,4262921,WR,MIN,ACTIVE,238.89295371,,259.68477537,159.5,12.59,99.89,10,11,"{""23"": 2.026867102, ""24"": 10.6580599, ""25"": 0.098272189, ""26"": 0.005572727, ""27"": 2.0, ""28"": 1.0, ""35"": 0.00372119, ""36"": 0.002604833, ""37"": 0.000215534, ""38"": 7.36e-06, ""39"": 5.258391085, ""40"": 0.6269447, ""42"": 1373.44855, ""43"": 7.439006538, ""44"": 0.436241428, ""45"": 0.21647152, ""46"": 0.141464138, ""47"": 274.0, ""48"": 137.0, ""49"": 68.0, ""50"": 54.0, ""51"": 27.0, ""53"": 111.4934322, ""56"": 5.208035398, ""57"": 0.16107326, ""58"": 165.7122459, ""60"": 12.31864983, ""61"": 80.79109116, ""62"": 0.441814155, ""63"": 0.005406153, ""66"": 0.021937512, ""67"": 1.206733523, ""68"": 1.228671035, ""70"": 0.010091255, ""71"": 0.675770773, ""72"": 0.685862028, ""73"": 0.685862028, ""210"": 17.0, ""212"": 2.628263291, ""213"": 65.17956961}",{},2026-09-05T10:40:10-04:00
Derrick Henry,3043078,RB,BAL,ACTIVE,267.03582949,,272.72330397,272.0,16.52,99.82,11,16,"{""23"": 321.8539499, ""24"": 1504.668637, ""25"": 13.31594662, ""26"": 0.344807518, ""27"": 300.0, ""28"": 150.0, ""29"": 75.0, ""30"": 60.0, ""31"": 30.0, ""33"": 64.0, ""34"": 32.0, ""35"": 0.693719544, ""36"": 0.485603681, ""37"": 5.84, ""38"": 0.199, ""39"": 4.675004417, ""40"": 88.50991983, ""42"": 210.0107405, ""43"": 1.197209021, ""44"": 0.039470251, ""45"": 0.143417245, ""46"": 0.093723169, ""47"": 42.0, ""48"": 21.0, ""49"": 10.0, ""50"": 8.0, ""51"": 4.0, ""53"": 21.38230787, ""56"": 0.078359482, ""57"": 0.002423489, ""58"": 27.98112599, ""60"": 9.821705955, ""61"": 12.35357297, ""62"": 0.384277769, ""63"": 0.0140181, ""66"": 2.987460467, ""67"": 0.198471386, ""68"": 3.185931853, ""70"": 1.374231815, ""71"": 0.111143976, ""72"": 1.485375791, ""73"": 1.485375791, ""210"": 17.0, ""212"": 82.35832439, ""213"": 10.00485286}",{},2026-09-05T10:40:10-04:00
James Cook III,4379399,RB,BUF,ACTIVE,262.251,,251.54806439,285.7,10.1,99.9,12,9,"{""23"": 300.4066246, ""24"": 1404.736148, ""25"": 11.03573334, ""26"": 0.525596438, ""27"": 280.0, ""28"": 140.0, ""29"": 70.0, ""30"": 56.0, ""31"": 28.0, ""33"": 60.0, ""34"": 30.0, ""35"": 0.641205875, ""36"": 0.448844112, ""37"": 5.12, ""38"": 0.175, ""39"": 4.676115748, ""40"": 82.63153812, ""42"": 302.3482907, ""43"": 1.608296062, ""44"": 0.129280462, ""45"": 0.082797144, ""46"": 0.054107933, ""47"": 60.0, ""48"": 30.0, ""49"": 15.0, ""50"": 12.0, ""51"": 6.0, ""53"": 35.92471716, ""56"": 0.127188732, ""57"": 0.003933672, ""58"": 45.97035343, ""60"": 8.416163428, ""61"": 17.78519357, ""62"": 0.654876899, ""63"": 0.016797377, ""66"": 3.409816039, ""67"": 0.407769559, ""68"": 3.817585598, ""70"": 1.568515378, ""71"": 0.228350953, ""72"": 1.796866331, ""73"": 1.796866331, ""210"": 17.0, ""212"": 75.98117533, ""213"": 16.03395486}",{},2026-09-05T10:40:10-04:00
De'Von Achane,4429160,RB,MIA,ACTIVE,261.2454531,,270.27486727,289.3,12.55,99.86,13,12,"{""23"": 258.2304172, ""24"": 1311.445058, ""25"": 5.078410408, ""26"": 0.192319086, ""27"": 262.0, ""28"": 131.0, ""29"": 65.0, ""30"": 52.0, ""31"": 26.0, ""33"": 51.0, ""34"": 25.0, ""35"": 0.540153893, ""36"": 0.378107725, ""37"": 4.436135224, ""38"": 0.151388275, ""39"": 5.078584745, ""40"": 77.14382693, ""42"": 512.5149387, ""43"": 2.888158322, ""44"": 0.151250013, ""45"": 0.071018655, ""46"": 0.046410691, ""47"": 102.0, ""48"": 51.0, ""49"": 25.0, ""50"": 20.0, ""51"": 10.0, ""53"": 64.55182595, ""56"": 0.411305433, ""57"": 0.012720787, ""58"": 80.33162388, ""60"": 7.939588557, ""61"": 30.14793757, ""62"": 0.343569099, ""63"": 0.008767989, ""66"": 1.594208395, ""67"": 0.398516426, ""68"": 1.992724821, ""70"": 0.733335862, ""71"": 0.223169198, ""72"": 0.95650506, ""73"": 0.95650506, ""210"": 17.0, ""212"": 65.82763759, ""213"": 28.87794444}",{},2026-09-05T10:40:10-04:00
Drake London,4426502,WR,ATL,ACTIVE,218.68086297,,218.69113475,167.9,20.41,99.76,14,18,"{""42"": 1249.752418, ""43"": 7.269502572, ""44"": 0.426747399, ""45"": 0.17408658, ""46"": 0.11376558, ""47"": 249.0, ""48"": 124.0, ""49"": 62.0, ""50"": 49.0, ""51"": 24.0, ""53"": 102.1097131, ""56"": 4.280314859, ""57"": 0.132380872, ""58"": 158.8280377, ""60"": 12.23930986, ""61"": 73.51484814, ""62"": 0.426747399, ""63"": 0.007149001, ""67"": 1.624772866, ""68"": 1.624772866, ""71"": 0.909872805, ""72"": 0.909872805, ""73"": 0.909872805, ""210"": 17.0, ""213"": 59.56034362}",{},2026-09-05T10:40:10-04:00
Saquon Barkley,3929630,RB,PHI,ACTIVE,251.64640913,,302.12334424,213.8,14.0,99.87,15,15,"{""23"": 300.3916291, ""24"": 1284.063658, ""25"": 8.668304106, ""26"": 0.259996168, ""27"": 256.0, ""28"": 128.0, ""29"": 64.0, ""30"": 51.0, ""31"": 25.0, ""33"": 60.0, ""34"": 30.0, ""35"": 0.641040722, ""36"": 0.448728505, ""37"": 4.261236914, ""38"": 0.145, ""39"": 4.274631959, ""40"": 75.53315635, ""42"": 370.9140687, ""43"": 2.308164201, ""44"": 0.103614898, ""45"": 0.067549055, ""46"": 0.044143308, ""47"": 74.0, ""48"": 37.0, ""49"": 18.0, ""50"": 14.0, ""51"": 7.0, ""53"": 43.19778095, ""56"": 0.188374186, ""57"": 0.005826006, ""58"": 58.99280283, ""60"": 8.586414869, ""61"": 21.81847463, ""62"": 0.363611067, ""63"": 0.009479665, ""66"": 1.883598727, ""67"": 0.270870681, ""68"": 2.154469408, ""70"": 0.866455414, ""71"": 0.151687581, ""72"": 1.018142996, ""73"": 1.018142996, ""210"": 17.0, ""212"": 70.14079626, ""213"": 19.86868816}",{},2026-09-05T10:40:10-04:00
Ashton Jeanty,4890973,RB,LV,QUESTIONABLE,246.5182853,,270.61114467,217.6,21.81,99.66,16,17,"{""23"": 277.7786527, ""24"": 1121.956598, ""25"": 7.027597841, ""26"": 0.397661446, ""27"": 224.0, ""28"": 112.0, ""29"": 56.0, ""30"": 44.0, ""31"": 22.0, ""33"": 55.0, ""34"": 27.0, ""35"": 0.586537576, ""36"": 0.410576303, ""37"": 3.26, ""38"": 0.111, ""39"": 4.039031032, ""40"": 65.99744695, ""42"": 491.8147783, ""43"": 2.005928891, ""44"": 0.127805768, ""45"": 0.046540091, ""46"": 0.030413949, ""47"": 98.0, ""48"": 49.0, ""49"": 24.0, ""50"": 19.0, ""51"": 9.0, ""53"": 64.62730366, ""56"": 0.369979839, ""57"": 0.011442675, ""58"": 86.41739024, ""60"": 7.610015433, ""61"": 28.93028107, ""62"": 0.525467214, ""63"": 0.011138864, ""66"": 2.053741582, ""67"": 0.477818506, ""68"": 2.531560088, ""70"": 0.944721128, ""71"": 0.267578363, ""72"": 1.212299491, ""73"": 1.212299491, ""210"": 17.0, ""212"": 62.07023956, ""213"": 27.96356169}",{},2026-09-05T10:40:10-04:00
Jeremiyah Love,4870808,RB,ARI,QUESTIONABLE,244.02697452,,,,25.89,99.39,17,19,"{""23"": 252.8138382, ""24"": 1118.882953, ""25"": 6.571755566, ""26"": 0.334512076, ""27"": 223.0, ""28"": 111.0, ""29"": 55.0, ""30"": 44.0, ""31"": 22.0, ""33"": 50.0, ""34"": 25.0, ""35"": 0.527641139, ""36"": 0.369348797, ""37"": 3.245180981, ""38"": 0.111, ""39"": 4.425718785, ""40"": 65.8166443, ""42"": 485.9902172, ""43"": 2.22980046, ""44"": 0.122563474, ""45"": 0.045854023, ""46"": 0.029965604, ""47"": 97.0, ""48"": 48.0, ""49"": 24.0, ""50"": 19.0, ""51"": 9.0, ""53"": 64.85560682, ""56"": 0.358493017, ""57"": 0.011087413, ""58"": 85.59198991, ""60"": 7.493418704, ""61"": 28.58765984, ""62"": 0.457075551, ""63"": 0.011959619, ""66"": 2.163167027, ""67"": 0.554928129, ""68"": 2.718095156, ""70"": 0.995056832, ""71"": 0.310759752, ""72"": 1.305816585, ""73"": 1.305816585, ""210"": 17.0, ""212"": 60.10993359, ""213"": 27.94652553}",{},2026-09-05T10:40:10-04:00
Kenneth Walker III,4567048,RB,KC,ACTIVE,248.89259248,,215.95555691,176.4,24.76,99.53,18,28,"{""23"": 276.6455231, ""24"": 1239.263187, ""25"": 9.000290613, ""26"": 0.389212016, ""27"": 247.0, ""28"": 123.0, ""29"": 61.0, ""30"": 49.0, ""31"": 24.0, ""33"": 55.0, ""34"": 27.0, ""35"": 0.583983263, ""36"": 0.408788284, ""37"": 3.99, ""38"": 0.136, ""39"": 4.479606875, ""40"": 72.89783454, ""42"": 376.0276182, ""43"": 1.67781158, ""44"": 0.075065768, ""45"": 0.06905039, ""46"": 0.04512443, ""47"": 75.0, ""48"": 37.0, ""49"": 18.0, ""50"": 15.0, ""51"": 7.0, ""53"": 48.2838044, ""56"": 0.194013833, ""57"": 0.006000428, ""58"": 59.72150797, ""60"": 7.787862263, ""61"": 22.11927166, ""62"": 0.464277784, ""63"": 0.00822607, ""66"": 1.591748489, ""67"": 0.277812819, ""68"": 1.869561309, ""70"": 0.732204305, ""71"": 0.155575179, ""72"": 0.887779484, ""73"": 0.887779484, ""210"": 17.0, ""212"": 67.43293889, ""213"": 20.91121124}",{},2026-09-05T10:40:10-04:00
Omarion Hampton,4685382,RB,LAC,ACTIVE,235.85201893,,238.94446939,119.7,18.04,99.53,19,13,"{""23"": 254.0309317, ""24"": 1084.647316, ""25"": 9.388513416, ""26"": 0.234492237, ""27"": 216.0, ""28"": 108.0, ""29"": 54.0, ""30"": 43.0, ""31"": 21.0, ""33"": 50.0, ""34"": 25.0, ""35"": 0.53049272, ""36"": 0.371344904, ""37"": 3.055540127, ""38"": 0.104, ""39"": 4.26974506, ""40"": 63.80278328, ""42"": 363.2494355, ""43"": 1.758074309, ""44"": 0.043529724, ""45"": 0.047849946, ""46"": 0.03126994, ""47"": 72.0, ""48"": 36.0, ""49"": 18.0, ""50"": 14.0, ""51"": 7.0, ""53"": 51.60449679, ""56"": 0.180471383, ""57"": 0.005581589, ""58"": 63.66265679, ""60"": 7.039104304, ""61"": 21.36761385, ""62"": 0.278021961, ""63"": 0.01003607, ""66"": 1.895806167, ""67"": 0.38511894, ""68"": 2.280925107, ""70"": 0.872070837, ""71"": 0.215666607, ""72"": 1.087737443, ""73"": 1.087737443, ""210"": 17.0, ""212"": 61.12779676, ""213"": 21.34855505}",{},2026-09-05T10:40:10-04:00
Trey McBride,4361307,TE,ARI,ACTIVE,187.75690076,,202.64322638,252.9,23.07,99.88,20,21,"{""42"": 1022.831313, ""43"": 5.326957085, ""44"": 0.292560217, ""45"": 0.09834389, ""46"": 0.064267732, ""47"": 204.0, ""48"": 102.0, ""49"": 51.0, ""50"": 40.0, ""51"": 20.0, ""53"": 107.745653, ""56"": 2.661231606, ""57"": 0.082306132, ""58"": 148.9513779, ""60"": 9.493016973, ""61"": 60.1665478, ""62"": 0.292560217, ""63"": 0.003716114, ""67"": 0.844571417, ""68"": 0.844571417, ""71"": 0.472959993, ""72"": 0.472959993, ""73"": 0.472959993, ""210"": 17.0, ""213"": 53.79302892}",{},2026-09-05T10:40:10-04:00
Brock Bowers,4432665,TE,LV,ACTIVE,191.53283151,,207.30882049,144.2,23.93,99.88,21,22,"{""23"": 4.155199335, ""24"": 15.41060603, ""25"": 0.194889243, ""26"": 0.011026758, ""27"": 3.0, ""28"": 1.0, ""35"": 0.007637511, ""36"": 0.005346258, ""37"": 0.000503, ""38"": 1.72e-05, ""39"": 3.708752526, ""40"": 0.906506237, ""42"": 999.0365975, ""43"": 6.569505347, ""44"": 0.418377586, ""45"": 0.131810572, ""46"": 0.086138209, ""47"": 199.0, ""48"": 99.0, ""49"": 49.0, ""50"": 39.0, ""51"": 19.0, ""53"": 98.6842288, ""56"": 2.508519357, ""57"": 0.077583073, ""58"": 135.9972572, ""60"": 10.12356898, ""61"": 58.76685868, ""62"": 0.429404344, ""63"": 0.002766739, ""66"": 0.025406668, ""67"": 0.603397623, ""68"": 0.62880429, ""70"": 0.011687067, ""71"": 0.337902669, ""72"": 0.349589736, ""73"": 0.349589736, ""210"": 17.0, ""212"": 2.990065694, ""213"": 51.57956398}",{},2026-09-05T10:40:10-04:00
Breece Hall,4427366,RB,NYJ,QUESTIONABLE,248.26422238,,203.48513676,191.5,35.95,98.76,22,30,"{""23"": 264.5186344, ""24"": 1163.330304, ""25"": 7.619910119, ""26"": 0.860481641, ""27"": 232.0, ""28"": 116.0, ""29"": 58.0, ""30"": 46.0, ""31"": 23.0, ""33"": 52.0, ""34"": 26.0, ""35"": 0.555102722, ""36"": 0.388571905, ""37"": 3.504278499, ""38"": 0.12, ""39"": 4.397914371, ""40"": 68.43119434, ""42"": 440.4662464, ""43"": 2.737136797, ""44"": 0.333750982, ""45"": 0.101215497, ""46"": 0.066144327, ""47"": 88.0, ""48"": 44.0, ""49"": 22.0, ""50"": 17.0, ""51"": 8.0, ""53"": 52.26398787, ""56"": 0.279432728, ""57"": 0.008642249, ""58"": 63.81173284, ""60"": 8.427719818, ""61"": 25.9097792, ""62"": 1.194232624, ""63"": 0.012826867, ""66"": 2.4342369, ""67"": 0.480960172, ""68"": 2.915197071, ""70"": 1.119748974, ""71"": 0.269337696, ""72"": 1.38908667, ""73"": 1.38908667, ""210"": 17.0, ""212"": 63.10321744, ""213"": 24.02856554}",{},2026-09-05T10:40:10-04:00
Chase Brown,4362238,RB,CIN,ACTIVE,239.3761376,,248.95982922,248.1,17.14,99.53,23,14,"{""23"": 238.0994146, ""24"": 1035.936538, ""25"": 7.375428072, ""26"": 0.498498812, ""27"": 207.0, ""28"": 103.0, ""29"": 51.0, ""30"": 41.0, ""31"": 20.0, ""33"": 47.0, ""34"": 23.0, ""35"": 0.493321665, ""36"": 0.345325165, ""37"": 2.77, ""38"": 0.0947, ""39"": 4.35085714, ""40"": 60.93744341, ""42"": 434.2386468, ""43"": 2.831427154, ""44"": 0.13191978, ""45"": 0.039643002, ""46"": 0.025906702, ""47"": 86.0, ""48"": 43.0, ""49"": 21.0, ""50"": 17.0, ""51"": 8.0, ""53"": 64.33818915, ""56"": 0.270551908, ""57"": 0.008367585, ""58"": 80.53911964, ""60"": 6.749314093, ""61"": 25.54344981, ""62"": 0.630418592, ""63"": 0.010570663, ""66"": 1.891350762, ""67"": 0.511072584, ""68"": 2.402423347, ""70"": 0.870021351, ""71"": 0.286200647, ""72"": 1.156221998, ""73"": 1.156221998, ""210"": 17.0, ""212"": 57.01441248, ""213"": 26.64749818}",{},2026-09-05T10:40:10-04:00
Rashee Rice,4428331,WR,KC,ACTIVE,212.9771449,,131.61570596,123.6,29.39,99.51,24,25,"{""23"": 8.258075317, ""24"": 42.8276301, ""25"": 0.589459909, ""26"": 0.02549083, ""27"": 8.0, ""28"": 4.0, ""29"": 2.0, ""30"": 1.0, ""33"": 1.0, ""35"": 0.01521282, ""36"": 0.010648974, ""37"": 0.004452417, ""38"": 0.000151944, ""39"": 5.18615155, ""40"": 2.519272359, ""42"": 1081.610388, ""43"": 8.692261969, ""44"": 0.388801104, ""45"": 0.219199445, ""46"": 0.143246837, ""47"": 216.0, ""48"": 108.0, ""49"": 54.0, ""50"": 43.0, ""51"": 21.0, ""53"": 92.47566278, ""56"": 3.057423623, ""57"": 0.094559493, ""58"": 130.3014719, ""60"": 11.69616259, ""61"": 63.62414046, ""62"": 0.414291934, ""63"": 0.008864569, ""66"": 0.165161506, ""67"": 1.849513256, ""68"": 2.014674762, ""70"": 0.075974293, ""71"": 1.035727423, ""72"": 1.111701716, ""73"": 1.111701716, ""210"": 17.0, ""212"": 4.459226239, ""213"": 53.30951662}",{},2026-09-05T10:40:10-04:00
Nico Collins,4258173,WR,HOU,ACTIVE,204.8092504,,238.97220032,190.7,25.72,99.68,25,23,"{""23"": 2.102397386, ""24"": 11.80666626, ""25"": 0.081076949, ""26"": 0.005866282, ""27"": 2.0, ""28"": 1.0, ""35"": 0.003860013, ""36"": 0.002702009, ""37"": 0.000273, ""38"": 9.33e-06, ""39"": 5.61581095, ""40"": 0.69450978, ""42"": 1196.166426, ""43"": 6.765633757, ""44"": 0.444799133, ""45"": 0.26410719, ""46"": 0.172594048, ""47"": 239.0, ""48"": 119.0, ""49"": 59.0, ""50"": 47.0, ""51"": 23.0, ""53"": 86.76131293, ""56"": 3.880349428, ""57"": 0.120010807, ""58"": 137.1281401, ""60"": 13.78686405, ""61"": 70.36273096, ""62"": 0.450665415, ""63"": 0.005327297, ""66"": 0.028644722, ""67"": 1.182104651, ""68"": 1.210749373, ""70"": 0.013176572, ""71"": 0.661978604, ""72"": 0.675155177, ""73"": 0.675155177, ""210"": 17.0, ""212"": 2.658815975, ""213"": 54.3782058}",{},2026-09-05T10:40:10-04:00
A.J. Brown,4047646,WR,NE,ACTIVE,206.70324379,,230.0135046,181.3,21.04,99.69,26,20,"{""42"": 1219.499068, ""43"": 7.06138333, ""44"": 0.270825677, ""45"": 0.350605231, ""46"": 0.229120519, ""47"": 243.0, ""48"": 121.0, ""49"": 60.0, ""50"": 48.0, ""51"": 24.0, ""53"": 85.96789793, ""56"": 4.053625549, ""57"": 0.125369862, ""58"": 129.8810673, ""60"": 14.18551688, ""61"": 71.73523927, ""62"": 0.270825677, ""63"": 0.004480784, ""67"": 1.018360098, ""68"": 1.018360098, ""71"": 0.570281655, ""72"": 0.570281655, ""73"": 0.570281655, ""210"": 17.0, ""213"": 54.9617197}",{},2026-09-05T10:40:10-04:00
Chris Olave,4361370,WR,NO,ACTIVE,204.19674106,,168.13895379,218.0,29.38,99.29,27,24,"{""42"": 1195.04388, ""43"": 6.60969841, ""44"": 0.345511271, ""45"": 0.218085983, ""46"": 0.14251919, ""47"": 239.0, ""48"": 119.0, ""49"": 59.0, ""50"": 47.0, ""51"": 23.0, ""53"": 91.17244034, ""56"": 3.872928494, ""57"": 0.119781294, ""58"": 143.8855612, ""60"": 13.10751227, ""61"": 70.29669883, ""62"": 0.345511271, ""63"": 0.004883529, ""67"": 1.109892953, ""68"": 1.109892953, ""71"": 0.621540054, ""72"": 0.621540054, ""73"": 0.621540054, ""210"": 17.0, ""213"": 55.28892737}",{},2026-09-05T10:40:10-04:00
George Pickens,4426354,WR,DAL,ACTIVE,199.28611642,,185.22662358,245.4,28.21,99.72,28,27,"{""42"": 1115.176636, ""43"": 8.174412885, ""44"": 0.292432366, ""45"": 0.298128926, ""46"": 0.194827253, ""47"": 223.0, ""48"": 111.0, ""49"": 55.0, ""50"": 44.0, ""51"": 22.0, ""53"": 79.85157198, ""56"": 3.292336106, ""57"": 0.101824828, ""58"": 124.1172044, ""60"": 13.96561907, ""61"": 65.59862566, ""62"": 0.292432366, ""63"": 0.007026938, ""67"": 1.59703144, ""68"": 1.59703144, ""71"": 0.894337606, ""72"": 0.894337606, ""73"": 0.894337606, ""210"": 17.0, ""213"": 51.14593897}",{},2026-09-05T10:40:10-04:00
Malik Nabers,4595348,WR,NYG,QUESTIONABLE,201.2303039,,247.73603242,48.1,35.14,99.07,29,33,"{""23"": 4.468460452, ""24"": 23.03242507, ""25"": 0.145602147, ""26"": 0.006115981, ""27"": 4.0, ""28"": 2.0, ""29"": 1.0, ""35"": 0.008214713, ""36"": 0.005750299, ""37"": 0.00121, ""38"": 4.12e-05, ""39"": 5.154443085, ""40"": 1.354848534, ""42"": 1127.86832, ""43"": 7.22582213, ""44"": 0.386426147, ""45"": 0.220774931, ""46"": 0.144276418, ""47"": 225.0, ""48"": 112.0, ""49"": 56.0, ""50"": 45.0, ""51"": 22.0, ""53"": 85.24327276, ""56"": 3.383569444, ""57"": 0.104646478, ""58"": 135.6359476, ""60"": 13.23117101, ""61"": 66.34519527, ""62"": 0.392542128, ""63"": 0.005926069, ""66"": 0.067084574, ""67"": 1.279749193, ""68"": 1.346833768, ""70"": 0.030858904, ""71"": 0.716659548, ""72"": 0.747518452, ""73"": 0.747518452, ""210"": 17.0, ""212"": 3.229706845, ""213"": 52.33697867}",{},2026-09-05T10:40:10-04:00
Javonte Williams,4361579,RB,DAL,ACTIVE,240.95540938,,196.80315889,225.3,32.61,98.94,30,31,"{""23"": 289.2684646, ""24"": 1263.240006, ""25"": 11.13411849, ""26"": 0.419640545, ""27"": 252.0, ""28"": 126.0, ""29"": 63.0, ""30"": 50.0, ""31"": 25.0, ""33"": 57.0, ""34"": 28.0, ""35"": 0.614211595, ""36"": 0.429948116, ""37"": 4.14, ""38"": 0.141, ""39"": 4.367015974, ""40"": 74.30823563, ""42"": 217.8294994, ""43"": 1.512218653, ""44"": 0.054113057, ""45"": 0.03829282, ""46"": 0.025024358, ""47"": 43.0, ""48"": 21.0, ""49"": 10.0, ""50"": 8.0, ""51"": 4.0, ""53"": 36.92628779, ""56"": 0.081562952, ""57"": 0.002522566, ""58"": 50.6394947, ""60"": 5.899035956, ""61"": 12.81349997, ""62"": 0.473753603, ""63"": 0.011390286, ""66"": 2.295652116, ""67"": 0.293049264, ""68"": 2.58870138, ""70"": 1.055999973, ""71"": 0.164107588, ""72"": 1.220107561, ""73"": 1.220107561, ""210"": 17.0, ""212"": 70.60018037, ""213"": 13.8922615}",{},2026-09-05T10:40:10-04:00
Davante Adams,16800,WR,LAR,ACTIVE,198.39506517,,214.51675575,192.9,46.05,98.62,31,45,"{""42"": 1013.532255, ""43"": 10.61364337, ""44"": 0.144635146, ""45"": 0.207641171, ""46"": 0.135693505, ""47"": 202.0, ""48"": 101.0, ""49"": 50.0, ""50"": 40.0, ""51"": 20.0, ""53"": 67.61330602, ""56"": 2.600086064, ""57"": 0.080415033, ""58"": 123.6968257, ""60"": 14.99013012, ""61"": 59.61954442, ""62"": 0.144635146, ""63"": 0.002891208, ""67"": 0.657092728, ""68"": 0.657092728, ""71"": 0.367971928, ""72"": 0.367971928, ""73"": 0.367971928, ""210"": 17.0, ""213"": 46.5509206}",{},2026-09-05T10:40:10-04:00
Travis Etienne Jr.,4239996,RB,NO,ACTIVE,224.03662044,,164.00867554,235.9,40.35,98.06,32,35,"{""23"": 262.6061937, ""24"": 1140.795653, ""25"": 6.151763269, ""26"": 0.310944084, ""27"": 228.0, ""28"": 114.0, ""29"": 57.0, ""30"": 45.0, ""31"": 22.0, ""33"": 52.0, ""34"": 26.0, ""35"": 0.550491321, ""36"": 0.385343924, ""37"": 3.36, ""38"": 0.115, ""39"": 4.344130796, ""40"": 67.10562665, ""42"": 388.8315809, ""43"": 2.116854372, ""44"": 0.110760969, ""45"": 0.070316054, ""46"": 0.045951542, ""47"": 77.0, ""48"": 38.0, ""49"": 19.0, ""50"": 15.0, ""51"": 7.0, ""53"": 45.2157385, ""56"": 0.209947602, ""57"": 0.006493225, ""58"": 61.26198294, ""60"": 8.599474295, ""61"": 22.87244594, ""62"": 0.421705053, ""63"": 0.009218656, ""66"": 1.787394175, ""67"": 0.307754918, ""68"": 2.095149093, ""70"": 0.822201321, ""71"": 0.172342754, ""72"": 0.994544075, ""73"": 0.994544075, ""210"": 17.0, ""212"": 61.13163472, ""213"": 20.74451237}",{},2026-09-05T10:40:10-04:00
Zay Flowers,4429615,WR,BAL,QUESTIONABLE,197.58027599,,195.69998181,200.3,44.03,98.54,33,38,"{""23"": 9.753149996, ""24"": 57.33223058, ""25"": 0.448781378, ""26"": 0.011620893, ""27"": 11.0, ""28"": 5.0, ""29"": 2.0, ""30"": 2.0, ""31"": 1.0, ""33"": 1.0, ""35"": 0.017981366, ""36"": 0.012586957, ""37"": 0.00807, ""38"": 0.000275, ""39"": 5.878329627, ""40"": 3.372484152, ""42"": 1169.916539, ""43"": 5.485056989, ""44"": 0.180750634, ""45"": 0.44324872, ""46"": 0.289663038, ""47"": 233.0, ""48"": 116.0, ""49"": 58.0, ""50"": 46.0, ""51"": 23.0, ""53"": 81.69922578, ""56"": 3.687455653, ""57"": 0.11404502, ""58"": 116.5880249, ""60"": 14.31979958, ""61"": 68.81861993, ""62"": 0.192371527, ""63"": 0.007937542, ""66"": 0.192390339, ""67"": 1.611596433, ""68"": 1.803986772, ""70"": 0.088499556, ""71"": 0.902494003, ""72"": 0.990993558, ""73"": 0.990993558, ""210"": 17.0, ""212"": 4.93493317, ""213"": 51.97687246}",{},2026-09-05T10:40:10-04:00
Emeka Egbuka,4567750,WR,TB,QUESTIONABLE,194.14789753,,147.22816194,164.2,44.85,98.03,34,39,"{""23"": 2.180725072, ""24"": 11.8789393, ""25"": 0.10176209, ""26"": 0.00930418, ""27"": 2.0, ""28"": 1.0, ""35"": 0.004003997, ""36"": 0.002802798, ""37"": 0.000277409, ""38"": 9.47e-06, ""39"": 5.447242965, ""40"": 0.698761136, ""42"": 1126.798152, ""43"": 7.454722433, ""44"": 0.646916682, ""45"": 0.273313754, ""46"": 0.178610538, ""47"": 225.0, ""48"": 112.0, ""49"": 56.0, ""50"": 45.0, ""51"": 22.0, ""53"": 69.58885548, ""56"": 3.374707106, ""57"": 0.104372385, ""58"": 128.0514643, ""60"": 16.19222135, ""61"": 66.28224422, ""62"": 0.656220862, ""63"": 0.004604078, ""66"": 0.031794389, ""67"": 1.01458693, ""68"": 1.046381319, ""70"": 0.014625419, ""71"": 0.568168681, ""72"": 0.5827941, ""73"": 0.5827941, ""210"": 17.0, ""212"": 2.681435765, ""213"": 48.83291064}",{},2026-09-05T10:40:10-04:00
Tetairoa McMillan,4685472,WR,CAR,ACTIVE,194.47126185,,193.80734206,176.4,42.31,98.68,35,36,"{""42"": 1182.382356, ""43"": 5.912639444, ""44"": 0.358635822, ""45"": 0.230316619, ""46"": 0.15051191, ""47"": 236.0, ""48"": 118.0, ""49"": 59.0, ""50"": 47.0, ""51"": 23.0, ""53"": 83.29779074, ""56"": 3.77860534, ""57"": 0.116864083, ""58"": 140.3943351, ""60"": 14.19464245, ""61"": 69.55190331, ""62"": 0.358635822, ""63"": 0.006320983, ""67"": 1.436586987, ""68"": 1.436586987, ""71"": 0.804488713, ""72"": 0.804488713, ""73"": 0.804488713, ""210"": 17.0, ""213"": 52.85984161}",{},2026-09-05T10:40:10-04:00
Josh Allen,3918298,QB,BUF,ACTIVE,422.88743383,,422.46633391,413.1,19.14,99.92,36,26,"{""0"": 508.2066033, ""1"": 340.0975609, ""2"": 168.1090424, ""3"": 3949.204785, ""4"": 26.36822711, ""5"": 789.0, ""6"": 394.0, ""7"": 197.0, ""8"": 157.0, ""9"": 78.0, ""10"": 39.0, ""11"": 68.0, ""12"": 34.0, ""15"": 3.125056047, ""16"": 2.042224127, ""17"": 2.893103995, ""18"": 0.390782492, ""19"": 2.105639786, ""20"": 11.58419745, ""21"": 0.66921122, ""22"": 232.3061638, ""23"": 116.4370298, ""24"": 580.8458684, ""25"": 12.49375931, ""26"": 0.595129862, ""27"": 116.0, ""28"": 58.0, ""29"": 29.0, ""30"": 23.0, ""31"": 11.0, ""33"": 23.0, ""34"": 11.0, ""35"": 0.227065783, ""36"": 0.158946048, ""37"": 0.868207125, ""38"": 0.0296, ""39"": 4.98849781, ""40"": 34.16740402, ""62"": 2.700769647, ""63"": 0.038794981, ""64"": 36.16929658, ""65"": 7.263454491, ""66"": 1.553586534, ""68"": 8.817041024, ""69"": 3.486458156, ""70"": 0.714649805, ""72"": 4.201107961, ""73"": 15.78530542, ""210"": 17.0, ""211"": 188.4176594, ""212"": 38.07247767}",{},2026-09-05T10:40:10-04:00
Kyren Williams,4430737,RB,LAR,ACTIVE,215.22198831,,266.18214048,245.3,34.84,98.63,38,32,"{""23"": 236.4288003, ""24"": 1070.053203, ""25"": 10.17915699, ""26"": 0.152667343, ""27"": 214.0, ""28"": 107.0, ""29"": 53.0, ""30"": 42.0, ""31"": 21.0, ""33"": 47.0, ""34"": 23.0, ""35"": 0.489470847, ""36"": 0.342629593, ""37"": 2.96, ""38"": 0.101, ""39"": 4.525900403, ""40"": 62.94430603, ""42"": 223.1212235, ""43"": 1.641065658, ""44"": 0.022365502, ""45"": 0.035085851, ""46"": 0.022928603, ""47"": 44.0, ""48"": 22.0, ""49"": 11.0, ""50"": 8.0, ""51"": 4.0, ""53"": 33.45408689, ""56"": 0.08368879, ""57"": 0.002588313, ""58"": 44.9806639, ""60"": 6.669475816, ""61"": 13.12477785, ""62"": 0.175032845, ""63"": 0.010167065, ""66"": 2.024267724, ""67"": 0.286428846, ""68"": 2.310696569, ""70"": 0.931163153, ""71"": 0.160400153, ""72"": 1.091563306, ""73"": 1.091563306, ""102"": 0.014871208, ""115"": 14.87120808, ""118"": 1.0, ""210"": 17.0, ""212"": 60.15506244, ""213"": 13.29944496}",{},2026-09-05T10:40:10-04:00
Quinshon Judkins,4685702,RB,CLE,ACTIVE,210.64402709,,43.4267009,156.8,48.37,96.7,39,40,"{""23"": 317.5302337, ""24"": 1246.242241, ""25"": 7.291920356, ""26"": 0.44251616, ""27"": 249.0, ""28"": 124.0, ""29"": 62.0, ""30"": 49.0, ""31"": 24.0, ""33"": 63.0, ""34"": 31.0, ""35"": 0.683065968, ""36"": 0.478146177, ""37"": 4.01, ""38"": 0.137, ""39"": 3.924798675, ""40"": 73.3083671, ""42"": 222.4360617, ""43"": 0.729564517, ""44"": 0.051965845, ""45"": 0.038358013, ""46"": 0.025066961, ""47"": 44.0, ""48"": 22.0, ""49"": 11.0, ""50"": 8.0, ""51"": 4.0, ""53"": 32.12404767, ""56"": 0.083385202, ""57"": 0.002578924, ""58"": 41.65275825, ""60"": 6.92428501, ""61"": 13.08447422, ""62"": 0.494482005, ""63"": 0.006581892, ""66"": 1.358452007, ""67"": 0.13743251, ""68"": 1.495884517, ""70"": 0.624887923, ""71"": 0.076962206, ""72"": 0.701850129, ""73"": 0.701850129, ""210"": 17.0, ""212"": 68.87887232, ""213"": 12.60466406}",{},2026-09-05T10:40:10-04:00
Cam Skattebo,4696981,RB,NYG,ACTIVE,205.01169911,,125.3165847,115.7,45.02,98.61,40,46,"{""23"": 241.2968644, ""24"": 1011.846034, ""25"": 6.840345136, ""26"": 0.287326933, ""27"": 202.0, ""28"": 101.0, ""29"": 50.0, ""30"": 40.0, ""31"": 20.0, ""33"": 48.0, ""34"": 24.0, ""35"": 0.500776544, ""36"": 0.350543581, ""37"": 2.65, ""38"": 0.0905, ""39"": 4.193365863, ""40"": 59.52035494, ""42"": 331.6414482, ""43"": 1.471264206, ""44"": 0.078726471, ""45"": 0.056078606, ""46"": 0.036647369, ""47"": 66.0, ""48"": 33.0, ""49"": 16.0, ""50"": 13.0, ""51"": 6.0, ""53"": 44.62526668, ""56"": 0.150340281, ""57"": 0.004649699, ""58"": 55.50464106, ""60"": 7.431696725, ""61"": 19.50832048, ""62"": 0.366053404, ""63"": 0.010414427, ""66"": 1.997499265, ""67"": 0.369416062, ""68"": 2.366915327, ""70"": 0.918849662, ""71"": 0.206872995, ""72"": 1.125722657, ""73"": 1.125722657, ""210"": 17.0, ""212"": 55.99633888, ""213"": 18.76885293}",{},2026-09-05T10:40:10-04:00
Bucky Irving,4596448,RB,TB,ACTIVE,188.65366935,,256.67317617,123.5,56.69,96.39,41,50,"{""23"": 244.241208, ""24"": 991.1456225, ""25"": 5.319008887, ""26"": 0.486320754, ""27"": 198.0, ""28"": 99.0, ""29"": 49.0, ""30"": 39.0, ""31"": 19.0, ""33"": 48.0, ""34"": 24.0, ""35"": 0.507554171, ""36"": 0.35528792, ""37"": 2.54, ""38"": 0.0866, ""39"": 4.058060597, ""40"": 58.30268368, ""42"": 294.0760108, ""43"": 1.740183515, ""44"": 0.151049214, ""45"": 0.076534318, ""46"": 0.050015177, ""47"": 58.0, ""48"": 29.0, ""49"": 14.0, ""50"": 11.0, ""51"": 5.0, ""53"": 36.80819298, ""56"": 0.121472509, ""57"": 0.003756882, ""58"": 45.35156028, ""60"": 7.989417219, ""61"": 17.29858887, ""62"": 0.637369968, ""63"": 0.008846958, ""66"": 1.74734058, ""67"": 0.263331687, ""68"": 2.010672267, ""70"": 0.803776667, ""71"": 0.147465745, ""72"": 0.951242411, ""73"": 0.951242411, ""210"": 17.0, ""212"": 54.34210218, ""213"": 16.06114193}",{},2026-09-05T10:40:10-04:00
D'Andre Swift,4259545,RB,CHI,QUESTIONABLE,195.05822073,,208.12285555,211.6,51.78,95.36,42,47,"{""23"": 216.3991372, ""24"": 980.3707416, ""25"": 8.10974943, ""26"": 0.47902464, ""27"": 196.0, ""28"": 98.0, ""29"": 49.0, ""30"": 39.0, ""31"": 19.0, ""33"": 43.0, ""34"": 21.0, ""35"": 0.44365199, ""36"": 0.310556393, ""37"": 2.481713866, ""38"": 0.0847, ""39"": 4.530381933, ""40"": 57.66886716, ""42"": 270.3437849, ""43"": 1.124933447, ""44"": 0.074756576, ""45"": 0.077874821, ""46"": 0.050891195, ""47"": 54.0, ""48"": 27.0, ""49"": 13.0, ""50"": 10.0, ""51"": 5.0, ""53"": 30.72193474, ""56"": 0.106724017, ""57"": 0.003300743, ""58"": 41.54976945, ""60"": 8.799699211, ""61"": 15.90257558, ""62"": 0.553781216, ""63"": 0.008800611, ""66"": 1.751482899, ""67"": 0.248655997, ""68"": 2.000138896, ""70"": 0.805682133, ""71"": 0.139247359, ""72"": 0.944929492, ""73"": 0.944929492, ""210"": 17.0, ""212"": 54.36729242, ""213"": 13.76785592}",{},2026-09-05T10:40:10-04:00
Garrett Wilson,4569618,WR,NYJ,ACTIVE,200.07199171,,196.65245306,81.5,37.1,98.95,43,29,"{""23"": 2.168185528, ""24"": 10.77505738, ""25"": 0.094447913, ""26"": 0.010665571, ""27"": 2.0, ""28"": 1.0, ""35"": 0.00398095, ""36"": 0.002786665, ""37"": 0.000222, ""38"": 7.56e-06, ""39"": 4.96961964, ""40"": 0.633826905, ""42"": 1175.532234, ""43"": 5.266161376, ""44"": 0.641195443, ""45"": 0.178267114, ""46"": 0.116497559, ""47"": 235.0, ""48"": 117.0, ""49"": 58.0, ""50"": 47.0, ""51"": 23.0, ""53"": 100.3348292, ""56"": 3.728551863, ""57"": 0.115316037, ""58"": 148.8940433, ""60"": 11.71609344, ""61"": 69.14895493, ""62"": 0.651861015, ""63"": 0.008650112, ""66"": 0.041584248, ""67"": 1.924350253, ""68"": 1.965934501, ""70"": 0.019128754, ""71"": 1.077636142, ""72"": 1.096764896, ""73"": 1.096764896, ""210"": 17.0, ""212"": 2.637948289, ""213"": 56.28989}",{},2026-09-05T10:40:10-04:00
DeVonta Smith,4241478,WR,PHI,ACTIVE,193.80454228,,178.88697818,163.3,36.52,99.2,44,34,"{""42"": 1129.489259, ""43"": 6.032381574, ""44"": 0.270712106, ""45"": 0.27794436, ""46"": 0.181636639, ""47"": 225.0, ""48"": 112.0, ""49"": 56.0, ""50"": 45.0, ""51"": 22.0, ""53"": 90.50467576, ""56"": 3.394515087, ""57"": 0.104985003, ""58"": 127.8177395, ""60"": 12.47989951, ""61"": 66.44054462, ""62"": 0.270712106, ""63"": 0.004448852, ""67"": 1.011102822, ""68"": 1.011102822, ""71"": 0.56621758, ""72"": 0.56621758, ""73"": 0.56621758, ""210"": 17.0, ""213"": 53.09290859}",{},2026-09-05T10:40:10-04:00
Rome Odunze,4431299,WR,CHI,QUESTIONABLE,183.58632773,,181.27281068,124.1,65.39,94.82,45,55,"{""42"": 1033.754513, ""43"": 8.399567155, ""44"": 0.558143653, ""45"": 0.256425766, ""46"": 0.167574238, ""47"": 206.0, ""48"": 103.0, ""49"": 51.0, ""50"": 41.0, ""51"": 20.0, ""53"": 59.87163784, ""56"": 2.732086015, ""57"": 0.084497506, ""58"": 119.4555872, ""60"": 17.26618062, ""61"": 60.80908899, ""62"": 0.558143653, ""63"": 0.004866057, ""67"": 1.105922075, ""68"": 1.105922075, ""71"": 0.619316362, ""72"": 0.619316362, ""73"": 0.619316362, ""210"": 17.0, ""213"": 44.43861941}",{},2026-09-05T10:40:10-04:00
Tee Higgins,4239993,WR,CIN,QUESTIONABLE,182.243487,,218.19342804,182.1,51.33,97.21,46,42,"{""42"": 955.0099487, ""43"": 8.36586972, ""44"": 0.38970279, ""45"": 0.217830369, ""46"": 0.142352146, ""47"": 191.0, ""48"": 95.0, ""49"": 47.0, ""50"": 38.0, ""51"": 19.0, ""53"": 73.31126128, ""56"": 2.232255287, ""57"": 0.069038823, ""58"": 115.0558852, ""60"": 13.02678377, ""61"": 56.17705581, ""62"": 0.38970279, ""63"": 0.003487638, ""67"": 0.792645009, ""68"": 0.792645009, ""71"": 0.443881205, ""72"": 0.443881205, ""73"": 0.443881205, ""210"": 17.0, ""213"": 45.31670711}",{},2026-09-05T10:40:10-04:00
Terry McLaurin,3121422,WR,WSH,ACTIVE,179.78840863,,204.71190928,95.2,60.87,95.92,47,51,"{""42"": 1051.26989, ""43"": 6.091666756, ""44"": 0.476707306, ""45"": 0.282088723, ""46"": 0.184344981, ""47"": 210.0, ""48"": 105.0, ""49"": 52.0, ""50"": 42.0, ""51"": 21.0, ""53"": 76.78394186, ""56"": 2.849539041, ""57"": 0.088130073, ""58"": 118.5012121, ""60"": 13.69127274, ""61"": 61.83940528, ""62"": 0.476707306, ""63"": 0.004847725, ""67"": 1.101755757, ""68"": 1.101755757, ""71"": 0.616983224, ""72"": 0.616983224, ""73"": 0.616983224, ""210"": 17.0, ""213"": 47.83276012}",{},2026-09-05T10:40:10-04:00
Ladd McConkey,4612826,WR,LAC,ACTIVE,181.16726887,,197.10619382,147.9,45.78,97.58,48,41,"{""42"": 1039.218305, ""43"": 6.310418936, ""44"": 0.156164298, ""45"": 0.242865662, ""46"": 0.15871271, ""47"": 207.0, ""48"": 103.0, ""49"": 51.0, ""50"": 41.0, ""51"": 20.0, ""53"": 79.60238941, ""56"": 2.769221054, ""57"": 0.085646012, ""58"": 122.0200922, ""60"": 13.05511446, ""61"": 61.13048854, ""62"": 0.156164298, ""63"": 0.004505039, ""67"": 1.023872448, ""68"": 1.023872448, ""71"": 0.573368571, ""72"": 0.573368571, ""73"": 0.573368571, ""102"": 0.069356432, ""115"": 69.35643247, ""118"": 6.0, ""119"": 2.0, ""210"": 17.0, ""213"": 48.23229299}",{},2026-09-05T10:40:10-04:00
Jameson Williams,4426388,WR,DET,ACTIVE,176.42092673,,185.76066022,187.4,64.07,95.34,49,54,"{""23"": 6.970447144, ""24"": 45.15154088, ""25"": 0.574077824, ""26"": 0.01082257, ""27"": 9.0, ""28"": 4.0, ""29"": 2.0, ""30"": 1.0, ""33"": 1.0, ""35"": 0.01283168, ""36"": 0.008982176, ""37"": 0.004936935, ""38"": 0.000168479, ""39"": 6.477567356, ""40"": 2.655972993, ""42"": 1026.449622, ""43"": 5.701108364, ""44"": 0.126017895, ""45"": 0.447172404, ""46"": 0.292227166, ""47"": 205.0, ""48"": 102.0, ""49"": 51.0, ""50"": 41.0, ""51"": 20.0, ""53"": 64.36584473, ""56"": 2.683433236, ""57"": 0.08299278, ""58"": 102.036859, ""60"": 15.94711647, ""61"": 60.37938956, ""62"": 0.136840466, ""63"": 0.003386232, ""66"": 0.07519935, ""67"": 0.694398735, ""68"": 0.769598085, ""70"": 0.034591701, ""71"": 0.388863292, ""72"": 0.423454993, ""73"": 0.423454993, ""210"": 17.0, ""212"": 4.447998939, ""213"": 44.15811525}",{},2026-09-05T10:40:10-04:00
Colston Loveland,4723086,TE,CHI,ACTIVE,166.44819179,,124.92489332,136.1,42.33,99.58,50,43,"{""42"": 900.959819, ""43"": 5.994679047, ""44"": 0.39831716, ""45"": 0.146863091, ""46"": 0.09597503, ""47"": 180.0, ""48"": 90.0, ""49"": 45.0, ""50"": 36.0, ""51"": 18.0, ""53"": 80.94892627, ""56"": 1.915287063, ""57"": 0.059235682, ""58"": 119.4555872, ""60"": 11.12997862, ""61"": 52.99763641, ""62"": 0.39831716, ""63"": 0.003484493, ""67"": 0.791930225, ""68"": 0.791930225, ""71"": 0.443480926, ""72"": 0.443480926, ""73"": 0.443480926, ""210"": 17.0, ""213"": 44.59747538}",{},2026-09-05T10:40:10-04:00
Tyler Warren,4431459,TE,IND,QUESTIONABLE,168.31670221,,133.66620391,150.5,51.99,99.09,51,53,"{""23"": 6.262357221, ""24"": 14.38050757, ""25"": 0.377308417, ""26"": 0.018511914, ""27"": 2.0, ""28"": 1.0, ""33"": 1.0, ""35"": 0.011523783, ""36"": 0.008066648, ""37"": 0.000433, ""38"": 1.48e-05, ""39"": 2.296340989, ""40"": 0.84591221, ""42"": 893.4435319, ""43"": 5.54925968, ""44"": 0.441526429, ""45"": 0.163501517, ""46"": 0.106848241, ""47"": 178.0, ""48"": 89.0, ""49"": 44.0, ""50"": 35.0, ""51"": 17.0, ""53"": 84.55958564, ""56"": 1.87387263, ""57"": 0.057954824, ""58"": 115.571587, ""60"": 10.56584567, ""61"": 52.55550188, ""62"": 0.460038343, ""63"": 0.004872414, ""66"": 0.07635519, ""67"": 1.03101165, ""68"": 1.10736684, ""70"": 0.035123388, ""71"": 0.577366524, ""72"": 0.612489911, ""73"": 0.612489911, ""210"": 17.0, ""212"": 3.21929448, ""213"": 45.03105507}",{},2026-09-05T10:40:10-04:00
Jaylen Waddle,4372016,WR,DEN,ACTIVE,174.75658935,,182.71120484,162.0,52.22,96.75,52,49,"{""23"": 2.047027459, ""24"": 12.15548099, ""25"": 0.082213409, ""26"": 0.00503193, ""27"": 2.0, ""28"": 1.0, ""35"": 0.003758248, ""36"": 0.002630774, ""37"": 0.000294, ""38"": 1e-05, ""39"": 5.938113304, ""40"": 0.715028293, ""42"": 992.8471176, ""43"": 6.013369662, ""44"": 0.36469303, ""45"": 0.226332787, ""46"": 0.147908477, ""47"": 198.0, ""48"": 99.0, ""49"": 49.0, ""50"": 39.0, ""51"": 19.0, ""53"": 76.5386807, ""56"": 2.466659372, ""57"": 0.076288434, ""58"": 118.5777804, ""60"": 12.97183474, ""61"": 58.40277162, ""62"": 0.369724959, ""63"": 0.005233469, ""66"": 0.030982543, ""67"": 1.158442202, ""68"": 1.189424745, ""70"": 0.01425197, ""71"": 0.648727633, ""72"": 0.662979603, ""73"": 0.662979603, ""210"": 17.0, ""212"": 2.668077149, ""213"": 46.13376919}",{},2026-09-05T10:40:10-04:00
DJ Moore,3915416,WR,BUF,ACTIVE,176.11414404,,193.90035426,147.1,59.84,95.36,53,52,"{""23"": 6.932460567, ""24"": 36.04249967, ""25"": 0.389529484, ""26"": 0.018552035, ""27"": 7.0, ""28"": 3.0, ""29"": 1.0, ""30"": 1.0, ""33"": 1.0, ""35"": 0.012761558, ""36"": 0.008933091, ""37"": 0.003107231, ""38"": 0.000106, ""39"": 5.199091913, ""40"": 2.120147039, ""42"": 945.726854, ""43"": 7.001884516, ""44"": 0.562723977, ""45"": 0.277225916, ""46"": 0.181167136, ""47"": 189.0, ""48"": 94.0, ""49"": 47.0, ""50"": 37.0, ""51"": 18.0, ""53"": 67.17323827, ""56"": 2.174859877, ""57"": 0.067263708, ""58"": 107.264158, ""60"": 14.07892307, ""61"": 55.63099141, ""62"": 0.581276012, ""63"": 0.004636347, ""66"": 0.098573253, ""67"": 0.95514205, ""68"": 1.053715302, ""70"": 0.045343696, ""71"": 0.534879548, ""72"": 0.580223244, ""73"": 0.580223244, ""210"": 17.0, ""212"": 4.000540318, ""213"": 43.1039031}",{},2026-09-05T10:40:10-04:00
Luther Burden III,4685278,WR,CHI,QUESTIONABLE,168.91075758,,74.74899628,104.4,74.78,92.7,54,64,"{""23"": 9.016630717, ""24"": 48.81790471, ""25"": 0.394808983, ""26"": 0.023320478, ""27"": 9.0, ""28"": 4.0, ""29"": 2.0, ""30"": 1.0, ""33"": 1.0, ""35"": 0.01661689, ""36"": 0.011631823, ""37"": 0.005807943, ""38"": 0.000198, ""39"": 5.414206952, ""40"": 2.871641453, ""42"": 941.4569244, ""43"": 5.04571187, ""44"": 0.335208567, ""45"": 0.21123898, ""46"": 0.138044673, ""47"": 188.0, ""48"": 94.0, ""49"": 47.0, ""50"": 37.0, ""51"": 18.0, ""53"": 75.76236226, ""56"": 2.149865159, ""57"": 0.066490675, ""58"": 114.261866, ""60"": 12.42644628, ""61"": 55.37981908, ""62"": 0.358529045, ""63"": 0.005438642, ""66"": 0.131460068, ""67"": 1.10459501, ""68"": 1.236055079, ""70"": 0.060471631, ""71"": 0.618573206, ""72"": 0.679044837, ""73"": 0.679044837, ""210"": 17.0, ""212"": 4.562461819, ""213"": 44.14399028}",{},2026-09-05T10:40:10-04:00
Courtland Sutton,3128429,WR,DEN,ACTIVE,169.510443,,189.98789151,182.7,81.31,92.23,55,80,"{""42"": 894.2581988, ""43"": 7.591616657, ""44"": 0.460500521, ""45"": 0.147682182, ""46"": 0.096510306, ""47"": 178.0, ""48"": 89.0, ""49"": 44.0, ""50"": 35.0, ""51"": 17.0, ""53"": 69.16632437, ""56"": 1.877955177, ""57"": 0.058081088, ""58"": 118.5777804, ""60"": 12.92909818, ""61"": 52.60342346, ""62"": 0.460500521, ""63"": 0.003807729, ""67"": 0.865392902, ""68"": 0.865392902, ""71"": 0.484620025, ""72"": 0.484620025, ""73"": 0.484620025, ""210"": 17.0, ""213"": 42.38004017}",{},2026-09-05T10:40:10-04:00
Jayden Daniels,4426348,QB,WSH,ACTIVE,361.73146386,,424.76676397,129.8,53.06,99.0,56,56,"{""0"": 519.4251753, ""1"": 346.542863, ""2"": 172.8823123, ""3"": 3846.244182, ""4"": 22.24701501, ""5"": 769.0, ""6"": 384.0, ""7"": 192.0, ""8"": 153.0, ""9"": 76.0, ""10"": 38.0, ""11"": 69.0, ""12"": 34.0, ""15"": 2.977723249, ""16"": 1.945942143, ""17"": 2.638650311, ""18"": 0.356412471, ""19"": 1.743522421, ""20"": 9.878355564, ""21"": 0.667166089, ""22"": 226.2496578, ""23"": 130.9685669, ""24"": 669.061137, ""25"": 5.087874166, ""26"": 0.299914226, ""27"": 133.0, ""28"": 66.0, ""29"": 33.0, ""30"": 26.0, ""31"": 13.0, ""33"": 26.0, ""34"": 13.0, ""35"": 0.25729929, ""36"": 0.180109503, ""37"": 1.15, ""38"": 0.0393, ""39"": 5.10856271, ""40"": 39.35653747, ""62"": 2.043436648, ""63"": 0.033790501, ""64"": 39.38045156, ""65"": 6.221509785, ""66"": 1.458149634, ""68"": 7.679659419, ""69"": 2.986324697, ""70"": 0.670748832, ""72"": 3.657073529, ""73"": 13.53542909, ""210"": 17.0, ""211"": 185.9428823, ""212"": 36.41283082}",{},2026-09-05T10:40:10-04:00
Lamar Jackson,3916387,QB,BAL,ACTIVE,374.18180961,,426.77737821,255.7,34.36,99.81,58,44,"{""0"": 466.7697103, ""1"": 302.7894843, ""2"": 163.9802261, ""3"": 3885.766815, ""4"": 25.96990417, ""5"": 777.0, ""6"": 388.0, ""7"": 194.0, ""8"": 155.0, ""9"": 77.0, ""10"": 38.0, ""11"": 60.0, ""12"": 30.0, ""15"": 3.034661444, ""16"": 1.983151254, ""17"": 2.738979601, ""18"": 0.369964328, ""19"": 0.848955721, ""20"": 9.728586584, ""21"": 0.648691373, ""22"": 228.5745185, ""23"": 122.1543261, ""24"": 670.7697372, ""25"": 3.68267165, ""26"": 0.095363702, ""27"": 134.0, ""28"": 67.0, ""29"": 33.0, ""30"": 26.0, ""31"": 13.0, ""33"": 24.0, ""34"": 12.0, ""35"": 0.238909139, ""36"": 0.167236397, ""37"": 1.16, ""38"": 0.0395, ""39"": 5.491166451, ""40"": 39.45704336, ""62"": 0.944319423, ""63"": 0.039932961, ""64"": 39.5402209, ""65"": 7.31163837, ""66"": 1.764034641, ""68"": 9.075673011, ""69"": 3.509586418, ""70"": 0.811455935, ""72"": 4.321042352, ""73"": 14.04962894, ""210"": 17.0, ""211"": 177.0363794, ""212"": 34.88744797}",{},2026-09-05T10:40:10-04:00
Drake Maye,4431452,QB,NE,ACTIVE,373.97376578,,331.82156842,412.3,47.12,99.38,60,58,"{""0"": 519.1850651, ""1"": 355.0447584, ""2"": 164.1403067, ""3"": 4099.579719, ""4"": 27.13426244, ""5"": 819.0, ""6"": 409.0, ""7"": 204.0, ""8"": 163.0, ""9"": 81.0, ""10"": 40.0, ""11"": 71.0, ""12"": 35.0, ""15"": 3.348919803, ""16"": 2.188519091, ""17"": 3.324966075, ""18"": 0.449115735, ""19"": 1.035760856, ""20"": 11.18788406, ""21"": 0.6838501, ""22"": 241.1517482, ""23"": 101.0574195, ""24"": 532.5940214, ""25"": 4.065456753, ""26"": 0.144575653, ""27"": 106.0, ""28"": 53.0, ""29"": 26.0, ""30"": 21.0, ""31"": 10.0, ""33"": 20.0, ""34"": 10.0, ""35"": 0.195519745, ""36"": 0.136863821, ""37"": 0.729, ""38"": 0.0249, ""39"": 5.270211964, ""40"": 31.32906008, ""62"": 1.180336509, ""63"": 0.047364686, ""64"": 46.57107223, ""65"": 9.133281325, ""66"": 1.631419938, ""68"": 10.76470126, ""69"": 4.383975036, ""70"": 0.750453171, ""72"": 5.134428207, ""73"": 16.32231227, ""210"": 17.0, ""211"": 196.1631876, ""212"": 29.22556333}",{},2026-09-05T10:40:10-04:00
Jalen Hurts,4040715,QB,PHI,ACTIVE,366.47847699,,410.10385663,348.3,54.67,98.4,62,73,"{""0"": 499.0967871, ""1"": 327.4240952, ""2"": 171.6726918, ""3"": 3776.602408, ""4"": 23.46634783, ""5"": 755.0, ""6"": 377.0, ""7"": 188.0, ""8"": 151.0, ""9"": 75.0, ""10"": 37.0, ""11"": 65.0, ""12"": 32.0, ""15"": 2.87986927, ""16"": 1.881994568, ""17"": 2.478267268, ""18"": 0.334748927, ""19"": 1.052017237, ""20"": 9.170209162, ""21"": 0.656033266, ""22"": 222.1530828, ""23"": 106.2719965, ""24"": 437.4266191, ""25"": 9.128681605, ""26"": 0.273823846, ""27"": 87.0, ""28"": 43.0, ""29"": 21.0, ""30"": 17.0, ""31"": 8.0, ""33"": 21.0, ""34"": 10.0, ""35"": 0.206162988, ""36"": 0.144314091, ""37"": 0.491, ""38"": 0.0168, ""39"": 4.116104276, ""40"": 25.7309776, ""62"": 1.325841083, ""63"": 0.037592578, ""64"": 38.67129588, ""65"": 7.133974705, ""66"": 1.409793104, ""68"": 8.543767809, ""69"": 3.424307858, ""70"": 0.648504828, ""72"": 4.072812686, ""73"": 13.24302185, ""210"": 17.0, ""211"": 179.8413716, ""212"": 30.10365107}",{},2026-09-05T10:40:10-04:00
Bhayshul Tuten,4882093,RB,JAX,QUESTIONABLE,188.96542855,,4.46502345,83.6,61.15,93.35,64,48,"{""23"": 237.2158749, ""24"": 994.5932579, ""25"": 6.737453487, ""26"": 0.26877304, ""27"": 198.0, ""28"": 99.0, ""29"": 49.0, ""30"": 39.0, ""31"": 19.0, ""33"": 47.0, ""34"": 23.0, ""35"": 0.491300941, ""36"": 0.343910658, ""37"": 2.558186804, ""38"": 0.0873, ""39"": 4.192776973, ""40"": 58.50548576, ""42"": 252.4416079, ""43"": 1.441739917, ""44"": 0.059511246, ""45"": 0.042338345, ""46"": 0.027668108, ""47"": 50.0, ""48"": 25.0, ""49"": 12.0, ""50"": 10.0, ""51"": 5.0, ""53"": 33.95464851, ""56"": 0.097236707, ""57"": 0.003007321, ""58"": 45.65369602, ""60"": 7.434670037, ""61"": 14.84950635, ""62"": 0.328284286, ""63"": 0.013087429, ""66"": 2.601973943, ""67"": 0.372441814, ""68"": 2.974415757, ""70"": 1.196908014, ""71"": 0.208567416, ""72"": 1.40547543, ""73"": 1.40547543, ""101"": 0.060639929, ""114"": 698.5947937, ""116"": 69.0, ""117"": 27.0, ""210"": 17.0, ""212"": 55.08915433, ""213"": 14.14057326}",{},2026-09-05T10:40:10-04:00
David Montgomery,4035538,RB,HOU,ACTIVE,183.83617183,,195.331667,156.8,61.42,94.42,65,60,"{""23"": 227.0589177, ""24"": 985.4655364, ""25"": 7.333146088, ""26"": 0.530586154, ""27"": 197.0, ""28"": 98.0, ""29"": 49.0, ""30"": 39.0, ""31"": 19.0, ""33"": 45.0, ""34"": 22.0, ""35"": 0.467911439, ""36"": 0.327538007, ""37"": 2.506292668, ""38"": 0.085530153, ""39"": 4.340131392, ""40"": 57.96856097, ""42"": 228.0214234, ""43"": 0.614084054, ""44"": 0.04037527, ""45"": 0.053427514, ""46"": 0.034914881, ""47"": 45.0, ""48"": 22.0, ""49"": 11.0, ""50"": 9.0, ""51"": 4.0, ""53"": 31.5714864, ""56"": 0.08569184, ""57"": 0.002650263, ""58"": 38.39587923, ""60"": 7.222384797, ""61"": 13.41302491, ""62"": 0.570961424, ""63"": 0.009893658, ""66"": 1.974072944, ""67"": 0.274485661, ""68"": 2.248558605, ""70"": 0.908073554, ""71"": 0.15371197, ""72"": 1.061785524, ""73"": 1.061785524, ""210"": 17.0, ""212"": 54.60797626, ""213"": 12.58551774}",{},2026-09-05T10:40:10-04:00
Jadarian Price,4685512,RB,SEA,ACTIVE,180.47893925,,,,66.64,93.59,67,62,"{""23"": 222.6088179, ""24"": 922.6127577, ""25"": 7.901412273, ""26"": 0.225692866, ""27"": 184.0, ""28"": 92.0, ""29"": 46.0, ""30"": 36.0, ""31"": 18.0, ""33"": 44.0, ""34"": 22.0, ""35"": 0.459411512, ""36"": 0.321588058, ""37"": 2.278628021, ""38"": 0.0778, ""39"": 4.144547221, ""40"": 54.27133869, ""42"": 212.3427604, ""43"": 1.252939111, ""44"": 0.045593448, ""45"": 0.05764421, ""46"": 0.037670491, ""47"": 42.0, ""48"": 21.0, ""49"": 10.0, ""50"": 8.0, ""51"": 4.0, ""53"": 27.05259827, ""56"": 0.079270959, ""57"": 0.002451679, ""58"": 35.2640479, ""60"": 7.849255671, ""61"": 12.49075061, ""62"": 0.271286314, ""63"": 0.009399253, ""66"": 1.904721902, ""67"": 0.231471857, ""68"": 2.136193759, ""70"": 0.876172075, ""71"": 0.12962424, ""72"": 1.005796315, ""73"": 1.005796315, ""210"": 17.0, ""212"": 52.63901779, ""213"": 11.38439588}",{},2026-09-05T10:40:10-04:00
Rhamondre Stevenson,4569173,RB,NE,ACTIVE,182.05712847,,158.3057392,162.8,77.96,90.51,68,72,"{""23"": 173.959158, ""24"": 742.3784887, ""25"": 6.790144291, ""26"": 0.241420438, ""27"": 148.0, ""28"": 74.0, ""29"": 37.0, ""30"": 29.0, ""31"": 14.0, ""33"": 34.0, ""34"": 17.0, ""35"": 0.349316152, ""36"": 0.244521307, ""37"": 1.426803274, ""38"": 0.0487, ""39"": 4.267544735, ""40"": 43.66932286, ""42"": 350.4157816, ""43"": 2.093077395, ""44"": 0.080308975, ""45"": 0.092827916, ""46"": 0.060663043, ""47"": 70.0, ""48"": 35.0, ""49"": 17.0, ""50"": 14.0, ""51"": 7.0, ""53"": 42.43732474, ""56"": 0.167328692, ""57"": 0.005175114, ""58"": 51.82546356, ""60"": 8.257254287, ""61"": 20.61269304, ""62"": 0.321729412, ""63"": 0.010934384, ""66"": 1.99773892, ""67"": 0.487348273, ""68"": 2.485087193, ""70"": 0.918959903, ""71"": 0.272915033, ""72"": 1.191874936, ""73"": 1.191874936, ""210"": 17.0, ""212"": 42.76927568, ""213"": 19.0421404}",{},2026-09-05T10:40:10-04:00
Rico Dowdle,4038815,RB,PIT,ACTIVE,173.64785092,,73.16785747,196.8,95.33,88.77,69,106,"{""23"": 227.1899016, ""24"": 992.8766563, ""25"": 5.614227232, ""26"": 0.189042553, ""27"": 198.0, ""28"": 99.0, ""29"": 49.0, ""30"": 39.0, ""31"": 19.0, ""33"": 45.0, ""34"": 22.0, ""35"": 0.46823643, ""36"": 0.327765501, ""37"": 2.55, ""38"": 0.0869, ""39"": 4.37024995, ""40"": 58.40450919, ""42"": 210.7133212, ""43"": 1.077265563, ""44"": 0.032978491, ""45"": 0.037948792, ""46"": 0.024799536, ""47"": 42.0, ""48"": 21.0, ""49"": 10.0, ""50"": 8.0, ""51"": 4.0, ""53"": 29.23926913, ""56"": 0.078654385, ""57"": 0.00243261, ""58"": 39.667141, ""60"": 7.206518066, ""61"": 12.39490125, ""62"": 0.222021044, ""63"": 0.008978138, ""66"": 1.807820079, ""67"": 0.232665878, ""68"": 2.040485957, ""70"": 0.831597236, ""71"": 0.130292891, ""72"": 0.961890128, ""73"": 0.961890128, ""210"": 17.0, ""212"": 53.58471565, ""213"": 11.76604108}",{},2026-09-05T10:40:10-04:00
Jaylen Warren,4569987,RB,PIT,ACTIVE,170.8586665,,220.14264436,197.1,86.27,90.05,70,88,"{""23"": 184.3238825, ""24"": 809.1777306, ""25"": 4.573825824, ""26"": 0.154010102, ""27"": 161.0, ""28"": 80.0, ""29"": 40.0, ""30"": 32.0, ""31"": 16.0, ""33"": 36.0, ""34"": 18.0, ""35"": 0.371992311, ""36"": 0.260394617, ""37"": 1.689939085, ""38"": 0.0577, ""39"": 4.389977684, ""40"": 47.59869003, ""42"": 319.9572098, ""43"": 1.461915869, ""44"": 0.044752329, ""45"": 0.044794895, ""46"": 0.029273464, ""47"": 63.0, ""48"": 31.0, ""49"": 15.0, ""50"": 12.0, ""51"": 6.0, ""53"": 46.10317181, ""56"": 0.140604848, ""57"": 0.004348604, ""58"": 56.66734428, ""60"": 6.940025973, ""61"": 18.82101234, ""62"": 0.198762431, ""63"": 0.008337136, ""66"": 1.515696827, ""67"": 0.379106767, ""68"": 1.894803595, ""70"": 0.697220541, ""71"": 0.21229979, ""72"": 0.90952033, ""73"": 0.90952033, ""101"": 0.016775366, ""114"": 149.8213738, ""116"": 14.0, ""117"": 5.0, ""210"": 17.0, ""212"": 44.00219409, ""213"": 18.77968809}",{},2026-09-05T10:40:10-04:00
Carnell Tate,4871023,WR,TEN,QUESTIONABLE,164.94659602,,,,78.23,93.06,72,67,"{""42"": 1023.154941, ""43"": 4.459811958, ""44"": 0.070213168, ""45"": 0.232048357, ""46"": 0.151643602, ""47"": 204.0, ""48"": 102.0, ""49"": 51.0, ""50"": 40.0, ""51"": 20.0, ""53"": 74.50515021, ""56"": 2.663146825, ""57"": 0.082365366, ""58"": 121.2323778, ""60"": 13.73267402, ""61"": 60.18558476, ""62"": 0.070213168, ""63"": 0.005974459, ""67"": 1.357831493, ""68"": 1.357831493, ""71"": 0.760385636, ""72"": 0.760385636, ""73"": 0.760385636, ""210"": 17.0, ""213"": 45.87075746}",{},2026-09-05T10:40:10-04:00
DK Metcalf,4047650,WR,PIT,QUESTIONABLE,163.38906903,,199.717348,157.7,85.28,91.88,73,78,"{""42"": 944.0865187, ""43"": 6.195630872, ""44"": 0.189591456, ""45"": 0.220569342, ""46"": 0.144142065, ""47"": 188.0, ""48"": 94.0, ""49"": 47.0, ""50"": 37.0, ""51"": 18.0, ""53"": 64.76335961, ""56"": 2.166162032, ""57"": 0.066994702, ""58"": 113.3346886, ""60"": 14.57747906, ""61"": 55.5345011, ""62"": 0.189591456, ""63"": 0.003748764, ""67"": 0.851991773, ""68"": 0.851991773, ""71"": 0.477115393, ""72"": 0.477115393, ""73"": 0.477115393, ""210"": 17.0, ""213"": 42.17968859}",{},2026-09-05T10:40:10-04:00
Marvin Harrison Jr.,4432708,WR,ARI,ACTIVE,159.22918487,,198.70587423,107.3,78.7,91.81,74,69,"{""42"": 953.7269723, ""43"": 5.026300801, ""44"": 0.276009069, ""45"": 0.148810055, ""46"": 0.097247371, ""47"": 190.0, ""48"": 95.0, ""49"": 47.0, ""50"": 38.0, ""51"": 19.0, ""53"": 68.7049094, ""56"": 2.223959979, ""57"": 0.068782267, ""58"": 126.0357813, ""60"": 13.88149669, ""61"": 56.10158661, ""62"": 0.276009069, ""63"": 0.004737032, ""67"": 1.076598215, ""68"": 1.076598215, ""71"": 0.602895, ""72"": 0.602895, ""73"": 0.602895, ""210"": 17.0, ""213"": 42.86578636}",{},2026-09-05T10:40:10-04:00
Alec Pierce,4360078,WR,IND,ACTIVE,155.44130724,,58.729779,159.8,107.75,86.0,75,108,"{""42"": 940.6834069, ""43"": 5.259293579, ""44"": 0.418387407, ""45"": 0.299521784, ""46"": 0.195737486, ""47"": 188.0, ""48"": 94.0, ""49"": 47.0, ""50"": 37.0, ""51"": 18.0, ""53"": 59.92995083, ""56"": 2.148050917, ""57"": 0.066434564, ""58"": 104.4365603, ""60"": 15.69638209, ""61"": 55.33431805, ""62"": 0.418387407, ""63"": 0.003867856, ""67"": 0.879058174, ""68"": 0.879058174, ""71"": 0.492272578, ""72"": 0.492272578, ""73"": 0.492272578, ""210"": 17.0, ""213"": 40.60126795}",{},2026-09-05T10:40:10-04:00
Christian Watson,4248528,WR,GB,ACTIVE,160.77057074,,43.1130088,114.9,88.47,89.32,76,81,"{""23"": 2.189617413, ""24"": 12.8170035, ""25"": 0.140009203, ""26"": 0.00390833, ""27"": 2.0, ""28"": 1.0, ""35"": 0.004020347, ""36"": 0.002814243, ""37"": 0.000331116, ""38"": 1.13e-05, ""39"": 5.853535608, ""40"": 0.753941382, ""42"": 882.8268691, ""43"": 7.170456866, ""44"": 0.225218518, ""45"": 0.325604962, ""46"": 0.212782843, ""47"": 176.0, ""48"": 88.0, ""49"": 44.0, ""50"": 35.0, ""51"": 17.0, ""53"": 55.92350672, ""56"": 1.814188837, ""57"": 0.056108933, ""58"": 95.90791111, ""60"": 15.78632888, ""61"": 51.9309923, ""62"": 0.229126848, ""63"": 0.004258229, ""66"": 0.036464509, ""67"": 0.931314862, ""68"": 0.967779372, ""70"": 0.016773674, ""71"": 0.521536323, ""72"": 0.538309997, ""73"": 0.538309997, ""210"": 17.0, ""212"": 2.742163333, ""213"": 38.8741153}",{},2026-09-05T10:40:10-04:00
Parker Washington,4432620,WR,JAX,ACTIVE,155.32622648,,35.54263814,155.7,89.65,88.76,77,87,"{""23"": 8.041216099, ""24"": 38.96649392, ""25"": 0.267866183, ""26"": 0.010685819, ""27"": 7.0, ""28"": 3.0, ""29"": 1.0, ""30"": 1.0, ""33"": 1.0, ""35"": 0.014811487, ""36"": 0.010368041, ""37"": 0.003647724, ""38"": 0.000124, ""39"": 4.845845882, ""40"": 2.292146701, ""42"": 849.4336229, ""43"": 5.202278317, ""44"": 0.214610769, ""45"": 0.177285819, ""46"": 0.115856283, ""47"": 169.0, ""48"": 84.0, ""49"": 42.0, ""50"": 33.0, ""51"": 16.0, ""53"": 63.72539531, ""56"": 1.637247793, ""57"": 0.05063653, ""58"": 107.6720537, ""60"": 13.32959362, ""61"": 49.9666837, ""62"": 0.225296588, ""63"": 0.006315462, ""66"": 0.160824322, ""67"": 1.274507906, ""68"": 1.435332228, ""70"": 0.073979188, ""71"": 0.713724428, ""72"": 0.787703616, ""73"": 0.787703616, ""102"": 0.487910699, ""115"": 315.7981328, ""118"": 31.0, ""119"": 12.0, ""210"": 17.0, ""212"": 4.075930143, ""213"": 38.92674931}",{},2026-09-05T10:40:10-04:00
Kyle Pitts Sr.,4360248,TE,ATL,ACTIVE,144.89635393,,118.16065634,166.8,68.65,96.62,78,77,"{""42"": 857.5925894, ""43"": 3.179288217, ""44"": 0.186587705, ""45"": 0.138918184, ""46"": 0.090783033, ""47"": 171.0, ""48"": 85.0, ""49"": 42.0, ""50"": 34.0, ""51"": 17.0, ""53"": 80.47864171, ""56"": 1.67921359, ""57"": 0.051934441, ""58"": 115.0134066, ""60"": 10.65615139, ""61"": 50.44662291, ""62"": 0.186587705, ""63"": 0.002165156, ""67"": 0.492080869, ""68"": 0.492080869, ""71"": 0.275565287, ""72"": 0.275565287, ""73"": 0.275565287, ""210"": 17.0, ""213"": 42.14312671}",{},2026-09-05T10:40:10-04:00
Harold Fannin Jr.,5083076,TE,CLE,ACTIVE,146.92935002,,41.67192486,150.4,70.53,95.21,79,76,"{""23"": 8.507269006, ""24"": 21.18378225, ""25"": 0.322695056, ""26"": 0.019583331, ""27"": 4.0, ""28"": 2.0, ""29"": 1.0, ""33"": 1.0, ""35"": 0.015673834, ""36"": 0.010971684, ""37"": 0.00101, ""38"": 3.44e-05, ""39"": 2.490080217, ""40"": 1.246104838, ""42"": 824.904238, ""43"": 3.205431011, ""44"": 0.228050978, ""45"": 0.09937075, ""46"": 0.064938785, ""47"": 164.0, ""48"": 82.0, ""49"": 41.0, ""50"": 32.0, ""51"": 16.0, ""53"": 83.81793036, ""56"": 1.514483306, ""57"": 0.04683969, ""58"": 119.75168, ""60"": 9.841620217, ""61"": 48.5237787, ""62"": 0.247634308, ""63"": 0.005002624, ""66"": 0.104764726, ""67"": 1.032195228, ""68"": 1.136959953, ""70"": 0.048191774, ""71"": 0.578029327, ""72"": 0.626221101, ""73"": 0.626221101, ""210"": 17.0, ""212"": 3.544680418, ""213"": 42.01353437}",{},2026-09-05T10:40:10-04:00
Sam LaPorta,4430027,TE,DET,QUESTIONABLE,149.64740777,,154.45432043,86.9,74.24,95.69,80,89,"{""42"": 787.065738, ""43"": 5.368197909, ""44"": 0.118661328, ""45"": 0.160757126, ""46"": 0.105054782, ""47"": 157.0, ""48"": 78.0, ""49"": 39.0, ""50"": 31.0, ""51"": 15.0, ""53"": 78.4937534, ""56"": 1.329846651, ""57"": 0.041129278, ""58"": 102.036859, ""60"": 10.02711304, ""61"": 46.29798459, ""62"": 0.118661328, ""63"": 0.00296, ""67"": 0.671922177, ""68"": 0.671922177, ""71"": 0.376276419, ""72"": 0.376276419, ""73"": 0.376276419, ""210"": 17.0, ""213"": 40.64093056}",{},2026-09-05T10:40:10-04:00
Joe Burrow,3915511,QB,CIN,ACTIVE,369.99917354,,399.26230302,167.9,53.47,97.91,81,70,"{""0"": 572.4501915, ""1"": 387.3732848, ""2"": 185.0769066, ""3"": 4131.101152, ""4"": 32.9362318, ""5"": 826.0, ""6"": 413.0, ""7"": 206.0, ""8"": 165.0, ""9"": 82.0, ""10"": 41.0, ""11"": 77.0, ""12"": 38.0, ""15"": 3.396920034, ""16"": 2.219887242, ""17"": 3.423446624, ""18"": 0.462417875, ""19"": 1.531629865, ""20"": 10.91083871, ""21"": 0.676693432, ""22"": 243.0059501, ""23"": 51.63280771, ""24"": 188.5510899, ""25"": 2.085210213, ""26"": 0.140952169, ""27"": 37.0, ""28"": 18.0, ""29"": 9.0, ""30"": 7.0, ""31"": 3.0, ""33"": 10.0, ""34"": 5.0, ""35"": 0.097350134, ""36"": 0.068145094, ""37"": 0.090565854, ""38"": 0.00309, ""39"": 3.651769065, ""40"": 11.09124058, ""62"": 1.672582033, ""63"": 0.026246938, ""64"": 40.76795521, ""65"": 5.501950425, ""66"": 0.463262788, ""68"": 5.965213214, ""69"": 2.640936204, ""70"": 0.213100883, ""72"": 2.854037087, ""73"": 13.7648758, ""210"": 17.0, ""211"": 207.7811924, ""212"": 13.12986342}",{},2026-09-05T10:40:10-04:00
Jaxson Dart,4689114,QB,NYG,ACTIVE,340.72822822,,152.97729161,270.7,83.17,94.17,85,91,"{""0"": 502.0967726, ""1"": 325.9308693, ""2"": 176.1659033, ""3"": 3678.825718, ""4"": 20.78051675, ""5"": 735.0, ""6"": 367.0, ""7"": 183.0, ""8"": 147.0, ""9"": 73.0, ""10"": 36.0, ""11"": 65.0, ""12"": 32.0, ""15"": 2.745158213, ""16"": 1.793960893, ""17"": 2.270012063, ""18"": 0.306619109, ""19"": 1.114041776, ""20"": 10.1202984, ""21"": 0.649139543, ""22"": 216.4015128, ""23"": 100.8420646, ""24"": 552.920232, ""25"": 6.440854359, ""26"": 0.270650768, ""27"": 110.0, ""28"": 55.0, ""29"": 27.0, ""30"": 22.0, ""31"": 11.0, ""33"": 20.0, ""34"": 10.0, ""35"": 0.195082814, ""36"": 0.13655797, ""37"": 0.786, ""38"": 0.0268, ""39"": 5.483031651, ""40"": 32.52471953, ""62"": 1.384692544, ""63"": 0.034235456, ""64"": 40.93942824, ""65"": 6.562184731, ""66"": 1.21860063, ""68"": 7.780785362, ""69"": 3.149848671, ""70"": 0.56055629, ""72"": 3.710404961, ""73"": 13.83070336, ""210"": 17.0, ""211"": 176.0250987, ""212"": 31.66966408}",{},2026-09-05T10:40:10-04:00
Mike Evans,16737,WR,SF,QUESTIONABLE,151.80735464,,195.31187063,69.8,83.71,90.44,87,68,"{""42"": 889.3870481, ""43"": 5.798413797, ""44"": 0.29713837, ""45"": 0.280658339, ""46"": 0.183410225, ""47"": 177.0, ""48"": 88.0, ""49"": 44.0, ""50"": 35.0, ""51"": 17.0, ""53"": 56.58476244, ""56"": 1.851515051, ""57"": 0.057263352, ""58"": 100.6954292, ""60"": 15.71778355, ""61"": 52.31688518, ""62"": 0.29713837, ""63"": 0.003176214, ""67"": 0.721866885, ""68"": 0.721866885, ""71"": 0.404245456, ""72"": 0.404245456, ""73"": 0.404245456, ""210"": 17.0, ""213"": 38.64469148}",{},2026-09-05T10:40:10-04:00
Michael Pittman Jr.,4035687,WR,PIT,QUESTIONABLE,152.9284661,,157.82322805,162.4,89.67,90.15,88,74,"{""42"": 862.78441, ""43"": 3.915346773, ""44"": 0.11971002, ""45"": 0.083639962, ""46"": 0.054658715, ""47"": 172.0, ""48"": 86.0, ""49"": 43.0, ""50"": 34.0, ""51"": 17.0, ""53"": 88.42910838, ""56"": 1.707773053, ""57"": 0.052817723, ""58"": 130.3348919, ""60"": 9.756791918, ""61"": 50.75202412, ""62"": 0.11971002, ""63"": 0.005091546, ""67"": 1.157169432, ""68"": 1.157169432, ""71"": 0.648014882, ""72"": 0.648014882, ""73"": 0.648014882, ""210"": 17.0, ""213"": 44.3994561}",{},2026-09-05T10:40:10-04:00
Brian Thomas Jr.,4432773,WR,JAX,ACTIVE,148.10918948,,222.34384218,114.8,113.59,84.61,89,118,"{""23"": 4.020608049, ""24"": 23.1609193, ""25"": 0.164598756, ""26"": 0.006566236, ""27"": 4.0, ""28"": 2.0, ""29"": 1.0, ""35"": 0.007389579, ""36"": 0.005172705, ""37"": 0.00122, ""38"": 4.16e-05, ""39"": 5.760551394, ""40"": 1.362407018, ""42"": 859.7182985, ""43"": 5.080379327, ""44"": 0.209588939, ""45"": 0.231463037, ""46"": 0.151261095, ""47"": 171.0, ""48"": 85.0, ""49"": 42.0, ""50"": 34.0, ""51"": 17.0, ""53"": 57.07049154, ""56"": 1.690738233, ""57"": 0.052290873, ""58"": 102.0051035, ""60"": 15.06414743, ""61"": 50.57166462, ""62"": 0.216155175, ""63"": 0.002449403, ""66"": 0.03663712, ""67"": 0.520045329, ""68"": 0.556682449, ""70"": 0.016853075, ""71"": 0.291225384, ""72"": 0.308078459, ""73"": 0.308078459, ""210"": 17.0, ""212"": 3.220999039, ""213"": 37.64364192}",{},2026-09-05T10:40:10-04:00
Matthew Golden,4701936,WR,GB,ACTIVE,154.87420847,,169.23130874,55.5,113.27,85.4,90,126,"{""23"": 4.379234826, ""24"": 24.322871, ""25"": 0.182696414, ""26"": 0.005099935, ""27"": 4.0, ""28"": 2.0, ""29"": 1.0, ""35"": 0.008050286, ""36"": 0.0056352, ""37"": 0.00135, ""38"": 4.62e-05, ""39"": 5.554137188, ""40"": 1.430757118, ""42"": 887.3195464, ""43"": 4.823356866, ""44"": 0.15144437, ""45"": 0.221236499, ""46"": 0.144578052, ""47"": 177.0, ""48"": 88.0, ""49"": 44.0, ""50"": 35.0, ""51"": 17.0, ""53"": 67.97914102, ""56"": 1.839194799, ""57"": 0.056882313, ""58"": 106.5643457, ""60"": 13.05282081, ""61"": 52.19526744, ""62"": 0.156544305, ""63"": 0.005802312, ""66"": 0.079810093, ""67"": 1.238897154, ""68"": 1.318707247, ""70"": 0.036712643, ""71"": 0.693782406, ""72"": 0.730495049, ""73"": 0.730495049, ""102"": 0.138663004, ""115"": 138.6630044, ""118"": 13.0, ""119"": 5.0, ""210"": 17.0, ""212"": 3.295512267, ""213"": 40.78611652}",{},2026-09-05T10:40:10-04:00
Jordan Addison,4429205,WR,MIN,ACTIVE,140.59564471,,137.9367262,114.1,121.82,81.17,91,130,"{""23"": 2.026867102, ""24"": 14.46366983, ""25"": 0.115357655, ""26"": 0.006541594, ""27"": 2.0, ""28"": 1.0, ""35"": 0.00372119, ""36"": 0.002604833, ""37"": 0.000434803, ""38"": 1.48e-05, ""39"": 7.135973451, ""40"": 0.850804107, ""42"": 769.0138272, ""43"": 5.226918246, ""44"": 0.306562648, ""45"": 0.163375525, ""46"": 0.106765906, ""47"": 153.0, ""48"": 76.0, ""49"": 38.0, ""50"": 30.0, ""51"": 15.0, ""53"": 60.92463896, ""56"": 1.247917408, ""57"": 0.038595384, ""58"": 99.42734752, ""60"": 12.62237808, ""61"": 45.23610748, ""62"": 0.313104242, ""63"": 0.003533592, ""66"": 0.025857283, ""67"": 0.777231846, ""68"": 0.80308913, ""70"": 0.01189435, ""71"": 0.435249834, ""72"": 0.447144184, ""73"": 0.447144184, ""210"": 17.0, ""212"": 2.769498174, ""213"": 36.08077768}",{},2026-09-05T10:40:10-04:00
De'Zhaun Stribling,4710714,WR,SF,QUESTIONABLE,134.05034529,,,,138.28,62.32,92,151,"{""42"": 798.4911422, ""43"": 4.775479881, ""44"": 0.24471241, ""45"": 0.355012722, ""46"": 0.232000814, ""47"": 159.0, ""48"": 79.0, ""49"": 39.0, ""50"": 31.0, ""51"": 15.0, ""53"": 52.25090584, ""56"": 1.384523129, ""57"": 0.042820303, ""58"": 84.89257916, ""60"": 15.28186219, ""61"": 46.97006719, ""62"": 0.24471241, ""63"": 0.004189923, ""67"": 0.952255318, ""68"": 0.952255318, ""71"": 0.533262978, ""72"": 0.533262978, ""73"": 0.533262978, ""210"": 17.0, ""213"": 34.73201643}",{},2026-09-05T10:40:10-04:00
Trevor Lawrence,4360310,QB,JAX,ACTIVE,339.48602567,,324.14734295,394.7,101.63,88.86,93,114,"{""0"": 560.0651238, ""1"": 347.4434552, ""2"": 212.6216686, ""3"": 3945.601739, ""4"": 25.08616611, ""5"": 789.0, ""6"": 394.0, ""7"": 197.0, ""8"": 157.0, ""9"": 78.0, ""10"": 39.0, ""11"": 69.0, ""12"": 34.0, ""15"": 3.121443539, ""16"": 2.039863353, ""17"": 2.894814425, ""18"": 0.391013526, ""19"": 1.03358634, ""20"": 13.05646856, ""21"": 0.620362598, ""22"": 232.0942199, ""23"": 73.47453116, ""24"": 335.0691814, ""25"": 4.826071226, ""26"": 0.192557408, ""27"": 67.0, ""28"": 33.0, ""29"": 16.0, ""30"": 13.0, ""31"": 6.0, ""33"": 14.0, ""34"": 7.0, ""35"": 0.140132366, ""36"": 0.098092656, ""37"": 0.288, ""38"": 0.00982, ""39"": 4.560344599, ""40"": 19.70995184, ""62"": 1.226143748, ""63"": 0.035147924, ""64"": 37.78912523, ""65"": 7.113888483, ""66"": 0.874275999, ""68"": 7.988164482, ""69"": 3.414666472, ""70"": 0.40216696, ""72"": 3.816833431, ""73"": 16.87330199, ""210"": 17.0, ""211"": 189.7065021, ""212"": 21.44736492}",{},2026-09-05T10:40:10-04:00
Dak Prescott,2577417,QB,DAL,ACTIVE,345.18045769,,339.88665898,372.3,71.82,93.47,95,85,"{""0"": 553.3832176, ""1"": 370.1336505, ""2"": 183.2495672, ""3"": 4108.064735, ""4"": 29.69448312, ""5"": 821.0, ""6"": 410.0, ""7"": 205.0, ""8"": 164.0, ""9"": 82.0, ""10"": 41.0, ""11"": 74.0, ""12"": 37.0, ""15"": 3.361516843, ""16"": 2.196751257, ""17"": 3.349073616, ""18"": 0.452372032, ""19"": 1.055594309, ""20"": 11.90590059, ""21"": 0.668855937, ""22"": 241.6508668, ""23"": 51.24677409, ""24"": 185.9879962, ""25"": 2.150164604, ""26"": 0.081057924, ""27"": 37.0, ""28"": 18.0, ""29"": 9.0, ""30"": 7.0, ""31"": 3.0, ""33"": 10.0, ""34"": 5.0, ""35"": 0.096602492, ""36"": 0.067621745, ""37"": 0.0881, ""38"": 0.00301, ""39"": 3.629262515, ""40"": 10.94047037, ""62"": 1.136652233, ""63"": 0.032870153, ""64"": 35.08246405, ""65"": 6.872035297, ""66"": 0.598453999, ""68"": 7.470489296, ""69"": 3.298576942, ""70"": 0.275288839, ""72"": 3.573865782, ""73"": 15.47976638, ""210"": 17.0, ""211"": 201.3773108, ""212"": 13.06829059}",{},2026-09-05T10:40:10-04:00
Bo Nix,4426338,QB,DEN,ACTIVE,348.27858082,,355.68370748,353.6,103.61,89.19,97,139,"{""0"": 564.4210973, ""1"": 363.7295818, ""2"": 200.6915155, ""3"": 3874.652178, ""4"": 26.45183808, ""5"": 774.0, ""6"": 387.0, ""7"": 193.0, ""8"": 154.0, ""9"": 77.0, ""10"": 38.0, ""11"": 72.0, ""12"": 36.0, ""15"": 3.018421357, ""16"": 1.972538357, ""17"": 2.709247248, ""18"": 0.365948266, ""19"": 1.604413858, ""20"": 11.13730982, ""21"": 0.644429458, ""22"": 227.9207164, ""23"": 82.28533394, ""24"": 355.9482451, ""25"": 3.982515535, ""26"": 0.243803461, ""27"": 71.0, ""28"": 35.0, ""29"": 17.0, ""30"": 14.0, ""31"": 7.0, ""33"": 16.0, ""34"": 8.0, ""35"": 0.157661056, ""36"": 0.110362739, ""37"": 0.325, ""38"": 0.0111, ""39"": 4.325779918, ""40"": 20.93813207, ""62"": 1.848217318, ""63"": 0.028304831, ""64"": 27.19532814, ""65"": 5.647438647, ""66"": 0.785477473, ""68"": 6.432916121, ""69"": 2.710770551, ""70"": 0.361319638, ""72"": 3.072090188, ""73"": 14.2094, ""210"": 17.0, ""211"": 192.8658023, ""212"": 22.05876526}",{},2026-09-05T10:40:10-04:00
Brock Purdy,4361741,QB,SF,ACTIVE,345.74216216,,355.69215218,216.7,110.18,85.11,99,120,"{""0"": 529.6259917, ""1"": 351.768712, ""2"": 177.8572798, ""3"": 4178.010207, ""4"": 27.00968513, ""5"": 835.0, ""6"": 417.0, ""7"": 208.0, ""8"": 167.0, ""9"": 83.0, ""10"": 41.0, ""11"": 70.0, ""12"": 35.0, ""15"": 3.467839545, ""16"": 2.266233143, ""17"": 3.566032856, ""18"": 0.481677537, ""19"": 1.375313801, ""20"": 13.8923806, ""21"": 0.664183249, ""22"": 245.7653063, ""23"": 65.4057246, ""24"": 277.0649776, ""25"": 3.498457319, ""26"": 0.173430429, ""27"": 55.0, ""28"": 27.0, ""29"": 13.0, ""30"": 11.0, ""31"": 5.0, ""33"": 13.0, ""34"": 6.0, ""35"": 0.12421661, ""36"": 0.086951627, ""37"": 0.196575344, ""38"": 0.00671, ""39"": 4.236096753, ""40"": 16.29793986, ""62"": 1.54874423, ""63"": 0.033723215, ""64"": 34.04426232, ""65"": 6.867494427, ""66"": 0.796872721, ""68"": 7.664367148, ""69"": 3.296397325, ""70"": 0.366561452, ""72"": 3.662958776, ""73"": 17.55533938, ""210"": 17.0, ""211"": 197.0952112, ""212"": 18.00889009}",{},2026-09-05T10:40:10-04:00
Matthew Stafford,12483,QB,LAR,ACTIVE,362.19400443,,330.87566441,441.1,93.27,93.11,102,140,"{""0"": 557.8741742, ""1"": 355.9712916, ""2"": 201.9028826, ""3"": 4279.495598, ""4"": 34.85961286, ""5"": 855.0, ""6"": 427.0, ""7"": 213.0, ""8"": 171.0, ""9"": 85.0, ""10"": 42.0, ""11"": 71.0, ""12"": 35.0, ""15"": 3.625588806, ""16"": 2.369322285, ""17"": 3.90746379, ""18"": 0.527795904, ""19"": 0.471606444, ""20"": 9.690406138, ""21"": 0.638085267, ""22"": 251.7350352, ""23"": 27.03636154, ""24"": 39.32762379, ""25"": 0.587354012, ""26"": 0.008809848, ""27"": 7.0, ""28"": 3.0, ""29"": 1.0, ""30"": 1.0, ""33"": 5.0, ""34"": 2.0, ""35"": 0.050311768, ""36"": 0.035218237, ""37"": 0.003761345, ""38"": 0.000128, ""39"": 1.454619688, ""40"": 2.313389634, ""62"": 0.480416292, ""63"": 0.0321, ""64"": 32.37251644, ""65"": 6.98562484, ""66"": 0.31997787, ""68"": 7.30560271, ""69"": 3.353099923, ""70"": 0.14718982, ""72"": 3.500289743, ""73"": 13.19069588, ""210"": 17.0, ""211"": 203.8865852, ""212"": 5.480318247}",{},2026-09-05T10:40:10-04:00
Caleb Williams,4431611,QB,CHI,ACTIVE,332.0127155,,329.04175273,370.1,88.31,91.27,104,104,"{""0"": 533.730425, ""1"": 319.5695586, ""2"": 214.1608664, ""3"": 3836.741375, ""4"": 25.19295622, ""5"": 767.0, ""6"": 383.0, ""7"": 191.0, ""8"": 153.0, ""9"": 76.0, ""10"": 38.0, ""11"": 63.0, ""12"": 31.0, ""15"": 2.96385371, ""16"": 1.936878399, ""17"": 2.613536449, ""18"": 0.353020247, ""19"": 1.672562227, ""20"": 10.00084656, ""21"": 0.598747127, ""22"": 225.6906691, ""23"": 71.05482933, ""24"": 381.3147925, ""25"": 2.300870996, ""26"": 0.13592465, ""27"": 76.0, ""28"": 38.0, ""29"": 19.0, ""30"": 15.0, ""31"": 7.0, ""33"": 14.0, ""34"": 7.0, ""35"": 0.135345414, ""36"": 0.094741789, ""37"": 0.373, ""38"": 0.0127, ""39"": 5.366486643, ""40"": 22.43028191, ""62"": 1.808486877, ""63"": 0.037284585, ""64"": 32.1751873, ""65"": 7.528495269, ""66"": 0.94527415, ""68"": 8.473769418, ""69"": 3.613677729, ""70"": 0.434826109, ""72"": 4.048503838, ""73"": 14.0493504, ""210"": 17.0, ""211"": 179.9331554, ""212"": 20.9793168}",{},2026-09-05T10:40:10-04:00
Michael Wilson,4360761,WR,ARI,ACTIVE,141.07706559,,92.5286336,181.6,103.05,86.38,106,100,"{""42"": 859.9804346, ""43"": 3.384433019, ""44"": 0.185730194, ""45"": 0.143795937, ""46"": 0.093970645, ""47"": 171.0, ""48"": 85.0, ""49"": 42.0, ""50"": 34.0, ""51"": 17.0, ""53"": 70.5305743, ""56"": 1.691543474, ""57"": 0.052315778, ""58"": 114.577983, ""60"": 12.19301619, ""61"": 50.58708439, ""62"": 0.185730194, ""63"": 0.003395557, ""67"": 0.77171743, ""68"": 0.77171743, ""71"": 0.432161761, ""72"": 0.432161761, ""73"": 0.432161761, ""210"": 17.0, ""213"": 40.02536842}",{},2026-09-05T10:40:10-04:00
Jakobi Meyers,3916433,WR,JAX,QUESTIONABLE,147.0160959,,175.63355352,138.3,122.35,80.6,107,112,"{""23"": 6.030912074, ""24"": 32.00961222, ""25"": 0.288042852, ""26"": 0.011490714, ""27"": 6.0, ""28"": 3.0, ""29"": 1.0, ""30"": 1.0, ""33"": 1.0, ""35"": 0.011096492, ""36"": 0.007767544, ""37"": 0.002418513, ""38"": 8.25346e-05, ""39"": 5.307590597, ""40"": 1.882918366, ""42"": 765.7673634, ""43"": 5.229434894, ""44"": 0.215732299, ""45"": 0.114471167, ""46"": 0.074806908, ""47"": 153.0, ""48"": 76.0, ""49"": 38.0, ""50"": 30.0, ""51"": 15.0, ""53"": 69.78715239, ""56"": 1.235216852, ""57"": 0.038202583, ""58"": 107.6720537, ""60"": 10.97289884, ""61"": 45.04513902, ""62"": 0.227223013, ""63"": 0.004839961, ""66"": 0.087498271, ""67"": 1.012492816, ""68"": 1.099991086, ""70"": 0.040249204, ""71"": 0.566995977, ""72"": 0.607245181, ""73"": 0.607245181, ""210"": 17.0, ""212"": 3.733938167, ""213"": 38.01234109}",{},2026-09-05T10:40:10-04:00
Xavier Worthy,4683062,WR,KC,ACTIVE,145.16917345,,140.70977183,88.9,130.91,76.71,108,153,"{""23"": 12.38711297, ""24"": 76.2245346, ""25"": 0.591044455, ""26"": 0.025559353, ""27"": 15.0, ""28"": 7.0, ""29"": 3.0, ""30"": 3.0, ""31"": 1.0, ""33"": 2.0, ""34"": 1.0, ""35"": 0.02287045, ""36"": 0.016009315, ""37"": 0.01453212, ""38"": 0.000496, ""39"": 6.15353511, ""40"": 4.483796153, ""42"": 788.3487502, ""43"": 4.600108656, ""44"": 0.205699917, ""45"": 0.245458244, ""46"": 0.160406963, ""47"": 157.0, ""48"": 78.0, ""49"": 39.0, ""50"": 31.0, ""51"": 15.0, ""53"": 55.54629669, ""56"": 1.336398082, ""57"": 0.041331899, ""58"": 92.29687595, ""60"": 14.19264284, ""61"": 46.3734559, ""62"": 0.23125927, ""63"": 0.00272374, ""66"": 0.1128755, ""67"": 0.506156358, ""68"": 0.619031858, ""70"": 0.05192273, ""71"": 0.283447561, ""72"": 0.33537029, ""73"": 0.33537029, ""210"": 17.0, ""212"": 5.838916898, ""213"": 35.13174525}",{},2026-09-05T10:40:10-04:00
Travis Hunter,4685415,WR,JAX,ACTIVE,83.50294248,,172.28963888,49.8,118.67,74.17,109,109,"{""23"": 2.010304025, ""24"": 10.80805703, ""25"": 0.074035675, ""26"": 0.002953459, ""27"": 2.0, ""28"": 1.0, ""35"": 0.003690748, ""36"": 0.002583524, ""37"": 0.000222776, ""38"": 7.6e-06, ""39"": 5.376329598, ""40"": 0.635768061, ""42"": 451.6278491, ""43"": 3.054214453, ""44"": 0.125998126, ""45"": 0.124023324, ""46"": 0.081049242, ""47"": 90.0, ""48"": 45.0, ""49"": 22.0, ""50"": 18.0, ""51"": 9.0, ""53"": 38.08610691, ""56"": 0.297279651, ""57"": 0.009194216, ""58"": 62.33645214, ""60"": 11.85807335, ""61"": 26.56634407, ""62"": 0.128951585, ""63"": 0.003215272, ""66"": 0.03663712, ""67"": 0.694106585, ""68"": 0.730743705, ""70"": 0.016853075, ""71"": 0.388699688, ""72"": 0.405552763, ""73"": 0.405552763, ""93"": 0.007388491, ""94"": 0.160602472, ""95"": 0.894224984, ""96"": 0.281383154, ""97"": 0.05171944, ""98"": 0.005444152, ""99"": 0.036347503, ""100"": 0.072695006, ""103"": 0.138825866, ""104"": 0.021776606, ""105"": 0.167990964, ""106"": 0.432897159, ""107"": 17.25273847, ""108"": 44.94975217, ""109"": 62.20249064, ""110"": 20.0, ""111"": 12.0, ""112"": 1.860103946, ""113"": 8.3320883, ""210"": 17.0, ""212"": 2.614253367, ""213"": 21.23441017}",{},2026-09-05T10:40:10-04:00
Quentin Johnston,4429025,WR,LAC,ACTIVE,138.98170683,,136.96111387,145.7,131.07,75.56,110,146,"{""23"": 2.082220752, ""24"": 10.82758163, ""25"": 0.086323976, ""26"": 0.002156071, ""27"": 2.0, ""28"": 1.0, ""35"": 0.003822937, ""36"": 0.002676056, ""37"": 0.000224845, ""38"": 7.67e-06, ""39"": 5.200016195, ""40"": 0.636916567, ""42"": 777.7260159, ""43"": 5.637350708, ""44"": 0.139537063, ""45"": 0.25504037, ""46"": 0.166668882, ""47"": 155.0, ""48"": 77.0, ""49"": 38.0, ""50"": 31.0, ""51"": 15.0, ""53"": 52.78643925, ""56"": 1.28766425, ""57"": 0.039824668, ""58"": 90.18876378, ""60"": 14.73344342, ""61"": 45.74858917, ""62"": 0.141693134, ""63"": 0.003529409, ""66"": 0.030440496, ""67"": 0.771697917, ""68"": 0.802138413, ""70"": 0.014002628, ""71"": 0.432150833, ""72"": 0.446153462, ""73"": 0.446153462, ""210"": 17.0, ""212"": 2.628442743, ""213"": 34.63389384}",{},2026-09-05T10:40:10-04:00
Khalil Shakir,4373678,WR,BUF,QUESTIONABLE,136.2097152,,156.76443975,130.4,140.02,71.1,111,135,"{""23"": 2.310820189, ""24"": 12.53471157, ""25"": 0.126955585, ""26"": 0.006046486, ""27"": 2.0, ""28"": 1.0, ""35"": 0.004243168, ""36"": 0.002970217, ""37"": 0.000315, ""38"": 1.08e-05, ""39"": 5.424356092, ""40"": 0.737335975, ""42"": 765.2667458, ""43"": 3.707142276, ""44"": 0.297848306, ""45"": 0.221556781, ""46"": 0.144787356, ""47"": 153.0, ""48"": 76.0, ""49"": 38.0, ""50"": 30.0, ""51"": 15.0, ""53"": 70.08722543, ""56"": 1.231067082, ""57"": 0.03807424, ""58"": 91.94070686, ""60"": 10.91877644, ""61"": 45.01569093, ""62"": 0.303894792, ""63"": 0.004728436, ""66"": 0.034300794, ""67"": 1.040343824, ""68"": 1.074644618, ""70"": 0.015778365, ""71"": 0.582592541, ""72"": 0.598370907, ""73"": 0.598370907, ""102"": 0.161720302, ""115"": 164.7151228, ""118"": 16.0, ""119"": 6.0, ""210"": 17.0, ""212"": 2.730263615, ""213"": 37.44444337}",{},2026-09-05T10:40:10-04:00
Justin Herbert,4038941,QB,LAC,ACTIVE,334.48666848,,334.2458904,338.0,85.44,91.73,112,97,"{""0"": 527.2945621, ""1"": 345.2939721, ""2"": 182.0005901, ""3"": 3849.292225, ""4"": 25.64088966, ""5"": 769.0, ""6"": 384.0, ""7"": 192.0, ""8"": 153.0, ""9"": 76.0, ""10"": 38.0, ""11"": 69.0, ""12"": 34.0, ""15"": 2.982699638, ""16"": 1.949194214, ""17"": 2.650353815, ""18"": 0.357993308, ""19"": 0.632632486, ""20"": 11.00408297, ""21"": 0.65484076, ""22"": 226.4289544, ""23"": 78.32973899, ""24"": 406.4698719, ""25"": 2.350719856, ""26"": 0.058731658, ""27"": 81.0, ""28"": 40.0, ""29"": 20.0, ""30"": 16.0, ""31"": 8.0, ""33"": 15.0, ""34"": 7.0, ""35"": 0.1497719, ""36"": 0.10484033, ""37"": 0.424098226, ""38"": 0.014472845, ""39"": 5.189215196, ""40"": 23.90999246, ""62"": 0.691364144, ""63"": 0.033555764, ""64"": 45.11084518, ""65"": 6.70832234, ""66"": 0.917987726, ""68"": 7.626310066, ""69"": 3.219994723, ""70"": 0.422274354, ""72"": 3.642269077, ""73"": 14.64635205, ""210"": 17.0, ""211"": 187.1226987, ""212"": 22.30782249}",{},2026-09-05T10:40:10-04:00
Patrick Mahomes,3139477,QB,KC,QUESTIONABLE,343.56342669,,385.66427397,328.1,109.06,86.64,114,134,"{""0"": 550.5394717, ""1"": 358.1879154, ""2"": 192.3515562, ""3"": 4000.617555, ""4"": 26.39188337, ""5"": 800.0, ""6"": 400.0, ""7"": 200.0, ""8"": 160.0, ""9"": 80.0, ""10"": 40.0, ""11"": 71.0, ""12"": 35.0, ""15"": 3.201600701, ""16"": 2.092246058, ""17"": 3.040571043, ""18"": 0.410701424, ""19"": 1.172991407, ""20"": 11.67353253, ""21"": 0.650612597, ""22"": 235.3304444, ""23"": 53.0552238, ""24"": 326.9633885, ""25"": 3.219504739, ""26"": 0.139284684, ""27"": 65.0, ""28"": 32.0, ""29"": 16.0, ""30"": 13.0, ""31"": 6.0, ""33"": 10.0, ""34"": 5.0, ""35"": 0.100107245, ""36"": 0.070075072, ""37"": 0.274, ""38"": 0.00934, ""39"": 6.162699261, ""40"": 19.2331405, ""62"": 1.312276091, ""63"": 0.027957701, ""64"": 34.45566098, ""65"": 5.825672548, ""66"": 0.528350312, ""68"": 6.354022859, ""69"": 2.796322823, ""70"": 0.243041143, ""72"": 3.039363966, ""73"": 14.7128965, ""210"": 17.0, ""211"": 194.348893, ""212"": 18.73543393}",{},2026-09-05T10:40:10-04:00
Jonathon Brooks,4678008,RB,CAR,QUESTIONABLE,161.49406092,,,,104.23,83.86,117,95,"{""23"": 194.4279939, ""24"": 816.9839239, ""25"": 4.384931765, ""26"": 0.306039605, ""27"": 163.0, ""28"": 81.0, ""29"": 40.0, ""30"": 32.0, ""31"": 16.0, ""33"": 38.0, ""34"": 19.0, ""35"": 0.394321612, ""36"": 0.276025128, ""37"": 1.72, ""38"": 0.0588, ""39"": 4.201987109, ""40"": 48.05787788, ""42"": 278.7005846, ""43"": 1.399428128, ""44"": 0.08495406, ""45"": 0.054266638, ""46"": 0.035463248, ""47"": 55.0, ""48"": 27.0, ""49"": 13.0, ""50"": 11.0, ""51"": 5.0, ""53"": 36.63816066, ""56"": 0.111745664, ""57"": 0.003456051, ""58"": 46.79811171, ""60"": 7.60683887, ""61"": 16.39415203, ""62"": 0.390993666, ""63"": 0.008699178, ""66"": 1.663596536, ""67"": 0.31348941, ""68"": 1.977085946, ""70"": 0.765254407, ""71"": 0.17555407, ""72"": 0.940808476, ""73"": 0.940808476, ""210"": 17.0, ""212"": 44.73880884, ""213"": 15.45905181}",{},2026-09-05T10:40:10-04:00
TreVeyon Henderson,4432710,RB,NE,QUESTIONABLE,178.46878901,,202.18913509,188.7,77.34,92.43,118,66,"{""23"": 190.5266968, ""24"": 839.064817, ""25"": 6.713142942, ""26"": 0.23868269, ""27"": 167.0, ""28"": 83.0, ""29"": 41.0, ""30"": 33.0, ""31"": 16.0, ""33"": 38.0, ""34"": 19.0, ""35"": 0.385744019, ""36"": 0.270020814, ""37"": 1.823171993, ""38"": 0.0622, ""39"": 4.403922553, ""40"": 49.35675394, ""42"": 268.8967845, ""43"": 1.4511601, ""44"": 0.05567427, ""45"": 0.04890268, ""46"": 0.031957901, ""47"": 53.0, ""48"": 26.0, ""49"": 13.0, ""50"": 10.0, ""51"": 5.0, ""53"": 38.72843067, ""56"": 0.106039303, ""57"": 0.003279566, ""58"": 46.6429172, ""60"": 6.943136601, ""61"": 15.81745791, ""62"": 0.294356961, ""63"": 0.006332943, ""66"": 1.196161204, ""67"": 0.243144121, ""68"": 1.439305325, ""70"": 0.550234154, ""71"": 0.136160708, ""72"": 0.686394862, ""73"": 0.686394862, ""101"": 0.017778513, ""114"": 158.7805136, ""116"": 15.0, ""117"": 6.0, ""210"": 17.0, ""212"": 46.98304669, ""213"": 15.68629693}",{},2026-09-05T10:40:10-04:00
Tony Pollard,3916148,RB,TEN,ACTIVE,170.62410872,,198.89140198,169.3,87.02,89.36,119,75,"{""23"": 239.3591308, ""24"": 1043.112292, ""25"": 5.425236927, ""26"": 0.072842946, ""27"": 208.0, ""28"": 104.0, ""29"": 52.0, ""30"": 41.0, ""31"": 20.0, ""33"": 47.0, ""34"": 23.0, ""35"": 0.496215992, ""36"": 0.347351194, ""37"": 2.81, ""38"": 0.0959, ""39"": 4.35793817, ""40"": 61.35954661, ""42"": 182.4211836, ""43"": 0.493326249, ""44"": 0.007768917, ""45"": 0.03399894, ""46"": 0.022218307, ""47"": 36.0, ""48"": 18.0, ""49"": 9.0, ""50"": 7.0, ""51"": 3.0, ""53"": 29.6900019, ""56"": 0.068559858, ""57"": 0.002120408, ""58"": 38.5739384, ""60"": 6.144195754, ""61"": 10.73065786, ""62"": 0.080611863, ""63"": 0.011428136, ""66"": 2.310686935, ""67"": 0.286616597, ""68"": 2.597303532, ""70"": 1.06291599, ""71"": 0.160505294, ""72"": 1.223421284, ""73"": 1.223421284, ""210"": 17.0, ""212"": 55.87936485, ""213"": 10.84980986}",{},2026-09-05T10:40:10-04:00
J.K. Dobbins,4241985,RB,DEN,ACTIVE,164.08393889,,152.34179459,110.4,111.55,84.09,120,122,"{""23"": 204.7027459, ""24"": 957.5015988, ""25"": 6.578574991, ""26"": 0.402646326, ""27"": 191.0, ""28"": 95.0, ""29"": 47.0, ""30"": 38.0, ""31"": 19.0, ""33"": 40.0, ""34"": 20.0, ""35"": 0.417340494, ""36"": 0.292138346, ""37"": 2.38, ""38"": 0.0811, ""39"": 4.677522008, ""40"": 56.32362346, ""42"": 132.2275291, ""43"": 0.827535198, ""44"": 0.050210145, ""45"": 0.034802782, ""46"": 0.022743618, ""47"": 26.0, ""48"": 13.0, ""49"": 6.0, ""50"": 5.0, ""51"": 2.0, ""53"": 21.35332583, ""56"": 0.053108697, ""57"": 0.001642537, ""58"": 28.23280485, ""60"": 6.192362263, ""61"": 7.778089945, ""62"": 0.45285647, ""63"": 0.004255279, ""66"": 0.875755523, ""67"": 0.091353406, ""68"": 0.967108929, ""70"": 0.402847541, ""71"": 0.051157907, ""72"": 0.454005448, ""73"": 0.454005448, ""210"": 17.0, ""212"": 51.74302208, ""213"": 7.702125598}",{},2026-09-05T10:40:10-04:00
Josh Jacobs,4047365,RB,GB,DAY_TO_DAY,152.4947981,,262.1056305,219.1,81.83,93.27,121,92,"{""23"": 174.9164339, ""24"": 718.5081923, ""25"": 7.597629291, ""26"": 0.21227477, ""27"": 143.0, ""28"": 71.0, ""29"": 35.0, ""30"": 28.0, ""31"": 14.0, ""33"": 34.0, ""34"": 17.0, ""35"": 0.368119092, ""36"": 0.257683364, ""37"": 2.069453568, ""38"": 0.070622511, ""39"": 4.10772262, ""40"": 65.31892657, ""42"": 183.2282591, ""43"": 1.054385873, ""44"": 0.033151724, ""45"": 0.034296504, ""46"": 0.022412765, ""47"": 36.0, ""48"": 18.0, ""49"": 9.0, ""50"": 7.0, ""51"": 3.0, ""53"": 23.66915249, ""56"": 0.07409222, ""57"": 0.002291512, ""58"": 31.10116383, ""60"": 7.741226019, ""61"": 16.65711447, ""62"": 0.245426494, ""63"": 0.008933756, ""66"": 1.788398498, ""67"": 0.24200057, ""68"": 2.030399068, ""70"": 0.822663309, ""71"": 0.135520319, ""72"": 0.958183628, ""73"": 0.958183628, ""210"": 11.0, ""212"": 41.8921361, ""213"": 10.13492181}",{},2026-09-05T10:40:10-04:00
Kenny Gainwell,4371733,RB,TB,ACTIVE,151.76044171,,177.02876875,184.8,99.92,85.45,122,90,"{""23"": 117.7591539, ""24"": 521.242586, ""25"": 4.590002447, ""26"": 0.419667178, ""27"": 104.0, ""28"": 52.0, ""29"": 26.0, ""30"": 20.0, ""31"": 10.0, ""33"": 23.0, ""34"": 11.0, ""35"": 0.2298229, ""36"": 0.16087603, ""37"": 0.7, ""38"": 0.0239, ""39"": 4.426344525, ""40"": 30.66132859, ""42"": 341.8544436, ""43"": 2.042667604, ""44"": 0.177297424, ""45"": 0.038204838, ""46"": 0.024966862, ""47"": 68.0, ""48"": 34.0, ""49"": 17.0, ""50"": 13.0, ""51"": 6.0, ""53"": 52.10527133, ""56"": 0.159281094, ""57"": 0.004926219, ""58"": 64.02573216, ""60"": 6.560841829, ""61"": 20.10908492, ""62"": 0.596964602, ""63"": 0.007137239, ""66"": 1.124526815, ""67"": 0.497572994, ""68"": 1.622099809, ""70"": 0.517282335, ""71"": 0.278640877, ""72"": 0.795923212, ""73"": 0.795923212, ""210"": 17.0, ""212"": 30.24801189, ""213"": 20.98908276}",{},2026-09-05T10:40:10-04:00
George Kittle,3040151,TE,SF,QUESTIONABLE,155.13843947,,186.44474921,133.0,72.39,93.42,124,79,"{""42"": 828.4491199, ""43"": 5.69432884, ""44"": 0.291874451, ""45"": 0.246772427, ""46"": 0.161265781, ""47"": 165.0, ""48"": 82.0, ""49"": 41.0, ""50"": 33.0, ""51"": 16.0, ""53"": 76.56142135, ""56"": 1.555600121, ""57"": 0.048111344, ""58"": 97.03115406, ""60"": 10.82071238, ""61"": 48.73230117, ""62"": 0.291874451, ""63"": 0.002894984, ""67"": 0.657951013, ""68"": 0.657951013, ""71"": 0.368452567, ""72"": 0.368452567, ""73"": 0.368452567, ""210"": 17.0, ""213"": 41.47503976}",{},2026-09-05T10:40:10-04:00
Tucker Kraft,4572680,TE,GB,QUESTIONABLE,138.22636264,,128.37984649,101.2,91.04,90.89,125,110,"{""23"": 2.189617413, ""24"": 8.270621657, ""25"": 0.147026626, ""26"": 0.00410422, ""27"": 1.0, ""35"": 0.004020347, ""36"": 0.002814243, ""37"": 0.000116, ""38"": 3.97e-06, ""39"": 3.777199435, ""40"": 0.486507156, ""42"": 777.3788403, ""43"": 4.222626079, ""44"": 0.132598122, ""45"": 0.209583435, ""46"": 0.136962775, ""47"": 155.0, ""48"": 77.0, ""49"": 38.0, ""50"": 31.0, ""51"": 15.0, ""53"": 68.04322486, ""56"": 1.289696559, ""57"": 0.039887522, ""58"": 94.65888905, ""60"": 11.4247795, ""61"": 45.72816708, ""62"": 0.136702342, ""63"": 0.003363973, ""66"": 0.023835695, ""67"": 0.740703628, ""68"": 0.764539323, ""70"": 0.01096442, ""71"": 0.414794031, ""72"": 0.425758451, ""73"": 0.425758451, ""210"": 17.0, ""212"": 2.593884797, ""213"": 37.52334167}",{},2026-09-05T10:40:10-04:00
Dallas Goedert,3121023,TE,PHI,ACTIVE,141.62716014,,124.40862608,155.1,102.98,90.19,126,132,"{""42"": 725.4172789, ""43"": 5.675429596, ""44"": 0.2547387, ""45"": 0.166098146, ""46"": 0.108545138, ""47"": 145.0, ""48"": 72.0, ""49"": 36.0, ""50"": 29.0, ""51"": 14.0, ""53"": 70.60127462, ""56"": 1.063628271, ""57"": 0.03289572, ""58"": 93.40527115, ""60"": 10.27484678, ""61"": 42.67160464, ""62"": 0.2547387, ""63"": 0.003053522, ""67"": 0.693982175, ""68"": 0.693982175, ""71"": 0.388630018, ""72"": 0.388630018, ""73"": 0.388630018, ""210"": 17.0, ""213"": 37.2675835}",{},2026-09-05T10:40:10-04:00
Travis Kelce,15847,TE,KC,ACTIVE,140.26610881,,142.73861321,155.2,94.45,90.82,127,125,"{""42"": 770.3888269, ""43"": 4.491819262, ""44"": 0.200869998, ""45"": 0.142444771, ""46"": 0.093087658, ""47"": 154.0, ""48"": 77.0, ""49"": 38.0, ""50"": 30.0, ""51"": 15.0, ""53"": 73.79721145, ""56"": 1.255442646, ""57"": 0.038828123, ""58"": 103.1553319, ""60"": 10.43926744, ""61"": 45.31698982, ""62"": 0.200869998, ""63"": 0.00402, ""67"": 0.914317121, ""68"": 0.914317121, ""71"": 0.512017588, ""72"": 0.512017588, ""73"": 0.512017588, ""210"": 17.0, ""213"": 38.75218508}",{},2026-09-05T10:40:10-04:00
Kyle Monangai,4608686,RB,CHI,QUESTIONABLE,162.21139057,,47.45056569,137.7,123.91,78.98,130,124,"{""23"": 189.3492451, ""24"": 813.2968188, ""25"": 6.439206137, ""26"": 0.380349409, ""27"": 162.0, ""28"": 81.0, ""29"": 40.0, ""30"": 32.0, ""31"": 16.0, ""33"": 37.0, ""34"": 18.0, ""35"": 0.383077126, ""36"": 0.268153988, ""37"": 1.707157901, ""38"": 0.0583, ""39"": 4.295220816, ""40"": 47.84098934, ""42"": 215.7305637, ""43"": 1.277155838, ""44"": 0.084878189, ""45"": 0.053443858, ""46"": 0.034925561, ""47"": 43.0, ""48"": 21.0, ""49"": 10.0, ""50"": 8.0, ""51"": 4.0, ""53"": 25.8987714, ""56"": 0.080590349, ""57"": 0.002492485, ""58"": 36.35604827, ""60"": 8.329760526, ""61"": 12.69003316, ""62"": 0.465227598, ""63"": 0.004051828, ""66"": 0.810070458, ""67"": 0.110799648, ""68"": 0.920870106, ""70"": 0.372632411, ""71"": 0.062047803, ""72"": 0.434680213, ""73"": 0.434680213, ""210"": 17.0, ""212"": 45.83722765, ""213"": 11.22472562}",{},2026-09-05T10:40:10-04:00
MarShawn Lloyd,4429023,RB,GB,ACTIVE,124.40103458,,46.03926535,,111.86,76.39,131,102,"{""23"": 145.2307713, ""24"": 621.1204697, ""25"": 5.397704065, ""26"": 0.150595061, ""27"": 124.0, ""28"": 62.0, ""29"": 31.0, ""30"": 24.0, ""31"": 12.0, ""33"": 29.0, ""34"": 14.0, ""35"": 0.293582788, ""36"": 0.205507951, ""37"": 1.29, ""38"": 0.0441, ""39"": 4.276782834, ""40"": 36.53649822, ""42"": 148.2439053, ""43"": 0.951504526, ""44"": 0.029882051, ""45"": 0.041434776, ""46"": 0.027077626, ""47"": 29.0, ""48"": 14.0, ""49"": 7.0, ""50"": 5.0, ""51"": 2.0, ""53"": 20.69999487, ""56"": 0.058580295, ""57"": 0.001811762, ""58"": 26.93046638, ""60"": 7.161543097, ""61"": 8.720229726, ""62"": 0.180477111, ""63"": 0.006246961, ""66"": 1.24264723, ""67"": 0.177116675, ""68"": 1.419763905, ""70"": 0.571617726, ""71"": 0.099185338, ""72"": 0.670803064, ""73"": 0.670803064, ""210"": 17.0, ""212"": 35.89155201, ""213"": 8.04557176}",{},2026-09-05T10:40:10-04:00
Jacory Croskey-Merritt,4575131,RB,WSH,QUESTIONABLE,150.95095932,,151.223964,135.8,136.39,72.15,132,147,"{""23"": 196.1724878, ""24"": 846.1400448, ""25"": 7.408553488, ""26"": 0.437596859, ""27"": 169.0, ""28"": 84.0, ""29"": 42.0, ""30"": 33.0, ""31"": 16.0, ""33"": 39.0, ""34"": 19.0, ""35"": 0.398220576, ""36"": 0.278754403, ""37"": 1.849503373, ""38"": 0.0631, ""39"": 4.313245217, ""40"": 49.77294381, ""42"": 118.7044308, ""43"": 0.673167498, ""44"": 0.052868642, ""45"": 0.048138459, ""46"": 0.031458483, ""47"": 23.0, ""48"": 11.0, ""49"": 5.0, ""50"": 4.0, ""51"": 2.0, ""53"": 16.00113439, ""56"": 0.049091107, ""57"": 0.001518282, ""58"": 20.60890646, ""60"": 7.41850096, ""61"": 6.982613579, ""62"": 0.490465501, ""63"": 0.01414139, ""66"": 2.97157118, ""67"": 0.242381133, ""68"": 3.213952313, ""70"": 1.366922743, ""71"": 0.135733434, ""72"": 1.502656177, ""73"": 1.502656177, ""210"": 17.0, ""212"": 48.08337366, ""213"": 6.046147308}",{},2026-09-05T10:40:10-04:00
Chuba Hubbard,4241416,RB,CAR,QUESTIONABLE,159.6393567,,234.07107535,110.4,108.64,84.72,133,111,"{""23"": 190.2912281, ""24"": 765.0760703, ""25"": 4.161542032, ""26"": 0.290448461, ""27"": 153.0, ""28"": 76.0, ""29"": 38.0, ""30"": 30.0, ""31"": 15.0, ""33"": 38.0, ""34"": 19.0, ""35"": 0.385145498, ""36"": 0.269601849, ""37"": 1.51, ""38"": 0.0515, ""39"": 4.020553538, ""40"": 45.00447472, ""42"": 299.7504609, ""43"": 1.404157783, ""44"": 0.085235423, ""45"": 0.048191395, ""46"": 0.031493077, ""47"": 59.0, ""48"": 29.0, ""49"": 14.0, ""50"": 11.0, ""51"": 5.0, ""53"": 41.09605103, ""56"": 0.125509917, ""57"": 0.00388175, ""58"": 51.9979019, ""60"": 7.293899376, ""61"": 17.63238006, ""62"": 0.375683883, ""63"": 0.008098755, ""66"": 1.513717577, ""67"": 0.326908473, ""68"": 1.84062605, ""70"": 0.696310085, ""71"": 0.183068745, ""72"": 0.87937883, ""73"": 0.87937883, ""101"": 0.036978178, ""114"": 330.2533843, ""116"": 33.0, ""117"": 13.0, ""210"": 17.0, ""212"": 42.56826438, ""213"": 17.05755909}",{},2026-09-05T10:40:10-04:00
Mark Andrews,3116365,TE,BAL,ACTIVE,140.07713668,,142.6977715,107.0,126.53,82.05,134,150,"{""23"": 9.753149996, ""24"": 34.72288239, ""25"": 0.672190931, ""26"": 0.017405934, ""27"": 6.0, ""28"": 3.0, ""29"": 1.0, ""30"": 1.0, ""33"": 1.0, ""35"": 0.017981366, ""36"": 0.012586957, ""37"": 0.00286, ""38"": 9.77e-05, ""39"": 3.560171063, ""40"": 2.042522493, ""42"": 616.5764852, ""43"": 7.075756162, ""44"": 0.23325699, ""45"": 0.13080606, ""46"": 0.08548176, ""47"": 123.0, ""48"": 61.0, ""49"": 30.0, ""50"": 24.0, ""51"": 12.0, ""53"": 57.93437918, ""56"": 0.67905953, ""57"": 0.021001841, ""58"": 83.94337796, ""60"": 10.6426701, ""61"": 36.26920501, ""62"": 0.250662924, ""63"": 0.004068608, ""66"": 0.133238412, ""67"": 0.791445298, ""68"": 0.924683711, ""70"": 0.06128967, ""71"": 0.443209367, ""72"": 0.504499037, ""73"": 0.504499037, ""210"": 17.0, ""212"": 4.338073522, ""213"": 31.95159349}",{},2026-09-05T10:40:10-04:00
Jake Ferguson,4242355,TE,DAL,ACTIVE,130.08113378,,117.008572,147.1,111.54,86.5,135,141,"{""42"": 597.8685235, ""43"": 5.841218208, ""44"": 0.208982873, ""45"": 0.06703113, ""46"": 0.043804843, ""47"": 119.0, ""48"": 59.0, ""49"": 29.0, ""50"": 23.0, ""51"": 11.0, ""53"": 72.92505536, ""56"": 0.623981848, ""57"": 0.019298408, ""58"": 95.65237888, ""60"": 8.198396566, ""61"": 35.16873668, ""62"": 0.208982873, ""63"": 0.006417405, ""67"": 1.458501107, ""68"": 1.458501107, ""71"": 0.81676062, ""72"": 0.81676062, ""73"": 0.81676062, ""210"": 17.0, ""213"": 34.34774888}",{},2026-09-05T10:40:10-04:00
Dalton Kincaid,4385690,TE,BUF,ACTIVE,125.88845405,,118.8077426,106.6,130.95,75.23,138,157,"{""42"": 697.7574556, ""43"": 4.443196462, ""44"": 0.357089635, ""45"": 0.245106778, ""46"": 0.160177279, ""47"": 139.0, ""48"": 69.0, ""49"": 34.0, ""50"": 27.0, ""51"": 13.0, ""53"": 59.2831261, ""56"": 0.954111476, ""57"": 0.029508602, ""58"": 81.72507277, ""60"": 11.76991669, ""61"": 41.04455621, ""62"": 0.357089635, ""63"": 0.003544407, ""67"": 0.805546962, ""68"": 0.805546962, ""71"": 0.451106299, ""72"": 0.451106299, ""73"": 0.451106299, ""210"": 17.0, ""213"": 33.42117545}",{},2026-09-05T10:40:10-04:00
Wan'Dale Robinson,4569587,WR,TEN,QUESTIONABLE,135.41828162,,118.24307028,171.9,112.72,82.3,139,93,"{""23"": 4.05693442, ""24"": 22.46567926, ""25"": 0.149294689, ""26"": 0.002004533, ""27"": 4.0, ""28"": 2.0, ""29"": 1.0, ""35"": 0.007456481, ""36"": 0.005219537, ""37"": 0.001139915, ""38"": 3.89e-05, ""39"": 5.537599806, ""40"": 1.321510545, ""42"": 823.302899, ""43"": 1.934507581, ""44"": 0.030369016, ""45"": 0.114156404, ""46"": 0.07460121, ""47"": 164.0, ""48"": 82.0, ""49"": 41.0, ""50"": 32.0, ""51"": 16.0, ""53"": 78.80530882, ""56"": 1.505135742, ""57"": 0.04655059, ""58"": 115.7218152, ""60"": 10.44730249, ""61"": 48.42958229, ""62"": 0.032373549, ""63"": 0.00447365, ""66"": 0.04977951, ""67"": 0.966959094, ""68"": 1.016738604, ""70"": 0.022898574, ""71"": 0.541497093, ""72"": 0.564395667, ""73"": 0.564395667, ""210"": 17.0, ""212"": 3.188321769, ""213"": 40.30713357}",{},2026-09-05T10:40:10-04:00
Jayden Reed,4362249,WR,GB,ACTIVE,141.34815577,,147.31352253,39.0,139.58,72.32,140,148,"{""23"": 8.758469653, ""24"": 63.43869432, ""25"": 0.449651751, ""26"": 0.012551942, ""27"": 12.0, ""28"": 6.0, ""29"": 3.0, ""30"": 2.0, ""31"": 1.0, ""33"": 1.0, ""35"": 0.016138939, ""36"": 0.011297257, ""37"": 0.009959674, ""38"": 0.00034, ""39"": 7.243125436, ""40"": 3.731687901, ""42"": 741.4724677, ""43"": 4.484139442, ""44"": 0.14080439, ""45"": 0.206705876, ""46"": 0.13508229, ""47"": 148.0, ""48"": 74.0, ""49"": 37.0, ""50"": 29.0, ""51"": 14.0, ""53"": 64.57810431, ""56"": 1.129125608, ""57"": 0.034921411, ""58"": 90.57969383, ""60"": 11.48179365, ""61"": 43.61602751, ""62"": 0.153356332, ""63"": 0.006453619, ""66"": 0.175169393, ""67"": 1.291562086, ""68"": 1.466731479, ""70"": 0.080577921, ""71"": 0.723274768, ""72"": 0.803852689, ""73"": 0.803852689, ""102"": 0.044372161, ""115"": 47.7716415, ""118"": 4.0, ""119"": 1.0, ""210"": 17.0, ""212"": 5.081338734, ""213"": 35.85030639}",{},2026-09-05T10:40:10-04:00
KC Concepcion,4870653,WR,CLE,ACTIVE,126.65025016,,,,147.18,66.01,141,171,"{""23"": 6.380451754, ""24"": 34.90607132, ""25"": 0.204835698, ""26"": 0.012430823, ""27"": 6.0, ""28"": 3.0, ""29"": 1.0, ""30"": 1.0, ""33"": 1.0, ""35"": 0.011741818, ""36"": 0.008219272, ""37"": 0.00289, ""38"": 9.88e-05, ""39"": 5.470783679, ""40"": 2.053298313, ""42"": 738.0920254, ""43"": 3.123152316, ""44"": 0.222214936, ""45"": 0.175932219, ""46"": 0.114971705, ""47"": 147.0, ""48"": 73.0, ""49"": 36.0, ""50"": 29.0, ""51"": 14.0, ""53"": 58.65873384, ""56"": 1.11891484, ""57"": 0.034605614, ""58"": 93.71870607, ""60"": 12.5828155, ""61"": 43.41717797, ""62"": 0.234645759, ""63"": 0.005215397, ""66"": 0.116281603, ""67"": 1.069035844, ""68"": 1.185317448, ""70"": 0.053489538, ""71"": 0.598660073, ""72"": 0.65214961, ""73"": 0.65214961, ""102"": 0.148025531, ""115"": 148.0255308, ""118"": 14.0, ""119"": 5.0, ""210"": 17.0, ""212"": 3.790942602, ""213"": 33.85133847}",{},2026-09-05T10:40:10-04:00
Jordan Mason,4360569,RB,MIN,ACTIVE,144.94112213,,126.31862222,121.9,139.32,68.01,144,161,"{""23"": 194.5792418, ""24"": 901.8233455, ""25"": 6.530746578, ""26"": 0.37033946, ""27"": 180.0, ""28"": 90.0, ""29"": 45.0, ""30"": 36.0, ""31"": 18.0, ""33"": 38.0, ""34"": 19.0, ""35"": 0.394700844, ""36"": 0.276290591, ""37"": 2.101480008, ""38"": 0.0717, ""39"": 4.634735634, ""40"": 53.04843209, ""42"": 83.52938478, ""43"": 0.33837347, ""44"": 0.019849353, ""45"": 0.034946221, ""46"": 0.022837355, ""47"": 16.0, ""48"": 8.0, ""49"": 4.0, ""50"": 3.0, ""51"": 1.0, ""53"": 13.47285186, ""56"": 0.037983071, ""57"": 0.001174734, ""58"": 16.57122459, ""60"": 6.199829527, ""61"": 4.913493222, ""62"": 0.390188814, ""63"": 0.010968383, ""66"": 2.331386953, ""67"": 0.161427451, ""68"": 2.492814404, ""70"": 1.072437998, ""71"": 0.090399373, ""72"": 1.162837371, ""73"": 1.162837371, ""210"": 17.0, ""212"": 49.2123367, ""213"": 4.362976037}",{},2026-09-05T10:40:10-04:00
Isaiah Likely,4361050,TE,NYG,ACTIVE,123.57855869,,82.66696936,48.2,122.17,81.41,145,145,"{""42"": 682.1939863, ""43"": 4.078579206, ""44"": 0.218137007, ""45"": 0.184896663, ""46"": 0.120829969, ""47"": 136.0, ""48"": 68.0, ""49"": 34.0, ""50"": 27.0, ""51"": 13.0, ""53"": 62.98009834, ""56"": 0.8972679, ""57"": 0.027750554, ""58"": 85.77989983, ""60"": 10.83189776, ""61"": 40.12905802, ""62"": 0.218137007, ""63"": 0.004080365, ""67"": 0.92735568, ""68"": 0.92735568, ""71"": 0.519319181, ""72"": 0.519319181, ""73"": 0.519319181, ""210"": 17.0, ""213"": 33.68556021}",{},2026-09-05T10:40:10-04:00
Hunter Henry,3046439,TE,NE,ACTIVE,122.44496353,,120.22176586,148.8,153.12,56.99,146,200,"{""42"": 629.024094, ""43"": 5.295553741, ""44"": 0.20314675, ""45"": 0.197652298, ""46"": 0.129165777, ""47"": 125.0, ""48"": 62.0, ""49"": 31.0, ""50"": 25.0, ""51"": 12.0, ""53"": 55.62672109, ""56"": 0.716900429, ""57"": 0.022172178, ""58"": 77.73819533, ""60"": 11.30794844, ""61"": 37.0014173, ""62"": 0.20314675, ""63"": 0.001769516, ""67"": 0.402162823, ""68"": 0.402162823, ""71"": 0.225211181, ""72"": 0.225211181, ""73"": 0.225211181, ""210"": 17.0, ""213"": 31.04090582}",{},2026-09-05T10:40:10-04:00
Terrance Ferguson,4570037,TE,LAR,QUESTIONABLE,112.71920149,,39.36501866,46.6,168.5,25.31,147,213,"{""42"": 578.5392402, ""43"": 5.391272663, ""44"": 0.07346938, ""45"": 0.180726241, ""46"": 0.118104598, ""47"": 115.0, ""48"": 57.0, ""49"": 28.0, ""50"": 23.0, ""51"": 11.0, ""53"": 46.00150812, ""56"": 0.569550587, ""57"": 0.017614967, ""58"": 73.09357883, ""60"": 12.57652768, ""61"": 34.03172001, ""62"": 0.07346938, ""63"": 0.002475202, ""67"": 0.562545829, ""68"": 0.562545829, ""71"": 0.315025664, ""72"": 0.315025664, ""73"": 0.315025664, ""210"": 17.0, ""213"": 27.49396909}",{},2026-09-05T10:40:10-04:00
Kenyon Sadiq,5083315,TE,NYJ,QUESTIONABLE,116.0061709,,,,165.44,45.47,148,234,"{""42"": 621.6366406, ""43"": 3.934880346, ""44"": 0.479503351, ""45"": 0.160766006, ""46"": 0.105060585, ""47"": 124.0, ""48"": 62.0, ""49"": 31.0, ""50"": 24.0, ""51"": 12.0, ""53"": 60.19740175, ""56"": 0.731989709, ""57"": 0.022638857, ""58"": 80.73352081, ""60"": 10.32663574, ""61"": 36.56686121, ""62"": 0.479503351, ""63"": 0.00323904, ""67"": 0.736145371, ""68"": 0.736145371, ""71"": 0.412241408, ""72"": 0.412241408, ""73"": 0.412241408, ""210"": 17.0, ""213"": 31.3225971}",{},2026-09-05T10:40:10-04:00
Blake Corum,4429096,RB,LAR,ACTIVE,150.91299666,,67.75160899,118.2,125.78,77.59,150,138,"{""23"": 181.8683079, ""24"": 836.6041048, ""25"": 7.326572929, ""26"": 0.10988419, ""27"": 167.0, ""28"": 83.0, ""29"": 41.0, ""30"": 33.0, ""31"": 16.0, ""33"": 36.0, ""34"": 18.0, ""35"": 0.366596006, ""36"": 0.256617204, ""37"": 1.809864132, ""38"": 0.0618, ""39"": 4.600054371, ""40"": 49.21200616, ""42"": 116.7324948, ""43"": 0.610178724, ""44"": 0.008315177, ""45"": 0.037108798, ""46"": 0.0242506, ""47"": 23.0, ""48"": 11.0, ""49"": 5.0, ""50"": 4.0, ""51"": 2.0, ""53"": 16.7049656, ""56"": 0.048496705, ""57"": 0.001499898, ""58"": 22.49033195, ""60"": 6.987891963, ""61"": 6.866617344, ""62"": 0.118199367, ""63"": 0.003737943, ""66"": 0.77806565, ""67"": 0.071466877, ""68"": 0.849532527, ""70"": 0.357910199, ""71"": 0.040021451, ""72"": 0.39793165, ""73"": 0.39793165, ""101"": 0.027634758, ""114"": 304.9352583, ""116"": 30.0, ""117"": 12.0, ""210"": 17.0, ""212"": 46.83124838, ""213"": 6.126438297}",{},2026-09-05T10:40:10-04:00
Rachaad White,4697815,RB,WSH,QUESTIONABLE,144.11734431,,111.91330234,123.0,126.16,74.89,151,121,"{""23"": 134.8685854, ""24"": 566.6359668, ""25"": 5.050414404, ""26"": 0.298309985, ""27"": 113.0, ""28"": 56.0, ""29"": 28.0, ""30"": 22.0, ""31"": 11.0, ""33"": 26.0, ""34"": 13.0, ""35"": 0.265514008, ""36"": 0.185859806, ""37"": 0.828132302, ""38"": 0.0283, ""39"": 4.201393269, ""40"": 33.33152746, ""42"": 266.0699835, ""43"": 1.793726179, ""44"": 0.140947, ""45"": 0.047489961, ""46"": 0.031034689, ""47"": 53.0, ""48"": 26.0, ""49"": 13.0, ""50"": 10.0, ""51"": 5.0, ""53"": 40.23831312, ""56"": 0.104401656, ""57"": 0.003228917, ""58"": 46.37003953, ""60"": 6.612354317, ""61"": 15.6511755, ""62"": 0.439256985, ""63"": 0.005537882, ""66"": 0.969390126, ""67"": 0.289219489, ""68"": 1.258609615, ""70"": 0.445919458, ""71"": 0.161962914, ""72"": 0.607882372, ""73"": 0.607882372, ""210"": 17.0, ""212"": 33.16342442, ""213"": 16.09257745}",{},2026-09-05T10:40:10-04:00
Aaron Jones Sr.,3042519,RB,MIN,ACTIVE,154.32360378,,190.74199565,104.7,114.36,81.58,152,117,"{""23"": 149.9881655, ""24"": 654.3090218, ""25"": 3.2800872, ""26"": 0.186004113, ""27"": 130.0, ""28"": 65.0, ""29"": 32.0, ""30"": 26.0, ""31"": 13.0, ""33"": 29.0, ""34"": 14.0, ""35"": 0.297560456, ""36"": 0.208292319, ""37"": 1.105106777, ""38"": 0.0377, ""39"": 4.362404324, ""40"": 38.48876599, ""42"": 344.7550252, ""43"": 2.089306128, ""44"": 0.122593426, ""45"": 0.045668947, ""46"": 0.029844657, ""47"": 68.0, ""48"": 34.0, ""49"": 17.0, ""50"": 13.0, ""51"": 6.0, ""53"": 47.26662591, ""56"": 0.161848858, ""57"": 0.005005635, ""58"": 60.76115682, ""60"": 7.29383616, ""61"": 20.27970737, ""62"": 0.308597539, ""63"": 0.009317404, ""66"": 1.610169857, ""67"": 0.507422009, ""68"": 2.117591866, ""70"": 0.740678134, ""71"": 0.284156325, ""72"": 1.024834459, ""73"": 1.024834459, ""210"": 17.0, ""212"": 35.72251374, ""213"": 19.9852538}",{},2026-09-05T10:40:10-04:00
Woody Marks,4429059,RB,HOU,ACTIVE,119.64415839,,61.5237609,133.1,151.93,60.37,153,165,"{""23"": 151.3726118, ""24"": 613.7956196, ""25"": 3.100365324, ""26"": 0.224325398, ""27"": 122.0, ""28"": 61.0, ""29"": 30.0, ""30"": 24.0, ""31"": 12.0, ""33"": 30.0, ""34"": 15.0, ""35"": 0.300494981, ""36"": 0.210346487, ""37"": 0.970747276, ""38"": 0.0331, ""39"": 4.054865754, ""40"": 36.10562468, ""42"": 198.6839935, ""43"": 1.352371931, ""44"": 0.088983873, ""45"": 0.056940537, ""46"": 0.037210641, ""47"": 39.0, ""48"": 19.0, ""49"": 9.0, ""50"": 7.0, ""51"": 3.0, ""53"": 24.22657012, ""56"": 0.074145378, ""57"": 0.002293156, ""58"": 32.91075362, ""60"": 8.201078093, ""61"": 11.68729373, ""62"": 0.313309271, ""63"": 0.006335426, ""66"": 1.24121761, ""67"": 0.198651824, ""68"": 1.439869434, ""70"": 0.5709601, ""71"": 0.111245021, ""72"": 0.682205122, ""73"": 0.682205122, ""101"": 0.050713365, ""114"": 452.9228121, ""116"": 45.0, ""117"": 18.0, ""210"": 17.0, ""212"": 34.3046923, ""213"": 10.40425529}",{},2026-09-05T10:40:10-04:00
Josh Downs,4688813,WR,IND,QUESTIONABLE,122.59078854,,141.72855362,107.4,136.66,71.97,154,131,"{""23"": 2.087452407, ""24"": 10.71053425, ""25"": 0.086207867, ""26"": 0.004229624, ""27"": 2.0, ""28"": 1.0, ""35"": 0.003832547, ""36"": 0.002682783, ""37"": 0.000218, ""38"": 7.45e-06, ""39"": 5.130911831, ""40"": 0.630031427, ""42"": 695.9104742, ""43"": 2.704477481, ""44"": 0.214943784, ""45"": 0.105427616, ""46"": 0.068896947, ""47"": 139.0, ""48"": 69.0, ""49"": 34.0, ""50"": 27.0, ""51"": 13.0, ""53"": 70.12385511, ""56"": 0.948480414, ""57"": 0.029334446, ""58"": 99.81182515, ""60"": 9.924019053, ""61"": 40.93591025, ""62"": 0.219173408, ""63"": 0.004428582, ""66"": 0.029095337, ""67"": 0.97740058, ""68"": 1.006495917, ""70"": 0.013383855, ""71"": 0.547344325, ""72"": 0.56072818, ""73"": 0.56072818, ""102"": 0.134292933, ""115"": 163.3897347, ""118"": 16.0, ""119"": 6.0, ""210"": 17.0, ""212"": 2.624721881, ""213"": 35.13021326}",{},2026-09-05T10:40:10-04:00
Stefon Diggs,2976212,WR,WSH,ACTIVE,135.64427646,,127.79208578,167.8,101.94,81.96,155,107,"{""42"": 769.4253094, ""43"": 3.624815574, ""44"": 0.282898509, ""45"": 0.174360382, ""46"": 0.11394451, ""47"": 153.0, ""48"": 76.0, ""49"": 38.0, ""50"": 30.0, ""51"": 15.0, ""53"": 74.80469039, ""56"": 1.25037713, ""57"": 0.038671458, ""58"": 97.89230567, ""60"": 10.28578964, ""61"": 45.26031232, ""62"": 0.282898509, ""63"": 0.00398864, ""67"": 0.906509055, ""68"": 0.906509055, ""71"": 0.507645071, ""72"": 0.507645071, ""73"": 0.507645071, ""210"": 17.0, ""213"": 38.6007214}",{},2026-09-05T10:40:10-04:00
Makai Lemon,4870795,WR,PHI,ACTIVE,129.08107012,,,,132.98,75.12,157,144,"{""42"": 735.5326228, ""43"": 4.664811785, ""44"": 0.209370935, ""45"": 0.281200919, ""46"": 0.1837648, ""47"": 147.0, ""48"": 73.0, ""49"": 36.0, ""50"": 29.0, ""51"": 14.0, ""53"": 52.11452413, ""56"": 1.10576184, ""57"": 0.03419882, ""58"": 83.01233249, ""60"": 14.11377414, ""61"": 43.26662487, ""62"": 0.209370935, ""63"": 0.004178987, ""67"": 0.949769807, ""68"": 0.949769807, ""71"": 0.531871092, ""72"": 0.531871092, ""73"": 0.531871092, ""101"": 0.052032163, ""102"": 0.302413733, ""114"": 464.7010445, ""115"": 302.413733, ""116"": 46.0, ""117"": 18.0, ""118"": 30.0, ""119"": 12.0, ""210"": 17.0, ""213"": 32.91952759}",{},2026-09-05T10:40:10-04:00
Chris Godwin Jr.,3116165,WR,TB,ACTIVE,127.13296834,,151.73072226,66.5,122.17,76.32,158,127,"{""42"": 700.2588435, ""43"": 4.543450508, ""44"": 0.394248841, ""45"": 0.161681725, ""46"": 0.105659007, ""47"": 140.0, ""48"": 70.0, ""49"": 35.0, ""50"": 28.0, ""51"": 14.0, ""53"": 60.34849983, ""56"": 0.964062287, ""57"": 0.029816359, ""58"": 90.70312056, ""60"": 11.60358328, ""61"": 41.19169668, ""62"": 0.394248841, ""63"": 0.004385726, ""67"": 0.996755945, ""68"": 0.996755945, ""71"": 0.558183329, ""72"": 0.558183329, ""73"": 0.558183329, ""210"": 17.0, ""213"": 33.77398316}",{},2026-09-05T10:40:10-04:00
Deebo Samuel Sr.,3126486,WR,SF,ACTIVE,125.72864959,,171.4263967,152.2,143.86,69.6,159,163,"{""23"": 22.1042366, ""24"": 109.2538998, ""25"": 1.138733938, ""26"": 0.056431963, ""27"": 21.0, ""28"": 10.0, ""29"": 5.0, ""30"": 4.0, ""31"": 2.0, ""33"": 4.0, ""34"": 2.0, ""35"": 0.041026461, ""36"": 0.028718523, ""37"": 0.030284033, ""38"": 0.00103, ""39"": 4.94266786, ""40"": 6.426699988, ""42"": 624.6234382, ""43"": 3.713744681, ""44"": 0.190296248, ""45"": 0.306634393, ""46"": 0.200385576, ""47"": 124.0, ""48"": 62.0, ""49"": 31.0, ""50"": 24.0, ""51"": 12.0, ""53"": 47.69297538, ""56"": 0.703734021, ""57"": 0.02176497, ""58"": 69.08972916, ""60"": 13.09675971, ""61"": 36.74255519, ""62"": 0.246728211, ""63"": 0.006142155, ""66"": 0.442084732, ""67"": 0.953859508, ""68"": 1.395944239, ""70"": 0.203358977, ""71"": 0.534161324, ""72"": 0.737520301, ""73"": 0.737520301, ""101"": 0.060190095, ""114"": 748.5926902, ""116"": 74.0, ""117"": 29.0, ""210"": 17.0, ""212"": 7.952813747, ""213"": 28.46436434}",{},2026-09-05T10:40:10-04:00
Romeo Doubs,4361432,WR,NE,ACTIVE,124.39318407,,103.15329114,137.9,147.66,61.94,160,154,"{""42"": 667.2182104, ""43"": 5.350219394, ""44"": 0.205224099, ""45"": 0.249580499, ""46"": 0.163100856, ""47"": 133.0, ""48"": 66.0, ""49"": 33.0, ""50"": 26.0, ""51"": 13.0, ""53"": 52.39271997, ""56"": 0.843638376, ""57"": 0.026091909, ""58"": 77.73819533, ""60"": 12.73494125, ""61"": 39.24813003, ""62"": 0.205224099, ""63"": 0.004072992, ""67"": 0.925679931, ""68"": 0.925679931, ""71"": 0.518380761, ""72"": 0.518380761, ""73"": 0.518380761, ""210"": 17.0, ""213"": 31.37936789}",{},2026-09-05T10:40:10-04:00
Jalen Coker,4695883,WR,CAR,ACTIVE,116.4022622,,87.78069925,73.9,154.33,49.32,162,156,"{""42"": 687.6877503, ""43"": 2.979247536, ""44"": 0.180642689, ""45"": 0.167046632, ""46"": 0.109164974, ""47"": 137.0, ""48"": 68.0, ""49"": 34.0, ""50"": 27.0, ""51"": 13.0, ""53"": 61.15600809, ""56"": 0.917276307, ""57"": 0.02836937, ""58"": 88.39643322, ""60"": 11.24481096, ""61"": 40.45222061, ""62"": 0.180642689, ""63"": 0.004640772, ""67"": 1.054720955, ""68"": 1.054720955, ""71"": 0.590643735, ""72"": 0.590643735, ""73"": 0.590643735, ""210"": 17.0, ""213"": 32.97175249}",{},2026-09-05T10:40:10-04:00
Rashid Shaheed,4032473,WR,SEA,ACTIVE,122.99355632,,149.59296088,127.1,160.78,44.18,163,214,"{""23"": 13.80369739, ""24"": 86.73497494, ""25"": 0.508944358, ""26"": 0.014539695, ""27"": 17.0, ""28"": 8.0, ""29"": 4.0, ""30"": 3.0, ""31"": 1.0, ""33"": 2.0, ""34"": 1.0, ""35"": 0.02550522, ""36"": 0.017853654, ""37"": 0.0189, ""38"": 0.000644, ""39"": 6.283459606, ""40"": 5.102057349, ""42"": 646.4290215, ""43"": 3.496771544, ""44"": 0.127153127, ""45"": 0.321035786, ""46"": 0.209796886, ""47"": 129.0, ""48"": 64.0, ""49"": 32.0, ""50"": 25.0, ""51"": 12.0, ""53"": 42.82633589, ""56"": 0.77222404, ""57"": 0.023883218, ""58"": 70.5280958, ""60"": 15.09419398, ""61"": 38.02523656, ""62"": 0.141692822, ""63"": 0.004983443, ""66"": 0.276073948, ""67"": 0.856526718, ""68"": 1.132600666, ""70"": 0.126994016, ""71"": 0.479654962, ""72"": 0.606648978, ""73"": 0.606648978, ""101"": 0.442840839, ""102"": 0.417093433, ""114"": 1239.728037, ""115"": 348.7063601, ""116"": 123.0, ""117"": 49.0, ""118"": 34.0, ""119"": 13.0, ""210"": 17.0, ""212"": 6.218661529, ""213"": 27.86768549}",{},2026-09-05T10:40:10-04:00
Jalen McMillan,4430834,WR,TB,QUESTIONABLE,109.21803029,,25.58941353,23.9,163.63,30.57,164,173,"{""23"": 4.361450143, ""24"": 24.56756776, ""25"": 0.214123799, ""26"": 0.019577491, ""27"": 4.0, ""28"": 2.0, ""29"": 1.0, ""35"": 0.008017504, ""36"": 0.005612253, ""37"": 0.001380557, ""38"": 4.71e-05, ""39"": 5.63288974, ""40"": 1.445151045, ""42"": 588.2666004, ""43"": 3.857383614, ""44"": 0.3347221, ""45"": 0.175628964, ""46"": 0.114773528, ""47"": 117.0, ""48"": 58.0, ""49"": 29.0, ""50"": 23.0, ""51"": 11.0, ""53"": 47.25419906, ""56"": 0.595788419, ""57"": 0.018426446, ""58"": 74.69668752, ""60"": 12.44898045, ""61"": 34.60391767, ""62"": 0.35429959, ""63"": 0.003311186, ""66"": 0.063588778, ""67"": 0.688953604, ""68"": 0.752542382, ""70"": 0.029250838, ""71"": 0.385814018, ""72"": 0.415064856, ""73"": 0.415064856, ""210"": 17.0, ""212"": 3.326123229, ""213"": 27.42050995}",{},2026-09-05T10:40:10-04:00
Kyler Murray,3917315,QB,MIN,ACTIVE,327.19063364,,351.61560489,89.5,137.21,66.39,165,152,"{""0"": 552.2629125, ""1"": 372.9349067, ""2"": 179.3280058, ""3"": 3777.606508, ""4"": 22.06348711, ""5"": 755.0, ""6"": 377.0, ""7"": 188.0, ""8"": 151.0, ""9"": 75.0, ""10"": 37.0, ""11"": 74.0, ""12"": 37.0, ""15"": 2.880621742, ""16"": 1.882486308, ""17"": 2.476549823, ""18"": 0.334516945, ""19"": 1.296494664, ""20"": 11.24718545, ""21"": 0.675285083, ""22"": 222.2121475, ""23"": 80.18885945, ""24"": 502.1835242, ""25"": 3.509122953, ""26"": 0.199034904, ""27"": 100.0, ""28"": 50.0, ""29"": 25.0, ""30"": 20.0, ""31"": 10.0, ""33"": 16.0, ""34"": 8.0, ""35"": 0.153475477, ""36"": 0.107432834, ""37"": 0.647520921, ""38"": 0.0221, ""39"": 6.262509875, ""40"": 29.5402073, ""62"": 1.495529568, ""63"": 0.036666447, ""64"": 37.71793297, ""65"": 7.336168015, ""66"": 0.997115331, ""68"": 8.333283345, ""69"": 3.521360647, ""70"": 0.458673052, ""72"": 3.980033699, ""73"": 15.22721915, ""210"": 17.0, ""211"": 191.1363299, ""212"": 26.5161637}",{},2026-09-05T10:40:10-04:00
Tyler Shough,4360689,QB,NO,ACTIVE,306.14623336,,115.65161746,176.8,152.43,47.74,167,160,"{""0"": 545.3377406, ""1"": 354.8755339, ""2"": 190.4622067, ""3"": 3884.152795, ""4"": 20.46876346, ""5"": 776.0, ""6"": 388.0, ""7"": 194.0, ""8"": 155.0, ""9"": 77.0, ""10"": 38.0, ""11"": 70.0, ""12"": 35.0, ""15"": 3.031574198, ""16"": 1.981133738, ""17"": 2.729768946, ""18"": 0.36872021, ""19"": 1.067710764, ""20"": 11.06936314, ""21"": 0.650744497, ""22"": 228.4795762, ""23"": 65.68805772, ""24"": 285.332144, ""25"": 4.27562168, ""26"": 0.216133735, ""27"": 57.0, ""28"": 28.0, ""29"": 14.0, ""30"": 11.0, ""31"": 5.0, ""33"": 13.0, ""34"": 6.0, ""35"": 0.124771487, ""36"": 0.087340041, ""37"": 0.20821927, ""38"": 0.00711, ""39"": 4.34374457, ""40"": 16.78424377, ""62"": 1.283844499, ""63"": 0.02983543, ""64"": 41.74890546, ""65"": 6.098436524, ""66"": 0.682342978, ""68"": 6.780779502, ""69"": 2.927249531, ""70"": 0.31387777, ""72"": 3.241127301, ""73"": 14.31049045, ""210"": 17.0, ""211"": 188.2525014, ""212"": 18.88456369}",{},2026-09-05T10:40:10-04:00
Jared Goff,3046779,QB,DET,ACTIVE,327.03622935,,312.91576774,363.5,136.74,69.51,171,164,"{""0"": 543.5058951, ""1"": 371.3048028, ""2"": 172.2010923, ""3"": 4219.327181, ""4"": 29.16751067, ""5"": 843.0, ""6"": 421.0, ""7"": 210.0, ""8"": 168.0, ""9"": 84.0, ""10"": 42.0, ""11"": 74.0, ""12"": 37.0, ""15"": 3.530836016, ""16"": 2.307401336, ""17"": 3.695624046, ""18"": 0.499181909, ""19"": 0.638474864, ""20"": 9.970184551, ""21"": 0.6831661, ""22"": 248.1957165, ""23"": 27.22606115, ""24"": 49.66194678, ""25"": 0.664978731, ""26"": 0.012536618, ""27"": 9.0, ""28"": 4.0, ""29"": 2.0, ""30"": 1.0, ""33"": 5.0, ""34"": 2.0, ""35"": 0.050669818, ""36"": 0.035468872, ""37"": 0.00602, ""38"": 0.000205, ""39"": 1.82405918, ""40"": 2.921290987, ""62"": 0.651011482, ""63"": 0.031622581, ""64"": 35.22314875, ""65"": 6.864034648, ""66"": 0.322915584, ""68"": 7.186950232, ""69"": 3.294736631, ""70"": 0.148541169, ""72"": 3.4432778, ""73"": 13.41346235, ""210"": 17.0, ""211"": 204.0683488, ""212"": 5.898654195}",{},2026-09-05T10:40:10-04:00
Daniel Jones,3917792,QB,IND,ACTIVE,305.43172149,,243.5105266,263.6,160.39,36.76,173,190,"{""0"": 528.1379316, ""1"": 349.4929541, ""2"": 178.6449775, ""3"": 3745.020015, ""4"": 19.54943978, ""5"": 749.0, ""6"": 374.0, ""7"": 187.0, ""8"": 149.0, ""9"": 74.0, ""10"": 37.0, ""11"": 69.0, ""12"": 34.0, ""15"": 2.836083577, ""16"": 1.853380618, ""17"": 2.40934797, ""18"": 0.325439737, ""19"": 1.555917442, ""20"": 11.15459889, ""21"": 0.661745603, ""22"": 220.295295, ""23"": 72.99728747, ""24"": 306.9975377, ""25"": 5.887102356, ""26"": 0.288909144, ""27"": 61.0, ""28"": 30.0, ""29"": 15.0, ""30"": 12.0, ""31"": 6.0, ""33"": 14.0, ""34"": 7.0, ""35"": 0.139187089, ""36"": 0.097430963, ""37"": 0.241352531, ""38"": 0.00824, ""39"": 4.205601994, ""40"": 18.05867869, ""62"": 1.844826586, ""63"": 0.041757522, ""64"": 43.42761985, ""65"": 8.415556195, ""66"": 1.074789713, ""68"": 9.490345908, ""69"": 4.039466974, ""70"": 0.494403268, ""72"": 4.533870242, ""73"": 15.68846913, ""210"": 17.0, ""211"": 183.1991472, ""212"": 21.26152345}",{},2026-09-05T10:40:10-04:00
Zach Charbonnet,4426385,RB,SEA,OUT,123.81503277,,122.0211229,171.4,153.86,56.07,175,177,"{""23"": 136.6331095, ""24"": 555.2515199, ""25"": 6.864607436, ""26"": 0.196263971, ""27"": 111.0, ""28"": 55.0, ""29"": 27.0, ""30"": 22.0, ""31"": 11.0, ""33"": 27.0, ""34"": 13.0, ""35"": 0.279443216, ""36"": 0.195610251, ""37"": 1.234938569, ""38"": 0.042143715, ""39"": 4.063813831, ""40"": 50.4774109, ""42"": 145.0004249, ""43"": 0.442658086, ""44"": 0.016109262, ""45"": 0.028277473, ""46"": 0.018479329, ""47"": 29.0, ""48"": 14.0, ""49"": 7.0, ""50"": 5.0, ""51"": 2.0, ""53"": 20.31321744, ""56"": 0.054373538, ""57"": 0.001681656, ""58"": 26.12815877, ""60"": 7.138230333, ""61"": 13.18185681, ""62"": 0.212373233, ""63"": 0.002954358, ""66"": 0.584541256, ""67"": 0.086903633, ""68"": 0.67144489, ""70"": 0.268888978, ""71"": 0.048666035, ""72"": 0.317555013, ""73"": 0.317555013, ""210"": 11.0, ""212"": 33.5074191, ""213"": 8.065674783}",{},2026-09-05T10:40:10-04:00
RJ Harvey,4568490,RB,DEN,ACTIVE,124.99042396,,184.22134217,183.1,126.04,76.73,176,133,"{""23"": 77.78704343, ""24"": 315.5966051, ""25"": 2.85534846, ""26"": 0.174763618, ""27"": 63.0, ""28"": 31.0, ""29"": 15.0, ""30"": 12.0, ""31"": 6.0, ""33"": 15.0, ""34"": 7.0, ""35"": 0.148709488, ""36"": 0.104096642, ""37"": 0.256688025, ""38"": 0.00876, ""39"": 4.057187305, ""40"": 18.56450618, ""42"": 366.5036758, ""43"": 2.550323568, ""44"": 0.154761561, ""45"": 0.053157499, ""46"": 0.034738425, ""47"": 73.0, ""48"": 36.0, ""49"": 18.0, ""50"": 14.0, ""51"": 7.0, ""53"": 48.71959038, ""56"": 0.183596055, ""57"": 0.005678229, ""58"": 62.11217068, ""60"": 7.522716691, ""61"": 21.55903975, ""62"": 0.329525179, ""63"": 0.00363503, ""66"": 0.507983142, ""67"": 0.318160063, ""68"": 0.826143205, ""70"": 0.233672246, ""71"": 0.178169635, ""72"": 0.411841881, ""73"": 0.411841881, ""101"": 0.025200319, ""114"": 225.0649159, ""116"": 22.0, ""117"": 9.0, ""210"": 17.0, ""212"": 19.58268861, ""213"": 21.10469201}",{},2026-09-05T10:40:10-04:00
Chris Rodriguez Jr.,4362619,RB,JAX,ACTIVE,69.80520327,,31.80273132,90.5,164.42,30.13,177,188,"{""23"": 100.5152012, ""24"": 432.6414175, ""25"": 3.417611636, ""26"": 0.136336655, ""27"": 86.0, ""28"": 43.0, ""29"": 21.0, ""30"": 17.0, ""31"": 8.0, ""33"": 20.0, ""34"": 10.0, ""35"": 0.194438324, ""36"": 0.136106827, ""37"": 0.482199925, ""38"": 0.0165, ""39"": 4.304238684, ""40"": 25.44949515, ""42"": 31.2137309, ""43"": 0.16866594, ""44"": 0.006961673, ""45"": 0.036858382, ""46"": 0.024086952, ""47"": 6.0, ""48"": 3.0, ""49"": 1.0, ""50"": 1.0, ""53"": 4.350093165, ""56"": 0.016911862, ""57"": 0.000523047, ""58"": 5.98504466, ""60"": 7.175416644, ""61"": 1.836101818, ""62"": 0.143298328, ""63"": 0.002652524, ""66"": 0.577838758, ""67"": 0.025007684, ""68"": 0.602846442, ""70"": 0.265805829, ""71"": 0.014004303, ""72"": 0.279810132, ""73"": 0.279810132, ""210"": 17.0, ""212"": 25.33472047, ""213"": 0.7715419}",{},2026-09-05T10:40:10-04:00
Tyjae Spears,4428557,RB,TEN,ACTIVE,129.49480694,,103.92245567,89.2,147.44,54.04,180,158,"{""23"": 105.4802949, ""24"": 446.2200374, ""25"": 2.944702514, ""26"": 0.039537592, ""27"": 89.0, ""28"": 44.0, ""29"": 22.0, ""30"": 17.0, ""31"": 8.0, ""33"": 21.0, ""34"": 10.0, ""35"": 0.204559429, ""36"": 0.143191601, ""37"": 0.512281695, ""38"": 0.017482209, ""39"": 4.230363953, ""40"": 26.24823749, ""42"": 336.0605649, ""43"": 1.599216515, ""44"": 0.025211649, ""45"": 0.04231804, ""46"": 0.027654839, ""47"": 67.0, ""48"": 33.0, ""49"": 16.0, ""50"": 13.0, ""51"": 6.0, ""53"": 49.53030514, ""56"": 0.154240082, ""57"": 0.004770312, ""58"": 60.61618892, ""60"": 6.784948406, ""61"": 19.76826853, ""62"": 0.064749242, ""63"": 0.0039864, ""66"": 0.61650714, ""67"": 0.289492808, ""68"": 0.905999948, ""70"": 0.283593284, ""71"": 0.162115972, ""72"": 0.445709257, ""73"": 0.445709257, ""210"": 17.0, ""212"": 25.74229759, ""213"": 20.06105654}",{},2026-09-05T10:40:10-04:00
Mike Washington Jr.,4686658,RB,LV,ACTIVE,62.61165021,,,,163.4,39.78,181,198,"{""23"": 89.39484452, ""24"": 368.3615002, ""25"": 2.278645921, ""26"": 0.128867014, ""27"": 73.0, ""28"": 36.0, ""29"": 18.0, ""30"": 14.0, ""31"": 7.0, ""33"": 17.0, ""34"": 8.0, ""35"": 0.172013141, ""36"": 0.120409199, ""37"": 0.354658838, ""38"": 0.0121, ""39"": 4.120612349, ""40"": 21.66832354, ""42"": 63.94105813, ""43"": 0.294131435, ""44"": 0.018712606, ""45"": 0.042482542, ""46"": 0.027762341, ""47"": 12.0, ""48"": 6.0, ""49"": 3.0, ""50"": 2.0, ""51"": 1.0, ""53"": 8.876681078, ""56"": 0.030710247, ""57"": 0.000949801, ""58"": 11.50063496, ""60"": 7.203261846, ""61"": 3.761238713, ""62"": 0.14757962, ""63"": 0.003699726, ""66"": 0.76489476, ""67"": 0.075952107, ""68"": 0.840846867, ""70"": 0.351851589, ""71"": 0.04253318, ""72"": 0.39438477, ""73"": 0.39438477, ""210"": 17.0, ""212"": 21.63959034, ""213"": 2.757096676}",{},2026-09-05T10:40:10-04:00
Brian Robinson Jr.,4241474,RB,ATL,ACTIVE,89.56839133,,73.2061581,58.5,167.94,26.96,182,211,"{""23"": 134.5715805, ""24"": 560.4277624, ""25"": 3.678009855, ""26"": 0.191944217, ""27"": 112.0, ""28"": 56.0, ""29"": 28.0, ""30"": 22.0, ""31"": 11.0, ""33"": 26.0, ""34"": 13.0, ""35"": 0.264870604, ""36"": 0.185409423, ""37"": 0.808, ""38"": 0.0276, ""39"": 4.164532811, ""40"": 32.96633896, ""42"": 59.11826237, ""43"": 0.289623554, ""44"": 0.017007624, ""45"": 0.038789742, ""46"": 0.025349096, ""47"": 11.0, ""48"": 5.0, ""49"": 2.0, ""50"": 2.0, ""51"": 1.0, ""53"": 8.746537896, ""56"": 0.029097069, ""57"": 0.000899909, ""58"": 10.95365777, ""60"": 6.759047188, ""61"": 3.477544845, ""62"": 0.208951841, ""63"": 0.004640618, ""66"": 0.990319598, ""67"": 0.064366249, ""68"": 1.054685848, ""70"": 0.455547015, ""71"": 0.0360451, ""72"": 0.491592115, ""73"": 0.491592115, ""210"": 17.0, ""212"": 31.91262832, ""213"": 2.592595618}",{},2026-09-05T10:40:10-04:00
Denzel Boston,4832800,WR,CLE,ACTIVE,114.54448008,,,,169.18,25.52,183,215,"{""42"": 693.2483043, ""43"": 2.949643854, ""44"": 0.209869662, ""45"": 0.171984444, ""46"": 0.112391834, ""47"": 138.0, ""48"": 69.0, ""49"": 34.0, ""50"": 27.0, ""51"": 13.0, ""53"": 55.39991529, ""56"": 0.941125375, ""57"": 0.02910697, ""58"": 88.51211128, ""60"": 12.51352643, ""61"": 40.77931202, ""62"": 0.209869662, ""63"": 0.004442438, ""67"": 1.009644964, ""68"": 1.009644964, ""71"": 0.56540118, ""72"": 0.56540118, ""73"": 0.56540118, ""102"": 0.088815319, ""115"": 88.8153185, ""118"": 8.0, ""119"": 3.0, ""210"": 17.0, ""213"": 31.800982}",{},2026-09-05T10:40:10-04:00
Jerry Jeudy,4241463,WR,CLE,ACTIVE,113.83700339,,186.33506864,95.7,168.88,28.22,184,216,"{""42"": 720.7414554, ""43"": 2.72490445, ""44"": 0.193805229, ""45"": 0.159453072, ""46"": 0.104202583, ""47"": 144.0, ""48"": 72.0, ""49"": 36.0, ""50"": 28.0, ""51"": 14.0, ""53"": 51.90916816, ""56"": 1.048144667, ""57"": 0.032416845, ""58"": 93.71870607, ""60"": 13.88466587, ""61"": 42.3965562, ""62"": 0.193805229, ""63"": 0.003648713, ""67"": 0.829253021, ""68"": 0.829253021, ""71"": 0.464381692, ""72"": 0.464381692, ""73"": 0.464381692, ""210"": 17.0, ""213"": 31.67157945}",{},2026-09-05T10:40:10-04:00
Calvin Ridley,3925357,WR,TEN,ACTIVE,113.56791039,,194.30838229,38.8,168.99,25.03,187,218,"{""23"": 6.08540163, ""24"": 32.06638652, ""25"": 0.246725062, ""26"": 0.0033127, ""27"": 6.0, ""28"": 3.0, ""29"": 1.0, ""30"": 1.0, ""33"": 1.0, ""35"": 0.011197057, ""36"": 0.00783794, ""37"": 0.00242, ""38"": 8.27e-05, ""39"": 5.269395263, ""40"": 1.886258031, ""42"": 677.4703021, ""43"": 3.367899544, ""44"": 0.053034863, ""45"": 0.206500575, ""46"": 0.134948126, ""47"": 135.0, ""48"": 67.0, ""49"": 33.0, ""50"": 27.0, ""51"": 13.0, ""53"": 43.32533647, ""56"": 0.880036999, ""57"": 0.027217639, ""58"": 82.65843943, ""60"": 15.63681571, ""61"": 39.85119424, ""62"": 0.056347562, ""63"": 0.003409836, ""66"": 0.095444021, ""67"": 0.67951872, ""68"": 0.774962741, ""70"": 0.04390425, ""71"": 0.380530483, ""72"": 0.424434733, ""73"": 0.424434733, ""210"": 17.0, ""212"": 3.708363097, ""213"": 28.78472318}",{},2026-09-05T10:40:10-04:00
Adonai Mitchell,4597500,WR,NYJ,ACTIVE,106.84667648,,70.64334553,71.4,171.31,15.68,189,221,"{""23"": 2.168185528, ""24"": 11.16288304, ""25"": 0.109362734, ""26"": 0.012349834, ""27"": 2.0, ""28"": 1.0, ""35"": 0.00398095, ""36"": 0.002786665, ""37"": 0.000240701, ""38"": 8.21e-06, ""39"": 5.148490705, ""40"": 0.656640179, ""42"": 622.5879929, ""43"": 3.647133406, ""44"": 0.444297417, ""45"": 0.217759953, ""46"": 0.142306129, ""47"": 124.0, ""48"": 62.0, ""49"": 31.0, ""50"": 24.0, ""51"": 12.0, ""53"": 42.00002546, ""56"": 0.697612772, ""57"": 0.021575653, ""58"": 75.06827731, ""60"": 14.82351466, ""61"": 36.62282311, ""62"": 0.456647251, ""63"": 0.003886803, ""66"": 0.043363711, ""67"": 0.840000509, ""68"": 0.88336422, ""70"": 0.019947307, ""71"": 0.470400285, ""72"": 0.490347592, ""73"": 0.490347592, ""210"": 17.0, ""212"": 2.662162372, ""213"": 27.08338534}",{},2026-09-05T10:40:10-04:00
Caleb Douglas,4869645,WR,MIA,ACTIVE,91.65704843,,,,170.91,15.49,190,222,"{""42"": 580.7395853, ""43"": 2.08996446, ""44"": 0.109240064, ""45"": 0.212721636, ""46"": 0.139013589, ""47"": 116.0, ""48"": 58.0, ""49"": 29.0, ""50"": 23.0, ""51"": 11.0, ""53"": 43.42228492, ""56"": 0.575187327, ""57"": 0.017789299, ""58"": 70.2901709, ""60"": 13.37422907, ""61"": 34.16115207, ""62"": 0.109240064, ""63"": 0.003481969, ""67"": 0.791356649, ""68"": 0.791356649, ""71"": 0.443159723, ""72"": 0.443159723, ""73"": 0.443159723, ""210"": 17.0, ""213"": 25.61679955}",{},2026-09-05T10:40:10-04:00
Baker Mayfield,3052587,QB,TB,ACTIVE,313.56659921,,377.2945864,322.4,146.59,57.35,191,182,"{""0"": 526.4890301, ""1"": 338.4278221, ""2"": 188.0612081, ""3"": 3824.211133, ""4"": 24.62576066, ""5"": 764.0, ""6"": 382.0, ""7"": 191.0, ""8"": 152.0, ""9"": 76.0, ""10"": 38.0, ""11"": 67.0, ""12"": 33.0, ""15"": 2.946274864, ""16"": 1.925390623, ""17"": 2.58482038, ""18"": 0.349141459, ""19"": 2.137476768, ""20"": 11.67564241, ""21"": 0.642801279, ""22"": 224.9535961, ""23"": 54.06185852, ""24"": 323.2430254, ""25"": 1.392534064, ""26"": 0.127343432, ""27"": 64.0, ""28"": 32.0, ""29"": 16.0, ""30"": 12.0, ""31"": 6.0, ""33"": 10.0, ""34"": 5.0, ""35"": 0.102060573, ""36"": 0.071442401, ""37"": 0.267320368, ""38"": 0.00912, ""39"": 5.979132687, ""40"": 19.01429561, ""62"": 2.2648202, ""63"": 0.040691471, ""64"": 38.37506049, ""65"": 8.440263239, ""66"": 0.807798415, ""68"": 9.248061654, ""69"": 4.051326355, ""70"": 0.371587271, ""72"": 4.422913626, ""73"": 16.09855603, ""210"": 17.0, ""211"": 184.3158876, ""212"": 17.30896098}",{},2026-09-05T10:40:10-04:00
Malik Willis,4242512,QB,MIA,ACTIVE,265.95129921,,2.80743959,56.9,167.59,20.84,194,223,"{""0"": 504.4281621, ""1"": 322.6625099, ""2"": 181.7656522, ""3"": 3562.646211, ""4"": 13.31229754, ""5"": 712.0, ""6"": 356.0, ""7"": 178.0, ""8"": 142.0, ""9"": 71.0, ""10"": 35.0, ""11"": 64.0, ""12"": 32.0, ""15"": 2.588770927, ""16"": 1.691761801, ""17"": 2.044816059, ""18"": 0.276201034, ""19"": 0.697212293, ""20"": 10.44299009, ""21"": 0.639659984, ""22"": 209.5674242, ""23"": 105.6482888, ""24"": 547.0491351, ""25"": 3.438538248, ""26"": 0.130241604, ""27"": 109.0, ""28"": 54.0, ""29"": 27.0, ""30"": 21.0, ""31"": 10.0, ""33"": 21.0, ""34"": 10.0, ""35"": 0.204885907, ""36"": 0.143420135, ""37"": 0.768652198, ""38"": 0.02623115, ""39"": 5.178021731, ""40"": 32.17936089, ""62"": 0.827453897, ""63"": 0.057347012, ""64"": 41.59413605, ""65"": 10.92044596, ""66"": 2.112965775, ""68"": 13.03341174, ""69"": 5.241814062, ""70"": 0.971964257, ""72"": 6.213778319, ""73"": 16.65676841, ""210"": 17.0, ""211"": 169.2940574, ""212"": 29.52518593}",{},2026-09-05T10:40:10-04:00
Jordyn Tyson,4880281,WR,NO,INJURY_RESERVE,81.99402739,,,,168.06,40.55,197,226,"{""42"": 484.2656873, ""43"": 2.703800528, ""44"": 0.141125865, ""45"": 0.134679446, ""46"": 0.088013018, ""47"": 96.0, ""48"": 48.0, ""49"": 24.0, ""50"": 19.0, ""51"": 9.0, ""53"": 35.57718387, ""56"": 0.884276072, ""57"": 0.027348744, ""58"": 57.54730456, ""60"": 13.61169251, ""61"": 48.42656873, ""62"": 0.141125865, ""63"": 0.002852882, ""67"": 0.6483823, ""68"": 0.6483823, ""71"": 0.363094088, ""72"": 0.363094088, ""73"": 0.363094088, ""210"": 10.0, ""213"": 21.89268781}",{},2026-09-05T10:40:10-04:00
Tre Tucker,4428718,WR,LV,ACTIVE,113.7720093,,108.61224936,133.2,169.43,26.6,198,227,"{""23"": 10.38799834, ""24"": 57.29788032, ""25"": 0.315842981, ""26"": 0.017870273, ""27"": 11.0, ""28"": 5.0, ""29"": 2.0, ""30"": 2.0, ""31"": 1.0, ""33"": 2.0, ""34"": 1.0, ""35"": 0.019158536, ""36"": 0.013410975, ""37"": 0.008094312, ""38"": 0.000276, ""39"": 5.515776809, ""40"": 3.370463548, ""42"": 658.5890299, ""43"": 2.523004832, ""44"": 0.160509861, ""45"": 0.194925133, ""46"": 0.127383574, ""47"": 131.0, ""48"": 65.0, ""49"": 32.0, ""50"": 26.0, ""51"": 13.0, ""53"": 48.32905492, ""56"": 0.814608423, ""57"": 0.025194075, ""58"": 81.59835434, ""60"": 13.62718619, ""61"": 38.74053117, ""62"": 0.178380134, ""63"": 0.002354217, ""66"": 0.094658901, ""67"": 0.440390447, ""68"": 0.535049348, ""70"": 0.043543095, ""71"": 0.24661865, ""72"": 0.290161745, ""73"": 0.290161745, ""102"": 0.201544527, ""115"": 203.224065, ""118"": 20.0, ""119"": 8.0, ""210"": 17.0, ""212"": 4.873236568, ""213"": 29.05907355}",{},2026-09-05T10:40:10-04:00
Jalen Nailor,4382466,WR,LV,ACTIVE,102.07147922,,19.87696147,86.2,171.2,13.19,199,228,"{""23"": 2.077599668, ""24"": 11.00593916, ""25"": 0.07574145, ""26"": 0.004285422, ""27"": 2.0, ""28"": 1.0, ""35"": 0.003814438, ""36"": 0.002670107, ""37"": 0.000232936, ""38"": 7.95e-06, ""39"": 5.297430168, ""40"": 0.647408186, ""42"": 607.6778039, ""43"": 3.018018636, ""44"": 0.192095373, ""45"": 0.186064471, ""46"": 0.121593132, ""47"": 121.0, ""48"": 60.0, ""49"": 30.0, ""50"": 24.0, ""51"": 12.0, ""53"": 44.2643811, ""56"": 0.652385815, ""57"": 0.020176881, ""58"": 76.15846405, ""60"": 13.72837005, ""61"": 35.74575317, ""62"": 0.196380795, ""63"": 0.003502499, ""66"": 0.035687211, ""67"": 0.760335275, ""68"": 0.796022486, ""70"": 0.016416117, ""71"": 0.425787754, ""72"": 0.442203871, ""73"": 0.442203871, ""210"": 17.0, ""212"": 2.626295004, ""213"": 26.93108728}",{},2026-09-05T10:40:10-04:00
Tyler Allgeier,4373626,RB,ARI,ACTIVE,83.42779824,,98.22184594,116.0,162.98,35.5,200,195,"{""23"": 99.03897886, ""24"": 391.0149343, ""25"": 3.350261037, ""26"": 0.1705423, ""27"": 78.0, ""28"": 39.0, ""29"": 19.0, ""30"": 15.0, ""31"": 7.0, ""33"": 19.0, ""34"": 9.0, ""35"": 0.19147774, ""36"": 0.134034418, ""37"": 0.395816693, ""38"": 0.013507705, ""39"": 3.948091336, ""40"": 23.00087849, ""42"": 127.6071059, ""43"": 0.396521601, ""44"": 0.021786069, ""45"": 0.041394018, ""46"": 0.027050991, ""47"": 25.0, ""48"": 12.0, ""49"": 6.0, ""50"": 5.0, ""51"": 2.0, ""53"": 18.3560117, ""56"": 0.051744895, ""57"": 0.001600358, ""58"": 23.25709396, ""60"": 6.951788223, ""61"": 7.50630035, ""62"": 0.192328369, ""63"": 0.002209843, ""66"": 0.423706738, ""67"": 0.078530352, ""68"": 0.50223709, ""70"": 0.1949051, ""71"": 0.043976997, ""72"": 0.238882096, ""73"": 0.238882096, ""210"": 17.0, ""212"": 23.78929373, ""213"": 6.715277541}",{},2026-09-05T10:40:10-04:00
Keaton Mitchell,4596334,RB,LAC,QUESTIONABLE,83.84118001,,26.58616096,50.9,169.33,20.78,202,203,"{""23"": 83.28883008, ""24"": 392.6295068, ""25"": 2.423512796, ""26"": 0.060530876, ""27"": 78.0, ""28"": 39.0, ""29"": 19.0, ""30"": 15.0, ""31"": 7.0, ""33"": 16.0, ""34"": 8.0, ""35"": 0.159690778, ""36"": 0.111783544, ""37"": 0.398, ""38"": 0.0136, ""39"": 4.71407158, ""40"": 23.09585334, ""42"": 156.930795, ""43"": 0.775071318, ""44"": 0.019191411, ""45"": 0.054387503, ""46"": 0.035542233, ""47"": 31.0, ""48"": 15.0, ""49"": 7.0, ""50"": 6.0, ""51"": 3.0, ""53"": 20.04227179, ""56"": 0.060476313, ""57"": 0.001870401, ""58"": 26.52610699, ""60"": 7.829990365, ""61"": 9.231223233, ""62"": 0.079722287, ""63"": 0.004256595, ""66"": 0.779767953, ""67"": 0.187640062, ""68"": 0.967408015, ""70"": 0.358693258, ""71"": 0.105078435, ""72"": 0.463771693, ""73"": 0.463771693, ""101"": 0.073434677, ""114"": 871.4433003, ""116"": 87.0, ""117"": 34.0, ""210"": 17.0, ""212"": 22.19604601, ""213"": 8.063059037}",{},2026-09-05T10:40:10-04:00
Jonah Coleman,4702555,RB,DEN,ACTIVE,65.65140371,,,,165.43,24.12,204,181,"{""23"": 65.50487868, ""24"": 272.1197823, ""25"": 2.106767945, ""26"": 0.128946219, ""27"": 54.0, ""28"": 27.0, ""29"": 13.0, ""30"": 10.0, ""31"": 5.0, ""33"": 13.0, ""34"": 6.0, ""35"": 0.124423889, ""36"": 0.087096723, ""37"": 0.190531756, ""38"": 0.0065, ""39"": 4.154191073, ""40"": 16.00704602, ""42"": 126.4971681, ""43"": 0.793365043, ""44"": 0.048140922, ""45"": 0.044585187, ""46"": 0.029136419, ""47"": 25.0, ""48"": 12.0, ""49"": 6.0, ""50"": 5.0, ""51"": 2.0, ""53"": 17.43492481, ""56"": 0.051413017, ""57"": 0.001590093, ""58"": 22.58624388, ""60"": 7.255389369, ""61"": 7.441009891, ""62"": 0.177087141, ""63"": 0.003122518, ""66"": 0.560483535, ""67"": 0.149179549, ""68"": 0.709663084, ""70"": 0.257822426, ""71"": 0.083540548, ""72"": 0.341362974, ""73"": 0.341362974, ""210"": 17.0, ""212"": 16.81043095, ""213"": 6.636999207}",{},2026-09-05T10:40:10-04:00
Braelon Allen,4685247,RB,NYJ,ACTIVE,70.38734478,,85.57641153,14.3,170.97,12.61,205,229,"{""23"": 82.39105006, ""24"": 347.7353256, ""25"": 2.928312463, ""26"": 0.33068095, ""27"": 69.0, ""28"": 34.0, ""29"": 17.0, ""30"": 13.0, ""31"": 6.0, ""33"": 16.0, ""34"": 8.0, ""35"": 0.157888622, ""36"": 0.110522036, ""37"": 0.311359736, ""38"": 0.0106, ""39"": 4.220547321, ""40"": 20.45501916, ""42"": 90.49709936, ""43"": 0.43268505, ""44"": 0.052744178, ""45"": 0.04619508, ""46"": 0.030188485, ""47"": 18.0, ""48"": 9.0, ""49"": 4.0, ""50"": 3.0, ""51"": 1.0, ""53"": 12.75424906, ""56"": 0.040303754, ""57"": 0.001246508, ""58"": 15.95293321, ""60"": 7.095447089, ""61"": 5.323358786, ""62"": 0.383425127, ""63"": 0.003466137, ""66"": 0.682159219, ""67"": 0.105599195, ""68"": 0.787758415, ""70"": 0.313793241, ""71"": 0.059135549, ""72"": 0.37292879, ""73"": 0.37292879, ""210"": 17.0, ""212"": 21.00196569, ""213"": 4.429890479}",{},2026-09-05T10:40:10-04:00
Tank Bigsby,4429013,RB,PHI,ACTIVE,62.24008363,,103.2045496,52.3,169.66,19.26,206,230,"{""23"": 83.18537421, ""24"": 372.4117742, ""25"": 3.349043898, ""26"": 0.100450858, ""27"": 74.0, ""28"": 37.0, ""29"": 18.0, ""30"": 14.0, ""31"": 7.0, ""33"": 16.0, ""34"": 8.0, ""35"": 0.159467443, ""36"": 0.11162721, ""37"": 0.356, ""38"": 0.0122, ""39"": 4.476890051, ""40"": 21.90657495, ""42"": 28.64890807, ""43"": 0.140949465, ""44"": 0.006326883, ""45"": 0.050254366, ""46"": 0.032841228, ""47"": 5.0, ""48"": 2.0, ""49"": 1.0, ""50"": 1.0, ""53"": 3.630852531, ""56"": 0.015741148, ""57"": 0.00048684, ""58"": 4.916066903, ""60"": 7.890408057, ""61"": 1.685229886, ""62"": 0.106777741, ""63"": 0.003957149, ""66"": 0.861739143, ""67"": 0.037612955, ""68"": 0.899352099, ""70"": 0.396400006, ""71"": 0.021063255, ""72"": 0.417463261, ""73"": 0.417463261, ""210"": 17.0, ""212"": 22.19708764, ""213"": 0.52554179}",{},2026-09-05T10:40:10-04:00
T.J. Hockenson,4036133,TE,MIN,ACTIVE,119.81903457,,144.33115823,87.3,152.93,63.32,207,201,"{""42"": 639.7114113, ""43"": 2.852948294, ""44"": 0.167255935, ""45"": 0.074381964, ""46"": 0.048608614, ""47"": 127.0, ""48"": 63.0, ""49"": 31.0, ""50"": 25.0, ""51"": 12.0, ""53"": 78.16205839, ""56"": 0.7507515, ""57"": 0.023219119, ""58"": 99.42734752, ""60"": 8.184423804, ""61"": 37.63008302, ""62"": 0.167255935, ""63"": 0.002692397, ""67"": 0.611908387, ""68"": 0.611908387, ""71"": 0.342668697, ""72"": 0.342668697, ""73"": 0.342668697, ""210"": 17.0, ""213"": 35.47334713}",{},2026-09-05T10:40:10-04:00
Brenton Strange,4430539,TE,JAX,ACTIVE,113.03260842,,108.97267178,95.0,167.98,23.99,210,274,"{""42"": 599.0073818, ""43"": 4.011087419, ""44"": 0.16549807, ""45"": 0.110135755, ""46"": 0.071973716, ""47"": 119.0, ""48"": 59.0, ""49"": 29.0, ""50"": 23.0, ""51"": 11.0, ""53"": 59.04710594, ""56"": 0.627002846, ""57"": 0.019391841, ""58"": 85.00425292, ""60"": 10.14456801, ""61"": 35.23572834, ""62"": 0.16549807, ""63"": 0.003100442, ""67"": 0.704645879, ""68"": 0.704645879, ""71"": 0.394601692, ""72"": 0.394601692, ""73"": 0.394601692, ""210"": 17.0, ""213"": 30.46754281}",{},2026-09-05T10:40:10-04:00
Keenan Allen,15818,WR,IND,ACTIVE,96.76509983,,172.04117837,142.2,165.48,27.92,212,205,"{""42"": 538.8046244, ""43"": 2.696274747, ""44"": 0.214384429, ""45"": 0.09698676, ""46"": 0.063380848, ""47"": 107.0, ""48"": 53.0, ""49"": 26.0, ""50"": 21.0, ""51"": 10.0, ""53"": 54.83778992, ""56"": 0.470033515, ""57"": 0.014537119, ""58"": 78.79880933, ""60"": 9.825425591, ""61"": 31.69438967, ""62"": 0.214384429, ""63"": 0.004481223, ""67"": 1.018459742, ""68"": 1.018459742, ""71"": 0.570337456, ""72"": 0.570337456, ""73"": 0.570337456, ""210"": 17.0, ""213"": 27.31029755}",{},2026-09-05T10:40:10-04:00
Rashod Bateman,4360939,WR,BAL,ACTIVE,103.48705114,,114.0566058,45.9,171.46,9.21,213,235,"{""42"": 613.3874238, ""43"": 3.945068978, ""44"": 0.130023071, ""45"": 0.349445112, ""46"": 0.22836238, ""47"": 122.0, ""48"": 61.0, ""49"": 30.0, ""50"": 24.0, ""51"": 12.0, ""53"": 37.66260493, ""56"": 0.668737333, ""57"": 0.020682598, ""58"": 65.28929397, ""60"": 16.28637809, ""61"": 36.08161317, ""62"": 0.130023071, ""63"": 0.002409997, ""67"": 0.547726534, ""68"": 0.547726534, ""71"": 0.306726859, ""72"": 0.306726859, ""73"": 0.306726859, ""210"": 17.0, ""213"": 25.96285907}",{},2026-09-05T10:40:10-04:00
Dontayvion Wicks,4428850,WR,PHI,ACTIVE,88.80947095,,17.07832151,60.8,171.01,9.86,214,236,"{""42"": 520.1418523, ""43"": 2.930503442, ""44"": 0.131502726, ""45"": 0.197433712, ""46"": 0.129022931, ""47"": 104.0, ""48"": 52.0, ""49"": 26.0, ""50"": 20.0, ""51"": 10.0, ""53"": 39.67600422, ""56"": 0.428372768, ""57"": 0.013248642, ""58"": 64.18927217, ""60"": 13.10973377, ""61"": 30.59657955, ""62"": 0.131502726, ""63"": 0.00349, ""67"": 0.793520084, ""68"": 0.793520084, ""71"": 0.444371247, ""72"": 0.444371247, ""73"": 0.444371247, ""210"": 17.0, ""213"": 23.43556033}",{},2026-09-05T10:40:10-04:00
Devaughn Vele,4569559,WR,NO,ACTIVE,98.64979475,,35.3468885,53.8,171.63,10.78,215,237,"{""42"": 542.8738221, ""43"": 3.351031705, ""44"": 0.175232938, ""45"": 0.116374118, ""46"": 0.076050486, ""47"": 108.0, ""48"": 54.0, ""49"": 27.0, ""50"": 21.0, ""51"": 10.0, ""53"": 49.42568668, ""56"": 0.573480872, ""57"": 0.017736522, ""58"": 75.67558178, ""60"": 10.98363743, ""61"": 31.93375424, ""62"": 0.175232938, ""63"": 0.003170699, ""67"": 0.720613313, ""68"": 0.720613313, ""71"": 0.403543455, ""72"": 0.403543455, ""73"": 0.403543455, ""210"": 17.0, ""213"": 26.4566536}",{},2026-09-05T10:40:10-04:00
Jaylin Noel,4586312,WR,HOU,QUESTIONABLE,106.33968623,,30.58883836,55.4,171.75,8.9,219,238,"{""23"": 4.204794772, ""24"": 22.17182748, ""25"": 0.124075895, ""26"": 0.00897745, ""27"": 4.0, ""28"": 2.0, ""29"": 1.0, ""35"": 0.007728859, ""36"": 0.005410201, ""37"": 0.001107883, ""38"": 3.78e-05, ""39"": 5.272986836, ""40"": 1.304225146, ""42"": 577.9948039, ""43"": 3.196404624, ""44"": 0.210093105, ""45"": 0.145297165, ""46"": 0.094951697, ""47"": 115.0, ""48"": 57.0, ""49"": 28.0, ""50"": 23.0, ""51"": 11.0, ""53"": 50.51990855, ""56"": 0.568096129, ""57"": 0.017569983, ""58"": 76.79175845, ""60"": 11.44093132, ""61"": 33.99969435, ""62"": 0.219070555, ""63"": 0.004388294, ""66"": 0.076630981, ""67"": 0.92070847, ""68"": 0.997339451, ""70"": 0.035250251, ""71"": 0.515596743, ""72"": 0.550846995, ""73"": 0.550846995, ""101"": 0.081141384, ""102"": 0.219481714, ""114"": 926.3308259, ""115"": 286.2160193, ""116"": 92.0, ""117"": 37.0, ""118"": 28.0, ""119"": 11.0, ""210"": 17.0, ""212"": 3.168582101, ""213"": 27.61133235}",{},2026-09-05T10:40:10-04:00
Ray Davis,4429501,RB,BUF,ACTIVE,34.31237936,,77.60193078,59.1,171.0,10.15,220,239,"{""23"": 32.35148264, ""24"": 138.3006395, ""25"": 1.068960314, ""26"": 0.050911137, ""27"": 27.0, ""28"": 13.0, ""29"": 6.0, ""30"": 5.0, ""31"": 2.0, ""33"": 6.0, ""34"": 3.0, ""35"": 0.060376687, ""36"": 0.042263681, ""37"": 0.04870308, ""38"": 0.00166, ""39"": 4.274939761, ""40"": 8.135331734, ""42"": 60.02289088, ""43"": 0.388760684, ""44"": 0.03125061, ""45"": 0.052657024, ""46"": 0.034411365, ""47"": 12.0, ""48"": 6.0, ""49"": 3.0, ""50"": 2.0, ""51"": 1.0, ""53"": 7.750417765, ""56"": 0.029450608, ""57"": 0.000910844, ""58"": 10.2156341, ""60"": 7.74447168, ""61"": 3.530758287, ""62"": 0.082161747, ""63"": 0.001770461, ""66"": 0.324610739, ""67"": 0.077766725, ""68"": 0.402377464, ""70"": 0.14932094, ""71"": 0.043549366, ""72"": 0.192870306, ""73"": 0.192870306, ""101"": 0.346651429, ""114"": 1538.315445, ""116"": 153.0, ""117"": 61.0, ""210"": 17.0, ""212"": 9.50412273, ""213"": 2.431031818}",{},2026-09-05T10:40:10-04:00
Dylan Sampson,5081397,RB,CLE,ACTIVE,73.22390621,,175.60175355,71.1,169.27,18.28,221,199,"{""23"": 56.566175, ""24"": 236.1340395, ""25"": 1.07708706, ""26"": 0.065353114, ""27"": 47.0, ""28"": 23.0, ""29"": 11.0, ""30"": 9.0, ""31"": 4.0, ""33"": 11.0, ""34"": 5.0, ""35"": 0.106952483, ""36"": 0.074866738, ""37"": 0.143642521, ""38"": 0.0049, ""39"": 4.174474223, ""40"": 13.89023762, ""42"": 208.0641287, ""43"": 1.208156731, ""44"": 0.08611692, ""45"": 0.046391159, ""46"": 0.030316622, ""47"": 41.0, ""48"": 20.0, ""49"": 10.0, ""50"": 8.0, ""51"": 4.0, ""53"": 29.83978483, ""56"": 0.07764578, ""57"": 0.002401416, ""58"": 36.44616347, ""60"": 6.972708747, ""61"": 12.23906639, ""62"": 0.151470034, ""63"": 0.003378299, ""66"": 0.502641765, ""67"": 0.26515355, ""68"": 0.767795315, ""70"": 0.231215212, ""71"": 0.148485988, ""72"": 0.3797012, ""73"": 0.3797012, ""101"": 0.104866094, ""114"": 936.5626979, ""116"": 93.0, ""117"": 37.0, ""210"": 17.0, ""212"": 14.2846771, ""213"": 11.88338751}",{},2026-09-05T10:40:10-04:00
Najee Harris,4241457,RB,NYG,ACTIVE,72.38491388,,88.56765706,10.1,170.16,10.76,222,240,"{""23"": 107.2430508, ""24"": 431.6570059, ""25"": 2.264853478, ""26"": 0.095134586, ""27"": 86.0, ""28"": 43.0, ""29"": 21.0, ""30"": 17.0, ""31"": 8.0, ""33"": 21.0, ""34"": 10.0, ""35"": 0.20818193, ""36"": 0.145727351, ""37"": 0.481, ""38"": 0.0164, ""39"": 4.025034746, ""40"": 25.39158858, ""42"": 76.09245701, ""43"": 0.404367664, ""44"": 0.021637631, ""45"": 0.035804438, ""46"": 0.0233982, ""47"": 15.0, ""48"": 7.0, ""49"": 3.0, ""50"": 3.0, ""51"": 1.0, ""53"": 12.09638482, ""56"": 0.035402061, ""57"": 0.001094909, ""58"": 15.13762938, ""60"": 6.290512259, ""61"": 4.476026883, ""62"": 0.116772217, ""63"": 0.003215263, ""66"": 0.656672843, ""67"": 0.074068831, ""68"": 0.730741674, ""70"": 0.302069508, ""71"": 0.041478545, ""72"": 0.343548053, ""73"": 0.343548053, ""210"": 17.0, ""212"": 24.85083652, ""213"": 3.871138565}",{},2026-09-05T10:40:10-04:00
Texans D/ST,-16034,D/ST,HOU,,127.64430423,,128.34489385,153.0,93.05,98.9,223,176,"{""89"": 0.291929508, ""90"": 1.319214979, ""91"": 4.357664964, ""92"": 3.608691299, ""93"": 0.125897408, ""94"": 1.612263409, ""95"": 12.10370303, ""96"": 10.7286716, ""97"": 1.808717872, ""98"": 0.26049967, ""99"": 43.42901307, ""100"": 86.85802614, ""101"": 0.161348512, ""102"": 0.243868571, ""103"": 1.090343386, ""104"": 0.521920022, ""105"": 2.143377899, ""106"": 16.50564862, ""109"": 1034.994345, ""110"": 344.0, ""111"": 206.0, ""112"": 55.49834943, ""113"": 85.71141738, ""114"": 1521.787659, ""115"": 319.2398883, ""116"": 152.0, ""117"": 60.0, ""118"": 31.0, ""119"": 12.0, ""120"": 322.6058153, ""121"": 2.468208671, ""122"": 2.97036147, ""123"": 1.59156904, ""124"": 0.365975768, ""125"": 0.0263843, ""126"": 18.97681267, ""127"": 5462.016204, ""129"": 0.757978057, ""130"": 5.961625169, ""131"": 4.437152447, ""132"": 3.559941887, ""133"": 1.677771655, ""134"": 0.425830369, ""135"": 0.153298933, ""136"": 0.026401483, ""137"": 321.2950708, ""210"": 17.0}",{},2026-09-05T10:40:10-04:00
Broncos D/ST,-16007,D/ST,DEN,,128.47900637,,129.22624058,129.0,99.5,98.59,225,179,"{""89"": 0.310716074, ""90"": 1.40460691, ""91"": 4.596895343, ""92"": 3.745618428, ""93"": 0.122386924, ""94"": 1.558266457, ""95"": 12.94279928, ""96"": 6.927589298, ""97"": 1.936980137, ""98"": 0.260835781, ""99"": 45.16964485, ""100"": 90.33928971, ""101"": 0.269430009, ""102"": 0.313445912, ""103"": 1.040935375, ""104"": 0.517331082, ""105"": 2.263529301, ""106"": 10.65782969, ""109"": 1026.06545, ""110"": 342.0, ""111"": 205.0, ""112"": 37.60211055, ""113"": 84.95501581, ""114"": 1518.107873, ""115"": 448.8667181, ""116"": 151.0, ""117"": 60.0, ""118"": 44.0, ""119"": 17.0, ""120"": 317.3982091, ""121"": 2.468703055, ""122"": 2.851777666, ""123"": 1.40460691, ""124"": 0.212819229, ""125"": 0.004256385, ""126"": 18.67048289, ""127"": 5445.130975, ""129"": 0.809320972, ""130"": 6.304184415, ""131"": 4.557754949, ""132"": 3.492858933, ""133"": 1.490854422, ""134"": 0.255575044, ""135"": 0.085191681, ""136"": 0.004259584, ""137"": 320.301822, ""210"": 17.0}",{},2026-09-05T10:40:10-04:00
Steelers D/ST,-16023,D/ST,PIT,,126.96074039,,128.32969383,111.0,122.55,96.37,227,241,"{""89"": 0.301321851, ""90"": 1.361906669, ""91"": 4.477268175, ""92"": 3.677148007, ""93"": 0.123211873, ""94"": 1.58891428, ""95"": 11.76423951, ""96"": 9.599569, ""97"": 1.922550512, ""98"": 0.260858639, ""99"": 43.18475103, ""100"": 86.36950206, ""101"": 0.167753662, ""102"": 0.305047914, ""103"": 1.072822241, ""104"": 0.516092039, ""105"": 2.184927728, ""106"": 14.76856769, ""109"": 1031.501382, ""110"": 343.0, ""111"": 206.0, ""112"": 38.96984682, ""113"": 78.75363673, ""114"": 1498.213738, ""115"": 305.0479139, ""116"": 149.0, ""117"": 59.0, ""118"": 30.0, ""119"": 12.0, ""120"": 319.438042, ""121"": 2.468455838, ""122"": 2.911075506, ""123"": 1.498097336, ""124"": 0.289405167, ""125"": 0.01532145, ""126"": 18.79047306, ""127"": 5509.015956, ""129"": 0.681021532, ""130"": 5.448172258, ""131"": 4.256384577, ""132"": 3.660490736, ""133"": 1.957936905, ""134"": 0.681021532, ""135"": 0.255383075, ""136"": 0.059589384, ""137"": 324.0597621, ""210"": 17.0}",{},2026-09-05T10:40:10-04:00
Seahawks D/ST,-16026,D/ST,SEA,,120.24983166,,124.48090382,170.0,113.44,98.07,228,242,"{""89"": 0.273150466, ""90"": 1.233857243, ""91"": 4.118530383, ""92"": 3.471819001, ""93"": 0.124206842, ""94"": 1.623911818, ""95"": 12.74289617, ""96"": 7.247164101, ""97"": 1.864329507, ""98"": 0.257508067, ""99"": 42.29768633, ""100"": 84.59537266, ""101"": 0.477224571, ""102"": 0.4780136, ""103"": 1.109224395, ""104"": 0.514687424, ""105"": 2.703356832, ""106"": 11.14948323, ""109"": 1059.651263, ""110"": 353.0, ""111"": 211.0, ""112"": 46.72864742, ""113"": 95.2485039, ""114"": 1546.810335, ""115"": 392.9106278, ""116"": 154.0, ""117"": 61.0, ""118"": 39.0, ""119"": 15.0, ""120"": 330.8817661, ""121"": 2.467714486, ""122"": 3.088897788, ""123"": 1.778456302, ""124"": 0.519070978, ""125"": 0.048503354, ""126"": 19.4636333, ""127"": 5507.441842, ""129"": 0.732318173, ""130"": 5.790422761, ""131"": 4.376878381, ""132"": 3.593468243, ""133"": 1.771188139, ""134"": 0.510919655, ""135"": 0.187337207, ""136"": 0.037467441, ""137"": 323.9671672, ""210"": 17.0}",{},2026-09-05T10:40:10-04:00
Rams D/ST,-16014,D/ST,LAR,,118.60200764,,102.646422,119.0,101.15,97.3,229,243,"{""89"": 0.263763764, ""90"": 1.191191191, ""91"": 3.998998999, ""92"": 3.403403403, ""93"": 0.123525075, ""94"": 1.578363557, ""95"": 12.2145151, ""96"": 8.38171825, ""97"": 1.94460122, ""98"": 0.262702081, ""99"": 44.94652105, ""100"": 89.89304211, ""101"": 0.148536823, ""102"": 0.240913571, ""103"": 1.058796159, ""104"": 0.519567399, ""105"": 2.091339026, ""106"": 12.89495115, ""109"": 1071.114875, ""110"": 357.0, ""111"": 214.0, ""112"": 49.47618024, ""113"": 72.16651904, ""114"": 1536.984876, ""115"": 261.0959247, ""116"": 153.0, ""117"": 61.0, ""118"": 26.0, ""119"": 10.0, ""120"": 331.4798014, ""121"": 2.467467467, ""122"": 3.148148148, ""123"": 1.871871872, ""124"": 0.595595596, ""125"": 0.05955956, ""126"": 19.49881184, ""127"": 5453.392412, ""129"": 0.783645656, ""130"": 6.132879046, ""131"": 4.497444634, ""132"": 3.526405451, ""133"": 1.584327087, ""134"": 0.340715503, ""135"": 0.119250426, ""136"": 0.015332198, ""137"": 320.7877889, ""210"": 17.0}",{},2026-09-05T10:40:10-04:00
Ravens D/ST,-16033,D/ST,BAL,,120.45952724,,123.81013464,75.0,134.28,90.21,230,246,"{""89"": 0.282539047, ""90"": 1.276531838, ""91"": 4.238085703, ""92"": 3.540248298, ""93"": 0.124945299, ""94"": 1.556312279, ""95"": 12.32190204, ""96"": 7.881599846, ""97"": 1.882722701, ""98"": 0.260004623, ""99"": 43.78279859, ""100"": 87.56559717, ""101"": 0.151513574, ""102"": 0.242636648, ""103"": 1.026730032, ""104"": 0.529582247, ""105"": 2.0754078, ""106"": 12.12553822, ""109"": 1023.775103, ""110"": 341.0, ""111"": 204.0, ""112"": 42.01517199, ""113"": 77.49645482, ""114"": 1526.59076, ""115"": 375.3285642, ""116"": 152.0, ""117"": 61.0, ""118"": 37.0, ""119"": 15.0, ""120"": 329.7525007, ""121"": 2.467961554, ""122"": 3.029635563, ""123"": 1.685022026, ""124"": 0.442531037, ""125"": 0.037444934, ""126"": 19.39720592, ""127"": 5508.466438, ""129"": 0.706665999, ""130"": 5.619271798, ""131"": 4.316622427, ""132"": 3.626984524, ""133"": 1.864576551, ""134"": 0.595983373, ""135"": 0.221365253, ""136"": 0.048530075, ""137"": 324.0274376, ""210"": 17.0}",{},2026-09-05T10:40:10-04:00
Eagles D/ST,-16021,D/ST,PHI,,107.4318686,,97.63411079,120.0,138.18,88.4,232,248,"{""89"": 0.254378941, ""90"": 1.14853368, ""91"": 3.879491542, ""92"": 3.335001501, ""93"": 0.123342929, ""94"": 1.580935137, ""95"": 11.88909807, ""96"": 6.989527728, ""97"": 1.897409084, ""98"": 0.259815961, ""99"": 38.94826954, ""100"": 77.89653908, ""101"": 0.149158868, ""102"": 0.302413733, ""103"": 1.062896436, ""104"": 0.518038701, ""105"": 2.155850667, ""106"": 10.75311958, ""109"": 943.9294092, ""110"": 314.0, ""111"": 188.0, ""112"": 38.64377738, ""113"": 82.84676179, ""114"": 1605.789542, ""115"": 302.413733, ""116"": 160.0, ""117"": 64.0, ""118"": 30.0, ""119"": 12.0, ""120"": 332.7903683, ""121"": 2.467220498, ""122"": 3.207386648, ""123"": 1.965268742, ""124"": 0.672104894, ""125"": 0.070613552, ""126"": 19.57590402, ""127"": 5568.43581, ""129"": 0.655384769, ""130"": 5.277124118, ""131"": 4.196164823, ""132"": 3.693986882, ""133"": 2.051269213, ""134"": 0.766034146, ""135"": 0.289390677, ""136"": 0.070645371, ""137"": 327.5550476, ""210"": 17.0}",{},2026-09-05T10:40:10-04:00
Browns D/ST,-16005,D/ST,CLE,,103.76397602,,64.30415991,112.0,158.51,59.22,235,249,"{""89"": 0.23561493, ""90"": 1.063244271, ""91"": 3.640548384, ""92"": 3.198238767, ""93"": 0.125966988, ""94"": 1.584401685, ""95"": 11.38888583, ""96"": 6.573015659, ""97"": 1.822618984, ""98"": 0.26118608, ""99"": 41.22415836, ""100"": 82.44831673, ""101"": 0.160794677, ""102"": 0.296051062, ""103"": 1.056780205, ""104"": 0.52762148, ""105"": 2.167214411, ""106"": 10.11233178, ""109"": 1025.192498, ""110"": 341.0, ""111"": 205.0, ""112"": 53.58390011, ""113"": 72.14121023, ""114"": 1501.358736, ""115"": 296.0510617, ""116"": 150.0, ""117"": 60.0, ""118"": 29.0, ""119"": 11.0, ""120"": 340.6073958, ""121"": 2.466726709, ""122"": 3.32582808, ""123"": 2.152006404, ""124"": 0.825077554, ""125"": 0.0927149, ""126"": 20.03572916, ""127"": 5674.498236, ""129"": 0.629755707, ""130"": 5.106127353, ""131"": 4.135963156, ""132"": 3.727472968, ""133"": 2.144573488, ""134"": 0.851021225, ""135"": 0.323388066, ""136"": 0.081698038, ""137"": 333.7940139, ""210"": 17.0}",{},2026-09-05T10:40:10-04:00
Patriots D/ST,-16017,D/ST,NE,,103.64695348,,104.51141448,119.0,154.02,69.63,236,250,"{""89"": 0.226235741, ""90"": 1.020612367, ""91"": 3.521112668, ""92"": 3.129877927, ""93"": 0.124160217, ""94"": 1.561794824, ""95"": 12.81332027, ""96"": 5.875751625, ""97"": 1.902288232, ""98"": 0.262257682, ""99"": 40.8055106, ""100"": 81.61102121, ""101"": 0.177785131, ""102"": 0.420184532, ""103"": 1.037040744, ""104"": 0.524754079, ""105"": 2.283924704, ""106"": 9.039617885, ""109"": 1024.029717, ""110"": 341.0, ""111"": 204.0, ""112"": 45.83250629, ""113"": 84.0199898, ""114"": 1587.805136, ""115"": 384.4172901, ""116"": 158.0, ""117"": 63.0, ""118"": 38.0, ""119"": 15.0, ""120"": 351.8349605, ""121"": 2.466479888, ""122"": 3.385031019, ""123"": 2.245347208, ""124"": 0.901540925, ""125"": 0.103762257, ""126"": 20.69617415, ""127"": 5724.634711, ""129"": 0.552914686, ""130"": 4.593445084, ""131"": 3.9554666, ""132"": 3.827870903, ""133"": 2.424318239, ""134"": 1.105829372, ""135"": 0.425318989, ""136"": 0.114836127, ""137"": 336.7432183, ""210"": 17.0}",{},2026-09-05T10:40:10-04:00
Lions D/ST,-16008,D/ST,DET,,110.23356612,,117.51288912,77.0,155.33,71.56,237,252,"{""89"": 0.244995997, ""90"": 1.105884708, ""91"": 3.760008006, ""92"": 3.266613291, ""93"": 0.12529957, ""94"": 1.570302911, ""95"": 12.23721122, ""96"": 8.935186707, ""97"": 1.782345374, ""98"": 0.258786624, ""99"": 39.5470952, ""100"": 79.0941904, ""101"": 0.151666923, ""102"": 0.286411599, ""103"": 1.044565271, ""104"": 0.52573764, ""105"": 2.133681002, ""106"": 13.74644109, ""109"": 1020.173956, ""110"": 340.0, ""111"": 204.0, ""112"": 34.44677691, ""113"": 76.9242811, ""114"": 1584.960404, ""115"": 286.4115989, ""116"": 158.0, ""117"": 63.0, ""118"": 28.0, ""119"": 11.0, ""120"": 335.1608827, ""121"": 2.466973579, ""122"": 3.266613291, ""123"": 2.058646918, ""124"": 0.748598879, ""125"": 0.081665332, ""126"": 19.71534604, ""127"": 5690.026128, ""129"": 0.604134341, ""130"": 4.935181941, ""131"": 4.075779569, ""132"": 3.760948996, ""133"": 2.237849742, ""134"": 0.935982782, ""135"": 0.357375244, ""136"": 0.092747385, ""137"": 334.7074193, ""210"": 17.0}",{},2026-09-05T10:40:10-04:00
Chiefs D/ST,-16012,D/ST,KC,,101.10979252,,97.93470761,76.0,166.5,37.5,238,254,"{""89"": 0.216858429, ""90"": 0.977988994, ""91"": 3.40170085, ""92"": 3.061530765, ""93"": 0.126630769, ""94"": 1.59214748, ""95"": 12.19649134, ""96"": 6.710085124, ""97"": 1.768350921, ""98"": 0.257103184, ""99"": 41.12636202, ""100"": 82.25272404, ""101"": 0.16557298, ""102"": 0.234851776, ""103"": 1.063459148, ""104"": 0.528688332, ""105"": 2.119203005, ""106"": 10.32320788, ""109"": 1054.845786, ""110"": 351.0, ""111"": 210.0, ""112"": 51.33908684, ""113"": 73.33413509, ""114"": 1628.175678, ""115"": 257.7921199, ""116"": 162.0, ""117"": 65.0, ""118"": 25.0, ""119"": 10.0, ""120"": 358.6477823, ""121"": 2.466233117, ""122"": 3.444222111, ""123"": 2.338669335, ""124"": 0.977988994, ""125"": 0.114807404, ""126"": 21.09692837, ""127"": 5701.523749, ""129"": 0.578520669, ""130"": 4.764287859, ""131"": 4.015614053, ""132"": 3.794414973, ""133"": 2.331097988, ""134"": 1.020918827, ""135"": 0.391352217, ""136"": 0.103793414, ""137"": 335.3837499, ""210"": 17.0}",{},2026-09-05T10:40:10-04:00
Chargers D/ST,-16024,D/ST,LAC,,95.86609355,,82.46220815,102.0,165.56,54.78,239,256,"{""89"": 0.179367937, ""90"": 0.807580758, ""91"": 2.924292429, ""92"": 2.788278828, ""93"": 0.124687429, ""94"": 1.554292253, ""95"": 12.78562411, ""96"": 8.022962829, ""97"": 1.89866894, ""98"": 0.261070148, ""99"": 39.72222404, ""100"": 79.44444808, ""101"": 0.157884556, ""102"": 0.305784804, ""103"": 1.025360984, ""104"": 0.528931268, ""105"": 2.142649042, ""106"": 12.34301974, ""109"": 1010.624696, ""110"": 336.0, ""111"": 202.0, ""112"": 57.73379425, ""113"": 84.03544405, ""114"": 1682.556085, ""115"": 325.8211072, ""116"": 168.0, ""117"": 67.0, ""118"": 32.0, ""119"": 13.0, ""120"": 370.3290986, ""121"": 2.465246525, ""122"": 3.680868087, ""123"": 2.711771177, ""124"": 1.283628363, ""125"": 0.158965897, ""126"": 21.78406463, ""127"": 5826.209135, ""129"": 0.501725777, ""130"": 4.251913361, ""131"": 3.835225852, ""132"": 3.894752639, ""133"": 2.610674804, ""134"": 1.275574008, ""135"": 0.49322195, ""136"": 0.13691161, ""137"": 342.7181844, ""210"": 17.0}",{},2026-09-05T10:40:10-04:00
Brandon Aubrey,3953687,K,DAL,ACTIVE,171.47184129,,142.15224311,181.6,83.97,99.84,240,119,"{""74"": 7.02552502, ""75"": 9.435272, ""76"": 2.40974698, ""77"": 9.2261031, ""78"": 10.783168, ""79"": 1.5570649, ""80"": 19.2313044, ""81"": 19.42556, ""82"": 0.1942556, ""83"": 35.48293252, ""84"": 39.644, ""85"": 4.16106748, ""86"": 45.90695807, ""87"": 46.84383476, ""88"": 0.936876695, ""198"": 7.02552502, ""199"": 9.435272, ""200"": 2.40974698, ""210"": 17.0, ""214"": 1371.492123, ""215"": 206.0219254, ""216"": 1577.514048}",{},2026-09-05T10:40:10-04:00
Cameron Dicker,4362081,K,LAC,QUESTIONABLE,161.89103824,,143.92880539,167.0,112.32,98.82,241,159,"{""74"": 6.752704542, ""75"": 8.9988276, ""76"": 2.246123058, ""77"": 8.858942177, ""78"": 10.2843744, ""79"": 1.425432223, ""80"": 18.34172802, ""81"": 18.526998, ""82"": 0.18526998, ""83"": 33.95337474, ""84"": 37.8102, ""85"": 3.856825261, ""86"": 41.52338802, ""87"": 42.37080411, ""88"": 0.847416082, ""198"": 6.752704542, ""199"": 8.9988276, ""200"": 2.246123058, ""210"": 17.0, ""214"": 1313.550284, ""215"": 190.9931946, ""216"": 1504.543478}",{},2026-09-05T10:40:10-04:00
Jason Myers,2473037,K,SEA,ACTIVE,158.52167511,,136.51033265,195.0,114.81,98.26,242,167,"{""74"": 6.43815471, ""75"": 9.0139644, ""76"": 2.57580969, ""77"": 8.501376867, ""78"": 10.3016736, ""79"": 1.800296733, ""80"": 18.15437917, ""81"": 18.558162, ""82"": 0.403782829, ""83"": 33.09391075, ""84"": 37.8738, ""85"": 4.779889252, ""86"": 42.64214583, ""87"": 43.5123937, ""88"": 0.870247874, ""198"": 6.43815471, ""199"": 9.0139644, ""200"": 2.57580969, ""210"": 17.0, ""214"": 1274.853688, ""215"": 232.2205611, ""216"": 1507.07425}",{},2026-09-05T10:40:10-04:00
Harrison Mevis,4574716,K,LAR,ACTIVE,159.42880533,,,,134.3,92.94,243,189,"{""74"": 5.820004218, ""75"": 8.198543617, ""76"": 2.378539399, ""77"": 7.691477211, ""78"": 9.369764134, ""79"": 1.678286923, ""80"": 16.43851122, ""81"": 16.87935451, ""82"": 0.440843291, ""83"": 29.94999265, ""84"": 34.44766226, ""85"": 4.497669613, ""86"": 54.74501135, ""87"": 56.04051722, ""88"": 1.295505864, ""198"": 5.820004218, ""199"": 8.198543617, ""200"": 2.378539399, ""210"": 17.0, ""214"": 1153.552039, ""215"": 217.1893378, ""216"": 1370.741377}",{},2026-09-05T10:40:10-04:00
Ka'imi Fairbairn,2971573,K,HOU,ACTIVE,157.76907893,,135.89463171,190.0,124.03,95.09,246,183,"{""74"": 7.040364962, ""75"": 9.613296, ""76"": 2.572931038, ""77"": 9.265646649, ""78"": 10.986624, ""79"": 1.720977351, ""80"": 19.5941592, ""81"": 19.79208, ""82"": 0.1979208, ""83"": 35.90017081, ""84"": 40.392, ""85"": 4.491829189, ""86"": 31.21401911, ""87"": 31.85103991, ""88"": 0.637020798, ""198"": 7.040364962, ""199"": 9.613296, ""200"": 2.572931038, ""210"": 17.0, ""214"": 1384.958583, ""215"": 222.3198809, ""216"": 1607.278464}",{},2026-09-05T10:40:10-04:00
Eddy Pineiro,4034949,K,SF,ACTIVE,155.22506618,,,139.0,141.9,84.86,248,207,"{""74"": 6.312633681, ""75"": 8.5850884, ""76"": 2.272454719, ""77"": 8.303518278, ""78"": 9.8115296, ""79"": 1.508011322, ""80"": 17.49843018, ""81"": 17.675182, ""82"": 0.17675182, ""83"": 32.11458214, ""84"": 36.0718, ""85"": 3.957217861, ""86"": 41.90975198, ""87"": 42.76505304, ""88"": 0.855301061, ""198"": 6.312633681, ""199"": 8.5850884, ""200"": 2.272454719, ""210"": 17.0, ""214"": 1239.493447, ""215"": 195.8756189, ""216"": 1435.369066}",{},2026-09-05T10:40:10-04:00
Harrison Butker,3055899,K,KC,ACTIVE,148.76572896,,138.6209187,144.0,144.26,81.32,249,259,"{""74"": 5.983672207, ""75"": 8.489103, ""76"": 2.505430793, ""77"": 7.915385874, ""78"": 9.701832, ""79"": 1.786446126, ""80"": 16.93340229, ""81"": 17.477565, ""82"": 0.544162708, ""83"": 30.83246037, ""84"": 35.6685, ""85"": 4.836039626, ""86"": 41.22165718, ""87"": 42.41500011, ""88"": 1.193342925, ""198"": 5.983672207, ""199"": 8.489103, ""200"": 2.505430793, ""210"": 17.0, ""214"": 1187.312732, ""215"": 232.0082197, ""216"": 1419.320952}",{},2026-09-05T10:40:10-04:00
Cam Little,4686361,K,JAX,ACTIVE,146.93234861,,135.83740508,160.0,141.03,88.77,250,260,"{""74"": 5.91297311, ""75"": 8.175838417, ""76"": 2.262865308, ""77"": 7.794847056, ""78"": 9.343815334, ""79"": 1.548968278, ""80"": 16.61757681, ""81"": 16.83260851, ""82"": 0.215031693, ""83"": 30.32539698, ""84"": 34.35226226, ""85"": 4.026865279, ""86"": 40.36222968, ""87"": 41.18594865, ""88"": 0.823718973, ""198"": 5.91297311, ""199"": 8.175838417, ""200"": 2.262865308, ""210"": 17.0, ""214"": 1168.59597, ""215"": 198.3492499, ""216"": 1366.94522}",{},2026-09-05T10:40:10-04:00
Jake Bates,4689936,K,DET,ACTIVE,146.10945551,,146.36427804,145.0,156.94,72.39,252,263,"{""74"": 5.391328332, ""75"": 7.719768, ""76"": 2.328439668, ""77"": 7.140825806, ""78"": 8.822592, ""79"": 1.681766194, ""80"": 15.29571459, ""81"": 15.89364, ""82"": 0.597925415, ""83"": 27.82786872, ""84"": 32.436, ""85"": 4.608131276, ""86"": 49.31049813, ""87"": 51.07887008, ""88"": 1.768371943, ""198"": 5.391328332, ""199"": 7.719768, ""200"": 2.328439668, ""210"": 17.0, ""214"": 1071.340329, ""215"": 219.3529832, ""216"": 1290.693312}",{},2026-09-05T10:40:10-04:00
Tyler Loop,4697745,K,BAL,ACTIVE,145.93463581,,140.2564536,140.0,165.67,52.4,255,266,"{""74"": 5.66012961, ""75"": 8.198543617, ""76"": 2.538414008, ""77"": 7.508763373, ""78"": 9.369764134, ""79"": 1.861000761, ""80"": 16.10935761, ""81"": 16.87935451, ""82"": 0.769996897, ""83"": 29.27825059, ""84"": 34.44766226, ""85"": 5.169411665, ""86"": 44.4402731, ""87"": 46.41852258, ""88"": 1.978249478, ""198"": 5.66012961, ""199"": 8.198543617, ""200"": 2.538414008, ""210"": 17.0, ""214"": 1126.822079, ""215"": 243.9192976, ""216"": 1370.741377}",{},2026-09-05T10:40:10-04:00
Cairo Santos,17427,K,CHI,ACTIVE,144.31887638,,140.59781064,127.0,169.07,34.18,256,267,"{""74"": 5.823513727, ""75"": 8.206112017, ""76"": 2.38259829, ""77"": 7.696448184, ""78"": 9.378413734, ""79"": 1.68196555, ""80"": 16.44985032, ""81"": 16.89493651, ""82"": 0.445086183, ""83"": 29.96981223, ""84"": 34.47946226, ""85"": 4.509650024, ""86"": 39.57561407, ""87"": 40.52156379, ""88"": 0.945949719, ""198"": 5.823513727, ""199"": 8.206112017, ""200"": 2.38259829, ""210"": 17.0, ""214"": 1154.305419, ""215"": 217.7013429, ""216"": 1372.006762}",{},2026-09-05T10:40:10-04:00
Will Reichard,4567104,K,MIN,ACTIVE,142.49770196,,133.95292089,157.0,167.86,32.83,259,270,"{""74"": 6.020785297, ""75"": 8.213680417, ""76"": 2.19289512, ""77"": 7.922861513, ""78"": 9.387063334, ""79"": 1.464201822, ""80"": 16.74141332, ""81"": 16.91051851, ""82"": 0.169105185, ""83"": 30.68506013, ""84"": 34.51126226, ""85"": 3.826202127, ""86"": 34.30429159, ""87"": 35.00437918, ""88"": 0.700087584, ""198"": 6.020785297, ""199"": 8.213680417, ""200"": 2.19289512, ""210"": 17.0, ""214"": 1183.893574, ""215"": 189.378574, ""216"": 1373.272148}",{},2026-09-05T10:40:10-04:00
Alvin Kamara,3054850,RB,NO,QUESTIONABLE,98.03135381,,231.01836811,84.2,161.97,39.87,260,192,"{""23"": 111.8846032, ""24"": 450.6566536, ""25"": 2.094719254, ""26"": 0.105700287, ""27"": 90.0, ""28"": 45.0, ""29"": 22.0, ""30"": 18.0, ""31"": 9.0, ""33"": 22.0, ""34"": 11.0, ""35"": 0.219361865, ""36"": 0.153553306, ""37"": 0.592433191, ""38"": 0.020217472, ""39"": 4.027870151, ""40"": 30.04377691, ""42"": 207.9998674, ""43"": 0.84604952, ""44"": 0.044164718, ""45"": 0.03530467, ""46"": 0.023071602, ""47"": 41.0, ""48"": 20.0, ""49"": 10.0, ""50"": 8.0, ""51"": 4.0, ""53"": 30.73808652, ""56"": 0.078618501, ""57"": 0.0024315, ""58"": 38.22232565, ""60"": 6.766845009, ""61"": 13.86665782, ""62"": 0.149865005, ""63"": 0.005243266, ""66"": 0.934826239, ""67"": 0.256825059, ""68"": 1.191651298, ""70"": 0.43002007, ""71"": 0.143822033, ""72"": 0.573842103, ""73"": 0.573842103, ""210"": 15.0, ""212"": 25.40375594, ""213"": 12.07355675}",{},2026-09-05T10:40:10-04:00
Juwan Johnson,3929645,TE,NO,ACTIVE,114.53966431,,91.3674244,141.4,157.53,43.16,262,191,"{""42"": 660.7998064, ""43"": 2.846406591, ""44"": 0.148759711, ""45"": 0.134836871, ""46"": 0.088115895, ""47"": 132.0, ""48"": 66.0, ""49"": 33.0, ""50"": 26.0, ""51"": 13.0, ""53"": 64.59671582, ""56"": 0.823320007, ""57"": 0.025463505, ""58"": 89.41051168, ""60"": 10.22961923, ""61"": 38.87057685, ""62"": 0.148759711, ""63"": 0.004771773, ""67"": 1.084493937, ""68"": 1.084493937, ""71"": 0.607316605, ""72"": 0.607316605, ""73"": 0.607316605, ""210"": 17.0, ""213"": 32.96021847}",{},2026-09-05T10:40:10-04:00
Justice Hill,4038441,RB,BAL,ACTIVE,100.35371893,,89.02712418,54.7,169.09,18.54,265,276,"{""23"": 58.51889998, ""24"": 267.7926021, ""25"": 1.628906517, ""26"": 0.042179443, ""27"": 53.0, ""28"": 26.0, ""29"": 13.0, ""30"": 10.0, ""31"": 5.0, ""33"": 11.0, ""34"": 5.0, ""35"": 0.110738609, ""36"": 0.077517027, ""37"": 0.18343335, ""38"": 0.00626, ""39"": 4.576172864, ""40"": 15.75250601, ""42"": 348.2830735, ""43"": 1.665799804, ""44"": 0.054914919, ""45"": 0.093118368, ""46"": 0.060852853, ""47"": 69.0, ""48"": 34.0, ""49"": 17.0, ""50"": 13.0, ""51"": 6.0, ""53"": 39.42701409, ""56"": 0.165330629, ""57"": 0.005113318, ""58"": 51.29873098, ""60"": 8.833615266, ""61"": 20.48723962, ""62"": 0.097094362, ""63"": 0.004088966, ""66"": 0.55522712, ""67"": 0.374083373, ""68"": 0.929310493, ""70"": 0.255404475, ""71"": 0.209486689, ""72"": 0.464891164, ""73"": 0.464891164, ""210"": 17.0, ""212"": 15.88365528, ""213"": 18.12245915}",{},2026-09-05T10:40:10-04:00
Kaelon Black,4696044,RB,SF,ACTIVE,56.29317623,,,,170.23,10.76,269,281,"{""23"": 75.15440443, ""24"": 311.1276079, ""25"": 2.189117497, ""26"": 0.108485568, ""27"": 62.0, ""28"": 31.0, ""29"": 15.0, ""30"": 12.0, ""31"": 6.0, ""33"": 15.0, ""34"": 7.0, ""35"": 0.143483355, ""36"": 0.100438348, ""37"": 0.250198249, ""38"": 0.00854, ""39"": 4.139845299, ""40"": 18.30162399, ""42"": 62.48827191, ""43"": 0.357744894, ""44"": 0.018340959, ""45"": 0.055667272, ""46"": 0.036378562, ""47"": 12.0, ""48"": 6.0, ""49"": 3.0, ""50"": 2.0, ""51"": 1.0, ""53"": 8.132602239, ""56"": 0.030400889, ""57"": 0.000940234, ""58"": 10.53523333, ""60"": 7.683674926, ""61"": 3.675780701, ""62"": 0.126826528, ""63"": 0.003135589, ""66"": 0.643048382, ""67"": 0.069585499, ""68"": 0.712633881, ""70"": 0.295802256, ""71"": 0.038967879, ""72"": 0.334770135, ""73"": 0.334770135, ""210"": 17.0, ""212"": 18.77517388, ""213"": 2.573446962}",{},2026-09-05T10:40:10-04:00
Ja'Kobi Lane,4870847,WR,BAL,ACTIVE,92.46994934,,,,168.94,18.19,270,283,"{""42"": 530.2850429, ""43"": 3.782746155, ""44"": 0.124680363, ""45"": 0.360659886, ""46"": 0.235691236, ""47"": 106.0, ""48"": 53.0, ""49"": 26.0, ""50"": 21.0, ""51"": 10.0, ""53"": 34.39534461, ""56"": 0.450097059, ""57"": 0.013920528, ""58"": 55.96225197, ""60"": 15.41734932, ""61"": 31.19323782, ""62"": 0.124680363, ""63"": 0.002758112, ""67"": 0.626843674, ""68"": 0.626843674, ""71"": 0.351032458, ""72"": 0.351032458, ""73"": 0.351032458, ""210"": 17.0, ""213"": 22.86012863}",{},2026-09-05T10:40:10-04:00
Jordan Love,4036378,QB,GB,ACTIVE,314.28538652,,316.76491237,279.5,155.25,40.98,273,208,"{""0"": 540.2570177, ""1"": 348.046876, ""2"": 192.2101417, ""3"": 4038.553653, ""4"": 25.60338549, ""5"": 807.0, ""6"": 403.0, ""7"": 201.0, ""8"": 161.0, ""9"": 80.0, ""10"": 40.0, ""11"": 69.0, ""12"": 34.0, ""15"": 3.257001616, ""16"": 2.128450556, ""17"": 3.141953407, ""18"": 0.424395523, ""19"": 0.798221174, ""20"": 10.83022039, ""21"": 0.644224628, ""22"": 237.5619796, ""23"": 50.16935784, ""24"": 212.2089123, ""25"": 1.012887251, ""26"": 0.028279532, ""27"": 42.0, ""28"": 21.0, ""29"": 10.0, ""30"": 8.0, ""31"": 4.0, ""33"": 10.0, ""34"": 5.0, ""35"": 0.094517518, ""36"": 0.066162262, ""37"": 0.114822602, ""38"": 0.00392, ""39"": 4.229851078, ""40"": 12.4828772, ""62"": 0.826500705, ""63"": 0.036908951, ""64"": 29.36334956, ""65"": 7.70939257, ""66"": 0.679005346, ""68"": 8.388397916, ""69"": 3.700508433, ""70"": 0.312342459, ""72"": 4.012850893, ""73"": 14.84307128, ""210"": 17.0, ""211"": 192.2614531, ""212"": 13.0403494}",{},2026-09-05T10:40:10-04:00
C.J. Stroud,4432577,QB,HOU,ACTIVE,288.60282291,,329.7121421,244.9,165.45,24.01,276,285,"{""0"": 550.9672381, ""1"": 351.2958449, ""2"": 199.6713932, ""3"": 3948.143979, ""4"": 21.44430103, ""5"": 789.0, ""6"": 394.0, ""7"": 197.0, ""8"": 157.0, ""9"": 78.0, ""10"": 39.0, ""11"": 70.0, ""12"": 35.0, ""15"": 3.124446609, ""16"": 2.041825859, ""17"": 2.896709298, ""18"": 0.391269474, ""19"": 1.403571851, ""20"": 12.06957923, ""21"": 0.637598428, ""22"": 232.2437635, ""23"": 57.06429856, ""24"": 249.1202738, ""25"": 1.037860233, ""26"": 0.075107062, ""27"": 49.0, ""28"": 24.0, ""29"": 12.0, ""30"": 9.0, ""31"": 4.0, ""33"": 11.0, ""34"": 5.0, ""35"": 0.107899657, ""36"": 0.07552976, ""37"": 0.158445745, ""38"": 0.005407145, ""39"": 4.36560652, ""40"": 14.65413375, ""62"": 1.478678913, ""63"": 0.035975548, ""64"": 39.10990837, ""65"": 7.455286161, ""66"": 0.720974669, ""68"": 8.17626083, ""69"": 3.578537357, ""70"": 0.331648348, ""72"": 3.910185705, ""73"": 15.97976493, ""210"": 17.0, ""211"": 189.2316658, ""212"": 14.72418038}",{},2026-09-05T10:40:10-04:00
Sam Darnold,3912547,QB,SEA,ACTIVE,290.27468233,,285.65005256,284.1,162.53,26.3,280,287,"{""0"": 512.4375653, ""1"": 334.9761242, ""2"": 177.4614411, ""3"": 4012.429985, ""4"": 24.04412504, ""5"": 802.0, ""6"": 401.0, ""7"": 200.0, ""8"": 160.0, ""9"": 80.0, ""10"": 40.0, ""11"": 66.0, ""12"": 33.0, ""15"": 3.218016001, ""16"": 2.102973457, ""17"": 3.066286673, ""18"": 0.414174931, ""19"": 0.867597392, ""20"": 12.35243253, ""21"": 0.653691585, ""22"": 236.0252932, ""23"": 44.07460018, ""24"": 125.5957691, ""25"": 0.849080734, ""26"": 0.024263629, ""27"": 25.0, ""28"": 12.0, ""29"": 6.0, ""30"": 5.0, ""31"": 2.0, ""33"": 8.0, ""34"": 4.0, ""35"": 0.082767051, ""36"": 0.057936935, ""37"": 0.039932984, ""38"": 0.00136, ""39"": 2.849617889, ""40"": 7.387986419, ""62"": 0.891861021, ""63"": 0.041943152, ""64"": 38.44626616, ""65"": 8.826363013, ""66"": 0.706171426, ""68"": 9.532534439, ""69"": 4.236654246, ""70"": 0.324838856, ""72"": 4.561493102, ""73"": 16.91392563, ""210"": 17.0, ""211"": 187.5828349, ""212"": 9.623434877}",{},2026-09-05T10:40:10-04:00
Jauan Jennings,3886598,WR,MIN,ACTIVE,91.60460332,,157.61758753,145.8,171.14,8.77,283,290,"{""42"": 485.3945034, ""43"": 3.36527192, ""44"": 0.197355791, ""45"": 0.091907294, ""46"": 0.060061417, ""47"": 97.0, ""48"": 48.0, ""49"": 24.0, ""50"": 19.0, ""51"": 9.0, ""53"": 46.80134356, ""56"": 0.356529646, ""57"": 0.01102669, ""58"": 71.80863988, ""60"": 10.37137968, ""61"": 28.55261785, ""62"": 0.197355791, ""63"": 0.0036216, ""67"": 0.823090988, ""68"": 0.823090988, ""71"": 0.460930953, ""72"": 0.460930953, ""73"": 0.460930953, ""210"": 17.0, ""213"": 24.27924813}",{},2026-09-05T10:40:10-04:00
Malachi Fields,4682648,WR,NYG,ACTIVE,69.90297535,,,,170.62,4.62,286,293,"{""42"": 408.023836, ""43"": 2.198404769, ""44"": 0.1175211, ""45"": 0.19299917, ""46"": 0.126124958, ""47"": 81.0, ""48"": 40.0, ""49"": 20.0, ""50"": 16.0, ""51"": 8.0, ""53"": 32.68453071, ""56"": 0.23319129, ""57"": 0.007212102, ""58"": 50.76012301, ""60"": 12.48369878, ""61"": 24.00140212, ""62"": 0.1175211, ""63"": 0.002620925, ""67"": 0.595664662, ""68"": 0.595664662, ""71"": 0.333572211, ""72"": 0.333572211, ""73"": 0.333572211, ""210"": 17.0, ""213"": 18.45083125}",{},2026-09-05T10:40:10-04:00
Germie Bernard,4685261,WR,PIT,ACTIVE,88.48425139,,,,171.3,6.62,287,296,"{""23"": 2.143300959, ""24"": 11.66268746, ""25"": 0.082442293, ""26"": 0.002776001, ""27"": 2.0, ""28"": 1.0, ""35"": 0.003935202, ""36"": 0.002754642, ""37"": 0.000266, ""38"": 9.07e-06, ""39"": 5.441460478, ""40"": 0.686040439, ""42"": 504.1171577, ""43"": 2.764341719, ""44"": 0.084560617, ""45"": 0.136411132, ""46"": 0.089144675, ""47"": 100.0, ""48"": 50.0, ""49"": 25.0, ""50"": 20.0, ""51"": 10.0, ""53"": 40.41980602, ""56"": 0.39365419, ""57"": 0.012174872, ""58"": 68.00081314, ""60"": 12.47203308, ""61"": 29.65395045, ""62"": 0.087336618, ""63"": 0.003413073, ""66"": 0.039060945, ""67"": 0.736637473, ""68"": 0.775698417, ""70"": 0.017968034, ""71"": 0.412516985, ""72"": 0.430485019, ""73"": 0.430485019, ""101"": 0.050326099, ""114"": 449.4641214, ""116"": 44.0, ""117"": 17.0, ""210"": 17.0, ""212"": 2.657457374, ""213"": 23.09525294}",{},2026-09-05T10:40:10-04:00
Tre' Harris,4686612,WR,LAC,QUESTIONABLE,72.58859593,,21.36704436,54.4,171.14,4.44,290,297,"{""42"": 410.4783479, ""43"": 2.478026068, ""44"": 0.061315876, ""45"": 0.165361989, ""46"": 0.10806406, ""47"": 82.0, ""48"": 41.0, ""49"": 20.0, ""50"": 16.0, ""51"": 8.0, ""53"": 34.50870347, ""56"": 0.23601111, ""57"": 0.007299313, ""58"": 53.05221399, ""60"": 11.89492234, ""61"": 24.14578517, ""62"": 0.061315876, ""63"": 0.002767202, ""67"": 0.628909602, ""68"": 0.628909602, ""71"": 0.352189377, ""72"": 0.352189377, ""73"": 0.352189377, ""210"": 17.0, ""213"": 19.0486477}",{},2026-09-05T10:40:10-04:00
Ryan Flournoy,5083754,WR,DAL,ACTIVE,72.42001362,,15.51102713,94.0,171.07,4.22,293,299,"{""23"": 2.225142035, ""24"": 12.41979192, ""25"": 0.095265732, ""26"": 0.003590528, ""27"": 2.0, ""28"": 1.0, ""35"": 0.004085653, ""36"": 0.002859957, ""37"": 0.000308576, ""38"": 1.05e-05, ""39"": 5.581572646, ""40"": 0.730575995, ""42"": 383.0499503, ""43"": 2.654190597, ""44"": 0.094930455, ""45"": 0.150356467, ""46"": 0.098257951, ""47"": 76.0, ""48"": 38.0, ""49"": 19.0, ""50"": 15.0, ""51"": 7.0, ""53"": 33.81840543, ""56"": 0.201692947, ""57"": 0.006237926, ""58"": 50.6394947, ""60"": 11.32667095, ""61"": 22.53235002, ""62"": 0.098520983, ""63"": 0.0028996, ""66"": 0.040683243, ""67"": 0.618316674, ""68"": 0.658999917, ""70"": 0.018714292, ""71"": 0.346257337, ""72"": 0.364971629, ""73"": 0.364971629, ""210"": 17.0, ""212"": 2.697553252, ""213"": 18.2069748}",{},2026-09-05T10:40:10-04:00
Pat Freiermuth,4361411,TE,PIT,ACTIVE,106.28818479,,102.7534937,93.1,169.71,14.39,296,301,"{""42"": 602.7059251, ""43"": 2.804058398, ""44"": 0.085773128, ""45"": 0.112757064, ""46"": 0.073686742, ""47"": 120.0, ""48"": 60.0, ""49"": 30.0, ""50"": 24.0, ""51"": 12.0, ""53"": 59.92736501, ""56"": 0.637306004, ""57"": 0.019710495, ""58"": 85.00101642, ""60"": 10.05727392, ""61"": 35.45328971, ""62"": 0.085773128, ""63"": 0.003700663, ""67"": 0.841059708, ""68"": 0.841059708, ""71"": 0.470993436, ""72"": 0.470993436, ""73"": 0.470993436, ""210"": 17.0, ""213"": 30.27660121}",{},2026-09-05T10:40:10-04:00
Dalton Schultz,3117256,TE,HOU,ACTIVE,103.0846821,,99.77866668,136.7,168.87,18.4,297,303,"{""42"": 548.9629037, ""43"": 3.111342486, ""44"": 0.20453038, ""45"": 0.086526628, ""46"": 0.056545151, ""47"": 109.0, ""48"": 54.0, ""49"": 27.0, ""50"": 21.0, ""51"": 10.0, ""53"": 59.6768184, ""56"": 0.494175197, ""57"": 0.015283769, ""58"": 82.27688406, ""60"": 9.19893048, ""61"": 32.29193551, ""62"": 0.20453038, ""63"": 0.002856595, ""67"": 0.649226024, ""68"": 0.649226024, ""71"": 0.363566573, ""72"": 0.363566573, ""73"": 0.363566573, ""210"": 17.0, ""213"": 28.86312488}",{},2026-09-05T10:40:10-04:00
Zachariah Branch,4870612,WR,ATL,ACTIVE,66.81179063,,,,170.79,5.05,300,305,"{""42"": 381.713574, ""43"": 1.891629602, ""44"": 0.111030807, ""45"": 0.162950775, ""46"": 0.106488332, ""47"": 76.0, ""48"": 38.0, ""49"": 19.0, ""50"": 15.0, ""51"": 7.0, ""53"": 31.41640782, ""56"": 0.2001929, ""57"": 0.006191533, ""58"": 49.29145996, ""60"": 12.15013429, ""61"": 22.45373965, ""62"": 0.111030807, ""63"": 0.002519236, ""67"": 0.572553546, ""68"": 0.572553546, ""71"": 0.320629986, ""72"": 0.320629986, ""73"": 0.320629986, ""101"": 0.097945019, ""102"": 0.235663325, ""114"": 874.7503442, ""115"": 235.6633249, ""116"": 87.0, ""117"": 34.0, ""118"": 23.0, ""119"": 9.0, ""210"": 17.0, ""213"": 17.31080524}",{},2026-09-05T10:40:10-04:00
Omar Cooper Jr.,4723820,WR,NYJ,ACTIVE,71.1919325,,,,171.13,6.52,302,306,"{""23"": 2.168185528, ""24"": 11.96824654, ""25"": 0.107327174, ""26"": 0.012119967, ""27"": 2.0, ""28"": 1.0, ""35"": 0.00398095, ""36"": 0.002786665, ""37"": 0.000282987, ""38"": 9.66e-06, ""39"": 5.519936547, ""40"": 0.704014502, ""42"": 395.9674311, ""43"": 2.235733715, ""44"": 0.272337855, ""45"": 0.204852529, ""46"": 0.133871127, ""47"": 79.0, ""48"": 39.0, ""49"": 19.0, ""50"": 15.0, ""51"": 7.0, ""53"": 32.96042589, ""56"": 0.217901793, ""57"": 0.006739231, ""58"": 48.48005529, ""60"": 12.01341974, ""61"": 23.29220183, ""62"": 0.284457822, ""63"": 0.002816912, ""66"": 0.039514458, ""67"": 0.60069276, ""68"": 0.640207217, ""70"": 0.01817665, ""71"": 0.336387945, ""72"": 0.354564596, ""73"": 0.354564596, ""210"": 17.0, ""212"": 2.687838215, ""213"": 18.19651289}",{},2026-09-05T10:40:10-04:00
Kayshon Boutte,4429022,WR,HOU,ACTIVE,113.43311074,,89.85525018,107.6,170.56,13.73,304,307,"{""42"": 666.3574234, ""43"": 3.598867598, ""44"": 0.236563939, ""45"": 0.196837947, ""46"": 0.128633599, ""47"": 133.0, ""48"": 66.0, ""49"": 33.0, ""50"": 26.0, ""51"": 13.0, ""53"": 51.13196846, ""56"": 0.840501739, ""57"": 0.025994899, ""58"": 82.27688406, ""60"": 13.03210972, ""61"": 39.19749549, ""62"": 0.236563939, ""63"": 0.003280158, ""67"": 0.745490446, ""68"": 0.745490446, ""71"": 0.41747465, ""72"": 0.41747465, ""73"": 0.41747465, ""210"": 17.0, ""213"": 30.35210886}",{},2026-09-05T10:40:10-04:00
Malik Washington,4569603,WR,MIA,ACTIVE,91.66351087,,45.97375913,93.7,170.08,8.13,305,308,"{""23"": 12.91152086, ""24"": 77.83286186, ""25"": 0.444122524, ""26"": 0.016818892, ""27"": 15.0, ""28"": 7.0, ""29"": 3.0, ""30"": 3.0, ""31"": 1.0, ""33"": 2.0, ""34"": 1.0, ""35"": 0.023844965, ""36"": 0.016691476, ""37"": 0.015080564, ""38"": 0.000515, ""39"": 6.028171483, ""40"": 4.578403639, ""42"": 471.4371057, ""43"": 1.688957308, ""44"": 0.08824613, ""45"": 0.121428732, ""46"": 0.079353676, ""47"": 94.0, ""48"": 47.0, ""49"": 23.0, ""50"": 18.0, ""51"": 9.0, ""53"": 44.28997852, ""56"": 0.330939792, ""57"": 0.010235251, ""58"": 65.2694444, ""60"": 10.64432907, ""61"": 27.73159445, ""62"": 0.105065023, ""63"": 0.00474053, ""66"": 0.243189168, ""67"": 0.834204054, ""68"": 1.077393222, ""70"": 0.111867017, ""71"": 0.46715427, ""72"": 0.579021287, ""73"": 0.579021287, ""101"": 0.150804994, ""102"": 0.306021405, ""114"": 1813.560053, ""115"": 239.2310192, ""116"": 181.0, ""117"": 72.0, ""118"": 23.0, ""119"": 9.0, ""210"": 17.0, ""212"": 5.815551468, ""213"": 22.63646376}",{},2026-09-05T10:40:10-04:00
Kimani Vidal,4430968,RB,LAC,ACTIVE,32.42634235,,,,171.01,3.22,306,310,"{""23"": 33.31553203, ""24"": 136.3887678, ""25"": 1.096277624, ""26"": 0.027381182, ""27"": 27.0, ""28"": 13.0, ""29"": 6.0, ""30"": 5.0, ""31"": 2.0, ""33"": 6.0, ""34"": 3.0, ""35"": 0.062209041, ""36"": 0.043546329, ""37"": 0.047446462, ""38"": 0.00162, ""39"": 4.093849308, ""40"": 8.022868692, ""42"": 63.03528229, ""43"": 0.371268795, ""44"": 0.00919392, ""45"": 0.055272348, ""46"": 0.03612048, ""47"": 12.0, ""48"": 6.0, ""49"": 3.0, ""50"": 2.0, ""51"": 1.0, ""53"": 7.838042778, ""56"": 0.030610389, ""57"": 0.000946713, ""58"": 10.6104428, ""60"": 8.042222284, ""61"": 3.707957782, ""62"": 0.036575102, ""63"": 0.001439796, ""66"": 0.26490329, ""67"": 0.062322982, ""68"": 0.327226272, ""70"": 0.121855513, ""71"": 0.03490087, ""72"": 0.156756384, ""73"": 0.156756384, ""210"": 17.0, ""212"": 9.518501949, ""213"": 2.526921682}",{},2026-09-05T10:40:10-04:00
Jaylen Wright,4682745,RB,MIA,ACTIVE,42.02904614,,41.74377307,45.7,170.67,2.55,307,311,"{""23"": 60.25376402, ""24"": 252.4609146, ""25"": 1.181080932, ""26"": 0.044727461, ""27"": 50.0, ""28"": 25.0, ""29"": 12.0, ""30"": 10.0, ""31"": 5.0, ""33"": 12.0, ""34"": 6.0, ""35"": 0.11412481, ""36"": 0.079887367, ""37"": 0.163, ""38"": 0.00556, ""39"": 4.189960888, ""40"": 14.85064204, ""42"": 56.08645641, ""43"": 0.189491309, ""44"": 0.009917658, ""45"": 0.042915532, ""46"": 0.0280453, ""47"": 11.0, ""48"": 5.0, ""49"": 2.0, ""50"": 2.0, ""51"": 1.0, ""53"": 7.443907311, ""56"": 0.027894056, ""57"": 0.000862703, ""58"": 10.04145299, ""60"": 7.534545241, ""61"": 3.299203318, ""62"": 0.054645119, ""63"": 0.004699163, ""66"": 0.950557266, ""67"": 0.117434326, ""68"": 1.067991592, ""70"": 0.437256342, ""71"": 0.065763223, ""72"": 0.503019565, ""73"": 0.503019565, ""101"": 0.020945138, ""114"": 187.0617497, ""116"": 18.0, ""117"": 7.0, ""210"": 17.0, ""212"": 15.13751968, ""213"": 2.1711322}",{},2026-09-05T10:40:10-04:00
Ollie Gordon II,4711533,RB,MIA,QUESTIONABLE,31.85816147,,76.66140035,50.6,170.7,1.53,308,312,"{""23"": 47.34224316, ""24"": 195.1212461, ""25"": 1.185276275, ""26"": 0.044886339, ""27"": 39.0, ""28"": 19.0, ""29"": 9.0, ""30"": 7.0, ""31"": 3.0, ""33"": 9.0, ""34"": 4.0, ""35"": 0.089059142, ""36"": 0.062341399, ""37"": 0.097007229, ""38"": 0.00331, ""39"": 4.121504032, ""40"": 11.47772036, ""42"": 27.81860838, ""43"": 0.119505042, ""44"": 0.006256293, ""45"": 0.041892859, ""46"": 0.027376984, ""47"": 5.0, ""48"": 2.0, ""49"": 1.0, ""50"": 1.0, ""53"": 3.922828433, ""56"": 0.015333809, ""57"": 0.000474242, ""58"": 5.020726493, ""60"": 7.091467, ""61"": 1.636388728, ""62"": 0.051142632, ""63"": 0.001544022, ""66"": 0.324061943, ""67"": 0.026852116, ""68"": 0.350914058, ""70"": 0.149068494, ""71"": 0.015037185, ""72"": 0.164105678, ""73"": 0.164105678, ""210"": 17.0, ""212"": 12.42013898, ""213"": 0.560427358}",{},2026-09-05T10:40:10-04:00
Chig Okonkwo,4360635,TE,WSH,ACTIVE,95.36301766,,106.53924743,96.0,170.18,8.71,310,315,"{""42"": 559.1913989, ""43"": 2.338568362, ""44"": 0.182609741, ""45"": 0.164808111, ""46"": 0.107702101, ""47"": 111.0, ""48"": 55.0, ""49"": 27.0, ""50"": 22.0, ""51"": 11.0, ""53"": 51.13855733, ""56"": 0.519143572, ""57"": 0.016055987, ""58"": 72.1311726, ""60"": 10.93482938, ""61"": 32.8936117, ""62"": 0.182609741, ""63"": 0.002050834, ""67"": 0.466098705, ""68"": 0.466098705, ""71"": 0.261015275, ""72"": 0.261015275, ""73"": 0.261015275, ""210"": 17.0, ""213"": 26.88303602}",{},2026-09-05T10:40:10-04:00
Gunnar Helm,4686728,TE,TEN,ACTIVE,97.99597531,,50.471913,69.7,170.76,5.84,311,313,"{""42"": 498.8727338, ""43"": 3.323530633, ""44"": 0.052360576, ""45"": 0.075654416, ""46"": 0.049440161, ""47"": 99.0, ""48"": 49.0, ""49"": 24.0, ""50"": 19.0, ""51"": 9.0, ""53"": 57.70632236, ""56"": 0.383472505, ""57"": 0.011859974, ""58"": 77.1478768, ""60"": 8.645027328, ""61"": 29.34545493, ""62"": 0.052360576, ""63"": 0.003105002, ""67"": 0.705682319, ""68"": 0.705682319, ""71"": 0.395182099, ""72"": 0.395182099, ""73"": 0.395182099, ""210"": 17.0, ""213"": 27.11946047}",{},2026-09-05T10:40:10-04:00
AJ Barner,4576297,TE,SEA,ACTIVE,91.38476727,,65.13823225,121.3,169.76,6.86,312,317,"{""23"": 9.202464924, ""24"": 17.98255212, ""25"": 0.465882151, ""26"": 0.013309479, ""27"": 3.0, ""28"": 1.0, ""33"": 1.0, ""35"": 0.016961136, ""36"": 0.011872795, ""37"": 0.000713717, ""38"": 2.44e-05, ""39"": 1.954101675, ""40"": 1.057797183, ""42"": 432.6002009, ""43"": 3.63629284, ""44"": 0.132279332, ""45"": 0.1187386, ""46"": 0.077595675, ""47"": 86.0, ""48"": 43.0, ""49"": 21.0, ""50"": 17.0, ""51"": 8.0, ""53"": 44.69917032, ""56"": 0.267315951, ""57"": 0.008267504, ""58"": 60.45265355, ""60"": 9.678036478, ""61"": 25.44707064, ""62"": 0.145588811, ""63"": 0.003757604, ""66"": 0.145801011, ""67"": 0.708199844, ""68"": 0.854000855, ""70"": 0.067068465, ""71"": 0.396591913, ""72"": 0.463660378, ""73"": 0.463660378, ""210"": 17.0, ""212"": 3.585571468, ""213"": 22.45505841}",{},2026-09-05T10:40:10-04:00
Bryce Young,4685720,QB,CAR,ACTIVE,278.68916781,,312.56561994,262.4,168.89,10.44,313,319,"{""0"": 537.0906561, ""1"": 334.4923871, ""2"": 202.598269, ""3"": 3636.668136, ""4"": 20.4103164, ""5"": 727.0, ""6"": 363.0, ""7"": 181.0, ""8"": 145.0, ""9"": 72.0, ""10"": 36.0, ""11"": 66.0, ""12"": 33.0, ""15"": 2.6880004, ""16"": 1.756608262, ""17"": 2.185891356, ""18"": 0.295256608, ""19"": 1.238902994, ""20"": 12.07980546, ""21"": 0.622785713, ""22"": 213.9216551, ""23"": 57.77974029, ""24"": 272.5314343, ""25"": 2.14106471, ""26"": 0.149468553, ""27"": 54.0, ""28"": 27.0, ""29"": 13.0, ""30"": 10.0, ""31"": 5.0, ""33"": 11.0, ""34"": 5.0, ""35"": 0.109293628, ""36"": 0.07650554, ""37"": 0.19, ""38"": 0.00648, ""39"": 4.716729998, ""40"": 16.03126084, ""62"": 1.388371548, ""63"": 0.036298023, ""64"": 37.00144578, ""65"": 7.495193836, ""66"": 0.754356926, ""68"": 8.249550763, ""69"": 3.597693041, ""70"": 0.347004186, ""72"": 3.944697228, ""73"": 16.02450268, ""210"": 17.0, ""211"": 177.1122531, ""212"": 16.38057202}",{},2026-09-05T10:40:10-04:00
Cam Ward,4688380,QB,TEN,ACTIVE,252.294636,,303.26955733,215.5,169.23,9.49,315,320,"{""0"": 557.7523386, ""1"": 354.9620566, ""2"": 202.790282, ""3"": 3757.388428, ""4"": 16.54353866, ""5"": 751.0, ""6"": 375.0, ""7"": 187.0, ""8"": 150.0, ""9"": 75.0, ""10"": 37.0, ""11"": 70.0, ""12"": 35.0, ""15"": 2.853638097, ""16"": 1.864852496, ""17"": 2.438891251, ""18"": 0.32943026, ""19"": 0.260300738, ""20"": 10.26037023, ""21"": 0.636415183, ""22"": 221.0228487, ""23"": 46.55904325, ""24"": 200.6924317, ""25"": 2.033499753, ""26"": 0.027310574, ""27"": 40.0, ""28"": 20.0, ""29"": 10.0, ""30"": 8.0, ""31"": 4.0, ""33"": 9.0, ""34"": 4.0, ""35"": 0.087547837, ""36"": 0.061283486, ""37"": 0.102574529, ""38"": 0.0035, ""39"": 4.310493035, ""40"": 11.80543716, ""62"": 0.287611312, ""63"": 0.043632941, ""64"": 41.5535558, ""65"": 9.20171233, ""66"": 0.714865191, ""68"": 9.91657752, ""69"": 4.416821918, ""70"": 0.328837988, ""72"": 4.745659906, ""73"": 15.00603013, ""210"": 17.0, ""211"": 183.6448272, ""212"": 13.1930221}",{},2026-09-05T10:40:10-04:00
Jacoby Brissett,2578570,QB,ARI,ACTIVE,227.95666715,,2.61101102,272.4,169.9,4.96,317,321,"{""0"": 516.6947845, ""1"": 326.6282089, ""2"": 190.0665756, ""3"": 3351.670757, ""4"": 14.84599385, ""5"": 670.0, ""6"": 335.0, ""7"": 167.0, ""8"": 134.0, ""9"": 67.0, ""10"": 33.0, ""11"": 65.0, ""12"": 32.0, ""15"": 2.551491919, ""16"": 1.667399969, ""17"": 2.215397274, ""18"": 0.299242084, ""19"": 0.817554206, ""20"": 9.165527345, ""21"": 0.632149228, ""22"": 197.1571034, ""23"": 47.18666094, ""24"": 209.7562997, ""25"": 1.296352248, ""26"": 0.066167704, ""27"": 41.0, ""28"": 20.0, ""29"": 10.0, ""30"": 8.0, ""31"": 4.0, ""33"": 9.0, ""34"": 4.0, ""35"": 0.089038327, ""36"": 0.062326829, ""37"": 0.126458686, ""38"": 0.00432, ""39"": 4.445245658, ""40"": 12.33860586, ""62"": 0.88372191, ""63"": 0.033610981, ""64"": 39.98277397, ""65"": 7.041949834, ""66"": 0.596909457, ""68"": 7.638859291, ""69"": 3.38013592, ""70"": 0.27457835, ""72"": 3.65471427, ""73"": 12.82024162, ""210"": 17.0, ""211"": 166.0298608, ""212"": 12.98765147}",{},2026-09-05T10:40:10-04:00
Samaje Perine,3116389,RB,CIN,ACTIVE,90.87698665,,54.0973623,69.4,171.05,8.16,319,206,"{""23"": 100.8895824, ""24"": 439.5929551, ""25"": 3.341416462, ""26"": 0.225843452, ""27"": 87.0, ""28"": 43.0, ""29"": 21.0, ""30"": 17.0, ""31"": 8.0, ""33"": 20.0, ""34"": 10.0, ""35"": 0.195196793, ""36"": 0.136637755, ""37"": 0.497761465, ""38"": 0.016986689, ""39"": 4.357168941, ""40"": 25.85840912, ""42"": 139.1592929, ""43"": 0.737154956, ""44"": 0.034343895, ""45"": 0.057872064, ""46"": 0.037819394, ""47"": 27.0, ""48"": 13.0, ""49"": 6.0, ""50"": 5.0, ""51"": 2.0, ""53"": 18.8145477, ""56"": 0.055159087, ""57"": 0.001705951, ""58"": 23.01117704, ""60"": 7.396366635, ""61"": 8.185840757, ""62"": 0.260187347, ""63"": 0.007285939, ""66"": 1.395629152, ""67"": 0.260266032, ""68"": 1.655895183, ""70"": 0.64198941, ""71"": 0.145748978, ""72"": 0.787738388, ""73"": 0.787738388, ""101"": 0.029693596, ""114"": 334.3729338, ""116"": 33.0, ""117"": 13.0, ""210"": 17.0, ""212"": 25.53538257, ""213"": 7.277647314}",{},2026-09-05T10:40:10-04:00
Ty Johnson,3915411,RB,BUF,QUESTIONABLE,74.07101716,,47.48006663,88.3,170.77,1.68,320,322,"{""23"": 50.83804416, ""24"": 220.0258055, ""25"": 2.134942237, ""26"": 0.101680423, ""27"": 44.0, ""28"": 22.0, ""29"": 11.0, ""30"": 8.0, ""31"": 4.0, ""33"": 10.0, ""34"": 5.0, ""35"": 0.095817935, ""36"": 0.067072554, ""37"": 0.124, ""38"": 0.00424, ""39"": 4.327975421, ""40"": 12.94269444, ""42"": 208.1385284, ""43"": 1.295145408, ""44"": 0.104113055, ""45"": 0.095004455, ""46"": 0.062085411, ""47"": 41.0, ""48"": 20.0, ""49"": 10.0, ""50"": 8.0, ""51"": 4.0, ""53"": 21.63034352, ""56"": 0.077624252, ""57"": 0.00240075, ""58"": 30.64690229, ""60"": 9.622525328, ""61"": 12.24344285, ""62"": 0.205793478, ""63"": 0.00332862, ""66"": 0.530703303, ""67"": 0.225801267, ""68"": 0.75650457, ""70"": 0.244123519, ""71"": 0.126448709, ""72"": 0.370572229, ""73"": 0.370572229, ""101"": 0.031407274, ""114"": 285.3876219, ""116"": 28.0, ""117"": 11.0, ""210"": 17.0, ""212"": 14.18140816, ""213"": 10.04980781}",{},2026-09-05T10:40:10-04:00
Chris Brooks,3149687,RB,GB,ACTIVE,61.24299323,,21.80901774,26.2,170.48,7.12,321,324,"{""23"": 53.05621454, ""24"": 234.4954354, ""25"": 1.77422469, ""26"": 0.049489061, ""27"": 46.0, ""28"": 23.0, ""29"": 11.0, ""30"": 9.0, ""31"": 4.0, ""33"": 10.0, ""34"": 5.0, ""35"": 0.101901056, ""36"": 0.071330739, ""37"": 0.232213767, ""38"": 0.00792, ""39"": 4.419754357, ""40"": 13.79384914, ""42"": 136.633279, ""43"": 0.701199252, ""44"": 0.022013957, ""45"": 0.038742263, ""46"": 0.025318069, ""47"": 27.0, ""48"": 13.0, ""49"": 6.0, ""50"": 5.0, ""51"": 2.0, ""53"": 19.11024558, ""56"": 0.05573194, ""57"": 0.001723668, ""58"": 25.34731392, ""60"": 7.149739567, ""61"": 8.037251703, ""62"": 0.071503018, ""63"": 0.001901846, ""66"": 0.31777777, ""67"": 0.114459942, ""68"": 0.432237712, ""70"": 0.146177774, ""71"": 0.064097567, ""72"": 0.210275342, ""73"": 0.210275342, ""210"": 17.0, ""212"": 14.53582518, ""213"": 7.260686207}",{},2026-09-05T10:40:10-04:00
Cooper Kupp,2977187,WR,SEA,ACTIVE,82.56482383,,164.07882532,92.8,169.38,11.48,322,325,"{""42"": 471.611891, ""43"": 2.822215754, ""44"": 0.102619787, ""45"": 0.213468702, ""46"": 0.139501797, ""47"": 94.0, ""48"": 47.0, ""49"": 23.0, ""50"": 18.0, ""51"": 9.0, ""53"": 37.83989078, ""56"": 0.332746479, ""57"": 0.010291128, ""58"": 57.1866337, ""60"": 12.46335233, ""61"": 27.74187594, ""62"": 0.102619787, ""63"": 0.002572604, ""67"": 0.584682817, ""68"": 0.584682817, ""71"": 0.327422377, ""72"": 0.327422377, ""73"": 0.327422377, ""210"": 17.0, ""213"": 21.63450301}",{},2026-09-05T10:40:10-04:00
Brashard Smith,4596602,RB,KC,ACTIVE,51.45465096,,45.2397533,50.8,170.34,0.66,324,326,"{""23"": 41.29037658, ""24"": 174.8337392, ""25"": 1.225383451, ""26"": 0.052990952, ""27"": 34.0, ""28"": 17.0, ""29"": 8.0, ""30"": 6.0, ""31"": 3.0, ""33"": 8.0, ""34"": 4.0, ""35"": 0.077429957, ""36"": 0.05420097, ""37"": 0.078276193, ""38"": 0.00267, ""39"": 4.234249083, ""40"": 10.2843376, ""42"": 121.3844638, ""43"": 0.945014763, ""44"": 0.04228975, ""45"": 0.044652013, ""46"": 0.02918009, ""47"": 24.0, ""48"": 12.0, ""49"": 6.0, ""50"": 4.0, ""51"": 2.0, ""53"": 16.37053183, ""56"": 0.049890559, ""57"": 0.001543007, ""58"": 21.71691199, ""60"": 7.414814926, ""61"": 7.140262575, ""62"": 0.095280701, ""63"": 0.00247204, ""66"": 0.402318619, ""67"": 0.15950859, ""68"": 0.561827209, ""70"": 0.185066565, ""71"": 0.08932481, ""72"": 0.274391375, ""73"": 0.274391375, ""101"": 0.107982378, ""102"": 0.055917089, ""114"": 964.3943451, ""115"": 55.91708941, ""116"": 96.0, ""117"": 38.0, ""118"": 5.0, ""119"": 2.0, ""210"": 17.0, ""212"": 11.39735459, ""213"": 6.315412549}",{},2026-09-05T10:40:10-04:00
Malik Davis,4240603,RB,DAL,ACTIVE,53.45729398,,,,170.37,2.71,325,327,"{""23"": 66.75426106, ""24"": 289.8974431, ""25"": 2.134719057, ""26"": 0.080456721, ""27"": 57.0, ""28"": 28.0, ""29"": 14.0, ""30"": 11.0, ""31"": 5.0, ""33"": 13.0, ""34"": 6.0, ""35"": 0.126879484, ""36"": 0.088815639, ""37"": 0.216, ""38"": 0.00738, ""39"": 4.342755631, ""40"": 17.05279077, ""42"": 59.34401752, ""43"": 0.316020751, ""44"": 0.011308041, ""45"": 0.038547937, ""46"": 0.025191077, ""47"": 11.0, ""48"": 5.0, ""49"": 2.0, ""50"": 2.0, ""51"": 1.0, ""53"": 8.25774278, ""56"": 0.029181025, ""57"": 0.000902506, ""58"": 11.25322104, ""60"": 7.186469608, ""61"": 3.49082456, ""62"": 0.091764762, ""63"": 0.002259241, ""66"": 0.456938963, ""67"": 0.056524997, ""68"": 0.513463961, ""70"": 0.210191923, ""71"": 0.031653998, ""72"": 0.241845922, ""73"": 0.241845922, ""210"": 17.0, ""212"": 17.50744093, ""213"": 2.49820276}",{},2026-09-05T10:40:10-04:00
Xavier Legette,4430034,WR,CAR,QUESTIONABLE,76.13568844,,135.27381699,71.8,170.75,2.03,326,328,"{""23"": 2.068382914, ""24"": 10.84472164, ""25"": 0.058291419, ""26"": 0.00406836, ""27"": 2.0, ""28"": 1.0, ""35"": 0.003797492, ""36"": 0.002658244, ""37"": 0.000224, ""38"": 7.65e-06, ""39"": 5.243091869, ""40"": 0.637924802, ""42"": 416.8897733, ""43"": 2.588474997, ""44"": 0.157002508, ""45"": 0.087249401, ""46"": 0.057017483, ""47"": 83.0, ""48"": 41.0, ""49"": 20.0, ""50"": 16.0, ""51"": 8.0, ""53"": 35.7233923, ""56"": 0.244842301, ""57"": 0.007572442, ""58"": 62.39748227, ""60"": 11.669938, ""61"": 24.52292784, ""62"": 0.161070868, ""63"": 0.00278586, ""66"": 0.034652955, ""67"": 0.598497069, ""68"": 0.633150024, ""70"": 0.015940359, ""71"": 0.335158359, ""72"": 0.351098718, ""73"": 0.351098718, ""210"": 17.0, ""212"": 2.607282465, ""213"": 19.54748159}",{},2026-09-05T10:40:10-04:00
Jahan Dotson,4361409,WR,ATL,ACTIVE,75.1772239,,26.76473929,41.2,170.66,1.13,327,329,"{""42"": 443.3219868, ""43"": 2.250819341, ""44"": 0.132110745, ""45"": 0.131299773, ""46"": 0.085804402, ""47"": 88.0, ""48"": 44.0, ""49"": 22.0, ""50"": 17.0, ""51"": 8.0, ""53"": 35.15641481, ""56"": 0.283874115, ""57"": 0.008779612, ""58"": 60.24511773, ""60"": 12.60998851, ""61"": 26.07776393, ""62"": 0.132110745, ""63"": 0.001973399, ""67"": 0.448499747, ""68"": 0.448499747, ""71"": 0.251159859, ""72"": 0.251159859, ""73"": 0.251159859, ""210"": 17.0, ""213"": 20.00907284}",{},2026-09-05T10:40:10-04:00
Xavier Hutchinson,4686422,WR,HOU,ACTIVE,73.93602694,,37.10214275,80.5,170.32,0.66,328,330,"{""23"": 2.102397386, ""24"": 12.4056565, ""25"": 0.066182063, ""26"": 0.00478857, ""27"": 2.0, ""28"": 1.0, ""35"": 0.003860013, ""36"": 0.002702009, ""37"": 0.000306, ""38"": 1.05e-05, ""39"": 5.900719142, ""40"": 0.7297445, ""42"": 431.7299823, ""43"": 2.041568624, ""44"": 0.134140162, ""45"": 0.117082421, ""46"": 0.076513362, ""47"": 86.0, ""48"": 43.0, ""49"": 21.0, ""50"": 17.0, ""51"": 8.0, ""53"": 34.37525099, ""56"": 0.266034667, ""57"": 0.008227876, ""58"": 60.33638164, ""60"": 12.55932597, ""61"": 25.39588131, ""62"": 0.138928732, ""63"": 0.002340071, ""66"": 0.030652392, ""67"": 0.50118198, ""68"": 0.531834372, ""70"": 0.014100101, ""71"": 0.280661909, ""72"": 0.294762009, ""73"": 0.294762009, ""210"": 17.0, ""212"": 2.667936908, ""213"": 19.42579195}",{},2026-09-05T10:40:10-04:00
Jalen Tolbert,4249417,WR,MIA,ACTIVE,71.8236762,,58.5219249,37.3,170.54,0.97,329,331,"{""42"": 442.1347666, ""43"": 1.739298544, ""44"": 0.090904171, ""45"": 0.129994196, ""46"": 0.084951207, ""47"": 88.0, ""48"": 44.0, ""49"": 22.0, ""50"": 17.0, ""51"": 8.0, ""53"": 35.31229521, ""56"": 0.281834651, ""57"": 0.008716536, ""58"": 60.24871791, ""60"": 12.52070317, ""61"": 26.00792745, ""62"": 0.090904171, ""63"": 0.002606794, ""67"": 0.592453275, ""68"": 0.592453275, ""71"": 0.331773834, ""72"": 0.331773834, ""73"": 0.331773834, ""210"": 17.0, ""213"": 19.80269542}",{},2026-09-05T10:40:10-04:00
Chris Bell,4869961,WR,MIA,ACTIVE,71.31180867,,,,170.56,3.14,330,332,"{""42"": 449.1676764, ""43"": 1.642114933, ""44"": 0.085831479, ""45"": 0.199642766, ""46"": 0.130466547, ""47"": 89.0, ""48"": 44.0, ""49"": 22.0, ""50"": 17.0, ""51"": 8.0, ""53"": 34.13487349, ""56"": 0.29292983, ""57"": 0.009059685, ""58"": 55.22799142, ""60"": 13.15861553, ""61"": 26.42162802, ""62"": 0.085831479, ""63"": 0.002737225, ""67"": 0.622096675, ""68"": 0.622096675, ""71"": 0.348374138, ""72"": 0.348374138, ""73"": 0.348374138, ""210"": 17.0, ""213"": 19.68852236}",{},2026-09-05T10:40:10-04:00
DeMario Douglas,4427095,WR,NE,ACTIVE,66.39068546,,113.16388744,80.3,170.49,0.97,331,333,"{""23"": 4.141884713, ""24"": 21.47069972, ""25"": 0.154529018, ""26"": 0.005494208, ""27"": 4.0, ""28"": 2.0, ""29"": 1.0, ""35"": 0.007612996, ""36"": 0.005329097, ""37"": 0.00104, ""38"": 3.54e-05, ""39"": 5.183799455, ""40"": 1.262982336, ""42"": 365.4795973, ""43"": 2.039598462, ""44"": 0.078216743, ""45"": 0.276834174, ""46"": 0.180911133, ""47"": 73.0, ""48"": 36.0, ""49"": 18.0, ""50"": 14.0, ""51"": 7.0, ""53"": 30.21286731, ""56"": 0.182270458, ""57"": 0.005637231, ""58"": 41.46037085, ""60"": 12.09681933, ""61"": 21.49879984, ""62"": 0.083710951, ""63"": 0.002983011, ""66"": 0.081735997, ""67"": 0.596221042, ""68"": 0.677957038, ""70"": 0.037598558, ""71"": 0.333883783, ""72"": 0.371482342, ""73"": 0.371482342, ""210"": 17.0, ""212"": 3.16378917, ""213"": 16.64931604}",{},2026-09-05T10:40:10-04:00
Darius Slayton,3916945,WR,NYG,ACTIVE,65.88201626,,95.95809382,80.3,170.53,1.29,332,335,"{""23"": 2.234230226, ""24"": 12.29297257, ""25"": 0.074659824, ""26"": 0.003136067, ""27"": 2.0, ""28"": 1.0, ""35"": 0.004102361, ""36"": 0.002871653, ""37"": 0.000301, ""38"": 1.03e-05, ""39"": 5.502106466, ""40"": 0.723116034, ""42"": 395.8187577, ""43"": 1.818513922, ""44"": 0.097196575, ""45"": 0.259039491, ""46"": 0.169282308, ""47"": 79.0, ""48"": 39.0, ""49"": 19.0, ""50"": 15.0, ""51"": 7.0, ""53"": 28.37572301, ""56"": 0.217515959, ""57"": 0.006727298, ""58"": 45.71424655, ""60"": 13.94920431, ""61"": 23.28345633, ""62"": 0.100332642, ""63"": 0.002693676, ""66"": 0.044684605, ""67"": 0.56751446, ""68"": 0.612199065, ""70"": 0.020554918, ""71"": 0.317808098, ""72"": 0.338363016, ""73"": 0.338363016, ""210"": 17.0, ""212"": 2.678461551, ""213"": 16.97680041}",{},2026-09-05T10:40:10-04:00
Antonio Williams,5081432,WR,WSH,ACTIVE,64.71617313,,,,170.43,2.38,333,337,"{""23"": 4.08692683, ""24"": 22.31632411, ""25"": 0.199876383, ""26"": 0.011805986, ""27"": 4.0, ""28"": 2.0, ""29"": 1.0, ""35"": 0.007511729, ""36"": 0.00525821, ""37"": 0.00112, ""38"": 3.84e-05, ""39"": 5.460416847, ""40"": 1.312724948, ""42"": 343.7299298, ""43"": 2.267586823, ""44"": 0.177532188, ""45"": 0.221739183, ""46"": 0.144906556, ""47"": 68.0, ""48"": 34.0, ""49"": 17.0, ""50"": 13.0, ""51"": 6.0, ""53"": 25.84751843, ""56"": 0.160801961, ""57"": 0.004973257, ""58"": 41.21781292, ""60"": 13.29837256, ""61"": 20.21940763, ""62"": 0.189338173, ""63"": 0.002400399, ""66"": 0.074482877, ""67"": 0.471062396, ""68"": 0.545545273, ""70"": 0.034262124, ""71"": 0.263794942, ""72"": 0.298057065, ""73"": 0.298057065, ""102"": 0.100074511, ""115"": 100.0745106, ""118"": 10.0, ""119"": 4.0, ""210"": 17.0, ""212"": 3.222809625, ""213"": 15.14776655}",{},2026-09-05T10:40:10-04:00
Buccaneers D/ST,-16027,D/ST,TB,,94.55922511,,117.32109116,74.0,170.64,13.53,336,338,"{""89"": 0.198109433, ""90"": 0.89276783, ""91"": 3.162948885, ""92"": 2.924877463, ""93"": 0.123631312, ""94"": 1.561616055, ""95"": 12.11849312, ""96"": 5.150857737, ""97"": 1.929603727, ""98"": 0.263984314, ""99"": 41.91345211, ""100"": 83.82690421, ""101"": 0.145601224, ""102"": 0.224679567, ""103"": 1.038657123, ""104"": 0.522958932, ""105"": 2.055528158, ""106"": 7.924396518, ""109"": 1012.917705, ""110"": 337.0, ""111"": 202.0, ""112"": 57.22116423, ""113"": 79.51894267, ""114"": 1571.904062, ""115"": 314.1353212, ""116"": 157.0, ""117"": 62.0, ""118"": 31.0, ""119"": 12.0, ""120"": 362.4836933, ""121"": 2.465739722, ""122"": 3.562568771, ""123"": 2.525257577, ""124"": 1.130839252, ""125"": 0.136891067, ""126"": 21.3225702, ""127"": 5766.482189, ""129"": 0.52731639, ""130"": 4.422653592, ""131"": 3.895337202, ""132"": 3.86131679, ""133"": 2.517510506, ""134"": 1.190714429, ""135"": 0.459275565, ""136"": 0.125875525, ""137"": 339.2048346, ""210"": 17.0}",{},2026-09-05T10:40:10-04:00
Packers D/ST,-16009,D/ST,GB,,95.20622265,,98.32500877,63.0,169.55,17.12,337,339,"{""89"": 0.188737748, ""90"": 0.850170034, ""91"": 3.043608722, ""92"": 2.856571314, ""93"": 0.124419099, ""94"": 1.560650094, ""95"": 11.75719841, ""96"": 7.209607528, ""97"": 1.930656495, ""98"": 0.263928233, ""99"": 41.02447804, ""100"": 82.04895608, ""101"": 0.146560408, ""102"": 0.249593408, ""103"": 1.033105797, ""104"": 0.527544297, ""105"": 2.081223009, ""106"": 11.09170389, ""109"": 1011.811034, ""110"": 337.0, ""111"": 202.0, ""112"": 35.85704502, ""113"": 68.72499649, ""114"": 1598.627507, ""115"": 264.4556963, ""116"": 159.0, ""117"": 63.0, ""118"": 26.0, ""119"": 10.0, ""120"": 368.4193791, ""121"": 2.465493099, ""122"": 3.621724345, ""123"": 2.618523705, ""124"": 1.207241448, ""125"": 0.147929586, ""126"": 21.67172818, ""127"": 5848.473356, ""129"": 0.450567585, ""130"": 3.910586588, ""131"": 3.715057259, ""132"": 3.961594239, ""133"": 2.796919538, ""134"": 1.445216783, ""135"": 0.561084163, ""136"": 0.158973846, ""137"": 344.0278445, ""210"": 17.0}",{},2026-09-05T10:40:10-04:00
Chris Boswell,17372,K,PIT,ACTIVE,142.75478025,,138.42263574,146.0,164.79,38.72,338,340,"{""74"": 6.199452327, ""75"": 8.35323312, ""76"": 2.153780793, ""77"": 8.144755661, ""78"": 9.546552137, ""79"": 1.401796476, ""80"": 17.02585456, ""81"": 17.19783289, ""82"": 0.171978329, ""83"": 31.37006255, ""84"": 35.09761815, ""85"": 3.727555598, ""86"": 31.82848789, ""87"": 32.47804887, ""88"": 0.649560977, ""198"": 6.199452327, ""199"": 8.35323312, ""200"": 2.153780793, ""210"": 17.0, ""214"": 1212.060067, ""215"": 184.5443541, ""216"": 1396.604421}",{},2026-09-05T10:40:10-04:00
Chase McLaughlin,3150744,K,TB,ACTIVE,142.20124553,,147.01305926,150.0,170.3,16.35,339,341,"{""74"": 5.975411639, ""75"": 8.206112017, ""76"": 2.230700379, ""77"": 7.870045797, ""78"": 9.378413734, ""79"": 1.508367937, ""80"": 16.72598714, ""81"": 16.89493651, ""82"": 0.168949365, ""83"": 30.57144458, ""84"": 34.47946226, ""85"": 3.908017681, ""86"": 34.57406041, ""87"": 35.27965348, ""88"": 0.70559307, ""198"": 5.975411639, ""199"": 8.206112017, ""200"": 2.230700379, ""210"": 17.0, ""214"": 1178.603904, ""215"": 193.4028586, ""216"": 1372.006762}",{},2026-09-05T10:40:10-04:00
Emmett Johnson,4832955,RB,KC,ACTIVE,49.65912435,,,,169.91,5.93,340,343,"{""23"": 61.93556487, ""24"": 257.9007463, ""25"": 1.962968927, ""26"": 0.08488738, ""27"": 51.0, ""28"": 25.0, ""29"": 12.0, ""30"": 10.0, ""31"": 5.0, ""33"": 12.0, ""34"": 6.0, ""35"": 0.117425426, ""36"": 0.082197798, ""37"": 0.171252786, ""38"": 0.00584, ""39"": 4.164017021, ""40"": 15.17063214, ""42"": 59.29895295, ""43"": 0.38809117, ""44"": 0.01736567, ""45"": 0.041828958, ""46"": 0.027335224, ""47"": 11.0, ""48"": 5.0, ""49"": 2.0, ""50"": 2.0, ""51"": 1.0, ""53"": 8.392524203, ""56"": 0.029162727, ""57"": 0.00090194, ""58"": 10.85845599, ""60"": 7.065687452, ""61"": 3.488173703, ""62"": 0.10225305, ""63"": 0.002647712, ""66"": 0.529943189, ""67"": 0.071809485, ""68"": 0.601752675, ""70"": 0.243773867, ""71"": 0.040213312, ""72"": 0.283987179, ""73"": 0.283987179, ""210"": 17.0, ""212"": 16.00627103, ""213"": 2.557151905}",{},2026-09-05T10:40:10-04:00
Isiah Pacheco,4361529,RB,DET,INJURY_RESERVE,66.63148157,,192.37921949,77.8,161.63,39.58,341,184,"{""23"": 88.45382862, ""24"": 380.5713803, ""25"": 2.670267021, ""26"": 0.050343351, ""27"": 76.0, ""28"": 38.0, ""29"": 19.0, ""30"": 15.0, ""31"": 7.0, ""33"": 17.0, ""34"": 8.0, ""35"": 0.173289018, ""36"": 0.121302313, ""37"": 0.528, ""38"": 0.018, ""39"": 4.302486237, ""40"": 31.71428169, ""42"": 60.06333061, ""43"": 0.4177447, ""44"": 0.009235321, ""45"": 0.026273686, ""46"": 0.017169854, ""47"": 12.0, ""48"": 6.0, ""49"": 3.0, ""50"": 2.0, ""51"": 1.0, ""53"": 9.096325024, ""56"": 0.02718548, ""57"": 0.000840788, ""58"": 11.37315488, ""60"": 6.603032593, ""61"": 5.005277551, ""62"": 0.059578672, ""63"": 0.002940896, ""66"": 0.606060073, ""67"": 0.06232539, ""68"": 0.668385463, ""70"": 0.278787633, ""71"": 0.034902219, ""72"": 0.313689852, ""73"": 0.313689852, ""210"": 12.0, ""212"": 21.67723662, ""213"": 3.088925704}",{},2026-09-05T10:40:10-04:00
Isaiah Davis,4695404,RB,NYJ,QUESTIONABLE,44.58721658,,24.04540236,60.7,170.51,0.8,343,344,"{""23"": 39.0273395, ""24"": 178.1863656, ""25"": 1.326871975, ""26"": 0.149837591, ""27"": 35.0, ""28"": 17.0, ""29"": 8.0, ""30"": 7.0, ""31"": 3.0, ""33"": 7.0, ""34"": 3.0, ""35"": 0.073096239, ""36"": 0.051167368, ""37"": 0.081084286, ""38"": 0.002767096, ""39"": 4.565680569, ""40"": 10.48155092, ""42"": 96.40731349, ""43"": 0.420359481, ""44"": 0.051240533, ""45"": 0.058046974, ""46"": 0.037933698, ""47"": 19.0, ""48"": 9.0, ""49"": 4.0, ""50"": 3.0, ""51"": 1.0, ""53"": 12.91559669, ""56"": 0.042218519, ""57"": 0.001305727, ""58"": 15.95293321, ""60"": 7.464410344, ""61"": 5.671018441, ""62"": 0.201078124, ""63"": 0.000977774, ""66"": 0.166966046, ""67"": 0.055255268, ""68"": 0.222221314, ""70"": 0.076804381, ""71"": 0.03094295, ""72"": 0.107747331, ""73"": 0.107747331, ""210"": 17.0, ""212"": 11.44873025, ""213"": 4.624607332}",{},2026-09-05T10:40:10-04:00
Jacob Saylors,4383429,RB,DET,ACTIVE,45.79417992,,,,170.16,1.87,344,345,"{""23"": 50.65276454, ""24"": 220.188526, ""25"": 2.040245396, ""26"": 0.038459601, ""27"": 44.0, ""28"": 22.0, ""29"": 11.0, ""30"": 8.0, ""31"": 4.0, ""33"": 10.0, ""34"": 5.0, ""35"": 0.097262121, ""36"": 0.068083485, ""37"": 0.212632135, ""38"": 0.00726, ""39"": 4.347018924, ""40"": 12.95226624, ""42"": 48.21633929, ""43"": 0.311356588, ""44"": 0.006882326, ""45"": 0.043913395, ""46"": 0.028697404, ""47"": 9.0, ""48"": 4.0, ""49"": 2.0, ""50"": 1.0, ""53"": 6.690203457, ""56"": 0.023576437, ""57"": 0.000729168, ""58"": 8.528979747, ""60"": 7.207006424, ""61"": 2.836255252, ""62"": 0.045341927, ""63"": 0.002158848, ""66"": 0.433403451, ""67"": 0.057243811, ""68"": 0.490647262, ""70"": 0.199365588, ""71"": 0.032056534, ""72"": 0.231422122, ""73"": 0.231422122, ""101"": 0.082727412, ""102"": 0.229129279, ""114"": 969.2592597, ""115"": 229.1292791, ""116"": 96.0, ""117"": 38.0, ""118"": 22.0, ""119"": 9.0, ""210"": 17.0, ""212"": 14.10504947, ""213"": 1.832143887}",{},2026-09-05T10:40:10-04:00
LeQuint Allen Jr.,4911851,RB,JAX,QUESTIONABLE,33.67409758,,43.24361578,19.8,170.36,0.6,345,346,"{""23"": 7.533402068, ""24"": 31.89721285, ""25"": 0.182335966, ""26"": 0.007273551, ""27"": 6.0, ""28"": 3.0, ""29"": 1.0, ""30"": 1.0, ""33"": 1.0, ""35"": 0.01387583, ""36"": 0.009713081, ""37"": 0.002567976, ""38"": 8.76e-05, ""39"": 4.234104666, ""40"": 1.876306638, ""42"": 139.9517985, ""43"": 0.798673194, ""44"": 0.032966148, ""45"": 0.035026311, ""46"": 0.022889694, ""47"": 27.0, ""48"": 13.0, ""49"": 6.0, ""50"": 5.0, ""51"": 2.0, ""53"": 20.46463961, ""56"": 0.05458517, ""57"": 0.001688201, ""58"": 26.74427865, ""60"": 6.838713076, ""61"": 8.232458734, ""62"": 0.040239699, ""63"": 0.00105407, ""66"": 0.064458524, ""67"": 0.17510289, ""68"": 0.239561414, ""70"": 0.029650921, ""71"": 0.098057618, ""72"": 0.127708539, ""73"": 0.127708539, ""101"": 0.090959894, ""114"": 1008.400199, ""116"": 100.0, ""117"": 40.0, ""210"": 17.0, ""212"": 3.620737601, ""213"": 7.768397645}",{},2026-09-05T10:40:10-04:00
George Holani,4429835,RB,SEA,ACTIVE,37.44657641,,7.95449804,13.8,170.32,3.92,346,349,"{""23"": 38.85112941, ""24"": 164.1565543, ""25"": 1.528722121, ""26"": 0.043630376, ""27"": 32.0, ""28"": 16.0, ""29"": 8.0, ""30"": 6.0, ""31"": 3.0, ""33"": 7.0, ""34"": 3.0, ""35"": 0.074906343, ""36"": 0.05243444, ""37"": 0.168410304, ""38"": 0.00575, ""39"": 4.2252711, ""40"": 9.656267899, ""42"": 62.21657603, ""43"": 0.283339562, ""44"": 0.010295586, ""45"": 0.018152684, ""46"": 0.011862779, ""47"": 12.0, ""48"": 6.0, ""49"": 3.0, ""50"": 2.0, ""51"": 1.0, ""53"": 8.01067338, ""56"": 0.023480416, ""57"": 0.000726198, ""58"": 10.6302077, ""60"": 7.766709872, ""61"": 3.65979859, ""62"": 0.053925962, ""63"": 0.001764253, ""66"": 0.332424375, ""67"": 0.068542231, ""68"": 0.400966606, ""70"": 0.152915212, ""71"": 0.038383649, ""72"": 0.191298862, ""73"": 0.191298862, ""101"": 0.034383732, ""114"": 307.0822987, ""116"": 30.0, ""117"": 12.0, ""210"": 17.0, ""212"": 11.11478351, ""213"": 3.251667668}",{},2026-09-05T10:40:10-04:00
Tyrone Tracy Jr.,4360516,RB,NYG,QUESTIONABLE,34.93514369,,187.04051423,142.8,170.37,8.53,349,350,"{""23"": 35.74768361, ""24"": 151.8730183, ""25"": 0.502704446, ""26"": 0.021115971, ""27"": 30.0, ""28"": 15.0, ""29"": 7.0, ""30"": 6.0, ""31"": 3.0, ""33"": 7.0, ""34"": 3.0, ""35"": 0.066836568, ""36"": 0.046785598, ""37"": 0.0588, ""38"": 0.00201, ""39"": 4.248471592, ""40"": 8.933706959, ""42"": 86.80873967, ""43"": 0.410915109, ""44"": 0.021988313, ""45"": 0.048465304, ""46"": 0.031672076, ""47"": 17.0, ""48"": 8.0, ""49"": 4.0, ""50"": 3.0, ""51"": 1.0, ""53"": 11.85623115, ""56"": 0.039082411, ""57"": 0.001208734, ""58"": 15.13762938, ""60"": 7.321781987, ""61"": 5.106396451, ""62"": 0.043104284, ""63"": 0.00194669, ""66"": 0.332238115, ""67"": 0.110191528, ""68"": 0.442429643, ""70"": 0.152829533, ""71"": 0.061707256, ""72"": 0.214536788, ""73"": 0.214536788, ""210"": 17.0, ""212"": 9.746583707, ""213"": 4.114590023}",{},2026-09-05T10:40:10-04:00
Sean Tucker,4430871,RB,TB,QUESTIONABLE,35.9416606,,26.21530832,87.4,170.35,0.87,350,351,"{""23"": 43.61450143, ""24"": 182.2095654, ""25"": 2.429805329, ""26"": 0.222158824, ""27"": 36.0, ""28"": 18.0, ""29"": 9.0, ""30"": 7.0, ""31"": 3.0, ""33"": 8.0, ""34"": 4.0, ""35"": 0.081886614, ""36"": 0.05732063, ""37"": 0.084634153, ""38"": 0.00289, ""39"": 4.177728953, ""40"": 10.71820973, ""42"": 14.39631182, ""43"": 0.081367601, ""44"": 0.007062381, ""45"": 0.039244564, ""46"": 0.025646322, ""47"": 2.0, ""48"": 1.0, ""53"": 1.983409575, ""56"": 0.008355926, ""57"": 0.000258431, ""58"": 2.66773884, ""60"": 7.258365597, ""61"": 0.846841872, ""62"": 0.229221205, ""63"": 0.002774246, ""66"": 0.603084683, ""67"": 0.027425831, ""68"": 0.630510514, ""70"": 0.277418954, ""71"": 0.015358465, ""72"": 0.292777419, ""73"": 0.292777419, ""101"": 0.058240489, ""114"": 616.5703628, ""116"": 61.0, ""117"": 24.0, ""210"": 17.0, ""212"": 12.68549842, ""213"": -0.267359443}",{},2026-09-05T10:40:10-04:00
Seth McGowan,4686468,RB,IND,ACTIVE,32.10653171,,,,170.27,0.81,351,352,"{""23"": 33.39923851, ""24"": 138.2012592, ""25"": 1.049774133, ""26"": 0.051505155, ""27"": 27.0, ""28"": 13.0, ""29"": 6.0, ""30"": 5.0, ""31"": 2.0, ""33"": 6.0, ""34"": 3.0, ""35"": 0.062366444, ""36"": 0.043656511, ""37"": 0.048560167, ""38"": 0.00166, ""39"": 4.137856591, ""40"": 8.129485836, ""42"": 59.48394241, ""43"": 0.325813168, ""44"": 0.025934043, ""45"": 0.045888743, ""46"": 0.029988293, ""47"": 11.0, ""48"": 5.0, ""49"": 2.0, ""50"": 2.0, ""51"": 1.0, ""53"": 8.548896897, ""56"": 0.029237277, ""57"": 0.000904246, ""58"": 10.50650791, ""60"": 6.958083964, ""61"": 3.499055436, ""62"": 0.077439198, ""63"": 0.001579263, ""66"": 0.285776016, ""67"": 0.073147467, ""68"": 0.358923483, ""70"": 0.131456967, ""71"": 0.040962582, ""72"": 0.172419549, ""73"": 0.172419549, ""210"": 17.0, ""212"": 9.550118302, ""213"": 2.572429236}",{},2026-09-05T10:40:10-04:00
Jordan James,4685397,RB,SF,ACTIVE,27.10104203,,2.57452507,0.0,170.65,3.05,352,353,"{""23"": 35.36677856, ""24"": 150.9988638, ""25"": 1.007622403, ""26"": 0.049934501, ""27"": 30.0, ""28"": 15.0, ""29"": 7.0, ""30"": 6.0, ""31"": 3.0, ""33"": 7.0, ""34"": 3.0, ""35"": 0.066112148, ""36"": 0.046278503, ""37"": 0.058341677, ""38"": 0.00199, ""39"": 4.269511389, ""40"": 8.882286108, ""42"": 31.01808328, ""43"": 0.169297184, ""44"": 0.008679336, ""45"": 0.054231398, ""46"": 0.035440219, ""47"": 6.0, ""48"": 3.0, ""49"": 1.0, ""50"": 1.0, ""53"": 4.076132701, ""56"": 0.016890985, ""57"": 0.000522402, ""58"": 5.267616665, ""60"": 7.609684364, ""61"": 1.824593134, ""62"": 0.058613837, ""63"": 0.00148, ""66"": 0.302611003, ""67"": 0.034876872, ""68"": 0.337487875, ""70"": 0.139201061, ""71"": 0.019531048, ""72"": 0.15873211, ""73"": 0.15873211, ""210"": 17.0, ""212"": 10.07034366, ""213"": 0.703960208}",{},2026-09-05T10:40:10-04:00
Will Shipley,4431545,RB,PHI,ACTIVE,22.53365237,,52.53255664,13.0,170.16,0.59,353,355,"{""23"": 9.242819356, ""24"": 39.52554786, ""25"": 0.298122149, ""26"": 0.008941843, ""27"": 7.0, ""28"": 3.0, ""29"": 1.0, ""30"": 1.0, ""33"": 1.0, ""35"": 0.017035805, ""36"": 0.011925063, ""37"": 0.003754234, ""38"": 0.000128, ""39"": 4.276351873, ""40"": 2.325032227, ""42"": 83.39664965, ""43"": 0.395956806, ""44"": 0.017773248, ""45"": 0.045351637, ""46"": 0.029637295, ""47"": 16.0, ""48"": 8.0, ""49"": 4.0, ""50"": 3.0, ""51"": 1.0, ""53"": 11.30790339, ""56"": 0.037933595, ""57"": 0.001173204, ""58"": 14.74820071, ""60"": 7.375076241, ""61"": 4.905685274, ""62"": 0.026715091, ""63"": 0.000910643, ""66"": 0.093083482, ""67"": 0.113880731, ""68"": 0.206964213, ""70"": 0.042818402, ""71"": 0.063773209, ""72"": 0.106591611, ""73"": 0.106591611, ""101"": 0.097126705, ""114"": 1141.088497, ""116"": 114.0, ""117"": 45.0, ""210"": 17.0, ""212"": 4.190363887, ""213"": 3.889399303}",{},2026-09-05T10:40:10-04:00
Emanuel Wilson,4887558,RB,SEA,QUESTIONABLE,9.23540679,,29.24688434,87.0,170.2,0.53,355,356,"{""23"": 11.41663232, ""24"": 47.96289326, ""25"": 0.413928347, ""26"": 0.011812375, ""27"": 9.0, ""28"": 4.0, ""29"": 2.0, ""30"": 1.0, ""33"": 2.0, ""34"": 1.0, ""35"": 0.021305879, ""36"": 0.014914115, ""37"": 0.016542584, ""38"": 0.000564535, ""39"": 4.201141977, ""40"": 7.993815543, ""42"": 10.25521806, ""43"": 0.053153613, ""44"": 0.001931557, ""45"": 0.017463727, ""46"": 0.011412545, ""47"": 2.0, ""48"": 1.0, ""53"": 1.353911859, ""56"": 0.005626, ""57"": 0.000174, ""58"": 1.771701283, ""60"": 7.574509367, ""61"": 1.709203009, ""62"": 0.013743932, ""63"": 0.000436351, ""66"": 0.08865685, ""67"": 0.01051392, ""68"": 0.09917077, ""70"": 0.040782151, ""71"": 0.005887795, ""72"": 0.046669946, ""73"": 0.046669946, ""210"": 6.0, ""212"": 3.352954107, ""213"": 0.207355126}",{},2026-09-05T10:40:10-04:00
Emari Demercado,4362478,RB,DAL,ACTIVE,22.53668863,,25.52933204,51.8,170.24,0.75,356,357,"{""23"": 26.70170442, ""24"": 126.3424342, ""25"": 0.722245471, ""26"": 0.027221148, ""27"": 25.0, ""28"": 12.0, ""29"": 6.0, ""30"": 5.0, ""31"": 2.0, ""33"": 5.0, ""34"": 2.0, ""35"": 0.049681755, ""36"": 0.034777228, ""37"": 0.040533708, ""38"": 0.00138, ""39"": 4.731624328, ""40"": 7.431907897, ""42"": 27.64399308, ""43"": 0.163351154, ""44"": 0.005845243, ""45"": 0.035199138, ""46"": 0.023002636, ""47"": 5.0, ""48"": 2.0, ""49"": 1.0, ""50"": 1.0, ""53"": 4.069516698, ""56"": 0.015245924, ""57"": 0.000471523, ""58"": 5.626610522, ""60"": 6.792942537, ""61"": 1.62611724, ""62"": 0.033066391, ""63"": 0.001285086, ""66"": 0.253439201, ""67"": 0.038625814, ""68"": 0.292065014, ""70"": 0.116582032, ""71"": 0.021630456, ""72"": 0.138212488, ""73"": 0.138212488, ""210"": 17.0, ""212"": 8.498631507, ""213"": 0.606976604}",{},2026-09-05T10:40:10-04:00
Tyquan Thornton,4362921,WR,KC,ACTIVE,65.36725965,,35.80033813,71.3,170.32,0.93,357,358,"{""42"": 358.9112709, ""43"": 2.948066734, ""44"": 0.131867727, ""45"": 0.215614968, ""46"": 0.140904382, ""47"": 71.0, ""48"": 35.0, ""49"": 17.0, ""50"": 14.0, ""51"": 7.0, ""53"": 23.8261212, ""56"": 0.175522394, ""57"": 0.005428528, ""58"": 43.43382398, ""60"": 15.06377257, ""61"": 21.1124277, ""62"": 0.131867727, ""63"": 0.001528465, ""67"": 0.347378485, ""68"": 0.347378485, ""71"": 0.194531951, ""72"": 0.194531951, ""73"": 0.194531951, ""210"": 17.0, ""213"": 15.38392416}",{},2026-09-05T10:40:10-04:00
Keon Coleman,4635008,WR,BUF,QUESTIONABLE,63.28243385,,172.82662223,83.4,170.24,2.15,358,359,"{""42"": 337.9168676, ""43"": 2.831617394, ""44"": 0.227576138, ""45"": 0.216114407, ""46"": 0.141230765, ""47"": 67.0, ""48"": 33.0, ""49"": 16.0, ""50"": 13.0, ""51"": 6.0, ""53"": 24.43323135, ""56"": 0.155472086, ""57"": 0.004808415, ""58"": 40.86253638, ""60"": 13.83021602, ""61"": 19.8774628, ""62"": 0.227576138, ""63"": 0.00186195, ""67"": 0.423170348, ""68"": 0.423170348, ""71"": 0.236975395, ""72"": 0.236975395, ""73"": 0.236975395, ""102"": 0.050537594, ""115"": 50.53759449, ""118"": 5.0, ""119"": 2.0, ""210"": 17.0, ""213"": 14.89574333}",{},2026-09-05T10:40:10-04:00
Jaguars D/ST,-16030,D/ST,JAX,,80.15312824,,89.61070649,126.0,167.88,56.75,359,361,"{""89"": 0.104476866, ""90"": 0.467172979, ""91"": 1.970620566, ""92"": 2.242430299, ""93"": 0.12658649, ""94"": 1.59361712, ""95"": 12.58473373, ""96"": 6.784339874, ""97"": 1.85677034, ""98"": 0.26374574, ""99"": 41.42781031, ""100"": 82.85562062, ""101"": 0.151599823, ""102"": 0.543472564, ""103"": 1.063330746, ""104"": 0.530286373, ""105"": 2.415275997, ""106"": 10.43744596, ""109"": 1034.704581, ""110"": 344.0, ""111"": 206.0, ""112"": 41.20109621, ""113"": 98.36019002, ""114"": 1706.994993, ""115"": 371.3599974, ""116"": 170.0, ""117"": 68.0, ""118"": 37.0, ""119"": 14.0, ""120"": 388.7891348, ""121"": 2.463275707, ""122"": 4.153592485, ""123"": 3.457080044, ""124"": 1.894174078, ""125"": 0.247176976, ""126"": 22.86994911, ""127"": 5892.287509, ""129"": 0.348343246, ""130"": 3.228547154, ""131"": 3.474936279, ""132"": 4.095157179, ""133"": 3.169073917, ""134"": 1.784197111, ""135"": 0.696686491, ""136"": 0.203058624, ""137"": 346.6051476, ""210"": 17.0}",{},2026-09-05T10:40:10-04:00
Saints D/ST,-16018,D/ST,NO,,94.51130382,,67.53896199,101.0,170.61,3.45,361,363,"{""89"": 0.207482993, ""90"": 0.93537415, ""91"": 3.282312925, ""92"": 2.993197279, ""93"": 0.12317638, ""94"": 1.561682498, ""95"": 11.62849428, ""96"": 6.334132022, ""97"": 1.954251477, ""98"": 0.263989537, ""99"": 37.8915876, ""100"": 75.78317519, ""101"": 0.17680678, ""102"": 0.280976485, ""103"": 1.040617967, ""104"": 0.52106453, ""105"": 2.142642143, ""106"": 9.744818496, ""109"": 1007.037124, ""110"": 335.0, ""111"": 201.0, ""112"": 44.05674602, ""113"": 76.63039691, ""114"": 1611.067093, ""115"": 280.976485, ""116"": 161.0, ""117"": 64.0, ""118"": 28.0, ""119"": 11.0, ""120"": 360.3376209, ""121"": 2.465986395, ""122"": 3.503401361, ""123"": 2.431972789, ""124"": 1.054421769, ""125"": 0.12585034, ""126"": 21.19633064, ""127"": 5833.441765, ""129"": 0.476142843, ""130"": 4.081224367, ""131"": 3.77513254, ""132"": 3.928178454, ""133"": 2.703811143, ""134"": 1.360408122, ""135"": 0.527158147, ""136"": 0.147944383, ""137"": 343.1436332, ""210"": 17.0}",{},2026-09-05T10:40:10-04:00
Evan McPherson,4360234,K,CIN,ACTIVE,141.84332141,,132.56820006,133.0,169.33,20.4,363,364,"{""74"": 5.438016509, ""75"": 7.719768, ""76"": 2.281751491, ""77"": 7.194183723, ""78"": 8.822592, ""79"": 1.628408277, ""80"": 15.3918373, ""81"": 15.89364, ""82"": 0.501802697, ""83"": 28.02403753, ""84"": 32.436, ""85"": 4.411962465, ""86"": 44.11295454, ""87"": 45.41044667, ""88"": 1.297492125, ""198"": 5.438016509, ""199"": 7.719768, ""200"": 2.281751491, ""210"": 17.0, ""214"": 1079.146278, ""215"": 211.5470339, ""216"": 1290.693312}",{},2026-09-05T10:40:10-04:00
Nick Folk,10621,K,ATL,ACTIVE,141.26710601,,137.29885084,126.0,170.32,4.76,364,365,"{""74"": 6.198023735, ""75"": 8.198543617, ""76"": 2.000519882, ""77"": 8.123499516, ""78"": 9.369764134, ""79"": 1.246264618, ""80"": 16.71056096, ""81"": 16.87935451, ""82"": 0.168793545, ""83"": 31.03208421, ""84"": 34.44766226, ""85"": 3.415578045, ""86"": 31.06688444, ""87"": 31.70090249, ""88"": 0.63401805, ""198"": 6.198023735, ""199"": 8.198543617, ""200"": 2.000519882, ""210"": 17.0, ""214"": 1201.567589, ""215"": 169.1737878, ""216"": 1370.741377}",{},2026-09-05T10:40:10-04:00
Darren Waller,2576925,TE,CAR,ACTIVE,93.02576495,,105.60927496,76.7,170.39,3.13,365,367,"{""42"": 472.7245142, ""43"": 4.036972652, ""44"": 0.245030859, ""45"": 0.149617603, ""46"": 0.097775104, ""47"": 94.0, ""48"": 47.0, ""49"": 23.0, ""50"": 18.0, ""51"": 9.0, ""53"": 42.90553892, ""56"": 0.333323564, ""57"": 0.010308976, ""58"": 62.39748227, ""60"": 11.01779691, ""61"": 27.80732437, ""62"": 0.245030859, ""63"": 0.001616032, ""67"": 0.367279967, ""68"": 0.367279967, ""71"": 0.205676781, ""72"": 0.205676781, ""73"": 0.205676781, ""210"": 17.0, ""213"": 23.31654608}",{},2026-09-05T10:40:10-04:00
Greg Dulcich,4367209,TE,MIA,ACTIVE,93.15848508,,,,170.48,3.35,366,366,"{""42"": 581.3999366, ""43"": 1.632621049, ""44"": 0.085305643, ""45"": 0.161106702, ""46"": 0.10528323, ""47"": 116.0, ""48"": 58.0, ""49"": 29.0, ""50"": 23.0, ""51"": 11.0, ""53"": 51.5742961, ""56"": 0.577092557, ""57"": 0.017848223, ""58"": 75.31089739, ""60"": 11.27305616, ""61"": 34.19999627, ""62"": 0.085305643, ""63"": 0.002887477, ""67"": 0.656244828, ""68"": 0.656244828, ""71"": 0.367497104, ""72"": 0.367497104, ""73"": 0.367497104, ""210"": 17.0, ""213"": 27.30610676}",{},2026-09-05T10:40:10-04:00
Cade Otton,4243331,TE,TB,ACTIVE,79.81412804,,112.29485734,92.7,170.31,2.5,368,369,"{""42"": 440.1914216, ""43"": 2.273663641, ""44"": 0.197275035, ""45"": 0.098573872, ""46"": 0.064418025, ""47"": 88.0, ""48"": 44.0, ""49"": 22.0, ""50"": 17.0, ""51"": 8.0, ""53"": 44.52210014, ""56"": 0.278808906, ""57"": 0.008622956, ""58"": 64.02573216, ""60"": 9.887031839, ""61"": 25.89361304, ""62"": 0.197275035, ""63"": 0.001974485, ""67"": 0.44874652, ""68"": 0.44874652, ""71"": 0.251298051, ""72"": 0.251298051, ""73"": 0.251298051, ""210"": 17.0, ""213"": 22.06683404}",{},2026-09-05T10:40:10-04:00
Isaac TeSlaa,5123663,WR,DET,ACTIVE,61.03567514,,46.02191493,67.9,170.28,3.22,369,370,"{""42"": 300.8863405, ""43"": 3.230383888, ""44"": 0.071408433, ""45"": 0.1873301, ""46"": 0.12242022, ""47"": 60.0, ""48"": 30.0, ""49"": 15.0, ""50"": 12.0, ""51"": 6.0, ""53"": 23.81609212, ""56"": 0.126078781, ""57"": 0.003899344, ""58"": 37.59252701, ""60"": 12.63374104, ""61"": 17.6991965, ""62"": 0.071408433, ""63"": 0.001909777, ""67"": 0.434040329, ""68"": 0.434040329, ""71"": 0.243062584, ""72"": 0.243062584, ""73"": 0.243062584, ""210"": 17.0, ""213"": 13.89698208}",{},2026-09-05T10:40:10-04:00
Pat Bryant,4600981,WR,DEN,ACTIVE,58.54461085,,78.23153085,59.3,170.37,2.03,370,371,"{""42"": 320.2294336, ""43"": 2.10912755, ""44"": 0.127901796, ""45"": 0.113757544, ""46"": 0.074340555, ""47"": 64.0, ""48"": 32.0, ""49"": 16.0, ""50"": 12.0, ""51"": 6.0, ""53"": 28.38079348, ""56"": 0.140670409, ""57"": 0.004350631, ""58"": 45.17248777, ""60"": 11.28331503, ""61"": 18.83702551, ""62"": 0.127901796, ""63"": 0.002275814, ""67"": 0.517230488, ""68"": 0.517230488, ""71"": 0.289649073, ""72"": 0.289649073, ""73"": 0.289649073, ""210"": 17.0, ""213"": 15.01233549}",{},2026-09-05T10:40:10-04:00
Marvin Mims Jr.,4686472,WR,DEN,QUESTIONABLE,57.93792961,,127.18006704,74.5,170.15,0.87,371,372,"{""23"": 8.188109834, ""24"": 45.13383803, ""25"": 0.314918202, ""26"": 0.019274791, ""27"": 9.0, ""28"": 4.0, ""29"": 2.0, ""30"": 1.0, ""33"": 1.0, ""35"": 0.015083314, ""36"": 0.010558319, ""37"": 0.004955718, ""38"": 0.000169, ""39"": 5.512119273, ""40"": 2.654931649, ""42"": 272.9092786, ""43"": 1.608099047, ""44"": 0.097520059, ""45"": 0.194127619, ""46"": 0.126862399, ""47"": 54.0, ""48"": 27.0, ""49"": 13.0, ""50"": 10.0, ""51"": 5.0, ""53"": 24.11921444, ""56"": 0.10817563, ""57"": 0.003345638, ""58"": 33.87936582, ""60"": 11.31501523, ""61"": 16.05348697, ""62"": 0.11679485, ""63"": 0.002843045, ""66"": 0.163762197, ""67"": 0.482384289, ""68"": 0.646146485, ""70"": 0.07533061, ""71"": 0.270135202, ""72"": 0.345465812, ""73"": 0.345465812, ""101"": 0.185428947, ""102"": 0.313445912, ""114"": 767.8914866, ""115"": 448.8667181, ""116"": 76.0, ""117"": 30.0, ""118"": 44.0, ""119"": 17.0, ""210"": 17.0, ""212"": 4.328174119, ""213"": 12.53119844}",{},2026-09-05T10:40:10-04:00
Andrei Iosivas,4368003,WR,CIN,ACTIVE,55.66249884,,58.52174308,73.4,170.15,0.56,372,376,"{""23"": 2.017791649, ""24"": 11.05763596, ""25"": 0.085957534, ""26"": 0.005809795, ""27"": 2.0, ""28"": 1.0, ""35"": 0.003704509, ""36"": 0.002593156, ""37"": 0.000234991, ""38"": 8.02e-06, ""39"": 5.480068255, ""40"": 0.650449174, ""42"": 275.5889574, ""43"": 2.44769983, ""44"": 0.114008366, ""45"": 0.097130716, ""46"": 0.063474923, ""47"": 55.0, ""48"": 27.0, ""49"": 13.0, ""50"": 11.0, ""51"": 5.0, ""53"": 23.94878245, ""56"": 0.109832351, ""57"": 0.003396877, ""58"": 40.26955982, ""60"": 11.50743082, ""61"": 16.21111514, ""62"": 0.119818161, ""63"": 0.00167, ""66"": 0.029418863, ""67"": 0.349166853, ""68"": 0.378585716, ""70"": 0.013532677, ""71"": 0.195533438, ""72"": 0.209066115, ""73"": 0.209066115, ""210"": 17.0, ""212"": 2.632023144, ""213"": 12.90957226}",{},2026-09-05T10:40:10-04:00
Kaleb Johnson,4819231,RB,GB,ACTIVE,7.17593901,,148.78152623,8.3,169.96,10.78,376,378,"{""23"": 7.790010103, ""24"": 33.20922706, ""25"": 0.296055159, ""26"": 0.008254187, ""27"": 6.0, ""28"": 3.0, ""29"": 1.0, ""30"": 1.0, ""33"": 1.0, ""35"": 0.014457865, ""36"": 0.010120505, ""37"": 0.007835619, ""38"": 0.0002674, ""39"": 4.263053144, ""40"": 5.534871177, ""42"": 10.2904559, ""43"": 0.064581044, ""44"": 0.00202574, ""45"": 0.014402635, ""46"": 0.009412122, ""47"": 2.0, ""48"": 1.0, ""53"": 1.433301957, ""56"": 0.005643997, ""57"": 0.000174557, ""58"": 1.872532414, ""60"": 7.179544999, ""61"": 1.715075983, ""62"": 0.010279927, ""63"": 0.000347239, ""66"": 0.066654156, ""67"": 0.012263852, ""68"": 0.078918008, ""70"": 0.030660912, ""71"": 0.006867757, ""72"": 0.037528669, ""73"": 0.037528669, ""210"": 6.0, ""212"": 2.546588302, ""213"": 0.231095324}",{},2026-09-05T10:40:10-04:00
Nicholas Singleton,4685555,RB,TEN,ACTIVE,17.63860579,,,,170.29,1.79,378,380,"{""23"": 20.2846721, ""24"": 83.63073032, ""25"": 0.550728466, ""26"": 0.007394458, ""27"": 16.0, ""28"": 8.0, ""29"": 4.0, ""30"": 3.0, ""31"": 1.0, ""33"": 4.0, ""34"": 2.0, ""35"": 0.037611356, ""36"": 0.026327949, ""37"": 0.017493431, ""38"": 0.000597, ""39"": 4.122853448, ""40"": 4.919454725, ""42"": 30.13389305, ""43"": 0.156032381, ""44"": 0.002460021, ""45"": 0.040743405, ""46"": 0.026625815, ""47"": 6.0, ""48"": 3.0, ""49"": 1.0, ""50"": 1.0, ""53"": 4.28868069, ""56"": 0.016464423, ""57"": 0.000509209, ""58"": 5.510562629, ""60"": 7.026378326, ""61"": 1.772581944, ""62"": 0.009854478, ""63"": 0.000925138, ""66"": 0.173563022, ""67"": 0.03669551, ""68"": 0.210258532, ""70"": 0.07983899, ""71"": 0.020549485, ""72"": 0.100388476, ""73"": 0.100388476, ""101"": 0.00971767, ""114"": 86.78884263, ""116"": 8.0, ""117"": 3.0, ""210"": 17.0, ""212"": 6.538735733, ""213"": 0.72260022}",{},2026-09-05T10:40:10-04:00
Geno Smith,15864,QB,NYJ,ACTIVE,273.88167172,,302.91325301,210.7,170.05,3.8,379,382,"{""0"": 531.4653591, ""1"": 362.1402264, ""2"": 169.3251327, ""3"": 3823.795311, ""4"": 20.53035135, ""5"": 764.0, ""6"": 382.0, ""7"": 191.0, ""8"": 152.0, ""9"": 76.0, ""10"": 38.0, ""11"": 72.0, ""12"": 36.0, ""15"": 2.946211862, ""16"": 1.925349452, ""17"": 2.587246962, ""18"": 0.349469226, ""19"": 2.491340671, ""20"": 14.3872949, ""21"": 0.681399493, ""22"": 224.9291359, ""23"": 58.00155267, ""24"": 220.3102279, ""25"": 1.050643136, ""26"": 0.118675128, ""27"": 44.0, ""28"": 22.0, ""29"": 11.0, ""30"": 8.0, ""31"": 4.0, ""33"": 11.0, ""34"": 5.0, ""35"": 0.1097271, ""36"": 0.07680897, ""37"": 0.12395207, ""38"": 0.00423, ""39"": 3.798350523, ""40"": 12.95942517, ""62"": 2.610015799, ""63"": 0.031657082, ""64"": 46.67800938, ""65"": 6.538794453, ""66"": 0.655996854, ""68"": 7.194791307, ""69"": 3.138621338, ""70"": 0.301758553, ""72"": 3.44037989, ""73"": 17.82767479, ""210"": 17.0, ""211"": 188.7573521, ""212"": 13.81787081}",{},2026-09-05T10:40:10-04:00
Fernando Mendoza,4837248,QB,LV,ACTIVE,215.54577938,,,,168.62,9.38,383,385,"{""0"": 449.5927992, ""1"": 284.4963377, ""2"": 165.0964614, ""3"": 3058.295759, ""4"": 14.17792216, ""5"": 611.0, ""6"": 305.0, ""7"": 152.0, ""8"": 122.0, ""9"": 61.0, ""10"": 30.0, ""11"": 56.0, ""12"": 28.0, ""15"": 2.279291379, ""16"": 1.489516916, ""17"": 1.9143159, ""18"": 0.258573884, ""19"": 0.908013914, ""20"": 10.52174451, ""21"": 0.632786687, ""22"": 179.8997505, ""23"": 52.07489882, ""24"": 226.1159858, ""25"": 1.918042463, ""26"": 0.108724649, ""27"": 45.0, ""28"": 22.0, ""29"": 11.0, ""30"": 9.0, ""31"": 4.0, ""33"": 10.0, ""34"": 5.0, ""35"": 0.098755654, ""36"": 0.069128958, ""37"": 0.157, ""38"": 0.00537, ""39"": 4.342130104, ""40"": 13.30094034, ""62"": 1.016738564, ""63"": 0.031438217, ""64"": 36.55555249, ""65"": 6.453741901, ""66"": 0.691307407, ""68"": 7.145049309, ""69"": 3.097796113, ""70"": 0.318001407, ""72"": 3.41579752, ""73"": 13.93754203, ""210"": 17.0, ""211"": 147.886575, ""212"": 14.30048874}",{},2026-09-05T10:40:10-04:00
Aaron Rodgers,8439,QB,PIT,ACTIVE,258.87207697,,274.54536182,272.9,169.18,7.02,385,387,"{""0"": 568.2961319, ""1"": 362.7728077, ""2"": 205.5233242, ""3"": 3770.343805, ""4"": 20.12187956, ""5"": 754.0, ""6"": 377.0, ""7"": 188.0, ""8"": 150.0, ""9"": 75.0, ""10"": 37.0, ""11"": 72.0, ""12"": 36.0, ""15"": 2.871426366, ""16"": 1.87647713, ""17"": 2.466208124, ""18"": 0.333120053, ""19"": 0.616080398, ""20"": 11.13053278, ""21"": 0.63835171, ""22"": 221.7849297, ""23"": 28.1250552, ""24"": 99.63679514, ""25"": 0.888447987, ""26"": 0.029923019, ""27"": 19.0, ""28"": 9.0, ""29"": 4.0, ""30"": 3.0, ""31"": 1.0, ""33"": 5.0, ""34"": 2.0, ""35"": 0.052367966, ""36"": 0.036657577, ""37"": 0.024919888, ""38"": 0.00085042, ""39"": 3.542634652, ""40"": 5.860987949, ""62"": 0.646003418, ""63"": 0.032071599, ""64"": 37.74224197, ""65"": 6.965733664, ""66"": 0.323266071, ""68"": 7.288999735, ""69"": 3.343552159, ""70"": 0.148702393, ""72"": 3.492254551, ""73"": 14.62278733, ""210"": 17.0, ""211"": 187.4965867, ""212"": 7.807284436}",{},2026-09-05T10:40:10-04:00
Deshaun Watson,3122840,QB,CLE,ACTIVE,88.74437236,,,,170.12,1.99,387,390,"{""0"": 195.72483, ""1"": 120.486042, ""2"": 75.23878793, ""3"": 1281.922659, ""4"": 5.351460257, ""5"": 256.0, ""6"": 128.0, ""7"": 64.0, ""8"": 51.0, ""9"": 25.0, ""10"": 12.0, ""11"": 24.0, ""12"": 12.0, ""15"": 0.888211335, ""16"": 0.580446107, ""17"": 0.749717506, ""18"": 0.101267177, ""19"": 0.387765777, ""20"": 4.364363778, ""21"": 0.615588947, ""22"": 75.40721523, ""23"": 25.88735726, ""24"": 130.1193874, ""25"": 0.607780738, ""26"": 0.037014439, ""27"": 26.0, ""28"": 13.0, ""29"": 6.0, ""30"": 5.0, ""31"": 2.0, ""33"": 5.0, ""34"": 2.0, ""35"": 0.049215, ""36"": 0.0344505, ""37"": 0.113, ""38"": 0.00384, ""39"": 5.026368128, ""40"": 7.654081614, ""62"": 0.424780216, ""63"": 0.015394846, ""64"": 19.4349612, ""65"": 3.123070562, ""66"": 0.375758142, ""68"": 3.498828704, ""69"": 1.49907387, ""70"": 0.172848745, ""72"": 1.671922615, ""73"": 6.036286393, ""210"": 17.0, ""211"": 59.75738133, ""212"": 8.491353686}",{},2026-09-05T10:40:10-04:00
Kevin Coleman Jr.,4685307,WR,MIA,ACTIVE,53.42278218,,,,170.1,0.17,390,391,"{""42"": 352.0177557, ""43"": 0.857709614, ""44"": 0.044766373, ""45"": 0.167305186, ""46"": 0.109333939, ""47"": 70.0, ""48"": 35.0, ""49"": 17.0, ""50"": 14.0, ""51"": 7.0, ""53"": 27.07575264, ""56"": 0.168654756, ""57"": 0.005216126, ""58"": 45.18653843, ""60"": 13.00121775, ""61"": 20.70692681, ""62"": 0.044766373, ""63"": 0.002171165, ""67"": 0.493446554, ""68"": 0.493446554, ""71"": 0.27633007, ""72"": 0.27633007, ""73"": 0.27633007, ""210"": 17.0, ""213"": 15.07974659}",{},2026-09-05T10:40:10-04:00
KaVontae Turpin,3676833,WR,DAL,ACTIVE,57.38007599,,89.58733537,71.5,169.76,1.57,391,392,"{""23"": 17.80113628, ""24"": 103.0312511, ""25"": 0.43131198, ""26"": 0.016255979, ""27"": 20.0, ""28"": 10.0, ""29"": 5.0, ""30"": 4.0, ""31"": 2.0, ""33"": 3.0, ""34"": 1.0, ""35"": 0.032962646, ""36"": 0.023073852, ""37"": 0.026791191, ""38"": 0.000914, ""39"": 5.787903056, ""40"": 6.060661828, ""42"": 226.7459457, ""43"": 1.698368883, ""44"": 0.060752759, ""45"": 0.204740827, ""46"": 0.13379813, ""47"": 45.0, ""48"": 22.0, ""49"": 11.0, ""50"": 9.0, ""51"": 4.0, ""53"": 17.92986169, ""56"": 0.085252741, ""57"": 0.002636683, ""58"": 27.80127968, ""60"": 12.64627411, ""61"": 13.33799681, ""62"": 0.077008738, ""63"": 0.003144328, ""66"": 0.356022726, ""67"": 0.358597234, ""68"": 0.714619959, ""70"": 0.163770454, ""71"": 0.200814451, ""72"": 0.364584905, ""73"": 0.364584905, ""101"": 0.246339798, ""102"": 0.292742306, ""114"": 1807.684287, ""115"": 238.0417462, ""116"": 180.0, ""117"": 72.0, ""118"": 23.0, ""119"": 9.0, ""210"": 17.0, ""212"": 6.953892593, ""213"": 9.884349933}",{},2026-09-05T10:40:10-04:00
Tank Dell,4366031,WR,HOU,INJURY_RESERVE,,,,,164.76,34.67,392,175,{},{},2026-09-05T10:40:10-04:00
Jack Bech,4603186,WR,LV,ACTIVE,52.06585728,,47.02693682,32.4,170.2,0.98,393,393,"{""42"": 315.1656624, ""43"": 1.186596288, ""44"": 0.075467105, ""45"": 0.124142617, ""46"": 0.0811272, ""47"": 63.0, ""48"": 31.0, ""49"": 15.0, ""50"": 12.0, ""51"": 6.0, ""53"": 27.68786699, ""56"": 0.136853011, ""57"": 0.004232567, ""58"": 43.51912231, ""60"": 11.38280758, ""61"": 18.53915661, ""62"": 0.075467105, ""63"": 0.002220249, ""67"": 0.504602134, ""68"": 0.504602134, ""71"": 0.282577195, ""72"": 0.282577195, ""73"": 0.282577195, ""210"": 17.0, ""213"": 14.33751832}",{},2026-09-05T10:40:10-04:00
Tory Horton,4597703,WR,SEA,QUESTIONABLE,54.65957858,,46.87029708,58.6,170.18,0.79,395,395,"{""42"": 298.9437223, ""43"": 2.311158121, ""44"": 0.08406637, ""45"": 0.238271043, ""46"": 0.155710127, ""47"": 59.0, ""48"": 29.0, ""49"": 14.0, ""50"": 11.0, ""51"": 5.0, ""53"": 21.61145775, ""56"": 0.1247413, ""57"": 0.003857978, ""58"": 35.2640479, ""60"": 13.83264959, ""61"": 17.58492484, ""62"": 0.08406637, ""63"": 0.001732991, ""67"": 0.393861604, ""68"": 0.393861604, ""71"": 0.220562498, ""72"": 0.220562498, ""73"": 0.220562498, ""102"": 0.060920167, ""115"": 44.20426769, ""118"": 4.0, ""119"": 1.0, ""210"": 17.0, ""213"": 12.96501767}",{},2026-09-05T10:40:10-04:00
Kendre Miller,4599739,RB,NO,QUESTIONABLE,17.12601975,,74.25413127,30.8,170.18,0.69,396,396,"{""23"": 23.83398144, ""24"": 99.81982493, ""25"": 0.496199817, ""26"": 0.025239326, ""27"": 19.0, ""28"": 9.0, ""29"": 4.0, ""30"": 3.0, ""31"": 1.0, ""33"": 4.0, ""34"": 2.0, ""35"": 0.045135678, ""36"": 0.031594974, ""37"": 0.062206437, ""38"": 0.00212, ""39"": 4.188130514, ""40"": 5.871754407, ""42"": 21.52856826, ""43"": 0.079669485, ""44"": 0.004231019, ""45"": 0.004426848, ""46"": 0.002892945, ""47"": 4.0, ""48"": 2.0, ""49"": 1.0, ""53"": 2.997189452, ""56"": 0.008081561, ""57"": 0.000249945, ""58"": 4.018285464, ""60"": 7.182918734, ""61"": 1.266386368, ""62"": 0.029470344, ""63"": 0.00050507, ""66"": 0.101966101, ""67"": 0.012822521, ""68"": 0.114788622, ""70"": 0.046904406, ""71"": 0.007180612, ""72"": 0.054085018, ""73"": 0.054085018, ""101"": 0.014433207, ""114"": 160.9031061, ""116"": 16.0, ""117"": 6.0, ""210"": 17.0, ""212"": 7.26034635, ""213"": 1.174149859}",{},2026-09-05T10:40:10-04:00
Tahj Brooks,4429299,RB,CIN,ACTIVE,18.34824123,,18.36701752,5.9,170.15,0.3,397,397,"{""23"": 30.26687473, ""24"": 128.1168931, ""25"": 0.941261703, ""26"": 0.063619065, ""27"": 25.0, ""28"": 12.0, ""29"": 6.0, ""30"": 5.0, ""31"": 2.0, ""33"": 6.0, ""34"": 3.0, ""35"": 0.056422317, ""36"": 0.039495622, ""37"": 0.0416, ""38"": 0.00142, ""39"": 4.232907897, ""40"": 7.536287828, ""62"": 0.063619065, ""63"": 0.001139487, ""66"": 0.258974374, ""68"": 0.258974374, ""70"": 0.119128212, ""72"": 0.119128212, ""73"": 0.119128212, ""210"": 17.0, ""212"": 8.938419146}",{},2026-09-05T10:40:10-04:00
Demond Claiborne,4832846,RB,MIN,ACTIVE,14.60778512,,,,170.25,0.79,398,398,"{""23"": 14.18806971, ""24"": 59.4843585, ""25"": 0.421541923, ""26"": 0.023904405, ""27"": 11.0, ""28"": 5.0, ""29"": 2.0, ""30"": 2.0, ""31"": 1.0, ""33"": 2.0, ""34"": 1.0, ""35"": 0.026220876, ""36"": 0.018354613, ""37"": 0.008734869, ""38"": 0.000298, ""39"": 4.192561758, ""40"": 3.499079912, ""42"": 29.49017492, ""43"": 0.167723989, ""44"": 0.009840972, ""45"": 0.038542011, ""46"": 0.025187204, ""47"": 5.0, ""48"": 2.0, ""49"": 1.0, ""50"": 1.0, ""53"": 4.524583247, ""56"": 0.016153102, ""57"": 0.00049958, ""58"": 5.523741529, ""60"": 6.517766016, ""61"": 1.734716172, ""62"": 0.033745377, ""63"": 0.000704494, ""66"": 0.121398278, ""67"": 0.038713978, ""68"": 0.160112256, ""70"": 0.055843208, ""71"": 0.021679828, ""72"": 0.077523035, ""73"": 0.077523035, ""210"": 17.0, ""212"": 5.256728915, ""213"": 0.763399851}",{},2026-09-05T10:40:10-04:00
Rasheen Ali,4690013,RB,BAL,ACTIVE,14.71865469,,6.24979984,19.7,170.1,0.19,399,399,"{""23"": 14.62972499, ""24"": 61.94732709, ""25"": 0.438522058, ""26"": 0.011355235, ""27"": 12.0, ""28"": 6.0, ""29"": 3.0, ""30"": 2.0, ""31"": 1.0, ""33"": 2.0, ""34"": 1.0, ""35"": 0.02704331, ""36"": 0.018930317, ""37"": 0.00946, ""38"": 0.000323, ""39"": 4.234346655, ""40"": 3.643960417, ""42"": 28.4420456, ""43"": 0.150872852, ""44"": 0.004973683, ""45"": 0.059167262, ""46"": 0.038665806, ""47"": 5.0, ""48"": 2.0, ""49"": 1.0, ""50"": 1.0, ""53"": 3.527591884, ""56"": 0.015639882, ""57"": 0.000483708, ""58"": 4.663520998, ""60"": 8.062736998, ""61"": 1.673061506, ""62"": 0.016328918, ""63"": 0.000683587, ""66"": 0.125177241, ""67"": 0.030183357, ""68"": 0.155360598, ""70"": 0.057581531, ""71"": 0.01690268, ""72"": 0.074484211, ""73"": 0.074484211, ""101"": 0.082643768, ""114"": 911.5121441, ""116"": 91.0, ""117"": 36.0, ""210"": 17.0, ""212"": 5.379382527, ""213"": 0.500358655}",{},2026-09-05T10:40:10-04:00
Kaytron Allen,4685246,RB,WSH,ACTIVE,13.6749487,,,,170.28,1.29,402,402,"{""23"": 12.26078049, ""24"": 50.64605092, ""25"": 0.431116638, ""26"": 0.025464524, ""27"": 10.0, ""28"": 5.0, ""29"": 2.0, ""30"": 2.0, ""31"": 1.0, ""33"": 2.0, ""34"": 1.0, ""35"": 0.022635339, ""36"": 0.015844737, ""37"": 0.006275198, ""38"": 0.000214148, ""39"": 4.130736291, ""40"": 2.979179466, ""42"": 29.28687547, ""43"": 0.187471384, ""44"": 0.014728474, ""45"": 0.046057403, ""46"": 0.030098513, ""47"": 5.0, ""48"": 2.0, ""49"": 1.0, ""50"": 1.0, ""53"": 4.050140034, ""56"": 0.016053254, ""57"": 0.000496, ""58"": 5.152226614, ""60"": 7.231077253, ""61"": 1.722757381, ""62"": 0.040192997, ""63"": 0.000614, ""66"": 0.104907691, ""67"": 0.034654469, ""68"": 0.13956216, ""70"": 0.048257538, ""71"": 0.019406503, ""72"": 0.067664041, ""73"": 0.067664041, ""210"": 17.0, ""212"": 4.848349631, ""213"": 0.657727415}",{},2026-09-05T10:40:10-04:00
DJ Giddens,4874509,RB,IND,ACTIVE,13.38550017,,17.89357994,9.6,170.12,0.5,403,403,"{""23"": 12.52471444, ""24"": 52.76445585, ""25"": 0.374995213, ""26"": 0.018398421, ""27"": 10.0, ""28"": 5.0, ""29"": 2.0, ""30"": 2.0, ""31"": 1.0, ""33"": 2.0, ""34"": 1.0, ""35"": 0.023125993, ""36"": 0.016188195, ""37"": 0.00684, ""38"": 0.000233, ""39"": 4.212827054, ""40"": 3.103791521, ""42"": 28.94629176, ""43"": 0.156788718, ""44"": 0.012479782, ""45"": 0.04229256, ""46"": 0.027638188, ""47"": 5.0, ""48"": 2.0, ""49"": 1.0, ""50"": 1.0, ""53"": 4.20164609, ""56"": 0.015886545, ""57"": 0.000491336, ""58"": 5.253253955, ""60"": 6.889274142, ""61"": 1.702723045, ""62"": 0.030878204, ""63"": 0.000629714, ""66"": 0.107166006, ""67"": 0.03595081, ""68"": 0.143116816, ""70"": 0.049296363, ""71"": 0.020132454, ""72"": 0.069428816, ""73"": 0.069428816, ""210"": 17.0, ""212"": 4.894074457, ""213"": 0.670322057}",{},2026-09-05T10:40:10-04:00
Sione Vaki,4912274,RB,DET,ACTIVE,6.40908826,,,0.4,170.05,0.27,404,404,"{""23"": 6.85448518, ""24"": 27.47977224, ""25"": 0.20228483, ""26"": 0.003812878, ""27"": 5.0, ""28"": 2.0, ""29"": 1.0, ""30"": 1.0, ""33"": 1.0, ""35"": 0.012730077, ""36"": 0.008911054, ""37"": 0.006430979, ""38"": 0.000219, ""39"": 4.009020593, ""40"": 1.616457191, ""42"": 8.676675231, ""43"": 0.047017343, ""44"": 0.001039157, ""45"": 0.011907103, ""46"": 0.007781292, ""47"": 1.0, ""53"": 1.191951099, ""56"": 0.004752415, ""57"": 0.000146982, ""58"": 1.579309373, ""60"": 7.279388592, ""61"": 0.510392661, ""62"": 0.004852035, ""63"": 0.000302932, ""66"": 0.058649465, ""67"": 0.010198767, ""68"": 0.068848231, ""70"": 0.026978754, ""71"": 0.005711309, ""72"": 0.032690063, ""73"": 0.032690063, ""101"": 0.06893951, ""102"": 0.05728232, ""114"": 615.701144, ""115"": 57.28231977, ""116"": 61.0, ""117"": 24.0, ""118"": 5.0, ""119"": 2.0, ""210"": 17.0, ""212"": 2.104507603, ""213"": 0.192029702}",{},2026-09-05T10:40:10-04:00
Kene Nwangwu,4035537,RB,NYJ,ACTIVE,2.28550639,,,10.9,170.1,0.15,405,405,"{""101"": 0.380917731, ""114"": 839.4811677, ""116"": 83.0, ""117"": 33.0, ""210"": 17.0}",{},2026-09-05T10:40:10-04:00
Ted Hurst III,5220680,WR,TB,ACTIVE,53.51236374,,,,170.16,0.93,406,406,"{""42"": 294.5231515, ""43"": 2.127153911, ""44"": 0.184591365, ""45"": 0.176671738, ""46"": 0.115454981, ""47"": 58.0, ""48"": 29.0, ""49"": 14.0, ""50"": 11.0, ""51"": 5.0, ""53"": 22.78608696, ""56"": 0.121722805, ""57"": 0.003764623, ""58"": 37.34834376, ""60"": 12.92556954, ""61"": 17.32489127, ""62"": 0.184591365, ""63"": 0.001827183, ""67"": 0.415268829, ""68"": 0.415268829, ""71"": 0.232550544, ""72"": 0.232550544, ""73"": 0.232550544, ""210"": 17.0, ""213"": 13.03561021}",{},2026-09-05T10:40:10-04:00
Jets D/ST,-16020,D/ST,NYJ,,94.11461685,,95.61961571,13.0,170.3,3.57,408,408,"{""89"": 0.17, ""90"": 0.765, ""91"": 2.805, ""92"": 2.72, ""93"": 0.125300016, ""94"": 1.564269732, ""95"": 10.78212861, ""96"": 8.846360975, ""97"": 1.88461083, ""98"": 0.263503817, ""99"": 39.32089367, ""100"": 78.64178734, ""101"": 0.461336498, ""102"": 0.498844935, ""103"": 1.034996093, ""104"": 0.529273639, ""105"": 2.64975118, ""106"": 13.60978612, ""109"": 1088.909793, ""110"": 362.0, ""111"": 217.0, ""112"": 51.03087811, ""113"": 61.9655968, ""114"": 1896.18544, ""115"": 342.6055802, ""116"": 189.0, ""117"": 75.0, ""118"": 34.0, ""119"": 13.0, ""120"": 371.3957294, ""121"": 2.465, ""122"": 3.74, ""123"": 2.805, ""124"": 1.36, ""125"": 0.17, ""126"": 21.84680761, ""127"": 5915.276078, ""129"": 0.297277042, ""130"": 2.887834124, ""131"": 3.354983762, ""132"": 4.161878591, ""133"": 3.354983762, ""134"": 1.953534849, ""135"": 0.76442668, ""136"": 0.225081189, ""137"": 347.9574163, ""210"": 17.0}",{},2026-09-05T10:40:10-04:00
49ers D/ST,-16025,D/ST,SF,,83.53311667,,89.82711109,62.0,169.13,7.18,409,409,"{""89"": 0.132546981, ""90"": 0.594762095, ""91"": 2.328068772, ""92"": 2.447021192, ""93"": 0.124426733, ""94"": 1.56144102, ""95"": 11.26540769, ""96"": 8.925037726, ""97"": 1.920733423, ""98"": 0.265369865, ""99"": 38.89403528, ""100"": 77.78807056, ""101"": 0.173046524, ""102"": 0.239910584, ""103"": 1.035497264, ""104"": 0.525943756, ""105"": 2.098824861, ""106"": 13.73082727, ""109"": 1062.416416, ""110"": 354.0, ""111"": 212.0, ""112"": 42.92223131, ""113"": 61.17027313, ""114"": 1756.517346, ""115"": 252.1787389, ""116"": 175.0, ""117"": 70.0, ""118"": 25.0, ""119"": 10.0, ""120"": 382.8673336, ""121"": 2.464014394, ""122"": 3.976409436, ""123"": 3.177728908, ""124"": 1.665333866, ""125"": 0.214114354, ""126"": 22.52160786, ""127"": 5872.585667, ""129"": 0.425, ""130"": 3.74, ""131"": 3.655, ""132"": 3.995, ""133"": 2.89, ""134"": 1.53, ""135"": 0.595, ""136"": 0.17, ""137"": 345.4462157, ""210"": 17.0}",{},2026-09-05T10:40:10-04:00
Trey Smack,4869461,K,GB,ACTIVE,144.28442693,,,,168.19,13.68,410,410,"{""74"": 5.744558019, ""75"": 8.4231056, ""76"": 2.678547581, ""77"": 7.633740275, ""78"": 9.6264064, ""79"": 1.992666125, ""80"": 16.40523685, ""81"": 17.341688, ""82"": 0.936451152, ""83"": 29.78353514, ""84"": 35.3912, ""85"": 5.607664858, ""86"": 41.41863004, ""87"": 43.64449952, ""88"": 2.225869475, ""198"": 5.744558019, ""199"": 8.4231056, ""200"": 2.678547581, ""210"": 17.0, ""214"": 1145.881551, ""215"": 262.4050795, ""216"": 1408.28663}",{},2026-09-05T10:40:10-04:00
Spencer Shrader,4571557,K,IND,ACTIVE,139.55631868,,132.49546699,56.0,170.02,2.3,411,411,"{""74"": 5.764821724, ""75"": 8.198543617, ""76"": 2.433721893, ""77"": 7.628411504, ""78"": 9.369764134, ""79"": 1.741352631, ""80"": 16.3249002, ""81"": 16.87935451, ""82"": 0.554454308, ""83"": 29.71813343, ""84"": 34.44766226, ""85"": 4.729528832, ""86"": 35.97339228, ""87"": 37.0801638, ""88"": 1.106771522, ""198"": 5.764821724, ""199"": 8.198543617, ""200"": 2.433721893, ""210"": 17.0, ""214"": 1144.325897, ""215"": 226.4154799, ""216"": 1370.741377}",{},2026-09-05T10:40:10-04:00
David Njoku,3123076,TE,LAC,ACTIVE,84.39332468,,140.25992272,69.8,169.73,5.11,412,414,"{""42"": 416.6783899, ""43"": 3.854790027, ""44"": 0.095435453, ""45"": 0.118129698, ""46"": 0.077197758, ""47"": 83.0, ""48"": 41.0, ""49"": 20.0, ""50"": 16.0, ""51"": 8.0, ""53"": 39.86104267, ""56"": 0.24460552, ""57"": 0.007565119, ""58"": 58.35743539, ""60"": 10.45327372, ""61"": 24.51049352, ""62"": 0.095435453, ""63"": 0.002061112, ""67"": 0.468434566, ""68"": 0.468434566, ""71"": 0.262323357, ""72"": 0.262323357, ""73"": 0.262323357, ""210"": 17.0, ""213"": 21.00257539}",{},2026-09-05T10:40:10-04:00
Evan Engram,3051876,TE,DEN,ACTIVE,82.85716605,,128.73860014,77.8,170.02,3.02,414,412,"{""42"": 464.3537634, ""43"": 2.180842411, ""44"": 0.132223169, ""45"": 0.098410199, ""46"": 0.064311065, ""47"": 92.0, ""48"": 46.0, ""49"": 23.0, ""50"": 18.0, ""51"": 9.0, ""53"": 47.24654809, ""56"": 0.318621048, ""57"": 0.009854259, ""58"": 67.75873165, ""60"": 9.828310897, ""61"": 27.31492726, ""62"": 0.132223169, ""63"": 0.002164584, ""67"": 0.491951015, ""68"": 0.491951015, ""71"": 0.275492568, ""72"": 0.275492568, ""73"": 0.275492568, ""210"": 17.0, ""213"": 23.31617214}",{},2026-09-05T10:40:10-04:00
Oronde Gadsden,4595342,TE,LAC,ACTIVE,62.11407416,,,106.9,170.25,3.36,416,416,"{""42"": 321.646588, ""43"": 2.526983105, ""44"": 0.062556724, ""45"": 0.151877576, ""46"": 0.099251996, ""47"": 64.0, ""48"": 32.0, ""49"": 16.0, ""50"": 12.0, ""51"": 6.0, ""53"": 30.248271, ""56"": 0.141852999, ""57"": 0.004387206, ""58"": 42.44177119, ""60"": 10.63355284, ""61"": 18.92038753, ""62"": 0.062556724, ""63"": 0.001813948, ""67"": 0.41226091, ""68"": 0.41226091, ""71"": 0.230866109, ""72"": 0.230866109, ""73"": 0.230866109, ""210"": 17.0, ""213"": 15.6479424}",{},2026-09-05T10:40:10-04:00
Mike Gesicki,3116164,TE,CIN,ACTIVE,78.33139352,,91.17741919,56.7,170.21,1.54,417,417,"{""42"": 352.6689749, ""43"": 4.16012824, ""44"": 0.193814032, ""45"": 0.095210634, ""46"": 0.062220149, ""47"": 70.0, ""48"": 35.0, ""49"": 17.0, ""50"": 14.0, ""51"": 7.0, ""53"": 36.23281863, ""56"": 0.169476345, ""57"": 0.005241536, ""58"": 51.77514834, ""60"": 9.733412642, ""61"": 20.74523382, ""62"": 0.193814032, ""63"": 0.00157265, ""67"": 0.357420349, ""68"": 0.357420349, ""71"": 0.200155395, ""72"": 0.200155395, ""73"": 0.200155395, ""210"": 17.0, ""213"": 18.53531242}",{},2026-09-05T10:40:10-04:00
Colby Parkinson,4242557,TE,LAR,ACTIVE,61.3035974,,11.83989457,108.3,170.2,1.21,418,442,"{""42"": 290.6677736, ""43"": 3.116580548, ""44"": 0.042472089, ""45"": 0.135489205, ""46"": 0.088542196, ""47"": 58.0, ""48"": 29.0, ""49"": 14.0, ""50"": 11.0, ""51"": 5.0, ""53"": 28.04520259, ""56"": 0.119226676, ""57"": 0.003687423, ""58"": 39.35808091, ""60"": 10.36426008, ""61"": 17.09810433, ""62"": 0.042472089, ""63"": 0.002240106, ""67"": 0.509114927, ""68"": 0.509114927, ""71"": 0.285104359, ""72"": 0.285104359, ""73"": 0.285104359, ""210"": 17.0, ""213"": 14.53261185}",{},2026-09-05T10:40:10-04:00
Darnell Mooney,4040655,WR,NYG,ACTIVE,52.94511767,,131.98641658,66.3,170.36,2.09,419,419,"{""23"": 2.234230226, ""24"": 11.94443266, ""25"": 0.074659824, ""26"": 0.003136067, ""27"": 2.0, ""28"": 1.0, ""35"": 0.004102361, ""36"": 0.002871653, ""37"": 0.000282, ""38"": 9.62e-06, ""39"": 5.346106466, ""40"": 0.702613686, ""42"": 308.3675043, ""43"": 1.656614007, ""44"": 0.088550926, ""45"": 0.15666652, ""46"": 0.102381571, ""47"": 61.0, ""48"": 30.0, ""49"": 15.0, ""50"": 12.0, ""51"": 6.0, ""53"": 21.47330746, ""56"": 0.131572494, ""57"": 0.004069252, ""58"": 40.36701168, ""60"": 14.36050338, ""61"": 18.13926496, ""62"": 0.091686992, ""63"": 0.00157334, ""66"": 0.033698554, ""67"": 0.323878627, ""68"": 0.357577181, ""70"": 0.015501335, ""71"": 0.181372031, ""72"": 0.196873366, ""73"": 0.196873366, ""210"": 17.0, ""212"": 2.666692989, ""213"": 12.92574632}",{},2026-09-05T10:40:10-04:00
Mack Hollins,2991662,WR,NE,ACTIVE,45.9240386,,44.58043417,90.4,170.1,0.31,421,421,"{""42"": 257.7890487, ""43"": 1.605819989, ""44"": 0.061584131, ""45"": 0.217865148, ""46"": 0.142374874, ""47"": 51.0, ""48"": 25.0, ""49"": 12.0, ""50"": 10.0, ""51"": 5.0, ""53"": 21.47274078, ""56"": 0.099831923, ""57"": 0.003087585, ""58"": 31.09527813, ""60"": 12.00540962, ""61"": 15.16406169, ""62"": 0.061584131, ""63"": 0.00137, ""67"": 0.311897191, ""68"": 0.311897191, ""71"": 0.174662427, ""72"": 0.174662427, ""73"": 0.174662427, ""210"": 17.0, ""213"": 11.51009125}",{},2026-09-05T10:40:10-04:00
Tua Tagovailoa,4241479,QB,ATL,ACTIVE,135.94718433,,330.067959,199.9,170.09,1.67,422,422,"{""0"": 301.6337185, ""1"": 204.2081691, ""2"": 97.42554942, ""3"": 2172.858436, ""4"": 10.47769534, ""5"": 434.0, ""6"": 217.0, ""7"": 108.0, ""8"": 86.0, ""9"": 43.0, ""10"": 21.0, ""11"": 40.0, ""12"": 20.0, ""15"": 1.701472071, ""16"": 1.111911998, ""17"": 1.65806993, ""18"": 0.223961773, ""19"": 0.612988138, ""20"": 7.943395623, ""21"": 0.6770071, ""22"": 127.8152021, ""23"": 15.88717959, ""24"": 44.02430669, ""25"": 0.262846935, ""26"": 0.013722908, ""27"": 8.0, ""28"": 4.0, ""29"": 2.0, ""30"": 1.0, ""33"": 3.0, ""34"": 1.0, ""35"": 0.029592533, ""36"": 0.020714773, ""37"": 0.008760048, ""38"": 0.000299, ""39"": 2.771058666, ""40"": 2.589665099, ""62"": 0.626711046, ""63"": 0.023260791, ""64"": 20.08919632, ""65"": 5.037770527, ""66"": 0.24877297, ""68"": 5.286543497, ""69"": 2.418129853, ""70"": 0.114435566, ""72"": 2.532565419, ""73"": 10.47596104, ""210"": 17.0, ""211"": 104.6352743, ""212"": 4.719634262}",{},2026-09-05T10:40:10-04:00
Cowboys D/ST,-16006,D/ST,DAL,,78.94486018,,69.61537835,26.0,167.53,11.66,424,424,"{""89"": 0.123188406, ""90"": 0.552223888, ""91"": 2.208895552, ""92"": 2.378810595, ""93"": 0.12458411, ""94"": 1.542786511, ""95"": 11.12969144, ""96"": 7.202905084, ""97"": 1.900700712, ""98"": 0.261973689, ""99"": 39.44152966, ""100"": 78.88305932, ""101"": 0.246339798, ""102"": 0.292742306, ""103"": 1.012750692, ""104"": 0.530035819, ""105"": 2.206452725, ""106"": 11.08139244, ""109"": 1031.449791, ""110"": 343.0, ""111"": 206.0, ""112"": 49.70877623, ""113"": 65.13494273, ""114"": 1807.684287, ""115"": 238.0417462, ""116"": 180.0, ""117"": 72.0, ""118"": 23.0, ""119"": 9.0, ""120"": 387.705902, ""121"": 2.463768116, ""122"": 4.035482259, ""123"": 3.270864568, ""124"": 1.741629185, ""125"": 0.225137431, ""126"": 22.80622953, ""127"": 5883.158649, ""129"": 0.399440084, ""130"": 3.56946458, ""131"": 3.594960756, ""132"": 4.028395741, ""133"": 2.983052542, ""134"": 1.614757786, ""135"": 0.628905664, ""136"": 0.181022847, ""137"": 346.0681558, ""210"": 17.0}",{},2026-09-05T10:40:10-04:00
Colts D/ST,-16011,D/ST,IND,,84.17006576,,117.10354996,77.0,170.1,2.49,425,425,"{""89"": 0.151269746, ""90"": 0.679864027, ""91"": 2.566486703, ""92"": 2.583483303, ""93"": 0.125974774, ""94"": 1.604202718, ""95"": 11.88408878, ""96"": 6.349181548, ""97"": 1.854455886, ""98"": 0.261222211, ""99"": 39.4068246, ""100"": 78.8136492, ""101"": 0.149461707, ""102"": 0.24620371, ""103"": 1.078185875, ""104"": 0.526016844, ""105"": 2.12584291, ""106"": 9.767971612, ""109"": 997.9875396, ""110"": 332.0, ""111"": 199.0, ""112"": 34.42289231, ""113"": 81.94079426, ""114"": 1919.430903, ""115"": 275.3005119, ""116"": 191.0, ""117"": 76.0, ""118"": 27.0, ""119"": 11.0, ""120"": 378.8143951, ""121"": 2.464507099, ""122"": 3.858228354, ""123"": 2.99140172, ""124"": 1.512697461, ""125"": 0.192061588, ""126"": 22.28319971, ""127"": 5914.801493, ""129"": 0.322806316, ""130"": 3.058165101, ""131"": 3.414951029, ""132"": 4.128522886, ""133"": 3.262042774, ""134"": 1.868878673, ""135"": 0.730561663, ""136"": 0.214071557, ""137"": 347.9294996, ""210"": 17.0}",{},2026-09-05T10:40:10-04:00
Vikings D/ST,-16016,D/ST,MIN,,84.37011616,,118.10868447,121.0,169.04,13.49,426,426,"{""89"": 0.141907428, ""90"": 0.637308807, ""91"": 2.44726582, ""92"": 2.515245426, ""93"": 0.123633195, ""94"": 1.529678861, ""95"": 10.75543481, ""96"": 9.084218539, ""97"": 1.968979811, ""98"": 0.270201983, ""99"": 38.73409275, ""100"": 77.4681855, ""101"": 0.156188488, ""102"": 0.217679726, ""103"": 1.001977972, ""104"": 0.527700889, ""105"": 2.02718027, ""106"": 13.97572083, ""109"": 1115.387171, ""110"": 371.0, ""111"": 223.0, ""112"": 64.4181661, ""113"": 69.62886406, ""114"": 1663.054422, ""115"": 267.0383796, ""116"": 166.0, ""117"": 66.0, ""118"": 26.0, ""119"": 10.0, ""120"": 380.5909464, ""121"": 2.464260722, ""122"": 3.917324803, ""123"": 3.084574628, ""124"": 1.589023293, ""125"": 0.203089073, ""126"": 22.38770273, ""127"": 5948.368563, ""129"": 0.27175542, ""130"": 2.717554201, ""131"": 3.295034469, ""132"": 4.195224298, ""133"": 3.447896893, ""134"": 2.038165651, ""135"": 0.798281547, ""136"": 0.236087521, ""137"": 349.9040331, ""210"": 17.0}",{},2026-09-05T10:40:10-04:00
Bengals D/ST,-16004,D/ST,CIN,,85.74493562,,73.29156776,49.0,169.75,2.28,427,427,"{""89"": 0.160633937, ""90"": 0.722427757, ""91"": 2.685731427, ""92"": 2.651734827, ""93"": 0.125133916, ""94"": 1.59071872, ""95"": 12.21405824, ""96"": 6.33816336, ""97"": 1.844369726, ""98"": 0.260146919, ""99"": 38.5692677, ""100"": 77.13853539, ""101"": 0.148467982, ""102"": 0.225792332, ""103"": 1.066881192, ""104"": 0.523837529, ""105"": 2.09011295, ""106"": 9.751020554, ""109"": 1034.761143, ""110"": 344.0, ""111"": 206.0, ""112"": 22.16436621, ""113"": 78.72737126, ""114"": 1570.949761, ""115"": 292.118829, ""116"": 157.0, ""117"": 62.0, ""118"": 29.0, ""119"": 11.0, ""120"": 375.3116864, ""121"": 2.464753525, ""122"": 3.799120088, ""123"": 2.898210179, ""124"": 1.436356364, ""125"": 0.181031897, ""126"": 22.07715802, ""127"": 5968.530968, ""129"": 0.246241446, ""130"": 2.547325308, ""131"": 3.235103142, ""132"": 4.228560012, ""133"": 3.540782179, ""134"": 2.12277109, ""135"": 0.832126267, ""136"": 0.247090555, ""137"": 351.0900569, ""210"": 17.0}",{},2026-09-05T10:40:10-04:00
Shedeur Sanders,4432762,QB,CLE,ACTIVE,162.72368321,,63.99024827,98.1,169.91,2.39,429,429,"{""0"": 351.0518421, ""1"": 221.219981, ""2"": 129.8318611, ""3"": 2434.92494, ""4"": 10.23999774, ""5"": 486.0, ""6"": 243.0, ""7"": 121.0, ""8"": 97.0, ""9"": 48.0, ""10"": 24.0, ""11"": 44.0, ""12"": 22.0, ""15"": 1.803993807, ""16"": 1.178909953, ""17"": 1.548438571, ""18"": 0.209153451, ""19"": 0.721755359, ""20"": 8.468005277, ""21"": 0.630163282, ""22"": 143.2308788, ""23"": 32.47282931, ""24"": 181.9959903, ""25"": 0.9023924, ""26"": 0.054696354, ""27"": 36.0, ""28"": 18.0, ""29"": 9.0, ""30"": 7.0, ""31"": 3.0, ""33"": 6.0, ""34"": 3.0, ""35"": 0.061131222, ""36"": 0.042791856, ""37"": 0.127054488, ""38"": 0.00434, ""39"": 5.604562158, ""40"": 10.70564649, ""62"": 0.776451713, ""63"": 0.01907054, ""64"": 27.53987873, ""65"": 3.991824168, ""66"": 0.342389486, ""68"": 4.334213654, ""69"": 1.916075601, ""70"": 0.157499164, ""72"": 2.073574764, ""73"": 10.54158004, ""210"": 17.0, ""211"": 115.1133817, ""212"": 10.86270575}",{},2026-09-05T10:40:10-04:00
Kirk Cousins,14880,QB,LV,ACTIVE,53.8723991,,2.78390544,122.5,169.96,2.79,430,430,"{""0"": 118.7377207, ""1"": 78.64097032, ""2"": 40.09675037, ""3"": 832.376599, ""4"": 4.101797845, ""5"": 166.0, ""6"": 83.0, ""7"": 41.0, ""8"": 33.0, ""9"": 16.0, ""10"": 8.0, ""11"": 15.0, ""12"": 7.0, ""15"": 0.620590783, ""16"": 0.405556076, ""17"": 0.70604647, ""18"": 0.095368365, ""19"": 0.255578639, ""20"": 2.686790856, ""21"": 0.662308236, ""22"": 48.96332935, ""23"": 5.699039957, ""24"": 10.96672976, ""25"": 0.255175195, ""26"": 0.014360115, ""27"": 2.0, ""28"": 1.0, ""33"": 1.0, ""35"": 0.010615604, ""36"": 0.007430923, ""37"": 0.001518721, ""38"": 5.18e-05, ""39"": 1.924311786, ""40"": 0.64510175, ""62"": 0.269938754, ""63"": 0.00795, ""64"": 7.356045511, ""65"": 1.72967314, ""66"": 0.078175763, ""68"": 1.807848903, ""69"": 0.830243107, ""70"": 0.035960851, ""72"": 0.866203958, ""73"": 3.552994814, ""210"": 17.0, ""211"": 37.78193921, ""212"": 2.978753319}",{},2026-09-05T10:40:10-04:00
Bam Knight,4427728,RB,ARI,ACTIVE,0.81706837,,5.57536414,81.9,170.09,0.22,431,431,"{""101"": 0.136178061, ""114"": 1216.210959, ""116"": 121.0, ""117"": 48.0, ""210"": 17.0}",{},2026-09-05T10:40:10-04:00
Dylan Laube,4366963,RB,LV,ACTIVE,0.66509464,,1.02796154,2.2,170.07,0.18,432,432,"{""101"": 0.110849107, ""114"": 1248.400092, ""116"": 124.0, ""117"": 49.0, ""210"": 17.0}",{},2026-09-05T10:40:10-04:00
Tyler Badie,4362748,RB,DEN,ACTIVE,0.35280446,,18.74618399,25.9,170.05,0.18,433,433,"{""101"": 0.058800744, ""114"": 525.1514703, ""116"": 52.0, ""117"": 21.0, ""210"": 17.0}",{},2026-09-05T10:40:10-04:00
Ameer Abdullah,2576336,RB,JAX,ACTIVE,1.25707657,,,27.9,170.02,0.06,435,435,"{""23"": 0.507814031, ""24"": 1.950005879, ""25"": 0.009307148, ""26"": 0.000371491, ""35"": 0.000935657, ""36"": 0.00065496, ""37"": 0.000152387, ""38"": 5.2e-06, ""39"": 3.84, ""40"": 1.950005879, ""42"": 5.023536064, ""43"": 0.027131462, ""44"": 0.00111993, ""45"": 0.002127985, ""46"": 0.001390638, ""47"": 1.0, ""53"": 0.699003194, ""56"": 0.00227183, ""57"": 7.02628e-05, ""58"": 0.954283394, ""60"": 7.186714033, ""61"": 5.023536064, ""62"": 0.001491422, ""63"": 4.83977e-05, ""66"": 0.004628448, ""67"": 0.006371033, ""68"": 0.01099948, ""70"": 0.002129086, ""71"": 0.003567778, ""72"": 0.005696864, ""73"": 0.005696864, ""210"": 1.0, ""212"": 0.22551414, ""213"": 0.241319767}",{},2026-09-05T10:40:10-04:00
Adam Randall,4685526,RB,BAL,INJURY_RESERVE,,,,,170.19,0.67,436,436,{},{},2026-09-05T10:40:10-04:00
James Conner,3045147,RB,ARI,INJURY_RESERVE,,,227.29399315,29.3,170.08,3.04,437,437,{},{},2026-09-05T10:40:10-04:00
Eli Heidenreich,5081508,RB,PIT,ACTIVE,,,,,170.0,0.24,438,438,null,{},2026-09-05T10:40:10-04:00
Michael Penix Jr.,4360423,QB,ATL,QUESTIONABLE,131.82538918,,296.24474107,137.8,170.1,1.01,440,440,"{""0"": 265.3672585, ""1"": 168.2721338, ""2"": 97.09512462, ""3"": 1882.52545, ""4"": 9.413504664, ""5"": 376.0, ""6"": 188.0, ""7"": 94.0, ""8"": 75.0, ""9"": 37.0, ""10"": 18.0, ""11"": 33.0, ""12"": 16.0, ""15"": 1.432783112, ""16"": 0.936323764, ""17"": 1.338483827, ""18"": 0.18079407, ""19"": 0.554678969, ""20"": 5.099772582, ""21"": 0.634110383, ""22"": 110.7367912, ""23"": 19.34654788, ""24"": 76.631103, ""25"": 0.89124612, ""26"": 0.046495543, ""27"": 15.0, ""28"": 7.0, ""29"": 3.0, ""30"": 3.0, ""31"": 1.0, ""33"": 3.0, ""34"": 1.0, ""35"": 0.036225942, ""36"": 0.02535816, ""37"": 0.0297, ""38"": 0.00101, ""39"": 3.960970375, ""40"": 4.507711941, ""62"": 0.601174512, ""63"": 0.017780735, ""64"": 15.88047202, ""65"": 3.780988542, ""66"": 0.260087702, ""68"": 4.041076244, ""69"": 1.8148745, ""70"": 0.119640343, ""72"": 1.934514843, ""73"": 7.034287425, ""210"": 17.0, ""211"": 88.0111232, ""212"": 6.499253568}",{},2026-09-05T10:40:10-04:00
Michael Mayer,4429086,TE,LV,ACTIVE,62.44142576,,57.11198734,56.3,170.21,1.05,441,418,"{""42"": 364.1104311, ""43"": 1.31333851, ""44"": 0.083541554, ""45"": 0.088488045, ""46"": 0.057826937, ""47"": 72.0, ""48"": 36.0, ""49"": 18.0, ""50"": 14.0, ""51"": 7.0, ""53"": 36.97642604, ""56"": 0.181149084, ""57"": 0.005602549, ""58"": 54.39890289, ""60"": 9.847096383, ""61"": 21.41826065, ""62"": 0.083541554, ""63"": 0.001983711, ""67"": 0.45084334, ""68"": 0.45084334, ""71"": 0.25247227, ""72"": 0.25247227, ""73"": 0.25247227, ""210"": 17.0, ""213"": 17.85621885}",{},2026-09-05T10:40:10-04:00
Jake Tonges,4259147,TE,SF,ACTIVE,16.18244135,,,76.3,170.1,1.91,442,441,"{""42"": 82.58550734, ""43"": 0.637854983, ""44"": 0.032684788, ""45"": 0.110196654, ""46"": 0.072013514, ""47"": 16.0, ""48"": 8.0, ""49"": 4.0, ""50"": 3.0, ""51"": 1.0, ""53"": 8.289863519, ""56"": 0.037338776, ""57"": 0.001154808, ""58"": 11.75665836, ""60"": 9.962227623, ""61"": 4.85797102, ""62"": 0.032684788, ""63"": 0.000446052, ""67"": 0.101375549, ""68"": 0.101375549, ""71"": 0.056770307, ""72"": 0.056770307, ""73"": 0.056770307, ""210"": 17.0, ""213"": 3.278036308}",{},2026-09-05T10:40:10-04:00
Dawson Knox,3930086,TE,BUF,ACTIVE,55.76757976,,38.42081868,85.7,169.81,0.87,443,459,"{""42"": 265.2006165, ""43"": 2.761461694, ""44"": 0.221962684, ""45"": 0.138369999, ""46"": 0.090424794, ""47"": 53.0, ""48"": 26.0, ""49"": 13.0, ""50"": 10.0, ""51"": 5.0, ""53"": 24.9480196, ""56"": 0.103798534, ""57"": 0.003210264, ""58"": 35.75471934, ""60"": 10.63012699, ""61"": 15.60003626, ""62"": 0.221962684, ""63"": 0.000939664, ""67"": 0.213560021, ""68"": 0.213560021, ""71"": 0.119593612, ""72"": 0.119593612, ""73"": 0.119593612, ""210"": 17.0, ""213"": 12.97916377}",{},2026-09-05T10:40:10-04:00
Erick All Jr.,4427834,TE,CIN,ACTIVE,55.43103218,,,,170.03,0.21,445,443,"{""42"": 274.993013, ""43"": 2.166648162, ""44"": 0.100921643, ""45"": 0.096264393, ""46"": 0.062908781, ""47"": 54.0, ""48"": 27.0, ""49"": 13.0, ""50"": 10.0, ""51"": 5.0, ""53"": 30.28971236, ""56"": 0.109482009, ""57"": 0.003386042, ""58"": 40.26955982, ""60"": 9.078759471, ""61"": 16.17605959, ""62"": 0.100921643, ""63"": 0.001629798, ""67"": 0.370408538, ""68"": 0.370408538, ""71"": 0.207428781, ""72"": 0.207428781, ""73"": 0.207428781, ""210"": 17.0, ""213"": 14.22351906}",{},2026-09-05T10:40:10-04:00
J.J. McCarthy,4433970,QB,MIN,ACTIVE,11.98669284,,341.75337514,146.5,169.91,0.78,447,447,"{""0"": 23.06951833, ""1"": 14.72159637, ""2"": 8.347921957, ""3"": 165.1306805, ""4"": 0.96430489, ""5"": 33.0, ""6"": 16.0, ""7"": 8.0, ""8"": 6.0, ""9"": 3.0, ""10"": 1.0, ""11"": 2.0, ""12"": 1.0, ""15"": 0.088905078, ""16"": 0.058099469, ""17"": 0.243400583, ""18"": 0.032877037, ""19"": 0.054020611, ""20"": 0.655356467, ""21"": 0.638140604, ""22"": 9.71356944, ""23"": 1.369669012, ""24"": 6.13990201, ""25"": 0.098459229, ""26"": 0.005585772, ""27"": 1.0, ""35"": 0.002513716, ""36"": 0.001759601, ""37"": 5.19e-05, ""38"": 1.77e-06, ""39"": 4.482763323, ""40"": 0.361170706, ""62"": 0.059606383, ""63"": 0.001894204, ""64"": 1.795494451, ""65"": 0.408025237, ""66"": 0.022475738, ""68"": 0.430500975, ""69"": 0.195852114, ""70"": 0.01033884, ""72"": 0.206190953, ""73"": 0.86154742, ""210"": 17.0, ""211"": 4.150719712, ""212"": 2.435918802}",{},2026-09-05T10:40:10-04:00
Carson Beck,4430841,QB,ARI,ACTIVE,34.38923942,,,,170.01,0.85,451,451,"{""0"": 66.16199891, ""1"": 40.84315157, ""2"": 25.31884734, ""3"": 450.5788154, ""4"": 2.569528099, ""5"": 90.0, ""6"": 45.0, ""7"": 22.0, ""8"": 18.0, ""9"": 9.0, ""10"": 4.0, ""11"": 8.0, ""12"": 4.0, ""15"": 0.347438267, ""16"": 0.227050907, ""17"": 0.304822655, ""18"": 0.041173548, ""19"": 0.139267073, ""20"": 1.502841558, ""21"": 0.617320399, ""22"": 112.6447039, ""23"": 6.557054909, ""24"": 29.42492984, ""25"": 0.285586781, ""26"": 0.014331511, ""27"": 5.0, ""28"": 2.0, ""29"": 1.0, ""30"": 1.0, ""33"": 1.0, ""35"": 0.012389668, ""36"": 0.008672767, ""37"": 0.018782114, ""38"": 0.000640961, ""39"": 4.487522257, ""40"": 7.356232461, ""62"": 0.153598583, ""63"": 0.004532636, ""64"": 4.87981518, ""65"": 0.943097988, ""66"": 0.087046557, ""68"": 1.030144545, ""69"": 0.452687034, ""70"": 0.040041416, ""72"": 0.49272845, ""73"": 1.995570008, ""210"": 4.0, ""211"": 21.82956311, ""212"": 1.84857314}",{},2026-09-05T10:40:10-04:00
Justin Fields,4362887,QB,KC,ACTIVE,12.46423272,,334.24453466,155.9,169.96,0.47,453,453,"{""0"": 20.57120295, ""1"": 12.83082985, ""2"": 7.740373101, ""3"": 140.5095051, ""4"": 0.92748663, ""5"": 28.0, ""6"": 14.0, ""7"": 7.0, ""8"": 5.0, ""9"": 2.0, ""10"": 1.0, ""11"": 2.0, ""12"": 1.0, ""15"": 0.085340824, ""16"": 0.055770229, ""17"": 0.210135794, ""18"": 0.028383836, ""19"": 0.048874642, ""20"": 0.431469453, ""21"": 0.623727736, ""22"": 8.265265007, ""23"": 2.762624565, ""24"": 15.30757561, ""25"": 0.155477905, ""26"": 0.006727282, ""27"": 3.0, ""28"": 1.0, ""35"": 0.005074016, ""36"": 0.003551811, ""37"": 0.000492, ""38"": 1.68e-05, ""39"": 5.540953991, ""40"": 0.900445624, ""62"": 0.055601924, ""63"": 0.001899365, ""64"": 2.735474299, ""65"": 0.385928294, ""66"": 0.045745473, ""68"": 0.431673767, ""69"": 0.185245581, ""70"": 0.021042918, ""72"": 0.206288499, ""73"": 0.637757952, ""210"": 17.0, ""211"": 3.065056596, ""212"": 2.872602255}",{},2026-09-05T10:40:10-04:00
Joe Flacco,11252,QB,CIN,ACTIVE,12.94925104,,119.45331428,175.3,169.97,0.34,454,454,"{""0"": 24.76570545, ""1"": 15.29434518, ""2"": 9.471360267, ""3"": 164.7917246, ""4"": 1.314168199, ""5"": 32.0, ""6"": 16.0, ""7"": 8.0, ""8"": 6.0, ""9"": 3.0, ""10"": 1.0, ""11"": 3.0, ""12"": 1.0, ""15"": 0.08885734, ""16"": 0.058068271, ""17"": 0.242936164, ""18"": 0.032814306, ""19"": 0.063817911, ""20"": 0.690315084, ""21"": 0.617561459, ""22"": 9.693630857, ""23"": 0.401004768, ""24"": 1.172233218, ""25"": 0.017376892, ""26"": 0.001174758, ""35"": 0.000735565, ""36"": 0.000514896, ""37"": -5.12e-06, ""38"": -1.75e-07, ""39"": 2.923240096, ""40"": 0.068954895, ""62"": 0.064992669, ""63"": 0.001406127, ""64"": 1.358367751, ""65"": 0.314742911, ""66"": 0.004831307, ""68"": 0.319574218, ""69"": 0.151076597, ""70"": 0.002222401, ""72"": 0.153298999, ""73"": 0.843614082, ""210"": 17.0, ""211"": 4.439901489, ""212"": 2.148887403}",{},2026-09-05T10:40:10-04:00
Mac Jones,4241464,QB,SF,ACTIVE,10.46071955,,2.39690403,155.2,169.98,0.27,455,455,"{""0"": 22.36119615, ""1"": 14.73936414, ""2"": 7.621832009, ""3"": 145.5802963, ""4"": 0.942270866, ""5"": 29.0, ""6"": 14.0, ""7"": 7.0, ""8"": 5.0, ""9"": 2.0, ""10"": 1.0, ""11"": 2.0, ""12"": 1.0, ""15"": 0.086058365, ""16"": 0.056239142, ""17"": 0.217068367, ""18"": 0.029320245, ""19"": 0.057304742, ""20"": 0.563581797, ""21"": 0.659149182, ""22"": 8.563546839, ""23"": 0.946746145, ""24"": 2.22040228, ""25"": 0.013188297, ""26"": 0.000653988, ""35"": 0.001737138, ""36"": 0.001215997, ""37"": -3.67e-06, ""38"": -1.25e-07, ""39"": 2.345298463, ""40"": 0.130611899, ""62"": 0.057958729, ""63"": 0.001298357, ""64"": 1.614143014, ""65"": 0.28387154, ""66"": 0.011209614, ""68"": 0.295081153, ""69"": 0.136258339, ""70"": 0.005156422, ""72"": 0.141414761, ""73"": 0.704996559, ""210"": 17.0, ""211"": 3.687712633, ""212"": 2.214312092}",{},2026-09-05T10:40:10-04:00
Jam Miller,4685477,RB,FA,QUESTIONABLE,,,,,170.01,0.05,456,456,null,{},2026-09-05T10:40:10-04:00
Trey Benson,4429275,RB,ARI,INJURY_RESERVE,,,116.96089209,28.9,169.98,0.26,457,457,{},{},2026-09-05T10:40:10-04:00
Riley Nowakowski,4693370,RB,PIT,ACTIVE,5.97522247,,,,169.99,0.07,458,458,"{""42"": 29.1551869, ""43"": 0.159953734, ""44"": 0.004896807, ""45"": 0.035793997, ""46"": 0.023391377, ""47"": 5.0, ""48"": 2.0, ""49"": 1.0, ""50"": 1.0, ""53"": 4.262063307, ""56"": 0.015988762, ""57"": 0.000494498, ""58"": 5.666734428, ""60"": 6.840627368, ""61"": 1.715010994, ""62"": 0.004896807, ""63"": 0.000160458, ""67"": 0.036467762, ""68"": 0.036467762, ""71"": 0.020421947, ""72"": 0.020421947, ""73"": 0.020421947, ""210"": 17.0, ""213"": 0.691147866}",{},2026-09-05T10:40:10-04:00
Darnell Washington,4430802,TE,PIT,ACTIVE,56.93942238,,10.63975293,57.9,169.85,1.53,459,445,"{""42"": 305.1229786, ""43"": 1.899854564, ""44"": 0.058132278, ""45"": 0.090021605, ""46"": 0.058829119, ""47"": 61.0, ""48"": 30.0, ""49"": 15.0, ""50"": 12.0, ""51"": 6.0, ""53"": 30.98098883, ""56"": 0.129218719, ""57"": 0.003996455, ""58"": 45.33387543, ""60"": 9.848716588, ""61"": 17.9484105, ""62"": 0.058132278, ""63"": 0.002273707, ""67"": 0.516751638, ""68"": 0.516751638, ""71"": 0.289380917, ""72"": 0.289380917, ""73"": 0.289380917, ""210"": 17.0, ""213"": 15.10285398}",{},2026-09-05T10:40:10-04:00
Elijah Arroyo,4678006,TE,SEA,ACTIVE,48.55137343,,92.42128904,29.4,169.93,0.48,460,460,"{""42"": 264.1794343, ""43"": 1.715671505, ""44"": 0.062399243, ""45"": 0.144201231, ""46"": 0.094235505, ""47"": 52.0, ""48"": 26.0, ""49"": 13.0, ""50"": 10.0, ""51"": 5.0, ""53"": 24.08906808, ""56"": 0.103256595, ""57"": 0.003193503, ""58"": 35.2640479, ""60"": 10.96677685, ""61"": 15.53996672, ""62"": 0.062399243, ""63"": 0.00129616, ""67"": 0.29458175, ""68"": 0.29458175, ""71"": 0.16496578, ""72"": 0.16496578, ""73"": 0.16496578, ""210"": 17.0, ""213"": 12.32758028}",{},2026-09-05T10:40:10-04:00
Mason Taylor,4808766,TE,NYJ,ACTIVE,53.62600015,,102.73033536,66.9,170.0,0.5,464,464,"{""42"": 284.807313, ""43"": 1.421880451, ""44"": 0.173144272, ""45"": 0.069498406, ""46"": 0.045417208, ""47"": 56.0, ""48"": 28.0, ""49"": 14.0, ""50"": 11.0, ""51"": 5.0, ""53"": 33.45172623, ""56"": 0.120629142, ""57"": 0.003730798, ""58"": 45.02617788, ""60"": 8.513979549, ""61"": 16.75337135, ""62"": 0.173144272, ""63"": 0.001799936, ""67"": 0.409076351, ""68"": 0.409076351, ""71"": 0.229082756, ""72"": 0.229082756, ""73"": 0.229082756, ""210"": 17.0, ""213"": 14.91033906}",{},2026-09-05T10:40:10-04:00
Theo Johnson,4429148,TE,NYG,QUESTIONABLE,48.89729444,,96.63749327,105.3,170.1,0.52,465,465,"{""42"": 268.8009707, ""43"": 1.580481255, ""44"": 0.084513028, ""45"": 0.115307751, ""46"": 0.075353616, ""47"": 53.0, ""48"": 26.0, ""49"": 13.0, ""50"": 10.0, ""51"": 5.0, ""53"": 25.28465836, ""56"": 0.105881786, ""57"": 0.003274694, ""58"": 37.84407345, ""60"": 10.63099081, ""61"": 15.81182181, ""62"": 0.084513028, ""63"": 0.00109, ""67"": 0.247361961, ""68"": 0.247361961, ""71"": 0.138522698, ""72"": 0.138522698, ""73"": 0.138522698, ""210"": 17.0, ""213"": 12.67225718}",{},2026-09-05T10:40:10-04:00
Cole Kmet,4258595,TE,CHI,ACTIVE,42.90615931,,33.7973678,63.7,169.75,0.85,466,466,"{""42"": 219.9133792, ""43"": 1.668512747, ""44"": 0.110867551, ""45"": 0.110613939, ""46"": 0.072286209, ""47"": 43.0, ""48"": 21.0, ""49"": 10.0, ""50"": 8.0, ""51"": 4.0, ""53"": 21.89237581, ""56"": 0.082257695, ""57"": 0.002544052, ""58"": 31.16232709, ""60"": 10.04520391, ""61"": 12.93608113, ""62"": 0.110867551, ""63"": 0.001037843, ""67"": 0.235873306, ""68"": 0.235873306, ""71"": 0.132089051, ""72"": 0.132089051, ""73"": 0.132089051, ""210"": 17.0, ""213"": 10.58691354}",{},2026-09-05T10:40:10-04:00
Ja'Tavion Sanders,4431588,TE,CAR,ACTIVE,32.52194445,,80.28927817,39.5,169.94,0.22,467,467,"{""42"": 164.1153972, ""43"": 1.089291401, ""44"": 0.066088059, ""45"": 0.06857077, ""46"": 0.044810998, ""47"": 32.0, ""48"": 16.0, ""49"": 8.0, ""50"": 6.0, ""51"": 3.0, ""53"": 19.45178377, ""56"": 0.062672339, ""57"": 0.00193832, ""58"": 25.99895095, ""60"": 8.437035856, ""61"": 9.653846891, ""62"": 0.066088059, ""63"": 0.001113403, ""67"": 0.253046143, ""68"": 0.253046143, ""71"": 0.14170584, ""72"": 0.14170584, ""73"": 0.14170584, ""210"": 17.0, ""213"": 8.25507999}",{},2026-09-05T10:40:10-04:00
Noah Gray,4240472,TE,KC,ACTIVE,47.66063693,,55.86208837,28.3,169.92,0.3,468,468,"{""42"": 262.0485555, ""43"": 1.419852191, ""44"": 0.063482809, ""45"": 0.101523322, ""46"": 0.066345491, ""47"": 52.0, ""48"": 26.0, ""49"": 13.0, ""50"": 10.0, ""51"": 5.0, ""53"": 26.12025716, ""56"": 0.102153192, ""57"": 0.003159377, ""58"": 38.00459598, ""60"": 10.03238804, ""61"": 15.41462091, ""62"": 0.063482809, ""63"": 0.000983816, ""67"": 0.223594609, ""68"": 0.223594609, ""71"": 0.125212981, ""72"": 0.125212981, ""73"": 0.125212981, ""210"": 17.0, ""213"": 12.61082884}",{},2026-09-05T10:40:10-04:00
Eli Stowers,4431574,TE,PHI,QUESTIONABLE,23.59707546,,,,169.98,0.58,469,469,"{""23"": 4.621409678, ""24"": 19.87119972, ""25"": 0.171520536, ""26"": 0.005144568, ""27"": 3.0, ""28"": 1.0, ""35"": 0.008496565, ""36"": 0.005947595, ""37"": 0.000875789, ""38"": 2.99e-05, ""39"": 4.299813499, ""40"": 1.168894101, ""42"": 106.8495328, ""43"": 0.773175961, ""44"": 0.034701832, ""45"": 0.123970565, ""46"": 0.081014765, ""47"": 21.0, ""48"": 10.0, ""49"": 5.0, ""50"": 4.0, ""51"": 2.0, ""53"": 10.75279505, ""56"": 0.045495493, ""57"": 0.001407077, ""58"": 14.74820071, ""60"": 9.936907776, ""61"": 6.285266634, ""62"": 0.0398464, ""63"": 0.000827239, ""66"": 0.056514555, ""67"": 0.131494385, ""68"": 0.188008939, ""70"": 0.025996695, ""71"": 0.073636855, ""72"": 0.099633551, ""73"": 0.099633551, ""210"": 17.0, ""212"": 3.151581419, ""213"": 4.563861136}",{},2026-09-05T10:40:10-04:00
Tyler Higbee,2573401,TE,LAR,ACTIVE,30.42138775,,98.13607351,58.6,169.87,0.39,470,470,"{""42"": 153.9528697, ""43"": 1.251082393, ""44"": 0.01704718, ""45"": 0.097980178, ""46"": 0.064030046, ""47"": 30.0, ""48"": 15.0, ""49"": 7.0, ""50"": 6.0, ""51"": 3.0, ""53"": 15.3077702, ""56"": 0.059568038, ""57"": 0.00184231, ""58"": 22.49033195, ""60"": 10.05717146, ""61"": 9.056051157, ""62"": 0.01704718, ""63"": 0.000661466, ""67"": 0.150333073, ""68"": 0.150333073, ""71"": 0.084186521, ""72"": 0.084186521, ""73"": 0.084186521, ""210"": 17.0, ""213"": 7.096438857}",{},2026-09-05T10:40:10-04:00
Max Klare,4833029,TE,LAR,ACTIVE,7.92904956,,,,169.99,0.15,471,471,"{""42"": 38.04677003, ""43"": 0.359211036, ""44"": 0.004894877, ""45"": 0.093266931, ""46"": 0.060949939, ""47"": 7.0, ""48"": 3.0, ""49"": 1.0, ""50"": 1.0, ""53"": 4.028998051, ""56"": 0.020185151, ""57"": 0.000624283, ""58"": 5.622582987, ""60"": 9.443233664, ""61"": 2.238045296, ""62"": 0.004894877, ""63"": 0.000216788, ""67"": 0.049270038, ""68"": 0.049270038, ""71"": 0.027591221, ""72"": 0.027591221, ""73"": 0.027591221, ""210"": 17.0, ""213"": 0.964699017}",{},2026-09-05T10:40:10-04:00
Drew Sample,3127310,TE,CIN,ACTIVE,37.67447825,,11.73465899,24.4,169.98,0.08,472,472,"{""42"": 183.2955965, ""43"": 1.447355397, ""44"": 0.067414573, ""45"": 0.071632967, ""46"": 0.046812144, ""47"": 36.0, ""48"": 18.0, ""49"": 9.0, ""50"": 7.0, ""51"": 3.0, ""53"": 21.65948649, ""56"": 0.068823207, ""57"": 0.002128553, ""58"": 28.7639713, ""60"": 8.462601204, ""61"": 10.78209391, ""62"": 0.067414573, ""63"": 0.001193446, ""67"": 0.271237656, ""68"": 0.271237656, ""71"": 0.151893087, ""72"": 0.151893087, ""73"": 0.151893087, ""210"": 17.0, ""213"": 9.433620862}",{},2026-09-05T10:40:10-04:00
Eli Raridon,4831959,TE,NE,ACTIVE,36.74916873,,,,169.98,0.25,473,473,"{""42"": 189.1202653, ""43"": 1.382904505, ""44"": 0.053043451, ""45"": 0.128857736, ""46"": 0.084208531, ""47"": 37.0, ""48"": 18.0, ""49"": 9.0, ""50"": 7.0, ""51"": 3.0, ""53"": 19.39863635, ""56"": 0.07078329, ""57"": 0.002189174, ""58"": 25.91273178, ""60"": 9.749152559, ""61"": 11.12472149, ""62"": 0.053043451, ""63"": 0.001043782, ""67"": 0.237223135, ""68"": 0.237223135, ""71"": 0.132844956, ""72"": 0.132844956, ""73"": 0.132844956, ""210"": 17.0, ""213"": 9.05256511}",{},2026-09-05T10:40:10-04:00
Ty Simpson,4685522,QB,LAR,ACTIVE,12.35711398,,,,169.97,0.42,476,476,"{""0"": 21.85882411, ""1"": 13.50698594, ""2"": 8.351838179, ""3"": 146.2580179, ""4"": 1.191987143, ""5"": 29.0, ""6"": 14.0, ""7"": 7.0, ""8"": 5.0, ""9"": 2.0, ""10"": 1.0, ""11"": 2.0, ""12"": 1.0, ""15"": 0.086154523, ""16"": 0.056301981, ""17"": 0.217993644, ""18"": 0.029445225, ""19"": 0.019650268, ""20"": 0.585636029, ""21"": 0.617919146, ""22"": 8.603412817, ""23"": 1.098343072, ""24"": 4.822987807, ""25"": 0.061758965, ""26"": 0.000926486, ""35"": 0.002015462, ""36"": 0.001410823, ""37"": 2.43868e-05, ""38"": 8.32e-07, ""39"": 4.391148747, ""40"": 0.283705165, ""62"": 0.020576755, ""63"": 0.001458078, ""64"": 2.00517537, ""65"": 0.316800608, ""66"": 0.014580781, ""68"": 0.331381389, ""69"": 0.152064292, ""70"": 0.006707159, ""72"": 0.158771451, ""73"": 0.744407481, ""210"": 17.0, ""211"": 3.487840755, ""212"": 2.347608743}",{},2026-09-05T10:40:10-04:00
Jameis Winston,2969939,QB,NYG,ACTIVE,10.33819269,,,46.7,169.96,0.31,477,477,"{""0"": 22.19898371, ""1"": 13.57149553, ""2"": 8.627488175, ""3"": 162.9443211, ""4"": 0.920409254, ""5"": 32.0, ""6"": 16.0, ""7"": 8.0, ""8"": 6.0, ""9"": 3.0, ""10"": 1.0, ""11"": 2.0, ""12"": 1.0, ""15"": 0.088581645, ""16"": 0.057888105, ""17"": 0.240480787, ""18"": 0.032482649, ""19"": 0.046418407, ""20"": 0.896844971, ""21"": 0.611356615, ""22"": 9.584960062, ""23"": 0.736772727, ""24"": 2.652121296, ""25"": 0.027194786, ""26"": 0.001143256, ""35"": 0.001351714, ""36"": 0.0009462, ""37"": -1.44e-06, ""38"": -4.93e-08, ""39"": 3.5996464, ""40"": 0.156007135, ""62"": 0.047561663, ""63"": 0.001441319, ""64"": 1.658274403, ""65"": 0.317759283, ""66"": 0.009813214, ""68"": 0.327572497, ""69"": 0.152524456, ""70"": 0.004514078, ""72"": 0.157038534, ""73"": 1.053883505, ""210"": 17.0, ""211"": 3.781099836, ""212"": 2.22657453}",{},2026-09-05T10:40:10-04:00
Anthony Richardson Sr.,4429084,QB,IND,ACTIVE,,,79.41678228,1.5,169.98,0.17,478,478,null,{},2026-09-05T10:40:10-04:00
Jalon Daniels,4596472,QB,TB,ACTIVE,12.50796762,,,,169.94,0.08,479,479,"{""0"": 22.29887668, ""1"": 14.52111201, ""2"": 7.777764672, ""3"": 160.2149359, ""4"": 1.03171134, ""5"": 32.0, ""6"": 16.0, ""7"": 8.0, ""8"": 6.0, ""9"": 3.0, ""10"": 1.0, ""11"": 2.0, ""12"": 1.0, ""15"": 0.08817683, ""16"": 0.057623559, ""17"": 0.236840955, ""18"": 0.031991003, ""19"": 0.089061532, ""20"": 0.452649519, ""21"": 0.651203745, ""22"": 9.424407994, ""23"": 1.253083643, ""24"": 5.497898094, ""25"": 0.066928412, ""26"": 0.006120949, ""27"": 1.0, ""35"": 0.002299605, ""36"": 0.001609723, ""37"": 3.74127e-05, ""38"": 1.28e-06, ""39"": 4.387494901, ""40"": 0.32340577, ""62"": 0.095182481, ""63"": 0.00146388, ""64"": 1.509712533, ""65"": 0.316065023, ""66"": 0.016635001, ""68"": 0.332700024, ""69"": 0.151711211, ""70"": 0.007652101, ""72"": 0.159363311, ""73"": 0.612012831, ""210"": 17.0, ""211"": 4.01169313, ""212"": 2.38365212}",{},2026-09-05T10:40:10-04:00
Jarrett Stidham,3892775,QB,DEN,ACTIVE,12.55733563,,2.82786824,-0.1,169.99,0.09,480,480,"{""0"": 22.22120744, ""1"": 13.74588719, ""2"": 8.475320244, ""3"": 161.3807285, ""4"": 1.101589919, ""5"": 32.0, ""6"": 16.0, ""7"": 8.0, ""8"": 6.0, ""9"": 3.0, ""10"": 1.0, ""11"": 2.0, ""12"": 1.0, ""15"": 0.088349555, ""16"": 0.057736434, ""17"": 0.238396515, ""18"": 0.032201118, ""19"": 0.066850577, ""20"": 0.584643172, ""21"": 0.618593172, ""22"": 9.492984029, ""23"": 1.648880717, ""24"": 6.774473446, ""25"": 0.049557155, ""26"": 0.003034581, ""27"": 1.0, ""35"": 0.003026606, ""36"": 0.002118624, ""37"": 6.83844e-05, ""38"": 2.33e-06, ""39"": 4.108528518, ""40"": 0.398498438, ""62"": 0.069885158, ""63"": 0.001826564, ""64"": 2.332709986, ""65"": 0.38900513, ""66"": 0.026123044, ""68"": 0.415128174, ""69"": 0.186722462, ""70"": 0.0120166, ""72"": 0.198739063, ""73"": 0.783382234, ""210"": 17.0, ""211"": 3.866455451, ""212"": 2.437851726}",{},2026-09-05T10:40:10-04:00
Tommy DeVito,4240391,QB,NE,ACTIVE,12.31017689,,,,169.95,0.16,482,482,"{""0"": 22.49158283, ""1"": 14.64759719, ""2"": 7.843985639, ""3"": 150.0904437, ""4"": 0.994057564, ""5"": 30.0, ""6"": 15.0, ""7"": 7.0, ""8"": 6.0, ""9"": 3.0, ""10"": 1.0, ""11"": 2.0, ""12"": 1.0, ""15"": 0.086704007, ""16"": 0.056661069, ""17"": 0.223197629, ""18"": 0.030148147, ""19"": 0.043156702, ""20"": 0.408640735, ""21"": 0.651247949, ""22"": 8.82884963, ""23"": 1.86479904, ""24"": 9.502568751, ""25"": 0.066996157, ""26"": 0.002382863, ""27"": 1.0, ""35"": 0.003423338, ""36"": 0.002396337, ""37"": 0.000163, ""38"": 5.56e-06, ""39"": 5.095760211, ""40"": 0.558974632, ""62"": 0.045539565, ""63"": 0.001288091, ""64"": 1.701731035, ""65"": 0.271797946, ""66"": 0.020949943, ""68"": 0.292747889, ""69"": 0.130463014, ""70"": 0.009636974, ""72"": 0.140099988, ""73"": 0.548740723, ""210"": 17.0, ""211"": 3.791403872, ""212"": 2.556085272}",{},2026-09-05T10:40:10-04:00
Marcus Mariota,2576980,QB,WSH,QUESTIONABLE,12.05833674,,3.18261227,144.7,169.99,0.1,483,483,"{""0"": 22.60490127, ""1"": 14.28598777, ""2"": 8.318913505, ""3"": 165.8605601, ""4"": 0.959384991, ""5"": 33.0, ""6"": 16.0, ""7"": 8.0, ""8"": 6.0, ""9"": 3.0, ""10"": 1.0, ""11"": 2.0, ""12"": 1.0, ""15"": 0.089015152, ""16"": 0.058171402, ""17"": 0.244365018, ""18"": 0.033007307, ""19"": 0.072646768, ""20"": 0.67211817, ""21"": 0.631986293, ""22"": 9.756503534, ""23"": 1.753677144, ""24"": 9.777713882, ""25"": 0.055764921, ""26"": 0.003281279, ""27"": 1.0, ""35"": 0.003219148, ""36"": 0.002253403, ""37"": 0.000174, ""38"": 5.95e-06, ""39"": 5.57554959, ""40"": 0.57515964, ""62"": 0.075928047, ""63"": 0.001920982, ""64"": 1.827683724, ""65"": 0.407348925, ""66"": 0.029237942, ""68"": 0.436586867, ""69"": 0.195527484, ""70"": 0.013449453, ""72"": 0.208976937, ""73"": 0.881095107, ""210"": 17.0, ""211"": 4.052193903, ""212"": 2.550251719}",{},2026-09-05T10:40:10-04:00
Tyson Bagent,4434153,QB,CHI,ACTIVE,12.0918773,,2.80204124,2.5,169.98,0.12,484,484,"{""0"": 22.28734341, ""1"": 14.36021313, ""2"": 7.927130276, ""3"": 156.5689961, ""4"": 1.028123782, ""5"": 31.0, ""6"": 15.0, ""7"": 7.0, ""8"": 6.0, ""9"": 3.0, ""10"": 1.0, ""11"": 2.0, ""12"": 1.0, ""15"": 0.087641486, ""16"": 0.057273711, ""17"": 0.231952293, ""18"": 0.031330673, ""19"": 0.069690093, ""20"": 0.552201777, ""21"": 0.644321437, ""22"": 9.209940946, ""23"": 1.521976699, ""24"": 5.967792993, ""25"": 0.07723359, ""26"": 0.004563065, ""27"": 1.0, ""35"": 0.002793474, ""36"": 0.001955432, ""37"": 4.78e-05, ""38"": 1.63e-06, ""39"": 3.921080394, ""40"": 0.351046647, ""62"": 0.074253158, ""63"": 0.001751336, ""64"": 1.415772985, ""65"": 0.374015335, ""66"": 0.024015518, ""68"": 0.398030854, ""69"": 0.179527361, ""70"": 0.011047138, ""72"": 0.190574499, ""73"": 0.742776276, ""210"": 17.0, ""211"": 3.882759324, ""212"": 2.423536912}",{},2026-09-05T10:40:10-04:00
Sam Howell,4426875,QB,DAL,ACTIVE,11.43248396,,0.13602478,,169.97,0.09,485,485,"{""0"": 21.89261811, ""1"": 13.81557583, ""2"": 8.077042287, ""3"": 144.2657147, ""4"": 1.043436879, ""5"": 28.0, ""6"": 14.0, ""7"": 7.0, ""8"": 5.0, ""9"": 2.0, ""10"": 1.0, ""11"": 2.0, ""12"": 1.0, ""15"": 0.085870845, ""16"": 0.056116597, ""17"": 0.215278566, ""18"": 0.02907849, ""19"": 0.043983096, ""20"": 0.719598947, ""21"": 0.631060925, ""22"": 8.486218513, ""23"": 1.282234671, ""24"": 6.924746761, ""25"": 0.074997436, ""26"": 0.002828017, ""27"": 1.0, ""35"": 0.002353139, ""36"": 0.001647197, ""37"": 7.26e-05, ""38"": 2.48e-06, ""39"": 5.400529965, ""40"": 0.407338045, ""62"": 0.046811114, ""63"": 0.001033508, ""64"": 2.367261855, ""65"": 0.223096553, ""66"": 0.011791573, ""68"": 0.234888126, ""69"": 0.107086346, ""70"": 0.005424123, ""72"": 0.112510469, ""73"": 0.832109416, ""210"": 17.0, ""211"": 3.458816654, ""212"": 2.439616612}",{},2026-09-05T10:40:10-04:00
Tanner McKee,4685201,QB,PHI,ACTIVE,11.24947217,,2.18009456,15.6,169.98,0.08,486,486,"{""0"": 21.6478118, ""1"": 13.68270024, ""2"": 7.965111556, ""3"": 152.9486379, ""4"": 0.950540173, ""5"": 30.0, ""6"": 15.0, ""7"": 7.0, ""8"": 6.0, ""9"": 3.0, ""10"": 1.0, ""11"": 2.0, ""12"": 1.0, ""15"": 0.087115986, ""16"": 0.056930297, ""17"": 0.22706796, ""18"": 0.030670928, ""19"": 0.043834052, ""20"": 0.493006381, ""21"": 0.632059276, ""22"": 8.996978699, ""23"": 1.028438452, ""24"": 3.736599505, ""25"": 0.037039706, ""26"": 0.001111164, ""35"": 0.001887115, ""36"": 0.00132098, ""37"": 8.45e-06, ""38"": 2.88e-07, ""39"": 3.633274795, ""40"": 0.219799971, ""62"": 0.044945216, ""63"": 0.000704998, ""64"": 1.462930747, ""65"": 0.153400466, ""66"": 0.00682639, ""68"": 0.160226856, ""69"": 0.073632224, ""70"": 0.003140139, ""72"": 0.076772363, ""73"": 0.569778744, ""210"": 17.0, ""211"": 3.588486283, ""212"": 2.288251313}",{},2026-09-05T10:40:10-04:00
Jake Elliott,3050478,K,PHI,ACTIVE,135.71682201,,141.38108779,109.0,169.12,8.57,488,488,"{""74"": 5.224575086, ""75"": 7.7349048, ""76"": 2.510329714, ""77"": 6.952170879, ""78"": 8.8398912, ""79"": 1.887720321, ""80"": 14.96062637, ""81"": 15.924804, ""82"": 0.964177625, ""83"": 27.13737234, ""84"": 32.4996, ""85"": 5.36222766, ""86"": 42.26561161, ""87"": 44.84632243, ""88"": 2.580710819, ""198"": 5.224575086, ""199"": 7.7349048, ""200"": 2.510329714, ""210"": 17.0, ""214"": 1043.793535, ""215"": 249.4305478, ""216"": 1293.224083}",{},2026-09-05T10:40:10-04:00
Daniel Carlson,3051909,K,NO,ACTIVE,137.83877876,,130.4676004,98.0,170.16,1.34,489,489,"{""74"": 5.923005935, ""75"": 8.57752, ""76"": 2.654514065, ""77"": 7.85726932, ""78"": 9.80288, ""79"": 1.94561068, ""80"": 16.85655838, ""81"": 17.6596, ""82"": 0.803041616, ""83"": 30.63683364, ""84"": 36.04, ""85"": 5.403166361, ""86"": 31.62816303, ""87"": 33.03110557, ""88"": 1.402942539, ""198"": 5.923005935, ""199"": 8.57752, ""200"": 2.654514065, ""210"": 17.0, ""214"": 1179.116191, ""215"": 254.9874886, ""216"": 1434.10368}",{},2026-09-05T10:40:10-04:00
Wil Lutz,2985659,K,DEN,ACTIVE,135.77328759,,135.37610296,130.0,169.6,6.07,490,490,"{""74"": 5.400701836, ""75"": 7.8577128, ""76"": 2.457010964, ""77"": 7.169037665, ""78"": 8.9802432, ""79"": 1.811205535, ""80"": 15.38999003, ""81"": 16.177644, ""82"": 0.787653968, ""83"": 27.95972953, ""84"": 33.0156, ""85"": 5.055870467, ""86"": 38.97952813, ""87"": 40.84567745, ""88"": 1.866149326, ""198"": 5.400701836, ""199"": 7.8577128, ""200"": 2.457010964, ""210"": 17.0, ""214"": 1075.944295, ""215"": 237.8124602, ""216"": 1313.756755}",{},2026-09-05T10:40:10-04:00
Tyler Bass,3917232,K,BUF,ACTIVE,136.95984575,,108.23837488,,169.59,5.13,491,491,"{""74"": 4.985116507, ""75"": 7.2833236, ""76"": 2.298207093, ""77"": 6.621217631, ""78"": 8.3237984, ""79"": 1.702580769, ""80"": 14.22217575, ""81"": 14.995078, ""82"": 0.772902246, ""83"": 25.82850989, ""84"": 30.6022, ""85"": 4.773690108, ""86"": 47.65655555, ""87"": 50.08801458, ""88"": 2.431459037, ""198"": 4.985116507, ""199"": 7.2833236, ""200"": 2.298207093, ""210"": 17.0, ""214"": 993.8163574, ""215"": 223.906385, ""216"": 1217.722742}",{},2026-09-05T10:40:10-04:00
Dominic Zvada,5082424,K,NYG,ACTIVE,133.16773453,,,,169.83,1.94,492,492,"{""74"": 5.514507276, ""75"": 8.206112017, ""76"": 2.691604742, ""77"": 7.343297954, ""78"": 9.378413734, ""79"": 2.03511578, ""80"": 15.81366057, ""81"": 16.89493651, ""82"": 1.081275936, ""83"": 28.6714658, ""84"": 34.47946226, ""85"": 5.807996458, ""86"": 34.58902108, ""87"": 36.83601819, ""88"": 2.246997109, ""198"": 5.514507276, ""199"": 8.206112017, ""200"": 2.691604742, ""210"": 17.0, ""214"": 1102.641618, ""215"": 269.3651443, ""216"": 1372.006762}",{},2026-09-05T10:40:10-04:00
Drew Stevens,5081335,K,WSH,ACTIVE,133.60397423,,,,169.96,0.54,494,494,"{""74"": 5.509421311, ""75"": 8.198543617, ""76"": 2.689122307, ""77"": 7.336525317, ""78"": 9.369764134, ""79"": 2.033238817, ""80"": 15.79907582, ""81"": 16.87935451, ""82"": 1.080278688, ""83"": 28.64502245, ""84"": 34.44766226, ""85"": 5.802639812, ""86"": 35.11617876, ""87"": 37.39742147, ""88"": 2.28124271, ""198"": 5.509421311, ""199"": 8.198543617, ""200"": 2.689122307, ""210"": 17.0, ""214"": 1101.624665, ""215"": 269.116712, ""216"": 1370.741377}",{},2026-09-05T10:40:10-04:00
Andy Borregales,4569923,K,NE,ACTIVE,129.30301838,,128.88050329,144.0,170.09,2.75,495,495,"{""74"": 4.876475977, ""75"": 7.290892, ""76"": 2.414416023, ""77"": 6.498017131, ""78"": 8.332448, ""79"": 1.834430869, ""80"": 14.00261772, ""81"": 15.01066, ""82"": 1.008042277, ""83"": 25.37711083, ""84"": 30.634, ""85"": 5.25688917, ""86"": 42.17760598, ""87"": 45.06901271, ""88"": 2.891406729, ""198"": 4.876475977, ""199"": 7.290892, ""200"": 2.414416023, ""210"": 17.0, ""214"": 975.8190053, ""215"": 243.1691227, ""216"": 1218.988128}",{},2026-09-05T10:40:10-04:00
Riley Patterson,4243371,K,MIA,ACTIVE,127.56923197,,,,169.94,0.41,496,496,"{""74"": 5.735429747, ""75"": 8.1410756, ""76"": 2.405645853, ""77"": 7.587530444, ""78"": 9.3040864, ""79"": 1.716555956, ""80"": 16.23315175, ""81"": 16.761038, ""82"": 0.527886253, ""83"": 29.55611194, ""84"": 34.2062, ""85"": 4.650088061, ""86"": 24.49259427, ""87"": 25.21097709, ""88"": 0.718382823, ""198"": 5.735429747, ""199"": 8.1410756, ""200"": 2.405645853, ""210"": 17.0, ""214"": 1138.146629, ""215"": 222.9864816, ""216"": 1361.13311}",{},2026-09-05T10:40:10-04:00
Matt Gay,4249087,K,LV,ACTIVE,125.09511447,,140.07527903,85.0,169.58,1.63,497,497,"{""74"": 5.484212677, ""75"": 8.190975217, ""76"": 2.70676254, ""77"": 7.306755345, ""78"": 9.361114534, ""79"": 2.05435919, ""80"": 15.74306204, ""81"": 16.86377251, ""82"": 1.120710464, ""83"": 28.53403006, ""84"": 34.41586226, ""85"": 5.881832194, ""86"": 27.09967578, ""87"": 28.93584891, ""88"": 1.83617313, ""198"": 5.484212677, ""199"": 8.190975217, ""200"": 2.70676254, ""210"": 17.0, ""214"": 1097.243336, ""215"": 272.2326546, ""216"": 1369.475991}",{},2026-09-05T10:40:10-04:00
Ryan Fitzgerald,4568263,K,CAR,ACTIVE,124.24949595,,126.71539144,106.0,169.81,0.76,498,498,"{""74"": 5.316922231, ""75"": 7.7273364, ""76"": 2.410414169, ""77"": 7.056750367, ""78"": 8.8312416, ""79"": 1.774491233, ""80"": 15.1466392, ""81"": 15.909222, ""82"": 0.762582799, ""83"": 27.5203118, ""84"": 32.4678, ""85"": 4.9474882, ""86"": 28.94545393, ""87"": 30.30726167, ""88"": 1.361807734, ""198"": 5.316922231, ""199"": 7.7273364, ""200"": 2.410414169, ""210"": 17.0, ""214"": 1059.066743, ""215"": 232.8919546, ""216"": 1291.958698}",{},2026-09-05T10:40:10-04:00
Joey Slye,3124084,K,TEN,ACTIVE,123.28333903,,124.57687084,128.0,169.79,0.86,500,500,"{""74"": 5.249101985, ""75"": 7.7121996, ""76"": 2.463097615, ""77"": 6.977321304, ""78"": 8.8139424, ""79"": 1.836621096, ""80"": 14.99878199, ""81"": 15.878058, ""82"": 0.879276013, ""83"": 27.22520528, ""84"": 32.4042, ""85"": 5.178994724, ""86"": 29.31119264, ""87"": 30.93127372, ""88"": 1.62008108, ""198"": 5.249101985, ""199"": 7.7121996, ""200"": 2.463097615, ""210"": 17.0, ""214"": 1047.394425, ""215"": 242.0335009, ""216"": 1289.427926}",{},2026-09-05T10:40:10-04:00
Chad Ryland,4363538,K,ARI,ACTIVE,121.51969315,,128.19915119,122.0,169.92,0.37,502,502,"{""74"": 5.337301644, ""75"": 8.1562124, ""76"": 2.818910756, ""77"": 7.134447109, ""78"": 9.3213856, ""79"": 2.186938491, ""80"": 15.42170354, ""81"": 16.792202, ""82"": 1.370498464, ""83"": 27.89345229, ""84"": 34.2698, ""85"": 6.37634771, ""86"": 26.40663358, ""87"": 28.65972262, ""88"": 2.253089039, ""198"": 5.337301644, ""199"": 8.1562124, ""200"": 2.818910756, ""210"": 17.0, ""214"": 1071.915515, ""215"": 291.7483668, ""216"": 1363.663882}",{},2026-09-05T10:40:10-04:00
Andre Szmyt,4258620,K,CLE,ACTIVE,121.58830576,,119.9106686,109.0,169.88,0.45,503,503,"{""74"": 5.41118259, ""75"": 7.7121996, ""76"": 2.30101701, ""77"": 7.162556281, ""78"": 8.8139424, ""79"": 1.651386119, ""80"": 15.33247735, ""81"": 15.878058, ""82"": 0.545580649, ""83"": 27.90621622, ""84"": 32.4042, ""85"": 4.497983778, ""86"": 24.38271941, ""87"": 25.17213431, ""88"": 0.789414899, ""198"": 5.41118259, ""199"": 7.7121996, ""200"": 2.30101701, ""210"": 17.0, ""214"": 1074.493213, ""215"": 214.9347134, ""216"": 1289.427926}",{},2026-09-05T10:40:10-04:00
Blake Grupe,4259619,K,NYJ,ACTIVE,119.87971992,,126.65823571,121.0,169.98,0.64,504,504,"{""74"": 5.160246576, ""75"": 7.7121996, ""76"": 2.551953024, ""77"": 6.875772265, ""78"": 8.8139424, ""79"": 1.938170135, ""80"": 14.81584438, ""81"": 15.878058, ""82"": 1.062213619, ""83"": 26.85186322, ""84"": 32.4042, ""85"": 5.552336778, ""86"": 27.68020162, ""87"": 29.5696492, ""88"": 1.889447581, ""198"": 5.160246576, ""199"": 7.7121996, ""200"": 2.551953024, ""210"": 17.0, ""214"": 1032.538398, ""215"": 256.8895279, ""216"": 1289.427926}",{},2026-09-05T10:40:10-04:00
Giants D/ST,-16019,D/ST,NYG,,77.75446141,,98.64647459,51.0,169.71,2.57,505,505,"{""89"": 0.113831701, ""90"": 0.509694183, ""91"": 2.089746152, ""92"": 2.310613632, ""93"": 0.12836462, ""94"": 1.587634238, ""95"": 11.43414502, ""96"": 6.41765773, ""97"": 1.909049638, ""98"": 0.273006526, ""99"": 40.34694077, ""100"": 80.69388155, ""101"": 0.404415243, ""102"": 0.222158028, ""103"": 1.048285341, ""104"": 0.539348897, ""105"": 2.342572129, ""106"": 9.873319584, ""109"": 1024.321165, ""110"": 341.0, ""111"": 204.0, ""112"": 50.7612794, ""113"": 76.80939769, ""114"": 1753.507042, ""115"": 286.3799774, ""116"": 175.0, ""117"": 70.0, ""118"": 28.0, ""119"": 11.0, ""120"": 387.964393, ""121"": 2.463521887, ""122"": 4.094543274, ""123"": 3.363981611, ""124"": 1.817909254, ""125"": 0.236158305, ""126"": 22.82143488, ""127"": 5872.088077, ""129"": 0.425, ""130"": 3.74, ""131"": 3.655, ""132"": 3.995, ""133"": 2.89, ""134"": 1.53, ""135"": 0.595, ""136"": 0.17, ""137"": 345.4169457, ""210"": 17.0}",{},2026-09-05T10:40:10-04:00
Bears D/ST,-16003,D/ST,CHI,,80.44544303,,96.33628718,91.0,169.54,10.21,506,506,"{""89"": 0.095123901, ""90"": 0.424660272, ""91"": 1.851518785, ""92"": 2.174260592, ""93"": 0.126726764, ""94"": 1.599604457, ""95"": 12.95104471, ""96"": 9.959420595, ""97"": 1.818334806, ""98"": 0.260244749, ""99"": 38.07816838, ""100"": 76.15633676, ""101"": 0.177172585, ""102"": 0.288607568, ""103"": 1.070107022, ""104"": 0.529497436, ""105"": 2.192111373, ""106"": 15.32218553, ""109"": 1040.206613, ""110"": 346.0, ""111"": 208.0, ""112"": 33.91213476, ""113"": 86.24097418, ""114"": 1671.584822, ""115"": 270.9180856, ""116"": 167.0, ""117"": 66.0, ""118"": 27.0, ""119"": 10.0, ""120"": 402.2340115, ""121"": 2.463029576, ""122"": 4.212629896, ""123"": 3.550159872, ""124"": 1.970423661, ""125"": 0.258193445, ""126"": 23.66082421, ""127"": 6056.779858, ""129"": 0.195236431, ""130"": 2.207020522, ""131"": 3.115294353, ""132"": 4.295201478, ""133"": 3.726469266, ""134"": 2.291905927, ""135"": 0.89978529, ""136"": 0.269086733, ""137"": 356.2811681, ""210"": 17.0}",{},2026-09-05T10:40:10-04:00
Titans D/ST,-16010,D/ST,TEN,,75.25064191,,82.97341053,49.0,169.92,6.03,510,510,"{""89"": 0.085772804, ""90"": 0.38215606, ""91"": 1.732440803, ""92"": 2.106104506, ""93"": 0.12788835, ""94"": 1.602046755, ""95"": 12.15917543, ""96"": 6.553670457, ""97"": 1.836501706, ""98"": 0.266123434, ""99"": 40.91895719, ""100"": 81.83791438, ""101"": 0.157426248, ""102"": 0.689810434, ""103"": 1.067927327, ""104"": 0.534119428, ""105"": 2.577171787, ""106"": 10.08256993, ""109"": 1029.747832, ""110"": 343.0, ""111"": 205.0, ""112"": 50.69517445, ""113"": 82.81836862, ""114"": 1717.498121, ""115"": 470.1105354, ""116"": 171.0, ""117"": 68.0, ""118"": 47.0, ""119"": 18.0, ""120"": 404.0093397, ""121"": 2.462783495, ""122"": 4.27165551, ""123"": 3.643221101, ""124"": 2.046658008, ""125"": 0.269207713, ""126"": 23.76525528, ""127"": 5991.245819, ""129"": 0.220735118, ""130"": 2.377147423, ""131"": 3.175189772, ""132"": 4.261885737, ""133"": 3.633639632, ""134"": 2.207351179, ""135"": 0.865960847, ""136"": 0.258090292, ""137"": 352.4262247, ""210"": 17.0}",{},2026-09-05T10:40:10-04:00
Panthers D/ST,-16029,D/ST,CAR,,81.13135137,,65.23418513,86.0,169.84,1.06,511,511,"{""89"": 0.17, ""90"": 0.765, ""91"": 2.805, ""92"": 2.72, ""93"": 0.123237331, ""94"": 1.549919974, ""95"": 10.73955134, ""96"": 5.169702505, ""97"": 1.970967203, ""98"": 0.264311953, ""99"": 37.15740762, ""100"": 74.31481525, ""101"": 0.155308348, ""102"": 0.228409988, ""103"": 1.025610244, ""104"": 0.52430973, ""105"": 2.056875642, ""106"": 7.953388468, ""109"": 1021.27948, ""110"": 340.0, ""111"": 204.0, ""112"": 37.54080483, ""113"": 66.59356644, ""114"": 1524.356014, ""115"": 222.4410858, ""116"": 152.0, ""117"": 60.0, ""118"": 22.0, ""119"": 8.0, ""120"": 373.5799117, ""121"": 2.465, ""122"": 3.74, ""123"": 2.805, ""124"": 1.36, ""125"": 0.17, ""126"": 21.97528893, ""127"": 5889.450582, ""129"": 0.373887834, ""130"": 3.398980306, ""131"": 3.534939518, ""132"": 4.061781466, ""133"": 3.076077177, ""134"": 1.699490153, ""135"": 0.66280116, ""136"": 0.192042387, ""137"": 346.4382695, ""210"": 17.0}",{},2026-09-05T10:40:10-04:00
Commanders D/ST,-16028,D/ST,WSH,,70.83072432,,76.51597051,50.0,169.77,1.03,513,513,"{""89"": 0.048387097, ""90"": 0.212224109, ""91"": 1.256366723, ""92"": 1.833616299, ""93"": 0.123505666, ""94"": 1.564757496, ""95"": 11.31847026, ""96"": 9.487482368, ""97"": 1.882019444, ""98"": 0.257534149, ""99"": 41.70386401, ""100"": 83.40772801, ""101"": 0.172766801, ""102"": 0.481227864, ""103"": 1.042152873, ""104"": 0.522604623, ""105"": 2.342257827, ""106"": 14.59612672, ""109"": 1019.38478, ""110"": 339.0, ""111"": 203.0, ""112"": 46.36191891, ""113"": 76.40920393, ""114"": 2036.889381, ""115"": 305.0097042, ""116"": 203.0, ""117"": 81.0, ""118"": 30.0, ""119"": 12.0, ""120"": 440.5121654, ""121"": 2.46179966, ""122"": 4.507640068, ""123"": 4.015280136, ""124"": 2.351443124, ""125"": 0.313242784, ""126"": 25.91248032, ""127"": 6145.27558, ""129"": 0.09331803, ""130"": 1.527022307, ""131"": 2.875892011, ""132"": 4.428364689, ""133"": 4.097509856, ""134"": 2.62987175, ""135"": 1.034981786, ""136"": 0.313039573, ""137"": 361.4867988, ""210"": 17.0}",{},2026-09-05T10:40:10-04:00
Falcons D/ST,-16001,D/ST,ATL,,67.17010841,,82.42262443,98.0,170.03,1.28,515,515,"{""89"": 0.076423576, ""90"": 0.33966034, ""91"": 1.613386613, ""92"": 2.037962038, ""93"": 0.122998616, ""94"": 1.568742649, ""95"": 11.79373569, ""96"": 6.615779616, ""97"": 1.896041069, ""98"": 0.258001243, ""99"": 37.93480934, ""100"": 75.86961868, ""101"": 0.195890038, ""102"": 0.261848139, ""103"": 1.049133243, ""104"": 0.519609406, ""105"": 2.149479443, ""106"": 10.17812249, ""109"": 1000.786853, ""110"": 333.0, ""111"": 200.0, ""112"": 43.88681318, ""113"": 79.35433061, ""114"": 1749.500688, ""115"": 261.8481388, ""116"": 174.0, ""117"": 69.0, ""118"": 26.0, ""119"": 10.0, ""120"": 410.6860371, ""121"": 2.462537463, ""122"": 4.330669331, ""123"": 3.736263736, ""124"": 2.122877123, ""125"": 0.28021978, ""126"": 24.15800218, ""127"": 6112.021296, ""129"": 0.169745382, ""130"": 2.036944583, ""131"": 3.055416875, ""132"": 4.328507239, ""133"": 3.819271093, ""134"": 2.376435347, ""135"": 0.933599601, ""136"": 0.28007988, ""137"": 359.5306645, ""210"": 17.0}",{},2026-09-05T10:40:10-04:00
Bills D/ST,-16002,D/ST,BUF,,69.59140787,,112.38456813,90.0,169.06,4.97,516,516,"{""89"": 0.067076216, ""90"": 0.29717311, ""91"": 1.494356208, ""92"": 1.969833183, ""93"": 0.124696252, ""94"": 1.552214551, ""95"": 11.82769599, ""96"": 6.949151917, ""97"": 1.926182114, ""98"": 0.263347848, ""99"": 40.84304611, ""100"": 81.68609221, ""101"": 0.378058702, ""102"": 0.212257897, ""103"": 1.022063667, ""104"": 0.530150885, ""105"": 2.267227402, ""106"": 10.69100295, ""109"": 1008.852171, ""110"": 336.0, ""111"": 201.0, ""112"": 51.45670853, ""113"": 70.50107117, ""114"": 1823.703067, ""115"": 215.2527173, ""116"": 182.0, ""117"": 72.0, ""118"": 21.0, ""119"": 8.0, ""120"": 413.2484393, ""121"": 2.462291479, ""122"": 4.389671362, ""123"": 3.829287783, ""124"": 2.199081011, ""125"": 0.291229647, ""126"": 24.30873172, ""127"": 6132.728579, ""129"": 0.118786185, ""130"": 1.696945498, ""131"": 2.935715712, ""132"": 4.39508884, ""133"": 4.004791376, ""134"": 2.545418247, ""135"": 1.001197844, ""136"": 0.302056299, ""137"": 360.7487399, ""210"": 17.0}",{},2026-09-05T10:40:10-04:00
Raiders D/ST,-16013,D/ST,LV,,62.06422941,,64.47268449,49.0,169.83,1.69,517,517,"{""89"": 0.057730723, ""90"": 0.254694367, ""91"": 1.375349581, ""92"": 1.901717938, ""93"": 0.124437621, ""94"": 1.56144701, ""95"": 10.6873529, ""96"": 7.261245047, ""97"": 1.921163993, ""98"": 0.263265943, ""99"": 38.24948288, ""100"": 76.49896575, ""101"": 0.170232558, ""102"": 0.201544527, ""103"": 1.034380405, ""104"": 0.527066605, ""105"": 2.057661716, ""106"": 11.17114623, ""109"": 1063.47398, ""110"": 354.0, ""111"": 212.0, ""112"": 58.80611647, ""113"": 52.28924265, ""114"": 1778.755735, ""115"": 203.224065, ""116"": 177.0, ""117"": 71.0, ""118"": 20.0, ""119"": 8.0, ""120"": 418.6798611, ""121"": 2.462045545, ""122"": 4.448661606, ""123"": 3.922293248, ""124"": 2.275269676, ""125"": 0.302237315, ""126"": 24.62822713, ""127"": 6127.667548, ""129"": 0.144261968, ""130"": 1.866919583, ""131"": 2.99555733, ""132"": 4.361803025, ""133"": 3.912045126, ""134"": 2.46093945, ""135"": 0.967403784, ""136"": 0.291069735, ""137"": 360.4510322, ""210"": 17.0}",{},2026-09-05T10:40:10-04:00
Cardinals D/ST,-16022,D/ST,ARI,,60.88361714,,103.14889596,48.0,169.86,0.37,518,518,"{""89"": 0.039045337, ""90"": 0.169762333, ""91"": 1.137407629, ""92"": 1.76552826, ""93"": 0.124037322, ""94"": 1.543606806, ""95"": 12.2637494, ""96"": 7.696323262, ""97"": 1.971710494, ""98"": 0.266868146, ""99"": 36.46207136, ""100"": 72.92414271, ""101"": 0.26975805, ""102"": 0.201235994, ""103"": 1.014352349, ""104"": 0.529254457, ""105"": 2.138638172, ""106"": 11.84049733, ""109"": 1038.10819, ""110"": 346.0, ""111"": 207.0, ""112"": 44.71523245, ""113"": 83.25043791, ""114"": 1860.886114, ""115"": 277.4100704, ""116"": 186.0, ""117"": 74.0, ""118"": 27.0, ""119"": 11.0, ""120"": 454.2314143, ""121"": 2.461553825, ""122"": 4.566606751, ""123"": 4.108248452, ""124"": 2.427601358, ""125"": 0.324246056, ""126"": 26.71949496, ""127"": 6276.649548, ""129"": 0.067857499, ""130"": 1.357149985, ""131"": 2.816086219, ""132"": 4.461630576, ""133"": 4.190200579, ""134"": 2.71429997, ""135"": 1.068755613, ""136"": 0.324019559, ""137"": 369.2146793, ""210"": 17.0}",{},2026-09-05T10:40:10-04:00
Dolphins D/ST,-16015,D/ST,MIA,,56.05448435,,84.29116247,67.0,169.69,0.72,519,519,"{""89"": 0.029705442, ""90"": 0.127309036, ""91"": 1.018472292, ""92"": 1.697453819, ""93"": 0.125694988, ""94"": 1.590788843, ""95"": 11.62483878, ""96"": 6.490481844, ""97"": 1.811771391, ""98"": 0.258955526, ""99"": 37.3484218, ""100"": 74.69684361, ""101"": 0.171750132, ""102"": 0.306021405, ""103"": 1.064182657, ""104"": 0.526606185, ""105"": 2.194255368, ""106"": 9.985356683, ""109"": 1112.301829, ""110"": 370.0, ""111"": 222.0, ""112"": 43.34783796, ""113"": 75.88629669, ""114"": 2000.621802, ""115"": 239.2310192, ""116"": 200.0, ""117"": 80.0, ""118"": 23.0, ""119"": 9.0, ""120"": 460.8173767, ""121"": 2.461308038, ""122"": 4.625561658, ""123"": 4.201198203, ""124"": 2.503744383, ""125"": 0.335247129, ""126"": 27.10690451, ""127"": 6358.901807, ""129"": 0.04240459, ""130"": 1.187328511, ""131"": 2.756298329, ""132"": 4.494886505, ""133"": 4.282863557, ""134"": 2.798702918, ""135"": 1.102519332, ""136"": 0.334996258, ""137"": 374.0530475, ""210"": 17.0}",{},2026-09-05T10:40:10-04:00
Malik Benson,5150247,WR,LV,ACTIVE,45.22025446,,,,170.0,0.14,979,979,"{""42"": 287.0705591, ""43"": 0.92327556, ""44"": 0.058701623, ""45"": 0.147164795, ""46"": 0.096172194, ""47"": 57.0, ""48"": 28.0, ""49"": 14.0, ""50"": 11.0, ""51"": 5.0, ""53"": 22.63637431, ""56"": 0.116964795, ""57"": 0.003617468, ""58"": 38.07923202, ""60"": 12.68182595, ""61"": 16.88650348, ""62"": 0.058701623, ""63"": 0.001815178, ""67"": 0.412540366, ""68"": 0.412540366, ""71"": 0.231022605, ""72"": 0.231022605, ""73"": 0.231022605, ""210"": 17.0, ""213"": 12.30368786}",{},2026-09-05T10:40:10-04:00
Cyrus Allen,4912218,WR,KC,ACTIVE,43.10400293,,,,169.82,4.96,980,980,"{""42"": 245.0431168, ""43"": 1.527611352, ""44"": 0.068304126, ""45"": 0.146877734, ""46"": 0.095984599, ""47"": 49.0, ""48"": 24.0, ""49"": 12.0, ""50"": 9.0, ""51"": 4.0, ""53"": 19.38623911, ""56"": 0.093429638, ""57"": 0.002889576, ""58"": 32.57536798, ""60"": 12.6400544, ""61"": 14.41430099, ""62"": 0.068304126, ""63"": 0.001554554, ""67"": 0.353307737, ""68"": 0.353307737, ""71"": 0.197852333, ""72"": 0.197852333, ""73"": 0.197852333, ""210"": 17.0, ""213"": 10.65104517}",{},2026-09-05T10:40:10-04:00
Kyle Williams,4613202,WR,NE,ACTIVE,42.8111484,,34.10056751,44.2,169.99,0.38,981,981,"{""23"": 4.141884713, ""24"": 22.41353542, ""25"": 0.193410839, ""26"": 0.006876633, ""27"": 4.0, ""28"": 2.0, ""29"": 1.0, ""35"": 0.007612996, ""36"": 0.005329097, ""37"": 0.00114, ""38"": 3.89e-05, ""39"": 5.411433919, ""40"": 1.31844326, ""42"": 229.6646885, ""43"": 1.393179081, ""44"": 0.053424508, ""45"": 0.295201722, ""46"": 0.192914326, ""47"": 45.0, ""48"": 22.0, ""49"": 11.0, ""50"": 9.0, ""51"": 4.0, ""53"": 15.85932023, ""56"": 0.086559209, ""57"": 0.002677089, ""58"": 25.5953234, ""60"": 14.48137027, ""61"": 13.50968756, ""62"": 0.06030114, ""63"": 0.001603867, ""66"": 0.075484466, ""67"": 0.289030817, ""68"": 0.364515284, ""70"": 0.034722855, ""71"": 0.161857258, ""72"": 0.196580112, ""73"": 0.196580112, ""101"": 0.071114052, ""114"": 635.1220546, ""116"": 63.0, ""117"": 25.0, ""210"": 17.0, ""212"": 3.224610787, ""213"": 9.368095868}",{},2026-09-05T10:40:10-04:00
Troy Franklin,4431280,WR,DEN,ACTIVE,42.1945192,,66.83671236,144.6,170.05,1.31,982,982,"{""23"": 2.047027459, ""24"": 10.58977968, ""25"": 0.079192501, ""26"": 0.004847033, ""27"": 2.0, ""28"": 1.0, ""35"": 0.003758248, ""36"": 0.002630774, ""37"": 0.000212955, ""38"": 7.27e-06, ""39"": 5.173247499, ""40"": 0.622928217, ""42"": 216.2296031, ""43"": 1.772694999, ""44"": 0.107528457, ""45"": 0.157810274, ""46"": 0.103129014, ""47"": 43.0, ""48"": 21.0, ""49"": 10.0, ""50"": 8.0, ""51"": 4.0, ""53"": 16.97617314, ""56"": 0.080771188, ""57"": 0.002498078, ""58"": 28.23280485, ""60"": 12.73724068, ""61"": 12.71938842, ""62"": 0.11237549, ""63"": 0.001248053, ""66"": 0.030522515, ""67"": 0.253125817, ""68"": 0.283648332, ""70"": 0.014040357, ""71"": 0.141750458, ""72"": 0.155790815, ""73"": 0.155790815, ""210"": 17.0, ""212"": 2.612958652, ""213"": 9.40736649}",{},2026-09-05T10:40:10-04:00
Joshua Palmer,4242433,WR,BUF,ACTIVE,40.86503055,,90.35693364,41.3,169.96,0.2,983,983,"{""42"": 231.3025434, ""43"": 1.399710068, ""44"": 0.112468824, ""45"": 0.148797567, ""46"": 0.09723921, ""47"": 46.0, ""48"": 23.0, ""49"": 11.0, ""50"": 9.0, ""51"": 4.0, ""53"": 18.88423479, ""56"": 0.087069979, ""57"": 0.002692886, ""58"": 30.64690229, ""60"": 12.2484467, ""61"": 13.60603197, ""62"": 0.112468824, ""63"": 0.001298547, ""67"": 0.295124327, ""68"": 0.295124327, ""71"": 0.165269623, ""72"": 0.165269623, ""73"": 0.165269623, ""210"": 17.0, ""213"": 10.10540988}",{},2026-09-05T10:40:10-04:00
Kendrick Bourne,3045523,WR,ARI,ACTIVE,38.85567955,,,73.6,170.0,0.14,984,984,"{""42"": 239.1216052, ""43"": 0.660223424, ""44"": 0.036183431, ""45"": 0.103972537, ""46"": 0.067946053, ""47"": 47.0, ""48"": 23.0, ""49"": 11.0, ""50"": 9.0, ""51"": 4.0, ""53"": 22.74498913, ""56"": 0.090612399, ""57"": 0.002802445, ""58"": 34.37339491, ""60"": 10.5131554, ""61"": 14.06597678, ""62"": 0.036183431, ""63"": 0.001817683, ""67"": 0.413109771, ""68"": 0.413109771, ""71"": 0.231341472, ""72"": 0.231341472, ""73"": 0.231341472, ""210"": 17.0, ""213"": 10.89863454}",{},2026-09-05T10:40:10-04:00
Kalif Raymond,2973405,WR,CHI,ACTIVE,38.42228828,,22.58489163,54.8,169.98,0.17,985,985,"{""23"": 4.508315359, ""24"": 26.786781, ""25"": 0.158850863, ""26"": 0.009382963, ""27"": 5.0, ""28"": 2.0, ""29"": 1.0, ""30"": 1.0, ""35"": 0.008288134, ""36"": 0.005801694, ""37"": 0.001658924, ""38"": 5.66e-05, ""39"": 5.941638699, ""40"": 1.575693, ""42"": 187.5385571, ""43"": 0.890890019, ""44"": 0.059175549, ""45"": 0.122138115, ""46"": 0.079817258, ""47"": 37.0, ""48"": 18.0, ""49"": 9.0, ""50"": 7.0, ""51"": 3.0, ""53"": 19.35692952, ""56"": 0.070231468, ""57"": 0.002172107, ""58"": 25.96860591, ""60"": 9.688445522, ""61"": 11.03167983, ""62"": 0.068558512, ""63"": 0.001982504, ""66"": 0.085115711, ""67"": 0.365453319, ""68"": 0.450569029, ""70"": 0.039153227, ""71"": 0.204653859, ""72"": 0.243807085, ""73"": 0.243807085, ""101"": 0.015406312, ""102"": 0.211817282, ""114"": 145.5630832, ""115"": 194.1277995, ""116"": 14.0, ""117"": 5.0, ""118"": 19.0, ""119"": 7.0, ""210"": 17.0, ""212"": 3.368772129, ""213"": 8.798249046}",{},2026-09-05T10:40:10-04:00
Dyami Brown,4361577,WR,WSH,ACTIVE,38.95789725,,87.16249891,39.7,169.98,0.11,992,992,"{""42"": 216.4565355, ""43"": 1.584931337, ""44"": 0.124171273, ""45"": 0.228499989, ""46"": 0.149324743, ""47"": 43.0, ""48"": 21.0, ""49"": 10.0, ""50"": 8.0, ""51"": 4.0, ""53"": 15.81723856, ""56"": 0.080856241, ""57"": 0.002500708, ""58"": 25.76113307, ""60"": 13.6848499, ""61"": 12.73273738, ""62"": 0.124171273, ""63"": 0.001391917, ""67"": 0.316344771, ""68"": 0.316344771, ""71"": 0.177153072, ""72"": 0.177153072, ""73"": 0.177153072, ""210"": 17.0, ""213"": 9.072685499}",{},2026-09-05T10:40:10-04:00
Treylon Burks,4567156,WR,WSH,ACTIVE,37.35443613,,,24.0,169.99,0.09,999,999,"{""42"": 217.3070853, ""43"": 1.360098335, ""44"": 0.106454811, ""45"": 0.232070644, ""46"": 0.151658166, ""47"": 43.0, ""48"": 21.0, ""49"": 10.0, ""50"": 8.0, ""51"": 4.0, ""53"": 14.99000865, ""56"": 0.081196529, ""57"": 0.002511233, ""58"": 25.76113307, ""60"": 14.49679519, ""61"": 12.78276972, ""62"": 0.106454811, ""63"": 0.000961621, ""67"": 0.218550323, ""68"": 0.218550323, ""71"": 0.122388181, ""72"": 0.122388181, ""73"": 0.122388181, ""210"": 17.0, ""213"": 8.815649632}",{},2026-09-05T10:40:10-04:00
Kyle Juszczyk,16002,RB,SF,QUESTIONABLE,34.48782881,,21.12841597,45.0,169.96,0.38,1002,1002,"{""23"": 4.420847319, ""24"": 18.57321243, ""25"": 0.150618324, ""26"": 0.007464156, ""27"": 3.0, ""28"": 1.0, ""35"": 0.00812699, ""36"": 0.005688893, ""37"": 0.000762, ""38"": 2.6e-05, ""39"": 4.20127887, ""40"": 1.092541908, ""42"": 160.6586956, ""43"": 0.938209943, ""44"": 0.048101476, ""45"": 0.061851027, ""46"": 0.040419646, ""47"": 32.0, ""48"": 16.0, ""49"": 8.0, ""50"": 6.0, ""51"": 3.0, ""53"": 20.37543013, ""56"": 0.06161231, ""57"": 0.001905535, ""58"": 26.33808333, ""60"": 7.8849229, ""61"": 9.450511507, ""62"": 0.055565632, ""63"": 0.001084143, ""66"": 0.043929176, ""67"": 0.202467036, ""68"": 0.246396212, ""70"": 0.020207421, ""71"": 0.11338154, ""72"": 0.133588961, ""73"": 0.133588961, ""210"": 17.0, ""212"": 3.079987023, ""213"": 8.308507616}",{},2026-09-05T10:40:10-04:00
Devontez Walker,4696882,WR,BAL,ACTIVE,36.65282671,,4.39188736,34.6,169.97,0.11,1003,1003,"{""42"": 208.5083426, ""43"": 1.4592545, ""44"": 0.048095561, ""45"": 0.290427942, ""46"": 0.18979466, ""47"": 41.0, ""48"": 20.0, ""49"": 10.0, ""50"": 8.0, ""51"": 4.0, ""53"": 14.49216601, ""56"": 0.077769736, ""57"": 0.00240525, ""58"": 23.31760499, ""60"": 14.38765899, ""61"": 12.26519663, ""62"": 0.048095561, ""63"": 0.001162106, ""67"": 0.264114888, ""68"": 0.264114888, ""71"": 0.147904337, ""72"": 0.147904337, ""73"": 0.147904337, ""210"": 17.0, ""213"": 8.500086565}",{},2026-09-05T10:40:10-04:00
Tommy Tremble,4372780,TE,CAR,ACTIVE,34.3894217,,41.28329926,50.4,169.96,0.15,1005,1005,"{""42"": 176.3249857, ""43"": 1.28291892, ""44"": 0.077849858, ""45"": 0.093141821, ""46"": 0.06086818, ""47"": 35.0, ""48"": 17.0, ""49"": 8.0, ""50"": 7.0, ""51"": 3.0, ""53"": 18.36885799, ""56"": 0.066528337, ""57"": 0.002057577, ""58"": 25.99895095, ""60"": 9.599126183, ""61"": 10.37205798, ""62"": 0.077849858, ""63"": 0.001102825, ""67"": 0.250642059, ""68"": 0.250642059, ""71"": 0.140359553, ""72"": 0.140359553, ""73"": 0.140359553, ""210"": 17.0, ""213"": 8.42411537}",{},2026-09-05T10:40:10-04:00
Austin Hooper,3043275,TE,ATL,ACTIVE,33.1611927,,47.30050307,48.8,169.98,0.1,1007,1007,"{""42"": 181.1676715, ""43"": 0.823867308, ""44"": 0.04835533, ""45"": 0.082778915, ""46"": 0.054096021, ""47"": 36.0, ""48"": 18.0, ""49"": 9.0, ""50"": 7.0, ""51"": 3.0, ""53"": 20.56306577, ""56"": 0.068103681, ""57"": 0.002106299, ""58"": 27.38414442, ""60"": 8.810343431, ""61"": 10.65692185, ""62"": 0.04835533, ""63"": 0.0010883, ""67"": 0.247340934, ""68"": 0.247340934, ""71"": 0.138510923, ""72"": 0.138510923, ""73"": 0.138510923, ""210"": 17.0, ""213"": 8.870076598}",{},2026-09-05T10:40:10-04:00
Bryce Lance,4879276,WR,NO,ACTIVE,34.74467457,,,,169.99,0.2,1011,1011,"{""42"": 210.6404583, ""43"": 0.951604255, ""44"": 0.049760151, ""45"": 0.150524567, ""46"": 0.098367805, ""47"": 42.0, ""48"": 21.0, ""49"": 10.0, ""50"": 8.0, ""51"": 4.0, ""53"": 16.41299776, ""56"": 0.093180204, ""57"": 0.002881862, ""58"": 27.59467723, ""60"": 12.83375904, ""61"": 12.39061519, ""62"": 0.049760151, ""63"": 0.001316134, ""67"": 0.299121406, ""68"": 0.299121406, ""71"": 0.167507987, ""72"": 0.167507987, ""73"": 0.167507987, ""210"": 17.0, ""213"": 8.789116746}",{},2026-09-05T10:40:10-04:00
Elijah Higgins,4426844,TE,ARI,ACTIVE,32.47366072,,28.07098396,43.1,169.94,0.12,1012,1012,"{""42"": 181.9701536, ""43"": 0.676749073, ""44"": 0.037135293, ""45"": 0.070534837, ""46"": 0.046094516, ""47"": 36.0, ""48"": 18.0, ""49"": 9.0, ""50"": 7.0, ""51"": 3.0, ""53"": 20.88771023, ""56"": 0.068373382, ""57"": 0.002114641, ""58"": 28.64449576, ""60"": 8.711828708, ""61"": 10.70412668, ""62"": 0.037135293, ""63"": 0.001186329, ""67"": 0.269620339, ""68"": 0.269620339, ""71"": 0.15098739, ""72"": 0.15098739, ""73"": 0.15098739, ""210"": 17.0, ""213"": 8.906044146}",{},2026-09-05T10:40:10-04:00
Savion Williams,4431487,WR,GB,INJURY_RESERVE,35.19058422,,17.53823076,20.5,170.01,0.31,1015,1015,"{""23"": 8.758469653, ""24"": 45.94789378, ""25"": 0.346667796, ""26"": 0.009677165, ""27"": 9.0, ""28"": 4.0, ""29"": 2.0, ""30"": 1.0, ""33"": 1.0, ""35"": 0.016138939, ""36"": 0.011297257, ""37"": 0.005135454, ""38"": 0.000175, ""39"": 5.246109834, ""40"": 2.702817281, ""42"": 148.7213475, ""43"": 1.102116457, ""44"": 0.034611823, ""45"": 0.097475075, ""46"": 0.063699962, ""47"": 29.0, ""48"": 14.0, ""49"": 7.0, ""50"": 5.0, ""51"": 2.0, ""53"": 13.31503756, ""56"": 0.055547652, ""57"": 0.001717969, ""58"": 20.42903659, ""60"": 11.16942756, ""61"": 8.748314558, ""62"": 0.044288988, ""63"": 0.001770042, ""66"": 0.159620186, ""67"": 0.242662115, ""68"": 0.402282301, ""70"": 0.073425286, ""71"": 0.135890784, ""72"": 0.20931607, ""73"": 0.20931607, ""101"": 0.117248327, ""114"": 1294.135624, ""116"": 129.0, ""117"": 51.0, ""210"": 17.0, ""212"": 4.413981531, ""213"": 6.707570064}",{},2026-09-05T10:40:10-04:00
Jonnu Smith,3054212,TE,GB,ACTIVE,32.47579925,,106.99874628,66.2,169.96,0.18,1017,1017,"{""23"": 2.189617413, ""24"": 10.33174196, ""25"": 0.150886844, ""26"": 0.004211977, ""27"": 2.0, ""28"": 1.0, ""35"": 0.004020347, ""36"": 0.002814243, ""37"": 0.000200523, ""38"": 6.84e-06, ""39"": 4.718514703, ""40"": 0.607749527, ""42"": 156.6554165, ""43"": 1.100169774, ""44"": 0.034549404, ""45"": 0.073144655, ""46"": 0.047800032, ""47"": 31.0, ""48"": 15.0, ""49"": 7.0, ""50"": 6.0, ""51"": 3.0, ""53"": 17.044536, ""56"": 0.061303794, ""57"": 0.001895994, ""58"": 24.4222001, ""60"": 9.190946382, ""61"": 9.2150245, ""62"": 0.038761382, ""63"": 0.001319509, ""66"": 0.034139309, ""67"": 0.26574902, ""68"": 0.299888329, ""70"": 0.015704082, ""71"": 0.148819451, ""72"": 0.164523533, ""73"": 0.164523533, ""210"": 17.0, ""212"": 2.666356983, ""213"": 7.505120172}",{},2026-09-05T10:40:10-04:00
Will Kacmarek,4880236,TE,MIA,QUESTIONABLE,30.81156998,,,,169.99,0.07,1021,1021,"{""42"": 174.8421098, ""43"": 0.745063871, ""44"": 0.038960701, ""45"": 0.103774484, ""46"": 0.067816625, ""47"": 34.0, ""48"": 17.0, ""49"": 8.0, ""50"": 6.0, ""51"": 3.0, ""53"": 18.05261756, ""56"": 0.066044976, ""57"": 0.002042628, ""58"": 25.10363246, ""60"": 9.685138965, ""61"": 10.28482999, ""62"": 0.038960701, ""63"": 0.000971357, ""67"": 0.220762865, ""68"": 0.220762865, ""71"": 0.123627204, ""72"": 0.123627204, ""73"": 0.123627204, ""210"": 17.0, ""213"": 8.091204533}",{},2026-09-05T10:40:10-04:00
Noah Fant,4036131,TE,NO,ACTIVE,30.40211096,,67.14262901,57.8,169.98,0.12,1023,1023,"{""42"": 160.1813666, ""43"": 0.874969736, ""44"": 0.045742655, ""45"": 0.086329503, ""46"": 0.05641633, ""47"": 32.0, ""48"": 16.0, ""49"": 8.0, ""50"": 6.0, ""51"": 3.0, ""53"": 18.60301099, ""56"": 0.061603934, ""57"": 0.001905276, ""58"": 24.04045228, ""60"": 8.61050755, ""61"": 9.422433331, ""62"": 0.045742655, ""63"": 0.001016851, ""67"": 0.231102607, ""68"": 0.231102607, ""71"": 0.12941746, ""72"": 0.12941746, ""73"": 0.12941746, ""210"": 17.0, ""213"": 7.865492081}",{},2026-09-05T10:40:10-04:00
Chimere Dike,4431268,WR,TEN,ACTIVE,34.28074977,,30.96736908,102.1,169.85,1.21,1024,1024,"{""23"": 10.14233605, ""24"": 50.28719161, ""25"": 0.569446722, ""26"": 0.007645782, ""27"": 10.0, ""28"": 5.0, ""29"": 2.0, ""30"": 2.0, ""31"": 1.0, ""33"": 2.0, ""34"": 1.0, ""35"": 0.018702881, ""36"": 0.013092016, ""37"": 0.00617, ""38"": 0.000211, ""39"": 4.958146857, ""40"": 2.958070095, ""42"": 112.1495732, ""43"": 0.77658626, ""44"": 0.012232512, ""45"": 0.093020476, ""46"": 0.060788881, ""47"": 22.0, ""48"": 11.0, ""49"": 5.0, ""50"": 4.0, ""51"": 2.0, ""53"": 10.64200945, ""56"": 0.047116219, ""57"": 0.001457203, ""58"": 16.53168789, ""60"": 10.53838316, ""61"": 6.597033719, ""62"": 0.019878294, ""63"": 0.001829022, ""66"": 0.202846721, ""67"": 0.212840189, ""68"": 0.41568691, ""70"": 0.093309492, ""71"": 0.119190506, ""72"": 0.212499998, ""73"": 0.212499998, ""101"": 0.147708579, ""102"": 0.689810434, ""114"": 1630.709279, ""115"": 470.1105354, ""116"": 163.0, ""117"": 65.0, ""118"": 47.0, ""119"": 18.0, ""210"": 17.0, ""212"": 4.810655704, ""213"": 4.686158297}",{},2026-09-05T10:40:10-04:00
Josh Oliver,3921690,TE,MIN,ACTIVE,30.18477824,,25.8416434,47.5,169.96,0.11,1026,1026,"{""42"": 150.9094074, ""43"": 1.142708816, ""44"": 0.067029535, ""45"": 0.096253832, ""46"": 0.062901879, ""47"": 30.0, ""48"": 15.0, ""49"": 7.0, ""50"": 6.0, ""51"": 3.0, ""53"": 16.75069984, ""56"": 0.058650431, ""57"": 0.001813931, ""58"": 22.09496612, ""60"": 9.009140446, ""61"": 8.877023967, ""62"": 0.067029535, ""63"": 0.001067882, ""67"": 0.242700343, ""68"": 0.242700343, ""71"": 0.135912192, ""72"": 0.135912192, ""73"": 0.135912192, ""210"": 17.0, ""213"": 7.297087704}",{},2026-09-05T10:40:10-04:00
Adam Trautman,3911853,TE,DEN,ACTIVE,30.62005612,,28.02101616,35.5,169.97,0.08,1027,1027,"{""42"": 151.4425383, ""43"": 1.288090867, ""44"": 0.078138602, ""45"": 0.089670247, ""46"": 0.058599507, ""47"": 30.0, ""48"": 15.0, ""49"": 7.0, ""50"": 6.0, ""51"": 3.0, ""53"": 15.5844806, ""56"": 0.058812289, ""57"": 0.001818937, ""58"": 22.58624388, ""60"": 9.717522335, ""61"": 8.908384604, ""62"": 0.078138602, ""63"": 0.000790666, ""67"": 0.179696797, ""68"": 0.179696797, ""71"": 0.100630206, ""72"": 0.100630206, ""73"": 0.100630206, ""210"": 17.0, ""213"": 7.105418527}",{},2026-09-05T10:40:10-04:00
Zavion Thomas,4869748,WR,CHI,ACTIVE,30.04312217,,,,169.85,1.43,1031,1031,"{""42"": 154.0697811, ""43"": 1.213228288, ""44"": 0.080611759, ""45"": 0.136815962, ""46"": 0.089409231, ""47"": 30.0, ""48"": 15.0, ""49"": 7.0, ""50"": 6.0, ""51"": 3.0, ""53"": 12.59731344, ""56"": 0.059599857, ""57"": 0.001843295, ""58"": 20.77488472, ""60"": 12.23036815, ""61"": 9.062928302, ""62"": 0.080611759, ""63"": 0.00101016, ""67"": 0.229581833, ""68"": 0.229581833, ""71"": 0.128565826, ""72"": 0.128565826, ""73"": 0.128565826, ""101"": 0.115547338, ""102"": 0.076790286, ""114"": 1031.95726, ""115"": 76.79028603, ""116"": 103.0, ""117"": 41.0, ""118"": 7.0, ""119"": 3.0, ""210"": 17.0, ""213"": 6.46638121}",{},2026-09-05T10:40:10-04:00
Charlie Kolar,4241263,TE,LAC,ACTIVE,28.85194032,,11.58999001,31.2,170.0,0.11,1033,1033,"{""42"": 148.8101423, ""43"": 1.130607835, ""44"": 0.02798589, ""45"": 0.109455513, ""46"": 0.071529178, ""47"": 29.0, ""48"": 14.0, ""49"": 7.0, ""50"": 5.0, ""51"": 2.0, ""53"": 14.66430869, ""56"": 0.058025676, ""57"": 0.001794609, ""58"": 21.2208856, ""60"": 10.14777754, ""61"": 8.75353778, ""62"": 0.02798589, ""63"": 0.000789042, ""67"": 0.179327723, ""68"": 0.179327723, ""71"": 0.100423525, ""72"": 0.100423525, ""73"": 0.100423525, ""210"": 17.0, ""213"": 6.758692582}",{},2026-09-05T10:40:10-04:00
Isaiah Bond,4808839,WR,CLE,QUESTIONABLE,29.12699026,,45.90911782,45.7,169.99,0.16,1041,1041,"{""23"": 4.253634503, ""24"": 23.55056534, ""25"": 0.118700191, ""26"": 0.007203535, ""27"": 4.0, ""28"": 2.0, ""29"": 1.0, ""35"": 0.00781884, ""36"": 0.005473188, ""37"": 0.001260981, ""38"": 4.3e-05, ""39"": 5.53657474, ""40"": 1.385327373, ""42"": 151.7249094, ""43"": 0.888582135, ""44"": 0.063259539, ""45"": 0.127003032, ""46"": 0.082996482, ""47"": 30.0, ""48"": 15.0, ""49"": 7.0, ""50"": 6.0, ""51"": 3.0, ""53"": 11.43927244, ""56"": 0.0589058, ""57"": 0.001821829, ""58"": 20.82637913, ""60"": 13.26351044, ""61"": 8.92499467, ""62"": 0.070463074, ""63"": 0.001258391, ""66"": 0.077521069, ""67"": 0.208476922, ""68"": 0.285997991, ""70"": 0.035659692, ""71"": 0.116747076, ""72"": 0.152406768, ""73"": 0.152406768, ""210"": 17.0, ""212"": 3.214095199, ""213"": 6.005010238}",{},2026-09-05T10:40:10-04:00
Cade Stover,4426496,TE,HOU,ACTIVE,26.9249766,,29.80396932,13.9,169.98,0.07,1045,1045,"{""23"": 4.204794772, ""24"": 9.647867731, ""25"": 0.10260086, ""26"": 0.007423634, ""27"": 1.0, ""35"": 0.007728859, ""36"": 0.005410201, ""37"": 0.000170212, ""38"": 5.81e-06, ""39"": 2.294491944, ""40"": 0.567521631, ""42"": 132.5529201, ""43"": 0.7454832, ""44"": 0.048998015, ""45"": 0.057117819, ""46"": 0.037326495, ""47"": 26.0, ""48"": 13.0, ""49"": 6.0, ""50"": 5.0, ""51"": 2.0, ""53"": 15.52703938, ""56"": 0.053205805, ""57"": 0.00164554, ""58"": 21.94050242, ""60"": 8.536908861, ""61"": 7.797230591, ""62"": 0.056421649, ""63"": 0.00106171, ""66"": 0.051419831, ""67"": 0.189877932, ""68"": 0.241297763, ""70"": 0.023653122, ""71"": 0.106331642, ""72"": 0.129984764, ""73"": 0.129984764, ""210"": 17.0, ""212"": 2.729696914, ""213"": 6.349543458}",{},2026-09-05T10:40:10-04:00
John Bates,4048228,TE,WSH,QUESTIONABLE,27.4625795,,14.37622479,21.8,169.99,0.04,1046,1046,"{""42"": 135.4570993, ""43"": 1.162197052, ""44"": 0.09110331, ""45"": 0.081459179, ""46"": 0.053233574, ""47"": 27.0, ""48"": 13.0, ""49"": 6.0, ""50"": 5.0, ""51"": 2.0, ""53"": 14.08398426, ""56"": 0.054063825, ""57"": 0.001672077, ""58"": 20.60890646, ""60"": 9.617811041, ""61"": 7.968064667, ""62"": 0.09110331, ""63"": 0.001102009, ""67"": 0.250456689, ""68"": 0.250456689, ""71"": 0.140255746, ""72"": 0.140255746, ""73"": 0.140255746, ""210"": 17.0, ""213"": 6.271110279}",{},2026-09-05T10:40:10-04:00
Hollywood Brown,4241372,WR,PHI,ACTIVE,27.95780971,,144.33198907,113.2,169.98,0.57,1047,1047,"{""42"": 156.1042908, ""43"": 1.034273073, ""44"": 0.046410202, ""45"": 0.170874884, ""46"": 0.111666736, ""47"": 31.0, ""48"": 15.0, ""49"": 7.0, ""50"": 6.0, ""51"": 3.0, ""53"": 12.61177584, ""56"": 0.06028205, ""57"": 0.001864393, ""58"": 19.94467004, ""60"": 12.37766138, ""61"": 9.182605342, ""62"": 0.046410202, ""63"": 0.00100951, ""67"": 0.229434044, ""68"": 0.229434044, ""71"": 0.128483064, ""72"": 0.128483064, ""73"": 0.128483064, ""210"": 17.0, ""213"": 6.452603888}",{},2026-09-05T10:40:10-04:00
Skyler Bell,4683153,WR,BUF,ACTIVE,28.07541876,,,,169.93,0.77,1048,1048,"{""42"": 163.5482676, ""43"": 0.964147704, ""44"": 0.077472379, ""45"": 0.189695131, ""46"": 0.123965768, ""47"": 32.0, ""48"": 16.0, ""49"": 8.0, ""50"": 6.0, ""51"": 3.0, ""53"": 12.05358872, ""56"": 0.062487143, ""57"": 0.001932592, ""58"": 20.43126819, ""60"": 13.56842941, ""61"": 9.620486331, ""62"": 0.077472379, ""63"": 0.00096656, ""67"": 0.219672631, ""68"": 0.219672631, ""71"": 0.123016673, ""72"": 0.123016673, ""73"": 0.123016673, ""210"": 17.0, ""213"": 6.501974963}",{},2026-09-05T10:40:10-04:00
Olamide Zaccheaus,3917914,WR,ATL,ACTIVE,25.16248366,,29.37751659,65.3,169.99,0.09,1051,1051,"{""42"": 142.3142597, ""43"": 0.630600725, ""44"": 0.037003309, ""45"": 0.076530306, ""46"": 0.050012555, ""47"": 28.0, ""48"": 14.0, ""49"": 7.0, ""50"": 5.0, ""51"": 2.0, ""53"": 14.29523798, ""56"": 0.056092803, ""57"": 0.001734829, ""58"": 21.90731554, ""60"": 9.955361351, ""61"": 8.371427039, ""62"": 0.037003309, ""63"": 0.001214873, ""67"": 0.276107424, ""68"": 0.276107424, ""71"": 0.154620157, ""72"": 0.154620157, ""73"": 0.154620157, ""101"": 0.039178008, ""114"": 349.9001377, ""116"": 34.0, ""117"": 13.0, ""210"": 17.0, ""213"": 6.290977528}",{},2026-09-05T10:40:10-04:00
Ashton Dulin,4061956,WR,IND,ACTIVE,26.57606006,,3.22586542,17.5,169.96,0.19,1054,1054,"{""23"": 4.174904814, ""24"": 26.30743624, ""25"": 0.173627667, ""26"": 0.008518709, ""27"": 5.0, ""28"": 2.0, ""29"": 1.0, ""30"": 1.0, ""35"": 0.007673808, ""36"": 0.005371666, ""37"": 0.001599166, ""38"": 5.46e-05, ""39"": 6.301325997, ""40"": 1.547496249, ""42"": 127.8833379, ""43"": 0.604213163, ""44"": 0.048051574, ""45"": 0.184372028, ""46"": 0.12048712, ""47"": 25.0, ""48"": 12.0, ""49"": 6.0, ""50"": 5.0, ""51"": 2.0, ""53"": 10.17239325, ""56"": 0.051833237, ""57"": 0.00160309, ""58"": 16.07402125, ""60"": 12.57160776, ""61"": 7.522549289, ""62"": 0.056570283, ""63"": 0.001150489, ""66"": 0.076086247, ""67"": 0.185388471, ""68"": 0.261474718, ""70"": 0.034999673, ""71"": 0.103817544, ""72"": 0.138817217, ""73"": 0.138817217, ""101"": 0.149461707, ""102"": 0.111910777, ""114"": 1919.430903, ""115"": 111.9107772, ""116"": 191.0, ""117"": 76.0, ""118"": 11.0, ""119"": 4.0, ""210"": 17.0, ""212"": 3.34334728, ""213"": 4.942506754}",{},2026-09-05T10:40:10-04:00
Isaiah Williams,4569371,WR,NYJ,ACTIVE,25.18129143,,,,169.99,0.12,1057,1057,"{""23"": 2.168185528, ""24"": 12.69373471, ""25"": 0.106244776, ""26"": 0.011997737, ""27"": 2.0, ""28"": 1.0, ""35"": 0.00398095, ""36"": 0.002786665, ""37"": 0.000323952, ""38"": 1.11e-05, ""39"": 5.854542681, ""40"": 0.746690277, ""42"": 114.462778, ""43"": 0.435858897, ""44"": 0.053034194, ""45"": 0.101293106, ""46"": 0.066195045, ""47"": 22.0, ""48"": 11.0, ""49"": 5.0, ""50"": 4.0, ""51"": 2.0, ""53"": 11.76785271, ""56"": 0.047790719, ""57"": 0.001478063, ""58"": 16.57418887, ""60"": 9.726734422, ""61"": 6.733104588, ""62"": 0.065031931, ""63"": 0.00111751, ""66"": 0.039514458, ""67"": 0.214465188, ""68"": 0.253979645, ""70"": 0.01817665, ""71"": 0.120100505, ""72"": 0.138277155, ""73"": 0.138277155, ""101"": 0.080418767, ""102"": 0.498844935, ""114"": 1056.704273, ""115"": 342.6055802, ""116"": 105.0, ""117"": 42.0, ""118"": 34.0, ""119"": 13.0, ""210"": 17.0, ""212"": 2.711527626, ""213"": 4.867235483}",{},2026-09-05T10:40:10-04:00
Tutu Atwell,4360797,WR,LAR,ACTIVE,26.03477098,,92.66872797,28.2,170.01,0.37,1059,1059,"{""23"": 2.273353849, ""24"": 12.01373461, ""25"": 0.128302252, ""26"": 0.001924282, ""27"": 2.0, ""28"": 1.0, ""35"": 0.004174282, ""36"": 0.002921998, ""37"": 0.000285, ""38"": 9.74e-06, ""39"": 5.284586301, ""40"": 0.706690271, ""42"": 139.1502651, ""43"": 0.910811826, ""44"": 0.012409293, ""45"": 0.213668652, ""46"": 0.139632464, ""47"": 27.0, ""48"": 13.0, ""49"": 6.0, ""50"": 5.0, ""51"": 2.0, ""53"": 9.703395201, ""56"": 0.055155132, ""57"": 0.001705829, ""58"": 16.86774896, ""60"": 14.34036873, ""61"": 8.18530971, ""62"": 0.014333575, ""63"": 0.000799773, ""66"": 0.03450183, ""67"": 0.147264753, ""68"": 0.181766583, ""70"": 0.015870842, ""71"": 0.082468262, ""72"": 0.098339104, ""73"": 0.098339104, ""210"": 17.0, ""212"": 2.711400404, ""213"": 5.27167727}",{},2026-09-05T10:40:10-04:00
Colbie Young,5092508,WR,CIN,ACTIVE,24.28013781,,,,169.98,0.16,1064,1064,"{""42"": 131.1980745, ""43"": 0.999281215, ""44"": 0.046542851, ""45"": 0.152185943, ""46"": 0.099453514, ""47"": 26.0, ""48"": 13.0, ""49"": 6.0, ""50"": 5.0, ""51"": 2.0, ""53"": 10.574813, ""56"": 0.052805779, ""57"": 0.001633168, ""58"": 17.25838278, ""60"": 12.40665669, ""61"": 7.717533793, ""62"": 0.046542851, ""63"": 0.000847979, ""67"": 0.192722437, ""68"": 0.192722437, ""71"": 0.107924565, ""72"": 0.107924565, ""73"": 0.107924565, ""210"": 17.0, ""213"": 5.287188406}",{},2026-09-05T10:40:10-04:00
Roman Wilson,4431492,WR,PIT,ACTIVE,22.94810113,,55.81326267,32.6,169.97,0.16,1073,1073,"{""42"": 134.9879267, ""43"": 0.626769352, ""44"": 0.019165005, ""45"": 0.094474846, ""46"": 0.061739312, ""47"": 26.0, ""48"": 13.0, ""49"": 6.0, ""50"": 5.0, ""51"": 2.0, ""53"": 11.78169165, ""56"": 0.053925456, ""57"": 0.001667798, ""58"": 19.8335705, ""60"": 11.45743165, ""61"": 7.940466278, ""62"": 0.019165005, ""63"": 0.000944757, ""67"": 0.214717398, ""68"": 0.214717398, ""71"": 0.120241743, ""72"": 0.120241743, ""73"": 0.120241743, ""210"": 17.0, ""213"": 5.514459198}",{},2026-09-05T10:40:10-04:00
Jaylin Lane,4602667,WR,WSH,ACTIVE,23.85724498,,18.32128388,41.2,169.99,0.08,1075,1075,"{""42"": 118.6539379, ""43"": 0.812113092, ""44"": 0.063561956, ""45"": 0.158226959, ""46"": 0.103401318, ""47"": 23.0, ""48"": 11.0, ""49"": 5.0, ""50"": 4.0, ""51"": 2.0, ""53"": 9.296136293, ""56"": 0.049079012, ""57"": 0.001517908, ""58"": 15.45667984, ""60"": 12.76379069, ""61"": 6.979643404, ""62"": 0.063561956, ""63"": 0.000745444, ""67"": 0.169418981, ""68"": 0.169418981, ""71"": 0.094874629, ""72"": 0.094874629, ""73"": 0.094874629, ""101"": 0.041134953, ""102"": 0.381153354, ""114"": 367.3776808, ""115"": 204.9351935, ""116"": 36.0, ""117"": 14.0, ""118"": 20.0, ""119"": 8.0, ""210"": 17.0, ""213"": 4.573281766}",{},2026-09-05T10:40:10-04:00
Luke Schoonmaker,4372096,TE,DAL,ACTIVE,21.98521162,,22.91875601,20.2,169.93,0.15,1077,1077,"{""42"": 110.0080948, ""43"": 0.892690118, ""44"": 0.031934286, ""45"": 0.079901818, ""46"": 0.052215838, ""47"": 22.0, ""48"": 11.0, ""49"": 5.0, ""50"": 4.0, ""51"": 2.0, ""53"": 11.37812725, ""56"": 0.046463652, ""57"": 0.00143702, ""58"": 16.87983157, ""60"": 9.668383243, ""61"": 6.471064402, ""62"": 0.031934286, ""63"": 0.00049, ""67"": 0.111313186, ""68"": 0.111313186, ""71"": 0.062335384, ""72"": 0.062335384, ""73"": 0.062335384, ""210"": 17.0, ""213"": 4.84236692}",{},2026-09-05T10:40:10-04:00
Mo Alie-Cox,2998565,TE,IND,ACTIVE,22.22966401,,11.11701111,24.2,169.97,0.07,1079,1079,"{""42"": 113.7289065, ""43"": 0.930091286, ""44"": 0.074016002, ""45"": 0.122436747, ""46"": 0.080012414, ""47"": 22.0, ""48"": 11.0, ""49"": 5.0, ""50"": 4.0, ""51"": 2.0, ""53"": 10.60613343, ""56"": 0.047595797, ""57"": 0.001472035, ""58"": 15.75976187, ""60"": 10.72293756, ""61"": 6.689935675, ""62"": 0.074016002, ""63"": 0.000687001, ""67"": 0.156136672, ""68"": 0.156136672, ""71"": 0.087436536, ""72"": 0.087436536, ""73"": 0.087436536, ""210"": 17.0, ""213"": 4.784303384}",{},2026-09-05T10:40:10-04:00
Brenen Thompson,4685553,WR,LAC,QUESTIONABLE,22.74865797,,,,169.99,0.14,1080,1080,"{""23"": 2.082220752, ""24"": 11.3355003, ""25"": 0.100698767, ""26"": 0.002515103, ""27"": 2.0, ""28"": 1.0, ""35"": 0.003822937, ""36"": 0.002676056, ""37"": 0.000250288, ""38"": 8.54e-06, ""39"": 5.443947424, ""40"": 0.666794135, ""42"": 121.6496544, ""43"": 0.711708851, ""44"": 0.017609355, ""45"": 0.157368115, ""46"": 0.102840063, ""47"": 24.0, ""48"": 12.0, ""49"": 6.0, ""50"": 4.0, ""51"": 2.0, ""53"": 9.52975526, ""56"": 0.049973497, ""57"": 0.001545572, ""58"": 15.9156642, ""60"": 12.76524434, ""61"": 7.155862022, ""62"": 0.020124458, ""63"": 0.000931147, ""66"": 0.037947778, ""67"": 0.173676609, ""68"": 0.211624387, ""70"": 0.017455978, ""71"": 0.097258901, ""72"": 0.114714879, ""73"": 0.114714879, ""210"": 17.0, ""212"": 2.656309212, ""213"": 4.668084485}",{},2026-09-05T10:40:10-04:00
Jackson Hawes,4573699,TE,BUF,ACTIVE,21.90649517,,3.52057606,44.7,169.97,0.08,1083,1083,"{""42"": 110.2313269, ""43"": 0.890737734, ""44"": 0.071588707, ""45"": 0.121574591, ""46"": 0.079448995, ""47"": 22.0, ""48"": 11.0, ""49"": 5.0, ""50"": 4.0, ""51"": 2.0, ""53"": 11.095451, ""56"": 0.046534584, ""57"": 0.001439214, ""58"": 15.32345114, ""60"": 9.93482166, ""61"": 6.4841957, ""62"": 0.071588707, ""63"": 0.000597013, ""67"": 0.135684675, ""68"": 0.135684675, ""71"": 0.075983418, ""72"": 0.075983418, ""73"": 0.075983418, ""210"": 17.0, ""213"": 4.783293185}",{},2026-09-05T10:40:10-04:00
Daniel Bellinger,4361516,TE,TEN,ACTIVE,20.40351476,,12.63244417,50.1,169.99,0.04,1086,1086,"{""42"": 112.4739075, ""43"": 0.496818602, ""44"": 0.007821431, ""45"": 0.09420167, ""46"": 0.061560792, ""47"": 22.0, ""48"": 11.0, ""49"": 5.0, ""50"": 4.0, ""51"": 2.0, ""53"": 12.65817142, ""56"": 0.047214728, ""57"": 0.001460249, ""58"": 16.53168789, ""60"": 8.885478301, ""61"": 6.616112207, ""62"": 0.007821431, ""63"": 0.000665956, ""67"": 0.151353731, ""68"": 0.151353731, ""71"": 0.084758089, ""72"": 0.084758089, ""73"": 0.084758089, ""210"": 17.0, ""213"": 5.040250604}",{},2026-09-05T10:40:10-04:00
Ben Sinnott,4690923,TE,WSH,QUESTIONABLE,21.03245847,,36.28551922,22.9,169.99,0.06,1088,1088,"{""42"": 106.465667, ""43"": 0.810964581, ""44"": 0.063545748, ""45"": 0.099685396, ""46"": 0.065144407, ""47"": 21.0, ""48"": 10.0, ""49"": 5.0, ""50"": 4.0, ""51"": 2.0, ""53"": 11.08980457, ""56"": 0.045377484, ""57"": 0.001403427, ""58"": 15.45667984, ""60"": 9.600319496, ""61"": 6.262686297, ""62"": 0.063545748, ""63"": 0.000596709, ""67"": 0.135615626, ""68"": 0.135615626, ""71"": 0.07594475, ""72"": 0.07594475, ""73"": 0.07594475, ""210"": 17.0, ""213"": 4.645543563}",{},2026-09-05T10:40:10-04:00
Jeremy Ruckert,4361372,TE,NYJ,ACTIVE,19.15155824,,13.1732893,35.4,169.99,0.04,1093,1093,"{""42"": 96.64614238, ""43"": 0.544487878, ""44"": 0.06631387, ""45"": 0.058621247, ""46"": 0.038308985, ""47"": 19.0, ""48"": 9.0, ""49"": 4.0, ""50"": 3.0, ""51"": 1.0, ""53"": 12.44755509, ""56"": 0.042294875, ""57"": 0.001308089, ""58"": 15.95293321, ""60"": 7.764267096, ""61"": 5.685067199, ""62"": 0.06631387, ""63"": 0.000535812, ""67"": 0.121775489, ""68"": 0.121775489, ""71"": 0.068194274, ""72"": 0.068194274, ""73"": 0.068194274, ""210"": 17.0, ""213"": 4.57526922}",{},2026-09-05T10:40:10-04:00
Elijah Sarratt,5088338,WR,BAL,ACTIVE,20.94013804,,,,169.99,0.31,1094,1094,"{""42"": 123.5953018, ""43"": 0.755081437, ""44"": 0.024884641, ""45"": 0.277263876, ""46"": 0.181191943, ""47"": 24.0, ""48"": 12.0, ""49"": 6.0, ""50"": 4.0, ""51"": 2.0, ""53"": 8.341215451, ""56"": 0.050553129, ""57"": 0.001563499, ""58"": 13.99056299, ""60"": 14.8174211, ""61"": 7.27031187, ""62"": 0.024884641, ""63"": 0.00066887, ""67"": 0.152015867, ""68"": 0.152015867, ""71"": 0.085128886, ""72"": 0.085128886, ""73"": 0.085128886, ""210"": 17.0, ""213"": 4.468566122}",{},2026-09-05T10:40:10-04:00
Hunter Luepke,4383396,RB,DAL,ACTIVE,20.76096099,,9.94266221,30.5,169.98,0.12,1095,1095,"{""23"": 13.35085221, ""24"": 56.37189059, ""25"": 0.44155893, ""26"": 0.016642182, ""27"": 11.0, ""28"": 5.0, ""29"": 2.0, ""30"": 2.0, ""31"": 1.0, ""33"": 2.0, ""34"": 1.0, ""35"": 0.024662538, ""36"": 0.017263776, ""37"": 0.007843665, ""38"": 0.000268, ""39"": 4.22234399, ""40"": 3.315993564, ""42"": 61.56691498, ""43"": 0.352998953, ""44"": 0.01263202, ""45"": 0.042033407, ""46"": 0.027468831, ""47"": 12.0, ""48"": 6.0, ""49"": 3.0, ""50"": 2.0, ""51"": 1.0, ""53"": 8.582112555, ""56"": 0.030046412, ""57"": 0.00092927, ""58"": 11.25322104, ""60"": 7.173864778, ""61"": 3.621583234, ""62"": 0.029274202, ""63"": 0.000660586, ""66"": 0.091387793, ""67"": 0.058745338, ""68"": 0.15013313, ""70"": 0.042038385, ""71"": 0.032897389, ""72"": 0.074935774, ""73"": 0.074935774, ""210"": 17.0, ""212"": 5.115694522, ""213"": 2.648557085}",{},2026-09-05T10:40:10-04:00
Odell Beckham Jr.,16733,WR,NYG,ACTIVE,19.42856876,,,,169.38,4.31,1102,1102,"{""42"": 113.0934402, ""43"": 0.604247, ""44"": 0.032296971, ""45"": 0.14285083, ""46"": 0.093353017, ""47"": 22.0, ""48"": 11.0, ""49"": 5.0, ""50"": 4.0, ""51"": 2.0, ""53"": 9.173588141, ""56"": 0.04740336, ""57"": 0.001466083, ""58"": 15.13762938, ""60"": 12.32815758, ""61"": 6.652555306, ""62"": 0.032296971, ""63"": 0.000619321, ""67"": 0.140754704, ""68"": 0.140754704, ""71"": 0.078822634, ""72"": 0.078822634, ""73"": 0.078822634, ""210"": 17.0, ""213"": 4.307012598}",{},2026-09-05T10:40:10-04:00
Elic Ayomanor,4883647,WR,TEN,ACTIVE,19.48870426,,71.80047833,96.0,169.99,0.16,1103,1103,"{""42"": 115.4697798, ""43"": 0.614488276, ""44"": 0.00967445, ""45"": 0.105545817, ""46"": 0.068974191, ""47"": 23.0, ""48"": 11.0, ""49"": 5.0, ""50"": 4.0, ""51"": 2.0, ""53"": 8.831422854, ""56"": 0.048121086, ""57"": 0.001488281, ""58"": 16.53168789, ""60"": 13.07487838, ""61"": 6.792339986, ""62"": 0.00967445, ""63"": 0.000708179, ""67"": 0.160949734, ""68"": 0.160949734, ""71"": 0.090131851, ""72"": 0.090131851, ""73"": 0.090131851, ""210"": 17.0, ""213"": 4.298739789}",{},2026-09-05T10:40:10-04:00
Durham Smythe,3052897,TE,BAL,ACTIVE,18.64111337,,6.36379987,4.5,169.98,0.05,1106,1106,"{""42"": 93.87187308, ""43"": 0.731313821, ""44"": 0.024103483, ""45"": 0.088506024, ""46"": 0.057838687, ""47"": 18.0, ""48"": 9.0, ""49"": 4.0, ""50"": 3.0, ""51"": 1.0, ""53"": 9.824046941, ""56"": 0.041403592, ""57"": 0.001280523, ""58"": 13.99056299, ""60"": 9.555316017, ""61"": 5.521874887, ""62"": 0.024103483, ""63"": 0.000370022, ""67"": 0.0840958, ""68"": 0.0840958, ""71"": 0.047093648, ""72"": 0.047093648, ""73"": 0.047093648, ""210"": 17.0, ""213"": 3.977177778}",{},2026-09-05T10:40:10-04:00
Jordan Whittington,4569382,WR,LAR,ACTIVE,18.03076911,,48.23541321,27.3,169.97,0.13,1116,1116,"{""23"": 2.273353849, ""24"": 12.08183398, ""25"": 0.116754693, ""26"": 0.001751091, ""27"": 2.0, ""28"": 1.0, ""35"": 0.004174282, ""36"": 0.002921998, ""37"": 0.00028917, ""38"": 9.87e-06, ""39"": 5.314541765, ""40"": 0.710696116, ""42"": 84.71890519, ""43"": 0.609328667, ""44"": 0.008301773, ""45"": 0.147363191, ""46"": 0.096301845, ""47"": 16.0, ""48"": 8.0, ""49"": 4.0, ""50"": 3.0, ""51"": 1.0, ""53"": 7.50160922, ""56"": 0.038387237, ""57"": 0.001187234, ""58"": 11.24516597, ""60"": 11.29343088, ""61"": 4.983465011, ""62"": 0.010052864, ""63"": 0.00078384, ""66"": 0.041431115, ""67"": 0.136714324, ""68"": 0.178145439, ""70"": 0.019058313, ""71"": 0.076560021, ""72"": 0.095618334, ""73"": 0.095618334, ""101"": 0.069086894, ""114"": 769.2865403, ""116"": 76.0, ""117"": 30.0, ""210"": 17.0, ""212"": 2.705091075, ""213"": 3.145533051}",{},2026-09-05T10:40:10-04:00
Tez Johnson,4608810,WR,TB,ACTIVE,18.22606721,,2.65124975,78.4,169.98,0.17,1120,1120,"{""23"": 4.361450143, ""24"": 23.24260334, ""25"": 0.212316401, ""26"": 0.019412239, ""27"": 4.0, ""28"": 2.0, ""29"": 1.0, ""35"": 0.008017504, ""36"": 0.005612253, ""37"": 0.001226508, ""38"": 4.19e-05, ""39"": 5.329099858, ""40"": 1.367211961, ""42"": 77.46682562, ""43"": 0.603192479, ""44"": 0.052343993, ""45"": 0.124729342, ""46"": 0.081510625, ""47"": 15.0, ""48"": 7.0, ""49"": 3.0, ""50"": 3.0, ""51"": 1.0, ""53"": 6.655052198, ""56"": 0.035896478, ""57"": 0.0011102, ""58"": 10.67095536, ""60"": 11.64030323, ""61"": 4.556872096, ""62"": 0.071756232, ""63"": 0.000883397, ""66"": 0.079485973, ""67"": 0.121286105, ""68"": 0.200772078, ""70"": 0.036563548, ""71"": 0.067920219, ""72"": 0.104483766, ""73"": 0.104483766, ""210"": 17.0, ""212"": 3.280037962, ""213"": 2.750081695}",{},2026-09-05T10:40:10-04:00
Jimmy Horn Jr.,4708486,WR,CAR,ACTIVE,17.92859078,,0.37830268,23.2,169.97,0.13,1121,1121,"{""23"": 6.205148742, ""24"": 37.0355585, ""25"": 0.171086559, ""26"": 0.011940725, ""27"": 7.0, ""28"": 3.0, ""29"": 1.0, ""30"": 1.0, ""33"": 1.0, ""35"": 0.011418115, ""36"": 0.00799268, ""37"": 0.003274863, ""38"": 0.000112, ""39"": 5.968520666, ""40"": 2.178562265, ""42"": 75.54287008, ""43"": 0.415612495, ""44"": 0.025207322, ""45"": 0.125201904, ""46"": 0.081819444, ""47"": 15.0, ""48"": 7.0, ""49"": 3.0, ""50"": 3.0, ""51"": 1.0, ""53"": 6.631306146, ""56"": 0.03521697, ""57"": 0.001089185, ""58"": 10.39958038, ""60"": 11.39185379, ""61"": 4.44369824, ""62"": 0.037148047, ""63"": 0.001029336, ""66"": 0.113086765, ""67"": 0.120853341, ""68"": 0.233940106, ""70"": 0.052019912, ""71"": 0.067677871, ""72"": 0.119697783, ""73"": 0.119697783, ""210"": 17.0, ""212"": 3.827035156, ""213"": 2.614909659}",{},2026-09-05T10:40:10-04:00
Barion Brown,4698597,WR,NO,ACTIVE,17.18208251,,,,169.98,0.16,1126,1126,"{""42"": 91.41006163, ""43"": 0.419049135, ""44"": 0.021918288, ""45"": 0.14004267, ""46"": 0.091517885, ""47"": 18.0, ""48"": 9.0, ""49"": 4.0, ""50"": 3.0, ""51"": 1.0, ""53"": 7.24024829, ""56"": 0.038313178, ""57"": 0.001184944, ""58"": 12.19880238, ""60"": 12.62526615, ""61"": 5.377062449, ""62"": 0.021918288, ""63"": 0.000580585, ""67"": 0.131951108, ""68"": 0.131951108, ""71"": 0.073892621, ""72"": 0.073892621, ""73"": 0.073892621, ""101"": 0.054124525, ""102"": 0.280976485, ""114"": 483.3879956, ""115"": 280.976485, ""116"": 48.0, ""117"": 19.0, ""118"": 28.0, ""119"": 11.0, ""210"": 17.0, ""213"": 3.19266786}",{},2026-09-05T10:40:10-04:00
Davis Allen,4426553,TE,LAR,QUESTIONABLE,15.60420873,,3.84896241,50.8,169.99,0.03,1135,1135,"{""42"": 73.41592732, ""43"": 0.739269014, ""44"": 0.010073942, ""45"": 0.080029213, ""46"": 0.05229909, ""47"": 14.0, ""48"": 7.0, ""49"": 3.0, ""50"": 2.0, ""51"": 1.0, ""53"": 7.828141497, ""56"": 0.034456853, ""57"": 0.001065676, ""58"": 11.24516597, ""60"": 9.378461969, ""61"": 4.31858396, ""62"": 0.010073942, ""63"": 0.000421209, ""67"": 0.095729217, ""68"": 0.095729217, ""71"": 0.053608361, ""72"": 0.053608361, ""73"": 0.053608361, ""210"": 17.0, ""213"": 2.961403359}",{},2026-09-05T10:40:10-04:00
Konata Mumpfield,4710855,WR,LAR,ACTIVE,16.14306313,,3.907143,20.2,169.98,0.08,1136,1136,"{""42"": 83.71532768, ""43"": 0.763020328, ""44"": 0.010396918, ""45"": 0.14016423, ""46"": 0.091597324, ""47"": 16.0, ""48"": 8.0, ""49"": 4.0, ""50"": 3.0, ""51"": 1.0, ""53"": 6.615286634, ""56"": 0.038047837, ""57"": 0.001176737, ""58"": 11.24516597, ""60"": 12.65482999, ""61"": 4.92443104, ""62"": 0.010396918, ""63"": 0.00053047, ""67"": 0.120561391, ""68"": 0.120561391, ""71"": 0.067514379, ""72"": 0.067514379, ""73"": 0.067514379, ""210"": 17.0, ""213"": 2.978683092}",{},2026-09-05T10:40:10-04:00
Foster Moreau,3843945,TE,HOU,ACTIVE,15.17169751,,40.09910199,9.4,169.99,0.03,1138,1138,"{""42"": 78.33324834, ""43"": 0.589658647, ""44"": 0.038778653, ""45"": 0.116104748, ""46"": 0.075874453, ""47"": 15.0, ""48"": 7.0, ""49"": 3.0, ""50"": 3.0, ""51"": 1.0, ""53"": 7.676811889, ""56"": 0.036198064, ""57"": 0.001119528, ""58"": 10.97025121, ""60"": 10.20387753, ""61"": 4.607838138, ""62"": 0.038778653, ""63"": 0.000453917, ""67"": 0.103162903, ""68"": 0.103162903, ""71"": 0.057771226, ""72"": 0.057771226, ""73"": 0.057771226, ""210"": 17.0, ""213"": 3.001332767}",{},2026-09-05T10:40:10-04:00
Demarcus Robinson,3043116,WR,SF,ACTIVE,15.66955482,,21.31629147,47.2,169.97,0.08,1139,1139,"{""42"": 87.82505683, ""43"": 0.613487592, ""44"": 0.031438719, ""45"": 0.22488298, ""46"": 0.146961027, ""47"": 17.0, ""48"": 8.0, ""49"": 4.0, ""50"": 3.0, ""51"": 1.0, ""53"": 6.575997645, ""56"": 0.03942761, ""57"": 0.001219411, ""58"": 10.53523333, ""60"": 13.35539664, ""61"": 5.166179813, ""62"": 0.031438719, ""63"": 0.000569, ""67"": 0.129243461, ""68"": 0.129243461, ""71"": 0.072376338, ""72"": 0.072376338, ""73"": 0.072376338, ""210"": 17.0, ""213"": 3.02191178}",{},2026-09-05T10:40:10-04:00
Nate Adkins,4383440,TE,DEN,ACTIVE,14.78614801,,,13.8,169.99,0.03,1140,1140,"{""42"": 68.71030311, ""43"": 0.67142149, ""44"": 0.040731165, ""45"": 0.059871447, ""46"": 0.03912599, ""47"": 13.0, ""48"": 6.0, ""49"": 3.0, ""50"": 2.0, ""51"": 1.0, ""53"": 7.824588986, ""56"": 0.032745075, ""57"": 0.001012734, ""58"": 11.29312194, ""60"": 8.781330653, ""61"": 4.041782536, ""62"": 0.040731165, ""63"": 0.000421017, ""67"": 0.095685774, ""68"": 0.095685774, ""71"": 0.053584033, ""72"": 0.053584033, ""73"": 0.053584033, ""210"": 17.0, ""213"": 2.803087053}",{},2026-09-05T10:40:10-04:00
Brock Wright,4242392,TE,DET,ACTIVE,14.74649704,,7.7987401,29.8,169.92,0.14,1141,1141,"{""42"": 72.23361501, ""43"": 0.618997321, ""44"": 0.013682781, ""45"": 0.089257354, ""46"": 0.058329681, ""47"": 14.0, ""48"": 7.0, ""49"": 3.0, ""50"": 2.0, ""51"": 1.0, ""53"": 7.733034682, ""56"": 0.034035174, ""57"": 0.001052634, ""58"": 10.740722, ""60"": 9.340914399, ""61"": 4.249036177, ""62"": 0.013682781, ""63"": 0.000332873, ""67"": 0.075652935, ""68"": 0.075652935, ""71"": 0.042365644, ""72"": 0.042365644, ""73"": 0.042365644, ""210"": 17.0, ""213"": 2.857940872}",{},2026-09-05T10:40:10-04:00
Nate Boerkircher,4686248,TE,JAX,ACTIVE,14.57499829,,,,169.98,0.06,1142,1142,"{""42"": 73.62254609, ""43"": 0.561293379, ""44"": 0.023160068, ""45"": 0.077628655, ""46"": 0.050730326, ""47"": 14.0, ""48"": 7.0, ""49"": 3.0, ""50"": 2.0, ""51"": 1.0, ""53"": 7.811298618, ""56"": 0.034530409, ""57"": 0.001067951, ""58"": 11.33390039, ""60"": 9.425135268, ""61"": 4.330738005, ""62"": 0.023160068, ""63"": 0.000420302, ""67"": 0.095523248, ""68"": 0.095523248, ""71"": 0.053493019, ""72"": 0.053493019, ""73"": 0.053493019, ""210"": 17.0, ""213"": 2.890485034}",{},2026-09-05T10:40:10-04:00
Luke McCaffrey,4426948,WR,WSH,ACTIVE,15.07828074,,22.1708025,45.8,169.91,0.36,1143,1143,"{""42"": 80.08659954, ""43"": 0.499093027, ""44"": 0.039040231, ""45"": 0.166585149, ""46"": 0.108863395, ""47"": 16.0, ""48"": 8.0, ""49"": 4.0, ""50"": 3.0, ""51"": 1.0, ""53"": 6.687382845, ""56"": 0.036807423, ""57"": 0.001138374, ""58"": 10.30445323, ""60"": 11.97577608, ""61"": 4.710976443, ""62"": 0.039040231, ""63"": 0.000536251, ""67"": 0.12187532, ""68"": 0.12187532, ""71"": 0.068250179, ""72"": 0.068250179, ""73"": 0.068250179, ""101"": 0.131631849, ""114"": 1669.5117, ""116"": 166.0, ""117"": 66.0, ""210"": 17.0, ""213"": 2.787126117}",{},2026-09-05T10:40:10-04:00
Jalen Royals,5082630,WR,KC,ACTIVE,14.90598295,,19.85056143,1.4,169.98,0.1,1144,1144,"{""42"": 78.06511684, ""43"": 0.628732322, ""44"": 0.028119181, ""45"": 0.121382315, ""46"": 0.079323343, ""47"": 15.0, ""48"": 7.0, ""49"": 3.0, ""50"": 3.0, ""51"": 1.0, ""53"": 6.820096461, ""56"": 0.036103083, ""57"": 0.00111659, ""58"": 10.85845599, ""60"": 11.44633617, ""61"": 4.592065696, ""62"": 0.028119181, ""63"": 0.000546894, ""67"": 0.124293981, ""68"": 0.124293981, ""71"": 0.06960463, ""72"": 0.06960463, ""73"": 0.06960463, ""210"": 17.0, ""213"": 2.814642891}",{},2026-09-05T10:40:10-04:00
KeAndre Lambert-Smith,4430870,WR,LAC,ACTIVE,14.92726665,,17.71395982,13.6,169.96,0.07,1147,1147,"{""42"": 80.60519955, ""43"": 0.571666583, ""44"": 0.014147754, ""45"": 0.153442152, ""46"": 0.100274446, ""47"": 16.0, ""48"": 8.0, ""49"": 4.0, ""50"": 3.0, ""51"": 1.0, ""53"": 6.417994703, ""56"": 0.036984707, ""57"": 0.001143857, ""58"": 10.6104428, ""60"": 12.55924993, ""61"": 4.741482326, ""62"": 0.014147754, ""63"": 0.00051465, ""67"": 0.116965811, ""68"": 0.116965811, ""71"": 0.065500854, ""72"": 0.065500854, ""73"": 0.065500854, ""101"": 0.055076008, ""114"": 491.8857257, ""116"": 49.0, ""117"": 19.0, ""210"": 17.0, ""213"": 2.769701089}",{},2026-09-05T10:40:10-04:00
Payne Durham,4372505,TE,TB,ACTIVE,14.45837325,,13.33423141,1.6,169.99,0.03,1148,1148,"{""42"": 70.54044118, ""43"": 0.629658807, ""44"": 0.054646029, ""45"": 0.083194519, ""46"": 0.054367618, ""47"": 14.0, ""48"": 7.0, ""49"": 3.0, ""50"": 2.0, ""51"": 1.0, ""53"": 7.232279692, ""56"": 0.033419333, ""57"": 0.001033588, ""58"": 10.67095536, ""60"": 9.753555474, ""61"": 4.149437716, ""62"": 0.054646029, ""63"": 0.000389147, ""67"": 0.088442509, ""68"": 0.088442509, ""71"": 0.049527805, ""72"": 0.049527805, ""73"": 0.049527805, ""210"": 17.0, ""213"": 2.701470852}",{},2026-09-05T10:40:10-04:00
Oscar Delp,4702559,TE,NO,QUESTIONABLE,14.09670251,,,,169.99,0.12,1149,1149,"{""42"": 73.94928108, ""43"": 0.478026263, ""44"": 0.024991129, ""45"": 0.09351387, ""46"": 0.061111314, ""47"": 14.0, ""48"": 7.0, ""49"": 3.0, ""50"": 2.0, ""51"": 1.0, ""53"": 7.780394656, ""56"": 0.03465072, ""57"": 0.001071672, ""58"": 10.8950099, ""60"": 9.504566844, ""61"": 4.349957711, ""62"": 0.024991129, ""63"": 0.000418639, ""67"": 0.095145328, ""68"": 0.095145328, ""71"": 0.053281383, ""72"": 0.053281383, ""73"": 0.053281383, ""210"": 17.0, ""213"": 2.858401849}",{},2026-09-05T10:40:10-04:00
Laquon Treadwell,3051889,WR,IND,ACTIVE,13.75876316,,,0.0,169.99,0.03,1155,1155,"{""42"": 78.26464613, ""43"": 0.410922095, ""44"": 0.032680988, ""45"": 0.123926356, ""46"": 0.080985874, ""47"": 15.0, ""48"": 7.0, ""49"": 3.0, ""50"": 3.0, ""51"": 1.0, ""53"": 7.092340406, ""56"": 0.0361137, ""57"": 0.001116919, ""58"": 10.8207673, ""60"": 11.03509443, ""61"": 4.603802713, ""62"": 0.032680988, ""63"": 0.000568724, ""67"": 0.129255537, ""68"": 0.129255537, ""71"": 0.0723831, ""72"": 0.0723831, ""73"": 0.0723831, ""210"": 17.0, ""213"": 2.7931325}",{},2026-09-05T10:40:10-04:00
Alec Ingold,3917668,RB,LAC,ACTIVE,12.41074801,,17.75305934,10.1,169.99,0.05,1164,1164,"{""23"": 2.082220752, ""24"": 8.595168829, ""25"": 0.080453126, ""26"": 0.002009438, ""27"": 1.0, ""35"": 0.003822937, ""36"": 0.002676056, ""37"": 0.000128861, ""38"": 4.4e-06, ""39"": 4.12788549, ""40"": 0.505598166, ""42"": 58.66428927, ""43"": 0.225689456, ""44"": 0.005586888, ""45"": 0.043557373, ""46"": 0.028464743, ""47"": 11.0, ""48"": 5.0, ""49"": 2.0, ""50"": 2.0, ""51"": 1.0, ""53"": 7.922462434, ""56"": 0.028912927, ""57"": 0.000894214, ""58"": 10.6104428, ""60"": 7.404804978, ""61"": 3.450840545, ""62"": 0.007596326, ""63"": 0.000524214, ""66"": 0.02479588, ""67"": 0.094343707, ""68"": 0.119139586, ""70"": 0.011406105, ""71"": 0.052832476, ""72"": 0.06423858, ""73"": 0.06423858, ""210"": 17.0, ""212"": 2.548687881, ""213"": 2.366099199}",{},2026-09-05T10:40:10-04:00
Bo Melton,4259305,WR,GB,ACTIVE,13.58385695,,0.0,22.2,169.98,0.07,1165,1165,"{""23"": 2.189617413, ""24"": 12.70311597, ""25"": 0.076965357, ""26"": 0.002148473, ""27"": 2.0, ""28"": 1.0, ""35"": 0.004020347, ""36"": 0.002814243, ""37"": 0.000324, ""38"": 1.11e-05, ""39"": 5.801523087, ""40"": 0.747242116, ""42"": 65.84228906, ""43"": 0.441008984, ""44"": 0.013846623, ""45"": 0.120296966, ""46"": 0.078614067, ""47"": 13.0, ""48"": 6.0, ""49"": 3.0, ""50"": 2.0, ""51"": 1.0, ""53"": 5.109215512, ""56"": 0.02960642, ""57"": 0.000915662, ""58"": 9.055447184, ""60"": 12.88696648, ""61"": 3.873075827, ""62"": 0.015995096, ""63"": 0.000585283, ""66"": 0.039905046, ""67"": 0.093113747, ""68"": 0.133018794, ""70"": 0.018356321, ""71"": 0.052143698, ""72"": 0.07050002, ""73"": 0.07050002, ""101"": 0.029312082, ""114"": 304.4918826, ""116"": 30.0, ""117"": 12.0, ""210"": 17.0, ""212"": 2.691318583, ""213"": 2.010856054}",{},2026-09-05T10:40:10-04:00
Seydou Traore,4714379,TE,MIA,ACTIVE,12.26437419,,,,169.99,0.02,1169,1169,"{""42"": 69.33430585, ""43"": 0.298025549, ""44"": 0.01558428, ""45"": 0.099951303, ""46"": 0.065318177, ""47"": 13.0, ""48"": 6.0, ""49"": 3.0, ""50"": 2.0, ""51"": 1.0, ""53"": 7.221047026, ""56"": 0.032977457, ""57"": 0.001019921, ""58"": 10.04145299, ""60"": 9.60169704, ""61"": 4.078488579, ""62"": 0.01558428, ""63"": 0.000388543, ""67"": 0.088305146, ""68"": 0.088305146, ""71"": 0.049450882, ""72"": 0.049450882, ""73"": 0.049450882, ""210"": 17.0, ""213"": 2.530040064}",{},2026-09-05T10:40:10-04:00
Blake Whiteheart,4362018,TE,CLE,ACTIVE,11.90720232,,6.85340443,1.4,169.99,0.03,1171,1171,"{""42"": 63.44228683, ""43"": 0.340627808, ""44"": 0.024245885, ""45"": 0.059164421, ""46"": 0.038663949, ""47"": 12.0, ""48"": 6.0, ""49"": 3.0, ""50"": 2.0, ""51"": 1.0, ""53"": 7.136929364, ""56"": 0.0307658, ""57"": 0.00095152, ""58"": 10.41318956, ""60"": 8.889297287, ""61"": 3.731899225, ""62"": 0.024245885, ""63"": 0.000384017, ""67"": 0.087276483, ""68"": 0.087276483, ""71"": 0.048874831, ""72"": 0.048874831, ""73"": 0.048874831, ""210"": 17.0, ""213"": 2.365808827}",{},2026-09-05T10:40:10-04:00
Malachi Corley,4613104,WR,CLE,ACTIVE,11.87047567,,,,169.99,0.04,1182,1182,"{""23"": 6.380451754, ""24"": 43.8826455, ""25"": 0.208561204, ""26"": 0.012656912, ""27"": 8.0, ""28"": 4.0, ""29"": 2.0, ""30"": 1.0, ""33"": 1.0, ""35"": 0.011741818, ""36"": 0.008219272, ""37"": 0.004656565, ""38"": 0.000159, ""39"": 6.877670608, ""40"": 2.581332088, ""42"": 33.69356848, ""43"": 0.104950363, ""44"": 0.007454562, ""45"": 0.076526658, ""46"": 0.050010171, ""47"": 6.0, ""48"": 3.0, ""49"": 1.0, ""50"": 1.0, ""53"": 3.352266898, ""56"": 0.018162445, ""57"": 0.000561725, ""58"": 5.206594781, ""60"": 10.05098028, ""61"": 1.981974616, ""62"": 0.020111475, ""63"": 0.000780452, ""66"": 0.116281603, ""67"": 0.061093945, ""68"": 0.177375549, ""70"": 0.053489538, ""71"": 0.034212609, ""72"": 0.087702147, ""73"": 0.087702147, ""101"": 0.055928583, ""102"": 0.059210212, ""114"": 564.7960377, ""115"": 59.21021234, ""116"": 56.0, ""117"": 22.0, ""118"": 5.0, ""119"": 2.0, ""210"": 17.0, ""212"": 4.096816872, ""213"": 0.586434292}",{},2026-09-05T10:40:10-04:00
Tay Martin,4245144,WR,DET,ACTIVE,11.45453178,,,,169.99,0.02,1184,1184,"{""23"": 4.646964763, ""24"": 25.7182366, ""25"": 0.267818371, ""26"": 0.005048938, ""27"": 5.0, ""28"": 2.0, ""29"": 1.0, ""30"": 1.0, ""35"": 0.008543666, ""36"": 0.005980566, ""37"": 0.00152, ""38"": 5.19e-05, ""39"": 5.534416101, ""40"": 1.512837447, ""42"": 40.69355147, ""43"": 0.274626949, ""44"": 0.0060703, ""45"": 0.149234809, ""46"": 0.097524947, ""47"": 8.0, ""48"": 4.0, ""49"": 2.0, ""50"": 1.0, ""53"": 3.366129985, ""56"": 0.02138249, ""57"": 0.000661314, ""58"": 5.370361001, ""60"": 12.08912064, ""61"": 2.393738322, ""62"": 0.011119237, ""63"": 0.000642558, ""66"": 0.084689382, ""67"": 0.061346595, ""68"": 0.146035977, ""70"": 0.038957116, ""71"": 0.034354093, ""72"": 0.073311209, ""73"": 0.073311209, ""210"": 17.0, ""212"": 3.422351255, ""213"": 0.852009626}",{},2026-09-05T10:40:10-04:00
Derius Davis,4362477,WR,LAC,ACTIVE,9.92674076,,17.32020468,0.5,169.99,0.03,1193,1193,"{""23"": 2.082220752, ""24"": 11.02634035, ""25"": 0.065178034, ""26"": 0.001627919, ""27"": 2.0, ""28"": 1.0, ""35"": 0.003822937, ""36"": 0.002676056, ""37"": 0.000235, ""38"": 8.01e-06, ""39"": 5.295471358, ""40"": 0.648608256, ""42"": 38.08884202, ""43"": 0.272270008, ""44"": 0.006737818, ""45"": 0.121009884, ""46"": 0.079079959, ""47"": 7.0, ""48"": 3.0, ""49"": 1.0, ""50"": 1.0, ""53"": 3.490337839, ""56"": 0.020204295, ""57"": 0.000624875, ""58"": 5.305221399, ""60"": 10.91265195, ""61"": 2.240520119, ""62"": 0.008365738, ""63"": 0.000490385, ""66"": 0.041644415, ""67"": 0.069806757, ""68"": 0.111451172, ""70"": 0.019156431, ""71"": 0.039091784, ""72"": 0.058248215, ""73"": 0.058248215, ""101"": 0.029373871, ""102"": 0.194814513, ""114"": 319.2270592, ""115"": 214.8508152, ""116"": 31.0, ""117"": 12.0, ""118"": 21.0, ""119"": 8.0, ""210"": 17.0, ""212"": 2.619389556, ""213"": 0.807529231}",{},2026-09-05T10:40:10-04:00
Xavier Smith,4386544,WR,LAR,ACTIVE,9.76802344,,3.05975041,39.3,169.98,0.07,1194,1194,"{""42"": 44.27592355, ""43"": 0.323773671, ""44"": 0.004411387, ""45"": 0.177060697, ""46"": 0.115709165, ""47"": 8.0, ""48"": 4.0, ""49"": 2.0, ""50"": 1.0, ""53"": 3.590206041, ""56"": 0.022962799, ""57"": 0.00071019, ""58"": 5.622582987, ""60"": 12.33241854, ""61"": 2.604466091, ""62"": 0.004411387, ""63"": 0.000287893, ""67"": 0.065430307, ""68"": 0.065430307, ""71"": 0.036640972, ""72"": 0.036640972, ""73"": 0.036640972, ""101"": 0.051815171, ""102"": 0.226042363, ""114"": 462.7630775, ""115"": 246.2247166, ""116"": 46.0, ""117"": 18.0, ""118"": 24.0, ""119"": 9.0, ""210"": 17.0, ""213"": 1.021968581}",{},2026-09-05T10:40:10-04:00
Adam Prentice,3929914,RB,FA,ACTIVE,8.43044431,,,,169.99,0.04,1204,1204,"{""23"": 4.094054917, ""24"": 17.40143673, ""25"": 0.133083801, ""26"": 0.008145488, ""27"": 3.0, ""28"": 1.0, ""35"": 0.007524883, ""36"": 0.005267418, ""37"": 0.000659, ""38"": 2.25e-05, ""39"": 4.250416051, ""40"": 1.023613926, ""42"": 29.8242973, ""43"": 0.146941508, ""44"": 0.008915008, ""45"": 0.038372194, ""46"": 0.025076229, ""47"": 5.0, ""48"": 2.0, ""49"": 1.0, ""50"": 1.0, ""53"": 4.130824144, ""56"": 0.016314262, ""57"": 0.000504565, ""58"": 5.646560971, ""60"": 7.219938747, ""61"": 1.754370429, ""62"": 0.017060496, ""63"": 0.00030965, ""66"": 0.035030221, ""67"": 0.035344832, ""68"": 0.070375053, ""70"": 0.016113902, ""71"": 0.019793106, ""72"": 0.035907007, ""73"": 0.035907007, ""210"": 17.0, ""212"": 3.007495942, ""213"": 0.674364672}",{},2026-09-05T10:40:10-04:00
Jacob Cowing,4575665,WR,SF,QUESTIONABLE,8.76384691,,,,169.99,0.03,1206,1206,"{""42"": 44.05070949, ""43"": 0.278772141, ""44"": 0.014284611, ""45"": 0.227711069, ""46"": 0.148809184, ""47"": 8.0, ""48"": 4.0, ""49"": 2.0, ""50"": 1.0, ""53"": 3.315907953, ""56"": 0.022864896, ""57"": 0.000707162, ""58"": 5.267616665, ""60"": 13.28465992, ""61"": 2.591218205, ""62"": 0.014284611, ""63"": 0.000266, ""67"": 0.060431316, ""68"": 0.060431316, ""71"": 0.033841537, ""72"": 0.033841537, ""73"": 0.033841537, ""101"": 0.047023512, ""102"": 0.130860319, ""114"": 419.9686067, ""115"": 143.1284734, ""116"": 41.0, ""117"": 16.0, ""118"": 14.0, ""119"": 5.0, ""210"": 17.0, ""213"": 0.934834654}",{},2026-09-05T10:40:10-04:00
Connor Heyward,4241961,RB,LV,ACTIVE,8.27648495,,3.4193726,25.9,169.99,0.05,1207,1207,"{""23"": 4.155199335, ""24"": 17.42267325, ""25"": 0.120544906, ""26"": 0.006820384, ""27"": 3.0, ""28"": 1.0, ""35"": 0.007637511, ""36"": 0.005346258, ""37"": 0.000659735, ""38"": 2.25e-05, ""39"": 4.192981334, ""40"": 1.024863132, ""42"": 28.966827, ""43"": 0.159113878, ""44"": 0.010137765, ""45"": 0.0387442, ""46"": 0.025319335, ""47"": 5.0, ""48"": 2.0, ""49"": 1.0, ""50"": 1.0, ""53"": 3.964453424, ""56"": 0.015895734, ""57"": 0.000491621, ""58"": 5.439890289, ""60"": 7.306638241, ""61"": 1.703931, ""62"": 0.016958149, ""63"": 0.000244551, ""66"": 0.028442716, ""67"": 0.027137043, ""68"": 0.055579759, ""70"": 0.013083649, ""71"": 0.015196744, ""72"": 0.028280393, ""73"": 0.028280393, ""210"": 17.0, ""212"": 3.002579949, ""213"": 0.617775103}",{},2026-09-05T10:40:10-04:00
Dohnte Meyers,4384852,WR,CIN,ACTIVE,8.32581561,,,,169.96,0.15,1208,1208,"{""42"": 42.5352079, ""43"": 0.377409261, ""44"": 0.017579672, ""45"": 0.135398752, ""46"": 0.088483084, ""47"": 8.0, ""48"": 4.0, ""49"": 2.0, ""50"": 1.0, ""53"": 3.696252874, ""56"": 0.022199164, ""57"": 0.000686572, ""58"": 5.75279426, ""60"": 11.50765636, ""61"": 2.502071053, ""62"": 0.017579672, ""63"": 0.000296397, ""67"": 0.067362975, ""68"": 0.067362975, ""71"": 0.037723266, ""72"": 0.037723266, ""73"": 0.037723266, ""210"": 17.0, ""213"": 1.020070469}",{},2026-09-05T10:40:10-04:00
Michael Burton,2515270,RB,CLE,ACTIVE,7.98564281,,,,169.98,0.04,1209,1209,"{""23"": 4.253634503, ""24"": 17.67310447, ""25"": 0.100769296, ""26"": 0.006115366, ""27"": 3.0, ""28"": 1.0, ""35"": 0.00781884, ""36"": 0.005473188, ""37"": 0.000678, ""38"": 2.31e-05, ""39"": 4.154824412, ""40"": 1.039594381, ""42"": 26.66211905, ""43"": 0.146040612, ""44"": 0.010408198, ""45"": 0.035520563, ""46"": 0.023212688, ""47"": 5.0, ""48"": 2.0, ""49"": 1.0, ""50"": 1.0, ""53"": 4.224360925, ""56"": 0.014759606, ""57"": 0.000456483, ""58"": 5.206594781, ""60"": 6.311515404, ""61"": 1.568359944, ""62"": 0.016523564, ""63"": 0.00031918, ""66"": 0.036395642, ""67"": 0.036145166, ""68"": 0.072540808, ""70"": 0.016741995, ""71"": 0.020241293, ""72"": 0.036983288, ""73"": 0.036983288, ""210"": 17.0, ""212"": 3.002273337, ""213"": 0.608115924}",{},2026-09-05T10:40:10-04:00
Efton Chism III,4695193,WR,NE,ACTIVE,8.33459406,,10.40632669,15.0,169.97,0.16,1210,1210,"{""42"": 42.69895254, ""43"": 0.305157993, ""44"": 0.011704112, ""45"": 0.212628455, ""46"": 0.138952695, ""47"": 8.0, ""48"": 4.0, ""49"": 2.0, ""50"": 1.0, ""53"": 3.496722027, ""56"": 0.022271801, ""57"": 0.000688819, ""58"": 5.182546356, ""60"": 12.21113723, ""61"": 2.511703091, ""62"": 0.011704112, ""63"": 0.000280397, ""67"": 0.063726592, ""68"": 0.063726592, ""71"": 0.035686891, ""72"": 0.035686891, ""73"": 0.035686891, ""101"": 0.088892566, ""114"": 793.9025682, ""116"": 79.0, ""117"": 31.0, ""210"": 17.0, ""213"": 0.949561575}",{},2026-09-05T10:40:10-04:00
Josh Whyle,4360086,TE,GB,ACTIVE,7.94642419,,,,169.98,0.04,1211,1211,"{""42"": 37.56637143, ""43"": 0.360774837, ""44"": 0.011333667, ""45"": 0.068771793, ""46"": 0.044942366, ""47"": 7.0, ""48"": 3.0, ""49"": 1.0, ""50"": 1.0, ""53"": 4.117737062, ""56"": 0.019778598, ""57"": 0.000611709, ""58"": 5.952728312, ""60"": 9.123062221, ""61"": 2.209786554, ""62"": 0.011333667, ""63"": 0.000221563, ""67"": 0.050355215, ""68"": 0.050355215, ""71"": 0.02819892, ""72"": 0.02819892, ""73"": 0.02819892, ""210"": 17.0, ""213"": 0.972317517}",{},2026-09-05T10:40:10-04:00
Max Bredeson,4878695,RB,MIN,ACTIVE,7.39594817,,,,169.99,0.05,1218,1218,"{""23"": 2.026867102, ""24"": 8.497765499, ""25"": 0.060220275, ""26"": 0.003414915, ""27"": 1.0, ""35"": 0.00372119, ""36"": 0.002604833, ""37"": 0.000124, ""38"": 4.25e-06, ""39"": 4.192561758, ""40"": 0.499868559, ""42"": 29.49017492, ""43"": 0.167723989, ""44"": 0.009840972, ""45"": 0.038542011, ""46"": 0.025187204, ""47"": 5.0, ""48"": 2.0, ""49"": 1.0, ""50"": 1.0, ""53"": 4.524583247, ""56"": 0.016153102, ""57"": 0.00049958, ""58"": 5.523741529, ""60"": 6.517766016, ""61"": 1.734716172, ""62"": 0.013255887, ""63"": 0.000246649, ""66"": 0.017342611, ""67"": 0.038713978, ""68"": 0.056056589, ""70"": 0.007977601, ""71"": 0.021679828, ""72"": 0.029657429, ""73"": 0.029657429, ""210"": 17.0, ""212"": 2.526952488, ""213"": 0.763399851}",{},2026-09-05T10:40:10-04:00
Brevyn Spann-Ford,4360967,TE,DAL,ACTIVE,7.5434196,,7.98957234,19.5,169.98,0.07,1221,1221,"{""42"": 36.71574753, ""43"": 0.328705499, ""44"": 0.011759784, ""45"": 0.080347049, ""46"": 0.052506796, ""47"": 7.0, ""48"": 3.0, ""49"": 1.0, ""50"": 1.0, ""53"": 3.857861569, ""56"": 0.019574832, ""57"": 0.000605407, ""58"": 5.626610522, ""60"": 9.517124156, ""61"": 2.159749855, ""62"": 0.011759784, ""63"": 0.00020758, ""67"": 0.047177234, ""68"": 0.047177234, ""71"": 0.026419251, ""72"": 0.026419251, ""73"": 0.026419251, ""210"": 17.0, ""213"": 0.876512799}",{},2026-09-05T10:40:10-04:00
Drew Allar,4714771,QB,PIT,ACTIVE,11.15038158,,,,169.94,0.31,1223,1223,"{""0"": 22.98927856, ""1"": 14.9164034, ""2"": 8.072875165, ""3"": 160.2221533, ""4"": 0.854920443, ""5"": 32.0, ""6"": 16.0, ""7"": 8.0, ""8"": 6.0, ""9"": 3.0, ""10"": 1.0, ""11"": 2.0, ""12"": 1.0, ""15"": 0.088178832, ""16"": 0.057624867, ""17"": 0.236846013, ""18"": 0.031991686, ""19"": 0.025670017, ""20"": 0.496304863, ""21"": 0.648841735, ""22"": 9.424832546, ""23"": 1.294382549, ""24"": 5.648478654, ""25"": 0.053814371, ""26"": 0.00181284, ""27"": 1.0, ""35"": 0.002375448, ""36"": 0.001662813, ""37"": 4.06294e-05, ""38"": 1.39e-06, ""39"": 4.363840242, ""40"": 0.33226345, ""62"": 0.027482857, ""63"": 0.001512126, ""64"": 1.60398986, ""65"": 0.326481837, ""66"": 0.017183255, ""68"": 0.343665092, ""69"": 0.156711282, ""70"": 0.007904297, ""72"": 0.164615579, ""73"": 0.660920442, ""210"": 17.0, ""211"": 4.040215029, ""212"": 2.38146902}",{},2026-09-05T10:40:10-04:00
Tyrod Taylor,14163,QB,GB,ACTIVE,11.08433001,,2.32682445,69.1,169.98,0.08,1224,1224,"{""0"": 20.30973389, ""1"": 12.9763219, ""2"": 7.333411989, ""3"": 137.6253944, ""4"": 0.87293451, ""5"": 27.0, ""6"": 13.0, ""7"": 6.0, ""8"": 5.0, ""9"": 2.0, ""10"": 1.0, ""11"": 2.0, ""12"": 1.0, ""15"": 0.084935408, ""16"": 0.055505289, ""17"": 0.20617938, ""18"": 0.027849428, ""19"": 0.033259216, ""20"": 0.522087129, ""21"": 0.638921316, ""22"": 8.095611435, ""23"": 2.300867158, ""24"": 12.58159242, ""25"": 0.078475552, ""26"": 0.002191442, ""27"": 2.0, ""28"": 1.0, ""35"": 0.00422486, ""36"": 0.002957402, ""37"": 0.000315664, ""38"": 1.08e-05, ""39"": 5.468195927, ""40"": 0.740093672, ""62"": 0.035450658, ""63"": 0.00142, ""64"": 2.119162125, ""65"": 0.293079535, ""66"": 0.030065549, ""68"": 0.323145084, ""69"": 0.140678177, ""70"": 0.013830153, ""72"": 0.154508329, ""73"": 0.676595458, ""210"": 17.0, ""211"": 3.012322448, ""212"": 2.695099931}",{},2026-09-05T10:40:10-04:00
Trey Lance,4383351,QB,LAC,ACTIVE,11.28698821,,2.78175117,13.1,169.99,0.06,1225,1225,"{""0"": 22.42977874, ""1"": 13.22254402, ""2"": 9.207234722, ""3"": 147.4890621, ""4"": 0.983036338, ""5"": 29.0, ""6"": 14.0, ""7"": 7.0, ""8"": 5.0, ""9"": 2.0, ""10"": 1.0, ""11"": 2.0, ""12"": 1.0, ""15"": 0.08633107, ""16"": 0.056417354, ""17"": 0.219665049, ""18"": 0.029670989, ""19"": 0.026359687, ""20"": 0.56983804, ""21"": 0.589508446, ""22"": 8.675827184, ""23"": 1.490550767, ""24"": 6.826821841, ""25"": 0.044596406, ""26"": 0.001114552, ""27"": 1.0, ""35"": 0.002735748, ""36"": 0.001915024, ""37"": 6.99e-05, ""38"": 2.38e-06, ""39"": 4.580066638, ""40"": 0.401577755, ""62"": 0.027474239, ""63"": 0.001271587, ""64"": 1.631969357, ""65"": 0.272138883, ""66"": 0.016858161, ""68"": 0.288997044, ""69"": 0.130626664, ""70"": 0.007754754, ""72"": 0.138381418, ""73"": 0.708219458, ""210"": 17.0, ""211"": 3.354267194, ""212"": 2.42630199}",{},2026-09-05T10:40:10-04:00
Riley Leonard,4683423,QB,IND,ACTIVE,10.89798724,,,33.0,169.99,0.06,1227,1227,"{""0"": 22.7966281, ""1"": 14.61456163, ""2"": 8.182066471, ""3"": 158.2330147, ""4"": 0.826080218, ""5"": 31.0, ""6"": 15.0, ""7"": 7.0, ""8"": 6.0, ""9"": 3.0, ""10"": 1.0, ""11"": 2.0, ""12"": 1.0, ""15"": 0.087886506, ""16"": 0.057433832, ""17"": 0.234180111, ""18"": 0.031631593, ""19"": 0.064829893, ""20"": 0.509652521, ""21"": 0.641084355, ""22"": 9.307824397, ""23"": 1.240365015, ""24"": 5.434430875, ""25"": 0.078207949, ""26"": 0.003838836, ""27"": 1.0, ""35"": 0.002276248, ""36"": 0.001593374, ""37"": 3.61e-05, ""38"": 1.23e-06, ""39"": 4.381315828, ""40"": 0.319672404, ""62"": 0.06866873, ""63"": 0.00178754, ""64"": 1.428156904, ""65"": 0.386470955, ""66"": 0.019788207, ""68"": 0.406259161, ""69"": 0.185506058, ""70"": 0.009102575, ""72"": 0.194608633, ""73"": 0.704261154, ""210"": 17.0, ""211"": 3.902710893, ""212"": 2.389145347}",{},2026-09-05T10:40:10-04:00
Quinn Ewers,4889929,QB,JAX,ACTIVE,11.2326328,,,38.4,169.98,0.08,1228,1228,"{""0"": 23.51284904, ""1"": 14.69932856, ""2"": 8.813520481, ""3"": 158.8268008, ""4"": 1.010005892, ""5"": 31.0, ""6"": 15.0, ""7"": 7.0, ""8"": 6.0, ""9"": 3.0, ""10"": 1.0, ""11"": 2.0, ""12"": 1.0, ""15"": 0.087974881, ""16"": 0.057491585, ""17"": 0.234970461, ""18"": 0.031738348, ""19"": 0.043066097, ""20"": 0.595965733, ""21"": 0.625161525, ""22"": 9.342752986, ""23"": 1.032107875, ""24"": 4.20891933, ""25"": 0.027105071, ""26"": 0.001081662, ""35"": 0.001893852, ""36"": 0.001325696, ""37"": 1.46e-05, ""38"": 5e-07, ""39"": 4.077983931, ""40"": 0.24758349, ""62"": 0.04414776, ""63"": 0.002328859, ""64"": 1.919347576, ""65"": 0.508643932, ""66"": 0.020642158, ""68"": 0.52928609, ""69"": 0.244149088, ""70"": 0.009495392, ""72"": 0.25364448, ""73"": 0.849610213, ""210"": 17.0, ""211"": 4.016438677, ""212"": 2.297015983}",{},2026-09-05T10:40:10-04:00
Tanner Koziol,4917427,TE,JAX,ACTIVE,7.27537961,,,,169.99,0.03,1230,1230,"{""42"": 36.69007772, ""43"": 0.280646689, ""44"": 0.011580034, ""45"": 0.076551587, ""46"": 0.050026462, ""47"": 7.0, ""48"": 3.0, ""49"": 1.0, ""50"": 1.0, ""53"": 3.905649309, ""56"": 0.01956268, ""57"": 0.000605031, ""58"": 5.666950195, ""60"": 9.394104493, ""61"": 2.158239866, ""62"": 0.011580034, ""63"": 0.000210151, ""67"": 0.047761624, ""68"": 0.047761624, ""71"": 0.026746509, ""72"": 0.026746509, ""73"": 0.026746509, ""210"": 17.0, ""213"": 0.867045332}",{},2026-09-05T10:40:10-04:00
Tyler Conklin,3915486,TE,DET,ACTIVE,7.30900437,,58.08169609,13.8,169.98,0.05,1231,1231,"{""42"": 35.49106966, ""43"": 0.320557281, ""44"": 0.007085867, ""45"": 0.082743781, ""46"": 0.054073061, ""47"": 7.0, ""48"": 3.0, ""49"": 1.0, ""50"": 1.0, ""53"": 3.758405265, ""56"": 0.019009369, ""57"": 0.000587919, ""58"": 5.370361001, ""60"": 9.443119399, ""61"": 2.08770998, ""62"": 0.007085867, ""63"": 0.000223224, ""67"": 0.050732724, ""68"": 0.050732724, ""71"": 0.028410326, ""72"": 0.028410326, ""73"": 0.028410326, ""210"": 17.0, ""213"": 0.816739682}",{},2026-09-05T10:40:10-04:00
Ko Kieft,4034779,TE,TB,ACTIVE,7.26462108,,,0.0,169.99,0.02,1233,1233,"{""42"": 36.05386714, ""43"": 0.304027886, ""44"": 0.026385236, ""45"": 0.091499415, ""46"": 0.059794868, ""47"": 7.0, ""48"": 3.0, ""49"": 1.0, ""50"": 1.0, ""53"": 3.66498682, ""56"": 0.019270203, ""57"": 0.000595986, ""58"": 5.33547768, ""60"": 9.837379752, ""61"": 2.120815714, ""62"": 0.026385236, ""63"": 0.000197202, ""67"": 0.044818597, ""68"": 0.044818597, ""71"": 0.025098414, ""72"": 0.025098414, ""73"": 0.025098414, ""210"": 17.0, ""213"": 0.804207158}",{},2026-09-05T10:40:10-04:00
Kenny Pickett,4240703,QB,CAR,ACTIVE,10.65127269,,2.4392453,9.2,169.97,0.09,1234,1234,"{""0"": 22.454503, ""1"": 14.06280895, ""2"": 8.391694044, ""3"": 153.4776515, ""4"": 0.861351603, ""5"": 30.0, ""6"": 15.0, ""7"": 7.0, ""8"": 6.0, ""9"": 3.0, ""10"": 1.0, ""11"": 2.0, ""12"": 1.0, ""15"": 0.087192418, ""16"": 0.056980245, ""17"": 0.227783425, ""18"": 0.030767568, ""19"": 0.051620958, ""20"": 0.469426079, ""21"": 0.626280125, ""22"": 9.028097145, ""23"": 1.308626261, ""24"": 3.732361965, ""25"": 0.041215515, ""26"": 0.002877662, ""35"": 0.002401606, ""36"": 0.001681124, ""37"": 8.39e-06, ""38"": 2.86e-07, ""39"": 2.852122166, ""40"": 0.219550704, ""62"": 0.05449862, ""63"": 0.001412451, ""64"": 1.703037949, ""65"": 0.304515813, ""66"": 0.016495776, ""68"": 0.32101159, ""69"": 0.14616759, ""70"": 0.007588057, ""72"": 0.153755647, ""73"": 0.623181726, ""210"": 17.0, ""211"": 3.662295434, ""212"": 2.308243607}",{},2026-09-05T10:40:10-04:00
Tai Felton,4565185,WR,MIN,ACTIVE,7.16894493,,9.63057539,4.0,169.99,0.09,1235,1235,"{""42"": 36.99472915, ""43"": 0.23781061, ""44"": 0.013945214, ""45"": 0.088441865, ""46"": 0.057796759, ""47"": 7.0, ""48"": 3.0, ""49"": 1.0, ""50"": 1.0, ""53"": 3.735685886, ""56"": 0.019704535, ""57"": 0.000609419, ""58"": 5.523741529, ""60"": 9.903062055, ""61"": 2.176160538, ""62"": 0.013945214, ""63"": 0.000299559, ""67"": 0.068081628, ""68"": 0.068081628, ""71"": 0.038125712, ""72"": 0.038125712, ""73"": 0.038125712, ""101"": 0.037187735, ""114"": 332.1249466, ""116"": 33.0, ""117"": 13.0, ""210"": 17.0, ""213"": 0.819189814}",{},2026-09-05T10:40:10-04:00
Josh Cameron,4879194,WR,JAX,ACTIVE,7.34449767,,,,169.98,0.04,1236,1236,"{""42"": 39.93072672, ""43"": 0.240627008, ""44"": 0.009925134, ""45"": 0.11016041, ""46"": 0.071989828, ""47"": 7.0, ""48"": 3.0, ""49"": 1.0, ""50"": 1.0, ""53"": 3.241199278, ""56"": 0.021038555, ""57"": 0.000650677, ""58"": 5.666950195, ""60"": 12.31973825, ""61"": 2.348866277, ""62"": 0.009925134, ""63"": 0.000259907, ""67"": 0.059069775, ""68"": 0.059069775, ""71"": 0.033079074, ""72"": 0.033079074, ""73"": 0.033079074, ""102"": 0.055561865, ""115"": 55.56186461, ""118"": 5.0, ""119"": 2.0, ""210"": 17.0, ""213"": 0.788594977}",{},2026-09-05T10:40:10-04:00
Spencer Rattler,4426339,QB,NO,ACTIVE,10.42214567,,161.62900094,114.0,169.99,0.07,1237,1237,"{""0"": 22.83057452, ""1"": 14.88415893, ""2"": 7.946415594, ""3"": 153.3715846, ""4"": 0.808396541, ""5"": 30.0, ""6"": 15.0, ""7"": 7.0, ""8"": 6.0, ""9"": 3.0, ""10"": 1.0, ""11"": 2.0, ""12"": 1.0, ""15"": 0.087176307, ""16"": 0.056969717, ""17"": 0.227643847, ""18"": 0.030748715, ""19"": 0.044487948, ""20"": 0.510250188, ""21"": 0.651939745, ""22"": 9.021857916, ""23"": 1.329735719, ""24"": 7.11153045, ""25"": 0.02253598, ""26"": 0.001139498, ""27"": 1.0, ""35"": 0.002440375, ""36"": 0.001708262, ""37"": 7.8e-05, ""38"": 2.66e-06, ""39"": 5.348078077, ""40"": 0.418325321, ""62"": 0.045627446, ""63"": 0.001586299, ""64"": 1.595430031, ""65"": 0.341909139, ""66"": 0.01861331, ""68"": 0.360522449, ""69"": 0.164116387, ""70"": 0.008562123, ""72"": 0.172678509, ""73"": 0.682928698, ""210"": 17.0, ""211"": 3.851551361, ""212"": 2.409699152}",{},2026-09-05T10:40:10-04:00
Marlin Klein,4695705,TE,HOU,ACTIVE,6.89365926,,,,169.99,0.09,1239,1239,"{""42"": 35.83160253, ""43"": 0.22498508, ""44"": 0.014791481, ""45"": 0.079026353, ""46"": 0.051643722, ""47"": 7.0, ""48"": 3.0, ""49"": 1.0, ""50"": 1.0, ""53"": 3.970781311, ""56"": 0.019166576, ""57"": 0.000592781, ""58"": 5.485125604, ""60"": 9.023816656, ""61"": 2.107741326, ""62"": 0.014791481, ""63"": 0.000213656, ""67"": 0.048558114, ""68"": 0.048558114, ""71"": 0.027192544, ""72"": 0.027192544, ""73"": 0.027192544, ""210"": 17.0, ""213"": 0.835456784}",{},2026-09-05T10:40:10-04:00
Luke Farrell,4040612,TE,SF,ACTIVE,6.95302325,,7.04807651,24.0,169.99,0.03,1240,1240,"{""42"": 35.97726907, ""43"": 0.250557057, ""44"": 0.012839863, ""45"": 0.09872093, ""46"": 0.064514128, ""47"": 7.0, ""48"": 3.0, ""49"": 1.0, ""50"": 1.0, ""53"": 3.755419392, ""56"": 0.019233485, ""57"": 0.00059485, ""58"": 5.267616665, ""60"": 9.580093543, ""61"": 2.116309945, ""62"": 0.012839863, ""63"": 0.000202068, ""67"": 0.045924484, ""68"": 0.045924484, ""71"": 0.025717711, ""72"": 0.025717711, ""73"": 0.025717711, ""210"": 17.0, ""213"": 0.800842393}",{},2026-09-05T10:40:10-04:00
Drew Ogletree,4722908,TE,IND,ACTIVE,7.0241826,,3.31081421,10.7,169.99,0.03,1241,1241,"{""42"": 36.21196041, ""43"": 0.269283934, ""44"": 0.021426869, ""45"": 0.100602404, ""46"": 0.065743671, ""47"": 7.0, ""48"": 3.0, ""49"": 1.0, ""50"": 1.0, ""53"": 3.587119095, ""56"": 0.019342612, ""57"": 0.000598225, ""58"": 5.253253955, ""60"": 10.09499809, ""61"": 2.130115318, ""62"": 0.021426869, ""63"": 0.000193012, ""67"": 0.043866364, ""68"": 0.043866364, ""71"": 0.024565164, ""72"": 0.024565164, ""73"": 0.024565164, ""210"": 17.0, ""213"": 0.776610784}",{},2026-09-05T10:40:10-04:00
Sam Roush,4685504,TE,CHI,ACTIVE,6.89851168,,,,169.98,0.09,1243,1243,"{""42"": 33.88732996, ""43"": 0.280488541, ""44"": 0.018637668, ""45"": 0.078854328, ""46"": 0.051531304, ""47"": 6.0, ""48"": 3.0, ""49"": 1.0, ""50"": 1.0, ""53"": 3.679947688, ""56"": 0.01825851, ""57"": 0.000564696, ""58"": 5.193721181, ""60"": 9.208644479, ""61"": 1.993372351, ""62"": 0.018637668, ""63"": 0.000198007, ""67"": 0.045001551, ""68"": 0.045001551, ""71"": 0.025200869, ""72"": 0.025200869, ""73"": 0.025200869, ""210"": 17.0, ""213"": 0.73824703}",{},2026-09-05T10:40:10-04:00
Jahdae Walker,5160110,WR,CHI,ACTIVE,7.09883936,,,,169.97,0.14,1244,1244,"{""42"": 35.65571881, ""43"": 0.325913048, ""44"": 0.021655649, ""45"": 0.098202102, ""46"": 0.064175074, ""47"": 7.0, ""48"": 3.0, ""49"": 1.0, ""50"": 1.0, ""53"": 3.199572743, ""56"": 0.019085576, ""57"": 0.000590276, ""58"": 5.193721181, ""60"": 11.14390003, ""61"": 2.097395224, ""62"": 0.021655649, ""63"": 0.000256569, ""67"": 0.058311145, ""68"": 0.058311145, ""71"": 0.032654241, ""72"": 0.032654241, ""73"": 0.032654241, ""210"": 17.0, ""213"": 0.696093757}",{},2026-09-05T10:40:10-04:00
Joshua Dobbs,3044720,QB,DET,ACTIVE,10.36318795,,2.46713139,1.9,169.96,0.08,1245,1245,"{""0"": 21.30394845, ""1"": 13.53901066, ""2"": 7.76493779, ""3"": 133.0771244, ""4"": 0.920129329, ""5"": 26.0, ""6"": 13.0, ""7"": 6.0, ""8"": 5.0, ""9"": 2.0, ""10"": 1.0, ""11"": 2.0, ""12"": 1.0, ""15"": 0.084303267, ""16"": 0.055092185, ""17"": 0.199904241, ""18"": 0.027001821, ""19"": 0.026603119, ""20"": 0.593741635, ""21"": 0.635516496, ""22"": 7.828066143, ""23"": 1.530632722, ""24"": 6.777582814, ""25"": 0.09400919, ""26"": 0.001772438, ""27"": 1.0, ""35"": 0.002809374, ""36"": 0.001966562, ""37"": 6.85e-05, ""38"": 2.34e-06, ""39"": 4.427961532, ""40"": 0.398681342, ""62"": 0.028375557, ""63"": 0.00215368, ""64"": 1.639054075, ""65"": 0.458860051, ""66"": 0.030612654, ""68"": 0.489472705, ""69"": 0.220252824, ""70"": 0.014081821, ""72"": 0.234334645, ""73"": 0.828076281, ""210"": 17.0, ""211"": 3.072321518, ""212"": 2.463911845}",{},2026-09-05T10:40:10-04:00
Tyler Huntley,4035671,QB,BAL,ACTIVE,10.21143415,,,,169.98,0.08,1246,1246,"{""0"": 19.52756329, ""1"": 12.56016549, ""2"": 6.967397803, ""3"": 128.6100153, ""4"": 0.859995831, ""5"": 25.0, ""6"": 12.0, ""7"": 6.0, ""8"": 5.0, ""9"": 2.0, ""10"": 1.0, ""11"": 2.0, ""12"": 1.0, ""15"": 0.083692116, ""16"": 0.054692798, ""17"": 0.193692587, ""18"": 0.02616279, ""19"": 0.035373155, ""20"": 0.51108374, ""21"": 0.643201884, ""22"": 7.565295016, ""23"": 1.968115678, ""24"": 9.480515084, ""25"": 0.053080845, ""26"": 0.001374615, ""27"": 1.0, ""35"": 0.003613205, ""36"": 0.002529244, ""37"": 0.000162132, ""38"": 5.53e-06, ""39"": 4.817051756, ""40"": 0.557677358, ""62"": 0.03674777, ""63"": 0.001225368, ""64"": 1.642472375, ""65"": 0.254804319, ""66"": 0.023688405, ""68"": 0.278492724, ""69"": 0.122306073, ""70"": 0.010896666, ""72"": 0.133202739, ""73"": 0.644286479, ""210"": 17.0, ""211"": 2.687016644, ""212"": 2.551243548}",{},2026-09-05T10:40:10-04:00
Josh Cuevas,4876132,TE,BAL,ACTIVE,6.95969806,,,,169.99,0.03,1247,1248,"{""42"": 35.74998128, ""43"": 0.29087014, ""44"": 0.00958764, ""45"": 0.156806186, ""46"": 0.102472843, ""47"": 7.0, ""48"": 3.0, ""49"": 1.0, ""50"": 1.0, ""53"": 3.331876507, ""56"": 0.019128552, ""57"": 0.000591605, ""58"": 4.663520998, ""60"": 10.72968377, ""61"": 2.102940075, ""62"": 0.00958764, ""63"": 0.000179278, ""67"": 0.040745039, ""68"": 0.040745039, ""71"": 0.022817222, ""72"": 0.022817222, ""73"": 0.022817222, ""210"": 17.0, ""213"": 0.714519946}",{},2026-09-05T10:40:10-04:00
Matthew Hibner,4432260,TE,BAL,ACTIVE,6.95969806,,,,169.99,0.07,1248,1247,"{""42"": 35.74998128, ""43"": 0.29087014, ""44"": 0.00958764, ""45"": 0.156806186, ""46"": 0.102472843, ""47"": 7.0, ""48"": 3.0, ""49"": 1.0, ""50"": 1.0, ""53"": 3.331876507, ""56"": 0.019128552, ""57"": 0.000591605, ""58"": 4.663520998, ""60"": 10.72968377, ""61"": 2.102940075, ""62"": 0.00958764, ""63"": 0.000179278, ""67"": 0.040745039, ""68"": 0.040745039, ""71"": 0.022817222, ""72"": 0.022817222, ""73"": 0.022817222, ""210"": 17.0, ""213"": 0.714519946}",{},2026-09-05T10:40:10-04:00
Eric Saubert,2975863,TE,SEA,ACTIVE,6.91152108,,8.33690166,7.1,169.99,0.04,1249,1249,"{""42"": 34.38024507, ""43"": 0.298091659, ""44"": 0.010843683, ""45"": 0.097000307, ""46"": 0.0633897, ""47"": 6.0, ""48"": 3.0, ""49"": 1.0, ""50"": 1.0, ""53"": 3.420206997, ""56"": 0.018489785, ""57"": 0.000571849, ""58"": 5.037721129, ""60"": 10.05209483, ""61"": 2.022367357, ""62"": 0.010843683, ""63"": 0.000184031, ""67"": 0.04182522, ""68"": 0.04182522, ""71"": 0.023422123, ""72"": 0.023422123, ""73"": 0.023422123, ""210"": 17.0, ""213"": 0.699834416}",{},2026-09-05T10:40:10-04:00
Darius Cooper,4715355,WR,PHI,ACTIVE,6.86994894,,,,169.98,0.08,1251,1251,"{""42"": 37.67912238, ""43"": 0.252935138, ""44"": 0.011351309, ""45"": 0.157291906, ""46"": 0.102790261, ""47"": 7.0, ""48"": 3.0, ""49"": 1.0, ""50"": 1.0, ""53"": 3.256382631, ""56"": 0.020017816, ""57"": 0.000619108, ""58"": 4.916066903, ""60"": 11.57085228, ""61"": 2.216418964, ""62"": 0.011351309, ""63"": 0.000261125, ""67"": 0.059346486, ""68"": 0.059346486, ""71"": 0.033234032, ""72"": 0.033234032, ""73"": 0.033234032, ""210"": 17.0, ""213"": 0.734998333}",{},2026-09-05T10:40:10-04:00
Andrew Beck,3125107,RB,NYJ,ACTIVE,6.32935292,,,20.0,169.98,0.04,1253,1253,"{""42"": 28.54421634, ""43"": 0.226224602, ""44"": 0.027584437, ""45"": 0.039530483, ""46"": 0.02583317, ""47"": 5.0, ""48"": 2.0, ""49"": 1.0, ""50"": 1.0, ""53"": 4.205431978, ""56"": 0.015689714, ""57"": 0.000485249, ""58"": 5.317644403, ""60"": 6.787463569, ""61"": 1.67907155, ""62"": 0.027584437, ""63"": 0.000158326, ""67"": 0.035983204, ""68"": 0.035983204, ""71"": 0.020150594, ""72"": 0.020150594, ""73"": 0.020150594, ""210"": 17.0, ""213"": 0.688490739}",{},2026-09-05T10:40:10-04:00
Jonathan Mingo,4426485,WR,DAL,ACTIVE,6.93895851,,,3.0,169.97,0.08,1254,1254,"{""42"": 40.54288518, ""43"": 0.250178931, ""44"": 0.008946261, ""45"": 0.122647566, ""46"": 0.080150185, ""47"": 8.0, ""48"": 4.0, ""49"": 2.0, ""50"": 1.0, ""53"": 2.859513989, ""56"": 0.021313749, ""57"": 0.000659188, ""58"": 5.626610522, ""60"": 14.17824334, ""61"": 2.384875599, ""62"": 0.008946261, ""63"": 0.000251637, ""67"": 0.05719028, ""68"": 0.05719028, ""71"": 0.032026557, ""72"": 0.032026557, ""73"": 0.032026557, ""210"": 17.0, ""213"": 0.722383173}",{},2026-09-05T10:40:10-04:00
Davis Mills,4242546,QB,HOU,ACTIVE,9.89740484,,2.68350579,78.0,169.99,0.05,1255,1255,"{""0"": 23.44977211, ""1"": 14.14210349, ""2"": 9.307668612, ""3"": 146.490748, ""4"": 0.796098968, ""5"": 29.0, ""6"": 14.0, ""7"": 7.0, ""8"": 5.0, ""9"": 2.0, ""10"": 1.0, ""11"": 2.0, ""12"": 1.0, ""15"": 0.086187508, ""16"": 0.056323536, ""17"": 0.218311559, ""18"": 0.029488167, ""19"": 0.05848216, ""20"": 0.554447603, ""21"": 0.603080637, ""22"": 8.617102825, ""23"": 0.979995159, ""24"": 3.853244872, ""25"": 0.033089775, ""26"": 0.00239495, ""35"": 0.001798177, ""36"": 0.001258724, ""37"": 9.84e-06, ""38"": 3.36e-07, ""39"": 3.931901946, ""40"": 0.226661463, ""62"": 0.06087711, ""63"": 0.001266588, ""64"": 1.483260918, ""65"": 0.27697451, ""66"": 0.010886509, ""68"": 0.287861018, ""69"": 0.132947765, ""70"": 0.005007794, ""72"": 0.137955559, ""73"": 0.692403162, ""210"": 17.0, ""211"": 3.491599521, ""212"": 2.286302116}",{},2026-09-05T10:40:10-04:00
Hunter Long,4239944,TE,ARI,ACTIVE,6.42329792,,3.51714319,26.5,169.99,0.02,1256,1256,"{""42"": 33.29404163, ""43"": 0.198474226, ""44"": 0.010899749, ""45"": 0.049700896, ""46"": 0.032479535, ""47"": 6.0, ""48"": 3.0, ""49"": 1.0, ""50"": 1.0, ""53"": 3.868465272, ""56"": 0.017977766, ""57"": 0.000556013, ""58"": 5.728899151, ""60"": 8.606524627, ""61"": 1.958473037, ""62"": 0.010899749, ""63"": 0.00020815, ""67"": 0.047306906, ""68"": 0.047306906, ""71"": 0.026491867, ""72"": 0.026491867, ""73"": 0.026491867, ""210"": 17.0, ""213"": 0.731318906}",{},2026-09-05T10:40:10-04:00
Ian Thomas,4045305,TE,LV,ACTIVE,6.38270711,,7.19348828,17.9,169.99,0.02,1257,1257,"{""42"": 35.99924284, ""43"": 0.150986755, ""44"": 0.009607214, ""45"": 0.084321965, ""46"": 0.055104404, ""47"": 7.0, ""48"": 3.0, ""49"": 1.0, ""50"": 1.0, ""53"": 3.798537297, ""56"": 0.019243133, ""57"": 0.000595148, ""58"": 5.439890289, ""60"": 9.477132913, ""61"": 2.11760252, ""62"": 0.009607214, ""63"": 0.00016351, ""67"": 0.037161413, ""68"": 0.037161413, ""71"": 0.020810391, ""72"": 0.020810391, ""73"": 0.020810391, ""210"": 17.0, ""213"": 0.770560486}",{},2026-09-05T10:40:10-04:00
Dareke Young,4401805,WR,LV,ACTIVE,6.59733402,,,5.8,169.99,0.02,1258,1258,"{""42"": 38.30036759, ""43"": 0.13581987, ""44"": 0.008636098, ""45"": 0.110104157, ""46"": 0.071953067, ""47"": 7.0, ""48"": 3.0, ""49"": 1.0, ""50"": 1.0, ""53"": 3.29200046, ""56"": 0.020299738, ""57"": 0.000627827, ""58"": 5.439890289, ""60"": 11.63437492, ""61"": 2.252962799, ""62"": 0.008636098, ""63"": 0.000263981, ""67"": 0.05999561, ""68"": 0.05999561, ""71"": 0.033597541, ""72"": 0.033597541, ""73"": 0.033597541, ""101"": 0.05938345, ""114"": 530.3556427, ""116"": 53.0, ""117"": 21.0, ""210"": 17.0, ""213"": 0.712358058}",{},2026-09-05T10:40:10-04:00
Charlie Woerner,4035020,TE,ATL,ACTIVE,6.27258947,,13.05960229,8.8,169.99,0.02,1259,1259,"{""42"": 32.70866787, ""43"": 0.178193498, ""44"": 0.010459427, ""45"": 0.054028904, ""46"": 0.035307889, ""47"": 6.0, ""48"": 3.0, ""49"": 1.0, ""50"": 1.0, ""53"": 3.930965191, ""56"": 0.017700923, ""57"": 0.000547451, ""58"": 5.476828885, ""60"": 8.320772708, ""61"": 1.924039287, ""62"": 0.010459427, ""63"": 0.000211513, ""67"": 0.048071208, ""68"": 0.048071208, ""71"": 0.026919877, ""72"": 0.026919877, ""73"": 0.026919877, ""210"": 17.0, ""213"": 0.72112928}",{},2026-09-05T10:40:10-04:00
Cade Klubnik,4685413,QB,NYJ,ACTIVE,9.62686167,,,,169.99,0.12,1260,1260,"{""0"": 21.83326504, ""1"": 13.15885554, ""2"": 8.674409502, ""3"": 143.7600963, ""4"": 0.772190645, ""5"": 28.0, ""6"": 14.0, ""7"": 7.0, ""8"": 5.0, ""9"": 2.0, ""10"": 1.0, ""11"": 2.0, ""12"": 1.0, ""15"": 0.085799097, ""16"": 0.05606971, ""17"": 0.214588306, ""18"": 0.028985254, ""19"": 0.103805861, ""20"": 0.831542321, ""21"": 0.602697559, ""22"": 8.456476253, ""23"": 1.503634882, ""24"": 6.674601867, ""25"": 0.080358243, ""26"": 0.00908037, ""27"": 1.0, ""35"": 0.002759782, ""36"": 0.001931848, ""37"": 6.57e-05, ""38"": 2.24e-06, ""39"": 4.438977805, ""40"": 0.392623639, ""62"": 0.112886231, ""63"": 0.001463816, ""64"": 1.723681437, ""65"": 0.312724402, ""66"": 0.019961132, ""68"": 0.332685534, ""69"": 0.150107713, ""70"": 0.009182121, ""72"": 0.159289834, ""73"": 0.990832155, ""210"": 17.0, ""211"": 3.161160871, ""212"": 2.44861765}",{},2026-09-05T10:40:10-04:00
Johnny Mundt,3052096,TE,PHI,ACTIVE,6.49486515,,17.19066429,15.6,169.99,0.04,1261,1261,"{""42"": 35.37746132, ""43"": 0.208306959, ""44"": 0.009348449, ""45"": 0.120456984, ""46"": 0.078718639, ""47"": 7.0, ""48"": 3.0, ""49"": 1.0, ""50"": 1.0, ""53"": 3.452826357, ""56"": 0.018955477, ""57"": 0.000586252, ""58"": 4.916066903, ""60"": 10.24594279, ""61"": 2.081027136, ""62"": 0.009348449, ""63"": 0.000148629, ""67"": 0.033779294, ""68"": 0.033779294, ""71"": 0.018916404, ""72"": 0.018916404, ""73"": 0.018916404, ""210"": 17.0, ""213"": 0.698054393}",{},2026-09-05T10:40:10-04:00
Carsen Ryan,4685540,TE,CLE,ACTIVE,6.28024522,,,,169.99,0.02,1262,1262,"{""42"": 33.83850119, ""43"": 0.170404204, ""44"": 0.012129384, ""45"": 0.077373018, ""46"": 0.050563267, ""47"": 6.0, ""48"": 3.0, ""49"": 1.0, ""50"": 1.0, ""53"": 3.80361322, ""56"": 0.018233807, ""57"": 0.000563932, ""58"": 5.206594781, ""60"": 8.896409607, ""61"": 1.99050007, ""62"": 0.012129384, ""63"": 0.000204661, ""67"": 0.046513839, ""68"": 0.046513839, ""71"": 0.02604775, ""72"": 0.02604775, ""73"": 0.02604775, ""210"": 17.0, ""213"": 0.720072774}",{},2026-09-05T10:40:10-04:00
Reggie Virgil,4869132,WR,ARI,ACTIVE,6.40212702,,,,169.99,0.05,1263,1263,"{""42"": 39.23151186, ""43"": 0.141778311, ""44"": 0.007776757, ""45"": 0.097180688, ""46"": 0.063507579, ""47"": 7.0, ""48"": 3.0, ""49"": 1.0, ""50"": 1.0, ""53"": 3.362784725, ""56"": 0.02072413, ""57"": 0.000640952, ""58"": 5.728899151, ""60"": 11.66637625, ""61"": 2.307735992, ""62"": 0.007776757, ""63"": 0.000269657, ""67"": 0.061285629, ""68"": 0.061285629, ""71"": 0.034319952, ""72"": 0.034319952, ""73"": 0.034319952, ""210"": 17.0, ""213"": 0.756605933}",{},2026-09-05T10:40:10-04:00
Kyle Allen,3115293,QB,BUF,ACTIVE,9.78624728,,2.13495946,-0.3,169.96,0.09,1265,1265,"{""0"": 21.93207158, ""1"": 13.16603283, ""2"": 8.766038746, ""3"": 138.2556025, ""4"": 0.923872886, ""5"": 27.0, ""6"": 13.0, ""7"": 6.0, ""8"": 5.0, ""9"": 2.0, ""10"": 1.0, ""11"": 2.0, ""12"": 1.0, ""15"": 0.085023361, ""16"": 0.055562766, ""17"": 0.207047057, ""18"": 0.027966629, ""19"": 0.087734991, ""20"": 0.705482497, ""21"": 0.600309587, ""22"": 8.132682499, ""23"": 1.056625146, ""24"": 2.935088176, ""25"": 0.042219732, ""26"": 0.002011564, ""35"": 0.001938866, ""36"": 0.001357206, ""37"": 5.4e-07, ""38"": 1.84e-08, ""39"": 2.777795122, ""40"": 0.172652246, ""62"": 0.089746555, ""63"": 0.002168791, ""64"": 1.656650112, ""65"": 0.471774434, ""66"": 0.021132503, ""68"": 0.492906937, ""69"": 0.226451728, ""70"": 0.009720951, ""72"": 0.23617268, ""73"": 0.941655177, ""210"": 17.0, ""211"": 3.098073893, ""212"": 2.266762177}",{},2026-09-05T10:40:10-04:00
Kyle McCord,4433971,QB,MIA,ACTIVE,8.99336717,,,,169.99,0.04,1266,1266,"{""0"": 22.28984369, ""1"": 14.33919726, ""2"": 7.950646429, ""3"": 154.8470348, ""4"": 0.578612456, ""5"": 30.0, ""6"": 15.0, ""7"": 7.0, ""8"": 6.0, ""9"": 3.0, ""10"": 1.0, ""11"": 2.0, ""12"": 1.0, ""15"": 0.087390805, ""16"": 0.057109891, ""17"": 0.229632771, ""18"": 0.031017366, ""19"": 0.029050512, ""20"": 0.499792999, ""21"": 0.643306317, ""22"": 9.108649103, ""23"": 1.250051049, ""24"": 5.510943124, ""25"": 0.037861613, ""26"": 0.001434343, ""27"": 1.0, ""35"": 0.002294035, ""36"": 0.001605824, ""37"": 3.77e-05, ""38"": 1.29e-06, ""39"": 4.408574457, ""40"": 0.324173125, ""62"": 0.030484855, ""63"": 0.001460337, ""64"": 1.461126238, ""65"": 0.315300112, ""66"": 0.016594743, ""68"": 0.331894855, ""69"": 0.151344054, ""70"": 0.007633582, ""72"": 0.158977636, ""73"": 0.658770635, ""210"": 17.0, ""211"": 3.646990908, ""212"": 2.362238999}",{},2026-09-05T10:40:10-04:00
Brycen Tremayne,4360763,WR,CAR,ACTIVE,6.3432157,,8.20400577,23.0,169.99,0.02,1268,1268,"{""42"": 36.02709539, ""43"": 0.162924642, ""44"": 0.009877352, ""45"": 0.102165448, ""46"": 0.06676512, ""47"": 7.0, ""48"": 3.0, ""49"": 1.0, ""50"": 1.0, ""53"": 3.286306398, ""56"": 0.019257171, ""57"": 0.000595583, ""58"": 5.19979019, ""60"": 10.96279258, ""61"": 2.119240905, ""62"": 0.009877352, ""63"": 0.000263524, ""67"": 0.059891837, ""68"": 0.059891837, ""71"": 0.033539429, ""72"": 0.033539429, ""73"": 0.033539429, ""102"": 0.027854877, ""115"": 27.85487657, ""118"": 2.0, ""119"": 1.0, ""210"": 17.0, ""213"": 0.659455826}",{},2026-09-05T10:40:10-04:00
Drew Lock,3924327,QB,SEA,ACTIVE,9.41294385,,,0.1,169.97,0.08,1269,1269,"{""0"": 21.14714531, ""1"": 12.93053572, ""2"": 8.216609585, ""3"": 134.2872869, ""4"": 0.805480961, ""5"": 26.0, ""6"": 13.0, ""7"": 6.0, ""8"": 5.0, ""9"": 2.0, ""10"": 1.0, ""11"": 2.0, ""12"": 1.0, ""15"": 0.084471462, ""16"": 0.055202101, ""17"": 0.201573861, ""18"": 0.027227343, ""19"": 0.036149891, ""20"": 0.574906551, ""21"": 0.611455378, ""22"": 7.899252172, ""23"": 1.170579396, ""24"": 5.188651235, ""25"": 0.048249617, ""26"": 0.001379223, ""27"": 1.0, ""35"": 0.0021481, ""36"": 0.00150367, ""37"": 3.11e-05, ""38"": 1.06e-06, ""39"": 4.432549601, ""40"": 0.305214779, ""62"": 0.037529114, ""63"": 0.00162376, ""64"": 1.513619855, ""65"": 0.350909585, ""66"": 0.018126816, ""68"": 0.369036401, ""69"": 0.168436601, ""70"": 0.008338336, ""72"": 0.176774936, ""73"": 0.751681487, ""210"": 17.0, ""211"": 2.893630106, ""212"": 2.354272829}",{},2026-09-05T10:40:10-04:00
Reggie Gilliam,4039505,RB,NE,ACTIVE,5.90969925,,,3.8,169.98,0.06,1270,1270,"{""42"": 29.86367225, ""43"": 0.150266011, ""44"": 0.005764842, ""45"": 0.048894843, ""46"": 0.03195278, ""47"": 5.0, ""48"": 2.0, ""49"": 1.0, ""50"": 1.0, ""53"": 4.098974536, ""56"": 0.016333349, ""57"": 0.000505155, ""58"": 5.182546356, ""60"": 7.285644735, ""61"": 1.756686603, ""62"": 0.005764842, ""63"": 0.000154318, ""67"": 0.035072315, ""68"": 0.035072315, ""71"": 0.019640496, ""72"": 0.019640496, ""73"": 0.019640496, ""210"": 17.0, ""213"": 0.669550344}",{},2026-09-05T10:40:10-04:00
Mitchell Trubisky,3039707,QB,TEN,QUESTIONABLE,8.94204069,,2.6014188,38.8,169.99,0.05,1271,1271,"{""0"": 23.54643731, ""1"": 15.02065272, ""2"": 8.52578459, ""3"": 154.1213501, ""4"": 0.678679338, ""5"": 30.0, ""6"": 15.0, ""7"": 7.0, ""8"": 6.0, ""9"": 3.0, ""10"": 1.0, ""11"": 3.0, ""12"": 1.0, ""15"": 0.087286746, ""16"": 0.057041889, ""17"": 0.228647445, ""18"": 0.030884275, ""19"": 0.010845864, ""20"": 0.713703565, ""21"": 0.637916154, ""22"": 9.065961773, ""23"": 1.126725558, ""24"": 2.495645455, ""25"": 0.048347866, ""26"": 0.000649465, ""35"": 0.002067575, ""36"": 0.001447303, ""37"": -2.33e-06, ""38"": -7.94e-08, ""39"": 2.214954154, ""40"": 0.146802674, ""62"": 0.011495329, ""63"": 0.001218017, ""64"": 1.392681531, ""65"": 0.264856187, ""66"": 0.011965949, ""68"": 0.276822136, ""69"": 0.12713097, ""70"": 0.005504337, ""72"": 0.132635306, ""73"": 0.846338872, ""210"": 17.0, ""211"": 3.849904584, ""212"": 2.260751612}",{},2026-09-05T10:40:10-04:00
Patrick Ricard,2975417,RB,NYG,ACTIVE,5.41064651,,5.03105947,1.6,169.98,0.07,1274,1274,"{""42"": 26.78660927, ""43"": 0.134305684, ""44"": 0.007186645, ""45"": 0.039073822, ""46"": 0.025534743, ""47"": 5.0, ""48"": 2.0, ""49"": 1.0, ""50"": 1.0, ""53"": 3.898271633, ""56"": 0.014821568, ""57"": 0.000458399, ""58"": 5.04587646, ""60"": 6.871406558, ""61"": 1.575682898, ""62"": 0.007186645, ""63"": 0.000146762, ""67"": 0.033355028, ""68"": 0.033355028, ""71"": 0.018678816, ""72"": 0.018678816, ""73"": 0.018678816, ""210"": 17.0, ""213"": 0.532423779}",{},2026-09-05T10:40:10-04:00
Gardner Minshew II,4038524,QB,ARI,ACTIVE,8.31395442,,3.16904579,-0.4,169.97,0.06,1277,1277,"{""0"": 21.73431137, ""1"": 13.58534404, ""2"": 8.148967331, ""3"": 141.5037825, ""4"": 0.625716056, ""5"": 28.0, ""6"": 14.0, ""7"": 7.0, ""8"": 5.0, ""9"": 2.0, ""10"": 1.0, ""11"": 2.0, ""12"": 1.0, ""15"": 0.077824038, ""16"": 0.050858009, ""17"": 0.209158278, ""18"": 0.028251799, ""19"": 0.033822975, ""20"": 0.59194734, ""21"": 0.625064388, ""22"": 9.433585499, ""23"": 0.891091178, ""24"": 2.546717126, ""25"": 0.030606368, ""26"": 0.001562739, ""35"": 0.001635075, ""36"": 0.001144553, ""37"": 1.59159e-07, ""38"": 5.43149e-09, ""39"": 2.857975918, ""40"": 0.169781142, ""62"": 0.035385714, ""63"": 0.001677912, ""64"": 1.587417115, ""65"": 0.367309324, ""66"": 0.014034384, ""68"": 0.381343708, ""69"": 0.176308475, ""70"": 0.006455817, ""72"": 0.182764292, ""73"": 0.774711632, ""210"": 15.0, ""211"": 3.624111346, ""212"": 1.991170703}",{},2026-09-05T10:40:10-04:00
Chris Manhertz,2531358,TE,NYG,ACTIVE,3.22513345,,3.45261381,1.2,169.99,0.03,1297,1297,"{""42"": 16.2739698, ""43"": 0.117411049, ""44"": 0.006279368, ""45"": 0.076508766, ""46"": 0.049998479, ""47"": 3.0, ""48"": 1.0, ""53"": 1.811031812, ""56"": 0.009376829, ""57"": 0.000290005, ""58"": 2.52293823, ""60"": 8.986020947, ""61"": 0.957292341, ""62"": 0.006279368, ""63"": 9.74e-05, ""67"": 0.022146848, ""68"": 0.022146848, ""71"": 0.012402235, ""72"": 0.012402235, ""73"": 0.012402235, ""210"": 17.0, ""213"": -0.240132849}",{},2026-09-05T10:40:10-04:00
Kaden Wetjen,5081338,WR,PIT,ACTIVE,4.0647391,,,,169.95,0.17,1298,1298,"{""23"": 2.143300959, ""24"": 11.66268746, ""25"": 0.082442293, ""26"": 0.002776001, ""27"": 2.0, ""28"": 1.0, ""35"": 0.003935202, ""36"": 0.002754642, ""37"": 0.000266, ""38"": 9.07e-06, ""39"": 5.441460478, ""40"": 0.686040439, ""62"": 0.002776001, ""63"": 0.000171868, ""66"": 0.039060945, ""68"": 0.039060945, ""70"": 0.017968034, ""72"": 0.017968034, ""73"": 0.017968034, ""101"": 0.100652197, ""102"": 0.305047914, ""114"": 898.9282429, ""115"": 305.0479139, ""116"": 89.0, ""117"": 35.0, ""118"": 30.0, ""119"": 12.0, ""210"": 17.0, ""212"": 2.657457374}",{},2026-09-05T10:40:10-04:00
Ben Skowronek,4035656,WR,PIT,QUESTIONABLE,2.98998041,,8.99564004,14.9,169.99,0.06,1300,1300,"{""42"": 16.93532366, ""43"": 0.071663156, ""44"": 0.002190285, ""45"": 0.054914871, ""46"": 0.035886868, ""47"": 3.0, ""48"": 1.0, ""53"": 1.782387348, ""56"": 0.009732929, ""57"": 0.000301018, ""58"": 2.833367214, ""60"": 9.501483324, ""61"": 0.99619551, ""62"": 0.002190285, ""63"": 0.000114342, ""67"": 0.025986732, ""68"": 0.025986732, ""71"": 0.01455257, ""72"": 0.01455257, ""73"": 0.01455257, ""210"": 17.0, ""213"": -0.247131348}",{},2026-09-05T10:40:10-04:00
Kameron Johnson,5097554,WR,TB,ACTIVE,3.69702195,,0.10395698,15.7,169.99,0.04,1303,1303,"{""23"": 2.180725072, ""24"": 12.06909007, ""25"": 0.105846571, ""26"": 0.009677627, ""27"": 2.0, ""28"": 1.0, ""35"": 0.004003997, ""36"": 0.002802798, ""37"": 0.000287781, ""38"": 9.82e-06, ""39"": 5.534439084, ""40"": 0.709946475, ""62"": 0.009677627, ""63"": 0.000174869, ""66"": 0.039742987, ""68"": 0.039742987, ""70"": 0.018281774, ""72"": 0.018281774, ""73"": 0.018281774, ""101"": 0.087360734, ""102"": 0.224679567, ""114"": 955.3336996, ""115"": 314.1353212, ""116"": 95.0, ""117"": 38.0, ""118"": 31.0, ""119"": 12.0, ""210"": 17.0, ""212"": 2.690901254}",{},2026-09-05T10:40:10-04:00
Arian Smith,4429105,WR,NYJ,ACTIVE,3.51414704,,35.96903411,10.0,169.99,0.03,1307,1307,"{""23"": 4.336371056, ""24"": 23.65469537, ""25"": 0.196179467, ""26"": 0.022153651, ""27"": 4.0, ""28"": 2.0, ""29"": 1.0, ""35"": 0.007971306, ""36"": 0.005579914, ""37"": 0.001276325, ""38"": 4.36e-05, ""39"": 5.454951863, ""40"": 1.391452669, ""62"": 0.022153651, ""63"": 0.000347727, ""66"": 0.079028915, ""68"": 0.079028915, ""70"": 0.036353301, ""72"": 0.036353301, ""73"": 0.036353301, ""210"": 17.0, ""212"": 3.280398633}",{},2026-09-05T10:40:10-04:00
Braxton Berrios,3123075,WR,FA,ACTIVE,2.48463618,,1.78179525,6.7,169.96,0.08,1317,1317,"{""101"": 0.236379607, ""102"": 0.177726423, ""114"": 1325.294301, ""115"": 250.2792978, ""116"": 132.0, ""117"": 53.0, ""118"": 25.0, ""119"": 10.0, ""210"": 17.0}",{},2026-09-05T10:40:10-04:00
British Brooks,4373273,RB,HOU,QUESTIONABLE,2.36471008,,,7.8,169.98,0.04,1318,1318,"{""23"": 4.204794772, ""24"": 18.00526616, ""25"": 0.097202813, ""26"": 0.007033061, ""27"": 3.0, ""28"": 1.0, ""35"": 0.007728859, ""36"": 0.005410201, ""37"": 0.00070596, ""38"": 2.41e-05, ""39"": 4.282079659, ""40"": 1.059133304, ""62"": 0.007033061, ""63"": 0.000158302, ""66"": 0.035977751, ""68"": 0.035977751, ""70"": 0.016549766, ""72"": 0.016549766, ""73"": 0.016549766, ""210"": 17.0, ""212"": 3.007862894}",{},2026-09-05T10:40:10-04:00
Ke'Shawn Williams,4570738,WR,CIN,ACTIVE,2.06740031,,,,169.98,0.04,1321,1321,"{""101"": 0.118774386, ""102"": 0.225792332, ""114"": 1236.576827, ""115"": 292.118829, ""116"": 123.0, ""117"": 49.0, ""118"": 29.0, ""119"": 11.0, ""210"": 17.0}",{},2026-09-05T10:40:10-04:00
Myles Price,4430656,WR,MIN,ACTIVE,1.93946075,,,,169.96,0.12,1322,1322,"{""101"": 0.119000753, ""102"": 0.204242706, ""114"": 1330.929475, ""115"": 253.6013595, ""116"": 133.0, ""117"": 53.0, ""118"": 25.0, ""119"": 10.0, ""210"": 17.0}",{},2026-09-05T10:40:10-04:00
LaJohntay Wester,4690143,WR,BAL,ACTIVE,1.86903872,,0.44231306,-2.0,169.99,0.05,1323,1323,"{""101"": 0.068869806, ""102"": 0.242636648, ""114"": 615.0786161, ""115"": 375.3285642, ""116"": 61.0, ""117"": 24.0, ""118"": 37.0, ""119"": 15.0, ""210"": 17.0}",{},2026-09-05T10:40:10-04:00
Devin Duvernay,4039050,WR,ARI,ACTIVE,1.72141591,,,,169.99,0.04,1324,1324,"{""101"": 0.133579989, ""102"": 0.153322662, ""114"": 644.6751551, ""115"": 229.4967386, ""116"": 64.0, ""117"": 25.0, ""118"": 22.0, ""119"": 9.0, ""210"": 17.0}",{},2026-09-05T10:40:10-04:00
Nikko Remigio,4372716,WR,KC,ACTIVE,1.41915173,,4.06765164,3.7,169.99,0.04,1326,1326,"{""101"": 0.057590602, ""102"": 0.178934686, ""114"": 663.781333, ""115"": 201.8750305, ""116"": 66.0, ""117"": 26.0, ""118"": 20.0, ""119"": 8.0, ""210"": 17.0}",{},2026-09-05T10:40:10-04:00
Skyy Moore,4430191,WR,GB,ACTIVE,0.39934945,,7.68544465,12.3,169.98,0.07,1327,1327,"{""102"": 0.066558242, ""115"": 78.02105045, ""118"": 7.0, ""119"": 3.0, ""210"": 17.0}",{},2026-09-05T10:40:10-04:00
Jalen Brooks,4692835,WR,ARI,ACTIVE,0.28747999,,,,169.98,0.04,1328,1328,"{""102"": 0.047913332, ""115"": 47.91333183, ""118"": 4.0, ""119"": 1.0, ""210"": 17.0}",{},2026-09-05T10:40:10-04:00
Robert Tonyan,2975674,TE,PIT,ACTIVE,,,3.9874486,0.6,169.99,0.03,1329,1329,null,{},2026-09-05T10:40:10-04:00
Ray-Ray McCloud III,3728262,WR,FA,QUESTIONABLE,,,88.69566861,10.4,169.98,0.05,1330,1330,null,{},2026-09-05T10:40:10-04:00
Cooper Rush,2972515,QB,ATL,ACTIVE,,,2.69344743,1.4,169.99,0.03,1331,1331,null,{},2026-09-05T10:40:10-04:00
Mason Rudolph,3116407,QB,PIT,ACTIVE,,,2.4580556,18.8,169.98,0.06,1332,1332,{},{},2026-09-05T10:40:10-04:00
Jeremy McNichols,3127586,RB,WSH,INJURY_RESERVE,,,14.83010718,60.2,170.0,0.03,1333,1333,null,{},2026-09-05T10:40:10-04:00
Devin Singletary,4040761,RB,NYG,ACTIVE,,,17.68597912,99.8,169.98,0.38,1334,1334,{},{},2026-09-05T10:40:10-04:00
Christian Kirk,3895856,WR,SF,INJURY_RESERVE,,,105.13562876,43.9,169.94,0.76,1335,1335,{},{},2026-09-05T10:40:10-04:00
Tim Patrick,3134353,WR,NYJ,ACTIVE,,,14.87842613,44.2,169.99,0.03,1336,1336,null,{},2026-09-05T10:40:10-04:00
Carson Wentz,2573079,QB,MIN,ACTIVE,,,3.23028487,81.9,169.98,0.06,1337,1337,null,{},2026-09-05T10:40:10-04:00
Andy Dalton,14012,QB,PHI,ACTIVE,,,2.76323696,11.4,169.99,0.05,1338,1338,null,{},2026-09-05T10:40:10-04:00
Case Keenum,15168,QB,CHI,ACTIVE,,,,,169.99,0.03,1339,1339,null,{},2026-09-05T10:40:10-04:00
Lil'Jordan Humphrey,4039057,WR,DEN,ACTIVE,,,,,169.95,0.16,1340,1340,null,{},2026-09-05T10:40:10-04:00
Gunner Olszewski,4424106,WR,NYG,INJURY_RESERVE,,,,,169.99,0.02,1341,1341,{},{},2026-09-05T10:40:10-04:00
Brandon Aiyuk,4360438,WR,SF,OUT,,,93.95188052,,169.97,1.1,1342,1342,null,{},2026-09-05T10:40:10-04:00
AJ Dillon,4239934,RB,CAR,ACTIVE,,,10.30120402,7.6,169.98,0.09,1343,1343,null,{},2026-09-05T10:40:10-04:00
Trey Sermon,4241401,RB,ATL,INJURY_RESERVE,,,,,169.99,0.02,1345,1345,null,{},2026-09-05T10:40:10-04:00
Elijah Moore,4372414,WR,PHI,ACTIVE,,,17.94237594,24.1,169.98,0.05,1346,1346,null,{},2026-09-05T10:40:10-04:00
Zach Wilson,4361259,QB,NO,ACTIVE,,,2.71536422,1.3,169.99,0.04,1347,1347,null,{},2026-09-05T10:40:10-04:00
Jermar Jefferson,4374033,RB,MIN,INJURY_RESERVE,,,,,169.94,0.06,1348,1348,null,{},2026-09-05T10:40:10-04:00
Brevin Jordan,4362504,TE,HOU,QUESTIONABLE,,,,,170.0,0.01,1349,1349,null,{},2026-09-05T10:40:10-04:00
Tylan Wallace,4241424,WR,CLE,ACTIVE,,,4.04989903,12.5,169.99,0.02,1350,1350,{},{},2026-09-05T10:40:10-04:00
Kylen Granson,4039160,TE,TEN,ACTIVE,,,3.11185361,7.5,170.0,0.01,1351,1351,null,{},2026-09-05T10:40:10-04:00
Simi Fehoko,4360739,WR,ARI,ACTIVE,,,,,169.99,0.02,1352,1352,null,{},2026-09-05T10:40:10-04:00
Sam Ehlinger,4241820,QB,DEN,ACTIVE,,,,,169.99,0.02,1353,1353,null,{},2026-09-05T10:40:10-04:00
Feleipe Franks,4034948,TE,CAR,ACTIVE,,,3.44953376,0.4,169.99,0.01,1354,1354,null,{},2026-09-05T10:40:10-04:00
D.J. Montgomery,4249030,WR,IND,INJURY_RESERVE,,,,,169.97,0.03,1355,1355,null,{},2026-09-05T10:40:10-04:00
David Sills V,3871102,WR,TB,INJURY_RESERVE,,,,40.1,170.0,0.01,1356,1356,null,{},2026-09-05T10:40:10-04:00
John Metchie III,4567096,WR,CAR,ACTIVE,,,1.09490122,55.4,169.99,0.06,1357,1357,null,{},2026-09-05T10:40:10-04:00
Jelani Woods,4241410,TE,NYJ,ACTIVE,,,,0.9,169.99,0.02,1358,1358,{},{},2026-09-05T10:40:10-04:00
Calvin Austin III,4243389,WR,NYG,INJURY_RESERVE,,,87.93758701,70.7,169.99,0.08,1359,1359,{},{},2026-09-05T10:40:10-04:00
Grant Calcaterra,4241374,TE,PHI,INJURY_RESERVE,,,15.55737806,18.1,169.99,0.03,1360,1360,{},{},2026-09-05T10:40:10-04:00
Cole Turner,4361438,TE,MIA,INJURY_RESERVE,,,,,170.0,0.01,1361,1361,{},{},2026-09-05T10:40:10-04:00
Ty Chandler,4242431,RB,NO,INJURY_RESERVE,,,7.58613815,7.3,169.99,0.02,1362,1362,null,{},2026-09-05T10:40:10-04:00
Skylar Thompson,4036419,QB,BAL,INJURY_RESERVE,,,,,170.0,0.01,1363,1363,null,{},2026-09-05T10:40:10-04:00
Chris Oladokun,4044111,QB,FA,QUESTIONABLE,,,,,169.99,0.01,1364,1364,null,{},2026-09-05T10:40:10-04:00
Brittain Brown,4036032,RB,CHI,INJURY_RESERVE,,,,,169.99,0.03,1365,1365,null,{},2026-09-05T10:40:10-04:00
Julius Chestnut,4367567,RB,TEN,ACTIVE,,,12.2739834,4.0,169.98,0.04,1366,1366,null,{},2026-09-05T10:40:10-04:00
Quintin Morris,4244049,TE,JAX,ACTIVE,,,,,170.0,0.01,1367,1367,{},{},2026-09-05T10:40:10-04:00
Ronnie Rivers,4243003,RB,LAR,ACTIVE,,,,,169.98,0.05,1368,1368,null,{},2026-09-05T10:40:10-04:00
Nikola Kalinic,4916349,TE,CHI,INJURY_RESERVE,,,,,170.0,0.01,1369,1369,null,{},2026-09-05T10:40:10-04:00
Roschon Johnson,4426386,RB,CHI,ACTIVE,,,73.31628427,1.7,169.97,1.48,1370,1370,null,{},2026-09-05T10:40:10-04:00
Luke Musgrave,4428085,TE,GB,OUT,,,26.94955946,37.2,169.99,0.11,1371,1371,{},{},2026-09-05T10:40:10-04:00
Stetson Bennett IV,4259553,QB,LAR,ACTIVE,,,,,169.98,0.07,1372,1372,{},{},2026-09-05T10:40:10-04:00
Cameron Latu,4372026,TE,NE,ACTIVE,,,,,169.99,0.02,1373,1373,null,{},2026-09-05T10:40:10-04:00
Justin Shorter,4361426,WR,LV,INJURY_RESERVE,,,,,170.0,0.01,1374,1374,null,{},2026-09-05T10:40:10-04:00
Will Mallory,4362523,TE,IND,INJURY_RESERVE,,,3.00225476,2.1,170.0,0.01,1375,1375,null,{},2026-09-05T10:40:10-04:00
Scott Matlock,4373684,RB,LAC,INJURY_RESERVE,,,2.91484564,9.2,170.0,0.02,1376,1376,null,{},2026-09-05T10:40:10-04:00
Aidan O'Connell,4260394,QB,LV,ACTIVE,,,,4.7,169.99,0.03,1377,1377,{},{},2026-09-05T10:40:10-04:00
Brayden Willis,4360290,TE,SF,QUESTIONABLE,,,,,170.0,0.01,1378,1378,null,{},2026-09-05T10:40:10-04:00
Julian Hill,4365395,TE,NE,INJURY_RESERVE,,,30.71459482,21.5,170.0,0.02,1381,1381,{},{},2026-09-05T10:40:10-04:00
Irv Charles,3929636,WR,SEA,INJURY_RESERVE,,,,,170.0,0.01,1382,1382,null,{},2026-09-05T10:40:10-04:00
Ben Sims,4373030,TE,MIA,INJURY_RESERVE,,,,4.5,169.99,0.02,1383,1383,{},{},2026-09-05T10:40:10-04:00
Jake Bobo,4360405,WR,SEA,INJURY_RESERVE,,,25.40948073,3.0,169.98,0.08,1384,1384,null,{},2026-09-05T10:40:10-04:00
Brady Russell,4243176,RB,SEA,ACTIVE,,,,0.0,169.98,0.02,1385,1386,null,{},2026-09-05T10:40:10-04:00
Chris Blair,4369886,WR,ATL,ACTIVE,,,,,169.99,0.01,1386,1388,null,{},2026-09-05T10:40:10-04:00
Ryan Miller,4369466,WR,MIA,ACTIVE,,,8.97656391,10.4,170.0,0.01,1387,1387,null,{},2026-09-05T10:40:10-04:00
Princeton Fant,4242442,TE,DAL,INJURY_RESERVE,,,,,170.0,0.01,1388,1385,null,{},2026-09-05T10:40:10-04:00
Ricky Pearsall,4428209,WR,SF,INJURY_RESERVE,,,163.92306548,70.6,169.94,4.92,1389,1389,{},{},2026-09-05T10:40:10-04:00
Tip Reiman,4696700,TE,ARI,OUT,,,7.01672533,3.3,169.99,0.02,1390,1390,{},{},2026-09-05T10:40:10-04:00
Isaac Guerendo,4372561,RB,SF,OUT,,,32.83059914,0.0,170.04,0.22,1391,1391,{},{},2026-09-05T10:40:10-04:00
Audric Estime,4569682,RB,NO,ACTIVE,,,,,169.99,0.08,1392,1392,null,{},2026-09-05T10:40:10-04:00
Jared Wiley,4430723,TE,KC,ACTIVE,,,,0.9,169.99,0.02,1393,1393,null,{},2026-09-05T10:40:10-04:00
Jamari Thrash,4428678,WR,CLE,INJURY_RESERVE,,,27.77572545,15.7,169.99,0.01,1394,1394,null,{},2026-09-05T10:40:10-04:00
Johnny Wilson,4686104,WR,PHI,INJURY_RESERVE,,,,,170.0,0.01,1395,1395,null,{},2026-09-05T10:40:10-04:00
Mason Tipton,4573697,WR,NO,OUT,,,7.72682382,14.9,170.0,0.03,1396,1396,{},{},2026-09-05T10:40:10-04:00
Colson Yankoff,4361088,TE,WSH,ACTIVE,,,,2.8,169.98,0.03,1397,1397,null,{},2026-09-05T10:40:10-04:00
David Martin-Robinson,4360978,TE,TEN,ACTIVE,,,7.09328219,11.0,170.0,0.01,1398,1398,null,{},2026-09-05T10:40:10-04:00
Chris Collier,4698191,RB,LV,INJURY_RESERVE,,,,,170.0,0.02,1399,1403,{},{},2026-09-05T10:40:10-04:00
Tyrell Shavers,4241476,WR,BUF,OUT,,,3.5348968,38.0,169.99,0.05,1401,1402,{},{},2026-09-05T10:40:10-04:00
Jared Wayne,4430681,WR,HOU,ACTIVE,,,,,169.99,0.01,1402,1401,null,{},2026-09-05T10:40:10-04:00
E.J. Jenkins,4248557,TE,PHI,ACTIVE,,,,,169.99,0.01,1403,1400,null,{},2026-09-05T10:40:10-04:00
Jayden Higgins,4877706,WR,HOU,INJURY_RESERVE,,,133.01160379,109.0,169.97,6.31,1404,1404,{},{},2026-09-05T10:40:10-04:00
Trevor Etienne,4685350,RB,CAR,INJURY_RESERVE,,,21.49985589,10.2,169.99,0.5,1405,1405,{},{},2026-09-05T10:40:10-04:00
Dillon Gabriel,4427238,QB,CLE,INJURY_RESERVE,,,81.49025321,83.6,169.99,0.05,1406,1406,null,{},2026-09-05T10:40:10-04:00
Jalen Milroe,4432734,QB,SEA,ACTIVE,,,5.44858252,-1.6,169.98,0.09,1407,1407,null,{},2026-09-05T10:40:10-04:00
Dont'e Thornton Jr.,4432775,WR,LV,INJURY_RESERVE,,,56.64981527,18.5,169.99,0.08,1408,1408,{},{},2026-09-05T10:40:10-04:00
Gavin Bartholomew,4708049,TE,MIN,ACTIVE,,,3.85892692,,169.99,0.03,1409,1409,null,{},2026-09-05T10:40:10-04:00
Mitchell Evans,4683243,TE,CAR,ACTIVE,,,3.59342629,38.7,169.99,0.03,1410,1410,{},{},2026-09-05T10:40:10-04:00
Jordan Watkins,4431466,WR,SF,ACTIVE,,,6.65267937,3.6,169.98,0.03,1411,1411,null,{},2026-09-05T10:40:10-04:00
Graham Mertz,4426335,QB,HOU,INJURY_RESERVE,,,,,170.0,0.01,1413,1413,null,{},2026-09-05T10:40:10-04:00
Thomas Fidone II,4590292,TE,NYG,ACTIVE,,,,0.0,170.0,0.01,1414,1414,null,{},2026-09-05T10:40:10-04:00
Kurtis Rourke,4430431,QB,SF,QUESTIONABLE,,,,,170.0,0.01,1415,1415,null,{},2026-09-05T10:40:10-04:00
Caleb Lohner,4432208,TE,DEN,INJURY_RESERVE,,,,,170.0,0.01,1416,1416,null,{},2026-09-05T10:40:10-04:00
Moliki Matavao,4432731,TE,NO,INJURY_RESERVE,,,9.24149616,2.0,170.0,0.01,1417,1417,null,{},2026-09-05T10:40:10-04:00
Devin Neal,4682652,RB,FA,QUESTIONABLE,,,47.82797076,51.5,170.0,0.08,1418,1418,{},{},2026-09-05T10:40:10-04:00
Robbie Ouzts,4691688,RB,SEA,INJURY_RESERVE,,,2.9382893,0.0,169.99,0.01,1419,1419,null,{},2026-09-05T10:40:10-04:00
Will Howard,4429955,QB,PIT,ACTIVE,,,,,169.98,0.09,1420,1420,{},{},2026-09-05T10:40:10-04:00
Corey Kiner,4431431,RB,NE,ACTIVE,,,,,169.99,0.04,1421,1421,null,{},2026-09-05T10:40:10-04:00
Raheim Sanders,4601080,RB,CLE,ACTIVE,,,,18.8,169.99,0.05,1422,1422,null,{},2026-09-05T10:40:10-04:00
Beaux Collins,4431210,WR,ATL,INJURY_RESERVE,,,3.32506725,3.5,169.98,0.02,1423,1423,null,{},2026-09-05T10:40:10-04:00
Brady Cook,4429435,QB,MIA,ACTIVE,,,,,169.99,0.03,1424,1424,{},{},2026-09-05T10:40:10-04:00
Jeshaun Jones,4360637,WR,MIN,SUSPENSION,,,,,169.99,0.02,1425,1434,{},{},2026-09-05T10:40:10-04:00
Jimmy Holiday,4431142,WR,KC,INJURY_RESERVE,,,,,169.99,0.01,1426,1431,null,{},2026-09-05T10:40:10-04:00
Keleki Latu,4688552,TE,BUF,ACTIVE,,,,,169.99,0.01,1427,1427,null,{},2026-09-05T10:40:10-04:00
Jackson Meeks,4602788,TE,DET,ACTIVE,,,,,169.98,0.02,1428,1429,{},{},2026-09-05T10:40:10-04:00
Dalevon Campbell,4569372,WR,LAC,INJURY_RESERVE,,,,,170.0,0.01,1429,1433,null,{},2026-09-05T10:40:10-04:00
Nick Kallerup,4569547,TE,SEA,ACTIVE,,,,,170.0,0.01,1430,1428,null,{},2026-09-05T10:40:10-04:00
Jacoby Jones,5083297,WR,WSH,INJURY_RESERVE,,,,,169.99,0.01,1431,1430,null,{},2026-09-05T10:40:10-04:00
Coleman Owen,4578436,WR,IND,INJURY_RESERVE,,,,,170.0,0.01,1432,1432,null,{},2026-09-05T10:40:10-04:00
Ben Yurosek,4433959,TE,MIN,ACTIVE,,,,,170.0,0.01,1433,1426,null,{},2026-09-05T10:40:10-04:00
Carter Runyon,5155825,TE,LV,INJURY_RESERVE,,,,,170.0,0.0,1434,1425,null,{},2026-09-05T10:40:10-04:00
Chris Brazzell II,5091739,WR,CAR,INJURY_RESERVE,,,,,169.99,0.14,1435,1435,{},{},2026-09-05T10:40:10-04:00
CJ Daniels,4605951,WR,LAR,ACTIVE,,,,,169.97,0.1,1436,1436,{},{},2026-09-05T10:40:10-04:00
Joe Royer,4565859,TE,CLE,OUT,,,,,169.99,0.03,1437,1437,{},{},2026-09-05T10:40:10-04:00
Bauer Sharp,4890373,TE,TB,ACTIVE,,,,,170.0,0.01,1438,1446,null,{},2026-09-05T10:40:10-04:00
Kendrick Law,4685441,WR,DET,INJURY_RESERVE,,,,,169.99,0.02,1439,1441,null,{},2026-09-05T10:40:10-04:00
Behren Morton,4431465,QB,NE,ACTIVE,,,,,169.99,0.02,1440,1447,null,{},2026-09-05T10:40:10-04:00
Taylen Green,4431325,QB,CLE,ACTIVE,,,,,169.99,0.05,1441,1444,null,{},2026-09-05T10:40:10-04:00
Athan Kaliakmanis,4432722,QB,WSH,ACTIVE,,,,,169.99,0.02,1442,1448,null,{},2026-09-05T10:40:10-04:00
Jaren Kanak,4877034,TE,TEN,INJURY_RESERVE,,,,,170.0,0.01,1444,1442,null,{},2026-09-05T10:40:10-04:00
Garrett Nussmeier,4567747,QB,KC,ACTIVE,,,,,169.99,0.04,1445,1449,null,{},2026-09-05T10:40:10-04:00
Cole Payton,4879250,QB,PHI,ACTIVE,,,,,169.99,0.02,1446,1450,null,{},2026-09-05T10:40:10-04:00
Justin Joly,4912052,TE,MIA,ACTIVE,,,,,169.97,0.07,1447,1438,{},{},2026-09-05T10:40:10-04:00
Deion Burks,4683151,WR,IND,ACTIVE,,,,,169.99,0.03,1448,1443,null,{},2026-09-05T10:40:10-04:00
Dallen Bentley,5159802,TE,DEN,ACTIVE,,,,,169.99,0.01,1449,1451,null,{},2026-09-05T10:40:10-04:00
Jack Endries,5085189,TE,CIN,ACTIVE,,,,,170.0,0.01,1450,1445,null,{},2026-09-05T10:40:10-04:00
CJ Williams,5085024,WR,JAX,ACTIVE,,,,,169.99,0.02,1451,1439,null,{},2026-09-05T10:40:10-04:00
Camden Brown,4808759,WR,DAL,ACTIVE,,,,,169.97,0.12,1452,1452,null,{},2026-09-05T10:40:10-04:00
Montorie Foster Jr.,4600597,WR,SEA,ACTIVE,,,,,169.98,0.06,1453,1453,null,{},2026-09-05T10:40:10-04:00
Jack Strand,5344782,QB,ATL,ACTIVE,,,,,169.95,0.06,1454,1454,null,{},2026-09-05T10:40:10-04:00
Haynes King,4428993,QB,CAR,QUESTIONABLE,,,,,169.99,0.02,1455,1455,null,{},2026-09-05T10:40:10-04:00
Joe Fagnano,4429582,QB,BAL,ACTIVE,,,,,169.99,0.01,1456,1456,null,{},2026-09-05T10:40:10-04:00
J. Michael Sturdivant,4635009,WR,GB,ACTIVE,,,,,169.99,0.02,1457,1457,null,{},2026-09-05T10:40:10-04:00
Jamal Agnew,3061612,WR,FA,QUESTIONABLE,,,2.87243507,-2.0,170.0,0.01,1561,1561,null,{},2026-09-05T10:40:10-04:00
Chris Moore,2576581,WR,FA,ACTIVE,,,,33.1,169.99,0.01,1596,1596,null,{},2026-09-05T10:40:10-04:00
Noah Brown,3121409,WR,FA,ACTIVE,,,82.9842984,10.8,169.99,0.01,1597,1597,null,{},2026-09-05T10:40:10-04:00
Brandon Powell,3115255,WR,FA,ACTIVE,,,,,169.99,0.01,1598,1598,null,{},2026-09-05T10:40:10-04:00
Zach Pascal,2978109,WR,FA,ACTIVE,,,,,170.0,0.01,1599,1599,null,{},2026-09-05T10:40:10-04:00
Trent Sherfield,3122168,WR,FA,ACTIVE,,,7.35203449,3.6,170.0,0.01,1600,1600,null,{},2026-09-05T10:40:10-04:00
Jordan Akins,3128452,TE,FA,ACTIVE,,,,,169.99,0.01,1601,1601,null,{},2026-09-05T10:40:10-04:00
Nick Vannett,2576399,TE,FA,ACTIVE,,,,0.0,169.99,0.01,1602,1602,null,{},2026-09-05T10:40:10-04:00
River Cracraft,3052056,WR,FA,QUESTIONABLE,,,,0.0,169.99,0.01,1603,1603,null,{},2026-09-05T10:40:10-04:00
Justin Watson,3118892,WR,FA,ACTIVE,,,5.48160859,4.5,169.98,0.03,1604,1604,{},{},2026-09-05T10:40:10-04:00
C.J. Ham,4012556,RB,MIN,,,,4.85111181,14.6,169.98,0.03,1605,1605,null,{},2026-09-05T10:40:10-04:00
Russell Gage Jr.,3115378,WR,FA,ACTIVE,,,,0.0,169.99,0.01,1606,1606,null,{},2026-09-05T10:40:10-04:00
Trent Taylor,3040569,WR,FA,ACTIVE,,,,,169.99,0.01,1607,1607,null,{},2026-09-05T10:40:10-04:00
DeAndre Carter,2580216,WR,FA,ACTIVE,,,9.24691585,0.0,170.0,0.01,1608,1608,null,{},2026-09-05T10:40:10-04:00
Eric Tomlinson,2511973,TE,FA,ACTIVE,,,,,170.0,0.01,1609,1609,null,{},2026-09-05T10:40:10-04:00
Anthony Firkser,3049698,TE,FA,QUESTIONABLE,,,,9.3,170.0,0.01,1610,1610,null,{},2026-09-05T10:40:10-04:00
Alex Erickson,2977800,WR,FA,ACTIVE,,,,,170.0,0.0,1611,1611,null,{},2026-09-05T10:40:10-04:00
Cedrick Wilson Jr.,4036335,WR,FA,QUESTIONABLE,,,,6.9,169.99,0.02,1612,1612,null,{},2026-09-05T10:40:10-04:00
Ross Dwelley,3120303,TE,FA,ACTIVE,,,,1.7,170.0,0.0,1613,1613,null,{},2026-09-05T10:40:10-04:00
Malik Turner,3115928,WR,FA,ACTIVE,,,,,170.0,0.01,1614,1614,null,{},2026-09-05T10:40:10-04:00
Brandon Allen,2574511,QB,FA,ACTIVE,,,2.46359708,0.8,169.99,0.02,1615,1615,null,{},2026-09-05T10:40:10-04:00
Jeff Driskel,2574630,QB,FA,ACTIVE,,,,,170.0,0.01,1616,1616,null,{},2026-09-05T10:40:10-04:00
Dare Ogunbowale,2983509,RB,FA,ACTIVE,,,12.67928974,19.1,169.99,0.02,1628,1628,null,{},2026-09-05T10:40:10-04:00
MyCole Pruitt,2508256,TE,FA,ACTIVE,,,,,170.0,0.01,1631,1631,null,{},2026-09-05T10:40:10-04:00
KhaDarel Hodge,3047876,WR,FA,ACTIVE,,,8.85803038,4.6,170.0,0.01,1635,1635,null,{},2026-09-05T10:40:10-04:00
Taylor Heinicke,2565969,QB,FA,ACTIVE,,,,,170.0,0.01,1636,1636,null,{},2026-09-05T10:40:10-04:00
Mike White,3051381,QB,FA,ACTIVE,,,,,169.99,0.01,1637,1637,null,{},2026-09-05T10:40:10-04:00
Allen Lazard,3128390,WR,FA,ACTIVE,,,53.52847731,18.0,169.99,0.01,1638,1638,null,{},2026-09-05T10:40:10-04:00
Phillip Dorsett II,2579604,WR,FA,ACTIVE,,,,,170.0,0.01,1675,1675,null,{},2026-09-05T10:40:10-04:00
Hunter Renfrow,3135321,WR,FA,ACTIVE,,,48.37767754,28.4,169.99,0.02,1676,1676,null,{},2026-09-05T10:40:10-04:00
Josh Reynolds,3115306,WR,FA,ACTIVE,,,85.69848451,17.6,170.0,0.01,1677,1677,null,{},2026-09-05T10:40:10-04:00
C.J. Uzomah,2574576,TE,FA,ACTIVE,,,,,170.0,0.01,1678,1678,null,{},2026-09-05T10:40:10-04:00
Cordarrelle Patterson,15807,RB,FA,ACTIVE,,,,,169.99,0.02,1679,1679,null,{},2026-09-05T10:40:10-04:00
Taysom Hill,2468609,TE,FA,ACTIVE,,,,38.0,169.97,0.08,1680,1680,null,{},2026-09-05T10:40:10-04:00
Marcedes Lewis,9614,TE,FA,ACTIVE,,,,0.0,169.99,0.01,1681,1681,null,{},2026-09-05T10:40:10-04:00
Trayveon Williams,4035222,RB,FA,ACTIVE,,,,13.1,169.98,0.04,1682,1682,null,{},2026-09-05T10:40:10-04:00
Nick Mullens,3059989,QB,FA,ACTIVE,,,2.90927636,-0.2,170.0,0.03,1683,1683,{},{},2026-09-05T10:40:10-04:00
Trevor Siemian,2511109,QB,FA,ACTIVE,,,,,170.0,0.01,1684,1684,null,{},2026-09-05T10:40:10-04:00
Ryan Griffin,16140,QB,FA,ACTIVE,,,,,170.0,0.01,1685,1685,null,{},2026-09-05T10:40:10-04:00
Brett Rypien,3722362,QB,FA,ACTIVE,,,,0.0,170.0,0.01,1697,1697,null,{},2026-09-05T10:40:10-04:00
Scotty Miller,3914397,WR,FA,ACTIVE,,,3.23909938,10.7,169.99,0.02,1699,1699,null,{},2026-09-05T10:40:10-04:00
John Kelly Jr.,3915381,RB,FA,ACTIVE,,,,,170.0,0.01,1700,1700,null,{},2026-09-05T10:40:10-04:00
Easton Stick,3120590,QB,FA,ACTIVE,,,,,169.99,0.01,1701,1701,null,{},2026-09-05T10:40:10-04:00
Jeff Wilson Jr.,3122976,RB,FA,ACTIVE,,,,0.0,169.99,0.01,1704,1704,null,{},2026-09-05T10:40:10-04:00
Greg Dortch,4037235,WR,FA,ACTIVE,,,48.42834773,60.6,169.99,0.06,1707,1707,{},{},2026-09-05T10:40:10-04:00
Tim Boyle,3045169,QB,FA,ACTIVE,,,,,170.0,0.01,1708,1708,null,{},2026-09-05T10:40:10-04:00
Raheem Mostert,2576414,RB,FA,QUESTIONABLE,,,41.70866979,23.4,169.99,0.03,1711,1711,null,{},2026-09-05T10:40:10-04:00
Jordan Matthews,16763,TE,FA,ACTIVE,,,,,170.0,0.01,1712,1712,null,{},2026-09-05T10:40:10-04:00
Mecole Hardman Jr.,4035004,WR,FA,ACTIVE,,,,-2.0,169.99,0.04,1715,1715,null,{},2026-09-05T10:40:10-04:00
Equanimeous St. Brown,3932442,WR,FA,ACTIVE,,,,,169.97,0.03,1716,1716,null,{},2026-09-05T10:40:10-04:00
Travis Homer,4037457,RB,FA,ACTIVE,,,,-0.2,169.99,0.02,1717,1717,null,{},2026-09-05T10:40:10-04:00
Austin Seibert,3821683,K,FA,ACTIVE,,,,,169.97,0.04,1718,1718,null,{},2026-09-05T10:40:10-04:00
Gerald Everett,3918639,TE,FA,ACTIVE,,,,,170.0,0.01,1719,1719,null,{},2026-09-05T10:40:10-04:00
David Moore,4212909,WR,FA,ACTIVE,,,29.1664903,2.2,169.99,0.03,1720,1720,{},{},2026-09-05T10:40:10-04:00
Myles Gaskin,3886818,RB,FA,ACTIVE,,,,0.6,169.99,0.01,1721,1721,null,{},2026-09-05T10:40:10-04:00
Miles Sanders,4045163,RB,FA,ACTIVE,,,77.05246136,22.7,169.99,0.02,1722,1722,null,{},2026-09-05T10:40:10-04:00
Hayden Hurst,3924365,TE,FA,ACTIVE,,,,,170.0,0.01,1723,1723,null,{},2026-09-05T10:40:10-04:00
Nyheim Hines,3916430,RB,FA,ACTIVE,,,,-0.2,170.0,0.01,1724,1724,null,{},2026-09-05T10:40:10-04:00
Parris Campbell,3121410,WR,DAL,ACTIVE,,,,0.0,169.99,0.01,1725,1725,null,{},2026-09-05T10:40:10-04:00
Diontae Johnson,3932905,WR,FA,ACTIVE,,,,,169.99,0.01,1726,1726,null,{},2026-09-05T10:40:10-04:00
Irv Smith Jr.,4040980,TE,FA,QUESTIONABLE,,,,,170.0,0.0,1727,1727,null,{},2026-09-05T10:40:10-04:00
Greg Joseph,3975763,K,FA,ACTIVE,,,,,169.98,0.03,1728,1728,null,{},2026-09-05T10:40:10-04:00
Alexander Mattison,4048244,RB,FA,ACTIVE,,,,,169.99,0.01,1729,1729,null,{},2026-09-05T10:40:10-04:00
Dante Pettis,3127306,WR,FA,ACTIVE,,,,15.2,169.99,0.01,1730,1730,null,{},2026-09-05T10:40:10-04:00
Joe Mixon,3116385,RB,FA,QUESTIONABLE,,,107.98303864,,169.95,0.15,1731,1731,null,{},2026-09-05T10:40:10-04:00
Tyreek Hill,3116406,WR,FA,OUT,,,216.76512676,43.0,169.85,3.11,1732,1732,null,{},2026-09-05T10:40:10-04:00
Dalvin Cook,3116593,RB,FA,ACTIVE,,,,,169.95,0.04,1733,1733,null,{},2026-09-05T10:40:10-04:00
Nick Chubb,3128720,RB,FA,ACTIVE,,,113.5688121,81.8,169.93,0.21,1734,1734,null,{},2026-09-05T10:40:10-04:00
Will Dissly,3127292,TE,FA,QUESTIONABLE,,,65.03289653,15.2,170.0,0.01,1735,1735,null,{},2026-09-05T10:40:10-04:00
Chase Edmonds,3119195,RB,FA,ACTIVE,,,,0.0,169.99,0.01,1736,1736,null,{},2026-09-05T10:40:10-04:00
JuJu Smith-Schuster,3120348,WR,FA,QUESTIONABLE,,,56.15627862,57.0,169.97,0.08,1737,1737,{},{},2026-09-05T10:40:10-04:00
