Player,espn_id,pos,team,injuryStatus,proj_2026,actual_2026,proj_2025,actual_2025,espn_adp,pct_owned,rank_std,rank_ppr,raw_stats,raw_actual_stats,captured_at
Jahmyr Gibbs,4429795,RB,DET,ACTIVE,332.62580608,89.3,287.04995313,328.4,1.8,99.94,1.0,1.0,"{""23"": 288.4161122, ""24"": 1391.264961, ""25"": 14.70952844, ""26"": 0.535409976, ""27"": 278.0, ""28"": 139.0, ""29"": 69.0, ""30"": 55.0, ""31"": 27.0, ""33"": 57.0, ""34"": 28.0, ""35"": 0.629845339, ""36"": 0.440891737, ""37"": 6.073518701, ""38"": 0.207, ""39"": 4.823811506, ""40"": 99.37606862, ""42"": 534.8944401, ""43"": 3.31777948, ""44"": 0.135863156, ""45"": 0.066282204, ""46"": 0.04331542, ""47"": 106.0, ""48"": 53.0, ""49"": 26.0, ""50"": 21.0, ""51"": 10.0, ""53"": 66.09286341, ""56"": 0.645327867, ""57"": 0.019958594, ""58"": 81.52707735, ""60"": 8.093074086, ""61"": 38.20674572, ""62"": 0.671273132, ""63"": 0.011688263, ""66"": 2.1611732, ""67"": 0.495250158, ""68"": 2.656423358, ""70"": 0.994139672, ""71"": 0.277340088, ""72"": 1.27147976, ""73"": 1.27147976, ""210"": 14.0, ""212"": 77.17103019, ""213"": 30.22490539}","{""23"": 65.0, ""24"": 307.0, ""25"": 4.0, ""27"": 60.0, ""28"": 29.0, ""29"": 13.0, ""30"": 11.0, ""31"": 5.0, ""32"": 1.0, ""33"": 12.0, ""34"": 5.0, ""37"": 1.0, ""39"": 4.72307692, ""40"": 102.33333333, ""41"": 18.0, ""42"": 156.0, ""43"": 2.0, ""47"": 31.0, ""48"": 15.0, ""49"": 7.0, ""50"": 5.0, ""51"": 2.0, ""53"": 18.0, ""54"": 3.0, ""58"": 21.0, ""59"": 119.0, ""60"": 8.66666667, ""61"": 52.0, ""67"": 1.0, ""68"": 1.0, ""71"": 1.0, ""72"": 1.0, ""73"": 1.0, ""155"": 2.0, ""156"": 1.0, ""158"": 36.0, ""179"": 3.0, ""180"": 1.0, ""184"": 2.0, ""210"": 3.0, ""212"": 23.0, ""213"": 10.0}",2026-09-30T21:46:22-04:00
Jaxon Smith-Njigba,4430878,WR,SEA,ACTIVE,241.29445455,90.4,196.63373902,300.4,4.62,99.93,5.0,6.0,"{""23"": 3.824455907, ""24"": 20.84856114, ""25"": 0.165703727, ""26"": 0.005992233, ""27"": 4.0, ""28"": 2.0, ""29"": 1.0, ""35"": 0.007031451, ""36"": 0.004922016, ""37"": 0.001214045, ""38"": 4.14e-05, ""39"": 5.451379659, ""40"": 1.489182939, ""42"": 1346.820704, ""43"": 8.864271626, ""44"": 0.375829119, ""45"": 0.302402281, ""46"": 0.19761989, ""47"": 269.0, ""48"": 134.0, ""49"": 67.0, ""50"": 53.0, ""51"": 26.0, ""53"": 103.2564744, ""56"": 5.702737665, ""57"": 0.17637333, ""58"": 141.6009245, ""60"": 13.04345042, ""61"": 96.20147889, ""62"": 0.381821352, ""63"": 0.008082349, ""66"": 0.06560583, ""67"": 1.771291624, ""68"": 1.836897454, ""70"": 0.030178682, ""71"": 0.99192331, ""72"": 1.022101991, ""73"": 1.022101991, ""210"": 14.0, ""212"": 2.766183165, ""213"": 63.35350693}","{""0"": 1.0, ""1"": 1.0, ""3"": 14.0, ""5"": 2.0, ""6"": 1.0, ""21"": 1.0, ""22"": 4.66666667, ""41"": 27.0, ""42"": 405.0, ""43"": 6.0, ""45"": 2.0, ""46"": 1.0, ""47"": 80.0, ""48"": 39.0, ""49"": 19.0, ""50"": 15.0, ""51"": 7.0, ""52"": 3.0, ""53"": 27.0, ""54"": 4.0, ""55"": 1.0, ""56"": 3.0, ""58"": 36.0, ""59"": 121.0, ""60"": 15.0, ""61"": 135.0, ""155"": 2.0, ""156"": 1.0, ""158"": 36.0, ""183"": 2.0, ""184"": 2.0, ""210"": 3.0, ""211"": 1.0, ""213"": 22.0}",2026-09-30T21:46:22-04:00
Amon-Ra St. Brown,4374302,WR,DET,ACTIVE,232.61163858,64.3,232.23285886,265.5,8.48,99.92,8.0,8.0,"{""23"": 1.872831898, ""24"": 9.910668875, ""25"": 0.086703632, ""26"": 0.003155913, ""27"": 1.0, ""35"": 0.003438851, ""36"": 0.002407196, ""37"": 0.000235336, ""38"": 8.03e-06, ""39"": 5.291809098, ""40"": 0.70790492, ""42"": 1226.063896, ""43"": 9.634521561, ""44"": 0.394461209, ""45"": 0.192832749, ""46"": 0.126016201, ""47"": 245.0, ""48"": 122.0, ""49"": 61.0, ""50"": 49.0, ""51"": 24.0, ""53"": 102.6458848, ""56"": 4.967141786, ""57"": 0.153622942, ""58"": 144.9370264, ""60"": 11.94459865, ""61"": 87.57599259, ""62"": 0.397617122, ""63"": 0.005641194, ""66"": 0.022973286, ""67"": 1.259116326, ""68"": 1.282089611, ""70"": 0.010567711, ""71"": 0.705105142, ""72"": 0.715672854, ""73"": 0.715672854, ""210"": 14.0, ""212"": 2.219399634, ""213"": 60.19930146}","{""41"": 23.0, ""42"": 228.0, ""43"": 5.0, ""47"": 44.0, ""48"": 21.0, ""49"": 10.0, ""50"": 7.0, ""51"": 3.0, ""52"": 1.0, ""53"": 23.0, ""54"": 3.0, ""55"": 1.0, ""56"": 1.0, ""58"": 35.0, ""59"": 73.0, ""60"": 9.91304348, ""61"": 76.0, ""155"": 2.0, ""156"": 1.0, ""158"": 30.0, ""183"": 3.0, ""184"": 1.0, ""185"": 1.0, ""210"": 3.0, ""213"": 13.0}",2026-09-30T21:46:22-04:00
Ja'Marr Chase,4362628,WR,CIN,ACTIVE,234.16883159,45.5,281.63510018,251.1,5.38,99.92,4.0,3.0,"{""23"": 3.246009473, ""24"": 17.26601423, ""25"": 0.123863756, ""26"": 0.006982489, ""27"": 3.0, ""28"": 1.0, ""35"": 0.005965668, ""36"": 0.004175968, ""37"": 0.000808979, ""38"": 2.76e-05, ""39"": 5.319150906, ""40"": 1.233286731, ""42"": 1215.645538, ""43"": 9.733405486, ""44"": 0.325284752, ""45"": 0.180361598, ""46"": 0.117866305, ""47"": 243.0, ""48"": 121.0, ""49"": 60.0, ""50"": 48.0, ""51"": 24.0, ""53"": 105.457158, ""56"": 4.896900892, ""57"": 0.151450543, ""58"": 146.1173284, ""60"": 11.52738762, ""61"": 86.83182415, ""62"": 0.332267241, ""63"": 0.006552648, ""66"": 0.04447047, ""67"": 1.444767619, ""68"": 1.489238089, ""70"": 0.020456416, ""71"": 0.809069867, ""72"": 0.829526283, ""73"": 0.829526283, ""210"": 14.0, ""212"": 2.578883081, ""213"": 60.59322106}","{""41"": 18.0, ""42"": 185.0, ""43"": 3.0, ""47"": 36.0, ""48"": 17.0, ""49"": 7.0, ""50"": 6.0, ""51"": 2.0, ""53"": 18.0, ""54"": 2.0, ""58"": 25.0, ""59"": 45.0, ""60"": 10.27777778, ""61"": 61.66666667, ""155"": 2.0, ""156"": 1.0, ""158"": 18.0, ""183"": 1.0, ""184"": 1.0, ""186"": 1.0, ""210"": 3.0, ""213"": 10.0}",2026-09-30T21:46:22-04:00
Josh Allen,3918298,QB,BUF,ACTIVE,360.44583606,103.0,422.46633391,413.1,12.18,99.92,36.0,26.0,"{""0"": 423.5682522, ""1"": 282.1111211, ""2"": 141.457131, ""3"": 3400.001788, ""4"": 22.295196, ""5"": 680.0, ""6"": 340.0, ""7"": 170.0, ""8"": 136.0, ""9"": 68.0, ""10"": 34.0, ""11"": 56.0, ""12"": 28.0, ""15"": 2.793180661, ""16"": 1.825343562, ""17"": 2.804524639, ""18"": 0.378817743, ""19"": 1.315701755, ""20"": 9.500420072, ""21"": 0.666034623, ""22"": 251.8519843, ""23"": 103.1999837, ""24"": 472.7962626, ""25"": 11.01798692, ""26"": 0.370258468, ""27"": 94.0, ""28"": 47.0, ""29"": 23.0, ""30"": 18.0, ""31"": 9.0, ""33"": 20.0, ""34"": 10.0, ""35"": 0.202167213, ""36"": 0.141517049, ""37"": 0.697738788, ""38"": 0.0238, ""39"": 4.581359859, ""40"": 35.02194538, ""62"": 1.685960223, ""63"": 0.032720631, ""64"": 30.5774754, ""65"": 6.059538685, ""66"": 1.37696835, ""68"": 7.436507035, ""69"": 2.908578569, ""70"": 0.633405441, ""72"": 3.54198401, ""73"": 13.04240408, ""210"": 13.5, ""211"": 159.4049837, ""212"": 32.15411912}","{""0"": 86.0, ""1"": 56.0, ""2"": 30.0, ""3"": 786.0, ""4"": 5.0, ""5"": 155.0, ""6"": 77.0, ""7"": 38.0, ""8"": 30.0, ""9"": 14.0, ""10"": 7.0, ""11"": 11.0, ""12"": 5.0, ""13"": 5.0, ""14"": 2.0, ""15"": 2.0, ""17"": 1.0, ""20"": 2.0, ""21"": 0.65116279, ""22"": 262.0, ""23"": 28.0, ""24"": 114.0, ""25"": 6.0, ""27"": 21.0, ""28"": 10.0, ""29"": 5.0, ""30"": 2.0, ""31"": 1.0, ""33"": 4.0, ""34"": 1.0, ""39"": 4.07142857, ""40"": 38.0, ""41"": 1.0, ""42"": 1.0, ""53"": 1.0, ""58"": 1.0, ""59"": 9.0, ""60"": 1.0, ""61"": 0.33333333, ""64"": 8.0, ""65"": 1.0, ""66"": 1.0, ""68"": 3.0, ""72"": 1.0, ""73"": 3.0, ""155"": 3.0, ""158"": 66.0, ""175"": 1.0, ""176"": 1.0, ""178"": 1.0, ""179"": 5.0, ""181"": 1.0, ""210"": 3.0, ""211"": 37.0, ""212"": 13.0}",2026-09-30T21:46:22-04:00
Bijan Robinson,4430807,RB,ATL,ACTIVE,266.67826065,71.2,308.05326156,331.3,3.57,99.92,2.0,2.0,"{""23"": 252.6331276, ""24"": 1207.301096, ""25"": 8.616610949, ""26"": 0.414944058, ""27"": 241.0, ""28"": 120.0, ""29"": 60.0, ""30"": 48.0, ""31"": 24.0, ""33"": 50.0, ""34"": 25.0, ""35"": 0.540689767, ""36"": 0.378482837, ""37"": 4.568548973, ""38"": 0.155907049, ""39"": 4.778870878, ""40"": 86.2357926, ""42"": 518.4552785, ""43"": 2.766649601, ""44"": 0.184046862, ""45"": 0.090017101, ""46"": 0.058826175, ""47"": 103.0, ""48"": 51.0, ""49"": 25.0, ""50"": 20.0, ""51"": 10.0, ""53"": 54.58573971, ""56"": 0.591364395, ""57"": 0.01828962, ""58"": 73.53652868, ""60"": 9.497998585, ""61"": 37.03251989, ""62"": 0.59899092, ""63"": 0.012376605, ""66"": 2.313083195, ""67"": 0.499781475, ""68"": 2.81286467, ""70"": 1.06401827, ""71"": 0.279877626, ""72"": 1.343895896, ""73"": 1.343895896, ""210"": 14.0, ""212"": 64.2432199, ""213"": 26.92335925}","{""23"": 66.0, ""24"": 349.0, ""25"": 2.0, ""27"": 68.0, ""28"": 34.0, ""29"": 16.0, ""30"": 12.0, ""31"": 5.0, ""32"": 1.0, ""33"": 12.0, ""34"": 5.0, ""37"": 1.0, ""39"": 5.28787879, ""40"": 116.33333333, ""41"": 13.0, ""42"": 118.0, ""43"": 1.0, ""47"": 22.0, ""48"": 10.0, ""49"": 4.0, ""50"": 3.0, ""51"": 1.0, ""53"": 13.0, ""54"": 1.0, ""58"": 16.0, ""59"": 147.0, ""60"": 9.07692308, ""61"": 39.33333333, ""65"": 1.0, ""66"": 1.0, ""67"": 1.0, ""68"": 2.0, ""155"": 1.0, ""156"": 2.0, ""158"": 18.0, ""179"": 2.0, ""185"": 1.0, ""210"": 3.0, ""212"": 20.0, ""213"": 3.0}",2026-09-30T21:46:22-04:00
CeeDee Lamb,4241389,WR,DAL,ACTIVE,199.03421684,60.9,258.50076716,163.4,12.02,99.91,9.0,10.0,"{""23"": 1.769497132, ""24"": 9.985746371, ""25"": 0.098404715, ""26"": 0.004921948, ""27"": 1.0, ""35"": 0.003248896, ""36"": 0.002274227, ""37"": 0.000240218, ""38"": 8.19771e-06, ""39"": 5.643267903, ""40"": 0.713267598, ""42"": 1073.327669, ""43"": 7.621787145, ""44"": 0.361823286, ""45"": 0.230783196, ""46"": 0.150816819, ""47"": 214.0, ""48"": 107.0, ""49"": 53.0, ""50"": 42.0, ""51"": 21.0, ""53"": 89.58169936, ""56"": 3.856754763, ""57"": 0.119281075, ""58"": 121.3057793, ""60"": 11.98155066, ""61"": 76.6662621, ""62"": 0.366745234, ""63"": 0.004504429, ""66"": 0.01983, ""67"": 1.003903938, ""68"": 1.023733938, ""70"": 0.0091218, ""71"": 0.562186205, ""72"": 0.571308005, ""73"": 0.571308005, ""210"": 14.0, ""212"": 2.224379911, ""213"": 52.18663823}","{""23"": 1.0, ""41"": 20.0, ""42"": 309.0, ""43"": 3.0, ""44"": 1.0, ""47"": 60.0, ""48"": 30.0, ""49"": 14.0, ""50"": 11.0, ""51"": 5.0, ""52"": 2.0, ""53"": 20.0, ""54"": 3.0, ""56"": 2.0, ""58"": 25.0, ""59"": 86.0, ""60"": 15.45, ""61"": 103.0, ""155"": 1.0, ""156"": 2.0, ""158"": 20.0, ""183"": 2.0, ""185"": 1.0, ""210"": 3.0, ""213"": 17.0}",2026-09-30T21:46:22-04:00
Christian McCaffrey,3117251,RB,SF,ACTIVE,251.57660078,51.5,282.54999536,365.6,9.34,99.91,6.0,7.0,"{""23"": 205.7332868, ""24"": 890.1169753, ""25"": 8.423778782, ""26"": 0.3154396, ""27"": 178.0, ""28"": 89.0, ""29"": 44.0, ""30"": 35.0, ""31"": 17.0, ""33"": 41.0, ""34"": 20.0, ""35"": 0.428677986, ""36"": 0.30007459, ""37"": 2.488010081, ""38"": 0.0849, ""39"": 4.326557891, ""40"": 63.57978395, ""42"": 580.9439829, ""43"": 3.484794086, ""44"": 0.140802319, ""45"": 0.067901762, ""46"": 0.044373802, ""47"": 116.0, ""48"": 58.0, ""49"": 29.0, ""50"": 23.0, ""51"": 11.0, ""53"": 67.9413917, ""56"": 0.810866027, ""57"": 0.025078331, ""58"": 88.13919348, ""60"": 8.55066357, ""61"": 41.49599878, ""62"": 0.456241919, ""63"": 0.008458807, ""66"": 1.445194808, ""67"": 0.477261352, ""68"": 1.92245616, ""70"": 0.664789612, ""71"": 0.267266357, ""72"": 0.932055969, ""73"": 0.932055969, ""210"": 14.0, ""212"": 50.54032489, ""213"": 31.98440661}","{""23"": 35.0, ""24"": 166.0, ""25"": 3.0, ""27"": 32.0, ""28"": 15.0, ""29"": 7.0, ""30"": 5.0, ""31"": 2.0, ""33"": 7.0, ""34"": 3.0, ""39"": 4.74285714, ""40"": 55.33333333, ""41"": 13.0, ""42"": 104.0, ""47"": 20.0, ""48"": 10.0, ""49"": 5.0, ""50"": 2.0, ""53"": 13.0, ""54"": 1.0, ""58"": 17.0, ""59"": 86.0, ""60"": 8.0, ""61"": 34.66666667, ""155"": 3.0, ""158"": 18.0, ""179"": 3.0, ""210"": 3.0, ""212"": 8.0, ""213"": 7.0}",2026-09-30T21:46:22-04:00
James Cook III,4379399,RB,BUF,ACTIVE,227.5177526,48.2,251.54806439,285.7,13.07,99.89,12.0,9.0,"{""23"": 265.3911853, ""24"": 1255.544221, ""25"": 9.889772077, ""26"": 0.332309576, ""27"": 251.0, ""28"": 125.0, ""29"": 62.0, ""30"": 50.0, ""31"": 25.0, ""33"": 53.0, ""34"": 26.0, ""35"": 0.57223637, ""36"": 0.400565459, ""37"": 4.944502482, ""38"": 0.169, ""39"": 4.730919076, ""40"": 89.68173009, ""42"": 225.0635032, ""43"": 1.412233543, ""44"": 0.083355925, ""45"": 0.05154539, ""46"": 0.033684913, ""47"": 45.0, ""48"": 22.0, ""49"": 11.0, ""50"": 9.0, ""51"": 4.0, ""53"": 27.87881978, ""56"": 0.089320925, ""57"": 0.002762503, ""58"": 36.58503024, ""60"": 8.072920767, ""61"": 16.07596451, ""62"": 0.415665501, ""63"": 0.014646767, ""66"": 3.012367393, ""67"": 0.316443244, ""68"": 3.328810637, ""70"": 1.385689001, ""71"": 0.177208217, ""72"": 1.562897217, ""73"": 1.562897217, ""210"": 14.0, ""212"": 67.59640109, ""213"": 12.19153521}","{""23"": 58.0, ""24"": 346.0, ""25"": 2.0, ""27"": 68.0, ""28"": 33.0, ""29"": 15.0, ""30"": 13.0, ""31"": 6.0, ""32"": 2.0, ""33"": 10.0, ""34"": 5.0, ""37"": 2.0, ""39"": 5.96551724, ""40"": 115.33333333, ""41"": 4.0, ""42"": 16.0, ""47"": 2.0, ""48"": 1.0, ""53"": 4.0, ""58"": 8.0, ""59"": 16.0, ""60"": 4.0, ""61"": 5.33333333, ""65"": 2.0, ""66"": 2.0, ""68"": 2.0, ""69"": 1.0, ""70"": 1.0, ""72"": 1.0, ""73"": 1.0, ""155"": 3.0, ""158"": 12.0, ""179"": 2.0, ""210"": 3.0, ""212"": 18.0, ""213"": 2.0}",2026-09-30T21:46:22-04:00
Jonathan Taylor,4242335,RB,IND,ACTIVE,254.83127511,59.0,272.34962015,339.3,7.81,99.89,7.0,5.0,"{""23"": 281.627902, ""24"": 1232.848158, ""25"": 12.11196999, ""26"": 0.350289566, ""27"": 246.0, ""28"": 123.0, ""29"": 61.0, ""30"": 49.0, ""31"": 24.0, ""33"": 56.0, ""34"": 28.0, ""35"": 0.612847658, ""36"": 0.42899336, ""37"": 4.773952247, ""38"": 0.163, ""39"": 4.377578177, ""40"": 88.06058269, ""42"": 327.8998303, ""43"": 1.188173265, ""44"": 0.060389032, ""45"": 0.05650711, ""46"": 0.036927396, ""47"": 65.0, ""48"": 32.0, ""49"": 16.0, ""50"": 13.0, ""51"": 6.0, ""53"": 41.28790482, ""56"": 0.181132788, ""57"": 0.005602045, ""58"": 51.91930636, ""60"": 7.941789047, ""61"": 23.42141645, ""62"": 0.410678597, ""63"": 0.011678274, ""66"": 2.314794158, ""67"": 0.339359134, ""68"": 2.654153292, ""70"": 1.064805313, ""71"": 0.190041115, ""72"": 1.254846428, ""73"": 1.254846428, ""210"": 14.0, ""212"": 69.47314617, ""213"": 17.99210869}","{""23"": 66.0, ""24"": 258.0, ""25"": 4.0, ""27"": 50.0, ""28"": 24.0, ""29"": 11.0, ""30"": 8.0, ""31"": 3.0, ""33"": 11.0, ""34"": 5.0, ""39"": 3.90909091, ""40"": 86.0, ""41"": 9.0, ""42"": 67.0, ""47"": 12.0, ""48"": 6.0, ""49"": 3.0, ""50"": 1.0, ""53"": 9.0, ""58"": 11.0, ""59"": 78.0, ""60"": 7.44444444, ""61"": 22.33333333, ""67"": 1.0, ""68"": 1.0, ""71"": 1.0, ""72"": 1.0, ""73"": 1.0, ""155"": 1.0, ""156"": 2.0, ""158"": 24.0, ""179"": 3.0, ""181"": 1.0, ""210"": 3.0, ""212"": 16.0, ""213"": 3.0}",2026-09-30T21:46:22-04:00
Puka Nacua,4426515,WR,LAR,QUESTIONABLE,243.56837467,9.9,245.96868131,310.5,9.32,99.88,3.0,4.0,"{""23"": 10.64629328, ""24"": 63.36933643, ""25"": 0.761425266, ""26"": 0.03264932, ""27"": 12.0, ""28"": 6.0, ""29"": 3.0, ""30"": 2.0, ""31"": 1.0, ""33"": 2.0, ""34"": 1.0, ""35"": 0.019661951, ""36"": 0.013763366, ""37"": 0.012173406, ""38"": 0.000415, ""39"": 5.952244104, ""40"": 4.694024921, ""42"": 1333.587737, ""43"": 8.413498989, ""44"": 0.313549231, ""45"": 0.257138952, ""46"": 0.168040305, ""47"": 266.0, ""48"": 133.0, ""49"": 66.0, ""50"": 53.0, ""51"": 26.0, ""53"": 99.30054192, ""56"": 5.630876074, ""57"": 0.174150806, ""58"": 146.4828016, ""60"": 13.42981329, ""61"": 98.78427683, ""62"": 0.34619855, ""63"": 0.006074685, ""66"": 0.133686267, ""67"": 1.246924014, ""68"": 1.38061028, ""70"": 0.061495683, ""71"": 0.698277448, ""72"": 0.75977313, ""73"": 0.75977313, ""210"": 13.5, ""212"": 5.060470623, ""213"": 61.90257817}","{""41"": 5.0, ""42"": 74.0, ""47"": 14.0, ""48"": 7.0, ""49"": 3.0, ""50"": 2.0, ""51"": 1.0, ""53"": 5.0, ""54"": 1.0, ""58"": 9.0, ""59"": 38.0, ""60"": 14.8, ""61"": 74.0, ""108"": 1.0, ""109"": 1.0, ""156"": 1.0, ""210"": 1.0, ""213"": 2.0}",2026-09-30T21:46:22-04:00
Justin Jefferson,4262921,WR,MIN,QUESTIONABLE,208.38190075,38.4,259.68477537,159.5,14.36,99.88,10.0,11.0,"{""23"": 1.841817098, ""24"": 9.541010034, ""25"": 0.076237382, ""26"": 0.003736015, ""27"": 1.0, ""35"": 0.003381835, ""36"": 0.002367285, ""37"": 0.000215223, ""38"": 7.34e-06, ""39"": 5.180215802, ""40"": 0.706741484, ""42"": 1119.817885, ""43"": 8.22790609, ""44"": 0.453617806, ""45"": 0.217617673, ""46"": 0.142213149, ""47"": 223.0, ""48"": 111.0, ""49"": 55.0, ""50"": 44.0, ""51"": 22.0, ""53"": 91.6720934, ""56"": 4.205099206, ""57"": 0.130054615, ""58"": 128.4317235, ""60"": 12.21547195, ""61"": 82.949473, ""62"": 0.457353821, ""63"": 0.004453393, ""66"": 0.019934649, ""67"": 0.992200043, ""68"": 1.012134692, ""70"": 0.009169939, ""71"": 0.555632024, ""72"": 0.564801963, ""73"": 0.564801963, ""210"": 13.5, ""212"": 2.197231128, ""213"": 54.19297727}","{""41"": 13.0, ""42"": 179.0, ""43"": 2.0, ""44"": 1.0, ""47"": 35.0, ""48"": 17.0, ""49"": 7.0, ""50"": 6.0, ""51"": 2.0, ""53"": 13.0, ""54"": 1.0, ""58"": 17.0, ""59"": 52.0, ""60"": 13.76923077, ""61"": 59.66666667, ""155"": 3.0, ""158"": 14.0, ""183"": 1.0, ""186"": 1.0, ""210"": 3.0, ""213"": 8.0}",2026-09-30T21:46:22-04:00
Trey McBride,4361307,TE,ARI,ACTIVE,190.28196799,46.1,202.64322638,252.9,20.86,99.88,20.0,21.0,"{""42"": 907.06, ""43"": 7.956887249, ""44"": 0.309619303, ""45"": 0.07146937, ""46"": 0.046705234, ""47"": 181.0, ""48"": 90.0, ""49"": 45.0, ""50"": 36.0, ""51"": 18.0, ""53"": 104.2614752, ""56"": 2.631963524, ""57"": 0.081400934, ""58"": 135.9868185, ""60"": 8.699857721, ""61"": 64.79, ""62"": 0.309619303, ""63"": 0.003595946, ""67"": 0.817260459, ""68"": 0.817260459, ""71"": 0.457665857, ""72"": 0.457665857, ""73"": 0.457665857, ""210"": 14.0, ""213"": 51.08466064}","{""41"": 26.0, ""42"": 211.0, ""43"": 2.0, ""47"": 42.0, ""48"": 20.0, ""49"": 9.0, ""50"": 7.0, ""51"": 2.0, ""53"": 26.0, ""54"": 3.0, ""58"": 34.0, ""59"": 69.0, ""60"": 8.11538462, ""61"": 70.33333333, ""155"": 1.0, ""156"": 2.0, ""158"": 12.0, ""183"": 2.0, ""210"": 3.0, ""213"": 12.0}",2026-09-30T21:46:22-04:00
Derrick Henry,3043078,RB,BAL,ACTIVE,254.75770954,72.4,272.72330397,272.0,16.07,99.86,11.0,16.0,"{""23"": 297.130966, ""24"": 1380.333001, ""25"": 14.06889799, ""26"": 0.427779549, ""27"": 276.0, ""28"": 138.0, ""29"": 69.0, ""30"": 55.0, ""31"": 27.0, ""33"": 59.0, ""34"": 29.0, ""35"": 0.652024008, ""36"": 0.456416805, ""37"": 5.973388046, ""38"": 0.203848816, ""39"": 4.645537353, ""40"": 98.59521438, ""42"": 179.8511453, ""43"": 0.992190443, ""44"": 0.046995596, ""45"": 0.081963814, ""46"": 0.053563352, ""47"": 35.0, ""48"": 17.0, ""49"": 8.0, ""50"": 7.0, ""51"": 3.0, ""53"": 20.3441025, ""56"": 0.06723622, ""57"": 0.002079471, ""58"": 26.05734675, ""60"": 8.840456116, ""61"": 12.84651038, ""62"": 0.474775145, ""63"": 0.012965988, ""66"": 2.757980801, ""67"": 0.188834724, ""68"": 2.946815526, ""70"": 1.268671169, ""71"": 0.105747446, ""72"": 1.374418614, ""73"": 1.374418614, ""210"": 14.0, ""212"": 76.85377309, ""213"": 9.055583007}","{""23"": 66.0, ""24"": 301.0, ""25"": 6.0, ""27"": 58.0, ""28"": 28.0, ""29"": 14.0, ""30"": 10.0, ""31"": 4.0, ""32"": 1.0, ""33"": 12.0, ""34"": 5.0, ""37"": 1.0, ""39"": 4.56060606, ""40"": 100.33333333, ""41"": 5.0, ""42"": 38.0, ""47"": 6.0, ""48"": 2.0, ""53"": 5.0, ""58"": 5.0, ""59"": 57.0, ""60"": 7.6, ""61"": 12.66666667, ""155"": 2.0, ""156"": 1.0, ""158"": 36.0, ""179"": 5.0, ""182"": 1.0, ""210"": 3.0, ""212"": 16.0, ""213"": 2.0}",2026-09-30T21:46:22-04:00
Lamar Jackson,3916387,QB,BAL,QUESTIONABLE,325.93282053,68.0,426.77737821,255.7,25.48,99.86,58.0,44.0,"{""0"": 388.579278, ""1"": 259.4355416, ""2"": 129.1437364, ""3"": 3384.774537, ""4"": 21.50928, ""5"": 676.0, ""6"": 338.0, ""7"": 169.0, ""8"": 135.0, ""9"": 67.0, ""10"": 33.0, ""11"": 51.0, ""12"": 25.0, ""15"": 2.770347954, ""16"": 1.810422388, ""17"": 2.759656197, ""18"": 0.372757193, ""19"": 1.018644156, ""20"": 7.254735413, ""21"": 0.66765151, ""22"": 250.7240397, ""23"": 95.6302033, ""24"": 589.599549, ""25"": 3.67753809, ""26"": 0.111826658, ""27"": 117.0, ""28"": 58.0, ""29"": 29.0, ""30"": 23.0, ""31"": 11.0, ""33"": 19.0, ""34"": 9.0, ""35"": 0.186457014, ""36"": 0.13051991, ""37"": 1.085690936, ""38"": 0.0371, ""39"": 6.165411436, ""40"": 43.67404067, ""62"": 1.130470814, ""63"": 0.032792621, ""64"": 31.88022377, ""65"": 6.071869495, ""66"": 1.380998911, ""68"": 7.452868406, ""69"": 2.914497358, ""70"": 0.635259499, ""72"": 3.549756857, ""73"": 10.80449227, ""210"": 13.5, ""211"": 152.804692, ""212"": 30.1658132}","{""0"": 76.0, ""1"": 53.0, ""2"": 23.0, ""3"": 745.0, ""4"": 4.0, ""5"": 148.0, ""6"": 73.0, ""7"": 36.0, ""8"": 28.0, ""9"": 13.0, ""10"": 6.0, ""11"": 10.0, ""12"": 4.0, ""13"": 4.0, ""14"": 1.0, ""15"": 1.0, ""16"": 1.0, ""17"": 1.0, ""20"": 1.0, ""21"": 0.69736842, ""22"": 248.33333333, ""23"": 17.0, ""24"": 124.0, ""25"": 1.0, ""27"": 24.0, ""28"": 12.0, ""29"": 5.0, ""30"": 4.0, ""31"": 1.0, ""33"": 2.0, ""39"": 7.29411765, ""40"": 41.33333333, ""64"": 5.0, ""68"": 1.0, ""72"": 1.0, ""73"": 2.0, ""155"": 2.0, ""156"": 1.0, ""158"": 30.0, ""175"": 2.0, ""177"": 1.0, ""179"": 1.0, ""210"": 3.0, ""211"": 33.0, ""212"": 9.0}",2026-09-30T21:46:22-04:00
Kenneth Walker III,4567048,RB,KC,ACTIVE,260.91203028,73.7,215.95555691,176.4,17.24,99.81,18.0,28.0,"{""23"": 264.4859156, ""24"": 1196.91872, ""25"": 10.40852778, ""26"": 0.400028862, ""27"": 239.0, ""28"": 119.0, ""29"": 59.0, ""30"": 47.0, ""31"": 23.0, ""33"": 52.0, ""34"": 26.0, ""35"": 0.569994429, ""36"": 0.3989961, ""37"": 4.501342411, ""38"": 0.154, ""39"": 4.525453529, ""40"": 85.49419429, ""42"": 382.7899155, ""43"": 3.101191074, ""44"": 0.123295989, ""45"": 0.057707555, ""46"": 0.037711887, ""47"": 76.0, ""48"": 38.0, ""49"": 19.0, ""50"": 15.0, ""51"": 7.0, ""53"": 45.05315537, ""56"": 0.263021224, ""57"": 0.008134677, ""58"": 60.34345589, ""60"": 8.496406353, ""61"": 27.34213682, ""62"": 0.523324851, ""63"": 0.007836442, ""66"": 1.521785178, ""67"": 0.25922448, ""68"": 1.781009658, ""70"": 0.700021182, ""71"": 0.145165709, ""72"": 0.845186891, ""73"": 0.845186891, ""210"": 14.0, ""212"": 65.94862759, ""213"": 21.14624954}","{""23"": 65.0, ""24"": 360.0, ""25"": 2.0, ""27"": 71.0, ""28"": 35.0, ""29"": 16.0, ""30"": 12.0, ""31"": 6.0, ""32"": 2.0, ""33"": 11.0, ""34"": 5.0, ""35"": 1.0, ""36"": 1.0, ""37"": 2.0, ""39"": 5.53846154, ""40"": 120.0, ""41"": 11.0, ""42"": 82.0, ""43"": 2.0, ""47"": 15.0, ""48"": 7.0, ""49"": 3.0, ""50"": 2.0, ""51"": 1.0, ""53"": 11.0, ""54"": 1.0, ""58"": 18.0, ""59"": 82.0, ""60"": 7.45454545, ""61"": 27.33333333, ""155"": 3.0, ""158"": 24.0, ""180"": 1.0, ""183"": 2.0, ""210"": 3.0, ""212"": 19.0, ""213"": 5.0}",2026-09-30T21:46:22-04:00
Brock Bowers,4432665,TE,LV,ACTIVE,171.56679114,22.6,207.30882049,144.2,26.64,99.81,21.0,22.0,"{""23"": 3.567945335, ""24"": 7.641134379, ""25"": 0.122646549, ""26"": 0.007376852, ""27"": 1.0, ""35"": 0.006558726, ""36"": 0.004591108, ""37"": 0.000127641, ""38"": 4.36e-06, ""39"": 2.141606348, ""40"": 0.545795313, ""42"": 881.164401, ""43"": 6.556119397, ""44"": 0.374337681, ""45"": 0.126582529, ""46"": 0.082721683, ""47"": 176.0, ""48"": 88.0, ""49"": 44.0, ""50"": 35.0, ""51"": 17.0, ""53"": 84.90343154, ""56"": 2.453252884, ""57"": 0.075873801, ""58"": 115.702746, ""60"": 10.37843094, ""61"": 62.94031436, ""62"": 0.381714533, ""63"": 0.002380188, ""66"": 0.021815945, ""67"": 0.519135929, ""68"": 0.540951874, ""70"": 0.010035335, ""71"": 0.29071612, ""72"": 0.300751455, ""73"": 0.300751455, ""210"": 14.0, ""212"": 2.272547134, ""213"": 45.38542929}","{""41"": 10.0, ""42"": 116.0, ""43"": 1.0, ""47"": 23.0, ""48"": 11.0, ""49"": 5.0, ""50"": 4.0, ""51"": 2.0, ""52"": 1.0, ""53"": 10.0, ""54"": 2.0, ""55"": 1.0, ""56"": 1.0, ""58"": 13.0, ""59"": 28.0, ""60"": 11.6, ""61"": 116.0, ""155"": 1.0, ""158"": 6.0, ""183"": 1.0, ""210"": 1.0, ""213"": 7.0}",2026-09-30T21:46:22-04:00
Ashton Jeanty,4890973,RB,LV,ACTIVE,229.18343893,48.8,270.61114467,217.6,22.33,99.74,16.0,17.0,"{""23"": 249.7561734, ""24"": 965.4371528, ""25"": 7.044857848, ""26"": 0.423728784, ""27"": 193.0, ""28"": 96.0, ""29"": 48.0, ""30"": 38.0, ""31"": 19.0, ""33"": 49.0, ""34"": 24.0, ""35"": 0.533744133, ""36"": 0.373620893, ""37"": 2.924197748, ""38"": 0.0998, ""39"": 3.865518676, ""40"": 68.95979663, ""42"": 473.3123038, ""43"": 2.384065543, ""44"": 0.136153293, ""45"": 0.043567661, ""46"": 0.028471466, ""47"": 94.0, ""48"": 47.0, ""49"": 23.0, ""50"": 18.0, ""51"": 9.0, ""53"": 59.61535485, ""56"": 0.46147191, ""57"": 0.014272327, ""58"": 80.10190111, ""60"": 7.939436157, ""61"": 33.8080217, ""62"": 0.559882077, ""63"": 0.010064216, ""66"": 1.846558883, ""67"": 0.440762931, ""68"": 2.287321814, ""70"": 0.849417086, ""71"": 0.246827241, ""72"": 1.096244328, ""73"": 1.096244328, ""210"": 14.0, ""212"": 54.73007751, ""213"": 26.66846362}","{""23"": 63.0, ""24"": 206.0, ""27"": 40.0, ""28"": 19.0, ""29"": 9.0, ""30"": 7.0, ""31"": 3.0, ""32"": 1.0, ""33"": 11.0, ""34"": 5.0, ""37"": 1.0, ""39"": 3.26984127, ""40"": 68.66666667, ""41"": 13.0, ""42"": 97.0, ""43"": 2.0, ""47"": 19.0, ""48"": 8.0, ""49"": 3.0, ""50"": 2.0, ""53"": 13.0, ""54"": 1.0, ""58"": 16.0, ""59"": 76.0, ""60"": 7.46153846, ""61"": 32.33333333, ""108"": 1.0, ""109"": 1.0, ""155"": 3.0, ""158"": 12.0, ""184"": 2.0, ""210"": 3.0, ""212"": 9.0, ""213"": 4.0}",2026-09-30T21:46:22-04:00
Chris Olave,4361370,WR,NO,ACTIVE,185.35840793,57.0,168.13895379,218.0,24.83,99.65,29.0,24.0,"{""42"": 1035.197791, ""43"": 6.81155744, ""44"": 0.36338327, ""45"": 0.223480675, ""46"": 0.146044621, ""47"": 207.0, ""48"": 103.0, ""49"": 51.0, ""50"": 41.0, ""51"": 20.0, ""53"": 82.74128838, ""56"": 3.569649492, ""57"": 0.110401531, ""58"": 117.7218051, ""60"": 12.51126023, ""61"": 73.94269933, ""62"": 0.36338327, ""63"": 0.004431926, ""67"": 1.007255839, ""68"": 1.007255839, ""71"": 0.56406327, ""72"": 0.56406327, ""73"": 0.56406327, ""210"": 14.0, ""213"": 49.24469493}","{""41"": 27.0, ""42"": 375.0, ""43"": 1.0, ""47"": 74.0, ""48"": 36.0, ""49"": 18.0, ""50"": 14.0, ""51"": 6.0, ""52"": 2.0, ""53"": 27.0, ""54"": 4.0, ""55"": 1.0, ""56"": 2.0, ""58"": 36.0, ""59"": 81.0, ""60"": 13.88888889, ""61"": 125.0, ""155"": 1.0, ""156"": 2.0, ""158"": 6.0, ""185"": 1.0, ""210"": 3.0, ""213"": 20.0}",2026-09-30T21:46:22-04:00
Saquon Barkley,3929630,RB,PHI,ACTIVE,199.83688425,19.5,302.12334424,213.8,22.37,99.61,15.0,15.0,"{""23"": 252.5010118, ""24"": 1170.834198, ""25"": 6.766737829, ""26"": 0.225879594, ""27"": 234.0, ""28"": 117.0, ""29"": 58.0, ""30"": 46.0, ""31"": 23.0, ""33"": 50.0, ""34"": 25.0, ""35"": 0.540449615, ""36"": 0.378314731, ""37"": 4.306677076, ""38"": 0.146970366, ""39"": 4.63694854, ""40"": 83.63101416, ""42"": 214.9026133, ""43"": 1.45077441, ""44"": 0.064229705, ""45"": 0.045179065, ""46"": 0.029524519, ""47"": 42.0, ""48"": 21.0, ""49"": 10.0, ""50"": 8.0, ""51"": 4.0, ""53"": 26.03477841, ""56"": 0.083639369, ""57"": 0.002586785, ""58"": 35.94758582, ""60"": 8.254443723, ""61"": 15.35018666, ""62"": 0.290109299, ""63"": 0.00768483, ""66"": 1.583301725, ""67"": 0.163250473, ""68"": 1.746552197, ""70"": 0.728318793, ""71"": 0.091420265, ""72"": 0.819739058, ""73"": 0.819739058, ""210"": 14.0, ""212"": 61.62479319, ""213"": 11.50677985}","{""23"": 34.0, ""24"": 174.0, ""27"": 33.0, ""28"": 16.0, ""29"": 8.0, ""30"": 6.0, ""31"": 2.0, ""33"": 6.0, ""34"": 2.0, ""39"": 5.11764706, ""40"": 58.0, ""41"": 3.0, ""42"": 6.0, ""47"": 2.0, ""48"": 1.0, ""53"": 3.0, ""58"": 6.0, ""59"": 13.0, ""60"": 2.0, ""61"": 2.0, ""155"": 2.0, ""156"": 1.0, ""210"": 3.0, ""212"": 6.0, ""213"": 1.0}",2026-09-30T21:46:22-04:00
Drake London,4426502,WR,ATL,ACTIVE,187.98208534,35.3,218.69113475,167.9,22.71,99.55,14.0,18.0,"{""23"": 3.82777466, ""24"": 20.03330314, ""25"": 0.159223692, ""26"": 0.007667623, ""27"": 4.0, ""28"": 2.0, ""29"": 1.0, ""35"": 0.007037541, ""36"": 0.004926279, ""37"": 0.001111924, ""38"": 3.79e-05, ""39"": 5.233668362, ""40"": 1.430950224, ""42"": 1126.144501, ""43"": 5.34385331, ""44"": 0.355234174, ""45"": 0.242295629, ""46"": 0.158340193, ""47"": 225.0, ""48"": 112.0, ""49"": 56.0, ""50"": 45.0, ""51"": 22.0, ""53"": 82.28502981, ""56"": 4.252305568, ""57"": 0.131514605, ""58"": 125.4446666, ""60"": 13.68589771, ""61"": 80.43889294, ""62"": 0.362901797, ""63"": 0.00602901, ""66"": 0.060907667, ""67"": 1.309321902, ""68"": 1.370229569, ""70"": 0.028017527, ""71"": 0.733220265, ""72"": 0.761237792, ""73"": 0.761237792, ""210"": 14.0, ""212"": 2.734026464, ""213"": 51.04848504}","{""23"": 2.0, ""24"": 4.0, ""27"": 1.0, ""39"": 2.0, ""40"": 1.33333333, ""41"": 15.0, ""42"": 274.0, ""47"": 53.0, ""48"": 26.0, ""49"": 12.0, ""50"": 10.0, ""51"": 4.0, ""52"": 1.0, ""53"": 15.0, ""54"": 1.0, ""56"": 1.0, ""58"": 20.0, ""59"": 152.0, ""60"": 18.26666667, ""61"": 91.33333333, ""107"": 1.0, ""108"": 2.0, ""109"": 3.0, ""155"": 1.0, ""156"": 2.0, ""210"": 3.0, ""213"": 10.0}",2026-09-30T21:46:22-04:00
Brandon Aubrey,3953687,K,DAL,ACTIVE,140.62315773,28.0,142.15224311,181.6,74.7,99.47,240.0,255.0,"{""74"": 5.637254542, ""75"": 7.770224, ""76"": 2.132969458, ""77"": 7.428285036, ""78"": 8.880256, ""79"": 1.451970964, ""80"": 15.82945757, ""81"": 15.99752, ""82"": 0.168062427, ""83"": 28.89499715, ""84"": 32.648, ""85"": 3.753002849, ""86"": 38.98837501, ""87"": 39.78405613, ""88"": 0.795681123, ""198"": 5.637254542, ""199"": 7.770224, ""200"": 2.132969458, ""210"": 14.0, ""214"": 1113.568299, ""215"": 185.5609169, ""216"": 1299.129216}","{""74"": 1.0, ""75"": 2.0, ""76"": 1.0, ""77"": 1.0, ""78"": 1.0, ""80"": 4.0, ""81"": 4.0, ""83"": 6.0, ""84"": 7.0, ""85"": 1.0, ""86"": 8.0, ""87"": 9.0, ""88"": 1.0, ""155"": 1.0, ""156"": 2.0, ""158"": 26.0, ""199"": 1.0, ""200"": 1.0, ""201"": 1.0, ""202"": 1.0, ""210"": 3.0, ""214"": 218.0, ""215"": 59.0, ""216"": 277.0, ""217"": 42.0, ""218"": 20.0, ""219"": 10.0, ""220"": 8.0, ""221"": 3.0, ""222"": 1.0, ""223"": 11.0, ""224"": 5.0, ""225"": 2.0, ""226"": 2.0, ""227"": 1.0, ""229"": 54.0, ""230"": 26.0, ""231"": 13.0, ""232"": 10.0, ""233"": 4.0, ""234"": 2.0}",2026-09-30T21:46:22-04:00
Chase Brown,4362238,RB,CIN,ACTIVE,210.19227291,33.9,248.95982922,248.1,24.17,99.43,23.0,14.0,"{""23"": 236.9586915, ""24"": 1010.848983, ""25"": 6.897887549, ""26"": 0.38885001, ""27"": 202.0, ""28"": 101.0, ""29"": 50.0, ""30"": 40.0, ""31"": 20.0, ""33"": 47.0, ""34"": 23.0, ""35"": 0.502740668, ""36"": 0.351918468, ""37"": 3.204220993, ""38"": 0.109347769, ""39"": 4.265929121, ""40"": 72.20349877, ""42"": 317.0200515, ""43"": 1.92173757, ""44"": 0.064229451, ""45"": 0.028296309, ""46"": 0.018491638, ""47"": 63.0, ""48"": 31.0, ""49"": 15.0, ""50"": 12.0, ""51"": 6.0, ""53"": 51.54347171, ""56"": 0.16819609, ""57"": 0.005201941, ""58"": 63.31750898, ""60"": 6.150537419, ""61"": 22.64428939, ""62"": 0.453079461, ""63"": 0.010083597, ""66"": 1.88228939, ""67"": 0.409437313, ""68"": 2.291726703, ""70"": 0.86585312, ""71"": 0.229284895, ""72"": 1.095138015, ""73"": 1.095138015, ""210"": 14.0, ""212"": 55.376368, ""213"": 20.32963482}","{""23"": 49.0, ""24"": 197.0, ""25"": 1.0, ""27"": 39.0, ""28"": 19.0, ""29"": 9.0, ""30"": 7.0, ""31"": 3.0, ""33"": 9.0, ""34"": 4.0, ""39"": 4.02040816, ""40"": 65.66666667, ""41"": 10.0, ""42"": 32.0, ""47"": 5.0, ""48"": 2.0, ""49"": 1.0, ""53"": 10.0, ""54"": 1.0, ""58"": 13.0, ""59"": 52.0, ""60"": 3.2, ""61"": 10.66666667, ""155"": 2.0, ""156"": 1.0, ""158"": 6.0, ""179"": 1.0, ""210"": 3.0, ""212"": 10.0, ""213"": 1.0}",2026-09-30T21:46:22-04:00
George Pickens,4426354,WR,DAL,ACTIVE,164.26880701,23.0,185.22662358,245.4,33.78,99.28,28.0,27.0,"{""42"": 912.1346737, ""43"": 6.574441512, ""44"": 0.312098114, ""45"": 0.197549854, ""46"": 0.129098829, ""47"": 182.0, ""48"": 91.0, ""49"": 45.0, ""50"": 36.0, ""51"": 18.0, ""53"": 69.06301159, ""56"": 2.666715276, ""57"": 0.08247573, ""58"": 107.3089586, ""60"": 13.20728206, ""61"": 65.15247669, ""62"": 0.312098114, ""63"": 0.006077545, ""67"": 1.381260232, ""68"": 1.381260232, ""71"": 0.77350573, ""72"": 0.77350573, ""73"": 0.77350573, ""210"": 14.0, ""213"": 42.6364061}","{""41"": 16.0, ""42"": 150.0, ""47"": 29.0, ""48"": 14.0, ""49"": 7.0, ""50"": 5.0, ""51"": 1.0, ""53"": 16.0, ""54"": 2.0, ""58"": 25.0, ""59"": 30.0, ""60"": 9.375, ""61"": 50.0, ""155"": 1.0, ""156"": 2.0, ""210"": 3.0, ""213"": 10.0}",2026-09-30T21:46:22-04:00
DeVonta Smith,4241478,WR,PHI,QUESTIONABLE,173.37454563,39.0,178.88697818,163.3,37.14,99.26,44.0,34.0,"{""42"": 990.3723268, ""43"": 5.597044075, ""44"": 0.247679542, ""45"": 0.228352278, ""46"": 0.149228214, ""47"": 198.0, ""48"": 99.0, ""49"": 49.0, ""50"": 39.0, ""51"": 19.0, ""53"": 82.58608728, ""56"": 3.234748797, ""57"": 0.100043777, ""58"": 112.1294088, ""60"": 11.99199961, ""61"": 70.74088049, ""62"": 0.247679542, ""63"": 0.004059606, ""67"": 0.9226377, ""68"": 0.9226377, ""71"": 0.516677112, ""72"": 0.516677112, ""73"": 0.516677112, ""210"": 14.0, ""213"": 47.47657554}","{""41"": 19.0, ""42"": 235.0, ""43"": 1.0, ""47"": 46.0, ""48"": 22.0, ""49"": 10.0, ""50"": 8.0, ""51"": 4.0, ""52"": 1.0, ""53"": 19.0, ""54"": 3.0, ""55"": 1.0, ""56"": 1.0, ""58"": 27.0, ""59"": 39.0, ""60"": 12.36842105, ""61"": 78.33333333, ""108"": 1.0, ""109"": 1.0, ""155"": 2.0, ""156"": 1.0, ""158"": 6.0, ""185"": 1.0, ""210"": 3.0, ""213"": 10.0}",2026-09-30T21:46:22-04:00
Davante Adams,16800,WR,LAR,ACTIVE,177.05632329,56.8,214.51675575,192.9,41.77,99.01,31.0,45.0,"{""42"": 984.4295604, ""43"": 7.73156467, ""44"": 0.288174305, ""45"": 0.25238627, ""46"": 0.164934428, ""47"": 196.0, ""48"": 98.0, ""49"": 49.0, ""50"": 39.0, ""51"": 19.0, ""53"": 64.70381158, ""56"": 3.190558714, ""57"": 0.098677074, ""58"": 108.6807883, ""60"": 15.21439829, ""61"": 70.31639717, ""62"": 0.288174305, ""63"": 0.002766795, ""67"": 0.628817115, ""68"": 0.628817115, ""71"": 0.352137585, ""72"": 0.352137585, ""73"": 0.352137585, ""210"": 14.0, ""213"": 44.10957581}","{""41"": 18.0, ""42"": 358.0, ""43"": 2.0, ""47"": 71.0, ""48"": 34.0, ""49"": 16.0, ""50"": 13.0, ""51"": 5.0, ""52"": 2.0, ""53"": 18.0, ""54"": 2.0, ""56"": 2.0, ""58"": 29.0, ""59"": 106.0, ""60"": 19.88888889, ""61"": 119.33333333, ""108"": 1.0, ""109"": 1.0, ""155"": 1.0, ""156"": 2.0, ""158"": 12.0, ""184"": 1.0, ""186"": 1.0, ""210"": 3.0, ""213"": 12.0}",2026-09-30T21:46:22-04:00
Garrett Wilson,4569618,WR,NYJ,ACTIVE,171.97420499,46.8,196.65245306,81.5,38.38,98.98,43.0,29.0,"{""23"": 1.782713964, ""24"": 9.153488886, ""25"": 0.085603222, ""26"": 0.005026983, ""27"": 1.0, ""35"": 0.003273188, ""36"": 0.002291231, ""37"": 0.000195493, ""38"": 6.67143e-06, ""39"": 5.134580797, ""40"": 0.653820635, ""42"": 956.6236154, ""43"": 5.377766462, ""44"": 0.385843066, ""45"": 0.165255953, ""46"": 0.107994765, ""47"": 191.0, ""48"": 95.0, ""49"": 47.0, ""50"": 38.0, ""51"": 19.0, ""53"": 87.49072586, ""56"": 2.988437135, ""57"": 0.092425891, ""58"": 117.6264928, ""60"": 10.93400022, ""61"": 68.33025824, ""62"": 0.390870049, ""63"": 0.007533683, ""66"": 0.034191179, ""67"": 1.678009539, ""68"": 1.712200718, ""70"": 0.015727942, ""71"": 0.939685342, ""72"": 0.955413284, ""73"": 0.955413284, ""210"": 14.0, ""212"": 2.187537899, ""213"": 47.57418127}","{""41"": 21.0, ""42"": 243.0, ""43"": 2.0, ""47"": 47.0, ""48"": 22.0, ""49"": 10.0, ""50"": 9.0, ""51"": 4.0, ""52"": 1.0, ""53"": 21.0, ""54"": 4.0, ""55"": 1.0, ""56"": 1.0, ""58"": 27.0, ""59"": 39.0, ""60"": 11.57142857, ""61"": 81.0, ""155"": 1.0, ""156"": 2.0, ""158"": 12.0, ""183"": 1.0, ""185"": 1.0, ""210"": 3.0, ""213"": 13.0}",2026-09-30T21:46:22-04:00
Rashee Rice,4428331,WR,KC,ACTIVE,169.79417584,31.5,131.61570596,123.6,37.52,98.93,24.0,25.0,"{""23"": 3.574133995, ""24"": 18.37668893, ""25"": 0.201634031, ""26"": 0.00774936, ""27"": 3.0, ""28"": 1.0, ""35"": 0.006570137, ""36"": 0.004599096, ""37"": 0.000927, ""38"": 3.16e-05, ""39"": 5.14157806, ""40"": 1.312620638, ""42"": 895.3915483, ""43"": 6.651990996, ""44"": 0.264378462, ""45"": 0.211658613, ""46"": 0.138318904, ""47"": 179.0, ""48"": 89.0, ""49"": 44.0, ""50"": 35.0, ""51"": 17.0, ""53"": 77.08775204, ""56"": 2.549536561, ""57"": 0.078851646, ""58"": 103.4459244, ""60"": 11.61522453, ""61"": 63.95653917, ""62"": 0.272127822, ""63"": 0.007098246, ""66"": 0.07148268, ""67"": 1.541755041, ""68"": 1.613237721, ""70"": 0.032882033, ""71"": 0.863382823, ""72"": 0.896264856, ""73"": 0.896264856, ""210"": 14.0, ""212"": 2.694297861, ""213"": 44.03551052}","{""41"": 13.0, ""42"": 190.0, ""43"": 1.0, ""47"": 36.0, ""48"": 17.0, ""49"": 8.0, ""50"": 6.0, ""51"": 2.0, ""53"": 13.0, ""54"": 1.0, ""58"": 17.0, ""59"": 119.0, ""60"": 14.61538462, ""61"": 63.33333333, ""155"": 3.0, ""158"": 6.0, ""184"": 1.0, ""210"": 3.0, ""213"": 6.0}",2026-09-30T21:46:22-04:00
Javonte Williams,4361579,RB,DAL,ACTIVE,202.26699582,45.5,196.80315889,225.3,39.85,98.92,30.0,31.0,"{""23"": 240.65161, ""24"": 977.4686212, ""25"": 9.757846912, ""26"": 0.488062106, ""27"": 195.0, ""28"": 97.0, ""29"": 48.0, ""30"": 39.0, ""31"": 19.0, ""33"": 48.0, ""34"": 24.0, ""35"": 0.511721111, ""36"": 0.358204777, ""37"": 3.005451285, ""38"": 0.102564522, ""39"": 4.061758079, ""40"": 69.81918723, ""42"": 217.4866373, ""43"": 1.206390487, ""44"": 0.057279896, ""45"": 0.028264903, ""46"": 0.018471114, ""47"": 43.0, ""48"": 21.0, ""49"": 10.0, ""50"": 8.0, ""51"": 4.0, ""53"": 35.94376692, ""56"": 0.085106362, ""57"": 0.002632156, ""58"": 46.65606898, ""60"": 6.050746928, ""61"": 15.5347598, ""62"": 0.545342002, ""63"": 0.009658342, ""66"": 1.909825803, ""67"": 0.285251919, ""68"": 2.195077722, ""70"": 0.878519869, ""71"": 0.159741075, ""72"": 1.038260944, ""73"": 1.038260944, ""210"": 14.0, ""212"": 56.6057309, ""213"": 13.73668993}","{""23"": 43.0, ""24"": 169.0, ""25"": 2.0, ""27"": 33.0, ""28"": 16.0, ""29"": 7.0, ""30"": 5.0, ""31"": 1.0, ""33"": 7.0, ""34"": 3.0, ""39"": 3.93023256, ""40"": 56.33333333, ""41"": 10.0, ""42"": 56.0, ""43"": 1.0, ""47"": 11.0, ""48"": 5.0, ""49"": 2.0, ""50"": 1.0, ""53"": 10.0, ""54"": 1.0, ""58"": 12.0, ""59"": 79.0, ""60"": 5.6, ""61"": 18.66666667, ""65"": 1.0, ""66"": 1.0, ""68"": 1.0, ""69"": 1.0, ""70"": 1.0, ""155"": 1.0, ""156"": 2.0, ""158"": 18.0, ""179"": 2.0, ""184"": 1.0, ""210"": 3.0, ""212"": 9.0, ""213"": 3.0}",2026-09-30T21:46:22-04:00
Omarion Hampton,4685382,RB,LAC,ACTIVE,164.69935982,30.4,238.94446939,119.7,27.73,98.86,19.0,13.0,"{""23"": 235.454375, ""24"": 983.4838685, ""25"": 6.795673356, ""26"": 0.248524922, ""27"": 196.0, ""28"": 98.0, ""29"": 49.0, ""30"": 39.0, ""31"": 19.0, ""33"": 47.0, ""34"": 23.0, ""35"": 0.499112891, ""36"": 0.349379024, ""37"": 3.033971026, ""38"": 0.104, ""39"": 4.176961539, ""40"": 70.24884775, ""42"": 136.2409317, ""43"": 0.522260504, ""44"": 0.022405185, ""45"": 0.030799699, ""46"": 0.020127603, ""47"": 27.0, ""48"": 13.0, ""49"": 6.0, ""50"": 5.0, ""51"": 2.0, ""53"": 20.12444604, ""56"": 0.051949276, ""57"": 0.001606679, ""58"": 25.88453347, ""60"": 6.769922083, ""61"": 9.731495119, ""62"": 0.270930108, ""63"": 0.008392375, ""66"": 1.757171274, ""67"": 0.150186627, ""68"": 1.907357902, ""70"": 0.808298786, ""71"": 0.084104511, ""72"": 0.892403298, ""73"": 0.892403298, ""210"": 14.0, ""212"": 54.28478327, ""213"": 7.610755724}","{""23"": 50.0, ""24"": 193.0, ""25"": 2.0, ""27"": 37.0, ""28"": 18.0, ""29"": 8.0, ""30"": 6.0, ""31"": 2.0, ""33"": 9.0, ""34"": 4.0, ""39"": 3.86, ""40"": 64.33333333, ""41"": 2.0, ""42"": 21.0, ""47"": 4.0, ""48"": 2.0, ""49"": 1.0, ""53"": 2.0, ""58"": 3.0, ""59"": 29.0, ""60"": 10.5, ""61"": 7.0, ""65"": 2.0, ""66"": 2.0, ""68"": 2.0, ""69"": 2.0, ""70"": 2.0, ""72"": 2.0, ""73"": 2.0, ""156"": 3.0, ""158"": 12.0, ""179"": 2.0, ""210"": 3.0, ""212"": 13.0, ""213"": 1.0}",2026-09-30T21:46:22-04:00
Tyler Warren,4431459,TE,IND,ACTIVE,133.16784731,30.4,133.66620391,150.5,54.21,98.79,51.0,53.0,"{""23"": 5.426179094, ""24"": 18.89344313, ""25"": 0.443978343, ""26"": 0.012840058, ""27"": 3.0, ""28"": 1.0, ""33"": 1.0, ""35"": 0.009986875, ""36"": 0.006990812, ""37"": 0.000984304, ""38"": 3.36e-05, ""39"": 3.481905555, ""40"": 1.349531652, ""42"": 662.1151039, ""43"": 4.368507693, ""44"": 0.2219696, ""45"": 0.080933784, ""46"": 0.052890228, ""47"": 132.0, ""48"": 66.0, ""49"": 33.0, ""50"": 26.0, ""51"": 13.0, ""53"": 73.57613783, ""56"": 1.162759012, ""57"": 0.035961619, ""58"": 96.41153487, ""60"": 8.999046748, ""61"": 47.29393599, ""62"": 0.234809658, ""63"": 0.004238315, ""66"": 0.066159902, ""67"": 0.897093507, ""68"": 0.963253409, ""70"": 0.030433555, ""71"": 0.502372364, ""72"": 0.532805919, ""73"": 0.532805919, ""210"": 14.0, ""212"": 3.004932006, ""213"": 35.86849649}","{""23"": 2.0, ""24"": 5.0, ""39"": 2.5, ""40"": 1.66666667, ""41"": 18.0, ""42"": 89.0, ""43"": 2.0, ""47"": 17.0, ""48"": 8.0, ""49"": 3.0, ""50"": 2.0, ""51"": 1.0, ""53"": 18.0, ""54"": 2.0, ""58"": 22.0, ""59"": 80.0, ""60"": 4.94444444, ""61"": 29.66666667, ""155"": 1.0, ""156"": 2.0, ""158"": 12.0, ""183"": 2.0, ""210"": 3.0, ""212"": 2.0, ""213"": 4.0}",2026-09-30T21:46:22-04:00
Nico Collins,4258173,WR,HOU,QUESTIONABLE,173.20533863,17.7,238.97220032,190.7,38.49,98.79,25.0,23.0,"{""23"": 1.76933783, ""24"": 9.833078518, ""25"": 0.070998187, ""26"": 0.002773405, ""27"": 1.0, ""35"": 0.003248598, ""36"": 0.002274018, ""37"": 0.000231038, ""38"": 7.88e-06, ""39"": 5.557490691, ""40"": 0.728376187, ""42"": 965.0462118, ""43"": 6.454551451, ""44"": 0.260810608, ""45"": 0.235143378, ""46"": 0.153666197, ""47"": 193.0, ""48"": 96.0, ""49"": 48.0, ""50"": 38.0, ""51"": 19.0, ""53"": 74.38854754, ""56"": 3.047615656, ""57"": 0.094256154, ""58"": 108.3567447, ""60"": 12.97304819, ""61"": 71.48490458, ""62"": 0.263584013, ""63"": 0.004565595, ""66"": 0.024106856, ""67"": 1.013528323, ""68"": 1.037635179, ""70"": 0.011089154, ""71"": 0.567575861, ""72"": 0.578665015, ""73"": 0.578665015, ""210"": 13.5, ""212"": 2.198783738, ""213"": 45.26033914}","{""23"": 1.0, ""24"": 7.0, ""27"": 1.0, ""39"": 7.0, ""40"": 7.0, ""41"": 7.0, ""42"": 75.0, ""43"": 1.0, ""47"": 15.0, ""48"": 7.0, ""49"": 3.0, ""50"": 3.0, ""51"": 1.0, ""53"": 7.0, ""54"": 1.0, ""58"": 10.0, ""59"": 8.0, ""60"": 10.71428571, ""61"": 75.0, ""156"": 1.0, ""158"": 6.0, ""184"": 1.0, ""210"": 1.0, ""212"": 1.0, ""213"": 3.0}",2026-09-30T21:46:22-04:00
Jalen Hurts,4040715,QB,PHI,ACTIVE,303.77171265,63.1,410.10385663,348.3,62.17,98.74,62.0,73.0,"{""0"": 430.0622504, ""1"": 284.2593292, ""2"": 145.8029211, ""3"": 3252.103951, ""4"": 20.187664, ""5"": 650.0, ""6"": 325.0, ""7"": 162.0, ""8"": 130.0, ""9"": 65.0, ""10"": 32.0, ""11"": 56.0, ""12"": 28.0, ""15"": 2.573753978, ""16"": 1.681948225, ""17"": 2.385146808, ""18"": 0.322170795, ""19"": 0.893442324, ""20"": 9.944847517, ""21"": 0.66097252, ""22"": 232.2931393, ""23"": 84.81964989, ""24"": 377.3662829, ""25"": 6.58830246, ""26"": 0.219953248, ""27"": 75.0, ""28"": 37.0, ""29"": 18.0, ""30"": 15.0, ""31"": 7.0, ""33"": 16.0, ""34"": 8.0, ""35"": 0.164268477, ""36"": 0.114987934, ""37"": 0.444266203, ""38"": 0.0152, ""39"": 4.449043156, ""40"": 26.95473449, ""62"": 1.113395572, ""63"": 0.032096253, ""64"": 34.9945456, ""65"": 6.169394436, ""66"": 1.125208535, ""68"": 7.294602971, ""69"": 2.961309329, ""70"": 0.517595926, ""72"": 3.478905255, ""73"": 13.42375277, ""210"": 14.0, ""211"": 155.6073095, ""212"": 24.51289358}","{""0"": 87.0, ""1"": 56.0, ""2"": 31.0, ""3"": 620.0, ""4"": 5.0, ""5"": 122.0, ""6"": 61.0, ""7"": 30.0, ""8"": 24.0, ""9"": 12.0, ""10"": 5.0, ""11"": 10.0, ""12"": 4.0, ""13"": 5.0, ""14"": 2.0, ""15"": 1.0, ""20"": 3.0, ""21"": 0.64367816, ""22"": 206.66666667, ""23"": 16.0, ""24"": 87.0, ""25"": 1.0, ""27"": 17.0, ""28"": 7.0, ""29"": 3.0, ""30"": 2.0, ""33"": 2.0, ""39"": 5.4375, ""40"": 29.0, ""64"": 8.0, ""73"": 3.0, ""155"": 2.0, ""156"": 1.0, ""158"": 36.0, ""175"": 2.0, ""176"": 1.0, ""177"": 1.0, ""179"": 1.0, ""210"": 3.0, ""211"": 28.0, ""212"": 7.0}",2026-09-30T21:46:22-04:00
Jeremiyah Love,4870808,RB,ARI,ACTIVE,186.60744067,37.4,,,32.04,98.72,17.0,19.0,"{""23"": 218.7463132, ""24"": 923.5495332, ""25"": 6.412460626, ""26"": 0.264452503, ""27"": 184.0, ""28"": 92.0, ""29"": 46.0, ""30"": 36.0, ""31"": 18.0, ""33"": 43.0, ""34"": 21.0, ""35"": 0.459260438, ""36"": 0.321482306, ""37"": 2.68, ""38"": 0.0914, ""39"": 4.22201188, ""40"": 65.9678238, ""42"": 280.4892542, ""43"": 1.583470654, ""44"": 0.061633309, ""45"": 0.033214098, ""46"": 0.021705413, ""47"": 56.0, ""48"": 28.0, ""49"": 14.0, ""50"": 11.0, ""51"": 5.0, ""53"": 39.34966915, ""56"": 0.130254812, ""57"": 0.004028499, ""58"": 51.58120702, ""60"": 7.1281223, ""61"": 20.03494673, ""62"": 0.326085812, ""63"": 0.009716797, ""66"": 1.871672909, ""67"": 0.336690062, ""68"": 2.208362971, ""70"": 0.860969538, ""71"": 0.188546435, ""72"": 1.049515973, ""73"": 1.049515973, ""210"": 14.0, ""212"": 50.96032742, ""213"": 16.40456639}","{""23"": 41.0, ""24"": 160.0, ""25"": 1.0, ""27"": 31.0, ""28"": 15.0, ""29"": 7.0, ""30"": 5.0, ""31"": 1.0, ""33"": 7.0, ""34"": 3.0, ""39"": 3.90243902, ""40"": 53.33333333, ""41"": 10.0, ""42"": 44.0, ""43"": 1.0, ""47"": 7.0, ""48"": 2.0, ""53"": 10.0, ""54"": 1.0, ""58"": 12.0, ""59"": 31.0, ""60"": 4.4, ""61"": 14.66666667, ""155"": 1.0, ""156"": 2.0, ""158"": 12.0, ""179"": 1.0, ""183"": 1.0, ""210"": 3.0, ""212"": 6.0, ""213"": 2.0}",2026-09-30T21:46:22-04:00
Zay Flowers,4429615,WR,BAL,QUESTIONABLE,178.66197557,36.4,195.69998181,200.3,43.0,98.64,33.0,38.0,"{""23"": 8.253637946, ""24"": 50.44104794, ""25"": 0.392060615, ""26"": 0.011921013, ""27"": 10.0, ""28"": 5.0, ""29"": 2.0, ""30"": 2.0, ""31"": 1.0, ""33"": 1.0, ""35"": 0.015219039, ""36"": 0.010653328, ""37"": 0.007613746, ""38"": 0.000259828, ""39"": 6.111371528, ""40"": 3.602931996, ""42"": 1069.924791, ""43"": 5.096961712, ""44"": 0.241362139, ""45"": 0.509022883, ""46"": 0.332646454, ""47"": 213.0, ""48"": 106.0, ""49"": 53.0, ""50"": 42.0, ""51"": 21.0, ""53"": 69.75098403, ""56"": 3.831079251, ""57"": 0.118486987, ""58"": 96.78443077, ""60"": 15.33920712, ""61"": 76.42319934, ""62"": 0.253283152, ""63"": 0.006770354, ""66"": 0.16281101, ""67"": 1.375905781, ""68"": 1.538716791, ""70"": 0.074893065, ""71"": 0.770507237, ""72"": 0.845400302, ""73"": 0.845400302, ""210"": 14.0, ""212"": 4.203219361, ""213"": 46.54028575}","{""23"": 1.0, ""24"": 20.0, ""27"": 4.0, ""28"": 2.0, ""29"": 1.0, ""39"": 20.0, ""40"": 10.0, ""41"": 10.0, ""42"": 234.0, ""43"": 1.0, ""45"": 1.0, ""46"": 1.0, ""47"": 46.0, ""48"": 23.0, ""49"": 11.0, ""50"": 9.0, ""51"": 4.0, ""52"": 1.0, ""53"": 10.0, ""54"": 2.0, ""56"": 1.0, ""58"": 12.0, ""59"": 117.0, ""60"": 23.4, ""61"": 117.0, ""155"": 2.0, ""158"": 6.0, ""210"": 2.0, ""212"": 1.0, ""213"": 10.0}",2026-09-30T21:46:22-04:00
Kyren Williams,4430737,RB,LAR,ACTIVE,176.8143824,47.5,266.18214048,245.3,43.01,98.46,38.0,32.0,"{""23"": 177.4382214, ""24"": 809.9907202, ""25"": 7.954552902, ""26"": 0.341085005, ""27"": 161.0, ""28"": 80.0, ""29"": 40.0, ""30"": 32.0, ""31"": 16.0, ""33"": 35.0, ""34"": 17.0, ""35"": 0.363643255, ""36"": 0.254550279, ""37"": 2.061519269, ""38"": 0.0704, ""39"": 4.564916814, ""40"": 57.85648002, ""42"": 208.1751539, ""43"": 1.919995473, ""44"": 0.071583951, ""45"": 0.028389032, ""46"": 0.018552233, ""47"": 41.0, ""48"": 20.0, ""49"": 10.0, ""50"": 8.0, ""51"": 4.0, ""53"": 33.28399891, ""56"": 0.080169637, ""57"": 0.002479473, ""58"": 42.52726498, ""60"": 6.254511497, ""61"": 14.86965385, ""62"": 0.412668956, ""63"": 0.007938356, ""66"": 1.519199286, ""67"": 0.284972578, ""68"": 1.804171864, ""70"": 0.698831671, ""71"": 0.159584644, ""72"": 0.858416315, ""73"": 0.858416315, ""210"": 14.0, ""212"": 45.76601201, ""213"": 13.16547111}","{""23"": 38.0, ""24"": 214.0, ""25"": 1.0, ""27"": 42.0, ""28"": 20.0, ""29"": 10.0, ""30"": 7.0, ""31"": 2.0, ""33"": 7.0, ""34"": 3.0, ""39"": 5.63157895, ""40"": 71.33333333, ""41"": 11.0, ""42"": 106.0, ""43"": 1.0, ""47"": 20.0, ""48"": 10.0, ""49"": 4.0, ""50"": 2.0, ""51"": 1.0, ""53"": 11.0, ""54"": 1.0, ""58"": 12.0, ""59"": 54.0, ""60"": 9.63636364, ""61"": 35.33333333, ""65"": 1.0, ""66"": 1.0, ""68"": 1.0, ""69"": 1.0, ""70"": 1.0, ""72"": 1.0, ""73"": 1.0, ""155"": 1.0, ""156"": 2.0, ""158"": 12.0, ""179"": 1.0, ""184"": 1.0, ""210"": 3.0, ""212"": 10.0, ""213"": 6.0}",2026-09-30T21:46:22-04:00
Breece Hall,4427366,RB,NYJ,DOUBTFUL,192.67253047,37.5,203.48513676,191.5,43.08,98.35,22.0,30.0,"{""23"": 215.5637138, ""24"": 904.8440108, ""25"": 7.490386047, ""26"": 0.439716363, ""27"": 180.0, ""28"": 90.0, ""29"": 45.0, ""30"": 36.0, ""31"": 18.0, ""33"": 43.0, ""34"": 21.0, ""35"": 0.456099636, ""36"": 0.319269745, ""37"": 2.763981298, ""38"": 0.0943, ""39"": 4.19757108, ""40"": 69.60338545, ""42"": 304.4208589, ""43"": 1.448423771, ""44"": 0.103952559, ""45"": 0.076419149, ""46"": 0.049939914, ""47"": 60.0, ""48"": 30.0, ""49"": 15.0, ""50"": 12.0, ""51"": 6.0, ""53"": 38.49528157, ""56"": 0.168307974, ""57"": 0.005205401, ""58"": 44.21995975, ""60"": 7.908004473, ""61"": 23.41698914, ""62"": 0.543668923, ""63"": 0.01028712, ""66"": 1.983728471, ""67"": 0.354253435, ""68"": 2.337981906, ""70"": 0.912515097, ""71"": 0.198381924, ""72"": 1.11089702, ""73"": 1.11089702, ""210"": 13.0, ""212"": 50.81709002, ""213"": 16.88217032}","{""23"": 51.0, ""24"": 163.0, ""25"": 1.0, ""27"": 31.0, ""28"": 15.0, ""29"": 7.0, ""30"": 6.0, ""31"": 2.0, ""32"": 1.0, ""33"": 9.0, ""34"": 4.0, ""37"": 1.0, ""39"": 3.19607843, ""40"": 54.33333333, ""41"": 10.0, ""42"": 102.0, ""47"": 19.0, ""48"": 9.0, ""49"": 4.0, ""50"": 2.0, ""51"": 1.0, ""53"": 10.0, ""54"": 1.0, ""58"": 10.0, ""59"": 102.0, ""60"": 10.2, ""61"": 34.0, ""155"": 1.0, ""156"": 2.0, ""158"": 6.0, ""179"": 1.0, ""210"": 3.0, ""212"": 13.0, ""213"": 3.0}",2026-09-30T21:46:22-04:00
Malik Nabers,4595348,WR,NYG,ACTIVE,149.53683765,15.6,247.73603242,48.1,47.71,98.28,27.0,33.0,"{""42"": 880.8491865, ""43"": 4.939677959, ""44"": 0.214894895, ""45"": 0.151961081, ""46"": 0.099306567, ""47"": 176.0, ""48"": 88.0, ""49"": 44.0, ""50"": 35.0, ""51"": 17.0, ""53"": 64.95240124, ""56"": 2.449512407, ""57"": 0.075758116, ""58"": 110.5127351, ""60"": 13.56145685, ""61"": 62.91779903, ""62"": 0.214894895, ""63"": 0.004290547, ""67"": 0.975124258, ""68"": 0.975124258, ""71"": 0.546069584, ""72"": 0.546069584, ""73"": 0.546069584, ""210"": 14.0, ""213"": 40.16825111}","{""41"": 12.0, ""42"": 96.0, ""47"": 18.0, ""48"": 8.0, ""49"": 4.0, ""50"": 3.0, ""51"": 1.0, ""53"": 12.0, ""54"": 2.0, ""58"": 19.0, ""59"": 35.0, ""60"": 8.0, ""61"": 32.0, ""155"": 2.0, ""156"": 1.0, ""210"": 3.0, ""213"": 5.0}",2026-09-30T21:46:22-04:00
Seahawks D/ST,-16026,D/ST,SEA,,101.71515092,22.0,124.48090382,170.0,83.76,98.1,228.0,238.0,"{""89"": 0.240412536, ""90"": 1.086412336, ""91"": 3.588665265, ""92"": 2.971863422, ""93"": 0.102, ""94"": 1.319729533, ""95"": 11.06008299, ""96"": 5.673861108, ""97"": 1.5, ""98"": 0.208, ""99"": 34.07364204, ""100"": 68.14728408, ""101"": 0.393194691, ""102"": 0.355320715, ""103"": 0.896835481, ""104"": 0.423, ""105"": 2.169790477, ""106"": 8.729017089, ""109"": 895.2156126, ""110"": 298.0, ""111"": 179.0, ""112"": 42.25822963, ""113"": 66.71392518, ""114"": 1287.966865, ""115"": 302.629522, ""116"": 128.0, ""117"": 51.0, ""118"": 30.0, ""119"": 12.0, ""120"": 304.267266, ""121"": 2.032642435, ""122"": 2.446180034, ""123"": 1.310703915, ""124"": 0.301391809, ""125"": 0.021728247, ""126"": 21.73337614, ""127"": 4578.866829, ""129"": 0.666499624, ""130"": 5.191681283, ""131"": 3.753445252, ""132"": 2.876472062, ""133"": 1.227762466, ""134"": 0.210473566, ""135"": 0.070157855, ""136"": 0.003507893, ""137"": 327.0619164, ""210"": 17.0}","{""89"": 0.0, ""90"": 0.0, ""91"": 2.0, ""92"": 0.0, ""95"": 4.0, ""99"": 7.0, ""100"": 14.0, ""107"": 85.0, ""108"": 108.0, ""109"": 193.0, ""110"": 63.0, ""111"": 37.0, ""112"": 17.0, ""113"": 13.0, ""114"": 219.0, ""115"": 67.0, ""116"": 21.0, ""117"": 7.0, ""118"": 4.0, ""119"": 2.0, ""120"": 44.0, ""121"": 0.0, ""122"": 1.0, ""123"": 0.0, ""124"": 0.0, ""127"": 686.0, ""128"": 0.0, ""129"": 1.0, ""130"": 2.0, ""131"": 0.0, ""132"": 0.0, ""133"": 0.0, ""134"": 0.0, ""135"": 0.0, ""136"": 0.0, ""155"": 2.0, ""156"": 1.0, ""187"": 44.0, ""188"": 0.0, ""189"": 0.0, ""190"": 2.0, ""191"": 0.0, ""192"": 0.0, ""193"": 1.0, ""194"": 0.0, ""195"": 0.0, ""210"": 3.0}",2026-09-30T21:46:22-04:00
Cam Skattebo,4696981,RB,NYG,ACTIVE,182.38935273,33.1,125.3165847,115.7,54.25,98.05,40.0,46.0,"{""23"": 228.4860942, ""24"": 932.6633277, ""25"": 6.795671883, ""26"": 0.241926485, ""27"": 186.0, ""28"": 93.0, ""29"": 46.0, ""30"": 37.0, ""31"": 18.0, ""33"": 45.0, ""34"": 22.0, ""35"": 0.482383062, ""36"": 0.337668144, ""37"": 2.730189432, ""38"": 0.0932, ""39"": 4.081925995, ""40"": 66.61880912, ""42"": 273.3546113, ""43"": 0.884881426, ""44"": 0.038517744, ""45"": 0.041498264, ""46"": 0.027119116, ""47"": 54.0, ""48"": 27.0, ""49"": 13.0, ""50"": 10.0, ""51"": 5.0, ""53"": 34.40494313, ""56"": 0.123916554, ""57"": 0.003832471, ""58"": 46.75538791, ""60"": 7.945213285, ""61"": 19.52532938, ""62"": 0.280444229, ""63"": 0.009575543, ""66"": 1.891449383, ""67"": 0.284810368, ""68"": 2.176259751, ""70"": 0.870066716, ""71"": 0.159493806, ""72"": 1.029560522, ""73"": 1.029560522, ""210"": 14.0, ""212"": 52.14546506, ""213"": 14.79509078}","{""23"": 50.0, ""24"": 177.0, ""25"": 1.0, ""27"": 35.0, ""28"": 17.0, ""29"": 8.0, ""30"": 6.0, ""31"": 2.0, ""33"": 9.0, ""34"": 4.0, ""39"": 3.54, ""40"": 59.0, ""41"": 7.0, ""42"": 59.0, ""47"": 11.0, ""48"": 5.0, ""49"": 2.0, ""50"": 1.0, ""53"": 7.0, ""58"": 8.0, ""59"": 33.0, ""60"": 8.42857143, ""61"": 19.66666667, ""65"": 2.0, ""66"": 2.0, ""67"": 1.0, ""68"": 3.0, ""155"": 2.0, ""156"": 1.0, ""158"": 6.0, ""179"": 1.0, ""210"": 3.0, ""212"": 10.0, ""213"": 2.0}",2026-09-30T21:46:22-04:00
Tetairoa McMillan,4685472,WR,CAR,ACTIVE,159.49341628,23.3,193.80734206,176.4,53.63,97.95,35.0,36.0,"{""42"": 937.9104856, ""43"": 6.053891563, ""44"": 0.265615272, ""45"": 0.220858511, ""46"": 0.144331037, ""47"": 187.0, ""48"": 93.0, ""49"": 46.0, ""50"": 37.0, ""51"": 18.0, ""53"": 60.01403386, ""56"": 2.850785546, ""57"": 0.088168625, ""58"": 107.0444235, ""60"": 15.62818603, ""61"": 66.99360611, ""62"": 0.265615272, ""63"": 0.004554114, ""67"": 1.035026011, ""68"": 1.035026011, ""71"": 0.579614566, ""72"": 0.579614566, ""73"": 0.579614566, ""210"": 14.0, ""213"": 41.07178049}","{""41"": 12.0, ""42"": 193.0, ""47"": 38.0, ""48"": 18.0, ""49"": 8.0, ""50"": 7.0, ""51"": 3.0, ""52"": 1.0, ""53"": 12.0, ""54"": 2.0, ""56"": 1.0, ""58"": 23.0, ""59"": 39.0, ""60"": 16.08333333, ""61"": 64.33333333, ""67"": 1.0, ""68"": 1.0, ""71"": 1.0, ""72"": 1.0, ""73"": 1.0, ""155"": 1.0, ""156"": 2.0, ""210"": 3.0, ""213"": 9.0}",2026-09-30T21:46:22-04:00
Joe Burrow,3915511,QB,CIN,ACTIVE,321.28127888,64.6,399.26230302,167.9,57.93,97.09,81.0,70.0,"{""0"": 501.2454961, ""1"": 348.9189596, ""2"": 152.3265366, ""3"": 3601.433765, ""4"": 28.779932, ""5"": 720.0, ""6"": 360.0, ""7"": 180.0, ""8"": 144.0, ""9"": 72.0, ""10"": 36.0, ""11"": 69.0, ""12"": 34.0, ""15"": 3.107863965, ""16"": 2.030989101, ""17"": 3.494659914, ""18"": 0.472036924, ""19"": 0.96182216, ""20"": 8.097314509, ""21"": 0.69610393, ""22"": 257.245269, ""23"": 43.19507242, ""24"": 164.9027619, ""25"": 1.203633191, ""26"": 0.067856605, ""27"": 32.0, ""28"": 16.0, ""29"": 8.0, ""30"": 6.0, ""31"": 3.0, ""33"": 8.0, ""34"": 4.0, ""35"": 0.081476994, ""36"": 0.057033896, ""37"": 0.084131495, ""38"": 0.00287, ""39"": 3.817629018, ""40"": 11.77876871, ""62"": 1.029678765, ""63"": 0.022873672, ""64"": 34.96348692, ""65"": 4.811004466, ""66"": 0.387557264, ""68"": 5.19856173, ""69"": 2.309282144, ""70"": 0.178276341, ""72"": 2.487558485, ""73"": 10.58487299, ""210"": 14.0, ""211"": 184.2831116, ""212"": 10.7958882}","{""0"": 103.0, ""1"": 73.0, ""2"": 30.0, ""3"": 743.0, ""4"": 6.0, ""5"": 147.0, ""6"": 73.0, ""7"": 36.0, ""8"": 29.0, ""9"": 14.0, ""10"": 6.0, ""11"": 14.0, ""12"": 6.0, ""13"": 5.0, ""14"": 2.0, ""20"": 1.0, ""21"": 0.70873786, ""22"": 247.66666667, ""23"": 8.0, ""24"": 32.0, ""27"": 6.0, ""28"": 3.0, ""29"": 1.0, ""33"": 1.0, ""39"": 4.0, ""40"": 10.66666667, ""64"": 7.0, ""68"": 1.0, ""72"": 1.0, ""73"": 2.0, ""155"": 2.0, ""156"": 1.0, ""158"": 36.0, ""175"": 2.0, ""176"": 1.0, ""177"": 2.0, ""178"": 1.0, ""210"": 3.0, ""211"": 37.0, ""212"": 5.0}",2026-09-30T21:46:22-04:00
Emeka Egbuka,4567750,WR,TB,ACTIVE,133.17734461,26.3,147.22816194,164.2,61.59,97.04,34.0,39.0,"{""23"": 1.848149507, ""24"": 9.787242894, ""25"": 0.07044205, ""26"": 0.002510083, ""27"": 1.0, ""35"": 0.003393474, ""36"": 0.002375432, ""37"": 0.00022844, ""38"": 7.79579e-06, ""39"": 5.295698675, ""40"": 0.699088778, ""42"": 811.8754446, ""43"": 4.101285247, ""44"": 0.178561724, ""45"": 0.189404067, ""46"": 0.123775558, ""47"": 162.0, ""48"": 81.0, ""49"": 40.0, ""50"": 32.0, ""51"": 16.0, ""53"": 53.01821755, ""56"": 1.995859678, ""57"": 0.061727619, ""58"": 96.3538756, ""60"": 15.31314107, ""61"": 57.99110318, ""62"": 0.181071807, ""63"": 0.003519723, ""66"": 0.026945526, ""67"": 0.772991454, ""68"": 0.79993698, ""70"": 0.012394942, ""71"": 0.432875214, ""72"": 0.445270156, ""73"": 0.445270156, ""210"": 14.0, ""212"": 2.201609543, ""213"": 35.20319998}","{""23"": 1.0, ""24"": -3.0, ""39"": -3.0, ""40"": -1.0, ""41"": 13.0, ""42"": 141.0, ""43"": 1.0, ""47"": 27.0, ""48"": 13.0, ""49"": 6.0, ""50"": 4.0, ""51"": 2.0, ""53"": 13.0, ""54"": 2.0, ""58"": 20.0, ""59"": 40.0, ""60"": 10.84615385, ""61"": 47.0, ""156"": 3.0, ""158"": 6.0, ""183"": 1.0, ""210"": 3.0, ""213"": 6.0}",2026-09-30T21:46:22-04:00
Tee Higgins,4239993,WR,CIN,ACTIVE,159.92087563,37.4,218.19342804,182.1,58.36,96.75,46.0,42.0,"{""42"": 892.388222, ""43"": 6.430700191, ""44"": 0.214906568, ""45"": 0.217564038, ""46"": 0.142178099, ""47"": 178.0, ""48"": 89.0, ""49"": 44.0, ""50"": 35.0, ""51"": 17.0, ""53"": 64.90808671, ""56"": 2.528394584, ""57"": 0.078197771, ""58"": 102.2821299, ""60"": 13.74849063, ""61"": 63.74201586, ""62"": 0.214906568, ""63"": 0.003087874, ""67"": 0.701789467, ""68"": 0.701789467, ""71"": 0.393002102, ""72"": 0.393002102, ""73"": 0.393002102, ""210"": 14.0, ""213"": 41.08605395}","{""41"": 14.0, ""42"": 244.0, ""43"": 1.0, ""47"": 48.0, ""48"": 23.0, ""49"": 10.0, ""50"": 8.0, ""51"": 3.0, ""53"": 14.0, ""54"": 2.0, ""58"": 23.0, ""59"": 66.0, ""60"": 17.42857143, ""61"": 81.33333333, ""155"": 2.0, ""156"": 1.0, ""158"": 6.0, ""185"": 1.0, ""210"": 3.0, ""213"": 12.0}",2026-09-30T21:46:22-04:00
Bucky Irving,4596448,RB,TB,QUESTIONABLE,206.45445923,34.6,256.67317617,123.5,61.7,96.73,41.0,50.0,"{""23"": 257.1520799, ""24"": 1156.500091, ""25"": 6.18353114, ""26"": 0.220338218, ""27"": 231.0, ""28"": 115.0, ""29"": 57.0, ""30"": 46.0, ""31"": 23.0, ""33"": 51.0, ""34"": 25.0, ""35"": 0.551810982, ""36"": 0.386267688, ""37"": 4.19309948, ""38"": 0.143, ""39"": 4.497339052, ""40"": 82.60714938, ""42"": 274.5581839, ""43"": 1.427465706, ""44"": 0.062190803, ""45"": 0.044253488, ""46"": 0.028919655, ""47"": 54.0, ""48"": 27.0, ""49"": 13.0, ""50"": 10.0, ""51"": 5.0, ""53"": 38.23294118, ""56"": 0.124842048, ""57"": 0.003861094, ""58"": 46.08228833, ""60"": 7.181194422, ""61"": 19.61129885, ""62"": 0.28252902, ""63"": 0.009298219, ""66"": 1.839707018, ""67"": 0.273524563, ""68"": 2.113231581, ""70"": 0.846265228, ""71"": 0.153173755, ""72"": 0.999438983, ""73"": 0.999438983, ""210"": 14.0, ""212"": 60.98858305, ""213"": 15.92267875}","{""23"": 40.0, ""24"": 180.0, ""25"": 1.0, ""27"": 35.0, ""28"": 16.0, ""29"": 8.0, ""30"": 5.0, ""31"": 1.0, ""33"": 7.0, ""34"": 2.0, ""39"": 4.5, ""40"": 60.0, ""41"": 13.0, ""42"": 61.0, ""47"": 11.0, ""48"": 5.0, ""49"": 2.0, ""50"": 1.0, ""53"": 13.0, ""54"": 1.0, ""58"": 15.0, ""59"": 98.0, ""60"": 4.69230769, ""61"": 20.33333333, ""67"": 1.0, ""68"": 1.0, ""71"": 1.0, ""72"": 1.0, ""73"": 1.0, ""156"": 3.0, ""158"": 6.0, ""180"": 1.0, ""210"": 3.0, ""212"": 7.0, ""213"": 3.0}",2026-09-30T21:46:22-04:00
Ladd McConkey,4612826,WR,LAC,QUESTIONABLE,125.3738955,30.3,197.10619382,147.9,67.12,96.62,47.0,41.0,"{""42"": 725.3449285, ""43"": 3.623629417, ""44"": 0.155393788, ""45"": 0.15083687, ""46"": 0.098571895, ""47"": 145.0, ""48"": 72.0, ""49"": 36.0, ""50"": 29.0, ""51"": 14.0, ""53"": 63.40034416, ""56"": 1.485445584, ""57"": 0.045941616, ""58"": 91.23370222, ""60"": 11.44070964, ""61"": 51.81035204, ""62"": 0.155393788, ""63"": 0.003588096, ""67"": 0.815476345, ""68"": 0.815476345, ""71"": 0.456666753, ""72"": 0.456666753, ""73"": 0.456666753, ""210"": 14.0, ""213"": 34.9881358}","{""41"": 12.0, ""42"": 183.0, ""43"": 1.0, ""47"": 36.0, ""48"": 17.0, ""49"": 8.0, ""50"": 6.0, ""51"": 2.0, ""53"": 12.0, ""54"": 1.0, ""58"": 15.0, ""59"": 23.0, ""60"": 15.25, ""61"": 61.0, ""156"": 3.0, ""158"": 6.0, ""183"": 1.0, ""210"": 3.0, ""213"": 10.0}",2026-09-30T21:46:22-04:00
George Kittle,3040151,TE,SF,ACTIVE,163.14521064,41.4,186.44474921,133.0,63.14,96.55,122.0,79.0,"{""42"": 888.893658, ""43"": 6.542626901, ""44"": 0.264319533, ""45"": 0.312919238, ""46"": 0.204492722, ""47"": 177.0, ""48"": 88.0, ""49"": 44.0, ""50"": 35.0, ""51"": 17.0, ""53"": 70.29609115, ""56"": 2.50441931, ""57"": 0.077456267, ""58"": 92.54615315, ""60"": 12.6449941, ""61"": 63.49240414, ""62"": 0.264319533, ""63"": 0.002658076, ""67"": 0.604108225, ""68"": 0.604108225, ""71"": 0.338300606, ""72"": 0.338300606, ""73"": 0.338300606, ""210"": 14.0, ""213"": 42.26356004}","{""41"": 12.0, ""42"": 174.0, ""43"": 3.0, ""47"": 34.0, ""48"": 17.0, ""49"": 8.0, ""50"": 6.0, ""51"": 2.0, ""53"": 12.0, ""54"": 1.0, ""58"": 16.0, ""59"": 77.0, ""60"": 14.5, ""61"": 58.0, ""108"": 1.0, ""109"": 1.0, ""155"": 3.0, ""158"": 18.0, ""184"": 2.0, ""185"": 1.0, ""210"": 3.0, ""213"": 9.0}",2026-09-30T21:46:22-04:00
D'Andre Swift,4259545,RB,CHI,ACTIVE,182.76012422,52.1,208.12285555,211.6,58.83,96.45,42.0,47.0,"{""23"": 204.8984544, ""24"": 894.6534447, ""25"": 7.303363021, ""26"": 0.251110122, ""27"": 178.0, ""28"": 89.0, ""29"": 44.0, ""30"": 35.0, ""31"": 17.0, ""33"": 40.0, ""34"": 20.0, ""35"": 0.426733878, ""36"": 0.298713715, ""37"": 2.511599464, ""38"": 0.0857, ""39"": 4.366325981, ""40"": 63.90381748, ""42"": 281.5881252, ""43"": 0.933514248, ""44"": 0.040874164, ""45"": 0.069286513, ""46"": 0.045278736, ""47"": 56.0, ""48"": 28.0, ""49"": 14.0, ""50"": 11.0, ""51"": 5.0, ""53"": 33.92804069, ""56"": 0.131210093, ""57"": 0.004058044, ""58"": 42.55533907, ""60"": 8.299569307, ""61"": 20.11343751, ""62"": 0.291984287, ""63"": 0.00850522, ""66"": 1.65839912, ""67"": 0.274605453, ""68"": 1.933004573, ""70"": 0.762863595, ""71"": 0.153779054, ""72"": 0.916642649, ""73"": 0.916642649, ""210"": 14.0, ""212"": 49.8075095, ""213"": 14.93332373}","{""23"": 54.0, ""24"": 253.0, ""25"": 3.0, ""27"": 49.0, ""28"": 24.0, ""29"": 12.0, ""30"": 8.0, ""31"": 3.0, ""32"": 1.0, ""33"": 10.0, ""34"": 4.0, ""37"": 1.0, ""39"": 4.68518519, ""40"": 84.33333333, ""41"": 8.0, ""42"": 68.0, ""47"": 12.0, ""48"": 6.0, ""49"": 2.0, ""50"": 2.0, ""51"": 1.0, ""53"": 8.0, ""54"": 1.0, ""58"": 10.0, ""59"": 80.0, ""60"": 8.5, ""61"": 22.66666667, ""65"": 1.0, ""66"": 1.0, ""68"": 1.0, ""69"": 1.0, ""70"": 1.0, ""72"": 1.0, ""73"": 1.0, ""155"": 2.0, ""156"": 1.0, ""158"": 18.0, ""179"": 2.0, ""181"": 1.0, ""210"": 3.0, ""212"": 9.0, ""213"": 4.0}",2026-09-30T21:46:22-04:00
Brock Purdy,4361741,QB,SF,ACTIVE,321.59395214,98.7,355.69215218,216.7,74.96,96.26,99.0,118.0,"{""0"": 458.6176844, ""1"": 310.5817035, ""2"": 148.035981, ""3"": 3729.840863, ""4"": 25.018662, ""5"": 745.0, ""6"": 372.0, ""7"": 186.0, ""8"": 149.0, ""9"": 74.0, ""10"": 37.0, ""11"": 62.0, ""12"": 31.0, ""15"": 3.316835128, ""16"": 2.167551756, ""17"": 4.002715853, ""18"": 0.54066196, ""19"": 1.010682911, ""20"": 10.91054606, ""21"": 0.677212663, ""22"": 266.4172045, ""23"": 56.8011274, ""24"": 283.2646558, ""25"": 3.336543629, ""26"": 0.124959582, ""27"": 56.0, ""28"": 28.0, ""29"": 14.0, ""30"": 11.0, ""31"": 5.0, ""33"": 11.0, ""34"": 5.0, ""35"": 0.108076962, ""36"": 0.075653874, ""37"": 0.249689693, ""38"": 0.00852, ""39"": 4.986954815, ""40"": 20.2331897, ""62"": 1.135642493, ""63"": 0.029065766, ""64"": 26.77666893, ""65"": 5.913817507, ""66"": 0.692038338, ""68"": 6.605855845, ""69"": 2.838632403, ""70"": 0.318337636, ""72"": 3.156970039, ""73"": 14.0675161, ""210"": 14.0, ""211"": 175.7101927, ""212"": 17.20911528}","{""0"": 83.0, ""1"": 60.0, ""2"": 23.0, ""3"": 789.0, ""4"": 9.0, ""5"": 157.0, ""6"": 77.0, ""7"": 38.0, ""8"": 30.0, ""9"": 14.0, ""10"": 6.0, ""11"": 12.0, ""12"": 5.0, ""13"": 3.0, ""14"": 1.0, ""15"": 1.0, ""16"": 1.0, ""20"": 1.0, ""21"": 0.72289157, ""22"": 263.0, ""23"": 10.0, ""24"": 93.0, ""25"": 1.0, ""27"": 17.0, ""28"": 8.0, ""29"": 3.0, ""30"": 3.0, ""33"": 1.0, ""39"": 9.3, ""40"": 31.0, ""73"": 1.0, ""155"": 3.0, ""158"": 60.0, ""175"": 2.0, ""176"": 3.0, ""177"": 2.0, ""178"": 1.0, ""179"": 1.0, ""210"": 3.0, ""211"": 42.0, ""212"": 8.0}",2026-09-30T21:46:22-04:00
Sam LaPorta,4430027,TE,DET,ACTIVE,127.26820161,27.4,154.45432043,86.9,83.77,96.03,80.0,89.0,"{""42"": 619.8077699, ""43"": 5.761625677, ""44"": 0.235914485, ""45"": 0.124843001, ""46"": 0.081584901, ""47"": 123.0, ""48"": 61.0, ""49"": 30.0, ""50"": 24.0, ""51"": 12.0, ""53"": 61.67427799, ""56"": 0.969169596, ""57"": 0.029974317, ""58"": 81.52707735, ""60"": 10.04969641, ""61"": 44.27198357, ""62"": 0.235914485, ""63"": 0.002322954, ""67"": 0.527944115, ""68"": 0.527944115, ""71"": 0.295648704, ""72"": 0.295648704, ""73"": 0.295648704, ""210"": 14.0, ""213"": 32.5586675}","{""41"": 14.0, ""42"": 144.0, ""43"": 1.0, ""47"": 27.0, ""48"": 13.0, ""49"": 6.0, ""50"": 4.0, ""51"": 1.0, ""53"": 14.0, ""54"": 2.0, ""58"": 19.0, ""59"": 74.0, ""60"": 10.28571429, ""61"": 48.0, ""155"": 2.0, ""156"": 1.0, ""158"": 6.0, ""183"": 1.0, ""210"": 3.0, ""213"": 7.0}",2026-09-30T21:46:22-04:00
Patrick Mahomes,3139477,QB,KC,ACTIVE,310.11588765,80.3,385.66427397,328.1,72.21,95.58,113.0,131.0,"{""0"": 455.2513875, ""1"": 302.5182766, ""2"": 152.733111, ""3"": 3427.960494, ""4"": 25.67544, ""5"": 685.0, ""6"": 342.0, ""7"": 171.0, ""8"": 137.0, ""9"": 68.0, ""10"": 34.0, ""11"": 60.0, ""12"": 30.0, ""15"": 2.836049704, ""16"": 1.853358481, ""17"": 2.893991517, ""18"": 0.390902373, ""19"": 1.020515266, ""20"": 9.876817451, ""21"": 0.664508192, ""22"": 244.854321, ""23"": 51.7689137, ""24"": 273.4383989, ""25"": 2.392202228, ""26"": 0.091958688, ""27"": 54.0, ""28"": 27.0, ""29"": 13.0, ""30"": 10.0, ""31"": 5.0, ""33"": 10.0, ""34"": 5.0, ""35"": 0.098186557, ""36"": 0.06873059, ""37"": 0.232436277, ""38"": 0.007932158, ""39"": 5.281903354, ""40"": 19.53131421, ""62"": 1.112473954, ""63"": 0.023492976, ""64"": 29.13615854, ""65"": 4.823772151, ""66"": 0.515540596, ""68"": 5.339312747, ""69"": 2.315410633, ""70"": 0.237148674, ""72"": 2.552559307, ""73"": 12.42937676, ""210"": 14.0, ""211"": 166.8085117, ""212"": 15.8675973}","{""0"": 98.0, ""1"": 67.0, ""2"": 31.0, ""3"": 812.0, ""4"": 7.0, ""5"": 161.0, ""6"": 80.0, ""7"": 40.0, ""8"": 31.0, ""9"": 14.0, ""10"": 6.0, ""11"": 13.0, ""12"": 6.0, ""13"": 5.0, ""14"": 2.0, ""17"": 1.0, ""20"": 2.0, ""21"": 0.68367347, ""22"": 270.66666667, ""23"": 10.0, ""24"": 41.0, ""25"": 1.0, ""27"": 7.0, ""28"": 3.0, ""29"": 1.0, ""33"": 1.0, ""39"": 4.1, ""40"": 13.66666667, ""64"": 4.0, ""65"": 1.0, ""73"": 2.0, ""155"": 3.0, ""158"": 48.0, ""175"": 4.0, ""176"": 3.0, ""180"": 1.0, ""210"": 3.0, ""211"": 37.0, ""212"": 3.0}",2026-09-30T21:46:22-04:00
A.J. Brown,4047646,WR,NE,INJURY_RESERVE,115.05730864,4.1,230.0135046,181.3,42.0,95.58,26.0,20.0,"{""42"": 690.0023268, ""43"": 3.55954917, ""44"": 0.143631551, ""45"": 0.220937838, ""46"": 0.144382877, ""47"": 138.0, ""48"": 69.0, ""49"": 34.0, ""50"": 27.0, ""51"": 13.0, ""53"": 50.15590418, ""56"": 2.182181515, ""57"": 0.06749015, ""58"": 72.11284665, ""60"": 13.75715059, ""61"": 69.00023268, ""62"": 0.143631551, ""63"": 0.00261, ""67"": 0.594137727, ""68"": 0.594137727, ""71"": 0.332717127, ""72"": 0.332717127, ""73"": 0.332717127, ""210"": 10.0, ""213"": 31.23899749}","{""41"": 3.0, ""42"": 26.0, ""47"": 5.0, ""48"": 2.0, ""49"": 1.0, ""50"": 1.0, ""53"": 3.0, ""58"": 4.0, ""59"": 14.0, ""60"": 8.66666667, ""61"": 26.0, ""156"": 1.0, ""210"": 1.0, ""213"": 2.0}",2026-09-30T21:46:22-04:00
DJ Moore,3915416,WR,BUF,QUESTIONABLE,154.46373135,28.1,193.90035426,147.1,78.73,95.18,53.0,52.0,"{""23"": 5.854217324, ""24"": 30.22858722, ""25"": 0.315567459, ""26"": 0.010603489, ""27"": 6.0, ""28"": 3.0, ""29"": 1.0, ""30"": 1.0, ""33"": 1.0, ""35"": 0.0107777, ""36"": 0.00754439, ""37"": 0.002647634, ""38"": 9.04e-05, ""39"": 5.163557406, ""40"": 2.159184801, ""42"": 876.4001471, ""43"": 5.301212059, ""44"": 0.312820838, ""45"": 0.287099924, ""46"": 0.1876198, ""47"": 175.0, ""48"": 87.0, ""49"": 43.0, ""50"": 35.0, ""51"": 17.0, ""53"": 61.00281444, ""56"": 2.418360032, ""57"": 0.07479464, ""58"": 93.49507729, ""60"": 14.36655268, ""61"": 62.60001051, ""62"": 0.323424327, ""63"": 0.004182842, ""66"": 0.083241619, ""67"": 0.867404263, ""68"": 0.950645882, ""70"": 0.038291145, ""71"": 0.485746387, ""72"": 0.524037532, ""73"": 0.524037532, ""210"": 14.0, ""212"": 3.317940913, ""213"": 39.29315991}","{""23"": 1.0, ""24"": -1.0, ""39"": -1.0, ""40"": -0.33333333, ""41"": 11.0, ""42"": 167.0, ""43"": 1.0, ""45"": 1.0, ""47"": 33.0, ""48"": 16.0, ""49"": 8.0, ""50"": 6.0, ""51"": 3.0, ""52"": 1.0, ""53"": 11.0, ""54"": 2.0, ""56"": 1.0, ""58"": 18.0, ""59"": 47.0, ""60"": 15.18181818, ""61"": 55.66666667, ""108"": 1.0, ""109"": 1.0, ""155"": 3.0, ""158"": 6.0, ""210"": 3.0, ""213"": 8.0}",2026-09-30T21:46:22-04:00
David Montgomery,4035538,RB,HOU,ACTIVE,162.48397775,36.6,195.331667,156.8,84.15,94.98,65.0,60.0,"{""23"": 201.7045126, ""24"": 849.9467001, ""25"": 7.369845751, ""26"": 0.287888528, ""27"": 169.0, ""28"": 84.0, ""29"": 42.0, ""30"": 33.0, ""31"": 16.0, ""33"": 40.0, ""34"": 20.0, ""35"": 0.419287622, ""36"": 0.293501335, ""37"": 2.26427511, ""38"": 0.077271022, ""39"": 4.213820947, ""40"": 60.71047858, ""42"": 180.1276971, ""43"": 0.626095371, ""44"": 0.025301068, ""45"": 0.042890911, ""46"": 0.028029211, ""47"": 36.0, ""48"": 18.0, ""49"": 9.0, ""50"": 7.0, ""51"": 3.0, ""53"": 25.47177772, ""56"": 0.06734329, ""57"": 0.002082782, ""58"": 30.42856844, ""60"": 7.071657859, ""61"": 12.86626408, ""62"": 0.313189596, ""63"": 0.008690411, ""66"": 1.753639209, ""67"": 0.221454184, ""68"": 1.975093393, ""70"": 0.806674036, ""71"": 0.124014343, ""72"": 0.930688379, ""73"": 0.930688379, ""210"": 14.0, ""212"": 48.15349281, ""213"": 10.08227351}","{""23"": 37.0, ""24"": 103.0, ""25"": 2.0, ""27"": 20.0, ""28"": 10.0, ""29"": 4.0, ""30"": 3.0, ""31"": 1.0, ""33"": 7.0, ""34"": 3.0, ""39"": 2.78378378, ""40"": 34.33333333, ""41"": 7.0, ""42"": 48.0, ""43"": 1.0, ""47"": 8.0, ""48"": 3.0, ""53"": 7.0, ""58"": 7.0, ""59"": 23.0, ""60"": 6.85714286, ""61"": 16.0, ""156"": 3.0, ""158"": 18.0, ""179"": 1.0, ""180"": 1.0, ""183"": 1.0, ""210"": 3.0, ""212"": 5.0, ""213"": 2.0}",2026-09-30T21:46:22-04:00
Jaylen Waddle,4372016,WR,DEN,ACTIVE,135.80191974,23.9,182.71120484,162.0,74.44,94.96,52.0,49.0,"{""23"": 1.75951751, ""24"": 10.15203522, ""25"": 0.056480958, ""26"": 0.003752246, ""27"": 2.0, ""28"": 1.0, ""35"": 0.003230547, ""36"": 0.002261383, ""37"": 0.000248744, ""38"": 8.49e-06, ""39"": 5.76978357, ""40"": 0.752002609, ""42"": 840.5252588, ""43"": 3.200998476, ""44"": 0.210574692, ""45"": 0.194457368, ""46"": 0.12707789, ""47"": 168.0, ""48"": 84.0, ""49"": 42.0, ""50"": 33.0, ""51"": 16.0, ""53"": 63.73100946, ""56"": 2.178803613, ""57"": 0.067385679, ""58"": 99.25399331, ""60"": 13.18863872, ""61"": 62.26113028, ""62"": 0.214326938, ""63"": 0.004361386, ""66"": 0.02663097, ""67"": 0.9645932, ""68"": 0.99122417, ""70"": 0.012250246, ""71"": 0.540172192, ""72"": 0.552422438, ""73"": 0.552422438, ""210"": 13.5, ""212"": 2.198134176, ""213"": 38.06690672}","{""23"": 1.0, ""24"": 14.0, ""27"": 2.0, ""28"": 1.0, ""39"": 14.0, ""40"": 4.66666667, ""41"": 11.0, ""42"": 150.0, ""44"": 1.0, ""47"": 29.0, ""48"": 14.0, ""49"": 6.0, ""50"": 5.0, ""51"": 2.0, ""52"": 1.0, ""53"": 11.0, ""54"": 1.0, ""56"": 1.0, ""58"": 20.0, ""59"": 38.0, ""60"": 13.63636364, ""61"": 50.0, ""155"": 2.0, ""156"": 1.0, ""158"": 2.0, ""210"": 3.0, ""212"": 1.0, ""213"": 7.0}",2026-09-30T21:46:22-04:00
Travis Kelce,15847,TE,KC,ACTIVE,133.52148445,42.1,142.73861321,155.2,78.06,94.94,125.0,122.0,"{""42"": 736.9012102, ""43"": 4.816587122, ""44"": 0.191436636, ""45"": 0.201768035, ""46"": 0.131855411, ""47"": 147.0, ""48"": 73.0, ""49"": 36.0, ""50"": 29.0, ""51"": 14.0, ""53"": 62.84196784, ""56"": 1.54861889, ""57"": 0.04789543, ""58"": 86.20493699, ""60"": 11.72625931, ""61"": 52.63580073, ""62"": 0.191436636, ""63"": 0.003425779, ""67"": 0.778586155, ""68"": 0.778586155, ""71"": 0.436008247, ""72"": 0.436008247, ""73"": 0.436008247, ""210"": 14.0, ""213"": 35.66735936}","{""41"": 14.0, ""42"": 231.0, ""43"": 2.0, ""47"": 45.0, ""48"": 22.0, ""49"": 10.0, ""50"": 8.0, ""51"": 4.0, ""52"": 1.0, ""53"": 14.0, ""54"": 1.0, ""56"": 1.0, ""58"": 18.0, ""59"": 155.0, ""60"": 16.5, ""61"": 77.0, ""155"": 3.0, ""158"": 12.0, ""184"": 2.0, ""210"": 3.0, ""213"": 11.0}",2026-09-30T21:46:22-04:00
Quinshon Judkins,4685702,RB,CLE,ACTIVE,163.37973204,22.2,43.4267009,156.8,71.5,94.79,39.0,40.0,"{""23"": 234.1938642, ""24"": 903.5422403, ""25"": 5.516978897, ""26"": 0.327144034, ""27"": 180.0, ""28"": 90.0, ""29"": 45.0, ""30"": 36.0, ""31"": 18.0, ""33"": 46.0, ""34"": 23.0, ""35"": 0.496010798, ""36"": 0.347207559, ""37"": 2.556085454, ""38"": 0.0872, ""39"": 3.858095272, ""40"": 64.53873145, ""42"": 209.1094117, ""43"": 0.754426631, ""44"": 0.044350557, ""45"": 0.033314504, ""46"": 0.021771028, ""47"": 41.0, ""48"": 20.0, ""49"": 10.0, ""50"": 8.0, ""51"": 4.0, ""53"": 29.61361999, ""56"": 0.080517191, ""57"": 0.002490222, ""58"": 38.02735301, ""60"": 7.061258023, ""61"": 14.93638655, ""62"": 0.371494592, ""63"": 0.004965912, ""66"": 1.001923883, ""67"": 0.126692444, ""68"": 1.128616328, ""70"": 0.460884986, ""71"": 0.070947769, ""72"": 0.531832755, ""73"": 0.531832755, ""210"": 14.0, ""212"": 50.55567952, ""213"": 11.87801461}","{""23"": 42.0, ""24"": 124.0, ""27"": 24.0, ""28"": 12.0, ""29"": 5.0, ""30"": 3.0, ""31"": 1.0, ""33"": 7.0, ""34"": 3.0, ""39"": 2.95238095, ""40"": 41.33333333, ""41"": 9.0, ""42"": 53.0, ""47"": 9.0, ""48"": 3.0, ""49"": 1.0, ""50"": 1.0, ""53"": 9.0, ""54"": 1.0, ""58"": 9.0, ""59"": 66.0, ""60"": 5.88888889, ""61"": 17.66666667, ""155"": 2.0, ""156"": 1.0, ""210"": 3.0, ""212"": 4.0, ""213"": 2.0}",2026-09-30T21:46:22-04:00
Parker Washington,4432620,WR,JAX,ACTIVE,180.35467528,41.6,35.54263814,155.7,81.73,94.17,77.0,87.0,"{""23"": 1.854245785, ""24"": 9.076646956, ""25"": 0.060909453, ""26"": 0.002563204, ""27"": 1.0, ""35"": 0.003404684, ""36"": 0.002383279, ""37"": 0.000191564, ""38"": 6.54e-06, ""39"": 4.895061394, ""40"": 0.648331925, ""42"": 971.0611644, ""43"": 7.410873284, ""44"": 0.283342467, ""45"": 0.204178656, ""46"": 0.133430752, ""47"": 194.0, ""48"": 97.0, ""49"": 48.0, ""50"": 38.0, ""51"": 19.0, ""53"": 70.87580094, ""56"": 3.091691941, ""57"": 0.095619338, ""58"": 113.1271825, ""60"": 13.70088452, ""61"": 69.36151174, ""62"": 0.285905671, ""63"": 0.006400244, ""66"": 0.037084916, ""67"": 1.417516019, ""68"": 1.454600935, ""70"": 0.017059061, ""71"": 0.793808971, ""72"": 0.810868032, ""73"": 0.810868032, ""102"": 0.520370329, ""115"": 332.2198999, ""118"": 33.0, ""119"": 13.0, ""210"": 14.0, ""212"": 2.170879843, ""213"": 45.01659207}","{""41"": 15.0, ""42"": 221.0, ""43"": 2.0, ""47"": 43.0, ""48"": 21.0, ""49"": 10.0, ""50"": 7.0, ""51"": 2.0, ""53"": 15.0, ""54"": 2.0, ""58"": 23.0, ""59"": 13.0, ""60"": 14.73333333, ""61"": 73.66666667, ""68"": 1.0, ""108"": 1.0, ""109"": 1.0, ""115"": 7.0, ""118"": 1.0, ""155"": 2.0, ""156"": 1.0, ""158"": 12.0, ""184"": 1.0, ""186"": 1.0, ""210"": 3.0, ""213"": 9.0}",2026-09-30T21:46:22-04:00
Christian Watson,4248528,WR,GB,ACTIVE,175.95186507,60.9,43.1130088,114.9,82.63,94.15,76.0,81.0,"{""23"": 1.505720588, ""24"": 8.020773368, ""25"": 0.052716286, ""26"": 0.002589692, ""27"": 1.0, ""35"": 0.002764102, ""36"": 0.001934871, ""37"": 0.000142908, ""38"": 4.88e-06, ""39"": 5.326867038, ""40"": 0.572912383, ""42"": 959.1614639, ""43"": 7.833894136, ""44"": 0.278401896, ""45"": 0.179241513, ""46"": 0.117134329, ""47"": 191.0, ""48"": 95.0, ""49"": 47.0, ""50"": 38.0, ""51"": 19.0, ""53"": 65.18163625, ""56"": 3.005645176, ""57"": 0.093, ""58"": 115.5483321, ""60"": 14.71520997, ""61"": 68.51153313, ""62"": 0.280991588, ""63"": 0.00489, ""66"": 0.025075322, ""67"": 1.085493921, ""68"": 1.110569244, ""70"": 0.011534648, ""71"": 0.607876596, ""72"": 0.619411244, ""73"": 0.619411244, ""210"": 14.0, ""212"": 2.107945895, ""213"": 43.56353692}","{""41"": 17.0, ""42"": 284.0, ""43"": 4.0, ""45"": 1.0, ""46"": 1.0, ""47"": 56.0, ""48"": 27.0, ""49"": 13.0, ""50"": 9.0, ""51"": 3.0, ""52"": 1.0, ""53"": 17.0, ""54"": 2.0, ""56"": 1.0, ""58"": 29.0, ""59"": 104.0, ""60"": 16.70588235, ""61"": 94.66666667, ""155"": 1.0, ""156"": 2.0, ""158"": 24.0, ""183"": 3.0, ""210"": 3.0, ""213"": 12.0}",2026-09-30T21:46:22-04:00
Jason Myers,2473037,K,SEA,ACTIVE,132.77911589,23.0,136.51033265,195.0,110.38,93.96,242.0,259.0,"{""74"": 5.351677078, ""75"": 7.4321688, ""76"": 2.080491722, ""77"": 7.059026074, ""78"": 8.4939072, ""79"": 1.434881126, ""80"": 15.05776103, ""81"": 15.301524, ""82"": 0.243762975, ""83"": 27.46846418, ""84"": 31.2276, ""85"": 3.759135823, ""86"": 36.37047894, ""87"": 37.11273361, ""88"": 0.742254672, ""198"": 5.351677078, ""199"": 7.4321688, ""200"": 2.080491722, ""210"": 14.0, ""214"": 1058.379566, ""215"": 184.2290929, ""216"": 1242.608659}","{""74"": 1.0, ""75"": 1.0, ""80"": 3.0, ""81"": 3.0, ""83"": 4.0, ""84"": 4.0, ""86"": 9.0, ""87"": 9.0, ""155"": 2.0, ""156"": 1.0, ""158"": 21.0, ""198"": 1.0, ""199"": 1.0, ""210"": 3.0, ""214"": 146.0, ""216"": 146.0, ""217"": 28.0, ""218"": 13.0, ""219"": 5.0, ""220"": 5.0, ""221"": 2.0, ""229"": 28.0, ""230"": 13.0, ""231"": 5.0, ""232"": 5.0, ""233"": 2.0}",2026-09-30T21:46:22-04:00
Dak Prescott,2577417,QB,DAL,ACTIVE,314.24881666,76.9,339.88665898,372.3,79.97,93.93,95.0,85.0,"{""0"": 477.0289422, ""1"": 326.4900592, ""2"": 150.538883, ""3"": 3535.373007, ""4"": 26.81216, ""5"": 707.0, ""6"": 353.0, ""7"": 176.0, ""8"": 141.0, ""9"": 70.0, ""10"": 35.0, ""11"": 65.0, ""12"": 32.0, ""15"": 3.002750302, ""16"": 1.962297322, ""17"": 3.253160002, ""18"": 0.439416618, ""19"": 1.27286663, ""20"": 8.644539098, ""21"": 0.684424005, ""22"": 252.5266434, ""23"": 48.10343705, ""24"": 204.4017526, ""25"": 2.043517846, ""26"": 0.102235618, ""27"": 40.0, ""28"": 20.0, ""29"": 10.0, ""30"": 8.0, ""31"": 4.0, ""33"": 9.0, ""34"": 4.0, ""35"": 0.091020781, ""36"": 0.063714547, ""37"": 0.129581494, ""38"": 0.004422119, ""39"": 4.249213053, ""40"": 14.60012519, ""62"": 1.375102247, ""63"": 0.028458017, ""64"": 28.7119497, ""65"": 5.905984611, ""66"": 0.561746466, ""68"": 6.467731077, ""69"": 2.834872613, ""70"": 0.258403375, ""72"": 3.093275988, ""73"": 11.73781509, ""210"": 14.0, ""211"": 176.0560702, ""212"": 13.05391861}","{""0"": 105.0, ""1"": 73.0, ""2"": 32.0, ""3"": 730.0, ""4"": 7.0, ""5"": 145.0, ""6"": 71.0, ""7"": 34.0, ""8"": 29.0, ""9"": 13.0, ""10"": 5.0, ""11"": 14.0, ""12"": 6.0, ""13"": 6.0, ""14"": 2.0, ""19"": 1.0, ""20"": 1.0, ""21"": 0.6952381, ""22"": 243.33333333, ""23"": 10.0, ""24"": 59.0, ""27"": 10.0, ""28"": 4.0, ""29"": 1.0, ""30"": 1.0, ""39"": 5.9, ""40"": 19.66666667, ""64"": 3.0, ""73"": 1.0, ""155"": 1.0, ""156"": 2.0, ""158"": 42.0, ""175"": 2.0, ""176"": 4.0, ""177"": 1.0, ""210"": 3.0, ""211"": 42.0, ""212"": 4.0}",2026-09-30T21:46:22-04:00
Travis Etienne Jr.,4239996,RB,NO,OUT,137.13721849,25.4,164.00867554,235.9,65.4,93.85,32.0,35.0,"{""23"": 168.834862, ""24"": 714.3060517, ""25"": 4.253862884, ""26"": 0.285685561, ""27"": 142.0, ""28"": 71.0, ""29"": 35.0, ""30"": 28.0, ""31"": 14.0, ""33"": 33.0, ""34"": 16.0, ""35"": 0.34996328, ""36"": 0.244974296, ""37"": 1.865376586, ""38"": 0.063658146, ""39"": 4.230797142, ""40"": 59.52550431, ""42"": 206.1647562, ""43"": 1.131070611, ""44"": 0.060330806, ""45"": 0.037249218, ""46"": 0.024342364, ""47"": 41.0, ""48"": 20.0, ""49"": 10.0, ""50"": 8.0, ""51"": 4.0, ""53"": 26.69850013, ""56"": 0.084827069, ""57"": 0.002623518, ""58"": 34.77567795, ""60"": 7.721960227, ""61"": 17.18039635, ""62"": 0.346016367, ""63"": 0.005855836, ""66"": 1.149152062, ""67"": 0.181719795, ""68"": 1.330871857, ""70"": 0.528609949, ""71"": 0.101763085, ""72"": 0.630373034, ""73"": 0.630373034, ""210"": 12.0, ""212"": 39.00987238, ""213"": 11.42163624}","{""23"": 30.0, ""24"": 128.0, ""26"": 1.0, ""27"": 25.0, ""28"": 11.0, ""29"": 5.0, ""30"": 4.0, ""31"": 1.0, ""33"": 4.0, ""34"": 1.0, ""39"": 4.26666667, ""40"": 42.66666667, ""41"": 11.0, ""42"": 51.0, ""47"": 9.0, ""48"": 4.0, ""49"": 1.0, ""50"": 1.0, ""53"": 11.0, ""54"": 1.0, ""58"": 13.0, ""59"": 61.0, ""60"": 4.63636364, ""61"": 17.0, ""66"": 1.0, ""155"": 1.0, ""156"": 2.0, ""158"": 2.0, ""210"": 3.0, ""212"": 7.0, ""213"": 3.0}",2026-09-30T21:46:22-04:00
Steelers D/ST,-16023,D/ST,PIT,,105.61925862,30.0,128.32969383,111.0,112.65,93.7,227.0,235.0,"{""89"": 0.248147406, ""90"": 1.121570198, ""91"": 3.687162027, ""92"": 3.028239535, ""93"": 0.103, ""94"": 1.30979581, ""95"": 8.583356242, ""96"": 9.768312584, ""97"": 1.6, ""98"": 0.222, ""99"": 35.05839152, ""100"": 70.11678305, ""101"": 0.138883433, ""102"": 0.246233628, ""103"": 0.87970858, ""104"": 0.43, ""105"": 1.797715108, ""106"": 15.02817321, ""109"": 866.4851201, ""110"": 288.0, ""111"": 173.0, ""112"": 41.04074754, ""113"": 53.91687842, ""114"": 1240.372729, ""115"": 246.2336279, ""116"": 124.0, ""117"": 49.0, ""118"": 24.0, ""119"": 9.0, ""120"": 297.5342679, ""121"": 2.032845984, ""122"": 2.397356299, ""123"": 1.233727218, ""124"": 0.238333667, ""125"": 0.012617665, ""126"": 21.25244771, ""127"": 4773.247444, ""129"": 0.392117635, ""130"": 3.361008302, ""131"": 3.10893268, ""132"": 3.234970491, ""133"": 2.226668, ""134"": 1.120336101, ""135"": 0.434130239, ""136"": 0.121836551, ""137"": 340.946246, ""210"": 17.0}","{""89"": 0.0, ""90"": 0.0, ""91"": 1.0, ""92"": 1.0, ""94"": 1.0, ""95"": 3.0, ""96"": 3.0, ""99"": 8.0, ""100"": 16.0, ""103"": 1.0, ""105"": 1.0, ""106"": 5.0, ""107"": 111.0, ""108"": 100.0, ""109"": 211.0, ""110"": 70.0, ""111"": 41.0, ""112"": 17.0, ""113"": 15.0, ""114"": 294.0, ""115"": 39.0, ""116"": 28.0, ""117"": 10.0, ""118"": 3.0, ""120"": 54.0, ""121"": 0.0, ""122"": 1.0, ""123"": 0.0, ""124"": 0.0, ""127"": 917.0, ""128"": 0.0, ""129"": 0.0, ""130"": 1.0, ""131"": 1.0, ""132"": 1.0, ""133"": 0.0, ""134"": 0.0, ""135"": 0.0, ""136"": 0.0, ""155"": 2.0, ""156"": 1.0, ""187"": 54.0, ""188"": 0.0, ""189"": 0.0, ""190"": 1.0, ""191"": 1.0, ""192"": 0.0, ""193"": 1.0, ""194"": 0.0, ""195"": 0.0, ""210"": 3.0}",2026-09-30T21:46:22-04:00
Terry McLaurin,3121422,WR,WSH,ACTIVE,143.08164061,25.1,204.71190928,95.2,85.48,93.19,48.0,51.0,"{""42"": 836.2607322, ""43"": 5.324068396, ""44"": 0.233176615, ""45"": 0.258202012, ""46"": 0.168735015, ""47"": 167.0, ""48"": 83.0, ""49"": 41.0, ""50"": 33.0, ""51"": 16.0, ""53"": 55.88584938, ""56"": 2.151775842, ""57"": 0.066549768, ""58"": 91.63467342, ""60"": 14.96372948, ""61"": 59.73290944, ""62"": 0.233176615, ""63"": 0.003528332, ""67"": 0.801893662, ""68"": 0.801893662, ""71"": 0.449060451, ""72"": 0.449060451, ""73"": 0.449060451, ""210"": 14.0, ""213"": 37.02929352}","{""41"": 10.0, ""42"": 141.0, ""43"": 1.0, ""47"": 27.0, ""48"": 13.0, ""49"": 5.0, ""50"": 5.0, ""51"": 2.0, ""53"": 10.0, ""54"": 1.0, ""58"": 22.0, ""59"": 45.0, ""60"": 14.1, ""61"": 47.0, ""155"": 1.0, ""156"": 2.0, ""158"": 6.0, ""186"": 1.0, ""210"": 3.0, ""213"": 8.0}",2026-09-30T21:46:22-04:00
Chuba Hubbard,4241416,RB,CAR,ACTIVE,186.94489054,48.6,234.07107535,110.4,96.28,92.96,131.0,110.0,"{""23"": 225.4684782, ""24"": 949.4956767, ""25"": 5.726396044, ""26"": 0.347446515, ""27"": 189.0, ""28"": 94.0, ""29"": 47.0, ""30"": 37.0, ""31"": 18.0, ""33"": 45.0, ""34"": 22.0, ""35"": 0.475152117, ""36"": 0.332606482, ""37"": 2.82628676, ""38"": 0.0965, ""39"": 4.211212512, ""40"": 67.82111976, ""42"": 274.0787559, ""43"": 1.791881726, ""44"": 0.078678992, ""45"": 0.035218582, ""46"": 0.023015343, ""47"": 54.0, ""48"": 27.0, ""49"": 13.0, ""50"": 10.0, ""51"": 5.0, ""53"": 41.28685419, ""56"": 0.124491859, ""57"": 0.003850264, ""58"": 49.06202742, ""60"": 6.638402497, ""61"": 19.57705399, ""62"": 0.426125507, ""63"": 0.009336667, ""66"": 1.793543518, ""67"": 0.328426263, ""68"": 2.12196978, ""70"": 0.825030018, ""71"": 0.183918707, ""72"": 1.008948725, ""73"": 1.008948725, ""210"": 14.0, ""212"": 51.73333783, ""213"": 16.75456088}","{""23"": 41.0, ""24"": 184.0, ""25"": 1.0, ""27"": 35.0, ""28"": 17.0, ""29"": 8.0, ""30"": 6.0, ""31"": 2.0, ""33"": 7.0, ""34"": 3.0, ""39"": 4.48780488, ""40"": 61.33333333, ""41"": 9.0, ""42"": 77.0, ""43"": 2.0, ""47"": 14.0, ""48"": 6.0, ""49"": 2.0, ""50"": 2.0, ""53"": 9.0, ""58"": 9.0, ""59"": 95.0, ""60"": 8.55555556, ""61"": 25.66666667, ""155"": 1.0, ""156"": 2.0, ""158"": 18.0, ""179"": 1.0, ""183"": 2.0, ""210"": 3.0, ""212"": 9.0, ""213"": 4.0}",2026-09-30T21:46:22-04:00
Bhayshul Tuten,4882093,RB,JAX,ACTIVE,167.49834662,38.5,4.46502345,83.6,81.03,92.53,64.0,48.0,"{""23"": 215.0925111, ""24"": 928.4403167, ""25"": 6.665813204, ""26"": 0.280512085, ""27"": 185.0, ""28"": 92.0, ""29"": 46.0, ""30"": 37.0, ""31"": 18.0, ""33"": 43.0, ""34"": 21.0, ""35"": 0.450617318, ""36"": 0.315432123, ""37"": 2.7003032, ""38"": 0.0922, ""39"": 4.316469747, ""40"": 66.31716548, ""42"": 183.61678, ""43"": 1.095229378, ""44"": 0.041883942, ""45"": 0.046281788, ""46"": 0.030245149, ""47"": 36.0, ""48"": 18.0, ""49"": 9.0, ""50"": 7.0, ""51"": 3.0, ""53"": 23.07116518, ""56"": 0.06876119, ""57"": 0.002126635, ""58"": 30.45731837, ""60"": 7.958712903, ""61"": 13.11548429, ""62"": 0.322396026, ""63"": 0.011494429, ""66"": 2.359307147, ""67"": 0.253063041, ""68"": 2.612370188, ""70"": 1.085281288, ""71"": 0.141715303, ""72"": 1.226996591, ""73"": 1.226996591, ""210"": 14.0, ""212"": 51.09236096, ""213"": 9.82314618}","{""23"": 43.0, ""24"": 204.0, ""25"": 2.0, ""27"": 40.0, ""28"": 19.0, ""29"": 9.0, ""30"": 6.0, ""31"": 3.0, ""33"": 8.0, ""34"": 3.0, ""39"": 4.74418605, ""40"": 68.0, ""41"": 5.0, ""42"": 36.0, ""47"": 7.0, ""48"": 3.0, ""49"": 1.0, ""53"": 5.0, ""58"": 5.0, ""59"": 56.0, ""60"": 7.2, ""61"": 12.0, ""155"": 2.0, ""156"": 1.0, ""158"": 12.0, ""179"": 2.0, ""210"": 3.0, ""212"": 13.0, ""213"": 2.0}",2026-09-30T21:46:22-04:00
Colston Loveland,4723086,TE,CHI,ACTIVE,97.8449439,5.9,124.92489332,136.1,57.41,92.28,50.0,43.0,"{""42"": 523.4204904, ""43"": 3.882896847, ""44"": 0.170005388, ""45"": 0.131664316, ""46"": 0.086042631, ""47"": 104.0, ""48"": 52.0, ""49"": 26.0, ""50"": 20.0, ""51"": 10.0, ""53"": 44.71080348, ""56"": 0.607581605, ""57"": 0.018791184, ""58"": 68.08854251, ""60"": 11.70680126, ""61"": 37.38717789, ""62"": 0.170005388, ""63"": 0.001924602, ""67"": 0.43740959, ""68"": 0.43740959, ""71"": 0.24494937, ""72"": 0.24494937, ""73"": 0.24494937, ""210"": 14.0, ""213"": 25.26590763}","{""41"": 5.0, ""42"": 34.0, ""47"": 6.0, ""48"": 3.0, ""49"": 1.0, ""50"": 1.0, ""53"": 5.0, ""58"": 9.0, ""59"": 26.0, ""60"": 6.8, ""61"": 11.33333333, ""155"": 2.0, ""156"": 1.0, ""210"": 3.0, ""213"": 3.0}",2026-09-30T21:46:22-04:00
Mike Evans,16737,WR,SF,QUESTIONABLE,150.26595049,31.7,195.31187063,69.8,102.05,91.9,87.0,68.0,"{""42"": 857.0444369, ""43"": 5.864029977, ""44"": 0.236873392, ""45"": 0.273531066, ""46"": 0.178752552, ""47"": 171.0, ""48"": 85.0, ""49"": 42.0, ""50"": 34.0, ""51"": 17.0, ""53"": 59.50766789, ""56"": 2.288078103, ""57"": 0.070765302, ""58"": 92.54615315, ""60"": 14.40225214, ""61"": 63.48477311, ""62"": 0.236873392, ""63"": 0.003340283, ""67"": 0.759155169, ""68"": 0.759155169, ""71"": 0.425126894, ""72"": 0.425126894, ""73"": 0.425126894, ""210"": 13.5, ""213"": 38.64875716}","{""41"": 12.0, ""42"": 137.0, ""43"": 2.0, ""47"": 25.0, ""48"": 12.0, ""49"": 5.0, ""50"": 4.0, ""51"": 1.0, ""53"": 12.0, ""54"": 1.0, ""58"": 16.0, ""59"": 17.0, ""60"": 11.41666667, ""61"": 45.66666667, ""155"": 3.0, ""158"": 12.0, ""183"": 1.0, ""185"": 1.0, ""210"": 3.0, ""213"": 11.0}",2026-09-30T21:46:22-04:00
Dalton Kincaid,4385690,TE,BUF,ACTIVE,123.0482046,37.3,118.8077426,106.6,101.81,91.33,136.0,153.0,"{""42"": 720.1039856, ""43"": 3.631456979, ""44"": 0.214284782, ""45"": 0.232363196, ""46"": 0.151849348, ""47"": 144.0, ""48"": 72.0, ""49"": 36.0, ""50"": 28.0, ""51"": 14.0, ""53"": 59.4505091, ""56"": 1.456049206, ""57"": 0.04503245, ""58"": 81.30006721, ""60"": 12.11266306, ""61"": 51.43599897, ""62"": 0.214284782, ""63"": 0.003554414, ""67"": 0.807821384, ""68"": 0.807821384, ""71"": 0.452379975, ""72"": 0.452379975, ""73"": 0.452379975, ""210"": 14.0, ""213"": 33.94651431}","{""41"": 14.0, ""42"": 263.0, ""43"": 1.0, ""47"": 52.0, ""48"": 25.0, ""49"": 11.0, ""50"": 9.0, ""51"": 3.0, ""52"": 1.0, ""53"": 14.0, ""54"": 2.0, ""56"": 1.0, ""58"": 17.0, ""59"": 95.0, ""60"": 18.78571429, ""61"": 87.66666667, ""67"": 1.0, ""68"": 1.0, ""71"": 1.0, ""72"": 1.0, ""73"": 1.0, ""155"": 3.0, ""158"": 6.0, ""184"": 1.0, ""210"": 3.0, ""213"": 10.0}",2026-09-30T21:46:22-04:00
Harold Fannin Jr.,5083076,TE,CLE,ACTIVE,128.31167933,31.6,41.67192486,150.4,93.99,91.16,79.0,76.0,"{""23"": 3.394113974, ""24"": 7.328820477, ""25"": 0.141397287, ""26"": 0.008384531, ""27"": 1.0, ""35"": 0.006238456, ""36"": 0.004366919, ""37"": 0.000114862, ""38"": 3.91979e-06, ""39"": 2.159273534, ""40"": 0.523487177, ""42"": 669.9069412, ""43"": 4.567194121, ""44"": 0.268466678, ""45"": 0.098697711, ""46"": 0.064498954, ""47"": 133.0, ""48"": 66.0, ""49"": 33.0, ""50"": 26.0, ""51"": 13.0, ""53"": 65.44799488, ""56"": 1.197774924, ""57"": 0.037044585, ""58"": 92.9557518, ""60"": 10.23571375, ""61"": 47.8504958, ""62"": 0.276851209, ""63"": 0.003730197, ""66"": 0.041797599, ""67"": 0.805974422, ""68"": 0.847772021, ""70"": 0.019226896, ""71"": 0.451345676, ""72"": 0.470572572, ""73"": 0.470572572, ""210"": 14.0, ""212"": 2.265419655, ""213"": 34.31193898}","{""41"": 14.0, ""42"": 126.0, ""43"": 2.0, ""47"": 24.0, ""48"": 12.0, ""49"": 5.0, ""50"": 4.0, ""51"": 2.0, ""53"": 14.0, ""54"": 2.0, ""58"": 18.0, ""59"": 74.0, ""60"": 9.0, ""61"": 42.0, ""155"": 2.0, ""156"": 1.0, ""158"": 12.0, ""183"": 1.0, ""184"": 1.0, ""210"": 3.0, ""213"": 7.0}",2026-09-30T21:46:22-04:00
Jameson Williams,4426388,WR,DET,ACTIVE,123.23293276,17.7,185.76066022,187.4,89.98,91.12,49.0,54.0,"{""23"": 5.618495693, ""24"": 36.3507053, ""25"": 0.545830195, ""26"": 0.019867594, ""27"": 7.0, ""28"": 3.0, ""29"": 1.0, ""30"": 1.0, ""33"": 1.0, ""35"": 0.010342086, ""36"": 0.00723946, ""37"": 0.00388124, ""38"": 0.000132, ""39"": 6.46982881, ""40"": 2.59647895, ""42"": 688.5525011, ""43"": 4.108128093, ""44"": 0.168186261, ""45"": 0.300091942, ""46"": 0.196110084, ""47"": 137.0, ""48"": 68.0, ""49"": 34.0, ""50"": 27.0, ""51"": 13.0, ""53"": 46.11135785, ""56"": 1.290869994, ""57"": 0.039923814, ""58"": 72.4685132, ""60"": 14.93238398, ""61"": 49.18232151, ""62"": 0.188053855, ""63"": 0.002455542, ""66"": 0.060614078, ""67"": 0.497463658, ""68"": 0.558077735, ""70"": 0.027882476, ""71"": 0.278579648, ""72"": 0.306462124, ""73"": 0.306462124, ""210"": 14.0, ""212"": 3.681996637, ""213"": 30.23093394}","{""41"": 10.0, ""42"": 127.0, ""47"": 24.0, ""48"": 11.0, ""49"": 5.0, ""50"": 3.0, ""53"": 10.0, ""58"": 17.0, ""59"": 4.0, ""60"": 12.7, ""61"": 42.33333333, ""155"": 2.0, ""156"": 1.0, ""210"": 3.0, ""213"": 6.0}",2026-09-30T21:46:22-04:00
Jaylen Warren,4569987,RB,PIT,ACTIVE,177.40411033,35.6,220.14264436,197.1,109.21,90.71,70.0,88.0,"{""23"": 182.4572069, ""24"": 847.5638595, ""25"": 4.123176638, ""26"": 0.205405716, ""27"": 169.0, ""28"": 84.0, ""29"": 42.0, ""30"": 33.0, ""31"": 16.0, ""33"": 36.0, ""34"": 18.0, ""35"": 0.375369411, ""36"": 0.262758588, ""37"": 2.274233745, ""38"": 0.0776, ""39"": 4.645274769, ""40"": 60.54027568, ""42"": 347.0993484, ""43"": 2.015444424, ""44"": 0.072646452, ""45"": 0.051660882, ""46"": 0.033760386, ""47"": 69.0, ""48"": 34.0, ""49"": 17.0, ""50"": 13.0, ""51"": 6.0, ""53"": 44.68360785, ""56"": 0.206718783, ""57"": 0.006393364, ""58"": 55.94193704, ""60"": 7.76793471, ""61"": 24.7928106, ""62"": 0.278052168, ""63"": 0.008218236, ""66"": 1.500347138, ""67"": 0.367433681, ""68"": 1.867780819, ""70"": 0.690159684, ""71"": 0.205762861, ""72"": 0.895922545, ""73"": 0.895922545, ""210"": 14.0, ""212"": 44.48330248, ""213"": 19.63383287}","{""23"": 38.0, ""24"": 216.0, ""27"": 42.0, ""28"": 20.0, ""29"": 10.0, ""30"": 7.0, ""31"": 2.0, ""32"": 1.0, ""33"": 7.0, ""34"": 3.0, ""37"": 1.0, ""39"": 5.68421053, ""40"": 72.0, ""41"": 10.0, ""42"": 110.0, ""47"": 20.0, ""48"": 9.0, ""49"": 4.0, ""50"": 3.0, ""53"": 10.0, ""54"": 1.0, ""58"": 14.0, ""59"": 132.0, ""60"": 11.0, ""61"": 36.66666667, ""67"": 1.0, ""68"": 1.0, ""71"": 1.0, ""72"": 1.0, ""73"": 1.0, ""155"": 2.0, ""156"": 1.0, ""210"": 3.0, ""212"": 9.0, ""213"": 4.0}",2026-09-30T21:46:22-04:00
Luther Burden III,4685278,WR,CHI,ACTIVE,141.55025315,28.0,74.74899628,104.4,102.67,90.07,54.0,64.0,"{""23"": 7.189419451, ""24"": 37.98474424, ""25"": 0.304315529, ""26"": 0.010463222, ""27"": 7.0, ""28"": 3.0, ""29"": 1.0, ""30"": 1.0, ""33"": 1.0, ""35"": 0.013247465, ""36"": 0.009273225, ""37"": 0.004256105, ""38"": 0.000145245, ""39"": 5.283423022, ""40"": 2.713196017, ""42"": 796.323818, ""43"": 4.164725452, ""44"": 0.182205743, ""45"": 0.166345802, ""46"": 0.108706982, ""47"": 159.0, ""48"": 79.0, ""49"": 39.0, ""50"": 31.0, ""51"": 15.0, ""53"": 64.12678584, ""56"": 1.898924691, ""57"": 0.05872963, ""58"": 97.87727986, ""60"": 12.41795932, ""61"": 56.88027272, ""62"": 0.192668966, ""63"": 0.004574993, ""66"": 0.104819816, ""67"": 0.934951413, ""68"": 1.039771229, ""70"": 0.048217115, ""71"": 0.523572791, ""72"": 0.571789907, ""73"": 0.571789907, ""210"": 14.0, ""212"": 3.652559491, ""213"": 37.33229782}","{""23"": 2.0, ""24"": 9.0, ""27"": 1.0, ""39"": 4.5, ""40"": 3.0, ""41"": 15.0, ""42"": 156.0, ""43"": 1.0, ""47"": 30.0, ""48"": 15.0, ""49"": 7.0, ""50"": 5.0, ""51"": 2.0, ""53"": 15.0, ""54"": 2.0, ""58"": 23.0, ""59"": 61.0, ""60"": 10.4, ""61"": 52.0, ""67"": 1.0, ""68"": 1.0, ""71"": 1.0, ""72"": 1.0, ""73"": 1.0, ""155"": 2.0, ""156"": 1.0, ""158"": 6.0, ""183"": 1.0, ""210"": 3.0, ""213"": 6.0}",2026-09-30T21:46:22-04:00
Drake Maye,4431452,QB,NE,ACTIVE,279.07593382,23.2,331.82156842,412.3,64.84,89.91,60.0,58.0,"{""0"": 423.8477642, ""1"": 290.4793005, ""2"": 133.3684636, ""3"": 3382.409921, ""4"": 19.430676, ""5"": 676.0, ""6"": 338.0, ""7"": 169.0, ""8"": 135.0, ""9"": 67.0, ""10"": 33.0, ""11"": 58.0, ""12"": 29.0, ""15"": 2.767066025, ""16"": 1.808277647, ""17"": 2.754594893, ""18"": 0.372073544, ""19"": 0.784378587, ""20"": 13.09805852, ""21"": 0.685338759, ""22"": 241.6007086, ""23"": 83.08019293, ""24"": 458.4061314, ""25"": 2.383711104, ""26"": 0.093063221, ""27"": 91.0, ""28"": 45.0, ""29"": 22.0, ""30"": 18.0, ""31"": 9.0, ""33"": 16.0, ""34"": 8.0, ""35"": 0.160723938, ""36"": 0.112506756, ""37"": 0.655426258, ""38"": 0.0224, ""39"": 5.51763441, ""40"": 32.7432951, ""62"": 0.877441808, ""63"": 0.03879066, ""64"": 39.17802067, ""65"": 7.474854402, ""66"": 1.341204672, ""68"": 8.816059073, ""69"": 3.587930113, ""70"": 0.616954149, ""72"": 4.204884262, ""73"": 17.30294279, ""210"": 14.0, ""211"": 159.9637795, ""212"": 24.00902193}","{""0"": 80.0, ""1"": 51.0, ""2"": 29.0, ""3"": 585.0, ""4"": 1.0, ""5"": 115.0, ""6"": 56.0, ""7"": 27.0, ""8"": 22.0, ""9"": 10.0, ""10"": 4.0, ""11"": 8.0, ""12"": 4.0, ""13"": 5.0, ""14"": 2.0, ""20"": 6.0, ""21"": 0.6375, ""22"": 195.0, ""23"": 15.0, ""24"": 82.0, ""27"": 15.0, ""28"": 6.0, ""29"": 2.0, ""30"": 1.0, ""33"": 1.0, ""39"": 5.46666667, ""40"": 27.33333333, ""64"": 9.0, ""65"": 1.0, ""66"": 1.0, ""68"": 2.0, ""72"": 1.0, ""73"": 7.0, ""108"": 1.0, ""109"": 1.0, ""155"": 1.0, ""156"": 2.0, ""158"": 6.0, ""175"": 1.0, ""210"": 3.0, ""211"": 21.0, ""212"": 8.0}",2026-09-30T21:46:22-04:00
Aaron Jones Sr.,3042519,RB,MIN,ACTIVE,145.05678417,32.2,190.74199565,104.7,125.53,89.91,149.0,116.0,"{""23"": 161.6874405, ""24"": 695.9035473, ""25"": 4.498625452, ""26"": 0.220392566, ""27"": 139.0, ""28"": 69.0, ""29"": 34.0, ""30"": 27.0, ""31"": 13.0, ""33"": 32.0, ""34"": 16.0, ""35"": 0.330872118, ""36"": 0.231610483, ""37"": 1.634661868, ""38"": 0.055784738, ""39"": 4.304004969, ""40"": 49.70739624, ""42"": 250.2377355, ""43"": 1.513374964, ""44"": 0.083459613, ""45"": 0.047334926, ""46"": 0.030933374, ""47"": 50.0, ""48"": 25.0, ""49"": 12.0, ""50"": 10.0, ""51"": 5.0, ""53"": 31.47662773, ""56"": 0.105697102, ""57"": 0.003268983, ""58"": 41.42958823, ""60"": 7.949953775, ""61"": 17.87412396, ""62"": 0.303852179, ""63"": 0.009124177, ""66"": 1.735765232, ""67"": 0.337911441, ""68"": 2.073676673, ""70"": 0.798452007, ""71"": 0.189230407, ""72"": 0.987682414, ""73"": 0.987682414, ""210"": 14.0, ""212"": 38.38051172, ""213"": 13.74715918}","{""23"": 52.0, ""24"": 203.0, ""25"": 1.0, ""27"": 40.0, ""28"": 19.0, ""29"": 9.0, ""30"": 7.0, ""31"": 3.0, ""32"": 1.0, ""33"": 9.0, ""34"": 4.0, ""37"": 1.0, ""39"": 3.90384615, ""40"": 67.66666667, ""41"": 5.0, ""42"": 34.0, ""47"": 6.0, ""48"": 3.0, ""49"": 1.0, ""50"": 1.0, ""53"": 5.0, ""54"": 1.0, ""58"": 7.0, ""59"": 42.0, ""60"": 6.8, ""61"": 11.33333333, ""155"": 3.0, ""158"": 6.0, ""179"": 1.0, ""210"": 3.0, ""212"": 9.0, ""213"": 1.0}",2026-09-30T21:46:22-04:00
TreVeyon Henderson,4432710,RB,NE,ACTIVE,126.24327485,17.0,202.18913509,188.7,103.1,89.87,118.0,66.0,"{""23"": 162.3779677, ""24"": 714.1433689, ""25"": 4.635773226, ""26"": 0.180949122, ""27"": 142.0, ""28"": 71.0, ""29"": 35.0, ""30"": 28.0, ""31"": 14.0, ""33"": 32.0, ""34"": 16.0, ""35"": 0.329802439, ""36"": 0.230861707, ""37"": 1.596638552, ""38"": 0.0545, ""39"": 4.398031205, ""40"": 51.01024064, ""42"": 139.5134313, ""43"": 0.625558693, ""44"": 0.025261463, ""45"": 0.039378844, ""46"": 0.025734074, ""47"": 27.0, ""48"": 13.0, ""49"": 6.0, ""50"": 5.0, ""51"": 2.0, ""53"": 19.95070012, ""56"": 0.052975036, ""57"": 0.001638403, ""58"": 24.29674699, ""60"": 6.992909044, ""61"": 9.965245094, ""62"": 0.206210585, ""63"": 0.005036647, ""66"": 1.019438371, ""67"": 0.125254119, ""68"": 1.144692489, ""70"": 0.468941651, ""71"": 0.070142306, ""72"": 0.539083957, ""73"": 0.539083957, ""210"": 14.0, ""212"": 39.14058078, ""213"": 7.703636246}","{""23"": 24.0, ""24"": 99.0, ""25"": 1.0, ""27"": 19.0, ""28"": 9.0, ""29"": 4.0, ""30"": 3.0, ""31"": 1.0, ""33"": 4.0, ""34"": 1.0, ""39"": 4.125, ""40"": 49.5, ""41"": 1.0, ""42"": 6.0, ""47"": 1.0, ""53"": 1.0, ""58"": 1.0, ""59"": 2.0, ""60"": 6.0, ""61"": 3.0, ""155"": 1.0, ""156"": 1.0, ""158"": 6.0, ""182"": 1.0, ""210"": 2.0, ""212"": 3.0}",2026-09-30T21:46:22-04:00
Texans D/ST,-16034,D/ST,HOU,,97.56872212,10.0,128.34489385,153.0,86.91,89.8,223.0,233.0,"{""89"": 0.217217217, ""90"": 0.980980981, ""91"": 3.293293293, ""92"": 2.802802803, ""93"": 0.102, ""94"": 1.313648007, ""95"": 9.57209321, ""96"": 7.911512504, ""97"": 1.52, ""98"": 0.213, ""99"": 35.77838841, ""100"": 71.55677683, ""101"": 0.160555326, ""102"": 0.190054815, ""103"": 0.887854851, ""104"": 0.426, ""105"": 1.766355881, ""106"": 12.1715577, ""109"": 854.8075292, ""110"": 284.0, ""111"": 170.0, ""112"": 46.46397306, ""113"": 61.49688114, ""114"": 1263.820267, ""115"": 248.577792, ""116"": 126.0, ""117"": 50.0, ""118"": 24.0, ""119"": 9.0, ""120"": 317.9907656, ""121"": 2.032032032, ""122"": 2.592592593, ""123"": 1.541541542, ""124"": 0.49049049, ""125"": 0.049049049, ""126"": 22.71362611, ""127"": 4619.083207, ""129"": 0.624217224, ""130"": 4.909573669, ""131"": 3.654125545, ""132"": 2.931716848, ""133"": 1.381694304, ""134"": 0.350683833, ""135"": 0.12624618, ""136"": 0.021742398, ""137"": 329.9345148, ""210"": 17.0}","{""89"": 0.0, ""90"": 0.0, ""91"": 0.0, ""92"": 0.0, ""95"": 1.0, ""96"": 2.0, ""99"": 11.0, ""100"": 22.0, ""106"": 3.0, ""107"": 99.0, ""108"": 106.0, ""109"": 205.0, ""110"": 68.0, ""111"": 40.0, ""112"": 9.0, ""113"": 12.0, ""114"": 430.0, ""115"": 43.0, ""116"": 42.0, ""117"": 16.0, ""118"": 4.0, ""119"": 1.0, ""120"": 75.0, ""121"": 2.0, ""122"": 0.0, ""123"": 0.0, ""124"": 1.0, ""127"": 976.0, ""128"": 0.0, ""129"": 0.0, ""130"": 1.0, ""131"": 1.0, ""132"": 0.0, ""133"": 1.0, ""134"": 0.0, ""135"": 0.0, ""136"": 0.0, ""156"": 3.0, ""187"": 75.0, ""188"": 0.0, ""189"": 0.0, ""190"": 0.0, ""191"": 0.0, ""192"": 2.0, ""193"": 0.0, ""194"": 0.0, ""195"": 1.0, ""210"": 3.0}",2026-09-30T21:46:22-04:00
Rhamondre Stevenson,4569173,RB,NE,ACTIVE,145.08877634,20.4,158.3057392,162.8,110.27,89.7,69.0,72.0,"{""23"": 151.7881002, ""24"": 622.4476547, ""25"": 4.645077232, ""26"": 0.181312288, ""27"": 124.0, ""28"": 62.0, ""29"": 31.0, ""30"": 24.0, ""31"": 12.0, ""33"": 30.0, ""34"": 15.0, ""35"": 0.306341719, ""36"": 0.214439203, ""37"": 1.212454091, ""38"": 0.041376406, ""39"": 4.100767147, ""40"": 44.46054676, ""42"": 287.012141, ""43"": 1.590410628, ""44"": 0.064237613, ""45"": 0.061823197, ""46"": 0.040401459, ""47"": 57.0, ""48"": 28.0, ""49"": 14.0, ""50"": 11.0, ""51"": 5.0, ""53"": 36.62709161, ""56"": 0.136241231, ""57"": 0.004213646, ""58"": 44.54403616, ""60"": 7.836061461, ""61"": 20.50086721, ""62"": 0.245549901, ""63"": 0.009520506, ""66"": 1.743127519, ""67"": 0.420623825, ""68"": 2.163751344, ""70"": 0.801838659, ""71"": 0.235549342, ""72"": 1.037388001, ""73"": 1.037388001, ""210"": 14.0, ""212"": 35.40801357, ""213"": 15.96671469}","{""23"": 31.0, ""24"": 116.0, ""27"": 22.0, ""28"": 11.0, ""29"": 5.0, ""30"": 3.0, ""31"": 1.0, ""33"": 5.0, ""34"": 1.0, ""39"": 3.74193548, ""40"": 38.66666667, ""41"": 9.0, ""42"": 63.0, ""47"": 11.0, ""48"": 5.0, ""49"": 2.0, ""50"": 1.0, ""53"": 9.0, ""54"": 1.0, ""58"": 11.0, ""59"": 66.0, ""60"": 7.0, ""61"": 21.0, ""67"": 1.0, ""68"": 1.0, ""71"": 1.0, ""72"": 1.0, ""73"": 1.0, ""155"": 1.0, ""156"": 2.0, ""210"": 3.0, ""212"": 8.0, ""213"": 1.0}",2026-09-30T21:46:22-04:00
Matthew Stafford,12483,QB,LAR,ACTIVE,301.42293329,63.9,330.87566441,441.1,108.68,89.69,102.0,137.0,"{""0"": 494.8540158, ""1"": 312.9926495, ""2"": 181.8613663, ""3"": 3720.523553, ""4"": 28.27968, ""5"": 744.0, ""6"": 372.0, ""7"": 186.0, ""8"": 148.0, ""9"": 74.0, ""10"": 37.0, ""11"": 62.0, ""12"": 31.0, ""15"": 3.301618288, ""16"": 2.157607551, ""17"": 3.965324918, ""18"": 0.535611425, ""19"": 1.054027577, ""20"": 10.53950393, ""21"": 0.632494917, ""22"": 265.7516823, ""23"": 26.11788715, ""24"": 39.57209851, ""25"": 0.689050755, ""26"": 0.029548954, ""27"": 7.0, ""28"": 3.0, ""29"": 1.0, ""30"": 1.0, ""33"": 5.0, ""34"": 2.0, ""35"": 0.048724689, ""36"": 0.034107283, ""37"": 0.004688826, ""38"": 0.000160012, ""39"": 1.515133988, ""40"": 2.826578465, ""62"": 1.083576531, ""63"": 0.028632865, ""64"": 28.87329341, ""65"": 6.198361733, ""66"": 0.30910764, ""68"": 6.507469373, ""69"": 2.975213632, ""70"": 0.142189514, ""72"": 3.117403146, ""73"": 13.65690708, ""210"": 14.0, ""211"": 177.4980658, ""212"": 5.142942622}","{""0"": 111.0, ""1"": 67.0, ""2"": 44.0, ""3"": 872.0, ""4"": 6.0, ""5"": 174.0, ""6"": 86.0, ""7"": 42.0, ""8"": 34.0, ""9"": 16.0, ""10"": 7.0, ""11"": 13.0, ""12"": 6.0, ""13"": 8.0, ""14"": 3.0, ""15"": 1.0, ""17"": 2.0, ""20"": 4.0, ""21"": 0.6036036, ""22"": 290.66666667, ""23"": 8.0, ""24"": 11.0, ""27"": 2.0, ""28"": 1.0, ""39"": 1.375, ""40"": 3.66666667, ""64"": 5.0, ""73"": 4.0, ""155"": 1.0, ""156"": 2.0, ""158"": 36.0, ""175"": 2.0, ""176"": 2.0, ""178"": 1.0, ""210"": 3.0, ""211"": 39.0, ""212"": 2.0}",2026-09-30T21:46:22-04:00
Caleb Williams,4431611,QB,CHI,DOUBTFUL,242.62296094,48.7,329.04175273,370.1,116.08,89.3,104.0,104.0,"{""0"": 391.5284815, ""1"": 245.2695062, ""2"": 146.2589753, ""3"": 2847.593857, ""4"": 16.39662, ""5"": 569.0, ""6"": 284.0, ""7"": 142.0, ""8"": 113.0, ""9"": 56.0, ""10"": 28.0, ""11"": 49.0, ""12"": 24.0, ""15"": 2.295038928, ""16"": 1.499807939, ""17"": 2.21357002, ""18"": 0.298995269, ""19"": 0.717781868, ""20"": 7.179060259, ""21"": 0.626441032, ""22"": 237.299488, ""23"": 58.37070731, ""24"": 336.8515687, ""25"": 2.593060216, ""26"": 0.089196999, ""27"": 67.0, ""28"": 33.0, ""29"": 16.0, ""30"": 13.0, ""31"": 6.0, ""33"": 11.0, ""34"": 5.0, ""35"": 0.111862402, ""36"": 0.078303681, ""37"": 0.412662864, ""38"": 0.0140826, ""39"": 5.770900924, ""40"": 28.07096406, ""62"": 0.806978867, ""63"": 0.027899555, ""64"": 26.7297683, ""65"": 5.56427642, ""66"": 0.776531606, ""68"": 6.340808026, ""69"": 2.670852682, ""70"": 0.357204539, ""72"": 3.02805722, ""73"": 10.20711748, ""210"": 12.0, ""211"": 134.8248022, ""212"": 18.31581979}","{""0"": 55.0, ""1"": 36.0, ""2"": 19.0, ""3"": 407.0, ""4"": 2.0, ""5"": 80.0, ""6"": 39.0, ""7"": 19.0, ""8"": 15.0, ""9"": 7.0, ""10"": 3.0, ""11"": 7.0, ""12"": 3.0, ""13"": 3.0, ""14"": 1.0, ""20"": 1.0, ""21"": 0.65454545, ""22"": 203.5, ""23"": 15.0, ""24"": 107.0, ""25"": 2.0, ""27"": 21.0, ""28"": 10.0, ""29"": 5.0, ""30"": 3.0, ""31"": 1.0, ""33"": 3.0, ""34"": 1.0, ""39"": 7.13333333, ""40"": 53.5, ""64"": 5.0, ""66"": 1.0, ""68"": 1.0, ""73"": 1.0, ""155"": 1.0, ""156"": 1.0, ""158"": 24.0, ""175"": 1.0, ""177"": 1.0, ""179"": 1.0, ""181"": 1.0, ""210"": 2.0, ""211"": 18.0, ""212"": 6.0}",2026-09-30T21:46:22-04:00
Jadarian Price,4685512,RB,SEA,QUESTIONABLE,134.36923301,12.0,,,102.15,89.25,67.0,62.0,"{""23"": 157.893862, ""24"": 682.5929534, ""25"": 5.304475448, ""26"": 0.191805787, ""27"": 136.0, ""28"": 68.0, ""29"": 34.0, ""30"": 27.0, ""31"": 13.0, ""33"": 31.0, ""34"": 15.0, ""35"": 0.320028355, ""36"": 0.224019848, ""37"": 1.47326115, ""38"": 0.050276751, ""39"": 4.323112657, ""40"": 48.75663953, ""42"": 181.9958149, ""43"": 1.045982529, ""44"": 0.044364974, ""45"": 0.054336359, ""46"": 0.03550881, ""47"": 36.0, ""48"": 18.0, ""49"": 9.0, ""50"": 7.0, ""51"": 3.0, ""53"": 21.56978038, ""56"": 0.06811376, ""57"": 0.002106611, ""58"": 29.15313151, ""60"": 8.43753676, ""61"": 12.99970106, ""62"": 0.23617076, ""63"": 0.006756447, ""66"": 1.350997234, ""67"": 0.184558876, ""68"": 1.535556109, ""70"": 0.621458728, ""71"": 0.10335297, ""72"": 0.724811698, ""73"": 0.724811698, ""210"": 14.0, ""212"": 38.3013659, ""213"": 9.416093412}","{""23"": 28.0, ""24"": 119.0, ""27"": 23.0, ""28"": 11.0, ""29"": 4.0, ""30"": 4.0, ""31"": 2.0, ""33"": 5.0, ""34"": 2.0, ""39"": 4.25, ""40"": 39.66666667, ""41"": 4.0, ""42"": 21.0, ""47"": 3.0, ""53"": 4.0, ""58"": 7.0, ""59"": 28.0, ""60"": 5.25, ""61"": 7.0, ""65"": 2.0, ""66"": 2.0, ""68"": 2.0, ""69"": 2.0, ""70"": 2.0, ""72"": 2.0, ""73"": 2.0, ""155"": 2.0, ""156"": 1.0, ""210"": 3.0, ""212"": 8.0, ""213"": 1.0}",2026-09-30T21:46:22-04:00
Rome Odunze,4431299,WR,CHI,ACTIVE,118.21589886,17.9,181.27281068,124.1,97.33,88.99,45.0,55.0,"{""42"": 675.7275963, ""43"": 5.111004333, ""44"": 0.223766804, ""45"": 0.228703356, ""46"": 0.149457643, ""47"": 135.0, ""48"": 67.0, ""49"": 33.0, ""50"": 27.0, ""51"": 13.0, ""53"": 40.74503717, ""56"": 1.227478041, ""57"": 0.037963238, ""58"": 76.59961032, ""60"": 16.58429206, ""61"": 48.26625688, ""62"": 0.223766804, ""63"": 0.003311546, ""67"": 0.752624075, ""68"": 0.752624075, ""71"": 0.421469482, ""72"": 0.421469482, ""73"": 0.421469482, ""210"": 14.0, ""213"": 29.06420366}","{""41"": 8.0, ""42"": 139.0, ""47"": 26.0, ""48"": 13.0, ""49"": 6.0, ""50"": 4.0, ""51"": 1.0, ""53"": 8.0, ""58"": 13.0, ""59"": 5.0, ""60"": 17.375, ""61"": 46.33333333, ""108"": 1.0, ""109"": 1.0, ""155"": 2.0, ""156"": 1.0, ""210"": 3.0, ""213"": 5.0}",2026-09-30T21:46:22-04:00
Isaiah Likely,4361050,TE,NYG,ACTIVE,126.16284886,31.9,82.66696936,48.2,113.86,88.99,143.0,142.0,"{""42"": 680.2651467, ""43"": 4.589268913, ""44"": 0.199751962, ""45"": 0.103617138, ""46"": 0.0677138, ""47"": 136.0, ""48"": 68.0, ""49"": 34.0, ""50"": 27.0, ""51"": 13.0, ""53"": 62.46264305, ""56"": 1.250042469, ""57"": 0.038661107, ""58"": 93.51077583, ""60"": 10.89075187, ""61"": 48.59036762, ""62"": 0.199751962, ""63"": 0.00404684, ""67"": 0.919736367, ""68"": 0.919736367, ""71"": 0.515052366, ""72"": 0.515052366, ""73"": 0.515052366, ""210"": 14.0, ""213"": 33.92614427}","{""41"": 15.0, ""42"": 124.0, ""43"": 2.0, ""47"": 23.0, ""48"": 11.0, ""49"": 4.0, ""50"": 4.0, ""51"": 1.0, ""53"": 15.0, ""54"": 2.0, ""58"": 23.0, ""59"": 23.0, ""60"": 8.26666667, ""61"": 41.33333333, ""67"": 1.0, ""68"": 1.0, ""155"": 2.0, ""156"": 1.0, ""158"": 12.0, ""183"": 1.0, ""184"": 1.0, ""210"": 3.0, ""213"": 10.0}",2026-09-30T21:46:22-04:00
DK Metcalf,4047650,WR,PIT,ACTIVE,123.04646987,21.3,199.717348,157.7,107.91,88.48,73.0,78.0,"{""42"": 698.1924238, ""43"": 5.083459887, ""44"": 0.183150488, ""45"": 0.144393902, ""46"": 0.094361415, ""47"": 139.0, ""48"": 69.0, ""49"": 34.0, ""50"": 27.0, ""51"": 13.0, ""53"": 46.07817669, ""56"": 1.340347328, ""57"": 0.041454041, ""58"": 88.57473364, ""60"": 15.15234486, ""61"": 49.87088742, ""62"": 0.183150488, ""63"": 0.00266719, ""67"": 0.606179601, ""68"": 0.606179601, ""71"": 0.339460576, ""72"": 0.339460576, ""73"": 0.339460576, ""210"": 14.0, ""213"": 30.88803049}","{""41"": 11.0, ""42"": 98.0, ""43"": 1.0, ""47"": 19.0, ""48"": 9.0, ""49"": 4.0, ""50"": 3.0, ""53"": 11.0, ""58"": 24.0, ""59"": 28.0, ""60"": 8.90909091, ""61"": 32.66666667, ""155"": 2.0, ""156"": 1.0, ""158"": 6.0, ""183"": 1.0, ""210"": 3.0, ""213"": 6.0}",2026-09-30T21:46:22-04:00
Trevor Lawrence,4360310,QB,JAX,ACTIVE,317.38186331,65.8,324.14734295,394.7,110.54,88.14,93.0,113.0,"{""0"": 450.8954928, ""1"": 289.0135257, ""2"": 161.8819671, ""3"": 3429.359253, ""4"": 26.58292, ""5"": 685.0, ""6"": 342.0, ""7"": 171.0, ""8"": 137.0, ""9"": 68.0, ""10"": 34.0, ""11"": 57.0, ""12"": 28.0, ""15"": 2.837657104, ""16"": 1.854408918, ""17"": 2.894374145, ""18"": 0.390954056, ""19"": 1.016389429, ""20"": 10.82923975, ""21"": 0.640976746, ""22"": 244.9542323, ""23"": 56.23697647, ""24"": 258.4328686, ""25"": 3.416038345, ""26"": 0.143769341, ""27"": 51.0, ""28"": 25.0, ""29"": 12.0, ""30"": 10.0, ""31"": 5.0, ""33"": 11.0, ""34"": 5.0, ""35"": 0.106965352, ""36"": 0.074875746, ""37"": 0.207586796, ""38"": 0.00708, ""39"": 4.595426085, ""40"": 18.45949062, ""62"": 1.160158771, ""63"": 0.028158984, ""64"": 30.70687523, ""65"": 5.730603312, ""66"": 0.669165737, ""68"": 6.399769049, ""69"": 2.75068959, ""70"": 0.307816239, ""72"": 3.058505829, ""73"": 13.88774558, ""210"": 14.0, ""211"": 163.7041885, ""212"": 16.39565153}","{""0"": 81.0, ""1"": 54.0, ""2"": 27.0, ""3"": 616.0, ""4"": 7.0, ""5"": 122.0, ""6"": 60.0, ""7"": 30.0, ""8"": 23.0, ""9"": 10.0, ""10"": 4.0, ""11"": 9.0, ""12"": 3.0, ""13"": 5.0, ""14"": 2.0, ""20"": 2.0, ""21"": 0.66666667, ""22"": 205.33333333, ""23"": 8.0, ""24"": 34.0, ""27"": 6.0, ""28"": 2.0, ""29"": 1.0, ""30"": 1.0, ""39"": 4.25, ""40"": 11.33333333, ""64"": 4.0, ""73"": 2.0, ""155"": 2.0, ""156"": 1.0, ""158"": 42.0, ""175"": 1.0, ""176"": 4.0, ""178"": 2.0, ""210"": 3.0, ""211"": 31.0, ""212"": 4.0}",2026-09-30T21:46:22-04:00
Ka'imi Fairbairn,2971573,K,HOU,ACTIVE,131.74615539,20.0,135.89463171,190.0,138.74,88.07,246.0,265.0,"{""74"": 5.704060713, ""75"": 7.9091208, ""76"": 2.205060087, ""77"": 7.522254996, ""78"": 9.0389952, ""79"": 1.516740204, ""80"": 16.04249419, ""81"": 16.283484, ""82"": 0.240989815, ""83"": 29.26880989, ""84"": 33.2316, ""85"": 3.962790105, ""86"": 28.97213938, ""87"": 29.56340753, ""88"": 0.591268151, ""198"": 5.704060713, ""199"": 7.9091208, ""200"": 2.205060087, ""210"": 14.0, ""214"": 1127.795579, ""215"": 194.5562483, ""216"": 1322.351827}","{""74"": 1.0, ""75"": 2.0, ""76"": 1.0, ""77"": 1.0, ""78"": 1.0, ""80"": 2.0, ""81"": 2.0, ""83"": 4.0, ""84"": 5.0, ""85"": 1.0, ""86"": 6.0, ""87"": 6.0, ""107"": 1.0, ""108"": 1.0, ""109"": 2.0, ""156"": 3.0, ""158"": 18.0, ""198"": 1.0, ""199"": 2.0, ""200"": 1.0, ""210"": 3.0, ""214"": 164.0, ""215"": 58.0, ""216"": 222.0, ""217"": 31.0, ""218"": 15.0, ""219"": 7.0, ""220"": 5.0, ""221"": 2.0, ""223"": 11.0, ""224"": 5.0, ""225"": 2.0, ""226"": 2.0, ""227"": 1.0, ""229"": 43.0, ""230"": 21.0, ""231"": 10.0, ""232"": 7.0, ""233"": 3.0, ""234"": 1.0}",2026-09-30T21:46:22-04:00
Jalen Coker,4695883,WR,CAR,QUESTIONABLE,147.53151396,43.2,87.78069925,73.9,124.1,87.83,159.0,152.0,"{""42"": 833.8571267, ""43"": 4.710568975, ""44"": 0.206652821, ""45"": 0.201207554, ""46"": 0.131489137, ""47"": 166.0, ""48"": 83.0, ""49"": 41.0, ""50"": 33.0, ""51"": 16.0, ""53"": 71.68340948, ""56"": 2.135859156, ""57"": 0.0660575, ""58"": 97.48862948, ""60"": 11.63249813, ""61"": 61.76719457, ""62"": 0.206652821, ""63"": 0.005439635, ""67"": 1.236280727, ""68"": 1.236280727, ""71"": 0.692317207, ""72"": 0.692317207, ""73"": 0.692317207, ""102"": 0.168668578, ""115"": 168.6685783, ""118"": 16.0, ""119"": 6.0, ""210"": 13.5, ""213"": 40.3129269}","{""41"": 18.0, ""42"": 222.0, ""43"": 2.0, ""45"": 1.0, ""46"": 1.0, ""47"": 43.0, ""48"": 20.0, ""49"": 9.0, ""50"": 7.0, ""51"": 3.0, ""52"": 1.0, ""53"": 18.0, ""54"": 2.0, ""56"": 1.0, ""58"": 22.0, ""59"": 65.0, ""60"": 12.33333333, ""61"": 74.0, ""115"": 49.0, ""118"": 4.0, ""119"": 1.0, ""155"": 1.0, ""156"": 2.0, ""158"": 12.0, ""183"": 1.0, ""210"": 3.0, ""213"": 10.0}",2026-09-30T21:46:22-04:00
Tucker Kraft,4572680,TE,GB,ACTIVE,100.64298806,15.1,128.37984649,101.2,115.52,86.69,123.0,109.0,"{""23"": 1.505720588, ""24"": 3.409918685, ""25"": 0.052560334, ""26"": 0.002582031, ""35"": 0.002764102, ""36"": 0.001934871, ""37"": 1.14973e-05, ""38"": 3.92e-07, ""39"": 2.264642399, ""40"": 0.24356562, ""42"": 591.3391104, ""43"": 2.388270333, ""44"": 0.08479829, ""45"": 0.108869909, ""46"": 0.071146485, ""47"": 118.0, ""48"": 59.0, ""49"": 29.0, ""50"": 23.0, ""51"": 11.0, ""53"": 54.04467373, ""56"": 0.852001269, ""57"": 0.026350555, ""58"": 80.3814484, ""60"": 10.94167232, ""61"": 42.23850789, ""62"": 0.087380321, ""63"": 0.002660721, ""66"": 0.016390944, ""67"": 0.588318469, ""68"": 0.604709413, ""70"": 0.007539834, ""71"": 0.329458343, ""72"": 0.336998177, ""73"": 0.336998177, ""210"": 14.0, ""212"": 1.952142649, ""213"": 28.65515753}","{""41"": 9.0, ""42"": 106.0, ""47"": 21.0, ""48"": 9.0, ""49"": 4.0, ""50"": 3.0, ""51"": 1.0, ""53"": 9.0, ""58"": 17.0, ""59"": 50.0, ""60"": 11.77777778, ""61"": 35.33333333, ""67"": 1.0, ""68"": 1.0, ""155"": 1.0, ""156"": 2.0, ""210"": 3.0, ""213"": 4.0}",2026-09-30T21:46:22-04:00
Matthew Golden,4701936,WR,GB,ACTIVE,154.92787932,38.8,169.23130874,55.5,118.34,86.57,90.0,123.0,"{""23"": 4.517161763, ""24"": 24.415419, ""25"": 0.156021294, ""26"": 0.007664559, ""27"": 4.0, ""28"": 2.0, ""29"": 1.0, ""35"": 0.008308826, ""36"": 0.005816178, ""37"": 0.001693224, ""38"": 5.78e-05, ""39"": 5.405035348, ""40"": 1.7439585, ""42"": 889.2830103, ""43"": 5.4394131, ""44"": 0.193232644, ""45"": 0.158067513, ""46"": 0.10329712, ""47"": 177.0, ""48"": 88.0, ""49"": 44.0, ""50"": 35.0, ""51"": 17.0, ""53"": 61.8433955, ""56"": 2.508505788, ""57"": 0.077582653, ""58"": 110.5244916, ""60"": 14.37959548, ""61"": 63.52021502, ""62"": 0.200897203, ""63"": 0.005321356, ""66"": 0.082323765, ""67"": 1.12707524, ""68"": 1.209399005, ""70"": 0.037868932, ""71"": 0.631162134, ""72"": 0.669031066, ""73"": 0.669031066, ""210"": 14.0, ""212"": 2.921485081, ""213"": 39.89652746}","{""41"": 15.0, ""42"": 253.0, ""43"": 1.0, ""47"": 50.0, ""48"": 24.0, ""49"": 11.0, ""50"": 9.0, ""51"": 4.0, ""52"": 1.0, ""53"": 15.0, ""54"": 2.0, ""56"": 1.0, ""58"": 30.0, ""59"": 97.0, ""60"": 16.86666667, ""61"": 84.33333333, ""155"": 1.0, ""156"": 2.0, ""158"": 6.0, ""184"": 1.0, ""210"": 3.0, ""213"": 12.0}",2026-09-30T21:46:22-04:00
Stefon Diggs,2976212,WR,WSH,ACTIVE,121.16320915,38.0,127.79208578,167.8,110.99,85.87,152.0,107.0,"{""42"": 694.5823677, ""43"": 3.508443158, ""44"": 0.153690035, ""45"": 0.148003746, ""46"": 0.096720448, ""47"": 138.0, ""48"": 69.0, ""49"": 34.0, ""50"": 27.0, ""51"": 13.0, ""53"": 62.38737791, ""56"": 1.322783397, ""57"": 0.040910827, ""58"": 87.65055719, ""60"": 11.13337972, ""61"": 49.61302627, ""62"": 0.153690035, ""63"": 0.00332654, ""67"": 0.756031777, ""68"": 0.756031777, ""71"": 0.423377795, ""72"": 0.423377795, ""73"": 0.423377795, ""210"": 14.0, ""213"": 33.86183516}","{""41"": 13.0, ""42"": 135.0, ""43"": 3.0, ""47"": 26.0, ""48"": 12.0, ""49"": 5.0, ""50"": 4.0, ""51"": 1.0, ""53"": 13.0, ""54"": 1.0, ""58"": 22.0, ""59"": 44.0, ""60"": 10.38461538, ""61"": 45.0, ""155"": 1.0, ""156"": 2.0, ""158"": 18.0, ""183"": 1.0, ""184"": 1.0, ""185"": 1.0, ""210"": 3.0, ""213"": 10.0}",2026-09-30T21:46:22-04:00
Tyler Shough,4360689,QB,NO,ACTIVE,308.41802467,85.3,115.65161746,176.8,117.9,85.37,164.0,155.0,"{""0"": 472.0425949, ""1"": 319.9221273, ""2"": 152.1204676, ""3"": 3451.075231, ""4"": 24.398264, ""5"": 690.0, ""6"": 345.0, ""7"": 172.0, ""8"": 138.0, ""9"": 69.0, ""10"": 34.0, ""11"": 63.0, ""12"": 31.0, ""15"": 2.871522485, ""16"": 1.876539944, ""17"": 2.968234762, ""18"": 0.400930689, ""19"": 1.301521867, ""20"": 9.892560843, ""21"": 0.677739956, ""22"": 246.5053737, ""23"": 59.61922581, ""24"": 264.029685, ""25"": 3.333965979, ""26"": 0.223998493, ""27"": 52.0, ""28"": 26.0, ""29"": 13.0, ""30"": 10.0, ""31"": 5.0, ""33"": 11.0, ""34"": 5.0, ""35"": 0.113643118, ""36"": 0.079550182, ""37"": 0.217019191, ""38"": 0.007406032, ""39"": 4.428599691, ""40"": 18.85926321, ""62"": 1.525520361, ""63"": 0.025982985, ""64"": 36.82454615, ""65"": 5.285921557, ""66"": 0.619302222, ""68"": 5.905223778, ""69"": 2.537242347, ""70"": 0.284879022, ""72"": 2.822121369, ""73"": 12.71468221, ""210"": 14.0, ""211"": 171.347768, ""212"": 16.72892716}","{""0"": 132.0, ""1"": 91.0, ""2"": 41.0, ""3"": 917.0, ""4"": 8.0, ""5"": 183.0, ""6"": 91.0, ""7"": 44.0, ""8"": 36.0, ""9"": 18.0, ""10"": 8.0, ""11"": 17.0, ""12"": 7.0, ""13"": 7.0, ""14"": 3.0, ""18"": 1.0, ""20"": 3.0, ""21"": 0.68939394, ""22"": 305.66666667, ""23"": 14.0, ""24"": 67.0, ""25"": 1.0, ""27"": 12.0, ""28"": 5.0, ""29"": 2.0, ""30"": 1.0, ""33"": 1.0, ""39"": 4.78571429, ""40"": 22.33333333, ""64"": 10.0, ""66"": 2.0, ""68"": 5.0, ""72"": 3.0, ""73"": 6.0, ""155"": 1.0, ""156"": 2.0, ""158"": 54.0, ""175"": 6.0, ""176"": 1.0, ""177"": 1.0, ""179"": 1.0, ""210"": 3.0, ""211"": 48.0, ""212"": 5.0}",2026-09-30T21:46:22-04:00
Tony Pollard,3916148,RB,TEN,QUESTIONABLE,160.34192855,22.5,198.89140198,169.3,117.48,85.35,117.0,75.0,"{""23"": 231.9261476, ""24"": 998.8299366, ""25"": 5.052322232, ""26"": 0.178632204, ""27"": 199.0, ""28"": 99.0, ""29"": 49.0, ""30"": 39.0, ""31"": 19.0, ""33"": 46.0, ""34"": 23.0, ""35"": 0.490601106, ""36"": 0.343420774, ""37"": 3.126533173, ""38"": 0.107, ""39"": 4.306672391, ""40"": 73.98740271, ""42"": 161.290561, ""43"": 0.396120483, ""44"": 0.017828347, ""45"": 0.027437967, ""46"": 0.017930712, ""47"": 32.0, ""48"": 16.0, ""49"": 8.0, ""50"": 6.0, ""51"": 3.0, ""53"": 27.20042305, ""56"": 0.060225943, ""57"": 0.001862658, ""58"": 33.98496877, ""60"": 5.929707812, ""61"": 11.94744897, ""62"": 0.196460551, ""63"": 0.011006665, ""66"": 2.23893159, ""67"": 0.262583098, ""68"": 2.501514688, ""70"": 1.029908531, ""71"": 0.147046535, ""72"": 1.176955066, ""73"": 1.176955066, ""210"": 13.5, ""212"": 53.28892567, ""213"": 9.862794126}","{""23"": 38.0, ""24"": 173.0, ""27"": 33.0, ""28"": 16.0, ""29"": 7.0, ""30"": 5.0, ""31"": 2.0, ""33"": 6.0, ""34"": 2.0, ""39"": 4.55263158, ""40"": 57.66666667, ""41"": 6.0, ""42"": 22.0, ""47"": 4.0, ""48"": 2.0, ""49"": 1.0, ""53"": 6.0, ""58"": 7.0, ""59"": 29.0, ""60"": 3.66666667, ""61"": 7.33333333, ""156"": 3.0, ""210"": 3.0, ""212"": 7.0, ""213"": 1.0}",2026-09-30T21:46:22-04:00
Carnell Tate,4871023,WR,TEN,ACTIVE,137.05793707,18.8,,,108.89,85.29,72.0,67.0,"{""42"": 863.64557, ""43"": 3.510886026, ""44"": 0.157993189, ""45"": 0.22850859, ""46"": 0.149330364, ""47"": 172.0, ""48"": 86.0, ""49"": 43.0, ""50"": 34.0, ""51"": 17.0, ""53"": 61.11924128, ""56"": 2.332278835, ""57"": 0.072132335, ""58"": 97.70678522, ""60"": 14.13050214, ""61"": 61.68896928, ""62"": 0.157993189, ""63"": 0.004901062, ""67"": 1.113877771, ""68"": 1.113877771, ""71"": 0.623771552, ""72"": 0.623771552, ""73"": 0.623771552, ""210"": 14.0, ""213"": 38.23588398}","{""41"": 13.0, ""42"": 123.0, ""47"": 23.0, ""48"": 10.0, ""49"": 4.0, ""50"": 4.0, ""51"": 1.0, ""53"": 13.0, ""54"": 1.0, ""58"": 20.0, ""59"": 26.0, ""60"": 9.46153846, ""61"": 41.0, ""156"": 3.0, ""210"": 3.0, ""213"": 5.0}",2026-09-30T21:46:22-04:00
Deebo Samuel Sr.,3126486,WR,SF,ACTIVE,130.70802848,35.4,171.4263967,152.2,133.91,84.73,156.0,158.0,"{""23"": 17.73562817, ""24"": 89.89095986, ""25"": 0.990690109, ""26"": 0.037097709, ""27"": 17.0, ""28"": 8.0, ""29"": 4.0, ""30"": 3.0, ""31"": 1.0, ""33"": 3.0, ""34"": 1.0, ""35"": 0.032907318, ""36"": 0.023035123, ""37"": 0.024760415, ""38"": 0.000844978, ""39"": 5.0683832, ""40"": 6.420782847, ""42"": 654.4285627, ""43"": 4.366098497, ""44"": 0.176363407, ""45"": 0.27583953, ""46"": 0.180261133, ""47"": 130.0, ""48"": 65.0, ""49"": 32.0, ""50"": 26.0, ""51"": 13.0, ""53"": 49.11834169, ""56"": 1.124324764, ""57"": 0.034772931, ""58"": 70.51135478, ""60"": 13.32350687, ""61"": 46.74489733, ""62"": 0.213461116, ""63"": 0.005883149, ""66"": 0.354712563, ""67"": 0.982366834, ""68"": 1.337079397, ""70"": 0.163167779, ""71"": 0.550125427, ""72"": 0.713293206, ""73"": 0.713293206, ""101"": 0.095972987, ""114"": 1178.60244, ""116"": 117.0, ""117"": 47.0, ""210"": 14.0, ""212"": 6.557598792, ""213"": 30.08080844}","{""23"": 4.0, ""24"": 30.0, ""27"": 4.0, ""28"": 2.0, ""39"": 7.5, ""40"": 10.0, ""41"": 9.0, ""42"": 159.0, ""43"": 2.0, ""45"": 1.0, ""46"": 1.0, ""47"": 31.0, ""48"": 15.0, ""49"": 7.0, ""50"": 5.0, ""51"": 1.0, ""53"": 9.0, ""54"": 1.0, ""58"": 11.0, ""59"": 124.0, ""60"": 17.66666667, ""61"": 53.0, ""114"": 182.0, ""116"": 16.0, ""117"": 6.0, ""155"": 3.0, ""158"": 12.0, ""184"": 1.0, ""210"": 3.0, ""212"": 2.0, ""213"": 5.0}",2026-09-30T21:46:22-04:00
Michael Wilson,4360761,WR,ARI,ACTIVE,149.88557949,31.3,92.5286336,181.6,122.68,84.46,106.0,100.0,"{""42"": 883.9458841, ""43"": 4.402455422, ""44"": 0.171166847, ""45"": 0.120861039, ""46"": 0.078982689, ""47"": 176.0, ""48"": 88.0, ""49"": 44.0, ""50"": 35.0, ""51"": 17.0, ""53"": 71.21322804, ""56"": 2.470791805, ""57"": 0.076416241, ""58"": 117.2300159, ""60"": 12.41266417, ""61"": 63.13899172, ""62"": 0.171166847, ""63"": 0.003428422, ""67"": 0.779186755, ""68"": 0.779186755, ""71"": 0.436344583, ""72"": 0.436344583, ""73"": 0.436344583, ""210"": 14.0, ""213"": 41.46101609}","{""41"": 18.0, ""42"": 163.0, ""43"": 1.0, ""47"": 31.0, ""48"": 14.0, ""49"": 6.0, ""50"": 5.0, ""51"": 2.0, ""53"": 18.0, ""54"": 3.0, ""55"": 1.0, ""58"": 31.0, ""59"": 42.0, ""60"": 9.05555556, ""61"": 54.33333333, ""155"": 1.0, ""156"": 2.0, ""158"": 6.0, ""183"": 1.0, ""210"": 3.0, ""213"": 11.0}",2026-09-30T21:46:22-04:00
Ravens D/ST,-16033,D/ST,BAL,,90.57774357,8.0,123.81013464,75.0,127.58,84.42,230.0,241.0,"{""89"": 0.194035825, ""90"": 0.875612929, ""91"": 2.998098669, ""92"": 2.633843691, ""93"": 0.103, ""94"": 1.279337895, ""95"": 9.013323004, ""96"": 6.889441038, ""97"": 1.531295429, ""98"": 0.211, ""99"": 37.37710833, ""100"": 74.75421667, ""101"": 0.122015291, ""102"": 0.185708912, ""103"": 0.840805897, ""104"": 0.438531998, ""105"": 1.690384564, ""106"": 10.59914006, ""109"": 831.5391256, ""110"": 277.0, ""111"": 166.0, ""112"": 32.31779613, ""113"": 62.82310825, ""114"": 1311.496617, ""115"": 292.491537, ""116"": 131.0, ""117"": 52.0, ""118"": 29.0, ""119"": 11.0, ""120"": 330.6045805, ""121"": 2.031421995, ""122"": 2.738917242, ""123"": 1.772240568, ""124"": 0.679475633, ""125"": 0.076353447, ""126"": 23.61461289, ""127"": 4646.72777, ""129"": 0.581960234, ""130"": 4.627635599, ""131"": 3.554865528, ""132"": 2.986928432, ""133"": 1.53553363, ""134"": 0.490809836, ""135"": 0.182300796, ""136"": 0.039965944, ""137"": 331.9091265, ""210"": 17.0}","{""89"": 0.0, ""90"": 0.0, ""91"": 0.0, ""92"": 0.0, ""95"": 1.0, ""96"": 2.0, ""97"": 1.0, ""99"": 6.0, ""100"": 12.0, ""106"": 3.0, ""107"": 84.0, ""108"": 118.0, ""109"": 202.0, ""110"": 67.0, ""111"": 39.0, ""112"": 14.0, ""113"": 12.0, ""114"": 298.0, ""115"": 54.0, ""116"": 28.0, ""117"": 11.0, ""118"": 5.0, ""119"": 1.0, ""120"": 78.0, ""121"": 0.0, ""122"": 2.0, ""123"": 1.0, ""124"": 0.0, ""127"": 964.0, ""128"": 0.0, ""129"": 0.0, ""130"": 2.0, ""131"": 0.0, ""132"": 0.0, ""133"": 1.0, ""134"": 0.0, ""135"": 0.0, ""136"": 0.0, ""155"": 2.0, ""156"": 1.0, ""187"": 78.0, ""188"": 0.0, ""189"": 0.0, ""190"": 0.0, ""191"": 0.0, ""192"": 0.0, ""193"": 2.0, ""194"": 1.0, ""195"": 0.0, ""210"": 3.0}",2026-09-30T21:46:22-04:00
Rams D/ST,-16014,D/ST,LAR,,90.47089864,14.0,102.646422,119.0,113.7,84.31,229.0,240.0,"{""89"": 0.186311787, ""90"": 0.840504303, ""91"": 2.899739844, ""92"": 2.577546528, ""93"": 0.1, ""94"": 1.304799013, ""95"": 10.53160155, ""96"": 7.391257493, ""97"": 1.61, ""98"": 0.212, ""99"": 34.65893935, ""100"": 69.3178787, ""101"": 0.118993081, ""102"": 0.177919249, ""103"": 0.883892462, ""104"": 0.421, ""105"": 1.701913112, ""106"": 11.37116537, ""109"": 861.196749, ""110"": 287.0, ""111"": 172.0, ""112"": 35.06882008, ""113"": 75.57438482, ""114"": 1236.006149, ""115"": 196.9820259, ""116"": 123.0, ""117"": 49.0, ""118"": 19.0, ""119"": 7.0, ""120"": 330.6473119, ""121"": 2.031218731, ""122"": 2.787672604, ""123"": 1.849109466, ""124"": 0.742445467, ""125"": 0.085451271, ""126"": 23.61766514, ""127"": 4598.806276, ""129"": 0.645355246, ""130"": 5.050606273, ""131"": 3.703777934, ""132"": 2.904098607, ""133"": 1.304739954, ""134"": 0.280589237, ""135"": 0.098206233, ""136"": 0.012626516, ""137"": 328.4861626, ""210"": 17.0}","{""89"": 0.0, ""90"": 1.0, ""91"": 0.0, ""92"": 0.0, ""95"": 3.0, ""99"": 3.0, ""100"": 6.0, ""106"": 2.0, ""107"": 102.0, ""108"": 94.0, ""109"": 196.0, ""110"": 65.0, ""111"": 37.0, ""112"": 8.0, ""113"": 25.0, ""114"": 261.0, ""115"": 69.0, ""116"": 24.0, ""117"": 9.0, ""118"": 6.0, ""119"": 2.0, ""120"": 57.0, ""121"": 0.0, ""122"": 2.0, ""123"": 0.0, ""124"": 0.0, ""127"": 818.0, ""128"": 0.0, ""129"": 1.0, ""130"": 1.0, ""131"": 0.0, ""132"": 1.0, ""133"": 0.0, ""134"": 0.0, ""135"": 0.0, ""136"": 0.0, ""155"": 1.0, ""156"": 2.0, ""187"": 57.0, ""188"": 0.0, ""189"": 1.0, ""190"": 0.0, ""191"": 0.0, ""192"": 0.0, ""193"": 2.0, ""194"": 0.0, ""195"": 0.0, ""210"": 3.0}",2026-09-30T21:46:22-04:00
Jayden Daniels,4426348,QB,WSH,QUESTIONABLE,264.02076259,38.2,424.76676397,129.8,70.42,83.95,56.0,56.0,"{""0"": 361.1987144, ""1"": 237.7377451, ""2"": 123.4609693, ""3"": 2723.409906, ""4"": 16.10512, ""5"": 544.0, ""6"": 272.0, ""7"": 136.0, ""8"": 108.0, ""9"": 54.0, ""10"": 27.0, ""11"": 47.0, ""12"": 23.0, ""15"": 2.113783166, ""16"": 1.381357299, ""17"": 1.882260643, ""18"": 0.25424406, ""19"": 0.683416225, ""20"": 6.259676613, ""21"": 0.658191006, ""22"": 226.9508255, ""23"": 100.9337114, ""24"": 584.9036041, ""25"": 2.701152828, ""26"": 0.110392917, ""27"": 116.0, ""28"": 58.0, ""29"": 29.0, ""30"": 23.0, ""31"": 11.0, ""33"": 20.0, ""34"": 10.0, ""35"": 0.199503512, ""36"": 0.139652458, ""37"": 1.247624015, ""38"": 0.0426, ""39"": 5.794928134, ""40"": 48.74196701, ""62"": 0.793809141, ""63"": 0.023927063, ""64"": 26.29685312, ""65"": 4.314214727, ""66"": 1.123754027, ""68"": 5.437968753, ""69"": 2.070823069, ""70"": 0.516926852, ""72"": 2.587749921, ""73"": 8.847426534, ""210"": 12.0, ""211"": 129.8268936, ""212"": 29.35779766}","{""0"": 51.0, ""1"": 29.0, ""2"": 22.0, ""3"": 260.0, ""4"": 3.0, ""5"": 51.0, ""6"": 25.0, ""7"": 12.0, ""8"": 9.0, ""9"": 4.0, ""10"": 1.0, ""11"": 5.0, ""12"": 2.0, ""13"": 4.0, ""14"": 1.0, ""21"": 0.56862745, ""22"": 130.0, ""23"": 12.0, ""24"": 100.0, ""27"": 19.0, ""28"": 9.0, ""29"": 4.0, ""30"": 3.0, ""31"": 1.0, ""33"": 2.0, ""39"": 8.33333333, ""40"": 50.0, ""64"": 1.0, ""66"": 1.0, ""68"": 1.0, ""156"": 2.0, ""158"": 18.0, ""175"": 2.0, ""176"": 1.0, ""210"": 2.0, ""211"": 14.0, ""212"": 6.0}",2026-09-30T21:46:22-04:00
Courtland Sutton,3128429,WR,DEN,ACTIVE,124.03469345,12.2,189.98789151,182.7,118.34,83.3,55.0,80.0,"{""42"": 652.7922089, ""43"": 5.611054773, ""44"": 0.369496686, ""45"": 0.126331498, ""46"": 0.082557634, ""47"": 130.0, ""48"": 65.0, ""49"": 32.0, ""50"": 26.0, ""51"": 13.0, ""53"": 50.10454907, ""56"": 1.116925567, ""57"": 0.03454409, ""58"": 85.71935786, ""60"": 13.02860162, ""61"": 46.62801492, ""62"": 0.369496686, ""63"": 0.002758344, ""67"": 0.62689642, ""68"": 0.62689642, ""71"": 0.351061995, ""72"": 0.351061995, ""73"": 0.351061995, ""210"": 14.0, ""213"": 30.76955544}","{""41"": 8.0, ""42"": 82.0, ""47"": 16.0, ""48"": 7.0, ""49"": 3.0, ""50"": 2.0, ""53"": 8.0, ""58"": 16.0, ""59"": 20.0, ""60"": 10.25, ""61"": 27.33333333, ""108"": 1.0, ""109"": 1.0, ""155"": 2.0, ""156"": 1.0, ""210"": 3.0, ""213"": 4.0}",2026-09-30T21:46:22-04:00
Josh Jacobs,4047365,RB,GB,DAY_TO_DAY,118.43462283,,262.1056305,219.1,122.6,83.01,120.0,92.0,"{""23"": 142.0717491, ""24"": 577.8628809, ""25"": 4.600721541, ""26"": 0.226186186, ""27"": 115.0, ""28"": 57.0, ""29"": 28.0, ""30"": 23.0, ""31"": 11.0, ""33"": 28.0, ""34"": 14.0, ""35"": 0.29488538, ""36"": 0.206419766, ""37"": 1.466919893, ""38"": 0.0501, ""39"": 4.06740175, ""40"": 57.78628809, ""42"": 170.9903399, ""43"": 0.828149884, ""44"": 0.029459737, ""45"": 0.022474225, ""46"": 0.014686906, ""47"": 34.0, ""48"": 17.0, ""49"": 8.0, ""50"": 6.0, ""51"": 3.0, ""53"": 24.15553688, ""56"": 0.070237504, ""57"": 0.002172294, ""58"": 32.25622499, ""60"": 7.078722395, ""61"": 17.09903399, ""62"": 0.255645923, ""63"": 0.00748, ""66"": 1.452584511, ""67"": 0.246973511, ""68"": 1.699558022, ""70"": 0.668188875, ""71"": 0.138305166, ""72"": 0.806494041, ""73"": 0.806494041, ""210"": 10.0, ""212"": 32.79170084, ""213"": 9.883429624}",{},2026-09-30T21:46:22-04:00
Cam Little,4686361,K,JAX,ACTIVE,125.27539293,23.0,135.83740508,160.0,139.99,82.33,250.0,275.0,"{""74"": 4.792671302, ""75"": 6.721468203, ""76"": 1.928796901, ""77"": 6.330004882, ""78"": 7.681677946, ""79"": 1.351673063, ""80"": 13.5205801, ""81"": 13.83831689, ""82"": 0.317736785, ""83"": 24.64325629, ""84"": 28.24146304, ""85"": 3.598206749, ""86"": 39.02848334, ""87"": 39.824983, ""88"": 0.79649966, ""198"": 4.792671302, ""199"": 6.721468203, ""200"": 1.928796901, ""210"": 14.0, ""214"": 949.2718731, ""215"": 174.5124241, ""216"": 1123.784297}","{""75"": 2.0, ""76"": 2.0, ""77"": 3.0, ""78"": 3.0, ""80"": 1.0, ""81"": 1.0, ""83"": 4.0, ""84"": 6.0, ""85"": 2.0, ""86"": 10.0, ""87"": 10.0, ""155"": 2.0, ""156"": 1.0, ""158"": 22.0, ""199"": 1.0, ""200"": 1.0, ""202"": 1.0, ""203"": 1.0, ""210"": 3.0, ""214"": 154.0, ""215"": 124.0, ""216"": 278.0, ""217"": 30.0, ""218"": 14.0, ""219"": 7.0, ""220"": 5.0, ""221"": 2.0, ""223"": 24.0, ""224"": 12.0, ""225"": 5.0, ""226"": 4.0, ""227"": 2.0, ""229"": 55.0, ""230"": 27.0, ""231"": 13.0, ""232"": 9.0, ""233"": 4.0, ""234"": 1.0}",2026-09-30T21:46:22-04:00
Cameron Dicker,4362081,K,LAC,ACTIVE,119.77805323,12.0,143.92880539,167.0,113.89,82.3,241.0,258.0,"{""74"": 5.289553825, ""75"": 7.4018952, ""76"": 2.112341375, ""77"": 6.984187648, ""78"": 8.4593088, ""79"": 1.475121152, ""80"": 14.91340562, ""81"": 15.239196, ""82"": 0.325790381, ""83"": 27.18714709, ""84"": 31.1004, ""85"": 3.913252908, ""86"": 24.56656956, ""87"": 25.06792812, ""88"": 0.501358562, ""198"": 5.289553825, ""199"": 7.4018952, ""200"": 2.112341375, ""210"": 14.0, ""214"": 1047.326519, ""215"": 190.2205975, ""216"": 1237.547117}","{""75"": 1.0, ""76"": 1.0, ""78"": 1.0, ""79"": 1.0, ""80"": 3.0, ""81"": 3.0, ""83"": 3.0, ""84"": 5.0, ""85"": 2.0, ""86"": 5.0, ""87"": 5.0, ""156"": 3.0, ""158"": 14.0, ""199"": 1.0, ""200"": 1.0, ""210"": 3.0, ""214"": 85.0, ""215"": 103.0, ""216"": 188.0, ""217"": 17.0, ""218"": 8.0, ""219"": 4.0, ""220"": 3.0, ""221"": 1.0, ""223"": 20.0, ""224"": 9.0, ""225"": 4.0, ""226"": 3.0, ""227"": 1.0, ""229"": 37.0, ""230"": 18.0, ""231"": 8.0, ""232"": 7.0, ""233"": 3.0, ""234"": 1.0}",2026-09-30T21:46:22-04:00
Kyle Pitts Sr.,4360248,TE,ATL,ACTIVE,80.67294022,3.0,118.16065634,166.8,100.22,81.93,78.0,77.0,"{""42"": 487.862402, ""43"": 1.918308222, ""44"": 0.127492906, ""45"": 0.118691426, ""46"": 0.077564847, ""47"": 97.0, ""48"": 48.0, ""49"": 24.0, ""50"": 19.0, ""51"": 9.0, ""53"": 40.80257483, ""56"": 0.500134256, ""57"": 0.01546807, ""58"": 64.88517236, ""60"": 11.95665724, ""61"": 34.84731443, ""62"": 0.127492906, ""63"": 0.001097731, ""67"": 0.249484411, ""68"": 0.249484411, ""71"": 0.13971127, ""72"": 0.13971127, ""73"": 0.13971127, ""210"": 14.0, ""213"": 22.59118991}","{""41"": 2.0, ""42"": 20.0, ""47"": 4.0, ""48"": 1.0, ""53"": 2.0, ""58"": 6.0, ""59"": 4.0, ""60"": 10.0, ""61"": 6.66666667, ""107"": 1.0, ""109"": 1.0, ""155"": 1.0, ""156"": 2.0, ""210"": 3.0, ""213"": 1.0}",2026-09-30T21:46:22-04:00
Harrison Butker,3055899,K,KC,ACTIVE,124.63022572,28.0,138.6209187,144.0,137.09,81.87,249.0,272.0,"{""74"": 4.816928551, ""75"": 6.982206, ""76"": 2.165277449, ""77"": 6.390803905, ""78"": 7.979664, ""79"": 1.588860095, ""80"": 13.71224016, ""81"": 14.37513, ""82"": 0.66288984, ""83"": 24.91997262, ""84"": 29.337, ""85"": 4.417027384, ""86"": 38.26267425, ""87"": 39.98664481, ""88"": 1.72397056, ""198"": 4.816928551, ""199"": 6.982206, ""200"": 2.165277449, ""210"": 14.0, ""214"": 959.0675223, ""215"": 208.3103817, ""216"": 1167.377904}","{""75"": 2.0, ""76"": 2.0, ""77"": 2.0, ""78"": 2.0, ""80"": 4.0, ""81"": 4.0, ""83"": 6.0, ""84"": 8.0, ""85"": 2.0, ""86"": 10.0, ""87"": 10.0, ""107"": 1.0, ""109"": 1.0, ""155"": 3.0, ""158"": 28.0, ""199"": 2.0, ""200"": 2.0, ""210"": 3.0, ""214"": 207.0, ""215"": 101.0, ""216"": 308.0, ""217"": 40.0, ""218"": 19.0, ""219"": 9.0, ""220"": 7.0, ""221"": 2.0, ""222"": 1.0, ""223"": 20.0, ""224"": 10.0, ""225"": 4.0, ""226"": 4.0, ""227"": 2.0, ""229"": 60.0, ""230"": 29.0, ""231"": 14.0, ""232"": 11.0, ""233"": 4.0, ""234"": 1.0}",2026-09-30T21:46:22-04:00
Jared Goff,3046779,QB,DET,ACTIVE,300.4423286,81.3,312.91576774,363.5,131.76,81.06,168.0,159.0,"{""0"": 469.9330696, ""1"": 325.5017929, ""2"": 144.4312767, ""3"": 3632.338471, ""4"": 27.62412, ""5"": 726.0, ""6"": 363.0, ""7"": 181.0, ""8"": 145.0, ""9"": 72.0, ""10"": 36.0, ""11"": 65.0, ""12"": 32.0, ""15"": 3.157596545, ""16"": 2.063489342, ""17"": 3.612256968, ""18"": 0.487921202, ""19"": 1.131045142, ""20"": 7.733200849, ""21"": 0.692655644, ""22"": 259.4527479, ""23"": 26.76182058, ""24"": 39.90195092, ""25"": 0.777536737, ""26"": 0.028303718, ""27"": 7.0, ""28"": 3.0, ""29"": 1.0, ""30"": 1.0, ""33"": 5.0, ""34"": 2.0, ""35"": 0.049946462, ""36"": 0.034962523, ""37"": 0.004781534, ""38"": 0.000163175, ""39"": 1.491002856, ""40"": 2.850139351, ""62"": 1.159348859, ""63"": 0.027604497, ""64"": 32.26527818, ""65"": 5.956339838, ""66"": 0.317409443, ""68"": 6.273749282, ""69"": 2.859043122, ""70"": 0.146008344, ""72"": 3.005051466, ""73"": 10.73825232, ""210"": 14.0, ""211"": 178.4147082, ""212"": 5.259167665}","{""0"": 109.0, ""1"": 77.0, ""2"": 32.0, ""3"": 802.0, ""4"": 8.0, ""5"": 159.0, ""6"": 78.0, ""7"": 39.0, ""8"": 31.0, ""9"": 15.0, ""10"": 7.0, ""11"": 15.0, ""12"": 6.0, ""13"": 5.0, ""14"": 2.0, ""17"": 1.0, ""21"": 0.70642202, ""22"": 267.33333333, ""23"": 9.0, ""24"": 15.0, ""27"": 2.0, ""39"": 1.66666667, ""40"": 5.0, ""64"": 7.0, ""65"": 1.0, ""66"": 2.0, ""68"": 3.0, ""155"": 2.0, ""156"": 1.0, ""158"": 48.0, ""175"": 4.0, ""176"": 3.0, ""177"": 1.0, ""210"": 3.0, ""211"": 43.0}",2026-09-30T21:46:22-04:00
Vikings D/ST,-16016,D/ST,MIN,,109.89893491,41.0,118.10868447,121.0,143.92,80.94,425.0,428.0,"{""89"": 0.255883826, ""90"": 1.156735103, ""91"": 3.785678518, ""92"": 3.08462694, ""93"": 0.101, ""94"": 1.243747106, ""95"": 9.793881476, ""96"": 7.430583926, ""97"": 1.6, ""98"": 0.218, ""99"": 40.04655571, ""100"": 80.09311143, ""101"": 0.110110886, ""102"": 0.326403491, ""103"": 0.811398863, ""104"": 0.432, ""105"": 1.781189416, ""106"": 11.43166758, ""109"": 863.890654, ""110"": 287.0, ""111"": 172.0, ""112"": 41.91467018, ""113"": 71.7945938, ""114"": 1260.139579, ""115"": 286.2719139, ""116"": 126.0, ""117"": 50.0, ""118"": 28.0, ""119"": 11.0, ""120"": 290.5449062, ""121"": 2.033049574, ""122"": 2.348522784, ""123"": 1.156735103, ""124"": 0.175262894, ""125"": 0.003505258, ""126"": 20.75320759, ""127"": 4625.461579, ""129"": 0.603085554, ""130"": 4.76858345, ""131"": 3.604488079, ""132"": 2.959326788, ""133"": 1.458625526, ""134"": 0.420757363, ""135"": 0.1542777, ""136"": 0.03085554, ""137"": 330.3901128, ""210"": 17.0}","{""89"": 0.0, ""90"": 1.0, ""91"": 0.0, ""92"": 1.0, ""95"": 4.0, ""96"": 2.0, ""97"": 1.0, ""99"": 14.0, ""100"": 28.0, ""102"": 1.0, ""105"": 1.0, ""106"": 3.0, ""107"": 86.0, ""108"": 123.0, ""109"": 209.0, ""110"": 68.0, ""111"": 40.0, ""112"": 14.0, ""113"": 18.0, ""114"": 353.0, ""115"": 130.0, ""116"": 34.0, ""117"": 13.0, ""118"": 12.0, ""119"": 4.0, ""120"": 41.0, ""121"": 0.0, ""122"": 1.0, ""123"": 0.0, ""124"": 0.0, ""127"": 959.0, ""128"": 0.0, ""129"": 0.0, ""130"": 2.0, ""131"": 0.0, ""132"": 0.0, ""133"": 1.0, ""134"": 0.0, ""135"": 0.0, ""136"": 0.0, ""155"": 3.0, ""187"": 41.0, ""188"": 0.0, ""189"": 1.0, ""190"": 0.0, ""191"": 1.0, ""192"": 0.0, ""193"": 1.0, ""194"": 0.0, ""195"": 0.0, ""210"": 3.0}",2026-09-30T21:46:22-04:00
Josh Downs,4688813,WR,IND,ACTIVE,124.62773001,25.6,141.72855362,107.4,134.85,80.78,153.0,128.0,"{""23"": 1.808726365, ""24"": 9.364251439, ""25"": 0.085917825, ""26"": 0.002484783, ""27"": 1.0, ""35"": 0.003321008, ""36"": 0.002324706, ""37"": 0.000207, ""38"": 7.05e-06, ""39"": 5.177262643, ""40"": 0.668875103, ""42"": 727.1218332, ""43"": 3.34941083, ""44"": 0.170106895, ""45"": 0.141757878, ""46"": 0.092638773, ""47"": 145.0, ""48"": 72.0, ""49"": 36.0, ""50"": 29.0, ""51"": 14.0, ""53"": 62.02689716, ""56"": 1.534763984, ""57"": 0.047466927, ""58"": 92.66287661, ""60"": 11.72268591, ""61"": 51.9372738, ""62"": 0.172591678, ""63"": 0.003914917, ""66"": 0.025210397, ""67"": 0.864543531, ""68"": 0.889753927, ""70"": 0.011596782, ""71"": 0.484144377, ""72"": 0.49574116, ""73"": 0.49574116, ""210"": 14.0, ""212"": 2.196469238, ""213"": 34.61194975}","{""41"": 14.0, ""42"": 186.0, ""47"": 36.0, ""48"": 17.0, ""49"": 7.0, ""50"": 6.0, ""51"": 2.0, ""53"": 14.0, ""54"": 2.0, ""58"": 24.0, ""59"": 69.0, ""60"": 13.28571429, ""61"": 62.0, ""108"": 1.0, ""109"": 1.0, ""155"": 1.0, ""156"": 2.0, ""210"": 3.0, ""213"": 12.0}",2026-09-30T21:46:22-04:00
Dallas Goedert,3121023,TE,PHI,DOUBTFUL,115.29578966,22.6,124.40862608,155.1,137.41,79.86,124.0,129.0,"{""42"": 613.7180007, ""43"": 4.2811415, ""44"": 0.189417276, ""45"": 0.165433037, ""46"": 0.10811049, ""47"": 122.0, ""48"": 61.0, ""49"": 30.0, ""50"": 24.0, ""51"": 12.0, ""53"": 56.97101705, ""56"": 1.072802312, ""57"": 0.033179453, ""58"": 74.03402225, ""60"": 10.77245997, ""61"": 47.20907698, ""62"": 0.189417276, ""63"": 0.00246401, ""67"": 0.560002218, ""68"": 0.560002218, ""71"": 0.313601242, ""72"": 0.313601242, ""73"": 0.313601242, ""210"": 13.0, ""213"": 30.78094423}","{""41"": 5.0, ""42"": 81.0, ""43"": 2.0, ""45"": 1.0, ""47"": 15.0, ""48"": 7.0, ""49"": 3.0, ""50"": 3.0, ""51"": 1.0, ""53"": 5.0, ""58"": 8.0, ""59"": 32.0, ""60"": 16.2, ""61"": 40.5, ""155"": 2.0, ""158"": 12.0, ""184"": 1.0, ""210"": 2.0, ""213"": 3.0}",2026-09-30T21:46:22-04:00
Jake Ferguson,4242355,TE,DAL,ACTIVE,92.25826385,27.7,117.008572,147.1,132.02,79.8,133.0,138.0,"{""42"": 409.7764181, ""43"": 4.552491901, ""44"": 0.216153672, ""45"": 0.055321778, ""46"": 0.036152782, ""47"": 81.0, ""48"": 40.0, ""49"": 20.0, ""50"": 16.0, ""51"": 8.0, ""53"": 49.27421124, ""56"": 0.31337655, ""57"": 0.009692058, ""58"": 65.31849657, ""60"": 8.316245107, ""61"": 29.26974415, ""62"": 0.216153672, ""63"": 0.004336131, ""67"": 0.985484225, ""68"": 0.985484225, ""71"": 0.551871166, ""72"": 0.551871166, ""73"": 0.551871166, ""210"": 14.0, ""213"": 23.4460088}","{""41"": 9.0, ""42"": 72.0, ""43"": 3.0, ""47"": 13.0, ""48"": 6.0, ""49"": 3.0, ""50"": 1.0, ""53"": 9.0, ""58"": 11.0, ""59"": 24.0, ""60"": 8.0, ""61"": 24.0, ""67"": 1.0, ""68"": 1.0, ""71"": 1.0, ""72"": 1.0, ""73"": 1.0, ""155"": 1.0, ""156"": 2.0, ""158"": 18.0, ""184"": 3.0, ""210"": 3.0, ""213"": 4.0}",2026-09-30T21:46:22-04:00
Mark Andrews,3116365,TE,BAL,ACTIVE,112.5157124,18.7,142.6977715,107.0,138.5,79.78,132.0,147.0,"{""42"": 572.727645, ""43"": 4.694873037, ""44"": 0.222350172, ""45"": 0.130602233, ""46"": 0.08534856, ""47"": 114.0, ""48"": 57.0, ""49"": 28.0, ""50"": 22.0, ""51"": 11.0, ""53"": 54.93920135, ""56"": 0.779106991, ""57"": 0.024096093, ""58"": 74.44956213, ""60"": 10.42475374, ""61"": 40.9091175, ""62"": 0.222350172, ""63"": 0.003302323, ""67"": 0.75052798, ""68"": 0.75052798, ""71"": 0.420295669, ""72"": 0.420295669, ""73"": 0.420295669, ""210"": 14.0, ""213"": 29.28902446}","{""41"": 13.0, ""42"": 122.0, ""47"": 22.0, ""48"": 10.0, ""49"": 5.0, ""50"": 2.0, ""53"": 13.0, ""54"": 1.0, ""58"": 18.0, ""59"": 32.0, ""60"": 9.38461538, ""61"": 40.66666667, ""155"": 2.0, ""156"": 1.0, ""210"": 3.0, ""213"": 7.0}",2026-09-30T21:46:22-04:00
Eddy Pineiro,4034949,K,SF,ACTIVE,131.07326615,23.0,,139.0,147.18,79.58,248.0,268.0,"{""74"": 5.117664241, ""75"": 7.0562716, ""76"": 1.938607359, ""77"": 6.743897587, ""78"": 8.0643104, ""79"": 1.320412813, ""80"": 14.37165871, ""81"": 14.527618, ""82"": 0.155959292, ""83"": 26.23322054, ""84"": 29.6482, ""85"": 3.414979464, ""86"": 38.80935793, ""87"": 39.60138565, ""88"": 0.792027713, ""198"": 5.117664241, ""199"": 7.0562716, ""200"": 1.938607359, ""210"": 14.0, ""214"": 1010.979022, ""215"": 168.7821527, ""216"": 1179.761174}","{""74"": 2.0, ""75"": 3.0, ""76"": 1.0, ""80"": 1.0, ""81"": 1.0, ""83"": 3.0, ""84"": 4.0, ""85"": 1.0, ""86"": 11.0, ""87"": 13.0, ""88"": 2.0, ""155"": 3.0, ""158"": 20.0, ""198"": 2.0, ""199"": 3.0, ""200"": 1.0, ""210"": 3.0, ""214"": 133.0, ""215"": 52.0, ""216"": 185.0, ""217"": 26.0, ""218"": 12.0, ""219"": 5.0, ""220"": 5.0, ""221"": 2.0, ""223"": 10.0, ""224"": 5.0, ""225"": 2.0, ""226"": 2.0, ""227"": 1.0, ""229"": 36.0, ""230"": 17.0, ""231"": 8.0, ""232"": 7.0, ""233"": 3.0, ""234"": 1.0}",2026-09-30T21:46:22-04:00
Broncos D/ST,-16007,D/ST,DEN,,95.9466398,21.0,129.22624058,129.0,104.92,79.53,225.0,234.0,"{""89"": 0.224947442, ""90"": 1.01611773, ""91"": 3.391730904, ""92"": 2.85914506, ""93"": 0.1, ""94"": 1.277974393, ""95"": 10.43605192, ""96"": 4.87820533, ""97"": 1.590324518, ""98"": 0.214, ""99"": 36.82857205, ""100"": 73.6571441, ""101"": 0.134848725, ""102"": 0.230261943, ""103"": 0.853950613, ""104"": 0.424023781, ""105"": 1.743354753, ""106"": 7.504931277, ""109"": 855.4620107, ""110"": 285.0, ""111"": 171.0, ""112"": 34.52671901, ""113"": 64.78113494, ""114"": 1260.331836, ""115"": 251.6922619, ""116"": 126.0, ""117"": 50.0, ""118"": 25.0, ""119"": 10.0, ""120"": 313.6508764, ""121"": 2.032235459, ""122"": 2.543798178, ""123"": 1.464611072, ""124"": 0.427470217, ""125"": 0.039943938, ""126"": 22.40363403, ""127"": 4728.446666, ""129"": 0.518622347, ""130"": 4.205046055, ""131"": 3.406087305, ""132"": 3.06968362, ""133"": 1.766119343, ""134"": 0.700841009, ""135"": 0.266319584, ""136"": 0.067280737, ""137"": 337.7461905, ""210"": 17.0}","{""89"": 0.0, ""90"": 0.0, ""91"": 1.0, ""92"": 0.0, ""94"": 1.0, ""95"": 4.0, ""99"": 8.0, ""100"": 16.0, ""103"": 1.0, ""105"": 1.0, ""107"": 89.0, ""108"": 118.0, ""109"": 207.0, ""110"": 68.0, ""111"": 41.0, ""112"": 10.0, ""113"": 18.0, ""114"": 329.0, ""115"": 77.0, ""116"": 31.0, ""117"": 12.0, ""118"": 6.0, ""119"": 2.0, ""120"": 70.0, ""121"": 0.0, ""122"": 1.0, ""123"": 1.0, ""124"": 0.0, ""127"": 1142.0, ""128"": 0.0, ""129"": 0.0, ""130"": 1.0, ""131"": 0.0, ""132"": 1.0, ""133"": 0.0, ""134"": 1.0, ""135"": 0.0, ""136"": 0.0, ""155"": 2.0, ""156"": 1.0, ""187"": 70.0, ""188"": 0.0, ""189"": 0.0, ""190"": 1.0, ""191"": 0.0, ""192"": 0.0, ""193"": 1.0, ""194"": 1.0, ""195"": 0.0, ""210"": 3.0}",2026-09-30T21:46:22-04:00
Bryce Young,4685720,QB,CAR,ACTIVE,280.85798511,83.0,312.56561994,262.4,139.66,79.48,313.0,320.0,"{""0"": 491.0440247, ""1"": 303.3845596, ""2"": 187.6594651, ""3"": 3428.955306, ""4"": 22.21352, ""5"": 685.0, ""6"": 342.0, ""7"": 171.0, ""8"": 137.0, ""9"": 68.0, ""10"": 34.0, ""11"": 60.0, ""12"": 30.0, ""15"": 2.837774175, ""16"": 1.854485423, ""17"": 2.898673199, ""18"": 0.391534745, ""19"": 0.974674006, ""20"": 10.00418941, ""21"": 0.617835763, ""22"": 244.925379, ""23"": 43.29781533, ""24"": 228.6328897, ""25"": 2.103401118, ""26"": 0.127645057, ""27"": 45.0, ""28"": 22.0, ""29"": 11.0, ""30"": 9.0, ""31"": 4.0, ""33"": 8.0, ""34"": 4.0, ""35"": 0.081675458, ""36"": 0.057172821, ""37"": 0.16230444, ""38"": 0.00554, ""39"": 5.280471726, ""40"": 16.33092069, ""62"": 1.102319063, ""63"": 0.032659464, ""64"": 34.19037866, ""65"": 6.857320716, ""66"": 0.565284765, ""68"": 7.42260548, ""69"": 3.291513944, ""70"": 0.260030992, ""72"": 3.551544935, ""73"": 13.55573434, ""210"": 14.0, ""211"": 165.594983, ""212"": 13.62477695}","{""0"": 121.0, ""1"": 72.0, ""2"": 49.0, ""3"": 939.0, ""4"": 7.0, ""5"": 187.0, ""6"": 93.0, ""7"": 46.0, ""8"": 36.0, ""9"": 17.0, ""10"": 7.0, ""11"": 13.0, ""12"": 6.0, ""13"": 8.0, ""14"": 4.0, ""15"": 1.0, ""16"": 1.0, ""17"": 1.0, ""20"": 2.0, ""21"": 0.59504132, ""22"": 313.0, ""23"": 3.0, ""24"": 16.0, ""25"": 1.0, ""27"": 3.0, ""28"": 1.0, ""39"": 5.33333333, ""40"": 5.33333333, ""64"": 7.0, ""73"": 2.0, ""155"": 1.0, ""156"": 2.0, ""158"": 48.0, ""175"": 5.0, ""176"": 1.0, ""179"": 1.0, ""210"": 3.0, ""211"": 46.0, ""212"": 2.0}",2026-09-30T21:46:22-04:00
Michael Pittman Jr.,4035687,WR,PIT,ACTIVE,110.5934434,9.9,157.82322805,162.4,117.2,79.11,88.0,74.0,"{""42"": 634.1775351, ""43"": 2.857502838, ""44"": 0.102873498, ""45"": 0.076705647, ""46"": 0.050127141, ""47"": 126.0, ""48"": 63.0, ""49"": 31.0, ""50"": 25.0, ""51"": 12.0, ""53"": 61.45112483, ""56"": 1.031947477, ""57"": 0.031915901, ""58"": 93.23656173, ""60"": 10.32003136, ""61"": 45.29839537, ""62"": 0.102873498, ""63"": 0.003538215, ""67"": 0.804139774, ""68"": 0.804139774, ""71"": 0.450318273, ""72"": 0.450318273, ""73"": 0.450318273, ""210"": 14.0, ""213"": 31.71652419}","{""41"": 5.0, ""42"": 74.0, ""47"": 14.0, ""48"": 6.0, ""49"": 2.0, ""50"": 2.0, ""51"": 1.0, ""53"": 5.0, ""58"": 8.0, ""59"": 30.0, ""60"": 14.8, ""61"": 37.0, ""155"": 2.0, ""210"": 2.0, ""213"": 3.0}",2026-09-30T21:46:22-04:00
J.K. Dobbins,4241985,RB,DEN,ACTIVE,149.93830255,13.0,152.34179459,110.4,136.09,78.47,119.0,120.0,"{""23"": 218.1801712, ""24"": 965.7131559, ""25"": 5.911107281, ""26"": 0.392697485, ""27"": 193.0, ""28"": 96.0, ""29"": 48.0, ""30"": 38.0, ""31"": 19.0, ""33"": 43.0, ""34"": 21.0, ""35"": 0.457921442, ""36"": 0.320545009, ""37"": 2.924132607, ""38"": 0.0998, ""39"": 4.42621871, ""40"": 68.97951114, ""42"": 86.59795552, ""43"": 0.410985839, ""44"": 0.027067316, ""45"": 0.02833831, ""46"": 0.018519086, ""47"": 17.0, ""48"": 8.0, ""49"": 4.0, ""50"": 3.0, ""51"": 1.0, ""53"": 13.71916112, ""56"": 0.037031257, ""57"": 0.001145297, ""58"": 18.0461806, ""60"": 6.312190282, ""61"": 6.185568252, ""62"": 0.419764801, ""63"": 0.004365273, ""66"": 0.933414396, ""67"": 0.058693063, ""68"": 0.992107459, ""70"": 0.429370622, ""71"": 0.032868115, ""72"": 0.462238737, ""73"": 0.462238737, ""210"": 14.0, ""212"": 51.97584087, ""213"": 4.73631955}","{""23"": 35.0, ""24"": 121.0, ""27"": 23.0, ""28"": 10.0, ""29"": 4.0, ""30"": 3.0, ""33"": 6.0, ""34"": 2.0, ""39"": 3.45714286, ""40"": 40.33333333, ""41"": 1.0, ""42"": 4.0, ""53"": 1.0, ""58"": 2.0, ""59"": 4.0, ""60"": 4.0, ""61"": 1.33333333, ""65"": 1.0, ""66"": 1.0, ""68"": 1.0, ""155"": 2.0, ""156"": 1.0, ""210"": 3.0, ""212"": 4.0}",2026-09-30T21:46:22-04:00
Bo Nix,4426338,QB,DEN,ACTIVE,269.52991672,51.5,355.68370748,353.6,130.69,77.62,97.0,136.0,"{""0"": 472.6011185, ""1"": 305.9463329, ""2"": 166.6547855, ""3"": 3274.682025, ""4"": 19.497492, ""5"": 654.0, ""6"": 327.0, ""7"": 163.0, ""8"": 130.0, ""9"": 65.0, ""10"": 32.0, ""11"": 61.0, ""12"": 30.0, ""15"": 2.606815016, ""16"": 1.703553613, ""17"": 2.446131168, ""18"": 0.330408183, ""19"": 1.283638122, ""20"": 10.29118989, ""21"": 0.647366925, ""22"": 233.9058589, ""23"": 68.49809017, ""24"": 271.4545846, ""25"": 2.896053231, ""26"": 0.192430651, ""27"": 54.0, ""28"": 27.0, ""29"": 13.0, ""30"": 10.0, ""31"": 5.0, ""33"": 13.0, ""34"": 6.0, ""35"": 0.131305579, ""36"": 0.091913905, ""37"": 0.229220784, ""38"": 0.007822426, ""39"": 3.962951141, ""40"": 19.38961319, ""62"": 1.476068773, ""63"": 0.023708326, ""64"": 23.36564833, ""65"": 4.734388306, ""66"": 0.653867515, ""68"": 5.388255821, ""69"": 2.272506387, ""70"": 0.300779057, ""72"": 2.573285444, ""73"": 12.86447533, ""210"": 14.0, ""211"": 161.4985648, ""212"": 17.19258586}","{""0"": 93.0, ""1"": 56.0, ""2"": 37.0, ""3"": 605.0, ""4"": 4.0, ""5"": 120.0, ""6"": 59.0, ""7"": 29.0, ""8"": 23.0, ""9"": 10.0, ""10"": 4.0, ""11"": 10.0, ""12"": 4.0, ""13"": 6.0, ""14"": 2.0, ""19"": 2.0, ""20"": 3.0, ""21"": 0.60215054, ""22"": 201.66666667, ""23"": 12.0, ""24"": 15.0, ""25"": 1.0, ""27"": 2.0, ""33"": 1.0, ""39"": 1.25, ""40"": 5.0, ""64"": 5.0, ""65"": 1.0, ""66"": 1.0, ""68"": 3.0, ""72"": 1.0, ""73"": 4.0, ""155"": 2.0, ""156"": 1.0, ""158"": 30.0, ""175"": 3.0, ""176"": 1.0, ""179"": 1.0, ""210"": 3.0, ""211"": 29.0, ""212"": 4.0}",2026-09-30T21:46:22-04:00
Justin Herbert,4038941,QB,LAC,ACTIVE,230.11137591,39.6,334.2458904,338.0,119.29,77.55,111.0,97.0,"{""0"": 444.5078689, ""1"": 283.0733512, ""2"": 161.4345177, ""3"": 3179.501838, ""4"": 14.918976, ""5"": 635.0, ""6"": 317.0, ""7"": 158.0, ""8"": 127.0, ""9"": 63.0, ""10"": 31.0, ""11"": 56.0, ""12"": 28.0, ""15"": 2.468823101, ""16"": 1.613375897, ""17"": 2.198845468, ""18"": 0.297006369, ""19"": 0.639768689, ""20"": 11.04134539, ""21"": 0.636824162, ""22"": 227.1072741, ""23"": 62.9372624, ""24"": 302.3182666, ""25"": 1.692704549, ""26"": 0.061922411, ""27"": 60.0, ""28"": 30.0, ""29"": 15.0, ""30"": 12.0, ""31"": 6.0, ""33"": 12.0, ""34"": 6.0, ""35"": 0.120220262, ""36"": 0.084154183, ""37"": 0.284376088, ""38"": 0.009704665, ""39"": 4.803486124, ""40"": 21.5941619, ""62"": 0.7016911, ""63"": 0.028145009, ""64"": 38.36114225, ""65"": 5.658997859, ""66"": 0.737595134, ""68"": 6.396592994, ""69"": 2.716318973, ""70"": 0.339293762, ""72"": 3.055612734, ""73"": 14.09695812, ""210"": 14.0, ""211"": 151.3700414, ""212"": 16.9997713}","{""0"": 88.0, ""1"": 52.0, ""2"": 36.0, ""3"": 627.0, ""4"": 3.0, ""5"": 124.0, ""6"": 61.0, ""7"": 30.0, ""8"": 24.0, ""9"": 11.0, ""10"": 5.0, ""11"": 10.0, ""12"": 4.0, ""13"": 6.0, ""14"": 3.0, ""20"": 4.0, ""21"": 0.59090909, ""22"": 209.0, ""23"": 12.0, ""24"": 48.0, ""27"": 8.0, ""28"": 3.0, ""29"": 1.0, ""30"": 1.0, ""33"": 1.0, ""39"": 4.0, ""40"": 16.0, ""64"": 8.0, ""65"": 2.0, ""66"": 1.0, ""68"": 3.0, ""73"": 4.0, ""108"": 1.0, ""109"": 1.0, ""156"": 3.0, ""158"": 18.0, ""175"": 2.0, ""176"": 1.0, ""210"": 3.0, ""211"": 28.0, ""212"": 3.0}",2026-09-30T21:46:22-04:00
Kyle Monangai,4608686,RB,CHI,ACTIVE,103.29711451,29.3,47.45056569,137.7,136.88,77.03,121.0,121.0,"{""23"": 118.6254209, ""24"": 519.2060506, ""25"": 3.743539008, ""26"": 0.12871338, ""27"": 103.0, ""28"": 51.0, ""29"": 25.0, ""30"": 20.0, ""31"": 10.0, ""33"": 23.0, ""34"": 11.0, ""35"": 0.23463175, ""36"": 0.164242225, ""37"": 0.8442842, ""38"": 0.028812181, ""39"": 4.376853177, ""40"": 37.08614647, ""42"": 152.6321128, ""43"": 0.757626227, ""44"": 0.033183086, ""45"": 0.045572213, ""46"": 0.029781441, ""47"": 30.0, ""48"": 15.0, ""49"": 7.0, ""50"": 6.0, ""51"": 3.0, ""53"": 18.6778216, ""56"": 0.057242587, ""57"": 0.001770389, ""58"": 25.53320344, ""60"": 8.171836958, ""61"": 10.90229377, ""62"": 0.161896466, ""63"": 0.002584596, ""66"": 0.507501094, ""67"": 0.079907113, ""68"": 0.587408207, ""70"": 0.233450503, ""71"": 0.044747983, ""72"": 0.278198487, ""73"": 0.278198487, ""210"": 14.0, ""212"": 29.23519082, ""213"": 7.829271517}","{""23"": 30.0, ""24"": 178.0, ""25"": 1.0, ""27"": 35.0, ""28"": 17.0, ""29"": 8.0, ""30"": 6.0, ""31"": 2.0, ""32"": 1.0, ""33"": 6.0, ""34"": 3.0, ""35"": 1.0, ""36"": 1.0, ""37"": 1.0, ""39"": 5.93333333, ""40"": 59.33333333, ""41"": 4.0, ""42"": 35.0, ""47"": 6.0, ""48"": 3.0, ""49"": 1.0, ""53"": 4.0, ""58"": 4.0, ""59"": 25.0, ""60"": 8.75, ""61"": 11.66666667, ""155"": 2.0, ""156"": 1.0, ""158"": 6.0, ""210"": 3.0, ""212"": 8.0, ""213"": 1.0}",2026-09-30T21:46:22-04:00
Jordan Addison,4429205,WR,MIN,ACTIVE,129.297638,20.6,137.9367262,114.1,138.07,76.44,91.0,127.0,"{""23"": 1.841817098, ""24"": 11.61919971, ""25"": 0.118786075, ""26"": 0.005821114, ""27"": 2.0, ""28"": 1.0, ""35"": 0.003381835, ""36"": 0.002367285, ""37"": 0.000337835, ""38"": 1.15e-05, ""39"": 6.30855242, ""40"": 0.829942836, ""42"": 722.0342162, ""43"": 4.816636097, ""44"": 0.265522203, ""45"": 0.179327989, ""46"": 0.117190841, ""47"": 144.0, ""48"": 72.0, ""49"": 36.0, ""50"": 28.0, ""51"": 14.0, ""53"": 53.11522242, ""56"": 1.467047087, ""57"": 0.04537259, ""58"": 87.00213527, ""60"": 13.59373421, ""61"": 51.57387258, ""62"": 0.271343318, ""63"": 0.003084847, ""66"": 0.023496551, ""67"": 0.677605039, ""68"": 0.701101591, ""70"": 0.010808414, ""71"": 0.379458822, ""72"": 0.390267236, ""73"": 0.390267236, ""210"": 14.0, ""212"": 2.299121995, ""213"": 33.04035998}","{""41"": 7.0, ""42"": 111.0, ""43"": 1.0, ""45"": 1.0, ""47"": 22.0, ""48"": 11.0, ""49"": 5.0, ""50"": 3.0, ""51"": 1.0, ""53"": 7.0, ""54"": 1.0, ""58"": 16.0, ""59"": 17.0, ""60"": 15.85714286, ""61"": 37.0, ""155"": 3.0, ""158"": 6.0, ""210"": 3.0, ""213"": 4.0}",2026-09-30T21:46:22-04:00
Marvin Harrison Jr.,4432708,WR,ARI,ACTIVE,73.05179482,9.3,198.70587423,107.3,113.85,75.01,74.0,69.0,"{""42"": 423.1902849, ""43"": 2.6767013, ""44"": 0.104108544, ""45"": 0.119673871, ""46"": 0.078206875, ""47"": 84.0, ""48"": 42.0, ""49"": 21.0, ""50"": 16.0, ""51"": 8.0, ""53"": 29.98103361, ""56"": 0.340837483, ""57"": 0.010541365, ""58"": 56.27040765, ""60"": 14.11526669, ""61"": 30.2278775, ""62"": 0.104108544, ""63"": 0.002067117, ""67"": 0.46979943, ""68"": 0.46979943, ""71"": 0.263087681, ""72"": 0.263087681, ""73"": 0.263087681, ""210"": 14.0, ""213"": 18.65131924}","{""41"": 4.0, ""42"": 73.0, ""47"": 14.0, ""48"": 7.0, ""49"": 3.0, ""50"": 2.0, ""53"": 4.0, ""58"": 9.0, ""59"": 8.0, ""60"": 18.25, ""61"": 24.33333333, ""155"": 1.0, ""156"": 2.0, ""210"": 3.0, ""213"": 4.0}",2026-09-30T21:46:22-04:00
Eagles D/ST,-16021,D/ST,PHI,,83.09379782,3.0,97.63411079,120.0,142.25,73.67,232.0,242.0,"{""89"": 0.170868347, ""90"": 0.770308123, ""91"": 2.703081232, ""92"": 2.464985994, ""93"": 0.101, ""94"": 1.305930454, ""95"": 9.824581431, ""96"": 7.6128881, ""97"": 1.56, ""98"": 0.214, ""99"": 31.59773626, ""100"": 63.19547252, ""101"": 0.120802012, ""102"": 0.185060759, ""103"": 0.881166518, ""104"": 0.425, ""105"": 1.713158369, ""106"": 11.71213554, ""109"": 814.9336461, ""110"": 271.0, ""111"": 162.0, ""112"": 36.89408046, ""113"": 52.97691654, ""114"": 1373.617965, ""115"": 261.4762977, ""116"": 137.0, ""117"": 54.0, ""118"": 26.0, ""119"": 10.0, ""120"": 334.0806008, ""121"": 2.030812325, ""122"": 2.885154062, ""123"": 2.00280112, ""124"": 0.868347339, ""125"": 0.103641457, ""126"": 23.86290006, ""127"": 4751.464274, ""129"": 0.434260556, ""130"": 3.642185311, ""131"": 3.207924755, ""132"": 3.179907945, ""133"": 2.073243946, ""134"": 0.980588353, ""135"": 0.378226936, ""136"": 0.103662197, ""137"": 339.3903053, ""210"": 17.0}","{""89"": 0.0, ""90"": 0.0, ""91"": 0.0, ""92"": 0.0, ""97"": 1.0, ""99"": 3.0, ""100"": 6.0, ""106"": 3.0, ""107"": 92.0, ""108"": 120.0, ""109"": 212.0, ""110"": 69.0, ""111"": 41.0, ""112"": 15.0, ""113"": 9.0, ""114"": 145.0, ""115"": 76.0, ""116"": 14.0, ""117"": 5.0, ""118"": 6.0, ""119"": 2.0, ""120"": 69.0, ""121"": 1.0, ""122"": 2.0, ""123"": 0.0, ""124"": 0.0, ""127"": 961.0, ""128"": 0.0, ""129"": 0.0, ""130"": 2.0, ""131"": 0.0, ""132"": 1.0, ""133"": 0.0, ""134"": 0.0, ""135"": 0.0, ""136"": 0.0, ""155"": 2.0, ""156"": 1.0, ""187"": 69.0, ""188"": 0.0, ""189"": 0.0, ""190"": 0.0, ""191"": 0.0, ""192"": 1.0, ""193"": 2.0, ""194"": 0.0, ""195"": 0.0, ""210"": 3.0}",2026-09-30T21:46:22-04:00
Jakobi Meyers,3916433,WR,JAX,QUESTIONABLE,124.3663551,30.4,175.63355352,138.3,135.77,73.48,107.0,111.0,"{""23"": 3.70849157, ""24"": 20.14511645, ""25"": 0.187024861, ""26"": 0.007870418, ""27"": 4.0, ""28"": 2.0, ""29"": 1.0, ""35"": 0.006817716, ""36"": 0.004772401, ""37"": 0.001125169, ""38"": 3.83977e-05, ""39"": 5.43215916, ""40"": 1.438936889, ""42"": 613.8028394, ""43"": 5.505288603, ""44"": 0.210493055, ""45"": 0.141475983, ""46"": 0.092454555, ""47"": 122.0, ""48"": 61.0, ""49"": 30.0, ""50"": 24.0, ""51"": 12.0, ""53"": 54.63651224, ""56"": 0.94273102, ""57"": 0.029156629, ""58"": 78.31881866, ""60"": 11.23429762, ""61"": 43.84305996, ""62"": 0.218363473, ""63"": 0.003724542, ""66"": 0.053803901, ""67"": 0.792682811, ""68"": 0.846486712, ""70"": 0.024749795, ""71"": 0.443902374, ""72"": 0.468652169, ""73"": 0.468652169, ""210"": 14.0, ""212"": 2.751280871, ""213"": 30.68411596}","{""23"": 1.0, ""24"": 2.0, ""39"": 2.0, ""40"": 0.66666667, ""41"": 10.0, ""42"": 132.0, ""43"": 2.0, ""47"": 25.0, ""48"": 12.0, ""49"": 6.0, ""50"": 4.0, ""51"": 1.0, ""53"": 10.0, ""54"": 1.0, ""58"": 11.0, ""59"": 28.0, ""60"": 13.2, ""61"": 44.0, ""107"": 1.0, ""109"": 1.0, ""155"": 2.0, ""156"": 1.0, ""158"": 12.0, ""184"": 1.0, ""186"": 1.0, ""210"": 3.0, ""212"": 1.0, ""213"": 8.0}",2026-09-30T21:46:22-04:00
Rico Dowdle,4038815,RB,PIT,OUT,105.33764901,8.5,73.16785747,196.8,134.93,73.33,68.0,106.0,"{""23"": 136.4506982, ""24"": 599.5620835, ""25"": 3.063422349, ""26"": 0.152573053, ""27"": 119.0, ""28"": 59.0, ""29"": 29.0, ""30"": 23.0, ""31"": 11.0, ""33"": 27.0, ""34"": 13.0, ""35"": 0.274578891, ""36"": 0.192205224, ""37"": 1.213188434, ""38"": 0.041401467, ""39"": 4.393983258, ""40"": 46.12016027, ""42"": 137.3203004, ""43"": 0.772230596, ""44"": 0.02782771, ""45"": 0.027984933, ""46"": 0.018288153, ""47"": 27.0, ""48"": 13.0, ""49"": 6.0, ""50"": 5.0, ""51"": 2.0, ""53"": 18.88381057, ""56"": 0.051677278, ""57"": 0.001598266, ""58"": 26.00225522, ""60"": 7.271853307, ""61"": 10.56310003, ""62"": 0.180400763, ""63"": 0.005438596, ""66"": 1.085780267, ""67"": 0.150264302, ""68"": 1.236044569, ""70"": 0.499458923, ""71"": 0.084148009, ""72"": 0.583606932, ""73"": 0.583606932, ""210"": 13.0, ""212"": 32.40247049, ""213"": 7.527585426}","{""23"": 15.0, ""24"": 37.0, ""27"": 7.0, ""28"": 3.0, ""29"": 1.0, ""33"": 2.0, ""39"": 2.46666667, ""40"": 18.5, ""41"": 4.0, ""42"": 28.0, ""47"": 5.0, ""48"": 2.0, ""49"": 1.0, ""53"": 4.0, ""58"": 7.0, ""59"": 32.0, ""60"": 7.0, ""61"": 14.0, ""155"": 1.0, ""156"": 1.0, ""210"": 2.0, ""212"": 1.0, ""213"": 2.0}",2026-09-30T21:46:22-04:00
Xavier Worthy,4683062,WR,KC,ACTIVE,115.58935006,17.3,140.70977183,88.9,140.82,73.33,109.0,150.0,"{""23"": 7.148267989, ""24"": 40.08595568, ""25"": 0.491295332, ""26"": 0.018881855, ""27"": 8.0, ""28"": 4.0, ""29"": 2.0, ""30"": 1.0, ""33"": 1.0, ""35"": 0.0131713, ""36"": 0.00921991, ""37"": 0.00475918, ""38"": 0.000162413, ""39"": 5.607785793, ""40"": 2.863282548, ""42"": 583.6308472, ""43"": 4.783503461, ""44"": 0.190124358, ""45"": 0.193882204, ""46"": 0.12670202, ""47"": 116.0, ""48"": 58.0, ""49"": 29.0, ""50"": 23.0, ""51"": 11.0, ""53"": 43.30551803, ""56"": 0.820507113, ""57"": 0.025376509, ""58"": 68.96394959, ""60"": 13.47705497, ""61"": 41.68791766, ""62"": 0.209006213, ""63"": 0.002022907, ""66"": 0.065137399, ""67"": 0.394614305, ""68"": 0.459751705, ""70"": 0.029963204, ""71"": 0.220984011, ""72"": 0.250947215, ""73"": 0.250947215, ""210"": 14.0, ""212"": 3.860401268, ""213"": 26.97423432}","{""41"": 10.0, ""42"": 63.0, ""43"": 1.0, ""47"": 12.0, ""48"": 5.0, ""49"": 2.0, ""50"": 1.0, ""53"": 10.0, ""54"": 1.0, ""58"": 15.0, ""59"": 41.0, ""60"": 6.3, ""61"": 21.0, ""108"": 1.0, ""109"": 1.0, ""155"": 3.0, ""158"": 6.0, ""183"": 1.0, ""210"": 3.0, ""213"": 4.0}",2026-09-30T21:46:22-04:00
Blake Corum,4429096,RB,LAR,ACTIVE,114.4536238,17.6,67.75160899,118.2,143.01,72.7,148.0,135.0,"{""23"": 145.4993415, ""24"": 652.921106, ""25"": 4.987647498, ""26"": 0.213866423, ""27"": 130.0, ""28"": 65.0, ""29"": 32.0, ""30"": 26.0, ""31"": 13.0, ""33"": 29.0, ""34"": 14.0, ""35"": 0.292543485, ""36"": 0.20478044, ""37"": 1.338687579, ""38"": 0.0457, ""39"": 4.48745059, ""40"": 46.63722186, ""42"": 96.21756546, ""43"": 0.461675686, ""44"": 0.017208848, ""45"": 0.029419874, ""46"": 0.019225888, ""47"": 19.0, ""48"": 9.0, ""49"": 4.0, ""50"": 3.0, ""51"": 1.0, ""53"": 14.04326198, ""56"": 0.039965716, ""57"": 0.001236053, ""58"": 18.90100666, ""60"": 6.851511111, ""61"": 6.872683247, ""62"": 0.23107527, ""63"": 0.00300323, ""66"": 0.622472607, ""67"": 0.060079625, ""68"": 0.682552232, ""70"": 0.286337399, ""71"": 0.03364459, ""72"": 0.319981989, ""73"": 0.319981989, ""210"": 14.0, ""212"": 36.31028401, ""213"": 5.096191804}","{""23"": 28.0, ""24"": 148.0, ""27"": 28.0, ""28"": 13.0, ""29"": 5.0, ""30"": 5.0, ""31"": 2.0, ""33"": 5.0, ""34"": 2.0, ""39"": 5.28571429, ""40"": 49.33333333, ""41"": 3.0, ""42"": 13.0, ""47"": 2.0, ""48"": 1.0, ""53"": 3.0, ""58"": 5.0, ""59"": 18.0, ""60"": 4.33333333, ""61"": 4.33333333, ""65"": 1.0, ""66"": 1.0, ""68"": 1.0, ""155"": 1.0, ""156"": 2.0, ""210"": 3.0, ""212"": 7.0, ""213"": 1.0}",2026-09-30T21:46:22-04:00
Harrison Mevis,4574716,K,LAR,ACTIVE,126.03846017,20.0,,81.0,139.35,71.62,243.0,262.0,"{""74"": 4.773120916, ""75"": 6.751741803, ""76"": 1.978620887, ""77"": 6.311502006, ""78"": 7.716276346, ""79"": 1.404774339, ""80"": 13.4967839, ""81"": 13.90064489, ""82"": 0.403860988, ""83"": 24.58140682, ""84"": 28.36866304, ""85"": 3.787256214, ""86"": 40.22375208, ""87"": 41.29975099, ""88"": 1.075998907, ""198"": 4.773120916, ""199"": 6.751741803, ""200"": 1.978620887, ""210"": 14.0, ""214"": 946.6696367, ""215"": 182.1762028, ""216"": 1128.84584}","{""77"": 2.0, ""78"": 3.0, ""79"": 1.0, ""80"": 2.0, ""81"": 2.0, ""83"": 4.0, ""84"": 5.0, ""85"": 1.0, ""86"": 7.0, ""87"": 7.0, ""107"": 1.0, ""109"": 1.0, ""155"": 1.0, ""156"": 2.0, ""158"": 19.0, ""210"": 3.0, ""214"": 159.0, ""215"": 43.0, ""216"": 202.0, ""217"": 31.0, ""218"": 15.0, ""219"": 7.0, ""220"": 6.0, ""221"": 3.0, ""222"": 1.0, ""223"": 8.0, ""224"": 4.0, ""225"": 2.0, ""226"": 1.0, ""229"": 39.0, ""230"": 19.0, ""231"": 9.0, ""232"": 7.0, ""233"": 3.0, ""234"": 1.0}",2026-09-30T21:46:22-04:00
Brian Thomas Jr.,4432773,WR,JAX,ACTIVE,97.64395625,12.3,222.34384218,114.8,137.06,70.32,89.0,117.0,"{""23"": 1.854245785, ""24"": 10.56746057, ""25"": 0.079869187, ""26"": 0.003361071, ""27"": 2.0, ""28"": 1.0, ""35"": 0.003404684, ""36"": 0.002383279, ""37"": 0.000272443, ""38"": 9.29742e-06, ""39"": 5.699061394, ""40"": 0.754818612, ""42"": 553.0245883, ""43"": 3.80112096, ""44"": 0.145325794, ""45"": 0.253477274, ""46"": 0.165647399, ""47"": 110.0, ""48"": 55.0, ""49"": 27.0, ""50"": 22.0, ""51"": 11.0, ""53"": 36.17229851, ""56"": 0.706506474, ""57"": 0.021850716, ""58"": 60.91463674, ""60"": 15.28862171, ""61"": 39.50175631, ""62"": 0.148686865, ""63"": 0.001524646, ""66"": 0.016896505, ""67"": 0.329614033, ""68"": 0.346510538, ""70"": 0.007772392, ""71"": 0.184583859, ""72"": 0.192356251, ""73"": 0.192356251, ""210"": 14.0, ""212"": 2.235352158, ""213"": 24.10262627}","{""41"": 7.0, ""42"": 88.0, ""47"": 17.0, ""48"": 8.0, ""49"": 4.0, ""50"": 2.0, ""53"": 7.0, ""58"": 13.0, ""59"": 7.0, ""60"": 12.57142857, ""61"": 29.33333333, ""67"": 1.0, ""68"": 1.0, ""155"": 2.0, ""156"": 1.0, ""210"": 3.0, ""213"": 6.0}",2026-09-30T21:46:22-04:00
Jacory Croskey-Merritt,4575131,RB,WSH,ACTIVE,115.02214234,22.2,151.223964,135.8,149.06,70.13,130.0,144.0,"{""23"": 180.1705709, ""24"": 761.8264104, ""25"": 5.340759955, ""26"": 0.22700458, ""27"": 152.0, ""28"": 76.0, ""29"": 38.0, ""30"": 30.0, ""31"": 15.0, ""33"": 36.0, ""34"": 18.0, ""35"": 0.369814701, ""36"": 0.258870291, ""37"": 1.82, ""38"": 0.0621, ""39"": 4.228362082, ""40"": 54.41617217, ""42"": 44.43001495, ""43"": 0.219939805, ""44"": 0.009631064, ""45"": 0.035176348, ""46"": 0.022987743, ""47"": 8.0, ""48"": 4.0, ""49"": 2.0, ""50"": 1.0, ""53"": 6.3553923, ""56"": 0.022261351, ""57"": 0.000688495, ""58"": 7.968232471, ""60"": 6.990916195, ""61"": 3.173572497, ""62"": 0.236635644, ""63"": 0.012431971, ""66"": 2.729178194, ""67"": 0.096269874, ""68"": 2.825448068, ""70"": 1.255421969, ""71"": 0.053911129, ""72"": 1.309333098, ""73"": 1.309333098, ""210"": 14.0, ""212"": 42.35714023, ""213"": 1.816925694}","{""23"": 47.0, ""24"": 142.0, ""25"": 1.0, ""27"": 27.0, ""28"": 13.0, ""29"": 6.0, ""30"": 4.0, ""31"": 1.0, ""33"": 8.0, ""34"": 3.0, ""39"": 3.0212766, ""40"": 47.33333333, ""41"": 3.0, ""42"": 5.0, ""47"": 2.0, ""53"": 3.0, ""58"": 3.0, ""59"": 8.0, ""60"": 1.66666667, ""61"": 1.66666667, ""65"": 1.0, ""66"": 1.0, ""68"": 1.0, ""155"": 1.0, ""156"": 2.0, ""158"": 6.0, ""179"": 1.0, ""210"": 3.0, ""212"": 10.0}",2026-09-30T21:46:22-04:00
Denzel Boston,4832800,WR,CLE,ACTIVE,125.01364868,38.0,,,150.47,69.72,180.0,207.0,"{""42"": 731.4678852, ""43"": 4.182244114, ""44"": 0.245767587, ""45"": 0.173333951, ""46"": 0.113273737, ""47"": 146.0, ""48"": 73.0, ""49"": 36.0, ""50"": 29.0, ""51"": 14.0, ""53"": 54.80087035, ""56"": 1.517767909, ""57"": 0.046941276, ""58"": 88.73049035, ""60"": 13.34774212, ""61"": 52.24770609, ""62"": 0.245767587, ""63"": 0.00439, ""67"": 0.99872757, ""68"": 0.99872757, ""71"": 0.559287439, ""72"": 0.559287439, ""73"": 0.559287439, ""210"": 14.0, ""213"": 33.42530555}","{""41"": 9.0, ""42"": 195.0, ""43"": 2.0, ""44"": 1.0, ""45"": 2.0, ""46"": 1.0, ""47"": 38.0, ""48"": 18.0, ""49"": 8.0, ""50"": 6.0, ""51"": 2.0, ""53"": 9.0, ""54"": 1.0, ""58"": 15.0, ""59"": 69.0, ""60"": 21.66666667, ""61"": 65.0, ""155"": 2.0, ""156"": 1.0, ""158"": 14.0, ""210"": 3.0, ""213"": 7.0}",2026-09-30T21:46:22-04:00
RJ Harvey,4568490,RB,DEN,ACTIVE,119.52728585,13.8,184.22134217,183.1,144.85,69.54,173.0,130.0,"{""23"": 70.38070039, ""24"": 285.6744606, ""25"": 2.033681266, ""26"": 0.135105232, ""27"": 57.0, ""28"": 28.0, ""29"": 14.0, ""30"": 11.0, ""31"": 5.0, ""33"": 14.0, ""34"": 7.0, ""35"": 0.13508607, ""36"": 0.094560249, ""37"": 0.254439109, ""38"": 0.00868, ""39"": 4.058988601, ""40"": 20.40531861, ""42"": 383.5664988, ""43"": 2.501948769, ""44"": 0.164838334, ""45"": 0.048537066, ""46"": 0.031718972, ""47"": 76.0, ""48"": 38.0, ""49"": 19.0, ""50"": 15.0, ""51"": 7.0, ""53"": 51.1733115, ""56"": 0.264522537, ""57"": 0.008181109, ""58"": 63.16163211, ""60"": 7.495440251, ""61"": 27.39760706, ""62"": 0.299943565, ""63"": 0.003492722, ""66"": 0.459616509, ""67"": 0.334183926, ""68"": 0.793800435, ""70"": 0.211423594, ""71"": 0.187142999, ""72"": 0.398566593, ""73"": 0.398566593, ""210"": 14.0, ""212"": 17.14419922, ""213"": 22.31761053}","{""23"": 5.0, ""24"": 24.0, ""27"": 4.0, ""28"": 1.0, ""39"": 4.8, ""40"": 12.0, ""41"": 10.0, ""42"": 64.0, ""47"": 12.0, ""48"": 6.0, ""49"": 3.0, ""50"": 1.0, ""53"": 10.0, ""54"": 1.0, ""58"": 11.0, ""59"": 99.0, ""60"": 6.4, ""61"": 32.0, ""114"": 111.0, ""116"": 11.0, ""117"": 4.0, ""155"": 1.0, ""156"": 1.0, ""210"": 2.0, ""212"": 1.0, ""213"": 1.0}",2026-09-30T21:46:22-04:00
Juwan Johnson,3929645,TE,NO,ACTIVE,113.32320794,40.8,91.3674244,141.4,147.19,69.39,262.0,181.0,"{""42"": 573.123512, ""43"": 4.872139819, ""44"": 0.259951737, ""45"": 0.139657077, ""46"": 0.0912659, ""47"": 114.0, ""48"": 57.0, ""49"": 28.0, ""50"": 22.0, ""51"": 11.0, ""53"": 54.56836229, ""56"": 0.781741145, ""57"": 0.024177561, ""58"": 73.333682, ""60"": 10.50285345, ""61"": 40.93739372, ""62"": 0.259951737, ""63"": 0.004030977, ""67"": 0.916131065, ""68"": 0.916131065, ""71"": 0.513033397, ""72"": 0.513033397, ""73"": 0.513033397, ""210"": 14.0, ""213"": 29.28790162}","{""41"": 15.0, ""42"": 173.0, ""43"": 3.0, ""47"": 33.0, ""48"": 16.0, ""49"": 7.0, ""50"": 6.0, ""51"": 3.0, ""53"": 15.0, ""54"": 1.0, ""58"": 19.0, ""59"": 97.0, ""60"": 11.53333333, ""61"": 57.66666667, ""67"": 1.0, ""68"": 1.0, ""71"": 1.0, ""72"": 1.0, ""73"": 1.0, ""106"": 1.0, ""108"": 1.0, ""109"": 1.0, ""155"": 1.0, ""156"": 2.0, ""158"": 18.0, ""183"": 3.0, ""210"": 3.0, ""213"": 10.0}",2026-09-30T21:46:22-04:00
Kenny Gainwell,4371733,RB,TB,ACTIVE,93.71452135,7.3,177.02876875,184.8,125.98,68.62,129.0,90.0,"{""23"": 65.73895674, ""24"": 282.8205805, ""25"": 1.690432358, ""26"": 0.060234919, ""27"": 56.0, ""28"": 28.0, ""29"": 14.0, ""30"": 11.0, ""31"": 5.0, ""33"": 13.0, ""34"": 6.0, ""35"": 0.125803402, ""36"": 0.088062382, ""37"": 0.249255609, ""38"": 0.008506138, ""39"": 4.302176282, ""40"": 20.20147003, ""42"": 268.0675952, ""43"": 1.515894704, ""44"": 0.066042536, ""45"": 0.03113319, ""46"": 0.02034554, ""47"": 53.0, ""48"": 26.0, ""49"": 13.0, ""50"": 10.0, ""51"": 5.0, ""53"": 39.3846941, ""56"": 0.119394145, ""57"": 0.003692602, ""58"": 50.27158727, ""60"": 6.806390181, ""61"": 19.14768537, ""62"": 0.126277455, ""63"": 0.004417009, ""66"": 0.627766226, ""67"": 0.376099379, ""68"": 1.003865605, ""70"": 0.288772464, ""71"": 0.210615652, ""72"": 0.499388116, ""73"": 0.499388116, ""101"": 0.073602614, ""114"": 755.9073081, ""116"": 75.0, ""117"": 30.0, ""210"": 14.0, ""212"": 16.50994363, ""213"": 16.04237624}","{""23"": 10.0, ""24"": 21.0, ""27"": 5.0, ""28"": 2.0, ""33"": 1.0, ""39"": 2.1, ""40"": 7.0, ""41"": 6.0, ""42"": 22.0, ""47"": 3.0, ""48"": 1.0, ""53"": 6.0, ""58"": 10.0, ""59"": 51.0, ""60"": 3.66666667, ""61"": 7.33333333, ""108"": 1.0, ""109"": 1.0, ""114"": 260.0, ""116"": 25.0, ""117"": 9.0, ""156"": 3.0, ""210"": 3.0, ""212"": 3.0, ""213"": 1.0}",2026-09-30T21:46:22-04:00
Rachaad White,4697815,RB,WSH,QUESTIONABLE,94.6804711,25.6,111.91330234,123.0,138.45,67.17,150.0,119.0,"{""23"": 90.08528546, ""24"": 374.5532336, ""25"": 2.386297379, ""26"": 0.101427594, ""27"": 74.0, ""28"": 37.0, ""29"": 18.0, ""30"": 14.0, ""31"": 7.0, ""33"": 18.0, ""34"": 9.0, ""35"": 0.175057613, ""36"": 0.122540329, ""37"": 0.438821472, ""38"": 0.014975293, ""39"": 4.157762632, ""40"": 27.74468397, ""42"": 197.3777323, ""43"": 1.432490178, ""44"": 0.062720947, ""45"": 0.051699655, ""46"": 0.033785724, ""47"": 39.0, ""48"": 19.0, ""49"": 9.0, ""50"": 7.0, ""51"": 3.0, ""53"": 29.55978663, ""56"": 0.074862565, ""57"": 0.002315337, ""58"": 31.87292989, ""60"": 6.677238058, ""61"": 14.62057276, ""62"": 0.164148541, ""63"": 0.003783862, ""66"": 0.647502796, ""67"": 0.212465825, ""68"": 0.859968622, ""70"": 0.297851286, ""71"": 0.118980862, ""72"": 0.416832148, ""73"": 0.416832148, ""101"": 0.050020511, ""114"": 446.7349111, ""116"": 44.0, ""117"": 17.0, ""210"": 13.5, ""212"": 21.60521179, ""213"": 11.81950127}","{""23"": 22.0, ""24"": 100.0, ""27"": 19.0, ""28"": 9.0, ""29"": 4.0, ""30"": 2.0, ""33"": 3.0, ""39"": 4.54545455, ""40"": 33.33333333, ""41"": 9.0, ""42"": 51.0, ""43"": 1.0, ""47"": 10.0, ""48"": 4.0, ""49"": 2.0, ""50"": 1.0, ""53"": 9.0, ""54"": 1.0, ""58"": 9.0, ""59"": 47.0, ""60"": 5.66666667, ""61"": 17.0, ""114"": 97.0, ""116"": 8.0, ""117"": 3.0, ""155"": 1.0, ""156"": 2.0, ""158"": 6.0, ""183"": 1.0, ""210"": 3.0, ""212"": 6.0, ""213"": 2.0}",2026-09-30T21:46:22-04:00
Alec Pierce,4360078,WR,IND,INJURY_RESERVE,93.12827431,9.7,58.729779,159.8,136.95,65.32,75.0,108.0,"{""42"": 568.1387973, ""43"": 2.932870038, ""44"": 0.148849543, ""45"": 0.155961705, ""46"": 0.101920974, ""47"": 113.0, ""48"": 56.0, ""49"": 28.0, ""50"": 22.0, ""51"": 11.0, ""53"": 38.09047131, ""56"": 1.351415566, ""57"": 0.041796358, ""58"": 65.10984893, ""60"": 14.91550978, ""61"": 56.81387973, ""62"": 0.148849543, ""63"": 0.002458344, ""67"": 0.558714628, ""68"": 0.558714628, ""71"": 0.312880192, ""72"": 0.312880192, ""73"": 0.312880192, ""210"": 10.0, ""213"": 24.87211042}","{""41"": 5.0, ""42"": 72.0, ""47"": 14.0, ""48"": 7.0, ""49"": 3.0, ""50"": 2.0, ""51"": 1.0, ""53"": 5.0, ""58"": 7.0, ""59"": 10.0, ""60"": 14.4, ""61"": 36.0, ""156"": 2.0, ""210"": 2.0, ""213"": 5.0}",2026-09-30T21:46:22-04:00
Devaughn Vele,4569559,WR,NO,ACTIVE,85.29231576,30.7,35.3468885,53.8,163.15,65.15,215.0,229.0,"{""42"": 437.5982109, ""43"": 3.682311942, ""44"": 0.196519075, ""45"": 0.113813899, ""46"": 0.074377383, ""47"": 87.0, ""48"": 43.0, ""49"": 21.0, ""50"": 17.0, ""51"": 8.0, ""53"": 39.37717316, ""56"": 0.444257497, ""57"": 0.013739923, ""58"": 58.54333262, ""60"": 11.11299202, ""61"": 31.25701506, ""62"": 0.196519075, ""63"": 0.002526078, ""67"": 0.574108669, ""68"": 0.574108669, ""71"": 0.321500855, ""72"": 0.321500855, ""73"": 0.321500855, ""210"": 14.0, ""213"": 21.60153324}","{""41"": 15.0, ""42"": 172.0, ""43"": 1.0, ""47"": 32.0, ""48"": 15.0, ""49"": 7.0, ""50"": 5.0, ""51"": 2.0, ""53"": 15.0, ""54"": 2.0, ""58"": 22.0, ""59"": 43.0, ""60"": 11.46666667, ""61"": 57.33333333, ""155"": 1.0, ""156"": 2.0, ""158"": 6.0, ""183"": 1.0, ""210"": 3.0, ""213"": 9.0}",2026-09-30T21:46:22-04:00
Wan'Dale Robinson,4569587,WR,TEN,ACTIVE,99.55982812,22.9,118.24307028,171.9,129.24,64.85,138.0,93.0,"{""23"": 3.568094579, ""24"": 20.68165975, ""25"": 0.147174004, ""26"": 0.005203551, ""27"": 4.0, ""28"": 2.0, ""29"": 1.0, ""35"": 0.006558996, ""36"": 0.004591297, ""37"": 0.001190056, ""38"": 4.06e-05, ""39"": 5.796275657, ""40"": 1.477261411, ""42"": 583.1206051, ""43"": 1.485838145, ""44"": 0.066687691, ""45"": 0.080000843, ""46"": 0.052280551, ""47"": 116.0, ""48"": 58.0, ""49"": 29.0, ""50"": 23.0, ""51"": 11.0, ""53"": 60.21096728, ""56"": 0.818784471, ""57"": 0.025323231, ""58"": 84.96242193, ""60"": 9.684624438, ""61"": 41.6514718, ""62"": 0.071891242, ""63"": 0.003443368, ""66"": 0.043781333, ""67"": 0.738802287, ""68"": 0.78258362, ""70"": 0.020139413, ""71"": 0.413729281, ""72"": 0.433868694, ""73"": 0.433868694, ""210"": 14.0, ""212"": 2.731158976, ""213"": 29.46500642}","{""41"": 13.0, ""42"": 104.0, ""43"": 1.0, ""47"": 19.0, ""48"": 8.0, ""49"": 3.0, ""50"": 3.0, ""51"": 1.0, ""53"": 13.0, ""54"": 2.0, ""58"": 18.0, ""59"": 51.0, ""60"": 8.0, ""61"": 34.66666667, ""156"": 3.0, ""158"": 6.0, ""183"": 1.0, ""210"": 3.0, ""213"": 8.0}",2026-09-30T21:46:22-04:00
De'Von Achane,4429160,RB,MIA,INJURY_RESERVE,,21.1,270.27486727,289.3,24.91,63.84,13.0,12.0,{},"{""23"": 34.0, ""24"": 127.0, ""27"": 24.0, ""28"": 11.0, ""29"": 4.0, ""30"": 3.0, ""31"": 1.0, ""33"": 6.0, ""34"": 3.0, ""39"": 3.73529412, ""40"": 42.33333333, ""41"": 7.0, ""42"": 49.0, ""47"": 9.0, ""48"": 4.0, ""49"": 1.0, ""50"": 1.0, ""53"": 7.0, ""58"": 12.0, ""59"": 34.0, ""60"": 7.0, ""61"": 16.33333333, ""156"": 3.0, ""210"": 3.0, ""212"": 5.0, ""213"": 2.0}",2026-09-30T21:46:22-04:00
Braelon Allen,4685247,RB,NYJ,ACTIVE,86.99594761,15.2,85.57641153,14.3,167.48,63.64,205.0,221.0,"{""23"": 97.60384364, ""24"": 404.9366022, ""25"": 3.596179946, ""26"": 0.21126729, ""27"": 80.0, ""28"": 40.0, ""29"": 20.0, ""30"": 16.0, ""31"": 8.0, ""33"": 19.0, ""34"": 9.0, ""35"": 0.191649469, ""36"": 0.134154629, ""37"": 0.570104974, ""38"": 0.0195, ""39"": 4.148777212, ""40"": 28.92404302, ""42"": 126.3977262, ""43"": 0.644639715, ""44"": 0.046283026, ""45"": 0.037779816, ""46"": 0.02468911, ""47"": 25.0, ""48"": 12.0, ""49"": 6.0, ""50"": 5.0, ""51"": 2.0, ""53"": 17.61868079, ""56"": 0.049097012, ""57"": 0.001518464, ""58"": 22.29329691, ""60"": 7.174074366, ""61"": 9.028409017, ""62"": 0.257550316, ""63"": 0.004197549, ""66"": 0.808114009, ""67"": 0.145874407, ""68"": 0.953988416, ""70"": 0.371732444, ""71"": 0.081689668, ""72"": 0.453422112, ""73"": 0.453422112, ""210"": 14.0, ""212"": 23.98986201, ""213"": 6.818214963}","{""23"": 19.0, ""24"": 61.0, ""25"": 1.0, ""27"": 11.0, ""28"": 5.0, ""29"": 2.0, ""30"": 1.0, ""33"": 3.0, ""34"": 1.0, ""39"": 3.21052632, ""40"": 20.33333333, ""41"": 4.0, ""42"": 11.0, ""47"": 1.0, ""53"": 4.0, ""58"": 5.0, ""59"": 13.0, ""60"": 2.75, ""61"": 3.66666667, ""108"": 1.0, ""109"": 1.0, ""155"": 1.0, ""156"": 2.0, ""158"": 6.0, ""179"": 1.0, ""210"": 3.0, ""212"": 5.0}",2026-09-30T21:46:22-04:00
Chris Godwin Jr.,3116165,WR,TB,QUESTIONABLE,80.34278919,17.6,151.73072226,66.5,142.78,63.62,155.0,124.0,"{""23"": 7.392598027, ""24"": 42.64311192, ""25"": 0.325936783, ""26"": 0.011614206, ""27"": 8.0, ""28"": 4.0, ""29"": 2.0, ""30"": 1.0, ""33"": 1.0, ""35"": 0.013623614, ""36"": 0.00953653, ""37"": 0.005394278, ""38"": 0.000184, ""39"": 5.768352583, ""40"": 3.045936566, ""42"": 439.6479945, ""43"": 1.770133096, ""44"": 0.077031346, ""45"": 0.117127303, ""46"": 0.076542692, ""47"": 87.0, ""48"": 43.0, ""49"": 21.0, ""50"": 17.0, ""51"": 8.0, ""53"": 40.44080404, ""56"": 0.377570908, ""57"": 0.011677451, ""58"": 58.65018515, ""60"": 10.87139598, ""61"": 31.40342818, ""62"": 0.088645552, ""63"": 0.003476212, ""66"": 0.122101064, ""67"": 0.667947206, ""68"": 0.79004827, ""70"": 0.056166489, ""71"": 0.374050435, ""72"": 0.430216925, ""73"": 0.430216925, ""210"": 14.0, ""212"": 3.838313198, ""213"": 21.11857504}","{""23"": 2.0, ""24"": 15.0, ""27"": 2.0, ""28"": 1.0, ""39"": 7.5, ""40"": 5.0, ""41"": 10.0, ""42"": 111.0, ""47"": 22.0, ""48"": 10.0, ""49"": 5.0, ""50"": 3.0, ""53"": 10.0, ""58"": 11.0, ""59"": 68.0, ""60"": 11.1, ""61"": 37.0, ""156"": 3.0, ""210"": 3.0, ""212"": 1.0, ""213"": 5.0}",2026-09-30T21:46:22-04:00
Khalil Shakir,4373678,WR,BUF,ACTIVE,113.12072932,13.4,156.76443975,130.4,143.21,63.58,110.0,132.0,"{""23"": 1.951405775, ""24"": 10.57115682, ""25"": 0.107335788, ""26"": 0.003606626, ""27"": 2.0, ""28"": 1.0, ""35"": 0.003583318, ""36"": 0.002508322, ""37"": 0.000272936, ""38"": 9.31e-06, ""39"": 5.417200746, ""40"": 0.75508263, ""42"": 621.1341548, ""43"": 3.881748886, ""44"": 0.229052092, ""45"": 0.197027313, ""46"": 0.128757349, ""47"": 124.0, ""48"": 62.0, ""49"": 31.0, ""50"": 24.0, ""51"": 12.0, ""53"": 52.91338995, ""56"": 0.974215529, ""57"": 0.030130377, ""58"": 73.17006049, ""60"": 11.73869517, ""61"": 44.36672534, ""62"": 0.232658718, ""63"": 0.003583311, ""66"": 0.028965806, ""67"": 0.785422994, ""68"": 0.814388799, ""70"": 0.013324271, ""71"": 0.439836877, ""72"": 0.453161147, ""73"": 0.453161147, ""210"": 14.0, ""212"": 2.261856144, ""213"": 29.82963778}","{""41"": 8.0, ""42"": 94.0, ""47"": 18.0, ""48"": 8.0, ""49"": 3.0, ""50"": 3.0, ""51"": 1.0, ""53"": 8.0, ""58"": 15.0, ""59"": 46.0, ""60"": 11.75, ""61"": 31.33333333, ""114"": 11.0, ""116"": 1.0, ""155"": 3.0, ""210"": 3.0, ""213"": 5.0}",2026-09-30T21:46:22-04:00
Jake Bates,4689936,K,DET,ACTIVE,123.34608379,21.0,146.36427804,145.0,159.95,62.25,252.0,278.0,"{""74"": 4.469574764, ""75"": 6.3498876, ""76"": 1.880312836, ""77"": 5.913614043, ""78"": 7.2570144, ""79"": 1.343400357, ""80"": 12.65341636, ""81"": 13.073298, ""82"": 0.419881638, ""83"": 23.03660517, ""84"": 26.6802, ""85"": 3.643594832, ""86"": 43.02709955, ""87"": 44.31751475, ""88"": 1.290415201, ""198"": 4.469574764, ""199"": 6.3498876, ""200"": 1.880312836, ""210"": 14.0, ""214"": 887.07216, ""215"": 174.5863584, ""216"": 1061.658518}","{""80"": 3.0, ""81"": 3.0, ""83"": 3.0, ""84"": 3.0, ""86"": 12.0, ""87"": 12.0, ""155"": 2.0, ""156"": 1.0, ""158"": 21.0, ""210"": 3.0, ""214"": 84.0, ""216"": 84.0, ""217"": 16.0, ""218"": 8.0, ""219"": 3.0, ""220"": 2.0, ""229"": 16.0, ""230"": 8.0, ""231"": 3.0, ""232"": 2.0}",2026-09-30T21:46:22-04:00
Kyler Murray,3917315,QB,MIN,ACTIVE,289.07591484,11.8,351.61560489,89.5,147.24,61.97,162.0,149.0,"{""0"": 434.6945641, ""1"": 290.4276029, ""2"": 144.2669612, ""3"": 3153.317496, ""4"": 20.82684, ""5"": 630.0, ""6"": 315.0, ""7"": 157.0, ""8"": 126.0, ""9"": 63.0, ""10"": 31.0, ""11"": 58.0, ""12"": 29.0, ""15"": 2.432112756, ""16"": 1.589385686, ""17"": 2.139057511, ""18"": 0.288930583, ""19"": 1.148136499, ""20"": 10.45566351, ""21"": 0.668118782, ""22"": 225.236964, ""23"": 66.99970204, ""24"": 430.8179163, ""25"": 3.277554823, ""26"": 0.160634213, ""27"": 86.0, ""28"": 43.0, ""29"": 21.0, ""30"": 17.0, ""31"": 8.0, ""33"": 13.0, ""34"": 6.0, ""35"": 0.12831007, ""36"": 0.089817049, ""37"": 0.57872082, ""38"": 0.019749521, ""39"": 6.43014675, ""40"": 30.77270831, ""62"": 1.308770712, ""63"": 0.029204013, ""64"": 32.08106779, ""65"": 5.804162096, ""66"": 0.833113608, ""68"": 6.637275704, ""69"": 2.785997806, ""70"": 0.38323226, ""72"": 3.169230066, ""73"": 13.62489358, ""210"": 14.0, ""211"": 155.1694613, ""212"": 22.76691802}","{""0"": 34.0, ""1"": 18.0, ""2"": 16.0, ""3"": 186.0, ""4"": 1.0, ""5"": 36.0, ""6"": 17.0, ""7"": 8.0, ""8"": 6.0, ""9"": 3.0, ""10"": 1.0, ""11"": 3.0, ""12"": 1.0, ""13"": 2.0, ""14"": 1.0, ""15"": 1.0, ""20"": 2.0, ""21"": 0.52941176, ""22"": 93.0, ""23"": 4.0, ""24"": 26.0, ""27"": 4.0, ""28"": 1.0, ""39"": 6.5, ""40"": 13.0, ""64"": 3.0, ""73"": 2.0, ""155"": 2.0, ""158"": 6.0, ""210"": 2.0, ""211"": 6.0, ""212"": 1.0}",2026-09-30T21:46:22-04:00
Chiefs D/ST,-16012,D/ST,KC,,91.19979804,18.0,97.93470761,76.0,153.12,61.28,238.0,251.0,"{""89"": 0.20948854, ""90"": 0.945851266, ""91"": 3.194875388, ""92"": 2.746471825, ""93"": 0.104, ""94"": 1.321479976, ""95"": 10.56852962, ""96"": 5.655432962, ""97"": 1.44, ""98"": 0.21, ""99"": 34.03379676, ""100"": 68.06759352, ""101"": 0.125126123, ""102"": 0.170524069, ""103"": 0.887595236, ""104"": 0.434, ""105"": 1.721469554, ""106"": 8.700666095, ""109"": 861.086016, ""110"": 287.0, ""111"": 172.0, ""112"": 43.64222566, ""113"": 63.73041857, ""114"": 1365.887971, ""115"": 181.9253881, ""116"": 136.0, ""117"": 54.0, ""118"": 18.0, ""119"": 7.0, ""120"": 329.0892358, ""121"": 2.031828646, ""122"": 2.64137724, ""123"": 1.618456611, ""124"": 0.553498148, ""125"": 0.058152337, ""126"": 23.50637398, ""127"": 4684.04101, ""129"": 0.560841262, ""130"": 4.486730095, ""131"": 3.505257887, ""132"": 3.014521783, ""133"": 1.612418628, ""134"": 0.560841262, ""135"": 0.210315473, ""136"": 0.04907361, ""137"": 334.5743579, ""210"": 17.0}","{""89"": 0.0, ""90"": 0.0, ""91"": 2.0, ""92"": 0.0, ""95"": 3.0, ""96"": 2.0, ""99"": 4.0, ""100"": 8.0, ""106"": 2.0, ""107"": 111.0, ""108"": 97.0, ""109"": 208.0, ""110"": 68.0, ""111"": 40.0, ""112"": 14.0, ""113"": 15.0, ""114"": 310.0, ""115"": 15.0, ""116"": 29.0, ""117"": 11.0, ""120"": 50.0, ""121"": 0.0, ""122"": 0.0, ""123"": 1.0, ""124"": 0.0, ""127"": 834.0, ""128"": 0.0, ""129"": 1.0, ""130"": 0.0, ""131"": 2.0, ""132"": 0.0, ""133"": 0.0, ""134"": 0.0, ""135"": 0.0, ""136"": 0.0, ""155"": 3.0, ""187"": 50.0, ""188"": 0.0, ""189"": 0.0, ""190"": 2.0, ""191"": 0.0, ""192"": 0.0, ""193"": 0.0, ""194"": 1.0, ""195"": 0.0, ""210"": 3.0}",2026-09-30T21:46:22-04:00
Romeo Doubs,4361432,WR,NE,ACTIVE,90.52232565,17.5,103.15329114,137.9,155.95,60.97,157.0,151.0,"{""42"": 526.400617, ""43"": 3.22272181, ""44"": 0.130097917, ""45"": 0.264891386, ""46"": 0.173106521, ""47"": 105.0, ""48"": 52.0, ""49"": 26.0, ""50"": 21.0, ""51"": 10.0, ""53"": 38.07848972, ""56"": 0.647046172, ""57"": 0.020011737, ""58"": 57.30272769, ""60"": 13.82409389, ""61"": 37.60004407, ""62"": 0.130097917, ""63"": 0.002960208, ""67"": 0.672774648, ""68"": 0.672774648, ""71"": 0.376753803, ""72"": 0.376753803, ""73"": 0.376753803, ""210"": 14.0, ""213"": 23.56640896}","{""41"": 6.0, ""42"": 145.0, ""47"": 28.0, ""48"": 13.0, ""49"": 6.0, ""50"": 4.0, ""51"": 1.0, ""53"": 6.0, ""58"": 11.0, ""59"": 38.0, ""60"": 24.16666667, ""61"": 48.33333333, ""67"": 1.0, ""68"": 1.0, ""155"": 1.0, ""156"": 2.0, ""210"": 3.0, ""213"": 4.0}",2026-09-30T21:46:22-04:00
Dalton Schultz,3117256,TE,HOU,ACTIVE,92.00317853,30.0,99.77866668,136.7,157.02,60.47,297.0,305.0,"{""42"": 531.5272736, ""43"": 1.962510045, ""44"": 0.079227564, ""45"": 0.098053429, ""46"": 0.064077916, ""47"": 106.0, ""48"": 53.0, ""49"": 26.0, ""50"": 21.0, ""51"": 10.0, ""53"": 55.17851862, ""56"": 0.633373086, ""57"": 0.019588858, ""58"": 73.89795191, ""60"": 9.632865957, ""61"": 37.96623383, ""62"": 0.079227564, ""63"": 0.002641271, ""67"": 0.600288876, ""68"": 0.600288876, ""71"": 0.336161771, ""72"": 0.336161771, ""73"": 0.336161771, ""210"": 14.0, ""213"": 27.09012227}","{""41"": 19.0, ""42"": 205.0, ""47"": 41.0, ""48"": 20.0, ""49"": 9.0, ""50"": 7.0, ""51"": 2.0, ""52"": 1.0, ""53"": 19.0, ""54"": 2.0, ""55"": 1.0, ""56"": 1.0, ""58"": 25.0, ""59"": 93.0, ""60"": 10.78947368, ""61"": 68.33333333, ""156"": 3.0, ""210"": 3.0, ""213"": 8.0}",2026-09-30T21:46:22-04:00
Tyler Loop,4697745,K,BAL,ACTIVE,123.85141084,31.0,140.2564536,140.0,157.04,59.33,255.0,279.0,"{""74"": 4.740765465, ""75"": 6.751741803, ""76"": 2.010976338, ""77"": 6.274524348, ""78"": 7.716276346, ""79"": 1.441751998, ""80"": 13.43016974, ""81"": 13.90064489, ""82"": 0.470475151, ""83"": 24.44545955, ""84"": 28.36866304, ""85"": 3.923203487, ""86"": 38.68218039, ""87"": 39.9133295, ""88"": 1.231149117, ""198"": 4.740765465, ""199"": 6.751741803, ""200"": 2.010976338, ""210"": 14.0, ""214"": 941.2600229, ""215"": 187.5858167, ""216"": 1128.84584}","{""74"": 2.0, ""75"": 2.0, ""77"": 2.0, ""78"": 3.0, ""79"": 1.0, ""80"": 1.0, ""81"": 1.0, ""83"": 5.0, ""84"": 6.0, ""85"": 1.0, ""86"": 11.0, ""87"": 11.0, ""108"": 2.0, ""109"": 2.0, ""155"": 2.0, ""156"": 1.0, ""158"": 26.0, ""198"": 2.0, ""199"": 2.0, ""210"": 3.0, ""214"": 234.0, ""215"": 49.0, ""216"": 283.0, ""217"": 45.0, ""218"": 22.0, ""219"": 11.0, ""220"": 8.0, ""221"": 3.0, ""222"": 1.0, ""223"": 9.0, ""224"": 4.0, ""225"": 2.0, ""226"": 1.0, ""229"": 55.0, ""230"": 27.0, ""231"": 13.0, ""232"": 10.0, ""233"": 4.0, ""234"": 1.0}",2026-09-30T21:46:22-04:00
Alvin Kamara,3054850,RB,NO,ACTIVE,93.68091216,9.3,231.01836811,84.2,160.28,57.48,260.0,182.0,"{""23"": 106.3068093, ""24"": 430.1389039, ""25"": 2.622338324, ""26"": 0.176191417, ""27"": 86.0, ""28"": 43.0, ""29"": 21.0, ""30"": 17.0, ""31"": 8.0, ""33"": 21.0, ""34"": 10.0, ""35"": 0.208926984, ""36"": 0.146248889, ""37"": 0.584007443, ""38"": 0.019929933, ""39"": 4.046202747, ""40"": 30.72420742, ""42"": 177.5263868, ""43"": 0.669528778, ""44"": 0.035721603, ""45"": 0.029697563, ""46"": 0.019407358, ""47"": 35.0, ""48"": 17.0, ""49"": 8.0, ""50"": 7.0, ""51"": 3.0, ""53"": 27.63015857, ""56"": 0.068427893, ""57"": 0.002116327, ""58"": 34.07599318, ""60"": 6.425094749, ""61"": 12.6804562, ""62"": 0.21191302, ""63"": 0.004923951, ""66"": 0.888222256, ""67"": 0.230857477, ""68"": 1.119079734, ""70"": 0.408582238, ""71"": 0.129280187, ""72"": 0.537862425, ""73"": 0.537862425, ""210"": 14.0, ""212"": 24.64355801, ""213"": 10.52026634}","{""23"": 18.0, ""24"": 51.0, ""27"": 10.0, ""28"": 4.0, ""29"": 1.0, ""30"": 1.0, ""33"": 2.0, ""39"": 2.83333333, ""40"": 25.5, ""41"": 6.0, ""42"": 12.0, ""47"": 2.0, ""53"": 6.0, ""54"": 1.0, ""58"": 7.0, ""59"": 20.0, ""60"": 2.0, ""61"": 6.0, ""65"": 1.0, ""66"": 1.0, ""155"": 1.0, ""156"": 1.0, ""210"": 2.0, ""212"": 3.0}",2026-09-30T21:46:22-04:00
Ollie Gordon II,4711533,RB,MIA,ACTIVE,136.3370158,13.7,76.66140035,50.6,164.61,57.43,308.0,316.0,"{""23"": 169.1413679, ""24"": 690.1440493, ""25"": 5.070763898, ""26"": 0.147971216, ""27"": 138.0, ""28"": 69.0, ""29"": 34.0, ""30"": 27.0, ""31"": 13.0, ""33"": 33.0, ""34"": 16.0, ""35"": 0.344874379, ""36"": 0.241412065, ""37"": 1.490082237, ""38"": 0.05085079, ""39"": 4.080279459, ""40"": 49.29600352, ""42"": 201.0535261, ""43"": 0.67141646, ""44"": 0.035886755, ""45"": 0.032981755, ""46"": 0.021553577, ""47"": 40.0, ""48"": 20.0, ""49"": 10.0, ""50"": 8.0, ""51"": 4.0, ""53"": 27.34249275, ""56"": 0.076584586, ""57"": 0.002368595, ""58"": 36.76220639, ""60"": 7.353152764, ""61"": 14.36096615, ""62"": 0.18385797, ""63"": 0.005917779, ""66"": 1.157787984, ""67"": 0.187161839, ""68"": 1.344949823, ""70"": 0.532582473, ""71"": 0.10481063, ""72"": 0.637393103, ""73"": 0.637393103, ""210"": 14.0, ""212"": 39.06542055, ""213"": 11.10425594}","{""23"": 20.0, ""24"": 48.0, ""25"": 1.0, ""27"": 9.0, ""28"": 4.0, ""29"": 2.0, ""30"": 1.0, ""33"": 3.0, ""34"": 1.0, ""39"": 2.4, ""40"": 16.0, ""41"": 3.0, ""42"": 14.0, ""47"": 2.0, ""48"": 1.0, ""53"": 3.0, ""58"": 3.0, ""59"": 18.0, ""60"": 4.66666667, ""61"": 4.66666667, ""114"": 20.0, ""116"": 2.0, ""156"": 3.0, ""158"": 6.0, ""179"": 1.0, ""210"": 3.0, ""212"": 4.0, ""213"": 1.0}",2026-09-30T21:46:22-04:00
T.J. Hockenson,4036133,TE,MIN,ACTIVE,84.30608186,18.1,144.33115823,87.3,162.92,56.89,207.0,194.0,"{""42"": 449.5168799, ""43"": 2.349073451, ""44"": 0.129467027, ""45"": 0.076869543, ""46"": 0.050234246, ""47"": 89.0, ""48"": 44.0, ""49"": 22.0, ""50"": 17.0, ""51"": 8.0, ""53"": 50.89454112, ""56"": 0.400685566, ""57"": 0.012392337, ""58"": 66.28734116, ""60"": 8.832320127, ""61"": 32.10834856, ""62"": 0.129467027, ""63"": 0.001753131, ""67"": 0.398438798, ""68"": 0.398438798, ""71"": 0.223125727, ""72"": 0.223125727, ""73"": 0.223125727, ""210"": 14.0, ""213"": 24.01020932}","{""41"": 9.0, ""42"": 76.0, ""43"": 1.0, ""47"": 14.0, ""48"": 6.0, ""49"": 2.0, ""50"": 2.0, ""53"": 9.0, ""58"": 13.0, ""59"": 32.0, ""60"": 8.44444444, ""61"": 25.33333333, ""108"": 1.0, ""109"": 1.0, ""155"": 3.0, ""158"": 6.0, ""184"": 1.0, ""210"": 3.0, ""213"": 4.0}",2026-09-30T21:46:22-04:00
Quentin Johnston,4429025,WR,LAC,ACTIVE,105.13638183,10.1,136.96111387,145.7,152.17,56.2,108.0,143.0,"{""23"": 3.462564338, ""24"": 18.08450577, ""25"": 0.108723907, ""26"": 0.003976148, ""27"": 3.0, ""28"": 1.0, ""35"": 0.006364572, ""36"": 0.0044552, ""37"": 0.000894, ""38"": 3.05e-05, ""39"": 5.222864907, ""40"": 1.291750412, ""42"": 662.7822006, ""43"": 2.739716085, ""44"": 0.117457194, ""45"": 0.200346689, ""46"": 0.130926561, ""47"": 132.0, ""48"": 66.0, ""49"": 33.0, ""50"": 26.0, ""51"": 13.0, ""53"": 40.86371876, ""56"": 1.163735282, ""57"": 0.035991813, ""58"": 77.65360041, ""60"": 16.21933149, ""61"": 47.34158576, ""62"": 0.121433342, ""63"": 0.002851274, ""66"": 0.050620078, ""67"": 0.597396738, ""68"": 0.648016817, ""70"": 0.023285236, ""71"": 0.334542174, ""72"": 0.35782741, ""73"": 0.35782741, ""210"": 14.0, ""212"": 2.608389324, ""213"": 27.76461512}","{""23"": 1.0, ""24"": 7.0, ""27"": 1.0, ""39"": 7.0, ""40"": 2.33333333, ""41"": 6.0, ""42"": 64.0, ""47"": 12.0, ""48"": 5.0, ""49"": 2.0, ""50"": 1.0, ""53"": 6.0, ""58"": 17.0, ""59"": 41.0, ""60"": 10.66666667, ""61"": 21.33333333, ""156"": 3.0, ""210"": 3.0, ""213"": 3.0}",2026-09-30T21:46:22-04:00
49ers D/ST,-16025,D/ST,SF,,82.1542814,14.0,89.82711109,62.0,158.16,56.08,408.0,411.0,"{""89"": 0.178589295, ""90"": 0.805402701, ""91"": 2.8014007, ""92"": 2.52126063, ""93"": 0.103, ""94"": 1.289883229, ""95"": 9.91479936, ""96"": 7.060866224, ""97"": 1.54, ""98"": 0.217, ""99"": 30.00583481, ""100"": 60.01166961, ""101"": 0.125964546, ""102"": 0.185136414, ""103"": 0.857582693, ""104"": 0.432, ""105"": 1.703691694, ""106"": 10.86287111, ""109"": 906.2040214, ""110"": 302.0, ""111"": 181.0, ""112"": 34.80765589, ""113"": 49.05234777, ""114"": 1446.458084, ""115"": 188.3422396, ""116"": 144.0, ""117"": 57.0, ""118"": 18.0, ""119"": 7.0, ""120"": 332.6908132, ""121"": 2.031015508, ""122"": 2.836418209, ""123"": 1.925962981, ""124"": 0.805402701, ""125"": 0.094547274, ""126"": 23.76362951, ""127"": 4727.7278, ""129"": 0.539728634, ""130"": 4.34586692, ""131"": 3.455665148, ""132"": 3.042106844, ""133"": 1.689280529, ""134"": 0.63085165, ""135"": 0.238321734, ""136"": 0.058178541, ""137"": 337.6948428, ""210"": 17.0}","{""89"": 0.0, ""90"": 0.0, ""91"": 2.0, ""92"": 0.0, ""95"": 1.0, ""96"": 1.0, ""99"": 6.0, ""100"": 12.0, ""106"": 3.0, ""107"": 132.0, ""108"": 107.0, ""109"": 239.0, ""110"": 79.0, ""111"": 46.0, ""112"": 14.0, ""113"": 11.0, ""114"": 207.0, ""115"": 25.0, ""116"": 19.0, ""117"": 7.0, ""118"": 1.0, ""120"": 50.0, ""121"": 0.0, ""122"": 0.0, ""123"": 1.0, ""124"": 0.0, ""127"": 939.0, ""128"": 0.0, ""129"": 0.0, ""130"": 2.0, ""131"": 0.0, ""132"": 1.0, ""133"": 0.0, ""134"": 0.0, ""135"": 0.0, ""136"": 0.0, ""155"": 3.0, ""187"": 50.0, ""188"": 0.0, ""189"": 0.0, ""190"": 2.0, ""191"": 0.0, ""192"": 0.0, ""193"": 0.0, ""194"": 1.0, ""195"": 0.0, ""210"": 3.0}",2026-09-30T21:46:22-04:00
MarShawn Lloyd,4429023,RB,GB,ACTIVE,26.1628891,14.1,46.03926535,,133.19,55.47,128.0,102.0,"{""23"": 32.63587882, ""24"": 138.8508425, ""25"": 1.085259794, ""26"": 0.053232556, ""27"": 27.0, ""28"": 13.0, ""29"": 6.0, ""30"": 5.0, ""31"": 2.0, ""33"": 6.0, ""34"": 3.0, ""35"": 0.064370398, ""36"": 0.045059278, ""37"": 0.210947562, ""38"": 0.0072, ""39"": 4.254545841, ""40"": 34.71271062, ""42"": 27.26374453, ""43"": 0.171916936, ""44"": 0.006099599, ""45"": 0.007778659, ""46"": 0.005083353, ""47"": 5.0, ""48"": 2.0, ""49"": 1.0, ""50"": 1.0, ""53"": 4.377114041, ""56"": 0.011351216, ""57"": 0.000351069, ""58"": 5.759262106, ""60"": 6.228703268, ""61"": 6.815936133, ""62"": 0.059332155, ""63"": 0.00139, ""66"": 0.279244433, ""67"": 0.037452178, ""68"": 0.316696611, ""70"": 0.128452439, ""71"": 0.020973219, ""72"": 0.149425659, ""73"": 0.149425659, ""210"": 4.0, ""212"": 7.967667027, ""213"": 1.549295243}","{""23"": 23.0, ""24"": 68.0, ""27"": 13.0, ""28"": 6.0, ""29"": 2.0, ""30"": 1.0, ""33"": 3.0, ""34"": 1.0, ""39"": 2.95652174, ""40"": 22.66666667, ""41"": 4.0, ""42"": 13.0, ""43"": 1.0, ""47"": 2.0, ""53"": 4.0, ""58"": 6.0, ""59"": 27.0, ""60"": 3.25, ""61"": 4.33333333, ""65"": 1.0, ""66"": 1.0, ""68"": 1.0, ""69"": 1.0, ""70"": 1.0, ""72"": 1.0, ""73"": 1.0, ""155"": 1.0, ""156"": 2.0, ""158"": 6.0, ""183"": 1.0, ""210"": 3.0, ""212"": 4.0, ""213"": 1.0}",2026-09-30T21:46:22-04:00
Patriots D/ST,-16017,D/ST,NE,,88.61408303,23.0,104.51141448,119.0,149.71,55.42,236.0,246.0,"{""89"": 0.201761409, ""90"": 0.910728583, ""91"": 3.096477182, ""92"": 2.690152122, ""93"": 0.101, ""94"": 1.287244403, ""95"": 9.863637069, ""96"": 5.261170586, ""97"": 1.5, ""98"": 0.207, ""99"": 34.6521742, ""100"": 69.30434839, ""101"": 0.122080273, ""102"": 0.302357229, ""103"": 0.860076857, ""104"": 0.427, ""105"": 1.813030757, ""106"": 8.094108593, ""109"": 852.0022808, ""110"": 284.0, ""111"": 170.0, ""112"": 32.17795852, ""113"": 66.94087018, ""114"": 1269.915484, ""115"": 281.2603086, ""116"": 126.0, ""117"": 50.0, ""118"": 28.0, ""119"": 11.0, ""120"": 330.0947991, ""121"": 2.0316253, ""122"": 2.690152122, ""123"": 1.695356285, ""124"": 0.616493195, ""125"": 0.067253803, ""126"": 23.57819993, ""127"": 4745.693332, ""129"": 0.455341506, ""130"": 3.782837128, ""131"": 3.257443082, ""132"": 3.152364273, ""133"": 1.996497373, ""134"": 0.910683012, ""135"": 0.350262697, ""136"": 0.094570928, ""137"": 338.9780952, ""210"": 17.0}","{""89"": 0.0, ""90"": 1.0, ""91"": 1.0, ""92"": 0.0, ""94"": 1.0, ""95"": 2.0, ""96"": 1.0, ""99"": 7.0, ""100"": 14.0, ""104"": 1.0, ""105"": 1.0, ""106"": 2.0, ""107"": 71.0, ""108"": 115.0, ""109"": 186.0, ""110"": 61.0, ""111"": 36.0, ""112"": 5.0, ""113"": 13.0, ""114"": 269.0, ""115"": 59.0, ""116"": 25.0, ""117"": 10.0, ""118"": 5.0, ""119"": 1.0, ""120"": 51.0, ""121"": 0.0, ""122"": 0.0, ""123"": 0.0, ""124"": 1.0, ""127"": 835.0, ""128"": 0.0, ""129"": 0.0, ""130"": 2.0, ""131"": 1.0, ""132"": 0.0, ""133"": 0.0, ""134"": 0.0, ""135"": 0.0, ""136"": 0.0, ""155"": 1.0, ""156"": 2.0, ""187"": 51.0, ""188"": 0.0, ""189"": 1.0, ""190"": 1.0, ""191"": 0.0, ""192"": 0.0, ""193"": 0.0, ""194"": 0.0, ""195"": 1.0, ""210"": 3.0}",2026-09-30T21:46:22-04:00
Jordan Mason,4360569,RB,MIN,INJURY_RESERVE,122.13165491,11.9,126.31862222,121.9,163.06,55.37,142.0,160.0,"{""23"": 160.0074334, ""24"": 740.142432, ""25"": 5.579810081, ""26"": 0.273564294, ""27"": 148.0, ""28"": 74.0, ""29"": 37.0, ""30"": 29.0, ""31"": 14.0, ""33"": 32.0, ""34"": 16.0, ""35"": 0.329667613, ""36"": 0.230767329, ""37"": 2.001409248, ""38"": 0.068300419, ""39"": 4.625675298, ""40"": 61.678536, ""42"": 78.93153939, ""43"": 0.368689771, ""44"": 0.020338364, ""45"": 0.029588533, ""46"": 0.019336106, ""47"": 15.0, ""48"": 7.0, ""49"": 3.0, ""50"": 3.0, ""51"": 1.0, ""53"": 11.73339041, ""56"": 0.033187222, ""57"": 0.001026409, ""58"": 14.25480633, ""60"": 6.727087109, ""61"": 6.577628282, ""62"": 0.293902658, ""63"": 0.009054075, ""66"": 1.917158475, ""67"": 0.140585774, ""68"": 2.057744249, ""70"": 0.881892899, ""71"": 0.078728033, ""72"": 0.960620932, ""73"": 0.960620932, ""210"": 12.0, ""212"": 40.33444763, ""213"": 4.190251735}","{""23"": 15.0, ""24"": 59.0, ""25"": 1.0, ""27"": 11.0, ""28"": 5.0, ""29"": 2.0, ""30"": 2.0, ""31"": 1.0, ""33"": 3.0, ""34"": 1.0, ""39"": 3.93333333, ""40"": 59.0, ""155"": 1.0, ""158"": 6.0, ""179"": 1.0, ""210"": 1.0, ""212"": 2.0}",2026-09-30T21:46:22-04:00
Kenyon Sadiq,5083315,TE,NYJ,QUESTIONABLE,103.00337476,32.6,,,160.28,54.88,146.0,226.0,"{""23"": 1.782713964, ""24"": 4.839037784, ""25"": 0.130709561, ""26"": 0.007675818, ""35"": 0.003273188, ""36"": 0.002291231, ""37"": 3.78665e-05, ""38"": 1.29e-06, ""39"": 2.714421876, ""40"": 0.358447243, ""42"": 542.3228003, ""43"": 3.279905455, ""44"": 0.235377565, ""45"": 0.13856003, ""46"": 0.09054898, ""47"": 108.0, ""48"": 54.0, ""49"": 27.0, ""50"": 21.0, ""51"": 10.0, ""53"": 56.25589866, ""56"": 0.671345607, ""57"": 0.020763266, ""58"": 69.64656409, ""60"": 9.640283298, ""61"": 40.17205928, ""62"": 0.243053383, ""63"": 0.003122882, ""66"": 0.021800553, ""67"": 0.687945297, ""68"": 0.709745849, ""70"": 0.010028254, ""71"": 0.385249366, ""72"": 0.39527762, ""73"": 0.39527762, ""210"": 13.5, ""212"": 2.075485935, ""213"": 28.17209452}","{""23"": 1.0, ""24"": 3.0, ""25"": 1.0, ""39"": 3.0, ""40"": 1.0, ""41"": 12.0, ""42"": 143.0, ""43"": 1.0, ""47"": 28.0, ""48"": 13.0, ""49"": 6.0, ""50"": 4.0, ""51"": 2.0, ""52"": 1.0, ""53"": 12.0, ""54"": 1.0, ""56"": 1.0, ""58"": 14.0, ""59"": 83.0, ""60"": 11.91666667, ""61"": 47.66666667, ""155"": 1.0, ""156"": 2.0, ""158"": 12.0, ""179"": 1.0, ""185"": 1.0, ""210"": 3.0, ""212"": 1.0, ""213"": 4.0}",2026-09-30T21:46:22-04:00
Jonathon Brooks,4678008,RB,CAR,INJURY_RESERVE,,8.3,,,132.22,53.13,116.0,95.0,{},"{""23"": 9.0, ""24"": 30.0, ""27"": 5.0, ""28"": 2.0, ""33"": 1.0, ""39"": 3.33333333, ""40"": 15.0, ""41"": 2.0, ""42"": 43.0, ""47"": 9.0, ""48"": 4.0, ""49"": 2.0, ""50"": 1.0, ""53"": 2.0, ""58"": 3.0, ""59"": 27.0, ""60"": 21.5, ""61"": 21.5, ""155"": 1.0, ""156"": 1.0, ""210"": 2.0, ""213"": 1.0}",2026-09-30T21:46:22-04:00
Jordan Love,4036378,QB,GB,ACTIVE,274.15615044,63.6,316.76491237,279.5,157.94,53.06,273.0,200.0,"{""0"": 522.0771075, ""1"": 315.4307739, ""2"": 206.6463336, ""3"": 3627.448579, ""4"": 22.94012, ""5"": 725.0, ""6"": 362.0, ""7"": 181.0, ""8"": 145.0, ""9"": 72.0, ""10"": 36.0, ""11"": 63.0, ""12"": 31.0, ""15"": 3.150633515, ""16"": 2.058939002, ""17"": 3.601134738, ""18"": 0.486418881, ""19"": 0.815008043, ""20"": 10.3296878, ""21"": 0.604184266, ""22"": 259.10347, ""23"": 29.30564057, ""24"": 119.572142, ""25"": 1.005678656, ""26"": 0.049410164, ""27"": 23.0, ""28"": 11.0, ""29"": 5.0, ""30"": 4.0, ""31"": 2.0, ""33"": 5.0, ""34"": 2.0, ""35"": 0.054784489, ""36"": 0.038349142, ""37"": 0.044005073, ""38"": 0.001501724, ""39"": 4.080175001, ""40"": 8.540867287, ""62"": 0.864418207, ""63"": 0.034655416, ""64"": 30.56473078, ""65"": 7.479600672, ""66"": 0.396630283, ""68"": 7.876230955, ""69"": 3.590208322, ""70"": 0.18244993, ""72"": 3.772658253, ""73"": 14.10234606, ""210"": 14.0, ""211"": 173.6956595, ""212"": 8.273882556}","{""0"": 124.0, ""1"": 65.0, ""2"": 59.0, ""3"": 844.0, ""4"": 6.0, ""5"": 168.0, ""6"": 83.0, ""7"": 41.0, ""8"": 32.0, ""9"": 15.0, ""10"": 7.0, ""11"": 12.0, ""12"": 5.0, ""13"": 11.0, ""14"": 5.0, ""15"": 1.0, ""16"": 1.0, ""17"": 2.0, ""20"": 2.0, ""21"": 0.52419355, ""22"": 281.33333333, ""23"": 2.0, ""64"": 8.0, ""65"": 2.0, ""66"": 1.0, ""68"": 4.0, ""72"": 1.0, ""73"": 3.0, ""108"": 1.0, ""109"": 1.0, ""155"": 1.0, ""156"": 2.0, ""158"": 36.0, ""175"": 4.0, ""176"": 1.0, ""210"": 3.0, ""211"": 39.0}",2026-09-30T21:46:22-04:00
Zach Charbonnet,4426385,RB,SEA,OUT,133.15364519,,122.0211229,171.4,161.86,52.36,172.0,170.0,"{""23"": 144.2274316, ""24"": 606.7984731, ""25"": 6.833862526, ""26"": 0.24698618, ""27"": 121.0, ""28"": 60.0, ""29"": 30.0, ""30"": 24.0, ""31"": 12.0, ""33"": 28.0, ""34"": 14.0, ""35"": 0.296654525, ""36"": 0.207658167, ""37"": 1.473530014, ""38"": 0.0503, ""39"": 4.20723344, ""40"": 55.16349755, ""42"": 168.135079, ""43"": 0.558760785, ""44"": 0.023678433, ""45"": 0.030459088, ""46"": 0.019905014, ""47"": 33.0, ""48"": 16.0, ""49"": 8.0, ""50"": 6.0, ""51"": 3.0, ""53"": 22.88105109, ""56"": 0.065331949, ""57"": 0.002020576, ""58"": 29.46929467, ""60"": 7.348223573, ""61"": 15.28500718, ""62"": 0.270664613, ""63"": 0.00314565, ""66"": 0.617031145, ""67"": 0.097889292, ""68"": 0.714920437, ""70"": 0.283834327, ""71"": 0.054818004, ""72"": 0.33865233, ""73"": 0.33865233, ""210"": 11.0, ""212"": 35.68637737, ""213"": 9.336407974}",{},2026-09-30T21:46:22-04:00
KC Concepcion,4870653,WR,CLE,ACTIVE,110.19988419,12.9,,,160.88,51.56,139.0,165.0,"{""23"": 13.5764559, ""24"": 72.44059044, ""25"": 0.446820674, ""26"": 0.026495428, ""27"": 14.0, ""28"": 7.0, ""29"": 3.0, ""30"": 2.0, ""31"": 1.0, ""33"": 2.0, ""34"": 1.0, ""35"": 0.025121488, ""36"": 0.017585042, ""37"": 0.015929, ""38"": 0.000544, ""39"": 5.33575117, ""40"": 5.174327889, ""42"": 599.0988152, ""43"": 2.300096246, ""44"": 0.135025074, ""45"": 0.09188841, ""46"": 0.060049076, ""47"": 119.0, ""48"": 59.0, ""49"": 29.0, ""50"": 23.0, ""51"": 11.0, ""53"": 52.38431588, ""56"": 0.881568419, ""57"": 0.027265003, ""58"": 84.50522891, ""60"": 11.43660665, ""61"": 42.79277251, ""62"": 0.161520503, ""63"": 0.005289297, ""66"": 0.247426377, ""67"": 0.954686671, ""68"": 1.202113048, ""70"": 0.113816133, ""71"": 0.534624536, ""72"": 0.648440669, ""73"": 0.648440669, ""102"": 0.224354083, ""115"": 224.3540828, ""118"": 22.0, ""119"": 8.0, ""210"": 14.0, ""212"": 5.310242848, ""213"": 28.45463369}","{""23"": 4.0, ""24"": 9.0, ""27"": 3.0, ""28"": 1.0, ""39"": 2.25, ""40"": 3.0, ""41"": 12.0, ""42"": 80.0, ""47"": 14.0, ""48"": 6.0, ""49"": 3.0, ""50"": 2.0, ""53"": 12.0, ""54"": 1.0, ""58"": 20.0, ""59"": 31.0, ""60"": 6.66666667, ""61"": 26.66666667, ""67"": 1.0, ""68"": 1.0, ""71"": 1.0, ""72"": 1.0, ""73"": 1.0, ""115"": 11.0, ""118"": 1.0, ""155"": 2.0, ""156"": 1.0, ""210"": 3.0, ""212"": 1.0, ""213"": 4.0}",2026-09-30T21:46:22-04:00
Woody Marks,4429059,RB,HOU,ACTIVE,98.06513569,19.1,61.5237609,133.1,160.12,51.49,151.0,157.0,"{""23"": 120.3149724, ""24"": 471.8860108, ""25"": 2.669793453, ""26"": 0.10429023, ""27"": 94.0, ""28"": 47.0, ""29"": 23.0, ""30"": 18.0, ""31"": 9.0, ""33"": 24.0, ""34"": 12.0, ""35"": 0.238215984, ""36"": 0.166751189, ""37"": 0.696503106, ""38"": 0.0238, ""39"": 3.922088842, ""40"": 33.70614363, ""42"": 176.5600678, ""43"": 1.02873842, ""44"": 0.041587043, ""45"": 0.039813949, ""46"": 0.026018415, ""47"": 35.0, ""48"": 17.0, ""49"": 8.0, ""50"": 7.0, ""51"": 3.0, ""53"": 23.03136806, ""56"": 0.065918148, ""57"": 0.002038706, ""58"": 30.42856844, ""60"": 7.66606948, ""61"": 12.61143341, ""62"": 0.145877273, ""63"": 0.005171778, ""66"": 0.986552724, ""67"": 0.188851466, ""68"": 1.175404189, ""70"": 0.453814253, ""71"": 0.105756821, ""72"": 0.559571074, ""73"": 0.559571074, ""101"": 0.056840028, ""114"": 507.6402522, ""116"": 50.0, ""117"": 20.0, ""210"": 14.0, ""212"": 26.93958092, ""213"": 9.592289467}","{""23"": 22.0, ""24"": 65.0, ""25"": 1.0, ""27"": 12.0, ""28"": 5.0, ""29"": 2.0, ""30"": 1.0, ""33"": 3.0, ""39"": 2.95454545, ""40"": 21.66666667, ""41"": 7.0, ""42"": 31.0, ""47"": 6.0, ""48"": 2.0, ""49"": 1.0, ""50"": 1.0, ""53"": 7.0, ""54"": 1.0, ""58"": 8.0, ""59"": 30.0, ""60"": 4.42857143, ""61"": 10.33333333, ""114"": 170.0, ""116"": 16.0, ""117"": 6.0, ""156"": 3.0, ""158"": 6.0, ""179"": 1.0, ""210"": 3.0, ""212"": 7.0, ""213"": 1.0}",2026-09-30T21:46:22-04:00
Makai Lemon,4870795,WR,PHI,ACTIVE,77.81086791,6.8,,,150.55,48.39,154.0,141.0,"{""23"": 3.713250174, ""24"": 19.78519494, ""25"": 0.153218502, ""26"": 0.005114567, ""27"": 3.0, ""28"": 1.0, ""35"": 0.006826485, ""36"": 0.004778539, ""37"": 0.001085318, ""38"": 3.7e-05, ""39"": 5.32826877, ""40"": 1.41322821, ""42"": 432.5470716, ""43"": 2.761134957, ""44"": 0.122202571, ""45"": 0.237054197, ""46"": 0.154914918, ""47"": 86.0, ""48"": 43.0, ""49"": 21.0, ""50"": 17.0, ""51"": 8.0, ""53"": 31.06652697, ""56"": 0.362784043, ""57"": 0.011220125, ""58"": 48.51506461, ""60"": 13.92325161, ""61"": 30.8962194, ""62"": 0.127317138, ""63"": 0.002788939, ""66"": 0.067672745, ""67"": 0.566177084, ""68"": 0.633849829, ""70"": 0.031129463, ""71"": 0.317059167, ""72"": 0.34818863, ""73"": 0.34818863, ""210"": 14.0, ""212"": 2.714214404, ""213"": 19.19128869}","{""23"": 1.0, ""24"": -5.0, ""39"": -5.0, ""40"": -1.66666667, ""41"": 7.0, ""42"": 38.0, ""47"": 7.0, ""48"": 3.0, ""49"": 1.0, ""50"": 1.0, ""53"": 7.0, ""58"": 9.0, ""59"": 21.0, ""60"": 5.42857143, ""61"": 12.66666667, ""108"": 2.0, ""109"": 2.0, ""155"": 2.0, ""156"": 1.0, ""210"": 3.0, ""213"": 3.0}",2026-09-30T21:46:22-04:00
Sam Darnold,3912547,QB,SEA,ACTIVE,258.97724789,35.9,285.65005256,284.1,157.79,47.88,280.0,297.0,"{""0"": 438.3548387, ""1"": 289.3331945, ""2"": 149.0216442, ""3"": 3445.403618, ""4"": 22.339524, ""5"": 689.0, ""6"": 344.0, ""7"": 172.0, ""8"": 137.0, ""9"": 68.0, ""10"": 34.0, ""11"": 57.0, ""12"": 28.0, ""15"": 2.862463041, ""16"": 1.870619598, ""17"": 2.947270211, ""18"": 0.398098927, ""19"": 0.947169021, ""20"": 11.12480261, ""21"": 0.660043346, ""22"": 246.1002584, ""23"": 36.27144143, ""24"": 99.95225117, ""25"": 0.869258606, ""26"": 0.031442079, ""27"": 19.0, ""28"": 9.0, ""29"": 4.0, ""30"": 3.0, ""31"": 1.0, ""33"": 7.0, ""34"": 3.0, ""35"": 0.068112505, ""36"": 0.047678754, ""37"": 0.030673565, ""38"": 0.001046771, ""39"": 2.755673534, ""40"": 7.139446512, ""62"": 0.9786111, ""63"": 0.035757039, ""64"": 32.58290641, ""65"": 7.545451976, ""66"": 0.581147768, ""68"": 8.126599744, ""69"": 3.621816949, ""70"": 0.267327973, ""72"": 3.889144922, ""73"": 15.01394753, ""210"": 14.0, ""211"": 162.3708002, ""212"": 7.932903891}","{""0"": 47.0, ""1"": 32.0, ""2"": 15.0, ""3"": 392.0, ""4"": 4.0, ""5"": 77.0, ""6"": 38.0, ""7"": 18.0, ""8"": 15.0, ""9"": 7.0, ""10"": 3.0, ""11"": 6.0, ""12"": 3.0, ""13"": 2.0, ""14"": 1.0, ""17"": 1.0, ""20"": 2.0, ""21"": 0.68085106, ""22"": 196.0, ""23"": 1.0, ""24"": 5.0, ""27"": 1.0, ""39"": 5.0, ""40"": 2.5, ""64"": 1.0, ""73"": 2.0, ""155"": 1.0, ""156"": 1.0, ""158"": 24.0, ""175"": 2.0, ""176"": 2.0, ""210"": 2.0, ""211"": 22.0, ""212"": 1.0}",2026-09-30T21:46:22-04:00
Hunter Henry,3046439,TE,NE,ACTIVE,97.41797515,10.6,120.22176586,148.8,161.48,46.5,144.0,192.0,"{""42"": 516.6900926, ""43"": 3.713677816, ""44"": 0.149942676, ""45"": 0.152880933, ""46"": 0.09990769, ""47"": 103.0, ""48"": 51.0, ""49"": 25.0, ""50"": 20.0, ""51"": 10.0, ""53"": 47.09673345, ""56"": 0.586000491, ""57"": 0.018123727, ""58"": 64.79132532, ""60"": 10.97082653, ""61"": 36.90643519, ""62"": 0.149942676, ""63"": 0.001498173, ""67"": 0.340493829, ""68"": 0.340493829, ""71"": 0.190676544, ""72"": 0.190676544, ""73"": 0.190676544, ""210"": 14.0, ""213"": 25.55494548}","{""41"": 7.0, ""42"": 71.0, ""47"": 14.0, ""48"": 6.0, ""49"": 3.0, ""50"": 2.0, ""53"": 7.0, ""58"": 10.0, ""59"": 37.0, ""60"": 10.14285714, ""61"": 23.66666667, ""108"": 1.0, ""109"": 1.0, ""155"": 1.0, ""156"": 2.0, ""210"": 3.0, ""213"": 2.0}",2026-09-30T21:46:22-04:00
Evan McPherson,4360234,K,CIN,ACTIVE,119.87795689,42.0,132.56820006,133.0,151.82,46.46,362.0,366.0,"{""74"": 4.602255026, ""75"": 6.3650244, ""76"": 1.762769374, ""77"": 6.067168839, ""78"": 7.2743136, ""79"": 1.207144761, ""80"": 12.9348089, ""81"": 13.104462, ""82"": 0.169653097, ""83"": 23.60423277, ""84"": 26.7438, ""85"": 3.139567232, ""86"": 36.93314694, ""87"": 37.68688464, ""88"": 0.753737693, ""198"": 4.602255026, ""199"": 6.3650244, ""200"": 1.762769374, ""210"": 14.0, ""214"": 909.5886362, ""215"": 154.6006534, ""216"": 1064.18929}","{""74"": 5.0, ""75"": 5.0, ""80"": 3.0, ""81"": 3.0, ""83"": 8.0, ""84"": 8.0, ""86"": 8.0, ""87"": 8.0, ""108"": 1.0, ""109"": 1.0, ""155"": 2.0, ""156"": 1.0, ""158"": 32.0, ""198"": 5.0, ""199"": 5.0, ""210"": 3.0, ""214"": 361.0, ""216"": 361.0, ""217"": 71.0, ""218"": 34.0, ""219"": 17.0, ""220"": 13.0, ""221"": 6.0, ""222"": 2.0, ""229"": 71.0, ""230"": 34.0, ""231"": 17.0, ""232"": 13.0, ""233"": 6.0, ""234"": 2.0}",2026-09-30T21:46:22-04:00
Jayden Reed,4362249,WR,GB,INJURY_RESERVE,76.22688319,4.4,147.31352253,39.0,155.13,45.91,137.0,145.0,"{""23"": 4.305204519, ""24"": 30.48580651, ""25"": 0.219164415, ""26"": 0.010774824, ""27"": 6.0, ""28"": 3.0, ""29"": 1.0, ""30"": 1.0, ""35"": 0.00792687, ""36"": 0.005548809, ""37"": 0.003865245, ""38"": 0.000132, ""39"": 7.081151749, ""40"": 3.048580651, ""42"": 396.2470626, ""43"": 2.312984288, ""44"": 0.082195759, ""45"": 0.059628664, ""46"": 0.038967332, ""47"": 79.0, ""48"": 39.0, ""49"": 19.0, ""50"": 15.0, ""51"": 7.0, ""53"": 38.22022333, ""56"": 0.509948211, ""57"": 0.015771594, ""58"": 57.34439998, ""60"": 10.36747115, ""61"": 39.62470626, ""62"": 0.092970582, ""63"": 0.00374, ""66"": 0.08610409, ""67"": 0.764404467, ""68"": 0.850508557, ""70"": 0.039607882, ""71"": 0.428066501, ""72"": 0.467674383, ""73"": 0.467674383, ""210"": 10.0, ""212"": 2.673122891, ""213"": 19.90810435}","{""41"": 4.0, ""42"": 24.0, ""47"": 4.0, ""48"": 2.0, ""49"": 1.0, ""53"": 4.0, ""58"": 8.0, ""59"": 12.0, ""60"": 6.0, ""61"": 12.0, ""155"": 1.0, ""156"": 1.0, ""210"": 2.0, ""213"": 1.0}",2026-09-30T21:46:22-04:00
Dontayvion Wicks,4428850,WR,PHI,ACTIVE,105.3059598,28.4,17.07832151,60.8,162.22,45.08,214.0,228.0,"{""42"": 606.281412, ""43"": 3.962513742, ""44"": 0.175372283, ""45"": 0.230570452, ""46"": 0.15067779, ""47"": 121.0, ""48"": 60.0, ""49"": 30.0, ""50"": 24.0, ""51"": 12.0, ""53"": 43.03180818, ""56"": 0.913391473, ""57"": 0.028249221, ""58"": 68.48594562, ""60"": 14.08914563, ""61"": 43.30581515, ""62"": 0.175372283, ""63"": 0.003786799, ""67"": 0.860636164, ""68"": 0.860636164, ""71"": 0.481956252, ""72"": 0.481956252, ""73"": 0.481956252, ""210"": 14.0, ""213"": 27.20074507}","{""41"": 9.0, ""42"": 179.0, ""43"": 1.0, ""47"": 34.0, ""48"": 17.0, ""49"": 7.0, ""50"": 5.0, ""51"": 2.0, ""53"": 9.0, ""54"": 1.0, ""58"": 15.0, ""59"": 36.0, ""60"": 19.88888889, ""61"": 59.66666667, ""155"": 2.0, ""156"": 1.0, ""158"": 6.0, ""183"": 1.0, ""210"": 3.0, ""213"": 9.0}",2026-09-30T21:46:22-04:00
Lions D/ST,-16008,D/ST,DET,,62.42336093,8.0,117.51288912,77.0,160.68,44.61,237.0,248.0,"{""89"": 0.055239237, ""90"": 0.244730796, ""91"": 1.230646289, ""92"": 1.622215563, ""93"": 0.105, ""94"": 1.324993818, ""95"": 10.37599666, ""96"": 6.944504255, ""97"": 1.453399315, ""98"": 0.216, ""99"": 35.91617719, ""100"": 71.83235438, ""101"": 0.12965758, ""102"": 0.205288534, ""103"": 0.889268146, ""104"": 0.435725672, ""105"": 1.764965508, ""106"": 10.6838527, ""109"": 838.3525297, ""110"": 279.0, ""111"": 167.0, ""112"": 36.74435753, ""113"": 72.2368935, ""114"": 1508.750564, ""115"": 205.2885342, ""116"": 150.0, ""117"": 60.0, ""118"": 20.0, ""119"": 8.0, ""120"": 400.9424882, ""121"": 2.027769454, ""122"": 3.615023474, ""123"": 3.153531116, ""124"": 1.811007891, ""125"": 0.23983618, ""126"": 28.63874916, ""127"": 4893.002692, ""129"": 0.244816388, ""130"": 2.378216338, ""131"": 2.762927804, ""132"": 3.427429428, ""133"": 2.762927804, ""134"": 1.608793405, ""135"": 0.629527854, ""136"": 0.185360979, ""137"": 349.5001923, ""210"": 17.0}","{""89"": 0.0, ""90"": 0.0, ""91"": 0.0, ""92"": 0.0, ""95"": 2.0, ""96"": 2.0, ""99"": 12.0, ""100"": 24.0, ""106"": 3.0, ""107"": 87.0, ""108"": 136.0, ""109"": 223.0, ""110"": 74.0, ""111"": 43.0, ""112"": 10.0, ""113"": 12.0, ""114"": 345.0, ""115"": 46.0, ""116"": 33.0, ""117"": 13.0, ""118"": 4.0, ""119"": 1.0, ""120"": 95.0, ""121"": 0.0, ""122"": 1.0, ""123"": 1.0, ""124"": 1.0, ""127"": 1250.0, ""128"": 0.0, ""129"": 0.0, ""130"": 0.0, ""131"": 1.0, ""132"": 0.0, ""133"": 1.0, ""134"": 1.0, ""135"": 0.0, ""136"": 0.0, ""155"": 2.0, ""156"": 1.0, ""187"": 95.0, ""188"": 0.0, ""189"": 0.0, ""190"": 0.0, ""191"": 0.0, ""192"": 0.0, ""193"": 1.0, ""194"": 1.0, ""195"": 1.0, ""210"": 3.0}",2026-09-30T21:46:22-04:00
Tyjae Spears,4428557,RB,TEN,QUESTIONABLE,98.79851014,11.9,103.92245567,89.2,161.58,43.64,177.0,154.0,"{""23"": 82.06617531, ""24"": 352.4882972, ""25"": 2.188504451, ""26"": 0.077377759, ""27"": 70.0, ""28"": 35.0, ""29"": 17.0, ""30"": 14.0, ""31"": 7.0, ""33"": 16.0, ""34"": 8.0, ""35"": 0.158673922, ""36"": 0.111071745, ""37"": 0.387691407, ""38"": 0.0132, ""39"": 4.295171499, ""40"": 26.11024424, ""42"": 272.6325976, ""43"": 1.062539043, ""44"": 0.047882328, ""45"": 0.059831844, ""46"": 0.03910011, ""47"": 54.0, ""48"": 27.0, ""49"": 13.0, ""50"": 10.0, ""51"": 5.0, ""53"": 34.39211904, ""56"": 0.123165269, ""57"": 0.003809235, ""58"": 42.48121097, ""60"": 7.927182309, ""61"": 20.19500723, ""62"": 0.125260087, ""63"": 0.002994952, ""66"": 0.479657201, ""67"": 0.201013724, ""68"": 0.680670925, ""70"": 0.220642312, ""71"": 0.112567686, ""72"": 0.333209998, ""73"": 0.333209998, ""210"": 13.5, ""212"": 20.22554065, ""213"": 14.84490441}","{""23"": 13.0, ""24"": 58.0, ""27"": 11.0, ""28"": 5.0, ""29"": 2.0, ""30"": 1.0, ""33"": 1.0, ""39"": 4.46153846, ""40"": 19.33333333, ""41"": 4.0, ""42"": 41.0, ""47"": 7.0, ""48"": 3.0, ""49"": 1.0, ""50"": 1.0, ""53"": 4.0, ""58"": 6.0, ""59"": 51.0, ""60"": 10.25, ""61"": 13.66666667, ""67"": 1.0, ""68"": 1.0, ""156"": 3.0, ""210"": 3.0, ""212"": 2.0, ""213"": 1.0}",2026-09-30T21:46:22-04:00
Keenan Allen,15818,WR,IND,ACTIVE,101.34897548,22.5,172.04117837,142.2,166.07,41.79,212.0,198.0,"{""42"": 553.8520966, ""43"": 3.013284914, ""44"": 0.153035796, ""45"": 0.071827844, ""46"": 0.046939496, ""47"": 110.0, ""48"": 55.0, ""49"": 27.0, ""50"": 22.0, ""51"": 11.0, ""53"": 57.55015868, ""56"": 0.731761601, ""57"": 0.022631802, ""58"": 82.78351901, ""60"": 9.623815282, ""61"": 39.56086404, ""62"": 0.153035796, ""63"": 0.0047, ""67"": 1.068834464, ""68"": 1.068834464, ""71"": 0.5985473, ""72"": 0.5985473, ""73"": 0.5985473, ""210"": 14.0, ""213"": 28.67600653}","{""41"": 13.0, ""42"": 100.0, ""43"": 1.0, ""47"": 19.0, ""48"": 9.0, ""49"": 4.0, ""50"": 3.0, ""51"": 1.0, ""53"": 13.0, ""54"": 2.0, ""58"": 20.0, ""59"": 29.0, ""60"": 7.69230769, ""61"": 33.33333333, ""155"": 1.0, ""156"": 2.0, ""158"": 6.0, ""183"": 1.0, ""210"": 3.0, ""213"": 4.0}",2026-09-30T21:46:22-04:00
Travis Hunter,4685415,WR,JAX,ACTIVE,8.92635608,1.6,172.28963888,49.8,157.72,41.29,187.0,187.0,"{""23"": 3.70849157, ""24"": 19.87647124, ""25"": 0.134294126, ""26"": 0.005651392, ""27"": 3.0, ""28"": 1.0, ""35"": 0.006817716, ""36"": 0.004772401, ""37"": 0.001093415, ""38"": 3.73e-05, ""39"": 5.359718599, ""40"": 1.419747946, ""42"": 33.0584213, ""43"": 0.262231651, ""44"": 0.010025539, ""45"": 0.124396426, ""46"": 0.081293065, ""47"": 6.0, ""48"": 3.0, ""49"": 1.0, ""50"": 1.0, ""53"": 2.678416564, ""56"": 0.017405969, ""57"": 0.000538329, ""58"": 4.351045481, ""60"": 12.34252421, ""61"": 2.361315807, ""62"": 0.015676931, ""63"": 0.000512157, ""66"": 0.067586021, ""67"": 0.048813248, ""68"": 0.116399269, ""70"": 0.03108957, ""71"": 0.027335419, ""72"": 0.058424988, ""73"": 0.058424988, ""93"": 0.00588, ""94"": 0.127859784, ""95"": 0.952, ""96"": 0.220118756, ""97"": 0.0412, ""98"": 0.00433, ""99"": 0.029142527, ""100"": 0.058285054, ""103"": 0.111, ""104"": 0.01733692, ""105"": 0.133741953, ""106"": 0.33864424, ""107"": 13.56661119, ""108"": 35.34602995, ""109"": 48.91264114, ""110"": 16.0, ""111"": 9.0, ""112"": 1.431163984, ""113"": 7.87929111, ""210"": 14.0, ""212"": 2.70289912, ""213"": 0.682531517}","{""23"": 1.0, ""24"": 3.0, ""39"": 3.0, ""40"": 1.0, ""41"": 1.0, ""42"": 8.0, ""47"": 1.0, ""53"": 1.0, ""58"": 1.0, ""59"": 11.0, ""60"": 8.0, ""61"": 2.66666667, ""95"": 1.0, ""107"": 3.0, ""108"": 6.0, ""109"": 9.0, ""110"": 2.0, ""113"": 2.0, ""155"": 2.0, ""156"": 1.0, ""210"": 3.0}",2026-09-30T21:46:22-04:00
Baker Mayfield,3052587,QB,TB,OUT,177.39083598,38.9,377.2945864,322.4,161.8,40.38,189.0,174.0,"{""0"": 339.668009, ""1"": 220.7976012, ""2"": 118.8704078, ""3"": 2438.351894, ""4"": 11.749756, ""5"": 487.0, ""6"": 243.0, ""7"": 121.0, ""8"": 97.0, ""9"": 48.0, ""10"": 24.0, ""11"": 44.0, ""12"": 22.0, ""15"": 1.855576644, ""16"": 1.212619337, ""17"": 1.589039998, ""18"": 0.214637639, ""19"": 0.511430634, ""20"": 7.773482342, ""21"": 0.650039437, ""22"": 221.668354, ""23"": 39.95782084, ""24"": 210.9815236, ""25"": 1.443434873, ""26"": 0.051428803, ""27"": 42.0, ""28"": 21.0, ""29"": 10.0, ""30"": 8.0, ""31"": 4.0, ""33"": 7.0, ""34"": 3.0, ""35"": 0.075740886, ""36"": 0.05301862, ""37"": 0.176212046, ""38"": 0.00601, ""39"": 5.28010585, ""40"": 19.18013851, ""62"": 0.562859437, ""63"": 0.026900032, ""64"": 29.52939538, ""65"": 5.516589445, ""66"": 0.597054286, ""68"": 6.113643731, ""69"": 2.647962933, ""70"": 0.274644972, ""72"": 2.922607905, ""73"": 10.69609025, ""210"": 11.0, ""211"": 117.1211497, ""212"": 11.96820632}","{""0"": 96.0, ""1"": 61.0, ""2"": 35.0, ""3"": 615.0, ""4"": 2.0, ""5"": 122.0, ""6"": 60.0, ""7"": 29.0, ""8"": 23.0, ""9"": 11.0, ""10"": 5.0, ""11"": 11.0, ""12"": 5.0, ""13"": 6.0, ""14"": 2.0, ""15"": 1.0, ""20"": 2.0, ""21"": 0.63541667, ""22"": 205.0, ""23"": 11.0, ""24"": 65.0, ""25"": 1.0, ""27"": 12.0, ""28"": 5.0, ""29"": 2.0, ""30"": 2.0, ""33"": 1.0, ""39"": 5.90909091, ""40"": 21.66666667, ""64"": 13.0, ""65"": 1.0, ""66"": 1.0, ""68"": 3.0, ""69"": 1.0, ""70"": 1.0, ""72"": 3.0, ""73"": 5.0, ""156"": 3.0, ""158"": 18.0, ""175"": 1.0, ""179"": 1.0, ""210"": 3.0, ""211"": 26.0, ""212"": 5.0}",2026-09-30T21:46:22-04:00
Jaxson Dart,4689114,QB,NYG,INJURY_RESERVE,,33.4,152.97729161,270.7,116.36,39.57,85.0,91.0,{},"{""0"": 34.0, ""1"": 26.0, ""2"": 8.0, ""3"": 250.0, ""4"": 3.0, ""5"": 50.0, ""6"": 25.0, ""7"": 12.0, ""8"": 9.0, ""9"": 4.0, ""10"": 2.0, ""11"": 4.0, ""12"": 2.0, ""13"": 1.0, ""21"": 0.76470588, ""22"": 125.0, ""23"": 11.0, ""24"": 54.0, ""27"": 10.0, ""28"": 5.0, ""29"": 2.0, ""30"": 2.0, ""31"": 1.0, ""33"": 2.0, ""34"": 1.0, ""39"": 4.90909091, ""40"": 27.0, ""64"": 2.0, ""65"": 1.0, ""68"": 1.0, ""155"": 1.0, ""156"": 1.0, ""158"": 18.0, ""175"": 2.0, ""176"": 1.0, ""210"": 2.0, ""211"": 16.0, ""212"": 4.0}",2026-09-30T21:46:22-04:00
Tre Tucker,4428718,WR,LV,ACTIVE,101.89062917,30.4,108.61224936,133.2,163.83,39.14,196.0,219.0,"{""23"": 3.567945335, ""24"": 19.75176795, ""25"": 0.129491992, ""26"": 0.007788586, ""27"": 3.0, ""28"": 1.0, ""35"": 0.006558726, ""36"": 0.004591108, ""37"": 0.00108, ""38"": 3.69e-05, ""39"": 5.535894219, ""40"": 1.410840568, ""42"": 601.0597957, ""43"": 2.870406026, ""44"": 0.163809991, ""45"": 0.191844753, ""46"": 0.125370546, ""47"": 120.0, ""48"": 60.0, ""49"": 30.0, ""50"": 24.0, ""51"": 12.0, ""53"": 43.88945284, ""56"": 0.892624838, ""57"": 0.027606954, ""58"": 71.20168987, ""60"": 13.69485735, ""61"": 42.93284255, ""62"": 0.171598577, ""63"": 0.00190277, ""66"": 0.032512306, ""67"": 0.399935314, ""68"": 0.43244762, ""70"": 0.014955661, ""71"": 0.223963776, ""72"": 0.238919437, ""73"": 0.238919437, ""210"": 14.0, ""212"": 2.686569842, ""213"": 26.80565899}","{""41"": 11.0, ""42"": 189.0, ""43"": 1.0, ""45"": 1.0, ""47"": 36.0, ""48"": 17.0, ""49"": 8.0, ""50"": 6.0, ""51"": 2.0, ""52"": 1.0, ""53"": 11.0, ""54"": 1.0, ""56"": 1.0, ""58"": 15.0, ""59"": 11.0, ""60"": 17.18181818, ""61"": 63.0, ""155"": 3.0, ""158"": 6.0, ""210"": 3.0, ""213"": 7.0}",2026-09-30T21:46:22-04:00
Browns D/ST,-16005,D/ST,CLE,,75.20169773,7.0,64.30415991,112.0,158.77,38.54,235.0,244.0,"{""89"": 0.14, ""90"": 0.63, ""91"": 2.31, ""92"": 2.24, ""93"": 0.104, ""94"": 1.31124782, ""95"": 8.544424131, ""96"": 6.799158122, ""97"": 1.500882213, ""98"": 0.215, ""99"": 34.2649597, ""100"": 68.5299194, ""101"": 0.136699614, ""102"": 0.224354083, ""103"": 0.876261001, ""104"": 0.434986819, ""105"": 1.776281456, ""106"": 10.46024326, ""109"": 850.1791857, ""110"": 283.0, ""111"": 170.0, ""112"": 41.45488517, ""113"": 50.66661416, ""114"": 1309.383274, ""115"": 224.3540828, ""116"": 130.0, ""117"": 52.0, ""118"": 22.0, ""119"": 8.0, ""120"": 348.6676956, ""121"": 2.03, ""122"": 3.08, ""123"": 2.31, ""124"": 1.12, ""125"": 0.14, ""126"": 24.9048354, ""127"": 4782.628645, ""129"": 0.371055658, ""130"": 3.220483072, ""131"": 3.059458919, ""132"": 3.262489373, ""133"": 2.303345502, ""134"": 1.190178527, ""135"": 0.46206931, ""136"": 0.130919638, ""137"": 341.6163318, ""210"": 17.0}","{""89"": 0.0, ""90"": 0.0, ""91"": 0.0, ""92"": 0.0, ""95"": 2.0, ""99"": 7.0, ""100"": 14.0, ""106"": 2.0, ""107"": 104.0, ""108"": 107.0, ""109"": 211.0, ""110"": 69.0, ""111"": 41.0, ""112"": 13.0, ""113"": 9.0, ""114"": 522.0, ""115"": 11.0, ""116"": 51.0, ""117"": 20.0, ""118"": 1.0, ""120"": 71.0, ""121"": 2.0, ""122"": 0.0, ""123"": 1.0, ""124"": 0.0, ""127"": 1033.0, ""128"": 0.0, ""129"": 0.0, ""130"": 0.0, ""131"": 1.0, ""132"": 2.0, ""133"": 0.0, ""134"": 0.0, ""135"": 0.0, ""136"": 0.0, ""155"": 2.0, ""156"": 1.0, ""187"": 71.0, ""188"": 0.0, ""189"": 0.0, ""190"": 0.0, ""191"": 0.0, ""192"": 2.0, ""193"": 0.0, ""194"": 1.0, ""195"": 0.0, ""210"": 3.0}",2026-09-30T21:46:22-04:00
Kalif Raymond,2973405,WR,CHI,ACTIVE,108.92565956,36.9,22.58489163,54.8,168.78,38.18,983.0,984.0,"{""23"": 3.594709725, ""24"": 20.87810291, ""25"": 0.146331126, ""26"": 0.005031275, ""27"": 4.0, ""28"": 2.0, ""29"": 1.0, ""35"": 0.006608045, ""36"": 0.004625631, ""37"": 0.001215989, ""38"": 4.15e-05, ""39"": 5.808008019, ""40"": 1.491293065, ""42"": 613.6651841, ""43"": 2.380322696, ""44"": 0.104061841, ""45"": 0.156340674, ""46"": 0.102168631, ""47"": 122.0, ""48"": 61.0, ""49"": 30.0, ""50"": 24.0, ""51"": 12.0, ""53"": 59.80416018, ""56"": 0.943274418, ""57"": 0.029173436, ""58"": 76.59961032, ""60"": 10.26124574, ""61"": 43.83322744, ""62"": 0.109093115, ""63"": 0.005266592, ""66"": 0.067867096, ""67"": 1.129085519, ""68"": 1.196952616, ""70"": 0.031218864, ""71"": 0.632287891, ""72"": 0.663506755, ""73"": 0.663506755, ""102"": 0.253025853, ""115"": 230.603961, ""118"": 23.0, ""119"": 9.0, ""210"": 14.0, ""212"": 2.73878053, ""213"": 30.58035004}","{""41"": 19.0, ""42"": 214.0, ""43"": 1.0, ""45"": 1.0, ""47"": 42.0, ""48"": 21.0, ""49"": 10.0, ""50"": 7.0, ""51"": 2.0, ""53"": 19.0, ""54"": 3.0, ""58"": 21.0, ""59"": 95.0, ""60"": 11.26315789, ""61"": 71.33333333, ""115"": 68.0, ""118"": 6.0, ""119"": 1.0, ""155"": 2.0, ""156"": 1.0, ""158"": 6.0, ""210"": 3.0, ""213"": 11.0}",2026-09-30T21:46:22-04:00
Kaelon Black,4696044,RB,SF,ACTIVE,71.8283166,11.7,,,168.46,37.84,269.0,292.0,"{""23"": 102.8666434, ""24"": 432.929481, ""25"": 3.126220749, ""26"": 0.117065494, ""27"": 86.0, ""28"": 43.0, ""29"": 21.0, ""30"": 17.0, ""31"": 8.0, ""33"": 20.0, ""34"": 10.0, ""35"": 0.201493334, ""36"": 0.141045334, ""37"": 0.58699355, ""38"": 0.020031838, ""39"": 4.208647883, ""40"": 30.92353436, ""42"": 52.02499601, ""43"": 0.309561905, ""44"": 0.012507387, ""45"": 0.043334876, ""46"": 0.028319341, ""47"": 10.0, ""48"": 5.0, ""49"": 2.0, ""50"": 2.0, ""51"": 1.0, ""53"": 6.665305797, ""56"": 0.025254991, ""57"": 0.000781082, ""58"": 8.813919348, ""60"": 7.805342711, ""61"": 3.716071144, ""62"": 0.129572881, ""63"": 0.004123659, ""66"": 0.880164364, ""67"": 0.057030777, ""68"": 0.937195142, ""70"": 0.404875608, ""71"": 0.031937235, ""72"": 0.436812843, ""73"": 0.436812843, ""210"": 14.0, ""212"": 24.90442695, ""213"": 2.133652864}","{""23"": 25.0, ""24"": 107.0, ""27"": 21.0, ""28"": 9.0, ""29"": 4.0, ""30"": 3.0, ""31"": 1.0, ""33"": 3.0, ""34"": 1.0, ""39"": 4.28, ""40"": 35.66666667, ""41"": 1.0, ""42"": 5.0, ""47"": 1.0, ""53"": 1.0, ""58"": 2.0, ""59"": 10.0, ""60"": 5.0, ""61"": 1.66666667, ""155"": 3.0, ""210"": 3.0, ""212"": 5.0}",2026-09-30T21:46:22-04:00
C.J. Stroud,4432577,QB,HOU,ACTIVE,251.93165788,50.8,329.7121421,244.9,165.09,37.13,276.0,296.0,"{""0"": 460.2429567, ""1"": 292.3016334, ""2"": 167.9413233, ""3"": 3333.406478, ""4"": 18.676632, ""5"": 666.0, ""6"": 333.0, ""7"": 166.0, ""8"": 133.0, ""9"": 66.0, ""10"": 33.0, ""11"": 58.0, ""12"": 29.0, ""15"": 2.693116741, ""16"": 1.75995179, ""17"": 2.606657029, ""18"": 0.352091018, ""19"": 0.754499629, ""20"": 7.112854417, ""21"": 0.635102893, ""22"": 238.1004627, ""23"": 42.34310668, ""24"": 199.9147086, ""25"": 0.970001576, ""26"": 0.037900507, ""27"": 39.0, ""28"": 19.0, ""29"": 9.0, ""30"": 7.0, ""31"": 3.0, ""33"": 8.0, ""34"": 4.0, ""35"": 0.079825552, ""36"": 0.055877886, ""37"": 0.123839799, ""38"": 0.00423, ""39"": 4.721304701, ""40"": 14.27962204, ""62"": 0.792400136, ""63"": 0.029883815, ""64"": 34.97504529, ""65"": 6.2567953, ""66"": 0.534980857, ""68"": 6.791776157, ""69"": 3.003261744, ""70"": 0.246091194, ""72"": 3.249352938, ""73"": 10.36220736, ""210"": 14.0, ""211"": 158.9714403, ""212"": 11.75214536}","{""0"": 120.0, ""1"": 72.0, ""2"": 48.0, ""3"": 794.0, ""4"": 3.0, ""5"": 157.0, ""6"": 78.0, ""7"": 38.0, ""8"": 30.0, ""9"": 15.0, ""10"": 6.0, ""11"": 14.0, ""12"": 6.0, ""13"": 9.0, ""14"": 4.0, ""17"": 1.0, ""21"": 0.6, ""22"": 264.66666667, ""23"": 7.0, ""24"": 54.0, ""27"": 10.0, ""28"": 4.0, ""29"": 1.0, ""30"": 1.0, ""39"": 7.71428571, ""40"": 18.0, ""64"": 10.0, ""68"": 2.0, ""72"": 2.0, ""73"": 2.0, ""156"": 3.0, ""158"": 18.0, ""175"": 2.0, ""176"": 1.0, ""210"": 3.0, ""211"": 34.0, ""212"": 4.0}",2026-09-30T21:46:22-04:00
Rashid Shaheed,4032473,WR,SEA,ACTIVE,97.74225364,8.7,149.59296088,127.1,163.9,37.08,160.0,206.0,"{""23"": 7.648911815, ""24"": 43.83718102, ""25"": 0.28958476, ""26"": 0.01047206, ""27"": 8.0, ""28"": 4.0, ""29"": 2.0, ""30"": 1.0, ""33"": 1.0, ""35"": 0.014098424, ""36"": 0.009868897, ""37"": 0.005724045, ""38"": 0.000195, ""39"": 5.731165699, ""40"": 3.131227216, ""42"": 541.7956405, ""43"": 2.869283861, ""44"": 0.121624929, ""45"": 0.277863706, ""46"": 0.181583932, ""47"": 108.0, ""48"": 54.0, ""49"": 27.0, ""50"": 21.0, ""51"": 10.0, ""53"": 32.86578961, ""56"": 0.667551862, ""57"": 0.020645934, ""58"": 58.30626303, ""60"": 16.48509429, ""61"": 38.69968861, ""62"": 0.132096989, ""63"": 0.003565294, ""66"": 0.152978236, ""67"": 0.657315792, ""68"": 0.810294028, ""70"": 0.070369989, ""71"": 0.368096844, ""72"": 0.438466832, ""73"": 0.438466832, ""101"": 0.378946726, ""102"": 0.355320715, ""114"": 1160.717802, ""115"": 302.629522, ""116"": 116.0, ""117"": 46.0, ""118"": 30.0, ""119"": 12.0, ""210"": 14.0, ""212"": 3.867102703, ""213"": 22.6582708}","{""23"": 1.0, ""24"": 4.0, ""39"": 4.0, ""40"": 1.33333333, ""41"": 6.0, ""42"": 53.0, ""47"": 9.0, ""48"": 4.0, ""49"": 1.0, ""50"": 1.0, ""53"": 6.0, ""58"": 12.0, ""59"": 35.0, ""60"": 8.83333333, ""61"": 17.66666667, ""68"": 1.0, ""114"": 190.0, ""115"": 67.0, ""116"": 18.0, ""117"": 6.0, ""118"": 4.0, ""119"": 2.0, ""155"": 2.0, ""156"": 1.0, ""210"": 3.0, ""213"": 1.0}",2026-09-30T21:46:22-04:00
Will Reichard,4567104,K,MIN,ACTIVE,121.93999321,33.0,133.95292089,157.0,163.26,35.51,259.0,285.0,"{""74"": 5.000924784, ""75"": 6.774447003, ""76"": 1.773522219, ""77"": 6.574729601, ""78"": 7.742225146, ""79"": 1.167495544, ""80"": 13.80791698, ""81"": 13.94739089, ""82"": 0.139473909, ""83"": 25.38357136, ""84"": 28.46406304, ""85"": 3.080491672, ""86"": 32.29319162, ""87"": 32.95223635, ""88"": 0.659044727, ""198"": 5.000924784, ""199"": 6.774447003, ""200"": 1.773522219, ""210"": 14.0, ""214"": 980.1502798, ""215"": 152.4917166, ""216"": 1132.641996}","{""74"": 2.0, ""75"": 2.0, ""77"": 2.0, ""78"": 2.0, ""80"": 3.0, ""81"": 3.0, ""83"": 7.0, ""84"": 7.0, ""86"": 6.0, ""87"": 6.0, ""108"": 1.0, ""109"": 1.0, ""155"": 3.0, ""158"": 27.0, ""198"": 2.0, ""199"": 2.0, ""210"": 3.0, ""214"": 314.0, ""216"": 314.0, ""217"": 61.0, ""218"": 30.0, ""219"": 14.0, ""220"": 11.0, ""221"": 5.0, ""222"": 2.0, ""229"": 61.0, ""230"": 30.0, ""231"": 14.0, ""232"": 11.0, ""233"": 5.0, ""234"": 2.0}",2026-09-30T21:46:22-04:00
Jordyn Tyson,4880281,WR,NO,INJURY_RESERVE,87.21465914,,,,168.88,33.92,195.0,218.0,"{""42"": 484.1375138, ""43"": 3.685894194, ""44"": 0.196404472, ""45"": 0.1645582, ""46"": 0.107538784, ""47"": 96.0, ""48"": 48.0, ""49"": 24.0, ""50"": 19.0, ""51"": 9.0, ""53"": 33.97232823, ""56"": 0.883574706, ""57"": 0.027327053, ""58"": 54.6641937, ""60"": 14.25093713, ""61"": 48.41375138, ""62"": 0.196404472, ""63"": 0.00272, ""67"": 0.619134342, ""68"": 0.619134342, ""71"": 0.346715232, ""72"": 0.346715232, ""73"": 0.346715232, ""210"": 10.0, ""213"": 21.92494719}",{},2026-09-30T21:46:22-04:00
Adonai Mitchell,4597500,WR,NYJ,DOUBTFUL,115.35706634,16.8,70.64334553,71.4,167.32,31.2,186.0,213.0,"{""23"": 1.658182414, ""24"": 8.53523342, ""25"": 0.081007132, ""26"": 0.004755451, ""27"": 1.0, ""35"": 0.003044546, ""36"": 0.002131182, ""37"": 0.000183354, ""38"": 6.26e-06, ""39"": 5.147342867, ""40"": 0.656556417, ""42"": 693.5755037, ""43"": 3.948300031, ""44"": 0.283210187, ""45"": 0.236238332, ""46"": 0.15438175, ""47"": 138.0, ""48"": 69.0, ""49"": 34.0, ""50"": 27.0, ""51"": 13.0, ""53"": 42.76534533, ""56"": 1.490953189, ""57"": 0.046111954, ""58"": 76.37993048, ""60"": 16.2181668, ""61"": 53.35196182, ""62"": 0.287965637, ""63"": 0.00390927, ""66"": 0.033163648, ""67"": 0.855306907, ""68"": 0.888470555, ""70"": 0.015255278, ""71"": 0.478971868, ""72"": 0.494227146, ""73"": 0.494227146, ""210"": 13.0, ""212"": 2.033788473, ""213"": 29.60905588}","{""41"": 9.0, ""42"": 123.0, ""47"": 24.0, ""48"": 12.0, ""49"": 6.0, ""50"": 4.0, ""51"": 2.0, ""53"": 9.0, ""54"": 1.0, ""58"": 15.0, ""59"": 26.0, ""60"": 13.66666667, ""61"": 61.5, ""155"": 1.0, ""156"": 1.0, ""210"": 2.0, ""213"": 7.0}",2026-09-30T21:46:22-04:00
De'Zhaun Stribling,4710714,WR,SF,INJURY_RESERVE,,0.0,,,157.39,30.65,92.0,148.0,{},"{""155"": 1.0, ""210"": 1.0}",2026-09-30T21:46:22-04:00
Chris Boswell,17372,K,PIT,ACTIVE,115.52163209,25.0,138.42263574,146.0,165.32,30.43,337.0,343.0,"{""74"": 4.944577476, ""75"": 6.871421957, ""76"": 1.926844481, ""77"": 6.522634644, ""78"": 7.853053666, ""79"": 1.330419021, ""80"": 13.91483239, ""81"": 14.14704521, ""82"": 0.232212821, ""83"": 25.38204451, ""84"": 28.87152083, ""85"": 3.489476323, ""86"": 26.45318529, ""87"": 26.99304621, ""88"": 0.539860924, ""198"": 4.944577476, ""199"": 6.871421957, ""200"": 1.926844481, ""210"": 14.0, ""214"": 977.9707143, ""215"": 170.8848426, ""216"": 1148.855557}","{""74"": 1.0, ""75"": 3.0, ""76"": 2.0, ""77"": 2.0, ""78"": 2.0, ""80"": 3.0, ""81"": 3.0, ""83"": 6.0, ""84"": 8.0, ""85"": 2.0, ""86"": 5.0, ""87"": 5.0, ""155"": 2.0, ""156"": 1.0, ""158"": 23.0, ""198"": 1.0, ""199"": 3.0, ""200"": 2.0, ""210"": 3.0, ""214"": 240.0, ""215"": 113.0, ""216"": 353.0, ""217"": 47.0, ""218"": 23.0, ""219"": 10.0, ""220"": 8.0, ""221"": 4.0, ""222"": 1.0, ""223"": 22.0, ""224"": 10.0, ""225"": 4.0, ""226"": 4.0, ""227"": 2.0, ""229"": 69.0, ""230"": 34.0, ""231"": 16.0, ""232"": 13.0, ""233"": 6.0, ""234"": 3.0}",2026-09-30T21:46:22-04:00
Tyler Allgeier,4373626,RB,ARI,ACTIVE,93.3215929,13.8,98.22184594,116.0,168.56,29.78,200.0,185.0,"{""23"": 88.15149937, ""24"": 355.3186323, ""25"": 2.826631901, ""26"": 0.116571458, ""27"": 71.0, ""28"": 35.0, ""29"": 17.0, ""30"": 14.0, ""31"": 7.0, ""33"": 17.0, ""34"": 8.0, ""35"": 0.171096829, ""36"": 0.119767781, ""37"": 0.394779011, ""38"": 0.013472293, ""39"": 4.030772419, ""40"": 25.37990231, ""42"": 215.4155304, ""43"": 0.772738323, ""44"": 0.030067483, ""45"": 0.039227501, ""46"": 0.025635172, ""47"": 43.0, ""48"": 21.0, ""49"": 10.0, ""50"": 8.0, ""51"": 4.0, ""53"": 29.69584965, ""56"": 0.083915332, ""57"": 0.00259532, ""58"": 37.5136051, ""60"": 7.254061863, ""61"": 15.3868236, ""62"": 0.14663894, ""63"": 0.002218358, ""66"": 0.377128124, ""67"": 0.127044238, ""68"": 0.504172361, ""70"": 0.173478937, ""71"": 0.071144773, ""72"": 0.24462371, ""73"": 0.24462371, ""210"": 14.0, ""212"": 21.16653584, ""213"": 12.07814342}","{""23"": 24.0, ""24"": 70.0, ""27"": 14.0, ""28"": 7.0, ""29"": 3.0, ""30"": 2.0, ""31"": 1.0, ""33"": 4.0, ""34"": 1.0, ""39"": 2.91666667, ""40"": 23.33333333, ""41"": 8.0, ""42"": 28.0, ""47"": 4.0, ""48"": 1.0, ""53"": 8.0, ""58"": 8.0, ""59"": 58.0, ""60"": 3.5, ""61"": 9.33333333, ""155"": 1.0, ""156"": 2.0, ""210"": 3.0, ""212"": 4.0, ""213"": 1.0}",2026-09-30T21:46:22-04:00
Bills D/ST,-16002,D/ST,BUF,,70.1176834,8.0,112.38456813,90.0,166.03,29.64,515.0,521.0,"{""89"": 0.093743754, ""90"": 0.419748151, ""91"": 1.72096742, ""92"": 1.902858285, ""93"": 0.102, ""94"": 1.279174779, ""95"": 10.23193021, ""96"": 7.47110211, ""97"": 1.578220747, ""98"": 0.216, ""99"": 34.56623471, ""100"": 69.13246942, ""101"": 0.178893522, ""102"": 0.163333911, ""103"": 0.846332386, ""104"": 0.432842393, ""105"": 1.723494327, ""106"": 11.49400325, ""109"": 842.4952416, ""110"": 280.0, ""111"": 168.0, ""112"": 39.23088583, ""113"": 59.30208537, ""114"": 1371.265392, ""115"": 184.3570881, ""116"": 137.0, ""117"": 54.0, ""118"": 18.0, ""119"": 7.0, ""120"": 379.1624841, ""121"": 2.02878273, ""122"": 3.371976814, ""123"": 2.770337797, ""124"": 1.497101739, ""125"": 0.19448331, ""126"": 27.08303458, ""127"": 4895.958341, ""129"": 0.223798581, ""130"": 2.237985813, ""131"": 2.713557798, ""132"": 3.454890598, ""133"": 2.8394445, ""134"": 1.67848936, ""135"": 0.657408333, ""136"": 0.194425017, ""137"": 349.7113101, ""210"": 17.0}","{""89"": 0.0, ""90"": 0.0, ""91"": 0.0, ""92"": 1.0, ""95"": 1.0, ""96"": 2.0, ""99"": 9.0, ""100"": 18.0, ""106"": 3.0, ""107"": 114.0, ""108"": 115.0, ""109"": 229.0, ""110"": 75.0, ""111"": 45.0, ""112"": 17.0, ""113"": 17.0, ""114"": 318.0, ""115"": 54.0, ""116"": 31.0, ""117"": 11.0, ""118"": 4.0, ""119"": 1.0, ""120"": 78.0, ""121"": 0.0, ""122"": 0.0, ""123"": 2.0, ""124"": 0.0, ""127"": 1084.0, ""128"": 0.0, ""129"": 0.0, ""130"": 0.0, ""131"": 1.0, ""132"": 2.0, ""133"": 0.0, ""134"": 0.0, ""135"": 0.0, ""136"": 0.0, ""155"": 3.0, ""187"": 78.0, ""188"": 0.0, ""189"": 0.0, ""190"": 0.0, ""191"": 1.0, ""192"": 0.0, ""193"": 0.0, ""194"": 2.0, ""195"": 0.0, ""210"": 3.0}",2026-09-30T21:46:22-04:00
Cairo Santos,17427,K,CHI,ACTIVE,116.88408946,26.0,140.59781064,127.0,167.42,29.48,256.0,281.0,"{""74"": 4.732876744, ""75"": 6.751741803, ""76"": 2.018865059, ""77"": 6.265508667, ""78"": 7.716276346, ""79"": 1.450767679, ""80"": 13.41392825, ""81"": 13.90064489, ""82"": 0.486716636, ""83"": 24.41231366, ""84"": 28.36866304, ""85"": 3.956349374, ""86"": 31.8722357, ""87"": 32.9263382, ""88"": 1.054102502, ""198"": 4.732876744, ""199"": 6.751741803, ""200"": 2.018865059, ""210"": 14.0, ""214"": 939.9410817, ""215"": 188.9047578, ""216"": 1128.84584}","{""74"": 1.0, ""75"": 1.0, ""77"": 2.0, ""78"": 2.0, ""80"": 1.0, ""81"": 2.0, ""82"": 1.0, ""83"": 4.0, ""84"": 5.0, ""85"": 1.0, ""86"": 11.0, ""87"": 11.0, ""155"": 2.0, ""156"": 1.0, ""158"": 23.0, ""198"": 1.0, ""199"": 1.0, ""210"": 3.0, ""214"": 167.0, ""215"": 23.0, ""216"": 190.0, ""217"": 33.0, ""218"": 16.0, ""219"": 7.0, ""220"": 6.0, ""221"": 2.0, ""223"": 4.0, ""224"": 2.0, ""225"": 1.0, ""229"": 37.0, ""230"": 18.0, ""231"": 8.0, ""232"": 6.0, ""233"": 2.0}",2026-09-30T21:46:22-04:00
Tank Dell,4366031,WR,HOU,INJURY_RESERVE,,,,,166.03,28.52,391.0,169.0,{},{},2026-09-30T21:46:22-04:00
Emanuel Wilson,4887558,RB,SEA,ACTIVE,25.89611529,10.9,29.24688434,87.0,169.63,27.97,354.0,358.0,"{""23"": 36.06758097, ""24"": 152.6295225, ""25"": 1.303471016, ""26"": 0.047224451, ""27"": 30.0, ""28"": 15.0, ""29"": 7.0, ""30"": 6.0, ""31"": 3.0, ""33"": 7.0, ""34"": 3.0, ""35"": 0.073510749, ""36"": 0.051457524, ""37"": 0.340107112, ""38"": 0.011606551, ""39"": 4.231764881, ""40"": 50.8765075, ""42"": 15.38513425, ""43"": 0.075889168, ""44"": 0.003224864, ""45"": 0.008420975, ""46"": 0.005503107, ""47"": 3.0, ""48"": 1.0, ""53"": 1.985067961, ""56"": 0.006920459, ""57"": 0.000214, ""58"": 2.671100998, ""60"": 7.750432, ""61"": 5.128378083, ""62"": 0.050449315, ""63"": 0.0013, ""66"": 0.280085932, ""67"": 0.015415218, ""68"": 0.29550115, ""70"": 0.128839529, ""71"": 0.008632522, ""72"": 0.137472051, ""73"": 0.137472051, ""210"": 3.0, ""212"": 8.682190534, ""213"": 0.704866339}","{""23"": 32.0, ""24"": 109.0, ""27"": 20.0, ""28"": 10.0, ""29"": 4.0, ""30"": 3.0, ""31"": 1.0, ""33"": 5.0, ""34"": 2.0, ""39"": 3.40625, ""40"": 36.33333333, ""58"": 1.0, ""155"": 2.0, ""156"": 1.0, ""210"": 3.0, ""212"": 6.0}",2026-09-30T21:46:22-04:00
Chase McLaughlin,3150744,K,TB,ACTIVE,113.62225696,39.0,147.01305926,150.0,161.79,27.84,338.0,344.0,"{""74"": 4.928424587, ""75"": 6.751741803, ""76"": 1.823317215, ""77"": 6.488991917, ""78"": 7.716276346, ""79"": 1.227284429, ""80"": 13.76163844, ""81"": 13.90064489, ""82"": 0.139006449, ""83"": 25.17905494, ""84"": 28.36866304, ""85"": 3.189608093, ""86"": 24.92885913, ""87"": 25.43761135, ""88"": 0.508752227, ""198"": 4.928424587, ""199"": 6.751741803, ""200"": 1.823317215, ""210"": 14.0, ""214"": 970.9887172, ""215"": 157.8571224, ""216"": 1128.84584}","{""74"": 3.0, ""75"": 3.0, ""77"": 1.0, ""78"": 1.0, ""80"": 5.0, ""81"": 5.0, ""83"": 9.0, ""84"": 9.0, ""86"": 5.0, ""87"": 5.0, ""156"": 3.0, ""158"": 32.0, ""198"": 3.0, ""199"": 3.0, ""210"": 3.0, ""214"": 371.0, ""216"": 371.0, ""217"": 74.0, ""218"": 36.0, ""219"": 18.0, ""220"": 13.0, ""221"": 6.0, ""222"": 2.0, ""229"": 74.0, ""230"": 36.0, ""231"": 18.0, ""232"": 13.0, ""233"": 6.0, ""234"": 2.0}",2026-09-30T21:46:22-04:00
Jonah Coleman,4702555,RB,DEN,INJURY_RESERVE,,13.3,,,167.46,27.45,204.0,175.0,{},"{""23"": 10.0, ""24"": 39.0, ""25"": 1.0, ""27"": 7.0, ""28"": 3.0, ""29"": 1.0, ""30"": 1.0, ""33"": 2.0, ""34"": 1.0, ""39"": 3.9, ""40"": 19.5, ""41"": 3.0, ""42"": 19.0, ""47"": 3.0, ""48"": 1.0, ""53"": 3.0, ""58"": 3.0, ""59"": 19.0, ""60"": 6.33333333, ""61"": 9.5, ""114"": 27.0, ""116"": 2.0, ""117"": 1.0, ""155"": 1.0, ""156"": 1.0, ""158"": 6.0, ""179"": 1.0, ""210"": 2.0, ""212"": 3.0}",2026-09-30T21:46:22-04:00
Rashod Bateman,4360939,WR,BAL,ACTIVE,92.35271451,23.0,114.0566058,45.9,167.32,27.38,213.0,227.0,"{""42"": 525.4051981, ""43"": 3.755790835, ""44"": 0.177868249, ""45"": 0.289152167, ""46"": 0.188960941, ""47"": 105.0, ""48"": 52.0, ""49"": 26.0, ""50"": 21.0, ""51"": 10.0, ""53"": 34.9830437, ""56"": 0.613420226, ""57"": 0.01897176, ""58"": 55.8371716, ""60"": 15.01885321, ""61"": 37.52894272, ""62"": 0.177868249, ""63"": 0.002238534, ""67"": 0.508757727, ""68"": 0.508757727, ""71"": 0.284904327, ""72"": 0.284904327, ""73"": 0.284904327, ""210"": 14.0, ""213"": 23.05138523}","{""41"": 9.0, ""42"": 125.0, ""43"": 1.0, ""47"": 24.0, ""48"": 11.0, ""49"": 5.0, ""50"": 4.0, ""51"": 1.0, ""53"": 9.0, ""54"": 1.0, ""58"": 13.0, ""59"": 14.0, ""60"": 13.88888889, ""61"": 41.66666667, ""108"": 1.0, ""109"": 1.0, ""155"": 2.0, ""156"": 1.0, ""158"": 6.0, ""185"": 1.0, ""210"": 3.0, ""213"": 4.0}",2026-09-30T21:46:22-04:00
Jaguars D/ST,-16030,D/ST,JAX,,96.80066126,31.0,89.61070649,126.0,165.19,27.32,358.0,363.0,"{""89"": 0.232679215, ""90"": 1.051261514, ""91"": 3.490188226, ""92"": 2.915498598, ""93"": 0.104, ""94"": 1.306035114, ""95"": 9.555672149, ""96"": 5.755698301, ""97"": 1.52, ""98"": 0.216, ""99"": 34.23942625, ""100"": 68.4788525, ""101"": 0.132137157, ""102"": 0.520370329, ""103"": 0.871443507, ""104"": 0.435, ""105"": 2.062285462, ""106"": 8.854920463, ""109"": 863.2565604, ""110"": 287.0, ""111"": 172.0, ""112"": 31.08085927, ""113"": 73.80530371, ""114"": 1261.723239, ""115"": 332.2198999, ""116"": 126.0, ""117"": 50.0, ""118"": 33.0, ""119"": 13.0, ""120"": 306.4105221, ""121"": 2.032438927, ""122"": 2.494993993, ""123"": 1.387665198, ""124"": 0.364437325, ""125"": 0.030837004, ""126"": 21.88646587, ""127"": 4736.515209, ""129"": 0.497522399, ""130"": 4.064267481, ""131"": 3.356524351, ""132"": 3.097252115, ""133"": 1.842935082, ""134"": 0.77080935, ""135"": 0.294309024, ""136"": 0.076380199, ""137"": 338.3225149, ""210"": 17.0}","{""89"": 0.0, ""90"": 1.0, ""91"": 1.0, ""92"": 0.0, ""95"": 4.0, ""96"": 2.0, ""99"": 8.0, ""100"": 16.0, ""106"": 3.0, ""107"": 95.0, ""108"": 105.0, ""109"": 200.0, ""110"": 66.0, ""111"": 39.0, ""112"": 11.0, ""113"": 9.0, ""114"": 249.0, ""115"": 7.0, ""116"": 24.0, ""117"": 9.0, ""118"": 1.0, ""120"": 36.0, ""121"": 1.0, ""122"": 0.0, ""123"": 0.0, ""124"": 0.0, ""127"": 981.0, ""128"": 0.0, ""129"": 0.0, ""130"": 1.0, ""131"": 1.0, ""132"": 1.0, ""133"": 0.0, ""134"": 0.0, ""135"": 0.0, ""136"": 0.0, ""155"": 2.0, ""156"": 1.0, ""187"": 36.0, ""188"": 0.0, ""189"": 1.0, ""190"": 1.0, ""191"": 0.0, ""192"": 1.0, ""193"": 0.0, ""194"": 0.0, ""195"": 0.0, ""210"": 3.0}",2026-09-30T21:46:22-04:00
Terrance Ferguson,4570037,TE,LAR,DOUBTFUL,82.23375122,15.8,39.36501866,46.6,166.42,25.81,145.0,205.0,"{""42"": 412.4365565, ""43"": 3.864903945, ""44"": 0.144002355, ""45"": 0.095291213, ""46"": 0.062272808, ""47"": 82.0, ""48"": 41.0, ""49"": 20.0, ""50"": 16.0, ""51"": 8.0, ""53"": 36.01179238, ""56"": 0.360186142, ""57"": 0.011139778, ""58"": 56.94384081, ""60"": 11.45281946, ""61"": 31.72588896, ""62"": 0.144002355, ""63"": 0.001937685, ""67"": 0.440383031, ""68"": 0.440383031, ""71"": 0.246614498, ""72"": 0.246614498, ""73"": 0.246614498, ""210"": 13.0, ""213"": 20.28288697}","{""41"": 7.0, ""42"": 63.0, ""43"": 1.0, ""47"": 11.0, ""48"": 5.0, ""49"": 2.0, ""50"": 2.0, ""51"": 1.0, ""53"": 7.0, ""54"": 1.0, ""58"": 12.0, ""59"": 38.0, ""60"": 9.0, ""61"": 21.0, ""155"": 1.0, ""156"": 2.0, ""158"": 6.0, ""183"": 1.0, ""210"": 3.0, ""213"": 3.0}",2026-09-30T21:46:22-04:00
Brian Robinson Jr.,4241474,RB,ATL,ACTIVE,79.20130158,21.8,73.2061581,58.5,165.08,25.39,179.0,203.0,"{""23"": 114.8332398, ""24"": 490.9175446, ""25"": 3.401923537, ""26"": 0.163824033, ""27"": 98.0, ""28"": 49.0, ""29"": 24.0, ""30"": 19.0, ""31"": 9.0, ""33"": 22.0, ""34"": 11.0, ""35"": 0.226581823, ""36"": 0.158607276, ""37"": 0.753488048, ""38"": 0.0257, ""39"": 4.275047411, ""40"": 35.0655389, ""42"": 49.80115109, ""43"": 0.25808816, ""44"": 0.017167178, ""45"": 0.038909704, ""46"": 0.025427492, ""47"": 9.0, ""48"": 4.0, ""49"": 2.0, ""50"": 1.0, ""53"": 6.752023721, ""56"": 0.024399089, ""57"": 0.000754611, ""58"": 8.651356315, ""60"": 7.375736987, ""61"": 3.557225078, ""62"": 0.180991211, ""63"": 0.003936911, ""66"": 0.845064073, ""67"": 0.049688511, ""68"": 0.894752584, ""70"": 0.388729474, ""71"": 0.027825566, ""72"": 0.41655504, ""73"": 0.41655504, ""101"": 0.044079605, ""114"": 517.1257993, ""116"": 51.0, ""117"": 20.0, ""210"": 14.0, ""212"": 27.79495831, ""213"": 2.0710454}","{""23"": 30.0, ""24"": 132.0, ""25"": 1.0, ""27"": 26.0, ""28"": 13.0, ""29"": 5.0, ""30"": 5.0, ""31"": 2.0, ""33"": 5.0, ""34"": 2.0, ""39"": 4.4, ""40"": 44.0, ""41"": 2.0, ""42"": 16.0, ""47"": 3.0, ""48"": 1.0, ""53"": 2.0, ""58"": 2.0, ""59"": 16.0, ""60"": 8.0, ""61"": 5.33333333, ""114"": 118.0, ""116"": 11.0, ""117"": 4.0, ""155"": 1.0, ""156"": 2.0, ""158"": 6.0, ""179"": 1.0, ""210"": 3.0, ""212"": 8.0, ""213"": 1.0}",2026-09-30T21:46:22-04:00
Panthers D/ST,-16029,D/ST,CAR,,64.25167846,23.0,65.23418513,86.0,167.92,24.75,510.0,515.0,"{""89"": 0.116864941, ""90"": 0.524842547, ""91"": 2.015395381, ""92"": 2.071378586, ""93"": 0.102, ""94"": 1.264774032, ""95"": 8.983326254, ""96"": 5.317340229, ""97"": 1.616105315, ""98"": 0.219, ""99"": 30.36885539, ""100"": 60.73771079, ""101"": 0.158641279, ""102"": 0.210835723, ""103"": 0.831486277, ""104"": 0.433287755, ""105"": 1.735773135, ""106"": 8.180523429, ""109"": 879.0558856, ""110"": 293.0, ""111"": 175.0, ""112"": 33.31356985, ""113"": 56.78973438, ""114"": 1416.830735, ""115"": 210.8357229, ""116"": 141.0, ""117"": 56.0, ""118"": 21.0, ""119"": 8.0, ""120"": 371.0880262, ""121"": 2.029391183, ""122"": 3.22603219, ""123"": 2.540237929, ""124"": 1.308607418, ""125"": 0.167249825, ""126"": 26.50628759, ""127"": 4920.954805, ""129"": 0.181781862, ""130"": 1.957650819, ""131"": 2.614862165, ""132"": 3.509788254, ""133"": 2.992409109, ""134"": 1.817818618, ""135"": 0.713144227, ""136"": 0.212544946, ""137"": 351.4967718, ""210"": 17.0}","{""89"": 0.0, ""90"": 1.0, ""91"": 0.0, ""92"": 0.0, ""94"": 1.0, ""95"": 3.0, ""96"": 4.0, ""99"": 6.0, ""100"": 12.0, ""103"": 1.0, ""105"": 1.0, ""106"": 3.0, ""107"": 91.0, ""108"": 122.0, ""109"": 213.0, ""110"": 70.0, ""111"": 41.0, ""112"": 9.0, ""113"": 14.0, ""114"": 312.0, ""115"": 80.0, ""116"": 30.0, ""117"": 12.0, ""118"": 6.0, ""119"": 1.0, ""120"": 83.0, ""121"": 1.0, ""122"": 0.0, ""123"": 0.0, ""124"": 0.0, ""125"": 1.0, ""127"": 1097.0, ""128"": 0.0, ""129"": 0.0, ""130"": 2.0, ""131"": 0.0, ""132"": 0.0, ""133"": 0.0, ""134"": 0.0, ""135"": 0.0, ""136"": 1.0, ""155"": 1.0, ""156"": 2.0, ""187"": 83.0, ""188"": 0.0, ""189"": 1.0, ""190"": 0.0, ""191"": 0.0, ""192"": 1.0, ""193"": 0.0, ""194"": 0.0, ""195"": 0.0, ""196"": 1.0, ""210"": 3.0}",2026-09-30T21:46:22-04:00
Isiah Pacheco,4361529,RB,DET,INJURY_RESERVE,,,192.37921949,77.8,166.6,24.04,340.0,173.0,{},{},2026-09-30T21:46:22-04:00
Daniel Jones,3917792,QB,IND,ACTIVE,229.62965945,34.3,243.5105266,263.6,166.42,23.7,170.0,180.0,"{""0"": 452.0739181, ""1"": 301.2137617, ""2"": 150.8601564, ""3"": 3157.2962, ""4"": 16.344538, ""5"": 631.0, ""6"": 315.0, ""7"": 157.0, ""8"": 126.0, ""9"": 63.0, ""10"": 31.0, ""11"": 60.0, ""12"": 30.0, ""15"": 2.437571159, ""16"": 1.592952753, ""17"": 2.147360249, ""18"": 0.290052065, ""19"": 0.83017285, ""20"": 11.3049001, ""21"": 0.666293165, ""22"": 225.5211571, ""23"": 46.68062558, ""24"": 188.1814157, ""25"": 2.481454691, ""26"": 0.071789829, ""27"": 37.0, ""28"": 18.0, ""29"": 9.0, ""30"": 7.0, ""31"": 3.0, ""33"": 9.0, ""34"": 4.0, ""35"": 0.088248118, ""36"": 0.061773682, ""37"": 0.109736515, ""38"": 0.003744886, ""39"": 4.031253081, ""40"": 13.44152969, ""62"": 0.901962678, ""63"": 0.034677756, ""64"": 36.52609187, ""65"": 7.193996962, ""66"": 0.68731124, ""68"": 7.881308202, ""69"": 3.453118542, ""70"": 0.31616317, ""72"": 3.769281712, ""73"": 15.07418181, ""210"": 14.0, ""211"": 156.1807638, ""212"": 12.74627612}","{""0"": 98.0, ""1"": 65.0, ""2"": 33.0, ""3"": 611.0, ""4"": 3.0, ""5"": 122.0, ""6"": 60.0, ""7"": 29.0, ""8"": 23.0, ""9"": 11.0, ""10"": 5.0, ""11"": 11.0, ""12"": 5.0, ""13"": 5.0, ""14"": 2.0, ""20"": 3.0, ""21"": 0.66326531, ""22"": 203.66666667, ""23"": 7.0, ""24"": 19.0, ""27"": 3.0, ""28"": 1.0, ""39"": 2.71428571, ""40"": 6.33333333, ""64"": 6.0, ""66"": 1.0, ""68"": 3.0, ""72"": 2.0, ""73"": 5.0, ""155"": 1.0, ""156"": 2.0, ""158"": 18.0, ""175"": 3.0, ""210"": 3.0, ""211"": 31.0, ""212"": 5.0}",2026-09-30T21:46:22-04:00
Packers D/ST,-16009,D/ST,GB,,57.4177636,-2.0,98.32500877,63.0,168.92,23.15,336.0,342.0,"{""89"": 0.062937063, ""90"": 0.27972028, ""91"": 1.328671329, ""92"": 1.678321678, ""93"": 0.102, ""94"": 1.278200747, ""95"": 8.794581616, ""96"": 6.476806049, ""97"": 1.614239776, ""98"": 0.22, ""99"": 33.55063896, ""100"": 67.10127793, ""101"": 0.131512571, ""102"": 0.164125115, ""103"": 0.844757019, ""104"": 0.433443728, ""105"": 1.675826517, ""106"": 9.964316999, ""109"": 867.8998615, ""110"": 289.0, ""111"": 173.0, ""112"": 43.04500075, ""113"": 47.90400552, ""114"": 1456.841843, ""115"": 213.6040106, ""116"": 145.0, ""117"": 58.0, ""118"": 21.0, ""119"": 8.0, ""120"": 394.959571, ""121"": 2.027972028, ""122"": 3.566433566, ""123"": 3.076923077, ""124"": 1.748251748, ""125"": 0.230769231, ""126"": 28.21139793, ""127"": 5031.160287, ""129"": 0.076850142, ""130"": 1.257547782, ""131"": 2.368381656, ""132"": 3.646888567, ""133"": 3.374419881, ""134"": 2.165776735, ""135"": 0.852337941, ""136"": 0.257797295, ""137"": 359.3685919, ""210"": 17.0}","{""89"": 0.0, ""90"": 0.0, ""91"": 0.0, ""92"": 1.0, ""95"": 2.0, ""99"": 7.0, ""100"": 14.0, ""107"": 101.0, ""108"": 125.0, ""109"": 226.0, ""110"": 74.0, ""111"": 44.0, ""112"": 19.0, ""113"": 8.0, ""114"": 472.0, ""115"": 109.0, ""116"": 46.0, ""117"": 18.0, ""118"": 10.0, ""119"": 3.0, ""120"": 91.0, ""121"": 0.0, ""122"": 0.0, ""123"": 0.0, ""124"": 2.0, ""127"": 1022.0, ""128"": 0.0, ""129"": 0.0, ""130"": 2.0, ""131"": 0.0, ""132"": 0.0, ""133"": 0.0, ""134"": 1.0, ""135"": 0.0, ""136"": 0.0, ""155"": 1.0, ""156"": 2.0, ""187"": 91.0, ""188"": 0.0, ""189"": 0.0, ""190"": 0.0, ""191"": 1.0, ""192"": 0.0, ""193"": 0.0, ""194"": 0.0, ""195"": 2.0, ""210"": 3.0}",2026-09-30T21:46:22-04:00
Bengals D/ST,-16004,D/ST,CIN,,82.16380399,29.0,73.29156776,49.0,163.05,23.07,426.0,429.0,"{""89"": 0.163148945, ""90"": 0.735220566, ""91"": 2.604781434, ""92"": 2.408722617, ""93"": 0.103, ""94"": 1.314518443, ""95"": 9.751921599, ""96"": 6.150125473, ""97"": 1.517292823, ""98"": 0.213, ""99"": 35.19820332, ""100"": 70.39640664, ""101"": 0.137755939, ""102"": 0.206010404, ""103"": 0.886053017, ""104"": 0.428465426, ""105"": 1.760925402, ""106"": 9.461731497, ""109"": 845.9245604, ""110"": 281.0, ""111"": 169.0, ""112"": 21.47716153, ""113"": 82.70802148, ""114"": 1308.038511, ""115"": 222.6447848, ""116"": 130.0, ""117"": 52.0, ""118"": 22.0, ""119"": 8.0, ""120"": 336.6980935, ""121"": 2.030609183, ""122"": 2.933880164, ""123"": 2.079623887, ""124"": 0.931279384, ""125"": 0.11273382, ""126"": 24.04986382, ""127"": 4908.173371, ""129"": 0.202787074, ""130"": 2.097797313, ""131"": 2.664202587, ""132"": 3.482343539, ""133"": 2.915938265, ""134"": 1.748164427, ""135"": 0.685280456, ""136"": 0.203486339, ""137"": 350.5838122, ""210"": 17.0}","{""89"": 0.0, ""90"": 1.0, ""91"": 0.0, ""92"": 0.0, ""94"": 1.0, ""95"": 1.0, ""96"": 4.0, ""99"": 10.0, ""100"": 20.0, ""104"": 1.0, ""105"": 1.0, ""106"": 4.0, ""107"": 86.0, ""108"": 113.0, ""109"": 199.0, ""110"": 66.0, ""111"": 39.0, ""112"": 13.0, ""113"": 15.0, ""114"": 416.0, ""115"": 19.0, ""116"": 41.0, ""117"": 15.0, ""118"": 1.0, ""120"": 57.0, ""121"": 1.0, ""122"": 0.0, ""123"": 1.0, ""124"": 0.0, ""127"": 1067.0, ""128"": 0.0, ""129"": 0.0, ""130"": 1.0, ""131"": 0.0, ""132"": 1.0, ""133"": 1.0, ""134"": 0.0, ""135"": 0.0, ""136"": 0.0, ""155"": 2.0, ""156"": 1.0, ""187"": 57.0, ""188"": 0.0, ""189"": 1.0, ""190"": 0.0, ""191"": 0.0, ""192"": 1.0, ""193"": 0.0, ""194"": 1.0, ""195"": 0.0, ""210"": 3.0}",2026-09-30T21:46:22-04:00
Spencer Shrader,4571557,K,IND,ACTIVE,119.8200299,38.0,132.49546699,56.0,167.17,22.64,410.0,414.0,"{""74"": 4.879230956, ""75"": 6.744173403, ""76"": 1.864942446, ""77"": 6.431810519, ""78"": 7.707626746, ""79"": 1.275816227, ""80"": 13.7111321, ""81"": 13.88506289, ""82"": 0.173930787, ""83"": 25.02217358, ""84"": 28.33686304, ""85"": 3.314689461, ""86"": 31.8779262, ""87"": 32.52849613, ""88"": 0.650569923, ""198"": 4.879230956, ""199"": 6.744173403, ""200"": 1.864942446, ""210"": 14.0, ""214"": 964.243908, ""215"": 163.3365459, ""216"": 1127.580454}","{""74"": 3.0, ""75"": 3.0, ""77"": 2.0, ""78"": 2.0, ""80"": 3.0, ""81"": 3.0, ""83"": 8.0, ""84"": 8.0, ""86"": 6.0, ""87"": 7.0, ""88"": 1.0, ""107"": 1.0, ""109"": 1.0, ""155"": 1.0, ""156"": 2.0, ""158"": 30.0, ""198"": 3.0, ""199"": 3.0, ""210"": 3.0, ""214"": 374.0, ""216"": 374.0, ""217"": 73.0, ""218"": 35.0, ""219"": 17.0, ""220"": 14.0, ""221"": 6.0, ""222"": 2.0, ""229"": 73.0, ""230"": 35.0, ""231"": 17.0, ""232"": 14.0, ""233"": 6.0, ""234"": 2.0}",2026-09-30T21:46:22-04:00
Buccaneers D/ST,-16027,D/ST,TB,,71.18869379,13.0,117.32109116,74.0,168.97,22.55,335.0,340.0,"{""89"": 0.147714771, ""90"": 0.665066507, ""91"": 2.408240824, ""92"": 2.296229623, ""93"": 0.102, ""94"": 1.288092132, ""95"": 9.15419075, ""96"": 4.799821077, ""97"": 1.59, ""98"": 0.218, ""99"": 31.45095757, ""100"": 62.90191514, ""101"": 0.122671024, ""102"": 0.218732459, ""103"": 0.856731758, ""104"": 0.431360374, ""105"": 1.731472359, ""106"": 7.384340119, ""109"": 849.5257848, ""110"": 283.0, ""111"": 169.0, ""112"": 49.69804286, ""113"": 64.19258813, ""114"": 1315.142857, ""115"": 218.7324594, ""116"": 131.0, ""117"": 52.0, ""118"": 21.0, ""119"": 8.0, ""120"": 347.4704128, ""121"": 2.03020302, ""122"": 3.03130313, ""123"": 2.233223322, ""124"": 1.057105711, ""125"": 0.130913091, ""126"": 24.8193152, ""127"": 4818.447641, ""129"": 0.35, ""130"": 3.08, ""131"": 3.01, ""132"": 3.29, ""133"": 2.38, ""134"": 1.26, ""135"": 0.49, ""136"": 0.14, ""137"": 344.1748315, ""210"": 17.0}","{""89"": 0.0, ""90"": 0.0, ""91"": 0.0, ""92"": 0.0, ""94"": 1.0, ""95"": 2.0, ""99"": 6.0, ""100"": 12.0, ""103"": 1.0, ""105"": 1.0, ""107"": 75.0, ""108"": 119.0, ""109"": 194.0, ""110"": 63.0, ""111"": 38.0, ""112"": 12.0, ""113"": 14.0, ""114"": 521.0, ""115"": 67.0, ""116"": 51.0, ""117"": 20.0, ""118"": 6.0, ""119"": 1.0, ""120"": 73.0, ""121"": 0.0, ""122"": 3.0, ""123"": 0.0, ""124"": 0.0, ""127"": 848.0, ""128"": 0.0, ""129"": 0.0, ""130"": 2.0, ""131"": 0.0, ""132"": 1.0, ""133"": 0.0, ""134"": 0.0, ""135"": 0.0, ""136"": 0.0, ""156"": 3.0, ""187"": 73.0, ""188"": 0.0, ""189"": 0.0, ""190"": 0.0, ""191"": 0.0, ""192"": 0.0, ""193"": 3.0, ""194"": 0.0, ""195"": 0.0, ""210"": 3.0}",2026-09-30T21:46:22-04:00
Bears D/ST,-16003,D/ST,CHI,,75.03327243,22.0,96.33628718,91.0,168.53,22.22,505.0,511.0,"{""89"": 0.124575085, ""90"": 0.559888022, ""91"": 2.113577285, ""92"": 2.127574485, ""93"": 0.106, ""94"": 1.333561574, ""95"": 9.868913586, ""96"": 6.816791983, ""97"": 1.465436954, ""98"": 0.218, ""99"": 34.4421379, ""100"": 68.8842758, ""101"": 0.141301271, ""102"": 0.253025853, ""103"": 0.896449247, ""104"": 0.437112327, ""105"": 1.83353875, ""106"": 10.48737228, ""109"": 854.8383801, ""110"": 284.0, ""111"": 170.0, ""112"": 34.98913429, ""113"": 60.85435306, ""114"": 1356.392946, ""115"": 230.603961, ""116"": 135.0, ""117"": 54.0, ""118"": 23.0, ""119"": 9.0, ""120"": 368.6114519, ""121"": 2.029594081, ""122"": 3.177364527, ""123"": 2.463507299, ""124"": 1.24575085, ""125"": 0.158168366, ""126"": 26.32938942, ""127"": 4986.458809, ""129"": 0.097823917, ""130"": 1.397484528, ""131"": 2.417648233, ""132"": 3.619484927, ""133"": 3.298063486, ""134"": 2.096226792, ""135"": 0.824515871, ""136"": 0.248752246, ""137"": 356.1756292, ""210"": 17.0}","{""89"": 0.0, ""90"": 0.0, ""91"": 2.0, ""92"": 0.0, ""95"": 3.0, ""96"": 3.0, ""97"": 1.0, ""99"": 7.0, ""100"": 14.0, ""106"": 2.0, ""107"": 82.0, ""108"": 94.0, ""109"": 176.0, ""110"": 57.0, ""111"": 35.0, ""112"": 9.0, ""113"": 10.0, ""114"": 185.0, ""115"": 68.0, ""116"": 17.0, ""117"": 6.0, ""118"": 6.0, ""119"": 1.0, ""120"": 53.0, ""121"": 0.0, ""122"": 0.0, ""123"": 0.0, ""124"": 1.0, ""127"": 972.0, ""128"": 0.0, ""129"": 0.0, ""130"": 2.0, ""131"": 0.0, ""132"": 0.0, ""133"": 0.0, ""134"": 1.0, ""135"": 0.0, ""136"": 0.0, ""155"": 2.0, ""156"": 1.0, ""187"": 53.0, ""188"": 0.0, ""189"": 0.0, ""190"": 2.0, ""191"": 0.0, ""192"": 0.0, ""193"": 0.0, ""194"": 0.0, ""195"": 1.0, ""210"": 3.0}",2026-09-30T21:46:22-04:00
Mike Washington Jr.,4686658,RB,LV,ACTIVE,43.16052399,16.2,,,168.66,21.75,178.0,197.0,"{""23"": 64.22301603, ""24"": 275.3485411, ""25"": 1.815295906, ""26"": 0.109185046, ""27"": 55.0, ""28"": 27.0, ""29"": 13.0, ""30"": 11.0, ""31"": 5.0, ""33"": 12.0, ""34"": 6.0, ""35"": 0.122785385, ""36"": 0.085949769, ""37"": 0.236342672, ""38"": 0.00807, ""39"": 4.287381038, ""40"": 19.66775294, ""42"": 25.36164703, ""43"": 0.136058437, ""44"": 0.007770363, ""45"": 0.038474756, ""46"": 0.025143253, ""47"": 5.0, ""48"": 2.0, ""49"": 1.0, ""50"": 1.0, ""53"": 3.370647721, ""56"": 0.01382313, ""57"": 0.000427519, ""58"": 4.450105617, ""60"": 7.524265106, ""61"": 1.811546217, ""62"": 0.116955409, ""63"": 0.002544766, ""66"": 0.549515452, ""67"": 0.028840486, ""68"": 0.578355938, ""70"": 0.252777108, ""71"": 0.016150672, ""72"": 0.26892778, ""73"": 0.26892778, ""210"": 14.0, ""212"": 16.2586356, ""213"": 0.576472782}","{""23"": 15.0, ""24"": 102.0, ""25"": 1.0, ""27"": 19.0, ""28"": 9.0, ""29"": 4.0, ""30"": 3.0, ""31"": 1.0, ""33"": 2.0, ""39"": 6.8, ""40"": 34.0, ""58"": 1.0, ""155"": 3.0, ""158"": 6.0, ""182"": 1.0, ""210"": 3.0, ""212"": 4.0}",2026-09-30T21:46:22-04:00
Emmett Johnson,4832955,RB,KC,ACTIVE,63.20160094,14.0,,,168.2,21.43,339.0,345.0,"{""23"": 67.9085459, ""24"": 287.5942749, ""25"": 2.242900627, ""26"": 0.08620095, ""27"": 57.0, ""28"": 28.0, ""29"": 14.0, ""30"": 11.0, ""31"": 5.0, ""33"": 13.0, ""34"": 6.0, ""35"": 0.130138237, ""36"": 0.091096766, ""37"": 0.25832808, ""38"": 0.008815746, ""39"": 4.235023311, ""40"": 20.54244821, ""42"": 104.5682181, ""43"": 0.680364309, ""44"": 0.027047965, ""45"": 0.048071046, ""46"": 0.031414429, ""47"": 20.0, ""48"": 10.0, ""49"": 5.0, ""50"": 4.0, ""51"": 2.0, ""53"": 13.40712181, ""56"": 0.042458168, ""57"": 0.001313139, ""58"": 17.2409874, ""60"": 7.799453126, ""61"": 7.469158437, ""62"": 0.113248915, ""63"": 0.003061372, ""66"": 0.581050184, ""67"": 0.114716204, ""68"": 0.695766388, ""70"": 0.267283085, ""71"": 0.064241074, ""72"": 0.331524159, ""73"": 0.331524159, ""101"": 0.029791934, ""114"": 266.0727911, ""116"": 26.0, ""117"": 10.0, ""210"": 14.0, ""212"": 17.21480451, ""213"": 5.270897921}","{""23"": 16.0, ""24"": 56.0, ""27"": 10.0, ""28"": 4.0, ""29"": 1.0, ""33"": 2.0, ""39"": 3.5, ""40"": 18.66666667, ""41"": 4.0, ""42"": 64.0, ""47"": 12.0, ""48"": 6.0, ""49"": 3.0, ""50"": 1.0, ""53"": 4.0, ""58"": 4.0, ""59"": 76.0, ""60"": 16.0, ""61"": 21.33333333, ""107"": 1.0, ""108"": 1.0, ""109"": 2.0, ""114"": 65.0, ""116"": 6.0, ""117"": 2.0, ""155"": 3.0, ""210"": 3.0, ""212"": 3.0, ""213"": 2.0}",2026-09-30T21:46:22-04:00
Caleb Douglas,4869645,WR,MIA,QUESTIONABLE,96.14234184,14.8,,,169.72,21.02,188.0,214.0,"{""42"": 624.6046042, ""43"": 2.087074378, ""44"": 0.111305439, ""45"": 0.195446204, ""46"": 0.127724094, ""47"": 124.0, ""48"": 62.0, ""49"": 31.0, ""50"": 24.0, ""51"": 12.0, ""53"": 43.65582115, ""56"": 0.989579761, ""57"": 0.03060556, ""58"": 73.52441277, ""60"": 14.30747579, ""61"": 46.26700772, ""62"": 0.111305439, ""63"": 0.003500696, ""67"": 0.795612768, ""68"": 0.795612768, ""71"": 0.44554315, ""72"": 0.44554315, ""73"": 0.44554315, ""210"": 13.5, ""213"": 27.08136358}","{""41"": 7.0, ""42"": 113.0, ""47"": 21.0, ""48"": 10.0, ""49"": 4.0, ""50"": 3.0, ""51"": 1.0, ""53"": 7.0, ""54"": 1.0, ""58"": 10.0, ""59"": 41.0, ""60"": 16.14285714, ""61"": 56.5, ""108"": 1.0, ""109"": 1.0, ""156"": 2.0, ""210"": 2.0, ""213"": 5.0}",2026-09-30T21:46:22-04:00
Trey Smack,4869461,K,GB,ACTIVE,120.07731094,22.0,,,167.18,21.0,409.0,413.0,"{""74"": 4.963623454, ""75"": 7.0789768, ""76"": 2.115353346, ""77"": 6.57073129, ""78"": 8.0902592, ""79"": 1.51952791, ""80"": 14.06685685, ""81"": 14.574364, ""82"": 0.507507145, ""83"": 25.6012116, ""84"": 29.7436, ""85"": 4.1423884, ""86"": 30.91808636, ""87"": 31.93429657, ""88"": 1.01621021, ""198"": 4.963623454, ""199"": 7.0789768, ""200"": 2.115353346, ""210"": 14.0, ""214"": 985.7242802, ""215"": 197.833051, ""216"": 1183.557331}","{""74"": 1.0, ""75"": 1.0, ""77"": 1.0, ""78"": 2.0, ""79"": 1.0, ""80"": 3.0, ""81"": 3.0, ""83"": 5.0, ""84"": 6.0, ""85"": 1.0, ""86"": 5.0, ""87"": 6.0, ""88"": 1.0, ""155"": 1.0, ""156"": 2.0, ""158"": 20.0, ""198"": 1.0, ""199"": 1.0, ""210"": 3.0, ""214"": 188.0, ""215"": 47.0, ""216"": 235.0, ""217"": 37.0, ""218"": 18.0, ""219"": 9.0, ""220"": 7.0, ""221"": 3.0, ""222"": 1.0, ""223"": 9.0, ""224"": 4.0, ""225"": 2.0, ""226"": 1.0, ""229"": 46.0, ""230"": 22.0, ""231"": 11.0, ""232"": 8.0, ""233"": 3.0, ""234"": 1.0}",2026-09-30T21:46:22-04:00
Pat Freiermuth,4361411,TE,PIT,ACTIVE,90.22429072,22.6,102.7534937,93.1,168.4,20.19,296.0,304.0,"{""23"": 3.921003202, ""24"": 10.02377099, ""25"": 0.143548404, ""26"": 0.007153042, ""27"": 2.0, ""28"": 1.0, ""35"": 0.007213396, ""36"": 0.005049377, ""37"": 0.000315209, ""38"": 1.08e-05, ""39"": 2.556430198, ""40"": 0.715983642, ""42"": 465.3362171, ""43"": 3.077468155, ""44"": 0.110876478, ""45"": 0.094267746, ""46"": 0.061603972, ""47"": 93.0, ""48"": 46.0, ""49"": 23.0, ""50"": 18.0, ""51"": 9.0, ""53"": 47.85806577, ""56"": 0.439550744, ""57"": 0.013594353, ""58"": 65.26559321, ""60"": 9.723255833, ""61"": 33.23830122, ""62"": 0.11802952, ""63"": 0.003197485, ""66"": 0.055029915, ""67"": 0.671671294, ""68"": 0.726701209, ""70"": 0.025313761, ""71"": 0.376135925, ""72"": 0.401449686, ""73"": 0.401449686, ""210"": 14.0, ""212"": 2.390029385, ""213"": 24.05218369}","{""23"": 2.0, ""24"": 3.0, ""39"": 1.5, ""40"": 1.0, ""41"": 11.0, ""42"": 108.0, ""43"": 1.0, ""47"": 21.0, ""48"": 10.0, ""49"": 4.0, ""50"": 3.0, ""53"": 11.0, ""54"": 1.0, ""58"": 14.0, ""59"": 58.0, ""60"": 9.81818182, ""61"": 36.0, ""155"": 2.0, ""156"": 1.0, ""158"": 6.0, ""183"": 1.0, ""210"": 3.0, ""212"": 2.0, ""213"": 5.0}",2026-09-30T21:46:22-04:00
Tyreek Hill,3116406,WR,FA,OUT,,,216.76512676,43.0,169.03,20.01,1728.0,1729.0,null,{},2026-09-30T21:46:22-04:00
Chargers D/ST,-16024,D/ST,LAC,,67.04308533,16.0,82.46220815,102.0,166.42,19.87,239.0,252.0,"{""89"": 0.101449275, ""90"": 0.454772614, ""91"": 1.819090455, ""92"": 1.95902049, ""93"": 0.103, ""94"": 1.278515412, ""95"": 9.701951028, ""96"": 7.195367668, ""97"": 1.59, ""98"": 0.218, ""99"": 31.23026307, ""100"": 62.46052614, ""101"": 0.132996263, ""102"": 0.239605796, ""103"": 0.840548858, ""104"": 0.438, ""105"": 1.754296201, ""106"": 11.06979641, ""109"": 832.8277771, ""110"": 277.0, ""111"": 166.0, ""112"": 39.625283, ""113"": 55.03676243, ""114"": 1428.766426, ""115"": 266.1870642, ""116"": 142.0, ""117"": 57.0, ""118"": 26.0, ""119"": 10.0, ""120"": 375.8003013, ""121"": 2.028985507, ""122"": 3.323338331, ""123"": 2.693653173, ""124"": 1.434282859, ""125"": 0.185407296, ""126"": 26.84287867, ""127"": 4951.93697, ""129"": 0.139790315, ""130"": 1.677483774, ""131"": 2.516225662, ""132"": 3.56465302, ""133"": 3.145282077, ""134"": 1.957064403, ""135"": 0.76884673, ""136"": 0.230654019, ""137"": 353.7097836, ""210"": 17.0}","{""89"": 0.0, ""90"": 0.0, ""91"": 0.0, ""92"": 0.0, ""95"": 3.0, ""96"": 3.0, ""99"": 7.0, ""100"": 14.0, ""106"": 4.0, ""107"": 97.0, ""108"": 116.0, ""109"": 213.0, ""110"": 70.0, ""111"": 41.0, ""112"": 12.0, ""113"": 13.0, ""114"": 259.0, ""115"": 14.0, ""116"": 25.0, ""117"": 9.0, ""118"": 1.0, ""120"": 74.0, ""121"": 0.0, ""122"": 3.0, ""123"": 0.0, ""124"": 0.0, ""127"": 1048.0, ""128"": 0.0, ""129"": 0.0, ""130"": 0.0, ""131"": 1.0, ""132"": 2.0, ""133"": 0.0, ""134"": 0.0, ""135"": 0.0, ""136"": 0.0, ""156"": 3.0, ""187"": 74.0, ""188"": 0.0, ""189"": 0.0, ""190"": 0.0, ""191"": 0.0, ""192"": 0.0, ""193"": 3.0, ""194"": 0.0, ""195"": 0.0, ""210"": 3.0}",2026-09-30T21:46:22-04:00
Malik Washington,4569603,WR,MIA,ACTIVE,125.63953459,20.1,45.97375913,93.7,168.25,19.5,305.0,312.0,"{""23"": 10.5713355, ""24"": 58.95518277, ""25"": 0.43909707, ""26"": 0.0128134, ""27"": 11.0, ""28"": 5.0, ""29"": 2.0, ""30"": 2.0, ""31"": 1.0, ""33"": 2.0, ""34"": 1.0, ""35"": 0.019522316, ""36"": 0.013665621, ""37"": 0.010470021, ""38"": 0.000357, ""39"": 5.576890714, ""40"": 4.211084483, ""42"": 756.64935, ""43"": 2.282860241, ""44"": 0.121686346, ""45"": 0.188677638, ""46"": 0.123300836, ""47"": 151.0, ""48"": 75.0, ""49"": 37.0, ""50"": 30.0, ""51"": 15.0, ""53"": 54.00427402, ""56"": 1.661070478, ""57"": 0.051373314, ""58"": 89.86317116, ""60"": 14.01091606, ""61"": 54.04638214, ""62"": 0.134499746, ""63"": 0.005351654, ""66"": 0.199111655, ""67"": 1.017173316, ""68"": 1.21628497, ""70"": 0.091591361, ""71"": 0.569617057, ""72"": 0.661208418, ""73"": 0.661208418, ""101"": 0.053930635, ""102"": 0.245838995, ""114"": 631.2481477, ""115"": 197.6167306, ""116"": 63.0, ""117"": 25.0, ""118"": 19.0, ""119"": 7.0, ""210"": 14.0, ""212"": 4.666575131, ""213"": 33.16145333}","{""23"": 3.0, ""24"": 9.0, ""27"": 1.0, ""39"": 3.0, ""40"": 3.0, ""41"": 12.0, ""42"": 152.0, ""47"": 29.0, ""48"": 14.0, ""49"": 6.0, ""50"": 5.0, ""51"": 2.0, ""53"": 12.0, ""54"": 1.0, ""58"": 23.0, ""59"": 88.0, ""60"": 12.66666667, ""61"": 50.66666667, ""67"": 1.0, ""68"": 1.0, ""71"": 1.0, ""72"": 1.0, ""73"": 1.0, ""114"": 180.0, ""115"": 24.0, ""116"": 16.0, ""117"": 6.0, ""118"": 1.0, ""156"": 3.0, ""210"": 3.0, ""213"": 5.0}",2026-09-30T21:46:22-04:00
Jalen McMillan,4430834,WR,TB,INJURY_RESERVE,,0.0,25.58941353,23.9,166.31,18.82,161.0,167.0,{},"{""58"": 1.0, ""156"": 2.0, ""210"": 2.0}",2026-09-30T21:46:22-04:00
Keaton Mitchell,4596334,RB,LAC,QUESTIONABLE,65.89626789,17.5,26.58616096,50.9,169.27,18.31,202.0,190.0,"{""23"": 69.25128676, ""24"": 328.3716558, ""25"": 1.519690244, ""26"": 0.055576671, ""27"": 65.0, ""28"": 32.0, ""29"": 16.0, ""30"": 13.0, ""31"": 6.0, ""33"": 13.0, ""34"": 6.0, ""35"": 0.132823124, ""36"": 0.092976187, ""37"": 0.336520836, ""38"": 0.0115, ""39"": 4.741740856, ""40"": 23.45511827, ""42"": 116.8161709, ""43"": 0.691872089, ""44"": 0.02968996, ""45"": 0.032866414, ""46"": 0.021478202, ""47"": 23.0, ""48"": 11.0, ""49"": 5.0, ""50"": 4.0, ""51"": 2.0, ""53"": 16.65746257, ""56"": 0.046080526, ""57"": 0.001425171, ""58"": 21.57044456, ""60"": 7.01284307, ""61"": 8.344012211, ""62"": 0.08526663, ""63"": 0.003538903, ""66"": 0.648345451, ""67"": 0.15595075, ""68"": 0.804296201, ""70"": 0.298238908, ""71"": 0.08733242, ""72"": 0.385571327, ""73"": 0.385571327, ""101"": 0.063331554, ""114"": 737.7666259, ""116"": 73.0, ""117"": 29.0, ""210"": 14.0, ""212"": 18.13408696, ""213"": 6.354213973}","{""23"": 17.0, ""24"": 85.0, ""27"": 15.0, ""28"": 7.0, ""29"": 3.0, ""30"": 2.0, ""31"": 1.0, ""33"": 2.0, ""39"": 5.0, ""40"": 28.33333333, ""41"": 4.0, ""42"": 10.0, ""43"": 1.0, ""47"": 3.0, ""48"": 1.0, ""53"": 4.0, ""58"": 4.0, ""59"": 18.0, ""60"": 2.5, ""61"": 3.33333333, ""114"": 146.0, ""116"": 13.0, ""117"": 4.0, ""156"": 3.0, ""158"": 6.0, ""183"": 1.0, ""210"": 3.0, ""212"": 2.0, ""213"": 1.0}",2026-09-30T21:46:22-04:00
Chris Rodriguez Jr.,4362619,RB,JAX,ACTIVE,68.93881617,13.3,31.80273132,90.5,168.68,18.21,174.0,179.0,"{""23"": 100.1292724, ""24"": 435.2279531, ""25"": 3.395577076, ""26"": 0.142893354, ""27"": 87.0, ""28"": 43.0, ""29"": 21.0, ""30"": 17.0, ""31"": 8.0, ""33"": 20.0, ""34"": 10.0, ""35"": 0.195797397, ""36"": 0.137058178, ""37"": 0.591670381, ""38"": 0.0202, ""39"": 4.346660499, ""40"": 31.08771093, ""42"": 25.68324818, ""43"": 0.176622921, ""44"": 0.006754666, ""45"": 0.042667532, ""46"": 0.027883232, ""47"": 5.0, ""48"": 2.0, ""49"": 1.0, ""50"": 1.0, ""53"": 3.332453934, ""56"": 0.01397931, ""57"": 0.00043235, ""58"": 4.351045481, ""60"": 7.707007716, ""61"": 1.834517727, ""62"": 0.14964802, ""63"": 0.002617022, ""66"": 0.575620142, ""67"": 0.019157511, ""68"": 0.594777652, ""70"": 0.264785265, ""71"": 0.010728206, ""72"": 0.275513471, ""73"": 0.275513471, ""210"": 14.0, ""212"": 25.01653721, ""213"": 0.593223107}","{""23"": 20.0, ""24"": 73.0, ""25"": 1.0, ""27"": 13.0, ""28"": 6.0, ""29"": 2.0, ""30"": 1.0, ""33"": 3.0, ""39"": 3.65, ""40"": 24.33333333, ""155"": 2.0, ""156"": 1.0, ""158"": 6.0, ""179"": 1.0, ""210"": 3.0, ""212"": 6.0}",2026-09-30T21:46:22-04:00
Tank Bigsby,4429013,RB,PHI,ACTIVE,40.22963669,10.1,103.2045496,52.3,168.64,18.01,206.0,222.0,"{""23"": 48.27225226, ""24"": 209.2999129, ""25"": 1.732264401, ""26"": 0.057824492, ""27"": 41.0, ""28"": 20.0, ""29"": 10.0, ""30"": 8.0, ""31"": 4.0, ""33"": 9.0, ""34"": 4.0, ""35"": 0.091355099, ""36"": 0.063948569, ""37"": 0.136391346, ""38"": 0.00465, ""39"": 4.335822405, ""40"": 14.94999378, ""42"": 47.22798759, ""43"": 0.217965767, ""44"": 0.009648573, ""45"": 0.043335882, ""46"": 0.028319999, ""47"": 9.0, ""48"": 4.0, ""49"": 2.0, ""50"": 1.0, ""53"": 6.108005989, ""56"": 0.023386115, ""57"": 0.000723282, ""58"": 7.988352405, ""60"": 7.732144939, ""61"": 3.373427685, ""62"": 0.067473066, ""63"": 0.002478693, ""66"": 0.500064942, ""67"": 0.063274439, ""68"": 0.56333938, ""70"": 0.230029873, ""71"": 0.035433686, ""72"": 0.265463559, ""73"": 0.265463559, ""101"": 0.036240604, ""114"": 391.2337883, ""116"": 39.0, ""117"": 15.0, ""210"": 14.0, ""212"": 12.99752261, ""213"": 1.836888093}","{""23"": 14.0, ""24"": 36.0, ""25"": 1.0, ""27"": 6.0, ""28"": 3.0, ""29"": 1.0, ""30"": 1.0, ""33"": 2.0, ""34"": 1.0, ""39"": 2.57142857, ""40"": 12.0, ""41"": 3.0, ""42"": 10.0, ""47"": 2.0, ""53"": 3.0, ""58"": 3.0, ""59"": 18.0, ""60"": 3.33333333, ""61"": 3.33333333, ""67"": 1.0, ""68"": 1.0, ""71"": 1.0, ""72"": 1.0, ""73"": 1.0, ""108"": 1.0, ""109"": 1.0, ""114"": 50.0, ""116"": 5.0, ""117"": 2.0, ""155"": 2.0, ""156"": 1.0, ""158"": 6.0, ""179"": 1.0, ""210"": 3.0, ""212"": 2.0}",2026-09-30T21:46:22-04:00
Darren Waller,2576925,TE,CAR,ACTIVE,71.64187328,28.2,105.60927496,76.7,168.48,17.43,364.0,374.0,"{""42"": 368.9086324, ""43"": 2.783648931, ""44"": 0.122102473, ""45"": 0.105812107, ""46"": 0.069148212, ""47"": 73.0, ""48"": 36.0, ""49"": 18.0, ""50"": 14.0, ""51"": 7.0, ""53"": 36.3059847, ""56"": 0.248224063, ""57"": 0.007677033, ""58"": 50.33287812, ""60"": 10.161097, ""61"": 26.3506166, ""62"": 0.122102473, ""63"": 0.00136746, ""67"": 0.310786467, ""68"": 0.310786467, ""71"": 0.174040421, ""72"": 0.174040421, ""73"": 0.174040421, ""210"": 14.0, ""213"": 18.63984162}","{""41"": 10.0, ""42"": 112.0, ""43"": 2.0, ""47"": 21.0, ""48"": 10.0, ""49"": 4.0, ""50"": 4.0, ""51"": 1.0, ""53"": 10.0, ""54"": 1.0, ""58"": 13.0, ""59"": 44.0, ""60"": 11.2, ""61"": 37.33333333, ""67"": 1.0, ""155"": 1.0, ""156"": 2.0, ""158"": 12.0, ""183"": 1.0, ""184"": 1.0, ""210"": 3.0, ""213"": 8.0}",2026-09-30T21:46:22-04:00
Brenton Strange,4430539,TE,JAX,ACTIVE,90.58529688,16.7,108.97267178,95.0,168.66,17.21,210.0,288.0,"{""42"": 464.585492, ""43"": 3.807051583, ""44"": 0.145566353, ""45"": 0.126359606, ""46"": 0.082576003, ""47"": 92.0, ""48"": 46.0, ""49"": 23.0, ""50"": 18.0, ""51"": 9.0, ""53"": 43.13979437, ""56"": 0.437419732, ""57"": 0.013528445, ""58"": 60.91463674, ""60"": 10.76930242, ""61"": 33.184678, ""62"": 0.145566353, ""63"": 0.002265182, ""67"": 0.514814026, ""68"": 0.514814026, ""71"": 0.288295854, ""72"": 0.288295854, ""73"": 0.288295854, ""210"": 14.0, ""213"": 23.25437004}","{""41"": 7.0, ""42"": 72.0, ""43"": 1.0, ""47"": 13.0, ""48"": 6.0, ""49"": 2.0, ""50"": 1.0, ""53"": 7.0, ""58"": 10.0, ""59"": 27.0, ""60"": 10.28571429, ""61"": 24.0, ""155"": 2.0, ""156"": 1.0, ""158"": 6.0, ""184"": 1.0, ""210"": 3.0, ""213"": 3.0}",2026-09-30T21:46:22-04:00
Jaylen Wright,4682745,RB,MIA,QUESTIONABLE,109.36536799,1.0,41.74377307,45.7,169.64,16.84,307.0,314.0,"{""23"": 137.4273615, ""24"": 579.5221873, ""25"": 3.074166379, ""26"": 0.089708009, ""27"": 115.0, ""28"": 57.0, ""29"": 28.0, ""30"": 23.0, ""31"": 11.0, ""33"": 27.0, ""34"": 13.0, ""35"": 0.274926369, ""36"": 0.192448458, ""37"": 1.049931913, ""38"": 0.0358, ""39"": 4.216934541, ""40"": 42.92756943, ""42"": 183.1613606, ""43"": 0.733059249, ""44"": 0.039196143, ""45"": 0.035461195, ""46"": 0.023173891, ""47"": 36.0, ""48"": 18.0, ""49"": 9.0, ""50"": 7.0, ""51"": 3.0, ""53"": 24.02078327, ""56"": 0.068600795, ""57"": 0.002121674, ""58"": 32.67751679, ""60"": 7.625120236, ""61"": 13.56750819, ""62"": 0.128904152, ""63"": 0.011206754, ""66"": 2.168040106, ""67"": 0.378949439, ""68"": 2.546989545, ""70"": 0.997298449, ""71"": 0.212211686, ""72"": 1.209510135, ""73"": 1.209510135, ""101"": 0.067413294, ""114"": 602.0704556, ""116"": 60.0, ""117"": 24.0, ""210"": 13.5, ""212"": 31.91504383, ""213"": 9.878939762}","{""23"": 3.0, ""24"": 10.0, ""27"": 2.0, ""28"": 1.0, ""39"": 3.33333333, ""40"": 5.0, ""114"": 185.0, ""116"": 17.0, ""117"": 7.0, ""156"": 2.0, ""210"": 2.0, ""212"": 1.0}",2026-09-30T21:46:22-04:00
Jerry Jeudy,4241463,WR,CLE,ACTIVE,54.23809276,3.6,186.33506864,95.7,168.8,15.79,181.0,208.0,"{""42"": 326.2106823, ""43"": 1.633793087, ""44"": 0.09597953, ""45"": 0.132393921, ""46"": 0.086519427, ""47"": 65.0, ""48"": 32.0, ""49"": 16.0, ""50"": 13.0, ""51"": 6.0, ""53"": 24.10727277, ""56"": 0.17879069, ""57"": 0.005529609, ""58"": 42.25261445, ""60"": 13.53162946, ""61"": 23.30076302, ""62"": 0.09597953, ""63"": 0.001694508, ""67"": 0.385115568, ""68"": 0.385115568, ""71"": 0.215664718, ""72"": 0.215664718, ""73"": 0.215664718, ""210"": 14.0, ""213"": 14.21171694}","{""41"": 2.0, ""42"": 26.0, ""47"": 5.0, ""48"": 2.0, ""49"": 1.0, ""50"": 1.0, ""53"": 2.0, ""58"": 5.0, ""59"": 9.0, ""60"": 13.0, ""61"": 8.66666667, ""155"": 2.0, ""156"": 1.0, ""210"": 3.0, ""213"": 1.0}",2026-09-30T21:46:22-04:00
Kirk Cousins,14880,QB,LV,ACTIVE,100.18575493,74.0,2.78390544,122.5,167.26,14.7,429.0,432.0,"{""0"": 207.9389138, ""1"": 138.0223016, ""2"": 69.9166122, ""3"": 1452.751894, ""4"": 8.42496, ""5"": 290.0, ""6"": 145.0, ""7"": 72.0, ""8"": 58.0, ""9"": 29.0, ""10"": 14.0, ""11"": 27.0, ""12"": 13.0, ""15"": 1.19054341, ""16"": 0.778020119, ""17"": 1.189392892, ""18"": 0.160655794, ""19"": 0.481020071, ""20"": 5.325406452, ""21"": 0.663763694, ""22"": 242.1253157, ""23"": 13.90822345, ""24"": 19.38336888, ""25"": 0.404394208, ""26"": 0.0243273, ""27"": 3.0, ""28"": 1.0, ""33"": 2.0, ""34"": 1.0, ""35"": 0.026053335, ""36"": 0.018237334, ""37"": 0.002614144, ""38"": 8.92e-05, ""39"": 1.393662458, ""40"": 3.23056148, ""62"": 0.505347371, ""63"": 0.01419101, ""64"": 13.27320807, ""65"": 3.034445533, ""66"": 0.190784059, ""68"": 3.225229592, ""69"": 1.456533856, ""70"": 0.087760667, ""72"": 1.544294523, ""73"": 6.869700975, ""210"": 6.0, ""211"": 72.1983213, ""212"": 2.532221713}","{""0"": 92.0, ""1"": 62.0, ""2"": 30.0, ""3"": 661.0, ""4"": 9.0, ""5"": 131.0, ""6"": 65.0, ""7"": 32.0, ""8"": 25.0, ""9"": 12.0, ""10"": 5.0, ""11"": 11.0, ""12"": 5.0, ""13"": 5.0, ""14"": 2.0, ""15"": 1.0, ""20"": 3.0, ""21"": 0.67391304, ""22"": 220.33333333, ""23"": 12.0, ""24"": -2.0, ""33"": 1.0, ""39"": -0.16666667, ""40"": -0.66666667, ""64"": 5.0, ""65"": 1.0, ""68"": 1.0, ""73"": 3.0, ""155"": 3.0, ""158"": 54.0, ""175"": 3.0, ""176"": 5.0, ""210"": 3.0, ""211"": 37.0}",2026-09-30T21:46:22-04:00
Marcus Mariota,2576980,QB,WSH,ACTIVE,43.28658765,37.0,3.18261227,144.7,169.79,13.89,482.0,484.0,"{""0"": 62.47800606, ""1"": 40.35859816, ""2"": 22.1194079, ""3"": 473.4734046, ""4"": 3.207756, ""5"": 94.0, ""6"": 47.0, ""7"": 23.0, ""8"": 18.0, ""9"": 9.0, ""10"": 4.0, ""11"": 8.0, ""12"": 4.0, ""15"": 0.38061143, ""16"": 0.248729569, ""17"": 0.364135568, ""18"": 0.049185168, ""19"": 0.162438966, ""20"": 1.474185139, ""21"": 0.645964888, ""22"": 118.3683512, ""23"": 12.61665764, ""24"": 66.71207209, ""25"": 0.402869, ""26"": 0.019727788, ""27"": 13.0, ""28"": 6.0, ""29"": 3.0, ""30"": 2.0, ""31"": 1.0, ""33"": 2.0, ""34"": 1.0, ""35"": 0.024487889, ""36"": 0.017141523, ""37"": 0.097142634, ""38"": 0.00332, ""39"": 5.287618481, ""40"": 16.67801802, ""62"": 0.182166755, ""63"": 0.00583, ""64"": 4.424831198, ""65"": 1.115428385, ""66"": 0.210349495, ""68"": 1.325777881, ""69"": 0.535405625, ""70"": 0.096760768, ""72"": 0.632166393, ""73"": 2.106351532, ""210"": 4.0, ""211"": 22.50962984, ""212"": 3.563159734}","{""0"": 47.0, ""1"": 30.0, ""2"": 17.0, ""3"": 294.0, ""4"": 4.0, ""5"": 58.0, ""6"": 29.0, ""7"": 14.0, ""8"": 11.0, ""9"": 5.0, ""10"": 2.0, ""11"": 5.0, ""12"": 2.0, ""13"": 3.0, ""14"": 1.0, ""21"": 0.63829787, ""22"": 147.0, ""23"": 6.0, ""24"": 14.0, ""27"": 2.0, ""28"": 1.0, ""33"": 1.0, ""39"": 2.33333333, ""40"": 7.0, ""64"": 2.0, ""155"": 1.0, ""156"": 1.0, ""158"": 24.0, ""175"": 1.0, ""176"": 1.0, ""177"": 1.0, ""178"": 1.0, ""210"": 2.0, ""211"": 17.0, ""212"": 2.0}",2026-09-30T21:46:22-04:00
Michael Mayer,4429086,TE,LV,ACTIVE,67.42640639,20.7,57.11198734,56.3,169.5,13.7,440.0,421.0,"{""42"": 366.832706, ""43"": 1.99733661, ""44"": 0.11400029, ""45"": 0.081508067, ""46"": 0.053265521, ""47"": 73.0, ""48"": 36.0, ""49"": 18.0, ""50"": 14.0, ""51"": 7.0, ""53"": 38.10288571, ""56"": 0.236733351, ""57"": 0.00732165, ""58"": 53.4012674, ""60"": 9.627425829, ""61"": 26.20233614, ""62"": 0.11400029, ""63"": 0.002044143, ""67"": 0.464577951, ""68"": 0.464577951, ""71"": 0.260163653, ""72"": 0.260163653, ""73"": 0.260163653, ""210"": 14.0, ""213"": 18.67063334}","{""41"": 12.0, ""42"": 87.0, ""43"": 1.0, ""47"": 16.0, ""48"": 8.0, ""49"": 3.0, ""50"": 2.0, ""53"": 12.0, ""54"": 1.0, ""58"": 14.0, ""59"": 56.0, ""60"": 7.25, ""61"": 29.0, ""155"": 3.0, ""158"": 6.0, ""183"": 1.0, ""210"": 3.0, ""213"": 7.0}",2026-09-30T21:46:22-04:00
Calvin Ridley,3925357,WR,TEN,ACTIVE,28.1878785,4.5,194.30838229,38.8,170.21,13.19,184.0,210.0,"{""42"": 168.8146788, ""43"": 0.934651856, ""44"": 0.042079515, ""45"": 0.149736221, ""46"": 0.09785262, ""47"": 33.0, ""48"": 16.0, ""49"": 8.0, ""50"": 6.0, ""51"": 3.0, ""53"": 11.63753515, ""56"": 0.062939211, ""57"": 0.001946574, ""58"": 21.24060548, ""60"": 14.50605104, ""61"": 12.05819134, ""62"": 0.042079515, ""63"": 0.000803107, ""67"": 0.182524214, ""68"": 0.182524214, ""71"": 0.10221356, ""72"": 0.10221356, ""73"": 0.10221356, ""210"": 14.0, ""213"": 6.743198323}","{""41"": 2.0, ""42"": 35.0, ""47"": 7.0, ""48"": 3.0, ""49"": 1.0, ""50"": 1.0, ""53"": 2.0, ""58"": 3.0, ""59"": 8.0, ""60"": 17.5, ""61"": 11.66666667, ""156"": 3.0, ""210"": 3.0, ""213"": 2.0}",2026-09-30T21:46:22-04:00
Justice Hill,4038441,RB,BAL,ACTIVE,64.46846892,9.4,89.02712418,54.7,169.12,12.78,265.0,289.0,"{""23"": 57.77546562, ""24"": 257.1738522, ""25"": 1.7162233, ""26"": 0.052183563, ""27"": 51.0, ""28"": 25.0, ""29"": 12.0, ""30"": 10.0, ""31"": 5.0, ""33"": 11.0, ""34"": 5.0, ""35"": 0.110004562, ""36"": 0.077003194, ""37"": 0.205823508, ""38"": 0.00702, ""39"": 4.451264034, ""40"": 18.36956087, ""42"": 153.518163, ""43"": 0.842660426, ""44"": 0.039912967, ""45"": 0.080492412, ""46"": 0.052601791, ""47"": 30.0, ""48"": 15.0, ""49"": 7.0, ""50"": 6.0, ""51"": 3.0, ""53"": 17.09551597, ""56"": 0.057527033, ""57"": 0.001779187, ""58"": 22.33486864, ""60"": 8.980025133, ""61"": 10.96558307, ""62"": 0.092096531, ""63"": 0.003125653, ""66"": 0.548173417, ""67"": 0.162202196, ""68"": 0.710375613, ""70"": 0.252159772, ""71"": 0.09083323, ""72"": 0.342993002, ""73"": 0.342993002, ""210"": 14.0, ""212"": 15.17939335, ""213"": 7.527817485}","{""23"": 13.0, ""24"": 57.0, ""27"": 10.0, ""28"": 4.0, ""29"": 1.0, ""30"": 1.0, ""33"": 2.0, ""39"": 4.38461538, ""40"": 19.0, ""41"": 3.0, ""42"": 22.0, ""47"": 4.0, ""48"": 2.0, ""53"": 3.0, ""58"": 3.0, ""59"": 32.0, ""60"": 7.33333333, ""61"": 7.33333333, ""155"": 2.0, ""156"": 1.0, ""210"": 3.0, ""212"": 3.0, ""213"": 1.0}",2026-09-30T21:46:22-04:00
Malik Willis,4242512,QB,MIA,ACTIVE,218.14176228,41.1,2.80743959,56.9,168.87,12.3,192.0,215.0,"{""0"": 418.5054834, ""1"": 259.2334828, ""2"": 159.2720006, ""3"": 3120.11598, ""4"": 10.42944, ""5"": 624.0, ""6"": 312.0, ""7"": 156.0, ""8"": 124.0, ""9"": 62.0, ""10"": 31.0, ""11"": 51.0, ""12"": 25.0, ""15"": 2.385242199, ""16"": 1.558755777, ""17"": 2.061240781, ""18"": 0.278419583, ""19"": 0.556337857, ""20"": 8.628047724, ""21"": 0.619426729, ""22"": 222.8654271, ""23"": 76.53882167, ""24"": 407.4040747, ""25"": 2.714532652, ""26"": 0.07922719, ""27"": 81.0, ""28"": 40.0, ""29"": 20.0, ""30"": 16.0, ""31"": 8.0, ""33"": 15.0, ""34"": 7.0, ""35"": 0.147462724, ""36"": 0.103223907, ""37"": 0.51732242, ""38"": 0.017654229, ""39"": 5.322842262, ""40"": 29.10029105, ""62"": 0.635565047, ""63"": 0.047385923, ""64"": 43.43209117, ""65"": 9.238751491, ""66"": 1.530776433, ""68"": 10.76952792, ""69"": 4.434600716, ""70"": 0.704157159, ""72"": 5.138757875, ""73"": 13.7668056, ""210"": 14.0, ""211"": 141.8662009, ""212"": 22.13614006}","{""0"": 86.0, ""1"": 49.0, ""2"": 37.0, ""3"": 627.0, ""4"": 1.0, ""5"": 125.0, ""6"": 62.0, ""7"": 30.0, ""8"": 23.0, ""9"": 11.0, ""10"": 5.0, ""11"": 9.0, ""12"": 4.0, ""13"": 6.0, ""14"": 2.0, ""15"": 1.0, ""16"": 1.0, ""20"": 2.0, ""21"": 0.56976744, ""22"": 209.0, ""23"": 17.0, ""24"": 101.0, ""25"": 1.0, ""27"": 19.0, ""28"": 8.0, ""29"": 3.0, ""30"": 3.0, ""31"": 1.0, ""33"": 2.0, ""39"": 5.94117647, ""40"": 33.66666667, ""64"": 9.0, ""65"": 1.0, ""66"": 1.0, ""68"": 2.0, ""69"": 1.0, ""70"": 1.0, ""72"": 1.0, ""73"": 3.0, ""156"": 3.0, ""158"": 12.0, ""180"": 1.0, ""210"": 3.0, ""211"": 24.0, ""212"": 5.0}",2026-09-30T21:46:22-04:00
Cooper Kupp,2977187,WR,SEA,ACTIVE,73.72483951,20.1,164.07882532,92.8,166.93,11.33,322.0,325.0,"{""42"": 411.9362496, ""43"": 2.737406276, ""44"": 0.116047293, ""45"": 0.175107663, ""46"": 0.114432858, ""47"": 82.0, ""48"": 41.0, ""49"": 20.0, ""50"": 16.0, ""51"": 8.0, ""53"": 32.88765042, ""56"": 0.317331394, ""57"": 0.009814373, ""58"": 49.97679688, ""60"": 12.52556034, ""61"": 29.42401783, ""62"": 0.116047293, ""63"": 0.002235919, ""67"": 0.508163308, ""68"": 0.508163308, ""71"": 0.284571453, ""72"": 0.284571453, ""73"": 0.284571453, ""210"": 14.0, ""213"": 19.02831411}","{""41"": 8.0, ""42"": 101.0, ""43"": 1.0, ""47"": 20.0, ""48"": 9.0, ""49"": 4.0, ""50"": 2.0, ""53"": 8.0, ""58"": 10.0, ""59"": 34.0, ""60"": 12.625, ""61"": 33.66666667, ""155"": 2.0, ""156"": 1.0, ""158"": 6.0, ""183"": 1.0, ""210"": 3.0, ""213"": 6.0}",2026-09-30T21:46:22-04:00
Chris Brooks,3149687,RB,GB,ACTIVE,36.4493495,6.9,21.80901774,26.2,169.88,10.98,321.0,324.0,"{""23"": 31.83208959, ""24"": 139.5946696, ""25"": 0.810109644, ""26"": 0.039792878, ""27"": 27.0, ""28"": 13.0, ""29"": 6.0, ""30"": 5.0, ""31"": 2.0, ""33"": 6.0, ""34"": 3.0, ""35"": 0.059616033, ""36"": 0.041731223, ""37"": 0.060759643, ""38"": 0.00207, ""39"": 4.385344203, ""40"": 9.971047825, ""42"": 86.25862035, ""43"": 0.427465736, ""44"": 0.015188681, ""45"": 0.028050542, ""46"": 0.018331029, ""47"": 17.0, ""48"": 8.0, ""49"": 4.0, ""50"": 3.0, ""51"": 1.0, ""53"": 13.18491257, ""56"": 0.036683149, ""57"": 0.00113453, ""58"": 17.95115263, ""60"": 6.542221642, ""61"": 6.161330025, ""62"": 0.054981559, ""63"": 0.00118636, ""66"": 0.190656844, ""67"": 0.078970431, ""68"": 0.269627275, ""70"": 0.087702148, ""71"": 0.044223441, ""72"": 0.13192559, ""73"": 0.13192559, ""210"": 14.0, ""212"": 8.957642389, ""213"": 4.611928041}","{""23"": 11.0, ""24"": 40.0, ""27"": 7.0, ""28"": 3.0, ""29"": 1.0, ""30"": 1.0, ""33"": 1.0, ""39"": 3.63636364, ""40"": 13.33333333, ""41"": 2.0, ""42"": 19.0, ""47"": 3.0, ""48"": 1.0, ""53"": 2.0, ""58"": 4.0, ""59"": 24.0, ""60"": 9.5, ""61"": 6.33333333, ""108"": 1.0, ""109"": 1.0, ""155"": 1.0, ""156"": 2.0, ""210"": 3.0, ""212"": 1.0, ""213"": 1.0}",2026-09-30T21:46:22-04:00
Tyler Bass,3917232,K,BUF,ACTIVE,118.04395533,24.0,108.23837488,,167.43,10.66,490.0,494.0,"{""74"": 4.229570212, ""75"": 5.9891272, ""76"": 1.759556988, ""77"": 5.593558093, ""78"": 6.8447168, ""79"": 1.251158707, ""80"": 11.96320546, ""81"": 12.330556, ""82"": 0.367350543, ""83"": 21.78633376, ""84"": 25.1644, ""85"": 3.378066237, ""86"": 42.01032175, ""87"": 43.16684297, ""88"": 1.156521222, ""198"": 4.229570212, ""199"": 5.9891272, ""200"": 1.759556988, ""210"": 14.0, ""214"": 839.0030694, ""215"": 162.3387354, ""216"": 1001.341805}","{""77"": 1.0, ""78"": 1.0, ""80"": 3.0, ""81"": 3.0, ""83"": 4.0, ""84"": 4.0, ""86"": 11.0, ""87"": 12.0, ""88"": 1.0, ""155"": 3.0, ""158"": 23.0, ""210"": 3.0, ""214"": 141.0, ""216"": 141.0, ""217"": 27.0, ""218"": 13.0, ""219"": 6.0, ""220"": 5.0, ""221"": 2.0, ""222"": 1.0, ""229"": 27.0, ""230"": 13.0, ""231"": 6.0, ""232"": 5.0, ""233"": 2.0, ""234"": 1.0}",2026-09-30T21:46:22-04:00
Kayshon Boutte,4429022,WR,HOU,ACTIVE,55.88293696,10.9,89.85525018,107.6,170.08,10.34,304.0,311.0,"{""42"": 317.1158425, ""43"": 2.044672719, ""44"": 0.082605417, ""45"": 0.162163984, ""46"": 0.105974164, ""47"": 63.0, ""48"": 31.0, ""49"": 15.0, ""50"": 12.0, ""51"": 6.0, ""53"": 24.26879608, ""56"": 0.167902374, ""57"": 0.005192857, ""58"": 39.12244513, ""60"": 13.06681392, ""61"": 22.65113161, ""62"": 0.082605417, ""63"": 0.001556863, ""67"": 0.353832566, ""68"": 0.353832566, ""71"": 0.198146237, ""72"": 0.198146237, ""73"": 0.198146237, ""210"": 14.0, ""213"": 14.1657485}","{""41"": 6.0, ""42"": 79.0, ""47"": 15.0, ""48"": 7.0, ""49"": 3.0, ""50"": 1.0, ""53"": 6.0, ""58"": 9.0, ""59"": 15.0, ""60"": 13.16666667, ""61"": 26.33333333, ""156"": 3.0, ""210"": 3.0, ""213"": 3.0}",2026-09-30T21:46:22-04:00
Dylan Sampson,5081397,RB,CLE,INJURY_RESERVE,,0.0,175.60175355,71.1,170.13,10.2,221.0,189.0,{},"{""114"": 64.0, ""116"": 6.0, ""117"": 2.0, ""156"": 1.0, ""210"": 1.0}",2026-09-30T21:46:22-04:00
Giants D/ST,-16019,D/ST,NYG,,54.47211589,11.0,98.64647459,51.0,169.1,9.95,504.0,510.0,"{""89"": 0.047542948, ""90"": 0.209748302, ""91"": 1.132640831, ""92"": 1.566120655, ""93"": 0.107, ""94"": 1.331100668, ""95"": 9.695647941, ""96"": 6.119368313, ""97"": 1.52, ""98"": 0.224, ""99"": 31.97660625, ""100"": 63.95321249, ""101"": 0.246693521, ""102"": 0.161962325, ""103"": 0.885760538, ""104"": 0.445, ""105"": 1.846722064, ""106"": 9.414412789, ""109"": 818.5556838, ""110"": 272.0, ""111"": 163.0, ""112"": 30.13826388, ""113"": 68.22005718, ""114"": 1506.604611, ""115"": 232.6782692, ""116"": 150.0, ""117"": 60.0, ""118"": 23.0, ""119"": 9.0, ""120"": 408.203628, ""121"": 2.02756692, ""122"": 3.663603676, ""123"": 3.230123851, ""124"": 1.873751498, ""125"": 0.248901318, ""126"": 29.157402, ""127"": 4958.135526, ""129"": 0.118803973, ""130"": 1.537463186, ""131"": 2.466929566, ""132"": 3.592073079, ""133"": 3.221684221, ""134"": 2.026656018, ""135"": 0.796685469, ""136"": 0.239704488, ""137"": 354.1525376, ""210"": 17.0}","{""89"": 0.0, ""90"": 0.0, ""91"": 1.0, ""92"": 0.0, ""95"": 3.0, ""96"": 2.0, ""99"": 1.0, ""100"": 2.0, ""106"": 3.0, ""107"": 56.0, ""108"": 115.0, ""109"": 171.0, ""110"": 56.0, ""111"": 32.0, ""112"": 7.0, ""113"": 13.0, ""114"": 227.0, ""115"": 12.0, ""116"": 21.0, ""117"": 8.0, ""118"": 1.0, ""120"": 55.0, ""121"": 1.0, ""122"": 0.0, ""123"": 1.0, ""124"": 0.0, ""127"": 987.0, ""128"": 0.0, ""129"": 0.0, ""130"": 2.0, ""131"": 0.0, ""132"": 0.0, ""133"": 0.0, ""134"": 1.0, ""135"": 0.0, ""136"": 0.0, ""155"": 2.0, ""156"": 1.0, ""187"": 55.0, ""188"": 0.0, ""189"": 0.0, ""190"": 1.0, ""191"": 0.0, ""192"": 1.0, ""193"": 0.0, ""194"": 1.0, ""195"": 0.0, ""210"": 3.0}",2026-09-30T21:46:22-04:00
Raiders D/ST,-16013,D/ST,LV,,78.8161703,38.0,64.47268449,49.0,165.61,9.29,516.0,524.0,"{""89"": 0.14, ""90"": 0.63, ""91"": 2.31, ""92"": 2.24, ""93"": 0.102, ""94"": 1.304593735, ""95"": 9.272761357, ""96"": 8.933645433, ""97"": 1.49, ""98"": 0.21, ""99"": 32.40990622, ""100"": 64.81981244, ""101"": 0.132174707, ""102"": 0.201834842, ""103"": 0.878565535, ""104"": 0.426, ""105"": 1.740441899, ""106"": 13.7440699, ""109"": 885.5609727, ""110"": 295.0, ""111"": 177.0, ""112"": 46.53163381, ""113"": 53.76036436, ""114"": 1442.20185, ""115"": 201.8348423, ""116"": 144.0, ""117"": 57.0, ""118"": 20.0, ""119"": 8.0, ""120"": 365.845007, ""121"": 2.03, ""122"": 3.08, ""123"": 2.31, ""124"": 1.12, ""125"": 0.14, ""126"": 26.13178621, ""127"": 4868.979761, ""129"": 0.265840496, ""130"": 2.518488907, ""131"": 2.812312612, ""132"": 3.399960024, ""133"": 2.686388167, ""134"": 1.539076554, ""135"": 0.601639017, ""136"": 0.176294223, ""137"": 347.7842686, ""210"": 17.0}","{""89"": 0.0, ""90"": 0.0, ""91"": 1.0, ""92"": 1.0, ""95"": 4.0, ""96"": 5.0, ""97"": 1.0, ""98"": 1.0, ""99"": 10.0, ""100"": 20.0, ""106"": 10.0, ""107"": 91.0, ""108"": 110.0, ""109"": 201.0, ""110"": 66.0, ""111"": 39.0, ""112"": 11.0, ""113"": 13.0, ""114"": 213.0, ""115"": 64.0, ""116"": 20.0, ""117"": 7.0, ""118"": 5.0, ""119"": 1.0, ""120"": 54.0, ""121"": 0.0, ""122"": 1.0, ""123"": 0.0, ""124"": 0.0, ""127"": 950.0, ""128"": 0.0, ""129"": 0.0, ""130"": 1.0, ""131"": 1.0, ""132"": 1.0, ""133"": 0.0, ""134"": 0.0, ""135"": 0.0, ""136"": 0.0, ""155"": 3.0, ""187"": 54.0, ""188"": 0.0, ""189"": 0.0, ""190"": 1.0, ""191"": 1.0, ""192"": 0.0, ""193"": 1.0, ""194"": 0.0, ""195"": 0.0, ""210"": 3.0}",2026-09-30T21:46:22-04:00
Ja'Kobi Lane,4870847,WR,BAL,INJURY_RESERVE,,1.6,,,169.33,9.27,270.0,294.0,{},"{""41"": 1.0, ""42"": 11.0, ""47"": 2.0, ""48"": 1.0, ""53"": 1.0, ""58"": 3.0, ""59"": 4.0, ""60"": 11.0, ""61"": 11.0, ""155"": 1.0, ""210"": 1.0}",2026-09-30T21:46:22-04:00
Mike Gesicki,3116164,TE,CIN,ACTIVE,83.9193847,27.5,91.17741919,56.7,169.48,9.26,416.0,419.0,"{""42"": 370.1481366, ""43"": 4.477026516, ""44"": 0.149634323, ""45"": 0.082737211, ""46"": 0.054068767, ""47"": 74.0, ""48"": 37.0, ""49"": 18.0, ""50"": 14.0, ""51"": 7.0, ""53"": 40.37851389, ""56"": 0.241649611, ""57"": 0.007473699, ""58"": 53.57635375, ""60"": 9.166957892, ""61"": 26.43915261, ""62"": 0.149634323, ""63"": 0.001752589, ""67"": 0.398315755, ""68"": 0.398315755, ""71"": 0.223056823, ""72"": 0.223056823, ""73"": 0.223056823, ""210"": 14.0, ""213"": 20.29473448}","{""41"": 8.0, ""42"": 115.0, ""43"": 2.0, ""47"": 22.0, ""48"": 10.0, ""49"": 4.0, ""50"": 4.0, ""51"": 1.0, ""53"": 8.0, ""54"": 1.0, ""58"": 10.0, ""59"": 26.0, ""60"": 14.375, ""61"": 38.33333333, ""155"": 2.0, ""156"": 1.0, ""158"": 12.0, ""183"": 1.0, ""185"": 1.0, ""210"": 3.0, ""213"": 6.0}",2026-09-30T21:46:22-04:00
Oronde Gadsden,4595342,TE,LAC,ACTIVE,71.40632625,13.0,,106.9,170.0,9.23,415.0,418.0,"{""42"": 371.6588189, ""43"": 2.776642881, ""44"": 0.119140374, ""45"": 0.093472751, ""46"": 0.061084443, ""47"": 74.0, ""48"": 37.0, ""49"": 18.0, ""50"": 14.0, ""51"": 7.0, ""53"": 35.77686219, ""56"": 0.244726587, ""57"": 0.007568864, ""58"": 52.40690202, ""60"": 10.38824526, ""61"": 26.54705849, ""62"": 0.119140374, ""63"": 0.00214549, ""67"": 0.487611399, ""68"": 0.487611399, ""71"": 0.273062384, ""72"": 0.273062384, ""73"": 0.273062384, ""210"": 14.0, ""213"": 18.59221163}","{""41"": 4.0, ""42"": 50.0, ""43"": 1.0, ""47"": 9.0, ""48"": 4.0, ""49"": 1.0, ""50"": 1.0, ""53"": 4.0, ""58"": 7.0, ""59"": 25.0, ""60"": 12.5, ""61"": 16.66666667, ""156"": 3.0, ""158"": 6.0, ""184"": 1.0, ""210"": 3.0, ""213"": 2.0}",2026-09-30T21:46:22-04:00
Mack Hollins,2991662,WR,NE,ACTIVE,69.84716506,21.6,44.58043417,90.4,169.91,8.87,420.0,422.0,"{""42"": 395.748106, ""43"": 2.38277362, ""44"": 0.09618871, ""45"": 0.207309776, ""46"": 0.135476939, ""47"": 79.0, ""48"": 39.0, ""49"": 19.0, ""50"": 15.0, ""51"": 7.0, ""53"": 32.62828364, ""56"": 0.379513835, ""57"": 0.011737541, ""58"": 45.76467222, ""60"": 12.12898939, ""61"": 28.26772186, ""62"": 0.09618871, ""63"": 0.002085311, ""67"": 0.473934377, ""68"": 0.473934377, ""71"": 0.265403251, ""72"": 0.265403251, ""73"": 0.265403251, ""210"": 14.0, ""213"": 18.37777553}","{""41"": 12.0, ""42"": 156.0, ""47"": 30.0, ""48"": 14.0, ""49"": 6.0, ""50"": 5.0, ""51"": 2.0, ""53"": 12.0, ""54"": 1.0, ""58"": 16.0, ""59"": 34.0, ""60"": 13.0, ""61"": 52.0, ""155"": 1.0, ""156"": 2.0, ""210"": 3.0, ""213"": 5.0}",2026-09-30T21:46:22-04:00
Geno Smith,15864,QB,NYJ,ACTIVE,251.75428799,58.8,302.91325301,210.7,168.93,8.6,378.0,388.0,"{""0"": 455.6100441, ""1"": 319.1067259, ""2"": 136.5033181, ""3"": 3334.745965, ""4"": 18.41732, ""5"": 666.0, ""6"": 333.0, ""7"": 166.0, ""8"": 133.0, ""9"": 66.0, ""10"": 33.0, ""11"": 63.0, ""12"": 31.0, ""15"": 2.696116157, ""16"": 1.761911908, ""17"": 2.617787802, ""18"": 0.353594493, ""19"": 1.321513833, ""20"": 9.226586597, ""21"": 0.700394405, ""22"": 238.1961404, ""23"": 51.70747986, ""24"": 200.2705266, ""25"": 1.592801963, ""26"": 0.093550059, ""27"": 40.0, ""28"": 20.0, ""29"": 10.0, ""30"": 8.0, ""31"": 4.0, ""33"": 10.0, ""34"": 5.0, ""35"": 0.098066511, ""36"": 0.068646558, ""37"": 0.124347993, ""38"": 0.00424, ""39"": 3.873144217, ""40"": 14.30503762, ""62"": 1.415063892, ""63"": 0.027196783, ""64"": 39.19826825, ""65"": 5.596275984, ""66"": 0.584810967, ""68"": 6.181086951, ""69"": 2.686212472, ""70"": 0.269013045, ""72"": 2.955225517, ""73"": 12.18181211, ""210"": 14.0, ""211"": 165.8810553, ""212"": 12.79737403}","{""0"": 102.0, ""1"": 77.0, ""2"": 25.0, ""3"": 783.0, ""4"": 4.0, ""5"": 156.0, ""6"": 77.0, ""7"": 38.0, ""8"": 29.0, ""9"": 14.0, ""10"": 7.0, ""11"": 14.0, ""12"": 6.0, ""13"": 4.0, ""14"": 1.0, ""17"": 1.0, ""19"": 1.0, ""21"": 0.75490196, ""22"": 261.0, ""23"": 13.0, ""24"": 36.0, ""27"": 6.0, ""28"": 2.0, ""33"": 2.0, ""39"": 2.76923077, ""40"": 12.0, ""64"": 9.0, ""66"": 2.0, ""68"": 3.0, ""72"": 1.0, ""73"": 1.0, ""155"": 1.0, ""156"": 2.0, ""158"": 24.0, ""175"": 2.0, ""177"": 2.0, ""210"": 3.0, ""211"": 34.0, ""212"": 2.0}",2026-09-30T21:46:22-04:00
Malachi Fields,4682648,WR,NYG,ACTIVE,85.72881418,10.4,,,169.73,8.59,286.0,299.0,"{""42"": 528.5706037, ""43"": 2.47412331, ""44"": 0.107600177, ""45"": 0.178309837, ""46"": 0.116525478, ""47"": 105.0, ""48"": 52.0, ""49"": 26.0, ""50"": 21.0, ""51"": 10.0, ""53"": 37.13979438, ""56"": 0.623740247, ""57"": 0.019290935, ""58"": 63.75734716, ""60"": 14.23192057, ""61"": 37.75504312, ""62"": 0.107600177, ""63"": 0.002978186, ""67"": 0.676860355, ""68"": 0.676860355, ""71"": 0.379041799, ""72"": 0.379041799, ""73"": 0.379041799, ""210"": 14.0, ""213"": 23.10617547}","{""41"": 6.0, ""42"": 74.0, ""47"": 14.0, ""48"": 6.0, ""49"": 2.0, ""50"": 2.0, ""53"": 6.0, ""58"": 12.0, ""59"": 29.0, ""60"": 12.33333333, ""61"": 24.66666667, ""108"": 1.0, ""109"": 1.0, ""155"": 2.0, ""156"": 1.0, ""210"": 3.0, ""213"": 4.0}",2026-09-30T21:46:22-04:00
Deshaun Watson,3122840,QB,CLE,ACTIVE,246.62645862,63.7,,,168.77,8.38,386.0,391.0,"{""0"": 435.934403, ""1"": 282.4198367, ""2"": 153.5145664, ""3"": 2995.165418, ""4"": 15.876, ""5"": 599.0, ""6"": 299.0, ""7"": 149.0, ""8"": 119.0, ""9"": 59.0, ""10"": 29.0, ""11"": 56.0, ""12"": 28.0, ""15"": 2.212848265, ""16"": 1.446096341, ""17"": 1.793825415, ""18"": 0.242298779, ""19"": 0.932927889, ""20"": 8.351383923, ""21"": 0.647849389, ""22"": 213.940387, ""23"": 84.26294658, ""24"": 423.2131688, ""25"": 1.947993238, ""26"": 0.115530016, ""27"": 84.0, ""28"": 42.0, ""29"": 21.0, ""30"": 16.0, ""31"": 8.0, ""33"": 16.0, ""34"": 8.0, ""35"": 0.163133081, ""36"": 0.114193157, ""37"": 0.558547256, ""38"": 0.019061075, ""39"": 5.022529902, ""40"": 30.22951206, ""62"": 1.048457905, ""63"": 0.036125325, ""64"": 45.4404259, ""65"": 6.987214244, ""66"": 1.223086928, ""68"": 8.210301172, ""69"": 3.353862837, ""70"": 0.562619987, ""72"": 3.916482824, ""73"": 12.26786675, ""210"": 14.0, ""211"": 147.2825349, ""212"": 22.56774788}","{""0"": 82.0, ""1"": 56.0, ""2"": 26.0, ""3"": 587.0, ""4"": 5.0, ""5"": 116.0, ""6"": 57.0, ""7"": 28.0, ""8"": 22.0, ""9"": 10.0, ""10"": 5.0, ""11"": 10.0, ""12"": 4.0, ""13"": 4.0, ""14"": 1.0, ""15"": 2.0, ""16"": 1.0, ""19"": 1.0, ""20"": 1.0, ""21"": 0.68292683, ""22"": 195.66666667, ""23"": 24.0, ""24"": 105.0, ""27"": 20.0, ""28"": 9.0, ""29"": 4.0, ""30"": 2.0, ""33"": 4.0, ""34"": 1.0, ""39"": 4.375, ""40"": 35.0, ""64"": 9.0, ""65"": 2.0, ""66"": 1.0, ""68"": 1.0, ""69"": 1.0, ""70"": 1.0, ""73"": 1.0, ""155"": 2.0, ""156"": 1.0, ""158"": 30.0, ""175"": 1.0, ""176"": 2.0, ""210"": 3.0, ""211"": 26.0, ""212"": 9.0}",2026-09-30T21:46:22-04:00
Samaje Perine,3116389,RB,CIN,ACTIVE,62.95436264,11.1,54.0973623,69.4,169.42,8.17,319.0,199.0,"{""23"": 55.18216104, ""24"": 238.6442164, ""25"": 1.751214433, ""26"": 0.098720042, ""27"": 47.0, ""28"": 23.0, ""29"": 11.0, ""30"": 9.0, ""31"": 4.0, ""33"": 11.0, ""34"": 5.0, ""35"": 0.10489641, ""36"": 0.073427487, ""37"": 0.177234487, ""38"": 0.006048333, ""39"": 4.324662388, ""40"": 17.04601545, ""42"": 153.4271651, ""43"": 0.676269234, ""44"": 0.022602263, ""45"": 0.055653524, ""46"": 0.036369578, ""47"": 30.0, ""48"": 15.0, ""49"": 7.0, ""50"": 6.0, ""51"": 3.0, ""53"": 19.90056322, ""56"": 0.057496674, ""57"": 0.001778248, ""58"": 24.35288807, ""60"": 7.709689591, ""61"": 10.95908322, ""62"": 0.121322306, ""63"": 0.004570002, ""66"": 0.763347719, ""67"": 0.275289138, ""68"": 1.038636857, ""70"": 0.351139951, ""71"": 0.154161917, ""72"": 0.505301868, ""73"": 0.505301868, ""210"": 14.0, ""212"": 14.42226869, ""213"": 8.096630933}","{""23"": 10.0, ""24"": 35.0, ""27"": 6.0, ""28"": 2.0, ""29"": 1.0, ""33"": 1.0, ""39"": 3.5, ""40"": 11.66666667, ""41"": 5.0, ""42"": 51.0, ""47"": 10.0, ""48"": 4.0, ""49"": 1.0, ""50"": 1.0, ""53"": 5.0, ""58"": 7.0, ""59"": 39.0, ""60"": 10.2, ""61"": 17.0, ""107"": 1.0, ""108"": 1.0, ""109"": 2.0, ""114"": 26.0, ""116"": 2.0, ""117"": 1.0, ""155"": 2.0, ""156"": 1.0, ""210"": 3.0, ""212"": 2.0, ""213"": 3.0}",2026-09-30T21:46:22-04:00
Kendre Miller,4599739,RB,NO,ACTIVE,32.26463069,11.9,74.25413127,30.8,169.97,8.08,395.0,398.0,"{""23"": 27.51169124, ""24"": 109.4314425, ""25"": 0.663232419, ""26"": 0.044624715, ""27"": 21.0, ""28"": 10.0, ""29"": 5.0, ""30"": 4.0, ""31"": 2.0, ""33"": 5.0, ""34"": 2.0, ""35"": 0.054383901, ""36"": 0.038068731, ""37"": 0.154283169, ""38"": 0.00527, ""39"": 3.977634146, ""40"": 7.816531607, ""42"": 87.77465336, ""43"": 0.436860951, ""44"": 0.023315182, ""45"": 0.037391214, ""46"": 0.024435158, ""47"": 17.0, ""48"": 8.0, ""49"": 4.0, ""50"": 3.0, ""51"": 1.0, ""53"": 11.64803804, ""56"": 0.037307814, ""57"": 0.00115385, ""58"": 15.42548011, ""60"": 7.535574067, ""61"": 6.269618097, ""62"": 0.067939896, ""63"": 0.000737143, ""66"": 0.117700012, ""67"": 0.049832422, ""68"": 0.167532434, ""70"": 0.054142005, ""71"": 0.027906156, ""72"": 0.082048162, ""73"": 0.082048162, ""101"": 0.024609733, ""114"": 267.843003, ""116"": 26.0, ""117"": 10.0, ""210"": 14.0, ""212"": 7.567196155, ""213"": 4.307271751}","{""23"": 13.0, ""24"": 44.0, ""25"": 1.0, ""27"": 8.0, ""28"": 4.0, ""29"": 1.0, ""30"": 1.0, ""33"": 1.0, ""39"": 3.38461538, ""40"": 22.0, ""41"": 2.0, ""42"": 5.0, ""47"": 1.0, ""53"": 2.0, ""58"": 3.0, ""59"": 4.0, ""60"": 2.5, ""61"": 2.5, ""65"": 1.0, ""66"": 1.0, ""68"": 1.0, ""114"": 37.0, ""116"": 2.0, ""156"": 2.0, ""158"": 6.0, ""179"": 1.0, ""210"": 2.0, ""212"": 3.0}",2026-09-30T21:46:22-04:00
Jacoby Brissett,2578570,QB,ARI,ACTIVE,254.2588847,56.5,2.61101102,272.4,169.6,7.49,317.0,322.0,"{""0"": 491.6746215, ""1"": 324.5054792, ""2"": 167.1691423, ""3"": 3199.469666, ""4"": 19.86511073, ""5"": 639.0, ""6"": 319.0, ""7"": 159.0, ""8"": 127.0, ""9"": 63.0, ""10"": 31.0, ""11"": 64.0, ""12"": 32.0, ""15"": 2.498037588, ""16"": 1.632467564, ""17"": 2.252435563, ""18"": 0.304244985, ""19"": 0.772738684, ""20"": 7.51532799, ""21"": 0.660000466, ""22"": 228.5335476, ""23"": 39.01303566, ""24"": 162.7607541, ""25"": 1.865396738, ""26"": 0.07694821, ""27"": 32.0, ""28"": 16.0, ""29"": 8.0, ""30"": 6.0, ""31"": 3.0, ""33"": 7.0, ""34"": 3.0, ""35"": 0.073390496, ""36"": 0.051373347, ""37"": 0.081940373, ""38"": 0.0028, ""39"": 4.171958203, ""40"": 11.62576815, ""62"": 0.849686895, ""63"": 0.03157318, ""64"": 36.56486946, ""65"": 6.682209367, ""66"": 0.49351341, ""68"": 7.175722777, ""69"": 3.207460496, ""70"": 0.227016168, ""72"": 3.434476665, ""73"": 10.94980465, ""210"": 14.0, ""211"": 164.7287967, ""212"": 10.96283648}","{""0"": 117.0, ""1"": 82.0, ""2"": 35.0, ""3"": 652.0, ""4"": 4.0, ""5"": 130.0, ""6"": 64.0, ""7"": 31.0, ""8"": 25.0, ""9"": 11.0, ""10"": 4.0, ""11"": 15.0, ""12"": 6.0, ""13"": 6.0, ""14"": 3.0, ""20"": 1.0, ""21"": 0.7008547, ""22"": 217.33333333, ""23"": 11.0, ""24"": 25.0, ""25"": 1.0, ""27"": 3.0, ""28"": 1.0, ""33"": 1.0, ""39"": 2.27272727, ""40"": 8.33333333, ""64"": 5.0, ""73"": 1.0, ""155"": 1.0, ""156"": 2.0, ""158"": 30.0, ""175"": 4.0, ""179"": 1.0, ""210"": 3.0, ""211"": 37.0, ""212"": 6.0}",2026-09-30T21:46:22-04:00
Jake Elliott,3050478,K,PHI,ACTIVE,111.96551404,15.0,141.38108779,109.0,167.49,7.47,487.0,489.0,"{""74"": 4.383768712, ""75"": 6.3801612, ""76"": 1.996392488, ""77"": 5.819390406, ""78"": 7.2916128, ""79"": 1.472222394, ""80"": 12.49321144, ""81"": 13.135626, ""82"": 0.642414564, ""83"": 22.69637055, ""84"": 26.8074, ""85"": 4.111029446, ""86"": 33.40050398, ""87"": 35.00757125, ""88"": 1.607067263, ""198"": 4.383768712, ""199"": 6.3801612, ""200"": 1.996392488, ""210"": 14.0, ""214"": 873.3924218, ""215"": 193.327639, ""216"": 1066.720061}","{""74"": 1.0, ""75"": 1.0, ""80"": 1.0, ""81"": 1.0, ""83"": 2.0, ""84"": 2.0, ""86"": 7.0, ""87"": 7.0, ""155"": 2.0, ""156"": 1.0, ""158"": 13.0, ""198"": 1.0, ""199"": 1.0, ""210"": 3.0, ""214"": 93.0, ""216"": 93.0, ""217"": 18.0, ""218"": 8.0, ""219"": 3.0, ""220"": 3.0, ""221"": 1.0, ""229"": 18.0, ""230"": 8.0, ""231"": 3.0, ""232"": 3.0, ""233"": 1.0}",2026-09-30T21:46:22-04:00
Jalen Nailor,4382466,WR,LV,ACTIVE,76.04732799,7.7,19.87696147,86.2,169.78,7.27,199.0,220.0,"{""23"": 1.783972667, ""24"": 9.322481859, ""25"": 0.066322249, ""26"": 0.003989101, ""27"": 1.0, ""35"": 0.0032755, ""36"": 0.00229285, ""37"": 0.0002042, ""38"": 6.97e-06, ""39"": 5.225686486, ""40"": 0.665891561, ""42"": 432.5927939, ""43"": 2.777644106, ""44"": 0.158560076, ""45"": 0.162702697, ""46"": 0.106326213, ""47"": 86.0, ""48"": 43.0, ""49"": 21.0, ""50"": 17.0, ""51"": 8.0, ""53"": 30.15027768, ""56"": 0.362379859, ""57"": 0.011207625, ""58"": 53.4012674, ""60"": 14.34788756, ""61"": 30.89948528, ""62"": 0.162549176, ""63"": 0.002413571, ""66"": 0.03064354, ""67"": 0.517895407, ""68"": 0.548538947, ""70"": 0.014096029, ""71"": 0.290021428, ""72"": 0.304117456, ""73"": 0.304117456, ""210"": 14.0, ""212"": 2.178946471, ""213"": 18.99045695}","{""41"": 5.0, ""42"": 52.0, ""47"": 9.0, ""48"": 3.0, ""49"": 1.0, ""50"": 1.0, ""53"": 5.0, ""58"": 11.0, ""59"": 14.0, ""60"": 10.4, ""61"": 17.33333333, ""155"": 3.0, ""210"": 3.0, ""213"": 5.0}",2026-09-30T21:46:22-04:00
AJ Barner,4576297,TE,SEA,ACTIVE,91.4250888,19.1,65.13823225,121.3,167.88,7.18,312.0,319.0,"{""23"": 3.824455907, ""24"": 12.83675047, ""25"": 0.36415302, ""26"": 0.013168622, ""27"": 2.0, ""28"": 1.0, ""35"": 0.007031451, ""36"": 0.004922016, ""37"": 0.000424878, ""38"": 1.45e-05, ""39"": 3.356490643, ""40"": 0.916910748, ""42"": 440.372102, ""43"": 3.866395223, ""44"": 0.163957985, ""45"": 0.122387293, ""46"": 0.079980096, ""47"": 88.0, ""48"": 44.0, ""49"": 22.0, ""50"": 17.0, ""51"": 8.0, ""53"": 42.34772911, ""56"": 0.378795547, ""57"": 0.011715326, ""58"": 58.30626303, ""60"": 10.39895435, ""61"": 31.45515014, ""62"": 0.177126607, ""63"": 0.003218766, ""66"": 0.060593498, ""67"": 0.670944336, ""68"": 0.731537834, ""70"": 0.027873009, ""71"": 0.375728828, ""72"": 0.403601837, ""73"": 0.403601837, ""210"": 14.0, ""212"": 2.643606123, ""213"": 22.43038846}","{""23"": 1.0, ""24"": 1.0, ""25"": 1.0, ""39"": 1.0, ""40"": 0.33333333, ""41"": 8.0, ""42"": 90.0, ""47"": 16.0, ""48"": 7.0, ""49"": 3.0, ""50"": 2.0, ""51"": 1.0, ""53"": 8.0, ""54"": 1.0, ""58"": 12.0, ""59"": 83.0, ""60"": 11.25, ""61"": 30.0, ""155"": 2.0, ""156"": 1.0, ""158"": 6.0, ""179"": 1.0, ""210"": 3.0, ""212"": 1.0, ""213"": 4.0}",2026-09-30T21:46:22-04:00
Jets D/ST,-16020,D/ST,NYJ,,87.12746511,12.0,95.61961571,13.0,168.44,7.04,407.0,410.0,"{""89"": 0.155431086, ""90"": 0.700140028, ""91"": 2.5065013, ""92"": 2.352470494, ""93"": 0.104, ""94"": 1.302318741, ""95"": 10.55004864, ""96"": 7.918838475, ""97"": 1.51, ""98"": 0.216, ""99"": 35.84235735, ""100"": 71.68471471, ""101"": 0.124005225, ""102"": 0.372031945, ""103"": 0.866550159, ""104"": 0.436, ""105"": 1.902375108, ""106"": 12.18282842, ""109"": 887.1018882, ""110"": 295.0, ""111"": 177.0, ""112"": 38.67923198, ""113"": 70.89666789, ""114"": 1451.478787, ""115"": 257.2561324, ""116"": 145.0, ""117"": 58.0, ""118"": 25.0, ""119"": 10.0, ""120"": 340.048998, ""121"": 2.030406081, ""122"": 2.982596519, ""123"": 2.156431286, ""124"": 0.99419884, ""125"": 0.121824365, ""126"": 24.28921414, ""127"": 4754.675934, ""129"": 0.413185934, ""130"": 3.501575709, ""131"": 3.15842129, ""132"": 3.20744335, ""133"": 2.149967485, ""134"": 1.050472713, ""135"": 0.406182782, ""136"": 0.112750738, ""137"": 339.6197096, ""210"": 17.0}","{""89"": 0.0, ""90"": 0.0, ""91"": 1.0, ""92"": 0.0, ""96"": 2.0, ""99"": 8.0, ""100"": 16.0, ""106"": 5.0, ""107"": 73.0, ""108"": 100.0, ""109"": 173.0, ""110"": 57.0, ""111"": 34.0, ""112"": 7.0, ""113"": 7.0, ""114"": 246.0, ""115"": 31.0, ""116"": 24.0, ""117"": 8.0, ""118"": 2.0, ""119"": 1.0, ""120"": 61.0, ""121"": 1.0, ""122"": 0.0, ""123"": 1.0, ""124"": 0.0, ""127"": 775.0, ""128"": 0.0, ""129"": 2.0, ""130"": 0.0, ""131"": 0.0, ""132"": 1.0, ""133"": 0.0, ""134"": 0.0, ""135"": 0.0, ""136"": 0.0, ""155"": 1.0, ""156"": 2.0, ""187"": 61.0, ""188"": 0.0, ""189"": 0.0, ""190"": 1.0, ""191"": 0.0, ""192"": 1.0, ""193"": 0.0, ""194"": 1.0, ""195"": 0.0, ""210"": 3.0}",2026-09-30T21:46:22-04:00
Najee Harris,4241457,RB,NYG,ACTIVE,73.88464547,5.8,88.56765706,10.1,169.12,6.83,222.0,232.0,"{""23"": 103.1872684, ""24"": 416.5835641, ""25"": 2.5978579, ""26"": 0.092483957, ""27"": 83.0, ""28"": 41.0, ""29"": 20.0, ""30"": 16.0, ""31"": 8.0, ""33"": 20.0, ""34"": 10.0, ""35"": 0.202158459, ""36"": 0.141510921, ""37"": 0.543006156, ""38"": 0.0185, ""39"": 4.037160501, ""40"": 29.75596886, ""42"": 95.02648751, ""43"": 0.218464546, ""44"": 0.009502795, ""45"": 0.035659208, ""46"": 0.023303292, ""47"": 19.0, ""48"": 9.0, ""49"": 4.0, ""50"": 3.0, ""51"": 1.0, ""53"": 12.57857481, ""56"": 0.039608145, ""57"": 0.001224994, ""58"": 17.00195924, ""60"": 7.554630705, ""61"": 6.787606251, ""62"": 0.101986752, ""63"": 0.003118983, ""66"": 0.631838393, ""67"": 0.077021387, ""68"": 0.708859779, ""70"": 0.290645661, ""71"": 0.043131977, ""72"": 0.333777637, ""73"": 0.333777637, ""210"": 14.0, ""212"": 23.97808536, ""213"": 4.630043215}","{""23"": 13.0, ""24"": 58.0, ""27"": 11.0, ""28"": 5.0, ""29"": 2.0, ""30"": 2.0, ""31"": 1.0, ""33"": 1.0, ""39"": 4.46153846, ""40"": 29.0, ""155"": 1.0, ""156"": 1.0, ""210"": 2.0, ""212"": 3.0}",2026-09-30T21:46:22-04:00
Antonio Williams,5081432,WR,WSH,ACTIVE,61.13089985,20.8,,,169.97,6.72,332.0,337.0,"{""42"": 341.5718248, ""43"": 2.390456415, ""44"": 0.104692578, ""45"": 0.203201145, ""46"": 0.132791948, ""47"": 68.0, ""48"": 34.0, ""49"": 17.0, ""50"": 13.0, ""51"": 6.0, ""53"": 25.90053138, ""56"": 0.199065164, ""57"": 0.006156655, ""58"": 39.84116236, ""60"": 13.18783077, ""61"": 24.39798749, ""62"": 0.104692578, ""63"": 0.002076926, ""67"": 0.472028539, ""68"": 0.472028539, ""71"": 0.264335982, ""72"": 0.264335982, ""73"": 0.264335982, ""210"": 14.0, ""213"": 15.35347121}","{""0"": 1.0, ""2"": 1.0, ""41"": 9.0, ""42"": 103.0, ""43"": 1.0, ""47"": 19.0, ""48"": 9.0, ""49"": 4.0, ""50"": 2.0, ""51"": 1.0, ""53"": 9.0, ""58"": 11.0, ""59"": 23.0, ""60"": 11.44444444, ""61"": 34.33333333, ""155"": 1.0, ""156"": 2.0, ""158"": 6.0, ""183"": 1.0, ""210"": 3.0, ""213"": 5.0}",2026-09-30T21:46:22-04:00
Cam Ward,4688380,QB,TEN,ACTIVE,214.79206632,45.0,303.26955733,215.5,169.01,6.7,315.0,321.0,"{""0"": 456.2744224, ""1"": 288.8696448, ""2"": 167.4047776, ""3"": 3089.731205, ""4"": 13.590168, ""5"": 617.0, ""6"": 308.0, ""7"": 154.0, ""8"": 123.0, ""9"": 61.0, ""10"": 30.0, ""11"": 57.0, ""12"": 28.0, ""15"": 2.342735999, ""16"": 1.530977975, ""17"": 1.992507071, ""18"": 0.269135461, ""19"": 0.611652873, ""20"": 7.339623754, ""21"": 0.633105058, ""22"": 220.6950861, ""23"": 40.56976626, ""24"": 173.3245855, ""25"": 2.27098658, ""26"": 0.080314329, ""27"": 34.0, ""28"": 17.0, ""29"": 8.0, ""30"": 6.0, ""31"": 3.0, ""33"": 8.0, ""34"": 4.0, ""35"": 0.076395281, ""36"": 0.053476697, ""37"": 0.092957585, ""38"": 0.00317, ""39"": 4.272259898, ""40"": 12.38032753, ""62"": 0.691967202, ""63"": 0.03591923, ""64"": 34.84060051, ""65"": 7.540555172, ""66"": 0.622906135, ""68"": 8.163461307, ""69"": 3.619466483, ""70"": 0.286536822, ""72"": 3.906003305, ""73"": 11.24562706, ""210"": 14.0, ""211"": 150.2151006, ""212"": 11.71647194}","{""0"": 88.0, ""1"": 55.0, ""2"": 33.0, ""3"": 504.0, ""4"": 2.0, ""5"": 100.0, ""6"": 50.0, ""7"": 25.0, ""8"": 19.0, ""9"": 8.0, ""10"": 3.0, ""11"": 9.0, ""12"": 4.0, ""13"": 5.0, ""14"": 2.0, ""20"": 1.0, ""21"": 0.625, ""22"": 168.0, ""23"": 9.0, ""24"": 30.0, ""25"": 2.0, ""27"": 5.0, ""28"": 2.0, ""29"": 1.0, ""39"": 3.33333333, ""40"": 10.0, ""64"": 5.0, ""73"": 1.0, ""156"": 3.0, ""158"": 24.0, ""175"": 1.0, ""176"": 1.0, ""179"": 2.0, ""210"": 3.0, ""211"": 24.0, ""212"": 6.0}",2026-09-30T21:46:22-04:00
Kaleb Johnson,4819231,RB,GB,ACTIVE,52.10975463,5.3,148.78152623,8.3,169.89,6.58,375.0,385.0,"{""23"": 66.20766612, ""24"": 276.077946, ""25"": 1.787445634, ""26"": 0.087754638, ""27"": 55.0, ""28"": 27.0, ""29"": 13.0, ""30"": 11.0, ""31"": 5.0, ""33"": 13.0, ""34"": 6.0, ""35"": 0.128484487, ""36"": 0.089939141, ""37"": 0.318874463, ""38"": 0.010881962, ""39"": 4.169878841, ""40"": 19.71985329, ""42"": 68.31607611, ""43"": 0.344638552, ""44"": 0.012242496, ""45"": 0.028178641, ""46"": 0.018414742, ""47"": 13.0, ""48"": 6.0, ""49"": 3.0, ""50"": 2.0, ""51"": 1.0, ""53"": 10.60124644, ""56"": 0.030172202, ""57"": 0.000933161, ""58"": 14.36712763, ""60"": 6.444155083, ""61"": 4.879719722, ""62"": 0.099997134, ""63"": 0.002891702, ""66"": 0.566496839, ""67"": 0.090708115, ""68"": 0.657204954, ""70"": 0.260588546, ""71"": 0.050796544, ""72"": 0.311385091, ""73"": 0.311385091, ""210"": 14.0, ""212"": 16.38307558, ""213"": 3.494371006}","{""23"": 12.0, ""24"": 38.0, ""27"": 7.0, ""28"": 3.0, ""29"": 1.0, ""30"": 1.0, ""33"": 1.0, ""39"": 3.16666667, ""40"": 12.66666667, ""41"": 1.0, ""42"": 10.0, ""47"": 2.0, ""48"": 1.0, ""53"": 1.0, ""58"": 3.0, ""59"": 10.0, ""60"": 10.0, ""61"": 3.33333333, ""65"": 1.0, ""66"": 1.0, ""68"": 1.0, ""114"": 52.0, ""116"": 5.0, ""117"": 2.0, ""155"": 1.0, ""156"": 2.0, ""210"": 3.0, ""212"": 3.0, ""213"": 1.0}",2026-09-30T21:46:22-04:00
Cowboys D/ST,-16006,D/ST,DAL,,62.13862528,-2.0,69.61537835,26.0,168.16,6.45,423.0,425.0,"{""89"": 0.07833733, ""90"": 0.349720224, ""91"": 1.524780176, ""92"": 1.790567546, ""93"": 0.101, ""94"": 1.286300031, ""95"": 9.690230178, ""96"": 7.121973482, ""97"": 1.61328194, ""98"": 0.218, ""99"": 31.05436291, ""100"": 62.10872582, ""101"": 0.206180668, ""102"": 0.221397431, ""103"": 0.858736665, ""104"": 0.427563367, ""105"": 1.815022615, ""106"": 10.95688228, ""109"": 841.8826642, ""110"": 280.0, ""111"": 168.0, ""112"": 39.69853017, ""113"": 50.84754228, ""114"": 1552.909619, ""115"": 184.68053, ""116"": 155.0, ""117"": 62.0, ""118"": 18.0, ""119"": 7.0, ""120"": 389.3982441, ""121"": 2.028377298, ""122"": 3.46922462, ""123"": 2.923661071, ""124"": 1.622701839, ""125"": 0.212629896, ""126"": 27.81416029, ""127"": 4936.823963, ""129"": 0.160782943, ""130"": 1.817546312, ""131"": 2.565536526, ""132"": 3.537224747, ""133"": 3.068857043, ""134"": 1.88745194, ""135"": 0.74099965, ""136"": 0.221600839, ""137"": 352.6302831, ""210"": 17.0}","{""89"": 0.0, ""90"": 0.0, ""91"": 0.0, ""92"": 0.0, ""96"": 2.0, ""99"": 2.0, ""100"": 4.0, ""106"": 6.0, ""107"": 96.0, ""108"": 122.0, ""109"": 218.0, ""110"": 72.0, ""111"": 42.0, ""112"": 13.0, ""113"": 7.0, ""114"": 275.0, ""115"": 43.0, ""116"": 27.0, ""117"": 9.0, ""118"": 3.0, ""119"": 1.0, ""120"": 82.0, ""121"": 1.0, ""122"": 0.0, ""123"": 2.0, ""124"": 0.0, ""127"": 1161.0, ""128"": 0.0, ""129"": 0.0, ""130"": 0.0, ""131"": 0.0, ""132"": 3.0, ""133"": 0.0, ""134"": 0.0, ""135"": 0.0, ""136"": 0.0, ""155"": 1.0, ""156"": 2.0, ""187"": 82.0, ""188"": 0.0, ""189"": 0.0, ""190"": 0.0, ""191"": 0.0, ""192"": 1.0, ""193"": 0.0, ""194"": 2.0, ""195"": 0.0, ""210"": 3.0}",2026-09-30T21:46:22-04:00
Devin Singletary,4040761,RB,NYG,ACTIVE,,12.7,17.68597912,99.8,169.88,6.35,1333.0,1334.0,{},"{""23"": 9.0, ""24"": 25.0, ""27"": 4.0, ""28"": 1.0, ""33"": 1.0, ""39"": 2.77777778, ""40"": 12.5, ""41"": 4.0, ""42"": 22.0, ""43"": 1.0, ""47"": 4.0, ""48"": 2.0, ""49"": 1.0, ""53"": 4.0, ""58"": 5.0, ""59"": 38.0, ""60"": 5.5, ""61"": 11.0, ""155"": 1.0, ""156"": 1.0, ""158"": 6.0, ""183"": 1.0, ""210"": 2.0, ""213"": 2.0}",2026-09-30T21:46:22-04:00
Aaron Rodgers,8439,QB,PIT,ACTIVE,236.45194917,47.0,274.54536182,272.9,168.85,6.3,384.0,390.0,"{""0"": 490.9495786, ""1"": 304.8040799, ""2"": 186.1454986, ""3"": 3249.941363, ""4"": 19.12372, ""5"": 649.0, ""6"": 324.0, ""7"": 162.0, ""8"": 129.0, ""9"": 64.0, ""10"": 32.0, ""11"": 60.0, ""12"": 30.0, ""15"": 2.570359527, ""16"": 1.679729951, ""17"": 2.377747382, ""18"": 0.321171326, ""19"": 0.688900403, ""20"": 9.117014675, ""21"": 0.620845996, ""22"": 232.1386688, ""23"": 25.83478093, ""24"": 103.8185256, ""25"": 0.729952456, ""26"": 0.036369831, ""27"": 20.0, ""28"": 10.0, ""29"": 5.0, ""30"": 4.0, ""31"": 2.0, ""33"": 5.0, ""34"": 2.0, ""35"": 0.048188337, ""36"": 0.033731836, ""37"": 0.033115664, ""38"": 0.00113, ""39"": 4.018556452, ""40"": 7.41560897, ""62"": 0.725270234, ""63"": 0.027868165, ""64"": 34.26303978, ""65"": 6.036731953, ""66"": 0.296941928, ""68"": 6.333673881, ""69"": 2.897631338, ""70"": 0.136593287, ""72"": 3.034224624, ""73"": 12.1512393, ""210"": 14.0, ""211"": 160.4628644, ""212"": 7.325536477}","{""0"": 113.0, ""1"": 66.0, ""2"": 47.0, ""3"": 700.0, ""4"": 4.0, ""5"": 139.0, ""6"": 69.0, ""7"": 34.0, ""8"": 26.0, ""9"": 12.0, ""10"": 5.0, ""11"": 11.0, ""12"": 5.0, ""13"": 9.0, ""14"": 3.0, ""20"": 2.0, ""21"": 0.5840708, ""22"": 233.33333333, ""23"": 7.0, ""24"": 12.0, ""27"": 3.0, ""28"": 1.0, ""39"": 1.71428571, ""40"": 4.0, ""64"": 8.0, ""65"": 1.0, ""68"": 2.0, ""72"": 1.0, ""73"": 3.0, ""108"": 1.0, ""109"": 1.0, ""155"": 2.0, ""156"": 1.0, ""158"": 24.0, ""175"": 2.0, ""177"": 1.0, ""178"": 1.0, ""210"": 3.0, ""211"": 33.0, ""212"": 1.0}",2026-09-30T21:46:22-04:00
Ray Davis,4429501,RB,BUF,ACTIVE,17.87146255,0.3,77.60193078,59.1,169.07,5.78,220.0,231.0,"{""23"": 19.51405775, ""24"": 82.52105714, ""25"": 0.648281629, ""26"": 0.02178313, ""27"": 16.0, ""28"": 8.0, ""29"": 4.0, ""30"": 3.0, ""31"": 1.0, ""33"": 3.0, ""34"": 1.0, ""35"": 0.036249379, ""36"": 0.025374565, ""37"": 0.020792883, ""38"": 0.000709581, ""39"": 4.228800499, ""40"": 5.894361224, ""42"": 23.93209612, ""43"": 0.231632246, ""44"": 0.01367281, ""45"": 0.043578645, ""46"": 0.028478644, ""47"": 4.0, ""48"": 2.0, ""49"": 1.0, ""53"": 3.174686861, ""56"": 0.013129814, ""57"": 0.000406077, ""58"": 4.06500336, ""60"": 7.538411554, ""61"": 1.709435437, ""62"": 0.03545594, ""63"": 0.001001687, ""66"": 0.19580162, ""67"": 0.031854412, ""68"": 0.227656032, ""70"": 0.090068745, ""71"": 0.017838471, ""72"": 0.107907216, ""73"": 0.107907216, ""101"": 0.084037182, ""114"": 386.3236215, ""116"": 38.0, ""117"": 15.0, ""210"": 14.0, ""212"": 6.161530793, ""213"": 0.531467053}","{""23"": 1.0, ""24"": 3.0, ""39"": 3.0, ""40"": 1.0, ""114"": 82.0, ""116"": 8.0, ""117"": 3.0, ""155"": 3.0, ""210"": 3.0}",2026-09-30T21:46:22-04:00
Xavier Hutchinson,4686422,WR,HOU,ACTIVE,84.22965795,16.9,37.10214275,80.5,169.94,5.66,328.0,332.0,"{""23"": 1.76933783, ""24"": 9.989049624, ""25"": 0.059601282, ""26"": 0.002328207, ""27"": 1.0, ""35"": 0.003248598, ""36"": 0.002274018, ""37"": 0.000239591, ""38"": 8.18e-06, ""39"": 5.645642939, ""40"": 0.713503545, ""42"": 517.2585085, ""43"": 2.421993891, ""44"": 0.097802621, ""45"": 0.148419607, ""46"": 0.096992213, ""47"": 103.0, ""48"": 51.0, ""49"": 25.0, ""50"": 20.0, ""51"": 10.0, ""53"": 33.98759162, ""56"": 0.587414989, ""57"": 0.018167474, ""58"": 65.20407522, ""60"": 15.21903977, ""61"": 36.94703632, ""62"": 0.100130827, ""63"": 0.002293837, ""66"": 0.025796473, ""67"": 0.49553001, ""68"": 0.521326483, ""70"": 0.011866378, ""71"": 0.277496806, ""72"": 0.289363183, ""73"": 0.289363183, ""210"": 14.0, ""212"": 2.195553739, ""213"": 22.05442476}","{""23"": 2.0, ""24"": 4.0, ""39"": 2.0, ""40"": 1.33333333, ""41"": 9.0, ""42"": 120.0, ""47"": 23.0, ""48"": 11.0, ""49"": 4.0, ""50"": 4.0, ""51"": 1.0, ""53"": 9.0, ""58"": 21.0, ""59"": 36.0, ""60"": 13.33333333, ""61"": 40.0, ""156"": 3.0, ""210"": 3.0, ""212"": 1.0, ""213"": 5.0}",2026-09-30T21:46:22-04:00
Michael Penix Jr.,4360423,QB,ATL,ACTIVE,233.15432055,16.0,296.24474107,137.8,168.98,5.27,439.0,446.0,"{""0"": 447.6402465, ""1"": 282.9720662, ""2"": 164.6681803, ""3"": 3337.16821, ""4"": 16.65389, ""5"": 667.0, ""6"": 333.0, ""7"": 166.0, ""8"": 133.0, ""9"": 66.0, ""10"": 33.0, ""11"": 56.0, ""12"": 28.0, ""15"": 2.698842861, ""16"": 1.763693809, ""17"": 2.618404496, ""18"": 0.353677792, ""19"": 1.107176488, ""20"": 8.253302229, ""21"": 0.632141699, ""22"": 238.3691579, ""23"": 31.01310369, ""24"": 117.6358789, ""25"": 1.448151823, ""26"": 0.069744739, ""27"": 23.0, ""28"": 11.0, ""29"": 5.0, ""30"": 4.0, ""31"": 2.0, ""33"": 6.0, ""34"": 3.0, ""35"": 0.058040414, ""36"": 0.04062829, ""37"": 0.042583582, ""38"": 0.001453214, ""39"": 3.793102429, ""40"": 8.402562781, ""62"": 1.176921227, ""63"": 0.029724903, ""64"": 23.86443494, ""65"": 6.33873132, ""66"": 0.416928483, ""68"": 6.755659804, ""69"": 3.042591034, ""70"": 0.191787102, ""72"": 3.234378136, ""73"": 11.48768037, ""210"": 14.0, ""211"": 155.7729, ""212"": 8.642102396}","{""0"": 25.0, ""1"": 18.0, ""2"": 7.0, ""3"": 256.0, ""4"": 1.0, ""5"": 51.0, ""6"": 25.0, ""7"": 12.0, ""8"": 10.0, ""9"": 5.0, ""10"": 2.0, ""11"": 3.0, ""12"": 1.0, ""13"": 1.0, ""19"": 1.0, ""20"": 1.0, ""21"": 0.72, ""22"": 256.0, ""23"": 2.0, ""24"": -2.0, ""39"": -1.0, ""40"": -2.0, ""73"": 1.0, ""155"": 1.0, ""158"": 6.0, ""175"": 1.0, ""210"": 1.0, ""211"": 8.0}",2026-09-30T21:46:22-04:00
Jaylin Noel,4586312,WR,HOU,ACTIVE,39.53916803,14.7,30.58883836,55.4,169.83,5.26,219.0,230.0,"{""23"": 7.077351319, ""24"": 38.84195705, ""25"": 0.221786165, ""26"": 0.00866364, ""27"": 7.0, ""28"": 3.0, ""29"": 1.0, ""30"": 1.0, ""33"": 1.0, ""35"": 0.013039986, ""36"": 0.009127991, ""37"": 0.004452539, ""38"": 0.000151948, ""39"": 5.488205304, ""40"": 2.774425503, ""42"": 194.2360356, ""43"": 0.933729232, ""44"": 0.037702616, ""45"": 0.113875982, ""46"": 0.074417954, ""47"": 38.0, ""48"": 19.0, ""49"": 9.0, ""50"": 7.0, ""51"": 3.0, ""53"": 16.56660392, ""56"": 0.073372943, ""57"": 0.002269266, ""58"": 26.08163009, ""60"": 11.7245536, ""61"": 13.87400254, ""62"": 0.046366256, ""63"": 0.001895974, ""66"": 0.128982365, ""67"": 0.301920827, ""68"": 0.430903192, ""70"": 0.059331888, ""71"": 0.169075663, ""72"": 0.228407551, ""73"": 0.228407551, ""101"": 0.03978802, ""102"": 0.190054815, ""114"": 452.5929078, ""115"": 248.577792, ""116"": 45.0, ""117"": 18.0, ""118"": 24.0, ""119"": 9.0, ""210"": 14.0, ""212"": 3.613169268, ""213"": 8.567339675}","{""23"": 2.0, ""24"": 21.0, ""27"": 3.0, ""28"": 1.0, ""39"": 10.5, ""40"": 7.0, ""41"": 5.0, ""42"": 101.0, ""47"": 19.0, ""48"": 9.0, ""49"": 3.0, ""50"": 3.0, ""51"": 1.0, ""53"": 5.0, ""58"": 9.0, ""59"": 28.0, ""60"": 20.2, ""61"": 33.66666667, ""114"": 155.0, ""115"": 43.0, ""116"": 15.0, ""117"": 5.0, ""118"": 4.0, ""119"": 1.0, ""156"": 3.0, ""210"": 3.0, ""212"": 2.0, ""213"": 4.0}",2026-09-30T21:46:22-04:00
Wil Lutz,2985659,K,DEN,ACTIVE,106.14797022,14.0,135.37610296,130.0,169.41,4.84,489.0,492.0,"{""74"": 4.38368363, ""75"": 6.3423192, ""76"": 1.95863557, ""77"": 5.814492641, ""78"": 7.2483648, ""79"": 1.433872159, ""80"": 12.47246803, ""81"": 13.057716, ""82"": 0.585247973, ""83"": 22.6706443, ""84"": 26.6484, ""85"": 3.977755701, ""86"": 27.53193312, ""87"": 28.73357368, ""88"": 1.201640564, ""198"": 4.38368363, ""199"": 6.3423192, ""200"": 1.95863557, ""210"": 14.0, ""214"": 872.5451257, ""215"": 187.8480071, ""216"": 1060.393133}","{""77"": 1.0, ""78"": 2.0, ""79"": 1.0, ""80"": 2.0, ""81"": 2.0, ""83"": 3.0, ""84"": 4.0, ""85"": 1.0, ""86"": 5.0, ""87"": 5.0, ""155"": 2.0, ""156"": 1.0, ""158"": 14.0, ""210"": 3.0, ""214"": 96.0, ""215"": 43.0, ""216"": 139.0, ""217"": 19.0, ""218"": 9.0, ""219"": 4.0, ""220"": 3.0, ""221"": 1.0, ""223"": 8.0, ""224"": 4.0, ""225"": 2.0, ""226"": 1.0, ""229"": 27.0, ""230"": 13.0, ""231"": 6.0, ""232"": 4.0, ""233"": 1.0}",2026-09-30T21:46:22-04:00
Keon Coleman,4635008,WR,BUF,QUESTIONABLE,71.8033466,14.1,172.82662223,83.4,169.25,4.81,357.0,361.0,"{""42"": 391.4948474, ""43"": 3.18184788, ""44"": 0.18777609, ""45"": 0.22225363, ""46"": 0.145242747, ""47"": 78.0, ""48"": 39.0, ""49"": 19.0, ""50"": 15.0, ""51"": 7.0, ""53"": 27.43895521, ""56"": 0.278156863, ""57"": 0.00860279, ""58"": 44.71503696, ""60"": 14.26784819, ""61"": 27.96391767, ""62"": 0.18777609, ""63"": 0.002091003, ""67"": 0.475227859, ""68"": 0.475227859, ""71"": 0.266127601, ""72"": 0.266127601, ""73"": 0.266127601, ""210"": 14.0, ""213"": 17.4044222}","{""41"": 8.0, ""42"": 101.0, ""47"": 19.0, ""48"": 9.0, ""49"": 4.0, ""50"": 3.0, ""51"": 1.0, ""53"": 8.0, ""54"": 1.0, ""58"": 9.0, ""59"": 16.0, ""60"": 12.625, ""61"": 33.66666667, ""155"": 3.0, ""210"": 3.0, ""213"": 5.0}",2026-09-30T21:46:22-04:00
Daniel Carlson,3051909,K,NO,ACTIVE,121.41182437,21.0,130.4676004,98.0,169.5,4.71,488.0,490.0,"{""74"": 4.950087105, ""75"": 7.0714084, ""76"": 2.121321295, ""77"": 6.554301071, ""78"": 8.0816096, ""79"": 1.527308529, ""80"": 14.03487425, ""81"": 14.558782, ""82"": 0.523907748, ""83"": 25.53926243, ""84"": 29.7118, ""85"": 4.172537573, ""86"": 32.51209938, ""87"": 33.6211149, ""88"": 1.109015518, ""198"": 4.950087105, ""199"": 7.0714084, ""200"": 2.121321295, ""210"": 14.0, ""214"": 983.2944794, ""215"": 198.9974662, ""216"": 1182.291946}","{""74"": 1.0, ""75"": 2.0, ""76"": 1.0, ""77"": 1.0, ""78"": 1.0, ""80"": 2.0, ""81"": 2.0, ""83"": 4.0, ""84"": 5.0, ""85"": 1.0, ""86"": 7.0, ""87"": 8.0, ""88"": 1.0, ""155"": 1.0, ""156"": 2.0, ""158"": 19.0, ""198"": 1.0, ""199"": 1.0, ""202"": 1.0, ""203"": 1.0, ""210"": 3.0, ""214"": 149.0, ""215"": 62.0, ""216"": 211.0, ""217"": 29.0, ""218"": 14.0, ""219"": 7.0, ""220"": 5.0, ""221"": 2.0, ""222"": 1.0, ""223"": 12.0, ""224"": 6.0, ""225"": 3.0, ""226"": 2.0, ""227"": 1.0, ""229"": 42.0, ""230"": 21.0, ""231"": 10.0, ""232"": 7.0, ""233"": 3.0, ""234"": 1.0}",2026-09-30T21:46:22-04:00
Saints D/ST,-16018,D/ST,NO,,64.42531162,5.0,67.53896199,101.0,169.06,4.71,360.0,364.0,"{""89"": 0.109156337, ""90"": 0.489804078, ""91"": 1.917233107, ""92"": 2.015193922, ""93"": 0.101, ""94"": 1.285728685, ""95"": 9.343882198, ""96"": 4.959829442, ""97"": 1.61, ""98"": 0.217, ""99"": 32.10608783, ""100"": 64.21217566, ""101"": 0.1476584, ""102"": 0.219843812, ""103"": 0.856737764, ""104"": 0.429, ""105"": 1.754641654, ""106"": 7.630506833, ""109"": 826.1888875, ""110"": 275.0, ""111"": 165.0, ""112"": 32.86436976, ""113"": 68.46135362, ""114"": 1366.794889, ""115"": 219.8438117, ""116"": 136.0, ""117"": 54.0, ""118"": 21.0, ""119"": 8.0, ""120"": 371.6105992, ""121"": 2.029188325, ""122"": 3.274690124, ""123"": 2.616953219, ""124"": 1.371451419, ""125"": 0.176329468, ""126"": 26.54361423, ""127"": 4810.579882, ""129"": 0.35, ""130"": 3.08, ""131"": 3.01, ""132"": 3.29, ""133"": 2.38, ""134"": 1.26, ""135"": 0.49, ""136"": 0.14, ""137"": 343.6128487, ""210"": 17.0}","{""89"": 0.0, ""90"": 0.0, ""91"": 0.0, ""92"": 1.0, ""95"": 1.0, ""96"": 2.0, ""97"": 1.0, ""99"": 7.0, ""100"": 14.0, ""106"": 4.0, ""107"": 99.0, ""108"": 111.0, ""109"": 210.0, ""110"": 69.0, ""111"": 41.0, ""112"": 10.0, ""113"": 11.0, ""114"": 288.0, ""115"": 45.0, ""116"": 28.0, ""117"": 9.0, ""118"": 4.0, ""120"": 83.0, ""121"": 0.0, ""122"": 0.0, ""123"": 1.0, ""124"": 1.0, ""127"": 1021.0, ""128"": 0.0, ""129"": 0.0, ""130"": 0.0, ""131"": 2.0, ""132"": 1.0, ""133"": 0.0, ""134"": 0.0, ""135"": 0.0, ""136"": 0.0, ""155"": 1.0, ""156"": 2.0, ""187"": 83.0, ""188"": 0.0, ""189"": 0.0, ""190"": 0.0, ""191"": 1.0, ""192"": 0.0, ""193"": 0.0, ""194"": 1.0, ""195"": 1.0, ""210"": 3.0}",2026-09-30T21:46:22-04:00
Fernando Mendoza,4837248,QB,LV,ACTIVE,147.13704353,0.0,,,168.75,4.69,382.0,389.0,"{""0"": 255.3880116, ""1"": 162.4781131, ""2"": 92.90989846, ""3"": 1828.941209, ""4"": 11.30112, ""5"": 365.0, ""6"": 182.0, ""7"": 91.0, ""8"": 73.0, ""9"": 36.0, ""10"": 18.0, ""11"": 32.0, ""12"": 16.0, ""15"": 1.428322751, ""16"": 0.933408918, ""17"": 1.288221265, ""18"": 0.174004916, ""19"": 0.645095485, ""20"": 5.992715472, ""21"": 0.636201019, ""22"": 228.6176511, ""23"": 30.57477414, ""24"": 134.3682101, ""25"": 1.223263503, ""26"": 0.07358772, ""27"": 26.0, ""28"": 13.0, ""29"": 6.0, ""30"": 5.0, ""31"": 2.0, ""33"": 6.0, ""34"": 3.0, ""35"": 0.058053391, ""36"": 0.040637374, ""37"": 0.098126113, ""38"": 0.00335, ""39"": 4.39474089, ""40"": 16.79602627, ""62"": 0.718683205, ""63"": 0.0179, ""64"": 21.17588031, ""65"": 3.671455373, ""66"": 0.405887833, ""68"": 4.077343206, ""69"": 1.762298579, ""70"": 0.186708403, ""72"": 1.949006982, ""73"": 7.941722454, ""210"": 8.0, ""211"": 88.14150033, ""212"": 8.281499844}","{""155"": 2.0, ""210"": 2.0}",2026-09-30T21:46:22-04:00
Isaiah Davis,4695404,RB,NYJ,ACTIVE,8.30194325,0.0,24.04540236,60.7,170.02,4.64,342.0,347.0,"{""23"": 7.720956125, ""24"": 36.21234367, ""25"": 0.265775858, ""26"": 0.015683461, ""27"": 7.0, ""28"": 3.0, ""29"": 1.0, ""30"": 1.0, ""33"": 1.0, ""35"": 0.015170665, ""36"": 0.010619466, ""37"": 0.057257598, ""38"": 0.001953982, ""39"": 4.690137216, ""40"": 36.21234367, ""42"": 16.37071918, ""43"": 0.077280753, ""44"": 0.005572019, ""45"": 0.004572428, ""46"": 0.002988081, ""47"": 3.0, ""48"": 1.0, ""53"": 1.965183524, ""56"": 0.006547123, ""57"": 0.000202, ""58"": 2.506645943, ""60"": 8.330376772, ""61"": 16.37071918, ""62"": 0.02125548, ""63"": 0.000182, ""66"": 0.033031653, ""67"": 0.008407412, ""68"": 0.041439065, ""70"": 0.01519456, ""71"": 0.004708151, ""72"": 0.019902711, ""73"": 0.019902711, ""210"": 1.0, ""212"": 2.011812222, ""213"": 0.86334165}","{""107"": 1.0, ""108"": 1.0, ""109"": 2.0, ""155"": 1.0, ""156"": 2.0, ""210"": 3.0}",2026-09-30T21:46:22-04:00
Jauan Jennings,3886598,WR,MIN,ACTIVE,59.26109114,0.6,157.61758753,145.8,169.8,4.57,283.0,298.0,"{""42"": 316.1333249, ""43"": 2.169150493, ""44"": 0.119562265, ""45"": 0.084751814, ""46"": 0.055385311, ""47"": 63.0, ""48"": 31.0, ""49"": 15.0, ""50"": 12.0, ""51"": 6.0, ""53"": 29.96804372, ""56"": 0.166916243, ""57"": 0.005162358, ""58"": 45.57254705, ""60"": 10.5490144, ""61"": 22.58095178, ""62"": 0.119562265, ""63"": 0.002318999, ""67"": 0.527045269, ""68"": 0.527045269, ""71"": 0.295145351, ""72"": 0.295145351, ""73"": 0.295145351, ""210"": 14.0, ""213"": 15.48860189}","{""41"": 1.0, ""42"": 1.0, ""53"": 1.0, ""58"": 3.0, ""60"": 1.0, ""61"": 0.5, ""155"": 2.0, ""210"": 2.0}",2026-09-30T21:46:22-04:00
Tre' Harris,4686612,WR,LAC,ACTIVE,91.06289658,19.9,21.36704436,54.4,170.31,4.41,290.0,302.0,"{""42"": 585.304383, ""43"": 1.775690263, ""44"": 0.076077945, ""45"": 0.153108555, ""46"": 0.100056441, ""47"": 117.0, ""48"": 58.0, ""49"": 29.0, ""50"": 23.0, ""51"": 11.0, ""53"": 45.30168369, ""56"": 0.826924325, ""57"": 0.025574979, ""58"": 73.3395115, ""60"": 12.92014635, ""61"": 41.80745593, ""62"": 0.076077945, ""63"": 0.003632675, ""67"": 0.825608064, ""68"": 0.825608064, ""71"": 0.462340516, ""72"": 0.462340516, ""73"": 0.462340516, ""210"": 14.0, ""213"": 26.24543414}","{""41"": 10.0, ""42"": 149.0, ""47"": 29.0, ""48"": 14.0, ""49"": 6.0, ""50"": 5.0, ""51"": 2.0, ""53"": 10.0, ""54"": 1.0, ""58"": 16.0, ""59"": 72.0, ""60"": 14.9, ""61"": 49.66666667, ""156"": 3.0, ""210"": 3.0, ""213"": 4.0}",2026-09-30T21:46:22-04:00
Chris Bell,4869961,WR,MIA,QUESTIONABLE,79.38400166,11.7,,,169.95,4.22,330.0,335.0,"{""42"": 513.1576715, ""43"": 1.739228648, ""44"": 0.092754532, ""45"": 0.184737209, ""46"": 0.120725766, ""47"": 102.0, ""48"": 51.0, ""49"": 25.0, ""50"": 20.0, ""51"": 10.0, ""53"": 36.37985096, ""56"": 0.574795303, ""57"": 0.017777174, ""58"": 61.27034398, ""60"": 14.10554628, ""61"": 36.6541194, ""62"": 0.092754532, ""63"": 0.002917247, ""67"": 0.66301064, ""68"": 0.66301064, ""71"": 0.371285959, ""72"": 0.371285959, ""73"": 0.371285959, ""210"": 14.0, ""213"": 22.2074212}","{""41"": 5.0, ""42"": 92.0, ""47"": 18.0, ""48"": 8.0, ""49"": 4.0, ""50"": 3.0, ""51"": 1.0, ""53"": 5.0, ""58"": 10.0, ""59"": 37.0, ""60"": 18.4, ""61"": 30.66666667, ""156"": 3.0, ""210"": 3.0, ""213"": 4.0}",2026-09-30T21:46:22-04:00
Evan Engram,3051876,TE,DEN,ACTIVE,56.52153411,14.5,128.73860014,77.8,169.84,4.14,413.0,416.0,"{""42"": 316.7993333, ""43"": 1.124052644, ""44"": 0.073918054, ""45"": 0.059576749, ""46"": 0.038933406, ""47"": 63.0, ""48"": 31.0, ""49"": 15.0, ""50"": 12.0, ""51"": 6.0, ""53"": 36.75619266, ""56"": 0.167744606, ""57"": 0.005187977, ""58"": 49.62699666, ""60"": 8.618937663, ""61"": 22.62852381, ""62"": 0.073918054, ""63"": 0.001683972, ""67"": 0.382721003, ""68"": 0.382721003, ""71"": 0.214323762, ""72"": 0.214323762, ""73"": 0.214323762, ""210"": 14.0, ""213"": 16.62685397}","{""41"": 5.0, ""42"": 60.0, ""43"": 1.0, ""47"": 11.0, ""48"": 5.0, ""49"": 2.0, ""50"": 1.0, ""53"": 5.0, ""58"": 8.0, ""59"": 15.0, ""60"": 12.0, ""61"": 20.0, ""155"": 2.0, ""156"": 1.0, ""158"": 6.0, ""184"": 1.0, ""210"": 3.0, ""213"": 4.0}",2026-09-30T21:46:22-04:00
Chig Okonkwo,4360635,TE,WSH,QUESTIONABLE,69.14147533,2.6,106.53924743,96.0,169.7,3.84,310.0,318.0,"{""42"": 397.8974968, ""43"": 1.746080915, ""44"": 0.076487532, ""45"": 0.130217206, ""46"": 0.085096944, ""47"": 79.0, ""48"": 39.0, ""49"": 19.0, ""50"": 15.0, ""51"": 7.0, ""53"": 38.22494282, ""56"": 0.290299095, ""57"": 0.008978323, ""58"": 51.79351106, ""60"": 10.40936801, ""61"": 29.47388865, ""62"": 0.076487532, ""63"": 0.001532953, ""67"": 0.348398493, ""68"": 0.348398493, ""71"": 0.195103156, ""72"": 0.195103156, ""73"": 0.195103156, ""210"": 13.5, ""213"": 19.4523569}","{""41"": 2.0, ""42"": 16.0, ""47"": 3.0, ""48"": 1.0, ""53"": 2.0, ""58"": 3.0, ""59"": 2.0, ""60"": 8.0, ""61"": 16.0, ""156"": 1.0, ""210"": 1.0, ""213"": 1.0}",2026-09-30T21:46:22-04:00
Ryan Flournoy,5083754,WR,DAL,ACTIVE,113.54281022,11.2,15.51102713,94.0,169.85,3.81,293.0,303.0,"{""23"": 1.769497132, ""24"": 9.588589147, ""25"": 0.083971549, ""26"": 0.004200038, ""27"": 1.0, ""35"": 0.003248896, ""36"": 0.002274227, ""37"": 0.000218701, ""38"": 7.46e-06, ""39"": 5.418821524, ""40"": 0.684899225, ""42"": 612.4155986, ""43"": 4.395920584, ""44"": 0.208665525, ""45"": 0.133953016, ""46"": 0.087538296, ""47"": 122.0, ""48"": 61.0, ""49"": 30.0, ""50"": 24.0, ""51"": 12.0, ""53"": 50.18965587, ""56"": 0.937267082, ""57"": 0.028987642, ""58"": 79.31531726, ""60"": 12.20202825, ""61"": 43.74397133, ""62"": 0.212865564, ""63"": 0.004179964, ""66"": 0.032352489, ""67"": 0.917639395, ""68"": 0.949991883, ""70"": 0.014882145, ""71"": 0.513878061, ""72"": 0.528760206, ""73"": 0.528760206, ""210"": 14.0, ""212"": 2.200209819, ""213"": 29.17863821}","{""41"": 9.0, ""42"": 67.0, ""47"": 12.0, ""48"": 6.0, ""49"": 3.0, ""53"": 9.0, ""54"": 1.0, ""58"": 18.0, ""59"": 35.0, ""60"": 7.44444444, ""61"": 22.33333333, ""155"": 1.0, ""156"": 2.0, ""210"": 3.0, ""213"": 4.0}",2026-09-30T21:46:22-04:00
Nick Folk,10621,K,ATL,ACTIVE,115.38511416,21.0,137.29885084,126.0,168.99,3.75,363.0,369.0,"{""74"": 4.850927626, ""75"": 6.759310203, ""76"": 1.908382577, ""77"": 6.401384067, ""78"": 7.724925946, ""79"": 1.323541879, ""80"": 13.66108783, ""81"": 13.91622689, ""82"": 0.255139054, ""83"": 24.91339953, ""84"": 28.40046304, ""85"": 3.48706351, ""86"": 28.02873978, ""87"": 28.60075488, ""88"": 0.572015098, ""198"": 4.850927626, ""199"": 6.759310203, ""200"": 1.908382577, ""210"": 14.0, ""214"": 959.8450098, ""215"": 170.2662153, ""216"": 1130.111225}","{""74"": 1.0, ""75"": 3.0, ""76"": 2.0, ""77"": 3.0, ""78"": 4.0, ""79"": 1.0, ""80"": 1.0, ""81"": 1.0, ""83"": 5.0, ""84"": 8.0, ""85"": 3.0, ""86"": 4.0, ""87"": 4.0, ""155"": 1.0, ""156"": 2.0, ""158"": 19.0, ""198"": 1.0, ""199"": 3.0, ""200"": 2.0, ""210"": 3.0, ""214"": 210.0, ""215"": 152.0, ""216"": 362.0, ""217"": 41.0, ""218"": 20.0, ""219"": 9.0, ""220"": 7.0, ""221"": 2.0, ""223"": 29.0, ""224"": 14.0, ""225"": 6.0, ""226"": 5.0, ""227"": 2.0, ""229"": 71.0, ""230"": 35.0, ""231"": 16.0, ""232"": 13.0, ""233"": 5.0, ""234"": 1.0}",2026-09-30T21:46:22-04:00
Gunnar Helm,4686728,TE,TEN,ACTIVE,78.04745881,9.5,50.471913,69.7,169.64,3.66,311.0,317.0,"{""42"": 401.3940834, ""43"": 2.721302479, ""44"": 0.122568413, ""45"": 0.074418568, ""46"": 0.048632534, ""47"": 80.0, ""48"": 40.0, ""49"": 20.0, ""50"": 16.0, ""51"": 8.0, ""53"": 43.87196644, ""56"": 0.296758853, ""57"": 0.009178109, ""58"": 59.47369535, ""60"": 9.149215683, ""61"": 28.67100595, ""62"": 0.122568413, ""63"": 0.002360617, ""67"": 0.53650397, ""68"": 0.53650397, ""71"": 0.300442223, ""72"": 0.300442223, ""73"": 0.300442223, ""210"": 14.0, ""213"": 21.23470524}","{""41"": 8.0, ""42"": 55.0, ""47"": 9.0, ""48"": 4.0, ""49"": 1.0, ""50"": 1.0, ""53"": 8.0, ""58"": 11.0, ""59"": 39.0, ""60"": 6.875, ""61"": 18.33333333, ""156"": 3.0, ""210"": 3.0, ""213"": 3.0}",2026-09-30T21:46:22-04:00
Germie Bernard,4685261,WR,PIT,ACTIVE,17.99943617,7.4,,,169.83,3.45,287.0,300.0,"{""42"": 98.71758326, ""43"": 0.661572432, ""44"": 0.023832072, ""45"": 0.081673167, ""46"": 0.053373415, ""47"": 19.0, ""48"": 9.0, ""49"": 4.0, ""50"": 3.0, ""51"": 1.0, ""53"": 8.571056627, ""56"": 0.040713486, ""57"": 0.00125918, ""58"": 14.31360314, ""60"": 11.51755117, ""61"": 7.051255947, ""62"": 0.023832072, ""63"": 0.0006873, ""67"": 0.156204646, ""68"": 0.156204646, ""71"": 0.087474602, ""72"": 0.087474602, ""73"": 0.087474602, ""210"": 14.0, ""213"": 3.999577342}","{""41"": 5.0, ""42"": 49.0, ""47"": 9.0, ""48"": 4.0, ""49"": 1.0, ""50"": 1.0, ""53"": 5.0, ""58"": 9.0, ""59"": 12.0, ""60"": 9.8, ""61"": 16.33333333, ""67"": 1.0, ""71"": 1.0, ""155"": 2.0, ""156"": 1.0, ""210"": 3.0, ""213"": 3.0}",2026-09-30T21:46:22-04:00
Omar Cooper Jr.,4723820,WR,NYJ,INJURY_RESERVE,,3.5,,,169.89,3.22,302.0,309.0,{},"{""41"": 1.0, ""42"": 30.0, ""47"": 6.0, ""48"": 3.0, ""49"": 1.0, ""50"": 1.0, ""53"": 1.0, ""58"": 1.0, ""59"": 26.0, ""60"": 30.0, ""61"": 30.0, ""155"": 1.0, ""210"": 1.0, ""213"": 1.0}",2026-09-30T21:46:22-04:00
George Holani,4429835,RB,SEA,QUESTIONABLE,12.46191604,13.2,7.95449804,13.8,169.94,3.15,345.0,350.0,"{""23"": 9.836612993, ""24"": 41.09692651, ""25"": 0.393566897, ""26"": 0.014258837, ""27"": 8.0, ""28"": 4.0, ""29"": 2.0, ""30"": 1.0, ""33"": 1.0, ""35"": 0.018587317, ""36"": 0.013011122, ""37"": 0.02443612, ""38"": 0.000833911, ""39"": 4.177955008, ""40"": 13.6989755, ""42"": 32.0215687, ""43"": 0.140868202, ""44"": 0.005985843, ""45"": 0.009761685, ""46"": 0.006379261, ""47"": 6.0, ""48"": 3.0, ""49"": 1.0, ""50"": 1.0, ""53"": 4.038194965, ""56"": 0.012033121, ""57"": 0.000372158, ""58"": 5.342201997, ""60"": 7.929673772, ""61"": 10.67385623, ""62"": 0.02024468, ""63"": 0.000522, ""66"": 0.084165634, ""67"": 0.034552263, ""68"": 0.118717896, ""70"": 0.038716191, ""71"": 0.019349267, ""72"": 0.058065459, ""73"": 0.058065459, ""210"": 3.0, ""212"": 2.644306581, ""213"": 1.65818024}","{""23"": 15.0, ""24"": 52.0, ""27"": 9.0, ""28"": 4.0, ""29"": 1.0, ""30"": 1.0, ""33"": 1.0, ""39"": 3.46666667, ""40"": 17.33333333, ""41"": 6.0, ""42"": 50.0, ""47"": 9.0, ""48"": 4.0, ""49"": 2.0, ""50"": 1.0, ""53"": 6.0, ""54"": 1.0, ""58"": 7.0, ""59"": 64.0, ""60"": 8.33333333, ""61"": 16.66666667, ""108"": 2.0, ""109"": 2.0, ""155"": 2.0, ""156"": 1.0, ""210"": 3.0, ""213"": 2.0}",2026-09-30T21:46:22-04:00
Pat Bryant,4600981,WR,DEN,ACTIVE,59.995298,21.2,78.23153085,59.3,170.24,3.11,369.0,380.0,"{""23"": 1.75951751, ""24"": 9.971110183, ""25"": 0.064926459, ""26"": 0.004313313, ""27"": 1.0, ""35"": 0.003230547, ""36"": 0.002261383, ""37"": 0.000238649, ""38"": 8.14417e-06, ""39"": 5.666957065, ""40"": 0.712222156, ""42"": 339.8887597, ""43"": 1.764536346, ""44"": 0.116119553, ""45"": 0.120842899, ""46"": 0.078970835, ""47"": 67.0, ""48"": 33.0, ""49"": 16.0, ""50"": 13.0, ""51"": 6.0, ""53"": 28.81881733, ""56"": 0.196711519, ""57"": 0.006083861, ""58"": 45.11545151, ""60"": 11.79398709, ""61"": 24.27776855, ""62"": 0.120432866, ""63"": 0.002452032, ""66"": 0.032066619, ""67"": 0.525213326, ""68"": 0.557279946, ""70"": 0.014750645, ""71"": 0.294119463, ""72"": 0.308870108, ""73"": 0.308870108, ""210"": 14.0, ""212"": 2.198321321, ""213"": 15.71628399}","{""23"": 1.0, ""24"": 16.0, ""27"": 3.0, ""28"": 1.0, ""39"": 16.0, ""40"": 5.33333333, ""41"": 6.0, ""42"": 86.0, ""43"": 1.0, ""44"": 1.0, ""47"": 16.0, ""48"": 8.0, ""49"": 4.0, ""50"": 2.0, ""53"": 6.0, ""58"": 9.0, ""59"": 43.0, ""60"": 14.33333333, ""61"": 28.66666667, ""155"": 2.0, ""156"": 1.0, ""158"": 8.0, ""183"": 1.0, ""210"": 3.0, ""212"": 1.0, ""213"": 5.0}",2026-09-30T21:46:22-04:00
Cade Otton,4243331,TE,TB,ACTIVE,87.87775257,17.5,112.29485734,92.7,170.1,3.04,367.0,377.0,"{""42"": 534.3768663, ""43"": 1.787491542, ""44"": 0.077787336, ""45"": 0.117732476, ""46"": 0.076938173, ""47"": 106.0, ""48"": 53.0, ""49"": 26.0, ""50"": 21.0, ""51"": 10.0, ""53"": 48.2074825, ""56"": 0.642786673, ""57"": 0.01988, ""58"": 71.21808196, ""60"": 11.08493617, ""61"": 38.16977616, ""62"": 0.077787336, ""63"": 0.002137926, ""67"": 0.485892174, ""68"": 0.485892174, ""71"": 0.272099617, ""72"": 0.272099617, ""73"": 0.272099617, ""210"": 14.0, ""213"": 25.50820606}","{""41"": 11.0, ""42"": 120.0, ""47"": 23.0, ""48"": 10.0, ""49"": 4.0, ""50"": 4.0, ""51"": 1.0, ""53"": 11.0, ""54"": 1.0, ""58"": 17.0, ""59"": 84.0, ""60"": 10.90909091, ""61"": 40.0, ""67"": 1.0, ""68"": 1.0, ""156"": 3.0, ""210"": 3.0, ""213"": 6.0}",2026-09-30T21:46:22-04:00
Jameis Winston,2969939,QB,NYG,ACTIVE,63.07526278,8.5,,46.7,169.37,3.0,476.0,478.0,"{""0"": 126.7146547, ""1"": 75.56338441, ""2"": 51.15127024, ""3"": 915.2688396, ""4"": 4.96132, ""5"": 183.0, ""6"": 91.0, ""7"": 45.0, ""8"": 36.0, ""9"": 18.0, ""10"": 9.0, ""11"": 15.0, ""12"": 7.0, ""15"": 0.715165974, ""16"": 0.467360964, ""17"": 0.645117501, ""18"": 0.087138459, ""19"": 0.214876028, ""20"": 4.117898007, ""21"": 0.596327115, ""22"": 228.8172099, ""23"": 10.87221358, ""24"": 38.20584372, ""25"": 0.423443158, ""26"": 0.015012306, ""27"": 7.0, ""28"": 3.0, ""29"": 1.0, ""30"": 1.0, ""33"": 2.0, ""34"": 1.0, ""35"": 0.020440016, ""36"": 0.014308011, ""37"": 0.015793661, ""38"": 0.000539, ""39"": 3.51408142, ""40"": 9.55146093, ""62"": 0.229888334, ""63"": 0.008633504, ""64"": 9.7314288, ""65"": 1.817350906, ""66"": 0.144809046, ""68"": 1.962159952, ""69"": 0.872328435, ""70"": 0.066612161, ""72"": 0.938940596, ""73"": 5.056838603, ""210"": 4.0, ""211"": 42.31867466, ""212"": 2.753758841}","{""0"": 49.0, ""1"": 25.0, ""2"": 24.0, ""3"": 229.0, ""5"": 45.0, ""6"": 22.0, ""7"": 10.0, ""8"": 8.0, ""9"": 4.0, ""10"": 2.0, ""11"": 4.0, ""12"": 2.0, ""13"": 4.0, ""14"": 1.0, ""20"": 1.0, ""21"": 0.51020408, ""22"": 114.5, ""23"": 4.0, ""24"": 15.0, ""27"": 2.0, ""28"": 1.0, ""39"": 3.75, ""40"": 7.5, ""64"": 5.0, ""73"": 1.0, ""155"": 1.0, ""156"": 1.0, ""210"": 2.0, ""211"": 12.0, ""212"": 2.0}",2026-09-30T21:46:22-04:00
Case Keenum,15168,QB,CHI,ACTIVE,17.47044587,28.4,,,169.65,2.88,1338.0,1339.0,"{""0"": 33.37970616, ""1"": 21.91634936, ""2"": 11.4633568, ""3"": 231.5889742, ""4"": 1.389546, ""5"": 46.0, ""6"": 23.0, ""7"": 11.0, ""8"": 9.0, ""9"": 4.0, ""10"": 2.0, ""11"": 4.0, ""12"": 2.0, ""15"": 0.18273858, ""16"": 0.119419662, ""17"": 0.167989616, ""18"": 0.022690992, ""19"": 0.060768142, ""20"": 0.955533159, ""21"": 0.656577061, ""22"": 115.7944871, ""23"": 2.915612499, ""24"": 11.94094175, ""25"": 0.167065174, ""26"": 0.005739866, ""27"": 2.0, ""28"": 1.0, ""35"": 0.005491148, ""36"": 0.003843804, ""37"": 0.006166637, ""38"": 0.000210444, ""39"": 4.09551741, ""40"": 5.970470876, ""62"": 0.066508008, ""63"": 0.00223, ""64"": 2.72041236, ""65"": 0.469170863, ""66"": 0.037892408, ""68"": 0.507063272, ""69"": 0.225202014, ""70"": 0.017430508, ""72"": 0.242632522, ""73"": 1.198165681, ""210"": 2.0, ""211"": 11.49640635, ""212"": 0.826751621}","{""0"": 34.0, ""1"": 24.0, ""2"": 10.0, ""3"": 247.0, ""4"": 2.0, ""5"": 49.0, ""6"": 24.0, ""7"": 12.0, ""8"": 9.0, ""9"": 4.0, ""10"": 2.0, ""11"": 4.0, ""12"": 2.0, ""13"": 2.0, ""14"": 1.0, ""15"": 1.0, ""21"": 0.70588235, ""22"": 247.0, ""23"": 4.0, ""24"": 6.0, ""25"": 1.0, ""27"": 1.0, ""39"": 1.5, ""40"": 6.0, ""65"": 1.0, ""66"": 1.0, ""68"": 1.0, ""155"": 1.0, ""158"": 18.0, ""175"": 1.0, ""179"": 1.0, ""210"": 1.0, ""211"": 14.0, ""212"": 1.0}",2026-09-30T21:46:22-04:00
James Conner,3045147,RB,ARI,INJURY_RESERVE,,,227.29399315,29.3,170.04,2.81,436.0,442.0,{},{},2026-09-30T21:46:22-04:00
David Njoku,3123076,TE,LAC,INJURY_RESERVE,,9.7,140.25992272,69.8,169.99,2.71,411.0,417.0,{},"{""41"": 6.0, ""42"": 67.0, ""47"": 12.0, ""48"": 5.0, ""49"": 2.0, ""50"": 2.0, ""51"": 1.0, ""53"": 6.0, ""54"": 1.0, ""58"": 8.0, ""59"": 38.0, ""60"": 11.16666667, ""61"": 33.5, ""156"": 2.0, ""210"": 2.0, ""213"": 3.0}",2026-09-30T21:46:22-04:00
Roman Wilson,4431492,WR,PIT,ACTIVE,91.78065924,22.9,55.81326267,32.6,169.83,2.67,1074.0,1075.0,"{""42"": 545.3481064, ""43"": 2.622959317, ""44"": 0.094450238, ""45"": 0.103104563, ""46"": 0.067378832, ""47"": 109.0, ""48"": 54.0, ""49"": 27.0, ""50"": 21.0, ""51"": 10.0, ""53"": 44.45310476, ""56"": 0.679992594, ""57"": 0.021030699, ""58"": 74.91736826, ""60"": 12.2679419, ""61"": 38.95343617, ""62"": 0.094450238, ""63"": 0.003564629, ""67"": 0.810142996, ""68"": 0.810142996, ""71"": 0.453680078, ""72"": 0.453680078, ""73"": 0.453680078, ""210"": 14.0, ""213"": 25.29663915}","{""41"": 11.0, ""42"": 114.0, ""43"": 1.0, ""47"": 22.0, ""48"": 10.0, ""49"": 5.0, ""50"": 4.0, ""51"": 1.0, ""53"": 11.0, ""54"": 1.0, ""58"": 18.0, ""59"": 39.0, ""60"": 10.36363636, ""61"": 38.0, ""155"": 2.0, ""156"": 1.0, ""158"": 6.0, ""186"": 1.0, ""210"": 3.0, ""213"": 6.0}",2026-09-30T21:46:22-04:00
Zachariah Branch,4870612,WR,ATL,ACTIVE,30.28530966,3.6,,,169.76,2.55,300.0,307.0,"{""42"": 172.3563005, ""43"": 0.901388717, ""44"": 0.059918604, ""45"": 0.151307972, ""46"": 0.09887976, ""47"": 34.0, ""48"": 17.0, ""49"": 8.0, ""50"": 6.0, ""51"": 3.0, ""53"": 13.15286225, ""56"": 0.064277132, ""57"": 0.001987953, ""58"": 21.62839079, ""60"": 13.10409074, ""61"": 12.31116432, ""62"": 0.059918604, ""63"": 0.001054709, ""67"": 0.239706524, ""68"": 0.239706524, ""71"": 0.134235654, ""72"": 0.134235654, ""73"": 0.134235654, ""101"": 0.031485432, ""102"": 0.170772948, ""114"": 281.1974794, ""115"": 170.7729484, ""116"": 28.0, ""117"": 11.0, ""118"": 17.0, ""119"": 6.0, ""210"": 14.0, ""213"": 7.172653556}","{""41"": 3.0, ""42"": 21.0, ""47"": 3.0, ""48"": 1.0, ""53"": 3.0, ""58"": 4.0, ""59"": 32.0, ""60"": 7.0, ""61"": 7.0, ""114"": 52.0, ""115"": 58.0, ""116"": 5.0, ""117"": 1.0, ""118"": 4.0, ""119"": 1.0, ""155"": 1.0, ""156"": 2.0, ""210"": 3.0, ""213"": 1.0}",2026-09-30T21:46:22-04:00
Titans D/ST,-16010,D/ST,TEN,,57.22808708,12.0,82.97341053,49.0,169.46,2.52,509.0,512.0,"{""89"": 0.070636427, ""90"": 0.314716755, ""91"": 1.426715956, ""92"": 1.734439005, ""93"": 0.105, ""94"": 1.314670281, ""95"": 8.393911871, ""96"": 5.975072148, ""97"": 1.5, ""98"": 0.22, ""99"": 31.733713, ""100"": 63.467426, ""101"": 0.132134664, ""102"": 0.457897861, ""103"": 0.874990922, ""104"": 0.44, ""105"": 2.009942878, ""106"": 9.19241869, ""109"": 885.4806694, ""110"": 295.0, ""111"": 177.0, ""112"": 43.74780454, ""113"": 53.35529752, ""114"": 1447.930237, ""115"": 318.7896501, ""116"": 144.0, ""117"": 57.0, ""118"": 31.0, ""119"": 12.0, ""120"": 390.8111464, ""121"": 2.028174643, ""122"": 3.517833949, ""123"": 3.00029973, ""124"": 1.685483065, ""125"": 0.22170047, ""126"": 27.91508189, ""127"": 4837.208758, ""129"": 0.286870908, ""130"": 2.658803538, ""131"": 2.861712229, ""132"": 3.372482383, ""133"": 2.609825578, ""134"": 1.469338798, ""135"": 0.573741816, ""136"": 0.167224749, ""137"": 345.5149113, ""210"": 17.0}","{""89"": 0.0, ""90"": 0.0, ""91"": 1.0, ""92"": 0.0, ""95"": 2.0, ""99"": 6.0, ""100"": 12.0, ""106"": 1.0, ""107"": 108.0, ""108"": 112.0, ""109"": 220.0, ""110"": 72.0, ""111"": 42.0, ""112"": 15.0, ""113"": 8.0, ""114"": 217.0, ""115"": 42.0, ""116"": 21.0, ""117"": 8.0, ""118"": 3.0, ""119"": 1.0, ""120"": 59.0, ""121"": 0.0, ""122"": 2.0, ""123"": 0.0, ""124"": 0.0, ""127"": 946.0, ""128"": 0.0, ""129"": 0.0, ""130"": 1.0, ""131"": 1.0, ""132"": 1.0, ""133"": 0.0, ""134"": 0.0, ""135"": 0.0, ""136"": 0.0, ""156"": 3.0, ""187"": 59.0, ""188"": 0.0, ""189"": 0.0, ""190"": 1.0, ""191"": 0.0, ""192"": 0.0, ""193"": 2.0, ""194"": 0.0, ""195"": 0.0, ""210"": 3.0}",2026-09-30T21:46:22-04:00
Jayden Higgins,4877706,WR,HOU,INJURY_RESERVE,,,133.01160379,109.0,169.91,2.49,1401.0,1402.0,{},{},2026-09-30T21:46:22-04:00
Tyrone Tracy Jr.,4360516,RB,NYG,QUESTIONABLE,8.68126594,-0.3,187.04051423,142.8,169.8,2.48,348.0,351.0,"{""23"": 7.370519169, ""24"": 31.57079026, ""25"": 0.123574472, ""26"": 0.004399261, ""27"": 6.0, ""28"": 3.0, ""29"": 1.0, ""30"": 1.0, ""33"": 1.0, ""35"": 0.013582766, ""36"": 0.009507936, ""37"": 0.002902197, ""38"": 9.9e-05, ""39"": 4.283387579, ""40"": 2.255056447, ""42"": 24.31878798, ""43"": 0.114817139, ""44"": 0.005000066, ""45"": 0.038481959, ""46"": 0.02514796, ""47"": 4.0, ""48"": 2.0, ""49"": 1.0, ""53"": 3.074747054, ""56"": 0.013318249, ""57"": 0.000411905, ""58"": 4.25048981, ""60"": 7.909199537, ""61"": 1.737056284, ""62"": 0.009399327, ""63"": 0.000427143, ""66"": 0.068501428, ""67"": 0.028576625, ""68"": 0.097078054, ""70"": 0.031510657, ""71"": 0.01600291, ""72"": 0.047513567, ""73"": 0.047513567, ""101"": 0.0334689, ""114"": 298.9119042, ""116"": 29.0, ""117"": 11.0, ""210"": 14.0, ""212"": 3.312249881, ""213"": 0.471583402}","{""23"": 3.0, ""24"": 17.0, ""27"": 2.0, ""28"": 1.0, ""39"": 5.66666667, ""40"": 5.66666667, ""65"": 1.0, ""66"": 1.0, ""68"": 1.0, ""69"": 1.0, ""70"": 1.0, ""72"": 1.0, ""73"": 1.0, ""107"": 1.0, ""108"": 1.0, ""109"": 2.0, ""114"": 52.0, ""116"": 5.0, ""117"": 2.0, ""155"": 2.0, ""156"": 1.0, ""210"": 3.0, ""212"": 2.0}",2026-09-30T21:46:22-04:00
DeMario Douglas,4427095,WR,NE,ACTIVE,73.95545827,10.2,113.16388744,80.3,169.95,2.38,331.0,336.0,"{""23"": 3.529955819, ""24"": 18.39370907, ""25"": 0.10894145, ""26"": 0.004252335, ""27"": 3.0, ""28"": 1.0, ""35"": 0.006488735, ""36"": 0.004542115, ""37"": 0.000926511, ""38"": 3.16183e-05, ""39"": 5.210747673, ""40"": 1.313836362, ""42"": 426.3250402, ""43"": 2.161649407, ""44"": 0.087246465, ""45"": 0.241602664, ""46"": 0.157887341, ""47"": 85.0, ""48"": 42.0, ""49"": 21.0, ""50"": 17.0, ""51"": 8.0, ""53"": 32.93826505, ""56"": 0.406328225, ""57"": 0.012566852, ""58"": 47.48424212, ""60"": 12.9431541, ""61"": 30.45178859, ""62"": 0.0914988, ""63"": 0.003166523, ""66"": 0.069660185, ""67"": 0.650004069, ""68"": 0.719664255, ""70"": 0.032043685, ""71"": 0.364002279, ""72"": 0.396045964, ""73"": 0.396045964, ""210"": 14.0, ""212"": 2.623086098, ""213"": 19.2012013}","{""41"": 7.0, ""42"": 67.0, ""47"": 12.0, ""48"": 5.0, ""49"": 2.0, ""50"": 1.0, ""53"": 7.0, ""54"": 1.0, ""58"": 14.0, ""59"": 31.0, ""60"": 9.57142857, ""61"": 22.33333333, ""108"": 1.0, ""109"": 1.0, ""155"": 1.0, ""156"": 2.0, ""210"": 3.0, ""213"": 3.0}",2026-09-30T21:46:22-04:00
Ricky Pearsall,4428209,WR,SF,INJURY_RESERVE,,,163.92306548,70.6,169.94,2.33,1386.0,1387.0,{},{},2026-09-30T21:46:22-04:00
Zach Ertz,15835,TE,PHI,ACTIVE,2.95478241,1.4,112.96377141,101.4,169.6,2.32,1764.0,1762.0,"{""42"": 14.43479232, ""43"": 0.116185274, ""44"": 0.005169168, ""45"": 0.003587585, ""46"": 0.002344486, ""47"": 2.0, ""48"": 1.0, ""53"": 1.652923134, ""56"": 0.005501069, ""57"": 0.00017, ""58"": 2.339800722, ""60"": 8.732887831, ""61"": 14.43479232, ""62"": 0.005169168, ""63"": 8.88e-05, ""67"": 0.020186043, ""68"": 0.020186043, ""71"": 0.011304184, ""72"": 0.011304184, ""73"": 0.011304184, ""210"": 1.0, ""213"": 0.754690606}","{""41"": 1.0, ""42"": 9.0, ""47"": 1.0, ""53"": 1.0, ""58"": 2.0, ""59"": 5.0, ""60"": 9.0, ""61"": 9.0, ""156"": 1.0, ""210"": 1.0}",2026-09-30T21:46:22-04:00
Eli Heidenreich,5081508,RB,PIT,ACTIVE,1.15115877,0.0,,,170.01,2.19,437.0,445.0,"{""23"": 1.744706019, ""24"": 7.357984264, ""25"": 0.043022656, ""26"": 0.002149178, ""27"": 1.0, ""35"": 0.003251258, ""36"": 0.002275881, ""37"": 0.002320587, ""38"": 7.92e-05, ""39"": 4.217320389, ""40"": 0.525570305, ""62"": 0.002149178, ""63"": 6.56847e-05, ""66"": 0.014928338, ""68"": 0.014928338, ""70"": 0.006867036, ""72"": 0.006867036, ""73"": 0.006867036, ""101"": 0.027776687, ""114"": 248.0745457, ""116"": 24.0, ""117"": 9.0, ""210"": 14.0, ""212"": 0.508396368}","{""114"": 73.0, ""116"": 6.0, ""117"": 2.0, ""155"": 1.0, ""156"": 1.0, ""210"": 2.0}",2026-09-30T21:46:22-04:00
Joshua Palmer,4242433,WR,BUF,ACTIVE,29.98843995,20.7,90.35693364,41.3,169.6,2.14,981.0,982.0,"{""42"": 171.2568918, ""43"": 1.148027245, ""44"": 0.06774417, ""45"": 0.191535646, ""46"": 0.125168545, ""47"": 34.0, ""48"": 17.0, ""49"": 8.0, ""50"": 6.0, ""51"": 3.0, ""53"": 12.10184601, ""56"": 0.063857003, ""57"": 0.001974959, ""58"": 20.3250168, ""60"": 14.15130316, ""61"": 12.23263513, ""62"": 0.06774417, ""63"": 0.000832166, ""67"": 0.189128614, ""68"": 0.189128614, ""71"": 0.105912024, ""72"": 0.105912024, ""73"": 0.105912024, ""210"": 14.0, ""213"": 7.003629258}","{""41"": 2.0, ""42"": 77.0, ""43"": 2.0, ""45"": 1.0, ""47"": 14.0, ""48"": 7.0, ""49"": 3.0, ""50"": 2.0, ""53"": 2.0, ""58"": 5.0, ""59"": 16.0, ""60"": 38.5, ""61"": 25.66666667, ""155"": 3.0, ""158"": 12.0, ""186"": 1.0, ""210"": 3.0, ""213"": 2.0}",2026-09-30T21:46:22-04:00
Commanders D/ST,-16028,D/ST,WSH,,62.96217484,5.0,76.51597051,50.0,169.49,2.12,512.0,518.0,"{""89"": 0.039848197, ""90"": 0.174772795, ""91"": 1.034654949, ""92"": 1.510036952, ""93"": 0.102, ""94"": 1.269188837, ""95"": 10.46831274, ""96"": 8.955402909, ""97"": 1.55, ""98"": 0.214, ""99"": 34.07116509, ""100"": 68.14233017, ""101"": 0.160065636, ""102"": 0.450788994, ""103"": 0.835984365, ""104"": 0.433, ""105"": 1.981846786, ""106"": 13.77754294, ""109"": 838.1887082, ""110"": 279.0, ""111"": 167.0, ""112"": 46.30074359, ""113"": 74.01041436, ""114"": 1530.111529, ""115"": 275.2413568, ""116"": 153.0, ""117"": 61.0, ""118"": 27.0, ""119"": 11.0, ""120"": 412.7548012, ""121"": 2.027364426, ""122"": 3.712174174, ""123"": 3.306701288, ""124"": 1.936482573, ""125"": 0.257964646, ""126"": 29.4824858, ""127"": 4834.937826, ""129"": 0.328950657, ""130"": 2.939559066, ""131"": 2.960555917, ""132"": 3.317502375, ""133"": 2.456631505, ""134"": 1.32980053, ""135"": 0.517922312, ""136"": 0.149077638, ""137"": 345.3527018, ""210"": 17.0}","{""89"": 0.0, ""90"": 0.0, ""91"": 0.0, ""92"": 0.0, ""94"": 1.0, ""95"": 2.0, ""96"": 1.0, ""99"": 5.0, ""100"": 10.0, ""103"": 1.0, ""105"": 1.0, ""106"": 2.0, ""107"": 71.0, ""108"": 111.0, ""109"": 182.0, ""110"": 59.0, ""111"": 36.0, ""112"": 16.0, ""113"": 14.0, ""114"": 402.0, ""115"": 67.0, ""116"": 39.0, ""117"": 15.0, ""118"": 6.0, ""119"": 2.0, ""120"": 92.0, ""121"": 0.0, ""122"": 1.0, ""123"": 1.0, ""124"": 1.0, ""127"": 1087.0, ""128"": 0.0, ""129"": 0.0, ""130"": 0.0, ""131"": 2.0, ""132"": 0.0, ""133"": 1.0, ""134"": 0.0, ""135"": 0.0, ""136"": 0.0, ""155"": 1.0, ""156"": 2.0, ""187"": 92.0, ""188"": 0.0, ""189"": 0.0, ""190"": 0.0, ""191"": 0.0, ""192"": 0.0, ""193"": 1.0, ""194"": 1.0, ""195"": 1.0, ""210"": 3.0}",2026-09-30T21:46:22-04:00
Dominic Zvada,5082424,K,NYG,ACTIVE,112.74385228,24.0,,,169.13,2.08,491.0,495.0,"{""74"": 4.781118225, ""75"": 6.751741803, ""76"": 1.970623578, ""77"": 6.320641789, ""78"": 7.716276346, ""79"": 1.395634557, ""80"": 13.51324895, ""81"": 13.90064489, ""82"": 0.387395939, ""83"": 24.61500896, ""84"": 28.36866304, ""85"": 3.753654074, ""86"": 26.76960122, ""87"": 27.4523105, ""88"": 0.682709272, ""198"": 4.781118225, ""199"": 6.751741803, ""200"": 1.970623578, ""210"": 14.0, ""214"": 948.0067331, ""215"": 180.8391065, ""216"": 1128.84584}","{""74"": 1.0, ""75"": 1.0, ""80"": 5.0, ""81"": 5.0, ""83"": 6.0, ""84"": 6.0, ""86"": 4.0, ""87"": 4.0, ""155"": 2.0, ""156"": 1.0, ""158"": 22.0, ""198"": 1.0, ""199"": 1.0, ""210"": 3.0, ""214"": 211.0, ""216"": 211.0, ""217"": 42.0, ""218"": 20.0, ""219"": 9.0, ""220"": 8.0, ""221"": 3.0, ""222"": 1.0, ""229"": 42.0, ""230"": 20.0, ""231"": 9.0, ""232"": 8.0, ""233"": 3.0, ""234"": 1.0}",2026-09-30T21:46:22-04:00
Andy Borregales,4569923,K,NE,ACTIVE,101.41275834,20.0,128.88050329,144.0,170.03,1.97,494.0,497.0,"{""74"": 4.053286776, ""75"": 6.0118324, ""76"": 1.958545624, ""77"": 5.394971625, ""78"": 6.8706656, ""79"": 1.475693975, ""80"": 11.61260991, ""81"": 12.377302, ""82"": 0.764692087, ""83"": 21.06086831, ""84"": 25.2598, ""85"": 4.198931685, ""86"": 28.92753991, ""87"": 30.73414871, ""88"": 1.806608806, ""198"": 4.053286776, ""199"": 6.0118324, ""200"": 1.958545624, ""210"": 14.0, ""214"": 810.0295064, ""215"": 195.1084552, ""216"": 1005.137962}","{""74"": 1.0, ""75"": 1.0, ""77"": 2.0, ""78"": 3.0, ""79"": 1.0, ""80"": 2.0, ""81"": 3.0, ""82"": 1.0, ""83"": 5.0, ""84"": 7.0, ""85"": 2.0, ""86"": 3.0, ""87"": 3.0, ""155"": 1.0, ""156"": 2.0, ""158"": 18.0, ""198"": 1.0, ""199"": 1.0, ""210"": 3.0, ""214"": 200.0, ""215"": 85.0, ""216"": 285.0, ""217"": 40.0, ""218"": 19.0, ""219"": 8.0, ""220"": 8.0, ""221"": 3.0, ""223"": 16.0, ""224"": 7.0, ""225"": 3.0, ""226"": 2.0, ""229"": 56.0, ""230"": 28.0, ""231"": 13.0, ""232"": 10.0, ""233"": 5.0, ""234"": 2.0}",2026-09-30T21:46:22-04:00
Ryan Fitzgerald,4568263,K,CAR,ACTIVE,110.38189294,33.0,126.71539144,106.0,169.18,1.95,497.0,504.0,"{""74"": 4.493597106, ""75"": 6.3725928, ""76"": 1.878995694, ""77"": 5.943948465, ""78"": 7.2829632, ""79"": 1.339014735, ""80"": 12.71521507, ""81"": 13.120044, ""82"": 0.40482893, ""83"": 23.15276064, ""84"": 26.7756, ""85"": 3.622839359, ""86"": 29.6153077, ""87"": 30.46390287, ""88"": 0.848595171, ""198"": 4.493597106, ""199"": 6.3725928, ""200"": 1.878995694, ""210"": 14.0, ""214"": 891.5883767, ""215"": 173.8662985, ""216"": 1065.454675}","{""74"": 1.0, ""75"": 1.0, ""77"": 2.0, ""78"": 2.0, ""80"": 4.0, ""81"": 4.0, ""83"": 7.0, ""84"": 7.0, ""86"": 8.0, ""87"": 9.0, ""88"": 1.0, ""155"": 1.0, ""156"": 2.0, ""158"": 29.0, ""198"": 1.0, ""199"": 1.0, ""210"": 3.0, ""214"": 272.0, ""216"": 272.0, ""217"": 53.0, ""218"": 26.0, ""219"": 13.0, ""220"": 9.0, ""221"": 4.0, ""222"": 1.0, ""229"": 53.0, ""230"": 26.0, ""231"": 13.0, ""232"": 9.0, ""233"": 4.0, ""234"": 1.0}",2026-09-30T21:46:22-04:00
Isaac TeSlaa,5123663,WR,DET,ACTIVE,74.92334819,11.7,46.02191493,67.9,169.47,1.93,368.0,362.0,"{""42"": 394.711892, ""43"": 3.602400666, ""44"": 0.147500138, ""45"": 0.216760678, ""46"": 0.141653103, ""47"": 78.0, ""48"": 39.0, ""49"": 19.0, ""50"": 15.0, ""51"": 7.0, ""53"": 28.23828821, ""56"": 0.284150733, ""57"": 0.008788167, ""58"": 45.29282075, ""60"": 13.97789728, ""61"": 28.19370657, ""62"": 0.147500138, ""63"": 0.002264387, ""67"": 0.514633377, ""68"": 0.514633377, ""71"": 0.288194691, ""72"": 0.288194691, ""73"": 0.288194691, ""210"": 14.0, ""213"": 17.84730061}","{""41"": 5.0, ""42"": 92.0, ""47"": 18.0, ""48"": 8.0, ""49"": 4.0, ""50"": 3.0, ""51"": 1.0, ""53"": 5.0, ""58"": 9.0, ""59"": 43.0, ""60"": 18.4, ""61"": 30.66666667, ""155"": 2.0, ""156"": 1.0, ""210"": 3.0, ""213"": 4.0}",2026-09-30T21:46:22-04:00
Odell Beckham Jr.,16733,WR,NYG,ACTIVE,,0.0,,,168.75,1.87,977.0,978.0,{},"{""58"": 1.0, ""155"": 2.0, ""156"": 1.0, ""210"": 3.0}",2026-09-30T21:46:22-04:00
Carson Wentz,2573079,QB,MIN,ACTIVE,,31.3,3.23028487,81.9,169.81,1.86,1336.0,1337.0,{},"{""0"": 39.0, ""1"": 23.0, ""2"": 16.0, ""3"": 276.0, ""4"": 3.0, ""5"": 54.0, ""6"": 27.0, ""7"": 13.0, ""8"": 10.0, ""9"": 4.0, ""10"": 2.0, ""11"": 4.0, ""12"": 2.0, ""13"": 2.0, ""19"": 1.0, ""21"": 0.58974359, ""22"": 92.0, ""23"": 8.0, ""24"": 5.0, ""27"": 1.0, ""33"": 1.0, ""39"": 0.625, ""40"": 1.66666667, ""64"": 6.0, ""66"": 1.0, ""68"": 1.0, ""155"": 3.0, ""158"": 18.0, ""175"": 1.0, ""176"": 1.0, ""178"": 1.0, ""210"": 3.0, ""211"": 13.0, ""212"": 2.0}",2026-09-30T21:46:22-04:00
Matt Gay,4249087,K,LV,ACTIVE,112.39262508,30.0,140.07527903,85.0,168.52,1.79,496.0,502.0,"{""74"": 4.700807671, ""75"": 6.751741803, ""76"": 2.050934132, ""77"": 6.228858298, ""78"": 7.716276346, ""79"": 1.487418048, ""80"": 13.34790369, ""81"": 13.90064489, ""82"": 0.552741197, ""83"": 24.27756966, ""84"": 28.36866304, ""85"": 4.091093377, ""86"": 28.02053584, ""87"": 29.08999183, ""88"": 1.069455993, ""198"": 4.700807671, ""199"": 6.751741803, ""200"": 2.050934132, ""210"": 14.0, ""214"": 934.5793484, ""215"": 194.2664912, ""216"": 1128.84584}","{""74"": 1.0, ""75"": 1.0, ""77"": 2.0, ""78"": 2.0, ""80"": 3.0, ""81"": 3.0, ""83"": 6.0, ""84"": 6.0, ""86"": 8.0, ""87"": 8.0, ""155"": 3.0, ""158"": 26.0, ""198"": 1.0, ""199"": 1.0, ""210"": 3.0, ""214"": 239.0, ""216"": 239.0, ""217"": 46.0, ""218"": 22.0, ""219"": 10.0, ""220"": 9.0, ""221"": 4.0, ""222"": 1.0, ""229"": 46.0, ""230"": 22.0, ""231"": 10.0, ""232"": 9.0, ""233"": 4.0, ""234"": 1.0}",2026-09-30T21:46:22-04:00
Greg Dulcich,4367209,TE,MIA,ACTIVE,74.83529459,13.5,,49.8,170.23,1.75,365.0,372.0,"{""42"": 436.9544484, ""43"": 1.786326579, ""44"": 0.095344607, ""45"": 0.094418626, ""46"": 0.061702572, ""47"": 87.0, ""48"": 43.0, ""49"": 21.0, ""50"": 17.0, ""51"": 8.0, ""53"": 41.64951087, ""56"": 0.37112142, ""57"": 0.011477982, ""58"": 61.27034398, ""60"": 10.49122641, ""61"": 31.21103203, ""62"": 0.095344607, ""63"": 0.002331821, ""67"": 0.529959266, ""68"": 0.529959266, ""71"": 0.296777189, ""72"": 0.296777189, ""73"": 0.296777189, ""210"": 14.0, ""213"": 21.32642351}","{""41"": 9.0, ""42"": 90.0, ""47"": 17.0, ""48"": 7.0, ""49"": 2.0, ""50"": 2.0, ""51"": 1.0, ""53"": 9.0, ""54"": 1.0, ""58"": 12.0, ""59"": 54.0, ""60"": 10.0, ""61"": 30.0, ""156"": 3.0, ""210"": 3.0, ""213"": 3.0}",2026-09-30T21:46:22-04:00
Kendrick Bourne,3045523,WR,ARI,ACTIVE,58.73822772,16.8,,73.6,169.95,1.72,982.0,983.0,"{""42"": 335.958266, ""43"": 1.521924703, ""44"": 0.059155769, ""45"": 0.097350977, ""46"": 0.063618864, ""47"": 67.0, ""48"": 33.0, ""49"": 16.0, ""50"": 13.0, ""51"": 6.0, ""53"": 33.13308177, ""56"": 0.191499863, ""57"": 0.005922676, ""58"": 46.89200638, ""60"": 10.13966248, ""61"": 23.997019, ""62"": 0.059155769, ""63"": 0.002647855, ""67"": 0.601785288, ""68"": 0.601785288, ""71"": 0.336999761, ""72"": 0.336999761, ""73"": 0.336999761, ""210"": 14.0, ""213"": 16.49205184}","{""41"": 12.0, ""42"": 108.0, ""47"": 21.0, ""48"": 10.0, ""49"": 4.0, ""50"": 3.0, ""51"": 1.0, ""53"": 12.0, ""54"": 1.0, ""58"": 14.0, ""59"": 59.0, ""60"": 9.0, ""61"": 36.0, ""155"": 1.0, ""156"": 2.0, ""210"": 3.0, ""213"": 6.0}",2026-09-30T21:46:22-04:00
Drew Lock,3924327,QB,SEA,ACTIVE,,42.1,,0.1,169.63,1.7,1267.0,1268.0,{},"{""0"": 48.0, ""1"": 35.0, ""2"": 13.0, ""3"": 422.0, ""4"": 4.0, ""5"": 84.0, ""6"": 41.0, ""7"": 20.0, ""8"": 16.0, ""9"": 7.0, ""10"": 3.0, ""11"": 6.0, ""12"": 2.0, ""13"": 2.0, ""15"": 2.0, ""16"": 1.0, ""21"": 0.72916667, ""22"": 140.66666667, ""23"": 2.0, ""24"": 13.0, ""27"": 2.0, ""28"": 1.0, ""39"": 6.5, ""40"": 4.33333333, ""64"": 2.0, ""155"": 2.0, ""156"": 1.0, ""158"": 24.0, ""175"": 1.0, ""176"": 1.0, ""210"": 3.0, ""211"": 20.0}",2026-09-30T21:46:22-04:00
Austin Ekeler,3068267,RB,WSH,ACTIVE,45.23606745,,181.37508137,10.6,169.94,1.6,1742.0,1742.0,"{""23"": 36.03411418, ""24"": 143.4649692, ""25"": 1.005844838, ""26"": 0.042752602, ""27"": 28.0, ""28"": 14.0, ""29"": 7.0, ""30"": 5.0, ""31"": 2.0, ""33"": 7.0, ""34"": 3.0, ""35"": 0.067659108, ""36"": 0.047361376, ""37"": 0.063738717, ""38"": 0.00218, ""39"": 3.981365228, ""40"": 10.2474978, ""42"": 137.5727041, ""43"": 0.61450385, ""44"": 0.026908008, ""45"": 0.082509091, ""46"": 0.053919691, ""47"": 27.0, ""48"": 13.0, ""49"": 6.0, ""50"": 5.0, ""51"": 2.0, ""53"": 15.99775129, ""56"": 0.052361033, ""57"": 0.001619413, ""58"": 19.92058118, ""60"": 8.59950262, ""61"": 9.826621724, ""62"": 0.06966061, ""63"": 0.003263552, ""66"": 0.513667839, ""67"": 0.228048629, ""68"": 0.741716468, ""70"": 0.236287206, ""71"": 0.127707232, ""72"": 0.363994438, ""73"": 0.363994438, ""210"": 14.0, ""212"": 9.489531637, ""213"": 6.744590718}",{},2026-09-30T21:46:22-04:00
Demarcus Robinson,3043116,WR,SF,INJURY_RESERVE,,16.9,21.31629147,47.2,169.87,1.58,1136.0,1137.0,{},"{""41"": 5.0, ""42"": 84.0, ""43"": 1.0, ""47"": 16.0, ""48"": 8.0, ""49"": 3.0, ""50"": 3.0, ""51"": 1.0, ""53"": 5.0, ""58"": 6.0, ""59"": 14.0, ""60"": 16.8, ""61"": 42.0, ""155"": 2.0, ""158"": 6.0, ""186"": 1.0, ""210"": 2.0, ""213"": 5.0}",2026-09-30T21:46:22-04:00
Kimani Vidal,4430968,RB,LAC,ACTIVE,28.49579113,2.5,,109.9,170.07,1.57,306.0,313.0,"{""23"": 6.925128676, ""24"": 28.20807271, ""25"": 0.160382043, ""26"": 0.00586534, ""27"": 5.0, ""28"": 2.0, ""29"": 1.0, ""30"": 1.0, ""33"": 1.0, ""35"": 0.012758258, ""36"": 0.008930781, ""37"": 0.002293399, ""38"": 7.83e-05, ""39"": 4.073292213, ""40"": 2.014862336, ""42"": 131.8884753, ""43"": 0.624204069, ""44"": 0.026784768, ""45"": 0.049638065, ""46"": 0.032438476, ""47"": 26.0, ""48"": 13.0, ""49"": 6.0, ""50"": 5.0, ""51"": 2.0, ""53"": 15.42266068, ""56"": 0.05060386, ""57"": 0.001565068, ""58"": 21.57044456, ""60"": 8.551603255, ""61"": 9.42060538, ""62"": 0.032650108, ""63"": 0.000781858, ""66"": 0.055064087, ""67"": 0.122630896, ""68"": 0.177694984, ""70"": 0.02532948, ""71"": 0.068673302, ""72"": 0.094002782, ""73"": 0.094002782, ""101"": 0.031665777, ""114"": 282.8081453, ""116"": 28.0, ""117"": 11.0, ""210"": 14.0, ""212"": 3.199087865, ""213"": 6.460726438}","{""23"": 1.0, ""24"": 6.0, ""27"": 1.0, ""39"": 6.0, ""40"": 2.0, ""41"": 1.0, ""42"": 14.0, ""47"": 2.0, ""48"": 1.0, ""53"": 1.0, ""58"": 3.0, ""59"": 17.0, ""60"": 14.0, ""61"": 4.66666667, ""108"": 1.0, ""109"": 1.0, ""114"": 56.0, ""116"": 5.0, ""117"": 2.0, ""156"": 3.0, ""210"": 3.0, ""212"": 1.0, ""213"": 1.0}",2026-09-30T21:46:22-04:00
Cardinals D/ST,-16022,D/ST,ARI,,46.40340392,4.0,103.14889596,48.0,169.28,1.55,517.0,526.0,"{""89"": 0.024463305, ""90"": 0.104842736, ""91"": 0.838741887, ""92"": 1.397903145, ""93"": 0.102, ""94"": 1.256768211, ""95"": 10.03313895, ""96"": 5.998044708, ""97"": 1.645158607, ""98"": 0.222, ""99"": 29.12501254, ""100"": 58.25002508, ""101"": 0.184803798, ""102"": 0.147934633, ""103"": 0.820473071, ""104"": 0.43629514, ""105"": 1.691254404, ""106"": 9.22776109, ""109"": 882.0219855, ""110"": 294.0, ""111"": 176.0, ""112"": 41.7390649, ""113"": 65.04577964, ""114"": 1394.41785, ""115"": 221.1048878, ""116"": 139.0, ""117"": 55.0, ""118"": 22.0, ""119"": 8.0, ""120"": 441.4726743, ""121"": 2.026959561, ""122"": 3.809286071, ""123"": 3.459810285, ""124"": 2.061907139, ""125"": 0.276085871, ""126"": 31.53376245, ""127"": 5195.90229, ""129"": 0.034921427, ""130"": 0.97779995, ""131"": 2.269892741, ""132"": 3.70167124, ""133"": 3.527064106, ""134"": 2.304814168, ""135"": 0.907957097, ""136"": 0.275879272, ""137"": 371.1358779, ""210"": 17.0}","{""89"": 0.0, ""90"": 0.0, ""91"": 0.0, ""92"": 1.0, ""95"": 1.0, ""96"": 3.0, ""97"": 1.0, ""99"": 4.0, ""100"": 8.0, ""106"": 3.0, ""107"": 99.0, ""108"": 93.0, ""109"": 192.0, ""110"": 63.0, ""111"": 37.0, ""112"": 15.0, ""113"": 14.0, ""114"": 322.0, ""115"": 20.0, ""116"": 30.0, ""117"": 11.0, ""118"": 2.0, ""120"": 81.0, ""121"": 0.0, ""122"": 0.0, ""123"": 1.0, ""124"": 1.0, ""127"": 1086.0, ""128"": 0.0, ""129"": 0.0, ""130"": 1.0, ""131"": 0.0, ""132"": 1.0, ""133"": 1.0, ""134"": 0.0, ""135"": 0.0, ""136"": 0.0, ""155"": 1.0, ""156"": 2.0, ""187"": 81.0, ""188"": 0.0, ""189"": 0.0, ""190"": 0.0, ""191"": 1.0, ""192"": 0.0, ""193"": 0.0, ""194"": 1.0, ""195"": 1.0, ""210"": 3.0}",2026-09-30T21:46:22-04:00
Ty Johnson,3915411,RB,BUF,ACTIVE,53.53048218,7.0,47.48006663,88.3,169.56,1.54,320.0,323.0,"{""23"": 31.22249239, ""24"": 134.273028, ""25"": 1.226260126, ""26"": 0.041203981, ""27"": 26.0, ""28"": 13.0, ""29"": 6.0, ""30"": 5.0, ""31"": 2.0, ""33"": 6.0, ""34"": 3.0, ""35"": 0.058442955, ""36"": 0.040910068, ""37"": 0.055671816, ""38"": 0.001899865, ""39"": 4.300522402, ""40"": 9.590930571, ""42"": 167.9097434, ""43"": 1.172409447, ""44"": 0.069203306, ""45"": 0.082789681, ""46"": 0.054103057, ""47"": 33.0, ""48"": 16.0, ""49"": 8.0, ""50"": 6.0, ""51"": 3.0, ""53"": 18.42941139, ""56"": 0.062614555, ""57"": 0.001936533, ""58"": 24.39002016, ""60"": 9.11096615, ""61"": 11.9935531, ""62"": 0.110407288, ""63"": 0.002280613, ""66"": 0.325934644, ""67"": 0.192386424, ""68"": 0.518321068, ""70"": 0.149929936, ""71"": 0.107736397, ""72"": 0.257666334, ""73"": 0.257666334, ""210"": 14.0, ""212"": 9.051161426, ""213"": 8.363559097}","{""41"": 4.0, ""42"": 50.0, ""47"": 10.0, ""48"": 5.0, ""49"": 2.0, ""50"": 2.0, ""51"": 1.0, ""53"": 4.0, ""58"": 4.0, ""59"": 50.0, ""60"": 12.5, ""61"": 50.0, ""155"": 1.0, ""210"": 1.0, ""213"": 3.0}",2026-09-30T21:46:22-04:00
Darnell Mooney,4040655,WR,NYG,ACTIVE,67.26956543,13.4,131.98641658,66.3,170.04,1.51,418.0,409.0,"{""23"": 3.685259584, ""24"": 20.05791206, ""25"": 0.133689022, ""26"": 0.00475934, ""27"": 4.0, ""28"": 2.0, ""29"": 1.0, ""35"": 0.0067749, ""36"": 0.00474243, ""37"": 0.001116476, ""38"": 3.81e-05, ""39"": 5.442740627, ""40"": 1.432708004, ""42"": 414.8230706, ""43"": 1.619543232, ""44"": 0.070397177, ""45"": 0.165091323, ""46"": 0.10788718, ""47"": 82.0, ""48"": 41.0, ""49"": 20.0, ""50"": 16.0, ""51"": 8.0, ""53"": 27.24632916, ""56"": 0.323302044, ""57"": 0.009999032, ""58"": 51.00587772, ""60"": 15.22491592, ""61"": 29.63021933, ""62"": 0.075156517, ""63"": 0.00205276, ""66"": 0.055584209, ""67"": 0.410952234, ""68"": 0.466536443, ""70"": 0.025568736, ""71"": 0.230133251, ""72"": 0.255701987, ""73"": 0.255701987, ""210"": 14.0, ""212"": 2.707163004, ""213"": 17.36496654}","{""23"": 1.0, ""24"": 9.0, ""27"": 1.0, ""39"": 9.0, ""40"": 3.0, ""41"": 6.0, ""42"": 95.0, ""47"": 18.0, ""48"": 8.0, ""49"": 4.0, ""50"": 2.0, ""53"": 6.0, ""58"": 8.0, ""59"": 20.0, ""60"": 15.83333333, ""61"": 31.66666667, ""155"": 2.0, ""156"": 1.0, ""210"": 3.0, ""212"": 1.0, ""213"": 5.0}",2026-09-30T21:46:22-04:00
KaVontae Turpin,3676833,WR,DAL,ACTIVE,29.01898708,9.7,89.58733537,71.5,169.54,1.46,390.0,394.0,"{""23"": 14.15597706, ""24"": 85.19961813, ""25"": 0.637450402, ""26"": 0.03188361, ""27"": 17.0, ""28"": 8.0, ""29"": 4.0, ""30"": 3.0, ""31"": 1.0, ""33"": 2.0, ""34"": 1.0, ""35"": 0.02620428, ""36"": 0.018342996, ""37"": 0.022229424, ""38"": 0.000759, ""39"": 6.018632114, ""40"": 6.085687009, ""42"": 76.15991048, ""43"": 0.6229006, ""44"": 0.029571648, ""45"": 0.168388602, ""46"": 0.110041952, ""47"": 15.0, ""48"": 7.0, ""49"": 3.0, ""50"": 3.0, ""51"": 1.0, ""53"": 6.057410119, ""56"": 0.033730106, ""57"": 0.001043199, ""58"": 9.331213795, ""60"": 12.57301536, ""61"": 5.439993606, ""62"": 0.061455258, ""63"": 0.001778778, ""66"": 0.283119541, ""67"": 0.121148202, ""68"": 0.404267744, ""70"": 0.130234989, ""71"": 0.067842993, ""72"": 0.198077982, ""73"": 0.198077982, ""101"": 0.206180668, ""102"": 0.221397431, ""114"": 1552.909619, ""115"": 184.68053, ""116"": 155.0, ""117"": 62.0, ""118"": 18.0, ""119"": 7.0, ""210"": 14.0, ""212"": 5.918378069, ""213"": 2.788768755}","{""23"": 2.0, ""24"": 10.0, ""25"": 1.0, ""27"": 1.0, ""39"": 5.0, ""40"": 3.33333333, ""41"": 2.0, ""42"": 17.0, ""47"": 2.0, ""53"": 2.0, ""58"": 3.0, ""59"": 13.0, ""60"": 8.5, ""61"": 5.66666667, ""114"": 275.0, ""115"": 43.0, ""116"": 27.0, ""117"": 9.0, ""118"": 3.0, ""119"": 1.0, ""155"": 1.0, ""156"": 2.0, ""158"": 6.0, ""179"": 1.0, ""210"": 3.0, ""212"": 1.0, ""213"": 2.0}",2026-09-30T21:46:22-04:00
Colts D/ST,-16011,D/ST,IND,,62.05189287,-1.0,117.10354996,77.0,169.65,1.45,424.0,427.0,"{""89"": 0.086039772, ""90"": 0.384730689, ""91"": 1.622863995, ""92"": 1.846707305, ""93"": 0.103, ""94"": 1.31166669, ""95"": 9.413311352, ""96"": 5.518156754, ""97"": 1.55, ""98"": 0.217, ""99"": 33.70113835, ""100"": 67.4022767, ""101"": 0.145708365, ""102"": 0.171563103, ""103"": 0.879679863, ""104"": 0.432, ""105"": 1.732187737, ""106"": 8.48947193, ""109"": 847.8763597, ""110"": 282.0, ""111"": 169.0, ""112"": 25.02603459, ""113"": 64.29347654, ""114"": 1431.430149, ""115"": 215.3116938, ""116"": 143.0, ""117"": 57.0, ""118"": 21.0, ""119"": 8.0, ""120"": 382.3732062, ""121"": 2.028579994, ""122"": 3.420605576, ""123"": 2.847007095, ""124"": 1.559908064, ""125"": 0.20355751, ""126"": 27.31237187, ""127"": 4836.598581, ""129"": 0.307907628, ""130"": 2.799160252, ""131"": 2.911126662, ""132"": 3.344996501, ""133"": 2.533240028, ""134"": 1.399580126, ""135"": 0.545836249, ""136"": 0.158152554, ""137"": 345.4713272, ""210"": 17.0}","{""89"": 0.0, ""90"": 0.0, ""91"": 0.0, ""92"": 1.0, ""96"": 1.0, ""99"": 7.0, ""100"": 14.0, ""106"": 2.0, ""107"": 106.0, ""108"": 117.0, ""109"": 223.0, ""110"": 73.0, ""111"": 43.0, ""112"": 9.0, ""113"": 11.0, ""114"": 389.0, ""115"": 25.0, ""116"": 38.0, ""117"": 14.0, ""118"": 2.0, ""119"": 1.0, ""120"": 91.0, ""121"": 0.0, ""122"": 0.0, ""123"": 1.0, ""124"": 1.0, ""127"": 1252.0, ""128"": 0.0, ""129"": 0.0, ""130"": 1.0, ""131"": 0.0, ""132"": 0.0, ""133"": 0.0, ""134"": 0.0, ""135"": 2.0, ""136"": 0.0, ""155"": 1.0, ""156"": 2.0, ""187"": 91.0, ""188"": 0.0, ""189"": 0.0, ""190"": 0.0, ""191"": 1.0, ""192"": 0.0, ""193"": 0.0, ""194"": 1.0, ""195"": 1.0, ""210"": 3.0}",2026-09-30T21:46:22-04:00
Shedeur Sanders,4432762,QB,CLE,ACTIVE,,0.0,63.99024827,98.1,169.62,1.44,428.0,430.0,{},"{""0"": 1.0, ""1"": 1.0, ""21"": 1.0, ""155"": 1.0, ""210"": 1.0}",2026-09-30T21:46:22-04:00
Xavier Legette,4430034,WR,CAR,DOUBTFUL,62.87420776,7.4,135.27381699,71.8,169.86,1.4,326.0,330.0,"{""23"": 2.986875222, ""24"": 15.64847038, ""25"": 0.08984621, ""26"": 0.005459368, ""27"": 3.0, ""28"": 1.0, ""35"": 0.005489301, ""36"": 0.003842511, ""37"": 0.00071257, ""38"": 2.43e-05, ""39"": 5.239077368, ""40"": 1.20372849, ""42"": 335.2952528, ""43"": 2.441538952, ""44"": 0.107279257, ""45"": 0.100445626, ""46"": 0.065641217, ""47"": 67.0, ""48"": 33.0, ""49"": 16.0, ""50"": 13.0, ""51"": 6.0, ""53"": 25.79210021, ""56"": 0.211049147, ""57"": 0.006527293, ""58"": 45.56718798, ""60"": 12.99992052, ""61"": 25.79194252, ""62"": 0.112738625, ""63"": 0.002121472, ""66"": 0.05004105, ""67"": 0.432111717, ""68"": 0.482152767, ""70"": 0.023018883, ""71"": 0.241982561, ""72"": 0.265001444, ""73"": 0.265001444, ""210"": 13.0, ""212"": 2.361281071, ""213"": 15.24419138}","{""41"": 2.0, ""42"": 64.0, ""47"": 12.0, ""48"": 6.0, ""49"": 3.0, ""50"": 2.0, ""51"": 1.0, ""53"": 2.0, ""58"": 6.0, ""59"": 10.0, ""60"": 32.0, ""61"": 32.0, ""114"": 52.0, ""116"": 5.0, ""117"": 2.0, ""155"": 1.0, ""156"": 1.0, ""210"": 2.0, ""213"": 1.0}",2026-09-30T21:46:22-04:00
Noah Fant,4036131,TE,NO,ACTIVE,45.4343794,28.6,67.14262901,57.8,169.85,1.35,1021.0,1022.0,"{""42"": 235.2510197, ""43"": 1.64686721, ""44"": 0.087858943, ""45"": 0.096946474, ""46"": 0.063354521, ""47"": 47.0, ""48"": 23.0, ""49"": 11.0, ""50"": 9.0, ""51"": 4.0, ""53"": 24.38322975, ""56"": 0.096045214, ""57"": 0.002970471, ""58"": 32.80762287, ""60"": 9.648066399, ""61"": 16.80364426, ""62"": 0.087858943, ""63"": 0.001332802, ""67"": 0.302909457, ""68"": 0.302909457, ""71"": 0.169629296, ""72"": 0.169629296, ""73"": 0.169629296, ""210"": 14.0, ""213"": 11.77165209}","{""41"": 8.0, ""42"": 66.0, ""43"": 3.0, ""47"": 12.0, ""48"": 6.0, ""49"": 2.0, ""50"": 2.0, ""53"": 8.0, ""58"": 12.0, ""59"": 35.0, ""60"": 8.25, ""61"": 22.0, ""108"": 1.0, ""109"": 1.0, ""155"": 1.0, ""156"": 2.0, ""158"": 18.0, ""183"": 2.0, ""184"": 1.0, ""210"": 3.0, ""213"": 4.0}",2026-09-30T21:46:22-04:00
Isaiah Williams,4569371,WR,NYJ,ACTIVE,56.64564656,11.6,,45.7,169.86,1.35,1056.0,1057.0,"{""23"": 1.907245515, ""24"": 11.25498302, ""25"": 0.094216272, ""26"": 0.00553444, ""27"": 2.0, ""28"": 1.0, ""35"": 0.003502356, ""36"": 0.002451649, ""37"": 0.000338906, ""38"": 1.16e-05, ""39"": 5.901171578, ""40"": 0.803927359, ""42"": 309.190988, ""43"": 1.18669267, ""44"": 0.085101116, ""45"": 0.130313384, ""46"": 0.085159797, ""47"": 61.0, ""48"": 30.0, ""49"": 15.0, ""50"": 12.0, ""51"": 6.0, ""53"": 29.12337112, ""56"": 0.166142145, ""57"": 0.005138417, ""58"": 40.25326673, ""60"": 10.61659334, ""61"": 22.08507057, ""62"": 0.090635556, ""63"": 0.0024883, ""66"": 0.034758913, ""67"": 0.530763717, ""68"": 0.56552263, ""70"": 0.0159891, ""71"": 0.297227682, ""72"": 0.313216782, ""73"": 0.313216782, ""101"": 0.094480172, ""102"": 0.372031945, ""114"": 1187.789514, ""115"": 257.2561324, ""116"": 118.0, ""117"": 47.0, ""118"": 25.0, ""119"": 10.0, ""210"": 14.0, ""212"": 2.272482254, ""213"": 14.70288841}","{""23"": 1.0, ""24"": 14.0, ""27"": 2.0, ""28"": 1.0, ""39"": 14.0, ""40"": 4.66666667, ""41"": 8.0, ""42"": 62.0, ""47"": 11.0, ""48"": 5.0, ""49"": 2.0, ""50"": 1.0, ""53"": 8.0, ""54"": 1.0, ""58"": 9.0, ""59"": 32.0, ""60"": 7.75, ""61"": 20.66666667, ""68"": 2.0, ""114"": 219.0, ""115"": 31.0, ""116"": 21.0, ""117"": 7.0, ""118"": 2.0, ""119"": 1.0, ""155"": 1.0, ""156"": 2.0, ""210"": 3.0, ""212"": 1.0, ""213"": 2.0}",2026-09-30T21:46:22-04:00
J.J. McCarthy,4433970,QB,NYG,ACTIVE,155.67950899,,341.75337514,146.5,169.11,1.3,446.0,451.0,"{""0"": 309.9234284, ""1"": 189.2909602, ""2"": 120.6324682, ""3"": 2254.084753, ""4"": 11.14296, ""5"": 450.0, ""6"": 225.0, ""7"": 112.0, ""8"": 90.0, ""9"": 45.0, ""10"": 22.0, ""11"": 37.0, ""12"": 18.0, ""15"": 1.73967284, ""16"": 1.136876201, ""17"": 1.532071448, ""18"": 0.206942681, ""19"": 0.485745444, ""20"": 11.35505919, ""21"": 0.610766863, ""22"": 225.4084753, ""23"": 38.69178277, ""24"": 168.126082, ""25"": 1.587483566, ""26"": 0.056649753, ""27"": 33.0, ""28"": 16.0, ""29"": 8.0, ""30"": 6.0, ""31"": 3.0, ""33"": 7.0, ""34"": 3.0, ""35"": 0.073496457, ""36"": 0.05144752, ""37"": 0.122906602, ""38"": 0.00419, ""39"": 4.345265843, ""40"": 16.8126082, ""62"": 0.542395197, ""63"": 0.0271, ""64"": 26.91602113, ""65"": 5.527405009, ""66"": 0.634917181, ""68"": 6.16232219, ""69"": 2.653154404, ""70"": 0.292061903, ""72"": 2.945216308, ""73"": 14.3002755, ""210"": 10.0, ""211"": 104.5647724, ""212"": 10.42976958}",{},2026-09-30T21:46:22-04:00
Tyler Higbee,2573401,TE,LAR,ACTIVE,20.7100886,16.4,98.13607351,58.6,169.72,1.23,469.0,472.0,"{""42"": 105.714372, ""43"": 0.729275213, ""44"": 0.02719918, ""45"": 0.058932976, ""46"": 0.0385127, ""47"": 21.0, ""48"": 10.0, ""49"": 5.0, ""50"": 4.0, ""51"": 2.0, ""53"": 11.67401285, ""56"": 0.046763867, ""57"": 0.001446305, ""58"": 16.59044852, ""60"": 9.055529867, ""61"": 7.551026575, ""62"": 0.02719918, ""63"": 0.000504447, ""67"": 0.11464702, ""68"": 0.11464702, ""71"": 0.064202331, ""72"": 0.064202331, ""73"": 0.064202331, ""210"": 14.0, ""213"": 4.927472101}","{""41"": 10.0, ""42"": 74.0, ""43"": 1.0, ""47"": 14.0, ""48"": 7.0, ""49"": 3.0, ""50"": 2.0, ""51"": 1.0, ""53"": 10.0, ""54"": 1.0, ""58"": 13.0, ""59"": 23.0, ""60"": 7.4, ""61"": 24.66666667, ""67"": 1.0, ""68"": 1.0, ""71"": 1.0, ""72"": 1.0, ""73"": 1.0, ""155"": 1.0, ""156"": 2.0, ""158"": 6.0, ""183"": 1.0, ""210"": 3.0, ""213"": 6.0}",2026-09-30T21:46:22-04:00
Ted Hurst III,5220680,WR,TB,ACTIVE,73.24229316,19.3,,,170.07,1.21,405.0,397.0,"{""42"": 432.1960361, ""43"": 2.323142174, ""44"": 0.101145199, ""45"": 0.148688727, ""46"": 0.097168083, ""47"": 86.0, ""48"": 43.0, ""49"": 21.0, ""50"": 17.0, ""51"": 8.0, ""53"": 33.11495227, ""56"": 0.360635724, ""57"": 0.011153682, ""58"": 54.46088621, ""60"": 13.05138635, ""61"": 30.87114544, ""62"": 0.101145199, ""63"": 0.002655439, ""67"": 0.603508951, ""68"": 0.603508951, ""71"": 0.337965013, ""72"": 0.337965013, ""73"": 0.337965013, ""210"": 14.0, ""213"": 19.4694101}","{""41"": 6.0, ""42"": 103.0, ""43"": 1.0, ""45"": 2.0, ""47"": 20.0, ""48"": 9.0, ""49"": 4.0, ""50"": 3.0, ""53"": 6.0, ""58"": 14.0, ""59"": 23.0, ""60"": 17.16666667, ""61"": 34.33333333, ""108"": 2.0, ""109"": 2.0, ""156"": 3.0, ""158"": 6.0, ""210"": 3.0, ""213"": 4.0}",2026-09-30T21:46:22-04:00
Cyrus Allen,4912218,WR,KC,ACTIVE,,0.0,,,169.87,1.21,980.0,423.0,{},"{""58"": 1.0, ""155"": 3.0, ""210"": 3.0}",2026-09-30T21:46:22-04:00
Darnell Washington,4430802,TE,PIT,ACTIVE,47.85193287,12.2,10.63975293,57.9,168.75,1.2,458.0,450.0,"{""42"": 258.3222907, ""43"": 1.569246195, ""44"": 0.05653153, ""45"": 0.083109237, ""46"": 0.054311886, ""47"": 51.0, ""48"": 25.0, ""49"": 12.0, ""50"": 10.0, ""51"": 5.0, ""53"": 25.95195408, ""56"": 0.111569351, ""57"": 0.003450598, ""58"": 37.29462469, ""60"": 9.953866668, ""61"": 18.45159219, ""62"": 0.05653153, ""63"": 0.001904624, ""67"": 0.432869166, ""68"": 0.432869166, ""71"": 0.242406733, ""72"": 0.242406733, ""73"": 0.242406733, ""210"": 14.0, ""213"": 12.73369082}","{""41"": 6.0, ""42"": 92.0, ""47"": 17.0, ""48"": 7.0, ""49"": 3.0, ""50"": 2.0, ""51"": 1.0, ""53"": 6.0, ""58"": 8.0, ""59"": 75.0, ""60"": 15.33333333, ""61"": 30.66666667, ""155"": 2.0, ""156"": 1.0, ""210"": 3.0, ""213"": 3.0}",2026-09-30T21:46:22-04:00
Tyquan Thornton,4362921,WR,KC,ACTIVE,60.3449503,13.8,35.80033813,71.3,169.42,1.19,356.0,338.0,"{""42"": 334.8770372, ""43"": 2.571580729, ""44"": 0.102207243, ""45"": 0.209654672, ""46"": 0.137009328, ""47"": 66.0, ""48"": 33.0, ""49"": 16.0, ""50"": 13.0, ""51"": 6.0, ""53"": 23.20452271, ""56"": 0.189961806, ""57"": 0.005875107, ""58"": 38.79222164, ""60"": 14.43154171, ""61"": 23.91978837, ""62"": 0.102207243, ""63"": 0.001488589, ""67"": 0.338315745, ""68"": 0.338315745, ""71"": 0.189456817, ""72"": 0.189456817, ""73"": 0.189456817, ""210"": 14.0, ""213"": 14.6284105}","{""41"": 6.0, ""42"": 108.0, ""47"": 21.0, ""48"": 10.0, ""49"": 5.0, ""50"": 3.0, ""51"": 1.0, ""53"": 6.0, ""58"": 7.0, ""59"": 3.0, ""60"": 18.0, ""61"": 36.0, ""155"": 3.0, ""210"": 3.0, ""213"": 4.0}",2026-09-30T21:46:22-04:00
Falcons D/ST,-16001,D/ST,ATL,,74.25058327,9.0,82.42262443,98.0,169.53,1.11,514.0,520.0,"{""89"": 0.132286771, ""90"": 0.594940506, ""91"": 2.211778822, ""92"": 2.183781622, ""93"": 0.101, ""94"": 1.282459358, ""95"": 9.710727935, ""96"": 5.592359066, ""97"": 1.558973844, ""98"": 0.212, ""99"": 35.19810381, ""100"": 70.39620761, ""101"": 0.146407259, ""102"": 0.204927538, ""103"": 0.853678285, ""104"": 0.428781073, ""105"": 1.735005106, ""106"": 8.603629333, ""109"": 825.4925016, ""110"": 275.0, ""111"": 165.0, ""112"": 28.62984998, ""113"": 74.23631715, ""114"": 1431.017607, ""115"": 215.2958957, ""116"": 143.0, ""117"": 57.0, ""118"": 21.0, ""119"": 8.0, ""120"": 367.1617181, ""121"": 2.02979702, ""122"": 3.128687131, ""123"": 2.386761324, ""124"": 1.182881712, ""125"": 0.149085091, ""126"": 26.22583701, ""127"": 4741.527551, ""129"": 0.476428786, ""130"": 3.923531178, ""131"": 3.306976279, ""132"": 3.124812331, ""133"": 1.919727755, ""134"": 0.840756681, ""135"": 0.322290061, ""136"": 0.085476929, ""137"": 338.6805394, ""210"": 17.0}","{""89"": 0.0, ""90"": 0.0, ""91"": 0.0, ""92"": 2.0, ""95"": 1.0, ""96"": 1.0, ""97"": 1.0, ""99"": 5.0, ""100"": 10.0, ""106"": 2.0, ""107"": 76.0, ""108"": 103.0, ""109"": 179.0, ""110"": 59.0, ""111"": 34.0, ""112"": 10.0, ""113"": 17.0, ""114"": 278.0, ""115"": 62.0, ""116"": 26.0, ""117"": 10.0, ""118"": 5.0, ""119"": 1.0, ""120"": 56.0, ""121"": 0.0, ""122"": 0.0, ""123"": 1.0, ""124"": 0.0, ""127"": 932.0, ""128"": 0.0, ""129"": 0.0, ""130"": 1.0, ""131"": 2.0, ""132"": 0.0, ""133"": 0.0, ""134"": 0.0, ""135"": 0.0, ""136"": 0.0, ""155"": 1.0, ""156"": 2.0, ""187"": 56.0, ""188"": 0.0, ""189"": 0.0, ""190"": 0.0, ""191"": 2.0, ""192"": 0.0, ""193"": 0.0, ""194"": 1.0, ""195"": 0.0, ""210"": 3.0}",2026-09-30T21:46:22-04:00
Jordan James,4685397,RB,SF,ACTIVE,,1.5,2.57452507,0.0,169.82,1.05,351.0,356.0,{},"{""23"": 4.0, ""24"": 15.0, ""27"": 3.0, ""28"": 1.0, ""39"": 3.75, ""40"": 7.5, ""155"": 2.0, ""210"": 2.0, ""212"": 1.0}",2026-09-30T21:46:22-04:00
AJ Dillon,4239934,RB,CAR,ACTIVE,55.11938715,4.4,10.30120402,7.6,169.83,1.04,1342.0,1343.0,"{""23"": 77.53758129, ""24"": 305.0774346, ""25"": 1.600436627, ""26"": 0.097100444, ""27"": 61.0, ""28"": 30.0, ""29"": 15.0, ""30"": 12.0, ""31"": 6.0, ""33"": 15.0, ""34"": 7.0, ""35"": 0.149490827, ""36"": 0.104643579, ""37"": 0.290435067, ""38"": 0.009911435, ""39"": 3.934575074, ""40"": 21.79124533, ""42"": 79.77182151, ""43"": 0.356536154, ""44"": 0.015651021, ""45"": 0.044273719, ""46"": 0.028932875, ""47"": 15.0, ""48"": 7.0, ""49"": 3.0, ""50"": 3.0, ""51"": 1.0, ""53"": 10.51028032, ""56"": 0.034891272, ""57"": 0.001079112, ""58"": 13.38055293, ""60"": 7.589885243, ""61"": 5.697987251, ""62"": 0.112751465, ""63"": 0.002741129, ""66"": 0.54861819, ""67"": 0.074365628, ""68"": 0.622983818, ""70"": 0.252364367, ""71"": 0.041644752, ""72"": 0.294009119, ""73"": 0.294009119, ""210"": 14.0, ""212"": 17.91116553, ""213"": 3.794406473}","{""23"": 12.0, ""24"": 41.0, ""27"": 8.0, ""28"": 3.0, ""29"": 1.0, ""30"": 1.0, ""33"": 1.0, ""39"": 3.41666667, ""40"": 13.66666667, ""41"": 1.0, ""42"": -2.0, ""53"": 1.0, ""58"": 1.0, ""59"": 5.0, ""60"": -2.0, ""61"": -0.66666667, ""108"": 1.0, ""109"": 1.0, ""155"": 1.0, ""156"": 2.0, ""210"": 3.0, ""212"": 2.0}",2026-09-30T21:46:22-04:00
Cole Kmet,4258595,TE,CHI,ACTIVE,29.25154062,10.5,33.7973678,63.7,169.56,1.01,465.0,467.0,"{""42"": 149.5639547, ""43"": 1.091521789, ""44"": 0.047783675, ""45"": 0.090092685, ""46"": 0.05887557, ""47"": 29.0, ""48"": 14.0, ""49"": 7.0, ""50"": 5.0, ""51"": 2.0, ""53"": 15.67930244, ""56"": 0.056211036, ""57"": 0.001738486, ""58"": 21.27766953, ""60"": 9.538941879, ""61"": 10.68313962, ""62"": 0.047783675, ""63"": 0.000743302, ""67"": 0.168932277, ""68"": 0.168932277, ""71"": 0.094602075, ""72"": 0.094602075, ""73"": 0.094602075, ""210"": 14.0, ""213"": 7.197737459}","{""41"": 2.0, ""42"": 35.0, ""43"": 1.0, ""47"": 7.0, ""48"": 3.0, ""49"": 1.0, ""50"": 1.0, ""53"": 2.0, ""58"": 5.0, ""59"": 8.0, ""60"": 17.5, ""61"": 11.66666667, ""155"": 2.0, ""156"": 1.0, ""158"": 6.0, ""185"": 1.0, ""210"": 3.0, ""213"": 2.0}",2026-09-30T21:46:22-04:00
Raheim Sanders,4601080,RB,CLE,ACTIVE,71.37122045,12.8,,18.8,169.82,1.01,1417.0,1418.0,"{""23"": 40.72936769, ""24"": 173.0088198, ""25"": 1.141864679, ""26"": 0.067709923, ""27"": 34.0, ""28"": 17.0, ""29"": 8.0, ""30"": 6.0, ""31"": 3.0, ""33"": 8.0, ""34"": 4.0, ""35"": 0.076705791, ""36"": 0.053694054, ""37"": 0.092663527, ""38"": 0.00316, ""39"": 4.247765916, ""40"": 12.35777285, ""42"": 246.9722314, ""43"": 1.01687116, ""44"": 0.059789629, ""45"": 0.040778059, ""46"": 0.026648461, ""47"": 49.0, ""48"": 24.0, ""49"": 12.0, ""50"": 9.0, ""51"": 4.0, ""53"": 32.68780569, ""56"": 0.103236464, ""57"": 0.00319288, ""58"": 42.25261445, ""60"": 7.555485178, ""61"": 17.64087367, ""62"": 0.127499552, ""63"": 0.00276401, ""66"": 0.348495264, ""67"": 0.279688738, ""68"": 0.628184002, ""70"": 0.160307821, ""71"": 0.156625693, ""72"": 0.316933515, ""73"": 0.316933515, ""101"": 0.07594423, ""114"": 678.2605361, ""116"": 67.0, ""117"": 27.0, ""210"": 14.0, ""212"": 10.87374387, ""213"": 13.73014863}","{""23"": 4.0, ""24"": 22.0, ""27"": 3.0, ""28"": 1.0, ""39"": 5.5, ""40"": 7.33333333, ""41"": 8.0, ""42"": 66.0, ""47"": 12.0, ""48"": 5.0, ""49"": 2.0, ""50"": 2.0, ""53"": 8.0, ""58"": 9.0, ""59"": 71.0, ""60"": 8.25, ""61"": 22.0, ""114"": 227.0, ""116"": 22.0, ""117"": 8.0, ""155"": 2.0, ""156"": 1.0, ""210"": 3.0, ""212"": 1.0, ""213"": 2.0}",2026-09-30T21:46:22-04:00
Jalon Daniels,4596472,QB,TB,ACTIVE,47.63466919,-1.1,,,169.93,0.98,478.0,481.0,"{""0"": 91.83707561, ""1"": 56.16619112, ""2"": 35.67088449, ""3"": 643.3816079, ""4"": 3.160884, ""5"": 128.0, ""6"": 64.0, ""7"": 32.0, ""8"": 25.0, ""9"": 12.0, ""10"": 6.0, ""11"": 11.0, ""12"": 5.0, ""15"": 0.476329234, ""16"": 0.311281154, ""17"": 0.387685403, ""18"": 0.052366133, ""19"": 0.137772889, ""20"": 2.483182472, ""21"": 0.611585144, ""22"": 107.230268, ""23"": 13.86593279, ""24"": 63.65173398, ""25"": 0.467114151, ""26"": 0.016664639, ""27"": 12.0, ""28"": 6.0, ""29"": 3.0, ""30"": 2.0, ""31"": 1.0, ""33"": 2.0, ""34"": 1.0, ""35"": 0.026515887, ""36"": 0.018561121, ""37"": 0.058778608, ""38"": 0.002005888, ""39"": 4.590512224, ""40"": 10.60862233, ""62"": 0.154437528, ""63"": 0.00664, ""64"": 7.945663854, ""65"": 1.324641016, ""66"": 0.184073753, ""68"": 1.508714769, ""69"": 0.635827688, ""70"": 0.084673926, ""72"": 0.720501614, ""73"": 3.203684086, ""210"": 6.0, ""211"": 30.36064727, ""212"": 3.705500516}","{""0"": 3.0, ""2"": 3.0, ""20"": 1.0, ""23"": 1.0, ""24"": 9.0, ""27"": 1.0, ""39"": 9.0, ""40"": 9.0, ""73"": 1.0, ""156"": 1.0, ""210"": 1.0}",2026-09-30T21:46:22-04:00
Konata Mumpfield,4710855,WR,LAR,ACTIVE,25.40873266,19.0,3.907143,20.2,169.87,0.97,1133.0,1134.0,"{""42"": 143.5766363, ""43"": 0.985339928, ""44"": 0.036718432, ""45"": 0.125400707, ""46"": 0.081949362, ""47"": 28.0, ""48"": 14.0, ""49"": 7.0, ""50"": 5.0, ""51"": 2.0, ""53"": 10.56237573, ""56"": 0.054256697, ""57"": 0.001678042, ""58"": 18.90100666, ""60"": 13.59321426, ""61"": 10.25547402, ""62"": 0.036718432, ""63"": 0.000846981, ""67"": 0.192495772, ""68"": 0.192495772, ""71"": 0.107797632, ""72"": 0.107797632, ""73"": 0.107797632, ""210"": 14.0, ""213"": 5.822894952}","{""41"": 5.0, ""42"": 105.0, ""43"": 1.0, ""45"": 1.0, ""47"": 20.0, ""48"": 10.0, ""49"": 4.0, ""50"": 3.0, ""51"": 1.0, ""53"": 5.0, ""58"": 11.0, ""59"": 29.0, ""60"": 21.0, ""61"": 35.0, ""155"": 1.0, ""156"": 2.0, ""158"": 6.0, ""210"": 3.0, ""213"": 4.0}",2026-09-30T21:46:22-04:00
Emari Demercado,4362478,RB,DAL,ACTIVE,,1.5,25.52933204,51.8,169.76,0.95,355.0,360.0,{},"{""23"": 5.0, ""24"": 15.0, ""27"": 2.0, ""39"": 3.0, ""40"": 7.5, ""155"": 1.0, ""156"": 1.0, ""210"": 2.0}",2026-09-30T21:46:22-04:00
Dawson Knox,3930086,TE,BUF,ACTIVE,38.49216981,9.7,38.42081868,85.7,169.17,0.92,442.0,462.0,"{""42"": 174.5861889, ""43"": 2.082024945, ""44"": 0.122884159, ""45"": 0.097857221, ""46"": 0.063949694, ""47"": 34.0, ""48"": 17.0, ""49"": 8.0, ""50"": 6.0, ""51"": 3.0, ""53"": 16.91562029, ""56"": 0.065145553, ""57"": 0.002014811, ""58"": 24.39002016, ""60"": 10.32100425, ""61"": 12.47044207, ""62"": 0.122884159, ""63"": 0.000637125, ""67"": 0.144801082, ""68"": 0.144801082, ""71"": 0.081088606, ""72"": 0.081088606, ""73"": 0.081088606, ""210"": 14.0, ""213"": 8.574582332}","{""23"": 1.0, ""41"": 4.0, ""42"": 17.0, ""43"": 1.0, ""47"": 3.0, ""53"": 4.0, ""58"": 4.0, ""59"": 9.0, ""60"": 4.25, ""61"": 5.66666667, ""108"": 1.0, ""109"": 1.0, ""155"": 3.0, ""158"": 6.0, ""183"": 1.0, ""210"": 3.0, ""213"": 2.0}",2026-09-30T21:46:22-04:00
Seth McGowan,4686468,RB,IND,ACTIVE,32.92294351,1.9,,,169.94,0.9,350.0,355.0,"{""23"": 43.94284365, ""24"": 184.4569258, ""25"": 1.548665456, ""26"": 0.044783355, ""27"": 36.0, ""28"": 18.0, ""29"": 9.0, ""30"": 7.0, ""31"": 3.0, ""33"": 8.0, ""34"": 4.0, ""35"": 0.082939464, ""36"": 0.058057625, ""37"": 0.105859246, ""38"": 0.00361, ""39"": 4.197655648, ""40"": 13.1754947, ""42"": 24.39769024, ""43"": 0.11600605, ""44"": 0.00589673, ""45"": 0.036766927, ""46"": 0.024027187, ""47"": 4.0, ""48"": 2.0, ""49"": 1.0, ""53"": 3.515052774, ""56"": 0.013356973, ""57"": 0.000413102, ""58"": 4.326608864, ""60"": 6.940917195, ""61"": 1.74269216, ""62"": 0.050680085, ""63"": 0.001786695, ""66"": 0.375990931, ""67"": 0.030076068, ""68"": 0.406066999, ""70"": 0.172955828, ""71"": 0.016842598, ""72"": 0.189798427, ""73"": 0.189798427, ""101"": 0.095027195, ""114"": 848.6911535, ""116"": 84.0, ""117"": 33.0, ""210"": 14.0, ""212"": 11.75879247, ""213"": 0.574605574}","{""23"": 6.0, ""24"": 14.0, ""27"": 2.0, ""28"": 1.0, ""39"": 2.33333333, ""40"": 4.66666667, ""41"": 1.0, ""53"": 1.0, ""58"": 1.0, ""59"": 2.0, ""114"": 222.0, ""116"": 21.0, ""117"": 8.0, ""155"": 1.0, ""156"": 2.0, ""210"": 3.0, ""212"": 1.0}",2026-09-30T21:46:22-04:00
Colby Parkinson,4242557,TE,LAR,QUESTIONABLE,44.88561776,3.6,11.83989457,108.3,169.84,0.88,417.0,448.0,"{""42"": 202.970262, ""43"": 2.415676301, ""44"": 0.090080915, ""45"": 0.075629879, ""46"": 0.049424126, ""47"": 40.0, ""48"": 20.0, ""49"": 10.0, ""50"": 8.0, ""51"": 4.0, ""53"": 20.66922799, ""56"": 0.082788959, ""57"": 0.002560483, ""58"": 30.07629108, ""60"": 9.819924676, ""61"": 15.03483422, ""62"": 0.090080915, ""63"": 0.001650951, ""67"": 0.375216134, ""68"": 0.375216134, ""71"": 0.210121035, ""72"": 0.210121035, ""73"": 0.210121035, ""210"": 13.5, ""213"": 10.34930996}","{""41"": 3.0, ""42"": 21.0, ""47"": 4.0, ""48"": 1.0, ""53"": 3.0, ""58"": 5.0, ""59"": 22.0, ""60"": 7.0, ""61"": 7.0, ""155"": 1.0, ""156"": 2.0, ""210"": 3.0, ""213"": 1.0}",2026-09-30T21:46:22-04:00
Malik Davis,4240603,RB,DAL,INJURY_RESERVE,,,,39.6,169.84,0.88,325.0,329.0,{},{},2026-09-30T21:46:22-04:00
Nicholas Singleton,4685555,RB,TEN,ACTIVE,10.35782469,1.0,,,170.03,0.87,377.0,387.0,"{""23"": 17.84047289, ""24"": 76.03361337, ""25"": 0.476863426, ""26"": 0.0168602, ""27"": 15.0, ""28"": 7.0, ""29"": 3.0, ""30"": 3.0, ""31"": 1.0, ""33"": 3.0, ""34"": 1.0, ""35"": 0.033103953, ""36"": 0.023172767, ""37"": 0.017598093, ""38"": 0.000601, ""39"": 4.261860872, ""40"": 5.430972383, ""62"": 0.0168602, ""63"": 0.000671658, ""66"": 0.152649566, ""68"": 0.152649566, ""70"": 0.0702188, ""72"": 0.0702188, ""73"": 0.0702188, ""210"": 14.0, ""212"": 5.713011977}","{""23"": 4.0, ""24"": 10.0, ""27"": 2.0, ""28"": 1.0, ""39"": 2.5, ""40"": 5.0, ""156"": 2.0, ""210"": 2.0}",2026-09-30T21:46:22-04:00
Tua Tagovailoa,4241479,QB,ATL,ACTIVE,,,330.067959,199.9,169.78,0.87,421.0,424.0,{},{},2026-09-30T21:46:22-04:00
Demond Claiborne,4832846,RB,MIN,ACTIVE,4.44771033,0.8,,,169.99,0.85,397.0,401.0,"{""23"": 6.008568958, ""24"": 25.33448507, ""25"": 0.20774907, ""26"": 0.010157216, ""27"": 5.0, ""28"": 2.0, ""29"": 1.0, ""30"": 1.0, ""33"": 1.0, ""35"": 0.011326472, ""36"": 0.007928531, ""37"": 0.013899656, ""38"": 0.000474342, ""39"": 4.216392496, ""40"": 12.66724253, ""42"": 3.416690857, ""43"": 0.019858872, ""44"": 0.001092415, ""45"": 0.006450837, ""46"": 0.004215622, ""53"": 0.472545731, ""56"": 0.001874587, ""57"": 5.8e-05, ""58"": 0.579257241, ""60"": 7.230391967, ""61"": 1.708345428, ""62"": 0.011249631, ""63"": 0.000244, ""66"": 0.051411498, ""67"": 0.004043273, ""68"": 0.055454771, ""70"": 0.023649289, ""71"": 0.002264233, ""72"": 0.025913522, ""73"": 0.025913522, ""210"": 2.0, ""212"": 1.619107536, ""213"": 0.074788268}","{""23"": 3.0, ""24"": 1.0, ""39"": 0.33333333, ""40"": 0.5, ""41"": 1.0, ""42"": 2.0, ""53"": 1.0, ""58"": 1.0, ""59"": 9.0, ""60"": 2.0, ""61"": 1.0, ""155"": 2.0, ""210"": 2.0}",2026-09-30T21:46:22-04:00
Jahan Dotson,4361409,WR,ATL,ACTIVE,68.98594734,6.1,26.76473929,41.2,169.93,0.83,327.0,331.0,"{""42"": 421.0578697, ""43"": 1.993057141, ""44"": 0.132459438, ""45"": 0.116591465, ""46"": 0.076192522, ""47"": 84.0, ""48"": 42.0, ""49"": 21.0, ""50"": 16.0, ""51"": 8.0, ""53"": 30.1761184, ""56"": 0.336221393, ""57"": 0.0103986, ""58"": 56.23381605, ""60"": 13.95334762, ""61"": 30.07556212, ""62"": 0.132459438, ""63"": 0.001693845, ""67"": 0.38496478, ""68"": 0.38496478, ""71"": 0.215580277, ""72"": 0.215580277, ""73"": 0.215580277, ""210"": 14.0, ""213"": 18.35742909}","{""41"": 4.0, ""42"": 41.0, ""47"": 7.0, ""48"": 3.0, ""53"": 4.0, ""58"": 11.0, ""59"": 13.0, ""60"": 10.25, ""61"": 13.66666667, ""155"": 1.0, ""156"": 2.0, ""210"": 3.0, ""213"": 3.0}",2026-09-30T21:46:22-04:00
Jacob Saylors,4383429,RB,DET,ACTIVE,0.38897274,0.0,,1.1,169.9,0.81,343.0,348.0,"{""101"": 0.06482879, ""114"": 760.2049748, ""116"": 76.0, ""117"": 30.0, ""210"": 14.0}","{""107"": 1.0, ""108"": 1.0, ""109"": 2.0, ""114"": 164.0, ""116"": 15.0, ""117"": 6.0, ""155"": 2.0, ""156"": 1.0, ""210"": 3.0}",2026-09-30T21:46:22-04:00
Sione Vaki,4912274,RB,DET,ACTIVE,56.00498103,9.0,,0.4,169.89,0.78,403.0,407.0,"{""23"": 63.67628452, ""24"": 270.3068438, ""25"": 2.296480993, ""26"": 0.083589276, ""27"": 54.0, ""28"": 27.0, ""29"": 13.0, ""30"": 10.0, ""31"": 5.0, ""33"": 12.0, ""34"": 6.0, ""35"": 0.121695341, ""36"": 0.085186739, ""37"": 0.227764687, ""38"": 0.00777, ""39"": 4.245015955, ""40"": 19.3076317, ""42"": 78.6183624, ""43"": 0.40754269, ""44"": 0.016687788, ""45"": 0.04005789, ""46"": 0.026177831, ""47"": 15.0, ""48"": 7.0, ""49"": 3.0, ""50"": 3.0, ""51"": 1.0, ""53"": 10.58082398, ""56"": 0.034519879, ""57"": 0.001067625, ""58"": 13.58784622, ""60"": 7.430268429, ""61"": 5.615597314, ""62"": 0.100277065, ""63"": 0.002795631, ""66"": 0.544837419, ""67"": 0.090533373, ""68"": 0.635370792, ""70"": 0.250625213, ""71"": 0.050698689, ""72"": 0.301323902, ""73"": 0.301323902, ""210"": 14.0, ""212"": 16.41390975, ""213"": 3.799535189}","{""23"": 9.0, ""24"": 40.0, ""27"": 7.0, ""28"": 2.0, ""29"": 1.0, ""30"": 1.0, ""33"": 1.0, ""39"": 4.44444444, ""40"": 13.33333333, ""41"": 3.0, ""42"": 35.0, ""47"": 6.0, ""48"": 3.0, ""53"": 3.0, ""58"": 3.0, ""59"": 27.0, ""60"": 11.66666667, ""61"": 11.66666667, ""155"": 2.0, ""156"": 1.0, ""210"": 3.0, ""212"": 2.0, ""213"": 2.0}",2026-09-30T21:46:22-04:00
Chimere Dike,4431268,WR,TEN,ACTIVE,16.44051122,-2.0,30.96736908,102.1,169.86,0.74,1022.0,1023.0,"{""23"": 3.568094579, ""24"": 17.68205813, ""25"": 0.116381306, ""26"": 0.00411483, ""27"": 3.0, ""28"": 1.0, ""35"": 0.006558996, ""36"": 0.004591297, ""37"": 0.000851, ""38"": 2.9e-05, ""39"": 4.95560242, ""40"": 1.263004152, ""42"": 58.98971897, ""43"": 0.319612524, ""44"": 0.014384478, ""45"": 0.084231838, ""46"": 0.055045506, ""47"": 11.0, ""48"": 5.0, ""49"": 2.0, ""50"": 2.0, ""51"": 1.0, ""53"": 5.539844449, ""56"": 0.027849268, ""57"": 0.000861318, ""58"": 8.496242193, ""60"": 10.64826269, ""61"": 4.213551355, ""62"": 0.018499308, ""63"": 0.000801499, ""66"": 0.071361892, ""67"": 0.110796889, ""68"": 0.182158781, ""70"": 0.03282647, ""71"": 0.062046258, ""72"": 0.094872728, ""73"": 0.094872728, ""101"": 0.132134664, ""102"": 0.457897861, ""114"": 1447.930237, ""115"": 318.7896501, ""116"": 144.0, ""117"": 57.0, ""118"": 31.0, ""119"": 12.0, ""210"": 14.0, ""212"": 2.606920454, ""213"": 2.073292709}","{""41"": 2.0, ""42"": 10.0, ""47"": 1.0, ""53"": 2.0, ""58"": 2.0, ""59"": 4.0, ""60"": 5.0, ""61"": 3.33333333, ""68"": 3.0, ""72"": 2.0, ""73"": 2.0, ""114"": 217.0, ""115"": 42.0, ""116"": 21.0, ""117"": 8.0, ""118"": 3.0, ""119"": 1.0, ""156"": 3.0, ""210"": 3.0}",2026-09-30T21:46:22-04:00
Christian Kirk,3895856,WR,SF,INJURY_RESERVE,,,105.13562876,43.9,169.81,0.74,1334.0,1335.0,{},{},2026-09-30T21:46:22-04:00
Kaytron Allen,4685246,RB,WSH,ACTIVE,,4.0,,,170.04,0.65,401.0,403.0,{},"{""23"": 9.0, ""24"": 40.0, ""27"": 7.0, ""28"": 3.0, ""29"": 1.0, ""33"": 1.0, ""39"": 4.44444444, ""40"": 13.33333333, ""155"": 1.0, ""156"": 2.0, ""210"": 3.0, ""212"": 1.0}",2026-09-30T21:46:22-04:00
Jack Bech,4603186,WR,LV,INJURY_RESERVE,,13.3,47.02693682,32.4,170.0,0.63,392.0,395.0,{},"{""41"": 5.0, ""42"": 48.0, ""43"": 1.0, ""47"": 9.0, ""48"": 4.0, ""49"": 2.0, ""50"": 1.0, ""53"": 5.0, ""58"": 6.0, ""59"": 14.0, ""60"": 9.6, ""61"": 16.0, ""67"": 1.0, ""68"": 1.0, ""108"": 1.0, ""109"": 1.0, ""155"": 3.0, ""158"": 6.0, ""184"": 1.0, ""210"": 3.0, ""213"": 2.0}",2026-09-30T21:46:22-04:00
Troy Franklin,4431280,WR,DEN,ACTIVE,35.79341147,6.3,66.83671236,144.6,169.89,0.61,980.0,981.0,"{""23"": 1.75951751, ""24"": 9.290378084, ""25"": 0.056223234, ""26"": 0.003735125, ""27"": 1.0, ""35"": 0.003230547, ""36"": 0.002261383, ""37"": 0.000202507, ""38"": 6.91e-06, ""39"": 5.280071402, ""40"": 0.663598435, ""42"": 191.3975325, ""43"": 1.458927527, ""44"": 0.096071489, ""45"": 0.196153875, ""46"": 0.128186557, ""47"": 38.0, ""48"": 19.0, ""49"": 9.0, ""50"": 7.0, ""51"": 3.0, ""53"": 13.36279412, ""56"": 0.072103194, ""57"": 0.002229996, ""58"": 22.55772575, ""60"": 14.32316706, ""61"": 13.67125232, ""62"": 0.099806614, ""63"": 0.000992128, ""66"": 0.026235554, ""67"": 0.199247979, ""68"": 0.225483533, ""70"": 0.012068355, ""71"": 0.111578868, ""72"": 0.123647223, ""73"": 0.123647223, ""210"": 14.0, ""212"": 2.168847914, ""213"": 7.973572765}","{""23"": 1.0, ""24"": 5.0, ""27"": 1.0, ""39"": 5.0, ""40"": 1.66666667, ""41"": 2.0, ""42"": 48.0, ""47"": 9.0, ""48"": 4.0, ""49"": 2.0, ""50"": 1.0, ""53"": 2.0, ""58"": 4.0, ""59"": 14.0, ""60"": 24.0, ""61"": 16.0, ""155"": 2.0, ""156"": 1.0, ""210"": 3.0, ""213"": 2.0}",2026-09-30T21:46:22-04:00
Will Shipley,4431545,RB,PHI,QUESTIONABLE,40.59605383,7.2,52.53255664,13.0,169.83,0.6,352.0,357.0,"{""23"": 22.27950104, ""24"": 94.95414213, ""25"": 0.621212809, ""26"": 0.020736624, ""27"": 18.0, ""28"": 9.0, ""29"": 4.0, ""30"": 3.0, ""31"": 1.0, ""33"": 4.0, ""34"": 2.0, ""35"": 0.041460985, ""36"": 0.029022689, ""37"": 0.027690813, ""38"": 0.000945, ""39"": 4.261951017, ""40"": 6.782438724, ""42"": 139.9361817, ""43"": 0.621376893, ""44"": 0.02750553, ""45"": 0.041376134, ""46"": 0.027039304, ""47"": 27.0, ""48"": 13.0, ""49"": 6.0, ""50"": 5.0, ""51"": 2.0, ""53"": 18.93526723, ""56"": 0.053107086, ""57"": 0.001642487, ""58"": 23.96505722, ""60"": 7.390240654, ""61"": 9.99544155, ""62"": 0.048242154, ""63"": 0.001826307, ""66"": 0.224374561, ""67"": 0.190695126, ""68"": 0.415069687, ""70"": 0.103212298, ""71"": 0.106789271, ""72"": 0.210001569, ""73"": 0.210001569, ""101"": 0.084561408, ""114"": 982.3841767, ""116"": 98.0, ""117"": 39.0, ""210"": 14.0, ""212"": 6.729167534, ""213"": 7.482133401}","{""23"": 9.0, ""24"": 28.0, ""27"": 4.0, ""28"": 2.0, ""29"": 1.0, ""33"": 1.0, ""39"": 3.11111111, ""40"": 9.33333333, ""41"": 4.0, ""42"": 24.0, ""47"": 4.0, ""48"": 1.0, ""53"": 4.0, ""58"": 5.0, ""59"": 15.0, ""60"": 6.0, ""61"": 8.0, ""107"": 1.0, ""109"": 1.0, ""114"": 69.0, ""116"": 6.0, ""117"": 2.0, ""155"": 2.0, ""156"": 1.0, ""210"": 3.0, ""212"": 1.0}",2026-09-30T21:46:22-04:00
Brashard Smith,4596602,RB,KC,ACTIVE,5.30321265,0.9,45.2397533,50.8,169.7,0.58,324.0,328.0,"{""42"": 23.68017667, ""43"": 0.181067598, ""44"": 0.007198482, ""45"": 0.034155921, ""46"": 0.022320894, ""47"": 4.0, ""48"": 2.0, ""49"": 1.0, ""53"": 3.165877393, ""56"": 0.013006612, ""57"": 0.000402266, ""58"": 4.310246849, ""60"": 7.479814828, ""61"": 1.691441191, ""62"": 0.007198482, ""63"": 0.000135728, ""67"": 0.030847174, ""68"": 0.030847174, ""71"": 0.017274417, ""72"": 0.017274417, ""73"": 0.017274417, ""101"": 0.047667095, ""114"": 548.4931802, ""116"": 54.0, ""117"": 21.0, ""210"": 14.0, ""213"": 0.501835462}","{""41"": 1.0, ""42"": 4.0, ""53"": 1.0, ""58"": 1.0, ""59"": 7.0, ""60"": 4.0, ""61"": 1.33333333, ""114"": 133.0, ""116"": 13.0, ""117"": 5.0, ""155"": 3.0, ""210"": 3.0}",2026-09-30T21:46:22-04:00
Dolphins D/ST,-16015,D/ST,MIA,,44.2913605,-3.0,84.29116247,67.0,168.61,0.56,518.0,527.0,"{""89"": 0.032154983, ""90"": 0.139804274, ""91"": 0.936688636, ""92"": 1.45396445, ""93"": 0.102, ""94"": 1.283694001, ""95"": 9.312089347, ""96"": 4.728486687, ""97"": 1.46, ""98"": 0.209, ""99"": 29.19095896, ""100"": 58.38191791, ""101"": 0.155050577, ""102"": 0.245838995, ""103"": 0.854911908, ""104"": 0.429, ""105"": 1.786378307, ""106"": 7.274594903, ""109"": 930.8443062, ""110"": 310.0, ""111"": 186.0, ""112"": 42.20111138, ""113"": 58.93648868, ""114"": 1534.353831, ""115"": 197.6167306, ""116"": 153.0, ""117"": 61.0, ""118"": 19.0, ""119"": 7.0, ""120"": 427.5033352, ""121"": 2.027161973, ""122"": 3.760734971, ""123"": 3.383263431, ""124"": 1.999201118, ""125"": 0.267026163, ""126"": 30.53595251, ""127"": 5076.335069, ""129"": 0.055882646, ""130"": 1.117652929, ""131"": 2.319129827, ""132"": 3.674284004, ""133"": 3.450753418, ""134"": 2.235305858, ""135"": 0.880151681, ""136"": 0.266839637, ""137"": 362.595362, ""210"": 17.0}","{""89"": 0.0, ""90"": 0.0, ""91"": 0.0, ""92"": 0.0, ""95"": 3.0, ""107"": 106.0, ""108"": 94.0, ""109"": 200.0, ""110"": 66.0, ""111"": 39.0, ""112"": 20.0, ""113"": 7.0, ""114"": 444.0, ""115"": 24.0, ""116"": 43.0, ""117"": 16.0, ""118"": 1.0, ""120"": 86.0, ""121"": 0.0, ""122"": 2.0, ""123"": 0.0, ""124"": 1.0, ""127"": 1006.0, ""128"": 0.0, ""129"": 0.0, ""130"": 1.0, ""131"": 1.0, ""132"": 1.0, ""133"": 0.0, ""134"": 0.0, ""135"": 0.0, ""136"": 0.0, ""156"": 3.0, ""187"": 86.0, ""188"": 0.0, ""189"": 0.0, ""190"": 0.0, ""191"": 0.0, ""192"": 0.0, ""193"": 2.0, ""194"": 0.0, ""195"": 1.0, ""210"": 3.0}",2026-09-30T21:46:22-04:00
Marvin Mims Jr.,4686472,WR,DEN,ACTIVE,31.40932784,0.0,127.18006704,74.5,170.02,0.56,370.0,382.0,"{""23"": 5.278552529, ""24"": 25.9113281, ""25"": 0.164088796, ""26"": 0.010901047, ""27"": 5.0, ""28"": 2.0, ""29"": 1.0, ""30"": 1.0, ""33"": 1.0, ""35"": 0.009714197, ""36"": 0.006799938, ""37"": 0.001918302, ""38"": 6.55e-05, ""39"": 4.908794211, ""40"": 1.919357637, ""42"": 152.5087936, ""43"": 1.034549447, ""44"": 0.068117073, ""45"": 0.193115145, ""46"": 0.126200747, ""47"": 30.0, ""48"": 15.0, ""49"": 7.0, ""50"": 6.0, ""51"": 3.0, ""53"": 12.62001228, ""56"": 0.057180621, ""57"": 0.001768473, ""58"": 18.0461806, ""60"": 12.0846787, ""61"": 11.29694768, ""62"": 0.07901812, ""63"": 0.001575074, ""66"": 0.105571051, ""67"": 0.252400246, ""68"": 0.357971296, ""70"": 0.048562683, ""71"": 0.141344138, ""72"": 0.189906821, ""73"": 0.189906821, ""102"": 0.047876245, ""115"": 69.30656488, ""118"": 6.0, ""119"": 2.0, ""210"": 13.5, ""212"": 3.024266185, ""213"": 6.55833458}","{""115"": 36.0, ""118"": 3.0, ""119"": 1.0, ""156"": 1.0, ""210"": 1.0}",2026-09-30T21:46:22-04:00
Drew Stevens,5081335,K,WSH,ACTIVE,113.82577369,24.0,,,169.75,0.55,493.0,496.0,"{""74"": 4.721280395, ""75"": 6.759310203, ""76"": 2.038029808, ""77"": 6.253215803, ""78"": 7.724925946, ""79"": 1.471710143, ""80"": 13.39416706, ""81"": 13.91622689, ""82"": 0.522059824, ""83"": 24.36866326, ""84"": 28.40046304, ""85"": 4.031799775, ""86"": 29.0558071, ""87"": 30.09450281, ""88"": 1.038695701, ""198"": 4.721280395, ""199"": 6.759310203, ""200"": 2.038029808, ""210"": 14.0, ""214"": 938.1688644, ""215"": 191.9423608, ""216"": 1130.111225}","{""74"": 2.0, ""75"": 4.0, ""76"": 2.0, ""77"": 1.0, ""78"": 1.0, ""80"": 2.0, ""81"": 2.0, ""83"": 5.0, ""84"": 7.0, ""85"": 2.0, ""86"": 6.0, ""87"": 8.0, ""88"": 2.0, ""155"": 1.0, ""156"": 2.0, ""158"": 21.0, ""198"": 2.0, ""199"": 4.0, ""200"": 2.0, ""210"": 3.0, ""214"": 222.0, ""215"": 105.0, ""216"": 327.0, ""217"": 43.0, ""218"": 21.0, ""219"": 9.0, ""220"": 7.0, ""221"": 3.0, ""223"": 20.0, ""224"": 10.0, ""225"": 4.0, ""226"": 4.0, ""227"": 2.0, ""229"": 64.0, ""230"": 31.0, ""231"": 15.0, ""232"": 12.0, ""233"": 5.0, ""234"": 2.0}",2026-09-30T21:46:22-04:00
Skyy Moore,4430191,WR,GB,ACTIVE,27.14046537,6.2,7.68544465,12.3,169.85,0.55,1328.0,1329.0,"{""42"": 141.135568, ""43"": 0.96750086, ""44"": 0.034325306, ""45"": 0.061247878, ""46"": 0.040025488, ""47"": 28.0, ""48"": 14.0, ""49"": 7.0, ""50"": 5.0, ""51"": 2.0, ""53"": 11.92432338, ""56"": 0.104881469, ""57"": 0.003243757, ""58"": 20.86181132, ""60"": 11.83593932, ""61"": 10.081112, ""62"": 0.034325306, ""63"": 0.00104934, ""67"": 0.238486468, ""68"": 0.238486468, ""71"": 0.133552422, ""72"": 0.133552422, ""73"": 0.133552422, ""101"": 0.078907543, ""102"": 0.164125115, ""114"": 888.2331138, ""115"": 213.6040106, ""116"": 88.0, ""117"": 35.0, ""118"": 21.0, ""119"": 8.0, ""210"": 14.0, ""213"": 6.058717968}","{""41"": 5.0, ""42"": 37.0, ""47"": 7.0, ""48"": 3.0, ""49"": 1.0, ""50"": 1.0, ""53"": 5.0, ""58"": 11.0, ""59"": 30.0, ""60"": 7.4, ""61"": 12.33333333, ""68"": 1.0, ""114"": 250.0, ""115"": 109.0, ""116"": 24.0, ""117"": 9.0, ""118"": 10.0, ""119"": 3.0, ""155"": 1.0, ""156"": 2.0, ""210"": 3.0, ""213"": 2.0}",2026-09-30T21:46:22-04:00
Darius Slayton,3916945,WR,IND,ACTIVE,,,95.95809382,80.3,169.94,0.54,1676.0,1677.0,{},{},2026-09-30T21:46:22-04:00
Joey Slye,3124084,K,TEN,ACTIVE,101.64636487,13.0,124.57687084,128.0,169.74,0.52,499.0,505.0,"{""74"": 4.386478919, ""75"": 6.3423192, ""76"": 1.955840281, ""77"": 5.817687257, ""78"": 7.2483648, ""79"": 1.430677543, ""80"": 12.47822303, ""81"": 13.057716, ""82"": 0.579492966, ""83"": 22.68238921, ""84"": 26.6484, ""85"": 3.96601079, ""86"": 22.97456295, ""87"": 23.96627173, ""88"": 0.991708778, ""198"": 4.386478919, ""199"": 6.3423192, ""200"": 1.955840281, ""210"": 14.0, ""214"": 873.0124792, ""215"": 187.3806536, ""216"": 1060.393133}","{""75"": 1.0, ""76"": 1.0, ""77"": 1.0, ""78"": 1.0, ""80"": 2.0, ""81"": 2.0, ""83"": 3.0, ""84"": 4.0, ""85"": 1.0, ""86"": 4.0, ""87"": 4.0, ""156"": 3.0, ""158"": 13.0, ""199"": 1.0, ""200"": 1.0, ""210"": 3.0, ""214"": 112.0, ""215"": 59.0, ""216"": 171.0, ""217"": 22.0, ""218"": 11.0, ""219"": 5.0, ""220"": 3.0, ""221"": 1.0, ""223"": 11.0, ""224"": 5.0, ""225"": 2.0, ""226"": 2.0, ""227"": 1.0, ""229"": 33.0, ""230"": 16.0, ""231"": 7.0, ""232"": 5.0, ""233"": 2.0}",2026-09-30T21:46:22-04:00
Jalen Tolbert,4249417,WR,MIA,ACTIVE,,0.0,58.5219249,37.3,170.03,0.51,329.0,333.0,{},"{""156"": 1.0, ""210"": 1.0}",2026-09-30T21:46:22-04:00
Zavion Thomas,4869748,WR,CHI,ACTIVE,3.46645019,0.6,,,169.92,0.5,1029.0,1030.0,"{""42"": 16.46272053, ""43"": 0.118549057, ""44"": 0.005188937, ""45"": 0.1357566, ""46"": 0.088716938, ""47"": 3.0, ""48"": 1.0, ""53"": 1.308417224, ""56"": 0.009350306, ""57"": 0.000289185, ""58"": 2.127766953, ""60"": 12.58216433, ""61"": 1.175908609, ""62"": 0.005188937, ""63"": 0.00010492, ""67"": 0.023845467, ""68"": 0.023845467, ""71"": 0.013353462, ""72"": 0.013353462, ""73"": 0.013353462, ""101"": 0.078500706, ""114"": 701.0925121, ""116"": 70.0, ""117"": 28.0, ""210"": 14.0, ""213"": -0.1461349}","{""41"": 1.0, ""42"": 1.0, ""53"": 1.0, ""58"": 1.0, ""59"": 5.0, ""60"": 1.0, ""61"": 0.33333333, ""114"": 100.0, ""116"": 9.0, ""117"": 3.0, ""155"": 2.0, ""156"": 1.0, ""210"": 3.0}",2026-09-30T21:46:22-04:00
Kyle Juszczyk,16002,RB,SF,ACTIVE,28.8909416,9.7,21.12841597,45.0,169.55,0.49,1001.0,1002.0,"{""23"": 3.547125634, ""24"": 14.63640331, ""25"": 0.11830473, ""26"": 0.004430078, ""27"": 2.0, ""28"": 1.0, ""35"": 0.006520367, ""36"": 0.004564257, ""37"": 0.000566396, ""38"": 1.93e-05, ""39"": 4.12627147, ""40"": 1.045457379, ""42"": 130.2060157, ""43"": 0.968080413, ""44"": 0.039116046, ""45"": 0.04349765, ""46"": 0.028425714, ""47"": 26.0, ""48"": 13.0, ""49"": 6.0, ""50"": 5.0, ""51"": 2.0, ""53"": 16.02412057, ""56"": 0.050093334, ""57"": 0.001549278, ""58"": 22.03479837, ""60"": 8.125626312, ""61"": 9.300429693, ""62"": 0.043546124, ""63"": 0.000855694, ""66"": 0.035247158, ""67"": 0.159228845, ""68"": 0.194476003, ""70"": 0.016213693, ""71"": 0.089168153, ""72"": 0.105381846, ""73"": 0.105381846, ""210"": 14.0, ""212"": 2.504242931, ""213"": 6.69203974}","{""41"": 2.0, ""42"": 27.0, ""43"": 1.0, ""47"": 5.0, ""48"": 2.0, ""49"": 1.0, ""50"": 1.0, ""53"": 2.0, ""58"": 4.0, ""59"": 8.0, ""60"": 13.5, ""61"": 9.0, ""155"": 3.0, ""158"": 6.0, ""183"": 1.0, ""210"": 3.0, ""213"": 2.0}",2026-09-30T21:46:22-04:00
Sean Tucker,4430871,RB,TB,ACTIVE,7.1031349,0.0,26.21530832,87.4,169.97,0.47,349.0,354.0,"{""23"": 11.08889704, ""24"": 47.72823085, ""25"": 0.407061386, ""26"": 0.014504944, ""27"": 9.0, ""28"": 4.0, ""29"": 2.0, ""30"": 1.0, ""33"": 2.0, ""34"": 1.0, ""35"": 0.020485138, ""36"": 0.014339596, ""37"": 0.006805078, ""38"": 0.000232, ""39"": 4.304145911, ""40"": 3.409159346, ""62"": 0.014504944, ""63"": 0.000674665, ""66"": 0.153333037, ""68"": 0.153333037, ""70"": 0.070533197, ""72"": 0.070533197, ""73"": 0.070533197, ""210"": 14.0, ""212"": 4.295054361}","{""156"": 2.0, ""210"": 2.0}",2026-09-30T21:46:22-04:00
Chad Ryland,4363538,K,ARI,ACTIVE,112.03051336,30.0,128.19915119,122.0,169.74,0.47,501.0,507.0,"{""74"": 4.634388926, ""75"": 6.7257848, ""76"": 2.091395874, ""77"": 6.14965833, ""78"": 7.6866112, ""79"": 1.53695287, ""80"": 13.19705082, ""81"": 13.847204, ""82"": 0.650153179, ""83"": 23.98109808, ""84"": 28.2596, ""85"": 4.278501923, ""86"": 28.94728487, ""87"": 30.27806475, ""88"": 1.330779877, ""198"": 4.634388926, ""199"": 6.7257848, ""200"": 2.091395874, ""210"": 14.0, ""214"": 922.9031515, ""215"": 201.6028517, ""216"": 1124.506003}","{""75"": 1.0, ""76"": 1.0, ""77"": 4.0, ""78"": 4.0, ""80"": 3.0, ""81"": 3.0, ""83"": 7.0, ""84"": 8.0, ""85"": 1.0, ""86"": 6.0, ""87"": 6.0, ""107"": 1.0, ""109"": 1.0, ""155"": 1.0, ""156"": 2.0, ""158"": 27.0, ""199"": 1.0, ""200"": 1.0, ""210"": 3.0, ""214"": 270.0, ""215"": 54.0, ""216"": 324.0, ""217"": 53.0, ""218"": 26.0, ""219"": 12.0, ""220"": 10.0, ""221"": 5.0, ""222"": 2.0, ""223"": 10.0, ""224"": 5.0, ""225"": 2.0, ""226"": 2.0, ""227"": 1.0, ""229"": 64.0, ""230"": 31.0, ""231"": 15.0, ""232"": 12.0, ""233"": 6.0, ""234"": 3.0}",2026-09-30T21:46:22-04:00
Tyson Bagent,4434153,QB,CHI,ACTIVE,19.18320581,2.0,2.80204124,2.5,169.89,0.46,483.0,486.0,"{""0"": 33.30606148, ""1"": 22.07299755, ""2"": 11.23306393, ""3"": 237.300886, ""4"": 1.413714, ""5"": 47.0, ""6"": 23.0, ""7"": 11.0, ""8"": 9.0, ""9"": 4.0, ""10"": 2.0, ""11"": 4.0, ""12"": 2.0, ""15"": 0.191122191, ""16"": 0.124898352, ""17"": 0.183518345, ""18"": 0.024788517, ""19"": 0.061776327, ""20"": 0.675005229, ""21"": 0.662732145, ""22"": 118.650443, ""23"": 4.357575496, ""24"": 17.49195878, ""25"": 0.226445926, ""26"": 0.007773881, ""27"": 3.0, ""28"": 1.0, ""35"": 0.008313464, ""36"": 0.005819425, ""37"": 0.013292826, ""38"": 0.000453633, ""39"": 4.014149335, ""40"": 8.745979391, ""62"": 0.069550208, ""63"": 0.002744454, ""64"": 1.865679415, ""65"": 0.55498063, ""66"": 0.068758894, ""68"": 0.623739523, ""69"": 0.266390702, ""70"": 0.031629091, ""72"": 0.298019793, ""73"": 0.973025022, ""210"": 2.0, ""211"": 11.68136101, ""212"": 1.146055798}","{""0"": 9.0, ""1"": 5.0, ""2"": 4.0, ""3"": 54.0, ""5"": 10.0, ""6"": 5.0, ""7"": 2.0, ""8"": 2.0, ""9"": 1.0, ""11"": 1.0, ""21"": 0.55555556, ""22"": 27.0, ""64"": 1.0, ""155"": 1.0, ""156"": 1.0, ""210"": 2.0, ""211"": 2.0}",2026-09-30T21:46:22-04:00
Tory Horton,4597703,WR,SEA,ACTIVE,24.50676992,6.3,46.87029708,58.6,170.0,0.44,394.0,396.0,"{""42"": 138.216083, ""43"": 0.930041543, ""44"": 0.039428105, ""45"": 0.179880958, ""46"": 0.117552206, ""47"": 27.0, ""48"": 13.0, ""49"": 6.0, ""50"": 5.0, ""51"": 2.0, ""53"": 10.30168501, ""56"": 0.052556228, ""57"": 0.00162545, ""58"": 16.65893229, ""60"": 13.41684229, ""61"": 9.872577358, ""62"": 0.039428105, ""63"": 0.000826077, ""67"": 0.187744771, ""68"": 0.187744771, ""71"": 0.105137072, ""72"": 0.105137072, ""73"": 0.105137072, ""101"": 0.014247965, ""114"": 127.2490627, ""116"": 12.0, ""117"": 5.0, ""210"": 14.0, ""213"": 5.593039532}","{""41"": 3.0, ""42"": 48.0, ""47"": 9.0, ""48"": 4.0, ""49"": 2.0, ""50"": 1.0, ""53"": 3.0, ""58"": 3.0, ""59"": 4.0, ""60"": 16.0, ""61"": 24.0, ""114"": 29.0, ""116"": 2.0, ""117"": 1.0, ""155"": 1.0, ""156"": 1.0, ""210"": 2.0, ""213"": 3.0}",2026-09-30T21:46:22-04:00
Brandon Aiyuk,4360438,WR,SF,OUT,,,93.95188052,,169.86,0.44,1341.0,1342.0,null,{},2026-09-30T21:46:22-04:00
Andre Szmyt,4258620,K,CLE,ACTIVE,105.2020917,26.0,119.9106686,109.0,169.56,0.44,502.0,508.0,"{""74"": 4.533541277, ""75"": 6.357456, ""76"": 1.823914723, ""77"": 5.987678735, ""78"": 7.265664, ""79"": 1.277985265, ""80"": 12.78922577, ""81"": 13.08888, ""82"": 0.299654227, ""83"": 23.31044579, ""84"": 26.712, ""85"": 3.401554215, ""86"": 23.61754728, ""87"": 24.09953804, ""88"": 0.481990761, ""198"": 4.533541277, ""199"": 6.357456, ""200"": 1.823914723, ""210"": 14.0, ""214"": 897.9335452, ""215"": 164.9903588, ""216"": 1062.923904}","{""74"": 1.0, ""75"": 1.0, ""77"": 2.0, ""78"": 2.0, ""80"": 3.0, ""81"": 3.0, ""83"": 6.0, ""84"": 6.0, ""86"": 4.0, ""87"": 4.0, ""155"": 2.0, ""156"": 1.0, ""158"": 22.0, ""198"": 1.0, ""199"": 1.0, ""210"": 3.0, ""214"": 237.0, ""216"": 237.0, ""217"": 46.0, ""218"": 22.0, ""219"": 10.0, ""220"": 8.0, ""221"": 3.0, ""222"": 1.0, ""229"": 46.0, ""230"": 22.0, ""231"": 10.0, ""232"": 8.0, ""233"": 3.0, ""234"": 1.0}",2026-09-30T21:46:22-04:00
Carson Beck,4430841,QB,ARI,ACTIVE,,,,,169.93,0.43,450.0,452.0,{},{},2026-09-30T21:46:22-04:00
LeQuint Allen Jr.,4911851,RB,JAX,QUESTIONABLE,22.07648577,1.9,43.24361578,19.8,169.98,0.41,344.0,349.0,"{""23"": 3.70849157, ""24"": 15.76382958, ""25"": 0.093475723, ""26"": 0.003933664, ""27"": 3.0, ""28"": 1.0, ""35"": 0.006817716, ""36"": 0.004772401, ""37"": 0.000663863, ""38"": 2.27e-05, ""39"": 4.250738955, ""40"": 1.125987827, ""42"": 97.59710296, ""43"": 0.625746615, ""44"": 0.023929904, ""45"": 0.035647647, ""46"": 0.023295737, ""47"": 19.0, ""48"": 9.0, ""49"": 4.0, ""50"": 3.0, ""51"": 1.0, ""53"": 13.04711238, ""56"": 0.040383774, ""57"": 0.001248983, ""58"": 17.40418193, ""60"": 7.480360414, ""61"": 6.97122164, ""62"": 0.027863568, ""63"": 0.000630815, ""66"": 0.031731201, ""67"": 0.111635832, ""68"": 0.143367033, ""70"": 0.014596352, ""71"": 0.062516066, ""72"": 0.077112419, ""73"": 0.077112419, ""210"": 14.0, ""212"": 2.533604265, ""213"": 4.974269858}","{""41"": 2.0, ""42"": 9.0, ""47"": 1.0, ""53"": 2.0, ""58"": 3.0, ""59"": 5.0, ""60"": 4.5, ""61"": 3.0, ""155"": 2.0, ""156"": 1.0, ""210"": 3.0}",2026-09-30T21:46:22-04:00
Kyle Williams,4613202,WR,NE,ACTIVE,39.47664603,5.4,34.10056751,44.2,169.89,0.41,979.0,980.0,"{""23"": 3.529955819, ""24"": 18.93487619, ""25"": 0.135620988, ""26"": 0.005293723, ""27"": 3.0, ""28"": 1.0, ""35"": 0.006488735, ""36"": 0.004542115, ""37"": 0.00098593, ""38"": 3.36e-05, ""39"": 5.364054724, ""40"": 1.352491156, ""42"": 228.2854508, ""43"": 1.015481371, ""44"": 0.0409816, ""45"": 0.261795197, ""46"": 0.171083161, ""47"": 45.0, ""48"": 22.0, ""49"": 11.0, ""50"": 9.0, ""51"": 4.0, ""53"": 15.13079416, ""56"": 0.105031459, ""57"": 0.003248396, ""58"": 24.90706503, ""60"": 15.08747316, ""61"": 16.30610363, ""62"": 0.046275323, ""63"": 0.001496378, ""66"": 0.064332267, ""67"": 0.275753673, ""68"": 0.34008594, ""70"": 0.029592843, ""71"": 0.154422057, ""72"": 0.1840149, ""73"": 0.1840149, ""101"": 0.093013541, ""114"": 1010.319501, ""116"": 101.0, ""117"": 40.0, ""210"": 14.0, ""212"": 2.661248424, ""213"": 9.212450339}","{""41"": 2.0, ""42"": 44.0, ""47"": 8.0, ""48"": 4.0, ""49"": 1.0, ""50"": 1.0, ""53"": 2.0, ""58"": 5.0, ""59"": 15.0, ""60"": 22.0, ""61"": 14.66666667, ""114"": 192.0, ""116"": 17.0, ""117"": 7.0, ""155"": 1.0, ""156"": 2.0, ""210"": 3.0, ""213"": 2.0}",2026-09-30T21:46:22-04:00
Jason Sanders,3124679,K,NYJ,ACTIVE,110.83044031,24.0,108.09634794,,169.48,0.39,1743.0,1743.0,"{""74"": 4.546379746, ""75"": 6.357456, ""76"": 1.811076254, ""77"": 6.002351271, ""78"": 7.265664, ""79"": 1.263312729, ""80"": 12.81565792, ""81"": 13.08888, ""82"": 0.273222084, ""83"": 23.36438893, ""84"": 26.712, ""85"": 3.347611067, ""86"": 28.9897738, ""87"": 29.58140183, ""88"": 0.591628037, ""198"": 4.546379746, ""199"": 6.357456, ""200"": 1.811076254, ""210"": 14.0, ""214"": 900.080051, ""215"": 162.843853, ""216"": 1062.923904}","{""74"": 2.0, ""75"": 3.0, ""76"": 1.0, ""77"": 1.0, ""78"": 1.0, ""80"": 2.0, ""81"": 2.0, ""83"": 5.0, ""84"": 6.0, ""85"": 1.0, ""86"": 5.0, ""87"": 5.0, ""107"": 1.0, ""109"": 1.0, ""155"": 1.0, ""156"": 2.0, ""158"": 20.0, ""198"": 2.0, ""199"": 3.0, ""200"": 1.0, ""210"": 3.0, ""214"": 210.0, ""215"": 54.0, ""216"": 264.0, ""217"": 41.0, ""218"": 20.0, ""219"": 9.0, ""220"": 7.0, ""221"": 2.0, ""222"": 1.0, ""223"": 10.0, ""224"": 5.0, ""225"": 2.0, ""226"": 2.0, ""227"": 1.0, ""229"": 52.0, ""230"": 26.0, ""231"": 12.0, ""232"": 9.0, ""233"": 3.0, ""234"": 1.0}",2026-09-30T21:46:22-04:00
Myles Price,4430656,WR,MIN,ACTIVE,2.61908626,6.0,,-6.0,169.85,0.39,1322.0,1323.0,"{""101"": 0.110110886, ""102"": 0.326403491, ""114"": 1260.139579, ""115"": 286.2719139, ""116"": 126.0, ""117"": 50.0, ""118"": 28.0, ""119"": 11.0, ""210"": 14.0}","{""58"": 1.0, ""102"": 1.0, ""105"": 1.0, ""114"": 353.0, ""115"": 130.0, ""116"": 34.0, ""117"": 13.0, ""118"": 12.0, ""119"": 4.0, ""155"": 3.0, ""210"": 3.0}",2026-09-30T21:46:22-04:00
Jake Tonges,4259147,TE,SF,INJURY_RESERVE,,0.0,,76.3,170.01,0.39,441.0,447.0,{},"{""155"": 1.0, ""210"": 1.0}",2026-09-30T21:46:22-04:00
Skyler Bell,4683153,WR,BUF,ACTIVE,,,,,169.82,0.38,1047.0,1048.0,{},{},2026-09-30T21:46:22-04:00
Adam Randall,4685526,RB,BAL,INJURY_RESERVE,,,,,170.08,0.38,435.0,441.0,{},{},2026-09-30T21:46:22-04:00
Chris Moore,2576581,WR,BAL,QUESTIONABLE,64.22245544,13.8,,33.1,169.81,0.38,1590.0,1591.0,"{""42"": 383.082591, ""43"": 2.402658905, ""44"": 0.113784522, ""45"": 0.398800087, ""46"": 0.260615857, ""47"": 76.0, ""48"": 38.0, ""49"": 19.0, ""50"": 15.0, ""51"": 7.0, ""53"": 22.34271848, ""56"": 0.26324347, ""57"": 0.008141551, ""58"": 37.22478107, ""60"": 17.14574667, ""61"": 27.36304222, ""62"": 0.113784522, ""63"": 0.001527219, ""67"": 0.347095117, ""68"": 0.347095117, ""71"": 0.194373266, ""72"": 0.194373266, ""73"": 0.194373266, ""101"": 0.081343527, ""114"": 925.2436626, ""116"": 92.0, ""117"": 37.0, ""210"": 14.0, ""213"": 15.69222224}","{""41"": 3.0, ""42"": 63.0, ""43"": 1.0, ""47"": 11.0, ""48"": 5.0, ""49"": 2.0, ""50"": 2.0, ""51"": 1.0, ""53"": 3.0, ""58"": 6.0, ""59"": 23.0, ""60"": 21.0, ""61"": 21.0, ""108"": 1.0, ""109"": 1.0, ""114"": 229.0, ""116"": 22.0, ""117"": 8.0, ""155"": 2.0, ""156"": 1.0, ""158"": 6.0, ""183"": 1.0, ""210"": 3.0, ""213"": 3.0}",2026-09-30T21:46:22-04:00
Andrei Iosivas,4368003,WR,CIN,INJURY_RESERVE,37.1447915,3.4,58.52174308,73.4,169.93,0.35,371.0,383.0,"{""23"": 1.283086403, ""24"": 6.958483277, ""25"": 0.053068422, ""26"": 0.002990688, ""27"": 1.0, ""35"": 0.002355601, ""36"": 0.001648921, ""37"": 0.00014203, ""38"": 4.84695e-06, ""39"": 5.423238263, ""40"": 0.632589389, ""42"": 172.6122477, ""43"": 1.81630221, ""44"": 0.06068141, ""45"": 0.048594503, ""46"": 0.031756508, ""47"": 34.0, ""48"": 17.0, ""49"": 8.0, ""50"": 6.0, ""51"": 3.0, ""53"": 16.25353969, ""56"": 0.067730127, ""57"": 0.002094746, ""58"": 26.68768344, ""60"": 10.61997885, ""61"": 15.69202252, ""62"": 0.063672098, ""63"": 0.001124989, ""66"": 0.018707057, ""67"": 0.236972268, ""68"": 0.255679326, ""70"": 0.008605246, ""71"": 0.13270447, ""72"": 0.141309717, ""73"": 0.141309717, ""210"": 11.0, ""212"": 1.693168862, ""213"": 8.463470636}","{""41"": 3.0, ""42"": 19.0, ""47"": 3.0, ""48"": 1.0, ""53"": 3.0, ""58"": 4.0, ""59"": 2.0, ""60"": 6.33333333, ""61"": 9.5, ""155"": 2.0, ""210"": 2.0, ""213"": 1.0}",2026-09-30T21:46:22-04:00
Riley Patterson,4243371,K,MIA,ACTIVE,103.10495545,17.0,29.85020213,130.0,169.75,0.34,495.0,498.0,"{""74"": 4.576783284, ""75"": 6.584032, ""76"": 2.007248716, ""77"": 6.065840955, ""78"": 7.524608, ""79"": 1.458767045, ""80"": 13.00140415, ""81"": 13.55536, ""82"": 0.553955846, ""83"": 23.64402839, ""84"": 27.664, ""85"": 4.019971607, ""86"": 20.97343437, ""87"": 21.79887458, ""88"": 0.825440212, ""198"": 4.576783284, ""199"": 6.584032, ""200"": 2.007248716, ""210"": 14.0, ""214"": 910.1512649, ""215"": 190.6546231, ""216"": 1100.805888}","{""75"": 1.0, ""76"": 1.0, ""77"": 1.0, ""78"": 2.0, ""79"": 1.0, ""80"": 4.0, ""81"": 4.0, ""83"": 5.0, ""84"": 7.0, ""85"": 2.0, ""86"": 3.0, ""87"": 3.0, ""107"": 1.0, ""108"": 2.0, ""109"": 3.0, ""156"": 3.0, ""158"": 18.0, ""199"": 1.0, ""200"": 1.0, ""210"": 3.0, ""214"": 167.0, ""215"": 92.0, ""216"": 259.0, ""217"": 32.0, ""218"": 15.0, ""219"": 6.0, ""220"": 6.0, ""221"": 2.0, ""223"": 18.0, ""224"": 9.0, ""225"": 4.0, ""226"": 3.0, ""227"": 1.0, ""229"": 50.0, ""230"": 24.0, ""231"": 11.0, ""232"": 9.0, ""233"": 4.0, ""234"": 2.0}",2026-09-30T21:46:22-04:00
Eli Stowers,4431574,TE,PHI,INJURY_RESERVE,,,,,169.99,0.33,468.0,471.0,{},{},2026-09-30T21:46:22-04:00
Brandin Cooks,16731,WR,FA,ACTIVE,,,73.9236164,39.9,169.94,0.3,1766.0,1764.0,null,{},2026-09-30T21:46:22-04:00
Justin Fields,4362887,QB,KC,ACTIVE,,0.0,334.24453466,155.9,169.65,0.3,452.0,454.0,{},"{""155"": 1.0, ""210"": 1.0}",2026-09-30T21:46:22-04:00
Trevor Etienne,4685350,RB,CAR,INJURY_RESERVE,,,21.49985589,10.2,169.9,0.29,1402.0,1403.0,{},{},2026-09-30T21:46:22-04:00
Hollywood Brown,4241372,WR,PHI,QUESTIONABLE,,1.2,144.33198907,113.2,169.83,0.29,1046.0,1047.0,{},"{""23"": 2.0, ""24"": 12.0, ""27"": 2.0, ""28"": 1.0, ""39"": 6.0, ""40"": 12.0, ""155"": 1.0, ""210"": 1.0}",2026-09-30T21:46:22-04:00
Eli Raridon,4831959,TE,NE,QUESTIONABLE,23.61345669,10.2,,,169.97,0.29,472.0,476.0,"{""42"": 121.3012631, ""43"": 0.895289103, ""44"": 0.0361468, ""45"": 0.117801482, ""46"": 0.076983269, ""47"": 24.0, ""48"": 12.0, ""49"": 6.0, ""50"": 4.0, ""51"": 2.0, ""53"": 12.41878767, ""56"": 0.04741157, ""57"": 0.001466337, ""58"": 16.19783133, ""60"": 9.767560757, ""61"": 8.985278749, ""62"": 0.0361468, ""63"": 0.000668217, ""67"": 0.151867569, ""68"": 0.151867569, ""71"": 0.085045839, ""72"": 0.085045839, ""73"": 0.085045839, ""210"": 13.5, ""213"": 5.594941833}","{""41"": 2.0, ""42"": 32.0, ""43"": 1.0, ""47"": 6.0, ""48"": 3.0, ""49"": 1.0, ""50"": 1.0, ""53"": 2.0, ""58"": 2.0, ""59"": 5.0, ""60"": 16.0, ""61"": 16.0, ""155"": 1.0, ""156"": 1.0, ""158"": 6.0, ""183"": 1.0, ""210"": 2.0, ""213"": 2.0}",2026-09-30T21:46:22-04:00
Theo Johnson,4429148,TE,NYG,ACTIVE,31.78168436,1.4,96.63749327,105.3,169.95,0.29,464.0,465.0,"{""42"": 190.5331053, ""43"": 0.901176054, ""44"": 0.039200814, ""45"": 0.116136477, ""46"": 0.075895188, ""47"": 38.0, ""48"": 19.0, ""49"": 9.0, ""50"": 7.0, ""51"": 3.0, ""53"": 14.81038824, ""56"": 0.071737516, ""57"": 0.002218686, ""58"": 25.50293886, ""60"": 12.86482854, ""61"": 13.60950752, ""62"": 0.039200814, ""63"": 0.000637522, ""67"": 0.144891287, ""68"": 0.144891287, ""71"": 0.081139121, ""72"": 0.081139121, ""73"": 0.081139121, ""210"": 14.0, ""213"": 8.051616412}","{""41"": 1.0, ""42"": 9.0, ""47"": 1.0, ""53"": 1.0, ""58"": 5.0, ""59"": 7.0, ""60"": 9.0, ""61"": 3.0, ""108"": 1.0, ""109"": 1.0, ""155"": 2.0, ""156"": 1.0, ""210"": 3.0}",2026-09-30T21:46:22-04:00
Elijah Arroyo,4678006,TE,SEA,ACTIVE,17.06750743,2.2,92.42128904,29.4,169.85,0.28,459.0,463.0,"{""42"": 89.56651328, ""43"": 0.664905919, ""44"": 0.028191429, ""45"": 0.098125462, ""46"": 0.06412499, ""47"": 17.0, ""48"": 8.0, ""49"": 4.0, ""50"": 3.0, ""51"": 1.0, ""53"": 8.359051953, ""56"": 0.037952136, ""57"": 0.001173777, ""58"": 12.49419922, ""60"": 10.71491286, ""61"": 6.397608091, ""62"": 0.028191429, ""63"": 0.000449775, ""67"": 0.102221645, ""68"": 0.102221645, ""71"": 0.057244121, ""72"": 0.057244121, ""73"": 0.057244121, ""210"": 14.0, ""213"": 3.70026698}","{""41"": 1.0, ""42"": 17.0, ""47"": 3.0, ""48"": 1.0, ""53"": 1.0, ""58"": 1.0, ""59"": 3.0, ""60"": 17.0, ""61"": 5.66666667, ""155"": 2.0, ""156"": 1.0, ""210"": 3.0, ""213"": 1.0}",2026-09-30T21:46:22-04:00
Joe Flacco,11252,QB,CIN,ACTIVE,,0.0,119.45331428,175.3,169.73,0.28,453.0,457.0,{},"{""155"": 2.0, ""156"": 1.0, ""210"": 3.0}",2026-09-30T21:46:22-04:00
Jaydon Blue,4685279,RB,FA,ACTIVE,,,17.13045662,19.9,169.97,0.27,2454.0,2453.0,{},{},2026-09-30T21:46:22-04:00
Ty Simpson,4685522,QB,LAR,ACTIVE,,,,,169.9,0.27,475.0,477.0,{},{},2026-09-30T21:46:22-04:00
Mason Taylor,4808766,TE,NYJ,DOUBTFUL,38.86935678,0.8,102.73033536,66.9,169.96,0.27,463.0,464.0,"{""42"": 202.2128669, ""43"": 1.178288825, ""44"": 0.084503043, ""45"": 0.052013024, ""46"": 0.033990511, ""47"": 40.0, ""48"": 20.0, ""49"": 10.0, ""50"": 8.0, ""51"": 4.0, ""53"": 23.46132982, ""56"": 0.079149548, ""57"": 0.002447924, ""58"": 32.15997073, ""60"": 8.618985725, ""61"": 15.55483591, ""62"": 0.084503043, ""63"": 0.001262383, ""67"": 0.286905229, ""68"": 0.286905229, ""71"": 0.160666928, ""72"": 0.160666928, ""73"": 0.160666928, ""210"": 13.0, ""213"": 10.52647902}","{""41"": 2.0, ""42"": -2.0, ""53"": 2.0, ""58"": 3.0, ""60"": -1.0, ""61"": -1.0, ""155"": 1.0, ""156"": 1.0, ""210"": 2.0}",2026-09-30T21:46:22-04:00
DeeJay Dallas,4240631,RB,MIN,ACTIVE,4.27726576,3.3,,,169.88,0.27,1817.0,1815.0,"{""23"": 3.823634791, ""24"": 16.20376999, ""25"": 0.125797118, ""26"": 0.006150441, ""27"": 3.0, ""28"": 1.0, ""35"": 0.007136638, ""36"": 0.004995647, ""37"": 0.005642931, ""38"": 0.000192572, ""39"": 4.237792277, ""40"": 8.101884994, ""42"": 9.689432537, ""43"": 0.050444086, ""44"": 0.002774772, ""45"": 0.005353843, ""46"": 0.003498736, ""47"": 1.0, ""53"": 1.391114559, ""56"": 0.004421479, ""57"": 0.000137, ""58"": 1.737771723, ""60"": 6.965229769, ""61"": 4.844716269, ""62"": 0.008925214, ""63"": 0.000375, ""66"": 0.062456328, ""67"": 0.022722857, ""68"": 0.085179186, ""70"": 0.028729911, ""71"": 0.0127248, ""72"": 0.041454711, ""73"": 0.041454711, ""210"": 2.0, ""212"": 1.116968971, ""213"": 0.469644779}","{""23"": 3.0, ""24"": 10.0, ""27"": 1.0, ""39"": 3.33333333, ""40"": 3.33333333, ""41"": 2.0, ""42"": 13.0, ""47"": 2.0, ""48"": 1.0, ""53"": 2.0, ""58"": 2.0, ""59"": 16.0, ""60"": 6.5, ""61"": 4.33333333, ""108"": 1.0, ""109"": 1.0, ""155"": 3.0, ""210"": 3.0}",2026-09-30T21:46:22-04:00
DJ Giddens,4874509,RB,IND,ACTIVE,,,17.89357994,9.6,170.05,0.25,402.0,404.0,{},{},2026-09-30T21:46:22-04:00
Cody White,4241983,WR,LV,ACTIVE,41.49752012,22.3,4.18205008,16.5,169.92,0.25,1964.0,1959.0,"{""42"": 230.9855462, ""43"": 1.549149853, ""44"": 0.088428378, ""45"": 0.112664023, ""46"": 0.073625939, ""47"": 46.0, ""48"": 23.0, ""49"": 11.0, ""50"": 9.0, ""51"": 4.0, ""53"": 18.61431618, ""56"": 0.092987817, ""57"": 0.002875912, ""58"": 31.15073932, ""60"": 12.40902668, ""61"": 16.49896758, ""62"": 0.088428378, ""63"": 0.001492655, ""67"": 0.339239699, ""68"": 0.339239699, ""71"": 0.189974231, ""72"": 0.189974231, ""73"": 0.189974231, ""210"": 14.0, ""213"": 10.29914328}","{""41"": 3.0, ""42"": 28.0, ""43"": 3.0, ""47"": 4.0, ""48"": 2.0, ""49"": 1.0, ""53"": 3.0, ""58"": 6.0, ""60"": 9.33333333, ""61"": 9.33333333, ""107"": 2.0, ""108"": 2.0, ""109"": 4.0, ""110"": 1.0, ""155"": 3.0, ""158"": 18.0, ""183"": 1.0, ""184"": 2.0, ""210"": 3.0, ""213"": 3.0}",2026-09-30T21:46:22-04:00
Noah Gray,4240472,TE,KC,ACTIVE,34.36752008,6.4,55.86208837,28.3,169.7,0.24,467.0,470.0,"{""42"": 181.2922162, ""43"": 1.232830687, ""44"": 0.048994834, ""45"": 0.088730666, ""46"": 0.05798549, ""47"": 36.0, ""48"": 18.0, ""49"": 9.0, ""50"": 7.0, ""51"": 3.0, ""53"": 17.82850825, ""56"": 0.0678198, ""57"": 0.00209752, ""58"": 25.8614811, ""60"": 10.16866996, ""61"": 12.94944401, ""62"": 0.048994834, ""63"": 0.000671509, ""67"": 0.152615585, ""68"": 0.152615585, ""71"": 0.085464728, ""72"": 0.085464728, ""73"": 0.085464728, ""210"": 14.0, ""213"": 8.620336757}","{""41"": 4.0, ""42"": 44.0, ""47"": 8.0, ""48"": 3.0, ""49"": 1.0, ""50"": 1.0, ""53"": 4.0, ""58"": 5.0, ""59"": 17.0, ""60"": 11.0, ""61"": 14.66666667, ""155"": 3.0, ""210"": 3.0, ""213"": 3.0}",2026-09-30T21:46:22-04:00
Elic Ayomanor,4883647,WR,TEN,ACTIVE,72.65123723,17.1,71.80047833,96.0,169.88,0.24,1101.0,1102.0,"{""42"": 426.0086709, ""43"": 2.672019771, ""44"": 0.120320827, ""45"": 0.13222294, ""46"": 0.086407691, ""47"": 85.0, ""48"": 42.0, ""49"": 21.0, ""50"": 17.0, ""51"": 8.0, ""53"": 28.72798969, ""56"": 0.346739342, ""57"": 0.010723897, ""58"": 55.22557426, ""60"": 14.82904566, ""61"": 30.42919078, ""62"": 0.120320827, ""63"": 0.002303655, ""67"": 0.523558023, ""68"": 0.523558023, ""71"": 0.293192493, ""72"": 0.293192493, ""73"": 0.293192493, ""210"": 14.0, ""213"": 18.44151489}","{""41"": 4.0, ""42"": 91.0, ""43"": 1.0, ""47"": 17.0, ""48"": 8.0, ""49"": 3.0, ""50"": 2.0, ""51"": 1.0, ""53"": 4.0, ""58"": 9.0, ""59"": 41.0, ""60"": 22.75, ""61"": 30.33333333, ""156"": 3.0, ""158"": 6.0, ""184"": 1.0, ""210"": 3.0, ""213"": 4.0}",2026-09-30T21:46:22-04:00
Justin Tucker,15683,K,BAL,ACTIVE,,,,,168.94,0.23,1765.0,1763.0,null,{},2026-09-30T21:46:22-04:00
Tahj Brooks,4429299,RB,CIN,ACTIVE,0.17968166,0.0,18.36701752,5.9,169.99,0.22,396.0,400.0,"{""101"": 0.029946943, ""114"": 267.457183, ""116"": 26.0, ""117"": 10.0, ""210"": 14.0}","{""114"": 76.0, ""116"": 6.0, ""117"": 2.0, ""155"": 2.0, ""156"": 1.0, ""210"": 3.0}",2026-09-30T21:46:22-04:00
Mac Jones,4241464,QB,SF,ACTIVE,,-0.2,2.39690403,155.2,169.77,0.22,454.0,458.0,{},"{""23"": 2.0, ""24"": -2.0, ""39"": -1.0, ""40"": -0.66666667, ""155"": 3.0, ""210"": 3.0}",2026-09-30T21:46:22-04:00
Blake Grupe,4259619,K,FA,ACTIVE,,,126.65823571,121.0,169.9,0.21,503.0,509.0,{},{},2026-09-30T21:46:22-04:00
Tyler Badie,4362748,RB,DEN,ACTIVE,21.65546503,5.8,18.74618399,25.9,170.02,0.21,432.0,435.0,"{""23"": 10.55710506, ""24"": 45.47832745, ""25"": 0.268346775, ""26"": 0.017827304, ""27"": 9.0, ""28"": 4.0, ""29"": 2.0, ""30"": 1.0, ""33"": 2.0, ""34"": 1.0, ""35"": 0.019496057, ""36"": 0.01364724, ""37"": 0.006164818, ""38"": 0.00021, ""39"": 4.307840758, ""40"": 3.248451961, ""42"": 80.01197582, ""43"": 0.395872215, ""44"": 0.02607699, ""45"": 0.043846399, ""46"": 0.028653622, ""47"": 16.0, ""48"": 8.0, ""49"": 4.0, ""50"": 3.0, ""51"": 1.0, ""53"": 10.15782227, ""56"": 0.034966379, ""57"": 0.001081434, ""58"": 13.53463545, ""60"": 7.87688283, ""61"": 5.71514113, ""62"": 0.043904293, ""63"": 0.000779876, ""66"": 0.090330425, ""67"": 0.086914017, ""68"": 0.177244442, ""70"": 0.041551996, ""71"": 0.048671849, ""72"": 0.090223845, ""73"": 0.090223845, ""101"": 0.022474788, ""114"": 256.7163232, ""116"": 25.0, ""117"": 10.0, ""210"": 14.0, ""212"": 4.083365598, ""213"": 3.736777303}","{""23"": 2.0, ""24"": 3.0, ""39"": 1.5, ""40"": 1.5, ""41"": 3.0, ""42"": 40.0, ""47"": 7.0, ""48"": 3.0, ""49"": 1.0, ""50"": 1.0, ""53"": 3.0, ""58"": 4.0, ""59"": 38.0, ""60"": 13.33333333, ""61"": 20.0, ""108"": 1.0, ""109"": 1.0, ""114"": 84.0, ""116"": 8.0, ""117"": 3.0, ""155"": 2.0, ""210"": 2.0, ""212"": 1.0, ""213"": 2.0}",2026-09-30T21:46:22-04:00
Tutu Atwell,4360797,WR,LAR,ACTIVE,,2.4,92.66872797,28.2,169.81,0.21,1058.0,1059.0,{},"{""41"": 1.0, ""42"": 19.0, ""47"": 3.0, ""48"": 1.0, ""53"": 1.0, ""58"": 2.0, ""60"": 19.0, ""61"": 19.0, ""155"": 1.0, ""210"": 1.0, ""213"": 1.0}",2026-09-30T21:46:22-04:00
Kareem Hunt,3059915,RB,FA,ACTIVE,,,88.61861491,136.4,169.91,0.2,1740.0,1740.0,null,{},2026-09-30T21:46:22-04:00
Dohnte Meyers,4384852,WR,CIN,ACTIVE,31.82380887,7.7,,,169.85,0.19,1206.0,1207.0,"{""23"": 1.96292307, ""24"": 10.8143697, ""25"": 0.082200649, ""26"": 0.004634761, ""27"": 2.0, ""28"": 1.0, ""35"": 0.003604983, ""36"": 0.002523488, ""37"": 0.000323, ""38"": 1.1e-05, ""39"": 5.509319171, ""40"": 0.772454979, ""42"": 154.3951238, ""43"": 1.229725812, ""44"": 0.041110313, ""45"": 0.122409717, ""46"": 0.07999475, ""47"": 30.0, ""48"": 15.0, ""49"": 7.0, ""50"": 6.0, ""51"": 3.0, ""53"": 12.94283113, ""56"": 0.071363781, ""57"": 0.002207127, ""58"": 20.2606792, ""60"": 11.92900705, ""61"": 11.02822313, ""62"": 0.045745074, ""63"": 0.001195271, ""66"": 0.035773618, ""67"": 0.235878777, ""68"": 0.271652395, ""70"": 0.016455864, ""71"": 0.132092115, ""72"": 0.148547979, ""73"": 0.148547979, ""101"": 0.059893887, ""102"": 0.134354612, ""114"": 534.914366, ""115"": 134.3546115, ""116"": 53.0, ""117"": 21.0, ""118"": 13.0, ""119"": 5.0, ""210"": 14.0, ""212"": 2.252029725, ""213"": 6.763743889}","{""23"": 1.0, ""24"": 10.0, ""27"": 2.0, ""28"": 1.0, ""39"": 10.0, ""40"": 3.33333333, ""41"": 4.0, ""42"": 47.0, ""47"": 8.0, ""48"": 3.0, ""49"": 1.0, ""50"": 1.0, ""53"": 4.0, ""58"": 7.0, ""59"": 34.0, ""60"": 11.75, ""61"": 15.66666667, ""114"": 183.0, ""115"": 19.0, ""116"": 18.0, ""117"": 6.0, ""118"": 1.0, ""155"": 2.0, ""156"": 1.0, ""210"": 3.0, ""212"": 1.0, ""213"": 3.0}",2026-09-30T21:46:22-04:00
Drew Allar,4714771,QB,PIT,ACTIVE,,,,,169.94,0.19,1221.0,1222.0,{},{},2026-09-30T21:46:22-04:00
Philip Rivers,5529,QB,IND,ACTIVE,,,,39.5,169.3,0.18,1776.0,2551.0,null,{},2026-09-30T21:46:22-04:00
Kevin Coleman Jr.,4685307,WR,MIA,ACTIVE,33.47015497,0.8,,,170.07,0.18,389.0,384.0,"{""42"": 223.4317034, ""43"": 0.494938589, ""44"": 0.026323979, ""45"": 0.139301398, ""46"": 0.091033464, ""47"": 44.0, ""48"": 22.0, ""49"": 11.0, ""50"": 8.0, ""51"": 4.0, ""53"": 16.47759973, ""56"": 0.088321668, ""57"": 0.002731598, ""58"": 28.59282719, ""60"": 13.55972393, ""61"": 15.95940738, ""62"": 0.026323979, ""63"": 0.001321315, ""67"": 0.300298755, ""68"": 0.300298755, ""71"": 0.168167303, ""72"": 0.168167303, ""73"": 0.168167303, ""101"": 0.033706647, ""114"": 301.0352278, ""116"": 30.0, ""117"": 12.0, ""210"": 14.0, ""213"": 9.172726359}","{""41"": 1.0, ""42"": 3.0, ""53"": 1.0, ""58"": 6.0, ""59"": -1.0, ""60"": 3.0, ""61"": 1.0, ""114"": 59.0, ""116"": 5.0, ""117"": 2.0, ""156"": 3.0, ""210"": 3.0}",2026-09-30T21:46:22-04:00
Roschon Johnson,4426386,RB,CHI,ACTIVE,,0.0,73.31628427,1.7,169.89,0.18,1368.0,1369.0,null,"{""107"": 4.0, ""109"": 4.0, ""110"": 1.0, ""155"": 2.0, ""156"": 1.0, ""210"": 3.0}",2026-09-30T21:46:22-04:00
Luke McCaffrey,4426948,WR,WSH,ACTIVE,0.16006564,0.0,22.1708025,45.8,169.91,0.18,1140.0,1141.0,"{""101"": 0.026677606, ""114"": 338.8184325, ""116"": 33.0, ""117"": 13.0, ""210"": 14.0}","{""114"": 90.0, ""116"": 9.0, ""117"": 3.0, ""155"": 1.0, ""210"": 1.0}",2026-09-30T21:46:22-04:00
Savion Williams,4431487,WR,GB,INJURY_RESERVE,13.23114347,,17.53823076,20.5,169.97,0.17,1014.0,1015.0,"{""42"": 67.22844695, ""43"": 0.534423303, ""44"": 0.01899866, ""45"": 0.039011078, ""46"": 0.025493739, ""47"": 13.0, ""48"": 6.0, ""49"": 3.0, ""50"": 2.0, ""51"": 1.0, ""53"": 6.805339368, ""56"": 0.028096174, ""57"": 0.000868954, ""58"": 10.752075, ""60"": 9.878779487, ""61"": 6.722844695, ""62"": 0.01899866, ""63"": 0.00054571, ""67"": 0.124025038, ""68"": 0.124025038, ""71"": 0.069454022, ""72"": 0.069454022, ""73"": 0.069454022, ""210"": 10.0, ""213"": 2.947292057}",{},2026-09-30T21:46:22-04:00
Tommy Tremble,4372780,TE,CAR,ACTIVE,54.78860159,10.5,41.28329926,50.4,169.86,0.17,1004.0,1005.0,"{""42"": 293.3266553, ""43"": 1.851947206, ""44"": 0.081239359, ""45"": 0.101440908, ""46"": 0.066291633, ""47"": 58.0, ""48"": 29.0, ""49"": 14.0, ""50"": 11.0, ""51"": 5.0, ""53"": 29.25780352, ""56"": 0.142854436, ""57"": 0.004418178, ""58"": 40.45937147, ""60"": 10.02558702, ""61"": 20.95190395, ""62"": 0.081239359, ""63"": 0.001756573, ""67"": 0.399221123, ""68"": 0.399221123, ""71"": 0.223563829, ""72"": 0.223563829, ""73"": 0.223563829, ""210"": 14.0, ""213"": 14.56808686}","{""41"": 7.0, ""42"": 70.0, ""47"": 13.0, ""48"": 6.0, ""49"": 3.0, ""50"": 2.0, ""53"": 7.0, ""58"": 11.0, ""59"": 40.0, ""60"": 10.0, ""61"": 23.33333333, ""67"": 1.0, ""68"": 1.0, ""155"": 1.0, ""156"": 2.0, ""210"": 3.0, ""213"": 5.0}",2026-09-30T21:46:22-04:00
Younghoe Koo,3049899,K,FA,ACTIVE,,,126.75087346,30.0,169.48,0.17,1751.0,1749.0,{},{},2026-09-30T21:46:22-04:00
Dylan Laube,4366963,RB,LV,ACTIVE,0.60422723,-2.0,1.02796154,2.2,170.01,0.17,431.0,434.0,"{""101"": 0.100704539, ""114"": 1161.140692, ""116"": 116.0, ""117"": 46.0, ""210"": 14.0}","{""68"": 1.0, ""72"": 1.0, ""73"": 1.0, ""107"": 3.0, ""109"": 3.0, ""114"": 158.0, ""116"": 14.0, ""117"": 5.0, ""155"": 3.0, ""210"": 3.0}",2026-09-30T21:46:22-04:00
Elijah Sarratt,5088338,WR,BAL,ACTIVE,,,,,169.89,0.17,1094.0,1095.0,{},{},2026-09-30T21:46:22-04:00
Rasheen Ali,4690013,RB,BAL,ACTIVE,0.06972302,0.0,6.24979984,19.7,169.93,0.16,398.0,402.0,"{""101"": 0.011620504, ""114"": 126.795153, ""116"": 12.0, ""117"": 5.0, ""210"": 14.0}","{""107"": 2.0, ""109"": 2.0, ""114"": 16.0, ""116"": 1.0, ""155"": 2.0, ""156"": 1.0, ""210"": 3.0}",2026-09-30T21:46:22-04:00
Erick All Jr.,4427834,TE,CIN,ACTIVE,12.71700331,1.5,,,169.92,0.16,444.0,449.0,"{""42"": 60.83200947, ""43"": 0.520068989, ""44"": 0.017380239, ""45"": 0.053657956, ""46"": 0.035065474, ""47"": 12.0, ""48"": 6.0, ""49"": 3.0, ""50"": 2.0, ""51"": 1.0, ""53"": 7.153200939, ""56"": 0.028511542, ""57"": 0.0008818, ""58"": 9.741155227, ""60"": 8.504166175, ""61"": 4.345143533, ""62"": 0.017380239, ""63"": 0.000384892, ""67"": 0.087475466, ""68"": 0.087475466, ""71"": 0.048986261, ""72"": 0.048986261, ""73"": 0.048986261, ""210"": 14.0, ""213"": 2.573802774}","{""41"": 2.0, ""42"": 5.0, ""47"": 1.0, ""53"": 2.0, ""58"": 3.0, ""59"": 5.0, ""60"": 2.5, ""61"": 1.66666667, ""155"": 2.0, ""156"": 1.0, ""210"": 3.0}",2026-09-30T21:46:22-04:00
Johnny Mundt,3052096,TE,PHI,ACTIVE,22.22463969,2.7,17.19066429,15.6,169.87,0.16,1258.0,1259.0,"{""42"": 120.290734, ""43"": 0.723787799, ""44"": 0.032037604, ""45"": 0.096361336, ""46"": 0.062972133, ""47"": 24.0, ""48"": 12.0, ""49"": 6.0, ""50"": 4.0, ""51"": 2.0, ""53"": 11.83692423, ""56"": 0.04744532, ""57"": 0.001467381, ""58"": 16.85413008, ""60"": 10.16233033, ""61"": 8.592195288, ""62"": 0.032037604, ""63"": 0.000509527, ""67"": 0.115801636, ""68"": 0.115801636, ""71"": 0.064848916, ""72"": 0.064848916, ""73"": 0.064848916, ""210"": 14.0, ""213"": 5.364319981}","{""41"": 3.0, ""42"": 12.0, ""47"": 1.0, ""53"": 3.0, ""58"": 4.0, ""59"": 13.0, ""60"": 4.0, ""61"": 4.0, ""108"": 1.0, ""109"": 1.0, ""155"": 2.0, ""156"": 1.0, ""210"": 3.0}",2026-09-30T21:46:22-04:00
Jonnu Smith,3054212,TE,GB,ACTIVE,34.0143818,8.6,106.99874628,66.2,169.9,0.16,1016.0,1017.0,"{""23"": 1.505720588, ""24"": 3.892995386, ""25"": 0.061802402, ""26"": 0.003036048, ""35"": 0.002764102, ""36"": 0.001934871, ""37"": 1.9e-05, ""38"": 6.48e-07, ""39"": 2.585469985, ""40"": 0.278071099, ""42"": 164.9349115, ""43"": 1.241196759, ""44"": 0.044096606, ""45"": 0.052522627, ""46"": 0.034323537, ""47"": 32.0, ""48"": 16.0, ""49"": 8.0, ""50"": 6.0, ""51"": 3.0, ""53"": 19.15069322, ""56"": 0.061917541, ""57"": 0.001914975, ""58"": 26.55901815, ""60"": 8.612477345, ""61"": 11.78106511, ""62"": 0.047132654, ""63"": 0.001417079, ""66"": 0.023476366, ""67"": 0.298587063, ""68"": 0.32206343, ""70"": 0.010799128, ""71"": 0.167208756, ""72"": 0.178007884, ""73"": 0.178007884, ""210"": 14.0, ""212"": 1.975343867, ""213"": 8.474057017}","{""41"": 4.0, ""42"": 66.0, ""47"": 13.0, ""48"": 6.0, ""49"": 2.0, ""50"": 2.0, ""51"": 1.0, ""53"": 4.0, ""58"": 6.0, ""59"": 34.0, ""60"": 16.5, ""61"": 22.0, ""155"": 1.0, ""156"": 2.0, ""210"": 3.0, ""213"": 2.0}",2026-09-30T21:46:22-04:00
Bryce Lance,4879276,WR,NO,ACTIVE,26.40404422,7.0,,,169.88,0.16,1011.0,1012.0,"{""42"": 149.3286182, ""43"": 0.99301338, ""44"": 0.053007549, ""45"": 0.151620998, ""46"": 0.099084322, ""47"": 29.0, ""48"": 14.0, ""49"": 7.0, ""50"": 5.0, ""51"": 2.0, ""53"": 11.27443306, ""56"": 0.062010321, ""57"": 0.001917845, ""58"": 18.65810499, ""60"": 13.24488933, ""61"": 10.66632987, ""62"": 0.053007549, ""63"": 0.000904, ""67"": 0.205472779, ""68"": 0.205472779, ""71"": 0.115064756, ""72"": 0.115064756, ""73"": 0.115064756, ""210"": 14.0, ""213"": 6.146951192}","{""41"": 4.0, ""42"": 50.0, ""47"": 9.0, ""48"": 4.0, ""49"": 2.0, ""50"": 1.0, ""53"": 4.0, ""58"": 8.0, ""59"": 7.0, ""60"": 12.5, ""61"": 16.66666667, ""155"": 1.0, ""156"": 2.0, ""210"": 3.0, ""213"": 2.0}",2026-09-30T21:46:22-04:00
Bam Knight,4427728,RB,ARI,ACTIVE,,2.4,5.57536414,81.9,170.03,0.15,430.0,433.0,{},"{""23"": 2.0, ""24"": 24.0, ""27"": 4.0, ""28"": 2.0, ""29"": 1.0, ""39"": 12.0, ""40"": 8.0, ""155"": 1.0, ""156"": 2.0, ""210"": 3.0, ""212"": 1.0}",2026-09-30T21:46:22-04:00
Jaylin Lane,4602667,WR,WSH,ACTIVE,8.65535497,3.5,18.32128388,41.2,169.93,0.15,1076.0,1077.0,"{""42"": 30.68022759, ""43"": 0.193190211, ""44"": 0.008461862, ""45"": 0.131533654, ""46"": 0.085957243, ""47"": 6.0, ""48"": 3.0, ""49"": 1.0, ""50"": 1.0, ""53"": 2.515340683, ""56"": 0.016325218, ""57"": 0.000504904, ""58"": 3.984116236, ""60"": 12.1972454, ""61"": 2.191444828, ""62"": 0.008461862, ""63"": 0.000201701, ""67"": 0.045841244, ""68"": 0.045841244, ""71"": 0.025671097, ""72"": 0.025671097, ""73"": 0.025671097, ""101"": 0.083367519, ""102"": 0.450788994, ""114"": 744.5581852, ""115"": 275.2413568, ""116"": 74.0, ""117"": 29.0, ""118"": 27.0, ""119"": 11.0, ""210"": 14.0, ""213"": 0.55154777}","{""41"": 2.0, ""42"": 25.0, ""47"": 4.0, ""48"": 2.0, ""49"": 1.0, ""53"": 2.0, ""58"": 2.0, ""59"": 23.0, ""60"": 12.5, ""61"": 8.33333333, ""68"": 1.0, ""114"": 215.0, ""115"": 67.0, ""116"": 21.0, ""117"": 7.0, ""118"": 6.0, ""119"": 2.0, ""155"": 1.0, ""156"": 2.0, ""210"": 3.0, ""213"": 1.0}",2026-09-30T21:46:22-04:00
Trey Benson,4429275,RB,ARI,INJURY_RESERVE,,,116.96089209,28.9,170.01,0.14,456.0,460.0,{},{},2026-09-30T21:46:22-04:00
Ja'Tavion Sanders,4431588,TE,CAR,ACTIVE,,,80.28927817,39.5,170.0,0.14,466.0,469.0,{},{},2026-09-30T21:46:22-04:00
Tyler Goodson,4429676,RB,DAL,ACTIVE,49.99246147,2.2,9.14323843,4.2,169.8,0.14,2283.0,2233.0,"{""23"": 63.70189676, ""24"": 270.0404515, ""25"": 2.075685503, ""26"": 0.103820387, ""27"": 54.0, ""28"": 27.0, ""29"": 13.0, ""30"": 10.0, ""31"": 5.0, ""33"": 12.0, ""34"": 6.0, ""35"": 0.121755333, ""36"": 0.085228733, ""37"": 0.227896744, ""38"": 0.00778, ""39"": 4.23912733, ""40"": 19.28860368, ""42"": 49.28177788, ""43"": 0.381916694, ""44"": 0.018136874, ""45"": 0.031156572, ""46"": 0.02036082, ""47"": 9.0, ""48"": 4.0, ""49"": 2.0, ""50"": 1.0, ""53"": 7.051871276, ""56"": 0.024194478, ""57"": 0.000748283, ""58"": 9.331213795, ""60"": 6.988468161, ""61"": 3.520126992, ""62"": 0.121957261, ""63"": 0.00213099, ""66"": 0.436045253, ""67"": 0.048270698, ""68"": 0.484315951, ""70"": 0.200580816, ""71"": 0.027031591, ""72"": 0.227612407, ""73"": 0.227612407, ""210"": 14.0, ""212"": 16.24186752, ""213"": 2.175703687}","{""23"": 6.0, ""24"": 22.0, ""27"": 4.0, ""28"": 2.0, ""29"": 1.0, ""33"": 1.0, ""39"": 3.66666667, ""40"": 22.0, ""41"": 1.0, ""42"": -5.0, ""53"": 1.0, ""58"": 1.0, ""59"": 1.0, ""60"": -5.0, ""61"": -5.0, ""156"": 1.0, ""210"": 1.0, ""212"": 1.0}",2026-09-30T21:46:22-04:00
Laquon Treadwell,3051889,WR,IND,ACTIVE,22.73375957,10.1,,0.0,169.93,0.14,1152.0,1153.0,"{""42"": 139.2627614, ""43"": 0.521510625, ""44"": 0.026493706, ""45"": 0.108938144, ""46"": 0.071191077, ""47"": 27.0, ""48"": 13.0, ""49"": 6.0, ""50"": 5.0, ""51"": 2.0, ""53"": 11.72970943, ""56"": 0.073708451, ""57"": 0.002279643, ""58"": 18.46233666, ""60"": 11.87265228, ""61"": 9.947340102, ""62"": 0.026493706, ""63"": 0.000940588, ""67"": 0.213770039, ""68"": 0.213770039, ""71"": 0.119711222, ""72"": 0.119711222, ""73"": 0.119711222, ""210"": 14.0, ""213"": 5.780342009}","{""41"": 4.0, ""42"": 81.0, ""47"": 16.0, ""48"": 8.0, ""49"": 4.0, ""50"": 2.0, ""51"": 1.0, ""53"": 4.0, ""58"": 5.0, ""59"": 9.0, ""60"": 20.25, ""61"": 27.0, ""107"": 1.0, ""109"": 1.0, ""155"": 1.0, ""156"": 2.0, ""210"": 3.0, ""213"": 2.0}",2026-09-30T21:46:22-04:00
Jordan Whittington,4569382,WR,LAR,ACTIVE,22.4171551,1.3,48.23541321,27.3,169.83,0.14,1114.0,1115.0,"{""23"": 3.548764428, ""24"": 18.8664854, ""25"": 0.175643579, ""26"": 0.007531459, ""27"": 3.0, ""28"": 1.0, ""35"": 0.006523393, ""36"": 0.004566375, ""37"": 0.000981465, ""38"": 3.35e-05, ""39"": 5.316353278, ""40"": 1.3476061, ""42"": 104.4062608, ""43"": 0.69237946, ""44"": 0.025799992, ""45"": 0.110099879, ""46"": 0.071950271, ""47"": 20.0, ""48"": 10.0, ""49"": 5.0, ""50"": 4.0, ""51"": 2.0, ""53"": 9.568616007, ""56"": 0.0424104, ""57"": 0.001311662, ""58"": 14.17575499, ""60"": 10.91132309, ""61"": 7.457590055, ""62"": 0.033331452, ""63"": 0.001051863, ""66"": 0.064675047, ""67"": 0.174384833, ""68"": 0.23905988, ""70"": 0.029750522, ""71"": 0.097655506, ""72"": 0.127406028, ""73"": 0.127406028, ""101"": 0.047597232, ""114"": 525.8352415, ""116"": 52.0, ""117"": 21.0, ""210"": 14.0, ""212"": 2.689918784, ""213"": 4.396422907}","{""41"": 1.0, ""42"": 8.0, ""47"": 1.0, ""53"": 1.0, ""58"": 1.0, ""60"": 8.0, ""61"": 4.0, ""68"": 1.0, ""114"": 94.0, ""116"": 9.0, ""117"": 3.0, ""156"": 2.0, ""210"": 2.0}",2026-09-30T21:46:22-04:00
Charlie Smyth,5208518,K,FA,ACTIVE,,,,56.0,169.62,0.14,2512.0,2511.0,{},{},2026-09-30T21:46:22-04:00
Ben Sauls,4566158,K,NYG,ACTIVE,,,,32.0,169.25,0.14,2583.0,2562.0,{},{},2026-09-30T21:46:22-04:00
Nick Chubb,3128720,RB,FA,ACTIVE,,,113.5688121,81.8,169.76,0.13,1730.0,1731.0,null,{},2026-09-30T21:46:22-04:00
Jordan Watkins,4431466,WR,SF,ACTIVE,19.8147446,7.0,6.65267937,3.6,169.83,0.13,1408.0,1409.0,"{""42"": 116.3047759, ""43"": 0.698149455, ""44"": 0.028198392, ""45"": 0.225439241, ""46"": 0.147324544, ""47"": 23.0, ""48"": 11.0, ""49"": 5.0, ""50"": 4.0, ""51"": 2.0, ""53"": 8.213238077, ""56"": 0.045927635, ""57"": 0.001420442, ""58"": 13.22087902, ""60"": 14.16064832, ""61"": 8.307483996, ""62"": 0.028198392, ""63"": 0.000658607, ""67"": 0.149683522, ""68"": 0.149683522, ""71"": 0.083822773, ""72"": 0.083822773, ""73"": 0.083822773, ""210"": 14.0, ""213"": 4.417961407}","{""41"": 2.0, ""42"": 60.0, ""47"": 12.0, ""48"": 6.0, ""49"": 3.0, ""50"": 2.0, ""51"": 1.0, ""53"": 2.0, ""58"": 2.0, ""59"": 27.0, ""60"": 30.0, ""61"": 60.0, ""155"": 1.0, ""210"": 1.0, ""213"": 2.0}",2026-09-30T21:46:22-04:00
Jahdae Walker,5160110,WR,CHI,ACTIVE,2.85961042,6.6,,23.7,169.9,0.13,1242.0,1243.0,"{""42"": 15.20079018, ""43"": 0.117479852, ""44"": 0.005142067, ""45"": 0.097001029, ""46"": 0.063390173, ""47"": 3.0, ""48"": 1.0, ""53"": 1.301883421, ""56"": 0.00868473, ""57"": 0.0002686, ""58"": 2.127766953, ""60"": 11.6759995, ""61"": 1.085770727, ""62"": 0.005142067, ""63"": 0.000104396, ""67"": 0.023726391, ""68"": 0.023726391, ""71"": 0.013286779, ""72"": 0.013286779, ""73"": 0.013286779, ""210"": 14.0, ""213"": -0.182860474}","{""41"": 1.0, ""42"": 1.0, ""43"": 1.0, ""53"": 1.0, ""58"": 1.0, ""60"": 1.0, ""61"": 0.33333333, ""107"": 2.0, ""109"": 2.0, ""155"": 2.0, ""156"": 1.0, ""158"": 6.0, ""183"": 1.0, ""210"": 3.0, ""213"": 1.0}",2026-09-30T21:46:22-04:00
Anthony Richardson Sr.,4429084,QB,IND,ACTIVE,,0.0,79.41678228,1.5,170.0,0.13,477.0,480.0,{},"{""156"": 1.0, ""210"": 1.0}",2026-09-30T21:46:22-04:00
Joe Mixon,3116385,RB,FA,OUT,,,107.98303864,,169.91,0.13,1727.0,1728.0,null,{},2026-09-30T21:46:22-04:00
Luke Schoonmaker,4372096,TE,DAL,ACTIVE,9.30133456,3.1,22.91875601,20.2,169.82,0.12,1077.0,1078.0,"{""42"": 45.49858441, ""43"": 0.386303656, ""44"": 0.018339408, ""45"": 0.064370988, ""46"": 0.042066441, ""47"": 9.0, ""48"": 4.0, ""49"": 2.0, ""50"": 1.0, ""53"": 4.901359664, ""56"": 0.02269567, ""57"": 0.000701928, ""58"": 6.998410346, ""60"": 9.282849562, ""61"": 3.249898886, ""62"": 0.018339408, ""63"": 0.000210982, ""67"": 0.047950418, ""68"": 0.047950418, ""71"": 0.026852234, ""72"": 0.026852234, ""73"": 0.026852234, ""210"": 14.0, ""213"": 1.582999437}","{""41"": 2.0, ""42"": 21.0, ""47"": 3.0, ""48"": 1.0, ""53"": 2.0, ""58"": 2.0, ""59"": 3.0, ""60"": 10.5, ""61"": 7.0, ""155"": 1.0, ""156"": 2.0, ""210"": 3.0}",2026-09-30T21:46:22-04:00
Barion Brown,4698597,WR,NO,QUESTIONABLE,4.41166993,0.3,,,169.9,0.12,1120.0,1121.0,"{""23"": 3.578587662, ""24"": 19.49880165, ""25"": 0.142345979, ""26"": 0.009562943, ""27"": 3.0, ""28"": 1.0, ""35"": 0.006578323, ""36"": 0.004604826, ""37"": 0.001050045, ""38"": 3.58e-05, ""39"": 5.448742211, ""40"": 1.444355678, ""62"": 0.009562943, ""63"": 0.000286962, ""66"": 0.065218566, ""68"": 0.065218566, ""70"": 0.03000054, ""72"": 0.03000054, ""73"": 0.03000054, ""101"": 0.076905417, ""102"": 0.197859431, ""114"": 686.8449286, ""115"": 197.8594305, ""116"": 68.0, ""117"": 27.0, ""118"": 19.0, ""119"": 7.0, ""210"": 13.5, ""212"": 2.68825758}","{""23"": 1.0, ""24"": 3.0, ""39"": 3.0, ""40"": 1.5, ""114"": 128.0, ""115"": 34.0, ""116"": 12.0, ""117"": 4.0, ""118"": 3.0, ""155"": 1.0, ""156"": 1.0, ""210"": 2.0}",2026-09-30T21:46:22-04:00
Ashton Dulin,4061956,WR,IND,QUESTIONABLE,13.26857891,0.0,3.22586542,17.5,169.94,0.12,1053.0,1054.0,"{""23"": 3.617452729, ""24"": 21.53145555, ""25"": 0.161140485, ""26"": 0.004660257, ""27"": 4.0, ""28"": 2.0, ""29"": 1.0, ""35"": 0.006649966, ""36"": 0.004654976, ""37"": 0.001298726, ""38"": 4.43e-05, ""39"": 5.95210419, ""40"": 1.594922633, ""42"": 63.74004733, ""43"": 0.247414276, ""44"": 0.012570613, ""45"": 0.144274718, ""46"": 0.094283528, ""47"": 12.0, ""48"": 6.0, ""49"": 3.0, ""50"": 2.0, ""51"": 1.0, ""53"": 4.829748089, ""56"": 0.027713783, ""57"": 0.000857127, ""58"": 8.005028465, ""60"": 13.19738549, ""61"": 4.721484988, ""62"": 0.01723087, ""63"": 0.000677369, ""66"": 0.065926869, ""67"": 0.088020547, ""68"": 0.153947415, ""70"": 0.03032636, ""71"": 0.049291506, ""72"": 0.079617866, ""73"": 0.079617866, ""210"": 13.5, ""212"": 2.773263304, ""213"": 2.012910769}","{""58"": 1.0, ""108"": 2.0, ""109"": 2.0, ""114"": 33.0, ""116"": 3.0, ""117"": 1.0, ""156"": 1.0, ""210"": 1.0}",2026-09-30T21:46:22-04:00
Devontez Walker,4696882,WR,BAL,ACTIVE,24.47402241,5.2,4.39188736,34.6,169.75,0.12,1002.0,1003.0,"{""42"": 142.3805566, ""43"": 0.961084949, ""44"": 0.045514822, ""45"": 0.306861956, ""46"": 0.200534288, ""47"": 28.0, ""48"": 14.0, ""49"": 7.0, ""50"": 5.0, ""51"": 2.0, ""53"": 9.129552864, ""56"": 0.053870967, ""57"": 0.001666112, ""58"": 14.88991243, ""60"": 15.59556735, ""61"": 10.17003975, ""62"": 0.045514822, ""63"": 0.000732085, ""67"": 0.166383054, ""68"": 0.166383054, ""71"": 0.09317451, ""72"": 0.09317451, ""73"": 0.09317451, ""210"": 14.0, ""213"": 5.453405946}","{""41"": 1.0, ""42"": 47.0, ""47"": 9.0, ""48"": 4.0, ""49"": 2.0, ""50"": 1.0, ""53"": 1.0, ""58"": 3.0, ""59"": 1.0, ""60"": 47.0, ""61"": 23.5, ""155"": 1.0, ""156"": 1.0, ""210"": 2.0, ""213"": 1.0}",2026-09-30T21:46:22-04:00
Tommy DeVito,4240391,QB,NE,ACTIVE,,1.4,,,169.89,0.12,481.0,483.0,{},"{""0"": 5.0, ""1"": 3.0, ""2"": 2.0, ""3"": 30.0, ""5"": 6.0, ""6"": 3.0, ""7"": 1.0, ""8"": 1.0, ""21"": 0.6, ""22"": 30.0, ""23"": 1.0, ""24"": 2.0, ""39"": 2.0, ""40"": 2.0, ""156"": 1.0, ""210"": 1.0, ""211"": 2.0}",2026-09-30T21:46:22-04:00
Devin Neal,4682652,RB,FA,ACTIVE,,,47.82797076,51.5,169.97,0.12,2495.0,2494.0,{},{},2026-09-30T21:46:22-04:00
Kene Nwangwu,4035537,RB,NYJ,ACTIVE,,,,10.9,170.04,0.12,404.0,408.0,{},{},2026-09-30T21:46:22-04:00
Corey Kiner,4431431,RB,NE,ACTIVE,0.17440039,4.3,,8.3,169.93,0.11,1293.0,1294.0,"{""101"": 0.029066732, ""114"": 259.5959828, ""116"": 25.0, ""117"": 10.0, ""210"": 14.0}","{""23"": 14.0, ""24"": 29.0, ""27"": 5.0, ""28"": 2.0, ""33"": 2.0, ""39"": 2.07142857, ""40"": 9.66666667, ""41"": 1.0, ""42"": 9.0, ""47"": 1.0, ""53"": 1.0, ""58"": 1.0, ""59"": 12.0, ""60"": 9.0, ""61"": 3.0, ""114"": 28.0, ""116"": 2.0, ""117"": 1.0, ""155"": 1.0, ""156"": 2.0, ""210"": 3.0, ""212"": 1.0, ""213"": 1.0}",2026-09-30T21:46:22-04:00
Ameer Abdullah,2576336,RB,JAX,ACTIVE,16.74049053,5.7,,27.9,170.01,0.11,434.0,437.0,"{""23"": 11.12547471, ""24"": 49.02663205, ""25"": 0.280878025, ""26"": 0.011819965, ""27"": 9.0, ""28"": 4.0, ""29"": 2.0, ""30"": 1.0, ""33"": 2.0, ""34"": 1.0, ""35"": 0.020553311, ""36"": 0.014387317, ""37"": 0.007185859, ""38"": 0.000245226, ""39"": 4.406700238, ""40"": 3.50190229, ""42"": 44.89929077, ""43"": 0.34331447, ""44"": 0.013129425, ""45"": 0.029109618, ""46"": 0.019023135, ""47"": 8.0, ""48"": 4.0, ""49"": 2.0, ""50"": 1.0, ""53"": 6.881230633, ""56"": 0.022454867, ""57"": 0.00069448, ""58"": 8.702090963, ""60"": 6.524892589, ""61"": 3.207092198, ""62"": 0.024949391, ""63"": 0.000722134, ""66"": 0.10140263, ""67"": 0.062718662, ""68"": 0.164121292, ""70"": 0.04664521, ""71"": 0.035122451, ""72"": 0.081767661, ""73"": 0.081767661, ""101"": 0.04596075, ""114"": 492.0787806, ""116"": 49.0, ""117"": 19.0, ""210"": 14.0, ""212"": 4.247047578, ""213"": 2.0001722}","{""23"": 10.0, ""24"": 45.0, ""27"": 8.0, ""28"": 4.0, ""29"": 1.0, ""30"": 1.0, ""39"": 4.5, ""40"": 15.0, ""41"": 2.0, ""42"": 2.0, ""53"": 2.0, ""58"": 3.0, ""59"": 11.0, ""60"": 1.0, ""61"": 0.66666667, ""114"": 113.0, ""116"": 10.0, ""117"": 4.0, ""155"": 2.0, ""156"": 1.0, ""210"": 3.0, ""212"": 3.0}",2026-09-30T21:46:22-04:00
Kaden Wetjen,5081338,WR,PIT,ACTIVE,2.14404224,0.0,,,169.92,0.11,1297.0,1298.0,"{""101"": 0.111106746, ""102"": 0.246233628, ""114"": 992.2981829, ""115"": 246.2336279, ""116"": 99.0, ""117"": 39.0, ""118"": 24.0, ""119"": 9.0, ""210"": 14.0}","{""114"": 221.0, ""115"": 39.0, ""116"": 21.0, ""117"": 8.0, ""118"": 3.0, ""155"": 2.0, ""156"": 1.0, ""210"": 3.0}",2026-09-30T21:46:22-04:00
Hunter Luepke,4383396,RB,DAL,ACTIVE,12.16285602,0.8,9.94266221,30.5,169.84,0.11,1095.0,1096.0,"{""23"": 10.61698279, ""24"": 44.01317546, ""25"": 0.384963073, ""26"": 0.019254851, ""27"": 8.0, ""28"": 4.0, ""29"": 2.0, ""30"": 1.0, ""33"": 2.0, ""34"": 1.0, ""35"": 0.019607543, ""36"": 0.01372528, ""37"": 0.005782162, ""38"": 0.000197323, ""39"": 4.145544578, ""40"": 3.143798247, ""42"": 26.61621511, ""43"": 0.164765125, ""44"": 0.007824154, ""45"": 0.038540693, ""46"": 0.025186343, ""47"": 5.0, ""48"": 2.0, ""49"": 1.0, ""50"": 1.0, ""53"": 3.685002225, ""56"": 0.014424562, ""57"": 0.00044612, ""58"": 4.665606898, ""60"": 7.222849129, ""61"": 1.901158222, ""62"": 0.027079005, ""63"": 0.000430753, ""66"": 0.072674209, ""67"": 0.025224174, ""68"": 0.097898383, ""70"": 0.033430136, ""71"": 0.014125537, ""72"": 0.047555674, ""73"": 0.047555674, ""210"": 14.0, ""212"": 4.124469698, ""213"": 0.694459219}","{""23"": 2.0, ""24"": 8.0, ""27"": 1.0, ""39"": 4.0, ""40"": 2.66666667, ""107"": 2.0, ""109"": 2.0, ""155"": 1.0, ""156"": 2.0, ""210"": 3.0, ""212"": 2.0}",2026-09-30T21:46:22-04:00
Darius Cooper,4715355,WR,PHI,ACTIVE,12.12022415,9.6,,13.7,169.86,0.11,1249.0,1250.0,"{""42"": 68.24680655, ""43"": 0.427746445, ""44"": 0.018934638, ""45"": 0.152594738, ""46"": 0.099720661, ""47"": 13.0, ""48"": 6.0, ""49"": 3.0, ""50"": 2.0, ""51"": 1.0, ""53"": 5.61146954, ""56"": 0.030937894, ""57"": 0.000956842, ""58"": 8.573302585, ""60"": 12.16202032, ""61"": 4.874771897, ""62"": 0.018934638, ""63"": 0.000449976, ""67"": 0.102267159, ""68"": 0.102267159, ""71"": 0.057269609, ""72"": 0.057269609, ""73"": 0.057269609, ""210"": 14.0, ""213"": 2.389110244}","{""41"": 2.0, ""42"": 26.0, ""43"": 1.0, ""47"": 5.0, ""48"": 2.0, ""49"": 1.0, ""50"": 1.0, ""53"": 2.0, ""58"": 3.0, ""59"": 18.0, ""60"": 13.0, ""61"": 8.66666667, ""107"": 2.0, ""108"": 4.0, ""109"": 6.0, ""110"": 1.0, ""155"": 2.0, ""156"": 1.0, ""158"": 6.0, ""183"": 1.0, ""210"": 3.0, ""213"": 2.0}",2026-09-30T21:46:22-04:00
Tez Johnson,4608810,WR,TB,ACTIVE,56.15487178,6.3,2.65124975,78.4,169.92,0.11,1118.0,1119.0,"{""23"": 5.54444852, ""24"": 28.44989023, ""25"": 0.209407258, ""26"": 0.007461874, ""27"": 5.0, ""28"": 2.0, ""29"": 1.0, ""30"": 1.0, ""33"": 1.0, ""35"": 0.010205281, ""36"": 0.007143697, ""37"": 0.002331638, ""38"": 7.96e-05, ""39"": 5.131238955, ""40"": 2.032135017, ""42"": 294.6600124, ""43"": 1.794079038, ""44"": 0.078120159, ""45"": 0.139569186, ""46"": 0.091208463, ""47"": 58.0, ""48"": 29.0, ""49"": 14.0, ""50"": 11.0, ""51"": 5.0, ""53"": 21.75275206, ""56"": 0.143667701, ""57"": 0.004443331, ""58"": 37.70369045, ""60"": 13.5458728, ""61"": 21.04714374, ""62"": 0.085582032, ""63"": 0.002188922, ""66"": 0.101045724, ""67"": 0.396436645, ""68"": 0.497482369, ""70"": 0.046481033, ""71"": 0.222004521, ""72"": 0.268485554, ""73"": 0.268485554, ""102"": 0.218732459, ""115"": 218.7324594, ""118"": 21.0, ""119"": 8.0, ""210"": 14.0, ""212"": 3.159920574, ""213"": 12.87054372}","{""23"": 1.0, ""24"": -4.0, ""39"": -4.0, ""40"": -1.33333333, ""41"": 2.0, ""42"": 57.0, ""47"": 10.0, ""48"": 4.0, ""49"": 2.0, ""50"": 1.0, ""53"": 2.0, ""58"": 7.0, ""59"": 9.0, ""60"": 28.5, ""61"": 19.0, ""115"": 67.0, ""118"": 6.0, ""119"": 1.0, ""156"": 3.0, ""210"": 3.0, ""213"": 1.0}",2026-09-30T21:46:22-04:00
Brock Wright,4242392,TE,DET,ACTIVE,18.75439949,2.7,7.7987401,29.8,169.69,0.11,1138.0,1139.0,"{""42"": 89.68960929, ""43"": 0.792121833, ""44"": 0.032432104, ""45"": 0.068083392, ""46"": 0.044492497, ""47"": 17.0, ""48"": 8.0, ""49"": 4.0, ""50"": 3.0, ""51"": 1.0, ""53"": 10.15829674, ""56"": 0.037988217, ""57"": 0.001174893, ""58"": 13.58784622, ""60"": 8.829197613, ""61"": 6.406400664, ""62"": 0.032432104, ""63"": 0.00043727, ""67"": 0.09937948, ""68"": 0.09937948, ""71"": 0.055652509, ""72"": 0.055652509, ""73"": 0.055652509, ""210"": 14.0, ""213"": 4.165789273}","{""41"": 3.0, ""42"": 12.0, ""47"": 2.0, ""53"": 3.0, ""58"": 3.0, ""59"": 6.0, ""60"": 4.0, ""61"": 4.0, ""155"": 2.0, ""156"": 1.0, ""210"": 3.0, ""213"": 1.0}",2026-09-30T21:46:22-04:00
Efton Chism III,4695193,WR,NE,ACTIVE,5.14231054,1.5,10.40632669,15.0,169.9,0.11,1208.0,1209.0,"{""42"": 28.02638909, ""43"": 0.160644539, ""44"": 0.006487698, ""45"": 0.044211149, ""46"": 0.028891986, ""47"": 5.0, ""48"": 2.0, ""49"": 1.0, ""50"": 1.0, ""53"": 2.283795337, ""56"": 0.011580635, ""57"": 0.000358164, ""58"": 3.494831899, ""60"": 12.27184793, ""61"": 2.001884935, ""62"": 0.006487698, ""63"": 0.000183134, ""67"": 0.041621408, ""68"": 0.041621408, ""71"": 0.023307988, ""72"": 0.023307988, ""73"": 0.023307988, ""102"": 0.044591218, ""115"": 44.59121838, ""118"": 4.0, ""119"": 1.0, ""210"": 14.0, ""213"": 1.08858017}","{""0"": 1.0, ""1"": 1.0, ""3"": 16.0, ""5"": 3.0, ""6"": 1.0, ""21"": 1.0, ""22"": 8.0, ""41"": 2.0, ""42"": -1.0, ""53"": 2.0, ""58"": 3.0, ""60"": -0.5, ""61"": -0.5, ""108"": 1.0, ""109"": 1.0, ""115"": 18.0, ""118"": 1.0, ""155"": 1.0, ""156"": 1.0, ""210"": 2.0}",2026-09-30T21:46:22-04:00
Xavier Smith,4386544,WR,LAR,ACTIVE,7.90282998,0.0,3.05975041,39.3,169.91,0.1,1192.0,1193.0,"{""42"": 34.97058099, ""43"": 0.244149691, ""44"": 0.009098111, ""45"": 0.112401393, ""46"": 0.07345431, ""47"": 6.0, ""48"": 3.0, ""49"": 1.0, ""50"": 1.0, ""53"": 2.975024003, ""56"": 0.018256402, ""57"": 0.000564631, ""58"": 4.725251665, ""60"": 11.7547223, ""61"": 2.497898642, ""62"": 0.009098111, ""63"": 0.000238563, ""67"": 0.054218819, ""68"": 0.054218819, ""71"": 0.030362539, ""72"": 0.030362539, ""73"": 0.030362539, ""101"": 0.071395849, ""102"": 0.177919249, ""114"": 710.1709075, ""115"": 196.9820259, ""116"": 71.0, ""117"": 28.0, ""118"": 19.0, ""119"": 7.0, ""210"": 14.0, ""213"": 0.795474003}","{""58"": 1.0, ""114"": 144.0, ""115"": 69.0, ""116"": 13.0, ""117"": 5.0, ""118"": 6.0, ""119"": 2.0, ""155"": 1.0, ""156"": 2.0, ""210"": 3.0}",2026-09-30T21:46:22-04:00
Isaac Guerendo,4372561,RB,SF,OUT,,,32.83059914,0.0,169.97,0.1,1388.0,1389.0,{},{},2026-09-30T21:46:22-04:00
Isaiah Bond,4808839,WR,CLE,ACTIVE,2.86827873,1.5,45.90911782,45.7,169.88,0.1,1038.0,1039.0,"{""42"": 16.1277, ""43"": 0.106440708, ""44"": 0.006259911, ""45"": 0.094005945, ""46"": 0.061432885, ""47"": 3.0, ""48"": 1.0, ""53"": 1.260132015, ""56"": 0.009139236, ""57"": 0.000282657, ""58"": 2.262213146, ""60"": 12.79842096, ""61"": 1.151978571, ""62"": 0.006259911, ""63"": 0.000101048, ""67"": 0.022965485, ""68"": 0.022965485, ""71"": 0.012860672, ""72"": 0.012860672, ""73"": 0.012860672, ""210"": 14.0, ""213"": -0.171330536}","{""41"": 1.0, ""42"": 10.0, ""47"": 2.0, ""48"": 1.0, ""53"": 1.0, ""58"": 1.0, ""59"": 3.0, ""60"": 10.0, ""61"": 3.33333333, ""155"": 2.0, ""156"": 1.0, ""210"": 3.0, ""213"": 1.0}",2026-09-30T21:46:22-04:00
Lil'Jordan Humphrey,4039057,WR,DEN,ACTIVE,,0.0,,28.1,169.81,0.1,1339.0,1340.0,null,"{""58"": 1.0, ""155"": 1.0, ""156"": 1.0, ""210"": 2.0}",2026-09-30T21:46:22-04:00
Josh Cameron,4879194,WR,JAX,ACTIVE,51.50716891,16.7,,,169.92,0.1,1234.0,1235.0,"{""42"": 287.0454057, ""43"": 2.066321056, ""44"": 0.078998103, ""45"": 0.174291966, ""46"": 0.1138998, ""47"": 57.0, ""48"": 28.0, ""49"": 14.0, ""50"": 11.0, ""51"": 5.0, ""53"": 20.2874963, ""56"": 0.13606363, ""57"": 0.004208154, ""58"": 34.80836385, ""60"": 14.14888271, ""61"": 20.50324326, ""62"": 0.078998103, ""63"": 0.001626825, ""67"": 0.369732848, ""68"": 0.369732848, ""71"": 0.207050395, ""72"": 0.207050395, ""73"": 0.207050395, ""101"": 0.086176407, ""114"": 769.6444583, ""116"": 76.0, ""117"": 30.0, ""210"": 14.0, ""213"": 12.43790663}","{""41"": 3.0, ""42"": 32.0, ""43"": 2.0, ""47"": 6.0, ""48"": 3.0, ""49"": 1.0, ""53"": 3.0, ""58"": 4.0, ""59"": 6.0, ""60"": 10.66666667, ""61"": 10.66666667, ""107"": 2.0, ""108"": 2.0, ""109"": 4.0, ""110"": 1.0, ""114"": 136.0, ""116"": 13.0, ""117"": 4.0, ""155"": 2.0, ""156"": 1.0, ""158"": 12.0, ""183"": 1.0, ""184"": 1.0, ""210"": 3.0, ""213"": 3.0}",2026-09-30T21:46:22-04:00
Colbie Young,5092508,WR,CIN,OUT,8.2729558,1.9,,,169.85,0.1,1065.0,1066.0,"{""42"": 44.85601786, ""43"": 0.334711865, ""44"": 0.011182195, ""45"": 0.113228164, ""46"": 0.073994605, ""47"": 8.0, ""48"": 4.0, ""49"": 2.0, ""50"": 1.0, ""53"": 3.662971271, ""56"": 0.02131217, ""57"": 0.000659139, ""58"": 5.910612454, ""60"": 12.24580116, ""61"": 3.450462912, ""62"": 0.011182195, ""63"": 0.000293728, ""67"": 0.066756429, ""68"": 0.066756429, ""71"": 0.0373836, ""72"": 0.0373836, ""73"": 0.0373836, ""210"": 13.0, ""213"": 1.329543744}","{""41"": 2.0, ""42"": 9.0, ""47"": 1.0, ""53"": 2.0, ""58"": 2.0, ""59"": 2.0, ""60"": 4.5, ""61"": 3.0, ""155"": 2.0, ""156"": 1.0, ""210"": 3.0}",2026-09-30T21:46:22-04:00
Jalen Royals,5082630,WR,KC,ACTIVE,24.69457158,9.2,19.85056143,1.4,169.74,0.09,1141.0,1142.0,"{""42"": 128.1295203, ""43"": 1.101840202, ""44"": 0.043791676, ""45"": 0.113935264, ""46"": 0.074456695, ""47"": 25.0, ""48"": 12.0, ""49"": 6.0, ""50"": 5.0, ""51"": 2.0, ""53"": 10.80717395, ""56"": 0.049459302, ""57"": 0.001529669, ""58"": 17.2409874, ""60"": 11.8559691, ""61"": 9.152108595, ""62"": 0.043791676, ""63"": 0.000866611, ""67"": 0.196957138, ""68"": 0.196957138, ""71"": 0.110295997, ""72"": 0.110295997, ""73"": 0.110295997, ""210"": 14.0, ""213"": 5.500360441}","{""41"": 3.0, ""42"": 17.0, ""43"": 1.0, ""47"": 3.0, ""48"": 1.0, ""53"": 3.0, ""58"": 3.0, ""59"": 14.0, ""60"": 5.66666667, ""61"": 5.66666667, ""107"": 2.0, ""108"": 1.0, ""109"": 3.0, ""155"": 3.0, ""158"": 6.0, ""183"": 1.0, ""210"": 3.0, ""213"": 3.0}",2026-09-30T21:46:22-04:00
Malik Benson,5150247,WR,LV,ACTIVE,25.75030023,0.3,,,169.94,0.09,978.0,979.0,"{""23"": 1.783972667, ""24"": 9.374452424, ""25"": 0.068583004, ""26"": 0.004125079, ""27"": 1.0, ""35"": 0.0032755, ""36"": 0.00229285, ""37"": 0.000206867, ""38"": 7.06e-06, ""39"": 5.254818415, ""40"": 0.669603745, ""42"": 138.7313342, ""43"": 0.700713834, ""44"": 0.039987556, ""45"": 0.138976586, ""46"": 0.090821199, ""47"": 27.0, ""48"": 13.0, ""49"": 6.0, ""50"": 5.0, ""51"": 2.0, ""53"": 10.5394914, ""56"": 0.052733744, ""57"": 0.001630941, ""58"": 17.80042247, ""60"": 13.16300085, ""61"": 9.909381014, ""62"": 0.044112635, ""63"": 0.0009882, ""66"": 0.032512306, ""67"": 0.192078713, ""68"": 0.224591019, ""70"": 0.014955661, ""71"": 0.107564079, ""72"": 0.12251974, ""73"": 0.12251974, ""102"": 0.201834842, ""115"": 201.8348423, ""118"": 20.0, ""119"": 8.0, ""210"": 14.0, ""212"": 2.182386671, ""213"": 5.567676381}","{""23"": 1.0, ""24"": -8.0, ""39"": -8.0, ""40"": -2.66666667, ""41"": 1.0, ""42"": 6.0, ""47"": 1.0, ""53"": 1.0, ""58"": 4.0, ""59"": 7.0, ""60"": 6.0, ""61"": 2.0, ""115"": 64.0, ""118"": 5.0, ""119"": 1.0, ""155"": 3.0, ""210"": 3.0}",2026-09-30T21:46:22-04:00
Brenen Thompson,4685553,WR,LAC,QUESTIONABLE,19.07158812,1.8,,,169.97,0.09,1079.0,1080.0,"{""42"": 117.2367508, ""43"": 0.463965357, ""44"": 0.019863357, ""45"": 0.099878469, ""46"": 0.06527058, ""47"": 23.0, ""48"": 11.0, ""49"": 5.0, ""50"": 4.0, ""51"": 2.0, ""53"": 9.433911308, ""56"": 0.045400633, ""57"": 0.001404143, ""58"": 15.98068549, ""60"": 12.4271627, ""61"": 9.018211597, ""62"": 0.019863357, ""63"": 0.000756491, ""67"": 0.171929885, ""68"": 0.171929885, ""71"": 0.096280735, ""72"": 0.096280735, ""73"": 0.096280735, ""210"": 13.0, ""213"": 4.69376178}","{""41"": 1.0, ""42"": 13.0, ""47"": 2.0, ""48"": 1.0, ""53"": 1.0, ""58"": 3.0, ""60"": 13.0, ""61"": 6.5, ""67"": 1.0, ""68"": 1.0, ""156"": 2.0, ""210"": 2.0, ""213"": 1.0}",2026-09-30T21:46:22-04:00
Max Klare,4833029,TE,LAR,ACTIVE,,0.0,,,170.03,0.09,470.0,474.0,{},"{""155"": 1.0, ""156"": 1.0, ""210"": 2.0}",2026-09-30T21:46:22-04:00
Josh Oliver,3921690,TE,MIN,INJURY_RESERVE,,6.1,25.8416434,47.5,169.87,0.09,1024.0,1025.0,{},"{""41"": 3.0, ""42"": 46.0, ""47"": 8.0, ""48"": 4.0, ""49"": 2.0, ""53"": 3.0, ""58"": 5.0, ""59"": 24.0, ""60"": 15.33333333, ""61"": 15.33333333, ""155"": 3.0, ""210"": 3.0, ""213"": 2.0}",2026-09-30T21:46:22-04:00
Braxton Berrios,3123075,WR,NYG,ACTIVE,12.15449894,0.0,1.78179525,6.7,169.89,0.09,1317.0,1318.0,"{""42"": 58.50511483, ""43"": 0.257370518, ""44"": 0.011185619, ""45"": 0.081628611, ""46"": 0.053344297, ""47"": 11.0, ""48"": 5.0, ""49"": 2.0, ""50"": 2.0, ""51"": 1.0, ""53"": 5.205760966, ""56"": 0.027672312, ""57"": 0.000855845, ""58"": 8.500979621, ""60"": 11.2385327, ""61"": 4.178936774, ""62"": 0.011185619, ""63"": 0.000458107, ""67"": 0.104115219, ""68"": 0.104115219, ""71"": 0.058304523, ""72"": 0.058304523, ""73"": 0.058304523, ""101"": 0.213224621, ""102"": 0.161962325, ""114"": 1207.692707, ""115"": 232.6782692, ""116"": 120.0, ""117"": 48.0, ""118"": 23.0, ""119"": 9.0, ""210"": 14.0, ""213"": 1.958328858}","{""114"": 138.0, ""115"": 12.0, ""116"": 12.0, ""117"": 5.0, ""118"": 1.0, ""155"": 2.0, ""156"": 1.0, ""210"": 3.0}",2026-09-30T21:46:22-04:00
Austin Hooper,3043275,TE,ATL,ACTIVE,47.7608739,11.1,47.30050307,48.8,169.86,0.09,1006.0,1007.0,"{""42"": 234.0967496, ""43"": 1.970257827, ""44"": 0.131028627, ""45"": 0.075221845, ""46"": 0.049157476, ""47"": 46.0, ""48"": 23.0, ""49"": 11.0, ""50"": 9.0, ""51"": 4.0, ""53"": 25.21456132, ""56"": 0.094748773, ""57"": 0.002930374, ""58"": 34.60542526, ""60"": 9.284188873, ""61"": 16.7211964, ""62"": 0.131028627, ""63"": 0.00133448, ""67"": 0.303291017, ""68"": 0.303291017, ""71"": 0.16984297, ""72"": 0.16984297, ""73"": 0.16984297, ""210"": 14.0, ""213"": 12.06154919}","{""41"": 4.0, ""42"": 31.0, ""43"": 1.0, ""47"": 6.0, ""48"": 3.0, ""49"": 1.0, ""53"": 4.0, ""58"": 6.0, ""59"": 16.0, ""60"": 7.75, ""61"": 10.33333333, ""155"": 1.0, ""156"": 2.0, ""158"": 6.0, ""183"": 1.0, ""210"": 3.0, ""213"": 3.0}",2026-09-30T21:46:22-04:00
Camden Brown,4808759,WR,DAL,ACTIVE,,,,,169.86,0.09,1447.0,1448.0,null,{},2026-09-30T21:46:22-04:00
Kyle Allen,3115293,QB,BUF,ACTIVE,,,2.13495946,-0.3,169.81,0.09,1263.0,1264.0,{},{},2026-09-30T21:46:22-04:00
Chris Brazzell II,5091739,WR,CAR,INJURY_RESERVE,,,,,169.91,0.09,1430.0,1431.0,{},{},2026-09-30T21:46:22-04:00
Cooper Rush,2972515,QB,ATL,ACTIVE,,7.0,2.69344743,1.4,169.92,0.09,1327.0,1328.0,{},"{""0"": 39.0, ""1"": 22.0, ""2"": 17.0, ""3"": 229.0, ""4"": 1.0, ""5"": 45.0, ""6"": 22.0, ""7"": 11.0, ""8"": 8.0, ""9"": 3.0, ""10"": 1.0, ""11"": 4.0, ""12"": 2.0, ""13"": 3.0, ""14"": 1.0, ""20"": 4.0, ""21"": 0.56410256, ""22"": 114.5, ""23"": 2.0, ""24"": 20.0, ""27"": 4.0, ""28"": 2.0, ""29"": 1.0, ""39"": 10.0, ""40"": 10.0, ""64"": 5.0, ""65"": 1.0, ""66"": 1.0, ""68"": 1.0, ""69"": 1.0, ""70"": 1.0, ""72"": 1.0, ""73"": 5.0, ""156"": 2.0, ""158"": 6.0, ""177"": 1.0, ""210"": 2.0, ""211"": 10.0, ""212"": 1.0}",2026-09-30T21:46:22-04:00
Elijah Higgins,4426844,TE,ARI,ACTIVE,17.7119926,3.5,28.07098396,43.1,169.91,0.09,1010.0,1011.0,"{""42"": 93.90461374, ""43"": 0.541310619, ""44"": 0.021053239, ""45"": 0.071819091, ""46"": 0.046933776, ""47"": 18.0, ""48"": 9.0, ""49"": 4.0, ""50"": 3.0, ""51"": 1.0, ""53"": 10.36275182, ""56"": 0.03927117, ""57"": 0.001214572, ""58"": 14.06760191, ""60"": 9.061744924, ""61"": 6.70747241, ""62"": 0.021053239, ""63"": 0.000588558, ""67"": 0.133763281, ""68"": 0.133763281, ""71"": 0.074907437, ""72"": 0.074907437, ""73"": 0.074907437, ""210"": 14.0, ""213"": 4.226064004}","{""41"": 3.0, ""42"": 20.0, ""47"": 4.0, ""48"": 2.0, ""49"": 1.0, ""53"": 3.0, ""58"": 3.0, ""59"": 12.0, ""60"": 6.66666667, ""61"": 6.66666667, ""106"": 1.0, ""107"": 1.0, ""108"": 2.0, ""109"": 3.0, ""155"": 1.0, ""156"": 2.0, ""210"": 3.0, ""213"": 1.0}",2026-09-30T21:46:22-04:00
Sam Howell,4426875,QB,DAL,ACTIVE,,,0.13602478,,169.91,0.09,484.0,487.0,{},{},2026-09-30T21:46:22-04:00
Bo Melton,4259305,WR,GB,ACTIVE,7.21369647,1.5,0.0,22.2,169.91,0.08,1162.0,1163.0,"{""42"": 36.82483655, ""43"": 0.267986579, ""44"": 0.009504263, ""45"": 0.016708192, ""46"": 0.010918803, ""47"": 7.0, ""48"": 3.0, ""49"": 1.0, ""50"": 1.0, ""53"": 3.312537871, ""56"": 0.014196881, ""57"": 0.000439079, ""58"": 5.759262106, ""60"": 11.11680469, ""61"": 2.630345468, ""62"": 0.009504263, ""63"": 0.000265628, ""67"": 0.060369897, ""68"": 0.060369897, ""71"": 0.033807142, ""72"": 0.033807142, ""73"": 0.033807142, ""101"": 0.052605028, ""114"": 568.6087287, ""116"": 56.0, ""117"": 22.0, ""210"": 14.0, ""213"": 1.609585024}","{""41"": 1.0, ""42"": 10.0, ""47"": 2.0, ""48"": 1.0, ""53"": 1.0, ""58"": 3.0, ""60"": 10.0, ""61"": 3.33333333, ""107"": 1.0, ""108"": 1.0, ""109"": 2.0, ""114"": 170.0, ""116"": 16.0, ""117"": 5.0, ""155"": 1.0, ""156"": 2.0, ""210"": 3.0, ""213"": 1.0}",2026-09-30T21:46:22-04:00
Jake Moody,4372066,K,FA,ACTIVE,,,124.66556052,77.0,169.86,0.08,2117.0,2112.0,{},{},2026-09-30T21:46:22-04:00
Cade Klubnik,4685413,QB,NYJ,ACTIVE,,0.0,,,169.96,0.08,1259.0,1260.0,{},"{""155"": 1.0, ""210"": 1.0}",2026-09-30T21:46:22-04:00
Drew Sample,3127310,TE,CIN,ACTIVE,31.49401652,3.9,11.73465899,24.4,169.91,0.08,471.0,475.0,"{""42"": 155.3023048, ""43"": 1.136152774, ""44"": 0.037967571, ""45"": 0.058585202, ""46"": 0.03828543, ""47"": 31.0, ""48"": 15.0, ""49"": 7.0, ""50"": 6.0, ""51"": 3.0, ""53"": 18.66545498, ""56"": 0.058132801, ""57"": 0.001797922, ""58"": 24.35288807, ""60"": 8.320306411, ""61"": 11.09302177, ""62"": 0.037967571, ""63"": 0.001028473, ""67"": 0.233743965, ""68"": 0.233743965, ""71"": 0.13089662, ""72"": 0.13089662, ""73"": 0.13089662, ""210"": 14.0, ""213"": 8.054871585}","{""41"": 4.0, ""42"": 19.0, ""47"": 3.0, ""48"": 1.0, ""53"": 4.0, ""58"": 5.0, ""59"": 22.0, ""60"": 4.75, ""61"": 6.33333333, ""155"": 2.0, ""156"": 1.0, ""210"": 3.0, ""213"": 1.0}",2026-09-30T21:46:22-04:00
Olamide Zaccheaus,3917914,WR,ATL,ACTIVE,41.55027399,3.7,29.37751659,65.3,169.89,0.08,1050.0,1051.0,"{""42"": 237.9340788, ""43"": 1.08195656, ""44"": 0.071894521, ""45"": 0.080725427, ""46"": 0.052754067, ""47"": 47.0, ""48"": 23.0, ""49"": 11.0, ""50"": 9.0, ""51"": 4.0, ""53"": 21.93157907, ""56"": 0.097199425, ""57"": 0.003006168, ""58"": 34.60542526, ""60"": 10.84892602, ""61"": 16.99529134, ""62"": 0.071894521, ""63"": 0.001863843, ""67"": 0.423600629, ""68"": 0.423600629, ""71"": 0.237216352, ""72"": 0.237216352, ""73"": 0.237216352, ""101"": 0.070842222, ""102"": 0.03415459, ""114"": 632.6943286, ""115"": 44.52294727, ""116"": 63.0, ""117"": 25.0, ""118"": 4.0, ""119"": 1.0, ""210"": 14.0, ""213"": 11.05582753}","{""41"": 4.0, ""42"": 17.0, ""47"": 2.0, ""53"": 4.0, ""58"": 6.0, ""59"": 10.0, ""60"": 4.25, ""61"": 5.66666667, ""114"": 108.0, ""115"": 4.0, ""116"": 9.0, ""117"": 4.0, ""155"": 1.0, ""156"": 2.0, ""210"": 3.0}",2026-09-30T21:46:22-04:00
Oscar Delp,4702559,TE,NO,ACTIVE,6.35943823,1.3,,,169.92,0.08,1146.0,1147.0,"{""42"": 31.87917583, ""43"": 0.261019981, ""44"": 0.013924878, ""45"": 0.091749805, ""46"": 0.059958498, ""47"": 6.0, ""48"": 3.0, ""49"": 1.0, ""50"": 1.0, ""53"": 3.243962705, ""56"": 0.016872841, ""57"": 0.00052184, ""58"": 4.502895459, ""60"": 9.827232535, ""61"": 2.277083988, ""62"": 0.013924878, ""63"": 0.000174548, ""67"": 0.039669954, ""68"": 0.039669954, ""71"": 0.022215174, ""72"": 0.022215174, ""73"": 0.022215174, ""210"": 14.0, ""213"": 0.778423696}","{""41"": 1.0, ""42"": 8.0, ""47"": 1.0, ""53"": 1.0, ""58"": 1.0, ""59"": 1.0, ""60"": 8.0, ""61"": 4.0, ""155"": 1.0, ""156"": 1.0, ""210"": 2.0}",2026-09-30T21:46:22-04:00
Jonathan Mingo,4426485,WR,DAL,ACTIVE,5.8800377,1.5,,3.0,169.83,0.08,1252.0,1253.0,"{""42"": 33.84879784, ""43"": 0.218989224, ""44"": 0.010393553, ""45"": 0.103179706, ""46"": 0.067427938, ""47"": 6.0, ""48"": 3.0, ""49"": 1.0, ""50"": 1.0, ""53"": 2.429722497, ""56"": 0.017758943, ""57"": 0.000549246, ""58"": 4.665606898, ""60"": 13.93113736, ""61"": 2.417771274, ""62"": 0.010393553, ""63"": 0.000213816, ""67"": 0.04859445, ""68"": 0.04859445, ""71"": 0.027212892, ""72"": 0.027212892, ""73"": 0.027212892, ""210"": 14.0, ""213"": 0.629958921}","{""41"": 1.0, ""42"": 10.0, ""47"": 2.0, ""48"": 1.0, ""53"": 1.0, ""58"": 1.0, ""59"": -1.0, ""60"": 10.0, ""61"": 3.33333333, ""155"": 1.0, ""156"": 2.0, ""210"": 3.0, ""213"": 1.0}",2026-09-30T21:46:22-04:00
Brevyn Spann-Ford,4360967,TE,DAL,ACTIVE,16.10767754,4.8,7.98957234,19.5,169.8,0.08,1219.0,1220.0,"{""42"": 78.82672463, ""43"": 0.686253074, ""44"": 0.032580498, ""45"": 0.076021678, ""46"": 0.049680166, ""47"": 15.0, ""48"": 7.0, ""49"": 3.0, ""50"": 3.0, ""51"": 1.0, ""53"": 8.312348428, ""56"": 0.034589586, ""57"": 0.001069781, ""58"": 11.66401724, ""60"": 9.483087158, ""61"": 5.630480331, ""62"": 0.032580498, ""63"": 0.000447262, ""67"": 0.101650514, ""68"": 0.101650514, ""71"": 0.056924288, ""72"": 0.056924288, ""73"": 0.056924288, ""210"": 14.0, ""213"": 3.402189642}","{""41"": 3.0, ""42"": 33.0, ""47"": 5.0, ""48"": 2.0, ""53"": 3.0, ""58"": 3.0, ""59"": 25.0, ""60"": 11.0, ""61"": 11.0, ""107"": 4.0, ""108"": 2.0, ""109"": 6.0, ""110"": 1.0, ""155"": 1.0, ""156"": 2.0, ""210"": 3.0, ""213"": 1.0}",2026-09-30T21:46:22-04:00
Dyami Brown,4361577,WR,WSH,ACTIVE,24.91187736,2.1,87.16249891,39.7,169.98,0.08,990.0,991.0,"{""42"": 133.5538839, ""43"": 1.099298688, ""44"": 0.048142171, ""45"": 0.185776653, ""46"": 0.121405043, ""47"": 26.0, ""48"": 13.0, ""49"": 6.0, ""50"": 5.0, ""51"": 2.0, ""53"": 10.1851183, ""56"": 0.051113729, ""57"": 0.001580837, ""58"": 15.93646494, ""60"": 13.11264925, ""61"": 9.539563135, ""62"": 0.048142171, ""63"": 0.00089629, ""67"": 0.203702366, ""68"": 0.203702366, ""71"": 0.114073325, ""72"": 0.114073325, ""73"": 0.114073325, ""210"": 14.0, ""213"": 5.507116856}","{""0"": 1.0, ""1"": 1.0, ""21"": 1.0, ""41"": 4.0, ""42"": 21.0, ""47"": 4.0, ""48"": 2.0, ""49"": 1.0, ""53"": 4.0, ""58"": 9.0, ""59"": 3.0, ""60"": 5.25, ""61"": 7.0, ""67"": 1.0, ""68"": 1.0, ""71"": 1.0, ""72"": 1.0, ""73"": 1.0, ""155"": 1.0, ""156"": 2.0, ""210"": 3.0, ""213"": 2.0}",2026-09-30T21:46:22-04:00
Jarrett Stidham,3892775,QB,DEN,ACTIVE,,,2.82786824,-0.1,169.98,0.07,479.0,482.0,{},{},2026-09-30T21:46:22-04:00
Patrick Ricard,2975417,RB,NYG,ACTIVE,4.41046509,0.0,5.03105947,1.6,169.9,0.07,1272.0,1273.0,"{""42"": 23.10747784, ""43"": 0.104956904, ""44"": 0.004570224, ""45"": 0.032958294, ""46"": 0.021538245, ""47"": 4.0, ""48"": 2.0, ""49"": 1.0, ""53"": 2.978762593, ""56"": 0.012725253, ""57"": 0.000393565, ""58"": 4.25048981, ""60"": 7.757408357, ""61"": 1.650534131, ""62"": 0.004570224, ""63"": 0.000112144, ""67"": 0.025487375, ""68"": 0.025487375, ""71"": 0.01427293, ""72"": 0.01427293, ""73"": 0.01427293, ""210"": 14.0, ""213"": 0.412270191}","{""58"": 1.0, ""155"": 2.0, ""156"": 1.0, ""210"": 3.0}",2026-09-30T21:46:22-04:00
Sam Roush,4685504,TE,CHI,ACTIVE,17.46491282,3.5,,,169.91,0.07,1241.0,1242.0,"{""42"": 91.8989244, ""43"": 0.642239497, ""44"": 0.028114633, ""45"": 0.099792553, ""46"": 0.065214433, ""47"": 18.0, ""48"": 9.0, ""49"": 4.0, ""50"": 3.0, ""51"": 1.0, ""53"": 8.976601042, ""56"": 0.038662493, ""57"": 0.001195747, ""58"": 12.76660172, ""60"": 10.2376082, ""61"": 6.564208886, ""62"": 0.028114633, ""63"": 0.000483004, ""67"": 0.109773564, ""68"": 0.109773564, ""71"": 0.061473196, ""72"": 0.061473196, ""73"": 0.061473196, ""210"": 14.0, ""213"": 3.896076879}","{""41"": 2.0, ""42"": 25.0, ""47"": 4.0, ""48"": 1.0, ""53"": 2.0, ""58"": 4.0, ""59"": 25.0, ""60"": 12.5, ""61"": 8.33333333, ""108"": 1.0, ""109"": 1.0, ""155"": 2.0, ""156"": 1.0, ""210"": 3.0, ""213"": 1.0}",2026-09-30T21:46:22-04:00
Charlie Kolar,4241263,TE,LAC,DOUBTFUL,29.3167779,3.6,11.58999001,31.2,170.0,0.07,1031.0,1032.0,"{""42"": 156.6998269, ""43"": 0.889336142, ""44"": 0.038092642, ""45"": 0.060757801, ""46"": 0.039705223, ""47"": 31.0, ""48"": 15.0, ""49"": 7.0, ""50"": 6.0, ""51"": 3.0, ""53"": 16.9330264, ""56"": 0.05842861, ""57"": 0.00180707, ""58"": 23.97102823, ""60"": 9.254094525, ""61"": 12.05383284, ""62"": 0.038092642, ""63"": 0.000911115, ""67"": 0.207071545, ""68"": 0.207071545, ""71"": 0.115960065, ""72"": 0.115960065, ""73"": 0.115960065, ""210"": 13.0, ""213"": 7.665235005}","{""41"": 3.0, ""42"": 21.0, ""47"": 4.0, ""48"": 2.0, ""49"": 1.0, ""53"": 3.0, ""58"": 3.0, ""59"": 10.0, ""60"": 7.0, ""61"": 10.5, ""156"": 2.0, ""210"": 2.0, ""213"": 1.0}",2026-09-30T21:46:22-04:00
Tyrod Taylor,14163,QB,GB,ACTIVE,,,2.32682445,69.1,169.95,0.07,1223.0,1224.0,{},{},2026-09-30T21:46:22-04:00
Ezekiel Elliott,3051392,RB,FA,ACTIVE,,,,,169.72,0.07,1747.0,1745.0,null,{},2026-09-30T21:46:22-04:00
John Metchie III,4567096,WR,CAR,ACTIVE,12.10982596,8.9,1.09490122,55.4,169.9,0.07,1356.0,1357.0,"{""42"": 63.43945688, ""43"": 0.477904895, ""44"": 0.020937085, ""45"": 0.068016056, ""46"": 0.044448493, ""47"": 12.0, ""48"": 6.0, ""49"": 3.0, ""50"": 2.0, ""51"": 1.0, ""53"": 5.969591915, ""56"": 0.029225029, ""57"": 0.000903867, ""58"": 9.555793973, ""60"": 10.62710111, ""61"": 4.531389777, ""62"": 0.020937085, ""63"": 0.000503718, ""67"": 0.114481456, ""68"": 0.114481456, ""71"": 0.064109615, ""72"": 0.064109615, ""73"": 0.064109615, ""210"": 14.0, ""213"": 2.358680866}","{""41"": 2.0, ""42"": 19.0, ""43"": 1.0, ""47"": 3.0, ""48"": 1.0, ""53"": 2.0, ""58"": 5.0, ""60"": 9.5, ""61"": 9.5, ""114"": 53.0, ""116"": 5.0, ""117"": 2.0, ""155"": 1.0, ""156"": 1.0, ""158"": 6.0, ""183"": 1.0, ""210"": 2.0, ""213"": 2.0}",2026-09-30T21:46:22-04:00
LaJohntay Wester,4690143,WR,BAL,ACTIVE,24.1886962,4.4,0.44231306,-2.0,169.86,0.07,1323.0,1324.0,"{""42"": 134.4487934, ""43"": 0.814004537, ""44"": 0.038547058, ""45"": 0.247886476, ""46"": 0.161993812, ""47"": 26.0, ""48"": 13.0, ""49"": 6.0, ""50"": 5.0, ""51"": 2.0, ""53"": 9.370816165, ""56"": 0.051386956, ""57"": 0.001589287, ""58"": 14.88991243, ""60"": 14.34760762, ""61"": 9.603485245, ""62"": 0.038547058, ""63"": 0.000751432, ""67"": 0.170779997, ""68"": 0.170779997, ""71"": 0.095636798, ""72"": 0.095636798, ""73"": 0.095636798, ""101"": 0.02905126, ""102"": 0.185708912, ""114"": 259.4578018, ""115"": 292.491537, ""116"": 25.0, ""117"": 10.0, ""118"": 29.0, ""119"": 11.0, ""210"": 14.0, ""213"": 5.229527415}","{""41"": 3.0, ""42"": 29.0, ""47"": 5.0, ""48"": 2.0, ""53"": 3.0, ""58"": 4.0, ""59"": 23.0, ""60"": 9.66666667, ""61"": 9.66666667, ""114"": 53.0, ""115"": 54.0, ""116"": 5.0, ""117"": 1.0, ""118"": 5.0, ""119"": 1.0, ""155"": 2.0, ""156"": 1.0, ""210"": 3.0, ""213"": 1.0}",2026-09-30T21:46:22-04:00
Adam Trautman,3911853,TE,DEN,ACTIVE,24.39959552,2.0,28.02101616,35.5,169.94,0.07,1025.0,1026.0,"{""42"": 120.4095565, ""43"": 1.035564236, ""44"": 0.068197306, ""45"": 0.071949475, ""46"": 0.047018982, ""47"": 24.0, ""48"": 12.0, ""49"": 6.0, ""50"": 4.0, ""51"": 2.0, ""53"": 12.33634669, ""56"": 0.047146536, ""57"": 0.00145814, ""58"": 18.0461806, ""60"": 9.760552249, ""61"": 8.600682604, ""62"": 0.068197306, ""63"": 0.000625874, ""67"": 0.142244201, ""68"": 0.142244201, ""71"": 0.079656753, ""72"": 0.079656753, ""73"": 0.079656753, ""210"": 14.0, ""213"": 5.608921733}","{""41"": 2.0, ""42"": 10.0, ""47"": 2.0, ""48"": 1.0, ""53"": 2.0, ""58"": 3.0, ""59"": 8.0, ""60"": 5.0, ""61"": 3.33333333, ""155"": 2.0, ""156"": 1.0, ""210"": 3.0}",2026-09-30T21:46:22-04:00
Devin Duvernay,4039050,WR,ARI,ACTIVE,1.47031446,0.0,6.59820509,3.6,169.94,0.07,1324.0,1325.0,"{""101"": 0.097117777, ""102"": 0.147934633, ""114"": 611.2909741, ""115"": 221.1048878, ""116"": 61.0, ""117"": 24.0, ""118"": 22.0, ""119"": 8.0, ""210"": 14.0}","{""114"": 138.0, ""115"": 20.0, ""116"": 12.0, ""117"": 4.0, ""118"": 2.0, ""155"": 1.0, ""156"": 2.0, ""210"": 3.0}",2026-09-30T21:46:22-04:00
Jackson Hawes,4573699,TE,BUF,ACTIVE,5.72156968,0.0,3.52057606,44.7,169.86,0.07,1083.0,1084.0,"{""42"": 28.12022953, ""43"": 0.25260277, ""44"": 0.014907584, ""45"": 0.084568866, ""46"": 0.055265754, ""47"": 5.0, ""48"": 2.0, ""49"": 1.0, ""50"": 1.0, ""53"": 2.805068102, ""56"": 0.015136673, ""57"": 0.000468145, ""58"": 4.06500336, ""60"": 10.02479388, ""61"": 2.008587824, ""62"": 0.014907584, ""63"": 0.000150932, ""67"": 0.034302775, ""68"": 0.034302775, ""71"": 0.019209554, ""72"": 0.019209554, ""73"": 0.019209554, ""210"": 14.0, ""213"": 0.571286218}","{""58"": 1.0, ""155"": 3.0, ""210"": 3.0}",2026-09-30T21:46:22-04:00
Jacob Cowing,4575665,WR,SF,ACTIVE,33.46224384,0.0,,,169.88,0.07,1204.0,1205.0,"{""42"": 192.2969375, ""43"": 1.14416401, ""44"": 0.046212528, ""45"": 0.218575713, ""46"": 0.142839229, ""47"": 38.0, ""48"": 19.0, ""49"": 9.0, ""50"": 7.0, ""51"": 3.0, ""53"": 13.02961887, ""56"": 0.072505486, ""57"": 0.002242438, ""58"": 22.03479837, ""60"": 14.75844685, ""61"": 13.73549553, ""62"": 0.046212528, ""63"": 0.001044826, ""67"": 0.237460455, ""68"": 0.237460455, ""71"": 0.132977855, ""72"": 0.132977855, ""73"": 0.132977855, ""101"": 0.029991559, ""102"": 0.141056316, ""114"": 267.8556439, ""115"": 144.2621409, ""116"": 26.0, ""117"": 10.0, ""118"": 14.0, ""119"": 5.0, ""210"": 14.0, ""213"": 7.793721489}","{""58"": 2.0, ""114"": 25.0, ""115"": 25.0, ""116"": 2.0, ""117"": 1.0, ""118"": 1.0, ""155"": 3.0, ""210"": 3.0}",2026-09-30T21:46:22-04:00
Brycen Tremayne,4360763,WR,CAR,ACTIVE,20.78158327,10.3,8.20400577,23.0,169.92,0.07,1266.0,1267.0,"{""42"": 118.7455899, ""43"": 0.695336599, ""44"": 0.030423543, ""45"": 0.13039649, ""46"": 0.085214106, ""47"": 23.0, ""48"": 11.0, ""49"": 5.0, ""50"": 4.0, ""51"": 2.0, ""53"": 9.746186216, ""56"": 0.05228817, ""57"": 0.00161716, ""58"": 15.28682899, ""60"": 12.18380065, ""61"": 8.481827853, ""62"": 0.030423543, ""63"": 0.000781532, ""67"": 0.177620991, ""68"": 0.177620991, ""71"": 0.099467755, ""72"": 0.099467755, ""73"": 0.099467755, ""210"": 14.0, ""213"": 4.833528693}","{""41"": 4.0, ""42"": 83.0, ""47"": 16.0, ""48"": 8.0, ""49"": 4.0, ""50"": 3.0, ""51"": 1.0, ""53"": 4.0, ""58"": 6.0, ""59"": 15.0, ""60"": 20.75, ""61"": 27.66666667, ""108"": 2.0, ""109"": 2.0, ""155"": 1.0, ""156"": 2.0, ""210"": 3.0, ""213"": 4.0}",2026-09-30T21:46:22-04:00
Jalen Milroe,4432734,QB,SEA,ACTIVE,,,5.44858252,-1.6,169.9,0.07,1404.0,1405.0,null,{},2026-09-30T21:46:22-04:00
Tyler Huntley,4035671,QB,BAL,ACTIVE,,0.0,,43.9,169.89,0.07,1243.0,1244.0,{},"{""155"": 1.0, ""210"": 1.0}",2026-09-30T21:46:22-04:00
Joshua Dobbs,3044720,QB,DET,ACTIVE,,0.0,2.46713139,1.9,169.83,0.07,1247.0,1248.0,{},"{""155"": 1.0, ""210"": 1.0}",2026-09-30T21:46:22-04:00
Kenny Pickett,4240703,QB,CAR,ACTIVE,,2.0,2.4392453,9.2,169.92,0.07,1232.0,1233.0,{},"{""0"": 1.0, ""2"": 1.0, ""23"": 2.0, ""24"": 20.0, ""27"": 4.0, ""28"": 2.0, ""29"": 1.0, ""39"": 10.0, ""40"": 6.66666667, ""155"": 1.0, ""156"": 2.0, ""210"": 3.0, ""212"": 1.0}",2026-09-30T21:46:22-04:00
Tanner McKee,4685201,QB,PHI,ACTIVE,,,2.18009456,15.6,169.97,0.06,485.0,488.0,{},{},2026-09-30T21:46:22-04:00
Stetson Bennett IV,4259553,QB,LAR,ACTIVE,,1.3,,,169.88,0.06,1370.0,1371.0,{},"{""0"": 3.0, ""1"": 2.0, ""2"": 1.0, ""3"": 13.0, ""5"": 2.0, ""6"": 1.0, ""21"": 0.66666667, ""22"": 4.33333333, ""23"": 1.0, ""24"": 9.0, ""27"": 1.0, ""39"": 9.0, ""40"": 3.0, ""155"": 1.0, ""156"": 2.0, ""210"": 3.0, ""211"": 1.0, ""212"": 1.0}",2026-09-30T21:46:22-04:00
Treylon Burks,4567156,WR,WSH,ACTIVE,47.69873434,8.3,,24.0,169.96,0.06,999.0,1000.0,"{""42"": 272.9172121, ""43"": 1.801068041, ""44"": 0.078881852, ""45"": 0.202226372, ""46"": 0.132154934, ""47"": 54.0, ""48"": 27.0, ""49"": 13.0, ""50"": 10.0, ""51"": 5.0, ""53"": 19.52328557, ""56"": 0.123431123, ""57"": 0.003817457, ""58"": 31.87292989, ""60"": 13.97906163, ""61"": 19.49408658, ""62"": 0.078881852, ""63"": 0.001252435, ""67"": 0.28464429, ""68"": 0.28464429, ""71"": 0.159400803, ""72"": 0.159400803, ""73"": 0.159400803, ""210"": 14.0, ""213"": 11.76565154}","{""41"": 2.0, ""42"": 13.0, ""43"": 1.0, ""47"": 2.0, ""48"": 1.0, ""53"": 2.0, ""58"": 3.0, ""59"": 4.0, ""60"": 6.5, ""61"": 6.5, ""155"": 1.0, ""156"": 1.0, ""158"": 6.0, ""184"": 1.0, ""210"": 2.0, ""213"": 1.0}",2026-09-30T21:46:22-04:00
Will Howard,4429955,QB,PIT,ACTIVE,,,,,169.92,0.06,1416.0,1417.0,{},{},2026-09-30T21:46:22-04:00
Jimmy Horn Jr.,4708486,WR,FA,ACTIVE,,-2.0,0.37830268,23.2,169.96,0.06,1119.0,1120.0,{},"{""58"": 1.0, ""68"": 1.0, ""72"": 1.0, ""73"": 1.0, ""114"": 101.0, ""115"": 17.0, ""116"": 10.0, ""117"": 4.0, ""118"": 1.0, ""156"": 1.0, ""210"": 1.0}",2026-09-30T21:46:22-04:00
Jake Bobo,4360405,WR,SEA,INJURY_RESERVE,,,25.40948073,3.0,169.91,0.06,1381.0,1382.0,null,{},2026-09-30T21:46:22-04:00
Tai Felton,4565185,WR,MIN,ACTIVE,20.90574133,0.0,9.63057539,4.0,169.9,0.06,1233.0,1234.0,"{""42"": 117.4080973, ""43"": 0.689743233, ""44"": 0.038013519, ""45"": 0.092889693, ""46"": 0.060703414, ""47"": 23.0, ""48"": 11.0, ""49"": 5.0, ""50"": 4.0, ""51"": 2.0, ""53"": 10.32227935, ""56"": 0.046254894, ""57"": 0.001430564, ""58"": 16.57183529, ""60"": 11.37424142, ""61"": 8.386292663, ""62"": 0.038013519, ""63"": 0.000827728, ""67"": 0.188120096, ""68"": 0.188120096, ""71"": 0.105347254, ""72"": 0.105347254, ""73"": 0.105347254, ""210"": 14.0, ""213"": 4.925669298}","{""58"": 2.0, ""155"": 3.0, ""210"": 3.0}",2026-09-30T21:46:22-04:00
Matthew Hibner,4432260,TE,BAL,ACTIVE,23.52671866,11.1,,,169.85,0.06,1245.0,1245.0,"{""42"": 117.3265735, ""43"": 1.061928089, ""44"": 0.050294813, ""45"": 0.144390769, ""46"": 0.094359367, ""47"": 23.0, ""48"": 11.0, ""49"": 5.0, ""50"": 4.0, ""51"": 2.0, ""53"": 10.94357981, ""56"": 0.046230346, ""57"": 0.001429805, ""58"": 14.88991243, ""60"": 10.72104151, ""61"": 8.380469534, ""62"": 0.050294813, ""63"": 0.000588841, ""67"": 0.133827464, ""68"": 0.133827464, ""71"": 0.07494338, ""72"": 0.07494338, ""73"": 0.07494338, ""210"": 14.0, ""213"": 5.217228246}","{""41"": 3.0, ""42"": 36.0, ""43"": 1.0, ""47"": 6.0, ""48"": 3.0, ""49"": 1.0, ""53"": 3.0, ""58"": 3.0, ""59"": 30.0, ""60"": 12.0, ""61"": 12.0, ""155"": 2.0, ""156"": 1.0, ""158"": 6.0, ""183"": 1.0, ""210"": 3.0, ""213"": 3.0}",2026-09-30T21:46:22-04:00
Luke Musgrave,4428085,TE,GB,OUT,,,26.94955946,37.2,169.98,0.06,1369.0,1370.0,{},{},2026-09-30T21:46:22-04:00
Dont'e Thornton Jr.,4432775,WR,LV,INJURY_RESERVE,,,56.64981527,18.5,169.93,0.06,1405.0,1406.0,{},{},2026-09-30T21:46:22-04:00
Travis Homer,4037457,RB,PIT,ACTIVE,3.20289461,1.6,,-0.2,169.93,0.06,1713.0,1714.0,"{""23"": 3.738655754, ""24"": 16.23726758, ""25"": 0.092757496, ""26"": 0.004633661, ""27"": 3.0, ""28"": 1.0, ""35"": 0.007093429, ""36"": 0.0049654, ""37"": 0.011445628, ""38"": 0.000390595, ""39"": 4.343076403, ""40"": 16.23726758, ""42"": 4.978004101, ""43"": 0.029502566, ""44"": 0.001065741, ""45"": 0.001995854, ""46"": 0.001304291, ""53"": 0.752328887, ""56"": 0.002256499, ""57"": 6.98e-05, ""58"": 0.984356649, ""60"": 6.616792455, ""61"": 4.978004101, ""62"": 0.005699403, ""63"": 0.000183, ""66"": 0.03471011, ""67"": 0.006984708, ""68"": 0.041694818, ""70"": 0.015966651, ""71"": 0.003911436, ""72"": 0.019878087, ""73"": 0.019878087, ""210"": 1.0, ""212"": 0.966424431, ""213"": 0.253188439}","{""23"": 3.0, ""24"": 16.0, ""27"": 3.0, ""28"": 1.0, ""39"": 5.33333333, ""40"": 8.0, ""107"": 1.0, ""109"": 1.0, ""155"": 1.0, ""156"": 1.0, ""210"": 2.0, ""212"": 1.0}",2026-09-30T21:46:22-04:00
Reggie Gilliam,4039505,RB,NE,QUESTIONABLE,4.49118248,0.9,,,169.93,0.06,1268.0,1269.0,"{""42"": 23.10506301, ""43"": 0.102919844, ""44"": 0.004156094, ""45"": 0.038570137, ""46"": 0.025205584, ""47"": 4.0, ""48"": 2.0, ""49"": 1.0, ""53"": 3.170455603, ""56"": 0.012724072, ""57"": 0.000393528, ""58"": 4.049457832, ""60"": 7.28761601, ""61"": 1.650361644, ""62"": 0.004156094, ""63"": 0.000119361, ""67"": 0.02712757, ""68"": 0.02712757, ""71"": 0.015191439, ""72"": 0.015191439, ""73"": 0.015191439, ""210"": 14.0, ""213"": 0.455063772}","{""41"": 1.0, ""42"": 4.0, ""53"": 1.0, ""58"": 2.0, ""59"": 4.0, ""60"": 4.0, ""61"": 1.33333333, ""108"": 1.0, ""109"": 1.0, ""155"": 1.0, ""156"": 2.0, ""210"": 3.0}",2026-09-30T21:46:22-04:00
Ben Sinnott,4690923,TE,WSH,QUESTIONABLE,5.58224392,1.1,36.28551922,22.9,169.96,0.06,1088.0,1089.0,"{""42"": 27.66213686, ""43"": 0.22528691, ""44"": 0.009866146, ""45"": 0.084461614, ""46"": 0.055195665, ""47"": 5.0, ""48"": 2.0, ""49"": 1.0, ""50"": 1.0, ""53"": 2.970523429, ""56"": 0.014920732, ""57"": 0.000461466, ""58"": 3.984116236, ""60"": 9.312209622, ""61"": 1.975866918, ""62"": 0.009866146, ""63"": 0.000159835, ""67"": 0.036326104, ""68"": 0.036326104, ""71"": 0.020342618, ""72"": 0.020342618, ""73"": 0.020342618, ""210"": 14.0, ""213"": 0.585196662}","{""41"": 1.0, ""42"": 6.0, ""47"": 1.0, ""53"": 1.0, ""58"": 2.0, ""59"": 2.0, ""60"": 6.0, ""61"": 2.0, ""108"": 1.0, ""109"": 1.0, ""155"": 1.0, ""156"": 2.0, ""210"": 3.0}",2026-09-30T21:46:22-04:00
Riley Nowakowski,4693370,RB,PIT,ACTIVE,,0.0,,,170.0,0.06,457.0,461.0,{},"{""107"": 1.0, ""108"": 1.0, ""109"": 2.0, ""155"": 2.0, ""156"": 1.0, ""210"": 3.0}",2026-09-30T21:46:22-04:00
Israel Abanikanda,4429202,RB,FA,ACTIVE,,,,,169.91,0.05,2136.0,2131.0,null,{},2026-09-30T21:46:22-04:00
Jack Strand,5344782,QB,ATL,ACTIVE,,-0.2,,,169.97,0.05,1449.0,1450.0,null,"{""0"": 15.0, ""1"": 8.0, ""2"": 7.0, ""3"": 59.0, ""5"": 11.0, ""6"": 5.0, ""7"": 2.0, ""8"": 2.0, ""9"": 1.0, ""11"": 1.0, ""13"": 1.0, ""20"": 1.0, ""21"": 0.53333333, ""22"": 59.0, ""23"": 2.0, ""24"": 16.0, ""27"": 3.0, ""28"": 1.0, ""39"": 8.0, ""40"": 16.0, ""64"": 2.0, ""68"": 1.0, ""72"": 1.0, ""73"": 2.0, ""156"": 1.0, ""210"": 1.0, ""211"": 4.0, ""212"": 2.0}",2026-09-30T21:46:22-04:00
Ronnie Rivers,4243003,RB,LAR,INJURY_RESERVE,,2.9,,4.6,169.91,0.05,1366.0,1367.0,null,"{""23"": 5.0, ""24"": 19.0, ""27"": 3.0, ""28"": 1.0, ""33"": 1.0, ""39"": 3.8, ""40"": 9.5, ""41"": 1.0, ""42"": 5.0, ""47"": 1.0, ""53"": 1.0, ""58"": 1.0, ""59"": 3.0, ""60"": 5.0, ""61"": 2.5, ""155"": 1.0, ""156"": 1.0, ""210"": 2.0, ""212"": 1.0, ""213"": 1.0}",2026-09-30T21:46:22-04:00
Marlin Klein,4695705,TE,HOU,ACTIVE,2.83353062,2.1,,,169.99,0.05,1237.0,1238.0,"{""42"": 14.84262552, ""43"": 0.094096018, ""44"": 0.003801512, ""45"": 0.078256793, ""46"": 0.051140814, ""47"": 2.0, ""48"": 1.0, ""53"": 1.59794993, ""56"": 0.008494731, ""57"": 0.000262724, ""58"": 2.173469174, ""60"": 9.288542301, ""61"": 1.060187537, ""62"": 0.003801512, ""63"": 8.59808e-05, ""67"": 0.0195411, ""68"": 0.0195411, ""71"": 0.010943016, ""72"": 0.010943016, ""73"": 0.010943016, ""210"": 14.0, ""213"": -0.134815945}","{""41"": 1.0, ""42"": 16.0, ""47"": 3.0, ""48"": 1.0, ""53"": 1.0, ""58"": 1.0, ""59"": 2.0, ""60"": 16.0, ""61"": 5.33333333, ""156"": 3.0, ""210"": 3.0, ""213"": 1.0}",2026-09-30T21:46:22-04:00
Tyler Conklin,3915486,TE,DET,ACTIVE,,0.0,58.08169609,13.8,169.91,0.05,1229.0,1230.0,{},"{""155"": 1.0, ""156"": 1.0, ""210"": 2.0}",2026-09-30T21:46:22-04:00
Will Kacmarek,4880236,TE,MIA,ACTIVE,14.63622507,0.9,,,169.98,0.05,1020.0,1021.0,"{""42"": 85.16766919, ""43"": 0.331927077, ""44"": 0.01771189, ""45"": 0.084423976, ""46"": 0.055171068, ""47"": 17.0, ""48"": 8.0, ""49"": 4.0, ""50"": 3.0, ""51"": 1.0, ""53"": 8.415465631, ""56"": 0.036593024, ""57"": 0.001131743, ""58"": 12.2540688, ""60"": 10.12037514, ""61"": 6.083404942, ""62"": 0.01771189, ""63"": 0.000452811, ""67"": 0.102911519, ""68"": 0.102911519, ""71"": 0.057630451, ""72"": 0.057630451, ""73"": 0.057630451, ""210"": 14.0, ""213"": 3.455662409}","{""41"": 1.0, ""42"": 4.0, ""53"": 1.0, ""58"": 2.0, ""59"": 2.0, ""60"": 4.0, ""61"": 1.33333333, ""107"": 1.0, ""109"": 1.0, ""156"": 3.0, ""210"": 3.0}",2026-09-30T21:46:22-04:00
Gardner Minshew II,4038524,QB,ARI,ACTIVE,,,3.16904579,-0.4,169.97,0.05,1275.0,1276.0,{},{},2026-09-30T21:46:22-04:00
Luke Farrell,4040612,TE,SF,ACTIVE,18.03516008,2.9,7.04807651,24.0,169.89,0.05,1238.0,1239.0,"{""42"": 93.22062887, ""43"": 0.691368494, ""44"": 0.027927306, ""45"": 0.090965309, ""46"": 0.059445829, ""47"": 18.0, ""48"": 9.0, ""49"": 4.0, ""50"": 3.0, ""51"": 1.0, ""53"": 9.272049121, ""56"": 0.03906448, ""57"": 0.00120818, ""58"": 13.22087902, ""60"": 10.05394036, ""61"": 6.658616348, ""62"": 0.027927306, ""63"": 0.000498901, ""67"": 0.113386556, ""68"": 0.113386556, ""71"": 0.063496471, ""72"": 0.063496471, ""73"": 0.063496471, ""210"": 14.0, ""213"": 4.019956277}","{""41"": 2.0, ""42"": 19.0, ""47"": 3.0, ""48"": 1.0, ""53"": 2.0, ""58"": 3.0, ""59"": 16.0, ""60"": 9.5, ""61"": 6.33333333, ""107"": 1.0, ""108"": 1.0, ""109"": 2.0, ""155"": 3.0, ""210"": 3.0, ""213"": 1.0}",2026-09-30T21:46:22-04:00
CJ Daniels,4605951,WR,LAR,ACTIVE,,,,,169.88,0.05,1431.0,1432.0,{},{},2026-09-30T21:46:22-04:00
Calvin Austin III,4243389,WR,NYG,INJURY_RESERVE,,,87.93758701,70.7,169.96,0.05,1358.0,1359.0,{},{},2026-09-30T21:46:22-04:00
Kameron Johnson,5097554,WR,TB,ACTIVE,0.29441045,0.0,0.10395698,15.7,169.93,0.05,1302.0,1303.0,"{""101"": 0.049068409, ""114"": 559.2355492, ""116"": 55.0, ""117"": 22.0, ""210"": 14.0}","{""108"": 3.0, ""109"": 3.0, ""114"": 214.0, ""116"": 20.0, ""117"": 8.0, ""156"": 3.0, ""210"": 3.0}",2026-09-30T21:46:22-04:00
Jaleel McLaughlin,4722893,RB,CLE,ACTIVE,8.16272237,0.3,18.42925641,29.4,169.87,0.05,2210.0,2205.0,"{""23"": 6.788227948, ""24"": 31.15288064, ""25"": 0.128945225, ""26"": 0.007646152, ""27"": 6.0, ""28"": 3.0, ""29"": 1.0, ""30"": 1.0, ""33"": 1.0, ""35"": 0.012504855, ""36"": 0.008753399, ""37"": 0.002815183, ""38"": 9.60714e-05, ""39"": 4.589250814, ""40"": 2.22520576, ""42"": 20.31672011, ""43"": 0.099492262, ""44"": 0.005849802, ""45"": 0.027229201, ""46"": 0.017794283, ""47"": 4.0, ""48"": 2.0, ""49"": 1.0, ""53"": 3.341931058, ""56"": 0.011334468, ""57"": 0.000350551, ""58"": 4.225261445, ""60"": 6.079335498, ""61"": 1.451194294, ""62"": 0.013495954, ""63"": 0.000235713, ""66"": 0.035898068, ""67"": 0.017673076, ""68"": 0.053571144, ""70"": 0.016513111, ""71"": 0.009896923, ""72"": 0.026410034, ""73"": 0.026410034, ""210"": 14.0, ""212"": 3.266766886, ""213"": 0.41585553}","{""23"": 1.0, ""24"": 3.0, ""39"": 3.0, ""40"": 1.5, ""58"": 1.0, ""155"": 2.0, ""210"": 2.0}",2026-09-30T21:46:22-04:00
Nikko Remigio,4372716,WR,KC,ACTIVE,1.30914698,0.0,4.06765164,3.7,169.89,0.05,1326.0,1327.0,"{""101"": 0.047667095, ""102"": 0.170524069, ""114"": 551.3219995, ""115"": 181.9253881, ""116"": 55.0, ""117"": 22.0, ""118"": 18.0, ""119"": 7.0, ""210"": 14.0}","{""114"": 112.0, ""115"": 15.0, ""116"": 10.0, ""117"": 4.0, ""155"": 3.0, ""210"": 3.0}",2026-09-30T21:46:22-04:00
Mo Alie-Cox,2998565,TE,IND,QUESTIONABLE,5.90399227,2.1,11.11701111,24.2,169.93,0.05,1080.0,1081.0,"{""42"": 31.70104897, ""43"": 0.216539484, ""44"": 0.011003492, ""45"": 0.107215085, ""46"": 0.070065058, ""47"": 6.0, ""48"": 3.0, ""49"": 1.0, ""50"": 1.0, ""53"": 2.921630177, ""56"": 0.016792035, ""57"": 0.000519341, ""58"": 4.326608864, ""60"": 10.85046602, ""61"": 2.34822585, ""62"": 0.011003492, ""63"": 0.000189246, ""67"": 0.04301036, ""68"": 0.04301036, ""71"": 0.024085801, ""72"": 0.024085801, ""73"": 0.024085801, ""210"": 13.5, ""213"": 0.681852675}","{""41"": 1.0, ""42"": 16.0, ""47"": 3.0, ""48"": 1.0, ""53"": 1.0, ""58"": 1.0, ""59"": 16.0, ""60"": 16.0, ""61"": 5.33333333, ""106"": 1.0, ""108"": 1.0, ""109"": 1.0, ""155"": 1.0, ""156"": 2.0, ""210"": 3.0, ""213"": 1.0}",2026-09-30T21:46:22-04:00
Joe Milton III,4360698,QB,FA,ACTIVE,,,3.03339443,12.0,169.92,0.05,2340.0,2335.0,{},{},2026-09-30T21:46:22-04:00
Spencer Rattler,4426339,QB,NO,ACTIVE,,0.0,161.62900094,114.0,169.97,0.05,1235.0,1236.0,{},"{""156"": 1.0, ""210"": 1.0}",2026-09-30T21:46:22-04:00
Trey Lance,4383351,QB,LAC,QUESTIONABLE,,,2.78175117,13.1,169.98,0.05,1222.0,1223.0,{},{},2026-09-30T21:46:22-04:00
Greg Dortch,4037235,WR,BUF,ACTIVE,1.54914151,0.0,48.42834773,60.6,169.96,0.05,1703.0,1704.0,"{""101"": 0.09485634, ""102"": 0.163333911, ""114"": 984.9417703, ""115"": 184.3570881, ""116"": 98.0, ""117"": 39.0, ""118"": 18.0, ""119"": 7.0, ""210"": 14.0}","{""114"": 225.0, ""115"": 54.0, ""116"": 22.0, ""117"": 8.0, ""118"": 4.0, ""119"": 1.0, ""155"": 3.0, ""210"": 3.0}",2026-09-30T21:46:22-04:00
Nate Adkins,4383440,TE,DEN,ACTIVE,18.52539449,18.6,,,169.91,0.05,1137.0,1138.0,"{""42"": 85.65300494, ""43"": 0.847497689, ""44"": 0.055816526, ""45"": 0.057490233, ""46"": 0.037569867, ""47"": 17.0, ""48"": 8.0, ""49"": 4.0, ""50"": 3.0, ""51"": 1.0, ""53"": 9.795267854, ""56"": 0.036742638, ""57"": 0.00113637, ""58"": 13.53463545, ""60"": 8.744324935, ""61"": 6.118071781, ""62"": 0.055816526, ""63"": 0.000527054, ""67"": 0.119784922, ""68"": 0.119784922, ""71"": 0.067079556, ""72"": 0.067079556, ""73"": 0.067079556, ""210"": 14.0, ""213"": 3.994373354}","{""23"": 1.0, ""24"": 6.0, ""27"": 1.0, ""39"": 6.0, ""40"": 2.0, ""41"": 4.0, ""42"": 40.0, ""43"": 2.0, ""47"": 7.0, ""48"": 3.0, ""49"": 1.0, ""50"": 1.0, ""53"": 4.0, ""58"": 5.0, ""59"": 12.0, ""60"": 10.0, ""61"": 13.33333333, ""108"": 1.0, ""109"": 1.0, ""155"": 2.0, ""156"": 1.0, ""158"": 12.0, ""183"": 2.0, ""210"": 3.0, ""213"": 4.0}",2026-09-30T21:46:22-04:00
Cade Stover,4426496,TE,HOU,ACTIVE,2.61678636,0.3,29.80396932,13.9,169.97,0.05,1043.0,1044.0,"{""42"": 13.53555623, ""43"": 0.082667138, ""44"": 0.00333924, ""45"": 0.052599394, ""46"": 0.034373704, ""47"": 2.0, ""48"": 1.0, ""53"": 1.563939291, ""56"": 0.007794453, ""57"": 0.000241066, ""58"": 2.173469174, ""60"": 8.654783667, ""61"": 0.966825445, ""62"": 0.00333924, ""63"": 8.41508e-05, ""67"": 0.019125189, ""68"": 0.019125189, ""71"": 0.010710106, ""72"": 0.010710106, ""73"": 0.010710106, ""210"": 14.0, ""213"": -0.183285382}","{""41"": 1.0, ""42"": -2.0, ""53"": 1.0, ""58"": 1.0, ""60"": -2.0, ""61"": -0.66666667, ""107"": 2.0, ""109"": 2.0, ""156"": 3.0, ""210"": 3.0}",2026-09-30T21:46:22-04:00
Montorie Foster Jr.,4600597,WR,SEA,ACTIVE,,0.0,,,169.95,0.05,1448.0,1449.0,{},"{""108"": 1.0, ""109"": 1.0, ""155"": 1.0, ""210"": 1.0}",2026-09-30T21:46:22-04:00
Ulysses Bentley IV,4426689,RB,FA,ACTIVE,,,,,169.85,0.05,2572.0,2567.0,null,{},2026-09-30T21:46:22-04:00
Ben Skowronek,4035656,WR,PIT,ACTIVE,11.64272508,9.5,8.99564004,14.9,169.94,0.05,1299.0,1300.0,"{""42"": 60.44955418, ""43"": 0.434333589, ""44"": 0.015646196, ""45"": 0.053867087, ""46"": 0.035202141, ""47"": 12.0, ""48"": 6.0, ""49"": 3.0, ""50"": 2.0, ""51"": 1.0, ""53"": 6.120849869, ""56"": 0.028326272, ""57"": 0.00087607, ""58"": 9.651775055, ""60"": 9.876006678, ""61"": 4.317825299, ""62"": 0.015646196, ""63"": 0.000392658, ""67"": 0.089240357, ""68"": 0.089240357, ""71"": 0.0499746, ""72"": 0.0499746, ""73"": 0.0499746, ""210"": 14.0, ""213"": 2.292890764}","{""41"": 2.0, ""42"": 25.0, ""43"": 1.0, ""47"": 4.0, ""48"": 2.0, ""49"": 1.0, ""53"": 2.0, ""58"": 2.0, ""59"": 1.0, ""60"": 12.5, ""61"": 8.33333333, ""96"": 1.0, ""155"": 2.0, ""156"": 1.0, ""158"": 6.0, ""185"": 1.0, ""210"": 3.0, ""213"": 1.0}",2026-09-30T21:46:22-04:00
KeAndre Lambert-Smith,4430870,WR,LAC,INJURY_RESERVE,,0.0,17.71395982,13.6,169.96,0.05,1144.0,1145.0,{},"{""156"": 1.0, ""210"": 1.0}",2026-09-30T21:46:22-04:00
Jeremy Ruckert,4361372,TE,NYJ,QUESTIONABLE,29.17499518,14.8,13.1732893,35.4,169.89,0.05,1093.0,1094.0,"{""42"": 141.1586239, ""43"": 1.006824965, ""44"": 0.072261857, ""45"": 0.054089934, ""46"": 0.035347772, ""47"": 28.0, ""48"": 14.0, ""49"": 7.0, ""50"": 5.0, ""51"": 2.0, ""53"": 18.14494898, ""56"": 0.054172084, ""57"": 0.001675425, ""58"": 22.60662765, ""60"": 7.779499631, ""61"": 10.08275885, ""62"": 0.072261857, ""63"": 0.00078106, ""67"": 0.177513578, ""68"": 0.177513578, ""71"": 0.099407604, ""72"": 0.099407604, ""73"": 0.099407604, ""210"": 14.0, ""213"": 7.493319697}","{""41"": 8.0, ""42"": 48.0, ""43"": 1.0, ""47"": 8.0, ""48"": 3.0, ""49"": 1.0, ""50"": 1.0, ""53"": 8.0, ""54"": 1.0, ""58"": 8.0, ""59"": 42.0, ""60"": 6.0, ""61"": 16.0, ""155"": 1.0, ""156"": 2.0, ""158"": 6.0, ""183"": 1.0, ""210"": 3.0, ""213"": 3.0}",2026-09-30T21:46:22-04:00
Mason Rudolph,3116407,QB,PIT,ACTIVE,,0.3,2.4580556,18.8,169.95,0.05,1331.0,1332.0,{},"{""0"": 1.0, ""2"": 1.0, ""23"": 1.0, ""24"": 3.0, ""39"": 3.0, ""40"": 1.5, ""155"": 1.0, ""156"": 1.0, ""210"": 2.0}",2026-09-30T21:46:22-04:00
Quinn Ewers,4889929,QB,JAX,ACTIVE,,0.0,,38.4,169.98,0.05,1225.0,1226.0,{},"{""155"": 1.0, ""210"": 1.0}",2026-09-30T21:46:22-04:00
Durham Smythe,3052897,TE,BAL,QUESTIONABLE,15.54572115,0.9,6.36379987,4.5,169.86,0.05,1104.0,1105.0,"{""42"": 77.1140416, ""43"": 0.655132595, ""44"": 0.031026548, ""45"": 0.082143338, ""46"": 0.053680672, ""47"": 15.0, ""48"": 7.0, ""49"": 3.0, ""50"": 3.0, ""51"": 1.0, ""53"": 7.833135825, ""56"": 0.034038207, ""57"": 0.001052728, ""58"": 11.16743432, ""60"": 9.844593956, ""61"": 5.508145829, ""62"": 0.031026548, ""63"": 0.000295034, ""67"": 0.067053204, ""68"": 0.067053204, ""71"": 0.037549794, ""72"": 0.037549794, ""73"": 0.037549794, ""210"": 14.0, ""213"": 3.233006558}","{""41"": 1.0, ""42"": 4.0, ""53"": 1.0, ""58"": 2.0, ""60"": 4.0, ""61"": 1.33333333, ""155"": 2.0, ""156"": 1.0, ""210"": 3.0}",2026-09-30T21:46:22-04:00
Taylen Green,4431325,QB,CLE,ACTIVE,,,,,169.96,0.04,1436.0,1440.0,null,{},2026-09-30T21:46:22-04:00
Dillon Gabriel,4427238,QB,CLE,INJURY_RESERVE,,,81.49025321,83.6,169.93,0.04,1403.0,1404.0,null,{},2026-09-30T21:46:22-04:00
DeAndre Hopkins,15795,WR,FA,ACTIVE,,,73.64554204,56.0,169.85,0.04,1761.0,1759.0,null,{},2026-09-30T21:46:22-04:00
Ke'Shawn Williams,4570738,WR,FA,ACTIVE,,-2.0,,0.0,169.91,0.04,1321.0,1322.0,{},"{""68"": 1.0, ""72"": 1.0, ""73"": 1.0, ""114"": 131.0, ""116"": 13.0, ""117"": 5.0, ""156"": 1.0, ""210"": 1.0}",2026-09-30T21:46:22-04:00
Jermar Jefferson,4374033,RB,FA,QUESTIONABLE,,,,0.0,169.92,0.04,1347.0,1348.0,null,{},2026-09-30T21:46:22-04:00
Caden Davis,4570688,K,FA,ACTIVE,,,,,169.72,0.04,2502.0,2501.0,null,{},2026-09-30T21:46:22-04:00
Andy Dalton,14012,QB,PHI,ACTIVE,,-2.0,2.76323696,11.4,169.94,0.04,1337.0,1338.0,{},"{""0"": 1.0, ""2"": 1.0, ""20"": 1.0, ""73"": 1.0, ""156"": 1.0, ""210"": 1.0}",2026-09-30T21:46:22-04:00
Riley Leonard,4683423,QB,IND,ACTIVE,,,,33.0,170.03,0.04,1226.0,1227.0,{},{},2026-09-30T21:46:22-04:00
Tom Kennedy,3126997,WR,DET,ACTIVE,1.62070394,0.0,,5.6,169.88,0.04,1803.0,1800.0,"{""101"": 0.06482879, ""102"": 0.205288534, ""114"": 748.5455891, ""115"": 205.2885342, ""116"": 74.0, ""117"": 29.0, ""118"": 20.0, ""119"": 8.0, ""210"": 14.0}","{""114"": 181.0, ""115"": 46.0, ""116"": 16.0, ""117"": 5.0, ""118"": 4.0, ""119"": 1.0, ""155"": 2.0, ""156"": 1.0, ""210"": 3.0}",2026-09-30T21:46:22-04:00
Blake Whiteheart,4362018,TE,CLE,ACTIVE,26.92941394,10.1,6.85340443,1.4,169.87,0.04,1168.0,1169.0,"{""42"": 139.6775176, ""43"": 0.983293342, ""44"": 0.057795904, ""45"": 0.067793202, ""46"": 0.044302858, ""47"": 27.0, ""48"": 13.0, ""49"": 6.0, ""50"": 5.0, ""51"": 2.0, ""53"": 14.28389419, ""56"": 0.053012453, ""57"": 0.00163956, ""58"": 21.12630723, ""60"": 9.778672097, ""61"": 9.976965542, ""62"": 0.057795904, ""63"": 0.000768573, ""67"": 0.174675688, ""68"": 0.174675688, ""71"": 0.097818386, ""72"": 0.097818386, ""73"": 0.097818386, ""210"": 14.0, ""213"": 6.562792444}","{""41"": 2.0, ""42"": 31.0, ""43"": 1.0, ""47"": 5.0, ""48"": 2.0, ""53"": 2.0, ""58"": 3.0, ""59"": 22.0, ""60"": 15.5, ""61"": 10.33333333, ""155"": 2.0, ""156"": 1.0, ""158"": 6.0, ""184"": 1.0, ""210"": 3.0, ""213"": 2.0}",2026-09-30T21:46:22-04:00
Alec Ingold,3917668,RB,LAC,ACTIVE,14.70986658,5.0,17.75305934,10.1,169.91,0.04,1161.0,1162.0,"{""23"": 1.731282169, ""24"": 7.153871989, ""25"": 0.048132516, ""26"": 0.001760257, ""27"": 1.0, ""35"": 0.003178647, ""36"": 0.002225053, ""37"": 0.000108013, ""38"": 3.69e-06, ""39"": 4.132123646, ""40"": 0.510990856, ""42"": 70.91949715, ""43"": 0.305189402, ""44"": 0.013094185, ""45"": 0.033915824, ""46"": 0.022163991, ""47"": 14.0, ""48"": 7.0, ""49"": 3.0, ""50"": 2.0, ""51"": 1.0, ""53"": 9.805266682, ""56"": 0.031999037, ""57"": 0.000989661, ""58"": 12.94226673, ""60"": 7.232796359, ""61"": 5.065678368, ""62"": 0.014854441, ""63"": 0.000604479, ""66"": 0.020616769, ""67"": 0.116764858, ""68"": 0.137381627, ""70"": 0.009483714, ""71"": 0.065388321, ""72"": 0.074872034, ""73"": 0.074872034, ""210"": 14.0, ""212"": 2.088961069, ""213"": 3.368601742}","{""41"": 3.0, ""42"": 35.0, ""47"": 7.0, ""48"": 3.0, ""49"": 1.0, ""50"": 1.0, ""53"": 3.0, ""58"": 4.0, ""59"": 20.0, ""60"": 11.66666667, ""61"": 11.66666667, ""108"": 1.0, ""109"": 1.0, ""156"": 3.0, ""210"": 3.0, ""213"": 1.0}",2026-09-30T21:46:22-04:00
Foster Moreau,3843945,TE,HOU,ACTIVE,32.32561872,14.6,40.09910199,9.4,169.96,0.04,1135.0,1136.0,"{""42"": 149.3155883, ""43"": 1.553237121, ""44"": 0.0627803, ""45"": 0.080316062, ""46"": 0.052486547, ""47"": 29.0, ""48"": 14.0, ""49"": 7.0, ""50"": 5.0, ""51"": 2.0, ""53"": 16.39156676, ""56"": 0.056118867, ""57"": 0.001735635, ""58"": 21.73469174, ""60"": 9.109293241, ""61"": 10.66539916, ""62"": 0.0627803, ""63"": 0.000969205, ""67"": 0.220273941, ""68"": 0.220273941, ""71"": 0.123353407, ""72"": 0.123353407, ""73"": 0.123353407, ""210"": 14.0, ""213"": 7.542039609}","{""41"": 6.0, ""42"": 56.0, ""43"": 1.0, ""47"": 10.0, ""48"": 4.0, ""49"": 1.0, ""50"": 1.0, ""53"": 6.0, ""58"": 8.0, ""59"": 31.0, ""60"": 9.33333333, ""61"": 18.66666667, ""108"": 1.0, ""109"": 1.0, ""156"": 3.0, ""158"": 6.0, ""183"": 1.0, ""210"": 3.0, ""213"": 3.0}",2026-09-30T21:46:22-04:00
Frank Gore Jr.,4429805,RB,BUF,ACTIVE,,0.3,,,169.92,0.04,2435.0,2420.0,null,"{""23"": 1.0, ""24"": 3.0, ""39"": 3.0, ""40"": 1.5, ""155"": 2.0, ""210"": 2.0}",2026-09-30T21:46:22-04:00
Zane Gonzalez,3043234,K,FA,QUESTIONABLE,,,,93.0,169.93,0.04,1745.0,2381.0,{},{},2026-09-30T21:46:22-04:00
Brandon McManus,16339,K,FA,ACTIVE,,,136.74242243,107.0,169.84,0.04,1769.0,1767.0,{},{},2026-09-30T21:46:22-04:00
Elijah Moore,4372414,WR,PHI,ACTIVE,,0.0,17.94237594,24.1,169.94,0.04,1345.0,1346.0,null,"{""156"": 1.0, ""210"": 1.0}",2026-09-30T21:46:22-04:00
Jawhar Jordan,4429939,RB,FA,ACTIVE,,,,26.2,169.97,0.04,2317.0,2312.0,{},{},2026-09-30T21:46:22-04:00
Eric Saubert,2975863,TE,SEA,ACTIVE,11.10860029,7.3,8.33690166,7.1,169.92,0.04,1246.0,1247.0,"{""42"": 54.97578497, ""43"": 0.465125918, ""44"": 0.019721682, ""45"": 0.068771962, ""46"": 0.044942477, ""47"": 10.0, ""48"": 5.0, ""49"": 2.0, ""50"": 2.0, ""51"": 1.0, ""53"": 5.718284752, ""56"": 0.026371576, ""57"": 0.000815616, ""58"": 8.329466147, ""60"": 9.614034166, ""61"": 3.926841784, ""62"": 0.019721682, ""63"": 0.000307684, ""67"": 0.069928082, ""68"": 0.069928082, ""71"": 0.039159726, ""72"": 0.039159726, ""73"": 0.039159726, ""210"": 14.0, ""213"": 2.062779277}","{""41"": 2.0, ""42"": 3.0, ""43"": 1.0, ""47"": 2.0, ""48"": 1.0, ""53"": 2.0, ""58"": 3.0, ""59"": 9.0, ""60"": 1.5, ""61"": 1.0, ""67"": 1.0, ""68"": 1.0, ""155"": 2.0, ""156"": 1.0, ""158"": 6.0, ""184"": 1.0, ""210"": 3.0, ""213"": 1.0}",2026-09-30T21:46:22-04:00
Tyrell Shavers,4241476,WR,BUF,OUT,,,3.5348968,38.0,169.94,0.04,1398.0,1400.0,{},{},2026-09-30T21:46:22-04:00
Max Bredeson,4878695,RB,MIN,ACTIVE,,0.0,,,169.92,0.04,1216.0,1217.0,{},"{""108"": 1.0, ""109"": 1.0, ""155"": 3.0, ""210"": 3.0}",2026-09-30T21:46:22-04:00
Michael Burton,2515270,RB,CLE,ACTIVE,4.5846528,0.0,,,169.95,0.04,1207.0,1208.0,"{""42"": 22.02376654, ""43"": 0.130893415, ""44"": 0.007697669, ""45"": 0.029373217, ""46"": 0.019195397, ""47"": 4.0, ""48"": 2.0, ""49"": 1.0, ""53"": 3.224848912, ""56"": 0.012190326, ""57"": 0.00037702, ""58"": 4.225261445, ""60"": 6.829394846, ""61"": 1.573126181, ""62"": 0.007697669, ""63"": 0.000121409, ""67"": 0.027592979, ""68"": 0.027592979, ""71"": 0.015452068, ""72"": 0.015452068, ""73"": 0.015452068, ""210"": 14.0, ""213"": 0.449082715}","{""58"": 1.0, ""155"": 2.0, ""156"": 1.0, ""210"": 3.0}",2026-09-30T21:46:22-04:00
Teddy Bridgewater,16728,QB,DET,ACTIVE,,,3.45505043,2.8,169.93,0.04,1771.0,1769.0,{},{},2026-09-30T21:46:22-04:00
Nate Boerkircher,4686248,TE,JAX,ACTIVE,18.99309996,1.4,,,169.91,0.04,1139.0,1140.0,"{""42"": 95.00817273, ""43"": 0.832812204, ""44"": 0.031843686, ""45"": 0.103599436, ""46"": 0.067702232, ""47"": 19.0, ""48"": 9.0, ""49"": 4.0, ""50"": 3.0, ""51"": 1.0, ""53"": 9.113075357, ""56"": 0.039606236, ""57"": 0.001224935, ""58"": 13.05313644, ""60"": 10.42547867, ""61"": 6.786298052, ""62"": 0.031843686, ""63"": 0.000490347, ""67"": 0.111442488, ""68"": 0.111442488, ""71"": 0.062407793, ""72"": 0.062407793, ""73"": 0.062407793, ""210"": 14.0, ""213"": 4.090852902}","{""41"": 1.0, ""42"": 9.0, ""47"": 1.0, ""53"": 1.0, ""58"": 2.0, ""59"": 7.0, ""60"": 9.0, ""61"": 3.0, ""155"": 2.0, ""156"": 1.0, ""210"": 3.0}",2026-09-30T21:46:22-04:00
Mitchell Trubisky,3039707,QB,TEN,ACTIVE,,,2.6014188,38.8,169.95,0.04,1269.0,1270.0,{},{},2026-09-30T21:46:22-04:00
Audric Estime,4569682,RB,FA,ACTIVE,,,,42.1,169.99,0.04,1389.0,1390.0,null,{},2026-09-30T21:46:22-04:00
Russell Wilson,14881,QB,FA,ACTIVE,,,138.19649917,55.6,169.9,0.04,1774.0,1772.0,null,{},2026-09-30T21:46:22-04:00
Connor Heyward,4241961,RB,LV,ACTIVE,4.27232063,0.2,3.4193726,25.9,169.9,0.04,1205.0,1206.0,"{""23"": 7.13589067, ""24"": 29.64277465, ""25"": 0.221064741, ""26"": 0.013296435, ""27"": 5.0, ""28"": 2.0, ""29"": 1.0, ""30"": 1.0, ""33"": 1.0, ""35"": 0.013148355, ""36"": 0.009203849, ""37"": 0.002543728, ""38"": 8.68e-05, ""39"": 4.154039912, ""40"": 2.117341046, ""62"": 0.013296435, ""63"": 0.000214922, ""66"": 0.048845818, ""68"": 0.048845818, ""70"": 0.022469076, ""72"": 0.022469076, ""73"": 0.022469076, ""210"": 14.0, ""212"": 3.30557456}","{""23"": 2.0, ""24"": 2.0, ""39"": 1.0, ""40"": 0.66666667, ""155"": 3.0, ""210"": 3.0, ""212"": 2.0}",2026-09-30T21:46:22-04:00
Taysom Hill,2468609,TE,FA,ACTIVE,,,,38.0,169.95,0.04,1675.0,1676.0,null,{},2026-09-30T21:46:22-04:00
Jared Wayne,4430681,WR,HOU,ACTIVE,45.87144857,8.5,,,169.95,0.04,1399.0,1399.0,"{""42"": 273.8410709, ""43"": 1.474340595, ""44"": 0.05954164, ""45"": 0.138614451, ""46"": 0.090584543, ""47"": 54.0, ""48"": 27.0, ""49"": 13.0, ""50"": 10.0, ""51"": 5.0, ""53"": 19.85497386, ""56"": 0.124585105, ""57"": 0.003853148, ""58"": 35.09222074, ""60"": 13.79206403, ""61"": 19.56007649, ""62"": 0.05954164, ""63"": 0.001592141, ""67"": 0.361850271, ""68"": 0.361850271, ""71"": 0.202636152, ""72"": 0.202636152, ""73"": 0.202636152, ""210"": 14.0, ""213"": 11.7331267}","{""41"": 4.0, ""42"": 65.0, ""47"": 12.0, ""48"": 6.0, ""49"": 2.0, ""50"": 1.0, ""53"": 4.0, ""58"": 12.0, ""59"": 17.0, ""60"": 16.25, ""61"": 21.66666667, ""156"": 3.0, ""210"": 3.0, ""213"": 4.0}",2026-09-30T21:46:22-04:00
British Brooks,4373273,RB,HOU,QUESTIONABLE,1.99415284,0.0,,,169.96,0.04,1318.0,1319.0,"{""23"": 3.538675659, ""24"": 15.05723105, ""25"": 0.084941586, ""26"": 0.003318076, ""27"": 3.0, ""28"": 1.0, ""35"": 0.006504795, ""36"": 0.004553356, ""37"": 0.00060122, ""38"": 2.05e-05, ""39"": 4.255046944, ""40"": 1.075516504, ""62"": 0.003318076, ""63"": 0.000133224, ""66"": 0.030278194, ""68"": 0.030278194, ""70"": 0.013927969, ""72"": 0.013927969, ""73"": 0.013927969, ""210"": 14.0, ""212"": 2.493066666}","{""107"": 1.0, ""109"": 1.0, ""156"": 3.0, ""210"": 3.0}",2026-09-30T21:46:22-04:00
Matt Prater,11122,K,FA,ACTIVE,,,35.94436741,106.0,169.91,0.04,1775.0,1773.0,null,{},2026-09-30T21:46:22-04:00
Josh Williams,4568024,RB,TB,ACTIVE,,0.0,,,169.96,0.04,2510.0,2509.0,{},"{""114"": 47.0, ""116"": 4.0, ""117"": 1.0, ""156"": 3.0, ""210"": 3.0}",2026-09-30T21:46:22-04:00
Adrian Martinez,4361182,QB,FA,ACTIVE,,,,,169.63,0.04,2580.0,2578.0,null,{},2026-09-30T21:46:22-04:00
Malachi Corley,4613104,WR,CLE,ACTIVE,0.3645323,-2.0,,26.1,169.92,0.04,1179.0,1180.0,"{""101"": 0.060755384, ""114"": 631.1227383, ""116"": 63.0, ""117"": 25.0, ""210"": 14.0}","{""68"": 1.0, ""72"": 1.0, ""73"": 1.0, ""107"": 1.0, ""108"": 3.0, ""109"": 4.0, ""110"": 1.0, ""114"": 231.0, ""116"": 22.0, ""117"": 8.0, ""155"": 2.0, ""156"": 1.0, ""210"": 3.0}",2026-09-30T21:46:22-04:00
Justin Joly,4912052,TE,MIA,ACTIVE,,0.0,,,169.96,0.04,1442.0,1434.0,{},"{""156"": 1.0, ""210"": 1.0}",2026-09-30T21:46:22-04:00
Davis Mills,4242546,QB,HOU,ACTIVE,,,2.68350579,78.0,170.0,0.04,1253.0,1254.0,{},{},2026-09-30T21:46:22-04:00
Ryan Miller,4369466,WR,MIA,ACTIVE,14.93656233,16.7,,,169.96,0.04,1384.0,1385.0,"{""42"": 95.93564612, ""43"": 0.30260878, ""44"": 0.016128167, ""45"": 0.140395774, ""46"": 0.091748638, ""47"": 19.0, ""48"": 9.0, ""49"": 4.0, ""50"": 3.0, ""51"": 1.0, ""53"": 7.287684396, ""56"": 0.039884549, ""57"": 0.001233543, ""58"": 12.2540688, ""60"": 13.16407804, ""61"": 6.852546152, ""62"": 0.016128167, ""63"": 0.000584389, ""67"": 0.132815616, ""68"": 0.132815616, ""71"": 0.074376745, ""72"": 0.074376745, ""73"": 0.074376745, ""210"": 14.0, ""213"": 3.48355374}","{""41"": 3.0, ""42"": 92.0, ""43"": 1.0, ""45"": 1.0, ""46"": 1.0, ""47"": 18.0, ""48"": 8.0, ""49"": 3.0, ""50"": 3.0, ""51"": 1.0, ""53"": 3.0, ""58"": 4.0, ""59"": 37.0, ""60"": 30.66666667, ""61"": 30.66666667, ""107"": 1.0, ""109"": 1.0, ""156"": 3.0, ""158"": 6.0, ""210"": 3.0, ""213"": 3.0}",2026-09-30T21:46:22-04:00
Michael Trigg,4594749,TE,FA,ACTIVE,,,,,169.84,0.04,2625.0,2626.0,null,{},2026-09-30T21:46:22-04:00
Julius Chestnut,4367567,RB,TEN,ACTIVE,,0.0,12.2739834,4.0,169.89,0.04,1364.0,1365.0,{},"{""108"": 2.0, ""109"": 2.0, ""156"": 3.0, ""210"": 3.0}",2026-09-30T21:46:22-04:00
Kadarius Toney,4240600,WR,FA,ACTIVE,,,,,169.93,0.04,1903.0,1898.0,null,{},2026-09-30T21:46:22-04:00
JuJu Smith-Schuster,3120348,WR,FA,ACTIVE,,,56.15627862,57.0,169.93,0.04,1733.0,1734.0,{},{},2026-09-30T21:46:22-04:00
John Bates,4048228,TE,WSH,ACTIVE,16.97651251,3.7,14.37622479,21.8,169.98,0.04,1045.0,1046.0,"{""42"": 82.37697725, ""43"": 0.758049431, ""44"": 0.033196382, ""45"": 0.081793121, ""46"": 0.053451805, ""47"": 16.0, ""48"": 8.0, ""49"": 4.0, ""50"": 3.0, ""51"": 1.0, ""53"": 8.590443546, ""56"": 0.035717272, ""57"": 0.001104658, ""58"": 11.95234871, ""60"": 9.589374147, ""61"": 5.884069804, ""62"": 0.033196382, ""63"": 0.000672164, ""67"": 0.152764588, ""68"": 0.152764588, ""71"": 0.085548169, ""72"": 0.085548169, ""73"": 0.085548169, ""210"": 14.0, ""213"": 3.592837383}","{""41"": 3.0, ""42"": 22.0, ""47"": 3.0, ""48"": 1.0, ""53"": 3.0, ""58"": 4.0, ""59"": 22.0, ""60"": 7.33333333, ""61"": 7.33333333, ""155"": 1.0, ""156"": 2.0, ""210"": 3.0}",2026-09-30T21:46:22-04:00
Brittain Brown,4036032,RB,CHI,INJURY_RESERVE,,,,9.7,169.95,0.03,1363.0,1364.0,null,{},2026-09-30T21:46:22-04:00
Mitchell Evans,4683243,TE,CAR,ACTIVE,24.98952514,8.3,3.59342629,38.7,169.91,0.03,1407.0,1408.0,"{""42"": 123.6215292, ""43"": 1.050264998, ""44"": 0.046094184, ""45"": 0.083535348, ""46"": 0.05459035, ""47"": 24.0, ""48"": 12.0, ""49"": 6.0, ""50"": 4.0, ""51"": 2.0, ""53"": 12.81831519, ""56"": 0.048104102, ""57"": 0.001487756, ""58"": 17.84073724, ""60"": 9.64413243, ""61"": 8.830109228, ""62"": 0.046094184, ""63"": 0.000689715, ""67"": 0.156753333, ""68"": 0.156753333, ""71"": 0.087781867, ""72"": 0.087781867, ""73"": 0.087781867, ""210"": 14.0, ""213"": 5.813363227}","{""41"": 5.0, ""42"": 58.0, ""47"": 10.0, ""48"": 4.0, ""49"": 1.0, ""50"": 1.0, ""53"": 5.0, ""58"": 6.0, ""59"": 37.0, ""60"": 11.6, ""61"": 19.33333333, ""155"": 1.0, ""156"": 2.0, ""210"": 3.0, ""213"": 2.0}",2026-09-30T21:46:22-04:00
Dalvin Cook,3116593,RB,FA,ACTIVE,,,,,169.87,0.03,1729.0,1730.0,null,{},2026-09-30T21:46:22-04:00
Dustin Hopkins,15965,K,FA,ACTIVE,,,,,169.85,0.03,1772.0,1770.0,null,{},2026-09-30T21:46:22-04:00
Jerome Ford,4372019,RB,FA,ACTIVE,,,99.35128754,30.6,169.99,0.03,2019.0,2014.0,{},{},2026-09-30T21:46:22-04:00
Gavin Bartholomew,4708049,TE,MIN,ACTIVE,16.97590091,0.0,3.85892692,,169.94,0.03,1406.0,1407.0,"{""42"": 86.13169371, ""43"": 0.621962943, ""44"": 0.034288515, ""45"": 0.084473032, ""46"": 0.055203127, ""47"": 17.0, ""48"": 8.0, ""49"": 4.0, ""50"": 3.0, ""51"": 1.0, ""53"": 9.381744435, ""56"": 0.036891931, ""57"": 0.001140988, ""58"": 12.42887647, ""60"": 9.180775954, ""61"": 6.152263837, ""62"": 0.034288515, ""63"": 0.000504803, ""67"": 0.114728004, ""68"": 0.114728004, ""71"": 0.064247682, ""72"": 0.064247682, ""73"": 0.064247682, ""210"": 14.0, ""213"": 3.821093416}","{""155"": 3.0, ""210"": 3.0}",2026-09-30T21:46:22-04:00
Nick Westbrook-Ikhine,3929785,WR,IND,ACTIVE,,0.0,92.54610543,14.4,169.97,0.03,1885.0,1877.0,{},"{""155"": 1.0, ""210"": 1.0}",2026-09-30T21:46:22-04:00
Brady Russell,4243176,RB,SEA,ACTIVE,4.68337547,5.5,,0.0,169.92,0.03,1382.0,1384.0,"{""42"": 24.1829429, ""43"": 0.12059295, ""44"": 0.005114364, ""45"": 0.041079785, ""46"": 0.02684564, ""47"": 4.0, ""48"": 2.0, ""49"": 1.0, ""53"": 3.122434881, ""56"": 0.013252442, ""57"": 0.000409869, ""58"": 4.164733074, ""60"": 7.744899036, ""61"": 1.727353064, ""62"": 0.005114364, ""63"": 0.000117553, ""67"": 0.026716687, ""68"": 0.026716687, ""71"": 0.014961345, ""72"": 0.014961345, ""73"": 0.014961345, ""210"": 14.0, ""213"": 0.481068775}","{""41"": 3.0, ""42"": 40.0, ""47"": 8.0, ""48"": 4.0, ""49"": 2.0, ""53"": 3.0, ""58"": 3.0, ""59"": 21.0, ""60"": 13.33333333, ""61"": 13.33333333, ""107"": 1.0, ""108"": 3.0, ""109"": 4.0, ""110"": 1.0, ""155"": 2.0, ""156"": 1.0, ""210"": 3.0, ""213"": 2.0}",2026-09-30T21:46:22-04:00
Tay Martin,4245144,WR,DET,ACTIVE,,0.0,,,169.89,0.03,1181.0,1182.0,{},"{""107"": 1.0, ""108"": 3.0, ""109"": 4.0, ""110"": 1.0, ""155"": 2.0, ""156"": 1.0, ""210"": 3.0}",2026-09-30T21:46:22-04:00
Jam Miller,4685477,RB,FA,ACTIVE,,,,,170.04,0.03,455.0,459.0,null,{},2026-09-30T21:46:22-04:00
Phil Mafah,4431562,RB,FA,ACTIVE,,,,9.9,169.98,0.03,2469.0,2468.0,{},{},2026-09-30T21:46:22-04:00
Josh Cuevas,4876132,TE,BAL,ACTIVE,5.62787103,1.9,,,169.93,0.03,1244.0,1246.0,"{""42"": 28.99503835, ""43"": 0.231994472, ""44"": 0.010987269, ""45"": 0.137639596, ""46"": 0.089947476, ""47"": 5.0, ""48"": 2.0, ""49"": 1.0, ""50"": 1.0, ""53"": 2.702890971, ""56"": 0.015546314, ""57"": 0.000480814, ""58"": 3.722478107, ""60"": 10.72741693, ""61"": 2.071074168, ""62"": 0.010987269, ""63"": 0.000145434, ""67"": 0.033053265, ""68"": 0.033053265, ""71"": 0.018509828, ""72"": 0.018509828, ""73"": 0.018509828, ""210"": 14.0, ""213"": 0.563693422}","{""41"": 1.0, ""42"": 14.0, ""47"": 2.0, ""48"": 1.0, ""53"": 1.0, ""58"": 1.0, ""59"": 11.0, ""60"": 14.0, ""61"": 4.66666667, ""155"": 2.0, ""156"": 1.0, ""210"": 3.0, ""213"": 1.0}",2026-09-30T21:46:22-04:00
Adam Prentice,3929914,RB,DEN,ACTIVE,4.79004623,0.7,,12.7,169.94,0.03,1202.0,1203.0,"{""42"": 24.53114686, ""43"": 0.111504039, ""44"": 0.007344103, ""45"": 0.033533146, ""46"": 0.021913911, ""47"": 4.0, ""48"": 2.0, ""49"": 1.0, ""53"": 3.371048572, ""56"": 0.013421125, ""57"": 0.000415086, ""58"": 4.511545151, ""60"": 7.277007831, ""61"": 1.752224776, ""62"": 0.007344103, ""63"": 0.000126913, ""67"": 0.028843916, ""68"": 0.028843916, ""71"": 0.016152593, ""72"": 0.016152593, ""73"": 0.016152593, ""210"": 14.0, ""213"": 0.543621535}","{""41"": 1.0, ""42"": 2.0, ""53"": 1.0, ""58"": 1.0, ""60"": 2.0, ""61"": 0.66666667, ""107"": 1.0, ""108"": 1.0, ""109"": 2.0, ""155"": 2.0, ""156"": 1.0, ""210"": 3.0}",2026-09-30T21:46:22-04:00
Andrew Beck,3125107,RB,NYJ,ACTIVE,,0.0,,20.0,169.94,0.03,1251.0,1252.0,{},"{""108"": 1.0, ""109"": 1.0, ""155"": 1.0, ""156"": 2.0, ""210"": 3.0}",2026-09-30T21:46:22-04:00
Josh Whyle,4360086,TE,GB,ACTIVE,,0.0,,12.1,169.94,0.03,1209.0,1210.0,{},"{""155"": 1.0, ""156"": 2.0, ""210"": 3.0}",2026-09-30T21:46:22-04:00
Jarquez Hunter,4710341,RB,FA,ACTIVE,,,0.23945566,0.0,169.98,0.03,2460.0,2459.0,null,{},2026-09-30T21:46:22-04:00
Chris Manhertz,2531358,TE,NYG,ACTIVE,,0.0,3.45261381,1.2,169.97,0.03,1296.0,1297.0,{},"{""155"": 2.0, ""156"": 1.0, ""210"": 3.0}",2026-09-30T21:46:22-04:00
Kyle McCord,4433971,QB,MIA,ACTIVE,,,,,169.96,0.03,1265.0,1266.0,{},{},2026-09-30T21:46:22-04:00
Drew Ogletree,4722908,TE,IND,ACTIVE,11.05648667,0.0,3.31081421,10.7,169.95,0.03,1239.0,1240.0,"{""42"": 59.06699071, ""43"": 0.390820826, ""44"": 0.019857443, ""45"": 0.078981876, ""46"": 0.051614656, ""47"": 11.0, ""48"": 5.0, ""49"": 2.0, ""50"": 2.0, ""51"": 1.0, ""53"": 5.686051452, ""56"": 0.027876772, ""57"": 0.000862168, ""58"": 8.653217727, ""60"": 10.38805069, ""61"": 4.219070765, ""62"": 0.019857443, ""63"": 0.000305949, ""67"": 0.069533906, ""68"": 0.069533906, ""71"": 0.038938987, ""72"": 0.038938987, ""73"": 0.038938987, ""210"": 14.0, ""213"": 2.137867142}","{""58"": 2.0, ""108"": 2.0, ""109"": 2.0, ""155"": 1.0, ""156"": 2.0, ""210"": 3.0}",2026-09-30T21:46:22-04:00
Derius Davis,4362477,WR,LAC,ACTIVE,18.9245646,0.0,17.32020468,0.5,169.96,0.03,1191.0,1192.0,"{""23"": 1.731282169, ""24"": 8.995942105, ""25"": 0.042117386, ""26"": 0.001540277, ""27"": 1.0, ""35"": 0.003178647, ""36"": 0.002225053, ""37"": 0.000187819, ""38"": 6.41e-06, ""39"": 5.196115495, ""40"": 0.642567293, ""42"": 93.45509023, ""43"": 0.454451199, ""44"": 0.019489479, ""45"": 0.091284436, ""46"": 0.059654379, ""47"": 18.0, ""48"": 9.0, ""49"": 4.0, ""50"": 3.0, ""51"": 1.0, ""53"": 8.425916182, ""56"": 0.039125195, ""57"": 0.001210058, ""58"": 13.26118427, ""60"": 11.09138617, ""61"": 6.675363588, ""62"": 0.021029756, ""63"": 0.000893833, ""66"": 0.034625643, ""67"": 0.168518324, ""68"": 0.203143967, ""70"": 0.015927796, ""71"": 0.094370261, ""72"": 0.110298057, ""73"": 0.110298057, ""101"": 0.037998932, ""102"": 0.239605796, ""114"": 408.1916553, ""115"": 266.1870642, ""116"": 40.0, ""117"": 16.0, ""118"": 26.0, ""119"": 10.0, ""210"": 14.0, ""212"": 2.146674867, ""213"": 3.736681027}","{""58"": 2.0, ""108"": 2.0, ""109"": 2.0, ""114"": 57.0, ""115"": 14.0, ""116"": 5.0, ""117"": 1.0, ""118"": 1.0, ""156"": 3.0, ""210"": 3.0}",2026-09-30T21:46:22-04:00
Marquez Valdes-Scantling,3051738,WR,LAC,ACTIVE,1.16888337,0.0,7.07959124,25.0,169.98,0.03,1752.0,1750.0,"{""42"": 7.274908451, ""43"": 0.034924804, ""44"": 0.001530645, ""45"": 0.008842434, ""46"": 0.00577853, ""47"": 1.0, ""53"": 0.475659422, ""56"": 0.002975198, ""57"": 9.20164e-05, ""58"": 0.956752618, ""60"": 15.29436422, ""61"": 7.274908451, ""62"": 0.001530645, ""63"": 3.55429e-05, ""67"": 0.008077942, ""68"": 0.008077942, ""71"": 0.004523648, ""72"": 0.004523648, ""73"": 0.004523648, ""210"": 1.0, ""213"": 0.255683196}","{""58"": 1.0, ""156"": 1.0, ""210"": 1.0}",2026-09-30T21:46:22-04:00
J. Michael Sturdivant,4635009,WR,GB,ACTIVE,5.21404986,3.7,,,169.93,0.03,1452.0,1453.0,"{""42"": 28.46538841, ""43"": 0.182279533, ""44"": 0.006464107, ""45"": 0.019038414, ""46"": 0.012441603, ""47"": 5.0, ""48"": 2.0, ""49"": 1.0, ""50"": 1.0, ""53"": 2.629141316, ""56"": 0.011711515, ""57"": 0.000362, ""58"": 4.31944658, ""60"": 10.82687653, ""61"": 7.116347103, ""62"": 0.006464107, ""63"": 0.000210827, ""67"": 0.047915223, ""68"": 0.047915223, ""71"": 0.026832525, ""72"": 0.026832525, ""73"": 0.026832525, ""210"": 4.0, ""213"": 1.188248672}","{""41"": 3.0, ""42"": 22.0, ""47"": 4.0, ""48"": 2.0, ""49"": 1.0, ""53"": 3.0, ""58"": 3.0, ""60"": 7.33333333, ""61"": 11.0, ""107"": 1.0, ""109"": 1.0, ""155"": 1.0, ""156"": 1.0, ""210"": 2.0, ""213"": 2.0}",2026-09-30T21:46:22-04:00
Jimmy Garoppolo,16760,QB,FA,ACTIVE,,,3.26896102,-1.0,169.96,0.03,1767.0,1765.0,null,{},2026-09-30T21:46:22-04:00
Amari Cooper,2976499,WR,LV,,,,,,169.94,0.03,1756.0,1754.0,null,{},2026-09-30T21:46:22-04:00
Garrett Nussmeier,4567747,QB,KC,ACTIVE,,,,,169.93,0.03,1440.0,1445.0,null,{},2026-09-30T21:46:22-04:00
Jalen Brooks,4692835,WR,ARI,ACTIVE,0.52611613,0.0,,4.6,169.94,0.03,1329.0,1330.0,"{""101"": 0.087686021, ""114"": 783.1268758, ""116"": 78.0, ""117"": 31.0, ""210"": 14.0}","{""58"": 1.0, ""114"": 184.0, ""116"": 17.0, ""117"": 7.0, ""155"": 1.0, ""156"": 2.0, ""210"": 3.0}",2026-09-30T21:46:22-04:00
Colson Yankoff,4361088,TE,WSH,ACTIVE,,2.6,,2.8,169.94,0.03,1394.0,1395.0,{},"{""41"": 2.0, ""42"": 16.0, ""47"": 2.0, ""48"": 1.0, ""53"": 2.0, ""58"": 3.0, ""59"": 14.0, ""60"": 8.0, ""61"": 5.33333333, ""107"": 2.0, ""109"": 2.0, ""155"": 1.0, ""156"": 2.0, ""210"": 3.0, ""213"": 1.0}",2026-09-30T21:46:22-04:00
Ray-Ray McCloud III,3728262,WR,FA,QUESTIONABLE,,,88.69566861,10.4,169.95,0.03,1600.0,1601.0,null,{},2026-09-30T21:46:22-04:00
Davis Allen,4426553,TE,LAR,ACTIVE,19.35272591,5.9,3.84896241,50.8,169.92,0.03,1132.0,1133.0,"{""42"": 94.03886709, ""43"": 0.821220645, ""44"": 0.030612257, ""45"": 0.063508965, ""46"": 0.041503108, ""47"": 18.0, ""48"": 9.0, ""49"": 4.0, ""50"": 3.0, ""51"": 1.0, ""53"": 10.19998616, ""56"": 0.03929803, ""57"": 0.001215403, ""58"": 14.52071121, ""60"": 9.219509279, ""61"": 6.717061935, ""62"": 0.030612257, ""63"": 0.00054883, ""67"": 0.124734164, ""68"": 0.124734164, ""71"": 0.069851132, ""72"": 0.069851132, ""73"": 0.069851132, ""210"": 14.0, ""213"": 4.307126099}","{""41"": 4.0, ""42"": 39.0, ""47"": 6.0, ""48"": 2.0, ""53"": 4.0, ""58"": 5.0, ""59"": 34.0, ""60"": 9.75, ""61"": 13.0, ""155"": 1.0, ""156"": 2.0, ""210"": 3.0, ""213"": 3.0}",2026-09-30T21:46:22-04:00
CJ Donaldson,5081999,RB,NO,ACTIVE,16.14828522,1.4,,,169.85,0.03,,,"{""23"": 15.84093934, ""24"": 66.85769694, ""25"": 0.465790414, ""26"": 0.031298274, ""27"": 13.0, ""28"": 6.0, ""29"": 3.0, ""30"": 2.0, ""31"": 1.0, ""33"": 3.0, ""34"": 1.0, ""35"": 0.029371817, ""36"": 0.020560272, ""37"": 0.014072062, ""38"": 0.000480225, ""39"": 4.220563914, ""40"": 4.775549781, ""42"": 33.09359401, ""43"": 0.207999695, ""44"": 0.011104352, ""45"": 0.038238534, ""46"": 0.024988882, ""47"": 6.0, ""48"": 3.0, ""49"": 1.0, ""50"": 1.0, ""53"": 4.384652944, ""56"": 0.01688101, ""57"": 0.000522093, ""58"": 5.780757945, ""60"": 7.547597138, ""61"": 2.363828144, ""62"": 0.042402626, ""63"": 0.000761453, ""66"": 0.135540831, ""67"": 0.037516683, ""68"": 0.173057514, ""70"": 0.062348782, ""71"": 0.021009343, ""72"": 0.083358125, ""73"": 0.083358125, ""210"": 14.0, ""212"": 5.273451231, ""213"": 1.050232684}","{""23"": 4.0, ""24"": 11.0, ""27"": 1.0, ""39"": 2.75, ""40"": 3.66666667, ""41"": 1.0, ""42"": -2.0, ""53"": 1.0, ""58"": 2.0, ""59"": 4.0, ""60"": -2.0, ""61"": -0.66666667, ""107"": 1.0, ""109"": 1.0, ""155"": 1.0, ""156"": 2.0, ""210"": 3.0, ""212"": 3.0}",2026-09-30T21:46:22-04:00
Jude McAtamney,5092436,K,FA,ACTIVE,,,,15.0,169.86,0.03,2447.0,2450.0,null,{},2026-09-30T21:46:22-04:00
Reggie Virgil,4869132,WR,ARI,ACTIVE,,,,,169.96,0.03,1261.0,1262.0,{},{},2026-09-30T21:46:22-04:00
Zach Wilson,4361259,QB,NO,ACTIVE,,,2.71536422,1.3,169.98,0.03,1346.0,1347.0,null,{},2026-09-30T21:46:22-04:00
AJ Henning,4429053,WR,FA,ACTIVE,,,,,169.89,0.03,2626.0,2627.0,null,{},2026-09-30T21:46:22-04:00
Haynes King,4428993,QB,CAR,ACTIVE,,,,,169.93,0.03,1450.0,1451.0,null,{},2026-09-30T21:46:22-04:00
Will Levis,4361418,QB,NYJ,ACTIVE,,,,,169.94,0.03,2119.0,2114.0,null,{},2026-09-30T21:46:22-04:00
Daniel Bellinger,4361516,TE,TEN,ACTIVE,26.21871322,3.8,12.63244417,50.1,169.93,0.03,1086.0,1087.0,"{""42"": 153.8347192, ""43"": 0.487197672, ""44"": 0.021908084, ""45"": 0.101162599, ""46"": 0.066109758, ""47"": 30.0, ""48"": 15.0, ""49"": 7.0, ""50"": 6.0, ""51"": 3.0, ""53"": 16.1695584, ""56"": 0.057628083, ""57"": 0.001782312, ""58"": 21.24060548, ""60"": 9.513847903, ""61"": 10.98819423, ""62"": 0.021908084, ""63"": 0.000850693, ""67"": 0.193339378, ""68"": 0.193339378, ""71"": 0.108270052, ""72"": 0.108270052, ""73"": 0.108270052, ""210"": 14.0, ""213"": 7.180136337}","{""41"": 3.0, ""42"": 23.0, ""47"": 4.0, ""48"": 1.0, ""53"": 3.0, ""58"": 4.0, ""59"": 23.0, ""60"": 7.66666667, ""61"": 7.66666667, ""156"": 3.0, ""210"": 3.0}",2026-09-30T21:46:22-04:00
Arian Smith,4429105,WR,NYJ,INJURY_RESERVE,,0.0,35.96903411,10.0,169.95,0.03,1306.0,1307.0,{},"{""58"": 1.0, ""108"": 2.0, ""109"": 2.0, ""155"": 1.0, ""156"": 1.0, ""210"": 2.0}",2026-09-30T21:46:22-04:00
Chris Blair,4369886,WR,ATL,ACTIVE,10.40911854,1.1,,,169.95,0.02,1383.0,1386.0,"{""42"": 63.0595231, ""43"": 0.26827983, ""44"": 0.017826603, ""45"": 0.103975423, ""46"": 0.067947939, ""47"": 12.0, ""48"": 6.0, ""49"": 3.0, ""50"": 2.0, ""51"": 1.0, ""53"": 5.124882464, ""56"": 0.0293034, ""57"": 0.000906291, ""58"": 8.651356315, ""60"": 12.30457938, ""61"": 4.50425165, ""62"": 0.017826603, ""63"": 0.000410957, ""67"": 0.093399272, ""68"": 0.093399272, ""71"": 0.052303592, ""72"": 0.052303592, ""73"": 0.052303592, ""210"": 14.0, ""213"": 2.069947686}","{""41"": 1.0, ""42"": 6.0, ""47"": 1.0, ""53"": 1.0, ""58"": 3.0, ""59"": 1.0, ""60"": 6.0, ""61"": 2.0, ""107"": 1.0, ""108"": 2.0, ""109"": 3.0, ""155"": 1.0, ""156"": 2.0, ""158"": 2.0, ""210"": 3.0}",2026-09-30T21:46:22-04:00
Brennan Presley,4431342,WR,FA,ACTIVE,,,,,169.94,0.02,2552.0,2570.0,null,{},2026-09-30T21:46:22-04:00
Deion Burks,4683151,WR,IND,ACTIVE,3.0098571,1.4,,,169.95,0.02,1443.0,1439.0,"{""23"": 3.617452729, ""24"": 19.88971941, ""25"": 0.178535207, ""26"": 0.00516332, ""27"": 3.0, ""28"": 1.0, ""35"": 0.006649966, ""36"": 0.004654976, ""37"": 0.001097154, ""38"": 3.74417e-05, ""39"": 5.498266569, ""40"": 1.420694243, ""62"": 0.00516332, ""63"": 0.000290078, ""66"": 0.065926869, ""68"": 0.065926869, ""70"": 0.03032636, ""72"": 0.03032636, ""73"": 0.03032636, ""210"": 14.0, ""212"": 2.730797355}","{""23"": 2.0, ""24"": 14.0, ""27"": 2.0, ""28"": 1.0, ""39"": 7.0, ""40"": 4.66666667, ""107"": 1.0, ""109"": 1.0, ""155"": 1.0, ""156"": 2.0, ""210"": 3.0, ""212"": 1.0}",2026-09-30T21:46:22-04:00
Lewis Bond,4683159,WR,HOU,ACTIVE,,0.0,,,169.94,0.02,2596.0,2593.0,{},"{""58"": 1.0, ""156"": 2.0, ""210"": 2.0}",2026-09-30T21:46:22-04:00
Christopher Dunn,4361665,K,FA,ACTIVE,,,,,169.96,0.02,2131.0,2126.0,null,{},2026-09-30T21:46:22-04:00
D.J. Montgomery,4249030,WR,IND,INJURY_RESERVE,,,,,169.95,0.02,1354.0,1355.0,null,{},2026-09-30T21:46:22-04:00
Cedric Tillman,4369863,WR,FA,QUESTIONABLE,,,134.52960463,49.5,169.99,0.02,2130.0,2125.0,{},{},2026-09-30T21:46:22-04:00
Zavier Scott,4257364,RB,FA,ACTIVE,,,,32.2,169.96,0.02,2511.0,2510.0,{},{},2026-09-30T21:46:22-04:00
Behren Morton,4431465,QB,NE,ACTIVE,,,,,170.0,0.02,1435.0,1443.0,null,{},2026-09-30T21:46:22-04:00
Kendrick Law,4685441,WR,DET,INJURY_RESERVE,,,,,169.93,0.02,1434.0,1437.0,null,{},2026-09-30T21:46:22-04:00
Brady Cook,4429435,QB,MIA,ACTIVE,,,,32.1,169.92,0.02,1419.0,1420.0,{},{},2026-09-30T21:46:22-04:00
Brayden Narveson,4361765,K,FA,ACTIVE,,,,,169.92,0.02,2381.0,2376.0,null,{},2026-09-30T21:46:22-04:00
Cameron Latu,4372026,TE,NE,ACTIVE,,0.0,,0.0,169.95,0.02,1371.0,1372.0,{},"{""107"": 1.0, ""109"": 1.0, ""155"": 1.0, ""156"": 2.0, ""210"": 3.0}",2026-09-30T21:46:22-04:00
Emmanuel Henderson Jr.,4685381,WR,FA,ACTIVE,,,,,169.91,0.02,2618.0,2595.0,null,{},2026-09-30T21:46:22-04:00
Carsen Ryan,4685540,TE,CLE,ACTIVE,,0.0,,,169.97,0.02,1260.0,1261.0,{},"{""107"": 1.0, ""109"": 1.0, ""155"": 2.0, ""156"": 1.0, ""210"": 3.0}",2026-09-30T21:46:22-04:00
Drake Dabney,4429466,TE,FA,ACTIVE,,,,,169.86,0.02,2550.0,2569.0,null,{},2026-09-30T21:46:22-04:00
Jake Browning,3886812,QB,FA,ACTIVE,,,3.3980735,60.5,169.98,0.02,2217.0,2212.0,{},{},2026-09-30T21:46:22-04:00
Justin Watson,3118892,WR,FA,ACTIVE,,,5.48160859,4.5,169.96,0.02,1598.0,1599.0,{},{},2026-09-30T21:46:22-04:00
CJ Williams,5085024,WR,JAX,ACTIVE,,0.0,,,169.93,0.02,1446.0,1435.0,null,"{""155"": 1.0, ""210"": 1.0}",2026-09-30T21:46:22-04:00
Joe Fagnano,4429582,QB,BAL,ACTIVE,,,,,169.96,0.02,1451.0,1452.0,null,{},2026-09-30T21:46:22-04:00
Michael Badgley,3123052,K,FA,ACTIVE,,,,61.0,169.95,0.02,1741.0,1741.0,null,{},2026-09-30T21:46:22-04:00
Robert Tonyan,2975674,TE,PIT,ACTIVE,,0.7,3.9874486,0.6,169.97,0.02,1330.0,1331.0,null,"{""41"": 1.0, ""42"": 2.0, ""53"": 1.0, ""58"": 1.0, ""59"": 2.0, ""60"": 2.0, ""61"": 0.66666667, ""155"": 2.0, ""156"": 1.0, ""210"": 3.0}",2026-09-30T21:46:22-04:00
Grant Calcaterra,4241374,TE,PHI,INJURY_RESERVE,,,15.55737806,18.1,169.99,0.02,1359.0,1360.0,{},{},2026-09-30T21:46:22-04:00
Trey Sermon,4241401,RB,ATL,INJURY_RESERVE,,,,0.0,169.94,0.02,1344.0,1345.0,null,{},2026-09-30T21:46:22-04:00
Seydou Traore,4714379,TE,MIA,ACTIVE,,0.0,,,169.95,0.02,1166.0,1167.0,{},"{""156"": 3.0, ""210"": 3.0}",2026-09-30T21:46:22-04:00
Dante Pettis,3127306,WR,SF,ACTIVE,,,,15.2,169.99,0.02,1726.0,1727.0,null,{},2026-09-30T21:46:22-04:00
Van Jefferson,3930066,WR,FA,ACTIVE,,,44.28030544,55.5,169.98,0.02,1835.0,1832.0,{},{},2026-09-30T21:46:22-04:00
Raheem Mostert,2576414,RB,FA,QUESTIONABLE,,,41.70866979,23.4,169.93,0.02,1707.0,1708.0,null,{},2026-09-30T21:46:22-04:00
Adam Thielen,16460,WR,PIT,,,,84.39407215,30.1,169.97,0.02,1770.0,1768.0,null,{},2026-09-30T21:46:22-04:00
Tylan Wallace,4241424,WR,CLE,OUT,2.65250606,0.0,4.04989903,12.5,169.96,0.02,1349.0,1350.0,"{""42"": 14.25374642, ""43"": 0.101254913, ""44"": 0.005945547, ""45"": 0.0947234, ""46"": 0.061901742, ""47"": 2.0, ""48"": 1.0, ""53"": 1.267150918, ""56"": 0.008138425, ""57"": 0.000251704, ""58"": 1.963048299, ""60"": 11.2486573, ""61"": 1.096442033, ""62"": 0.005945547, ""63"": 0.000101611, ""67"": 0.023093403, ""68"": 0.023093403, ""71"": 0.012932305, ""72"": 0.012932305, ""73"": 0.012932305, ""210"": 13.0, ""213"": -0.155897528}","{""107"": 1.0, ""109"": 1.0, ""155"": 2.0, ""156"": 1.0, ""210"": 3.0}",2026-09-30T21:46:22-04:00
Payne Durham,4372505,TE,TB,ACTIVE,5.16613764,0.0,13.33423141,1.6,169.96,0.02,1145.0,1146.0,"{""42"": 26.35136883, ""43"": 0.191148493, ""44"": 0.008324422, ""45"": 0.055039882, ""46"": 0.035968563, ""47"": 5.0, ""48"": 2.0, ""49"": 1.0, ""50"": 1.0, ""53"": 2.811948592, ""56"": 0.01429902, ""57"": 0.000442238, ""58"": 4.189298939, ""60"": 9.371212869, ""61"": 1.882240631, ""62"": 0.008324422, ""63"": 0.000151302, ""67"": 0.034386915, ""68"": 0.034386915, ""71"": 0.019256672, ""72"": 0.019256672, ""73"": 0.019256672, ""210"": 14.0, ""213"": 0.498946656}","{""58"": 1.0, ""156"": 3.0, ""210"": 3.0}",2026-09-30T21:46:22-04:00
Austin Seibert,3821683,K,FA,ACTIVE,,,,,169.89,0.02,1714.0,1715.0,null,{},2026-09-30T21:46:22-04:00
Max Brosmer,4573398,QB,MIN,ACTIVE,,,,3.7,169.86,0.02,2543.0,2548.0,null,{},2026-09-30T21:46:22-04:00
Graham Gano,12460,K,FA,QUESTIONABLE,,,123.92542904,38.0,169.95,0.02,1778.0,1775.0,{},{},2026-09-30T21:46:22-04:00
Lan Larison,4698253,RB,NE,ACTIVE,,1.9,,,169.97,0.02,2505.0,2504.0,null,"{""41"": 2.0, ""42"": 9.0, ""47"": 1.0, ""53"": 2.0, ""58"": 2.0, ""59"": 12.0, ""60"": 4.5, ""61"": 3.0, ""114"": 49.0, ""116"": 4.0, ""117"": 1.0, ""155"": 1.0, ""156"": 2.0, ""210"": 3.0, ""213"": 1.0}",2026-09-30T21:46:22-04:00
Mitchell Tinsley,4690070,WR,CIN,ACTIVE,0.99904533,,39.39954262,27.6,169.97,0.02,2216.0,2211.0,"{""42"": 5.248950907, ""43"": 0.043635655, ""44"": 0.001464343, ""45"": 0.007502902, ""46"": 0.004903146, ""47"": 1.0, ""53"": 0.436640335, ""56"": 0.002346872, ""57"": 7.25837e-05, ""58"": 0.717378649, ""60"": 12.02122315, ""61"": 5.248950907, ""62"": 0.001464343, ""63"": 3.50135e-05, ""67"": 0.007957624, ""68"": 0.007957624, ""71"": 0.00445627, ""72"": 0.00445627, ""73"": 0.00445627, ""210"": 1.0, ""213"": 0.194483499}",{},2026-09-30T21:46:22-04:00
David Moore,4212909,WR,CAR,ACTIVE,,0.0,29.1664903,2.2,169.98,0.02,1716.0,1717.0,{},"{""58"": 2.0, ""108"": 1.0, ""109"": 1.0, ""114"": 59.0, ""115"": 14.0, ""116"": 5.0, ""117"": 2.0, ""118"": 1.0, ""156"": 1.0, ""210"": 1.0}",2026-09-30T21:46:22-04:00
Tanner Koziol,4917427,TE,JAX,ACTIVE,,0.0,,,169.92,0.02,1228.0,1229.0,{},"{""155"": 1.0, ""210"": 1.0}",2026-09-30T21:46:22-04:00
Parker Romo,4051167,K,FA,ACTIVE,,,,45.0,169.91,0.02,2388.0,2384.0,null,{},2026-09-30T21:46:22-04:00
Ko Kieft,4034779,TE,TB,QUESTIONABLE,,0.0,,0.0,169.96,0.02,1231.0,1232.0,{},"{""107"": 1.0, ""109"": 1.0, ""156"": 3.0, ""210"": 3.0}",2026-09-30T21:46:22-04:00
Britain Covey,3926231,WR,PHI,ACTIVE,1.11036455,0.0,,3.0,169.98,0.02,2087.0,2082.0,"{""102"": 0.185060759, ""115"": 261.4762977, ""118"": 26.0, ""119"": 10.0, ""210"": 14.0}","{""114"": 26.0, ""115"": 76.0, ""116"": 2.0, ""117"": 1.0, ""118"": 6.0, ""119"": 2.0, ""155"": 2.0, ""156"": 1.0, ""210"": 3.0}",2026-09-30T21:46:22-04:00
Nick Mullens,3059989,QB,JAX,ACTIVE,,-0.3,2.90927636,-0.2,169.99,0.02,1679.0,1680.0,{},"{""23"": 3.0, ""24"": -3.0, ""39"": -1.0, ""40"": -1.0, ""155"": 2.0, ""156"": 1.0, ""210"": 3.0}",2026-09-30T21:46:22-04:00
Equanimeous St. Brown,3932442,WR,FA,ACTIVE,,,,,169.96,0.02,1712.0,1713.0,null,{},2026-09-30T21:46:22-04:00
Jeremy McNichols,3127586,RB,WSH,INJURY_RESERVE,,,14.83010718,60.2,169.97,0.02,1332.0,1333.0,null,{},2026-09-30T21:46:22-04:00
Derek Carr,16757,QB,NO,,,,,,169.93,0.02,1762.0,1760.0,null,{},2026-09-30T21:46:22-04:00
Luke Lachey,4432338,TE,GB,ACTIVE,,,,,169.98,0.02,2471.0,2470.0,null,{},2026-09-30T21:46:22-04:00
KhaDarel Hodge,3047876,WR,SF,QUESTIONABLE,27.26221799,2.3,8.85803038,4.6,169.94,0.02,1630.0,1631.0,"{""42"": 164.4768681, ""43"": 0.949788262, ""44"": 0.038362599, ""45"": 0.28145388, ""46"": 0.18393011, ""47"": 32.0, ""48"": 16.0, ""49"": 8.0, ""50"": 6.0, ""51"": 3.0, ""53"": 10.51387861, ""56"": 0.061347082, ""57"": 0.001897332, ""58"": 17.6278387, ""60"": 15.6437861, ""61"": 11.74834772, ""62"": 0.038362599, ""63"": 0.00085589, ""67"": 0.194520439, ""68"": 0.194520439, ""71"": 0.108931446, ""72"": 0.108931446, ""73"": 0.108931446, ""210"": 14.0, ""213"": 6.37364965}","{""41"": 1.0, ""42"": 18.0, ""47"": 3.0, ""48"": 1.0, ""53"": 1.0, ""58"": 1.0, ""59"": 3.0, ""60"": 18.0, ""61"": 6.0, ""107"": 2.0, ""108"": 3.0, ""109"": 5.0, ""155"": 3.0, ""210"": 3.0}",2026-09-30T21:46:22-04:00
Mason Tipton,4573697,WR,NO,OUT,,,7.72682382,14.9,169.98,0.02,1393.0,1394.0,{},{},2026-09-30T21:46:22-04:00
Sam Ehlinger,4241820,QB,DEN,ACTIVE,,,,,169.98,0.02,1352.0,1353.0,null,{},2026-09-30T21:46:22-04:00
Ian Thomas,4045305,TE,LV,ACTIVE,5.83268727,1.6,7.19348828,17.9,169.94,0.02,1255.0,1256.0,"{""42"": 29.94298332, ""43"": 0.216955466, ""44"": 0.012386148, ""45"": 0.074618257, ""46"": 0.048763031, ""47"": 5.0, ""48"": 2.0, ""49"": 1.0, ""50"": 1.0, ""53"": 3.09151551, ""56"": 0.015984985, ""57"": 0.000494381, ""58"": 4.450105617, ""60"": 9.685535529, ""61"": 2.138784523, ""62"": 0.012386148, ""63"": 0.000133076, ""67"": 0.030244559, ""68"": 0.030244559, ""71"": 0.016936953, ""72"": 0.016936953, ""73"": 0.016936953, ""210"": 14.0, ""213"": 0.67226469}","{""41"": 1.0, ""42"": 11.0, ""47"": 2.0, ""48"": 1.0, ""53"": 1.0, ""58"": 1.0, ""59"": 10.0, ""60"": 11.0, ""61"": 3.66666667, ""155"": 3.0, ""210"": 3.0, ""213"": 1.0}",2026-09-30T21:46:22-04:00
Gunner Olszewski,4424106,WR,NYG,INJURY_RESERVE,,,2.40664267,30.7,169.96,0.02,1340.0,1341.0,{},{},2026-09-30T21:46:22-04:00
Jeshaun Jones,4360637,WR,MIN,ACTIVE,,,,,169.91,0.02,1420.0,1430.0,{},{},2026-09-30T21:46:22-04:00
Charlie Woerner,4035020,TE,ATL,ACTIVE,5.00554293,0.0,13.05960229,8.8,169.94,0.02,1257.0,1258.0,"{""42"": 26.40035548, ""43"": 0.152050633, ""44"": 0.010107575, ""45"": 0.0485853, ""46"": 0.031750494, ""47"": 5.0, ""48"": 2.0, ""49"": 1.0, ""50"": 1.0, ""53"": 2.946694601, ""56"": 0.014322271, ""57"": 0.000442957, ""58"": 4.325678158, ""60"": 8.959311721, ""61"": 1.885739677, ""62"": 0.010107575, ""63"": 0.000158553, ""67"": 0.036034705, ""68"": 0.036034705, ""71"": 0.020179435, ""72"": 0.020179435, ""73"": 0.020179435, ""210"": 14.0, ""213"": 0.51502285}","{""58"": 1.0, ""107"": 1.0, ""109"": 1.0, ""155"": 1.0, ""156"": 2.0, ""210"": 3.0}",2026-09-30T21:46:22-04:00
Jordan Travis,4360799,QB,FA,,,,,,169.93,0.02,2341.0,2336.0,null,{},2026-09-30T21:46:22-04:00
C.J. Ham,4012556,RB,MIN,,,,4.85111181,14.6,169.93,0.02,1599.0,1600.0,null,{},2026-09-30T21:46:22-04:00
Amar Johnson,4878878,RB,FA,ACTIVE,,,,,169.95,0.02,2568.0,2556.0,null,{},2026-09-30T21:46:22-04:00
Aidan O'Connell,4260394,QB,LV,QUESTIONABLE,,,,4.7,169.95,0.02,1375.0,1376.0,{},{},2026-09-30T21:46:22-04:00
DeWayne McBride,4430388,RB,FA,ACTIVE,,,,,169.88,0.02,2188.0,2183.0,null,{},2026-09-30T21:46:22-04:00
Greg Joseph,3975763,K,FA,ACTIVE,,,,,169.88,0.02,1724.0,1725.0,null,{},2026-09-30T21:46:22-04:00
Jamaal Williams,2980453,RB,FA,ACTIVE,,,,,169.96,0.02,1753.0,1751.0,null,{},2026-09-30T21:46:22-04:00
Hunter Long,4239944,TE,ARI,ACTIVE,11.60524043,1.0,3.51714319,26.5,169.94,0.02,1254.0,1255.0,"{""42"": 59.5058324, ""43"": 0.409622465, ""44"": 0.015934191, ""45"": 0.057853888, ""46"": 0.037807516, ""47"": 11.0, ""48"": 5.0, ""49"": 2.0, ""50"": 2.0, ""51"": 1.0, ""53"": 6.508390006, ""56"": 0.028034055, ""57"": 0.000867033, ""58"": 9.378401276, ""60"": 9.14294201, ""61"": 4.2504166, ""62"": 0.015934191, ""63"": 0.000350197, ""67"": 0.079590166, ""68"": 0.079590166, ""71"": 0.044570493, ""72"": 0.044570493, ""73"": 0.044570493, ""210"": 14.0, ""213"": 2.345095031}","{""41"": 1.0, ""42"": 5.0, ""47"": 1.0, ""53"": 1.0, ""58"": 1.0, ""60"": 5.0, ""61"": 1.66666667, ""107"": 1.0, ""109"": 1.0, ""155"": 1.0, ""156"": 2.0, ""210"": 3.0}",2026-09-30T21:46:22-04:00
Greg Zuerlein,14993,K,FA,QUESTIONABLE,,,,,169.91,0.02,1773.0,1771.0,null,{},2026-09-30T21:46:22-04:00
Kedon Slovis,4428512,QB,FA,ACTIVE,,,,,169.85,0.02,2548.0,2549.0,null,{},2026-09-30T21:46:22-04:00
Trayveon Williams,4035222,RB,FA,ACTIVE,,,,13.1,169.97,0.02,1678.0,1679.0,null,{},2026-09-30T21:46:22-04:00
Dareke Young,4401805,WR,LV,ACTIVE,17.59060315,3.2,,,169.94,0.02,1256.0,1257.0,"{""42"": 101.709592, ""43"": 0.537630727, ""44"": 0.030681781, ""45"": 0.126405863, ""46"": 0.082606231, ""47"": 20.0, ""48"": 10.0, ""49"": 5.0, ""50"": 4.0, ""51"": 2.0, ""53"": 8.223041326, ""56"": 0.041607818, ""57"": 0.00128684, ""58"": 13.35031685, ""60"": 12.36885332, ""61"": 7.264970857, ""62"": 0.030681781, ""63"": 0.000659394, ""67"": 0.149862183, ""68"": 0.149862183, ""71"": 0.083922823, ""72"": 0.083922823, ""73"": 0.083922823, ""101"": 0.031470168, ""114"": 281.0611581, ""116"": 28.0, ""117"": 11.0, ""210"": 14.0, ""213"": 3.952079349}","{""41"": 1.0, ""42"": 27.0, ""47"": 5.0, ""48"": 2.0, ""49"": 1.0, ""50"": 1.0, ""53"": 1.0, ""58"": 1.0, ""59"": 14.0, ""60"": 27.0, ""61"": 9.0, ""108"": 2.0, ""109"": 2.0, ""114"": 55.0, ""116"": 5.0, ""117"": 2.0, ""155"": 3.0, ""210"": 3.0, ""213"": 1.0}",2026-09-30T21:46:22-04:00
Tanner Brown,4696736,K,FA,ACTIVE,,,,,169.95,0.02,2205.0,2200.0,{},{},2026-09-30T21:46:22-04:00
Athan Kaliakmanis,4432722,QB,WSH,ACTIVE,,,,,169.97,0.02,1437.0,1444.0,null,{},2026-09-30T21:46:22-04:00
Joe Royer,4565859,TE,CLE,OUT,,,,,169.96,0.02,1432.0,1433.0,{},{},2026-09-30T21:46:22-04:00
Jared Wiley,4430723,TE,KC,ACTIVE,,,,,169.97,0.02,1390.0,1391.0,null,{},2026-09-30T21:46:22-04:00
Sterling Shepard,2976592,WR,NYJ,ACTIVE,4.35428365,2.8,24.24838424,62.5,169.97,0.02,1758.0,1756.0,"{""42"": 23.23990504, ""43"": 0.166254953, ""44"": 0.011987147, ""45"": 0.007954352, ""46"": 0.005198169, ""47"": 4.0, ""48"": 2.0, ""49"": 1.0, ""53"": 2.097077663, ""56"": 0.012692308, ""57"": 0.000393, ""58"": 3.133307429, ""60"": 11.0820431, ""61"": 23.23990504, ""62"": 0.011987147, ""63"": 0.000156, ""67"": 0.035490802, ""68"": 0.035490802, ""71"": 0.019874849, ""72"": 0.019874849, ""73"": 0.019874849, ""210"": 1.0, ""213"": 1.119212816}","{""41"": 1.0, ""42"": 3.0, ""44"": 1.0, ""53"": 1.0, ""58"": 1.0, ""59"": 1.0, ""60"": 3.0, ""61"": 3.0, ""156"": 1.0, ""158"": 2.0, ""210"": 1.0}",2026-09-30T21:46:22-04:00
Tyler Lockett,2577327,WR,FA,ACTIVE,,,80.08768103,51.1,169.94,0.02,1754.0,1752.0,null,{},2026-09-30T21:46:22-04:00
J.J. Taylor,4039607,RB,FA,ACTIVE,,,,,169.92,0.02,1867.0,1863.0,null,{},2026-09-30T21:46:22-04:00
E.J. Jenkins,4248557,TE,PHI,ACTIVE,0.79149835,0.0,,,169.97,0.02,1400.0,1398.0,"{""42"": 4.146024157, ""43"": 0.027993138, ""44"": 0.001245435, ""45"": 0.006537157, ""46"": 0.004272032, ""53"": 0.424521228, ""56"": 0.001964803, ""57"": 6.07671e-05, ""58"": 0.58495018, ""60"": 9.766352965, ""61"": 4.146024157, ""62"": 0.001245435, ""63"": 2.28e-05, ""67"": 0.005191409, ""68"": 0.005191409, ""71"": 0.002907189, ""72"": 0.002907189, ""73"": 0.002907189, ""210"": 1.0, ""213"": 0.154910292}","{""155"": 2.0, ""156"": 1.0, ""210"": 3.0}",2026-09-30T21:46:22-04:00
Tim Patrick,3134353,WR,NYJ,INJURY_RESERVE,,,14.87842613,44.2,169.97,0.02,1335.0,1336.0,null,{},2026-09-30T21:46:22-04:00
Ty Chandler,4242431,RB,NO,INJURY_RESERVE,,,7.58613815,7.3,169.98,0.02,1361.0,1362.0,null,{},2026-09-30T21:46:22-04:00
Cole Payton,4879250,QB,PHI,ACTIVE,,,,,169.96,0.02,1441.0,1446.0,null,{},2026-09-30T21:46:22-04:00
Jackson Meeks,4602788,TE,DET,ACTIVE,,1.3,,,169.94,0.02,1423.0,1425.0,{},"{""41"": 1.0, ""42"": 8.0, ""47"": 1.0, ""53"": 1.0, ""58"": 1.0, ""59"": 3.0, ""60"": 8.0, ""61"": 2.66666667, ""155"": 2.0, ""156"": 1.0, ""210"": 3.0}",2026-09-30T21:46:22-04:00
John Samuel Shenker,4242526,TE,FA,ACTIVE,,,,,169.98,0.02,2451.0,2446.0,null,{},2026-09-30T21:46:22-04:00
Sal Cannella,4242536,TE,FA,ACTIVE,,,,,169.98,0.02,2581.0,2523.0,null,{},2026-09-30T21:46:22-04:00
Matthew Wright,3128444,K,FA,ACTIVE,,,,22.0,169.92,0.02,1901.0,1885.0,null,{},2026-09-30T21:46:22-04:00
Josh Johnson,11394,QB,CIN,ACTIVE,,,,26.1,169.98,0.02,1777.0,1774.0,{},{},2026-09-30T21:46:22-04:00
Michael Pratt,4685039,QB,FA,ACTIVE,,,,,169.97,0.02,2355.0,2350.0,null,{},2026-09-30T21:46:22-04:00
Jacardia Wright,4428943,RB,FA,ACTIVE,,,,,169.94,0.02,2547.0,2561.0,null,{},2026-09-30T21:46:22-04:00
Cade York,4428963,K,FA,ACTIVE,,,,,169.95,0.02,1996.0,1991.0,{},{},2026-09-30T21:46:22-04:00
Joshua Karty,4566192,K,FA,ACTIVE,,,137.32913453,53.0,169.91,0.02,2307.0,2302.0,{},{},2026-09-30T21:46:22-04:00
Scott Matlock,4373684,RB,LAC,INJURY_RESERVE,,,2.91484564,9.2,169.96,0.02,1374.0,1375.0,null,{},2026-09-30T21:46:22-04:00
Beaux Collins,4431210,WR,ATL,INJURY_RESERVE,,,3.32506725,3.5,169.93,0.02,1418.0,1419.0,null,{},2026-09-30T21:46:22-04:00
Michael Carter,4240657,RB,TEN,ACTIVE,,,,82.5,169.96,0.02,1902.0,1897.0,null,{},2026-09-30T21:46:22-04:00
Jimmy Holiday,4431142,WR,KC,INJURY_RESERVE,,,,,169.9,0.02,1421.0,1427.0,null,{},2026-09-30T21:46:22-04:00
Anthony Smith,4685110,WR,FA,ACTIVE,,,,,169.92,0.02,2621.0,2594.0,null,{},2026-09-30T21:46:22-04:00
Marcedes Lewis,9614,TE,FA,ACTIVE,,,,0.0,169.96,0.01,1677.0,1678.0,null,{},2026-09-30T21:46:22-04:00
Quez Watkins,4050373,WR,FA,ACTIVE,,,,,169.99,0.01,1840.0,1837.0,null,{},2026-09-30T21:46:22-04:00
Hendon Hooker,4240858,QB,FA,ACTIVE,,,,,170.0,0.01,2120.0,2115.0,null,{},2026-09-30T21:46:22-04:00
Raheem Blackshear,4259308,RB,FA,QUESTIONABLE,,,,,169.97,0.01,2078.0,2073.0,null,{},2026-09-30T21:46:22-04:00
Mark Redman,4431346,TE,GB,ACTIVE,,0.0,,,169.79,0.01,,,{},"{""155"": 1.0, ""156"": 2.0, ""210"": 3.0}",2026-09-30T21:46:22-04:00
