Player,espn_id,pos,team,injuryStatus,proj_2022,actual_2022,proj_2021,actual_2021,espn_adp,pct_owned,rank_std,rank_ppr,raw_stats,raw_actual_stats,captured_at
Travis Kelce,15847,TE,KC,ACTIVE,184.02335035,261.3,251.27064986,216.8,17.958941605839417,99.9572465953778,,,"{""23"": 1.784783634, ""24"": 7.134166963, ""25"": 0.239242868, ""26"": 0.009736295, ""27"": 1.0, ""35"": 0.003276317, ""36"": 0.002293422, ""37"": 7.95e-05, ""38"": 2.71e-06, ""39"": 3.997216708, ""40"": 0.444252155, ""42"": 973.0215108, ""43"": 6.96839163, ""44"": 0.253480887, ""45"": 0.206009451, ""46"": 0.134627177, ""47"": 194.0, ""48"": 97.0, ""49"": 48.0, ""50"": 38.0, ""51"": 19.0, ""53"": 86.50713219, ""54"": 17.0, ""55"": 8.0, ""56"": 2.343468438, ""57"": 0.072478405, ""58"": 118.7592554, ""60"": 11.24787617, ""61"": 60.59108309, ""62"": 0.263217182, ""63"": 0.004013873, ""66"": 0.018440621, ""67"": 0.893803129, ""68"": 0.91224375, ""70"": 0.008482685, ""71"": 0.500529753, ""72"": 0.509012438, ""73"": 0.509012438, ""210"": 16.05882353}","{""23"": 2.0, ""24"": 5.0, ""39"": 2.5, ""40"": 0.29411765, ""41"": 110.0, ""42"": 1338.0, ""43"": 12.0, ""44"": 1.0, ""47"": 262.0, ""48"": 126.0, ""49"": 58.0, ""50"": 46.0, ""51"": 20.0, ""52"": 6.0, ""53"": 110.0, ""54"": 15.0, ""55"": 2.0, ""56"": 6.0, ""58"": 152.0, ""59"": 648.0, ""60"": 12.16363636, ""61"": 78.70588235, ""67"": 1.0, ""68"": 1.0, ""71"": 1.0, ""72"": 1.0, ""73"": 1.0, ""108"": 2.0, ""109"": 2.0, ""155"": 14.0, ""156"": 3.0, ""158"": 74.0, ""183"": 8.0, ""184"": 2.0, ""186"": 2.0, ""210"": 17.0, ""213"": 75.0}",2026-08-24T23:49:57-04:00
Josh Allen,3918298,QB,BUF,ACTIVE,440.87908502,464.0,441.42895385,473.1,16.630930656934307,99.95465331926991,,,"{""0"": 574.3433838, ""1"": 368.7979666, ""2"": 205.5454172, ""3"": 4096.884682, ""4"": 33.2923914, ""5"": 819.0, ""6"": 409.0, ""7"": 204.0, ""8"": 163.0, ""9"": 81.0, ""10"": 40.0, ""11"": 73.0, ""12"": 36.0, ""15"": 3.523272622, ""16"": 2.302458658, ""17"": 3.938481062, ""18"": 0.531985524, ""19"": 1.792431856, ""20"": 12.67511485, ""21"": 0.642121032, ""22"": 256.0552926, ""23"": 113.3058311, ""24"": 679.1721349, ""25"": 6.625139151, ""26"": 0.332010494, ""27"": 135.0, ""28"": 67.0, ""29"": 33.0, ""30"": 27.0, ""31"": 13.0, ""33"": 22.0, ""34"": 11.0, ""35"": 0.221410897, ""36"": 0.154987628, ""37"": 1.26116999, ""38"": 0.043038893, ""39"": 5.994149888, ""40"": 42.44825843, ""62"": 2.12444235, ""63"": 0.042638498, ""64"": 32.60750485, ""65"": 8.1661142, ""66"": 1.524453418, ""68"": 9.690567618, ""69"": 3.919734816, ""70"": 0.701248572, ""72"": 4.620983388, ""73"": 17.29609824, ""210"": 16.0}","{""0"": 567.0, ""1"": 359.0, ""2"": 208.0, ""3"": 4283.0, ""4"": 35.0, ""5"": 849.0, ""6"": 421.0, ""7"": 206.0, ""8"": 163.0, ""9"": 79.0, ""10"": 37.0, ""11"": 65.0, ""12"": 27.0, ""13"": 36.0, ""14"": 15.0, ""15"": 6.0, ""16"": 3.0, ""17"": 4.0, ""18"": 2.0, ""19"": 1.0, ""20"": 14.0, ""21"": 0.63315697, ""22"": 267.6875, ""23"": 124.0, ""24"": 762.0, ""25"": 7.0, ""26"": 1.0, ""27"": 147.0, ""28"": 69.0, ""29"": 31.0, ""30"": 22.0, ""31"": 6.0, ""33"": 20.0, ""34"": 6.0, ""39"": 6.14516129, ""40"": 47.625, ""64"": 33.0, ""65"": 6.0, ""66"": 7.0, ""68"": 13.0, ""69"": 3.0, ""70"": 2.0, ""72"": 5.0, ""73"": 19.0, ""108"": 3.0, ""109"": 3.0, ""155"": 13.0, ""156"": 3.0, ""158"": 254.0, ""175"": 13.0, ""176"": 11.0, ""177"": 4.0, ""178"": 1.0, ""179"": 6.0, ""180"": 1.0, ""182"": 1.0, ""210"": 16.0, ""211"": 211.0, ""212"": 54.0}",2026-08-24T23:49:57-04:00
Stefon Diggs,2976212,WR,BUF,ACTIVE,211.85174931,262.6,247.40331257,234.0,11.086659064994299,99.95369618428064,,,"{""42"": 1146.700668, ""43"": 8.50683406, ""44"": 0.457929794, ""45"": 0.19795174, ""46"": 0.129361462, ""47"": 229.0, ""48"": 114.0, ""49"": 57.0, ""50"": 45.0, ""51"": 22.0, ""53"": 92.74737824, ""54"": 18.0, ""55"": 9.0, ""56"": 3.521640589, ""57"": 0.108916719, ""58"": 141.2830206, ""60"": 12.36369901, ""61"": 71.40626872, ""62"": 0.457929794, ""63"": 0.00451342, ""67"": 1.025777285, ""68"": 1.025777285, ""71"": 0.57443528, ""72"": 0.57443528, ""73"": 0.57443528, ""210"": 16.05882353}","{""23"": 1.0, ""24"": -3.0, ""39"": -3.0, ""40"": -0.1875, ""41"": 108.0, ""42"": 1429.0, ""43"": 11.0, ""45"": 3.0, ""46"": 1.0, ""47"": 278.0, ""48"": 135.0, ""49"": 65.0, ""50"": 49.0, ""51"": 20.0, ""52"": 7.0, ""53"": 108.0, ""54"": 15.0, ""55"": 3.0, ""56"": 7.0, ""58"": 154.0, ""59"": 419.0, ""60"": 13.23148148, ""61"": 89.3125, ""67"": 1.0, ""68"": 1.0, ""155"": 13.0, ""156"": 3.0, ""158"": 66.0, ""183"": 4.0, ""184"": 3.0, ""185"": 1.0, ""210"": 16.0, ""213"": 72.0}",2026-08-24T23:49:57-04:00
Tyreek Hill,3116406,WR,MIA,ACTIVE,202.5076668,281.7,260.36954349,241.0,16.56442417331813,99.95120290189575,,,"{""23"": 8.068168096, ""24"": 59.36109424, ""25"": 0.372929941, ""26"": 0.019159823, ""27"": 11.0, ""28"": 5.0, ""29"": 2.0, ""30"": 2.0, ""31"": 1.0, ""33"": 1.0, ""35"": 0.014861528, ""36"": 0.010403069, ""37"": 0.008712298, ""38"": 0.000297317, ""39"": 7.357443912, ""40"": 3.696478396, ""42"": 1088.451252, ""43"": 7.014549885, ""44"": 0.404720929, ""45"": 0.225803187, ""46"": 0.147562382, ""47"": 217.0, ""48"": 108.0, ""49"": 54.0, ""50"": 43.0, ""51"": 21.0, ""53"": 87.82404623, ""54"": 17.0, ""55"": 8.0, ""56"": 3.106623866, ""57"": 0.09608115, ""58"": 129.9878464, ""60"": 12.39354481, ""61"": 67.7790157, ""62"": 0.423880752, ""63"": 0.005417302, ""66"": 0.103590985, ""67"": 1.127614015, ""68"": 1.231205, ""70"": 0.047651853, ""71"": 0.631463849, ""72"": 0.679115702, ""73"": 0.679115702, ""210"": 16.05882353}","{""23"": 7.0, ""24"": 32.0, ""25"": 1.0, ""27"": 5.0, ""28"": 1.0, ""39"": 4.57142857, ""40"": 1.88235294, ""41"": 119.0, ""42"": 1710.0, ""43"": 7.0, ""45"": 4.0, ""46"": 2.0, ""47"": 335.0, ""48"": 164.0, ""49"": 79.0, ""50"": 59.0, ""51"": 24.0, ""52"": 7.0, ""53"": 119.0, ""54"": 16.0, ""55"": 4.0, ""56"": 7.0, ""58"": 170.0, ""59"": 482.0, ""60"": 14.3697479, ""61"": 100.58823529, ""63"": 1.0, ""67"": 1.0, ""68"": 1.0, ""108"": 4.0, ""109"": 4.0, ""115"": -4.0, ""155"": 9.0, ""156"": 8.0, ""158"": 48.0, ""179"": 1.0, ""183"": 2.0, ""185"": 1.0, ""210"": 17.0, ""212"": 3.0, ""213"": 76.0}",2026-08-24T23:49:57-04:00
Patrick Mahomes,3139477,QB,KC,QUESTIONABLE,423.24637382,497.5,440.37086758,434.5,25.646897810218977,99.94965449864866,,,"{""0"": 613.5599723, ""1"": 394.1677257, ""2"": 219.3922466, ""3"": 4594.998273, ""4"": 35.82717305, ""5"": 918.0, ""6"": 459.0, ""7"": 229.0, ""8"": 183.0, ""9"": 91.0, ""10"": 45.0, ""11"": 78.0, ""12"": 39.0, ""15"": 4.361746477, ""16"": 2.850401323, ""17"": 6.15865601, ""18"": 0.831872946, ""19"": 1.303281496, ""20"": 12.16382363, ""21"": 0.64242738, ""22"": 287.1873921, ""23"": 62.25016739, ""24"": 359.2555642, ""25"": 3.085627531, ""26"": 0.125598117, ""27"": 71.0, ""28"": 35.0, ""29"": 17.0, ""30"": 14.0, ""31"": 7.0, ""33"": 12.0, ""34"": 6.0, ""35"": 0.118269002, ""36"": 0.082788301, ""37"": 0.351315037, ""38"": 0.011989034, ""39"": 5.771158203, ""40"": 22.45347276, ""62"": 1.428879613, ""63"": 0.03811761, ""64"": 32.10587104, ""65"": 7.901309264, ""66"": 0.761783869, ""68"": 8.663093133, ""69"": 3.792628447, ""70"": 0.35042058, ""72"": 4.143049026, ""73"": 16.30687265, ""210"": 16.0}","{""0"": 648.0, ""1"": 435.0, ""2"": 213.0, ""3"": 5250.0, ""4"": 41.0, ""5"": 1043.0, ""6"": 518.0, ""7"": 256.0, ""8"": 201.0, ""9"": 96.0, ""10"": 46.0, ""11"": 81.0, ""12"": 35.0, ""13"": 35.0, ""14"": 13.0, ""15"": 4.0, ""16"": 1.0, ""17"": 8.0, ""18"": 2.0, ""19"": 2.0, ""20"": 12.0, ""21"": 0.6712963, ""22"": 308.82352941, ""23"": 61.0, ""24"": 358.0, ""25"": 4.0, ""26"": 1.0, ""27"": 65.0, ""28"": 28.0, ""29"": 12.0, ""30"": 9.0, ""31"": 1.0, ""33"": 3.0, ""39"": 5.86885246, ""40"": 21.05882353, ""41"": 1.0, ""42"": 6.0, ""47"": 1.0, ""53"": 1.0, ""58"": 1.0, ""59"": 15.0, ""60"": 6.0, ""61"": 0.35294118, ""64"": 26.0, ""65"": 2.0, ""66"": 4.0, ""68"": 5.0, ""73"": 12.0, ""107"": 1.0, ""108"": 1.0, ""109"": 2.0, ""155"": 14.0, ""156"": 3.0, ""158"": 272.0, ""175"": 27.0, ""176"": 7.0, ""177"": 1.0, ""178"": 2.0, ""179"": 3.0, ""180"": 1.0, ""210"": 17.0, ""211"": 273.0, ""212"": 26.0}",2026-08-24T23:49:57-04:00
Austin Ekeler,3068267,RB,LAC,ACTIVE,251.78332644,319.2,226.94944659,308.8,7.472873409243134,99.94953334404055,,,"{""23"": 205.2043947, ""24"": 897.4250874, ""25"": 8.19978608, ""26"": 0.584244383, ""27"": 179.0, ""28"": 89.0, ""29"": 44.0, ""30"": 35.0, ""31"": 17.0, ""33"": 41.0, ""34"": 20.0, ""35"": 0.418577609, ""36"": 0.293004326, ""37"": 2.085598607, ""38"": 0.071173479, ""39"": 4.373322943, ""40"": 59.36274897, ""42"": 612.2758059, ""43"": 3.310941265, ""44"": 0.253470494, ""45"": 0.12385753, ""46"": 0.080940896, ""47"": 122.0, ""48"": 61.0, ""49"": 30.0, ""50"": 24.0, ""51"": 12.0, ""53"": 65.74717035, ""54"": 13.0, ""55"": 6.0, ""56"": 0.667065883, ""57"": 0.020630904, ""58"": 84.38999644, ""60"": 9.312580338, ""61"": 40.50073424, ""62"": 0.837714876, ""63"": 0.012720945, ""66"": 2.189584443, ""67"": 0.701539465, ""68"": 2.891123909, ""70"": 1.007208844, ""71"": 0.392862101, ""72"": 1.400070944, ""73"": 1.400070944, ""210"": 15.11764706}","{""23"": 204.0, ""24"": 915.0, ""25"": 13.0, ""27"": 177.0, ""28"": 84.0, ""29"": 38.0, ""30"": 27.0, ""31"": 9.0, ""32"": 2.0, ""33"": 33.0, ""34"": 13.0, ""35"": 1.0, ""36"": 1.0, ""37"": 2.0, ""39"": 4.48529412, ""40"": 53.82352941, ""41"": 107.0, ""42"": 722.0, ""43"": 5.0, ""47"": 137.0, ""48"": 62.0, ""49"": 26.0, ""50"": 19.0, ""51"": 5.0, ""53"": 107.0, ""54"": 13.0, ""55"": 3.0, ""58"": 127.0, ""59"": 857.0, ""60"": 6.74766355, ""61"": 42.47058824, ""66"": 3.0, ""67"": 2.0, ""68"": 5.0, ""70"": 2.0, ""71"": 1.0, ""72"": 3.0, ""73"": 3.0, ""108"": 4.0, ""109"": 4.0, ""155"": 10.0, ""156"": 7.0, ""158"": 108.0, ""179"": 8.0, ""180"": 2.0, ""181"": 2.0, ""183"": 3.0, ""184"": 2.0, ""210"": 17.0, ""212"": 45.0, ""213"": 37.0}",2026-08-24T23:49:57-04:00
Justin Jefferson,4262921,WR,MIN,ACTIVE,238.40748393,304.5,215.91203747,276.2,7.804104903078677,99.94835603604834,,,"{""0"": 2.891089139, ""1"": 1.770487895, ""2"": 1.120601243, ""3"": 18.74947907, ""4"": 0.130504115, ""5"": 3.0, ""6"": 1.0, ""15"": 0.070776799, ""16"": 0.046252638, ""17"": 0.030107122, ""18"": 0.004066683, ""19"": 0.008793388, ""20"": 0.115289579, ""21"": 0.612394779, ""22"": 1.167549979, ""23"": 4.283771475, ""24"": 23.85870746, ""25"": 0.204073201, ""26"": 0.010901147, ""27"": 4.0, ""28"": 2.0, ""29"": 1.0, ""35"": 0.007874409, ""36"": 0.005512086, ""37"": 0.001300369, ""38"": 4.44e-05, ""39"": 5.569556546, ""40"": 1.485707058, ""42"": 1376.430859, ""43"": 7.815247786, ""44"": 0.448483117, ""45"": 0.31322568, ""46"": 0.204692982, ""47"": 275.0, ""48"": 137.0, ""49"": 68.0, ""50"": 55.0, ""51"": 27.0, ""53"": 98.94247841, ""54"": 19.0, ""55"": 9.0, ""56"": 5.227780795, ""57"": 0.161683942, ""58"": 150.9242274, ""60"": 13.91142492, ""61"": 85.71181176, ""62"": 0.468177651, ""63"": 0.005155974, ""64"": 0.259793553, ""65"": 0.034708993, ""66"": 0.04718849, ""67"": 1.089914851, ""68"": 1.171812334, ""69"": 0.016660317, ""70"": 0.021706705, ""71"": 0.610352316, ""72"": 0.648719339, ""73"": 0.764008917, ""210"": 16.05882353}","{""0"": 2.0, ""1"": 2.0, ""3"": 34.0, ""5"": 6.0, ""6"": 3.0, ""7"": 1.0, ""21"": 1.0, ""22"": 2.0, ""23"": 4.0, ""24"": 24.0, ""25"": 1.0, ""27"": 4.0, ""28"": 2.0, ""39"": 6.0, ""40"": 1.41176471, ""41"": 128.0, ""42"": 1809.0, ""43"": 8.0, ""44"": 1.0, ""47"": 353.0, ""48"": 172.0, ""49"": 81.0, ""50"": 62.0, ""51"": 26.0, ""52"": 11.0, ""53"": 128.0, ""54"": 19.0, ""55"": 6.0, ""56"": 9.0, ""57"": 1.0, ""58"": 184.0, ""59"": 613.0, ""60"": 14.1328125, ""61"": 106.41176471, ""108"": 2.0, ""109"": 2.0, ""155"": 13.0, ""156"": 4.0, ""158"": 56.0, ""179"": 1.0, ""183"": 4.0, ""184"": 2.0, ""185"": 1.0, ""186"": 1.0, ""210"": 17.0, ""211"": 2.0, ""212"": 2.0, ""213"": 78.0}",2026-08-24T23:49:57-04:00
Christian McCaffrey,3117251,RB,SF,ACTIVE,265.0845375,315.7,291.31103801,109.0,7.180200729927007,99.94636402890083,,,"{""23"": 211.6854494, ""24"": 922.2219168, ""25"": 7.73053488, ""26"": 0.357284227, ""27"": 184.0, ""28"": 92.0, ""29"": 46.0, ""30"": 36.0, ""31"": 18.0, ""33"": 42.0, ""34"": 21.0, ""35"": 0.433250624, ""36"": 0.303275437, ""37"": 2.213319906, ""38"": 0.075532117, ""39"": 4.356567348, ""40"": 65.05299828, ""42"": 681.4129373, ""43"": 2.458482781, ""44"": 0.171663295, ""45"": 0.078332918, ""46"": 0.051190562, ""47"": 136.0, ""48"": 68.0, ""49"": 34.0, ""50"": 27.0, ""51"": 13.0, ""53"": 89.59399549, ""54"": 17.0, ""55"": 8.0, ""56"": 0.896967836, ""57"": 0.027741273, ""58"": 104.4089123, ""60"": 7.605564788, ""61"": 48.06647275, ""62"": 0.528947522, ""63"": 0.010188069, ""66"": 1.626899352, ""67"": 0.688570771, ""68"": 2.315470123, ""70"": 0.748373702, ""71"": 0.385599632, ""72"": 1.133973334, ""73"": 1.133973334, ""210"": 14.17647059}","{""0"": 1.0, ""1"": 1.0, ""3"": 34.0, ""4"": 1.0, ""5"": 6.0, ""6"": 3.0, ""7"": 1.0, ""8"": 1.0, ""21"": 1.0, ""22"": 2.0, ""23"": 244.0, ""24"": 1139.0, ""25"": 8.0, ""27"": 219.0, ""28"": 104.0, ""29"": 48.0, ""30"": 37.0, ""31"": 14.0, ""32"": 5.0, ""33"": 42.0, ""34"": 16.0, ""37"": 5.0, ""39"": 4.66803279, ""40"": 67.0, ""41"": 85.0, ""42"": 741.0, ""43"": 5.0, ""47"": 141.0, ""48"": 67.0, ""49"": 29.0, ""50"": 22.0, ""51"": 7.0, ""53"": 85.0, ""54"": 8.0, ""58"": 108.0, ""59"": 695.0, ""60"": 8.71764706, ""61"": 43.58823529, ""66"": 1.0, ""68"": 1.0, ""155"": 11.0, ""156"": 6.0, ""158"": 84.0, ""178"": 1.0, ""179"": 5.0, ""180"": 2.0, ""182"": 1.0, ""183"": 2.0, ""184"": 1.0, ""185"": 2.0, ""210"": 17.0, ""211"": 1.0, ""212"": 59.0, ""213"": 36.0}",2026-08-24T23:49:57-04:00
Davante Adams,16800,WR,LV,ACTIVE,205.28018367,285.5,266.47556488,282.8,17.438084378563286,99.9450127331446,,,"{""42"": 1154.632279, ""43"": 6.966593762, ""44"": 0.298665058, ""45"": 0.236078904, ""46"": 0.154277564, ""47"": 230.0, ""48"": 115.0, ""49"": 57.0, ""50"": 46.0, ""51"": 23.0, ""53"": 96.58356845, ""54"": 19.0, ""55"": 9.0, ""56"": 3.581035066, ""57"": 0.110753662, ""58"": 136.1725801, ""60"": 11.95474859, ""61"": 76.37645422, ""62"": 0.298665058, ""63"": 0.003424619, ""67"": 0.778322448, ""68"": 0.778322448, ""71"": 0.435860571, ""72"": 0.435860571, ""73"": 0.435860571, ""210"": 15.11764706}","{""23"": 3.0, ""24"": -1.0, ""39"": -0.33333333, ""40"": -0.05882353, ""41"": 100.0, ""42"": 1516.0, ""43"": 14.0, ""45"": 5.0, ""46"": 2.0, ""47"": 297.0, ""48"": 145.0, ""49"": 68.0, ""50"": 52.0, ""51"": 22.0, ""52"": 8.0, ""53"": 100.0, ""54"": 13.0, ""55"": 2.0, ""56"": 8.0, ""58"": 180.0, ""59"": 493.0, ""60"": 15.16, ""61"": 89.17647059, ""64"": 1.0, ""67"": 1.0, ""68"": 1.0, ""107"": 1.0, ""108"": 1.0, ""109"": 2.0, ""155"": 6.0, ""156"": 11.0, ""158"": 84.0, ""183"": 4.0, ""185"": 1.0, ""186"": 4.0, ""210"": 17.0, ""213"": 64.0}",2026-08-24T23:49:57-04:00
Ja'Marr Chase,4362628,WR,CIN,ACTIVE,234.15984791,198.9,169.71476994,264.1,12.046750285062714,99.87672201490149,,,"{""23"": 14.47250633, ""24"": 82.94585822, ""25"": 0.594217849, ""26"": 0.028592063, ""27"": 16.0, ""28"": 8.0, ""29"": 4.0, ""30"": 3.0, ""31"": 1.0, ""33"": 2.0, ""34"": 1.0, ""35"": 0.026750804, ""36"": 0.018725563, ""37"": 0.017214789, ""38"": 0.000587475, ""39"": 5.731271166, ""40"": 5.165126702, ""42"": 1253.908509, ""43"": 9.245708423, ""44"": 0.499605927, ""45"": 0.380721579, ""46"": 0.248801552, ""47"": 250.0, ""48"": 125.0, ""49"": 62.0, ""50"": 50.0, ""51"": 25.0, ""53"": 83.93926653, ""54"": 16.0, ""55"": 8.0, ""56"": 4.312317454, ""57"": 0.133370643, ""58"": 130.3726885, ""60"": 14.93828289, ""61"": 78.08221485, ""62"": 0.52819799, ""63"": 0.006419632, ""66"": 0.214562673, ""67"": 1.244444673, ""68"": 1.459007346, ""70"": 0.09869883, ""71"": 0.696889017, ""72"": 0.795587846, ""73"": 0.795587846, ""210"": 16.05882353}","{""23"": 5.0, ""24"": 8.0, ""27"": 1.0, ""39"": 1.6, ""40"": 0.66666667, ""41"": 87.0, ""42"": 1046.0, ""43"": 9.0, ""45"": 2.0, ""46"": 1.0, ""47"": 204.0, ""48"": 99.0, ""49"": 46.0, ""50"": 38.0, ""51"": 15.0, ""52"": 4.0, ""53"": 87.0, ""54"": 13.0, ""55"": 2.0, ""56"": 4.0, ""58"": 134.0, ""59"": 436.0, ""60"": 12.02298851, ""61"": 87.16666667, ""64"": 1.0, ""67"": 2.0, ""68"": 2.0, ""71"": 2.0, ""72"": 2.0, ""73"": 2.0, ""108"": 4.0, ""109"": 4.0, ""155"": 9.0, ""156"": 3.0, ""158"": 54.0, ""183"": 3.0, ""184"": 2.0, ""185"": 1.0, ""186"": 1.0, ""210"": 12.0, ""213"": 57.0}",2026-08-24T23:49:57-04:00
Derrick Henry,3043078,RB,TEN,ACTIVE,250.02651639,288.1,272.19160435,186.3,11.66912257200268,99.83237982887499,,,"{""23"": 341.4767747, ""24"": 1451.016716, ""25"": 10.90479812, ""26"": 0.339815222, ""27"": 290.0, ""28"": 145.0, ""29"": 72.0, ""30"": 58.0, ""31"": 29.0, ""33"": 68.0, ""34"": 34.0, ""35"": 0.743116202, ""36"": 0.520181342, ""37"": 5.458606966, ""38"": 0.186281313, ""39"": 4.249239842, ""40"": 95.98165049, ""42"": 218.6998098, ""43"": 0.832684991, ""44"": 0.042526783, ""45"": 0.050974518, ""46"": 0.033311848, ""47"": 43.0, ""48"": 21.0, ""49"": 10.0, ""50"": 8.0, ""51"": 4.0, ""53"": 28.74480399, ""54"": 5.0, ""55"": 2.0, ""56"": 0.081827516, ""57"": 0.002530748, ""58"": 37.28763809, ""60"": 7.608324962, ""61"": 14.46652438, ""62"": 0.382342004, ""63"": 0.011791552, ""66"": 2.471825009, ""67"": 0.208073083, ""68"": 2.679898093, ""70"": 1.137039504, ""71"": 0.116520927, ""72"": 1.253560431, ""73"": 1.253560431, ""210"": 15.11764706}","{""0"": 2.0, ""1"": 2.0, ""3"": 4.0, ""4"": 1.0, ""21"": 1.0, ""22"": 0.25, ""23"": 349.0, ""24"": 1538.0, ""25"": 13.0, ""27"": 301.0, ""28"": 146.0, ""29"": 70.0, ""30"": 56.0, ""31"": 24.0, ""32"": 10.0, ""33"": 64.0, ""34"": 29.0, ""35"": 1.0, ""37"": 8.0, ""38"": 1.0, ""39"": 4.40687679, ""40"": 96.125, ""41"": 33.0, ""42"": 398.0, ""47"": 73.0, ""48"": 33.0, ""49"": 12.0, ""50"": 11.0, ""51"": 3.0, ""53"": 33.0, ""54"": 1.0, ""58"": 41.0, ""59"": 386.0, ""60"": 12.06060606, ""61"": 24.875, ""66"": 4.0, ""67"": 2.0, ""68"": 6.0, ""70"": 2.0, ""71"": 1.0, ""72"": 3.0, ""73"": 3.0, ""155"": 7.0, ""156"": 9.0, ""158"": 84.0, ""175"": 1.0, ""179"": 10.0, ""180"": 1.0, ""181"": 1.0, ""210"": 16.0, ""211"": 1.0, ""212"": 65.0, ""213"": 10.0}",2026-08-24T23:49:57-04:00
CeeDee Lamb,4241389,WR,DAL,ACTIVE,209.09159834,248.1,203.3178216,193.3,25.258270590919462,99.83027204133793,,,"{""23"": 8.77156507, ""24"": 58.62876968, ""25"": 0.432130251, ""26"": 0.027807686, ""27"": 11.0, ""28"": 5.0, ""29"": 2.0, ""30"": 2.0, ""31"": 1.0, ""33"": 1.0, ""35"": 0.016163337, ""36"": 0.011314336, ""37"": 0.00849201, ""38"": 0.0002898, ""39"": 6.683957676, ""40"": 3.650875768, ""42"": 1143.130392, ""43"": 7.133015128, ""44"": 0.471510501, ""45"": 0.253725538, ""46"": 0.165809639, ""47"": 228.0, ""48"": 114.0, ""49"": 57.0, ""50"": 45.0, ""51"": 22.0, ""53"": 86.67305664, ""54"": 17.0, ""55"": 8.0, ""56"": 3.498672107, ""57"": 0.108206354, ""58"": 132.3495876, ""60"": 13.18899363, ""61"": 71.18394384, ""62"": 0.499318187, ""63"": 0.004136884, ""66"": 0.086406466, ""67"": 0.85379433, ""68"": 0.940200796, ""70"": 0.039746974, ""71"": 0.478124825, ""72"": 0.517871799, ""73"": 0.517871799, ""102"": 0.0375648, ""115"": 41.80923077, ""118"": 4.0, ""119"": 1.0, ""210"": 16.05882353}","{""23"": 10.0, ""24"": 47.0, ""27"": 8.0, ""28"": 3.0, ""29"": 1.0, ""39"": 4.7, ""40"": 2.76470588, ""41"": 107.0, ""42"": 1359.0, ""43"": 9.0, ""47"": 267.0, ""48"": 129.0, ""49"": 60.0, ""50"": 48.0, ""51"": 20.0, ""52"": 5.0, ""53"": 107.0, ""54"": 18.0, ""55"": 3.0, ""56"": 5.0, ""58"": 156.0, ""59"": 486.0, ""60"": 12.70093458, ""61"": 79.94117647, ""108"": 2.0, ""109"": 2.0, ""155"": 12.0, ""156"": 5.0, ""158"": 54.0, ""183"": 3.0, ""184"": 1.0, ""185"": 2.0, ""186"": 3.0, ""210"": 17.0, ""212"": 3.0, ""213"": 68.0}",2026-08-24T23:49:57-04:00
A.J. Brown,4047646,WR,PHI,ACTIVE,184.39704851,255.6,227.96838,149.4,38.749600912200684,99.82547247095364,,,"{""42"": 1049.000174, ""43"": 7.147906217, ""44"": 0.528826861, ""45"": 0.270563492, ""46"": 0.176813242, ""47"": 209.0, ""48"": 104.0, ""49"": 52.0, ""50"": 41.0, ""51"": 20.0, ""53"": 72.85469548, ""54"": 14.0, ""55"": 7.0, ""56"": 2.836540585, ""57"": 0.087728059, ""58"": 119.4507672, ""60"": 14.39852528, ""61"": 65.32235519, ""62"": 0.528826861, ""63"": 0.003439102, ""67"": 0.78161398, ""68"": 0.78161398, ""71"": 0.437703829, ""72"": 0.437703829, ""73"": 0.437703829, ""210"": 16.05882353}","{""41"": 88.0, ""42"": 1496.0, ""43"": 11.0, ""45"": 2.0, ""46"": 1.0, ""47"": 294.0, ""48"": 141.0, ""49"": 66.0, ""50"": 51.0, ""51"": 22.0, ""52"": 5.0, ""53"": 88.0, ""54"": 11.0, ""55"": 1.0, ""56"": 5.0, ""58"": 145.0, ""59"": 548.0, ""60"": 17.0, ""61"": 88.0, ""67"": 2.0, ""68"": 2.0, ""71"": 2.0, ""72"": 2.0, ""73"": 2.0, ""108"": 2.0, ""109"": 2.0, ""155"": 14.0, ""156"": 3.0, ""158"": 66.0, ""183"": 2.0, ""184"": 2.0, ""185"": 3.0, ""186"": 2.0, ""210"": 17.0, ""213"": 60.0}",2026-08-24T23:49:57-04:00
Joe Mixon,3116385,RB,CIN,ACTIVE,237.91369867,209.5,216.13621772,266.9,23.62558606831882,99.82137801420154,,,"{""23"": 270.856983, ""24"": 1134.525649, ""25"": 10.4241835, ""26"": 0.50158061, ""27"": 226.0, ""28"": 113.0, ""29"": 56.0, ""30"": 45.0, ""31"": 22.0, ""33"": 54.0, ""34"": 27.0, ""35"": 0.570284484, ""36"": 0.399199139, ""37"": 3.33590371, ""38"": 0.113841595, ""39"": 4.188652019, ""40"": 75.04644369, ""42"": 279.7125545, ""43"": 2.275660563, ""44"": 0.122978979, ""45"": 0.040349658, ""46"": 0.026368502, ""47"": 55.0, ""48"": 27.0, ""49"": 13.0, ""50"": 11.0, ""51"": 5.0, ""53"": 41.87827148, ""54"": 8.0, ""55"": 4.0, ""56"": 0.112315852, ""57"": 0.003473686, ""58"": 51.08416846, ""60"": 6.679180982, ""61"": 18.50238687, ""62"": 0.624559589, ""63"": 0.008818018, ""66"": 1.735727357, ""67"": 0.268367685, ""68"": 2.004095042, ""70"": 0.798434584, ""71"": 0.150285904, ""72"": 0.948720488, ""73"": 0.948720488, ""210"": 15.11764706}","{""23"": 210.0, ""24"": 814.0, ""25"": 7.0, ""27"": 158.0, ""28"": 75.0, ""29"": 35.0, ""30"": 26.0, ""31"": 10.0, ""32"": 1.0, ""33"": 35.0, ""34"": 14.0, ""37"": 1.0, ""39"": 3.87619048, ""40"": 58.14285714, ""41"": 60.0, ""42"": 441.0, ""43"": 2.0, ""47"": 82.0, ""48"": 40.0, ""49"": 16.0, ""50"": 11.0, ""51"": 2.0, ""53"": 60.0, ""54"": 5.0, ""58"": 75.0, ""59"": 468.0, ""60"": 7.35, ""61"": 31.5, ""108"": 1.0, ""109"": 1.0, ""155"": 10.0, ""156"": 4.0, ""158"": 54.0, ""179"": 6.0, ""180"": 1.0, ""183"": 1.0, ""184"": 1.0, ""210"": 14.0, ""212"": 48.0, ""213"": 16.0}",2026-08-24T23:49:57-04:00
Dalvin Cook,3116593,RB,MIN,QUESTIONABLE,235.92089063,218.3,281.01972285,189.3,18.720473319937486,99.75309521434983,,,"{""23"": 256.4937973, ""24"": 1137.34302, ""25"": 9.779578638, ""26"": 0.522442605, ""27"": 227.0, ""28"": 113.0, ""29"": 56.0, ""30"": 45.0, ""31"": 22.0, ""33"": 51.0, ""34"": 25.0, ""35"": 0.53633639, ""36"": 0.375435473, ""37"": 3.351167232, ""38"": 0.114362481, ""39"": 4.434193076, ""40"": 80.22751591, ""42"": 360.9194284, ""43"": 1.108295968, ""44"": 0.063613746, ""45"": 0.062497977, ""46"": 0.040842428, ""47"": 72.0, ""48"": 36.0, ""49"": 18.0, ""50"": 14.0, ""51"": 7.0, ""53"": 44.97816549, ""54"": 8.0, ""55"": 4.0, ""56"": 0.17829757, ""57"": 0.005514358, ""58"": 58.47992734, ""60"": 8.024325237, ""61"": 25.45904682, ""62"": 0.58605635, ""63"": 0.013405122, ""66"": 2.592077783, ""67"": 0.45454083, ""68"": 3.046618613, ""70"": 1.19235578, ""71"": 0.254542865, ""72"": 1.446898645, ""73"": 1.446898645, ""210"": 14.17647059}","{""23"": 264.0, ""24"": 1173.0, ""25"": 8.0, ""27"": 228.0, ""28"": 109.0, ""29"": 49.0, ""30"": 37.0, ""31"": 13.0, ""32"": 2.0, ""33"": 47.0, ""34"": 20.0, ""35"": 2.0, ""36"": 2.0, ""37"": 2.0, ""39"": 4.44318182, ""40"": 69.0, ""41"": 39.0, ""42"": 295.0, ""43"": 2.0, ""45"": 1.0, ""46"": 1.0, ""47"": 54.0, ""48"": 23.0, ""49"": 7.0, ""50"": 6.0, ""51"": 1.0, ""53"": 39.0, ""54"": 1.0, ""58"": 56.0, ""59"": 331.0, ""60"": 7.56410256, ""61"": 17.35294118, ""64"": 1.0, ""65"": 1.0, ""66"": 3.0, ""68"": 4.0, ""69"": 1.0, ""70"": 3.0, ""72"": 4.0, ""73"": 4.0, ""108"": 2.0, ""109"": 2.0, ""155"": 13.0, ""156"": 4.0, ""158"": 60.0, ""179"": 6.0, ""184"": 1.0, ""210"": 17.0, ""212"": 49.0, ""213"": 16.0}",2026-08-24T23:49:57-04:00
Jalen Hurts,4040715,QB,PHI,ACTIVE,364.55522805,421.0,332.99606353,342.8,62.22992700729927,99.73743585647826,,,"{""0"": 446.198348, ""1"": 274.6030488, ""2"": 171.5952992, ""3"": 3282.537374, ""4"": 23.20384309, ""5"": 656.0, ""6"": 328.0, ""7"": 164.0, ""8"": 131.0, ""9"": 65.0, ""10"": 32.0, ""11"": 54.0, ""12"": 27.0, ""15"": 2.471808109, ""16"": 1.615326599, ""17"": 2.076430014, ""18"": 0.280471251, ""19"": 1.716656832, ""20"": 11.43113673, ""21"": 0.615428206, ""22"": 218.8358249, ""23"": 134.2544354, ""24"": 733.9613425, ""25"": 8.159636875, ""26"": 0.368400083, ""27"": 146.0, ""28"": 73.0, ""29"": 36.0, ""30"": 29.0, ""31"": 14.0, ""33"": 26.0, ""34"": 13.0, ""35"": 0.266595422, ""36"": 0.186616795, ""37"": 1.571128631, ""38"": 0.053616592, ""39"": 5.466942977, ""40"": 48.93075617, ""62"": 2.085056915, ""63"": 0.044080661, ""64"": 31.10503029, ""65"": 7.819021577, ""66"": 2.19931049, ""68"": 10.01833207, ""69"": 3.753130357, ""70"": 1.011682826, ""72"": 4.764813182, ""73"": 16.19594991, ""210"": 15.0}","{""0"": 460.0, ""1"": 306.0, ""2"": 154.0, ""3"": 3701.0, ""4"": 22.0, ""5"": 735.0, ""6"": 364.0, ""7"": 178.0, ""8"": 142.0, ""9"": 66.0, ""10"": 30.0, ""11"": 56.0, ""12"": 23.0, ""13"": 26.0, ""14"": 9.0, ""15"": 3.0, ""16"": 1.0, ""17"": 4.0, ""20"": 6.0, ""21"": 0.66521739, ""22"": 246.73333333, ""23"": 165.0, ""24"": 760.0, ""25"": 13.0, ""26"": 2.0, ""27"": 147.0, ""28"": 70.0, ""29"": 31.0, ""30"": 24.0, ""31"": 9.0, ""32"": 1.0, ""33"": 27.0, ""34"": 7.0, ""37"": 1.0, ""39"": 4.60606061, ""40"": 50.66666667, ""64"": 38.0, ""65"": 4.0, ""66"": 5.0, ""68"": 9.0, ""69"": 2.0, ""72"": 2.0, ""73"": 8.0, ""108"": 2.0, ""109"": 2.0, ""155"": 14.0, ""156"": 1.0, ""158"": 214.0, ""175"": 6.0, ""176"": 3.0, ""177"": 5.0, ""178"": 5.0, ""179"": 10.0, ""180"": 1.0, ""181"": 2.0, ""210"": 15.0, ""211"": 165.0, ""212"": 67.0}",2026-08-24T23:49:57-04:00
Nick Chubb,3128720,RB,CLE,ACTIVE,202.71579126,267.9,241.69241846,205.3,30.15168795620438,99.69777154698282,,,"{""23"": 242.792302, ""24"": 1187.441125, ""25"": 7.367691811, ""26"": 0.287170009, ""27"": 237.0, ""28"": 118.0, ""29"": 59.0, ""30"": 47.0, ""31"": 23.0, ""33"": 48.0, ""34"": 24.0, ""35"": 0.504365827, ""36"": 0.353056079, ""37"": 3.656529157, ""38"": 0.124783311, ""39"": 4.890769253, ""40"": 78.54668922, ""42"": 222.5003293, ""43"": 0.909507997, ""44"": 0.054676221, ""45"": 0.06487218, ""46"": 0.04239397, ""47"": 44.0, ""48"": 22.0, ""49"": 11.0, ""50"": 8.0, ""51"": 4.0, ""53"": 26.53676002, ""54"": 5.0, ""55"": 2.0, ""56"": 0.083365467, ""57"": 0.002578313, ""58"": 35.76024932, ""60"": 8.384607961, ""61"": 14.71792062, ""62"": 0.341846229, ""63"": 0.008866554, ""66"": 1.816577223, ""67"": 0.198548609, ""68"": 2.015125832, ""70"": 0.835625523, ""71"": 0.111187221, ""72"": 0.946812744, ""73"": 0.946812744, ""210"": 15.11764706}","{""23"": 302.0, ""24"": 1525.0, ""25"": 12.0, ""26"": 1.0, ""27"": 297.0, ""28"": 145.0, ""29"": 67.0, ""30"": 53.0, ""31"": 22.0, ""32"": 7.0, ""33"": 52.0, ""34"": 23.0, ""35"": 1.0, ""37"": 7.0, ""39"": 5.04966887, ""40"": 89.70588235, ""41"": 27.0, ""42"": 239.0, ""43"": 1.0, ""47"": 43.0, ""48"": 18.0, ""49"": 6.0, ""50"": 3.0, ""53"": 27.0, ""54"": 1.0, ""58"": 37.0, ""59"": 259.0, ""60"": 8.85185185, ""61"": 14.05882353, ""66"": 1.0, ""68"": 1.0, ""70"": 1.0, ""72"": 1.0, ""73"": 1.0, ""155"": 7.0, ""156"": 10.0, ""158"": 80.0, ""179"": 7.0, ""180"": 2.0, ""181"": 1.0, ""182"": 1.0, ""183"": 1.0, ""210"": 17.0, ""212"": 71.0, ""213"": 12.0}",2026-08-24T23:49:57-04:00
Jaylen Waddle,4372016,WR,MIA,ACTIVE,175.35281827,221.7,149.62722769,193.8,45.052679589509694,99.67071333351353,,,"{""23"": 8.068168096, ""24"": 48.17602911, ""25"": 0.488229211, ""26"": 0.025083492, ""27"": 9.0, ""28"": 4.0, ""29"": 2.0, ""30"": 1.0, ""33"": 1.0, ""35"": 0.014861528, ""36"": 0.010403069, ""37"": 0.005673616, ""38"": 0.000193619, ""39"": 5.971123622, ""40"": 2.999972509, ""42"": 910.8205677, ""43"": 5.615770161, ""44"": 0.323982856, ""45"": 0.132686262, ""46"": 0.086710472, ""47"": 182.0, ""48"": 91.0, ""49"": 45.0, ""50"": 36.0, ""51"": 18.0, ""53"": 85.66804245, ""54"": 17.0, ""55"": 8.0, ""56"": 1.972445283, ""57"": 0.061003462, ""58"": 123.7628641, ""60"": 10.63197596, ""61"": 56.71776429, ""62"": 0.349066348, ""63"": 0.006539695, ""66"": 0.127929983, ""67"": 1.358364267, ""68"": 1.48629425, ""70"": 0.058847792, ""71"": 0.760683989, ""72"": 0.819531782, ""73"": 0.819531782, ""101"": 0.132276, ""102"": 0.023736, ""114"": 408.0624, ""115"": 21.156, ""116"": 40.0, ""117"": 16.0, ""118"": 2.0, ""210"": 16.05882353}","{""23"": 3.0, ""24"": 26.0, ""27"": 3.0, ""39"": 8.66666667, ""40"": 1.52941176, ""41"": 75.0, ""42"": 1356.0, ""43"": 8.0, ""45"": 3.0, ""46"": 2.0, ""47"": 263.0, ""48"": 127.0, ""49"": 61.0, ""50"": 46.0, ""51"": 19.0, ""52"": 6.0, ""53"": 75.0, ""54"": 8.0, ""55"": 1.0, ""56"": 6.0, ""58"": 117.0, ""59"": 510.0, ""60"": 18.08, ""61"": 79.76470588, ""67"": 1.0, ""68"": 1.0, ""71"": 1.0, ""72"": 1.0, ""73"": 1.0, ""108"": 1.0, ""109"": 1.0, ""155"": 9.0, ""156"": 8.0, ""158"": 48.0, ""183"": 3.0, ""184"": 1.0, ""185"": 1.0, ""210"": 17.0, ""213"": 60.0}",2026-08-24T23:49:57-04:00
Josh Jacobs,4047365,RB,LV,ACTIVE,191.77239763,301.8,210.21345658,199.0,68.10515740120563,99.65229321918349,,,"{""23"": 210.9023096, ""24"": 884.6301738, ""25"": 8.809993232, ""26"": 0.321963509, ""27"": 176.0, ""28"": 88.0, ""29"": 44.0, ""30"": 35.0, ""31"": 17.0, ""33"": 42.0, ""34"": 21.0, ""35"": 0.431281091, ""36"": 0.301896764, ""37"": 2.022508824, ""38"": 0.069020467, ""39"": 4.194502068, ""40"": 58.51639282, ""42"": 264.0828664, ""43"": 1.055724691, ""44"": 0.045264201, ""45"": 0.042581319, ""46"": 0.027826892, ""47"": 52.0, ""48"": 26.0, ""49"": 13.0, ""50"": 10.0, ""51"": 5.0, ""53"": 37.37668596, ""54"": 7.0, ""55"": 3.0, ""56"": 0.103490853, ""57"": 0.003200748, ""58"": 47.34847575, ""60"": 7.065443595, ""61"": 17.46851645, ""62"": 0.36722771, ""63"": 0.007946938, ""66"": 1.534223052, ""67"": 0.271899219, ""68"": 1.80612227, ""70"": 0.705742604, ""71"": 0.152263562, ""72"": 0.858006166, ""73"": 0.858006166, ""210"": 15.11764706}","{""23"": 340.0, ""24"": 1653.0, ""25"": 12.0, ""27"": 320.0, ""28"": 155.0, ""29"": 75.0, ""30"": 56.0, ""31"": 23.0, ""32"": 7.0, ""33"": 62.0, ""34"": 27.0, ""35"": 1.0, ""36"": 1.0, ""37"": 5.0, ""38"": 1.0, ""39"": 4.86176471, ""40"": 97.23529412, ""41"": 53.0, ""42"": 400.0, ""47"": 75.0, ""48"": 33.0, ""49"": 11.0, ""50"": 9.0, ""51"": 2.0, ""53"": 53.0, ""54"": 5.0, ""58"": 64.0, ""59"": 374.0, ""60"": 7.54716981, ""61"": 23.52941176, ""66"": 2.0, ""67"": 1.0, ""68"": 3.0, ""71"": 1.0, ""72"": 1.0, ""73"": 1.0, ""107"": 1.0, ""108"": 2.0, ""109"": 3.0, ""155"": 6.0, ""156"": 11.0, ""158"": 72.0, ""179"": 7.0, ""180"": 2.0, ""181"": 1.0, ""182"": 1.0, ""210"": 17.0, ""212"": 91.0, ""213"": 16.0}",2026-08-24T23:49:57-04:00
Amon-Ra St. Brown,4374302,WR,DET,ACTIVE,168.87215669,214.6,106.56359451,182.3,99.92132269099201,99.56318097144505,,,"{""23"": 12.53860833, ""24"": 78.8681989, ""25"": 0.601827982, ""26"": 0.03855614, ""27"": 15.0, ""28"": 7.0, ""29"": 3.0, ""30"": 3.0, ""31"": 1.0, ""33"": 2.0, ""34"": 1.0, ""35"": 0.023151998, ""36"": 0.016206398, ""37"": 0.015532278, ""38"": 0.000530057, ""39"": 6.290028114, ""40"": 4.911206525, ""42"": 870.9149514, ""43"": 5.086667832, ""44"": 0.382267596, ""45"": 0.160984101, ""46"": 0.10520311, ""47"": 174.0, ""48"": 87.0, ""49"": 43.0, ""50"": 34.0, ""51"": 17.0, ""53"": 79.91900649, ""54"": 15.0, ""55"": 7.0, ""56"": 1.755827647, ""57"": 0.054303948, ""58"": 113.0328591, ""60"": 10.8974697, ""61"": 54.23279917, ""62"": 0.420823736, ""63"": 0.004180204, ""66"": 0.128840225, ""67"": 0.821206193, ""68"": 0.950046418, ""70"": 0.059266504, ""71"": 0.459875468, ""72"": 0.519141972, ""73"": 0.519141972, ""210"": 16.05882353}","{""23"": 9.0, ""24"": 95.0, ""27"": 16.0, ""28"": 6.0, ""29"": 3.0, ""30"": 2.0, ""31"": 1.0, ""39"": 10.55555556, ""40"": 5.9375, ""41"": 106.0, ""42"": 1161.0, ""43"": 6.0, ""47"": 224.0, ""48"": 107.0, ""49"": 49.0, ""50"": 38.0, ""51"": 17.0, ""52"": 4.0, ""53"": 106.0, ""54"": 14.0, ""55"": 2.0, ""56"": 4.0, ""58"": 146.0, ""59"": 526.0, ""60"": 10.95283019, ""61"": 72.5625, ""155"": 9.0, ""156"": 7.0, ""158"": 36.0, ""183"": 3.0, ""184"": 3.0, ""210"": 16.0, ""212"": 3.0, ""213"": 67.0}",2026-08-24T23:49:57-04:00
Alvin Kamara,3054850,RB,NO,ACTIVE,226.41662843,183.2,260.18793626,211.2,22.889598540145986,99.5014176010486,,,"{""23"": 208.616074, ""24"": 836.7101065, ""25"": 6.674678647, ""26"": 0.325131452, ""27"": 167.0, ""28"": 83.0, ""29"": 41.0, ""30"": 33.0, ""31"": 16.0, ""33"": 41.0, ""34"": 20.0, ""35"": 0.426314457, ""36"": 0.29842012, ""37"": 1.81933861, ""38"": 0.062087047, ""39"": 4.010765281, ""40"": 59.02104485, ""42"": 551.4822037, ""43"": 3.262788921, ""44"": 0.194703617, ""45"": 0.096140044, ""46"": 0.062827519, ""47"": 110.0, ""48"": 55.0, ""49"": 27.0, ""50"": 22.0, ""51"": 11.0, ""53"": 56.73766349, ""54"": 11.0, ""55"": 5.0, ""56"": 0.504691675, ""57"": 0.015609021, ""58"": 80.50325614, ""60"": 9.719861019, ""61"": 38.90123429, ""62"": 0.519835069, ""63"": 0.006562361, ""66"": 1.172546279, ""67"": 0.318899378, ""68"": 1.491445656, ""70"": 0.539371288, ""71"": 0.178583652, ""72"": 0.71795494, ""73"": 0.71795494, ""210"": 14.17647059}","{""23"": 223.0, ""24"": 897.0, ""25"": 2.0, ""27"": 173.0, ""28"": 83.0, ""29"": 38.0, ""30"": 29.0, ""31"": 10.0, ""32"": 2.0, ""33"": 38.0, ""34"": 15.0, ""37"": 2.0, ""39"": 4.02242152, ""40"": 59.8, ""41"": 57.0, ""42"": 490.0, ""43"": 2.0, ""47"": 92.0, ""48"": 42.0, ""49"": 16.0, ""50"": 13.0, ""51"": 3.0, ""53"": 57.0, ""54"": 5.0, ""58"": 77.0, ""59"": 465.0, ""60"": 8.59649123, ""61"": 32.66666667, ""66"": 2.0, ""67"": 2.0, ""68"": 4.0, ""70"": 2.0, ""71"": 2.0, ""72"": 4.0, ""73"": 4.0, ""155"": 7.0, ""156"": 8.0, ""158"": 24.0, ""179"": 2.0, ""184"": 1.0, ""186"": 1.0, ""210"": 15.0, ""212"": 40.0, ""213"": 17.0}",2026-08-24T23:49:57-04:00
Mark Andrews,3116365,TE,BAL,ACTIVE,194.03316472,154.0,166.04850964,247.6,24.19890510948905,99.47458128695573,,,"{""42"": 1018.247524, ""43"": 8.481248225, ""44"": 0.773656239, ""45"": 0.217340047, ""46"": 0.142031721, ""47"": 203.0, ""48"": 101.0, ""49"": 50.0, ""50"": 40.0, ""51"": 20.0, ""53"": 81.98338188, ""54"": 16.0, ""55"": 8.0, ""56"": 2.632977813, ""57"": 0.081432304, ""58"": 122.6403109, ""60"": 12.4201698, ""61"": 63.40735498, ""62"": 0.773656239, ""63"": 0.004785316, ""67"": 1.087571831, ""68"": 1.087571831, ""71"": 0.609040225, ""72"": 0.609040225, ""73"": 0.609040225, ""210"": 16.05882353}","{""23"": 3.0, ""24"": 8.0, ""39"": 2.66666667, ""40"": 0.53333333, ""41"": 73.0, ""42"": 847.0, ""43"": 5.0, ""44"": 1.0, ""47"": 164.0, ""48"": 79.0, ""49"": 36.0, ""50"": 29.0, ""51"": 12.0, ""52"": 3.0, ""53"": 73.0, ""54"": 7.0, ""56"": 3.0, ""58"": 113.0, ""59"": 243.0, ""60"": 11.60273973, ""61"": 56.46666667, ""67"": 1.0, ""68"": 1.0, ""155"": 9.0, ""156"": 6.0, ""158"": 32.0, ""183"": 2.0, ""184"": 3.0, ""210"": 15.0, ""212"": 3.0, ""213"": 47.0}",2026-08-24T23:49:57-04:00
Saquon Barkley,3929630,RB,NYG,ACTIVE,201.98416529,255.5,251.57721194,128.1,21.215784671532848,99.38523130405049,,,"{""23"": 222.6275988, ""24"": 896.3944721, ""25"": 5.6761725, ""26"": 0.286665415, ""27"": 179.0, ""28"": 89.0, ""29"": 44.0, ""30"": 35.0, ""31"": 17.0, ""33"": 44.0, ""34"": 22.0, ""35"": 0.45796856, ""36"": 0.320577992, ""37"": 2.080285802, ""38"": 0.070992173, ""39"": 4.026430133, ""40"": 63.23114534, ""42"": 419.7422917, ""43"": 1.943315732, ""44"": 0.115206071, ""45"": 0.054804829, ""46"": 0.035814956, ""47"": 83.0, ""48"": 41.0, ""49"": 20.0, ""50"": 16.0, ""51"": 8.0, ""53"": 51.45997787, ""54"": 10.0, ""55"": 5.0, ""56"": 0.251262467, ""57"": 0.007771004, ""58"": 70.11841575, ""60"": 8.156674547, ""61"": 29.60837742, ""62"": 0.401871486, ""63"": 0.008639505, ""66"": 1.594872063, ""67"": 0.368651872, ""68"": 1.963523935, ""70"": 0.733641149, ""71"": 0.206445048, ""72"": 0.940086197, ""73"": 0.940086197, ""210"": 14.17647059}","{""23"": 295.0, ""24"": 1312.0, ""25"": 10.0, ""27"": 255.0, ""28"": 125.0, ""29"": 59.0, ""30"": 45.0, ""31"": 19.0, ""32"": 4.0, ""33"": 52.0, ""34"": 23.0, ""37"": 4.0, ""39"": 4.44745763, ""40"": 82.0, ""41"": 57.0, ""42"": 338.0, ""44"": 1.0, ""47"": 63.0, ""48"": 27.0, ""49"": 9.0, ""50"": 6.0, ""53"": 57.0, ""54"": 4.0, ""58"": 76.0, ""59"": 434.0, ""60"": 5.92982456, ""61"": 21.125, ""66"": 1.0, ""68"": 1.0, ""155"": 9.0, ""156"": 6.0, ""158"": 62.0, ""179"": 7.0, ""180"": 1.0, ""181"": 1.0, ""182"": 1.0, ""210"": 16.0, ""212"": 62.0, ""213"": 10.0}",2026-08-24T23:49:57-04:00
Tee Higgins,4239993,WR,CIN,ACTIVE,197.29907728,183.9,175.7590769,182.1,35.69897377423033,99.35416862567425,,,"{""42"": 1086.279066, ""43"": 8.150258546, ""44"": 0.440405469, ""45"": 0.262346469, ""46"": 0.171443418, ""47"": 217.0, ""48"": 108.0, ""49"": 54.0, ""50"": 43.0, ""51"": 21.0, ""53"": 79.97290187, ""54"": 15.0, ""55"": 7.0, ""56"": 3.092554335, ""57"": 0.09564601, ""58"": 124.7318181, ""60"": 13.58308928, ""61"": 67.64375134, ""62"": 0.440405469, ""63"": 0.004312167, ""67"": 0.980037918, ""68"": 0.980037918, ""71"": 0.548821234, ""72"": 0.548821234, ""73"": 0.548821234, ""210"": 16.05882353}","{""41"": 74.0, ""42"": 1029.0, ""43"": 7.0, ""44"": 1.0, ""45"": 2.0, ""46"": 1.0, ""47"": 199.0, ""48"": 96.0, ""49"": 45.0, ""50"": 33.0, ""51"": 12.0, ""52"": 4.0, ""53"": 74.0, ""54"": 10.0, ""56"": 4.0, ""58"": 109.0, ""59"": 286.0, ""60"": 13.90540541, ""61"": 64.3125, ""155"": 12.0, ""156"": 4.0, ""158"": 44.0, ""183"": 3.0, ""184"": 1.0, ""185"": 1.0, ""210"": 16.0, ""213"": 46.0}",2026-08-24T23:49:57-04:00
George Kittle,3040151,TE,SF,ACTIVE,138.20817299,170.5,184.0755415,162.5,61.32801094890511,99.33907119976611,,,"{""23"": 2.315084271, ""24"": 10.83760818, ""25"": 0.154187279, ""26"": 0.004460856, ""27"": 2.0, ""28"": 1.0, ""35"": 0.004251338, ""36"": 0.002975936, ""37"": 0.000242836, ""38"": 8.29e-06, ""39"": 4.681301806, ""40"": 0.767663913, ""42"": 776.8872161, ""43"": 4.606969422, ""44"": 0.236801246, ""45"": 0.243068183, ""46"": 0.158845058, ""47"": 155.0, ""48"": 77.0, ""49"": 38.0, ""50"": 31.0, ""51"": 15.0, ""53"": 62.72217712, ""54"": 12.0, ""55"": 6.0, ""56"": 1.427261126, ""57"": 0.044142097, ""58"": 89.50325955, ""60"": 12.3861647, ""61"": 55.02951114, ""62"": 0.241262102, ""63"": 0.003854316, ""66"": 0.031181662, ""67"": 0.844799359, ""68"": 0.875981021, ""70"": 0.014343564, ""71"": 0.473087641, ""72"": 0.487431205, ""73"": 0.487431205, ""210"": 14.11764706}","{""41"": 60.0, ""42"": 765.0, ""43"": 11.0, ""45"": 1.0, ""46"": 1.0, ""47"": 145.0, ""48"": 69.0, ""49"": 33.0, ""50"": 22.0, ""51"": 6.0, ""52"": 1.0, ""53"": 60.0, ""54"": 4.0, ""56"": 1.0, ""58"": 86.0, ""59"": 382.0, ""60"": 12.75, ""61"": 51.0, ""67"": 1.0, ""68"": 1.0, ""71"": 1.0, ""72"": 1.0, ""73"": 1.0, ""106"": 1.0, ""108"": 3.0, ""109"": 3.0, ""155"": 12.0, ""156"": 3.0, ""158"": 66.0, ""183"": 4.0, ""184"": 1.0, ""185"": 1.0, ""186"": 4.0, ""210"": 15.0, ""213"": 37.0}",2026-08-24T23:49:57-04:00
Aaron Jones,3042519,RB,GB,ACTIVE,213.20544113,219.1,236.97482331,203.0,38.57847733869167,99.31824249181619,,,"{""23"": 181.2641293, ""24"": 825.3107785, ""25"": 5.488989904, ""26"": 0.268988154, ""27"": 165.0, ""28"": 82.0, ""29"": 41.0, ""30"": 33.0, ""31"": 16.0, ""33"": 36.0, ""34"": 18.0, ""35"": 0.365340172, ""36"": 0.25573812, ""37"": 1.762185825, ""38"": 0.060136641, ""39"": 4.553083844, ""40"": 58.21694288, ""42"": 499.678493, ""43"": 3.256090608, ""44"": 0.123110168, ""45"": 0.088775011, ""46"": 0.05801447, ""47"": 99.0, ""48"": 49.0, ""49"": 24.0, ""50"": 19.0, ""51"": 9.0, ""53"": 58.60146995, ""54"": 11.0, ""55"": 5.0, ""56"": 0.387106312, ""57"": 0.01197236, ""58"": 74.42233593, ""60"": 8.526722852, ""61"": 35.24703062, ""62"": 0.392098322, ""63"": 0.008997337, ""66"": 1.545273047, ""67"": 0.49957635, ""68"": 2.044849396, ""70"": 0.710825602, ""71"": 0.279762756, ""72"": 0.990588357, ""73"": 0.990588357, ""101"": 0.022046, ""114"": 68.0104, ""116"": 6.0, ""117"": 2.0, ""210"": 14.17647059}","{""23"": 213.0, ""24"": 1121.0, ""25"": 2.0, ""27"": 218.0, ""28"": 105.0, ""29"": 49.0, ""30"": 36.0, ""31"": 12.0, ""32"": 5.0, ""33"": 35.0, ""34"": 13.0, ""37"": 5.0, ""39"": 5.2629108, ""40"": 65.94117647, ""41"": 59.0, ""42"": 395.0, ""43"": 5.0, ""44"": 1.0, ""47"": 73.0, ""48"": 32.0, ""49"": 12.0, ""50"": 8.0, ""51"": 2.0, ""53"": 59.0, ""54"": 3.0, ""58"": 72.0, ""59"": 447.0, ""60"": 6.69491525, ""61"": 23.23529412, ""66"": 2.0, ""67"": 2.0, ""68"": 5.0, ""71"": 2.0, ""72"": 3.0, ""73"": 3.0, ""155"": 8.0, ""156"": 9.0, ""158"": 44.0, ""180"": 2.0, ""183"": 3.0, ""185"": 2.0, ""210"": 17.0, ""212"": 56.0, ""213"": 18.0}",2026-08-24T23:49:57-04:00
Joe Burrow,3915511,QB,CIN,ACTIVE,354.64530383,419.9,331.70388085,381.2,90.13549270072993,99.26792221406109,,,"{""0"": 549.0473711, ""1"": 366.6429764, ""2"": 182.4043947, ""3"": 4190.369087, ""4"": 30.203697, ""5"": 838.0, ""6"": 419.0, ""7"": 209.0, ""8"": 167.0, ""9"": 83.0, ""10"": 41.0, ""11"": 73.0, ""12"": 36.0, ""15"": 3.673084554, ""16"": 2.400360756, ""17"": 4.289188563, ""18"": 0.579356911, ""19"": 1.632107918, ""20"": 12.08030834, ""21"": 0.667780224, ""22"": 261.8980679, ""23"": 50.13421127, ""24"": 171.031127, ""25"": 2.731577112, ""26"": 0.131447724, ""27"": 34.0, ""28"": 17.0, ""29"": 8.0, ""30"": 6.0, ""31"": 3.0, ""33"": 10.0, ""34"": 5.0, ""35"": 0.09460651, ""36"": 0.066224557, ""37"": 0.079058854, ""38"": 0.002697975, ""39"": 3.411465398, ""40"": 10.68944544, ""62"": 1.763555642, ""63"": 0.032352737, ""64"": 46.66972872, ""65"": 6.782126188, ""66"": 0.570768486, ""68"": 7.352894673, ""69"": 3.25542057, ""70"": 0.262553504, ""72"": 3.517974074, ""73"": 15.59828242, ""210"": 16.0}","{""0"": 606.0, ""1"": 414.0, ""2"": 192.0, ""3"": 4475.0, ""4"": 35.0, ""5"": 891.0, ""6"": 440.0, ""7"": 215.0, ""8"": 173.0, ""9"": 82.0, ""10"": 37.0, ""11"": 76.0, ""12"": 35.0, ""13"": 34.0, ""14"": 13.0, ""15"": 7.0, ""16"": 4.0, ""17"": 4.0, ""18"": 1.0, ""19"": 3.0, ""20"": 12.0, ""21"": 0.68316832, ""22"": 279.6875, ""23"": 75.0, ""24"": 257.0, ""25"": 5.0, ""27"": 48.0, ""28"": 19.0, ""29"": 8.0, ""30"": 5.0, ""33"": 7.0, ""34"": 1.0, ""39"": 3.42666667, ""40"": 16.0625, ""64"": 41.0, ""65"": 6.0, ""68"": 6.0, ""69"": 3.0, ""72"": 3.0, ""73"": 15.0, ""155"": 12.0, ""156"": 4.0, ""158"": 240.0, ""175"": 14.0, ""176"": 9.0, ""177"": 4.0, ""178"": 1.0, ""179"": 4.0, ""180"": 1.0, ""210"": 16.0, ""211"": 217.0, ""212"": 26.0}",2026-08-24T23:49:57-04:00
DK Metcalf,4047650,WR,SEA,ACTIVE,175.6866016,181.8,234.81088392,206.8,87.93034159410583,99.06912822001182,,,"{""42"": 1071.989171, ""43"": 5.431146673, ""44"": 0.229169235, ""45"": 0.261458044, ""46"": 0.170862832, ""47"": 214.0, ""48"": 107.0, ""49"": 53.0, ""50"": 42.0, ""51"": 21.0, ""53"": 73.42380086, ""54"": 14.0, ""55"": 7.0, ""56"": 2.9936119, ""57"": 0.092585935, ""58"": 123.200251, ""60"": 14.60002286, ""61"": 66.75390441, ""62"": 0.229169235, ""63"": 0.004987064, ""67"": 1.133423608, ""68"": 1.133423608, ""71"": 0.634717221, ""72"": 0.634717221, ""73"": 0.634717221, ""210"": 16.05882353}","{""41"": 90.0, ""42"": 1048.0, ""43"": 6.0, ""45"": 1.0, ""46"": 1.0, ""47"": 204.0, ""48"": 98.0, ""49"": 44.0, ""50"": 34.0, ""51"": 12.0, ""52"": 2.0, ""53"": 90.0, ""54"": 13.0, ""55"": 1.0, ""56"": 2.0, ""58"": 141.0, ""59"": 217.0, ""60"": 11.64444444, ""61"": 61.64705882, ""67"": 2.0, ""68"": 2.0, ""71"": 2.0, ""72"": 2.0, ""73"": 2.0, ""108"": 1.0, ""109"": 1.0, ""155"": 9.0, ""156"": 8.0, ""158"": 36.0, ""183"": 3.0, ""184"": 2.0, ""210"": 17.0, ""213"": 47.0}",2026-08-24T23:49:57-04:00
T.J. Hockenson,4036133,TE,MIN,ACTIVE,133.89986425,172.4,159.35589676,114.8,113.72718978102189,98.92787253579873,,,"{""42"": 700.0296366, ""43"": 4.94031899, ""44"": 0.37133243, ""45"": 0.108348373, ""46"": 0.070805662, ""47"": 140.0, ""48"": 70.0, ""49"": 35.0, ""50"": 28.0, ""51"": 14.0, ""53"": 68.23222122, ""54"": 13.0, ""55"": 6.0, ""56"": 0.963833772, ""57"": 0.029809292, ""58"": 99.70358652, ""60"": 10.25951704, ""61"": 43.59158909, ""62"": 0.37133243, ""63"": 0.002372028, ""67"": 0.539097161, ""68"": 0.539097161, ""71"": 0.30189441, ""72"": 0.30189441, ""73"": 0.30189441, ""210"": 16.05882353}","{""41"": 86.0, ""42"": 914.0, ""43"": 6.0, ""44"": 2.0, ""47"": 175.0, ""48"": 82.0, ""49"": 36.0, ""50"": 29.0, ""51"": 9.0, ""52"": 2.0, ""53"": 86.0, ""54"": 9.0, ""55"": 1.0, ""56"": 2.0, ""58"": 129.0, ""59"": 413.0, ""60"": 10.62790698, ""61"": 53.76470588, ""67"": 1.0, ""68"": 1.0, ""71"": 1.0, ""72"": 1.0, ""73"": 1.0, ""155"": 8.0, ""156"": 9.0, ""158"": 40.0, ""183"": 3.0, ""184"": 2.0, ""186"": 1.0, ""210"": 17.0, ""213"": 42.0}",2026-08-24T23:49:57-04:00
Justin Tucker,15683,K,BAL,ACTIVE,144.40463681,158.0,142.55068481,160.0,53.87070753629869,98.79281907680128,,,"{""74"": 3.983518832, ""75"": 5.762559354, ""76"": 1.779040522, ""77"": 8.985198414, ""78"": 10.83499184, ""79"": 1.849793424, ""80"": 17.72970432, ""81"": 17.90879224, ""82"": 0.179087922, ""83"": 30.69842157, ""84"": 34.50634344, ""85"": 3.807921869, ""86"": 39.1650579, ""87"": 39.9643448, ""88"": 0.799286896, ""198"": 3.983518832, ""199"": 5.762559354, ""200"": 1.779040522, ""210"": 17.0}","{""74"": 9.0, ""75"": 14.0, ""76"": 5.0, ""77"": 4.0, ""78"": 5.0, ""79"": 1.0, ""80"": 24.0, ""81"": 24.0, ""83"": 37.0, ""84"": 43.0, ""85"": 6.0, ""86"": 31.0, ""87"": 32.0, ""88"": 1.0, ""107"": 1.0, ""108"": 1.0, ""109"": 2.0, ""155"": 10.0, ""156"": 7.0, ""158"": 142.0, ""198"": 9.0, ""199"": 12.0, ""200"": 3.0, ""202"": 2.0, ""203"": 2.0, ""210"": 17.0, ""214"": 1334.0, ""215"": 232.0, ""216"": 1566.0, ""217"": 259.0, ""218"": 126.0, ""219"": 59.0, ""220"": 46.0, ""221"": 21.0, ""222"": 5.0, ""223"": 45.0, ""224"": 21.0, ""225"": 10.0, ""226"": 7.0, ""227"": 3.0, ""229"": 305.0, ""230"": 150.0, ""231"": 72.0, ""232"": 55.0, ""233"": 26.0, ""234"": 9.0}",2026-08-24T23:49:57-04:00
Keenan Allen,15818,WR,LAC,ACTIVE,190.95043018,131.0,201.97061815,204.8,47.52041049030787,98.7096003175493,,,"{""42"": 1024.838855, ""43"": 7.016058977, ""44"": 0.537071509, ""45"": 0.139416118, ""46"": 0.091108433, ""47"": 204.0, ""48"": 102.0, ""49"": 51.0, ""50"": 40.0, ""51"": 20.0, ""53"": 93.26678668, ""54"": 18.0, ""55"": 9.0, ""56"": 2.677359782, ""57"": 0.082804942, ""58"": 137.4885964, ""60"": 10.98825093, ""61"": 65.74437941, ""62"": 0.537071509, ""63"": 0.005253857, ""67"": 1.194058518, ""68"": 1.194058518, ""71"": 0.66867277, ""72"": 0.66867277, ""73"": 0.66867277, ""210"": 15.58823529}","{""23"": 1.0, ""24"": 8.0, ""27"": 1.0, ""39"": 8.0, ""40"": 0.8, ""41"": 66.0, ""42"": 752.0, ""43"": 4.0, ""47"": 146.0, ""48"": 71.0, ""49"": 34.0, ""50"": 25.0, ""51"": 10.0, ""52"": 2.0, ""53"": 66.0, ""54"": 10.0, ""55"": 2.0, ""56"": 2.0, ""58"": 89.0, ""59"": 263.0, ""60"": 11.39393939, ""61"": 75.2, ""67"": 1.0, ""68"": 1.0, ""71"": 1.0, ""72"": 1.0, ""73"": 1.0, ""108"": 1.0, ""109"": 1.0, ""155"": 6.0, ""156"": 4.0, ""158"": 24.0, ""183"": 2.0, ""184"": 1.0, ""186"": 1.0, ""210"": 10.0, ""212"": 1.0, ""213"": 37.0}",2026-08-24T23:49:57-04:00
Travis Etienne Jr.,4239996,RB,JAX,ACTIVE,178.12585959,187.6,0.0,0.0,73.20674257646796,98.6164121796844,,,"{""23"": 159.7719419, ""24"": 719.8746653, ""25"": 4.315007953, ""26"": 0.300246162, ""27"": 143.0, ""28"": 71.0, ""29"": 35.0, ""30"": 28.0, ""31"": 14.0, ""33"": 31.0, ""34"": 15.0, ""35"": 0.318672685, ""36"": 0.223070879, ""37"": 1.342622884, ""38"": 0.045818568, ""39"": 4.50563883, ""40"": 47.61816852, ""42"": 421.1683, ""43"": 2.010309903, ""44"": 0.1641239, ""45"": 0.053210436, ""46"": 0.03477302, ""47"": 84.0, ""48"": 42.0, ""49"": 21.0, ""50"": 16.0, ""51"": 8.0, ""53"": 53.67926561, ""54"": 10.0, ""55"": 5.0, ""56"": 0.250769958, ""57"": 0.007755772, ""58"": 70.87133489, ""60"": 7.846014569, ""61"": 27.85938171, ""62"": 0.464370062, ""63"": 0.007703166, ""66"": 1.310443977, ""67"": 0.440275492, ""68"": 1.750719469, ""70"": 0.602804229, ""71"": 0.246554275, ""72"": 0.849358505, ""73"": 0.849358505, ""210"": 15.11764706}","{""23"": 220.0, ""24"": 1125.0, ""25"": 5.0, ""26"": 1.0, ""27"": 218.0, ""28"": 105.0, ""29"": 49.0, ""30"": 37.0, ""31"": 15.0, ""32"": 5.0, ""33"": 35.0, ""34"": 14.0, ""35"": 1.0, ""36"": 1.0, ""37"": 5.0, ""39"": 5.11363636, ""40"": 66.17647059, ""41"": 35.0, ""42"": 316.0, ""47"": 57.0, ""48"": 25.0, ""49"": 9.0, ""50"": 6.0, ""53"": 35.0, ""58"": 45.0, ""59"": 354.0, ""60"": 9.02857143, ""61"": 18.58823529, ""66"": 3.0, ""67"": 2.0, ""68"": 5.0, ""70"": 3.0, ""71"": 1.0, ""72"": 3.0, ""73"": 3.0, ""155"": 9.0, ""156"": 8.0, ""158"": 32.0, ""179"": 4.0, ""210"": 17.0, ""212"": 53.0, ""213"": 16.0}",2026-08-24T23:49:57-04:00
Terry McLaurin,3121422,WR,WSH,ACTIVE,183.35158751,190.5,210.48067797,175.0,64.60114025085518,98.08742974370102,,,"{""42"": 1073.972318, ""43"": 6.157554032, ""44"": 0.551574829, ""45"": 0.246324713, ""46"": 0.1609732, ""47"": 214.0, ""48"": 107.0, ""49"": 53.0, ""50"": 42.0, ""51"": 21.0, ""53"": 77.14598529, ""54"": 15.0, ""55"": 7.0, ""56"": 3.006439868, ""57"": 0.092982676, ""58"": 125.2921254, ""60"": 13.92129887, ""61"": 66.8773971, ""62"": 0.551574829, ""63"": 0.002620792, ""67"": 0.595634633, ""68"": 0.595634633, ""71"": 0.333555395, ""72"": 0.333555395, ""73"": 0.333555395, ""210"": 16.05882353}","{""23"": 7.0, ""24"": 29.0, ""27"": 6.0, ""28"": 2.0, ""39"": 4.14285714, ""40"": 1.70588235, ""41"": 77.0, ""42"": 1191.0, ""43"": 5.0, ""45"": 1.0, ""47"": 233.0, ""48"": 111.0, ""49"": 50.0, ""50"": 41.0, ""51"": 17.0, ""52"": 4.0, ""53"": 77.0, ""54"": 8.0, ""56"": 4.0, ""58"": 120.0, ""59"": 394.0, ""60"": 15.46753247, ""61"": 70.05882353, ""66"": 1.0, ""68"": 1.0, ""108"": 3.0, ""109"": 3.0, ""155"": 8.0, ""156"": 8.0, ""158"": 30.0, ""183"": 1.0, ""184"": 2.0, ""186"": 1.0, ""210"": 17.0, ""212"": 2.0, ""213"": 55.0}",2026-08-24T23:49:57-04:00
Mike Evans,16737,WR,TB,ACTIVE,186.47006274,186.9,205.64289665,225.5,39.62075256556442,98.05255078234914,,,"{""42"": 1017.224392, ""43"": 8.004296987, ""44"": 0.304629376, ""45"": 0.244141115, ""46"": 0.159546219, ""47"": 203.0, ""48"": 101.0, ""49"": 50.0, ""50"": 40.0, ""51"": 20.0, ""53"": 73.65884367, ""54"": 14.0, ""55"": 7.0, ""56"": 2.629748886, ""57"": 0.08133244, ""58"": 118.8657313, ""60"": 13.80994244, ""61"": 63.34364343, ""62"": 0.304629376, ""63"": 0.002816153, ""67"": 0.640034791, ""68"": 0.640034791, ""71"": 0.358419483, ""72"": 0.358419483, ""73"": 0.358419483, ""210"": 16.05882353}","{""41"": 77.0, ""42"": 1124.0, ""43"": 6.0, ""45"": 2.0, ""46"": 2.0, ""47"": 218.0, ""48"": 107.0, ""49"": 51.0, ""50"": 38.0, ""51"": 15.0, ""52"": 4.0, ""53"": 77.0, ""54"": 9.0, ""55"": 1.0, ""56"": 2.0, ""57"": 1.0, ""58"": 127.0, ""59"": 216.0, ""60"": 14.5974026, ""61"": 74.93333333, ""108"": 4.0, ""109"": 4.0, ""155"": 8.0, ""156"": 7.0, ""158"": 36.0, ""183"": 2.0, ""184"": 1.0, ""186"": 1.0, ""210"": 15.0, ""213"": 53.0}",2026-08-24T23:49:57-04:00
Rhamondre Stevenson,4569173,RB,NE,ACTIVE,162.32860872,214.6,66.2892812,107.9,123.7073007367716,97.99923315556485,,,"{""23"": 155.5255728, ""24"": 661.7983862, ""25"": 6.247805783, ""26"": 0.218520673, ""27"": 132.0, ""28"": 66.0, ""29"": 33.0, ""30"": 26.0, ""31"": 13.0, ""33"": 31.0, ""34"": 15.0, ""35"": 0.309432456, ""36"": 0.216602719, ""37"": 1.130500082, ""38"": 0.038579631, ""39"": 4.255238379, ""40"": 43.77654695, ""42"": 307.6483287, ""43"": 1.563420787, ""44"": 0.086052714, ""45"": 0.056910847, ""46"": 0.037191239, ""47"": 61.0, ""48"": 30.0, ""49"": 15.0, ""50"": 12.0, ""51"": 6.0, ""53"": 39.72492859, ""54"": 7.0, ""55"": 3.0, ""56"": 0.131125617, ""57"": 0.004055431, ""58"": 50.99181833, ""60"": 7.744465242, ""61"": 20.35027855, ""62"": 0.304573387, ""63"": 0.008954122, ""66"": 1.620988638, ""67"": 0.414039034, ""68"": 2.035027671, ""70"": 0.745654773, ""71"": 0.231861859, ""72"": 0.977516632, ""73"": 0.977516632, ""210"": 15.11764706}","{""23"": 210.0, ""24"": 1040.0, ""25"": 5.0, ""27"": 202.0, ""28"": 97.0, ""29"": 44.0, ""30"": 34.0, ""31"": 13.0, ""32"": 2.0, ""33"": 35.0, ""34"": 12.0, ""37"": 2.0, ""39"": 4.95238095, ""40"": 61.17647059, ""41"": 69.0, ""42"": 421.0, ""43"": 1.0, ""47"": 77.0, ""48"": 35.0, ""49"": 14.0, ""50"": 11.0, ""51"": 4.0, ""53"": 69.0, ""54"": 6.0, ""58"": 88.0, ""59"": 474.0, ""60"": 6.10144928, ""61"": 24.76470588, ""66"": 1.0, ""67"": 2.0, ""68"": 4.0, ""72"": 1.0, ""73"": 1.0, ""108"": 3.0, ""109"": 3.0, ""155"": 8.0, ""156"": 9.0, ""158"": 36.0, ""179"": 3.0, ""182"": 2.0, ""183"": 1.0, ""210"": 17.0, ""212"": 51.0, ""213"": 15.0}",2026-08-24T23:49:57-04:00
Justin Herbert,4038941,QB,LAC,QUESTIONABLE,395.51999962,328.9,364.24144989,455.6,50.00729927007299,97.79635030770658,,,"{""0"": 578.8161576, ""1"": 378.3902904, ""2"": 200.4258672, ""3"": 4256.778786, ""4"": 33.85582389, ""5"": 851.0, ""6"": 425.0, ""7"": 212.0, ""8"": 170.0, ""9"": 85.0, ""10"": 42.0, ""11"": 75.0, ""12"": 37.0, ""15"": 3.782157557, ""16"": 2.471639963, ""17"": 4.560865257, ""18"": 0.616053309, ""19"": 2.591318352, ""20"": 12.44304887, ""21"": 0.653731388, ""22"": 266.0486741, ""23"": 57.97457447, ""24"": 270.0575138, ""25"": 3.350993391, ""26"": 0.238739324, ""27"": 54.0, ""28"": 27.0, ""29"": 13.0, ""30"": 10.0, ""31"": 5.0, ""33"": 11.0, ""34"": 5.0, ""35"": 0.109883349, ""36"": 0.076918344, ""37"": 0.198092777, ""38"": 0.006760146, ""39"": 4.658206054, ""40"": 16.87859461, ""62"": 2.830057676, ""63"": 0.026222753, ""64"": 32.32103038, ""65"": 5.44334251, ""66"": 0.516374182, ""68"": 5.959716692, ""69"": 2.612804405, ""70"": 0.237532124, ""72"": 2.850336528, ""73"": 15.2933854, ""210"": 16.0}","{""0"": 699.0, ""1"": 477.0, ""2"": 222.0, ""3"": 4739.0, ""4"": 25.0, ""5"": 941.0, ""6"": 466.0, ""7"": 227.0, ""8"": 180.0, ""9"": 84.0, ""10"": 38.0, ""11"": 89.0, ""12"": 40.0, ""13"": 37.0, ""14"": 15.0, ""15"": 1.0, ""16"": 1.0, ""17"": 5.0, ""19"": 1.0, ""20"": 10.0, ""21"": 0.68240343, ""22"": 278.76470588, ""23"": 54.0, ""24"": 147.0, ""27"": 24.0, ""28"": 9.0, ""29"": 3.0, ""30"": 1.0, ""33"": 5.0, ""39"": 2.72222222, ""40"": 8.64705882, ""41"": 2.0, ""42"": -10.0, ""53"": 2.0, ""58"": 2.0, ""59"": 5.0, ""60"": -5.0, ""61"": -0.58823529, ""64"": 38.0, ""65"": 5.0, ""66"": 3.0, ""68"": 8.0, ""69"": 3.0, ""72"": 3.0, ""73"": 13.0, ""108"": 1.0, ""109"": 1.0, ""155"": 10.0, ""156"": 7.0, ""158"": 150.0, ""175"": 11.0, ""176"": 9.0, ""177"": 1.0, ""178"": 3.0, ""210"": 17.0, ""211"": 227.0, ""212"": 17.0}",2026-08-24T23:49:57-04:00
Najee Harris,4241457,RB,PIT,ACTIVE,235.79035131,202.8,231.04207909,263.7,22.22103102189781,97.62645964290395,,,"{""23"": 278.7862498, ""24"": 1147.080596, ""25"": 6.947824716, ""26"": 0.382453712, ""27"": 229.0, ""28"": 114.0, ""29"": 57.0, ""30"": 45.0, ""31"": 22.0, ""33"": 55.0, ""34"": 27.0, ""35"": 0.589010564, ""36"": 0.412307395, ""37"": 3.401603677, ""38"": 0.116083683, ""39"": 4.114552265, ""40"": 75.87692656, ""42"": 387.7554451, ""43"": 1.949487583, ""44"": 0.131485313, ""45"": 0.034313051, ""46"": 0.022423579, ""47"": 77.0, ""48"": 38.0, ""49"": 19.0, ""50"": 15.0, ""51"": 7.0, ""53"": 59.27647986, ""54"": 11.0, ""55"": 5.0, ""56"": 0.207764021, ""57"": 0.006425691, ""58"": 76.59782132, ""60"": 6.5414722, ""61"": 25.64919287, ""62"": 0.513939024, ""63"": 0.008031128, ""66"": 1.505212901, ""67"": 0.320043482, ""68"": 1.825256383, ""70"": 0.692397934, ""71"": 0.17922435, ""72"": 0.871622285, ""73"": 0.871622285, ""210"": 15.11764706}","{""0"": 1.0, ""1"": 1.0, ""3"": 4.0, ""21"": 1.0, ""22"": 0.23529412, ""23"": 272.0, ""24"": 1034.0, ""25"": 7.0, ""27"": 201.0, ""28"": 97.0, ""29"": 44.0, ""30"": 32.0, ""31"": 11.0, ""32"": 1.0, ""33"": 49.0, ""34"": 21.0, ""37"": 1.0, ""39"": 3.80147059, ""40"": 60.82352941, ""41"": 41.0, ""42"": 229.0, ""43"": 3.0, ""47"": 42.0, ""48"": 17.0, ""49"": 6.0, ""50"": 4.0, ""53"": 41.0, ""54"": 3.0, ""58"": 53.0, ""59"": 207.0, ""60"": 5.58536585, ""61"": 13.47058824, ""66"": 2.0, ""67"": 1.0, ""68"": 3.0, ""70"": 1.0, ""71"": 1.0, ""72"": 2.0, ""73"": 2.0, ""108"": 2.0, ""109"": 2.0, ""155"": 9.0, ""156"": 8.0, ""158"": 60.0, ""179"": 6.0, ""180"": 1.0, ""183"": 2.0, ""184"": 1.0, ""210"": 17.0, ""212"": 47.0, ""213"": 16.0}",2026-08-24T23:49:57-04:00
D'Andre Swift,4259545,RB,DET,ACTIVE,220.55108926,167.1,200.60582898,177.9,36.93088503649635,97.357559924051,,,"{""23"": 197.1576638, ""24"": 831.7890667, ""25"": 6.75574879, ""26"": 0.432813904, ""27"": 166.0, ""28"": 83.0, ""29"": 41.0, ""30"": 33.0, ""31"": 16.0, ""33"": 39.0, ""34"": 19.0, ""35"": 0.400479998, ""36"": 0.280335998, ""37"": 1.787152504, ""38"": 0.060988658, ""39"": 4.218903037, ""40"": 55.02106667, ""42"": 500.4779761, ""43"": 2.511364269, ""44"": 0.188805865, ""45"": 0.0555988, ""46"": 0.036333816, ""47"": 100.0, ""48"": 50.0, ""49"": 25.0, ""50"": 20.0, ""51"": 10.0, ""53"": 66.07137413, ""54"": 13.0, ""55"": 6.0, ""56"": 0.387381079, ""57"": 0.011980858, ""58"": 83.47079682, ""60"": 7.574808043, ""61"": 33.10554706, ""62"": 0.621619769, ""63"": 0.011597361, ""66"": 1.974178343, ""67"": 0.661585623, ""68"": 2.635763966, ""70"": 0.908122038, ""71"": 0.370487949, ""72"": 1.278609987, ""73"": 1.278609987, ""210"": 15.11764706}","{""23"": 99.0, ""24"": 542.0, ""25"": 5.0, ""26"": 1.0, ""27"": 104.0, ""28"": 49.0, ""29"": 21.0, ""30"": 16.0, ""31"": 6.0, ""32"": 1.0, ""33"": 16.0, ""34"": 3.0, ""37"": 1.0, ""39"": 5.47474747, ""40"": 38.71428571, ""41"": 48.0, ""42"": 389.0, ""43"": 3.0, ""47"": 72.0, ""48"": 33.0, ""49"": 13.0, ""50"": 8.0, ""51"": 1.0, ""53"": 48.0, ""54"": 3.0, ""58"": 70.0, ""59"": 454.0, ""60"": 8.10416667, ""61"": 27.78571429, ""67"": 1.0, ""68"": 1.0, ""155"": 9.0, ""156"": 5.0, ""158"": 50.0, ""179"": 4.0, ""180"": 1.0, ""183"": 1.0, ""185"": 2.0, ""210"": 14.0, ""212"": 19.0, ""213"": 16.0}",2026-08-24T23:49:57-04:00
Cowboys D/ST,-16006,D/ST,DAL,,101.5558686,152.0,81.58392314,166.0,105.79430159833217,97.12422656016354,,,"{""89"": 0.693877551, ""90"": 0.346938776, ""91"": 2.775510204, ""92"": 2.775510204, ""93"": 0.06257583, ""94"": 1.838918511, ""95"": 14.04732508, ""96"": 9.887474778, ""97"": 1.14863571, ""98"": 0.122806991, ""99"": 42.35234705, ""100"": 84.7046941, ""101"": 0.22046, ""102"": 0.2274528, ""103"": 1.312232928, ""104"": 0.526685583, ""105"": 2.349407142, ""106"": 15.21149966, ""109"": 1011.532009, ""110"": 337.0, ""111"": 202.0, ""113"": 87.07641664, ""114"": 680.104, ""115"": 211.0572308, ""116"": 68.0, ""117"": 27.0, ""118"": 21.0, ""119"": 8.0, ""120"": 375.7036464, ""121"": 2.428571429, ""122"": 3.295918367, ""123"": 2.948979592, ""124"": 1.214285714, ""125"": 0.520408163, ""126"": 22.10021449, ""127"": 5846.505139, ""129"": 1.469135802, ""130"": 3.777777778, ""131"": 3.567901235, ""132"": 4.197530864, ""133"": 2.728395062, ""134"": 0.839506173, ""135"": 0.419753086, ""137"": 343.912067, ""160"": -375.7036464, ""210"": 17.0}","{""89"": 0.0, ""90"": 2.0, ""91"": 3.0, ""92"": 2.0, ""94"": 3.0, ""95"": 16.0, ""96"": 17.0, ""97"": 2.0, ""99"": 54.0, ""100"": 108.0, ""104"": 3.0, ""105"": 3.0, ""106"": 21.0, ""107"": 365.0, ""108"": 761.0, ""109"": 1126.0, ""110"": 371.0, ""111"": 219.0, ""112"": 77.0, ""113"": 59.0, ""114"": 526.0, ""115"": 303.0, ""116"": 49.0, ""117"": 16.0, ""118"": 24.0, ""119"": 7.0, ""120"": 324.0, ""121"": 4.0, ""122"": 2.0, ""123"": 4.0, ""124"": 0.0, ""127"": 5613.0, ""128"": 0.0, ""129"": 1.0, ""130"": 3.0, ""131"": 9.0, ""132"": 1.0, ""133"": 2.0, ""134"": 0.0, ""135"": 1.0, ""136"": 0.0, ""155"": 12.0, ""156"": 5.0, ""187"": 324.0, ""188"": 0.0, ""189"": 2.0, ""190"": 3.0, ""191"": 2.0, ""192"": 4.0, ""193"": 2.0, ""194"": 4.0, ""195"": 0.0, ""210"": 17.0}",2026-08-24T23:49:57-04:00
49ers D/ST,-16025,D/ST,SF,,100.82149037,152.0,112.93780786,95.0,120.68890433171184,97.11261273317963,,,"{""90"": 1.259259259, ""91"": 1.888888889, ""92"": 2.938271605, ""93"": 0.03299691, ""94"": 1.869138834, ""95"": 13.9276398, ""96"": 8.936425214, ""97"": 0.934377586, ""98"": 0.124745268, ""99"": 41.63168016, ""100"": 83.26336031, ""101"": 0.178784, ""102"": 0.187824, ""103"": 1.294384379, ""104"": 0.574754455, ""105"": 2.268743744, ""106"": 13.74834648, ""109"": 1050.764531, ""110"": 350.0, ""111"": 210.0, ""113"": 71.21955353, ""114"": 680.8049383, ""115"": 232.2372068, ""116"": 68.0, ""117"": 27.0, ""118"": 23.0, ""119"": 9.0, ""120"": 367.496454, ""121"": 2.308641975, ""122"": 5.037037037, ""123"": 2.728395062, ""124"": 0.839506173, ""126"": 21.61743847, ""127"": 5807.130399, ""129"": 1.259259259, ""130"": 5.87654321, ""131"": 3.358024691, ""132"": 3.358024691, ""133"": 2.308641975, ""134"": 0.62962963, ""135"": 0.209876543, ""137"": 341.5959058, ""160"": -367.496454, ""210"": 17.0}","{""89"": 1.0, ""90"": 0.0, ""91"": 7.0, ""92"": 4.0, ""94"": 3.0, ""95"": 20.0, ""96"": 10.0, ""99"": 44.0, ""100"": 88.0, ""103"": 2.0, ""104"": 1.0, ""105"": 3.0, ""106"": 16.0, ""107"": 397.0, ""108"": 696.0, ""109"": 1093.0, ""110"": 360.0, ""111"": 212.0, ""112"": 68.0, ""113"": 78.0, ""114"": 599.0, ""115"": 356.0, ""116"": 54.0, ""117"": 16.0, ""118"": 30.0, ""119"": 6.0, ""120"": 267.0, ""121"": 2.0, ""122"": 1.0, ""123"": 1.0, ""124"": 1.0, ""127"": 5110.0, ""128"": 0.0, ""129"": 0.0, ""130"": 10.0, ""131"": 5.0, ""132"": 0.0, ""133"": 0.0, ""134"": 0.0, ""135"": 2.0, ""136"": 0.0, ""155"": 13.0, ""156"": 4.0, ""187"": 267.0, ""188"": 1.0, ""189"": 0.0, ""190"": 7.0, ""191"": 4.0, ""192"": 2.0, ""193"": 1.0, ""194"": 1.0, ""195"": 1.0, ""210"": 17.0}",2026-08-24T23:49:57-04:00
Leonard Fournette,3115364,RB,FA,ACTIVE,229.37682953,189.6,165.20605329,221.1,31.683858004018756,96.91178339084242,,,"{""23"": 216.4234873, ""24"": 925.244455, ""25"": 9.411596307, ""26"": 0.348690531, ""27"": 185.0, ""28"": 92.0, ""29"": 46.0, ""30"": 37.0, ""31"": 18.0, ""33"": 43.0, ""34"": 21.0, ""35"": 0.443816297, ""36"": 0.310671408, ""37"": 2.216220762, ""38"": 0.075631112, ""39"": 4.275157316, ""40"": 61.2029406, ""42"": 390.3627218, ""43"": 2.114261554, ""44"": 0.080469448, ""45"": 0.037856849, ""46"": 0.024739451, ""47"": 78.0, ""48"": 39.0, ""49"": 19.0, ""50"": 15.0, ""51"": 7.0, ""53"": 58.64961038, ""54"": 11.0, ""55"": 5.0, ""56"": 0.211739802, ""57"": 0.006548654, ""58"": 72.94866747, ""60"": 6.6558451, ""61"": 25.82165864, ""62"": 0.429159979, ""63"": 0.006957415, ""66"": 1.244089101, ""67"": 0.337141509, ""68"": 1.581230609, ""70"": 0.572280986, ""71"": 0.188799245, ""72"": 0.761080231, ""73"": 0.761080231, ""210"": 15.11764706}","{""0"": 1.0, ""2"": 1.0, ""20"": 1.0, ""23"": 189.0, ""24"": 668.0, ""25"": 3.0, ""27"": 127.0, ""28"": 59.0, ""29"": 26.0, ""30"": 19.0, ""31"": 7.0, ""32"": 1.0, ""33"": 31.0, ""34"": 14.0, ""37"": 1.0, ""39"": 3.53439153, ""40"": 41.75, ""41"": 73.0, ""42"": 523.0, ""43"": 3.0, ""47"": 98.0, ""48"": 46.0, ""49"": 18.0, ""50"": 15.0, ""51"": 3.0, ""53"": 73.0, ""54"": 9.0, ""55"": 1.0, ""58"": 83.0, ""59"": 563.0, ""60"": 7.16438356, ""61"": 32.6875, ""73"": 1.0, ""108"": 1.0, ""109"": 1.0, ""155"": 8.0, ""156"": 8.0, ""158"": 36.0, ""179"": 3.0, ""183"": 2.0, ""184"": 1.0, ""210"": 16.0, ""212"": 40.0, ""213"": 26.0}",2026-08-24T23:49:57-04:00
Kenneth Walker III,4567048,RB,SEA,ACTIVE,116.51839165,189.0,,,128.63473989729852,96.83040599069938,,,"{""23"": 150.2894754, ""24"": 657.154376, ""25"": 3.814519284, ""26"": 0.120692493, ""27"": 131.0, ""28"": 65.0, ""29"": 32.0, ""30"": 26.0, ""31"": 13.0, ""33"": 30.0, ""34"": 15.0, ""35"": 0.29967793, ""36"": 0.209774551, ""37"": 1.188106451, ""38"": 0.040545515, ""39"": 4.37259079, ""40"": 46.54843497, ""42"": 145.2211288, ""43"": 0.732436335, ""44"": 0.030917938, ""45"": 0.039060322, ""46"": 0.02552592, ""47"": 29.0, ""48"": 14.0, ""49"": 7.0, ""50"": 5.0, ""51"": 2.0, ""53"": 20.02784398, ""54"": 4.0, ""55"": 2.0, ""56"": 0.056162743, ""57"": 0.001736992, ""58"": 26.28854106, ""60"": 7.250961657, ""61"": 10.28649662, ""62"": 0.151610431, ""63"": 0.006146522, ""66"": 1.232669113, ""67"": 0.164267688, ""68"": 1.396936801, ""70"": 0.567027792, ""71"": 0.091989905, ""72"": 0.659017697, ""73"": 0.659017697, ""210"": 14.11764706}","{""23"": 228.0, ""24"": 1050.0, ""25"": 9.0, ""27"": 203.0, ""28"": 96.0, ""29"": 44.0, ""30"": 35.0, ""31"": 14.0, ""32"": 5.0, ""33"": 38.0, ""34"": 16.0, ""35"": 2.0, ""36"": 2.0, ""37"": 5.0, ""39"": 4.60526316, ""40"": 70.0, ""41"": 27.0, ""42"": 165.0, ""47"": 31.0, ""48"": 14.0, ""49"": 4.0, ""50"": 3.0, ""51"": 1.0, ""53"": 27.0, ""54"": 1.0, ""58"": 35.0, ""59"": 221.0, ""60"": 6.11111111, ""61"": 11.0, ""108"": 1.0, ""109"": 1.0, ""155"": 8.0, ""156"": 7.0, ""158"": 54.0, ""179"": 2.0, ""180"": 5.0, ""210"": 15.0, ""212"": 50.0, ""213"": 6.0}",2026-08-24T23:49:57-04:00
Michael Pittman Jr.,4035687,WR,IND,ACTIVE,192.25066152,167.0,145.64367104,194.6,51.721778791334096,96.79113160543353,,,"{""23"": 4.469899027, ""24"": 29.40202198, ""25"": 0.189128534, ""26"": 0.007574735, ""27"": 5.0, ""28"": 2.0, ""29"": 1.0, ""30"": 1.0, ""35"": 0.008217358, ""36"": 0.005752151, ""37"": 0.002020834, ""38"": 6.9e-05, ""39"": 6.577782138, ""40"": 1.830895141, ""42"": 1082.239906, ""43"": 6.104415361, ""44"": 0.369208802, ""45"": 0.204153323, ""46"": 0.133414196, ""47"": 216.0, ""48"": 108.0, ""49"": 54.0, ""50"": 43.0, ""51"": 21.0, ""53"": 87.76454021, ""54"": 17.0, ""55"": 8.0, ""56"": 3.064045526, ""57"": 0.094764295, ""58"": 132.2710048, ""60"": 12.33117502, ""61"": 67.39222856, ""62"": 0.376783537, ""63"": 0.005193858, ""66"": 0.057206059, ""67"": 1.123216295, ""68"": 1.180422354, ""70"": 0.026314787, ""71"": 0.629001125, ""72"": 0.655315912, ""73"": 0.655315912, ""210"": 16.05882353}","{""23"": 3.0, ""24"": 30.0, ""27"": 6.0, ""28"": 3.0, ""29"": 1.0, ""30"": 1.0, ""39"": 10.0, ""40"": 1.875, ""41"": 99.0, ""42"": 925.0, ""43"": 4.0, ""47"": 179.0, ""48"": 87.0, ""49"": 38.0, ""50"": 30.0, ""51"": 12.0, ""52"": 2.0, ""53"": 99.0, ""54"": 13.0, ""55"": 2.0, ""56"": 2.0, ""58"": 141.0, ""59"": 357.0, ""60"": 9.34343434, ""61"": 57.8125, ""67"": 2.0, ""68"": 2.0, ""71"": 1.0, ""72"": 1.0, ""73"": 1.0, ""108"": 4.0, ""109"": 4.0, ""155"": 4.0, ""156"": 11.0, ""158"": 24.0, ""183"": 3.0, ""184"": 1.0, ""210"": 16.0, ""212"": 2.0, ""213"": 51.0}",2026-08-24T23:49:57-04:00
Ezekiel Elliott,3051392,RB,FA,ACTIVE,193.75872246,177.3,246.35751962,228.4,87.73608576642336,96.76214187903469,,,"{""23"": 207.5711858, ""24"": 869.2454953, ""25"": 7.566403556, ""26"": 0.486908992, ""27"": 173.0, ""28"": 86.0, ""29"": 43.0, ""30"": 34.0, ""31"": 17.0, ""33"": 41.0, ""34"": 20.0, ""35"": 0.423839743, ""36"": 0.29668782, ""37"": 1.956374062, ""38"": 0.066763541, ""39"": 4.187698268, ""40"": 57.49872926, ""42"": 282.2289233, ""43"": 2.236797746, ""44"": 0.147898566, ""45"": 0.034257612, ""46"": 0.02238735, ""47"": 56.0, ""48"": 28.0, ""49"": 14.0, ""50"": 11.0, ""51"": 5.0, ""53"": 40.78166151, ""54"": 8.0, ""55"": 4.0, ""56"": 0.113932086, ""57"": 0.003523673, ""58"": 56.28673075, ""60"": 6.920486141, ""61"": 18.66883928, ""62"": 0.634807559, ""63"": 0.00862771, ""66"": 1.638855885, ""67"": 0.321987205, ""68"": 1.96084309, ""70"": 0.753873707, ""71"": 0.180312835, ""72"": 0.934186542, ""73"": 0.934186542, ""210"": 15.11764706}","{""23"": 231.0, ""24"": 876.0, ""25"": 12.0, ""27"": 169.0, ""28"": 81.0, ""29"": 35.0, ""30"": 29.0, ""31"": 11.0, ""33"": 42.0, ""34"": 15.0, ""39"": 3.79220779, ""40"": 58.4, ""41"": 17.0, ""42"": 92.0, ""47"": 16.0, ""48"": 6.0, ""49"": 1.0, ""50"": 1.0, ""53"": 17.0, ""58"": 23.0, ""59"": 88.0, ""60"": 5.41176471, ""61"": 6.13333333, ""108"": 1.0, ""109"": 1.0, ""155"": 11.0, ""156"": 4.0, ""158"": 72.0, ""179"": 10.0, ""180"": 2.0, ""210"": 15.0, ""212"": 52.0, ""213"": 4.0}",2026-08-24T23:49:57-04:00
Deebo Samuel,3126486,WR,SF,ACTIVE,226.76713087,140.4,159.26112621,302.3,23.50285192790326,96.67942116079412,,,"{""23"": 59.64416783, ""24"": 370.6035368, ""25"": 4.21866473, ""26"": 0.121998146, ""27"": 74.0, ""28"": 37.0, ""29"": 18.0, ""30"": 14.0, ""31"": 7.0, ""33"": 11.0, ""34"": 5.0, ""35"": 0.112943379, ""36"": 0.079060366, ""37"": 0.353287679, ""38"": 0.012056353, ""39"": 6.213575447, ""40"": 23.07787592, ""42"": 1005.743059, ""43"": 5.1095541, ""44"": 0.26250318, ""45"": 0.375574923, ""46"": 0.245438212, ""47"": 201.0, ""48"": 100.0, ""49"": 50.0, ""50"": 40.0, ""51"": 20.0, ""53"": 69.2745224, ""54"": 13.0, ""55"": 6.0, ""56"": 2.554269561, ""57"": 0.078998028, ""58"": 104.8967057, ""60"": 14.51822436, ""61"": 62.62868863, ""62"": 0.384501326, ""63"": 0.009605792, ""66"": 1.010026144, ""67"": 1.173108475, ""68"": 2.183134619, ""70"": 0.464612026, ""71"": 0.656940746, ""72"": 1.121552772, ""73"": 1.121552772, ""210"": 16.05882353}","{""23"": 42.0, ""24"": 232.0, ""25"": 3.0, ""27"": 42.0, ""28"": 19.0, ""29"": 7.0, ""30"": 6.0, ""31"": 2.0, ""33"": 2.0, ""39"": 5.52380952, ""40"": 17.84615385, ""41"": 56.0, ""42"": 632.0, ""43"": 2.0, ""45"": 1.0, ""46"": 1.0, ""47"": 120.0, ""48"": 58.0, ""49"": 26.0, ""50"": 17.0, ""51"": 6.0, ""52"": 1.0, ""53"": 56.0, ""54"": 7.0, ""56"": 1.0, ""58"": 94.0, ""59"": 493.0, ""60"": 11.28571429, ""61"": 48.61538462, ""66"": 3.0, ""68"": 3.0, ""70"": 2.0, ""72"": 2.0, ""73"": 2.0, ""108"": 1.0, ""109"": 1.0, ""155"": 9.0, ""156"": 4.0, ""158"": 30.0, ""179"": 1.0, ""180"": 1.0, ""182"": 1.0, ""183"": 1.0, ""210"": 13.0, ""212"": 8.0, ""213"": 24.0}",2026-08-24T23:49:57-04:00
Tony Pollard,3916148,RB,DAL,QUESTIONABLE,157.16270148,229.3,100.18238445,143.1,147.99703467153284,96.66980741502135,,,"{""23"": 158.1280724, ""24"": 761.7462089, ""25"": 3.687157234, ""26"": 0.237270426, ""27"": 152.0, ""28"": 76.0, ""29"": 38.0, ""30"": 30.0, ""31"": 15.0, ""33"": 31.0, ""34"": 15.0, ""35"": 0.315049228, ""36"": 0.22053446, ""37"": 1.501867738, ""38"": 0.051252984, ""39"": 4.81727373, ""40"": 50.38788152, ""42"": 302.197641, ""43"": 1.597078638, ""44"": 0.105594688, ""45"": 0.056664246, ""46"": 0.037030085, ""47"": 60.0, ""48"": 30.0, ""49"": 15.0, ""50"": 12.0, ""51"": 6.0, ""53"": 40.04367483, ""54"": 8.0, ""55"": 4.0, ""56"": 0.127293232, ""57"": 0.003936904, ""58"": 50.07498136, ""60"": 7.546701002, ""61"": 19.98972722, ""62"": 0.342865114, ""63"": 0.007534812, ""66"": 1.366428712, ""67"": 0.346028546, ""68"": 1.712457259, ""70"": 0.628557208, ""71"": 0.193775986, ""72"": 0.822333194, ""73"": 0.822333194, ""210"": 15.11764706}","{""23"": 193.0, ""24"": 1007.0, ""25"": 9.0, ""27"": 196.0, ""28"": 94.0, ""29"": 44.0, ""30"": 33.0, ""31"": 12.0, ""32"": 3.0, ""33"": 31.0, ""34"": 11.0, ""35"": 2.0, ""36"": 2.0, ""37"": 3.0, ""39"": 5.21761658, ""40"": 62.9375, ""41"": 39.0, ""42"": 371.0, ""43"": 3.0, ""45"": 1.0, ""46"": 1.0, ""47"": 70.0, ""48"": 32.0, ""49"": 13.0, ""50"": 10.0, ""51"": 4.0, ""52"": 1.0, ""53"": 39.0, ""54"": 2.0, ""56"": 1.0, ""58"": 55.0, ""59"": 347.0, ""60"": 9.51282051, ""61"": 23.1875, ""108"": 1.0, ""109"": 1.0, ""155"": 11.0, ""156"": 5.0, ""158"": 72.0, ""179"": 3.0, ""180"": 3.0, ""182"": 1.0, ""184"": 1.0, ""186"": 1.0, ""210"": 16.0, ""212"": 46.0, ""213"": 17.0}",2026-08-24T23:49:57-04:00
Amari Cooper,2976499,WR,CLE,ACTIVE,159.88015464,207.0,194.8349496,168.5,114.22622576966933,96.64171964441068,,,"{""42"": 883.3116704, ""43"": 5.49405195, ""44"": 0.329634523, ""45"": 0.147108599, ""46"": 0.096135469, ""47"": 176.0, ""48"": 88.0, ""49"": 44.0, ""50"": 35.0, ""51"": 17.0, ""53"": 78.11884413, ""54"": 15.0, ""55"": 7.0, ""56"": 1.827553807, ""57"": 0.056522283, ""58"": 117.7872456, ""60"": 11.30728034, ""61"": 55.00475603, ""62"": 0.329634523, ""63"": 0.00445506, ""67"": 1.012513584, ""68"": 1.012513584, ""71"": 0.567007607, ""72"": 0.567007607, ""73"": 0.567007607, ""210"": 16.05882353}","{""0"": 1.0, ""2"": 1.0, ""20"": 1.0, ""41"": 78.0, ""42"": 1160.0, ""43"": 9.0, ""45"": 1.0, ""47"": 225.0, ""48"": 110.0, ""49"": 50.0, ""50"": 39.0, ""51"": 16.0, ""52"": 5.0, ""53"": 78.0, ""54"": 7.0, ""56"": 5.0, ""58"": 132.0, ""59"": 325.0, ""60"": 14.87179487, ""61"": 68.23529412, ""73"": 1.0, ""108"": 2.0, ""109"": 2.0, ""155"": 7.0, ""156"": 10.0, ""158"": 54.0, ""183"": 3.0, ""184"": 3.0, ""185"": 1.0, ""186"": 1.0, ""210"": 17.0, ""213"": 61.0}",2026-08-24T23:49:57-04:00
Chris Godwin,3116165,WR,TB,ACTIVE,160.67056547,170.8,185.68093017,193.4,110.8478905359179,96.59207632584099,,,"{""23"": 4.053592902, ""24"": 24.27451775, ""25"": 0.271259196, ""26"": 0.010049812, ""27"": 4.0, ""28"": 2.0, ""29"": 1.0, ""35"": 0.007450363, ""36"": 0.005215254, ""37"": 0.001349119, ""38"": 4.6e-05, ""39"": 5.988395564, ""40"": 1.660630993, ""42"": 860.0339444, ""43"": 5.679406161, ""44"": 0.216136076, ""45"": 0.211738925, ""46"": 0.138371387, ""47"": 172.0, ""48"": 86.0, ""49"": 43.0, ""50"": 34.0, ""51"": 17.0, ""53"": 74.99364132, ""54"": 14.0, ""55"": 7.0, ""56"": 1.696250427, ""57"": 0.052461353, ""58"": 104.1600074, ""60"": 11.46809155, ""61"": 58.83532014, ""62"": 0.226185887, ""63"": 0.005604219, ""66"": 0.06531544, ""67"": 1.208370646, ""68"": 1.273686086, ""70"": 0.030045102, ""71"": 0.676687562, ""72"": 0.706732664, ""73"": 0.706732664, ""210"": 14.61764706}","{""23"": 3.0, ""24"": 5.0, ""39"": 1.66666667, ""40"": 0.33333333, ""41"": 104.0, ""42"": 1023.0, ""43"": 3.0, ""44"": 1.0, ""47"": 200.0, ""48"": 97.0, ""49"": 44.0, ""50"": 34.0, ""51"": 14.0, ""52"": 2.0, ""53"": 104.0, ""54"": 15.0, ""55"": 1.0, ""56"": 2.0, ""58"": 142.0, ""59"": 531.0, ""60"": 9.83653846, ""61"": 68.2, ""67"": 2.0, ""68"": 2.0, ""71"": 2.0, ""72"": 2.0, ""73"": 2.0, ""107"": 1.0, ""108"": 1.0, ""109"": 2.0, ""155"": 7.0, ""156"": 8.0, ""158"": 20.0, ""183"": 2.0, ""184"": 1.0, ""210"": 15.0, ""213"": 52.0}",2026-08-24T23:49:57-04:00
Miles Sanders,4045163,RB,CAR,ACTIVE,172.29480968,206.7,217.09529651,104.2,114.73587854431793,96.43210222872264,,,"{""23"": 214.9636463, ""24"": 1050.63702, ""25"": 4.972966629, ""26"": 0.224530767, ""27"": 210.0, ""28"": 105.0, ""29"": 52.0, ""30"": 42.0, ""31"": 21.0, ""33"": 42.0, ""34"": 21.0, ""35"": 0.440683225, ""36"": 0.308478258, ""37"": 2.863265645, ""38"": 0.097712271, ""39"": 4.887510228, ""40"": 74.11132507, ""42"": 200.9034774, ""43"": 1.060099631, ""44"": 0.078433647, ""45"": 0.052941592, ""46"": 0.034597331, ""47"": 40.0, ""48"": 20.0, ""49"": 10.0, ""50"": 8.0, ""51"": 4.0, ""53"": 24.60800232, ""54"": 4.0, ""55"": 2.0, ""56"": 0.075253708, ""57"": 0.002327434, ""58"": 33.83962709, ""60"": 8.164152247, ""61"": 14.17161459, ""62"": 0.302964415, ""63"": 0.009204571, ""66"": 1.877069935, ""67"": 0.214877921, ""68"": 2.091947856, ""70"": 0.86345217, ""71"": 0.120331636, ""72"": 0.983783806, ""73"": 0.983783806, ""210"": 14.17647059}","{""23"": 259.0, ""24"": 1269.0, ""25"": 11.0, ""27"": 246.0, ""28"": 120.0, ""29"": 56.0, ""30"": 41.0, ""31"": 15.0, ""32"": 3.0, ""33"": 46.0, ""34"": 19.0, ""35"": 1.0, ""37"": 3.0, ""39"": 4.8996139, ""40"": 74.64705882, ""41"": 20.0, ""42"": 78.0, ""47"": 15.0, ""48"": 5.0, ""49"": 1.0, ""53"": 20.0, ""58"": 26.0, ""59"": 103.0, ""60"": 3.9, ""61"": 4.58823529, ""66"": 1.0, ""67"": 1.0, ""68"": 2.0, ""70"": 1.0, ""71"": 1.0, ""72"": 2.0, ""73"": 2.0, ""155"": 14.0, ""156"": 3.0, ""158"": 66.0, ""179"": 7.0, ""180"": 3.0, ""210"": 17.0, ""212"": 64.0, ""213"": 2.0}",2026-08-24T23:49:57-04:00
James Conner,3045147,RB,ARI,QUESTIONABLE,217.68463816,177.2,137.49713822,239.2,63.295601696807324,96.19206487524676,,,"{""23"": 223.6032813, ""24"": 900.3103615, ""25"": 10.66104349, ""26"": 0.36269648, ""27"": 180.0, ""28"": 90.0, ""29"": 45.0, ""30"": 36.0, ""31"": 18.0, ""33"": 44.0, ""34"": 22.0, ""35"": 0.460119336, ""36"": 0.322083535, ""37"": 2.095996015, ""38"": 0.071528302, ""39"": 4.026373657, ""40"": 63.5073699, ""42"": 336.2763726, ""43"": 1.516709229, ""44"": 0.084554793, ""45"": 0.072462753, ""46"": 0.047354409, ""47"": 67.0, ""48"": 33.0, ""49"": 16.0, ""50"": 13.0, ""51"": 6.0, ""53"": 44.5903283, ""54"": 8.0, ""55"": 4.0, ""56"": 0.15558041, ""57"": 0.004811765, ""58"": 52.43839471, ""60"": 7.541464382, ""61"": 23.72073998, ""62"": 0.447251274, ""63"": 0.01029419, ""66"": 1.95060455, ""67"": 0.388983993, ""68"": 2.339588544, ""70"": 0.897278093, ""71"": 0.217831036, ""72"": 1.115109129, ""73"": 1.115109129, ""210"": 14.17647059}","{""23"": 183.0, ""24"": 782.0, ""25"": 7.0, ""27"": 152.0, ""28"": 71.0, ""29"": 33.0, ""30"": 26.0, ""31"": 9.0, ""32"": 1.0, ""33"": 33.0, ""34"": 12.0, ""37"": 1.0, ""39"": 4.27322404, ""40"": 60.15384615, ""41"": 46.0, ""42"": 300.0, ""43"": 1.0, ""47"": 54.0, ""48"": 23.0, ""49"": 9.0, ""50"": 6.0, ""53"": 46.0, ""54"": 4.0, ""58"": 58.0, ""59"": 376.0, ""60"": 6.52173913, ""61"": 23.07692308, ""66"": 3.0, ""68"": 3.0, ""70"": 1.0, ""72"": 1.0, ""73"": 1.0, ""108"": 1.0, ""109"": 1.0, ""155"": 3.0, ""156"": 10.0, ""158"": 48.0, ""179"": 5.0, ""180"": 1.0, ""181"": 1.0, ""183"": 1.0, ""210"": 13.0, ""212"": 49.0, ""213"": 14.0}",2026-08-24T23:49:57-04:00
Mike Williams,3045138,WR,LAC,ACTIVE,179.84543687,145.0,157.0817828,208.6,91.35298057602144,96.0104313235631,,,"{""42"": 954.6452127, ""43"": 8.654339937, ""44"": 0.66251235, ""45"": 0.275025612, ""46"": 0.179729237, ""47"": 190.0, ""48"": 95.0, ""49"": 47.0, ""50"": 38.0, ""51"": 19.0, ""53"": 63.16842282, ""54"": 12.0, ""55"": 6.0, ""56"": 2.234124695, ""57"": 0.06909664, ""58"": 108.3010567, ""60"": 15.11269666, ""61"": 63.1477378, ""62"": 0.66251235, ""63"": 0.001784986, ""67"": 0.405678686, ""68"": 0.405678686, ""71"": 0.227180064, ""72"": 0.227180064, ""73"": 0.227180064, ""210"": 15.11764706}","{""41"": 63.0, ""42"": 895.0, ""43"": 4.0, ""47"": 175.0, ""48"": 84.0, ""49"": 37.0, ""50"": 29.0, ""51"": 12.0, ""52"": 4.0, ""53"": 63.0, ""54"": 7.0, ""55"": 1.0, ""56"": 4.0, ""58"": 93.0, ""59"": 319.0, ""60"": 14.20634921, ""61"": 68.84615385, ""155"": 8.0, ""156"": 5.0, ""158"": 24.0, ""184"": 4.0, ""210"": 13.0, ""213"": 38.0}",2026-08-24T23:49:57-04:00
David Montgomery,4035538,RB,DET,ACTIVE,196.89650615,160.7,211.23535778,174.0,80.39540075909801,95.69497252405257,,,"{""23"": 220.4813175, ""24"": 880.4669718, ""25"": 7.226789219, ""26"": 0.307290085, ""27"": 176.0, ""28"": 88.0, ""29"": 44.0, ""30"": 35.0, ""31"": 17.0, ""33"": 44.0, ""34"": 22.0, ""35"": 0.453042491, ""36"": 0.317129743, ""37"": 2.005151489, ""38"": 0.068428127, ""39"": 3.993385841, ""40"": 58.24100592, ""42"": 332.037809, ""43"": 1.678482821, ""44"": 0.112374518, ""45"": 0.044328827, ""46"": 0.028968888, ""47"": 66.0, ""48"": 33.0, ""49"": 16.0, ""50"": 13.0, ""51"": 6.0, ""53"": 45.95403421, ""54"": 9.0, ""55"": 4.0, ""56"": 0.150557554, ""57"": 0.004656419, ""58"": 59.0410043, ""60"": 7.225433298, ""61"": 21.96359048, ""62"": 0.419664603, ""63"": 0.007384616, ""66"": 1.388849459, ""67"": 0.289472307, ""68"": 1.678321766, ""70"": 0.638870751, ""71"": 0.162104492, ""72"": 0.800975243, ""73"": 0.800975243, ""210"": 15.11764706}","{""23"": 201.0, ""24"": 801.0, ""25"": 5.0, ""27"": 154.0, ""28"": 74.0, ""29"": 34.0, ""30"": 24.0, ""31"": 10.0, ""32"": 1.0, ""33"": 34.0, ""34"": 12.0, ""37"": 1.0, ""39"": 3.98507463, ""40"": 50.0625, ""41"": 34.0, ""42"": 316.0, ""43"": 1.0, ""47"": 56.0, ""48"": 26.0, ""49"": 10.0, ""50"": 6.0, ""51"": 2.0, ""53"": 34.0, ""58"": 40.0, ""59"": 283.0, ""60"": 9.29411765, ""61"": 19.75, ""66"": 1.0, ""67"": 1.0, ""68"": 2.0, ""70"": 1.0, ""71"": 1.0, ""72"": 2.0, ""73"": 2.0, ""155"": 3.0, ""156"": 13.0, ""158"": 36.0, ""179"": 5.0, ""184"": 1.0, ""210"": 16.0, ""212"": 41.0, ""213"": 10.0}",2026-08-24T23:49:57-04:00
Christian Kirk,3895856,WR,JAX,QUESTIONABLE,159.36800101,199.9,79.63075856,169.0,136.06590649942987,95.34656585423456,,,"{""42"": 915.8412135, ""43"": 4.534176649, ""44"": 0.37006326, ""45"": 0.163602538, ""46"": 0.106914258, ""47"": 183.0, ""48"": 91.0, ""49"": 45.0, ""50"": 36.0, ""51"": 18.0, ""53"": 81.24518201, ""54"": 16.0, ""55"": 8.0, ""56"": 2.002447894, ""57"": 0.061931378, ""58"": 118.2349983, ""60"": 11.2725603, ""61"": 57.03040524, ""62"": 0.37006326, ""63"": 0.003965054, ""67"": 0.901148713, ""68"": 0.901148713, ""71"": 0.504643279, ""72"": 0.504643279, ""73"": 0.504643279, ""102"": 0.0375648, ""115"": 32.74615385, ""118"": 3.0, ""119"": 1.0, ""210"": 16.05882353}","{""0"": 1.0, ""2"": 1.0, ""23"": 5.0, ""24"": 11.0, ""27"": 1.0, ""39"": 2.2, ""40"": 0.64705882, ""41"": 84.0, ""42"": 1108.0, ""43"": 8.0, ""47"": 216.0, ""48"": 104.0, ""49"": 48.0, ""50"": 34.0, ""51"": 13.0, ""52"": 3.0, ""53"": 84.0, ""54"": 10.0, ""56"": 3.0, ""58"": 133.0, ""59"": 377.0, ""60"": 13.19047619, ""61"": 65.17647059, ""67"": 1.0, ""68"": 1.0, ""71"": 1.0, ""72"": 1.0, ""73"": 1.0, ""108"": 1.0, ""109"": 1.0, ""115"": 25.0, ""118"": 2.0, ""119"": 1.0, ""155"": 9.0, ""156"": 8.0, ""158"": 48.0, ""183"": 5.0, ""184"": 2.0, ""185"": 1.0, ""210"": 17.0, ""213"": 54.0}",2026-08-24T23:49:57-04:00
DeVonta Smith,4241478,WR,PHI,ACTIVE,159.87901218,207.1,161.63243304,153.6,137.41273100616016,95.16296658294084,,,"{""42"": 865.1096076, ""43"": 6.830757313, ""44"": 0.505380867, ""45"": 0.211262748, ""46"": 0.138060206, ""47"": 173.0, ""48"": 86.0, ""49"": 43.0, ""50"": 34.0, ""51"": 17.0, ""53"": 64.65976408, ""54"": 12.0, ""55"": 6.0, ""56"": 1.719729856, ""57"": 0.053187521, ""58"": 104.9090409, ""60"": 13.37941175, ""61"": 53.87129424, ""62"": 0.505380867, ""63"": 0.003760178, ""67"": 0.854585922, ""68"": 0.854585922, ""71"": 0.478568116, ""72"": 0.478568116, ""73"": 0.478568116, ""210"": 16.05882353}","{""41"": 95.0, ""42"": 1196.0, ""43"": 7.0, ""45"": 1.0, ""47"": 232.0, ""48"": 112.0, ""49"": 53.0, ""50"": 40.0, ""51"": 17.0, ""52"": 5.0, ""53"": 95.0, ""54"": 14.0, ""55"": 1.0, ""56"": 5.0, ""58"": 136.0, ""59"": 476.0, ""60"": 12.58947368, ""61"": 70.35294118, ""67"": 1.0, ""68"": 1.0, ""71"": 1.0, ""72"": 1.0, ""73"": 1.0, ""115"": 15.0, ""118"": 1.0, ""155"": 14.0, ""156"": 3.0, ""158"": 42.0, ""183"": 3.0, ""184"": 2.0, ""186"": 1.0, ""210"": 17.0, ""213"": 56.0}",2026-08-24T23:49:57-04:00
DJ Moore,3915416,WR,CHI,ACTIVE,195.01941117,167.6,186.36236404,191.0,53.68871151653364,95.04481145329386,,,"{""23"": 7.890467107, ""24"": 54.58784122, ""25"": 0.27967124, ""26"": 0.012924679, ""27"": 10.0, ""28"": 5.0, ""29"": 2.0, ""30"": 2.0, ""31"": 1.0, ""33"": 1.0, ""35"": 0.014532784, ""36"": 0.010172949, ""37"": 0.007339574, ""38"": 0.000250471, ""39"": 6.918201481, ""40"": 3.39924286, ""42"": 1167.019527, ""43"": 5.383397189, ""44"": 0.375731905, ""45"": 0.271617167, ""46"": 0.177501819, ""47"": 233.0, ""48"": 116.0, ""49"": 58.0, ""50"": 46.0, ""51"": 23.0, ""53"": 79.03060366, ""54"": 15.0, ""55"": 7.0, ""56"": 3.667414843, ""57"": 0.113425201, ""58"": 132.7992731, ""60"": 14.76667864, ""61"": 72.67154562, ""62"": 0.388656584, ""63"": 0.005639948, ""66"": 0.116359016, ""67"": 1.165447258, ""68"": 1.281806274, ""70"": 0.053525147, ""71"": 0.652650464, ""72"": 0.706175612, ""73"": 0.706175612, ""210"": 16.05882353}","{""23"": 10.0, ""24"": 53.0, ""27"": 8.0, ""28"": 2.0, ""39"": 5.3, ""40"": 3.11764706, ""41"": 63.0, ""42"": 888.0, ""43"": 7.0, ""45"": 1.0, ""46"": 1.0, ""47"": 169.0, ""48"": 82.0, ""49"": 38.0, ""50"": 28.0, ""51"": 12.0, ""52"": 3.0, ""53"": 63.0, ""54"": 6.0, ""56"": 3.0, ""58"": 118.0, ""59"": 178.0, ""60"": 14.0952381, ""61"": 52.23529412, ""108"": 1.0, ""109"": 1.0, ""155"": 7.0, ""156"": 10.0, ""158"": 42.0, ""183"": 3.0, ""184"": 1.0, ""185"": 2.0, ""210"": 17.0, ""212"": 3.0, ""213"": 44.0}",2026-08-24T23:49:57-04:00
Eagles D/ST,-16021,D/ST,PHI,,119.06244476,142.0,92.26382195,88.0,123.39170720407691,94.4237953175593,,,"{""89"": 0.523076923, ""90"": 0.784615385, ""91"": 3.661538462, ""92"": 3.923076923, ""93"": 0.033089827, ""94"": 1.8390169, ""95"": 13.75000273, ""96"": 8.982573758, ""97"": 1.045211085, ""98"": 0.133181053, ""99"": 43.39458504, ""100"": 86.78917008, ""101"": 0.22046, ""102"": 0.23736, ""103"": 1.265610707, ""104"": 0.573406193, ""105"": 2.329926727, ""106"": 13.81934424, ""109"": 1033.429696, ""110"": 344.0, ""111"": 206.0, ""113"": 74.29701247, ""114"": 680.104, ""115"": 211.56, ""116"": 68.0, ""117"": 27.0, ""118"": 21.0, ""119"": 8.0, ""120"": 347.7893365, ""121"": 1.830769231, ""122"": 3.661538462, ""123"": 2.092307692, ""124"": 0.523076923, ""126"": 20.45819627, ""127"": 5823.848713, ""129"": 1.049382716, ""130"": 5.037037037, ""131"": 3.358024691, ""132"": 5.456790123, ""133"": 1.259259259, ""134"": 0.62962963, ""135"": 0.209876543, ""137"": 342.5793361, ""160"": -347.7893365, ""210"": 17.0}","{""89"": 0.0, ""90"": 1.0, ""91"": 3.0, ""92"": 7.0, ""94"": 2.0, ""95"": 17.0, ""96"": 10.0, ""99"": 70.0, ""100"": 140.0, ""103"": 2.0, ""105"": 2.0, ""106"": 15.0, ""107"": 364.0, ""108"": 735.0, ""109"": 1099.0, ""110"": 362.0, ""111"": 212.0, ""112"": 64.0, ""113"": 85.0, ""114"": 663.0, ""115"": 323.0, ""116"": 61.0, ""117"": 20.0, ""118"": 25.0, ""119"": 7.0, ""120"": 324.0, ""121"": 1.0, ""122"": 2.0, ""123"": 1.0, ""124"": 2.0, ""127"": 5125.0, ""128"": 0.0, ""129"": 0.0, ""130"": 7.0, ""131"": 7.0, ""132"": 2.0, ""133"": 1.0, ""134"": 0.0, ""135"": 0.0, ""136"": 0.0, ""155"": 14.0, ""156"": 3.0, ""187"": 324.0, ""188"": 0.0, ""189"": 1.0, ""190"": 3.0, ""191"": 7.0, ""192"": 1.0, ""193"": 2.0, ""194"": 1.0, ""195"": 2.0, ""210"": 17.0}",2026-08-24T23:49:57-04:00
DeAndre Hopkins,15795,WR,ARI,QUESTIONABLE,121.94240059,119.7,235.52436419,126.2,103.56145952109465,94.41078576362287,,,"{""42"": 661.9591192, ""43"": 4.610618935, ""44"": 0.257167844, ""45"": 0.125360774, ""46"": 0.081923266, ""47"": 132.0, ""48"": 66.0, ""49"": 33.0, ""50"": 26.0, ""51"": 13.0, ""53"": 56.89572408, ""54"": 11.0, ""55"": 5.0, ""56"": 1.72482077, ""57"": 0.053344972, ""58"": 82.12054899, ""60"": 11.63460225, ""61"": 63.9392331, ""62"": 0.257167844, ""63"": 0.003454875, ""67"": 0.785198809, ""68"": 0.785198809, ""71"": 0.439711333, ""72"": 0.439711333, ""73"": 0.439711333, ""210"": 10.35294118}","{""41"": 64.0, ""42"": 717.0, ""43"": 3.0, ""47"": 139.0, ""48"": 67.0, ""49"": 31.0, ""50"": 25.0, ""51"": 10.0, ""52"": 2.0, ""53"": 64.0, ""54"": 9.0, ""55"": 3.0, ""56"": 2.0, ""58"": 96.0, ""59"": 165.0, ""60"": 11.203125, ""61"": 79.66666667, ""67"": 2.0, ""68"": 2.0, ""71"": 1.0, ""72"": 1.0, ""73"": 1.0, ""108"": 2.0, ""109"": 2.0, ""155"": 2.0, ""156"": 7.0, ""158"": 18.0, ""183"": 1.0, ""185"": 1.0, ""186"": 1.0, ""210"": 9.0, ""213"": 35.0}",2026-08-24T23:49:57-04:00
Bills D/ST,-16002,D/ST,BUF,,126.05208526,142.0,119.44628499,139.0,46.444984943247626,94.12035345734965,,,"{""89"": 0.701030928, ""90"": 1.402061856, ""91"": 4.381443299, ""92"": 2.979381443, ""93"": 0.035025747, ""94"": 1.854047126, ""95"": 14.48020539, ""96"": 8.05555525, ""97"": 1.000610546, ""98"": 0.127296825, ""99"": 43.65336576, ""100"": 87.30673151, ""101"": 0.178784, ""102"": 0.258996414, ""103"": 1.293833353, ""104"": 0.560213774, ""105"": 2.326853287, ""106"": 12.39316192, ""109"": 1006.811715, ""110"": 335.0, ""111"": 201.0, ""113"": 73.20085078, ""114"": 631.7346939, ""115"": 228.126822, ""116"": 63.0, ""117"": 25.0, ""118"": 22.0, ""119"": 9.0, ""120"": 347.3740715, ""121"": 1.577319588, ""122"": 3.329896907, ""123"": 1.75257732, ""124"": 0.87628866, ""126"": 20.43376891, ""127"": 5675.868211, ""128"": 0.209876543, ""129"": 2.518518519, ""130"": 7.765432099, ""131"": 2.518518519, ""132"": 3.148148148, ""133"": 0.62962963, ""134"": 0.209876543, ""137"": 333.8746007, ""160"": -347.3740715, ""210"": 17.0}","{""89"": 0.0, ""90"": 1.0, ""91"": 5.0, ""92"": 1.0, ""94"": 1.0, ""95"": 17.0, ""96"": 10.0, ""97"": 1.0, ""98"": 2.0, ""99"": 40.0, ""100"": 80.0, ""101"": 2.0, ""103"": 1.0, ""105"": 3.0, ""106"": 11.0, ""107"": 323.0, ""108"": 711.0, ""109"": 1034.0, ""110"": 339.0, ""111"": 200.0, ""112"": 89.0, ""113"": 90.0, ""114"": 908.0, ""115"": 276.0, ""116"": 84.0, ""117"": 32.0, ""118"": 22.0, ""119"": 5.0, ""120"": 278.0, ""121"": 4.0, ""122"": 4.0, ""123"": 1.0, ""124"": 0.0, ""127"": 5106.0, ""128"": 0.0, ""129"": 1.0, ""130"": 5.0, ""131"": 4.0, ""132"": 4.0, ""133"": 1.0, ""134"": 1.0, ""135"": 0.0, ""136"": 0.0, ""155"": 13.0, ""156"": 3.0, ""187"": 278.0, ""188"": 0.0, ""189"": 1.0, ""190"": 5.0, ""191"": 1.0, ""192"": 4.0, ""193"": 4.0, ""194"": 1.0, ""195"": 0.0, ""210"": 16.0}",2026-08-24T23:49:57-04:00
Daniel Carlson,3051909,K,LV,ACTIVE,139.12251693,159.0,126.44785415,171.0,109.06450126698917,93.80384586850829,,,"{""74"": 3.616192036, ""75"": 5.521113174, ""76"": 1.904921137, ""77"": 8.231887278, ""78"": 10.38101519, ""79"": 2.149127911, ""80"": 16.79767649, ""81"": 17.15842956, ""82"": 0.360753075, ""83"": 28.6457558, ""84"": 33.06055793, ""85"": 4.414802123, ""86"": 42.13578029, ""87"": 43.75583258, ""88"": 1.620052289, ""198"": 3.616192036, ""199"": 5.521113174, ""200"": 1.904921137, ""210"": 17.0}","{""74"": 11.0, ""75"": 13.0, ""76"": 2.0, ""77"": 3.0, ""78"": 4.0, ""79"": 1.0, ""80"": 20.0, ""81"": 20.0, ""83"": 34.0, ""84"": 37.0, ""85"": 3.0, ""86"": 35.0, ""87"": 36.0, ""88"": 1.0, ""155"": 6.0, ""156"": 11.0, ""158"": 137.0, ""198"": 11.0, ""199"": 13.0, ""200"": 2.0, ""210"": 17.0, ""214"": 1323.0, ""215"": 154.0, ""216"": 1477.0, ""217"": 259.0, ""218"": 126.0, ""219"": 58.0, ""220"": 47.0, ""221"": 19.0, ""222"": 5.0, ""223"": 30.0, ""224"": 14.0, ""225"": 6.0, ""226"": 5.0, ""227"": 2.0, ""229"": 290.0, ""230"": 141.0, ""231"": 65.0, ""232"": 53.0, ""233"": 22.0, ""234"": 7.0}",2026-08-24T23:49:57-04:00
Dalton Schultz,3117256,TE,HOU,ACTIVE,138.9679705,114.2,75.04788414,169.8,124.72741788321167,93.7495458605995,,,"{""42"": 711.3158934, ""43"": 5.026487941, ""44"": 0.33227894, ""45"": 0.111438136, ""46"": 0.072824822, ""47"": 142.0, ""48"": 71.0, ""49"": 35.0, ""50"": 28.0, ""51"": 14.0, ""53"": 75.35753146, ""54"": 15.0, ""55"": 7.0, ""56"": 1.010767497, ""57"": 0.03126085, ""58"": 100.5299086, ""60"": 9.439214365, ""61"": 44.2943963, ""62"": 0.33227894, ""63"": 0.002615918, ""67"": 0.594526874, ""68"": 0.594526874, ""71"": 0.332935049, ""72"": 0.332935049, ""73"": 0.332935049, ""210"": 16.05882353}","{""41"": 57.0, ""42"": 577.0, ""43"": 5.0, ""47"": 109.0, ""48"": 52.0, ""49"": 22.0, ""50"": 16.0, ""51"": 5.0, ""53"": 57.0, ""54"": 6.0, ""58"": 89.0, ""59"": 204.0, ""60"": 10.12280702, ""61"": 38.46666667, ""67"": 1.0, ""68"": 1.0, ""71"": 1.0, ""72"": 1.0, ""73"": 1.0, ""108"": 1.0, ""109"": 1.0, ""155"": 11.0, ""156"": 4.0, ""158"": 30.0, ""183"": 3.0, ""184"": 2.0, ""210"": 15.0, ""213"": 27.0}",2026-08-24T23:49:57-04:00
Tyler Lockett,2577327,WR,SEA,ACTIVE,157.4849923,195.3,199.46983186,204.9,142.70695553021665,93.56603295093832,,,"{""23"": 1.99447871, ""24"": 11.01712683, ""25"": 0.060416646, ""26"": 0.001911697, ""27"": 2.0, ""28"": 1.0, ""35"": 0.003661672, ""36"": 0.002563171, ""37"": 0.000233753, ""38"": 7.98e-06, ""39"": 5.523812703, ""40"": 0.686048191, ""42"": 941.8814352, ""43"": 3.808091962, ""44"": 0.160644482, ""45"": 0.228522427, ""46"": 0.149339406, ""47"": 188.0, ""48"": 94.0, ""49"": 47.0, ""50"": 37.0, ""51"": 18.0, ""53"": 79.01346325, ""54"": 15.0, ""55"": 7.0, ""56"": 2.155838888, ""57"": 0.06667543, ""58"": 112.0299936, ""60"": 11.92051831, ""61"": 58.6519575, ""62"": 0.162556179, ""63"": 0.003345191, ""66"": 0.018718458, ""67"": 0.741552278, ""68"": 0.760270737, ""70"": 0.008610491, ""71"": 0.415269276, ""72"": 0.423879767, ""73"": 0.423879767, ""210"": 16.05882353}","{""41"": 84.0, ""42"": 1033.0, ""43"": 9.0, ""45"": 1.0, ""47"": 200.0, ""48"": 95.0, ""49"": 45.0, ""50"": 34.0, ""51"": 14.0, ""52"": 3.0, ""53"": 84.0, ""54"": 10.0, ""56"": 3.0, ""58"": 117.0, ""59"": 274.0, ""60"": 12.29761905, ""61"": 64.5625, ""67"": 1.0, ""68"": 2.0, ""71"": 1.0, ""72"": 2.0, ""73"": 2.0, ""108"": 2.0, ""109"": 2.0, ""115"": 7.0, ""155"": 9.0, ""156"": 7.0, ""158"": 54.0, ""183"": 2.0, ""185"": 1.0, ""186"": 5.0, ""210"": 16.0, ""213"": 49.0}",2026-08-24T23:49:57-04:00
JuJu Smith-Schuster,3120348,WR,NE,ACTIVE,159.7505964,146.3,168.75641145,27.3,122.98129988597492,93.16442873768285,,,"{""42"": 837.3319935, ""43"": 6.555024196, ""44"": 0.238435932, ""45"": 0.138141423, ""46"": 0.09027542, ""47"": 167.0, ""48"": 83.0, ""49"": 41.0, ""50"": 33.0, ""51"": 16.0, ""53"": 74.64481068, ""54"": 14.0, ""55"": 7.0, ""56"": 1.575642596, ""57"": 0.048731214, ""58"": 112.5282398, ""60"": 11.21755131, ""61"": 52.14155271, ""62"": 0.238435932, ""63"": 0.004368671, ""67"": 0.992879758, ""68"": 0.992879758, ""71"": 0.556012664, ""72"": 0.556012664, ""73"": 0.556012664, ""210"": 16.05882353}","{""41"": 78.0, ""42"": 933.0, ""43"": 3.0, ""45"": 2.0, ""47"": 179.0, ""48"": 85.0, ""49"": 38.0, ""50"": 29.0, ""51"": 9.0, ""52"": 2.0, ""53"": 78.0, ""54"": 10.0, ""55"": 2.0, ""56"": 2.0, ""58"": 101.0, ""59"": 465.0, ""60"": 11.96153846, ""61"": 58.3125, ""67"": 2.0, ""68"": 3.0, ""71"": 1.0, ""72"": 2.0, ""73"": 2.0, ""107"": 2.0, ""108"": 2.0, ""109"": 4.0, ""155"": 13.0, ""156"": 3.0, ""158"": 18.0, ""183"": 1.0, ""210"": 16.0, ""213"": 48.0}",2026-08-24T23:49:57-04:00
Gabe Davis,4243537,WR,BUF,ACTIVE,175.97539831,147.6,117.12500447,108.4,100.0248574686431,92.94436703396278,,,"{""42"": 918.3170721, ""43"": 8.807313974, ""44"": 0.474120709, ""45"": 0.262231108, ""46"": 0.171368029, ""47"": 183.0, ""48"": 91.0, ""49"": 45.0, ""50"": 36.0, ""51"": 18.0, ""53"": 62.47026972, ""54"": 12.0, ""55"": 6.0, ""56"": 2.016264444, ""57"": 0.062358694, ""58"": 105.4200878, ""60"": 14.70006575, ""61"": 57.18457958, ""62"": 0.474120709, ""63"": 0.003471164, ""67"": 0.788900908, ""68"": 0.788900908, ""71"": 0.441784509, ""72"": 0.441784509, ""73"": 0.441784509, ""210"": 16.05882353}","{""41"": 48.0, ""42"": 836.0, ""43"": 7.0, ""45"": 2.0, ""46"": 2.0, ""47"": 161.0, ""48"": 76.0, ""49"": 32.0, ""50"": 25.0, ""51"": 8.0, ""52"": 1.0, ""53"": 48.0, ""54"": 2.0, ""56"": 1.0, ""58"": 93.0, ""59"": 146.0, ""60"": 17.41666667, ""61"": 55.73333333, ""67"": 1.0, ""68"": 1.0, ""71"": 1.0, ""72"": 1.0, ""73"": 1.0, ""108"": 2.0, ""109"": 2.0, ""155"": 12.0, ""156"": 3.0, ""158"": 42.0, ""183"": 1.0, ""184"": 2.0, ""185"": 1.0, ""186"": 1.0, ""210"": 15.0, ""213"": 35.0}",2026-08-24T23:49:57-04:00
Pat Freiermuth,4361411,TE,PIT,QUESTIONABLE,112.35496241,116.7,43.88006238,121.7,151.97717937015062,92.82019726335334,,,"{""42"": 563.3193834, ""43"": 4.097806136, ""44"": 0.276348253, ""45"": 0.070645482, ""46"": 0.046166823, ""47"": 112.0, ""48"": 56.0, ""49"": 28.0, ""50"": 22.0, ""51"": 11.0, ""53"": 63.58805617, ""54"": 12.0, ""55"": 6.0, ""56"": 0.531005092, ""57"": 0.016422838, ""58"": 88.32620565, ""60"": 8.858886674, ""61"": 35.0784964, ""62"": 0.276348253, ""63"": 0.003577111, ""67"": 0.812979769, ""68"": 0.812979769, ""71"": 0.455268671, ""72"": 0.455268671, ""73"": 0.455268671, ""210"": 16.05882353}","{""41"": 63.0, ""42"": 732.0, ""43"": 2.0, ""47"": 142.0, ""48"": 66.0, ""49"": 28.0, ""50"": 24.0, ""51"": 7.0, ""53"": 63.0, ""54"": 5.0, ""58"": 98.0, ""59"": 291.0, ""60"": 11.61904762, ""61"": 45.75, ""108"": 1.0, ""109"": 1.0, ""155"": 8.0, ""156"": 8.0, ""158"": 12.0, ""183"": 1.0, ""184"": 1.0, ""210"": 16.0, ""213"": 37.0}",2026-08-24T23:49:57-04:00
Garrett Wilson,4569618,WR,NYJ,ACTIVE,143.90804038,174.2,,,160.78968519758874,92.76592657088956,,,"{""23"": 1.984770474, ""24"": 12.08610611, ""25"": 0.073561221, ""26"": 0.005230209, ""27"": 2.0, ""28"": 1.0, ""35"": 0.003643828, ""36"": 0.00255068, ""37"": 0.000289514, ""38"": 9.88e-06, ""39"": 6.089422566, ""40"": 0.752614666, ""42"": 803.4030868, ""43"": 5.004679019, ""44"": 0.417392931, ""45"": 0.174364162, ""46"": 0.11394698, ""47"": 160.0, ""48"": 80.0, ""49"": 40.0, ""50"": 32.0, ""51"": 16.0, ""53"": 62.76701388, ""54"": 12.0, ""55"": 6.0, ""56"": 1.415767186, ""57"": 0.043786614, ""58"": 102.1956434, ""60"": 12.79976595, ""61"": 50.02876364, ""62"": 0.42262314, ""63"": 0.003027118, ""66"": 0.021087993, ""67"": 0.666893409, ""68"": 0.687981402, ""70"": 0.009700477, ""71"": 0.373460309, ""72"": 0.383160786, ""73"": 0.383160786, ""102"": 0.071208, ""115"": 63.468, ""118"": 6.0, ""119"": 2.0, ""210"": 16.05882353}","{""0"": 1.0, ""2"": 1.0, ""23"": 4.0, ""24"": 4.0, ""27"": 1.0, ""39"": 1.0, ""40"": 0.23529412, ""41"": 83.0, ""42"": 1103.0, ""43"": 4.0, ""45"": 1.0, ""46"": 1.0, ""47"": 214.0, ""48"": 103.0, ""49"": 47.0, ""50"": 36.0, ""51"": 14.0, ""52"": 3.0, ""53"": 83.0, ""54"": 8.0, ""56"": 3.0, ""58"": 147.0, ""59"": 384.0, ""60"": 13.28915663, ""61"": 64.88235294, ""66"": 1.0, ""67"": 1.0, ""68"": 2.0, ""71"": 1.0, ""72"": 1.0, ""73"": 1.0, ""108"": 1.0, ""109"": 1.0, ""155"": 7.0, ""156"": 10.0, ""158"": 24.0, ""183"": 2.0, ""184"": 1.0, ""210"": 17.0, ""213"": 55.0}",2026-08-24T23:49:57-04:00
Lamar Jackson,3916387,QB,BAL,QUESTIONABLE,362.76271454,268.8,390.20997955,271.1,41.97103102189781,92.65683051536394,,,"{""0"": 480.5517794, ""1"": 311.7621339, ""2"": 168.7896455, ""3"": 3443.177353, ""4"": 23.37274485, ""5"": 688.0, ""6"": 344.0, ""7"": 172.0, ""8"": 137.0, ""9"": 68.0, ""10"": 34.0, ""11"": 62.0, ""12"": 31.0, ""15"": 2.594951341, ""16"": 1.695800701, ""17"": 2.254479422, ""18"": 0.304521057, ""19"": 2.129271315, ""20"": 13.79892154, ""21"": 0.648758671, ""22"": 215.1985846, ""23"": 159.7830693, ""24"": 925.3288961, ""25"": 4.113721855, ""26"": 0.238444045, ""27"": 185.0, ""28"": 92.0, ""29"": 46.0, ""30"": 37.0, ""31"": 18.0, ""33"": 31.0, ""34"": 15.0, ""35"": 0.32048133, ""36"": 0.224336931, ""37"": 2.375892222, ""38"": 0.081080086, ""39"": 5.79115735, ""40"": 57.833056, ""62"": 2.36771536, ""63"": 0.043632606, ""64"": 39.13157469, ""65"": 7.584540672, ""66"": 2.331960757, ""68"": 9.916501429, ""69"": 3.640579523, ""70"": 1.072701948, ""72"": 4.713281471, ""73"": 18.51220301, ""210"": 16.0}","{""0"": 326.0, ""1"": 203.0, ""2"": 123.0, ""3"": 2242.0, ""4"": 17.0, ""5"": 442.0, ""6"": 219.0, ""7"": 105.0, ""8"": 83.0, ""9"": 40.0, ""10"": 19.0, ""11"": 35.0, ""12"": 14.0, ""13"": 20.0, ""14"": 7.0, ""15"": 2.0, ""16"": 2.0, ""17"": 1.0, ""19"": 1.0, ""20"": 7.0, ""21"": 0.62269939, ""22"": 172.46153846, ""23"": 112.0, ""24"": 764.0, ""25"": 3.0, ""27"": 146.0, ""28"": 69.0, ""29"": 31.0, ""30"": 25.0, ""31"": 10.0, ""32"": 2.0, ""33"": 18.0, ""34"": 7.0, ""35"": 1.0, ""36"": 1.0, ""37"": 2.0, ""39"": 6.82142857, ""40"": 58.76923077, ""64"": 26.0, ""65"": 4.0, ""66"": 2.0, ""68"": 5.0, ""69"": 2.0, ""70"": 1.0, ""72"": 2.0, ""73"": 9.0, ""108"": 1.0, ""109"": 1.0, ""155"": 8.0, ""156"": 5.0, ""158"": 120.0, ""175"": 6.0, ""176"": 7.0, ""177"": 2.0, ""179"": 2.0, ""210"": 13.0, ""211"": 103.0, ""212"": 47.0}",2026-08-24T23:49:57-04:00
Jerry Jeudy,4241463,WR,DEN,ACTIVE,176.56356157,170.7,174.30705736,66.0,110.75735461801597,91.05986099224158,,,"{""23"": 4.073031964, ""24"": 24.28686249, ""25"": 0.187275484, ""26"": 0.00986473, ""27"": 4.0, ""28"": 2.0, ""29"": 1.0, ""35"": 0.007486168, ""36"": 0.005240318, ""37"": 0.001349727, ""38"": 4.61e-05, ""39"": 5.962846032, ""40"": 1.512368726, ""42"": 1045.423994, ""43"": 5.60173311, ""44"": 0.31699601, ""45"": 0.287482068, ""46"": 0.187869532, ""47"": 209.0, ""48"": 104.0, ""49"": 52.0, ""50"": 41.0, ""51"": 20.0, ""53"": 71.2148024, ""54"": 14.0, ""55"": 7.0, ""56"": 2.814081121, ""57"": 0.087033437, ""58"": 117.2933767, ""60"": 14.67986934, ""61"": 65.09966264, ""62"": 0.32686074, ""63"": 0.005564356, ""66"": 0.068415612, ""67"": 1.196210677, ""68"": 1.264626289, ""70"": 0.031471182, ""71"": 0.669877979, ""72"": 0.701349161, ""73"": 0.701349161, ""210"": 16.05882353}","{""23"": 4.0, ""24"": 40.0, ""27"": 7.0, ""28"": 3.0, ""29"": 1.0, ""30"": 1.0, ""39"": 10.0, ""40"": 2.66666667, ""41"": 67.0, ""42"": 972.0, ""43"": 6.0, ""45"": 1.0, ""46"": 1.0, ""47"": 188.0, ""48"": 91.0, ""49"": 40.0, ""50"": 33.0, ""51"": 15.0, ""52"": 3.0, ""53"": 67.0, ""54"": 7.0, ""56"": 3.0, ""58"": 100.0, ""59"": 392.0, ""60"": 14.50746269, ""61"": 64.8, ""108"": 1.0, ""109"": 1.0, ""155"": 5.0, ""156"": 10.0, ""158"": 36.0, ""183"": 3.0, ""184"": 1.0, ""185"": 1.0, ""210"": 15.0, ""212"": 3.0, ""213"": 41.0}",2026-08-24T23:49:57-04:00
Devin Singletary,4040761,RB,HOU,ACTIVE,173.39460003,158.9,113.5047369,177.8,127.4141549453003,91.02913579965883,,,"{""23"": 201.4486891, ""24"": 911.184653, ""25"": 7.047932985, ""26"": 0.353115837, ""27"": 182.0, ""28"": 91.0, ""29"": 45.0, ""30"": 36.0, ""31"": 18.0, ""33"": 40.0, ""34"": 20.0, ""35"": 0.410074713, ""36"": 0.287052299, ""37"": 2.145935367, ""38"": 0.073232541, ""39"": 4.523160003, ""40"": 60.27291479, ""42"": 206.5526399, ""43"": 0.998600591, ""44"": 0.053756922, ""45"": 0.034385853, ""46"": 0.022471155, ""47"": 41.0, ""48"": 20.0, ""49"": 10.0, ""50"": 8.0, ""51"": 4.0, ""53"": 30.49452435, ""54"": 6.0, ""55"": 3.0, ""56"": 0.07705534, ""57"": 0.002383155, ""58"": 40.99670082, ""60"": 6.773433735, ""61"": 13.66301509, ""62"": 0.406872758, ""63"": 0.012644145, ""66"": 2.495856265, ""67"": 0.37781308, ""68"": 2.873669344, ""70"": 1.148093882, ""71"": 0.211575325, ""72"": 1.359669206, ""73"": 1.359669206, ""210"": 15.11764706}","{""23"": 177.0, ""24"": 819.0, ""25"": 5.0, ""27"": 156.0, ""28"": 73.0, ""29"": 34.0, ""30"": 23.0, ""31"": 7.0, ""32"": 1.0, ""33"": 27.0, ""34"": 9.0, ""37"": 1.0, ""39"": 4.62711864, ""40"": 51.1875, ""41"": 38.0, ""42"": 280.0, ""43"": 1.0, ""47"": 48.0, ""48"": 21.0, ""49"": 8.0, ""50"": 5.0, ""51"": 1.0, ""53"": 38.0, ""54"": 1.0, ""58"": 52.0, ""59"": 257.0, ""60"": 7.36842105, ""61"": 17.5, ""66"": 3.0, ""68"": 3.0, ""70"": 3.0, ""72"": 3.0, ""73"": 3.0, ""107"": 1.0, ""108"": 2.0, ""109"": 3.0, ""155"": 13.0, ""156"": 3.0, ""158"": 36.0, ""179"": 4.0, ""182"": 1.0, ""183"": 1.0, ""210"": 16.0, ""212"": 43.0, ""213"": 15.0}",2026-08-24T23:49:57-04:00
Dak Prescott,2577417,QB,DAL,ACTIVE,367.03695881,243.8,404.56545953,393.6,126.8232208029197,91.02071362974833,,,"{""0"": 598.9949981, ""1"": 390.8364461, ""2"": 208.158552, ""3"": 4399.420269, ""4"": 30.48154717, ""5"": 879.0, ""6"": 439.0, ""7"": 219.0, ""8"": 175.0, ""9"": 87.0, ""10"": 43.0, ""11"": 78.0, ""12"": 39.0, ""15"": 4.02153338, ""16"": 2.628072064, ""17"": 5.188093499, ""18"": 0.700775399, ""19"": 2.0146765, ""20"": 11.60247587, ""21"": 0.652486995, ""22"": 274.9637668, ""23"": 52.02033756, ""24"": 194.5141542, ""25"": 2.925026731, ""26"": 0.188240188, ""27"": 38.0, ""28"": 19.0, ""29"": 9.0, ""30"": 7.0, ""31"": 3.0, ""33"": 10.0, ""34"": 5.0, ""35"": 0.09827026, ""36"": 0.068789182, ""37"": 0.102495624, ""38"": 0.003497782, ""39"": 3.739194387, ""40"": 12.15713464, ""62"": 2.202916688, ""63"": 0.045310599, ""64"": 36.50165957, ""65"": 9.518685017, ""66"": 0.779178304, ""68"": 10.29786332, ""69"": 4.568968808, ""70"": 0.35842202, ""72"": 4.927390828, ""73"": 16.5298667, ""210"": 16.0}","{""0"": 394.0, ""1"": 261.0, ""2"": 133.0, ""3"": 2860.0, ""4"": 23.0, ""5"": 568.0, ""6"": 281.0, ""7"": 138.0, ""8"": 110.0, ""9"": 52.0, ""10"": 22.0, ""11"": 46.0, ""12"": 21.0, ""13"": 22.0, ""14"": 7.0, ""15"": 1.0, ""16"": 1.0, ""17"": 1.0, ""20"": 15.0, ""21"": 0.66243655, ""22"": 238.33333333, ""23"": 45.0, ""24"": 182.0, ""25"": 1.0, ""27"": 33.0, ""28"": 15.0, ""29"": 5.0, ""30"": 2.0, ""33"": 5.0, ""39"": 4.04444444, ""40"": 15.16666667, ""64"": 20.0, ""65"": 3.0, ""66"": 1.0, ""68"": 4.0, ""70"": 1.0, ""72"": 1.0, ""73"": 16.0, ""155"": 8.0, ""156"": 4.0, ""158"": 144.0, ""175"": 9.0, ""176"": 7.0, ""177"": 3.0, ""178"": 3.0, ""179"": 1.0, ""210"": 12.0, ""211"": 141.0, ""212"": 22.0}",2026-08-24T23:49:57-04:00
Chris Olave,4361370,WR,NO,ACTIVE,144.48491036,162.2,,,139.2713797035348,90.88489649375259,,,"{""42"": 846.2692178, ""43"": 5.004749749, ""44"": 0.298613661, ""45"": 0.23247078, ""46"": 0.151919655, ""47"": 169.0, ""48"": 84.0, ""49"": 42.0, ""50"": 33.0, ""51"": 16.0, ""53"": 59.88989188, ""54"": 11.0, ""55"": 5.0, ""56"": 1.623127055, ""57"": 0.050199806, ""58"": 100.1878718, ""60"": 14.13041819, ""61"": 52.69808316, ""62"": 0.298613661, ""63"": 0.002799827, ""67"": 0.636324268, ""68"": 0.636324268, ""71"": 0.35634159, ""72"": 0.35634159, ""73"": 0.35634159, ""210"": 16.05882353}","{""41"": 72.0, ""42"": 1042.0, ""43"": 4.0, ""44"": 1.0, ""45"": 1.0, ""46"": 1.0, ""47"": 204.0, ""48"": 100.0, ""49"": 48.0, ""50"": 35.0, ""51"": 15.0, ""52"": 3.0, ""53"": 72.0, ""54"": 8.0, ""56"": 3.0, ""58"": 119.0, ""59"": 210.0, ""60"": 14.47222222, ""61"": 69.46666667, ""67"": 2.0, ""68"": 2.0, ""71"": 2.0, ""72"": 2.0, ""73"": 2.0, ""106"": 1.0, ""108"": 3.0, ""109"": 3.0, ""155"": 6.0, ""156"": 9.0, ""158"": 26.0, ""183"": 1.0, ""184"": 1.0, ""185"": 1.0, ""210"": 15.0, ""213"": 48.0}",2026-08-24T23:49:57-04:00
Dallas Goedert,3121023,TE,PHI,ACTIVE,121.4642902,113.7,127.11272247,137.0,119.30930656934306,90.74089245045246,,,"{""42"": 682.8882187, ""43"": 4.100013002, ""44"": 0.303330573, ""45"": 0.226232712, ""46"": 0.147843077, ""47"": 136.0, ""48"": 68.0, ""49"": 34.0, ""50"": 27.0, ""51"": 13.0, ""53"": 57.69378742, ""54"": 11.0, ""55"": 5.0, ""56"": 0.901656647, ""57"": 0.027886288, ""58"": 81.40137162, ""60"": 11.83642554, ""61"": 45.17159424, ""62"": 0.303330573, ""63"": 0.003449932, ""67"": 0.784075483, ""68"": 0.784075483, ""71"": 0.439082271, ""72"": 0.439082271, ""73"": 0.439082271, ""210"": 15.11764706}","{""41"": 55.0, ""42"": 702.0, ""43"": 3.0, ""47"": 137.0, ""48"": 66.0, ""49"": 32.0, ""50"": 21.0, ""51"": 8.0, ""52"": 1.0, ""53"": 55.0, ""54"": 6.0, ""56"": 1.0, ""58"": 69.0, ""59"": 420.0, ""60"": 12.76363636, ""61"": 58.5, ""67"": 1.0, ""68"": 1.0, ""71"": 1.0, ""72"": 1.0, ""73"": 1.0, ""108"": 1.0, ""109"": 1.0, ""155"": 9.0, ""156"": 3.0, ""158"": 18.0, ""183"": 2.0, ""185"": 1.0, ""210"": 12.0, ""213"": 40.0}",2026-08-24T23:49:57-04:00
Brandon Aiyuk,4360438,WR,SF,ACTIVE,153.64134924,188.8,182.02984015,142.3,150.26278187095335,90.60492438711917,,,"{""23"": 2.629095449, ""24"": 16.31617498, ""25"": 0.143641433, ""26"": 0.004152565, ""27"": 3.0, ""28"": 1.0, ""35"": 0.004828877, ""36"": 0.003380214, ""37"": 0.000616567, ""38"": 2.1e-05, ""39"": 6.206003278, ""40"": 1.016025548, ""42"": 823.3243371, ""43"": 6.313810603, ""44"": 0.324394101, ""45"": 0.210331544, ""46"": 0.137451664, ""47"": 164.0, ""48"": 82.0, ""49"": 41.0, ""50"": 32.0, ""51"": 16.0, ""53"": 62.49689656, ""54"": 12.0, ""55"": 6.0, ""56"": 1.507207454, ""57"": 0.046614664, ""58"": 99.90609312, ""60"": 13.17384354, ""61"": 51.26928107, ""62"": 0.328546666, ""63"": 0.004741966, ""66"": 0.043506865, ""67"": 1.034212752, ""68"": 1.077719617, ""70"": 0.020013158, ""71"": 0.579159141, ""72"": 0.599172299, ""73"": 0.599172299, ""102"": 0.0375648, ""115"": 38.94967742, ""118"": 3.0, ""119"": 1.0, ""210"": 16.05882353}","{""23"": 2.0, ""24"": 23.0, ""27"": 4.0, ""28"": 1.0, ""39"": 11.5, ""40"": 1.35294118, ""41"": 78.0, ""42"": 1015.0, ""43"": 8.0, ""47"": 196.0, ""48"": 94.0, ""49"": 44.0, ""50"": 33.0, ""51"": 12.0, ""52"": 1.0, ""53"": 78.0, ""54"": 9.0, ""56"": 1.0, ""58"": 114.0, ""59"": 388.0, ""60"": 13.01282051, ""61"": 59.70588235, ""67"": 1.0, ""68"": 1.0, ""71"": 1.0, ""72"": 1.0, ""73"": 1.0, ""108"": 3.0, ""109"": 3.0, ""155"": 13.0, ""156"": 4.0, ""158"": 48.0, ""183"": 3.0, ""184"": 3.0, ""186"": 2.0, ""210"": 17.0, ""212"": 1.0, ""213"": 47.0}",2026-08-24T23:49:57-04:00
Kirk Cousins,14880,QB,MIN,ACTIVE,326.02126651,348.7,300.47891763,365.1,156.78467153284672,90.49783822985147,,,"{""0"": 563.8432779, ""1"": 370.2303043, ""2"": 193.6129736, ""3"": 4121.212509, ""4"": 28.57940238, ""5"": 824.0, ""6"": 412.0, ""7"": 206.0, ""8"": 164.0, ""9"": 82.0, ""10"": 41.0, ""11"": 74.0, ""12"": 37.0, ""15"": 3.560008389, ""16"": 2.326465482, ""17"": 4.011113744, ""18"": 0.541796295, ""19"": 1.639510711, ""20"": 10.22258477, ""21"": 0.656619168, ""22"": 257.5757818, ""23"": 27.97803976, ""24"": 96.92920782, ""25"": 1.11348857, ""26"": 0.059521911, ""27"": 19.0, ""28"": 9.0, ""29"": 4.0, ""30"": 3.0, ""31"": 1.0, ""33"": 5.0, ""34"": 2.0, ""35"": 0.052138921, ""36"": 0.036497245, ""37"": 0.025069419, ""38"": 0.000855523, ""39"": 3.46447459, ""40"": 6.058075489, ""62"": 1.699032622, ""63"": 0.043998871, ""64"": 34.84264526, ""65"": 9.553294805, ""66"": 0.446448549, ""68"": 9.999743354, ""69"": 4.585581506, ""70"": 0.205366333, ""72"": 4.790947839, ""73"": 15.01353261, ""210"": 16.0}","{""0"": 643.0, ""1"": 424.0, ""2"": 219.0, ""3"": 4547.0, ""4"": 29.0, ""5"": 905.0, ""6"": 447.0, ""7"": 219.0, ""8"": 174.0, ""9"": 83.0, ""10"": 36.0, ""11"": 78.0, ""12"": 37.0, ""13"": 36.0, ""14"": 15.0, ""15"": 2.0, ""16"": 1.0, ""17"": 1.0, ""18"": 2.0, ""19"": 3.0, ""20"": 14.0, ""21"": 0.65940902, ""22"": 267.47058824, ""23"": 31.0, ""24"": 97.0, ""25"": 2.0, ""27"": 18.0, ""28"": 8.0, ""29"": 3.0, ""30"": 1.0, ""33"": 1.0, ""39"": 3.12903226, ""40"": 5.70588235, ""64"": 46.0, ""65"": 5.0, ""66"": 2.0, ""68"": 7.0, ""69"": 3.0, ""72"": 3.0, ""73"": 17.0, ""107"": 1.0, ""109"": 1.0, ""155"": 13.0, ""156"": 4.0, ""158"": 186.0, ""175"": 15.0, ""176"": 8.0, ""177"": 3.0, ""178"": 1.0, ""179"": 1.0, ""180"": 1.0, ""210"": 17.0, ""211"": 226.0, ""212"": 11.0}",2026-08-24T23:49:57-04:00
Marquise Brown,4241372,WR,ARI,ACTIVE,174.06804066,122.5,161.3212938,180.8,115.4866590649943,90.48971961553126,,,"{""42"": 1025.527059, ""43"": 5.77321076, ""44"": 0.321820651, ""45"": 0.248487701, ""46"": 0.162386713, ""47"": 205.0, ""48"": 102.0, ""49"": 51.0, ""50"": 41.0, ""51"": 20.0, ""53"": 75.3495937, ""54"": 15.0, ""55"": 7.0, ""56"": 2.693418718, ""57"": 0.08330161, ""58"": 119.3799094, ""60"": 13.61025334, ""61"": 63.86065936, ""62"": 0.321820651, ""63"": 0.005666446, ""67"": 1.28782853, ""68"": 1.28782853, ""71"": 0.721183977, ""72"": 0.721183977, ""73"": 0.721183977, ""210"": 16.05882353}","{""23"": 1.0, ""24"": 1.0, ""39"": 1.0, ""40"": 0.08333333, ""41"": 67.0, ""42"": 709.0, ""43"": 3.0, ""47"": 136.0, ""48"": 64.0, ""49"": 30.0, ""50"": 22.0, ""51"": 8.0, ""52"": 1.0, ""53"": 67.0, ""54"": 8.0, ""55"": 1.0, ""56"": 1.0, ""58"": 107.0, ""59"": 236.0, ""60"": 10.58208955, ""61"": 59.08333333, ""67"": 1.0, ""68"": 1.0, ""108"": 3.0, ""109"": 3.0, ""155"": 2.0, ""156"": 10.0, ""158"": 18.0, ""183"": 1.0, ""185"": 2.0, ""210"": 12.0, ""213"": 32.0}",2026-08-24T23:49:57-04:00
Cam Akers,4240021,RB,LAR,ACTIVE,134.76461502,134.8,0.0,2.8,82.86405109489051,90.10706580232485,,,"{""23"": 172.6388978, ""24"": 704.0654174, ""25"": 4.989673944, ""26"": 0.231764606, ""27"": 140.0, ""28"": 70.0, ""29"": 35.0, ""30"": 28.0, ""31"": 14.0, ""33"": 34.0, ""34"": 17.0, ""35"": 0.346714671, ""36"": 0.24270027, ""37"": 1.292494504, ""38"": 0.044107879, ""39"": 4.078254822, ""40"": 46.5724206, ""42"": 179.3418839, ""43"": 1.048530443, ""44"": 0.043536619, ""45"": 0.048102292, ""46"": 0.031434848, ""47"": 35.0, ""48"": 17.0, ""49"": 8.0, ""50"": 7.0, ""51"": 3.0, ""53"": 23.76764185, ""54"": 4.0, ""55"": 2.0, ""56"": 0.068114554, ""57"": 0.002106636, ""58"": 31.04688269, ""60"": 7.545632211, ""61"": 11.86308182, ""62"": 0.275301225, ""63"": 0.010437343, ""66"": 2.08506685, ""67"": 0.287056525, ""68"": 2.372123375, ""70"": 0.959130751, ""71"": 0.160751654, ""72"": 1.119882405, ""73"": 1.119882405, ""210"": 15.11764706}","{""23"": 188.0, ""24"": 786.0, ""25"": 7.0, ""27"": 151.0, ""28"": 74.0, ""29"": 35.0, ""30"": 24.0, ""31"": 10.0, ""32"": 3.0, ""33"": 31.0, ""34"": 12.0, ""37"": 3.0, ""39"": 4.18085106, ""40"": 52.4, ""41"": 13.0, ""42"": 117.0, ""47"": 21.0, ""48"": 9.0, ""49"": 3.0, ""50"": 2.0, ""53"": 13.0, ""58"": 18.0, ""59"": 136.0, ""60"": 9.0, ""61"": 7.8, ""66"": 2.0, ""68"": 2.0, ""70"": 2.0, ""72"": 2.0, ""73"": 2.0, ""155"": 4.0, ""156"": 11.0, ""158"": 42.0, ""179"": 6.0, ""180"": 1.0, ""210"": 15.0, ""212"": 38.0, ""213"": 8.0}",2026-08-24T23:49:57-04:00
Diontae Johnson,3932905,WR,PIT,ACTIVE,174.63534664,137.7,181.99187324,220.9,80.28688711516534,89.4781919608242,,,"{""23"": 3.905594725, ""24"": 26.21058681, ""25"": 0.1198611, ""26"": 0.006597754, ""27"": 5.0, ""28"": 2.0, ""29"": 1.0, ""30"": 1.0, ""35"": 0.007177754, ""36"": 0.005024428, ""37"": 0.001585922, ""38"": 5.41e-05, ""39"": 6.711036001, ""40"": 1.632161083, ""42"": 1064.140827, ""43"": 3.800974056, ""44"": 0.256233188, ""45"": 0.144038109, ""46"": 0.094128904, ""47"": 212.0, ""48"": 106.0, ""49"": 53.0, ""50"": 42.0, ""51"": 21.0, ""53"": 87.02328494, ""54"": 17.0, ""55"": 8.0, ""56"": 2.943807967, ""57"": 0.091045607, ""58"": 141.4672583, ""60"": 12.22823096, ""61"": 66.26517973, ""62"": 0.262830941, ""63"": 0.007767869, ""66"": 0.075828867, ""67"": 1.68959596, ""68"": 1.765424827, ""70"": 0.034881279, ""71"": 0.946173738, ""72"": 0.981055016, ""73"": 0.981055016, ""210"": 16.05882353}","{""23"": 7.0, ""24"": 25.0, ""27"": 3.0, ""28"": 1.0, ""39"": 3.57142857, ""40"": 1.47058824, ""41"": 86.0, ""42"": 882.0, ""44"": 2.0, ""47"": 170.0, ""48"": 81.0, ""49"": 37.0, ""50"": 27.0, ""51"": 9.0, ""53"": 86.0, ""54"": 13.0, ""55"": 1.0, ""58"": 147.0, ""59"": 235.0, ""60"": 10.25581395, ""61"": 51.88235294, ""67"": 1.0, ""68"": 1.0, ""108"": 2.0, ""109"": 2.0, ""155"": 9.0, ""156"": 8.0, ""158"": 4.0, ""210"": 17.0, ""212"": 1.0, ""213"": 43.0}",2026-08-24T23:49:57-04:00
Christian Watson,4248528,WR,GB,ACTIVE,91.12522518,143.6,,,169.78804471822951,89.43089372978672,,,"{""23"": 4.018074725, ""24"": 24.49450858, ""25"": 0.15566648, ""26"": 0.007628413, ""27"": 4.0, ""28"": 2.0, ""29"": 1.0, ""35"": 0.007384946, ""36"": 0.005169462, ""37"": 0.001375732, ""38"": 4.69e-05, ""39"": 6.096080899, ""40"": 1.525299069, ""42"": 459.7585463, ""43"": 4.046308076, ""44"": 0.152959038, ""45"": 0.197422795, ""46"": 0.129015797, ""47"": 91.0, ""48"": 45.0, ""49"": 22.0, ""50"": 18.0, ""51"": 9.0, ""53"": 35.25132131, ""54"": 7.0, ""55"": 3.0, ""56"": 0.310676975, ""57"": 0.009608566, ""58"": 56.71918359, ""60"": 13.04230676, ""61"": 28.62965307, ""62"": 0.16058745, ""63"": 0.001835827, ""66"": 0.042691653, ""67"": 0.374541855, ""68"": 0.417233508, ""70"": 0.01963816, ""71"": 0.209743439, ""72"": 0.229381599, ""73"": 0.229381599, ""210"": 16.05882353}","{""23"": 7.0, ""24"": 80.0, ""25"": 2.0, ""27"": 15.0, ""28"": 6.0, ""29"": 2.0, ""30"": 1.0, ""35"": 1.0, ""39"": 11.42857143, ""40"": 5.71428571, ""41"": 41.0, ""42"": 611.0, ""43"": 7.0, ""45"": 2.0, ""46"": 2.0, ""47"": 115.0, ""48"": 54.0, ""49"": 25.0, ""50"": 17.0, ""51"": 6.0, ""52"": 3.0, ""53"": 41.0, ""54"": 2.0, ""56"": 3.0, ""58"": 66.0, ""59"": 276.0, ""60"": 14.90243902, ""61"": 43.64285714, ""114"": 35.0, ""116"": 3.0, ""117"": 1.0, ""155"": 7.0, ""156"": 7.0, ""158"": 54.0, ""180"": 1.0, ""183"": 2.0, ""184"": 2.0, ""186"": 1.0, ""210"": 14.0, ""212"": 2.0, ""213"": 28.0}",2026-08-24T23:49:57-04:00
Geno Smith,15864,QB,SEA,ACTIVE,173.46238823,362.8,15.94615311,64.0,162.54265510948906,89.36162171374701,,,"{""0"": 341.5876259, ""1"": 220.526309, ""2"": 121.0613169, ""3"": 2482.516029, ""4"": 12.45925121, ""5"": 496.0, ""6"": 248.0, ""7"": 124.0, ""8"": 99.0, ""9"": 49.0, ""10"": 24.0, ""11"": 44.0, ""12"": 22.0, ""15"": 2.078920903, ""16"": 1.35857481, ""17"": 2.184107139, ""18"": 0.295015607, ""19"": 0.525453443, ""20"": 7.11298667, ""21"": 0.645592206, ""22"": 248.2516029, ""23"": 29.75840504, ""24"": 104.0463499, ""25"": 1.436286082, ""26"": 0.045444237, ""27"": 20.0, ""28"": 10.0, ""29"": 5.0, ""30"": 4.0, ""31"": 2.0, ""33"": 5.0, ""34"": 2.0, ""35"": 0.056076371, ""36"": 0.039253459, ""37"": 0.046824737, ""38"": 0.001597949, ""39"": 3.496368498, ""40"": 10.40463499, ""62"": 0.57089768, ""63"": 0.029568579, ""64"": 27.9378896, ""65"": 6.219284083, ""66"": 0.500847619, ""68"": 6.720131702, ""69"": 2.98525636, ""70"": 0.230389905, ""72"": 3.215646265, ""73"": 10.32863293, ""210"": 10.0}","{""0"": 572.0, ""1"": 399.0, ""2"": 173.0, ""3"": 4282.0, ""4"": 30.0, ""5"": 851.0, ""6"": 420.0, ""7"": 205.0, ""8"": 163.0, ""9"": 77.0, ""10"": 34.0, ""11"": 73.0, ""12"": 33.0, ""13"": 30.0, ""14"": 11.0, ""15"": 2.0, ""16"": 1.0, ""17"": 4.0, ""20"": 11.0, ""21"": 0.69755245, ""22"": 251.88235294, ""23"": 68.0, ""24"": 366.0, ""25"": 1.0, ""27"": 66.0, ""28"": 29.0, ""29"": 11.0, ""30"": 6.0, ""31"": 1.0, ""33"": 7.0, ""39"": 5.38235294, ""40"": 21.52941176, ""64"": 46.0, ""65"": 5.0, ""66"": 3.0, ""68"": 8.0, ""69"": 2.0, ""70"": 2.0, ""72"": 4.0, ""73"": 15.0, ""108"": 1.0, ""109"": 1.0, ""155"": 9.0, ""156"": 8.0, ""158"": 186.0, ""175"": 9.0, ""176"": 8.0, ""177"": 5.0, ""178"": 6.0, ""179"": 1.0, ""210"": 17.0, ""211"": 206.0, ""212"": 24.0}",2026-08-24T23:49:57-04:00
Justin Fields,4362887,QB,CHI,ACTIVE,288.30072082,328.7,291.55187409,139.8,162.66377737226279,89.3273626671647,,,"{""0"": 517.3835655, ""1"": 325.7563519, ""2"": 191.6272136, ""3"": 3659.05594, ""4"": 17.86136406, ""5"": 731.0, ""6"": 365.0, ""7"": 182.0, ""8"": 146.0, ""9"": 73.0, ""10"": 36.0, ""11"": 65.0, ""12"": 32.0, ""15"": 2.857721026, ""16"": 1.867520691, ""17"": 2.575167922, ""18"": 0.347837665, ""19"": 1.195221741, ""20"": 15.60601251, ""21"": 0.629622535, ""22"": 228.6909963, ""23"": 104.2332236, ""24"": 602.7960494, ""25"": 2.66305111, ""26"": 0.113307439, ""27"": 120.0, ""28"": 60.0, ""29"": 30.0, ""30"": 24.0, ""31"": 12.0, ""33"": 20.0, ""34"": 10.0, ""35"": 0.202672115, ""36"": 0.14187048, ""37"": 0.992249221, ""38"": 0.033861659, ""39"": 5.783146954, ""40"": 37.67475309, ""62"": 1.30852918, ""63"": 0.058729894, ""64"": 45.76837019, ""65"": 11.26303871, ""66"": 2.084664471, ""68"": 13.34770319, ""69"": 5.406258583, ""70"": 0.958945657, ""72"": 6.36520424, ""73"": 21.97121675, ""210"": 16.0}","{""0"": 318.0, ""1"": 192.0, ""2"": 126.0, ""3"": 2242.0, ""4"": 17.0, ""5"": 442.0, ""6"": 218.0, ""7"": 104.0, ""8"": 83.0, ""9"": 40.0, ""10"": 15.0, ""11"": 32.0, ""12"": 12.0, ""13"": 18.0, ""14"": 4.0, ""15"": 3.0, ""16"": 2.0, ""19"": 1.0, ""20"": 11.0, ""21"": 0.60377358, ""22"": 149.46666667, ""23"": 160.0, ""24"": 1143.0, ""25"": 8.0, ""27"": 224.0, ""28"": 108.0, ""29"": 51.0, ""30"": 38.0, ""31"": 14.0, ""32"": 3.0, ""33"": 26.0, ""34"": 8.0, ""35"": 3.0, ""36"": 3.0, ""37"": 3.0, ""39"": 7.14375, ""40"": 76.2, ""64"": 55.0, ""65"": 8.0, ""66"": 9.0, ""68"": 16.0, ""69"": 2.0, ""72"": 2.0, ""73"": 13.0, ""155"": 3.0, ""156"": 12.0, ""158"": 150.0, ""175"": 4.0, ""176"": 8.0, ""177"": 1.0, ""178"": 1.0, ""179"": 5.0, ""210"": 15.0, ""211"": 89.0, ""212"": 62.0}",2026-08-24T23:49:57-04:00
Tyler Bass,3917232,K,BUF,ACTIVE,131.58173884,139.0,131.15870743,139.0,151.19672886431698,88.76119675024322,,,"{""74"": 3.194804989, ""75"": 5.237504935, ""76"": 2.042699945, ""77"": 7.365990003, ""78"": 9.847763769, ""79"": 2.481773767, ""80"": 15.20252497, ""81"": 16.27703629, ""82"": 1.074511328, ""83"": 25.76331996, ""84"": 31.362305, ""85"": 5.59898504, ""86"": 46.13516401, ""87"": 50.25693321, ""88"": 4.121769201, ""198"": 3.194804989, ""199"": 5.237504935, ""200"": 2.042699945, ""210"": 17.0}","{""74"": 2.0, ""75"": 3.0, ""76"": 1.0, ""77"": 10.0, ""78"": 11.0, ""79"": 1.0, ""80"": 15.0, ""81"": 17.0, ""82"": 2.0, ""83"": 27.0, ""84"": 31.0, ""85"": 4.0, ""86"": 48.0, ""87"": 50.0, ""88"": 2.0, ""107"": 1.0, ""108"": 3.0, ""109"": 4.0, ""155"": 13.0, ""156"": 3.0, ""158"": 129.0, ""198"": 2.0, ""199"": 3.0, ""200"": 1.0, ""210"": 16.0, ""214"": 1070.0, ""215"": 180.0, ""216"": 1250.0, ""217"": 210.0, ""218"": 101.0, ""219"": 47.0, ""220"": 37.0, ""221"": 13.0, ""222"": 3.0, ""223"": 34.0, ""224"": 15.0, ""225"": 6.0, ""226"": 5.0, ""227"": 1.0, ""229"": 244.0, ""230"": 117.0, ""231"": 56.0, ""232"": 43.0, ""233"": 16.0, ""234"": 4.0}",2026-08-24T23:49:57-04:00
Adam Thielen,16460,WR,FA,ACTIVE,155.41306053,145.0,201.85653204,166.3,144.02143671607755,88.63008838966678,,,"{""42"": 805.4033811, ""43"": 6.423230557, ""44"": 0.368669386, ""45"": 0.157234637, ""46"": 0.102752835, ""47"": 161.0, ""48"": 80.0, ""49"": 40.0, ""50"": 32.0, ""51"": 16.0, ""53"": 73.45319304, ""54"": 14.0, ""55"": 7.0, ""56"": 1.421593732, ""57"": 0.043966816, ""58"": 105.0531973, ""60"": 10.96485187, ""61"": 53.27571003, ""62"": 0.368669386, ""63"": 0.004441628, ""67"": 1.009460902, ""68"": 1.009460902, ""71"": 0.565298105, ""72"": 0.565298105, ""73"": 0.565298105, ""210"": 15.11764706}","{""23"": 1.0, ""24"": 4.0, ""39"": 4.0, ""40"": 0.23529412, ""41"": 70.0, ""42"": 716.0, ""43"": 6.0, ""44"": 1.0, ""47"": 138.0, ""48"": 63.0, ""49"": 29.0, ""50"": 21.0, ""51"": 7.0, ""53"": 70.0, ""54"": 6.0, ""58"": 107.0, ""59"": 152.0, ""60"": 10.22857143, ""61"": 42.11764706, ""108"": 1.0, ""109"": 1.0, ""155"": 13.0, ""156"": 4.0, ""158"": 38.0, ""183"": 4.0, ""184"": 1.0, ""185"": 1.0, ""210"": 17.0, ""213"": 45.0}",2026-08-24T23:49:57-04:00
Jamaal Williams,2980453,RB,NO,ACTIVE,111.43680287,219.9,132.42378618,106.8,164.93927215896406,86.86069026742564,,,"{""23"": 143.5431611, ""24"": 581.4643378, ""25"": 4.110526255, ""26"": 0.263351969, ""27"": 116.0, ""28"": 58.0, ""29"": 29.0, ""30"": 23.0, ""31"": 11.0, ""33"": 28.0, ""34"": 14.0, ""35"": 0.283892078, ""36"": 0.198724455, ""37"": 0.872930254, ""38"": 0.02978976, ""39"": 4.050797916, ""40"": 41.01615661, ""42"": 138.7553897, ""43"": 0.567038916, ""44"": 0.042622626, ""45"": 0.034787471, ""46"": 0.022733612, ""47"": 27.0, ""48"": 13.0, ""49"": 6.0, ""50"": 5.0, ""51"": 2.0, ""53"": 23.24937919, ""54"": 4.0, ""55"": 2.0, ""56"": 0.055038697, ""57"": 0.001702228, ""58"": 27.6038991, ""60"": 5.968133111, ""61"": 9.787724587, ""62"": 0.305974595, ""63"": 0.004118334, ""66"": 0.805517032, ""67"": 0.130467873, ""68"": 0.935984905, ""70"": 0.370537835, ""71"": 0.073062009, ""72"": 0.443599843, ""73"": 0.443599843, ""210"": 14.17647059}","{""23"": 262.0, ""24"": 1066.0, ""25"": 17.0, ""26"": 1.0, ""27"": 205.0, ""28"": 98.0, ""29"": 44.0, ""30"": 36.0, ""31"": 14.0, ""32"": 2.0, ""33"": 47.0, ""34"": 19.0, ""35"": 1.0, ""36"": 1.0, ""37"": 2.0, ""39"": 4.06870229, ""40"": 62.70588235, ""41"": 12.0, ""42"": 73.0, ""47"": 11.0, ""48"": 5.0, ""49"": 2.0, ""53"": 12.0, ""58"": 16.0, ""59"": 65.0, ""60"": 6.08333333, ""61"": 4.29411765, ""66"": 3.0, ""68"": 3.0, ""70"": 2.0, ""72"": 2.0, ""73"": 2.0, ""155"": 9.0, ""156"": 8.0, ""158"": 104.0, ""179"": 15.0, ""180"": 1.0, ""210"": 17.0, ""212"": 64.0, ""213"": 4.0}",2026-08-24T23:49:57-04:00
Ravens D/ST,-16033,D/ST,BAL,,104.87887364,123.0,103.69674813,63.0,137.30321982858467,86.37531947708844,,,"{""89"": 0.350515464, ""90"": 1.402061856, ""91"": 2.453608247, ""92"": 2.453608247, ""93"": 0.086725261, ""94"": 1.815826299, ""95"": 14.51203175, ""96"": 9.609709229, ""97"": 1.107829098, ""98"": 0.123134951, ""99"": 40.98949818, ""100"": 81.97899636, ""101"": 0.299584, ""102"": 0.187824, ""103"": 1.293760271, ""104"": 0.522066028, ""105"": 2.389959559, ""106"": 14.78416804, ""109"": 977.0329292, ""110"": 325.0, ""111"": 195.0, ""113"": 82.71045487, ""114"": 769.496, ""115"": 349.16, ""116"": 76.0, ""117"": 30.0, ""118"": 34.0, ""119"": 13.0, ""120"": 366.5341102, ""121"": 2.278350515, ""122"": 3.680412371, ""123"": 2.453608247, ""124"": 1.927835052, ""126"": 21.56083001, ""127"": 5789.239115, ""128"": 0.209876543, ""129"": 1.259259259, ""130"": 6.086419753, ""131"": 4.197530864, ""132"": 2.518518519, ""133"": 1.888888889, ""134"": 0.839506173, ""137"": 340.5434773, ""160"": -366.5341102, ""210"": 17.0}","{""89"": 0.0, ""90"": 1.0, ""91"": 5.0, ""92"": 3.0, ""95"": 14.0, ""96"": 11.0, ""97"": 2.0, ""99"": 48.0, ""100"": 96.0, ""101"": 1.0, ""105"": 1.0, ""106"": 14.0, ""107"": 356.0, ""108"": 720.0, ""109"": 1076.0, ""110"": 354.0, ""111"": 208.0, ""112"": 69.0, ""113"": 77.0, ""114"": 659.0, ""115"": 214.0, ""116"": 61.0, ""117"": 21.0, ""118"": 14.0, ""119"": 4.0, ""120"": 309.0, ""121"": 2.0, ""122"": 4.0, ""123"": 1.0, ""124"": 1.0, ""127"": 5513.0, ""128"": 0.0, ""129"": 0.0, ""130"": 7.0, ""131"": 6.0, ""132"": 2.0, ""133"": 1.0, ""134"": 0.0, ""135"": 1.0, ""136"": 0.0, ""155"": 10.0, ""156"": 7.0, ""187"": 309.0, ""188"": 0.0, ""189"": 1.0, ""190"": 5.0, ""191"": 3.0, ""192"": 2.0, ""193"": 4.0, ""194"": 1.0, ""195"": 1.0, ""210"": 17.0}",2026-08-24T23:49:57-04:00
Harrison Butker,3055899,K,KC,ACTIVE,145.14630056,96.0,147.13502162,137.0,102.99746602165399,86.1879861232003,,,"{""74"": 3.502219642, ""75"": 5.217203927, ""76"": 1.714984285, ""77"": 7.938735617, ""78"": 9.809593012, ""79"": 1.870857395, ""80"": 16.05180569, ""81"": 16.21394514, ""82"": 0.162139451, ""83"": 27.49276094, ""84"": 31.24074208, ""85"": 3.747981131, ""86"": 51.47282394, ""87"": 52.56175243, ""88"": 1.088928493, ""198"": 3.502219642, ""199"": 5.217203927, ""200"": 1.714984285, ""210"": 17.0}","{""74"": 3.0, ""75"": 7.0, ""76"": 4.0, ""77"": 4.0, ""78"": 5.0, ""79"": 1.0, ""80"": 11.0, ""81"": 12.0, ""82"": 1.0, ""83"": 18.0, ""84"": 24.0, ""85"": 6.0, ""86"": 38.0, ""87"": 41.0, ""88"": 3.0, ""155"": 11.0, ""156"": 2.0, ""158"": 92.0, ""198"": 2.0, ""199"": 6.0, ""200"": 4.0, ""201"": 1.0, ""202"": 1.0, ""210"": 13.0, ""214"": 649.0, ""215"": 294.0, ""216"": 943.0, ""217"": 126.0, ""218"": 61.0, ""219"": 29.0, ""220"": 23.0, ""221"": 9.0, ""222"": 3.0, ""223"": 57.0, ""224"": 27.0, ""225"": 11.0, ""226"": 10.0, ""227"": 4.0, ""229"": 183.0, ""230"": 89.0, ""231"": 41.0, ""232"": 33.0, ""233"": 13.0, ""234"": 3.0}",2026-08-24T23:49:57-04:00
Tom Brady,2330,QB,TB,ACTIVE,374.43891533,320.7,391.60161011,459.5,127.72376824817518,85.68813890961805,,,"{""0"": 637.1673479, ""1"": 423.9207089, ""2"": 213.2466389, ""3"": 4539.65474, ""4"": 33.98758667, ""5"": 907.0, ""6"": 453.0, ""7"": 226.0, ""8"": 181.0, ""9"": 90.0, ""10"": 45.0, ""11"": 84.0, ""12"": 42.0, ""15"": 4.264485344, ""16"": 2.786841172, ""17"": 5.874824962, ""18"": 0.793534813, ""19"": 1.293775612, ""20"": 12.01539778, ""21"": 0.66532083, ""22"": 283.7284213, ""23"": 27.78590041, ""24"": 42.18014516, ""25"": 2.148636807, ""26"": 0.079626668, ""27"": 8.0, ""28"": 4.0, ""29"": 2.0, ""30"": 1.0, ""33"": 5.0, ""34"": 2.0, ""35"": 0.051775941, ""36"": 0.036243159, ""37"": 0.004609899, ""38"": 0.000157318, ""39"": 1.518041328, ""40"": 2.636259072, ""62"": 1.37340228, ""63"": 0.030816687, ""64"": 30.58020354, ""65"": 6.723997692, ""66"": 0.279794856, ""68"": 7.003792548, ""69"": 3.227518892, ""70"": 0.128705634, ""72"": 3.356224526, ""73"": 15.37162231, ""210"": 16.0}","{""0"": 733.0, ""1"": 490.0, ""2"": 243.0, ""3"": 4694.0, ""4"": 25.0, ""5"": 934.0, ""6"": 465.0, ""7"": 228.0, ""8"": 181.0, ""9"": 85.0, ""10"": 37.0, ""11"": 91.0, ""12"": 41.0, ""13"": 41.0, ""14"": 16.0, ""15"": 2.0, ""16"": 2.0, ""17"": 4.0, ""18"": 1.0, ""19"": 2.0, ""20"": 9.0, ""21"": 0.66848568, ""22"": 276.11764706, ""23"": 29.0, ""24"": -1.0, ""25"": 1.0, ""33"": 1.0, ""39"": -0.03448276, ""40"": -0.05882353, ""58"": 1.0, ""64"": 22.0, ""65"": 3.0, ""66"": 2.0, ""68"": 5.0, ""69"": 2.0, ""70"": 2.0, ""72"": 4.0, ""73"": 13.0, ""108"": 1.0, ""109"": 1.0, ""155"": 8.0, ""156"": 9.0, ""158"": 156.0, ""175"": 17.0, ""176"": 3.0, ""177"": 1.0, ""178"": 2.0, ""179"": 1.0, ""210"": 17.0, ""211"": 236.0, ""212"": 5.0}",2026-08-24T23:49:57-04:00
Evan Engram,3051876,TE,JAX,ACTIVE,99.09082001,140.4,84.79518311,79.5,168.71464416058393,85.14412843330854,,,"{""42"": 569.5733474, ""43"": 2.834812614, ""44"": 0.231376968, ""45"": 0.097594148, ""46"": 0.063777776, ""47"": 113.0, ""48"": 56.0, ""49"": 28.0, ""50"": 22.0, ""51"": 11.0, ""53"": 50.52640986, ""54"": 10.0, ""55"": 5.0, ""56"": 0.546968613, ""57"": 0.016916555, ""58"": 82.97349109, ""60"": 11.27278485, ""61"": 37.676058, ""62"": 0.231376968, ""63"": 0.002362444, ""67"": 0.536919, ""68"": 0.536919, ""71"": 0.30067464, ""72"": 0.30067464, ""73"": 0.30067464, ""210"": 15.11764706}","{""23"": 2.0, ""24"": 13.0, ""27"": 2.0, ""28"": 1.0, ""39"": 6.5, ""40"": 0.76470588, ""41"": 73.0, ""42"": 766.0, ""43"": 4.0, ""44"": 1.0, ""47"": 146.0, ""48"": 68.0, ""49"": 31.0, ""50"": 23.0, ""51"": 9.0, ""52"": 2.0, ""53"": 73.0, ""54"": 8.0, ""55"": 1.0, ""56"": 2.0, ""58"": 98.0, ""59"": 465.0, ""60"": 10.49315068, ""61"": 45.05882353, ""108"": 2.0, ""109"": 2.0, ""155"": 9.0, ""156"": 8.0, ""158"": 26.0, ""183"": 1.0, ""184"": 1.0, ""185"": 2.0, ""210"": 17.0, ""212"": 1.0, ""213"": 33.0}",2026-08-24T23:49:57-04:00
Allen Lazard,3128390,WR,NYJ,ACTIVE,144.65289525,144.8,75.02795829,122.5,159.33295324971493,85.022720547228,,,"{""23"": 3.7926914, ""24"": 25.1288611, ""25"": 0.140727003, ""26"": 0.006895682, ""27"": 5.0, ""28"": 2.0, ""29"": 1.0, ""30"": 1.0, ""35"": 0.006970753, ""36"": 0.004879527, ""37"": 0.001555341, ""38"": 5.31e-05, ""39"": 6.625601307, ""40"": 1.779960995, ""42"": 724.8719676, ""43"": 6.829837813, ""44"": 0.25816855, ""45"": 0.224919536, ""46"": 0.146984917, ""47"": 144.0, ""48"": 72.0, ""49"": 36.0, ""50"": 28.0, ""51"": 14.0, ""53"": 55.78483791, ""54"": 11.0, ""55"": 5.0, ""56"": 1.180414693, ""57"": 0.036507671, ""58"": 85.25151561, ""60"": 12.99406783, ""61"": 51.3450977, ""62"": 0.265064232, ""63"": 0.002356923, ""66"": 0.034100261, ""67"": 0.501564012, ""68"": 0.535664273, ""70"": 0.01568612, ""71"": 0.280875847, ""72"": 0.296561967, ""73"": 0.296561967, ""210"": 14.11764706}","{""23"": 2.0, ""41"": 60.0, ""42"": 788.0, ""43"": 6.0, ""47"": 153.0, ""48"": 71.0, ""49"": 32.0, ""50"": 24.0, ""51"": 9.0, ""52"": 1.0, ""53"": 60.0, ""54"": 6.0, ""56"": 1.0, ""58"": 100.0, ""59"": 248.0, ""60"": 13.13333333, ""61"": 52.53333333, ""108"": 2.0, ""109"": 2.0, ""155"": 8.0, ""156"": 7.0, ""158"": 36.0, ""183"": 3.0, ""184"": 1.0, ""185"": 2.0, ""210"": 15.0, ""213"": 42.0}",2026-08-24T23:49:57-04:00
Isiah Pacheco,4361529,RB,KC,ACTIVE,59.13042793,128.5,,,168.125920964501,84.60889483268836,,,"{""23"": 56.70367818, ""24"": 235.3495268, ""25"": 2.293926893, ""26"": 0.093355066, ""27"": 47.0, ""28"": 23.0, ""29"": 11.0, ""30"": 9.0, ""31"": 4.0, ""33"": 11.0, ""34"": 5.0, ""35"": 0.10721628, ""36"": 0.075051396, ""37"": 0.142306453, ""38"": 0.004856373, ""39"": 4.150516058, ""40"": 15.56786753, ""42"": 100.6240052, ""43"": 0.647005917, ""44"": 0.02353748, ""45"": 0.040882551, ""46"": 0.026716747, ""47"": 20.0, ""48"": 10.0, ""49"": 5.0, ""50"": 4.0, ""51"": 2.0, ""53"": 14.30962188, ""54"": 2.0, ""55"": 1.0, ""56"": 0.043514515, ""57"": 0.00134581, ""58"": 18.32308701, ""60"": 7.031912233, ""61"": 6.656062599, ""62"": 0.116892545, ""63"": 0.002562774, ""66"": 0.46508162, ""67"": 0.117367027, ""68"": 0.582448647, ""70"": 0.213937545, ""71"": 0.065725535, ""72"": 0.27966308, ""73"": 0.27966308, ""101"": 0.176368, ""114"": 544.0832, ""116"": 54.0, ""117"": 21.0, ""210"": 15.11764706}","{""23"": 170.0, ""24"": 830.0, ""25"": 5.0, ""27"": 159.0, ""28"": 75.0, ""29"": 36.0, ""30"": 26.0, ""31"": 11.0, ""32"": 1.0, ""33"": 27.0, ""34"": 10.0, ""37"": 1.0, ""39"": 4.88235294, ""40"": 48.82352941, ""41"": 13.0, ""42"": 130.0, ""47"": 22.0, ""48"": 9.0, ""49"": 2.0, ""50"": 1.0, ""53"": 13.0, ""58"": 14.0, ""59"": 157.0, ""60"": 10.0, ""61"": 7.64705882, ""66"": 3.0, ""68"": 4.0, ""70"": 2.0, ""72"": 2.0, ""73"": 2.0, ""107"": 1.0, ""108"": 2.0, ""109"": 3.0, ""114"": 597.0, ""116"": 55.0, ""117"": 18.0, ""155"": 14.0, ""156"": 3.0, ""158"": 30.0, ""179"": 5.0, ""210"": 17.0, ""212"": 37.0, ""213"": 7.0}",2026-08-24T23:49:57-04:00
Jerick McKinnon,16782,RB,KC,ACTIVE,72.87250064,168.3,45.19637214,29.4,168.63047445255475,83.94242064388179,,,"{""23"": 39.46993901, ""24"": 169.70818, ""25"": 1.67050141, ""26"": 0.067982787, ""27"": 33.0, ""28"": 16.0, ""29"": 8.0, ""30"": 6.0, ""31"": 3.0, ""33"": 7.0, ""34"": 3.0, ""35"": 0.073945943, ""36"": 0.05176216, ""37"": 0.073598305, ""38"": 0.002511628, ""39"": 4.299681839, ""40"": 12.82239582, ""42"": 234.5932459, ""43"": 1.450419104, ""44"": 0.05276345, ""45"": 0.063666536, ""46"": 0.041606082, ""47"": 46.0, ""48"": 23.0, ""49"": 11.0, ""50"": 9.0, ""51"": 4.0, ""53"": 28.2735802, ""54"": 5.0, ""55"": 2.0, ""56"": 0.088723866, ""57"": 0.002744037, ""58"": 37.75605305, ""60"": 8.297259997, ""61"": 17.72482303, ""62"": 0.120746237, ""63"": 0.002900298, ""66"": 0.38405083, ""67"": 0.275107898, ""68"": 0.659158728, ""70"": 0.176663382, ""71"": 0.154060423, ""72"": 0.330723804, ""73"": 0.330723804, ""210"": 13.23529412}","{""23"": 72.0, ""24"": 291.0, ""25"": 1.0, ""27"": 52.0, ""28"": 25.0, ""29"": 10.0, ""30"": 6.0, ""31"": 3.0, ""33"": 8.0, ""34"": 1.0, ""39"": 4.04166667, ""40"": 17.11764706, ""41"": 56.0, ""42"": 512.0, ""43"": 9.0, ""44"": 1.0, ""45"": 1.0, ""46"": 1.0, ""47"": 97.0, ""48"": 45.0, ""49"": 19.0, ""50"": 16.0, ""51"": 5.0, ""52"": 1.0, ""53"": 56.0, ""54"": 5.0, ""56"": 1.0, ""58"": 71.0, ""59"": 541.0, ""60"": 9.14285714, ""61"": 30.11764706, ""67"": 1.0, ""68"": 1.0, ""71"": 1.0, ""72"": 1.0, ""73"": 1.0, ""108"": 2.0, ""109"": 2.0, ""155"": 14.0, ""156"": 3.0, ""158"": 62.0, ""181"": 1.0, ""183"": 6.0, ""184"": 1.0, ""185"": 1.0, ""210"": 17.0, ""212"": 13.0, ""213"": 29.0}",2026-08-24T23:49:57-04:00
Trevor Lawrence,4360310,QB,JAX,ACTIVE,306.63314855,344.3,314.77691314,221.4,161.66765510948906,83.81705899551454,,,"{""0"": 576.3558272, ""1"": 366.3292443, ""2"": 210.0265829, ""3"": 3892.877723, ""4"": 23.13448413, ""5"": 778.0, ""6"": 389.0, ""7"": 194.0, ""8"": 155.0, ""9"": 77.0, ""10"": 38.0, ""11"": 73.0, ""12"": 36.0, ""15"": 3.20392719, ""16"": 2.093766419, ""17"": 3.233747441, ""18"": 0.43679449, ""19"": 1.888698714, ""20"": 14.73651663, ""21"": 0.635595629, ""22"": 243.3048577, ""23"": 63.66251413, ""24"": 306.5960248, ""25"": 2.563438632, ""26"": 0.178425341, ""27"": 61.0, ""28"": 30.0, ""29"": 15.0, ""30"": 12.0, ""31"": 6.0, ""33"": 12.0, ""34"": 6.0, ""35"": 0.121048562, ""36"": 0.084733993, ""37"": 0.255702917, ""38"": 0.00872616, ""39"": 4.81595848, ""40"": 19.16225155, ""62"": 2.067124055, ""63"": 0.038997888, ""64"": 35.23105949, ""65"": 8.027537951, ""66"": 0.835618388, ""68"": 8.863156338, ""69"": 3.853218216, ""70"": 0.384384458, ""72"": 4.237602675, ""73"": 18.9741193, ""210"": 16.0}","{""0"": 584.0, ""1"": 387.0, ""2"": 197.0, ""3"": 4113.0, ""4"": 25.0, ""5"": 816.0, ""6"": 403.0, ""7"": 196.0, ""8"": 157.0, ""9"": 75.0, ""10"": 33.0, ""11"": 72.0, ""12"": 31.0, ""13"": 33.0, ""14"": 14.0, ""15"": 1.0, ""16"": 1.0, ""17"": 4.0, ""19"": 3.0, ""20"": 8.0, ""21"": 0.66267123, ""22"": 241.94117647, ""23"": 62.0, ""24"": 291.0, ""25"": 5.0, ""27"": 52.0, ""28"": 23.0, ""29"": 9.0, ""30"": 7.0, ""31"": 2.0, ""33"": 3.0, ""39"": 4.69354839, ""40"": 17.11764706, ""64"": 27.0, ""65"": 7.0, ""66"": 5.0, ""68"": 12.0, ""69"": 5.0, ""70"": 4.0, ""72"": 9.0, ""73"": 17.0, ""108"": 2.0, ""109"": 2.0, ""155"": 9.0, ""156"": 8.0, ""158"": 180.0, ""175"": 12.0, ""176"": 7.0, ""177"": 5.0, ""179"": 5.0, ""210"": 17.0, ""211"": 202.0, ""212"": 24.0}",2026-08-24T23:49:57-04:00
David Njoku,3123076,TE,CLE,ACTIVE,107.82823133,113.0,40.29503192,89.6,164.61182108626198,83.78610276130223,,,"{""42"": 575.6009722, ""43"": 4.43198373, ""44"": 0.266383603, ""45"": 0.190406472, ""46"": 0.124430629, ""47"": 115.0, ""48"": 57.0, ""49"": 28.0, ""50"": 23.0, ""51"": 11.0, ""53"": 47.18023007, ""54"": 9.0, ""55"": 4.0, ""56"": 0.562750184, ""57"": 0.017404645, ""58"": 71.80978216, ""60"": 12.2000459, ""61"": 35.84328398, ""62"": 0.266383603, ""63"": 0.001754698, ""67"": 0.398795096, ""68"": 0.398795096, ""71"": 0.223325254, ""72"": 0.223325254, ""73"": 0.223325254, ""210"": 16.05882353}","{""23"": 2.0, ""24"": -8.0, ""39"": -4.0, ""40"": -0.57142857, ""41"": 58.0, ""42"": 628.0, ""43"": 4.0, ""47"": 118.0, ""48"": 55.0, ""49"": 24.0, ""50"": 18.0, ""51"": 6.0, ""53"": 58.0, ""54"": 6.0, ""58"": 80.0, ""59"": 338.0, ""60"": 10.82758621, ""61"": 44.85714286, ""67"": 1.0, ""68"": 1.0, ""71"": 1.0, ""72"": 1.0, ""73"": 1.0, ""155"": 5.0, ""156"": 9.0, ""158"": 24.0, ""183"": 1.0, ""184"": 3.0, ""210"": 14.0, ""213"": 36.0}",2026-08-24T23:49:57-04:00
Courtland Sutton,3128429,WR,DEN,ACTIVE,177.64597772,127.4,171.63209583,121.2,114.69418472063855,83.42788446148538,,,"{""42"": 961.0056789, ""43"": 8.097784727, ""44"": 0.458295768, ""45"": 0.253372799, ""46"": 0.165579124, ""47"": 192.0, ""48"": 96.0, ""49"": 48.0, ""50"": 38.0, ""51"": 19.0, ""53"": 65.51313249, ""54"": 13.0, ""55"": 6.0, ""56"": 2.271289652, ""57"": 0.070246072, ""58"": 111.4252559, ""60"": 14.66890137, ""61"": 59.84284448, ""62"": 0.458295768, ""63"": 0.002806793, ""67"": 0.637907427, ""68"": 0.637907427, ""71"": 0.357228159, ""72"": 0.357228159, ""73"": 0.357228159, ""210"": 16.05882353}","{""23"": 1.0, ""24"": 5.0, ""27"": 1.0, ""39"": 5.0, ""40"": 0.33333333, ""41"": 64.0, ""42"": 829.0, ""43"": 2.0, ""47"": 159.0, ""48"": 78.0, ""49"": 35.0, ""50"": 25.0, ""51"": 10.0, ""52"": 1.0, ""53"": 64.0, ""54"": 8.0, ""56"": 1.0, ""58"": 109.0, ""59"": 152.0, ""60"": 12.953125, ""61"": 55.26666667, ""108"": 4.0, ""109"": 4.0, ""155"": 4.0, ""156"": 11.0, ""158"": 12.0, ""183"": 1.0, ""185"": 1.0, ""210"": 15.0, ""213"": 36.0}",2026-08-24T23:49:57-04:00
Aaron Rodgers,8439,QB,GB,ACTIVE,378.26908742,289.8,392.19286539,405.4,138.9144616788321,83.35839888527822,,,"{""0"": 558.6630709, ""1"": 369.5776331, ""2"": 189.0854378, ""3"": 4101.658927, ""4"": 34.4215309, ""5"": 820.0, ""6"": 410.0, ""7"": 205.0, ""8"": 164.0, ""9"": 82.0, ""10"": 41.0, ""11"": 73.0, ""12"": 36.0, ""15"": 3.529064438, ""16"": 2.30624361, ""17"": 3.94106793, ""18"": 0.532334942, ""19"": 1.301941198, ""20"": 7.538213294, ""21"": 0.661539401, ""22"": 256.3536829, ""23"": 35.73750802, ""24"": 138.0958855, ""25"": 2.068531347, ""26"": 0.101445088, ""27"": 27.0, ""28"": 13.0, ""29"": 6.0, ""30"": 5.0, ""31"": 2.0, ""33"": 7.0, ""34"": 3.0, ""35"": 0.066893193, ""36"": 0.046825235, ""37"": 0.051299697, ""38"": 0.001750662, ""39"": 3.864172216, ""40"": 8.630992846, ""62"": 1.403386286, ""63"": 0.028535419, ""64"": 36.73396584, ""65"": 6.118096152, ""66"": 0.3672264, ""68"": 6.485322552, ""69"": 2.936686153, ""70"": 0.168924144, ""72"": 3.105610297, ""73"": 10.64382359, ""210"": 16.0}","{""0"": 542.0, ""1"": 350.0, ""2"": 192.0, ""3"": 3695.0, ""4"": 26.0, ""5"": 732.0, ""6"": 362.0, ""7"": 177.0, ""8"": 140.0, ""9"": 65.0, ""10"": 29.0, ""11"": 62.0, ""12"": 27.0, ""13"": 32.0, ""14"": 12.0, ""15"": 1.0, ""16"": 1.0, ""19"": 2.0, ""20"": 12.0, ""21"": 0.64575646, ""22"": 217.35294118, ""23"": 34.0, ""24"": 94.0, ""25"": 1.0, ""27"": 17.0, ""28"": 8.0, ""29"": 2.0, ""30"": 1.0, ""33"": 2.0, ""39"": 2.76470588, ""40"": 5.52941176, ""64"": 32.0, ""65"": 4.0, ""66"": 2.0, ""68"": 8.0, ""69"": 2.0, ""70"": 2.0, ""72"": 4.0, ""73"": 16.0, ""155"": 8.0, ""156"": 9.0, ""158"": 162.0, ""175"": 11.0, ""176"": 6.0, ""177"": 6.0, ""178"": 2.0, ""179"": 1.0, ""210"": 17.0, ""211"": 173.0, ""212"": 9.0}",2026-08-24T23:49:57-04:00
Cordarrelle Patterson,15807,RB,ATL,ACTIVE,145.52817533,144.2,73.93359759,208.6,157.57413321167883,82.8962637334456,,,"{""23"": 129.1797013, ""24"": 527.6286851, ""25"": 3.116521102, ""26"": 0.144633194, ""27"": 105.0, ""28"": 52.0, ""29"": 26.0, ""30"": 21.0, ""31"": 10.0, ""33"": 25.0, ""34"": 12.0, ""35"": 0.253634419, ""36"": 0.177544093, ""37"": 0.7195572, ""38"": 0.024555727, ""39"": 4.084455064, ""40"": 37.21862094, ""42"": 393.9824124, ""43"": 2.12773114, ""44"": 0.115911699, ""45"": 0.083057518, ""46"": 0.054278088, ""47"": 78.0, ""48"": 39.0, ""49"": 19.0, ""50"": 15.0, ""51"": 7.0, ""53"": 44.6190065, ""54"": 8.0, ""55"": 4.0, ""56"": 0.215583788, ""57"": 0.00666754, ""58"": 59.57318146, ""60"": 8.829923463, ""61"": 27.7912905, ""62"": 0.260544893, ""63"": 0.007846575, ""66"": 1.325486171, ""67"": 0.457826388, ""68"": 1.78331256, ""70"": 0.609723639, ""71"": 0.256382778, ""72"": 0.866106416, ""73"": 0.866106416, ""101"": 0.133861987, ""114"": 348.9950968, ""116"": 34.0, ""117"": 13.0, ""210"": 14.17647059}","{""23"": 144.0, ""24"": 695.0, ""25"": 8.0, ""27"": 134.0, ""28"": 65.0, ""29"": 29.0, ""30"": 21.0, ""31"": 8.0, ""32"": 2.0, ""33"": 24.0, ""34"": 9.0, ""37"": 2.0, ""39"": 4.82638889, ""40"": 53.46153846, ""41"": 21.0, ""42"": 122.0, ""47"": 20.0, ""48"": 8.0, ""49"": 2.0, ""50"": 1.0, ""53"": 21.0, ""54"": 1.0, ""58"": 31.0, ""59"": 116.0, ""60"": 5.80952381, ""61"": 9.38461538, ""66"": 1.0, ""68"": 1.0, ""70"": 1.0, ""72"": 1.0, ""73"": 1.0, ""101"": 1.0, ""105"": 1.0, ""108"": 1.0, ""109"": 1.0, ""114"": 284.0, ""116"": 25.0, ""117"": 9.0, ""155"": 5.0, ""156"": 8.0, ""158"": 54.0, ""179"": 6.0, ""180"": 2.0, ""210"": 13.0, ""212"": 39.0, ""213"": 6.0}",2026-08-24T23:49:57-04:00
Tua Tagovailoa,4241479,QB,MIA,ACTIVE,323.27708005,280.2,323.98132694,211.8,143.24885948905109,82.68020814242796,,,"{""0"": 568.5450925, ""1"": 377.7832763, ""2"": 190.7618163, ""3"": 3984.117893, ""4"": 26.33072367, ""5"": 796.0, ""6"": 398.0, ""7"": 199.0, ""8"": 159.0, ""9"": 79.0, ""10"": 39.0, ""11"": 75.0, ""12"": 37.0, ""15"": 3.344506223, ""16"": 2.185634817, ""17"": 3.53106166, ""18"": 0.476953845, ""19"": 1.519701444, ""20"": 13.21409491, ""21"": 0.664473726, ""22"": 249.0073683, ""23"": 53.86422046, ""24"": 182.8900227, ""25"": 3.336232528, ""26"": 0.171499146, ""27"": 36.0, ""28"": 18.0, ""29"": 9.0, ""30"": 7.0, ""31"": 3.0, ""33"": 10.0, ""34"": 5.0, ""35"": 0.101858219, ""36"": 0.071300754, ""37"": 0.090491373, ""38"": 0.003088123, ""39"": 3.395389761, ""40"": 11.43062642, ""62"": 1.69120059, ""63"": 0.042163561, ""64"": 34.03971879, ""65"": 8.796335342, ""66"": 0.786292215, ""68"": 9.582627557, ""69"": 4.222240964, ""70"": 0.361694419, ""72"": 4.583935383, ""73"": 17.7980303, ""210"": 16.0}","{""0"": 400.0, ""1"": 259.0, ""2"": 141.0, ""3"": 3548.0, ""4"": 25.0, ""5"": 706.0, ""6"": 350.0, ""7"": 172.0, ""8"": 135.0, ""9"": 64.0, ""10"": 28.0, ""11"": 47.0, ""12"": 20.0, ""13"": 22.0, ""14"": 7.0, ""15"": 8.0, ""16"": 5.0, ""17"": 3.0, ""18"": 1.0, ""20"": 8.0, ""21"": 0.6475, ""22"": 272.92307692, ""23"": 24.0, ""24"": 70.0, ""27"": 12.0, ""28"": 4.0, ""29"": 1.0, ""30"": 1.0, ""33"": 2.0, ""39"": 2.91666667, ""40"": 5.38461538, ""64"": 21.0, ""65"": 4.0, ""66"": 2.0, ""68"": 6.0, ""69"": 1.0, ""72"": 1.0, ""73"": 9.0, ""155"": 8.0, ""156"": 5.0, ""158"": 150.0, ""175"": 8.0, ""176"": 7.0, ""177"": 2.0, ""210"": 13.0, ""211"": 161.0, ""212"": 4.0}",2026-08-24T23:49:57-04:00
Darren Waller,2576925,TE,NYG,ACTIVE,153.449526,70.8,194.44281933,106.0,93.1466697080292,82.11115031556423,,,"{""42"": 879.6698399, ""43"": 5.251278003, ""44"": 0.225132528, ""45"": 0.21602901, ""46"": 0.141174958, ""47"": 175.0, ""48"": 87.0, ""49"": 43.0, ""50"": 35.0, ""51"": 17.0, ""53"": 68.49070968, ""54"": 13.0, ""55"": 6.0, ""56"": 1.800544089, ""57"": 0.055686931, ""58"": 106.0769472, ""60"": 12.84363739, ""61"": 54.77797538, ""62"": 0.225132528, ""63"": 0.002831502, ""67"": 0.643523131, ""68"": 0.643523131, ""71"": 0.360372953, ""72"": 0.360372953, ""73"": 0.360372953, ""210"": 16.05882353}","{""41"": 28.0, ""42"": 388.0, ""43"": 3.0, ""47"": 74.0, ""48"": 35.0, ""49"": 15.0, ""50"": 11.0, ""51"": 4.0, ""53"": 28.0, ""54"": 1.0, ""58"": 43.0, ""59"": 80.0, ""60"": 13.85714286, ""61"": 43.11111111, ""155"": 2.0, ""156"": 7.0, ""158"": 18.0, ""183"": 1.0, ""185"": 2.0, ""210"": 9.0, ""213"": 19.0}",2026-08-24T23:49:57-04:00
Jonathan Taylor,4242335,RB,IND,QUESTIONABLE,295.3735579,132.4,244.07106662,353.1,7.103148024112525,81.96195373043233,,,"{""23"": 310.6724802, ""24"": 1512.443606, ""25"": 13.34381041, ""26"": 0.534416465, ""27"": 302.0, ""28"": 151.0, ""29"": 75.0, ""30"": 60.0, ""31"": 30.0, ""33"": 62.0, ""34"": 31.0, ""35"": 0.666467449, ""36"": 0.466527214, ""37"": 5.928007457, ""38"": 0.202300151, ""39"": 4.868289607, ""40"": 100.0449078, ""42"": 349.9522304, ""43"": 1.522491334, ""44"": 0.092093345, ""45"": 0.069141035, ""46"": 0.045183666, ""47"": 69.0, ""48"": 34.0, ""49"": 17.0, ""50"": 13.0, ""51"": 6.0, ""53"": 43.076329, ""54"": 8.0, ""55"": 4.0, ""56"": 0.16696007, ""57"": 0.005163714, ""58"": 55.16402818, ""60"": 8.124003101, ""61"": 23.14859111, ""62"": 0.62650981, ""63"": 0.013302307, ""66"": 2.655107384, ""67"": 0.368144224, ""68"": 3.023251608, ""70"": 1.221349397, ""71"": 0.206160766, ""72"": 1.427510162, ""73"": 1.427510162, ""210"": 15.11764706}","{""23"": 192.0, ""24"": 861.0, ""25"": 4.0, ""27"": 168.0, ""28"": 82.0, ""29"": 39.0, ""30"": 30.0, ""31"": 12.0, ""32"": 2.0, ""33"": 36.0, ""34"": 17.0, ""35"": 1.0, ""36"": 1.0, ""37"": 2.0, ""39"": 4.484375, ""40"": 78.27272727, ""41"": 28.0, ""42"": 143.0, ""47"": 25.0, ""48"": 11.0, ""49"": 3.0, ""50"": 1.0, ""53"": 28.0, ""54"": 1.0, ""58"": 40.0, ""59"": 204.0, ""60"": 5.10714286, ""61"": 13.0, ""66"": 3.0, ""68"": 3.0, ""70"": 3.0, ""72"": 3.0, ""73"": 3.0, ""155"": 2.0, ""156"": 8.0, ""158"": 24.0, ""179"": 3.0, ""210"": 11.0, ""212"": 38.0, ""213"": 4.0}",2026-08-24T23:49:57-04:00
Brett Maher,16486,K,DAL,ACTIVE,129.42407824,158.0,0.0,60.0,166.25040313291868,80.83983468581961,,,"{""74"": 3.326439644, ""75"": 5.4426685, ""76"": 2.116228856, ""77"": 7.666729099, ""78"": 10.23352041, ""79"": 2.566791313, ""80"": 15.81820083, ""81"": 16.91464043, ""82"": 1.096439593, ""83"": 26.81136958, ""84"": 32.59082934, ""85"": 5.779459762, ""86"": 40.4498209, ""87"": 44.00651202, ""88"": 3.556691118, ""198"": 3.326439644, ""199"": 5.4426685, ""200"": 2.116228856, ""210"": 17.0}","{""74"": 9.0, ""75"": 11.0, ""76"": 2.0, ""77"": 6.0, ""78"": 7.0, ""79"": 1.0, ""80"": 14.0, ""81"": 14.0, ""83"": 29.0, ""84"": 32.0, ""85"": 3.0, ""86"": 50.0, ""87"": 53.0, ""88"": 3.0, ""155"": 12.0, ""156"": 5.0, ""158"": 137.0, ""198"": 8.0, ""199"": 10.0, ""200"": 2.0, ""201"": 1.0, ""202"": 1.0, ""210"": 17.0, ""214"": 1202.0, ""215"": 164.0, ""216"": 1366.0, ""217"": 236.0, ""218"": 115.0, ""219"": 54.0, ""220"": 44.0, ""221"": 19.0, ""222"": 6.0, ""223"": 31.0, ""224"": 14.0, ""225"": 6.0, ""226"": 5.0, ""227"": 2.0, ""229"": 268.0, ""230"": 130.0, ""231"": 62.0, ""232"": 50.0, ""233"": 22.0, ""234"": 7.0}",2026-08-24T23:49:57-04:00
Evan McPherson,4360234,K,CIN,ACTIVE,148.46581703,126.0,127.2085159,149.0,67.42616908546418,80.0839011778519,,,"{""74"": 3.867519183, ""75"": 5.892785286, ""76"": 2.025266103, ""77"": 8.800881411, ""78"": 11.07984778, ""79"": 2.278966373, ""80"": 17.95299197, ""81"": 18.31350637, ""82"": 0.3605144, ""83"": 30.62139256, ""84"": 35.28613944, ""85"": 4.664746875, ""86"": 44.73046644, ""87"": 46.38577585, ""88"": 1.655309407, ""198"": 3.867519183, ""199"": 5.892785286, ""200"": 2.025266103, ""210"": 17.0}","{""74"": 5.0, ""75"": 5.0, ""77"": 9.0, ""78"": 13.0, ""79"": 4.0, ""80"": 10.0, ""81"": 11.0, ""82"": 1.0, ""83"": 24.0, ""84"": 29.0, ""85"": 5.0, ""86"": 40.0, ""87"": 44.0, ""88"": 4.0, ""108"": 1.0, ""109"": 1.0, ""155"": 12.0, ""156"": 4.0, ""158"": 112.0, ""198"": 5.0, ""199"": 5.0, ""210"": 16.0, ""214"": 973.0, ""215"": 208.0, ""216"": 1181.0, ""217"": 191.0, ""218"": 92.0, ""219"": 43.0, ""220"": 34.0, ""221"": 13.0, ""222"": 3.0, ""223"": 39.0, ""224"": 18.0, ""225"": 9.0, ""226"": 5.0, ""229"": 231.0, ""230"": 112.0, ""231"": 52.0, ""232"": 40.0, ""233"": 16.0, ""234"": 5.0}",2026-08-24T23:49:57-04:00
Cooper Kupp,2977187,WR,LAR,QUESTIONABLE,255.34436489,163.9,189.19182477,367.0,5.461345496009122,80.0390023284333,,,"{""23"": 4.233370482, ""24"": 24.56260711, ""25"": 0.160663469, ""26"": 0.007461393, ""27"": 4.0, ""28"": 2.0, ""29"": 1.0, ""35"": 0.007781562, ""36"": 0.005447093, ""37"": 0.001384115, ""38"": 4.72e-05, ""39"": 5.802139741, ""40"": 1.529539637, ""42"": 1363.28577, ""43"": 9.786025764, ""44"": 0.406212728, ""45"": 0.260141661, ""46"": 0.170002575, ""47"": 272.0, ""48"": 136.0, ""49"": 68.0, ""50"": 54.0, ""51"": 27.0, ""53"": 115.0544227, ""54"": 23.0, ""55"": 11.0, ""56"": 5.128838855, ""57"": 0.158623882, ""58"": 156.7949267, ""60"": 11.84905141, ""61"": 84.89325307, ""62"": 0.413674121, ""63"": 0.005832263, ""66"": 0.047040798, ""67"": 1.278473465, ""68"": 1.325514263, ""70"": 0.021638767, ""71"": 0.71594514, ""72"": 0.737583907, ""73"": 0.737583907, ""210"": 16.05882353}","{""0"": 1.0, ""2"": 1.0, ""23"": 9.0, ""24"": 52.0, ""25"": 1.0, ""27"": 9.0, ""28"": 4.0, ""29"": 1.0, ""39"": 5.77777778, ""40"": 5.77777778, ""41"": 75.0, ""42"": 812.0, ""43"": 6.0, ""45"": 2.0, ""46"": 2.0, ""47"": 159.0, ""48"": 77.0, ""49"": 38.0, ""50"": 30.0, ""51"": 12.0, ""52"": 5.0, ""53"": 75.0, ""54"": 10.0, ""55"": 3.0, ""56"": 5.0, ""58"": 98.0, ""59"": 422.0, ""60"": 10.82666667, ""61"": 90.22222222, ""67"": 2.0, ""68"": 2.0, ""71"": 1.0, ""72"": 1.0, ""73"": 1.0, ""108"": 2.0, ""109"": 2.0, ""155"": 3.0, ""156"": 6.0, ""158"": 42.0, ""181"": 1.0, ""183"": 2.0, ""184"": 2.0, ""210"": 9.0, ""212"": 3.0, ""213"": 42.0}",2026-08-24T23:49:57-04:00
J.K. Dobbins,4241985,RB,BAL,ACTIVE,197.54293594,77.7,0.0,0.0,130.2910583941606,79.3989727976326,,,"{""23"": 198.6875884, ""24"": 942.6090197, ""25"": 9.065558345, ""26"": 0.525558303, ""27"": 188.0, ""28"": 94.0, ""29"": 47.0, ""30"": 37.0, ""31"": 18.0, ""33"": 39.0, ""34"": 19.0, ""35"": 0.403973949, ""36"": 0.282781765, ""37"": 2.301857515, ""38"": 0.078553566, ""39"": 4.744176661, ""40"": 64.48431926, ""42"": 252.1336974, ""43"": 1.28594684, ""44"": 0.117309839, ""45"": 0.045315349, ""46"": 0.02961358, ""47"": 50.0, ""48"": 25.0, ""49"": 12.0, ""50"": 10.0, ""51"": 5.0, ""53"": 33.40633127, ""54"": 6.0, ""55"": 3.0, ""56"": 0.097416683, ""57"": 0.003012887, ""58"": 44.37926818, ""60"": 7.547482402, ""61"": 17.24858292, ""62"": 0.642868142, ""63"": 0.009410736, ""66"": 1.830955843, ""67"": 0.307847702, ""68"": 2.138803545, ""70"": 0.842239688, ""71"": 0.172394713, ""72"": 1.014634401, ""73"": 1.014634401, ""210"": 14.61764706}","{""23"": 92.0, ""24"": 520.0, ""25"": 2.0, ""27"": 101.0, ""28"": 49.0, ""29"": 23.0, ""30"": 16.0, ""31"": 6.0, ""32"": 2.0, ""33"": 15.0, ""34"": 5.0, ""37"": 2.0, ""39"": 5.65217391, ""40"": 65.0, ""41"": 7.0, ""42"": 42.0, ""43"": 1.0, ""47"": 7.0, ""48"": 3.0, ""49"": 1.0, ""53"": 7.0, ""58"": 8.0, ""59"": 39.0, ""60"": 6.0, ""61"": 5.25, ""155"": 4.0, ""156"": 4.0, ""158"": 18.0, ""179"": 2.0, ""183"": 1.0, ""210"": 8.0, ""212"": 27.0, ""213"": 3.0}",2026-08-24T23:49:57-04:00
Raheem Mostert,2576414,RB,MIA,ACTIVE,123.74591894,152.8,145.87015908,2.0,154.6680062513954,79.1155097455493,,,"{""23"": 142.3777155, ""24"": 734.4635983, ""25"": 5.065447696, ""26"": 0.260238909, ""27"": 146.0, ""28"": 73.0, ""29"": 36.0, ""30"": 29.0, ""31"": 14.0, ""33"": 28.0, ""34"": 14.0, ""35"": 0.281453965, ""36"": 0.197017776, ""37"": 1.397793575, ""38"": 0.047701332, ""39"": 5.158557264, ""40"": 55.49280521, ""42"": 100.6370096, ""43"": 0.67174373, ""44"": 0.038770806, ""45"": 0.046837467, ""46"": 0.030608285, ""47"": 20.0, ""48"": 10.0, ""49"": 5.0, ""50"": 4.0, ""51"": 2.0, ""53"": 13.28446975, ""54"": 2.0, ""55"": 1.0, ""56"": 0.043562739, ""57"": 0.001347301, ""58"": 17.63068227, ""60"": 7.575538318, ""61"": 7.603685171, ""62"": 0.299009714, ""63"": 0.00670303, ""66"": 1.393404968, ""67"": 0.130010838, ""68"": 1.523415807, ""70"": 0.640966285, ""71"": 0.072806069, ""72"": 0.713772355, ""73"": 0.713772355, ""210"": 13.23529412}","{""23"": 181.0, ""24"": 891.0, ""25"": 3.0, ""27"": 172.0, ""28"": 81.0, ""29"": 36.0, ""30"": 28.0, ""31"": 10.0, ""32"": 2.0, ""33"": 29.0, ""34"": 9.0, ""37"": 2.0, ""39"": 4.92265193, ""40"": 55.6875, ""41"": 31.0, ""42"": 202.0, ""43"": 2.0, ""47"": 38.0, ""48"": 17.0, ""49"": 7.0, ""50"": 4.0, ""51"": 1.0, ""53"": 31.0, ""54"": 1.0, ""58"": 42.0, ""59"": 179.0, ""60"": 6.51612903, ""61"": 12.625, ""66"": 1.0, ""68"": 1.0, ""70"": 1.0, ""72"": 1.0, ""73"": 1.0, ""108"": 1.0, ""109"": 1.0, ""114"": 502.0, ""116"": 44.0, ""117"": 16.0, ""155"": 8.0, ""156"": 8.0, ""158"": 30.0, ""179"": 1.0, ""180"": 1.0, ""181"": 1.0, ""183"": 2.0, ""210"": 16.0, ""212"": 44.0, ""213"": 11.0}",2026-08-24T23:49:57-04:00
Zay Jones,3059722,WR,JAX,ACTIVE,89.12692596,157.1,15.40448674,82.4,169.7033994980607,77.99760644550034,,,"{""42"": 488.1348627, ""43"": 3.384253895, ""44"": 0.276243351, ""45"": 0.150387006, ""46"": 0.098277909, ""47"": 97.0, ""48"": 48.0, ""49"": 24.0, ""50"": 19.0, ""51"": 9.0, ""53"": 40.11372201, ""54"": 8.0, ""55"": 4.0, ""56"": 0.362585924, ""57"": 0.011213998, ""58"": 64.29777611, ""60"": 12.16877513, ""61"": 30.39667643, ""62"": 0.276243351, ""63"": 0.002362766, ""67"": 0.536992311, ""68"": 0.536992311, ""71"": 0.300715694, ""72"": 0.300715694, ""73"": 0.300715694, ""210"": 16.05882353}","{""23"": 4.0, ""24"": 18.0, ""27"": 3.0, ""28"": 1.0, ""39"": 4.5, ""40"": 1.125, ""41"": 82.0, ""42"": 823.0, ""43"": 5.0, ""44"": 1.0, ""45"": 1.0, ""46"": 1.0, ""47"": 158.0, ""48"": 75.0, ""49"": 35.0, ""50"": 24.0, ""51"": 9.0, ""52"": 2.0, ""53"": 82.0, ""54"": 10.0, ""55"": 2.0, ""56"": 2.0, ""58"": 121.0, ""59"": 271.0, ""60"": 10.03658537, ""61"": 51.4375, ""155"": 9.0, ""156"": 7.0, ""158"": 32.0, ""183"": 2.0, ""184"": 1.0, ""185"": 1.0, ""210"": 16.0, ""212"": 1.0, ""213"": 41.0}",2026-08-24T23:49:57-04:00
Tyler Higbee,2573401,TE,LAR,ACTIVE,104.06975563,116.0,113.01292376,116.5,159.5675182481752,77.96277998419347,,,"{""42"": 506.1051142, ""43"": 4.582667741, ""44"": 0.190243768, ""45"": 0.104260096, ""46"": 0.068133973, ""47"": 101.0, ""48"": 50.0, ""49"": 25.0, ""50"": 20.0, ""51"": 10.0, ""53"": 52.50193762, ""54"": 10.0, ""55"": 5.0, ""56"": 0.40019455, ""57"": 0.012377151, ""58"": 72.61121554, ""60"": 9.63974164, ""61"": 33.4777702, ""62"": 0.190243768, ""63"": 0.002625144, ""67"": 0.596623738, ""68"": 0.596623738, ""71"": 0.334109293, ""72"": 0.334109293, ""73"": 0.334109293, ""210"": 15.11764706}","{""41"": 72.0, ""42"": 620.0, ""43"": 3.0, ""47"": 118.0, ""48"": 56.0, ""49"": 23.0, ""50"": 16.0, ""51"": 5.0, ""53"": 72.0, ""54"": 7.0, ""55"": 1.0, ""58"": 108.0, ""59"": 404.0, ""60"": 8.61111111, ""61"": 36.47058824, ""108"": 2.0, ""109"": 2.0, ""114"": 7.0, ""155"": 5.0, ""156"": 12.0, ""158"": 18.0, ""183"": 3.0, ""210"": 17.0, ""213"": 32.0}",2026-08-24T23:49:57-04:00
Dawson Knox,3930086,TE,BUF,ACTIVE,121.59706849,111.7,91.14448161,139.6,148.46304744525548,77.65263178861464,,,"{""42"": 604.6765346, ""43"": 6.025094685, ""44"": 0.324357739, ""45"": 0.177838879, ""46"": 0.116217707, ""47"": 120.0, ""48"": 60.0, ""49"": 30.0, ""50"": 24.0, ""51"": 12.0, ""53"": 49.89384542, ""54"": 9.0, ""55"": 4.0, ""56"": 0.644478746, ""57"": 0.019932332, ""58"": 76.49818187, ""60"": 12.11926099, ""61"": 39.99805871, ""62"": 0.324357739, ""63"": 0.002423109, ""67"": 0.550706492, ""68"": 0.550706492, ""71"": 0.308395636, ""72"": 0.308395636, ""73"": 0.308395636, ""210"": 15.11764706}","{""41"": 48.0, ""42"": 517.0, ""43"": 6.0, ""47"": 100.0, ""48"": 46.0, ""49"": 19.0, ""50"": 14.0, ""51"": 3.0, ""53"": 48.0, ""54"": 2.0, ""58"": 65.0, ""59"": 193.0, ""60"": 10.77083333, ""61"": 34.46666667, ""107"": 1.0, ""108"": 2.0, ""109"": 3.0, ""155"": 12.0, ""156"": 3.0, ""158"": 36.0, ""183"": 3.0, ""184"": 2.0, ""185"": 1.0, ""210"": 15.0, ""213"": 24.0}",2026-08-24T23:49:57-04:00
AJ Dillon,4239934,RB,GB,ACTIVE,152.59493189,153.6,135.30487191,168.6,160.52467068542086,77.56027813839341,,,"{""23"": 177.2460545, ""24"": 756.0013857, ""25"": 5.12278406, ""26"": 0.251042245, ""27"": 151.0, ""28"": 75.0, ""29"": 37.0, ""30"": 30.0, ""31"": 15.0, ""33"": 35.0, ""34"": 17.0, ""35"": 0.356528117, ""36"": 0.249569682, ""37"": 1.478400577, ""38"": 0.05045214, ""39"": 4.26526496, ""40"": 50.00787376, ""42"": 242.2531846, ""43"": 1.188647883, ""44"": 0.044938102, ""45"": 0.057314351, ""46"": 0.037454929, ""47"": 48.0, ""48"": 24.0, ""49"": 12.0, ""50"": 9.0, ""51"": 4.0, ""53"": 32.21629372, ""54"": 6.0, ""55"": 3.0, ""56"": 0.092287846, ""57"": 0.002854263, ""58"": 40.04712714, ""60"": 7.519585794, ""61"": 16.02452972, ""62"": 0.295980347, ""63"": 0.00832658, ""66"": 1.601343855, ""67"": 0.291060719, ""68"": 1.892404574, ""70"": 0.736618174, ""71"": 0.162994002, ""72"": 0.899612176, ""73"": 0.899612176, ""210"": 15.11764706}","{""23"": 186.0, ""24"": 770.0, ""25"": 7.0, ""27"": 147.0, ""28"": 71.0, ""29"": 30.0, ""30"": 22.0, ""31"": 6.0, ""33"": 31.0, ""34"": 12.0, ""39"": 4.13978495, ""40"": 45.29411765, ""41"": 28.0, ""42"": 206.0, ""47"": 38.0, ""48"": 16.0, ""49"": 5.0, ""50"": 3.0, ""53"": 28.0, ""54"": 1.0, ""58"": 43.0, ""59"": 197.0, ""60"": 7.35714286, ""61"": 12.11764706, ""67"": 1.0, ""68"": 1.0, ""108"": 1.0, ""109"": 1.0, ""155"": 8.0, ""156"": 9.0, ""158"": 42.0, ""179"": 5.0, ""181"": 2.0, ""210"": 17.0, ""212"": 49.0, ""213"": 10.0}",2026-08-24T23:49:57-04:00
D'Onta Foreman,3125116,RB,CHI,ACTIVE,63.85019522,128.5,0.0,89.4,166.24112525117215,77.25213048983483,,,"{""23"": 85.61874224, ""24"": 363.4525893, ""25"": 2.665841687, ""26"": 0.123188469, ""27"": 72.0, ""28"": 36.0, ""29"": 18.0, ""30"": 14.0, ""31"": 7.0, ""33"": 17.0, ""34"": 8.0, ""35"": 0.164385811, ""36"": 0.115070068, ""37"": 0.342069055, ""38"": 0.011673504, ""39"": 4.245012013, ""40"": 24.04161097, ""42"": 64.35454512, ""43"": 0.269555289, ""44"": 0.018817275, ""45"": 0.047699795, ""46"": 0.031171816, ""47"": 12.0, ""48"": 6.0, ""49"": 3.0, ""50"": 2.0, ""51"": 1.0, ""53"": 8.576249738, ""54"": 1.0, ""56"": 0.031027033, ""57"": 0.000959599, ""58"": 11.15581577, ""60"": 7.5038096, ""61"": 4.256915436, ""62"": 0.142005744, ""63"": 0.00522928, ""66"": 1.080264815, ""67"": 0.10820786, ""68"": 1.188472675, ""70"": 0.496921815, ""71"": 0.060596401, ""72"": 0.557518216, ""73"": 0.557518216, ""210"": 15.11764706}","{""23"": 203.0, ""24"": 914.0, ""25"": 5.0, ""26"": 1.0, ""27"": 175.0, ""28"": 83.0, ""29"": 38.0, ""30"": 28.0, ""31"": 13.0, ""32"": 5.0, ""33"": 36.0, ""34"": 16.0, ""37"": 5.0, ""39"": 4.50246305, ""40"": 53.76470588, ""41"": 5.0, ""42"": 26.0, ""47"": 5.0, ""48"": 2.0, ""49"": 1.0, ""50"": 1.0, ""53"": 5.0, ""58"": 9.0, ""59"": 27.0, ""60"": 5.2, ""61"": 1.52941176, ""66"": 1.0, ""68"": 1.0, ""155"": 7.0, ""156"": 10.0, ""158"": 32.0, ""179"": 3.0, ""180"": 2.0, ""210"": 17.0, ""212"": 44.0, ""213"": 1.0}",2026-08-24T23:49:57-04:00
Latavius Murray,15920,RB,DEN,ACTIVE,0.0,140.7,84.90438284,98.6,169.7105383211679,77.24750356531761,,,{},"{""23"": 171.0, ""24"": 760.0, ""25"": 6.0, ""26"": 1.0, ""27"": 146.0, ""28"": 70.0, ""29"": 32.0, ""30"": 23.0, ""31"": 8.0, ""32"": 2.0, ""33"": 28.0, ""34"": 10.0, ""37"": 2.0, ""39"": 4.44444444, ""40"": 58.46153846, ""41"": 27.0, ""42"": 132.0, ""47"": 23.0, ""48"": 9.0, ""49"": 2.0, ""53"": 27.0, ""58"": 35.0, ""59"": 188.0, ""60"": 4.88888889, ""61"": 10.15384615, ""66"": 1.0, ""68"": 1.0, ""155"": 3.0, ""156"": 10.0, ""158"": 38.0, ""179"": 5.0, ""180"": 1.0, ""210"": 13.0, ""212"": 45.0, ""213"": 4.0}",2026-08-24T23:49:57-04:00
Antonio Gibson,4360294,RB,WSH,QUESTIONABLE,167.13225992,142.9,236.58120209,208.1,152.92074123688323,76.68306757110767,,,"{""23"": 197.5199967, ""24"": 830.6144186, ""25"": 7.250475495, ""26"": 0.448120511, ""27"": 166.0, ""28"": 83.0, ""29"": 41.0, ""30"": 33.0, ""31"": 16.0, ""33"": 39.0, ""34"": 19.0, ""35"": 0.402511786, ""36"": 0.28175825, ""37"": 1.843569847, ""38"": 0.062913966, ""39"": 4.205216851, ""40"": 54.94336621, ""42"": 201.5424775, ""43"": 1.109343084, ""44"": 0.099389491, ""45"": 0.041692817, ""46"": 0.027246256, ""47"": 40.0, ""48"": 20.0, ""49"": 10.0, ""50"": 8.0, ""51"": 4.0, ""53"": 28.10826567, ""54"": 5.0, ""55"": 2.0, ""56"": 0.077471313, ""57"": 0.00239602, ""58"": 36.37372955, ""60"": 7.170221026, ""61"": 13.33160357, ""62"": 0.547510002, ""63"": 0.012638926, ""66"": 2.5146356, ""67"": 0.357847543, ""68"": 2.872483143, ""70"": 1.156732376, ""71"": 0.200394624, ""72"": 1.357127, ""73"": 1.357127, ""101"": 0.22046, ""114"": 680.104, ""116"": 68.0, ""117"": 27.0, ""210"": 15.11764706}","{""23"": 149.0, ""24"": 546.0, ""25"": 3.0, ""27"": 102.0, ""28"": 46.0, ""29"": 18.0, ""30"": 14.0, ""31"": 3.0, ""33"": 23.0, ""34"": 8.0, ""39"": 3.66442953, ""40"": 36.4, ""41"": 46.0, ""42"": 353.0, ""43"": 2.0, ""47"": 64.0, ""48"": 30.0, ""49"": 10.0, ""50"": 6.0, ""51"": 2.0, ""53"": 46.0, ""54"": 2.0, ""58"": 58.0, ""59"": 297.0, ""60"": 7.67391304, ""61"": 23.53333333, ""66"": 1.0, ""68"": 1.0, ""114"": 486.0, ""116"": 43.0, ""117"": 15.0, ""155"": 7.0, ""156"": 7.0, ""158"": 30.0, ""179"": 3.0, ""183"": 2.0, ""210"": 15.0, ""212"": 32.0, ""213"": 17.0}",2026-08-24T23:49:57-04:00
Gerald Everett,3918639,TE,LAC,ACTIVE,102.44725545,110.5,89.99262358,93.8,165.6585310218978,76.24649473374204,,,"{""42"": 509.7734841, ""43"": 4.459191078, ""44"": 0.341361197, ""45"": 0.111048298, ""46"": 0.072570063, ""47"": 101.0, ""48"": 50.0, ""49"": 25.0, ""50"": 20.0, ""51"": 10.0, ""53"": 50.3183379, ""54"": 10.0, ""55"": 5.0, ""56"": 0.405826554, ""57"": 0.012551337, ""58"": 72.08382353, ""60"": 10.13096826, ""61"": 31.74413637, ""62"": 0.341361197, ""63"": 0.004428014, ""67"": 1.006366758, ""68"": 1.006366758, ""71"": 0.563565385, ""72"": 0.563565385, ""73"": 0.563565385, ""210"": 16.05882353}","{""23"": 1.0, ""41"": 58.0, ""42"": 555.0, ""43"": 4.0, ""44"": 1.0, ""47"": 105.0, ""48"": 49.0, ""49"": 22.0, ""50"": 16.0, ""51"": 5.0, ""53"": 58.0, ""54"": 7.0, ""58"": 87.0, ""59"": 326.0, ""60"": 9.56896552, ""61"": 34.6875, ""108"": 1.0, ""109"": 1.0, ""155"": 10.0, ""156"": 6.0, ""158"": 26.0, ""183"": 2.0, ""184"": 2.0, ""210"": 16.0, ""213"": 30.0}",2026-08-24T23:49:57-04:00
Drake London,4426502,WR,ATL,ACTIVE,155.9291049,142.6,,,152.60638540478905,75.8247230175526,,,"{""42"": 928.9061599, ""43"": 4.434936384, ""44"": 0.241433799, ""45"": 0.175486936, ""46"": 0.114680713, ""47"": 185.0, ""48"": 92.0, ""49"": 46.0, ""50"": 37.0, ""51"": 18.0, ""53"": 73.64473464, ""54"": 14.0, ""55"": 7.0, ""56"": 2.081704311, ""57"": 0.064382608, ""58"": 118.2191979, ""60"": 12.61334112, ""61"": 59.70285338, ""62"": 0.241433799, ""63"": 0.00344286, ""67"": 0.782468132, ""68"": 0.782468132, ""71"": 0.438182154, ""72"": 0.438182154, ""73"": 0.438182154, ""210"": 15.55882353}","{""41"": 72.0, ""42"": 866.0, ""43"": 4.0, ""44"": 1.0, ""47"": 167.0, ""48"": 79.0, ""49"": 35.0, ""50"": 25.0, ""51"": 8.0, ""52"": 1.0, ""53"": 72.0, ""54"": 8.0, ""56"": 1.0, ""58"": 117.0, ""59"": 231.0, ""60"": 12.02777778, ""61"": 50.94117647, ""67"": 3.0, ""68"": 3.0, ""71"": 3.0, ""72"": 3.0, ""73"": 3.0, ""107"": 1.0, ""108"": 2.0, ""109"": 3.0, ""155"": 7.0, ""156"": 10.0, ""158"": 26.0, ""183"": 3.0, ""184"": 1.0, ""210"": 17.0, ""213"": 45.0}",2026-08-24T23:49:57-04:00
Brian Robinson Jr.,4241474,RB,WSH,QUESTIONABLE,96.56174069,108.2,,,165.3607948202724,74.42049158840157,,,"{""23"": 115.8226898, ""24"": 486.8784264, ""25"": 4.952530891, ""26"": 0.306192029, ""27"": 97.0, ""28"": 48.0, ""29"": 24.0, ""30"": 19.0, ""31"": 9.0, ""33"": 23.0, ""34"": 11.0, ""35"": 0.229960907, ""36"": 0.160972635, ""37"": 0.800474808, ""38"": 0.027317134, ""39"": 4.20365325, ""40"": 42.44581153, ""42"": 92.05837683, ""43"": 0.493676618, ""44"": 0.04424313, ""45"": 0.032446803, ""46"": 0.021203986, ""47"": 18.0, ""48"": 9.0, ""49"": 4.0, ""50"": 3.0, ""51"": 1.0, ""53"": 12.5585728, ""54"": 2.0, ""55"": 1.0, ""56"": 0.037927297, ""57"": 0.001173009, ""58"": 16.54749332, ""60"": 7.330321552, ""61"": 8.025602082, ""62"": 0.350435159, ""63"": 0.004633106, ""66"": 0.949973722, ""67"": 0.103004983, ""68"": 1.052978704, ""70"": 0.436987912, ""71"": 0.05768279, ""72"": 0.494670702, ""73"": 0.494670702, ""210"": 11.47058824}","{""23"": 205.0, ""24"": 797.0, ""25"": 2.0, ""27"": 155.0, ""28"": 74.0, ""29"": 35.0, ""30"": 25.0, ""31"": 10.0, ""32"": 1.0, ""33"": 36.0, ""34"": 15.0, ""37"": 1.0, ""39"": 3.88780488, ""40"": 66.41666667, ""41"": 9.0, ""42"": 60.0, ""43"": 1.0, ""47"": 12.0, ""48"": 5.0, ""49"": 1.0, ""53"": 9.0, ""58"": 12.0, ""59"": 72.0, ""60"": 6.66666667, ""61"": 5.0, ""66"": 2.0, ""68"": 2.0, ""108"": 1.0, ""109"": 1.0, ""155"": 6.0, ""156"": 5.0, ""158"": 18.0, ""179"": 2.0, ""184"": 1.0, ""210"": 12.0, ""212"": 48.0, ""213"": 3.0}",2026-08-24T23:49:57-04:00
Nick Folk,10621,K,NE,ACTIVE,141.24933834,141.0,127.57833344,168.0,156.0073715733702,74.07028400394395,,,"{""74"": 3.703324587, ""75"": 5.5064466, ""76"": 1.803122013, ""77"": 8.391911763, ""78"": 10.35343852, ""79"": 1.961526754, ""80"": 16.94172052, ""81"": 17.11284901, ""82"": 0.17112849, ""83"": 29.03695688, ""84"": 32.97273413, ""85"": 3.935777258, ""86"": 42.27568405, ""87"": 43.13845311, ""88"": 0.862769062, ""198"": 3.703324587, ""199"": 5.5064466, ""200"": 1.803122013, ""210"": 17.0}","{""74"": 4.0, ""75"": 5.0, ""76"": 1.0, ""77"": 10.0, ""78"": 14.0, ""79"": 4.0, ""80"": 18.0, ""81"": 18.0, ""83"": 32.0, ""84"": 37.0, ""85"": 5.0, ""86"": 32.0, ""87"": 35.0, ""88"": 3.0, ""155"": 8.0, ""156"": 9.0, ""158"": 128.0, ""198"": 4.0, ""199"": 5.0, ""200"": 1.0, ""210"": 17.0, ""214"": 1193.0, ""215"": 232.0, ""216"": 1425.0, ""217"": 230.0, ""218"": 110.0, ""219"": 52.0, ""220"": 40.0, ""221"": 16.0, ""222"": 6.0, ""223"": 45.0, ""224"": 21.0, ""225"": 10.0, ""226"": 7.0, ""227"": 2.0, ""229"": 278.0, ""230"": 135.0, ""231"": 65.0, ""232"": 50.0, ""233"": 21.0, ""234"": 7.0}",2026-08-24T23:49:57-04:00
Brandin Cooks,16731,WR,DAL,ACTIVE,172.73737875,117.1,172.19099752,186.8,95.29099201824401,73.91143895635192,,,"{""23"": 3.689716829, ""24"": 24.20571202, ""25"": 0.137645792, ""26"": 0.007242116, ""27"": 4.0, ""28"": 2.0, ""29"": 1.0, ""35"": 0.006780208, ""36"": 0.004746145, ""37"": 0.001337178, ""38"": 4.56e-05, ""39"": 6.560316995, ""40"": 1.5073154, ""42"": 1030.897499, ""43"": 4.04439658, ""44"": 0.238937057, ""45"": 0.208014552, ""46"": 0.13593751, ""47"": 206.0, ""48"": 103.0, ""49"": 51.0, ""50"": 41.0, ""51"": 20.0, ""53"": 84.68849218, ""54"": 16.0, ""55"": 8.0, ""56"": 2.715056846, ""57"": 0.08397083, ""58"": 125.438313, ""60"": 12.17281678, ""61"": 64.19508235, ""62"": 0.246179174, ""63"": 0.002777784, ""66"": 0.026356862, ""67"": 0.604957776, ""68"": 0.631314637, ""70"": 0.012124156, ""71"": 0.338776354, ""72"": 0.350900511, ""73"": 0.350900511, ""210"": 16.05882353}","{""23"": 2.0, ""24"": 7.0, ""27"": 1.0, ""39"": 3.5, ""40"": 0.53846154, ""41"": 57.0, ""42"": 699.0, ""43"": 3.0, ""47"": 134.0, ""48"": 64.0, ""49"": 28.0, ""50"": 21.0, ""51"": 8.0, ""52"": 1.0, ""53"": 57.0, ""54"": 4.0, ""56"": 1.0, ""58"": 93.0, ""59"": 205.0, ""60"": 12.26315789, ""61"": 53.76923077, ""155"": 3.0, ""156"": 9.0, ""158"": 18.0, ""183"": 1.0, ""184"": 2.0, ""210"": 13.0, ""213"": 29.0}",2026-08-24T23:49:57-04:00
Graham Gano,12460,K,NYG,ACTIVE,131.94647155,142.0,135.00700336,119.0,154.87560469937802,73.88360688184024,,,"{""74"": 3.713959503, ""75"": 5.493746854, ""76"": 1.779787351, ""77"": 8.40861271, ""78"": 10.32955995, ""79"": 1.920947243, ""80"": 16.90264713, ""81"": 17.07338094, ""82"": 0.170733809, ""83"": 29.02521935, ""84"": 32.89668775, ""85"": 3.871468404, ""86"": 32.90575021, ""87"": 33.57729614, ""88"": 0.671545923, ""198"": 3.713959503, ""199"": 5.493746854, ""200"": 1.779787351, ""210"": 17.0}","{""74"": 8.0, ""75"": 9.0, ""76"": 1.0, ""77"": 10.0, ""78"": 11.0, ""79"": 1.0, ""80"": 11.0, ""81"": 12.0, ""82"": 1.0, ""83"": 29.0, ""84"": 32.0, ""85"": 3.0, ""86"": 32.0, ""87"": 34.0, ""88"": 2.0, ""108"": 1.0, ""109"": 1.0, ""155"": 9.0, ""156"": 7.0, ""158"": 119.0, ""198"": 8.0, ""199"": 9.0, ""200"": 1.0, ""210"": 17.0, ""214"": 1277.0, ""215"": 142.0, ""216"": 1419.0, ""217"": 250.0, ""218"": 122.0, ""219"": 59.0, ""220"": 46.0, ""221"": 18.0, ""222"": 6.0, ""223"": 27.0, ""224"": 12.0, ""225"": 5.0, ""226"": 4.0, ""227"": 1.0, ""229"": 278.0, ""230"": 137.0, ""231"": 66.0, ""232"": 51.0, ""233"": 21.0, ""234"": 8.0}",2026-08-24T23:49:57-04:00
Patriots D/ST,-16017,D/ST,NE,,77.57027833,170.0,108.79836357,147.0,161.56474403520963,73.7856607246946,,,"{""89"": 0.175257732, ""90"": 0.175257732, ""91"": 2.628865979, ""92"": 1.226804124, ""93"": 0.089566552, ""94"": 1.846248335, ""95"": 13.66004512, ""96"": 7.963416426, ""97"": 1.1180667, ""98"": 0.119262539, ""99"": 38.87986166, ""100"": 77.75972332, ""101"": 0.178784, ""102"": 0.23736, ""103"": 1.324215841, ""104"": 0.522032494, ""105"": 2.351958887, ""106"": 12.25140989, ""109"": 1090.549361, ""110"": 363.0, ""111"": 218.0, ""113"": 72.91758464, ""114"": 626.65, ""115"": 211.56, ""116"": 62.0, ""117"": 25.0, ""118"": 21.0, ""119"": 8.0, ""120"": 400.0996729, ""121"": 2.453608247, ""122"": 4.206185567, ""123"": 4.206185567, ""124"": 1.402061856, ""125"": 0.525773196, ""126"": 23.53527487, ""127"": 5850.134634, ""129"": 0.839506173, ""130"": 4.197530864, ""131"": 5.037037037, ""132"": 2.938271605, ""133"": 2.308641975, ""134"": 1.259259259, ""135"": 0.209876543, ""136"": 0.209876543, ""137"": 344.1255667, ""160"": -400.0996729, ""210"": 17.0}","{""89"": 1.0, ""90"": 2.0, ""91"": 1.0, ""92"": 4.0, ""94"": 7.0, ""95"": 19.0, ""96"": 11.0, ""97"": 1.0, ""99"": 54.0, ""100"": 108.0, ""102"": 1.0, ""103"": 5.0, ""104"": 2.0, ""105"": 8.0, ""106"": 13.0, ""107"": 453.0, ""108"": 729.0, ""109"": 1182.0, ""110"": 390.0, ""111"": 230.0, ""112"": 52.0, ""113"": 69.0, ""114"": 856.0, ""115"": 418.0, ""116"": 79.0, ""117"": 26.0, ""118"": 36.0, ""119"": 10.0, ""120"": 335.0, ""121"": 1.0, ""122"": 4.0, ""123"": 2.0, ""124"": 2.0, ""127"": 5474.0, ""128"": 0.0, ""129"": 2.0, ""130"": 1.0, ""131"": 7.0, ""132"": 5.0, ""133"": 2.0, ""134"": 0.0, ""135"": 0.0, ""136"": 0.0, ""155"": 8.0, ""156"": 9.0, ""187"": 335.0, ""188"": 1.0, ""189"": 2.0, ""190"": 1.0, ""191"": 4.0, ""192"": 1.0, ""193"": 4.0, ""194"": 2.0, ""195"": 2.0, ""210"": 17.0}",2026-08-24T23:49:57-04:00
Michael Carter,4240657,RB,NYJ,ACTIVE,128.81749474,105.5,120.52437836,136.4,160.27238222817593,73.59583178689911,,,"{""23"": 104.5078904, ""24"": 448.7194369, ""25"": 2.716146192, ""26"": 0.19313263, ""27"": 89.0, ""28"": 44.0, ""29"": 22.0, ""30"": 17.0, ""31"": 8.0, ""33"": 20.0, ""34"": 10.0, ""35"": 0.203020021, ""36"": 0.142114015, ""37"": 0.536934468, ""38"": 0.018323513, ""39"": 4.293641706, ""40"": 29.68183046, ""42"": 368.6830351, ""43"": 1.573958855, ""44"": 0.131317667, ""45"": 0.057427176, ""46"": 0.03752866, ""47"": 73.0, ""48"": 36.0, ""49"": 18.0, ""50"": 14.0, ""51"": 7.0, ""53"": 43.36251517, ""54"": 8.0, ""55"": 4.0, ""56"": 0.186901884, ""57"": 0.005780471, ""58"": 60.96488286, ""60"": 8.502344333, ""61"": 24.38759376, ""62"": 0.324450297, ""63"": 0.004466952, ""66"": 0.717507537, ""67"": 0.297708922, ""68"": 1.015216459, ""70"": 0.330053467, ""71"": 0.166716997, ""72"": 0.496770463, ""73"": 0.496770463, ""210"": 15.11764706}","{""23"": 114.0, ""24"": 402.0, ""25"": 3.0, ""27"": 75.0, ""28"": 33.0, ""29"": 14.0, ""30"": 9.0, ""31"": 2.0, ""33"": 17.0, ""34"": 5.0, ""39"": 3.52631579, ""40"": 25.125, ""41"": 41.0, ""42"": 288.0, ""47"": 54.0, ""48"": 23.0, ""49"": 8.0, ""50"": 5.0, ""53"": 41.0, ""54"": 3.0, ""58"": 54.0, ""59"": 274.0, ""60"": 7.02439024, ""61"": 18.0, ""66"": 1.0, ""68"": 2.0, ""70"": 1.0, ""72"": 1.0, ""73"": 1.0, ""108"": 1.0, ""109"": 1.0, ""155"": 7.0, ""156"": 9.0, ""158"": 18.0, ""179"": 3.0, ""210"": 16.0, ""212"": 14.0, ""213"": 10.0}",2026-08-24T23:49:57-04:00
Jakobi Meyers,3916433,WR,LV,ACTIVE,137.71268033,146.8,147.86008281,144.8,161.69609856262835,71.6607683361017,,,"{""42"": 790.1199969, ""43"": 3.726905271, ""44"": 0.205041034, ""45"": 0.132618131, ""46"": 0.086665949, ""47"": 158.0, ""48"": 79.0, ""49"": 39.0, ""50"": 31.0, ""51"": 15.0, ""53"": 72.36491708, ""54"": 14.0, ""55"": 7.0, ""56"": 1.344978311, ""57"": 0.041597267, ""58"": 107.2833218, ""60"": 10.91855044, ""61"": 50.78275972, ""62"": 0.205041034, ""63"": 0.003792531, ""67"": 0.861938924, ""68"": 0.861938924, ""71"": 0.482685797, ""72"": 0.482685797, ""73"": 0.482685797, ""102"": 0.11868, ""115"": 105.78, ""118"": 10.0, ""119"": 4.0, ""210"": 15.55882353}","{""23"": 2.0, ""24"": -11.0, ""27"": 1.0, ""39"": -5.5, ""40"": -0.78571429, ""41"": 67.0, ""42"": 804.0, ""43"": 6.0, ""44"": 1.0, ""45"": 1.0, ""47"": 156.0, ""48"": 76.0, ""49"": 35.0, ""50"": 25.0, ""51"": 9.0, ""52"": 1.0, ""53"": 67.0, ""54"": 6.0, ""56"": 1.0, ""58"": 96.0, ""59"": 238.0, ""60"": 12.0, ""61"": 57.42857143, ""67"": 1.0, ""68"": 2.0, ""71"": 1.0, ""72"": 2.0, ""73"": 2.0, ""108"": 1.0, ""109"": 1.0, ""155"": 7.0, ""156"": 7.0, ""158"": 38.0, ""183"": 3.0, ""185"": 1.0, ""186"": 1.0, ""210"": 14.0, ""212"": 2.0, ""213"": 37.0}",2026-08-24T23:49:57-04:00
Chiefs D/ST,-16012,D/ST,KC,,66.69206037,106.0,77.00976484,108.0,164.95205003474635,71.45642277328498,,,"{""90"": 0.209876543, ""91"": 1.049382716, ""92"": 1.679012346, ""93"": 0.062508174, ""94"": 1.842802251, ""95"": 14.10269346, ""96"": 9.101902263, ""97"": 1.162271505, ""98"": 0.12264328, ""99"": 42.12010633, ""100"": 84.24021267, ""101"": 0.235355569, ""102"": 0.256781257, ""103"": 1.317326522, ""104"": 0.525475729, ""105"": 2.397447251, ""106"": 14.00292656, ""109"": 1035.19561, ""110"": 345.0, ""111"": 207.0, ""113"": 77.61897951, ""114"": 687.1847385, ""115"": 228.6125714, ""116"": 68.0, ""117"": 27.0, ""118"": 22.0, ""119"": 9.0, ""120"": 415.1429526, ""121"": 2.308641975, ""122"": 3.777777778, ""123"": 5.037037037, ""124"": 2.308641975, ""125"": 0.62962963, ""126"": 24.42017369, ""127"": 6161.533692, ""129"": 0.209876543, ""130"": 2.308641975, ""131"": 0.839506173, ""132"": 4.407407407, ""133"": 4.827160494, ""134"": 3.148148148, ""135"": 1.259259259, ""137"": 362.4431583, ""160"": -415.1429526, ""210"": 17.0}","{""89"": 0.0, ""90"": 0.0, ""91"": 3.0, ""92"": 2.0, ""94"": 2.0, ""95"": 11.0, ""96"": 9.0, ""98"": 1.0, ""99"": 55.0, ""100"": 110.0, ""103"": 2.0, ""105"": 2.0, ""106"": 12.0, ""107"": 448.0, ""108"": 707.0, ""109"": 1155.0, ""110"": 379.0, ""111"": 224.0, ""112"": 59.0, ""113"": 85.0, ""114"": 692.0, ""115"": 241.0, ""116"": 64.0, ""117"": 20.0, ""118"": 17.0, ""119"": 3.0, ""120"": 369.0, ""121"": 2.0, ""122"": 7.0, ""123"": 3.0, ""124"": 0.0, ""127"": 5579.0, ""128"": 0.0, ""129"": 1.0, ""130"": 5.0, ""131"": 4.0, ""132"": 3.0, ""133"": 4.0, ""134"": 0.0, ""135"": 0.0, ""136"": 0.0, ""155"": 14.0, ""156"": 3.0, ""187"": 369.0, ""188"": 0.0, ""189"": 0.0, ""190"": 3.0, ""191"": 2.0, ""192"": 2.0, ""193"": 7.0, ""194"": 3.0, ""195"": 0.0, ""210"": 17.0}",2026-08-24T23:49:57-04:00
Jared Goff,3046779,QB,DET,ACTIVE,284.56985488,340.9,297.31204927,231.3,168.45392335766422,71.23058762535429,,,"{""0"": 544.9559138, ""1"": 353.0648641, ""2"": 191.8910497, ""3"": 3797.57185, ""4"": 24.28074761, ""5"": 759.0, ""6"": 379.0, ""7"": 189.0, ""8"": 151.0, ""9"": 75.0, ""10"": 37.0, ""11"": 70.0, ""12"": 35.0, ""15"": 3.060124671, ""16"": 1.999791473, ""17"": 2.945949394, ""18"": 0.39792052, ""19"": 1.823560048, ""20"": 11.23321744, ""21"": 0.647877847, ""22"": 237.3482406, ""23"": 26.61505899, ""24"": 76.28321444, ""25"": 1.103733934, ""26"": 0.070673876, ""27"": 15.0, ""28"": 7.0, ""29"": 3.0, ""30"": 3.0, ""31"": 1.0, ""33"": 5.0, ""34"": 2.0, ""35"": 0.049560463, ""36"": 0.034692324, ""37"": 0.015400273, ""38"": 0.000525552, ""39"": 2.866167401, ""40"": 4.767700903, ""62"": 1.894233924, ""63"": 0.038971637, ""64"": 36.2360945, ""65"": 8.469345664, ""66"": 0.387844518, ""68"": 8.857190182, ""69"": 4.065285918, ""70"": 0.178408478, ""72"": 4.243694397, ""73"": 15.47691184, ""210"": 16.0}","{""0"": 587.0, ""1"": 382.0, ""2"": 205.0, ""3"": 4438.0, ""4"": 29.0, ""5"": 883.0, ""6"": 436.0, ""7"": 213.0, ""8"": 171.0, ""9"": 81.0, ""10"": 37.0, ""11"": 70.0, ""12"": 31.0, ""13"": 35.0, ""14"": 13.0, ""15"": 3.0, ""16"": 1.0, ""17"": 5.0, ""19"": 1.0, ""20"": 7.0, ""21"": 0.65076661, ""22"": 261.05882353, ""23"": 29.0, ""24"": 73.0, ""26"": 1.0, ""27"": 10.0, ""28"": 2.0, ""39"": 2.51724138, ""40"": 4.29411765, ""41"": 1.0, ""42"": 5.0, ""47"": 1.0, ""53"": 1.0, ""58"": 1.0, ""59"": 5.0, ""60"": 5.0, ""61"": 0.29411765, ""64"": 23.0, ""65"": 4.0, ""66"": 3.0, ""68"": 7.0, ""69"": 3.0, ""70"": 1.0, ""72"": 4.0, ""73"": 11.0, ""108"": 2.0, ""109"": 2.0, ""155"": 9.0, ""156"": 8.0, ""158"": 176.0, ""175"": 19.0, ""176"": 3.0, ""177"": 3.0, ""178"": 1.0, ""210"": 17.0, ""211"": 224.0, ""212"": 6.0}",2026-08-24T23:49:57-04:00
Tyler Boyd,3045144,WR,CIN,QUESTIONABLE,134.90343141,138.0,167.20926606,150.3,154.20592930444698,70.63143555288401,,,"{""23"": 2.067500904, ""24"": 13.09983094, ""25"": 0.083360208, ""26"": 0.004011055, ""27"": 2.0, ""28"": 1.0, ""35"": 0.003795878, ""36"": 0.002657115, ""37"": 0.000347737, ""38"": 1.19e-05, ""39"": 6.336070234, ""40"": 0.815740388, ""42"": 739.625373, ""43"": 4.364635181, ""44"": 0.235829506, ""45"": 0.165352495, ""46"": 0.108057855, ""47"": 147.0, ""48"": 73.0, ""49"": 36.0, ""50"": 29.0, ""51"": 14.0, ""53"": 66.76961858, ""54"": 13.0, ""55"": 6.0, ""56"": 1.12826677, ""57"": 0.034894849, ""58"": 95.26212379, ""60"": 11.0772742, ""61"": 46.05725766, ""62"": 0.239840561, ""63"": 0.003639904, ""66"": 0.024846216, ""67"": 0.802404657, ""68"": 0.827250873, ""70"": 0.011429259, ""71"": 0.449346608, ""72"": 0.460775867, ""73"": 0.460775867, ""210"": 16.05882353}","{""0"": 1.0, ""1"": 1.0, ""3"": 23.0, ""5"": 4.0, ""6"": 2.0, ""7"": 1.0, ""21"": 1.0, ""22"": 1.4375, ""41"": 58.0, ""42"": 762.0, ""43"": 5.0, ""44"": 1.0, ""45"": 2.0, ""46"": 2.0, ""47"": 148.0, ""48"": 70.0, ""49"": 31.0, ""50"": 23.0, ""51"": 8.0, ""52"": 2.0, ""53"": 58.0, ""54"": 5.0, ""56"": 2.0, ""58"": 82.0, ""59"": 249.0, ""60"": 13.13793103, ""61"": 47.625, ""64"": 1.0, ""155"": 12.0, ""156"": 4.0, ""158"": 32.0, ""183"": 2.0, ""184"": 1.0, ""210"": 16.0, ""211"": 1.0, ""213"": 41.0}",2026-08-24T23:49:57-04:00
Kareem Hunt,3059915,RB,CLE,ACTIVE,158.96077888,109.3,161.77683911,99.0,146.08759124087592,70.34308400183221,,,"{""23"": 125.5901272, ""24"": 556.4386744, ""25"": 4.498263765, ""26"": 0.175246555, ""27"": 111.0, ""28"": 55.0, ""29"": 27.0, ""30"": 22.0, ""31"": 11.0, ""33"": 25.0, ""34"": 12.0, ""35"": 0.246167784, ""36"": 0.172317449, ""37"": 0.802704393, ""38"": 0.027393221, ""39"": 4.430592489, ""40"": 36.80722749, ""42"": 401.8742709, ""43"": 2.147838726, ""44"": 0.129226462, ""45"": 0.079144445, ""46"": 0.051720895, ""47"": 80.0, ""48"": 40.0, ""49"": 20.0, ""50"": 16.0, ""51"": 8.0, ""53"": 47.09198505, ""54"": 9.0, ""55"": 4.0, ""56"": 0.224962687, ""57"": 0.006957609, ""58"": 61.59256807, ""60"": 8.533814629, ""61"": 26.58312298, ""62"": 0.304473017, ""63"": 0.00407279, ""66"": 0.673205263, ""67"": 0.252428856, ""68"": 0.925634119, ""70"": 0.309674421, ""71"": 0.141360159, ""72"": 0.45103458, ""73"": 0.45103458, ""210"": 15.11764706}","{""23"": 123.0, ""24"": 468.0, ""25"": 3.0, ""27"": 86.0, ""28"": 38.0, ""29"": 16.0, ""30"": 10.0, ""31"": 2.0, ""33"": 18.0, ""34"": 6.0, ""39"": 3.80487805, ""40"": 27.52941176, ""41"": 35.0, ""42"": 210.0, ""43"": 1.0, ""47"": 36.0, ""48"": 15.0, ""49"": 3.0, ""50"": 1.0, ""53"": 35.0, ""58"": 44.0, ""59"": 243.0, ""60"": 6.0, ""61"": 12.35294118, ""66"": 1.0, ""68"": 1.0, ""155"": 7.0, ""156"": 10.0, ""158"": 24.0, ""179"": 2.0, ""181"": 1.0, ""183"": 1.0, ""210"": 17.0, ""212"": 31.0, ""213"": 11.0}",2026-08-24T23:49:57-04:00
Tyler Allgeier,4373626,RB,ATL,ACTIVE,75.33355031,151.4,,,168.9627148917169,69.8750862516628,,,"{""23"": 99.25302825, ""24"": 409.6066254, ""25"": 2.044786852, ""26"": 0.094873658, ""27"": 81.0, ""28"": 40.0, ""29"": 20.0, ""30"": 16.0, ""31"": 8.0, ""33"": 19.0, ""34"": 9.0, ""35"": 0.191965084, ""36"": 0.134375559, ""37"": 0.436996062, ""38"": 0.014912999, ""39"": 4.126892978, ""40"": 27.09460168, ""42"": 115.5774863, ""43"": 0.528048188, ""44"": 0.028756416, ""45"": 0.040415141, ""46"": 0.026411295, ""47"": 23.0, ""48"": 11.0, ""49"": 5.0, ""50"": 4.0, ""51"": 2.0, ""53"": 16.05458752, ""54"": 3.0, ""55"": 1.0, ""56"": 0.048127729, ""57"": 0.001488486, ""58"": 21.1291528, ""60"": 7.199031812, ""61"": 7.645203372, ""62"": 0.123630074, ""63"": 0.004161296, ""66"": 0.814069927, ""67"": 0.131679175, ""68"": 0.945749102, ""70"": 0.374472166, ""71"": 0.073740338, ""72"": 0.448212505, ""73"": 0.448212505, ""210"": 15.11764706}","{""23"": 210.0, ""24"": 1035.0, ""25"": 3.0, ""26"": 1.0, ""27"": 201.0, ""28"": 97.0, ""29"": 43.0, ""30"": 35.0, ""31"": 13.0, ""32"": 2.0, ""33"": 37.0, ""34"": 15.0, ""37"": 2.0, ""39"": 4.92857143, ""40"": 64.6875, ""41"": 16.0, ""42"": 139.0, ""43"": 1.0, ""47"": 29.0, ""48"": 13.0, ""49"": 6.0, ""50"": 2.0, ""53"": 16.0, ""58"": 17.0, ""59"": 164.0, ""60"": 8.6875, ""61"": 8.6875, ""107"": 1.0, ""108"": 2.0, ""109"": 3.0, ""155"": 7.0, ""156"": 9.0, ""158"": 26.0, ""179"": 3.0, ""185"": 1.0, ""210"": 16.0, ""212"": 53.0, ""213"": 8.0}",2026-08-24T23:49:57-04:00
Cole Kmet,4258595,TE,CHI,ACTIVE,115.92273937,122.3,94.58709838,91.2,162.75410583941607,68.51040763380608,,,"{""42"": 640.6160621, ""43"": 3.719197946, ""44"": 0.248868834, ""45"": 0.109105937, ""46"": 0.07130073, ""47"": 128.0, ""48"": 64.0, ""49"": 32.0, ""50"": 25.0, ""51"": 12.0, ""53"": 59.67517197, ""54"": 11.0, ""55"": 5.0, ""56"": 0.753909099, ""57"": 0.023316776, ""58"": 91.07193573, ""60"": 10.7350518, ""61"": 39.89184269, ""62"": 0.248868834, ""63"": 0.003101129, ""67"": 0.704801938, ""68"": 0.704801938, ""71"": 0.394689085, ""72"": 0.394689085, ""73"": 0.394689085, ""210"": 16.05882353}","{""23"": 2.0, ""24"": 9.0, ""27"": 1.0, ""39"": 4.5, ""40"": 0.52941176, ""41"": 50.0, ""42"": 544.0, ""43"": 7.0, ""45"": 1.0, ""46"": 1.0, ""47"": 105.0, ""48"": 48.0, ""49"": 20.0, ""50"": 15.0, ""51"": 3.0, ""53"": 50.0, ""54"": 3.0, ""58"": 69.0, ""59"": 286.0, ""60"": 10.88, ""61"": 32.0, ""67"": 1.0, ""68"": 1.0, ""106"": 1.0, ""108"": 1.0, ""109"": 1.0, ""155"": 3.0, ""156"": 14.0, ""158"": 42.0, ""183"": 2.0, ""184"": 4.0, ""210"": 17.0, ""212"": 1.0, ""213"": 25.0}",2026-08-24T23:49:57-04:00
Jeff Wilson Jr.,3122976,RB,MIA,ACTIVE,45.24020658,147.5,0.0,48.0,169.0647810218978,67.0831329723516,,,"{""23"": 44.74602565, ""24"": 183.4765136, ""25"": 1.795589043, ""26"": 0.051928544, ""27"": 36.0, ""28"": 18.0, ""29"": 9.0, ""30"": 7.0, ""31"": 3.0, ""33"": 8.0, ""34"": 4.0, ""35"": 0.08407755, ""36"": 0.058854285, ""37"": 0.086575788, ""38"": 0.0029545, ""39"": 4.100397988, ""40"": 12.13657872, ""42"": 77.42550597, ""43"": 0.645770876, ""44"": 0.03318328, ""45"": 0.039836428, ""46"": 0.026033106, ""47"": 15.0, ""48"": 7.0, ""49"": 3.0, ""50"": 3.0, ""51"": 1.0, ""53"": 9.901517254, ""54"": 1.0, ""56"": 0.035879627, ""57"": 0.001109679, ""58"": 14.19866336, ""60"": 7.819559769, ""61"": 5.121531523, ""62"": 0.085111824, ""63"": 0.002848877, ""66"": 0.530157398, ""67"": 0.117314612, ""68"": 0.647472009, ""70"": 0.243872403, ""71"": 0.065696183, ""72"": 0.309568585, ""73"": 0.309568585, ""210"": 15.11764706}","{""23"": 176.0, ""24"": 860.0, ""25"": 5.0, ""27"": 165.0, ""28"": 79.0, ""29"": 35.0, ""30"": 27.0, ""31"": 10.0, ""32"": 2.0, ""33"": 27.0, ""34"": 8.0, ""37"": 2.0, ""39"": 4.88636364, ""40"": 53.75, ""41"": 22.0, ""42"": 185.0, ""43"": 1.0, ""47"": 32.0, ""48"": 15.0, ""49"": 5.0, ""50"": 2.0, ""53"": 22.0, ""58"": 37.0, ""59"": 136.0, ""60"": 8.40909091, ""61"": 11.5625, ""66"": 2.0, ""67"": 1.0, ""68"": 3.0, ""70"": 1.0, ""71"": 1.0, ""72"": 2.0, ""73"": 2.0, ""108"": 2.0, ""109"": 2.0, ""155"": 8.0, ""156"": 8.0, ""158"": 36.0, ""179"": 3.0, ""181"": 1.0, ""182"": 1.0, ""184"": 1.0, ""210"": 16.0, ""212"": 43.0, ""213"": 7.0}",2026-08-24T23:49:57-04:00
Dameon Pierce,4360238,RB,HOU,QUESTIONABLE,167.56394583,151.4,,,112.7465952221478,67.01382779335887,,,"{""23"": 210.7533114, ""24"": 905.1106102, ""25"": 5.32542913, ""26"": 0.280193433, ""27"": 181.0, ""28"": 90.0, ""29"": 45.0, ""30"": 36.0, ""31"": 18.0, ""33"": 42.0, ""34"": 21.0, ""35"": 0.430932199, ""36"": 0.301652539, ""37"": 2.113912017, ""38"": 0.072139707, ""39"": 4.294644788, ""40"": 59.87112986, ""42"": 238.1163349, ""43"": 1.074744084, ""44"": 0.063518403, ""45"": 0.04628793, ""46"": 0.030249162, ""47"": 47.0, ""48"": 23.0, ""49"": 11.0, ""50"": 9.0, ""51"": 4.0, ""53"": 32.07548874, ""54"": 6.0, ""55"": 3.0, ""56"": 0.090131327, ""57"": 0.002787567, ""58"": 41.58008646, ""60"": 7.423622968, ""61"": 15.75088597, ""62"": 0.343711836, ""63"": 0.008763363, ""66"": 1.728591418, ""67"": 0.263082056, ""68"": 1.991673474, ""70"": 0.795152052, ""71"": 0.147325952, ""72"": 0.942478004, ""73"": 0.942478004, ""210"": 15.11764706}","{""23"": 220.0, ""24"": 939.0, ""25"": 4.0, ""27"": 181.0, ""28"": 87.0, ""29"": 39.0, ""30"": 31.0, ""31"": 11.0, ""32"": 2.0, ""33"": 41.0, ""34"": 17.0, ""35"": 1.0, ""36"": 1.0, ""37"": 2.0, ""39"": 4.26818182, ""40"": 72.23076923, ""41"": 30.0, ""42"": 165.0, ""43"": 1.0, ""47"": 28.0, ""48"": 10.0, ""49"": 4.0, ""50"": 2.0, ""53"": 30.0, ""54"": 1.0, ""58"": 39.0, ""59"": 197.0, ""60"": 5.5, ""61"": 12.69230769, ""66"": 4.0, ""68"": 4.0, ""70"": 2.0, ""72"": 2.0, ""73"": 2.0, ""108"": 1.0, ""109"": 1.0, ""155"": 1.0, ""156"": 11.0, ""158"": 30.0, ""179"": 3.0, ""183"": 1.0, ""210"": 13.0, ""212"": 53.0, ""213"": 7.0}",2026-08-24T23:49:57-04:00
Buccaneers D/ST,-16027,D/ST,TB,,109.14491533,87.0,140.49529341,122.0,112.98911280982163,66.51021239048322,,,"{""90"": 1.049382716, ""91"": 3.358024691, ""92"": 2.308641975, ""93"": 0.067497477, ""94"": 1.804630921, ""95"": 14.47488054, ""96"": 9.897938868, ""97"": 1.050034672, ""98"": 0.125786664, ""99"": 44.78339521, ""100"": 89.56679043, ""101"": 0.178784, ""102"": 0.187824, ""103"": 1.260755406, ""104"": 0.543875515, ""105"": 2.238736398, ""106"": 15.22759826, ""109"": 1015.783605, ""110"": 338.0, ""111"": 203.0, ""113"": 80.01414168, ""114"": 573.8, ""115"": 172.0, ""116"": 57.0, ""117"": 22.0, ""118"": 17.0, ""119"": 6.0, ""120"": 362.6511578, ""121"": 1.888888889, ""122"": 4.197530864, ""123"": 3.358024691, ""124"": 0.839506173, ""126"": 21.33242105, ""127"": 5799.085587, ""129"": 1.259259259, ""130"": 6.925925926, ""131"": 4.407407407, ""132"": 2.098765432, ""133"": 1.049382716, ""134"": 0.209876543, ""135"": 0.62962963, ""136"": 0.419753086, ""137"": 341.1226816, ""160"": -362.6511578, ""210"": 17.0}","{""89"": 0.0, ""90"": 1.0, ""91"": 2.0, ""92"": 5.0, ""94"": 1.0, ""95"": 10.0, ""96"": 10.0, ""97"": 1.0, ""99"": 44.0, ""100"": 88.0, ""103"": 1.0, ""105"": 1.0, ""106"": 12.0, ""107"": 389.0, ""108"": 730.0, ""109"": 1119.0, ""110"": 367.0, ""111"": 217.0, ""112"": 83.0, ""113"": 59.0, ""114"": 595.0, ""115"": 391.0, ""116"": 54.0, ""117"": 17.0, ""118"": 34.0, ""119"": 8.0, ""120"": 358.0, ""121"": 2.0, ""122"": 3.0, ""123"": 2.0, ""124"": 2.0, ""127"": 5513.0, ""128"": 0.0, ""129"": 0.0, ""130"": 7.0, ""131"": 4.0, ""132"": 2.0, ""133"": 3.0, ""134"": 1.0, ""135"": 0.0, ""136"": 0.0, ""155"": 8.0, ""156"": 9.0, ""187"": 358.0, ""188"": 0.0, ""189"": 1.0, ""190"": 2.0, ""191"": 5.0, ""192"": 2.0, ""193"": 3.0, ""194"": 2.0, ""195"": 2.0, ""210"": 17.0}",2026-08-24T23:49:57-04:00
Zonovan Knight,4427728,RB,NYJ,ACTIVE,0.0,52.5,,,169.8665602189781,65.25815217391305,,,{},"{""23"": 85.0, ""24"": 300.0, ""25"": 1.0, ""27"": 58.0, ""28"": 28.0, ""29"": 13.0, ""30"": 8.0, ""31"": 3.0, ""33"": 14.0, ""34"": 5.0, ""39"": 3.52941176, ""40"": 37.5, ""41"": 13.0, ""42"": 100.0, ""47"": 18.0, ""48"": 7.0, ""49"": 2.0, ""50"": 2.0, ""53"": 13.0, ""54"": 1.0, ""58"": 14.0, ""59"": 132.0, ""60"": 7.69230769, ""61"": 12.5, ""66"": 1.0, ""67"": 1.0, ""68"": 2.0, ""114"": 18.0, ""116"": 1.0, ""155"": 1.0, ""156"": 7.0, ""158"": 6.0, ""180"": 1.0, ""210"": 8.0, ""212"": 14.0, ""213"": 5.0}",2026-08-24T23:49:57-04:00
Rachaad White,4697815,RB,TB,ACTIVE,83.7968002,114.1,,,169.3067649028801,64.33487388771002,,,"{""23"": 76.33980937, ""24"": 324.8676991, ""25"": 2.54231691, ""26"": 0.094188742, ""27"": 64.0, ""28"": 32.0, ""29"": 16.0, ""30"": 12.0, ""31"": 6.0, ""33"": 15.0, ""34"": 7.0, ""35"": 0.145850147, ""36"": 0.102095103, ""37"": 0.272206695, ""38"": 0.00928937, ""39"": 4.255547685, ""40"": 21.48930305, ""42"": 184.1900646, ""43"": 1.003866884, ""44"": 0.038206958, ""45"": 0.045074276, ""46"": 0.029456039, ""47"": 36.0, ""48"": 18.0, ""49"": 9.0, ""50"": 7.0, ""51"": 3.0, ""53"": 24.29673998, ""54"": 4.0, ""55"": 2.0, ""56"": 0.069153347, ""57"": 0.002138763, ""58"": 32.40126204, ""60"": 7.580855078, ""61"": 12.1837786, ""62"": 0.1323957, ""63"": 0.003631837, ""66"": 0.626136493, ""67"": 0.199281026, ""68"": 0.82541752, ""70"": 0.288022787, ""71"": 0.111597375, ""72"": 0.399620162, ""73"": 0.399620162, ""210"": 15.11764706}","{""23"": 129.0, ""24"": 481.0, ""25"": 1.0, ""27"": 89.0, ""28"": 40.0, ""29"": 16.0, ""30"": 12.0, ""31"": 4.0, ""32"": 1.0, ""33"": 18.0, ""34"": 6.0, ""37"": 1.0, ""39"": 3.72868217, ""40"": 28.29411765, ""41"": 50.0, ""42"": 290.0, ""43"": 2.0, ""47"": 54.0, ""48"": 23.0, ""49"": 10.0, ""50"": 6.0, ""51"": 1.0, ""53"": 50.0, ""54"": 5.0, ""58"": 58.0, ""59"": 319.0, ""60"": 5.8, ""61"": 17.05882353, ""66"": 1.0, ""67"": 1.0, ""68"": 3.0, ""70"": 1.0, ""71"": 1.0, ""72"": 3.0, ""73"": 3.0, ""107"": 2.0, ""108"": 4.0, ""109"": 6.0, ""114"": 244.0, ""116"": 22.0, ""117"": 7.0, ""155"": 8.0, ""156"": 9.0, ""158"": 18.0, ""179"": 1.0, ""183"": 2.0, ""210"": 17.0, ""212"": 27.0, ""213"": 13.0}",2026-08-24T23:49:57-04:00
Daniel Jones,3917792,QB,NYG,ACTIVE,292.49817807,317.8,301.0318465,186.1,161.24384124087592,64.08549121600537,,,"{""0"": 528.0549045, ""1"": 334.9343051, ""2"": 193.1205994, ""3"": 3701.61713, ""4"": 20.22119579, ""5"": 740.0, ""6"": 370.0, ""7"": 185.0, ""8"": 148.0, ""9"": 74.0, ""10"": 37.0, ""11"": 66.0, ""12"": 33.0, ""15"": 3.082688376, ""16"": 2.014536854, ""17"": 3.192079947, ""18"": 0.431166304, ""19"": 1.197444911, ""20"": 11.76456349, ""21"": 0.634279319, ""22"": 246.7744753, ""23"": 72.83831955, ""24"": 380.0904791, ""25"": 2.717645115, ""26"": 0.13721006, ""27"": 76.0, ""28"": 38.0, ""29"": 19.0, ""30"": 15.0, ""31"": 7.0, ""33"": 14.0, ""34"": 7.0, ""35"": 0.139580385, ""36"": 0.097706269, ""37"": 0.420190112, ""38"": 0.014339476, ""39"": 5.218276333, ""40"": 25.33936527, ""62"": 1.334654971, ""63"": 0.047360867, ""64"": 36.75702518, ""65"": 9.534288583, ""66"": 1.229544778, ""68"": 10.76383336, ""69"": 4.57645852, ""70"": 0.565590598, ""72"": 5.142049117, ""73"": 16.90661261, ""210"": 15.0}","{""0"": 472.0, ""1"": 317.0, ""2"": 155.0, ""3"": 3205.0, ""4"": 15.0, ""5"": 635.0, ""6"": 313.0, ""7"": 152.0, ""8"": 121.0, ""9"": 56.0, ""10"": 23.0, ""11"": 57.0, ""12"": 24.0, ""13"": 24.0, ""14"": 8.0, ""15"": 2.0, ""16"": 2.0, ""17"": 2.0, ""19"": 2.0, ""20"": 5.0, ""21"": 0.67161017, ""22"": 200.3125, ""23"": 120.0, ""24"": 708.0, ""25"": 7.0, ""27"": 136.0, ""28"": 64.0, ""29"": 28.0, ""30"": 21.0, ""31"": 7.0, ""32"": 1.0, ""33"": 19.0, ""34"": 6.0, ""37"": 1.0, ""39"": 5.9, ""40"": 44.25, ""64"": 44.0, ""65"": 4.0, ""66"": 2.0, ""68"": 6.0, ""69"": 2.0, ""70"": 1.0, ""72"": 3.0, ""73"": 8.0, ""155"": 9.0, ""156"": 6.0, ""158"": 132.0, ""175"": 11.0, ""176"": 1.0, ""178"": 1.0, ""179"": 4.0, ""180"": 2.0, ""181"": 1.0, ""210"": 16.0, ""211"": 154.0, ""212"": 56.0}",2026-08-24T23:49:57-04:00
Deshaun Watson,3122840,QB,CLE,ACTIVE,130.8263538,99.3,0.0,0.0,168.00638686131387,63.83571666444414,,,"{""0"": 182.9940323, ""1"": 120.0156449, ""2"": 62.97838742, ""3"": 1384.823089, ""4"": 9.375023599, ""5"": 276.0, ""6"": 138.0, ""7"": 69.0, ""8"": 55.0, ""9"": 27.0, ""10"": 13.0, ""11"": 24.0, ""12"": 12.0, ""15"": 1.09036466, ""16"": 0.712553305, ""17"": 1.000991755, ""18"": 0.13520774, ""19"": 0.536944209, ""20"": 3.886236164, ""21"": 0.655844583, ""22"": 230.8038481, ""23"": 35.01730169, ""24"": 183.6101227, ""25"": 1.753845877, ""26"": 0.072252535, ""27"": 36.0, ""28"": 18.0, ""29"": 9.0, ""30"": 7.0, ""31"": 3.0, ""33"": 7.0, ""34"": 3.0, ""35"": 0.067684948, ""36"": 0.047379463, ""37"": 0.245347214, ""38"": 0.008372759, ""39"": 5.24341151, ""40"": 30.60168712, ""62"": 0.609196744, ""63"": 0.013623309, ""64"": 15.63151374, ""65"": 2.632161538, ""66"": 0.464045016, ""68"": 3.096206553, ""69"": 1.263437538, ""70"": 0.213460707, ""72"": 1.476898245, ""73"": 5.363134409, ""210"": 6.0}","{""0"": 170.0, ""1"": 99.0, ""2"": 71.0, ""3"": 1102.0, ""4"": 7.0, ""5"": 219.0, ""6"": 108.0, ""7"": 52.0, ""8"": 42.0, ""9"": 19.0, ""10"": 8.0, ""11"": 17.0, ""12"": 6.0, ""13"": 13.0, ""14"": 5.0, ""15"": 1.0, ""20"": 5.0, ""21"": 0.58235294, ""22"": 183.66666667, ""23"": 36.0, ""24"": 175.0, ""25"": 1.0, ""27"": 32.0, ""28"": 16.0, ""29"": 7.0, ""30"": 3.0, ""33"": 5.0, ""39"": 4.86111111, ""40"": 29.16666667, ""64"": 20.0, ""66"": 1.0, ""68"": 1.0, ""73"": 5.0, ""108"": 1.0, ""109"": 1.0, ""155"": 3.0, ""156"": 3.0, ""158"": 48.0, ""175"": 2.0, ""176"": 3.0, ""178"": 1.0, ""180"": 1.0, ""210"": 6.0, ""211"": 54.0, ""212"": 10.0}",2026-08-24T23:49:57-04:00
Joshua Palmer,4242433,WR,LAC,ACTIVE,123.68460132,133.3,70.77843106,76.4,168.45541619156214,62.649162555619185,,,"{""42"": 636.2399206, ""43"": 5.463429827, ""44"": 0.418231377, ""45"": 0.148991104, ""46"": 0.097365687, ""47"": 127.0, ""48"": 63.0, ""49"": 31.0, ""50"": 25.0, ""51"": 12.0, ""53"": 54.45384549, ""54"": 10.0, ""55"": 5.0, ""56"": 0.741323783, ""57"": 0.02292754, ""58"": 84.03935365, ""60"": 11.68402185, ""61"": 39.61933571, ""62"": 0.418231377, ""63"": 0.003077467, ""67"": 0.699424284, ""68"": 0.699424284, ""71"": 0.391677599, ""72"": 0.391677599, ""73"": 0.391677599, ""210"": 16.05882353}","{""23"": 1.0, ""24"": 4.0, ""39"": 4.0, ""40"": 0.25, ""41"": 72.0, ""42"": 769.0, ""43"": 3.0, ""44"": 1.0, ""45"": 1.0, ""46"": 1.0, ""47"": 148.0, ""48"": 69.0, ""49"": 31.0, ""50"": 24.0, ""51"": 9.0, ""52"": 2.0, ""53"": 72.0, ""54"": 7.0, ""56"": 2.0, ""58"": 107.0, ""59"": 255.0, ""60"": 10.68055556, ""61"": 48.0625, ""67"": 1.0, ""68"": 1.0, ""106"": 1.0, ""108"": 1.0, ""109"": 1.0, ""155"": 10.0, ""156"": 6.0, ""158"": 20.0, ""183"": 2.0, ""210"": 16.0, ""212"": 1.0, ""213"": 39.0}",2026-08-24T23:49:57-04:00
Jason Myers,2473037,K,SEA,ACTIVE,124.21462735,156.0,140.20126166,98.0,166.56899331951163,61.29301194730405,,,"{""74"": 3.448570353, ""75"": 5.476389271, ""76"": 2.027818918, ""77"": 7.905113717, ""78"": 10.29692354, ""79"": 2.391809823, ""80"": 16.23171094, ""81"": 17.01943732, ""82"": 0.787726373, ""83"": 27.58539501, ""84"": 32.79275013, ""85"": 5.207355113, ""86"": 31.86354301, ""87"": 33.97994754, ""88"": 2.116404529, ""198"": 3.448570353, ""199"": 5.476389271, ""200"": 2.027818918, ""210"": 17.0}","{""74"": 6.0, ""75"": 6.0, ""77"": 4.0, ""78"": 6.0, ""79"": 2.0, ""80"": 24.0, ""81"": 25.0, ""82"": 1.0, ""83"": 34.0, ""84"": 37.0, ""85"": 3.0, ""86"": 41.0, ""87"": 42.0, ""88"": 1.0, ""107"": 1.0, ""108"": 2.0, ""109"": 3.0, ""155"": 9.0, ""156"": 8.0, ""158"": 143.0, ""198"": 6.0, ""199"": 6.0, ""210"": 17.0, ""214"": 1234.0, ""215"": 126.0, ""216"": 1360.0, ""217"": 240.0, ""218"": 114.0, ""219"": 55.0, ""220"": 42.0, ""221"": 15.0, ""222"": 3.0, ""223"": 24.0, ""224"": 11.0, ""225"": 5.0, ""226"": 3.0, ""229"": 265.0, ""230"": 127.0, ""231"": 61.0, ""232"": 46.0, ""233"": 18.0, ""234"": 5.0}",2026-08-24T23:49:57-04:00
George Pickens,4426354,WR,PIT,ACTIVE,118.938362,140.5,,,161.64013683010262,61.27785318161513,,,"{""42"": 727.4836253, ""43"": 3.062234171, ""44"": 0.206451354, ""45"": 0.166486666, ""46"": 0.108799036, ""47"": 145.0, ""48"": 72.0, ""49"": 36.0, ""50"": 29.0, ""51"": 14.0, ""53"": 56.14358863, ""54"": 11.0, ""55"": 5.0, ""56"": 1.07243475, ""57"": 0.033168085, ""58"": 93.46375141, ""60"": 12.95755478, ""61"": 45.30117813, ""62"": 0.206451354, ""63"": 0.002624689, ""67"": 0.596520161, ""68"": 0.596520161, ""71"": 0.33405129, ""72"": 0.33405129, ""73"": 0.33405129, ""210"": 16.05882353}","{""23"": 3.0, ""24"": 24.0, ""25"": 1.0, ""27"": 4.0, ""28"": 2.0, ""29"": 1.0, ""39"": 8.0, ""40"": 1.41176471, ""41"": 52.0, ""42"": 801.0, ""43"": 4.0, ""44"": 1.0, ""47"": 152.0, ""48"": 73.0, ""49"": 33.0, ""50"": 27.0, ""51"": 10.0, ""52"": 1.0, ""53"": 52.0, ""54"": 4.0, ""56"": 1.0, ""58"": 84.0, ""59"": 104.0, ""60"": 15.40384615, ""61"": 47.11764706, ""108"": 1.0, ""109"": 1.0, ""155"": 9.0, ""156"": 8.0, ""158"": 32.0, ""179"": 1.0, ""183"": 1.0, ""184"": 1.0, ""185"": 1.0, ""186"": 1.0, ""210"": 17.0, ""212"": 2.0, ""213"": 38.0}",2026-08-24T23:49:57-04:00
Curtis Samuel,3121427,WR,WSH,ACTIVE,110.66428023,144.3,134.92871308,6.8,167.66408209806158,58.58077063431825,,,"{""23"": 13.33196073, ""24"": 75.96289957, ""25"": 0.698619654, ""26"": 0.043182479, ""27"": 15.0, ""28"": 7.0, ""29"": 3.0, ""30"": 3.0, ""31"": 1.0, ""33"": 2.0, ""34"": 1.0, ""35"": 0.024627367, ""36"": 0.017239157, ""37"": 0.014388993, ""38"": 0.000491041, ""39"": 5.69780403, ""40"": 5.02478324, ""42"": 522.303889, ""43"": 3.802912414, ""44"": 0.340661664, ""45"": 0.130792349, ""46"": 0.0854728, ""47"": 104.0, ""48"": 52.0, ""49"": 26.0, ""50"": 20.0, ""51"": 10.0, ""53"": 44.67339681, ""54"": 8.0, ""55"": 4.0, ""56"": 0.434060434, ""57"": 0.01342455, ""58"": 71.0872926, ""60"": 11.69160902, ""61"": 34.54928449, ""62"": 0.383844143, ""63"": 0.002868263, ""66"": 0.149827727, ""67"": 0.502050196, ""68"": 0.651877923, ""70"": 0.068920754, ""71"": 0.28114811, ""72"": 0.350068864, ""73"": 0.350068864, ""102"": 0.23736, ""115"": 211.56, ""118"": 21.0, ""119"": 8.0, ""210"": 15.11764706}","{""23"": 38.0, ""24"": 187.0, ""25"": 1.0, ""27"": 33.0, ""28"": 14.0, ""29"": 4.0, ""30"": 2.0, ""33"": 2.0, ""39"": 4.92105263, ""40"": 11.0, ""41"": 64.0, ""42"": 656.0, ""43"": 4.0, ""45"": 1.0, ""47"": 126.0, ""48"": 59.0, ""49"": 26.0, ""50"": 21.0, ""51"": 8.0, ""53"": 64.0, ""54"": 7.0, ""58"": 92.0, ""59"": 289.0, ""60"": 10.25, ""61"": 38.58823529, ""66"": 1.0, ""68"": 1.0, ""70"": 1.0, ""72"": 1.0, ""73"": 1.0, ""108"": 2.0, ""109"": 2.0, ""155"": 8.0, ""156"": 8.0, ""158"": 30.0, ""180"": 1.0, ""183"": 1.0, ""184"": 1.0, ""185"": 1.0, ""210"": 17.0, ""212"": 11.0, ""213"": 34.0}",2026-08-24T23:49:57-04:00
Kyler Murray,3917315,QB,ARI,QUESTIONABLE,364.86728699,227.6,405.71711883,347.2,84.44320255474453,56.437782165734994,,,"{""0"": 566.7152587, ""1"": 371.2472773, ""2"": 195.4679814, ""3"": 4100.779877, ""4"": 25.58928396, ""5"": 820.0, ""6"": 410.0, ""7"": 205.0, ""8"": 164.0, ""9"": 82.0, ""10"": 41.0, ""11"": 74.0, ""12"": 37.0, ""15"": 3.528185932, ""16"": 2.305669506, ""17"": 3.942125794, ""18"": 0.532477831, ""19"": 1.426135463, ""20"": 13.15241396, ""21"": 0.65508608, ""22"": 256.2987423, ""23"": 96.77189245, ""24"": 491.8204942, ""25"": 5.206314921, ""26"": 0.177078559, ""27"": 98.0, ""28"": 49.0, ""29"": 24.0, ""30"": 19.0, ""31"": 9.0, ""33"": 19.0, ""34"": 9.0, ""35"": 0.187402123, ""36"": 0.131181486, ""37"": 0.660254276, ""38"": 0.022531945, ""39"": 5.082265953, ""40"": 30.73878089, ""62"": 1.603214021, ""63"": 0.046052411, ""64"": 36.93281147, ""65"": 9.020383411, ""66"": 1.446073659, ""68"": 10.46645707, ""69"": 4.329784037, ""70"": 0.665193883, ""72"": 4.99497792, ""73"": 18.14739188, ""210"": 16.0}","{""0"": 390.0, ""1"": 259.0, ""2"": 131.0, ""3"": 2368.0, ""4"": 14.0, ""5"": 469.0, ""6"": 232.0, ""7"": 113.0, ""8"": 91.0, ""9"": 43.0, ""10"": 19.0, ""11"": 48.0, ""12"": 22.0, ""13"": 21.0, ""14"": 9.0, ""17"": 2.0, ""19"": 3.0, ""20"": 7.0, ""21"": 0.66410256, ""22"": 215.27272727, ""23"": 67.0, ""24"": 418.0, ""25"": 3.0, ""26"": 1.0, ""27"": 80.0, ""28"": 37.0, ""29"": 17.0, ""30"": 14.0, ""31"": 4.0, ""32"": 1.0, ""33"": 10.0, ""34"": 2.0, ""37"": 1.0, ""39"": 6.23880597, ""40"": 38.0, ""64"": 25.0, ""65"": 4.0, ""66"": 4.0, ""68"": 8.0, ""70"": 2.0, ""72"": 2.0, ""73"": 9.0, ""155"": 3.0, ""156"": 8.0, ""158"": 104.0, ""175"": 9.0, ""177"": 3.0, ""178"": 2.0, ""179"": 3.0, ""210"": 11.0, ""211"": 119.0, ""212"": 23.0}",2026-08-24T23:49:57-04:00
Michael Gallup,4036348,WR,DAL,QUESTIONABLE,131.89313095,85.9,140.61437404,74.0,164.1169897377423,54.72508591065293,,,"{""42"": 737.2640222, ""43"": 5.520430032, ""44"": 0.364794758, ""45"": 0.205910949, ""46"": 0.134562805, ""47"": 147.0, ""48"": 73.0, ""49"": 36.0, ""50"": 29.0, ""51"": 14.0, ""53"": 49.62863587, ""54"": 9.0, ""55"": 4.0, ""56"": 1.382012596, ""57"": 0.042742658, ""58"": 87.21307807, ""60"": 14.85561731, ""61"": 52.22286824, ""62"": 0.364794758, ""63"": 0.001963339, ""67"": 0.44621332, ""68"": 0.44621332, ""71"": 0.249879459, ""72"": 0.249879459, ""73"": 0.249879459, ""210"": 14.11764706}","{""41"": 39.0, ""42"": 424.0, ""43"": 4.0, ""47"": 79.0, ""48"": 37.0, ""49"": 16.0, ""50"": 9.0, ""51"": 1.0, ""53"": 39.0, ""54"": 1.0, ""58"": 74.0, ""59"": 107.0, ""60"": 10.87179487, ""61"": 30.28571429, ""108"": 1.0, ""109"": 1.0, ""155"": 10.0, ""156"": 4.0, ""158"": 24.0, ""183"": 2.0, ""184"": 2.0, ""210"": 14.0, ""213"": 25.0}",2026-08-24T23:49:57-04:00
Brandon McManus,16339,K,DEN,ACTIVE,139.43075597,127.0,138.17009373,124.0,151.149735084082,53.51412768983225,,,"{""74"": 3.594463473, ""75"": 5.44828531, ""76"": 1.853821838, ""77"": 8.172135506, ""78"": 10.24408136, ""79"": 2.071945856, ""80"": 16.65681681, ""81"": 16.93209626, ""82"": 0.275279456, ""83"": 28.42341579, ""84"": 32.62446294, ""85"": 4.20104715, ""86"": 43.0004933, ""87"": 44.43383316, ""88"": 1.433339858, ""198"": 3.594463473, ""199"": 5.44828531, ""200"": 1.853821838, ""210"": 17.0}","{""74"": 8.0, ""75"": 13.0, ""76"": 5.0, ""77"": 10.0, ""78"": 10.0, ""80"": 10.0, ""81"": 13.0, ""82"": 3.0, ""83"": 28.0, ""84"": 36.0, ""85"": 8.0, ""86"": 25.0, ""87"": 27.0, ""88"": 2.0, ""155"": 5.0, ""156"": 12.0, ""158"": 109.0, ""198"": 8.0, ""199"": 11.0, ""200"": 3.0, ""202"": 2.0, ""203"": 2.0, ""210"": 17.0, ""214"": 1159.0, ""215"": 389.0, ""216"": 1548.0, ""217"": 224.0, ""218"": 108.0, ""219"": 51.0, ""220"": 39.0, ""221"": 14.0, ""222"": 5.0, ""223"": 74.0, ""224"": 35.0, ""225"": 15.0, ""226"": 13.0, ""227"": 5.0, ""229"": 303.0, ""230"": 148.0, ""231"": 71.0, ""232"": 56.0, ""233"": 24.0, ""234"": 9.0}",2026-08-24T23:49:57-04:00
Damien Harris,3925347,RB,BUF,ACTIVE,165.59587693,82.4,166.43209339,201.1,152.83545434248717,52.57898741102518,,,"{""23"": 190.2850638, ""24"": 825.9632904, ""25"": 9.888938165, ""26"": 0.345871868, ""27"": 165.0, ""28"": 82.0, ""29"": 41.0, ""30"": 33.0, ""31"": 16.0, ""33"": 38.0, ""34"": 19.0, ""35"": 0.385213443, ""36"": 0.26964941, ""37"": 1.762496861, ""38"": 0.060147256, ""39"": 4.340662762, ""40"": 54.63570403, ""42"": 124.8213465, ""43"": 0.522211927, ""44"": 0.028741159, ""45"": 0.040654762, ""46"": 0.026567887, ""47"": 24.0, ""48"": 12.0, ""49"": 6.0, ""50"": 4.0, ""51"": 2.0, ""53"": 17.82681589, ""54"": 3.0, ""55"": 1.0, ""56"": 0.050916329, ""57"": 0.001574732, ""58"": 22.84606662, ""60"": 7.001886779, ""61"": 8.256664946, ""62"": 0.374613027, ""63"": 0.007569194, ""66"": 1.572913358, ""67"": 0.147358055, ""68"": 1.720271413, ""70"": 0.723540145, ""71"": 0.082520511, ""72"": 0.806060655, ""73"": 0.806060655, ""210"": 15.11764706}","{""23"": 106.0, ""24"": 462.0, ""25"": 3.0, ""27"": 89.0, ""28"": 41.0, ""29"": 18.0, ""30"": 12.0, ""31"": 3.0, ""33"": 16.0, ""34"": 5.0, ""39"": 4.35849057, ""40"": 42.0, ""41"": 17.0, ""42"": 97.0, ""47"": 17.0, ""48"": 6.0, ""49"": 1.0, ""50"": 1.0, ""53"": 17.0, ""58"": 23.0, ""59"": 86.0, ""60"": 5.70588235, ""61"": 8.81818182, ""155"": 5.0, ""156"": 6.0, ""158"": 18.0, ""179"": 3.0, ""210"": 11.0, ""212"": 23.0, ""213"": 4.0}",2026-08-24T23:49:57-04:00
Derek Carr,16757,QB,NO,ACTIVE,314.61997175,266.0,307.87925353,302.0,161.0337591240876,52.34538518728948,,,"{""0"": 579.3520944, ""1"": 385.5950227, ""2"": 193.7570717, ""3"": 4191.850114, ""4"": 27.17658492, ""5"": 838.0, ""6"": 419.0, ""7"": 209.0, ""8"": 167.0, ""9"": 83.0, ""10"": 41.0, ""11"": 77.0, ""12"": 38.0, ""15"": 3.676005364, ""16"": 2.402269506, ""17"": 4.299589335, ""18"": 0.580761783, ""19"": 1.165303048, ""20"": 12.48814791, ""21"": 0.66556249, ""22"": 261.9906321, ""23"": 32.22742349, ""24"": 101.8066225, ""25"": 1.001463037, ""26"": 0.036609082, ""27"": 20.0, ""28"": 10.0, ""29"": 5.0, ""30"": 4.0, ""31"": 2.0, ""33"": 6.0, ""34"": 3.0, ""35"": 0.060203184, ""36"": 0.042142229, ""37"": 0.027713123, ""38"": 0.000945743, ""39"": 3.159005949, ""40"": 6.362913909, ""62"": 1.201912129, ""63"": 0.044350681, ""64"": 37.92793185, ""65"": 9.579563082, ""66"": 0.50013709, ""68"": 10.07970017, ""69"": 4.598190279, ""70"": 0.230063062, ""72"": 4.828253341, ""73"": 17.31640125, ""210"": 16.0}","{""0"": 502.0, ""1"": 305.0, ""2"": 197.0, ""3"": 3522.0, ""4"": 24.0, ""5"": 699.0, ""6"": 346.0, ""7"": 169.0, ""8"": 134.0, ""9"": 63.0, ""10"": 28.0, ""11"": 57.0, ""12"": 25.0, ""13"": 32.0, ""14"": 13.0, ""15"": 4.0, ""16"": 1.0, ""17"": 2.0, ""20"": 14.0, ""21"": 0.60756972, ""22"": 234.8, ""23"": 24.0, ""24"": 102.0, ""27"": 18.0, ""28"": 8.0, ""29"": 2.0, ""30"": 1.0, ""33"": 1.0, ""39"": 4.25, ""40"": 6.8, ""64"": 27.0, ""65"": 3.0, ""66"": 1.0, ""68"": 4.0, ""73"": 14.0, ""155"": 6.0, ""156"": 9.0, ""158"": 144.0, ""175"": 8.0, ""176"": 3.0, ""177"": 3.0, ""178"": 6.0, ""210"": 15.0, ""211"": 159.0, ""212"": 9.0}",2026-08-24T23:49:57-04:00
Jets D/ST,-16020,D/ST,NYJ,,76.76860437,110.0,81.90176564,24.0,165.07667361593698,50.98424755393992,,,"{""89"": 0.261538462, ""91"": 1.569230769, ""92"": 2.353846154, ""93"": 0.062272175, ""94"": 1.822172638, ""95"": 12.49205094, ""96"": 9.926604072, ""97"": 1.087519516, ""98"": 0.124526988, ""99"": 39.75168637, ""100"": 79.50337274, ""101"": 0.304972859, ""102"": 0.2026848, ""103"": 1.285841566, ""104"": 0.536331073, ""105"": 2.392102471, ""106"": 15.27169857, ""109"": 1014.022778, ""110"": 338.0, ""111"": 202.0, ""113"": 66.00938613, ""114"": 764.7700683, ""115"": 270.3727826, ""116"": 76.0, ""117"": 30.0, ""118"": 27.0, ""119"": 10.0, ""120"": 403.2979156, ""121"": 4.184615385, ""122"": 3.4, ""123"": 1.569230769, ""124"": 3.4, ""125"": 0.261538462, ""126"": 23.7234068, ""127"": 6040.92755, ""129"": 0.209876543, ""130"": 3.148148148, ""131"": 2.308641975, ""132"": 3.987654321, ""133"": 4.617283951, ""134"": 1.888888889, ""135"": 0.419753086, ""136"": 0.419753086, ""137"": 355.3486794, ""160"": -403.2979156, ""210"": 17.0}","{""89"": 0.0, ""90"": 0.0, ""91"": 5.0, ""92"": 2.0, ""93"": 1.0, ""95"": 12.0, ""96"": 4.0, ""97"": 3.0, ""98"": 2.0, ""99"": 45.0, ""100"": 90.0, ""105"": 1.0, ""106"": 10.0, ""107"": 413.0, ""108"": 731.0, ""109"": 1144.0, ""110"": 373.0, ""111"": 222.0, ""112"": 83.0, ""113"": 73.0, ""114"": 666.0, ""115"": 240.0, ""116"": 60.0, ""117"": 20.0, ""118"": 18.0, ""119"": 5.0, ""120"": 314.0, ""121"": 4.0, ""122"": 5.0, ""123"": 1.0, ""124"": 0.0, ""127"": 5288.0, ""128"": 0.0, ""129"": 0.0, ""130"": 9.0, ""131"": 5.0, ""132"": 2.0, ""133"": 1.0, ""134"": 0.0, ""135"": 0.0, ""136"": 0.0, ""155"": 7.0, ""156"": 10.0, ""187"": 314.0, ""188"": 0.0, ""189"": 0.0, ""190"": 5.0, ""191"": 2.0, ""192"": 4.0, ""193"": 5.0, ""194"": 1.0, ""195"": 0.0, ""210"": 17.0}",2026-08-24T23:49:57-04:00
Jaguars D/ST,-16030,D/ST,JAX,,64.39735293,119.0,69.40815829,26.0,169.36391012277045,49.28595146307428,,,"{""90"": 0.261538462, ""91"": 1.046153846, ""92"": 2.615384615, ""93"": 0.084380651, ""94"": 1.797807869, ""95"": 12.35196316, ""96"": 7.339674599, ""97"": 1.133432163, ""98"": 0.129841239, ""99"": 39.84912966, ""100"": 79.69825931, ""101"": 0.291156093, ""102"": 0.382082824, ""103"": 1.266607327, ""104"": 0.531200543, ""105"": 2.555427437, ""106"": 11.29180708, ""109"": 1065.053707, ""110"": 355.0, ""111"": 213.0, ""113"": 67.43619044, ""114"": 733.5556589, ""115"": 258.8148597, ""116"": 73.0, ""117"": 29.0, ""118"": 25.0, ""119"": 10.0, ""120"": 407.7419029, ""121"": 2.092307692, ""122"": 4.184615385, ""123"": 4.184615385, ""124"": 1.830769231, ""125"": 0.784615385, ""126"": 23.98481782, ""127"": 6111.541559, ""130"": 1.469135802, ""131"": 4.197530864, ""132"": 4.827160494, ""133"": 3.358024691, ""134"": 2.098765432, ""135"": 1.049382716, ""137"": 359.5024447, ""160"": -407.7419029, ""210"": 17.0}","{""89"": 1.0, ""90"": 2.0, ""91"": 2.0, ""92"": 1.0, ""94"": 4.0, ""95"": 14.0, ""96"": 13.0, ""99"": 35.0, ""100"": 70.0, ""103"": 2.0, ""104"": 2.0, ""105"": 4.0, ""106"": 17.0, ""107"": 432.0, ""108"": 748.0, ""109"": 1180.0, ""110"": 388.0, ""111"": 230.0, ""112"": 85.0, ""113"": 95.0, ""114"": 721.0, ""115"": 230.0, ""116"": 68.0, ""117"": 23.0, ""118"": 16.0, ""119"": 3.0, ""120"": 350.0, ""121"": 2.0, ""122"": 4.0, ""123"": 4.0, ""124"": 1.0, ""127"": 6006.0, ""128"": 0.0, ""129"": 0.0, ""130"": 4.0, ""131"": 4.0, ""132"": 3.0, ""133"": 5.0, ""134"": 1.0, ""135"": 0.0, ""136"": 0.0, ""155"": 9.0, ""156"": 8.0, ""187"": 350.0, ""188"": 1.0, ""189"": 2.0, ""190"": 2.0, ""191"": 1.0, ""192"": 2.0, ""193"": 4.0, ""194"": 4.0, ""195"": 1.0, ""210"": 17.0}",2026-08-24T23:49:57-04:00
Chase Claypool,4046692,WR,CHI,ACTIVE,150.42075114,84.0,175.26845512,137.1,159.9502850627138,48.83301783628987,,,"{""23"": 11.71678418, ""24"": 71.36768605, ""25"": 0.610605108, ""26"": 0.033610754, ""27"": 14.0, ""28"": 7.0, ""29"": 3.0, ""30"": 2.0, ""31"": 1.0, ""33"": 2.0, ""34"": 1.0, ""35"": 0.021624842, ""36"": 0.015137389, ""37"": 0.012669043, ""38"": 0.000432346, ""39"": 6.091064321, ""40"": 4.444141622, ""42"": 862.5294141, ""43"": 3.967809611, ""44"": 0.267533657, ""45"": 0.200336313, ""46"": 0.130919781, ""47"": 172.0, ""48"": 86.0, ""49"": 43.0, ""50"": 34.0, ""51"": 17.0, ""53"": 59.83086679, ""54"": 11.0, ""55"": 5.0, ""56"": 1.709980213, ""57"": 0.052885986, ""58"": 105.9187821, ""60"": 14.41612767, ""61"": 53.71062286, ""62"": 0.301144412, ""63"": 0.003873584, ""66"": 0.144169502, ""67"": 0.736190591, ""68"": 0.880360093, ""70"": 0.066317971, ""71"": 0.412266731, ""72"": 0.478584702, ""73"": 0.478584702, ""210"": 16.05882353}","{""0"": 1.0, ""1"": 1.0, ""3"": 1.0, ""4"": 1.0, ""21"": 1.0, ""22"": 0.06666667, ""23"": 9.0, ""24"": 59.0, ""27"": 10.0, ""28"": 4.0, ""29"": 1.0, ""30"": 1.0, ""33"": 1.0, ""39"": 6.55555556, ""40"": 3.93333333, ""41"": 46.0, ""42"": 451.0, ""43"": 1.0, ""47"": 86.0, ""48"": 39.0, ""49"": 16.0, ""50"": 13.0, ""51"": 3.0, ""53"": 46.0, ""54"": 4.0, ""58"": 79.0, ""59"": 143.0, ""60"": 9.80434783, ""61"": 30.06666667, ""67"": 1.0, ""68"": 1.0, ""71"": 1.0, ""72"": 1.0, ""73"": 1.0, ""108"": 3.0, ""109"": 3.0, ""155"": 2.0, ""156"": 13.0, ""158"": 12.0, ""175"": 1.0, ""183"": 1.0, ""210"": 15.0, ""211"": 1.0, ""212"": 3.0, ""213"": 23.0}",2026-08-24T23:49:57-04:00
Broncos D/ST,-16007,D/ST,DEN,,89.78681015,90.0,120.94454906,109.0,166.83275422747278,48.49909971302222,,,"{""89"": 0.209876543, ""90"": 0.209876543, ""91"": 2.308641975, ""92"": 2.728395062, ""93"": 0.046034699, ""94"": 1.836651299, ""95"": 14.64743887, ""96"": 8.738991534, ""97"": 0.99001559, ""98"": 0.131643023, ""99"": 39.47665577, ""100"": 78.95331154, ""101"": 0.22046, ""102"": 0.23736, ""103"": 1.276422015, ""104"": 0.560229283, ""105"": 2.340505997, ""106"": 13.44460236, ""109"": 1027.352491, ""110"": 342.0, ""111"": 205.0, ""113"": 79.70673706, ""114"": 680.104, ""115"": 211.56, ""116"": 68.0, ""117"": 27.0, ""118"": 21.0, ""119"": 8.0, ""120"": 392.0273276, ""121"": 1.888888889, ""122"": 4.827160494, ""123"": 3.567901235, ""124"": 1.049382716, ""125"": 0.209876543, ""126"": 23.06043104, ""127"": 6008.078568, ""129"": 0.419753086, ""130"": 3.358024691, ""131"": 4.617283951, ""132"": 3.148148148, ""133"": 2.098765432, ""134"": 2.098765432, ""135"": 1.259259259, ""137"": 353.4163864, ""160"": -392.0273276, ""210"": 17.0}","{""89"": 0.0, ""90"": 0.0, ""91"": 4.0, ""92"": 5.0, ""95"": 15.0, ""96"": 8.0, ""97"": 1.0, ""98"": 1.0, ""99"": 36.0, ""100"": 72.0, ""106"": 16.0, ""107"": 447.0, ""108"": 715.0, ""109"": 1162.0, ""110"": 381.0, ""111"": 223.0, ""112"": 57.0, ""113"": 67.0, ""114"": 420.0, ""115"": 308.0, ""116"": 35.0, ""117"": 10.0, ""118"": 24.0, ""119"": 6.0, ""120"": 341.0, ""121"": 1.0, ""122"": 4.0, ""123"": 2.0, ""124"": 1.0, ""127"": 5440.0, ""128"": 0.0, ""129"": 0.0, ""130"": 7.0, ""131"": 4.0, ""132"": 4.0, ""133"": 2.0, ""134"": 0.0, ""135"": 0.0, ""136"": 0.0, ""155"": 5.0, ""156"": 12.0, ""187"": 341.0, ""188"": 0.0, ""189"": 0.0, ""190"": 4.0, ""191"": 5.0, ""192"": 1.0, ""193"": 4.0, ""194"": 2.0, ""195"": 1.0, ""210"": 17.0}",2026-08-24T23:49:57-04:00
James Cook,4379399,RB,BUF,ACTIVE,106.67404201,95.2,,,163.20942174592543,47.70844998382921,,,"{""23"": 76.56277657, ""24"": 329.9186589, ""25"": 2.218485938, ""26"": 0.111141197, ""27"": 65.0, ""28"": 32.0, ""29"": 16.0, ""30"": 13.0, ""31"": 6.0, ""33"": 15.0, ""34"": 7.0, ""35"": 0.146330502, ""36"": 0.102431352, ""37"": 0.28238615, ""38"": 0.009636756, ""39"": 4.309126101, ""40"": 21.82341323, ""42"": 302.7288759, ""43"": 1.770020234, ""44"": 0.09528546, ""45"": 0.048075659, ""46"": 0.031417443, ""47"": 60.0, ""48"": 30.0, ""49"": 15.0, ""50"": 12.0, ""51"": 6.0, ""53"": 40.0215444, ""54"": 8.0, ""55"": 4.0, ""56"": 0.127638874, ""57"": 0.003947594, ""58"": 52.34859215, ""60"": 7.564147772, ""61"": 20.02486728, ""62"": 0.206426657, ""63"": 0.004207371, ""66"": 0.627965263, ""67"": 0.328255332, ""68"": 0.956220594, ""70"": 0.288864021, ""71"": 0.183822986, ""72"": 0.472687007, ""73"": 0.472687007, ""210"": 15.11764706}","{""23"": 89.0, ""24"": 507.0, ""25"": 2.0, ""27"": 95.0, ""28"": 44.0, ""29"": 19.0, ""30"": 14.0, ""31"": 4.0, ""33"": 12.0, ""34"": 4.0, ""39"": 5.69662921, ""40"": 31.6875, ""41"": 21.0, ""42"": 180.0, ""43"": 1.0, ""47"": 32.0, ""48"": 13.0, ""49"": 5.0, ""50"": 3.0, ""53"": 21.0, ""54"": 1.0, ""58"": 32.0, ""59"": 132.0, ""60"": 8.57142857, ""61"": 11.25, ""66"": 1.0, ""68"": 1.0, ""70"": 1.0, ""72"": 1.0, ""73"": 1.0, ""108"": 1.0, ""109"": 1.0, ""155"": 13.0, ""156"": 3.0, ""158"": 18.0, ""181"": 2.0, ""183"": 1.0, ""210"": 16.0, ""212"": 25.0, ""213"": 5.0}",2026-08-24T23:49:57-04:00
Marquez Valdes-Scantling,3051738,WR,KC,ACTIVE,149.48492344,101.4,68.29130177,74.0,163.43143965320556,46.978415372653686,,,"{""23"": 1.784783634, ""24"": 10.86719695, ""25"": 0.087013608, ""26"": 0.00354113, ""27"": 2.0, ""28"": 1.0, ""35"": 0.003276317, ""36"": 0.002293422, ""37"": 0.000226212, ""38"": 7.72e-06, ""39"": 6.088803559, ""40"": 0.676711898, ""42"": 881.3629399, ""43"": 6.216834663, ""44"": 0.226143389, ""45"": 0.454149825, ""46"": 0.296786911, ""47"": 176.0, ""48"": 88.0, ""49"": 44.0, ""50"": 35.0, ""51"": 17.0, ""53"": 45.12077546, ""54"": 9.0, ""55"": 4.0, ""56"": 1.806825505, ""57"": 0.055881201, ""58"": 87.23421786, ""60"": 19.53341739, ""61"": 54.88340652, ""62"": 0.229684519, ""63"": 0.002297864, ""66"": 0.019871607, ""67"": 0.502370318, ""68"": 0.522241925, ""70"": 0.009140939, ""71"": 0.281327378, ""72"": 0.290468318, ""73"": 0.290468318, ""210"": 16.05882353}","{""23"": 1.0, ""24"": -3.0, ""39"": -3.0, ""40"": -0.17647059, ""41"": 42.0, ""42"": 687.0, ""43"": 2.0, ""47"": 132.0, ""48"": 63.0, ""49"": 28.0, ""50"": 20.0, ""51"": 7.0, ""52"": 1.0, ""53"": 42.0, ""54"": 1.0, ""56"": 1.0, ""58"": 81.0, ""59"": 149.0, ""60"": 16.35714286, ""61"": 40.41176471, ""108"": 2.0, ""109"": 2.0, ""155"": 14.0, ""156"": 3.0, ""158"": 12.0, ""183"": 1.0, ""184"": 1.0, ""210"": 17.0, ""213"": 32.0}",2026-08-24T23:49:57-04:00
Bengals D/ST,-16004,D/ST,CIN,,103.62311967,94.0,72.92505971,93.0,165.48714384989577,46.607838626554795,,,"{""89"": 0.209876543, ""90"": 0.419753086, ""91"": 3.777777778, ""92"": 2.728395062, ""93"": 0.063508681, ""94"": 1.842839346, ""95"": 14.33550544, ""96"": 9.231965727, ""97"": 1.139128466, ""98"": 0.127334057, ""99"": 41.70168091, ""100"": 83.40336182, ""101"": 0.22046, ""102"": 0.187824, ""103"": 1.30300135, ""104"": 0.539837996, ""105"": 2.314632027, ""106"": 14.2030242, ""109"": 1055.415261, ""110"": 351.0, ""111"": 211.0, ""113"": 80.23142247, ""114"": 680.104, ""115"": 249.2612903, ""116"": 68.0, ""117"": 27.0, ""118"": 24.0, ""119"": 9.0, ""120"": 364.4675421, ""121"": 2.098765432, ""122"": 3.777777778, ""123"": 2.308641975, ""124"": 1.679012346, ""126"": 21.43926719, ""127"": 5948.610911, ""129"": 0.62962963, ""130"": 3.777777778, ""131"": 4.197530864, ""132"": 3.148148148, ""133"": 3.777777778, ""134"": 0.839506173, ""135"": 0.419753086, ""136"": 0.209876543, ""137"": 349.9182889, ""160"": -364.4675421, ""210"": 17.0}","{""89"": 0.0, ""90"": 0.0, ""91"": 3.0, ""92"": 5.0, ""94"": 1.0, ""95"": 13.0, ""96"": 11.0, ""97"": 2.0, ""99"": 30.0, ""100"": 60.0, ""104"": 1.0, ""105"": 1.0, ""106"": 14.0, ""107"": 396.0, ""108"": 649.0, ""109"": 1045.0, ""110"": 342.0, ""111"": 202.0, ""112"": 70.0, ""113"": 75.0, ""114"": 596.0, ""115"": 340.0, ""116"": 54.0, ""117"": 18.0, ""118"": 31.0, ""119"": 6.0, ""120"": 310.0, ""121"": 3.0, ""122"": 3.0, ""123"": 2.0, ""124"": 0.0, ""127"": 5371.0, ""128"": 0.0, ""129"": 0.0, ""130"": 4.0, ""131"": 6.0, ""132"": 5.0, ""133"": 1.0, ""134"": 0.0, ""135"": 0.0, ""136"": 0.0, ""155"": 12.0, ""156"": 4.0, ""187"": 310.0, ""188"": 0.0, ""189"": 0.0, ""190"": 3.0, ""191"": 5.0, ""192"": 3.0, ""193"": 3.0, ""194"": 2.0, ""195"": 0.0, ""210"": 16.0}",2026-08-24T23:49:57-04:00
Donovan Peoples-Jones,4258195,WR,CLE,ACTIVE,87.71676008,136.6,68.05503269,92.7,169.65131128848347,46.23574642872662,,,"{""42"": 540.0023657, ""43"": 2.348986158, ""44"": 0.140717493, ""45"": 0.204500449, ""46"": 0.133641043, ""47"": 108.0, ""48"": 54.0, ""49"": 27.0, ""50"": 21.0, ""51"": 10.0, ""53"": 39.86345902, ""54"": 7.0, ""55"": 3.0, ""56"": 0.475946025, ""57"": 0.01471998, ""58"": 66.4118916, ""60"": 13.54629977, ""61"": 33.62652094, ""62"": 0.140717493, ""63"": 0.003205505, ""67"": 0.728523868, ""68"": 0.728523868, ""71"": 0.407973366, ""72"": 0.407973366, ""73"": 0.407973366, ""102"": 0.0375648, ""115"": 29.96129032, ""118"": 2.0, ""119"": 1.0, ""210"": 16.05882353}","{""23"": 1.0, ""24"": 2.0, ""39"": 2.0, ""40"": 0.11764706, ""41"": 61.0, ""42"": 839.0, ""43"": 3.0, ""47"": 162.0, ""48"": 80.0, ""49"": 35.0, ""50"": 25.0, ""51"": 10.0, ""52"": 1.0, ""53"": 61.0, ""54"": 6.0, ""56"": 1.0, ""58"": 96.0, ""59"": 191.0, ""60"": 13.75409836, ""61"": 49.35294118, ""67"": 1.0, ""68"": 1.0, ""71"": 1.0, ""72"": 1.0, ""73"": 1.0, ""102"": 1.0, ""105"": 1.0, ""107"": 1.0, ""109"": 1.0, ""115"": 223.0, ""118"": 19.0, ""119"": 6.0, ""155"": 7.0, ""156"": 10.0, ""158"": 24.0, ""183"": 2.0, ""184"": 1.0, ""210"": 17.0, ""213"": 31.0}",2026-08-24T23:49:57-04:00
Zack Moss,4035676,RB,IND,ACTIVE,30.38803712,59.0,131.12058026,93.7,168.90625,45.41729503542967,,,"{""23"": 35.67948649, ""24"": 144.7240854, ""25"": 1.507643587, ""26"": 0.075533932, ""27"": 28.0, ""28"": 14.0, ""29"": 7.0, ""30"": 5.0, ""31"": 2.0, ""33"": 7.0, ""34"": 3.0, ""35"": 0.066709539, ""36"": 0.046696677, ""37"": 0.053355893, ""38"": 0.001820832, ""39"": 4.056226691, ""40"": 9.57318853, ""42"": 34.77044689, ""43"": 0.212625352, ""44"": 0.011449117, ""45"": 0.043148304, ""46"": 0.028197417, ""47"": 6.0, ""48"": 3.0, ""49"": 1.0, ""50"": 1.0, ""53"": 4.631142936, ""56"": 0.018565348, ""57"": 0.000574186, ""58"": 6.218123314, ""60"": 7.507962371, ""61"": 2.299990651, ""62"": 0.086983049, ""63"": 0.001738426, ""66"": 0.349705554, ""67"": 0.045391248, ""68"": 0.395096801, ""70"": 0.160864555, ""71"": 0.025419099, ""72"": 0.186283653, ""73"": 0.186283653, ""210"": 15.11764706}","{""23"": 93.0, ""24"": 456.0, ""25"": 1.0, ""27"": 86.0, ""28"": 39.0, ""29"": 17.0, ""30"": 12.0, ""31"": 5.0, ""32"": 1.0, ""33"": 13.0, ""34"": 5.0, ""37"": 1.0, ""39"": 4.90322581, ""40"": 35.07692308, ""41"": 11.0, ""42"": 39.0, ""47"": 7.0, ""48"": 2.0, ""49"": 1.0, ""53"": 11.0, ""54"": 1.0, ""58"": 13.0, ""59"": 42.0, ""60"": 3.54545455, ""61"": 3.0, ""66"": 1.0, ""68"": 1.0, ""70"": 1.0, ""72"": 1.0, ""73"": 1.0, ""107"": 1.0, ""109"": 1.0, ""155"": 5.0, ""156"": 8.0, ""158"": 6.0, ""180"": 1.0, ""210"": 13.0, ""212"": 18.0, ""213"": 3.0}",2026-08-24T23:49:57-04:00
Younghoe Koo,3049899,K,ATL,ACTIVE,125.77569288,147.0,127.71565286,123.0,164.35498733010826,45.400484433067646,,,"{""74"": 3.652016726, ""75"": 5.374508115, ""76"": 1.722491389, ""77"": 8.261206213, ""78"": 10.10536256, ""79"": 1.84415635, ""80"": 16.53578452, ""81"": 16.70281264, ""82"": 0.167028126, ""83"": 28.44900746, ""84"": 32.18268332, ""85"": 3.733675865, ""86"": 28.5971067, ""87"": 29.18072112, ""88"": 0.583614422, ""198"": 3.652016726, ""199"": 5.374508115, ""200"": 1.722491389, ""210"": 17.0}","{""74"": 7.0, ""75"": 11.0, ""76"": 4.0, ""77"": 9.0, ""78"": 10.0, ""79"": 1.0, ""80"": 16.0, ""81"": 16.0, ""83"": 32.0, ""84"": 37.0, ""85"": 5.0, ""86"": 33.0, ""87"": 35.0, ""88"": 2.0, ""155"": 7.0, ""156"": 10.0, ""158"": 129.0, ""198"": 7.0, ""199"": 10.0, ""200"": 3.0, ""202"": 1.0, ""203"": 1.0, ""210"": 17.0, ""214"": 1218.0, ""215"": 204.0, ""216"": 1422.0, ""217"": 237.0, ""218"": 114.0, ""219"": 54.0, ""220"": 41.0, ""221"": 15.0, ""222"": 5.0, ""223"": 39.0, ""224"": 19.0, ""225"": 8.0, ""226"": 7.0, ""227"": 3.0, ""229"": 277.0, ""230"": 135.0, ""231"": 63.0, ""232"": 49.0, ""233"": 20.0, ""234"": 6.0}",2026-08-24T23:49:57-04:00
Taysom Hill,2468609,TE,NO,ACTIVE,68.78482182,144.5,136.79833339,126.8,163.60036496350364,45.28531189760088,,,"{""23"": 26.34672701, ""24"": 137.0120627, ""25"": 1.640827164, ""26"": 0.079930589, ""27"": 27.0, ""28"": 13.0, ""29"": 6.0, ""30"": 5.0, ""31"": 2.0, ""33"": 5.0, ""34"": 2.0, ""35"": 0.049012525, ""36"": 0.034308767, ""37"": 0.04769441, ""38"": 0.001627627, ""39"": 5.200344719, ""40"": 8.531886686, ""42"": 232.0628579, ""43"": 1.945318792, ""44"": 0.116081351, ""45"": 0.128095725, ""46"": 0.083710556, ""47"": 46.0, ""48"": 23.0, ""49"": 11.0, ""50"": 9.0, ""51"": 4.0, ""53"": 21.46640872, ""54"": 4.0, ""55"": 2.0, ""56"": 0.087427006, ""57"": 0.002703928, ""58"": 31.73108199, ""60"": 10.81051148, ""61"": 14.45080068, ""62"": 0.19601194, ""63"": 0.003332373, ""66"": 0.41733072, ""67"": 0.340026744, ""68"": 0.757357464, ""70"": 0.191972131, ""71"": 0.190414977, ""72"": 0.382387108, ""73"": 0.382387108, ""210"": 16.05882353}","{""0"": 19.0, ""1"": 13.0, ""2"": 6.0, ""3"": 240.0, ""4"": 2.0, ""5"": 44.0, ""6"": 21.0, ""7"": 9.0, ""8"": 4.0, ""9"": 1.0, ""15"": 1.0, ""16"": 1.0, ""21"": 0.68421053, ""22"": 15.0, ""23"": 96.0, ""24"": 575.0, ""25"": 7.0, ""27"": 109.0, ""28"": 52.0, ""29"": 22.0, ""30"": 16.0, ""31"": 6.0, ""32"": 1.0, ""33"": 12.0, ""34"": 2.0, ""35"": 1.0, ""36"": 1.0, ""37"": 1.0, ""39"": 5.98958333, ""40"": 35.9375, ""41"": 9.0, ""42"": 77.0, ""43"": 2.0, ""47"": 13.0, ""48"": 5.0, ""49"": 1.0, ""50"": 1.0, ""53"": 9.0, ""58"": 13.0, ""59"": 37.0, ""60"": 8.55555556, ""61"": 4.8125, ""64"": 2.0, ""66"": 1.0, ""68"": 2.0, ""114"": 69.0, ""116"": 6.0, ""117"": 2.0, ""155"": 7.0, ""156"": 9.0, ""158"": 66.0, ""177"": 1.0, ""179"": 5.0, ""180"": 1.0, ""183"": 1.0, ""186"": 1.0, ""210"": 16.0, ""211"": 11.0, ""212"": 33.0, ""213"": 5.0}",2026-08-24T23:49:57-04:00
James Robinson,4052042,RB,NE,ACTIVE,138.10407526,83.1,215.00598522,158.4,155.642330877428,44.773905701032106,,,"{""23"": 155.7346283, ""24"": 693.8467519, ""25"": 5.524497361, ""26"": 0.384355425, ""27"": 138.0, ""28"": 69.0, ""29"": 34.0, ""30"": 27.0, ""31"": 13.0, ""33"": 31.0, ""34"": 15.0, ""35"": 0.310015105, ""36"": 0.217010573, ""37"": 1.251625592, ""38"": 0.042713179, ""39"": 4.455314527, ""40"": 48.94354682, ""42"": 196.0749346, ""43"": 0.713052351, ""44"": 0.058209716, ""45"": 0.041116293, ""46"": 0.026869497, ""47"": 39.0, ""48"": 19.0, ""49"": 9.0, ""50"": 7.0, ""51"": 3.0, ""53"": 25.93367399, ""54"": 5.0, ""55"": 2.0, ""56"": 0.073243278, ""57"": 0.002265256, ""58"": 35.60982767, ""60"": 7.560630812, ""61"": 13.83101199, ""62"": 0.442565141, ""63"": 0.010044356, ""66"": 1.95693066, ""67"": 0.325877439, ""68"": 2.282808099, ""70"": 0.900188104, ""71"": 0.182491366, ""72"": 1.082679469, ""73"": 1.082679469, ""210"": 14.17647059}","{""23"": 110.0, ""24"": 425.0, ""25"": 3.0, ""27"": 81.0, ""28"": 38.0, ""29"": 17.0, ""30"": 13.0, ""31"": 5.0, ""32"": 1.0, ""33"": 18.0, ""34"": 7.0, ""35"": 1.0, ""36"": 1.0, ""37"": 1.0, ""39"": 3.86363636, ""40"": 38.63636364, ""41"": 11.0, ""42"": 51.0, ""43"": 2.0, ""47"": 8.0, ""48"": 3.0, ""53"": 11.0, ""58"": 14.0, ""59"": 57.0, ""60"": 4.63636364, ""61"": 4.63636364, ""66"": 1.0, ""68"": 1.0, ""155"": 3.0, ""156"": 8.0, ""158"": 30.0, ""180"": 1.0, ""182"": 1.0, ""183"": 2.0, ""210"": 11.0, ""212"": 22.0, ""213"": 5.0}",2026-08-24T23:49:57-04:00
Robert Woods,15880,WR,FA,ACTIVE,145.83141658,89.2,200.27031944,114.7,162.18358038768528,44.61644877815264,,,"{""23"": 2.394019538, ""24"": 15.03858973, ""25"": 0.104432364, ""26"": 0.003254416, ""27"": 3.0, ""28"": 1.0, ""35"": 0.004396144, ""36"": 0.003077301, ""37"": 0.000475231, ""38"": 1.62e-05, ""39"": 6.281732247, ""40"": 0.994770527, ""42"": 844.7357561, ""43"": 4.144643361, ""44"": 0.211613196, ""45"": 0.182029364, ""46"": 0.11895619, ""47"": 168.0, ""48"": 84.0, ""49"": 42.0, ""50"": 33.0, ""51"": 16.0, ""53"": 69.18192652, ""54"": 13.0, ""55"": 6.0, ""56"": 1.617161711, ""57"": 0.050015311, ""58"": 106.2854279, ""60"": 12.21035317, ""61"": 55.87746246, ""62"": 0.214867611, ""63"": 0.002613064, ""66"": 0.0198636, ""67"": 0.574014573, ""68"": 0.593878173, ""70"": 0.009137256, ""71"": 0.321448161, ""72"": 0.330585417, ""73"": 0.330585417, ""210"": 15.11764706}","{""41"": 53.0, ""42"": 527.0, ""43"": 2.0, ""47"": 100.0, ""48"": 45.0, ""49"": 18.0, ""50"": 14.0, ""51"": 2.0, ""53"": 53.0, ""54"": 3.0, ""58"": 91.0, ""59"": 156.0, ""60"": 9.94339623, ""61"": 31.0, ""68"": 1.0, ""72"": 1.0, ""73"": 1.0, ""115"": 90.0, ""118"": 8.0, ""119"": 1.0, ""155"": 7.0, ""156"": 10.0, ""158"": 12.0, ""183"": 2.0, ""210"": 17.0, ""213"": 31.0}",2026-08-24T23:49:57-04:00
Jahan Dotson,4361409,WR,WSH,ACTIVE,130.70806691,113.1,,,168.46202964652224,44.51253045348986,,,"{""42"": 738.7667701, ""43"": 4.72551826, ""44"": 0.423313284, ""45"": 0.188617398, ""46"": 0.123261469, ""47"": 147.0, ""48"": 73.0, ""49"": 36.0, ""50"": 29.0, ""51"": 14.0, ""53"": 56.61062815, ""54"": 11.0, ""55"": 5.0, ""56"": 1.11808568, ""57"": 0.034579969, ""58"": 92.14821579, ""60"": 13.04996596, ""61"": 46.00379155, ""62"": 0.423313284, ""63"": 0.002646523, ""67"": 0.60148241, ""68"": 0.60148241, ""71"": 0.33683015, ""72"": 0.33683015, ""73"": 0.33683015, ""210"": 16.05882353}","{""23"": 2.0, ""24"": -7.0, ""39"": -3.5, ""40"": -0.53846154, ""41"": 35.0, ""42"": 523.0, ""43"": 7.0, ""44"": 1.0, ""47"": 100.0, ""48"": 48.0, ""49"": 20.0, ""50"": 16.0, ""51"": 6.0, ""52"": 1.0, ""53"": 35.0, ""54"": 2.0, ""56"": 1.0, ""58"": 61.0, ""59"": 137.0, ""60"": 14.94285714, ""61"": 40.23076923, ""108"": 2.0, ""109"": 2.0, ""155"": 5.0, ""156"": 7.0, ""158"": 44.0, ""183"": 3.0, ""184"": 2.0, ""185"": 2.0, ""210"": 13.0, ""213"": 25.0}",2026-08-24T23:49:57-04:00
Saints D/ST,-16018,D/ST,NO,,112.21334204,95.0,108.71318458,132.0,104.00764419735928,44.42885380228178,,,"{""89"": 0.525773196, ""90"": 1.051546392, ""91"": 3.154639175, ""92"": 2.628865979, ""93"": 0.062861022, ""94"": 1.880444661, ""95"": 14.17967404, ""96"": 7.96375073, ""97"": 1.023353881, ""98"": 0.120641939, ""99"": 43.2781249, ""100"": 86.55624979, ""101"": 0.178784, ""102"": 0.249992675, ""103"": 1.319674104, ""104"": 0.560770557, ""105"": 2.372082358, ""106"": 12.2519242, ""109"": 1007.92127, ""110"": 335.0, ""111"": 201.0, ""113"": 77.26606773, ""114"": 787.2684932, ""115"": 270.7445783, ""116"": 78.0, ""117"": 31.0, ""118"": 27.0, ""119"": 10.0, ""120"": 350.9383664, ""121"": 2.278350515, ""122"": 4.556701031, ""123"": 1.75257732, ""124"": 0.701030928, ""125"": 0.350515464, ""126"": 20.64343332, ""127"": 5726.37418, ""129"": 3.148148148, ""130"": 5.666666667, ""131"": 3.358024691, ""132"": 2.938271605, ""133"": 1.259259259, ""134"": 0.419753086, ""136"": 0.209876543, ""137"": 336.84554, ""160"": -350.9383664, ""210"": 17.0}","{""89"": 1.0, ""90"": 0.0, ""91"": 4.0, ""92"": 3.0, ""94"": 1.0, ""95"": 7.0, ""96"": 7.0, ""97"": 1.0, ""99"": 48.0, ""100"": 96.0, ""103"": 1.0, ""105"": 1.0, ""106"": 13.0, ""107"": 406.0, ""108"": 714.0, ""109"": 1120.0, ""110"": 369.0, ""111"": 218.0, ""112"": 76.0, ""113"": 67.0, ""114"": 595.0, ""115"": 243.0, ""116"": 56.0, ""117"": 18.0, ""118"": 18.0, ""119"": 5.0, ""120"": 321.0, ""121"": 3.0, ""122"": 2.0, ""123"": 4.0, ""124"": 0.0, ""127"": 5352.0, ""128"": 0.0, ""129"": 1.0, ""130"": 4.0, ""131"": 8.0, ""132"": 3.0, ""133"": 1.0, ""134"": 0.0, ""135"": 0.0, ""136"": 0.0, ""155"": 7.0, ""156"": 10.0, ""187"": 321.0, ""188"": 1.0, ""189"": 0.0, ""190"": 4.0, ""191"": 3.0, ""192"": 3.0, ""193"": 2.0, ""194"": 4.0, ""195"": 0.0, ""210"": 17.0}",2026-08-24T23:49:57-04:00
Steelers D/ST,-16023,D/ST,PIT,,94.79027985,94.0,111.07036959,93.0,162.62612925642807,44.0511801425561,,,"{""90"": 0.523076923, ""91"": 3.923076923, ""92"": 1.569230769, ""93"": 0.070872703, ""94"": 1.793897869, ""95"": 12.75365934, ""96"": 9.548946616, ""97"": 1.083236063, ""98"": 0.127056646, ""99"": 42.28377612, ""100"": 84.56755223, ""101"": 0.178784, ""102"": 0.266005818, ""103"": 1.26018844, ""104"": 0.533709429, ""105"": 2.309560389, ""106"": 14.6906871, ""109"": 1027.279745, ""110"": 342.0, ""111"": 205.0, ""113"": 68.06008982, ""114"": 690.1804878, ""115"": 326.0181818, ""116"": 69.0, ""117"": 27.0, ""118"": 32.0, ""119"": 13.0, ""120"": 384.7158384, ""121"": 2.615384615, ""122"": 4.446153846, ""123"": 1.307692308, ""124"": 2.092307692, ""125"": 0.523076923, ""126"": 22.63034344, ""127"": 5838.400794, ""129"": 0.209876543, ""130"": 5.666666667, ""131"": 4.407407407, ""132"": 4.827160494, ""133"": 1.469135802, ""134"": 0.209876543, ""135"": 0.209876543, ""137"": 343.4353408, ""160"": -384.7158384, ""210"": 17.0}","{""89"": 0.0, ""90"": 0.0, ""91"": 3.0, ""92"": 7.0, ""94"": 1.0, ""95"": 20.0, ""96"": 3.0, ""97"": 3.0, ""99"": 40.0, ""100"": 80.0, ""103"": 1.0, ""105"": 1.0, ""106"": 9.0, ""107"": 440.0, ""108"": 670.0, ""109"": 1110.0, ""110"": 364.0, ""111"": 216.0, ""112"": 74.0, ""113"": 82.0, ""114"": 510.0, ""115"": 160.0, ""116"": 43.0, ""117"": 15.0, ""118"": 11.0, ""120"": 340.0, ""121"": 2.0, ""122"": 2.0, ""123"": 0.0, ""124"": 3.0, ""127"": 5617.0, ""128"": 0.0, ""129"": 1.0, ""130"": 4.0, ""131"": 5.0, ""132"": 3.0, ""133"": 3.0, ""134"": 0.0, ""135"": 0.0, ""136"": 1.0, ""155"": 9.0, ""156"": 8.0, ""187"": 340.0, ""188"": 0.0, ""189"": 0.0, ""190"": 3.0, ""191"": 7.0, ""192"": 2.0, ""193"": 2.0, ""194"": 0.0, ""195"": 3.0, ""210"": 17.0}",2026-08-24T23:49:57-04:00
Darius Slayton,3916945,WR,NYG,ACTIVE,13.16478205,105.4,81.66621143,55.6,169.559434177504,44.00149383791859,,,"{""42"": 79.02397477, ""43"": 0.421869845, ""44"": 0.024997216, ""45"": 0.119762125, ""46"": 0.078264549, ""47"": 15.0, ""48"": 7.0, ""49"": 3.0, ""50"": 3.0, ""51"": 1.0, ""53"": 5.532309161, ""54"": 1.0, ""56"": 0.035888822, ""57"": 0.001109964, ""58"": 10.83118677, ""60"": 14.28408509, ""61"": 5.247685825, ""62"": 0.024997216, ""63"": 0.000333864, ""67"": 0.075878137, ""68"": 0.075878137, ""71"": 0.042491757, ""72"": 0.042491757, ""73"": 0.042491757, ""210"": 15.05882353}","{""41"": 46.0, ""42"": 724.0, ""43"": 2.0, ""45"": 1.0, ""46"": 1.0, ""47"": 139.0, ""48"": 66.0, ""49"": 29.0, ""50"": 22.0, ""51"": 8.0, ""53"": 46.0, ""54"": 5.0, ""58"": 71.0, ""59"": 262.0, ""60"": 15.73913043, ""61"": 45.25, ""67"": 2.0, ""68"": 2.0, ""71"": 1.0, ""72"": 1.0, ""73"": 1.0, ""108"": 1.0, ""109"": 1.0, ""155"": 8.0, ""156"": 7.0, ""158"": 12.0, ""186"": 1.0, ""210"": 16.0, ""213"": 29.0}",2026-08-24T23:49:57-04:00
Greg Dulcich,4367209,TE,DEN,QUESTIONABLE,31.70120441,69.6,,,169.6380018248175,43.49131605567983,,,"{""42"": 153.9067163, ""43"": 1.474936343, ""44"": 0.083510069, ""45"": 0.091017771, ""46"": 0.059480114, ""47"": 30.0, ""48"": 15.0, ""49"": 7.0, ""50"": 6.0, ""51"": 3.0, ""53"": 14.97356238, ""54"": 2.0, ""55"": 1.0, ""56"": 0.057412703, ""57"": 0.001775651, ""58"": 21.42158448, ""60"": 10.2785638, ""61"": 12.57891431, ""62"": 0.083510069, ""63"": 0.000757769, ""67"": 0.172220182, ""68"": 0.172220182, ""71"": 0.096443302, ""72"": 0.096443302, ""73"": 0.096443302, ""210"": 12.23529412}","{""41"": 33.0, ""42"": 411.0, ""43"": 2.0, ""47"": 79.0, ""48"": 38.0, ""49"": 16.0, ""50"": 12.0, ""51"": 3.0, ""53"": 33.0, ""54"": 2.0, ""58"": 55.0, ""59"": 155.0, ""60"": 12.45454545, ""61"": 41.1, ""155"": 2.0, ""156"": 8.0, ""158"": 12.0, ""184"": 1.0, ""186"": 1.0, ""210"": 10.0, ""213"": 18.0}",2026-08-24T23:49:57-04:00
Kyle Pitts,4360248,TE,ATL,QUESTIONABLE,159.96338159,61.6,154.19876625,142.6,51.34603102189781,42.82243080048511,,,"{""42"": 958.3669543, ""43"": 4.466818354, ""44"": 0.2432092, ""45"": 0.197902503, ""46"": 0.129329286, ""47"": 191.0, ""48"": 95.0, ""49"": 47.0, ""50"": 38.0, ""51"": 19.0, ""53"": 75.30828319, ""54"": 15.0, ""55"": 7.0, ""56"": 2.254192004, ""57"": 0.069717278, ""58"": 118.2191979, ""60"": 12.72591691, ""61"": 59.67852829, ""62"": 0.2432092, ""63"": 0.003200937, ""67"": 0.72748568, ""68"": 0.72748568, ""71"": 0.407391981, ""72"": 0.407391981, ""73"": 0.407391981, ""210"": 16.05882353}","{""41"": 28.0, ""42"": 356.0, ""43"": 2.0, ""47"": 66.0, ""48"": 29.0, ""49"": 13.0, ""50"": 10.0, ""51"": 2.0, ""53"": 28.0, ""54"": 2.0, ""58"": 59.0, ""59"": 126.0, ""60"": 12.71428571, ""61"": 35.6, ""155"": 5.0, ""156"": 5.0, ""158"": 12.0, ""183"": 2.0, ""210"": 10.0, ""213"": 20.0}",2026-08-24T23:49:57-04:00
Russell Wilson,14881,QB,DEN,ACTIVE,361.48648183,255.7,377.71818821,291.7,156.52554744525548,42.35084078711986,,,"{""0"": 544.2982216, ""1"": 343.1505117, ""2"": 201.1477099, ""3"": 4090.555549, ""4"": 29.66043092, ""5"": 818.0, ""6"": 409.0, ""7"": 204.0, ""8"": 163.0, ""9"": 81.0, ""10"": 40.0, ""11"": 68.0, ""12"": 34.0, ""15"": 3.512517418, ""16"": 2.295430133, ""17"": 3.909819911, ""18"": 0.528114154, ""19"": 1.6782581, ""20"": 10.24561134, ""21"": 0.630445771, ""22"": 255.6597218, ""23"": 63.64665333, ""24"": 308.8673946, ""25"": 2.402099664, ""26"": 0.126522588, ""27"": 61.0, ""28"": 30.0, ""29"": 15.0, ""30"": 12.0, ""31"": 6.0, ""33"": 12.0, ""34"": 6.0, ""35"": 0.12101648, ""36"": 0.084711536, ""37"": 0.259414067, ""38"": 0.008852807, ""39"": 4.852845805, ""40"": 19.30421217, ""62"": 1.804780689, ""63"": 0.039089217, ""64"": 42.41326741, ""65"": 8.014497651, ""66"": 0.869415314, ""68"": 8.883912965, ""69"": 3.846958872, ""70"": 0.399931045, ""72"": 4.246889917, ""73"": 14.49250125, ""210"": 16.0}","{""0"": 483.0, ""1"": 292.0, ""2"": 191.0, ""3"": 3524.0, ""4"": 16.0, ""5"": 697.0, ""6"": 345.0, ""7"": 170.0, ""8"": 132.0, ""9"": 61.0, ""10"": 27.0, ""11"": 52.0, ""12"": 22.0, ""13"": 32.0, ""14"": 13.0, ""15"": 3.0, ""16"": 3.0, ""17"": 1.0, ""20"": 11.0, ""21"": 0.60455487, ""22"": 234.93333333, ""23"": 55.0, ""24"": 277.0, ""25"": 3.0, ""27"": 48.0, ""28"": 19.0, ""29"": 7.0, ""30"": 4.0, ""31"": 1.0, ""33"": 3.0, ""39"": 5.03636364, ""40"": 18.46666667, ""41"": 1.0, ""42"": 1.0, ""53"": 1.0, ""58"": 1.0, ""59"": 2.0, ""60"": 1.0, ""61"": 0.06666667, ""64"": 55.0, ""65"": 4.0, ""66"": 2.0, ""68"": 6.0, ""69"": 2.0, ""72"": 2.0, ""73"": 13.0, ""155"": 4.0, ""156"": 11.0, ""158"": 114.0, ""175"": 5.0, ""176"": 2.0, ""177"": 5.0, ""178"": 1.0, ""179"": 2.0, ""180"": 1.0, ""210"": 15.0, ""211"": 139.0, ""212"": 21.0}",2026-08-24T23:49:57-04:00
Clyde Edwards-Helaire,4242214,RB,KC,ACTIVE,172.12695099,89.8,214.75071921,108.1,122.03170350524671,42.17990437166255,,,"{""23"": 171.748627, ""24"": 774.7515235, ""25"": 5.989097883, ""26"": 0.243733334, ""27"": 154.0, ""28"": 77.0, ""29"": 38.0, ""30"": 30.0, ""31"": 15.0, ""33"": 34.0, ""34"": 17.0, ""35"": 0.34453778, ""36"": 0.241176446, ""37"": 1.553574481, ""38"": 0.053017537, ""39"": 4.510961962, ""40"": 51.24815525, ""42"": 283.5770021, ""43"": 2.15678955, ""44"": 0.078461566, ""45"": 0.045540583, ""46"": 0.029760771, ""47"": 56.0, ""48"": 28.0, ""49"": 14.0, ""50"": 11.0, ""51"": 5.0, ""53"": 36.85456675, ""54"": 7.0, ""55"": 3.0, ""56"": 0.114630646, ""57"": 0.003545278, ""58"": 49.84812449, ""60"": 7.69448747, ""61"": 18.75801181, ""62"": 0.3221949, ""63"": 0.007612785, ""66"": 1.424502491, ""67"": 0.305675935, ""68"": 1.730178426, ""70"": 0.655271146, ""71"": 0.171178524, ""72"": 0.82644967, ""73"": 0.82644967, ""210"": 15.11764706}","{""23"": 71.0, ""24"": 302.0, ""25"": 3.0, ""27"": 57.0, ""28"": 27.0, ""29"": 11.0, ""30"": 8.0, ""31"": 2.0, ""33"": 9.0, ""34"": 1.0, ""39"": 4.25352113, ""40"": 30.2, ""41"": 17.0, ""42"": 151.0, ""43"": 3.0, ""47"": 27.0, ""48"": 13.0, ""49"": 5.0, ""50"": 3.0, ""53"": 17.0, ""54"": 1.0, ""58"": 23.0, ""59"": 144.0, ""60"": 8.88235294, ""61"": 15.1, ""155"": 8.0, ""156"": 2.0, ""158"": 36.0, ""179"": 2.0, ""180"": 1.0, ""183"": 3.0, ""210"": 10.0, ""212"": 15.0, ""213"": 12.0}",2026-08-24T23:49:57-04:00
Darnell Mooney,4040655,WR,CHI,QUESTIONABLE,174.03644002,81.5,128.16209676,179.2,128.0255416191562,42.164196622795345,,,"{""23"": 4.115206606, ""24"": 24.70018985, ""25"": 0.217873781, ""26"": 0.00926362, ""27"": 4.0, ""28"": 2.0, ""29"": 1.0, ""35"": 0.007563852, ""36"": 0.005294696, ""37"": 0.00139926, ""38"": 4.78e-05, ""39"": 6.002174912, ""40"": 1.53810706, ""42"": 1086.621578, ""43"": 3.945645566, ""44"": 0.263848409, ""45"": 0.232319284, ""46"": 0.151820652, ""47"": 217.0, ""48"": 108.0, ""49"": 54.0, ""50"": 43.0, ""51"": 21.0, ""53"": 76.25145972, ""54"": 15.0, ""55"": 7.0, ""56"": 3.093021051, ""57"": 0.095660445, ""58"": 128.7589858, ""60"": 14.25050198, ""61"": 67.66507995, ""62"": 0.273112028, ""63"": 0.002968888, ""66"": 0.034550697, ""67"": 0.640196544, ""68"": 0.674747241, ""70"": 0.01589332, ""71"": 0.358510065, ""72"": 0.374403385, ""73"": 0.374403385, ""210"": 16.05882353}","{""23"": 1.0, ""24"": 2.0, ""39"": 2.0, ""40"": 0.16666667, ""41"": 40.0, ""42"": 493.0, ""43"": 2.0, ""47"": 94.0, ""48"": 45.0, ""49"": 20.0, ""50"": 15.0, ""51"": 6.0, ""53"": 40.0, ""54"": 3.0, ""58"": 61.0, ""59"": 164.0, ""60"": 12.325, ""61"": 41.08333333, ""108"": 2.0, ""109"": 2.0, ""155"": 3.0, ""156"": 9.0, ""158"": 12.0, ""184"": 2.0, ""210"": 12.0, ""213"": 19.0}",2026-08-24T23:49:57-04:00
Mike Gesicki,3116164,TE,NE,ACTIVE,109.6289329,82.2,116.00719553,128.5,155.25114051094891,41.6542222856735,,,"{""42"": 578.2134443, ""43"": 4.264440266, ""44"": 0.246066309, ""45"": 0.107136879, ""46"": 0.07001395, ""47"": 115.0, ""48"": 57.0, ""49"": 28.0, ""50"": 23.0, ""51"": 11.0, ""53"": 52.52086846, ""54"": 10.0, ""55"": 5.0, ""56"": 0.56889151, ""57"": 0.017594583, ""58"": 82.62460549, ""60"": 11.00921331, ""61"": 36.0059654, ""62"": 0.246066309, ""63"": 0.002088507, ""67"": 0.474660689, ""68"": 0.474660689, ""71"": 0.265809986, ""72"": 0.265809986, ""73"": 0.265809986, ""210"": 16.05882353}","{""41"": 32.0, ""42"": 362.0, ""43"": 5.0, ""47"": 67.0, ""48"": 30.0, ""49"": 13.0, ""50"": 8.0, ""51"": 1.0, ""53"": 32.0, ""54"": 1.0, ""58"": 52.0, ""59"": 97.0, ""60"": 11.3125, ""61"": 21.29411765, ""155"": 9.0, ""156"": 8.0, ""158"": 30.0, ""183"": 3.0, ""184"": 2.0, ""210"": 17.0, ""213"": 19.0}",2026-08-24T23:49:57-04:00
Dolphins D/ST,-16015,D/ST,MIA,,95.78214606,81.0,99.97304874,133.0,161.19689599258746,41.186334496094304,,,"{""89"": 0.175257732, ""90"": 0.701030928, ""91"": 2.804123711, ""92"": 2.979381443, ""93"": 0.073234197, ""94"": 1.800223034, ""95"": 13.12734068, ""96"": 9.635272991, ""97"": 1.233319053, ""98"": 0.131139445, ""99"": 41.42907992, ""100"": 82.85815983, ""101"": 0.22046, ""102"": 0.2224992, ""103"": 1.272250645, ""104"": 0.527972389, ""105"": 2.316416431, ""106"": 14.82349691, ""109"": 1023.197239, ""110"": 341.0, ""111"": 204.0, ""113"": 78.93023876, ""114"": 680.104, ""115"": 209.152, ""116"": 68.0, ""117"": 27.0, ""118"": 20.0, ""119"": 8.0, ""120"": 381.911247, ""121"": 1.927835052, ""122"": 4.030927835, ""123"": 2.103092784, ""124"": 2.103092784, ""125"": 0.175257732, ""126"": 22.46536747, ""127"": 5842.331874, ""129"": 0.419753086, ""130"": 5.456790123, ""131"": 4.407407407, ""132"": 3.358024691, ""133"": 2.308641975, ""134"": 0.419753086, ""135"": 0.62962963, ""137"": 343.6665808, ""160"": -381.911247, ""210"": 17.0}","{""89"": 0.0, ""90"": 1.0, ""91"": 2.0, ""92"": 4.0, ""93"": 1.0, ""94"": 2.0, ""95"": 8.0, ""96"": 6.0, ""97"": 2.0, ""99"": 40.0, ""100"": 80.0, ""104"": 2.0, ""105"": 3.0, ""106"": 13.0, ""107"": 392.0, ""108"": 726.0, ""109"": 1118.0, ""110"": 368.0, ""111"": 216.0, ""112"": 72.0, ""113"": 71.0, ""114"": 549.0, ""115"": 111.0, ""116"": 48.0, ""117"": 17.0, ""118"": 7.0, ""120"": 383.0, ""121"": 0.0, ""122"": 6.0, ""123"": 2.0, ""124"": 2.0, ""127"": 5743.0, ""128"": 0.0, ""129"": 1.0, ""130"": 5.0, ""131"": 3.0, ""132"": 4.0, ""133"": 2.0, ""134"": 2.0, ""135"": 0.0, ""136"": 0.0, ""155"": 9.0, ""156"": 8.0, ""187"": 383.0, ""188"": 0.0, ""189"": 1.0, ""190"": 2.0, ""191"": 4.0, ""192"": 0.0, ""193"": 6.0, ""194"": 2.0, ""195"": 2.0, ""210"": 17.0}",2026-08-24T23:49:57-04:00
Elijah Moore,4372414,WR,NYJ,ACTIVE,164.3093866,69.6,128.72552751,116.7,156.20820980615736,41.15091339619254,,,"{""23"": 5.954311422, ""24"": 38.72189464, ""25"": 0.256590054, ""26"": 0.018243573, ""27"": 7.0, ""28"": 3.0, ""29"": 1.0, ""30"": 1.0, ""33"": 1.0, ""35"": 0.010955166, ""36"": 0.007668616, ""37"": 0.003602573, ""38"": 0.000122942, ""39"": 6.5031692, ""40"": 2.411253513, ""42"": 935.5289227, ""43"": 5.246191409, ""44"": 0.437517241, ""45"": 0.197138426, ""46"": 0.128829961, ""47"": 187.0, ""48"": 93.0, ""49"": 46.0, ""50"": 37.0, ""51"": 18.0, ""53"": 68.00963959, ""54"": 13.0, ""55"": 6.0, ""56"": 2.121053651, ""57"": 0.065599597, ""58"": 115.4691821, ""60"": 13.75582827, ""61"": 58.2563798, ""62"": 0.455760814, ""63"": 0.004180083, ""66"": 0.076479264, ""67"": 0.873539657, ""68"": 0.95001892, ""70"": 0.035180461, ""71"": 0.489182208, ""72"": 0.524362669, ""73"": 0.524362669, ""210"": 16.05882353}","{""23"": 5.0, ""24"": 5.0, ""27"": 2.0, ""28"": 1.0, ""39"": 1.0, ""40"": 0.3125, ""41"": 37.0, ""42"": 446.0, ""43"": 1.0, ""47"": 84.0, ""48"": 39.0, ""49"": 16.0, ""50"": 11.0, ""51"": 4.0, ""53"": 37.0, ""54"": 2.0, ""58"": 65.0, ""59"": 111.0, ""60"": 12.05405405, ""61"": 27.875, ""67"": 1.0, ""68"": 1.0, ""108"": 1.0, ""109"": 1.0, ""114"": 9.0, ""155"": 6.0, ""156"": 10.0, ""158"": 6.0, ""185"": 1.0, ""210"": 16.0, ""212"": 2.0, ""213"": 22.0}",2026-08-24T23:49:57-04:00
Brock Purdy,4361741,QB,SF,QUESTIONABLE,0.0,131.7,,,169.71464416058393,40.8097877942093,,,{},"{""0"": 170.0, ""1"": 114.0, ""2"": 56.0, ""3"": 1374.0, ""4"": 13.0, ""5"": 272.0, ""6"": 134.0, ""7"": 65.0, ""8"": 52.0, ""9"": 24.0, ""10"": 10.0, ""11"": 21.0, ""12"": 8.0, ""13"": 9.0, ""14"": 2.0, ""15"": 1.0, ""16"": 1.0, ""20"": 4.0, ""21"": 0.67058824, ""22"": 152.66666667, ""23"": 22.0, ""24"": 13.0, ""25"": 1.0, ""27"": 2.0, ""39"": 0.59090909, ""40"": 1.44444444, ""64"": 11.0, ""73"": 4.0, ""155"": 8.0, ""156"": 1.0, ""158"": 84.0, ""175"": 6.0, ""177"": 3.0, ""178"": 3.0, ""179"": 1.0, ""210"": 9.0, ""211"": 68.0, ""212"": 4.0}",2026-08-24T23:49:57-04:00
Treylon Burks,4567156,WR,TEN,ACTIVE,136.25684784,71.6,,,168.58152793614596,40.75086572141554,,,"{""23"": 7.182058615, ""24"": 43.78127106, ""25"": 0.264485162, ""26"": 0.008242126, ""27"": 8.0, ""28"": 4.0, ""29"": 2.0, ""30"": 1.0, ""33"": 1.0, ""35"": 0.013222865, ""36"": 0.009256005, ""37"": 0.004646876, ""38"": 0.00015858, ""39"": 6.09592227, ""40"": 2.726306256, ""42"": 741.9842278, ""43"": 4.724055166, ""44"": 0.241267484, ""45"": 0.221257318, ""46"": 0.144591658, ""47"": 148.0, ""48"": 74.0, ""49"": 37.0, ""50"": 29.0, ""51"": 14.0, ""53"": 55.1388378, ""54"": 11.0, ""55"": 5.0, ""56"": 1.142527738, ""57"": 0.035335909, ""58"": 88.96804676, ""60"": 13.45665337, ""61"": 46.20414605, ""62"": 0.24950961, ""63"": 0.002913475, ""66"": 0.076308673, ""67"": 0.585844781, ""68"": 0.662153454, ""70"": 0.03510199, ""71"": 0.328073077, ""72"": 0.363175067, ""73"": 0.363175067, ""101"": 0.044092, ""102"": 0.023736, ""114"": 136.0208, ""115"": 21.156, ""116"": 13.0, ""117"": 5.0, ""118"": 2.0, ""210"": 16.05882353}","{""23"": 4.0, ""24"": 47.0, ""27"": 8.0, ""28"": 3.0, ""29"": 1.0, ""39"": 11.75, ""40"": 4.27272727, ""41"": 33.0, ""42"": 444.0, ""43"": 1.0, ""47"": 85.0, ""48"": 40.0, ""49"": 17.0, ""50"": 12.0, ""51"": 5.0, ""52"": 1.0, ""53"": 33.0, ""54"": 1.0, ""56"": 1.0, ""58"": 54.0, ""59"": 161.0, ""60"": 13.45454545, ""61"": 40.36363636, ""63"": 1.0, ""155"": 4.0, ""156"": 7.0, ""158"": 6.0, ""185"": 1.0, ""210"": 11.0, ""212"": 3.0, ""213"": 18.0}",2026-08-24T23:49:57-04:00
Samaje Perine,3116389,RB,DEN,ACTIVE,78.38694863,123.1,49.9063016,69.7,168.81893279749943,40.43876227322625,,,"{""23"": 65.11909617, ""24"": 278.4524459, ""25"": 2.147846503, ""26"": 0.103348778, ""27"": 55.0, ""28"": 27.0, ""29"": 13.0, ""30"": 11.0, ""31"": 5.0, ""33"": 13.0, ""34"": 6.0, ""35"": 0.12367379, ""36"": 0.086571653, ""37"": 0.199332001, ""38"": 0.006802436, ""39"": 4.276048997, ""40"": 18.41903338, ""42"": 186.8588832, ""43"": 1.000711036, ""44"": 0.054077406, ""45"": 0.041316653, ""46"": 0.027000433, ""47"": 37.0, ""48"": 18.0, ""49"": 9.0, ""50"": 7.0, ""51"": 3.0, ""53"": 26.32350405, ""54"": 5.0, ""55"": 2.0, ""56"": 0.070014457, ""57"": 0.002165396, ""58"": 33.84522184, ""60"": 7.098556592, ""61"": 12.36031523, ""62"": 0.157426184, ""63"": 0.002305083, ""66"": 0.373072946, ""67"": 0.150809636, ""68"": 0.523882583, ""70"": 0.171613555, ""71"": 0.084453396, ""72"": 0.256066952, ""73"": 0.256066952, ""210"": 15.11764706}","{""23"": 95.0, ""24"": 394.0, ""25"": 2.0, ""27"": 73.0, ""28"": 33.0, ""29"": 14.0, ""30"": 10.0, ""31"": 4.0, ""32"": 1.0, ""33"": 13.0, ""34"": 4.0, ""37"": 1.0, ""39"": 4.14736842, ""40"": 24.625, ""41"": 38.0, ""42"": 287.0, ""43"": 4.0, ""47"": 50.0, ""48"": 22.0, ""49"": 7.0, ""50"": 6.0, ""51"": 1.0, ""53"": 38.0, ""54"": 1.0, ""58"": 51.0, ""59"": 321.0, ""60"": 7.55263158, ""61"": 17.9375, ""106"": 1.0, ""107"": 3.0, ""108"": 4.0, ""109"": 7.0, ""155"": 12.0, ""156"": 4.0, ""158"": 36.0, ""179"": 2.0, ""183"": 1.0, ""184"": 2.0, ""185"": 1.0, ""210"": 16.0, ""212"": 19.0, ""213"": 11.0}",2026-08-24T23:49:57-04:00
Robbie Gould,9354,K,SF,ACTIVE,130.4779768,137.0,128.58517592,109.0,165.56692006450126,40.222521097782504,,,"{""74"": 3.361716097, ""75"": 5.297498782, ""76"": 1.935782684, ""77"": 7.695389652, ""78"": 9.960566572, ""79"": 2.26517692, ""80"": 15.78165784, ""81"": 16.46348424, ""82"": 0.681826395, ""83"": 26.83876359, ""84"": 31.72154959, ""85"": 4.882786, ""86"": 40.42565019, ""87"": 42.88804432, ""88"": 2.462394129, ""198"": 3.361716097, ""199"": 5.297498782, ""200"": 1.935782684, ""210"": 17.0}","{""74"": 2.0, ""75"": 2.0, ""77"": 7.0, ""78"": 11.0, ""79"": 4.0, ""80"": 18.0, ""81"": 19.0, ""82"": 1.0, ""83"": 27.0, ""84"": 32.0, ""85"": 5.0, ""86"": 50.0, ""87"": 51.0, ""88"": 1.0, ""108"": 2.0, ""109"": 2.0, ""155"": 13.0, ""156"": 4.0, ""158"": 131.0, ""198"": 2.0, ""199"": 2.0, ""210"": 17.0, ""214"": 911.0, ""215"": 126.0, ""216"": 1037.0, ""217"": 176.0, ""218"": 84.0, ""219"": 39.0, ""220"": 31.0, ""221"": 11.0, ""222"": 2.0, ""223"": 24.0, ""224"": 12.0, ""225"": 6.0, ""226"": 3.0, ""229"": 200.0, ""230"": 96.0, ""231"": 45.0, ""232"": 35.0, ""233"": 13.0, ""234"": 3.0}",2026-08-24T23:49:57-04:00
Noah Fant,4036131,TE,SEA,ACTIVE,110.09530938,97.6,123.5480946,125.0,166.73015510948906,40.20553414871662,,,"{""42"": 612.2479818, ""43"": 3.231458766, ""44"": 0.136358381, ""45"": 0.125850114, ""46"": 0.082243049, ""47"": 122.0, ""48"": 61.0, ""49"": 30.0, ""50"": 24.0, ""51"": 12.0, ""53"": 59.45307464, ""54"": 11.0, ""55"": 5.0, ""56"": 0.666247041, ""57"": 0.020605579, ""58"": 84.10435034, ""60"": 10.29800369, ""61"": 38.1253322, ""62"": 0.136358381, ""63"": 0.002033018, ""67"": 0.462049537, ""68"": 0.462049537, ""71"": 0.258747741, ""72"": 0.258747741, ""73"": 0.258747741, ""210"": 16.05882353}","{""41"": 50.0, ""42"": 486.0, ""43"": 4.0, ""47"": 91.0, ""48"": 42.0, ""49"": 17.0, ""50"": 11.0, ""51"": 1.0, ""53"": 50.0, ""54"": 3.0, ""58"": 63.0, ""59"": 221.0, ""60"": 9.72, ""61"": 28.58823529, ""155"": 9.0, ""156"": 8.0, ""158"": 24.0, ""183"": 3.0, ""184"": 1.0, ""210"": 17.0, ""213"": 26.0}",2026-08-24T23:49:57-04:00
Matt Gay,4249087,K,IND,ACTIVE,147.80568179,131.0,140.38702925,157.0,89.40290255701451,39.983442557312394,,,"{""74"": 3.859590786, ""75"": 5.937116181, ""76"": 2.077525395, ""77"": 8.797476798, ""78"": 11.16320048, ""79"": 2.365723687, ""80"": 17.97298998, ""81"": 18.45127723, ""82"": 0.478287254, ""83"": 30.63005757, ""84"": 35.5515939, ""85"": 4.921536335, ""86"": 44.32038706, ""87"": 46.25966792, ""88"": 1.939280864, ""198"": 3.859590786, ""199"": 5.937116181, ""200"": 2.077525395, ""210"": 17.0}","{""74"": 7.0, ""75"": 9.0, ""76"": 2.0, ""77"": 4.0, ""78"": 4.0, ""80"": 17.0, ""81"": 17.0, ""83"": 28.0, ""84"": 30.0, ""85"": 2.0, ""86"": 31.0, ""87"": 32.0, ""88"": 1.0, ""107"": 1.0, ""109"": 1.0, ""155"": 5.0, ""156"": 12.0, ""158"": 115.0, ""198"": 7.0, ""199"": 8.0, ""200"": 1.0, ""202"": 1.0, ""203"": 1.0, ""210"": 17.0, ""214"": 1053.0, ""215"": 112.0, ""216"": 1165.0, ""217"": 205.0, ""218"": 98.0, ""219"": 46.0, ""220"": 34.0, ""221"": 13.0, ""222"": 3.0, ""223"": 22.0, ""224"": 11.0, ""225"": 5.0, ""226"": 4.0, ""227"": 2.0, ""229"": 228.0, ""230"": 110.0, ""231"": 52.0, ""232"": 38.0, ""233"": 15.0, ""234"": 4.0}",2026-08-24T23:49:57-04:00
Kadarius Toney,4240600,WR,KC,ACTIVE,149.27523485,49.3,81.99645087,62.7,161.13021664766248,38.9245657338448,,,"{""23"": 3.938653963, ""24"": 22.96664151, ""25"": 0.189968558, ""26"": 0.009594028, ""27"": 4.0, ""28"": 2.0, ""29"": 1.0, ""35"": 0.007238654, ""36"": 0.005067058, ""37"": 0.00119824, ""38"": 4.09e-05, ""39"": 5.831088927, ""40"": 1.519194186, ""42"": 866.7652802, ""43"": 3.819560223, ""44"": 0.226297274, ""45"": 0.175060384, ""46"": 0.114401961, ""47"": 173.0, ""48"": 86.0, ""49"": 43.0, ""50"": 34.0, ""51"": 17.0, ""53"": 73.76147629, ""54"": 14.0, ""55"": 7.0, ""56"": 1.731347823, ""57"": 0.05354684, ""58"": 110.0800875, ""60"": 11.75092099, ""61"": 57.33466834, ""62"": 0.235891302, ""63"": 0.004391234, ""66"": 0.050589452, ""67"": 0.947418264, ""68"": 0.998007716, ""70"": 0.023271148, ""71"": 0.530554228, ""72"": 0.553825376, ""73"": 0.553825376, ""210"": 15.11764706}","{""23"": 7.0, ""24"": 82.0, ""25"": 1.0, ""27"": 15.0, ""28"": 7.0, ""29"": 3.0, ""30"": 2.0, ""39"": 11.71428571, ""40"": 9.11111111, ""41"": 16.0, ""42"": 171.0, ""43"": 2.0, ""47"": 32.0, ""48"": 14.0, ""49"": 5.0, ""50"": 4.0, ""51"": 2.0, ""53"": 16.0, ""58"": 20.0, ""59"": 108.0, ""60"": 10.6875, ""61"": 19.0, ""68"": 1.0, ""72"": 1.0, ""73"": 1.0, ""115"": 61.0, ""118"": 3.0, ""155"": 9.0, ""158"": 18.0, ""180"": 1.0, ""183"": 2.0, ""210"": 9.0, ""212"": 4.0, ""213"": 8.0}",2026-08-24T23:49:57-04:00
Hayden Hurst,3924365,TE,CAR,ACTIVE,104.30118195,79.4,71.29599282,51.1,165.18544708029196,38.64963072672355,,,"{""42"": 531.4860609, ""43"": 4.301322792, ""44"": 0.232428385, ""45"": 0.121064131, ""46"": 0.07911541, ""47"": 106.0, ""48"": 53.0, ""49"": 26.0, ""50"": 21.0, ""51"": 10.0, ""53"": 51.53448937, ""54"": 10.0, ""55"": 5.0, ""56"": 0.453064831, ""57"": 0.014012314, ""58"": 73.64764969, ""60"": 10.31321097, ""61"": 33.09620159, ""62"": 0.232428385, ""63"": 0.003486459, ""67"": 0.792377095, ""68"": 0.792377095, ""71"": 0.443731173, ""72"": 0.443731173, ""73"": 0.443731173, ""210"": 16.05882353}","{""41"": 52.0, ""42"": 414.0, ""43"": 2.0, ""47"": 77.0, ""48"": 35.0, ""49"": 15.0, ""50"": 10.0, ""51"": 2.0, ""53"": 52.0, ""54"": 6.0, ""58"": 68.0, ""59"": 192.0, ""60"": 7.96153846, ""61"": 31.84615385, ""108"": 1.0, ""109"": 1.0, ""155"": 9.0, ""156"": 4.0, ""158"": 12.0, ""183"": 1.0, ""184"": 1.0, ""210"": 13.0, ""213"": 25.0}",2026-08-24T23:49:57-04:00
Ryan Succop,12731,K,TB,ACTIVE,130.20963059,126.0,132.69260195,133.0,161.26353374798433,38.24253222226777,,,"{""74"": 3.105634114, ""75"": 5.205180806, ""76"": 2.099546692, ""77"": 7.189940159, ""78"": 9.786986665, ""79"": 2.597046506, ""80"": 14.89285323, ""81"": 16.17657987, ""82"": 1.283726643, ""83"": 25.1884275, ""84"": 31.16874734, ""85"": 5.98031984, ""86"": 47.22345953, ""87"": 52.20121675, ""88"": 4.977757215, ""198"": 3.105634114, ""199"": 5.205180806, ""200"": 2.099546692, ""210"": 17.0}","{""74"": 2.0, ""75"": 7.0, ""76"": 5.0, ""77"": 12.0, ""78"": 12.0, ""80"": 17.0, ""81"": 19.0, ""82"": 2.0, ""83"": 31.0, ""84"": 38.0, ""85"": 7.0, ""86"": 24.0, ""87"": 25.0, ""88"": 1.0, ""155"": 8.0, ""156"": 9.0, ""158"": 117.0, ""198"": 2.0, ""199"": 7.0, ""200"": 5.0, ""210"": 17.0, ""214"": 1111.0, ""215"": 246.0, ""216"": 1357.0, ""217"": 218.0, ""218"": 105.0, ""219"": 50.0, ""220"": 36.0, ""221"": 14.0, ""222"": 4.0, ""223"": 48.0, ""224"": 23.0, ""225"": 9.0, ""226"": 9.0, ""227"": 4.0, ""229"": 267.0, ""230"": 129.0, ""231"": 60.0, ""232"": 46.0, ""233"": 18.0, ""234"": 4.0}",2026-08-24T23:49:57-04:00
Packers D/ST,-16009,D/ST,GB,,127.62581119,103.0,105.37198331,94.0,79.7359277275886,37.86433860869994,,,"{""89"": 1.049382716, ""90"": 0.839506173, ""91"": 4.827160494, ""92"": 3.777777778, ""93"": 0.037790531, ""94"": 1.860447176, ""95"": 15.13109979, ""96"": 7.909502244, ""97"": 0.923306946, ""98"": 0.128558719, ""99"": 41.62857873, ""100"": 83.25715747, ""101"": 0.22046, ""102"": 0.187824, ""103"": 1.293782578, ""104"": 0.566664598, ""105"": 2.306521707, ""106"": 12.16846499, ""109"": 986.9974386, ""110"": 328.0, ""111"": 197.0, ""113"": 88.97904893, ""114"": 680.104, ""115"": 207.5727273, ""116"": 68.0, ""117"": 27.0, ""118"": 20.0, ""119"": 8.0, ""120"": 337.9266173, ""121"": 1.469135802, ""122"": 2.308641975, ""123"": 1.888888889, ""124"": 0.839506173, ""126"": 19.87803631, ""127"": 5761.997596, ""129"": 0.839506173, ""130"": 7.765432099, ""131"": 3.777777778, ""132"": 3.148148148, ""133"": 1.049382716, ""134"": 0.209876543, ""135"": 0.209876543, ""137"": 338.941035, ""160"": -337.9266173, ""210"": 17.0}","{""89"": 0.0, ""90"": 0.0, ""91"": 3.0, ""92"": 2.0, ""94"": 2.0, ""95"": 17.0, ""96"": 7.0, ""97"": 1.0, ""98"": 1.0, ""99"": 34.0, ""100"": 68.0, ""101"": 1.0, ""103"": 2.0, ""105"": 3.0, ""106"": 12.0, ""107"": 389.0, ""108"": 711.0, ""109"": 1100.0, ""110"": 363.0, ""111"": 213.0, ""112"": 61.0, ""113"": 63.0, ""114"": 1205.0, ""115"": 316.0, ""116"": 114.0, ""117"": 42.0, ""118"": 27.0, ""119"": 5.0, ""120"": 365.0, ""121"": 4.0, ""122"": 6.0, ""123"": 1.0, ""124"": 1.0, ""127"": 5721.0, ""128"": 0.0, ""129"": 1.0, ""130"": 5.0, ""131"": 3.0, ""132"": 4.0, ""133"": 3.0, ""134"": 0.0, ""135"": 1.0, ""136"": 0.0, ""155"": 8.0, ""156"": 9.0, ""187"": 365.0, ""188"": 0.0, ""189"": 0.0, ""190"": 3.0, ""191"": 2.0, ""192"": 4.0, ""193"": 6.0, ""194"": 1.0, ""195"": 1.0, ""210"": 17.0}",2026-08-24T23:49:57-04:00
Zach Ertz,15835,TE,ARI,QUESTIONABLE,118.77815396,92.1,89.52630217,143.7,116.66833941605839,37.70850984066145,,,"{""42"": 618.3219015, ""43"": 4.59657866, ""44"": 0.256243118, ""45"": 0.10461133, ""46"": 0.068363504, ""47"": 123.0, ""48"": 61.0, ""49"": 30.0, ""50"": 24.0, ""51"": 12.0, ""53"": 58.78383737, ""54"": 11.0, ""55"": 5.0, ""56"": 0.687852004, ""57"": 0.021273773, ""58"": 88.61224453, ""60"": 10.51856989, ""61"": 39.74091617, ""62"": 0.256243118, ""63"": 0.00211323, ""67"": 0.480279531, ""68"": 0.480279531, ""71"": 0.268956537, ""72"": 0.268956537, ""73"": 0.268956537, ""210"": 15.55882353}","{""41"": 47.0, ""42"": 406.0, ""43"": 4.0, ""44"": 2.0, ""47"": 78.0, ""48"": 37.0, ""49"": 16.0, ""50"": 10.0, ""51"": 2.0, ""53"": 47.0, ""54"": 6.0, ""58"": 69.0, ""59"": 130.0, ""60"": 8.63829787, ""61"": 40.6, ""155"": 4.0, ""156"": 6.0, ""158"": 28.0, ""183"": 4.0, ""210"": 10.0, ""213"": 24.0}",2026-08-24T23:49:57-04:00
Commanders D/ST,-16028,D/ST,WSH,,97.38549181,110.0,123.94275694,66.0,167.92332638406302,37.55342793639939,,,"{""89"": 0.261538462, ""90"": 0.261538462, ""91"": 2.615384615, ""92"": 2.615384615, ""93"": 0.059678035, ""94"": 1.829202011, ""95"": 13.1521926, ""96"": 8.754720491, ""97"": 0.993967218, ""98"": 0.124429545, ""99"": 40.14427427, ""100"": 80.28854855, ""101"": 0.22046, ""102"": 0.23736, ""103"": 1.276269254, ""104"": 0.552932757, ""105"": 2.346700046, ""106"": 13.46880075, ""109"": 1024.209246, ""110"": 341.0, ""111"": 204.0, ""113"": 75.41904317, ""114"": 680.104, ""115"": 211.56, ""116"": 68.0, ""117"": 27.0, ""118"": 21.0, ""119"": 8.0, ""120"": 374.1662344, ""121"": 3.138461538, ""122"": 4.707692308, ""123"": 2.615384615, ""124"": 0.784615385, ""126"": 22.0097785, ""127"": 5807.996267, ""129"": 0.839506173, ""130"": 6.086419753, ""131"": 2.938271605, ""132"": 4.407407407, ""133"": 2.308641975, ""134"": 0.209876543, ""135"": 0.209876543, ""137"": 341.6468393, ""160"": -374.1662344, ""210"": 17.0}","{""89"": 0.0, ""90"": 1.0, ""91"": 3.0, ""92"": 3.0, ""94"": 3.0, ""95"": 9.0, ""96"": 9.0, ""97"": 1.0, ""98"": 1.0, ""99"": 43.0, ""100"": 86.0, ""103"": 2.0, ""104"": 1.0, ""105"": 3.0, ""106"": 8.0, ""107"": 391.0, ""108"": 640.0, ""109"": 1031.0, ""110"": 338.0, ""111"": 200.0, ""112"": 73.0, ""113"": 68.0, ""114"": 902.0, ""115"": 336.0, ""116"": 81.0, ""117"": 28.0, ""118"": 27.0, ""119"": 7.0, ""120"": 329.0, ""121"": 4.0, ""122"": 4.0, ""123"": 1.0, ""124"": 1.0, ""127"": 5178.0, ""128"": 0.0, ""129"": 2.0, ""130"": 5.0, ""131"": 5.0, ""132"": 3.0, ""133"": 2.0, ""134"": 0.0, ""135"": 0.0, ""136"": 0.0, ""155"": 8.0, ""156"": 8.0, ""187"": 329.0, ""188"": 0.0, ""189"": 1.0, ""190"": 3.0, ""191"": 3.0, ""192"": 4.0, ""193"": 4.0, ""194"": 1.0, ""195"": 1.0, ""210"": 17.0}",2026-08-24T23:49:57-04:00
Tyler Conklin,3915486,TE,NYJ,ACTIVE,68.02547758,102.5,90.44367603,107.8,169.84808394160584,37.39682123564474,,,"{""42"": 348.7305072, ""43"": 2.553659366, ""44"": 0.21301221, ""45"": 0.087525663, ""46"": 0.05719802, ""47"": 69.0, ""48"": 34.0, ""49"": 17.0, ""50"": 13.0, ""51"": 6.0, ""53"": 35.9288131, ""54"": 7.0, ""55"": 3.0, ""56"": 0.166282504, ""57"": 0.005142758, ""58"": 52.1549363, ""60"": 9.706151613, ""61"": 21.71581913, ""62"": 0.21301221, ""63"": 0.002199844, ""67"": 0.499964557, ""68"": 0.499964557, ""71"": 0.279980152, ""72"": 0.279980152, ""73"": 0.279980152, ""210"": 16.05882353}","{""23"": 2.0, ""24"": 3.0, ""39"": 1.5, ""40"": 0.17647059, ""41"": 58.0, ""42"": 552.0, ""43"": 3.0, ""47"": 104.0, ""48"": 48.0, ""49"": 20.0, ""50"": 16.0, ""51"": 5.0, ""53"": 58.0, ""54"": 5.0, ""58"": 87.0, ""59"": 291.0, ""60"": 9.51724138, ""61"": 32.47058824, ""67"": 2.0, ""68"": 2.0, ""155"": 7.0, ""156"": 10.0, ""158"": 18.0, ""183"": 3.0, ""210"": 17.0, ""212"": 2.0, ""213"": 25.0}",2026-08-24T23:49:57-04:00
Titans D/ST,-16010,D/ST,TEN,,70.97538625,81.0,99.6597842,103.0,168.1952744961779,36.852038705275156,,,"{""90"": 0.175257732, ""91"": 1.75257732, ""92"": 2.453608247, ""93"": 0.065191347, ""94"": 1.851878775, ""95"": 13.56332844, ""96"": 8.356411221, ""97"": 1.021908618, ""98"": 0.131633632, ""99"": 41.88739325, ""100"": 83.7747865, ""101"": 0.1871192, ""102"": 0.23736, ""103"": 1.28803232, ""104"": 0.563846455, ""105"": 2.341549323, ""106"": 12.85601726, ""109"": 1000.647589, ""110"": 333.0, ""111"": 200.0, ""113"": 85.62660061, ""114"": 687.8571636, ""115"": 211.56, ""116"": 68.0, ""117"": 27.0, ""118"": 21.0, ""119"": 8.0, ""120"": 406.4292236, ""121"": 2.103092784, ""122"": 2.979381443, ""123"": 4.731958763, ""124"": 2.628865979, ""125"": 0.175257732, ""126"": 23.90760139, ""127"": 5920.663168, ""129"": 0.839506173, ""130"": 3.987654321, ""131"": 3.358024691, ""132"": 4.617283951, ""133"": 1.888888889, ""134"": 1.679012346, ""135"": 0.62962963, ""137"": 348.274304, ""160"": -406.4292236, ""210"": 17.0}","{""89"": 0.0, ""90"": 0.0, ""91"": 3.0, ""92"": 5.0, ""94"": 1.0, ""95"": 14.0, ""96"": 6.0, ""97"": 1.0, ""99"": 39.0, ""100"": 78.0, ""103"": 1.0, ""105"": 1.0, ""106"": 11.0, ""107"": 381.0, ""108"": 773.0, ""109"": 1154.0, ""110"": 378.0, ""111"": 224.0, ""112"": 80.0, ""113"": 78.0, ""114"": 792.0, ""115"": 303.0, ""116"": 72.0, ""117"": 24.0, ""118"": 28.0, ""119"": 7.0, ""120"": 347.0, ""121"": 4.0, ""122"": 2.0, ""123"": 0.0, ""124"": 3.0, ""127"": 5978.0, ""128"": 0.0, ""129"": 1.0, ""130"": 4.0, ""131"": 1.0, ""132"": 7.0, ""133"": 2.0, ""134"": 2.0, ""135"": 0.0, ""136"": 0.0, ""155"": 7.0, ""156"": 10.0, ""187"": 347.0, ""188"": 0.0, ""189"": 0.0, ""190"": 3.0, ""191"": 5.0, ""192"": 4.0, ""193"": 2.0, ""194"": 0.0, ""195"": 3.0, ""210"": 17.0}",2026-08-24T23:49:57-04:00
Allen Robinson II,16799,WR,LAR,QUESTIONABLE,164.90941378,68.4,197.38054454,68.0,147.6470454026922,36.58650227845364,,,"{""42"": 933.905782, ""43"": 5.948311935, ""44"": 0.246887344, ""45"": 0.161788795, ""46"": 0.105728978, ""47"": 186.0, ""48"": 93.0, ""49"": 46.0, ""50"": 37.0, ""51"": 18.0, ""53"": 72.28130526, ""54"": 14.0, ""55"": 7.0, ""56"": 2.116400024, ""57"": 0.065455671, ""58"": 120.8549542, ""60"": 12.92043328, ""61"": 58.15530511, ""62"": 0.246887344, ""63"": 0.00316432, ""67"": 0.719163706, ""68"": 0.719163706, ""71"": 0.402731675, ""72"": 0.402731675, ""73"": 0.402731675, ""210"": 16.05882353}","{""41"": 33.0, ""42"": 339.0, ""43"": 3.0, ""47"": 62.0, ""48"": 30.0, ""49"": 13.0, ""50"": 8.0, ""51"": 3.0, ""53"": 33.0, ""54"": 2.0, ""58"": 52.0, ""59"": 71.0, ""60"": 10.27272727, ""61"": 33.9, ""155"": 3.0, ""156"": 7.0, ""158"": 18.0, ""183"": 3.0, ""210"": 10.0, ""213"": 21.0}",2026-08-24T23:49:57-04:00
Greg Joseph,3975763,K,MIN,ACTIVE,134.77315021,126.0,123.72248979,151.0,165.8465791292329,36.14517710979913,,,"{""74"": 3.480020396, ""75"": 5.473197639, ""76"": 1.993177243, ""77"": 7.963419187, ""78"": 10.29092251, ""79"": 2.327503319, ""80"": 16.32623717, ""81"": 17.00951841, ""82"": 0.68328124, ""83"": 27.76967675, ""84"": 32.77363855, ""85"": 5.003961801, ""86"": 41.54462177, ""87"": 44.01708439, ""88"": 2.472462623, ""198"": 3.480020396, ""199"": 5.473197639, ""200"": 1.993177243, ""210"": 17.0}","{""74"": 4.0, ""75"": 10.0, ""76"": 6.0, ""77"": 7.0, ""78"": 8.0, ""79"": 1.0, ""80"": 15.0, ""81"": 15.0, ""83"": 26.0, ""84"": 33.0, ""85"": 7.0, ""86"": 40.0, ""87"": 46.0, ""88"": 6.0, ""108"": 1.0, ""109"": 1.0, ""155"": 13.0, ""156"": 4.0, ""158"": 118.0, ""198"": 3.0, ""199"": 9.0, ""200"": 6.0, ""201"": 1.0, ""202"": 1.0, ""210"": 17.0, ""214"": 968.0, ""215"": 368.0, ""216"": 1336.0, ""217"": 190.0, ""218"": 93.0, ""219"": 44.0, ""220"": 33.0, ""221"": 13.0, ""222"": 4.0, ""223"": 72.0, ""224"": 35.0, ""225"": 16.0, ""226"": 13.0, ""227"": 6.0, ""228"": 2.0, ""229"": 262.0, ""230"": 128.0, ""231"": 60.0, ""232"": 47.0, ""233"": 20.0, ""234"": 7.0}",2026-08-24T23:49:57-04:00
Gardner Minshew,4038524,QB,IND,ACTIVE,39.1356552,42.5,27.15544758,41.5,169.34808394160584,35.959247474538586,,,"{""0"": 59.71211245, ""1"": 37.90457213, ""2"": 21.80754032, ""3"": 435.7228023, ""4"": 3.046332197, ""5"": 87.0, ""6"": 43.0, ""7"": 21.0, ""8"": 17.0, ""9"": 8.0, ""10"": 4.0, ""11"": 7.0, ""12"": 3.0, ""15"": 0.326802611, ""16"": 0.213565507, ""17"": 0.272183509, ""18"": 0.036764855, ""19"": 0.225538609, ""20"": 1.194066855, ""21"": 0.634788665, ""22"": 108.9307006, ""23"": 9.492476931, ""24"": 45.25964663, ""25"": 0.316032248, ""26"": 0.014281176, ""27"": 9.0, ""28"": 4.0, ""29"": 2.0, ""30"": 1.0, ""33"": 1.0, ""35"": 0.018172509, ""36"": 0.012720756, ""37"": 0.044646243, ""38"": 0.001523605, ""39"": 4.767949078, ""40"": 11.31491166, ""62"": 0.239819785, ""63"": 0.004866131, ""64"": 4.475807894, ""65"": 0.963457237, ""66"": 0.142481569, ""68"": 1.105938806, ""69"": 0.462459474, ""70"": 0.065541522, ""72"": 0.528000996, ""73"": 1.72206785, ""210"": 4.0}","{""0"": 76.0, ""1"": 44.0, ""2"": 32.0, ""3"": 663.0, ""4"": 3.0, ""5"": 131.0, ""6"": 65.0, ""7"": 31.0, ""8"": 24.0, ""9"": 12.0, ""10"": 5.0, ""11"": 7.0, ""12"": 3.0, ""13"": 5.0, ""14"": 2.0, ""15"": 1.0, ""16"": 1.0, ""17"": 1.0, ""20"": 3.0, ""21"": 0.57894737, ""22"": 132.6, ""23"": 7.0, ""24"": 3.0, ""25"": 1.0, ""27"": 1.0, ""39"": 0.42857143, ""40"": 0.6, ""64"": 6.0, ""65"": 3.0, ""66"": 1.0, ""68"": 4.0, ""70"": 1.0, ""72"": 1.0, ""73"": 4.0, ""108"": 1.0, ""109"": 1.0, ""155"": 3.0, ""156"": 2.0, ""158"": 24.0, ""175"": 1.0, ""176"": 1.0, ""179"": 1.0, ""210"": 5.0, ""211"": 30.0, ""212"": 1.0}",2026-08-24T23:49:57-04:00
Colts D/ST,-16011,D/ST,IND,,95.26077767,95.0,106.09585951,120.0,163.4570303451471,33.05679721110379,,,"{""91"": 4.604166667, ""92"": 3.541666667, ""93"": 0.058718916, ""94"": 1.854064346, ""95"": 13.78645306, ""96"": 9.084651284, ""97"": 1.130528293, ""98"": 0.125160354, ""99"": 39.79233293, ""100"": 79.58466586, ""101"": 0.313006222, ""102"": 0.351633524, ""103"": 1.307856879, ""104"": 0.546207467, ""105"": 2.577423008, ""106"": 13.97638659, ""109"": 1007.399551, ""110"": 335.0, ""111"": 201.0, ""113"": 73.53827865, ""114"": 840.2311111, ""115"": 313.2857143, ""116"": 84.0, ""117"": 33.0, ""118"": 31.0, ""119"": 12.0, ""120"": 375.7559044, ""121"": 1.770833333, ""122"": 1.770833333, ""123"": 3.1875, ""124"": 1.770833333, ""125"": 0.354166667, ""126"": 22.10328849, ""127"": 5825.93081, ""129"": 0.839506173, ""130"": 5.666666667, ""131"": 4.197530864, ""132"": 2.728395062, ""133"": 2.518518519, ""134"": 0.839506173, ""135"": 0.209876543, ""137"": 342.7018124, ""160"": -375.7559044, ""210"": 17.0}","{""89"": 0.0, ""90"": 0.0, ""91"": 2.0, ""92"": 3.0, ""93"": 1.0, ""94"": 2.0, ""95"": 10.0, ""96"": 11.0, ""97"": 3.0, ""99"": 44.0, ""100"": 88.0, ""103"": 2.0, ""105"": 3.0, ""106"": 14.0, ""107"": 403.0, ""108"": 770.0, ""109"": 1173.0, ""110"": 385.0, ""111"": 228.0, ""112"": 94.0, ""113"": 61.0, ""114"": 1197.0, ""115"": 289.0, ""116"": 113.0, ""117"": 42.0, ""118"": 23.0, ""119"": 5.0, ""120"": 397.0, ""121"": 4.0, ""122"": 5.0, ""123"": 1.0, ""124"": 1.0, ""125"": 1.0, ""127"": 5678.0, ""128"": 0.0, ""129"": 0.0, ""130"": 4.0, ""131"": 6.0, ""132"": 6.0, ""133"": 0.0, ""134"": 0.0, ""135"": 1.0, ""136"": 0.0, ""155"": 4.0, ""156"": 12.0, ""187"": 397.0, ""188"": 0.0, ""189"": 0.0, ""190"": 2.0, ""191"": 3.0, ""192"": 4.0, ""193"": 5.0, ""194"": 1.0, ""195"": 1.0, ""196"": 1.0, ""210"": 17.0}",2026-08-24T23:49:57-04:00
Breece Hall,4427366,RB,NYJ,QUESTIONABLE,193.04090449,105.6,,,106.72148722627738,33.020572501707264,,,"{""23"": 238.0181456, ""24"": 1049.739363, ""25"": 6.281667141, ""26"": 0.446615427, ""27"": 209.0, ""28"": 104.0, ""29"": 52.0, ""30"": 41.0, ""31"": 20.0, ""33"": 47.0, ""34"": 23.0, ""35"": 0.493583967, ""36"": 0.345508777, ""37"": 2.869532886, ""38"": 0.097926148, ""39"": 4.410333341, ""40"": 69.43801236, ""42"": 256.6634853, ""43"": 1.357923763, ""44"": 0.113299262, ""45"": 0.043055141, ""46"": 0.028136535, ""47"": 51.0, ""48"": 25.0, ""49"": 12.0, ""50"": 10.0, ""51"": 5.0, ""53"": 35.1238784, ""54"": 7.0, ""55"": 3.0, ""56"": 0.099303208, ""57"": 0.003071233, ""58"": 46.04672423, ""60"": 7.307378825, ""61"": 16.97774027, ""62"": 0.559914689, ""63"": 0.009857327, ""66"": 1.952216651, ""67"": 0.288084844, ""68"": 2.240301495, ""70"": 0.89801966, ""71"": 0.161327512, ""72"": 1.059347172, ""73"": 1.059347172, ""210"": 15.11764706}","{""23"": 80.0, ""24"": 463.0, ""25"": 4.0, ""27"": 90.0, ""28"": 43.0, ""29"": 19.0, ""30"": 14.0, ""31"": 6.0, ""32"": 1.0, ""33"": 13.0, ""34"": 4.0, ""35"": 1.0, ""36"": 1.0, ""37"": 1.0, ""39"": 5.7875, ""40"": 66.14285714, ""41"": 19.0, ""42"": 218.0, ""43"": 1.0, ""47"": 42.0, ""48"": 20.0, ""49"": 8.0, ""50"": 7.0, ""51"": 3.0, ""52"": 1.0, ""53"": 19.0, ""54"": 2.0, ""56"": 1.0, ""58"": 31.0, ""59"": 171.0, ""60"": 11.47368421, ""61"": 31.14285714, ""67"": 1.0, ""68"": 1.0, ""71"": 1.0, ""72"": 1.0, ""73"": 1.0, ""108"": 1.0, ""109"": 1.0, ""155"": 5.0, ""156"": 2.0, ""158"": 30.0, ""179"": 2.0, ""182"": 1.0, ""184"": 1.0, ""210"": 7.0, ""212"": 18.0, ""213"": 8.0}",2026-08-24T23:49:57-04:00
Giants D/ST,-16019,D/ST,NYG,,70.36139838,88.0,106.95325341,67.0,167.65415798007876,32.95489520845069,,,"{""89"": 0.209876543, ""90"": 0.419753086, ""91"": 1.469135802, ""92"": 1.679012346, ""93"": 0.033336766, ""94"": 1.871559598, ""95"": 12.79612485, ""96"": 7.244818404, ""97"": 0.89797286, ""98"": 0.127978019, ""99"": 38.22837437, ""100"": 76.45674874, ""101"": 0.22046, ""102"": 0.187824, ""103"": 1.290034261, ""104"": 0.581525337, ""105"": 2.313180365, ""106"": 11.14587447, ""109"": 1016.806535, ""110"": 338.0, ""111"": 203.0, ""113"": 79.30791756, ""114"": 680.104, ""115"": 194.4214286, ""116"": 68.0, ""117"": 27.0, ""118"": 19.0, ""119"": 7.0, ""120"": 405.5386986, ""121"": 2.308641975, ""122"": 4.407407407, ""123"": 4.617283951, ""124"": 1.679012346, ""125"": 0.209876543, ""126"": 23.85521756, ""127"": 5944.540561, ""129"": 1.049382716, ""130"": 3.567901235, ""131"": 4.407407407, ""132"": 2.938271605, ""133"": 2.728395062, ""134"": 1.679012346, ""135"": 0.209876543, ""136"": 0.419753086, ""137"": 349.6788565, ""160"": -405.5386986, ""210"": 17.0}","{""89"": 0.0, ""90"": 0.0, ""91"": 3.0, ""92"": 3.0, ""94"": 2.0, ""95"": 6.0, ""96"": 13.0, ""97"": 2.0, ""99"": 41.0, ""100"": 82.0, ""103"": 1.0, ""104"": 1.0, ""105"": 2.0, ""106"": 20.0, ""107"": 415.0, ""108"": 722.0, ""109"": 1137.0, ""110"": 373.0, ""111"": 219.0, ""112"": 59.0, ""113"": 75.0, ""114"": 555.0, ""115"": 179.0, ""116"": 51.0, ""117"": 15.0, ""118"": 13.0, ""119"": 4.0, ""120"": 369.0, ""121"": 4.0, ""122"": 4.0, ""123"": 2.0, ""124"": 0.0, ""125"": 1.0, ""127"": 6089.0, ""128"": 0.0, ""129"": 0.0, ""130"": 3.0, ""131"": 4.0, ""132"": 5.0, ""133"": 4.0, ""134"": 1.0, ""135"": 0.0, ""136"": 0.0, ""155"": 9.0, ""156"": 7.0, ""187"": 369.0, ""188"": 0.0, ""189"": 0.0, ""190"": 3.0, ""191"": 3.0, ""192"": 4.0, ""193"": 4.0, ""194"": 2.0, ""195"": 0.0, ""196"": 1.0, ""210"": 17.0}",2026-08-24T23:49:57-04:00
Parris Campbell,3121410,WR,NYG,ACTIVE,80.53140617,117.6,120.79632439,27.2,169.49532497149372,32.947185340366275,,,"{""42"": 471.0672144, ""43"": 2.49980396, ""44"": 0.151189532, ""45"": 0.164910066, ""46"": 0.107768728, ""47"": 94.0, ""48"": 47.0, ""49"": 23.0, ""50"": 18.0, ""51"": 9.0, ""53"": 37.32073147, ""54"": 7.0, ""55"": 3.0, ""56"": 0.330825799, ""57"": 0.010231726, ""58"": 60.64976528, ""60"": 12.62213241, ""61"": 33.22880766, ""62"": 0.151189532, ""63"": 0.002109186, ""67"": 0.479360561, ""68"": 0.479360561, ""71"": 0.268441914, ""72"": 0.268441914, ""73"": 0.268441914, ""210"": 14.17647059}","{""23"": 5.0, ""24"": 58.0, ""27"": 10.0, ""28"": 4.0, ""29"": 2.0, ""30"": 2.0, ""39"": 11.6, ""40"": 3.41176471, ""41"": 63.0, ""42"": 623.0, ""43"": 3.0, ""47"": 118.0, ""48"": 56.0, ""49"": 23.0, ""50"": 16.0, ""51"": 5.0, ""53"": 63.0, ""54"": 6.0, ""55"": 1.0, ""58"": 91.0, ""59"": 276.0, ""60"": 9.88888889, ""61"": 36.64705882, ""67"": 1.0, ""68"": 1.0, ""108"": 1.0, ""109"": 1.0, ""155"": 4.0, ""156"": 12.0, ""158"": 18.0, ""183"": 2.0, ""186"": 1.0, ""210"": 17.0, ""212"": 2.0, ""213"": 31.0}",2026-08-24T23:49:57-04:00
Rondale Moore,4372485,WR,ARI,QUESTIONABLE,105.86232118,67.4,117.49892852,82.1,169.3236031927024,32.842952443415676,,,"{""23"": 19.9708863, ""24"": 109.6519092, ""25"": 0.823099598, ""26"": 0.028007493, ""27"": 21.0, ""28"": 10.0, ""29"": 5.0, ""30"": 4.0, ""31"": 2.0, ""33"": 3.0, ""34"": 1.0, ""35"": 0.03704863, ""36"": 0.025934041, ""37"": 0.032278931, ""38"": 0.001101556, ""39"": 5.490588027, ""40"": 7.281572095, ""42"": 496.2219423, ""43"": 2.454929717, ""44"": 0.136853412, ""45"": 0.134625986, ""46"": 0.087978082, ""47"": 99.0, ""48"": 49.0, ""49"": 24.0, ""50"": 19.0, ""51"": 9.0, ""53"": 49.59749061, ""54"": 9.0, ""55"": 4.0, ""56"": 0.514452948, ""57"": 0.015910916, ""58"": 65.7758789, ""60"": 10.00498082, ""61"": 32.95223836, ""62"": 0.164860904, ""63"": 0.005530535, ""66"": 0.360827749, ""67"": 0.896112, ""68"": 1.256939749, ""70"": 0.165980764, ""71"": 0.50182272, ""72"": 0.667803485, ""73"": 0.667803485, ""101"": 0.124927333, ""102"": 0.177389333, ""114"": 385.3922667, ""115"": 198.4142857, ""116"": 38.0, ""117"": 15.0, ""118"": 19.0, ""119"": 7.0, ""210"": 15.05882353}","{""23"": 6.0, ""24"": -5.0, ""27"": 2.0, ""28"": 1.0, ""39"": -0.83333333, ""40"": -0.625, ""41"": 41.0, ""42"": 414.0, ""43"": 1.0, ""47"": 79.0, ""48"": 38.0, ""49"": 17.0, ""50"": 12.0, ""51"": 4.0, ""53"": 41.0, ""54"": 5.0, ""58"": 56.0, ""59"": 281.0, ""60"": 10.09756098, ""61"": 51.75, ""155"": 3.0, ""156"": 5.0, ""158"": 6.0, ""186"": 1.0, ""210"": 8.0, ""212"": 1.0, ""213"": 15.0}",2026-08-24T23:49:57-04:00
DJ Chark,3115394,WR,DET,ACTIVE,122.59272674,83.2,159.68790103,30.9,167.38928164196122,31.800839578540423,,,"{""42"": 704.0521981, ""43"": 4.769876436, ""44"": 0.358510735, ""45"": 0.211960338, ""46"": 0.138516081, ""47"": 140.0, ""48"": 70.0, ""49"": 35.0, ""50"": 28.0, ""51"": 14.0, ""53"": 46.85749126, ""54"": 9.0, ""55"": 4.0, ""56"": 0.984660067, ""57"": 0.030453404, ""58"": 85.42896003, ""60"": 15.02539251, ""61"": 46.57154618, ""62"": 0.358510735, ""63"": 0.002268824, ""67"": 0.515641775, ""68"": 0.515641775, ""71"": 0.288759394, ""72"": 0.288759394, ""73"": 0.288759394, ""210"": 15.11764706}","{""41"": 30.0, ""42"": 502.0, ""43"": 3.0, ""45"": 1.0, ""47"": 96.0, ""48"": 45.0, ""49"": 19.0, ""50"": 15.0, ""51"": 6.0, ""52"": 1.0, ""53"": 30.0, ""54"": 2.0, ""56"": 1.0, ""58"": 52.0, ""59"": 134.0, ""60"": 16.73333333, ""61"": 45.63636364, ""108"": 1.0, ""109"": 1.0, ""155"": 7.0, ""156"": 4.0, ""158"": 18.0, ""183"": 1.0, ""185"": 1.0, ""210"": 11.0, ""213"": 24.0}",2026-08-24T23:49:57-04:00
Matthew Stafford,12483,QB,LAR,QUESTIONABLE,348.63339439,127.5,334.89804288,410.3,151.3077098540146,31.206697830660403,,,"{""0"": 576.845484, ""1"": 381.0806206, ""2"": 195.7648634, ""3"": 4349.638046, ""4"": 31.64992945, ""5"": 869.0, ""6"": 434.0, ""7"": 217.0, ""8"": 173.0, ""9"": 86.0, ""10"": 43.0, ""11"": 76.0, ""12"": 38.0, ""15"": 3.9388983, ""16"": 2.574070039, ""17"": 4.977663751, ""18"": 0.672351857, ""19"": 1.31395573, ""20"": 13.96554907, ""21"": 0.660628593, ""22"": 271.8523779, ""23"": 34.86719453, ""24"": 81.58861304, ""25"": 1.447968742, ""26"": 0.067264912, ""27"": 16.0, ""28"": 8.0, ""29"": 4.0, ""30"": 3.0, ""31"": 1.0, ""33"": 6.0, ""34"": 3.0, ""35"": 0.065232461, ""36"": 0.045662722, ""37"": 0.017714958, ""38"": 0.000604544, ""39"": 2.339982156, ""40"": 5.099288315, ""62"": 1.381220642, ""63"": 0.030980471, ""64"": 35.35309926, ""65"": 6.661610327, ""66"": 0.379405751, ""68"": 7.041016078, ""69"": 3.197572957, ""70"": 0.174526645, ""72"": 3.372099603, ""73"": 17.33764867, ""210"": 16.0}","{""0"": 303.0, ""1"": 206.0, ""2"": 97.0, ""3"": 2087.0, ""4"": 10.0, ""5"": 413.0, ""6"": 204.0, ""7"": 100.0, ""8"": 79.0, ""9"": 38.0, ""10"": 16.0, ""11"": 37.0, ""12"": 16.0, ""13"": 15.0, ""14"": 5.0, ""15"": 3.0, ""16"": 3.0, ""17"": 1.0, ""20"": 8.0, ""21"": 0.67986799, ""22"": 231.88888889, ""23"": 13.0, ""24"": 9.0, ""25"": 1.0, ""27"": 1.0, ""39"": 0.69230769, ""40"": 1.0, ""64"": 29.0, ""65"": 4.0, ""66"": 1.0, ""68"": 5.0, ""69"": 3.0, ""72"": 3.0, ""73"": 11.0, ""108"": 1.0, ""109"": 1.0, ""155"": 3.0, ""156"": 6.0, ""158"": 66.0, ""175"": 5.0, ""176"": 2.0, ""179"": 1.0, ""210"": 9.0, ""211"": 102.0, ""212"": 3.0}",2026-08-24T23:49:57-04:00
Elijah Mitchell,4241555,RB,SF,QUESTIONABLE,184.31509592,42.1,50.87488498,155.5,147.97946143313555,31.00154718927282,,,"{""23"": 246.2376133, ""24"": 1033.586496, ""25"": 7.403575945, ""26"": 0.214090805, ""27"": 206.0, ""28"": 103.0, ""29"": 51.0, ""30"": 41.0, ""31"": 20.0, ""33"": 49.0, ""34"": 24.0, ""35"": 0.512428323, ""36"": 0.358699826, ""37"": 2.772333726, ""38"": 0.094609114, ""39"": 4.197516709, ""40"": 68.36953476, ""42"": 183.4012425, ""43"": 0.941479287, ""44"": 0.048373689, ""45"": 0.040586096, ""46"": 0.026523013, ""47"": 36.0, ""48"": 18.0, ""49"": 9.0, ""50"": 7.0, ""51"": 3.0, ""53"": 26.15702612, ""54"": 5.0, ""55"": 2.0, ""56"": 0.06887819, ""57"": 0.002130253, ""58"": 33.38793931, ""60"": 7.011547938, ""61"": 12.1315997, ""62"": 0.262464494, ""63"": 0.004953961, ""66"": 1.017784268, ""67"": 0.108115935, ""68"": 1.125900202, ""70"": 0.468180763, ""71"": 0.060544923, ""72"": 0.528725686, ""73"": 0.528725686, ""210"": 15.11764706}","{""23"": 45.0, ""24"": 279.0, ""25"": 2.0, ""27"": 54.0, ""28"": 25.0, ""29"": 11.0, ""30"": 9.0, ""31"": 3.0, ""33"": 7.0, ""34"": 1.0, ""39"": 6.2, ""40"": 55.8, ""41"": 3.0, ""42"": 7.0, ""47"": 1.0, ""53"": 3.0, ""58"": 4.0, ""59"": 16.0, ""60"": 2.33333333, ""61"": 1.4, ""155"": 4.0, ""156"": 1.0, ""158"": 12.0, ""179"": 2.0, ""210"": 5.0, ""212"": 16.0}",2026-08-24T23:49:57-04:00
Michael Thomas,2976316,WR,NO,QUESTIONABLE,168.77340753,43.1,138.53570094,0.0,142.48164196123147,29.68970833868688,,,"{""42"": 810.198821, ""43"": 8.316909507, ""44"": 0.496279733, ""45"": 0.152277214, ""46"": 0.09951316, ""47"": 162.0, ""48"": 81.0, ""49"": 40.0, ""50"": 32.0, ""51"": 16.0, ""53"": 75.57004204, ""54"": 15.0, ""55"": 7.0, ""56"": 1.44221711, ""57"": 0.044604653, ""58"": 106.3580489, ""60"": 10.72116409, ""61"": 59.2403439, ""62"": 0.496279733, ""63"": 0.00363594, ""67"": 0.826350092, ""68"": 0.826350092, ""71"": 0.462756051, ""72"": 0.462756051, ""73"": 0.462756051, ""210"": 13.67647059}","{""41"": 16.0, ""42"": 171.0, ""43"": 3.0, ""47"": 33.0, ""48"": 15.0, ""49"": 7.0, ""50"": 5.0, ""51"": 2.0, ""53"": 16.0, ""54"": 3.0, ""58"": 22.0, ""59"": 21.0, ""60"": 10.6875, ""61"": 57.0, ""155"": 1.0, ""156"": 2.0, ""158"": 18.0, ""183"": 3.0, ""210"": 3.0, ""213"": 11.0}",2026-08-24T23:49:57-04:00
Chris Boswell,17372,K,PIT,ACTIVE,126.64478279,89.0,123.82424362,158.0,168.10205021884357,29.42320966760826,,,"{""74"": 3.665486638, ""75"": 5.419759777, ""76"": 1.754273139, ""77"": 8.298274461, ""78"": 10.19044653, ""79"": 1.892172066, ""80"": 16.67501061, ""81"": 16.84344506, ""82"": 0.168434451, ""83"": 28.63877171, ""84"": 32.45365136, ""85"": 3.814879656, ""86"": 28.91409958, ""87"": 29.50418325, ""88"": 0.590083665, ""198"": 3.665486638, ""199"": 5.419759777, ""200"": 1.754273139, ""210"": 17.0}","{""74"": 7.0, ""75"": 9.0, ""76"": 2.0, ""77"": 5.0, ""78"": 10.0, ""79"": 5.0, ""80"": 8.0, ""81"": 9.0, ""82"": 1.0, ""83"": 20.0, ""84"": 28.0, ""85"": 8.0, ""86"": 18.0, ""87"": 18.0, ""155"": 6.0, ""156"": 6.0, ""158"": 78.0, ""198"": 7.0, ""199"": 9.0, ""200"": 2.0, ""210"": 12.0, ""214"": 829.0, ""215"": 365.0, ""216"": 1194.0, ""217"": 162.0, ""218"": 79.0, ""219"": 38.0, ""220"": 29.0, ""221"": 11.0, ""222"": 3.0, ""223"": 71.0, ""224"": 33.0, ""225"": 15.0, ""226"": 11.0, ""227"": 3.0, ""229"": 235.0, ""230"": 115.0, ""231"": 55.0, ""232"": 44.0, ""233"": 18.0, ""234"": 5.0}",2026-08-24T23:49:57-04:00
Hunter Renfrow,3135321,WR,LV,ACTIVE,159.30921799,61.0,97.27363346,207.6,149.1860889395667,29.346788509814985,,,"{""23"": 3.959410642, ""24"": 23.19335718, ""25"": 0.194582244, ""26"": 0.007110845, ""27"": 4.0, ""28"": 2.0, ""29"": 1.0, ""35"": 0.007276879, ""36"": 0.005093815, ""37"": 0.001223031, ""38"": 4.17e-05, ""39"": 5.857780178, ""40"": 1.444274989, ""42"": 803.6945088, ""43"": 6.012998186, ""44"": 0.257785128, ""45"": 0.149231325, ""46"": 0.097522671, ""47"": 160.0, ""48"": 80.0, ""49"": 40.0, ""50"": 32.0, ""51"": 16.0, ""53"": 79.36298246, ""54"": 15.0, ""55"": 7.0, ""56"": 1.413344106, ""57"": 0.043711673, ""58"": 106.0769472, ""60"": 10.12681837, ""61"": 50.04691081, ""62"": 0.264895973, ""63"": 0.007332371, ""66"": 0.079188213, ""67"": 1.587259649, ""68"": 1.666447862, ""70"": 0.036426578, ""71"": 0.888865404, ""72"": 0.925291981, ""73"": 0.925291981, ""102"": 0.1690416, ""115"": 234.522, ""118"": 23.0, ""119"": 9.0, ""210"": 16.05882353}","{""41"": 36.0, ""42"": 330.0, ""43"": 2.0, ""47"": 62.0, ""48"": 28.0, ""49"": 12.0, ""50"": 9.0, ""51"": 3.0, ""53"": 36.0, ""54"": 2.0, ""58"": 50.0, ""59"": 148.0, ""60"": 9.16666667, ""61"": 33.0, ""67"": 3.0, ""68"": 3.0, ""71"": 1.0, ""72"": 1.0, ""73"": 1.0, ""108"": 3.0, ""109"": 3.0, ""115"": 74.0, ""118"": 5.0, ""119"": 1.0, ""143"": 2.0, ""144"": 4.0, ""155"": 2.0, ""156"": 8.0, ""158"": 12.0, ""184"": 2.0, ""210"": 10.0, ""213"": 18.0}",2026-08-24T23:49:57-04:00
Gus Edwards,3051926,RB,BAL,ACTIVE,78.10051638,59.3,0.0,0.0,167.64902880107167,28.554388785108102,,,"{""23"": 93.65331847, ""24"": 446.4833519, ""25"": 2.6694609, ""26"": 0.154756313, ""27"": 89.0, ""28"": 44.0, ""29"": 22.0, ""30"": 17.0, ""31"": 8.0, ""33"": 18.0, ""34"": 9.0, ""35"": 0.183233063, ""36"": 0.128263144, ""37"": 0.673130392, ""38"": 0.022971358, ""39"": 4.767405568, ""40"": 37.66857063, ""42"": 90.79884245, ""43"": 0.484882847, ""44"": 0.044235384, ""45"": 0.038051479, ""46"": 0.024866642, ""47"": 18.0, ""48"": 9.0, ""49"": 4.0, ""50"": 3.0, ""51"": 1.0, ""53"": 11.76330292, ""54"": 2.0, ""55"": 1.0, ""56"": 0.037548697, ""57"": 0.0011613, ""58"": 15.55294592, ""60"": 7.718822093, ""61"": 7.660448247, ""62"": 0.198991697, ""63"": 0.003891428, ""66"": 0.785724713, ""67"": 0.098690767, ""68"": 0.88441548, ""70"": 0.361433368, ""71"": 0.055266829, ""72"": 0.416700198, ""73"": 0.416700198, ""210"": 11.85294118}","{""23"": 87.0, ""24"": 433.0, ""25"": 3.0, ""27"": 84.0, ""28"": 39.0, ""29"": 17.0, ""30"": 13.0, ""31"": 6.0, ""33"": 14.0, ""34"": 5.0, ""39"": 4.97701149, ""40"": 48.11111111, ""58"": 2.0, ""66"": 1.0, ""68"": 1.0, ""70"": 1.0, ""72"": 1.0, ""73"": 1.0, ""155"": 5.0, ""156"": 4.0, ""158"": 18.0, ""179"": 3.0, ""210"": 9.0, ""212"": 29.0}",2026-08-24T23:49:57-04:00
Hunter Henry,3046439,TE,NE,ACTIVE,120.17219357,83.4,99.72459787,139.3,162.3888635326335,28.42666244936748,,,"{""42"": 569.1223132, ""43"": 6.137106063, ""44"": 0.337787865, ""45"": 0.119901428, ""46"": 0.078355583, ""47"": 113.0, ""48"": 56.0, ""49"": 28.0, ""50"": 22.0, ""51"": 11.0, ""53"": 52.39903453, ""54"": 10.0, ""55"": 5.0, ""56"": 0.54469461, ""57"": 0.016846225, ""58"": 79.13757004, ""60"": 10.86131297, ""61"": 35.43985101, ""62"": 0.337787865, ""63"": 0.001719799, ""67"": 0.390863501, ""68"": 0.390863501, ""71"": 0.21888356, ""72"": 0.21888356, ""73"": 0.21888356, ""210"": 16.05882353}","{""41"": 41.0, ""42"": 509.0, ""43"": 2.0, ""47"": 96.0, ""48"": 47.0, ""49"": 20.0, ""50"": 13.0, ""51"": 6.0, ""53"": 41.0, ""54"": 2.0, ""58"": 59.0, ""59"": 203.0, ""60"": 12.41463415, ""61"": 29.94117647, ""108"": 2.0, ""109"": 2.0, ""155"": 8.0, ""156"": 9.0, ""158"": 12.0, ""186"": 2.0, ""210"": 17.0, ""213"": 23.0}",2026-08-24T23:49:57-04:00
Nyheim Hines,3916430,RB,BUF,ACTIVE,118.03978443,66.4,131.38202539,92.6,166.46572895735656,27.276658251220997,,,"{""23"": 57.54632552, ""24"": 255.905843, ""25"": 1.854969979, ""26"": 0.074295288, ""27"": 51.0, ""28"": 25.0, ""29"": 12.0, ""30"": 10.0, ""31"": 5.0, ""33"": 11.0, ""34"": 5.0, ""35"": 0.108847907, ""36"": 0.076193535, ""37"": 0.167664984, ""38"": 0.005721763, ""39"": 4.446953662, ""40"": 16.92762386, ""42"": 418.721927, ""43"": 1.982268905, ""44"": 0.119907247, ""45"": 0.05068937, ""46"": 0.033125503, ""47"": 83.0, ""48"": 41.0, ""49"": 20.0, ""50"": 16.0, ""51"": 8.0, ""53"": 53.11754059, ""54"": 10.0, ""55"": 5.0, ""56"": 0.247293155, ""57"": 0.007648242, ""58"": 71.31458231, ""60"": 7.88293137, ""61"": 27.69755938, ""62"": 0.194202535, ""63"": 0.006510811, ""66"": 0.76947435, ""67"": 0.710255341, ""68"": 1.479729691, ""70"": 0.353958201, ""71"": 0.397742991, ""72"": 0.751701192, ""73"": 0.751701192, ""102"": 0.351633524, ""115"": 313.2857143, ""118"": 31.0, ""119"": 12.0, ""210"": 15.11764706}","{""23"": 24.0, ""24"": 33.0, ""25"": 1.0, ""27"": 5.0, ""28"": 2.0, ""29"": 1.0, ""33"": 1.0, ""39"": 1.375, ""40"": 2.0625, ""41"": 30.0, ""42"": 241.0, ""43"": 1.0, ""47"": 43.0, ""48"": 19.0, ""49"": 8.0, ""50"": 5.0, ""51"": 1.0, ""53"": 30.0, ""54"": 3.0, ""58"": 37.0, ""59"": 190.0, ""60"": 8.03333333, ""61"": 15.0625, ""68"": 2.0, ""101"": 2.0, ""105"": 2.0, ""108"": 2.0, ""109"": 2.0, ""114"": 554.0, ""115"": 264.0, ""116"": 52.0, ""117"": 21.0, ""118"": 22.0, ""119"": 5.0, ""155"": 9.0, ""156"": 6.0, ""158"": 24.0, ""179"": 1.0, ""184"": 1.0, ""210"": 16.0, ""212"": 2.0, ""213"": 10.0}",2026-08-24T23:49:57-04:00
Chuba Hubbard,4241416,RB,CAR,ACTIVE,60.36646369,80.7,52.86870598,125.1,168.8745255637419,27.206131848980096,,,"{""23"": 61.71206173, ""24"": 243.3636981, ""25"": 1.944357011, ""26"": 0.08984371, ""27"": 48.0, ""28"": 24.0, ""29"": 12.0, ""30"": 9.0, ""31"": 4.0, ""33"": 12.0, ""34"": 6.0, ""35"": 0.117022173, ""36"": 0.081915521, ""37"": 0.153614436, ""38"": 0.005242271, ""39"": 3.943535368, ""40"": 16.09798781, ""42"": 120.8837735, ""43"": 0.688757694, ""44"": 0.048085854, ""45"": 0.039308594, ""46"": 0.025688166, ""47"": 24.0, ""48"": 12.0, ""49"": 6.0, ""50"": 4.0, ""51"": 2.0, ""53"": 16.74207152, ""54"": 3.0, ""55"": 1.0, ""56"": 0.049615964, ""57"": 0.001534514, ""58"": 22.31163155, ""60"": 7.220359399, ""61"": 7.996202913, ""62"": 0.137929564, ""63"": 0.00230296, ""66"": 0.411706655, ""67"": 0.111693275, ""68"": 0.523399929, ""70"": 0.189385061, ""71"": 0.062548234, ""72"": 0.251933295, ""73"": 0.251933295, ""210"": 15.11764706}","{""23"": 95.0, ""24"": 466.0, ""25"": 2.0, ""27"": 89.0, ""28"": 42.0, ""29"": 19.0, ""30"": 14.0, ""31"": 6.0, ""32"": 1.0, ""33"": 13.0, ""34"": 5.0, ""37"": 1.0, ""39"": 4.90526316, ""40"": 31.06666667, ""41"": 14.0, ""42"": 171.0, ""47"": 33.0, ""48"": 15.0, ""49"": 6.0, ""50"": 6.0, ""51"": 2.0, ""53"": 14.0, ""58"": 17.0, ""59"": 166.0, ""60"": 12.21428571, ""61"": 11.4, ""67"": 1.0, ""68"": 2.0, ""72"": 1.0, ""73"": 1.0, ""108"": 3.0, ""109"": 3.0, ""114"": 104.0, ""116"": 9.0, ""117"": 4.0, ""155"": 7.0, ""156"": 8.0, ""158"": 12.0, ""179"": 1.0, ""180"": 1.0, ""210"": 15.0, ""212"": 24.0, ""213"": 5.0}",2026-08-24T23:49:57-04:00
Vikings D/ST,-16016,D/ST,MIN,,88.8452476,82.0,118.25674123,93.0,167.3826731526523,27.011549963757158,,,"{""89"": 0.209876543, ""90"": 0.209876543, ""91"": 2.728395062, ""92"": 3.148148148, ""93"": 0.064855123, ""94"": 1.821187138, ""95"": 12.43071741, ""96"": 7.66757708, ""97"": 1.025660862, ""98"": 0.126162597, ""99"": 40.21586523, ""100"": 80.43173046, ""101"": 0.849895111, ""102"": 0.23736, ""103"": 1.277736341, ""104"": 0.543450797, ""105"": 2.973297372, ""106"": 11.79627243, ""109"": 1033.258883, ""110"": 344.0, ""111"": 206.0, ""113"": 64.84173291, ""114"": 971.4333333, ""115"": 211.56, ""116"": 97.0, ""117"": 38.0, ""118"": 21.0, ""119"": 8.0, ""120"": 391.5243338, ""121"": 1.888888889, ""122"": 3.777777778, ""123"": 3.358024691, ""124"": 1.469135802, ""125"": 0.209876543, ""126"": 23.03084316, ""127"": 6009.083979, ""129"": 0.209876543, ""130"": 2.308641975, ""131"": 3.987654321, ""132"": 4.617283951, ""133"": 3.567901235, ""134"": 1.259259259, ""135"": 1.049382716, ""137"": 353.4755282, ""160"": -391.5243338, ""210"": 17.0}","{""89"": 0.0, ""90"": 0.0, ""91"": 2.0, ""92"": 2.0, ""94"": 1.0, ""95"": 15.0, ""96"": 10.0, ""97"": 3.0, ""99"": 38.0, ""100"": 76.0, ""101"": 1.0, ""104"": 1.0, ""105"": 2.0, ""106"": 11.0, ""107"": 369.0, ""108"": 804.0, ""109"": 1173.0, ""110"": 387.0, ""111"": 228.0, ""112"": 74.0, ""113"": 87.0, ""114"": 920.0, ""115"": 167.0, ""116"": 87.0, ""117"": 31.0, ""118"": 11.0, ""119"": 1.0, ""120"": 415.0, ""121"": 0.0, ""122"": 8.0, ""123"": 3.0, ""124"": 2.0, ""127"": 6608.0, ""128"": 0.0, ""129"": 0.0, ""130"": 3.0, ""131"": 4.0, ""132"": 1.0, ""133"": 3.0, ""134"": 6.0, ""135"": 0.0, ""136"": 0.0, ""155"": 13.0, ""156"": 4.0, ""187"": 415.0, ""188"": 0.0, ""189"": 0.0, ""190"": 2.0, ""191"": 2.0, ""192"": 0.0, ""193"": 8.0, ""194"": 3.0, ""195"": 2.0, ""210"": 17.0}",2026-08-24T23:49:57-04:00
Chargers D/ST,-16024,D/ST,LAC,,111.77364095,85.0,72.30232136,54.0,164.56729210099607,26.720454765766405,,,"{""89"": 0.209876543, ""90"": 1.259259259, ""91"": 2.098765432, ""92"": 4.407407407, ""93"": 0.062336639, ""94"": 1.813488024, ""95"": 14.22752008, ""96"": 10.88778508, ""97"": 1.071390355, ""98"": 0.119751746, ""99"": 42.10202242, ""100"": 84.20404485, ""101"": 0.249842824, ""102"": 0.187824, ""103"": 1.297057478, ""104"": 0.516430546, ""105"": 2.313491487, ""106"": 16.75043859, ""109"": 1032.659019, ""110"": 344.0, ""111"": 206.0, ""113"": 82.90047557, ""114"": 700.9952941, ""115"": 237.2962963, ""116"": 70.0, ""117"": 28.0, ""118"": 23.0, ""119"": 9.0, ""120"": 361.3967895, ""121"": 2.728395062, ""122"": 2.098765432, ""123"": 3.567901235, ""124"": 0.62962963, ""126"": 21.25863467, ""127"": 5963.441895, ""129"": 0.419753086, ""130"": 4.617283951, ""131"": 3.987654321, ""132"": 1.888888889, ""133"": 3.987654321, ""134"": 1.679012346, ""135"": 0.209876543, ""136"": 0.209876543, ""137"": 350.7906997, ""160"": -361.3967895, ""210"": 17.0}","{""89"": 0.0, ""90"": 1.0, ""91"": 1.0, ""92"": 4.0, ""94"": 1.0, ""95"": 14.0, ""96"": 10.0, ""97"": 1.0, ""98"": 1.0, ""99"": 40.0, ""100"": 80.0, ""103"": 1.0, ""105"": 1.0, ""106"": 15.0, ""107"": 368.0, ""108"": 661.0, ""109"": 1029.0, ""110"": 337.0, ""111"": 200.0, ""112"": 70.0, ""113"": 64.0, ""114"": 512.0, ""115"": 339.0, ""116"": 45.0, ""117"": 14.0, ""118"": 27.0, ""119"": 8.0, ""120"": 378.0, ""121"": 2.0, ""122"": 4.0, ""123"": 3.0, ""124"": 2.0, ""127"": 5884.0, ""128"": 0.0, ""129"": 1.0, ""130"": 4.0, ""131"": 4.0, ""132"": 2.0, ""133"": 4.0, ""134"": 2.0, ""135"": 0.0, ""136"": 0.0, ""155"": 10.0, ""156"": 7.0, ""187"": 378.0, ""188"": 0.0, ""189"": 1.0, ""190"": 1.0, ""191"": 4.0, ""192"": 2.0, ""193"": 4.0, ""194"": 3.0, ""195"": 2.0, ""210"": 17.0}",2026-08-24T23:49:57-04:00
Javonte Williams,4361579,RB,DEN,QUESTIONABLE,213.96320458,34.0,159.74637096,183.4,61.27974994418397,26.619070957594133,,,"{""23"": 224.529544, ""24"": 974.6813488, ""25"": 7.405306911, ""26"": 0.390072407, ""27"": 194.0, ""28"": 97.0, ""29"": 48.0, ""30"": 38.0, ""31"": 19.0, ""33"": 44.0, ""34"": 22.0, ""35"": 0.462271101, ""36"": 0.323589771, ""37"": 2.458192752, ""38"": 0.083888687, ""39"": 4.340993757, ""40"": 64.47308533, ""42"": 358.3854747, ""43"": 2.065153076, ""44"": 0.116885092, ""45"": 0.049719711, ""46"": 0.032491831, ""47"": 71.0, ""48"": 35.0, ""49"": 17.0, ""50"": 14.0, ""51"": 7.0, ""53"": 49.94391712, ""54"": 9.0, ""55"": 4.0, ""56"": 0.17520634, ""57"": 0.005418753, ""58"": 61.42450767, ""60"": 7.175758238, ""61"": 23.70643218, ""62"": 0.506957499, ""63"": 0.009901049, ""66"": 1.840779117, ""67"": 0.409459343, ""68"": 2.25023846, ""70"": 0.846758394, ""71"": 0.229297232, ""72"": 1.076055626, ""73"": 1.076055626, ""210"": 15.11764706}","{""23"": 47.0, ""24"": 204.0, ""27"": 39.0, ""28"": 18.0, ""29"": 8.0, ""30"": 7.0, ""31"": 2.0, ""33"": 9.0, ""34"": 3.0, ""39"": 4.34042553, ""40"": 51.0, ""41"": 16.0, ""42"": 76.0, ""47"": 15.0, ""48"": 7.0, ""49"": 3.0, ""50"": 2.0, ""51"": 1.0, ""53"": 16.0, ""54"": 2.0, ""55"": 1.0, ""58"": 22.0, ""59"": 118.0, ""60"": 4.75, ""61"": 19.0, ""66"": 1.0, ""68"": 1.0, ""70"": 1.0, ""72"": 1.0, ""73"": 1.0, ""155"": 2.0, ""156"": 2.0, ""210"": 4.0, ""212"": 9.0, ""213"": 4.0}",2026-08-24T23:49:57-04:00
Khalil Herbert,4035886,RB,CHI,ACTIVE,98.52445576,113.3,9.71668326,71.9,166.45925429783435,26.523362252200215,,,"{""23"": 115.2434016, ""24"": 495.5167366, ""25"": 3.303182377, ""26"": 0.140438709, ""27"": 99.0, ""28"": 49.0, ""29"": 24.0, ""30"": 19.0, ""31"": 9.0, ""33"": 23.0, ""34"": 11.0, ""35"": 0.224652653, ""36"": 0.157256857, ""37"": 0.634356217, ""38"": 0.021648144, ""39"": 4.299740632, ""40"": 32.77737168, ""42"": 147.9648923, ""43"": 0.709360349, ""44"": 0.047487708, ""45"": 0.042454609, ""46"": 0.027744087, ""47"": 29.0, ""48"": 14.0, ""49"": 7.0, ""50"": 5.0, ""51"": 2.0, ""53"": 20.7416123, ""54"": 4.0, ""55"": 2.0, ""56"": 0.05777265, ""57"": 0.001786783, ""58"": 26.69244285, ""60"": 7.133721826, ""61"": 9.787560972, ""62"": 0.187926417, ""63"": 0.005030102, ""66"": 0.968833561, ""67"": 0.174371546, ""68"": 1.143205107, ""70"": 0.445663438, ""71"": 0.097648066, ""72"": 0.543311504, ""73"": 0.543311504, ""101"": 0.073500089, ""114"": 298.8930041, ""116"": 29.0, ""117"": 11.0, ""210"": 15.11764706}","{""23"": 129.0, ""24"": 731.0, ""25"": 4.0, ""27"": 141.0, ""28"": 67.0, ""29"": 29.0, ""30"": 23.0, ""31"": 9.0, ""32"": 1.0, ""33"": 21.0, ""34"": 7.0, ""37"": 1.0, ""39"": 5.66666667, ""40"": 56.23076923, ""41"": 9.0, ""42"": 57.0, ""43"": 1.0, ""47"": 11.0, ""48"": 5.0, ""49"": 2.0, ""50"": 1.0, ""53"": 9.0, ""58"": 12.0, ""59"": 81.0, ""60"": 6.33333333, ""61"": 4.38461538, ""108"": 4.0, ""109"": 4.0, ""114"": 146.0, ""116"": 13.0, ""117"": 4.0, ""155"": 3.0, ""156"": 10.0, ""158"": 30.0, ""179"": 2.0, ""180"": 2.0, ""185"": 1.0, ""210"": 13.0, ""212"": 26.0, ""213"": 2.0}",2026-08-24T23:49:57-04:00
Rashod Bateman,4360939,WR,BAL,QUESTIONABLE,159.58938552,46.0,87.81281158,80.5,153.05769669327253,26.447807133694855,,,"{""42"": 936.6890023, ""43"": 4.638760002, ""44"": 0.423045724, ""45"": 0.184255441, ""46"": 0.120410931, ""47"": 187.0, ""48"": 93.0, ""49"": 46.0, ""50"": 37.0, ""51"": 18.0, ""53"": 76.69014635, ""54"": 15.0, ""55"": 7.0, ""56"": 2.125100994, ""57"": 0.065724773, ""58"": 117.5424565, ""60"": 12.21394204, ""61"": 58.32861919, ""62"": 0.423045724, ""63"": 0.004334155, ""67"": 0.985035129, ""68"": 0.985035129, ""71"": 0.551619672, ""72"": 0.551619672, ""73"": 0.551619672, ""210"": 16.05882353}","{""41"": 15.0, ""42"": 285.0, ""43"": 2.0, ""45"": 2.0, ""46"": 2.0, ""47"": 54.0, ""48"": 25.0, ""49"": 11.0, ""50"": 9.0, ""51"": 4.0, ""52"": 1.0, ""53"": 15.0, ""56"": 1.0, ""58"": 28.0, ""59"": 133.0, ""60"": 19.0, ""61"": 40.71428571, ""67"": 1.0, ""68"": 1.0, ""71"": 1.0, ""72"": 1.0, ""73"": 1.0, ""107"": 1.0, ""109"": 1.0, ""155"": 5.0, ""156"": 2.0, ""158"": 12.0, ""210"": 7.0, ""213"": 8.0}",2026-08-24T23:49:57-04:00
Browns D/ST,-16005,D/ST,CLE,,109.6623435,88.0,121.40257244,86.0,168.8973824415103,26.43406007520614,,,"{""89"": 1.046153846, ""90"": 1.307692308, ""91"": 2.092307692, ""92"": 2.615384615, ""93"": 0.071803009, ""94"": 1.844305051, ""95"": 13.80200267, ""96"": 8.444189647, ""97"": 1.103541481, ""98"": 0.125987335, ""99"": 42.22416867, ""100"": 84.44833733, ""101"": 0.178784, ""102"": 0.187824, ""103"": 1.297809158, ""104"": 0.546495893, ""105"": 2.28271606, ""106"": 12.99106099, ""109"": 1014.30499, ""110"": 338.0, ""111"": 202.0, ""113"": 73.30298504, ""114"": 648.2933333, ""115"": 176.3762903, ""116"": 64.0, ""117"": 25.0, ""118"": 17.0, ""119"": 7.0, ""120"": 361.5812325, ""121"": 1.569230769, ""122"": 4.446153846, ""123"": 2.615384615, ""124"": 1.307692308, ""126"": 21.26948427, ""127"": 5901.939842, ""129"": 0.62962963, ""130"": 5.037037037, ""131"": 3.567901235, ""132"": 3.148148148, ""133"": 3.148148148, ""134"": 1.049382716, ""135"": 0.419753086, ""137"": 347.1729319, ""160"": -361.5812325, ""210"": 17.0}","{""89"": 0.0, ""90"": 1.0, ""91"": 3.0, ""92"": 3.0, ""94"": 3.0, ""95"": 11.0, ""96"": 9.0, ""97"": 1.0, ""99"": 34.0, ""100"": 68.0, ""102"": 1.0, ""103"": 1.0, ""104"": 2.0, ""105"": 4.0, ""106"": 11.0, ""107"": 403.0, ""108"": 678.0, ""109"": 1081.0, ""110"": 353.0, ""111"": 210.0, ""112"": 67.0, ""113"": 85.0, ""114"": 943.0, ""115"": 298.0, ""116"": 85.0, ""117"": 28.0, ""118"": 24.0, ""119"": 7.0, ""120"": 379.0, ""121"": 0.0, ""122"": 4.0, ""123"": 4.0, ""124"": 2.0, ""127"": 5631.0, ""128"": 0.0, ""129"": 0.0, ""130"": 6.0, ""131"": 5.0, ""132"": 3.0, ""133"": 1.0, ""134"": 2.0, ""135"": 0.0, ""136"": 0.0, ""155"": 7.0, ""156"": 10.0, ""187"": 379.0, ""188"": 0.0, ""189"": 1.0, ""190"": 3.0, ""191"": 3.0, ""192"": 0.0, ""193"": 4.0, ""194"": 4.0, ""195"": 2.0, ""210"": 17.0}",2026-08-24T23:49:57-04:00
Chase Edmonds,3119195,RB,TB,ACTIVE,150.21806723,66.2,184.02927559,121.8,155.43849073453896,26.13603059386586,,,"{""23"": 133.3617283, ""24"": 622.4050735, ""25"": 3.373996063, ""26"": 0.173343158, ""27"": 124.0, ""28"": 62.0, ""29"": 31.0, ""30"": 24.0, ""31"": 12.0, ""33"": 26.0, ""34"": 13.0, ""35"": 0.262406915, ""36"": 0.18368484, ""37"": 1.002475431, ""38"": 0.03421064, ""39"": 4.667044146, ""40"": 41.17076362, ""42"": 334.120662, ""43"": 1.889645253, ""44"": 0.109056501, ""45"": 0.039671764, ""46"": 0.025925498, ""47"": 66.0, ""48"": 33.0, ""49"": 16.0, ""50"": 13.0, ""51"": 6.0, ""53"": 47.61909663, ""54"": 9.0, ""55"": 4.0, ""56"": 0.15229896, ""57"": 0.004710277, ""58"": 61.88143206, ""60"": 7.016526679, ""61"": 22.10136674, ""62"": 0.28239966, ""63"": 0.006291323, ""66"": 1.05362966, ""67"": 0.376216574, ""68"": 1.429846235, ""70"": 0.484669644, ""71"": 0.210681282, ""72"": 0.695350925, ""73"": 0.695350925, ""210"": 15.11764706}","{""23"": 68.0, ""24"": 245.0, ""25"": 2.0, ""27"": 44.0, ""28"": 19.0, ""29"": 7.0, ""30"": 5.0, ""33"": 9.0, ""34"": 1.0, ""39"": 3.60294118, ""40"": 18.84615385, ""41"": 16.0, ""42"": 157.0, ""43"": 1.0, ""47"": 28.0, ""48"": 12.0, ""49"": 5.0, ""50"": 3.0, ""53"": 16.0, ""58"": 24.0, ""59"": 113.0, ""60"": 9.8125, ""61"": 12.07692308, ""108"": 1.0, ""109"": 1.0, ""155"": 6.0, ""156"": 7.0, ""158"": 18.0, ""179"": 2.0, ""183"": 1.0, ""210"": 13.0, ""212"": 7.0, ""213"": 7.0}",2026-08-24T23:49:57-04:00
Rams D/ST,-16014,D/ST,LAR,,93.91891405,87.0,96.09129879,106.0,160.77252721797544,26.134164797008353,,,"{""89"": 0.175257732, ""90"": 0.87628866, ""91"": 2.103092784, ""92"": 2.628865979, ""93"": 0.065239498, ""94"": 1.791631692, ""95"": 13.1070045, ""96"": 8.11795073, ""97"": 1.081866701, ""98"": 0.130893109, ""99"": 41.22635981, ""100"": 82.45271962, ""101"": 0.1829516, ""102"": 0.329365835, ""103"": 1.263381214, ""104"": 0.528250478, ""105"": 2.369188625, ""106"": 12.48915497, ""109"": 1076.620695, ""110"": 358.0, ""111"": 215.0, ""113"": 70.78281664, ""114"": 647.28415, ""115"": 292.2836471, ""116"": 64.0, ""117"": 25.0, ""118"": 29.0, ""119"": 11.0, ""120"": 377.0058139, ""121"": 1.927835052, ""122"": 5.082474227, ""123"": 3.154639175, ""124"": 0.87628866, ""125"": 0.175257732, ""126"": 22.17681258, ""127"": 6013.998885, ""129"": 0.419753086, ""130"": 2.938271605, ""131"": 3.148148148, ""132"": 3.567901235, ""133"": 3.777777778, ""134"": 2.098765432, ""135"": 0.839506173, ""136"": 0.209876543, ""137"": 353.7646403, ""160"": -377.0058139, ""210"": 17.0}","{""89"": 0.0, ""90"": 1.0, ""91"": 1.0, ""92"": 4.0, ""94"": 1.0, ""95"": 16.0, ""96"": 6.0, ""97"": 1.0, ""99"": 38.0, ""100"": 76.0, ""103"": 1.0, ""105"": 1.0, ""106"": 10.0, ""107"": 429.0, ""108"": 710.0, ""109"": 1139.0, ""110"": 377.0, ""111"": 220.0, ""112"": 65.0, ""113"": 58.0, ""114"": 663.0, ""115"": 183.0, ""116"": 59.0, ""117"": 19.0, ""118"": 14.0, ""119"": 2.0, ""120"": 364.0, ""121"": 2.0, ""122"": 6.0, ""123"": 3.0, ""124"": 0.0, ""127"": 5798.0, ""128"": 0.0, ""129"": 0.0, ""130"": 4.0, ""131"": 6.0, ""132"": 2.0, ""133"": 5.0, ""134"": 0.0, ""135"": 0.0, ""136"": 0.0, ""155"": 5.0, ""156"": 12.0, ""187"": 364.0, ""188"": 0.0, ""189"": 1.0, ""190"": 1.0, ""191"": 4.0, ""192"": 2.0, ""193"": 6.0, ""194"": 3.0, ""195"": 0.0, ""210"": 17.0}",2026-08-24T23:49:57-04:00
Mecole Hardman,4035004,WR,KC,QUESTIONABLE,117.33041643,81.3,133.91550222,111.4,165.18768529076397,25.503666141300624,,,"{""23"": 10.70870181, ""24"": 71.21628206, ""25"": 0.609909081, ""26"": 0.024821031, ""27"": 14.0, ""28"": 7.0, ""29"": 3.0, ""30"": 2.0, ""31"": 1.0, ""33"": 2.0, ""34"": 1.0, ""35"": 0.019753696, ""36"": 0.013827588, ""37"": 0.012637928, ""38"": 0.000431284, ""39"": 6.650318904, ""40"": 4.434713535, ""42"": 570.3918985, ""43"": 4.44768481, ""44"": 0.161786419, ""45"": 0.303306543, ""46"": 0.198210826, ""47"": 114.0, ""48"": 57.0, ""49"": 28.0, ""50"": 22.0, ""51"": 11.0, ""53"": 44.64596166, ""54"": 8.0, ""55"": 4.0, ""56"": 0.552093519, ""57"": 0.017075057, ""58"": 63.05007497, ""60"": 12.77589008, ""61"": 35.51890943, ""62"": 0.18660745, ""63"": 0.00487121, ""66"": 0.214174036, ""67"": 0.892919233, ""68"": 1.107093269, ""70"": 0.098520057, ""71"": 0.500034771, ""72"": 0.598554827, ""73"": 0.598554827, ""101"": 0.058987569, ""102"": 0.161837257, ""114"": 143.1015385, ""115"": 143.9885714, ""116"": 14.0, ""117"": 5.0, ""118"": 14.0, ""119"": 5.0, ""210"": 16.05882353}","{""23"": 4.0, ""24"": 31.0, ""25"": 2.0, ""27"": 6.0, ""28"": 2.0, ""29"": 1.0, ""30"": 1.0, ""39"": 7.75, ""40"": 3.875, ""41"": 25.0, ""42"": 297.0, ""43"": 4.0, ""47"": 55.0, ""48"": 26.0, ""49"": 11.0, ""50"": 8.0, ""51"": 2.0, ""53"": 25.0, ""54"": 1.0, ""58"": 34.0, ""59"": 160.0, ""60"": 11.88, ""61"": 37.125, ""68"": 1.0, ""114"": 4.0, ""115"": 55.0, ""118"": 5.0, ""119"": 1.0, ""155"": 6.0, ""156"": 2.0, ""158"": 36.0, ""179"": 1.0, ""181"": 1.0, ""183"": 4.0, ""210"": 8.0, ""212"": 3.0, ""213"": 14.0}",2026-08-24T23:49:57-04:00
Melvin Gordon III,2576434,RB,FA,ACTIVE,131.96687462,74.6,135.89036908,181.1,164.0362682481752,25.408854863750737,,,"{""23"": 138.7394798, ""24"": 602.2654684, ""25"": 5.538176837, ""26"": 0.291722138, ""27"": 120.0, ""28"": 60.0, ""29"": 30.0, ""30"": 24.0, ""31"": 12.0, ""33"": 27.0, ""34"": 13.0, ""35"": 0.273717044, ""36"": 0.191601931, ""37"": 0.936790088, ""38"": 0.031969052, ""39"": 4.340981164, ""40"": 39.83857184, ""42"": 186.9451961, ""43"": 1.317517957, ""44"": 0.074572283, ""45"": 0.043491682, ""46"": 0.028421814, ""47"": 37.0, ""48"": 18.0, ""49"": 9.0, ""50"": 7.0, ""51"": 3.0, ""53"": 25.41372825, ""54"": 5.0, ""55"": 2.0, ""56"": 0.070040391, ""57"": 0.002166198, ""58"": 33.33383216, ""60"": 7.356071267, ""61"": 12.36602465, ""62"": 0.366294421, ""63"": 0.00706902, ""66"": 1.357867002, ""67"": 0.248728502, ""68"": 1.606595505, ""70"": 0.624618821, ""71"": 0.139287961, ""72"": 0.763906782, ""73"": 0.763906782, ""210"": 15.11764706}","{""23"": 90.0, ""24"": 318.0, ""25"": 2.0, ""27"": 58.0, ""28"": 26.0, ""29"": 11.0, ""30"": 9.0, ""31"": 2.0, ""33"": 14.0, ""34"": 5.0, ""39"": 3.53333333, ""40"": 31.8, ""41"": 25.0, ""42"": 223.0, ""47"": 40.0, ""48"": 17.0, ""49"": 7.0, ""50"": 4.0, ""53"": 25.0, ""54"": 2.0, ""58"": 32.0, ""59"": 206.0, ""60"": 8.92, ""61"": 22.3, ""66"": 4.0, ""67"": 1.0, ""68"": 5.0, ""70"": 2.0, ""72"": 2.0, ""73"": 2.0, ""155"": 3.0, ""156"": 7.0, ""158"": 12.0, ""179"": 2.0, ""210"": 10.0, ""212"": 15.0, ""213"": 12.0}",2026-08-24T23:49:57-04:00
Seahawks D/ST,-16026,D/ST,SEA,,58.01313957,101.0,94.23004195,79.0,169.12879314338662,24.935433931072055,,,"{""91"": 1.259259259, ""92"": 1.469135802, ""93"": 0.069094907, ""94"": 1.774684729, ""95"": 13.1452499, ""96"": 7.66812339, ""97"": 1.215039123, ""98"": 0.127093505, ""99"": 38.50568286, ""100"": 77.01136572, ""101"": 0.178784, ""102"": 0.23736, ""103"": 1.265219835, ""104"": 0.509464894, ""105"": 2.259923637, ""106"": 11.79711291, ""109"": 1066.76548, ""110"": 355.0, ""111"": 213.0, ""113"": 75.49292793, ""114"": 699.1757576, ""115"": 211.56, ""116"": 69.0, ""117"": 27.0, ""118"": 21.0, ""119"": 8.0, ""120"": 420.3855512, ""121"": 1.888888889, ""122"": 5.037037037, ""123"": 3.777777778, ""124"": 3.567901235, ""126"": 24.72856184, ""127"": 6009.057888, ""128"": 0.209876543, ""130"": 2.938271605, ""131"": 3.777777778, ""132"": 3.567901235, ""133"": 4.197530864, ""134"": 1.259259259, ""135"": 0.839506173, ""136"": 0.209876543, ""137"": 353.4739934, ""160"": -420.3855512, ""210"": 17.0}","{""89"": 0.0, ""90"": 2.0, ""91"": 1.0, ""92"": 3.0, ""93"": 1.0, ""94"": 1.0, ""95"": 14.0, ""96"": 11.0, ""97"": 1.0, ""99"": 45.0, ""100"": 90.0, ""103"": 1.0, ""105"": 2.0, ""106"": 17.0, ""107"": 386.0, ""108"": 794.0, ""109"": 1180.0, ""110"": 387.0, ""111"": 229.0, ""112"": 72.0, ""113"": 81.0, ""114"": 728.0, ""115"": 109.0, ""116"": 67.0, ""117"": 23.0, ""118"": 7.0, ""120"": 387.0, ""121"": 3.0, ""122"": 4.0, ""123"": 1.0, ""124"": 3.0, ""127"": 6149.0, ""128"": 0.0, ""129"": 0.0, ""130"": 5.0, ""131"": 4.0, ""132"": 3.0, ""133"": 3.0, ""134"": 0.0, ""135"": 1.0, ""136"": 1.0, ""155"": 9.0, ""156"": 8.0, ""187"": 387.0, ""188"": 0.0, ""189"": 2.0, ""190"": 1.0, ""191"": 3.0, ""192"": 3.0, ""193"": 4.0, ""194"": 1.0, ""195"": 3.0, ""210"": 17.0}",2026-08-24T23:49:57-04:00
Jarvis Landry,16790,WR,NO,QUESTIONABLE,117.54637108,47.7,158.645611,107.0,167.86681870011404,23.854061678235023,,,"{""0"": 2.793764823, ""1"": 1.72780411, ""2"": 1.065960713, ""3"": 17.98367007, ""4"": 0.121926008, ""5"": 3.0, ""6"": 1.0, ""15"": 0.070701432, ""16"": 0.046203386, ""17"": 0.028890075, ""18"": 0.003902292, ""19"": 0.007967936, ""20"": 0.093623464, ""21"": 0.618450091, ""22"": 1.189581289, ""23"": 0.120058698, ""24"": 0.741912444, ""25"": 0.003141061, ""26"": 0.000153071, ""35"": 0.000220191, ""36"": 0.000154133, ""37"": -4.06e-06, ""38"": -1.39e-07, ""39"": 6.179580967, ""40"": 0.04907592, ""42"": 700.9894604, ""43"": 3.266278755, ""44"": 0.194852744, ""45"": 0.165667158, ""46"": 0.108263488, ""47"": 140.0, ""48"": 70.0, ""49"": 35.0, ""50"": 28.0, ""51"": 14.0, ""53"": 54.99795533, ""54"": 10.0, ""55"": 5.0, ""56"": 0.968155395, ""57"": 0.02994295, ""58"": 90.1986201, ""60"": 12.74573675, ""61"": 46.36895263, ""62"": 0.202973751, ""63"": 0.005117851, ""64"": 0.245615896, ""65"": 0.060787614, ""66"": 0.002401174, ""67"": 1.099959107, ""68"": 1.163147895, ""69"": 0.029178055, ""70"": 0.00110454, ""71"": 0.6159771, ""72"": 0.646259695, ""73"": 0.739883159, ""210"": 15.11764706}","{""41"": 25.0, ""42"": 272.0, ""43"": 1.0, ""44"": 1.0, ""47"": 51.0, ""48"": 24.0, ""49"": 10.0, ""50"": 7.0, ""51"": 2.0, ""52"": 1.0, ""53"": 25.0, ""54"": 1.0, ""56"": 1.0, ""58"": 39.0, ""59"": 61.0, ""60"": 10.88, ""61"": 30.22222222, ""68"": 1.0, ""108"": 1.0, ""109"": 1.0, ""115"": 17.0, ""118"": 1.0, ""155"": 3.0, ""156"": 6.0, ""158"": 8.0, ""183"": 1.0, ""210"": 9.0, ""213"": 12.0}",2026-08-24T23:49:57-04:00
Raiders D/ST,-16013,D/ST,LV,,61.63289931,56.0,67.48373682,43.0,168.87375492239983,23.462521196127113,,,"{""90"": 0.175257732, ""91"": 0.525773196, ""92"": 2.628865979, ""93"": 0.064943783, ""94"": 1.833383393, ""95"": 13.26382461, ""96"": 8.705589804, ""97"": 1.025582455, ""98"": 0.126763674, ""99"": 37.619611, ""100"": 75.239222, ""101"": 0.178784, ""102"": 0.1927776, ""103"": 1.286949057, ""104"": 0.546434336, ""105"": 2.269888776, ""106"": 13.39321508, ""109"": 1038.085011, ""110"": 346.0, ""111"": 207.0, ""113"": 67.24764527, ""114"": 716.9835294, ""115"": 255.678, ""116"": 71.0, ""117"": 28.0, ""118"": 25.0, ""119"": 10.0, ""120"": 407.7661201, ""121"": 2.628865979, ""122"": 3.855670103, ""123"": 4.206185567, ""124"": 2.804123711, ""125"": 0.175257732, ""126"": 23.98624236, ""127"": 5985.982496, ""129"": 0.839506173, ""130"": 3.148148148, ""131"": 3.358024691, ""132"": 4.407407407, ""133"": 3.358024691, ""134"": 1.049382716, ""135"": 0.839506173, ""137"": 352.1166174, ""160"": -407.7661201, ""210"": 17.0}","{""89"": 0.0, ""90"": 0.0, ""91"": 1.0, ""92"": 3.0, ""94"": 3.0, ""95"": 6.0, ""96"": 7.0, ""97"": 2.0, ""99"": 27.0, ""100"": 54.0, ""103"": 1.0, ""104"": 2.0, ""105"": 3.0, ""106"": 10.0, ""107"": 433.0, ""108"": 712.0, ""109"": 1145.0, ""110"": 375.0, ""111"": 224.0, ""112"": 69.0, ""113"": 55.0, ""114"": 668.0, ""115"": 156.0, ""116"": 61.0, ""117"": 19.0, ""118"": 10.0, ""119"": 2.0, ""120"": 400.0, ""121"": 2.0, ""122"": 7.0, ""123"": 3.0, ""124"": 1.0, ""127"": 6216.0, ""128"": 0.0, ""129"": 0.0, ""130"": 2.0, ""131"": 3.0, ""132"": 7.0, ""133"": 4.0, ""134"": 1.0, ""135"": 0.0, ""136"": 0.0, ""155"": 6.0, ""156"": 11.0, ""187"": 400.0, ""188"": 0.0, ""189"": 0.0, ""190"": 1.0, ""191"": 3.0, ""192"": 2.0, ""193"": 7.0, ""194"": 3.0, ""195"": 1.0, ""210"": 17.0}",2026-08-24T23:49:57-04:00
Russell Gage,3115378,WR,TB,ACTIVE,135.97471448,98.1,124.30262358,130.0,166.7678449258837,23.19972303431297,,,"{""42"": 721.9905563, ""43"": 5.3211812, ""44"": 0.202504656, ""45"": 0.129581083, ""46"": 0.084681238, ""47"": 144.0, ""48"": 72.0, ""49"": 36.0, ""50"": 28.0, ""51"": 14.0, ""53"": 65.37063899, ""54"": 13.0, ""55"": 6.0, ""56"": 1.050478794, ""57"": 0.032489035, ""58"": 98.39370825, ""60"": 11.04456936, ""61"": 46.4039299, ""62"": 0.202504656, ""63"": 0.004878332, ""67"": 1.108711748, ""68"": 1.108711748, ""71"": 0.620878579, ""72"": 0.620878579, ""73"": 0.620878579, ""210"": 15.55882353}","{""41"": 51.0, ""42"": 426.0, ""43"": 5.0, ""44"": 1.0, ""47"": 80.0, ""48"": 37.0, ""49"": 15.0, ""50"": 10.0, ""51"": 3.0, ""53"": 51.0, ""54"": 5.0, ""55"": 1.0, ""58"": 70.0, ""59"": 171.0, ""60"": 8.35294118, ""61"": 32.76923077, ""67"": 1.0, ""68"": 1.0, ""71"": 1.0, ""72"": 1.0, ""73"": 1.0, ""108"": 1.0, ""109"": 1.0, ""155"": 6.0, ""156"": 7.0, ""158"": 32.0, ""183"": 5.0, ""210"": 13.0, ""213"": 30.0}",2026-08-24T23:49:57-04:00
Cairo Santos,17427,K,CHI,ACTIVE,121.85303686,102.0,123.42218219,112.0,169.23243492282884,22.90954341659804,,,"{""74"": 3.430672204, ""75"": 5.430408013, ""76"": 1.999735809, ""77"": 7.859530013, ""78"": 10.21046776, ""79"": 2.350937749, ""80"": 16.12978781, ""81"": 16.87653748, ""82"": 0.746749671, ""83"": 27.41999003, ""84"": 32.51741325, ""85"": 5.097423229, ""86"": 29.96961559, ""87"": 31.89097681, ""88"": 1.921361223, ""198"": 3.430672204, ""199"": 5.430408013, ""200"": 1.999735809, ""210"": 17.0}","{""74"": 4.0, ""75"": 5.0, ""76"": 1.0, ""77"": 6.0, ""78"": 7.0, ""79"": 1.0, ""80"": 11.0, ""81"": 11.0, ""83"": 21.0, ""84"": 23.0, ""85"": 2.0, ""86"": 27.0, ""87"": 32.0, ""88"": 5.0, ""155"": 3.0, ""156"": 13.0, ""158"": 90.0, ""198"": 4.0, ""199"": 5.0, ""200"": 1.0, ""210"": 16.0, ""214"": 795.0, ""215"": 96.0, ""216"": 891.0, ""217"": 153.0, ""218"": 75.0, ""219"": 35.0, ""220"": 25.0, ""221"": 9.0, ""222"": 3.0, ""223"": 19.0, ""224"": 9.0, ""225"": 4.0, ""226"": 3.0, ""227"": 1.0, ""229"": 172.0, ""230"": 84.0, ""231"": 39.0, ""232"": 29.0, ""233"": 11.0, ""234"": 4.0}",2026-08-24T23:49:57-04:00
Robert Tonyan,2975674,TE,CHI,ACTIVE,99.07405012,85.5,125.88667519,41.4,168.5084397810219,22.74819394607733,,,"{""42"": 488.5465643, ""43"": 4.562664323, ""44"": 0.172492097, ""45"": 0.163745911, ""46"": 0.107007953, ""47"": 97.0, ""48"": 48.0, ""49"": 24.0, ""50"": 19.0, ""51"": 9.0, ""53"": 45.99205201, ""54"": 9.0, ""55"": 4.0, ""56"": 0.365624513, ""57"": 0.011307975, ""58"": 63.07849921, ""60"": 10.62241285, ""61"": 32.3163097, ""62"": 0.172492097, ""63"": 0.001954867, ""67"": 0.444287903, ""68"": 0.444287903, ""71"": 0.248801226, ""72"": 0.248801226, ""73"": 0.248801226, ""210"": 15.11764706}","{""41"": 53.0, ""42"": 470.0, ""43"": 2.0, ""47"": 87.0, ""48"": 40.0, ""49"": 15.0, ""50"": 11.0, ""51"": 2.0, ""53"": 53.0, ""54"": 4.0, ""55"": 1.0, ""58"": 67.0, ""59"": 230.0, ""60"": 8.86792453, ""61"": 27.64705882, ""108"": 2.0, ""109"": 2.0, ""155"": 8.0, ""156"": 9.0, ""158"": 12.0, ""185"": 2.0, ""210"": 17.0, ""213"": 19.0}",2026-08-24T23:49:57-04:00
Isaiah McKenzie,3128724,WR,FA,ACTIVE,104.91955958,98.8,54.64842931,42.5,167.1842645381984,22.51961144687314,,,"{""23"": 11.964271, ""24"": 70.34921491, ""25"": 0.677410527, ""26"": 0.033939563, ""27"": 14.0, ""28"": 7.0, ""29"": 3.0, ""30"": 2.0, ""31"": 1.0, ""33"": 2.0, ""34"": 1.0, ""35"": 0.022084657, ""36"": 0.01545926, ""37"": 0.012307633, ""38"": 0.000420012, ""39"": 5.879941614, ""40"": 4.380720342, ""42"": 470.5348566, ""43"": 3.607836196, ""44"": 0.194213864, ""45"": 0.121496039, ""46"": 0.079397662, ""47"": 94.0, ""48"": 47.0, ""49"": 23.0, ""50"": 18.0, ""51"": 9.0, ""53"": 47.07331268, ""54"": 9.0, ""55"": 4.0, ""56"": 0.332481869, ""57"": 0.010282944, ""58"": 65.14629055, ""60"": 9.995788055, ""61"": 29.30070535, ""62"": 0.228153427, ""63"": 0.005195307, ""66"": 0.23928542, ""67"": 0.941466254, ""68"": 1.180751673, ""70"": 0.110071293, ""71"": 0.527221102, ""72"": 0.637292395, ""73"": 0.637292395, ""101"": 0.178784, ""102"": 0.221431614, ""114"": 631.7346939, ""115"": 184.3365517, ""116"": 63.0, ""117"": 25.0, ""118"": 18.0, ""119"": 7.0, ""210"": 16.05882353}","{""23"": 9.0, ""24"": 55.0, ""25"": 1.0, ""27"": 8.0, ""28"": 1.0, ""39"": 6.11111111, ""40"": 3.66666667, ""41"": 42.0, ""42"": 423.0, ""43"": 4.0, ""47"": 78.0, ""48"": 35.0, ""49"": 14.0, ""50"": 9.0, ""51"": 2.0, ""53"": 42.0, ""54"": 3.0, ""58"": 65.0, ""59"": 128.0, ""60"": 10.07142857, ""61"": 28.2, ""108"": 1.0, ""109"": 1.0, ""114"": 144.0, ""116"": 13.0, ""117"": 4.0, ""155"": 12.0, ""156"": 3.0, ""158"": 30.0, ""179"": 1.0, ""183"": 3.0, ""184"": 1.0, ""210"": 15.0, ""212"": 3.0, ""213"": 27.0}",2026-08-24T23:49:57-04:00
Juwan Johnson,3929645,TE,NO,ACTIVE,3.4741061,113.8,52.26716681,46.4,169.8797901459854,22.16161383350904,,,"{""42"": 17.30299108, ""43"": 0.15680738, ""44"": 0.009360027, ""45"": 0.09538492, ""46"": 0.062334045, ""47"": 3.0, ""48"": 1.0, ""53"": 1.612089582, ""56"": 0.009888844, ""57"": 0.000305841, ""58"": 2.497312937, ""60"": 10.73326897, ""61"": 1.149026752, ""62"": 0.009360027, ""63"": 8.57e-05, ""67"": 0.019466187, ""68"": 0.019466187, ""71"": 0.010901065, ""72"": 0.010901065, ""73"": 0.010901065, ""210"": 15.05882353}","{""41"": 42.0, ""42"": 508.0, ""43"": 7.0, ""45"": 1.0, ""47"": 95.0, ""48"": 46.0, ""49"": 21.0, ""50"": 12.0, ""51"": 2.0, ""53"": 42.0, ""54"": 3.0, ""58"": 65.0, ""59"": 182.0, ""60"": 12.0952381, ""61"": 31.75, ""107"": 1.0, ""108"": 1.0, ""109"": 2.0, ""155"": 7.0, ""156"": 9.0, ""158"": 42.0, ""183"": 2.0, ""184"": 3.0, ""185"": 1.0, ""210"": 16.0, ""213"": 23.0}",2026-08-24T23:49:57-04:00
Cardinals D/ST,-16022,D/ST,ARI,,67.17743561,77.0,95.57892653,105.0,168.82673152652305,21.282635382900363,,,"{""90"": 0.261538462, ""91"": 1.046153846, ""92"": 2.615384615, ""93"": 0.030724339, ""94"": 1.785882381, ""95"": 13.49754942, ""96"": 10.02222, ""97"": 1.047024063, ""98"": 0.125087775, ""99"": 40.26994892, ""100"": 80.53989784, ""101"": 0.22046, ""102"": 0.190576, ""103"": 1.239982728, ""104"": 0.545899653, ""105"": 2.22764272, ""106"": 15.41879999, ""109"": 1036.307419, ""110"": 345.0, ""111"": 207.0, ""113"": 77.41181487, ""114"": 680.104, ""115"": 210.167619, ""116"": 68.0, ""117"": 27.0, ""118"": 21.0, ""119"": 8.0, ""120"": 412.3039574, ""121"": 1.307692308, ""122"": 4.184615385, ""123"": 4.707692308, ""124"": 2.353846154, ""125"": 0.523076923, ""126"": 24.25317397, ""127"": 6062.004128, ""130"": 2.098765432, ""131"": 3.148148148, ""132"": 4.617283951, ""133"": 4.407407407, ""134"": 1.679012346, ""135"": 0.62962963, ""136"": 0.419753086, ""137"": 356.5884781, ""160"": -412.3039574, ""210"": 17.0}","{""89"": 0.0, ""90"": 0.0, ""91"": 1.0, ""92"": 1.0, ""94"": 5.0, ""95"": 11.0, ""96"": 9.0, ""97"": 1.0, ""99"": 36.0, ""100"": 72.0, ""103"": 3.0, ""104"": 2.0, ""105"": 5.0, ""106"": 12.0, ""107"": 403.0, ""108"": 745.0, ""109"": 1148.0, ""110"": 379.0, ""111"": 222.0, ""112"": 94.0, ""113"": 77.0, ""114"": 686.0, ""115"": 289.0, ""116"": 61.0, ""117"": 18.0, ""118"": 24.0, ""119"": 3.0, ""120"": 437.0, ""121"": 6.0, ""122"": 3.0, ""123"": 3.0, ""124"": 3.0, ""127"": 5931.0, ""128"": 0.0, ""129"": 0.0, ""130"": 4.0, ""131"": 6.0, ""132"": 4.0, ""133"": 1.0, ""134"": 2.0, ""135"": 0.0, ""136"": 0.0, ""155"": 4.0, ""156"": 13.0, ""187"": 437.0, ""188"": 0.0, ""189"": 0.0, ""190"": 1.0, ""191"": 1.0, ""192"": 6.0, ""193"": 3.0, ""194"": 3.0, ""195"": 3.0, ""210"": 17.0}",2026-08-24T23:49:57-04:00
Jameson Williams,4426388,WR,DET,ACTIVE,76.72060378,14.6,,,169.5689851767389,21.02662232576337,,,"{""42"": 439.0360784, ""43"": 2.815808554, ""44"": 0.211594025, ""45"": 0.141032376, ""46"": 0.092164657, ""47"": 87.0, ""48"": 43.0, ""49"": 21.0, ""50"": 17.0, ""51"": 8.0, ""53"": 31.75364291, ""54"": 6.0, ""55"": 3.0, ""56"": 0.676418226, ""57"": 0.020920151, ""58"": 51.7290695, ""60"": 13.82632158, ""61"": 45.2340202, ""62"": 0.211594025, ""63"": 0.001484469, ""67"": 0.337379363, ""68"": 0.337379363, ""71"": 0.188932443, ""72"": 0.188932443, ""73"": 0.188932443, ""210"": 9.705882353}","{""23"": 1.0, ""24"": 40.0, ""27"": 8.0, ""28"": 4.0, ""29"": 2.0, ""30"": 1.0, ""39"": 40.0, ""40"": 6.66666667, ""41"": 1.0, ""42"": 41.0, ""43"": 1.0, ""45"": 1.0, ""47"": 8.0, ""48"": 4.0, ""49"": 2.0, ""50"": 1.0, ""53"": 1.0, ""58"": 9.0, ""59"": 5.0, ""60"": 41.0, ""61"": 6.83333333, ""155"": 5.0, ""156"": 1.0, ""158"": 6.0, ""210"": 6.0, ""212"": 1.0, ""213"": 1.0}",2026-08-24T23:49:57-04:00
Matt Prater,11122,K,ARI,ACTIVE,133.92876973,96.0,131.38363226,147.0,167.0734853720341,20.916623206822337,,,"{""74"": 3.406893458, ""75"": 5.468543446, ""76"": 2.061649987, ""77"": 7.824715392, ""78"": 10.28217151, ""79"": 2.457456117, ""80"": 16.094288, ""81"": 16.99505418, ""82"": 0.900766179, ""83"": 27.32589685, ""84"": 32.74576914, ""85"": 5.419872283, ""86"": 42.73244915, ""87"": 45.89959785, ""88"": 3.167148702, ""198"": 3.406893458, ""199"": 5.468543446, ""200"": 2.061649987, ""210"": 17.0}","{""74"": 5.0, ""75"": 6.0, ""76"": 1.0, ""77"": 6.0, ""78"": 8.0, ""79"": 2.0, ""80"": 11.0, ""81"": 11.0, ""83"": 22.0, ""84"": 25.0, ""85"": 3.0, ""86"": 17.0, ""87"": 18.0, ""88"": 1.0, ""155"": 2.0, ""156"": 11.0, ""158"": 83.0, ""198"": 5.0, ""199"": 6.0, ""200"": 1.0, ""210"": 13.0, ""214"": 909.0, ""215"": 142.0, ""216"": 1051.0, ""217"": 179.0, ""218"": 87.0, ""219"": 42.0, ""220"": 31.0, ""221"": 13.0, ""222"": 4.0, ""223"": 27.0, ""224"": 13.0, ""225"": 6.0, ""226"": 4.0, ""227"": 1.0, ""229"": 208.0, ""230"": 102.0, ""231"": 48.0, ""232"": 37.0, ""233"": 16.0, ""234"": 6.0}",2026-08-24T23:49:57-04:00
Devin Duvernay,4039050,WR,BAL,QUESTIONABLE,87.0980952,97.6,29.92551085,60.7,168.77605473204105,20.882765695234976,,,"{""23"": 9.756958404, ""24"": 65.1603135, ""25"": 0.390554101, ""26"": 0.022640831, ""27"": 13.0, ""28"": 6.0, ""29"": 3.0, ""30"": 2.0, ""31"": 1.0, ""33"": 1.0, ""35"": 0.017988601, ""36"": 0.012592021, ""37"": 0.010519772, ""38"": 0.000358999, ""39"": 6.67834286, ""40"": 4.057601939, ""42"": 410.0462578, ""43"": 2.681351971, ""44"": 0.244554655, ""45"": 0.128688905, ""46"": 0.084098199, ""47"": 82.0, ""48"": 41.0, ""49"": 20.0, ""50"": 16.0, ""51"": 8.0, ""53"": 36.7170397, ""54"": 7.0, ""55"": 3.0, ""56"": 0.235587228, ""57"": 0.007286203, ""58"": 56.07639903, ""60"": 11.16773741, ""61"": 25.53401605, ""62"": 0.267195487, ""63"": 0.002740205, ""66"": 0.130747931, ""67"": 0.492025974, ""68"": 0.622773905, ""70"": 0.060144048, ""71"": 0.275534546, ""72"": 0.335678594, ""73"": 0.335678594, ""101"": 0.299584, ""102"": 0.187824, ""114"": 769.496, ""115"": 349.16, ""116"": 76.0, ""117"": 30.0, ""118"": 34.0, ""119"": 13.0, ""210"": 16.05882353}","{""23"": 12.0, ""24"": 84.0, ""25"": 1.0, ""27"": 14.0, ""28"": 6.0, ""29"": 2.0, ""30"": 1.0, ""39"": 7.0, ""40"": 6.0, ""41"": 37.0, ""42"": 407.0, ""43"": 3.0, ""47"": 75.0, ""48"": 36.0, ""49"": 15.0, ""50"": 12.0, ""51"": 3.0, ""53"": 37.0, ""54"": 2.0, ""58"": 49.0, ""59"": 156.0, ""60"": 11.0, ""61"": 29.07142857, ""68"": 1.0, ""101"": 1.0, ""105"": 1.0, ""114"": 383.0, ""115"": 190.0, ""116"": 35.0, ""117"": 11.0, ""118"": 13.0, ""119"": 4.0, ""155"": 9.0, ""156"": 5.0, ""158"": 30.0, ""180"": 1.0, ""183"": 1.0, ""184"": 1.0, ""185"": 1.0, ""210"": 14.0, ""212"": 7.0, ""213"": 18.0}",2026-08-24T23:49:57-04:00
Van Jefferson,3930066,WR,LAR,ACTIVE,115.01206861,66.9,85.38100493,143.2,169.23968072976055,20.86638685153841,,,"{""23"": 3.998238872, ""24"": 25.4545226, ""25"": 0.182661883, ""26"": 0.008480917, ""27"": 5.0, ""28"": 2.0, ""29"": 1.0, ""30"": 1.0, ""35"": 0.007349415, ""36"": 0.00514459, ""37"": 0.001598384, ""38"": 5.45e-05, ""39"": 6.366433676, ""40"": 1.690339391, ""42"": 625.6120211, ""43"": 4.601666372, ""44"": 0.191059283, ""45"": 0.203097853, ""46"": 0.132724447, ""47"": 125.0, ""48"": 62.0, ""49"": 31.0, ""50"": 25.0, ""51"": 12.0, ""53"": 42.89884281, ""54"": 8.0, ""55"": 4.0, ""56"": 0.885850171, ""57"": 0.027397428, ""58"": 74.20819138, ""60"": 14.58342417, ""61"": 41.54454828, ""62"": 0.199540199, ""63"": 0.002589287, ""66"": 0.050170732, ""67"": 0.538303593, ""68"": 0.588474325, ""70"": 0.023078537, ""71"": 0.301450012, ""72"": 0.324528549, ""73"": 0.324528549, ""210"": 15.05882353}","{""41"": 24.0, ""42"": 369.0, ""43"": 3.0, ""47"": 69.0, ""48"": 32.0, ""49"": 14.0, ""50"": 11.0, ""51"": 2.0, ""53"": 24.0, ""58"": 44.0, ""59"": 38.0, ""60"": 15.375, ""61"": 33.54545455, ""155"": 2.0, ""156"": 9.0, ""158"": 18.0, ""183"": 2.0, ""185"": 1.0, ""210"": 11.0, ""213"": 18.0}",2026-08-24T23:49:57-04:00
Julio Jones,13982,WR,TB,ACTIVE,106.66755901,58.4,184.76129487,64.9,168.42759407069556,20.743160648189043,,,"{""42"": 585.1479959, ""43"": 4.102645576, ""44"": 0.156135392, ""45"": 0.184095675, ""46"": 0.120306524, ""47"": 117.0, ""48"": 58.0, ""49"": 29.0, ""50"": 23.0, ""51"": 11.0, ""53"": 47.64185587, ""54"": 9.0, ""55"": 4.0, ""56"": 0.596905889, ""57"": 0.018461007, ""58"": 73.34530818, ""60"": 12.28222506, ""61"": 41.27599971, ""62"": 0.156135392, ""63"": 0.002342657, ""67"": 0.532422106, ""68"": 0.532422106, ""71"": 0.298156379, ""72"": 0.298156379, ""73"": 0.298156379, ""210"": 14.17647059}","{""23"": 5.0, ""24"": 45.0, ""27"": 8.0, ""28"": 3.0, ""39"": 9.0, ""40"": 4.5, ""41"": 24.0, ""42"": 299.0, ""43"": 2.0, ""47"": 56.0, ""48"": 25.0, ""49"": 11.0, ""50"": 8.0, ""51"": 2.0, ""53"": 24.0, ""54"": 1.0, ""58"": 43.0, ""59"": 124.0, ""60"": 12.45833333, ""61"": 29.9, ""108"": 1.0, ""109"": 1.0, ""155"": 6.0, ""156"": 4.0, ""158"": 12.0, ""183"": 1.0, ""186"": 1.0, ""210"": 10.0, ""212"": 4.0, ""213"": 12.0}",2026-08-24T23:49:57-04:00
Alexander Mattison,4048244,RB,MIN,ACTIVE,98.42910872,80.9,104.62908702,109.9,167.95244474212993,20.15891590048194,,,"{""23"": 114.1473092, ""24"": 457.7625618, ""25"": 3.554436713, ""26"": 0.189832645, ""27"": 91.0, ""28"": 45.0, ""29"": 22.0, ""30"": 18.0, ""31"": 9.0, ""33"": 22.0, ""34"": 11.0, ""35"": 0.222505892, ""36"": 0.155754124, ""37"": 0.546184857, ""38"": 0.018639194, ""39"": 4.010279041, ""40"": 30.28001381, ""42"": 159.8699332, ""43"": 0.762726979, ""44"": 0.04377972, ""45"": 0.043725382, ""46"": 0.028574537, ""47"": 31.0, ""48"": 15.0, ""49"": 7.0, ""50"": 6.0, ""51"": 3.0, ""53"": 22.37827368, ""54"": 4.0, ""55"": 2.0, ""56"": 0.061377057, ""57"": 0.001898259, ""58"": 28.53772388, ""60"": 7.143979714, ""61"": 10.57505395, ""62"": 0.233612365, ""63"": 0.004126159, ""66"": 0.784052015, ""67"": 0.153711294, ""68"": 0.937763308, ""70"": 0.360663927, ""71"": 0.086078324, ""72"": 0.446742251, ""73"": 0.446742251, ""210"": 15.11764706}","{""23"": 74.0, ""24"": 283.0, ""25"": 5.0, ""27"": 50.0, ""28"": 22.0, ""29"": 7.0, ""30"": 6.0, ""31"": 1.0, ""33"": 7.0, ""34"": 1.0, ""39"": 3.82432432, ""40"": 16.64705882, ""41"": 15.0, ""42"": 91.0, ""43"": 1.0, ""47"": 15.0, ""48"": 4.0, ""49"": 1.0, ""53"": 15.0, ""58"": 18.0, ""59"": 121.0, ""60"": 6.06666667, ""61"": 5.35294118, ""155"": 13.0, ""156"": 4.0, ""158"": 36.0, ""179"": 4.0, ""180"": 1.0, ""184"": 1.0, ""210"": 17.0, ""212"": 23.0, ""213"": 4.0}",2026-08-24T23:49:57-04:00
Foster Moreau,3843945,TE,LV,ACTIVE,42.96651341,68.7,33.84557362,70.3,169.62614051094891,19.331628840363003,,,"{""42"": 214.981861, ""43"": 2.006072998, ""44"": 0.085997718, ""45"": 0.143128653, ""46"": 0.093534575, ""47"": 42.0, ""48"": 21.0, ""49"": 10.0, ""50"": 8.0, ""51"": 4.0, ""53"": 19.08003023, ""54"": 3.0, ""55"": 1.0, ""56"": 0.08061941, ""57"": 0.002493384, ""58"": 28.63283852, ""60"": 11.26737528, ""61"": 13.38714885, ""62"": 0.085997718, ""63"": 0.001100476, ""67"": 0.250108241, ""68"": 0.250108241, ""71"": 0.140060615, ""72"": 0.140060615, ""73"": 0.140060615, ""210"": 16.05882353}","{""24"": 2.0, ""40"": 0.13333333, ""41"": 33.0, ""42"": 420.0, ""43"": 2.0, ""47"": 79.0, ""48"": 38.0, ""49"": 15.0, ""50"": 11.0, ""51"": 1.0, ""53"": 33.0, ""54"": 1.0, ""58"": 54.0, ""59"": 237.0, ""60"": 12.72727273, ""61"": 28.0, ""68"": 1.0, ""72"": 1.0, ""73"": 1.0, ""155"": 5.0, ""156"": 10.0, ""158"": 12.0, ""183"": 2.0, ""210"": 15.0, ""213"": 23.0}",2026-08-24T23:49:57-04:00
Mack Hollins,2991662,WR,LV,ACTIVE,67.49819657,125.5,3.92167914,53.3,169.46408209806157,18.980639709083462,,,"{""42"": 360.9776099, ""43"": 3.056706991, ""44"": 0.131042248, ""45"": 0.16356038, ""46"": 0.106886708, ""47"": 72.0, ""48"": 36.0, ""49"": 18.0, ""50"": 14.0, ""51"": 7.0, ""53"": 26.41172588, ""54"": 5.0, ""55"": 2.0, ""56"": 0.178015941, ""57"": 0.005505648, ""58"": 46.61707855, ""60"": 13.66732381, ""61"": 22.47845923, ""62"": 0.131042248, ""63"": 0.00160189, ""67"": 0.364065897, ""68"": 0.364065897, ""71"": 0.203876902, ""72"": 0.203876902, ""73"": 0.203876902, ""210"": 16.05882353}","{""0"": 1.0, ""1"": 1.0, ""3"": 4.0, ""21"": 1.0, ""22"": 0.23529412, ""23"": 4.0, ""24"": 40.0, ""27"": 8.0, ""28"": 4.0, ""29"": 2.0, ""30"": 1.0, ""39"": 10.0, ""40"": 2.35294118, ""41"": 57.0, ""42"": 690.0, ""43"": 4.0, ""47"": 132.0, ""48"": 62.0, ""49"": 27.0, ""50"": 19.0, ""51"": 7.0, ""52"": 1.0, ""53"": 57.0, ""54"": 5.0, ""56"": 1.0, ""58"": 94.0, ""59"": 196.0, ""60"": 12.10526316, ""61"": 40.58823529, ""107"": 1.0, ""108"": 2.0, ""109"": 3.0, ""155"": 6.0, ""156"": 11.0, ""158"": 24.0, ""183"": 2.0, ""185"": 1.0, ""186"": 1.0, ""210"": 17.0, ""212"": 2.0, ""213"": 34.0}",2026-08-24T23:49:57-04:00
Darrell Henderson Jr.,4039359,RB,FA,ACTIVE,178.30816223,65.0,181.67315809,148.9,164.83054253181513,18.490441308988952,,,"{""23"": 189.771805, ""24"": 834.8980529, ""25"": 6.440398523, ""26"": 0.299048103, ""27"": 166.0, ""28"": 83.0, ""29"": 41.0, ""30"": 33.0, ""31"": 16.0, ""33"": 37.0, ""34"": 18.0, ""35"": 0.384725312, ""36"": 0.269307719, ""37"": 1.836170647, ""38"": 0.06266146, ""39"": 4.399484174, ""40"": 58.89322365, ""42"": 264.8034681, ""43"": 2.164056645, ""44"": 0.089841092, ""45"": 0.043766686, ""46"": 0.02860153, ""47"": 52.0, ""48"": 26.0, ""49"": 13.0, ""50"": 10.0, ""51"": 5.0, ""53"": 33.62157391, ""54"": 6.0, ""55"": 3.0, ""56"": 0.10449782, ""57"": 0.003231891, ""58"": 47.00587552, ""60"": 7.87599857, ""61"": 18.67908281, ""62"": 0.388889195, ""63"": 0.004062789, ""66"": 0.784391771, ""67"": 0.138969463, ""68"": 0.923361234, ""70"": 0.360820215, ""71"": 0.077822899, ""72"": 0.438643114, ""73"": 0.438643114, ""210"": 14.17647059}","{""23"": 70.0, ""24"": 283.0, ""25"": 3.0, ""27"": 53.0, ""28"": 23.0, ""29"": 10.0, ""30"": 6.0, ""31"": 1.0, ""33"": 10.0, ""34"": 4.0, ""39"": 4.04285714, ""40"": 28.3, ""41"": 17.0, ""42"": 102.0, ""47"": 18.0, ""48"": 8.0, ""49"": 2.0, ""50"": 2.0, ""53"": 17.0, ""54"": 1.0, ""58"": 22.0, ""59"": 110.0, ""60"": 6.0, ""61"": 10.2, ""108"": 1.0, ""109"": 1.0, ""155"": 3.0, ""156"": 7.0, ""158"": 18.0, ""179"": 3.0, ""210"": 10.0, ""212"": 14.0, ""213"": 5.0}",2026-08-24T23:49:57-04:00
Kenyan Drake,2979843,RB,BAL,ACTIVE,12.13254677,95.6,146.60364033,87.5,169.4826970305872,18.03924983742861,,,"{""23"": 12.31671119, ""24"": 52.96917429, ""25"": 0.468434413, ""26"": 0.027153583, ""27"": 10.0, ""28"": 5.0, ""29"": 2.0, ""30"": 2.0, ""31"": 1.0, ""33"": 2.0, ""34"": 1.0, ""35"": 0.022761579, ""36"": 0.015933106, ""37"": 0.007996895, ""38"": 0.000272903, ""39"": 4.300594004, ""40"": 3.503797521, ""42"": 21.05783304, ""43"": 0.106027437, ""44"": 0.009672533, ""45"": 0.050454044, ""46"": 0.032971717, ""47"": 4.0, ""48"": 2.0, ""49"": 1.0, ""53"": 2.693249302, ""56"": 0.01165843, ""57"": 0.00036057, ""58"": 3.612643226, ""60"": 7.81874631, ""61"": 1.39293059, ""62"": 0.036826116, ""63"": 0.000631549, ""66"": 0.11777939, ""67"": 0.02575438, ""68"": 0.14353377, ""70"": 0.054178519, ""71"": 0.014422453, ""72"": 0.068600972, ""73"": 0.068600972, ""210"": 15.11764706}","{""23"": 109.0, ""24"": 482.0, ""25"": 4.0, ""27"": 92.0, ""28"": 43.0, ""29"": 20.0, ""30"": 15.0, ""31"": 5.0, ""32"": 1.0, ""33"": 18.0, ""34"": 7.0, ""37"": 1.0, ""39"": 4.42201835, ""40"": 40.16666667, ""41"": 17.0, ""42"": 89.0, ""43"": 1.0, ""47"": 15.0, ""48"": 4.0, ""53"": 17.0, ""58"": 26.0, ""59"": 125.0, ""60"": 5.23529412, ""61"": 7.41666667, ""66"": 1.0, ""68"": 1.0, ""155"": 8.0, ""156"": 4.0, ""158"": 30.0, ""179"": 3.0, ""182"": 1.0, ""183"": 1.0, ""210"": 12.0, ""212"": 22.0, ""213"": 7.0}",2026-08-24T23:49:57-04:00
Deon Jackson,4240455,RB,IND,ACTIVE,36.3205957,69.5,,,169.97741788321167,17.58223309811063,,,"{""23"": 47.48180381, ""24"": 203.780614, ""25"": 1.713522214, ""26"": 0.068635858, ""27"": 40.0, ""28"": 20.0, ""29"": 10.0, ""30"": 8.0, ""31"": 4.0, ""33"": 9.0, ""34"": 4.0, ""35"": 0.08936679, ""36"": 0.062556753, ""37"": 0.107535355, ""38"": 0.003669769, ""39"": 4.291762268, ""40"": 13.47965151, ""42"": 28.53789278, ""43"": 0.175857489, ""44"": 0.010640203, ""45"": 0.038557306, ""46"": 0.0251972, ""47"": 5.0, ""48"": 2.0, ""49"": 1.0, ""50"": 1.0, ""53"": 3.983830855, ""56"": 0.015582867, ""57"": 0.000481944, ""58"": 5.179079927, ""60"": 7.163429829, ""61"": 1.887720534, ""62"": 0.079276061, ""63"": 0.001871981, ""66"": 0.392517067, ""67"": 0.032933071, ""68"": 0.425450138, ""70"": 0.180557851, ""71"": 0.01844252, ""72"": 0.199000371, ""73"": 0.199000371, ""210"": 15.11764706}","{""23"": 68.0, ""24"": 236.0, ""25"": 1.0, ""27"": 46.0, ""28"": 21.0, ""29"": 9.0, ""30"": 6.0, ""31"": 2.0, ""33"": 9.0, ""34"": 4.0, ""39"": 3.47058824, ""40"": 14.75, ""41"": 30.0, ""42"": 209.0, ""43"": 1.0, ""47"": 38.0, ""48"": 17.0, ""49"": 7.0, ""50"": 7.0, ""51"": 2.0, ""53"": 30.0, ""54"": 3.0, ""55"": 1.0, ""58"": 34.0, ""59"": 228.0, ""60"": 6.96666667, ""61"": 13.0625, ""66"": 1.0, ""68"": 1.0, ""70"": 1.0, ""72"": 1.0, ""73"": 1.0, ""108"": 1.0, ""109"": 1.0, ""155"": 3.0, ""156"": 12.0, ""158"": 12.0, ""179"": 1.0, ""183"": 1.0, ""210"": 16.0, ""212"": 12.0, ""213"": 10.0}",2026-08-24T23:49:57-04:00
Marvin Jones Jr.,15072,WR,JAX,ACTIVE,133.91923732,93.9,164.81258719,143.7,168.3356898517674,17.57507629444098,,,"{""42"": 681.4401734, ""43"": 6.010662959, ""44"": 0.490667903, ""45"": 0.121483925, ""46"": 0.079389745, ""47"": 136.0, ""48"": 68.0, ""49"": 34.0, ""50"": 27.0, ""51"": 13.0, ""53"": 58.29847563, ""54"": 11.0, ""55"": 5.0, ""56"": 0.894771895, ""57"": 0.027673358, ""58"": 94.37900637, ""60"": 11.68881632, ""61"": 42.43400347, ""62"": 0.490667903, ""63"": 0.001647373, ""67"": 0.374403031, ""68"": 0.374403031, ""71"": 0.209665697, ""72"": 0.209665697, ""73"": 0.209665697, ""210"": 16.05882353}","{""41"": 46.0, ""42"": 529.0, ""43"": 3.0, ""47"": 99.0, ""48"": 46.0, ""49"": 19.0, ""50"": 14.0, ""51"": 4.0, ""52"": 1.0, ""53"": 46.0, ""54"": 3.0, ""56"": 1.0, ""58"": 81.0, ""59"": 95.0, ""60"": 11.5, ""61"": 33.0625, ""108"": 1.0, ""109"": 1.0, ""155"": 9.0, ""156"": 7.0, ""158"": 18.0, ""184"": 3.0, ""210"": 16.0, ""213"": 29.0}",2026-08-24T23:49:57-04:00
Kyren Williams,4430737,RB,LAR,ACTIVE,14.4149175,26.0,,,169.8307481751825,17.366271358964806,,,"{""23"": 19.6601602, ""24"": 81.01392679, ""25"": 0.674584696, ""26"": 0.031352392, ""27"": 16.0, ""28"": 8.0, ""29"": 4.0, ""30"": 3.0, ""31"": 1.0, ""33"": 3.0, ""34"": 1.0, ""35"": 0.036619547, ""36"": 0.025633683, ""37"": 0.024226506, ""38"": 0.000826758, ""39"": 4.120715497, ""40"": 7.56723492, ""42"": 11.51545957, ""43"": 0.066934192, ""44"": 0.00278135, ""45"": 0.027452588, ""46"": 0.017940266, ""47"": 2.0, ""48"": 1.0, ""53"": 1.615581831, ""56"": 0.006633727, ""57"": 0.000205167, ""58"": 2.13234473, ""60"": 7.12774763, ""61"": 1.07561985, ""62"": 0.034133741, ""63"": 0.000767813, ""66"": 0.161251958, ""67"": 0.013250947, ""68"": 0.174502905, ""70"": 0.074175901, ""71"": 0.00742053, ""72"": 0.081596431, ""73"": 0.081596431, ""210"": 10.70588235}","{""23"": 35.0, ""24"": 139.0, ""27"": 24.0, ""28"": 8.0, ""29"": 2.0, ""30"": 2.0, ""33"": 4.0, ""34"": 1.0, ""39"": 3.97142857, ""40"": 13.9, ""41"": 9.0, ""42"": 76.0, ""47"": 14.0, ""48"": 6.0, ""49"": 2.0, ""50"": 2.0, ""53"": 9.0, ""58"": 12.0, ""59"": 80.0, ""60"": 8.44444444, ""61"": 7.6, ""108"": 2.0, ""109"": 2.0, ""155"": 2.0, ""156"": 8.0, ""210"": 10.0, ""212"": 6.0, ""213"": 5.0}",2026-08-24T23:49:57-04:00
Cameron Dicker,4362081,K,LAC,ACTIVE,,93.0,,,168.87445289103894,17.364522811539256,,,null,"{""75"": 1.0, ""76"": 1.0, ""77"": 7.0, ""78"": 7.0, ""80"": 14.0, ""81"": 14.0, ""83"": 21.0, ""84"": 22.0, ""85"": 1.0, ""86"": 24.0, ""87"": 24.0, ""155"": 7.0, ""156"": 4.0, ""158"": 87.0, ""199"": 1.0, ""200"": 1.0, ""210"": 11.0, ""214"": 713.0, ""215"": 52.0, ""216"": 765.0, ""217"": 139.0, ""218"": 67.0, ""219"": 32.0, ""220"": 22.0, ""221"": 8.0, ""222"": 1.0, ""223"": 10.0, ""224"": 5.0, ""225"": 2.0, ""226"": 2.0, ""227"": 1.0, ""229"": 149.0, ""230"": 72.0, ""231"": 35.0, ""232"": 24.0, ""233"": 9.0, ""234"": 2.0}",2026-08-24T23:49:57-04:00
Marcus Mariota,2576980,QB,PHI,QUESTIONABLE,160.69948101,225.2,18.48371419,14.7,169.4518484710178,17.228378686747675,,,"{""0"": 292.994458, ""1"": 187.632548, ""2"": 105.3619099, ""3"": 2120.660599, ""4"": 9.828273728, ""5"": 424.0, ""6"": 212.0, ""7"": 106.0, ""8"": 84.0, ""9"": 42.0, ""10"": 21.0, ""11"": 37.0, ""12"": 18.0, ""15"": 1.699078808, ""16"": 1.110348001, ""17"": 1.618303689, ""18"": 0.218590396, ""19"": 0.536513102, ""20"": 6.685381455, ""21"": 0.640396236, ""22"": 235.6289555, ""23"": 43.05576963, ""24"": 252.6249957, ""25"": 1.34747762, ""26"": 0.06271687, ""27"": 50.0, ""28"": 25.0, ""29"": 12.0, ""30"": 10.0, ""31"": 5.0, ""33"": 8.0, ""34"": 4.0, ""35"": 0.082454014, ""36"": 0.05771781, ""37"": 0.309304263, ""38"": 0.010555368, ""39"": 5.867390081, ""40"": 28.06944396, ""62"": 0.599229973, ""63"": 0.019553354, ""64"": 29.05283277, ""65"": 3.91987985, ""66"": 0.524064163, ""68"": 4.443944013, ""69"": 1.881542328, ""70"": 0.241069515, ""72"": 2.122611843, ""73"": 8.807993297, ""210"": 9.0}","{""0"": 300.0, ""1"": 184.0, ""2"": 116.0, ""3"": 2219.0, ""4"": 15.0, ""5"": 437.0, ""6"": 214.0, ""7"": 104.0, ""8"": 82.0, ""9"": 37.0, ""10"": 16.0, ""11"": 31.0, ""12"": 13.0, ""13"": 19.0, ""14"": 7.0, ""15"": 2.0, ""16"": 1.0, ""19"": 2.0, ""20"": 9.0, ""21"": 0.61333333, ""22"": 170.69230769, ""23"": 85.0, ""24"": 438.0, ""25"": 4.0, ""27"": 82.0, ""28"": 39.0, ""29"": 17.0, ""30"": 11.0, ""31"": 3.0, ""33"": 13.0, ""34"": 2.0, ""39"": 5.15294118, ""40"": 33.69230769, ""64"": 28.0, ""65"": 5.0, ""66"": 4.0, ""68"": 8.0, ""69"": 1.0, ""70"": 2.0, ""72"": 3.0, ""73"": 12.0, ""108"": 1.0, ""109"": 1.0, ""155"": 5.0, ""156"": 8.0, ""158"": 114.0, ""175"": 8.0, ""176"": 3.0, ""177"": 2.0, ""179"": 3.0, ""180"": 1.0, ""210"": 13.0, ""211"": 110.0, ""212"": 28.0}",2026-08-24T23:49:57-04:00
Tyler Huntley,4035671,QB,BAL,ACTIVE,33.78311436,53.7,23.75278684,88.2,169.82116788321167,17.16500024602316,,,"{""0"": 48.88124025, ""1"": 31.80699254, ""2"": 17.07424771, ""3"": 325.7824221, ""4"": 2.099593122, ""5"": 65.0, ""6"": 32.0, ""7"": 16.0, ""8"": 13.0, ""9"": 6.0, ""10"": 3.0, ""11"": 6.0, ""12"": 3.0, ""15"": 0.217332157, ""16"": 0.142026564, ""17"": 0.210028966, ""18"": 0.028369406, ""19"": 0.194137239, ""20"": 1.128884804, ""21"": 0.650699376, ""22"": 81.44560553, ""23"": 14.16514939, ""24"": 76.45890655, ""25"": 0.553047977, ""26"": 0.032159727, ""27"": 15.0, ""28"": 7.0, ""29"": 3.0, ""30"": 3.0, ""31"": 1.0, ""33"": 2.0, ""34"": 1.0, ""35"": 0.027852422, ""36"": 0.019496696, ""37"": 0.140034312, ""38"": 0.004778834, ""39"": 5.397677386, ""40"": 19.11472664, ""62"": 0.226296966, ""63"": 0.004501351, ""64"": 3.844288412, ""65"": 0.806390774, ""66"": 0.216643551, ""68"": 1.023034325, ""69"": 0.387067571, ""70"": 0.099656034, ""72"": 0.486723605, ""73"": 1.615608409, ""210"": 4.0}","{""0"": 112.0, ""1"": 75.0, ""2"": 37.0, ""3"": 658.0, ""4"": 2.0, ""5"": 130.0, ""6"": 63.0, ""7"": 30.0, ""8"": 24.0, ""9"": 10.0, ""10"": 4.0, ""11"": 12.0, ""12"": 4.0, ""13"": 5.0, ""14"": 1.0, ""20"": 3.0, ""21"": 0.66964286, ""22"": 109.66666667, ""23"": 43.0, ""24"": 137.0, ""25"": 1.0, ""26"": 1.0, ""27"": 26.0, ""28"": 12.0, ""29"": 5.0, ""30"": 3.0, ""33"": 7.0, ""34"": 2.0, ""39"": 3.18604651, ""40"": 22.83333333, ""64"": 7.0, ""66"": 3.0, ""68"": 3.0, ""73"": 3.0, ""155"": 3.0, ""156"": 3.0, ""158"": 20.0, ""175"": 2.0, ""179"": 1.0, ""210"": 6.0, ""211"": 31.0, ""212"": 12.0}",2026-08-24T23:49:57-04:00
Jake Elliott,3050478,K,PHI,ACTIVE,132.51198399,119.0,122.19054069,147.0,162.99815710665746,17.068969808232577,,,"{""74"": 3.432052962, ""75"": 5.443276384, ""76"": 2.011223422, ""77"": 7.865465164, ""78"": 10.23466338, ""79"": 2.369198218, ""80"": 16.14703635, ""81"": 16.9165296, ""82"": 0.769493249, ""83"": 27.44455448, ""84"": 32.59446937, ""85"": 5.149914888, ""86"": 40.59866436, ""87"": 43.25852988, ""88"": 2.659865526, ""198"": 3.432052962, ""199"": 5.443276384, ""200"": 2.011223422, ""210"": 17.0}","{""74"": 5.0, ""75"": 6.0, ""76"": 1.0, ""77"": 1.0, ""78"": 2.0, ""79"": 1.0, ""80"": 14.0, ""81"": 15.0, ""82"": 1.0, ""83"": 20.0, ""84"": 23.0, ""85"": 3.0, ""86"": 51.0, ""87"": 53.0, ""88"": 2.0, ""138"": 1.0, ""139"": 35.0, ""147"": 35.0, ""153"": 1.0, ""155"": 13.0, ""156"": 3.0, ""158"": 111.0, ""198"": 5.0, ""199"": 6.0, ""200"": 1.0, ""210"": 16.0, ""214"": 808.0, ""215"": 92.0, ""216"": 900.0, ""217"": 157.0, ""218"": 75.0, ""219"": 34.0, ""220"": 25.0, ""221"": 9.0, ""222"": 1.0, ""223"": 17.0, ""224"": 8.0, ""225"": 3.0, ""226"": 3.0, ""227"": 1.0, ""229"": 175.0, ""230"": 84.0, ""231"": 38.0, ""232"": 28.0, ""233"": 11.0, ""234"": 1.0}",2026-08-24T23:49:57-04:00
Romeo Doubs,4361432,WR,GB,ACTIVE,99.80741836,80.6,,,169.2508551881414,16.935142537034732,,,"{""23"": 2.121729024, ""24"": 12.94379788, ""25"": 0.082210043, ""26"": 0.004029017, ""27"": 2.0, ""28"": 1.0, ""35"": 0.003895741, ""36"": 0.002727018, ""37"": 0.000357345, ""38"": 1.22e-05, ""39"": 6.100589533, ""40"": 0.806024044, ""42"": 514.5182627, ""43"": 4.394253846, ""44"": 0.166110099, ""45"": 0.189313794, ""46"": 0.123716564, ""47"": 102.0, ""48"": 51.0, ""49"": 25.0, ""50"": 20.0, ""51"": 10.0, ""53"": 40.73527147, ""54"": 8.0, ""55"": 4.0, ""56"": 0.427931035, ""57"": 0.01323498, ""58"": 64.07734242, ""60"": 12.63078026, ""61"": 32.03959878, ""62"": 0.170139115, ""63"": 0.002003546, ""66"": 0.022543164, ""67"": 0.432808292, ""68"": 0.455351456, ""70"": 0.010369856, ""71"": 0.242372643, ""72"": 0.252742499, ""73"": 0.252742499, ""210"": 16.05882353}","{""23"": 1.0, ""24"": 11.0, ""27"": 2.0, ""28"": 1.0, ""39"": 11.0, ""40"": 0.84615385, ""41"": 42.0, ""42"": 425.0, ""43"": 3.0, ""47"": 81.0, ""48"": 37.0, ""49"": 16.0, ""50"": 11.0, ""51"": 3.0, ""53"": 42.0, ""54"": 3.0, ""58"": 67.0, ""59"": 196.0, ""60"": 10.11904762, ""61"": 32.69230769, ""67"": 2.0, ""68"": 2.0, ""71"": 1.0, ""72"": 1.0, ""73"": 1.0, ""114"": 39.0, ""116"": 3.0, ""117"": 1.0, ""155"": 6.0, ""156"": 7.0, ""158"": 18.0, ""183"": 1.0, ""184"": 2.0, ""210"": 13.0, ""212"": 1.0, ""213"": 21.0}",2026-08-24T23:49:57-04:00
Skyy Moore,4430191,WR,KC,ACTIVE,111.64529434,32.4,,,166.02690992018245,16.802467640710372,,,"{""42"": 584.5892276, ""43"": 5.010640952, ""44"": 0.182269857, ""45"": 0.18455793, ""46"": 0.120608607, ""47"": 116.0, ""48"": 58.0, ""49"": 29.0, ""50"": 23.0, ""51"": 11.0, ""53"": 46.62565267, ""54"": 9.0, ""55"": 4.0, ""56"": 0.59523298, ""57"": 0.018409267, ""58"": 73.29234803, ""60"": 12.53793125, ""61"": 36.4029922, ""62"": 0.182269857, ""63"": 0.002179729, ""67"": 0.495393018, ""68"": 0.495393018, ""71"": 0.27742009, ""72"": 0.27742009, ""73"": 0.27742009, ""210"": 16.05882353}","{""23"": 3.0, ""24"": 24.0, ""27"": 4.0, ""28"": 2.0, ""39"": 8.0, ""40"": 1.5, ""41"": 22.0, ""42"": 250.0, ""47"": 47.0, ""48"": 21.0, ""49"": 8.0, ""50"": 6.0, ""51"": 1.0, ""53"": 22.0, ""54"": 2.0, ""58"": 33.0, ""59"": 148.0, ""60"": 11.36363636, ""61"": 15.625, ""68"": 3.0, ""72"": 3.0, ""73"": 3.0, ""107"": 1.0, ""108"": 1.0, ""109"": 2.0, ""114"": 50.0, ""115"": 86.0, ""116"": 3.0, ""118"": 6.0, ""119"": 1.0, ""155"": 13.0, ""156"": 3.0, ""210"": 16.0, ""212"": 1.0, ""213"": 14.0}",2026-08-24T23:49:57-04:00
Rashaad Penny,3139925,RB,PHI,ACTIVE,150.2032576,50.2,72.73511017,118.7,165.39621350364965,16.45311926723381,,,"{""23"": 172.8657839, ""24"": 829.6078086, ""25"": 5.106574249, ""26"": 0.161585717, ""27"": 165.0, ""28"": 82.0, ""29"": 41.0, ""30"": 33.0, ""31"": 16.0, ""33"": 34.0, ""34"": 17.0, ""35"": 0.34739502, ""36"": 0.243176514, ""37"": 1.807777401, ""38"": 0.061692507, ""39"": 4.79914411, ""40"": 62.68147887, ""42"": 194.2618795, ""43"": 0.83962365, ""44"": 0.035441686, ""45"": 0.046902681, ""46"": 0.030650902, ""47"": 38.0, ""48"": 19.0, ""49"": 9.0, ""50"": 7.0, ""51"": 3.0, ""53"": 25.4064617, ""54"": 5.0, ""55"": 2.0, ""56"": 0.072623741, ""57"": 0.002246095, ""58"": 33.8381924, ""60"": 7.646160328, ""61"": 14.67756423, ""62"": 0.197027403, ""63"": 0.004458425, ""66"": 0.883437623, ""67"": 0.129840756, ""68"": 1.013278379, ""70"": 0.406381307, ""71"": 0.072710824, ""72"": 0.47909213, ""73"": 0.47909213, ""210"": 13.23529412}","{""23"": 57.0, ""24"": 346.0, ""25"": 2.0, ""27"": 68.0, ""28"": 33.0, ""29"": 15.0, ""30"": 12.0, ""31"": 6.0, ""32"": 1.0, ""33"": 9.0, ""34"": 3.0, ""35"": 1.0, ""37"": 1.0, ""39"": 6.07017544, ""40"": 69.2, ""41"": 4.0, ""42"": 16.0, ""47"": 2.0, ""53"": 4.0, ""58"": 5.0, ""59"": 28.0, ""60"": 4.0, ""61"": 3.2, ""66"": 1.0, ""68"": 1.0, ""155"": 2.0, ""156"": 3.0, ""158"": 12.0, ""182"": 1.0, ""210"": 5.0, ""212"": 15.0, ""213"": 2.0}",2026-08-24T23:49:57-04:00
Corey Davis,3042778,WR,NYJ,ACTIVE,99.08236232,81.6,164.11819269,88.2,169.88095781071837,16.21368442573611,,,"{""42"": 578.3313608, ""43"": 3.183640523, ""44"": 0.265490702, ""45"": 0.156151517, ""46"": 0.102045017, ""47"": 115.0, ""48"": 57.0, ""49"": 28.0, ""50"": 23.0, ""51"": 11.0, ""53"": 44.82541705, ""54"": 8.0, ""55"": 4.0, ""56"": 0.574971636, ""57"": 0.017782628, ""58"": 75.53066995, ""60"": 12.90186235, ""61"": 38.25538184, ""62"": 0.265490702, ""63"": 0.003128348, ""67"": 0.710988242, ""68"": 0.710988242, ""71"": 0.398153415, ""72"": 0.398153415, ""73"": 0.398153415, ""210"": 15.11764706}","{""41"": 32.0, ""42"": 536.0, ""43"": 2.0, ""45"": 1.0, ""46"": 1.0, ""47"": 102.0, ""48"": 47.0, ""49"": 20.0, ""50"": 16.0, ""51"": 5.0, ""53"": 32.0, ""54"": 3.0, ""58"": 64.0, ""59"": 109.0, ""60"": 16.75, ""61"": 41.23076923, ""106"": 1.0, ""108"": 1.0, ""109"": 1.0, ""155"": 6.0, ""156"": 7.0, ""158"": 12.0, ""183"": 1.0, ""210"": 13.0, ""213"": 27.0}",2026-08-24T23:49:57-04:00
Travis Homer,4037457,RB,CHI,ACTIVE,19.85035159,35.1,11.15939034,53.8,170.08325729927006,15.986382442782896,,,"{""23"": 16.65099128, ""24"": 72.33423835, ""25"": 0.486307945, ""26"": 0.015388227, ""27"": 14.0, ""28"": 7.0, ""29"": 3.0, ""30"": 2.0, ""31"": 1.0, ""33"": 3.0, ""34"": 1.0, ""35"": 0.03082158, ""36"": 0.021575106, ""37"": 0.013428792, ""38"": 0.000458273, ""39"": 4.344140065, ""40"": 4.784755066, ""42"": 50.76164519, ""43"": 0.200479238, ""44"": 0.008462282, ""45"": 0.04132719, ""46"": 0.027007319, ""47"": 10.0, ""48"": 5.0, ""49"": 2.0, ""50"": 2.0, ""51"": 1.0, ""53"": 7.136093041, ""54"": 1.0, ""56"": 0.02537221, ""57"": 0.000784708, ""58"": 9.196244107, ""60"": 7.113366501, ""61"": 3.357774196, ""62"": 0.023850509, ""63"": 0.000878687, ""66"": 0.139791307, ""67"": 0.059910173, ""68"": 0.19970148, ""70"": 0.064304001, ""71"": 0.033549697, ""72"": 0.097853698, ""73"": 0.097853698, ""210"": 15.11764706}","{""23"": 19.0, ""24"": 74.0, ""27"": 12.0, ""28"": 3.0, ""29"": 1.0, ""30"": 1.0, ""33"": 1.0, ""39"": 3.89473684, ""40"": 7.4, ""41"": 16.0, ""42"": 157.0, ""43"": 1.0, ""47"": 30.0, ""48"": 13.0, ""49"": 6.0, ""50"": 4.0, ""53"": 16.0, ""58"": 18.0, ""59"": 122.0, ""60"": 9.8125, ""61"": 15.7, ""67"": 1.0, ""68"": 1.0, ""71"": 1.0, ""72"": 1.0, ""73"": 1.0, ""106"": 1.0, ""107"": 5.0, ""108"": 4.0, ""109"": 9.0, ""155"": 3.0, ""156"": 7.0, ""158"": 6.0, ""184"": 1.0, ""210"": 10.0, ""212"": 3.0, ""213"": 6.0}",2026-08-24T23:49:57-04:00
Trey Lance,4383351,QB,SF,QUESTIONABLE,328.74541135,12.3,263.92765609,74.6,163.0720802919708,15.751347360017023,,,"{""0"": 458.4265388, ""1"": 296.8402524, ""2"": 161.5862864, ""3"": 3502.550979, ""4"": 22.46166056, ""5"": 700.0, ""6"": 350.0, ""7"": 175.0, ""8"": 140.0, ""9"": 70.0, ""10"": 35.0, ""11"": 59.0, ""12"": 29.0, ""15"": 2.639384157, ""16"": 1.724837547, ""17"": 2.224647251, ""18"": 0.300491513, ""19"": 1.154317672, ""20"": 11.83448791, ""21"": 0.647519782, ""22"": 218.9094362, ""23"": 114.7892938, ""24"": 525.5578107, ""25"": 4.406986896, ""26"": 0.127485295, ""27"": 105.0, ""28"": 52.0, ""29"": 26.0, ""30"": 21.0, ""31"": 10.0, ""33"": 22.0, ""34"": 11.0, ""35"": 0.224487091, ""36"": 0.157140964, ""37"": 0.754392277, ""38"": 0.025744514, ""39"": 4.578456696, ""40"": 32.84736317, ""62"": 1.281802967, ""63"": 0.018095233, ""64"": 32.6651618, ""65"": 3.33339496, ""66"": 0.779158053, ""68"": 4.112553013, ""69"": 1.600029581, ""70"": 0.358412704, ""72"": 1.958442285, ""73"": 13.79293019, ""210"": 16.0}","{""0"": 31.0, ""1"": 15.0, ""2"": 16.0, ""3"": 194.0, ""5"": 38.0, ""6"": 19.0, ""7"": 9.0, ""8"": 7.0, ""9"": 3.0, ""10"": 1.0, ""11"": 2.0, ""12"": 1.0, ""13"": 3.0, ""14"": 1.0, ""20"": 1.0, ""21"": 0.48387097, ""22"": 97.0, ""23"": 16.0, ""24"": 67.0, ""27"": 12.0, ""28"": 6.0, ""29"": 2.0, ""30"": 2.0, ""31"": 1.0, ""33"": 2.0, ""34"": 1.0, ""39"": 4.1875, ""40"": 33.5, ""64"": 2.0, ""66"": 1.0, ""68"": 1.0, ""73"": 1.0, ""108"": 1.0, ""109"": 1.0, ""155"": 1.0, ""156"": 1.0, ""210"": 2.0, ""211"": 6.0, ""212"": 7.0}",2026-08-24T23:49:57-04:00
Mike White,3051381,QB,MIA,ACTIVE,0.0,62.3,21.36709568,53.9,169.8496806569343,15.321151823263127,,,{},"{""0"": 175.0, ""1"": 103.0, ""2"": 72.0, ""3"": 1192.0, ""4"": 3.0, ""5"": 237.0, ""6"": 117.0, ""7"": 58.0, ""8"": 45.0, ""9"": 22.0, ""10"": 10.0, ""11"": 19.0, ""12"": 9.0, ""13"": 13.0, ""14"": 5.0, ""15"": 1.0, ""16"": 1.0, ""17"": 2.0, ""20"": 4.0, ""21"": 0.58857143, ""22"": 298.0, ""23"": 6.0, ""24"": 9.0, ""25"": 1.0, ""27"": 1.0, ""39"": 1.5, ""40"": 2.25, ""64"": 9.0, ""65"": 2.0, ""68"": 2.0, ""69"": 1.0, ""72"": 1.0, ""73"": 5.0, ""155"": 1.0, ""156"": 3.0, ""158"": 24.0, ""175"": 1.0, ""177"": 1.0, ""179"": 1.0, ""210"": 4.0, ""211"": 55.0, ""212"": 2.0}",2026-08-24T23:49:57-04:00
Odell Beckham Jr.,16733,WR,FA,QUESTIONABLE,0.0,0.0,167.18260919,107.1,165.884834663626,15.301971887093103,,,{},{},2026-08-24T23:49:57-04:00
Nico Collins,4258173,WR,HOU,QUESTIONABLE,125.74041611,78.6,103.41064224,67.1,170.1005701254276,14.444093801624339,,,"{""42"": 746.5686725, ""43"": 3.846852444, ""44"": 0.227294261, ""45"": 0.170362702, ""46"": 0.111332025, ""47"": 149.0, ""48"": 74.0, ""49"": 37.0, ""50"": 29.0, ""51"": 14.0, ""53"": 56.72782726, ""54"": 11.0, ""55"": 5.0, ""56"": 1.150868723, ""57"": 0.035593878, ""58"": 95.38922442, ""60"": 13.16053705, ""61"": 46.48962429, ""62"": 0.227294261, ""63"": 0.003205981, ""67"": 0.728632103, ""68"": 0.728632103, ""71"": 0.408033978, ""72"": 0.408033978, ""73"": 0.408033978, ""210"": 16.05882353}","{""41"": 37.0, ""42"": 481.0, ""43"": 2.0, ""47"": 92.0, ""48"": 43.0, ""49"": 20.0, ""50"": 14.0, ""51"": 3.0, ""53"": 37.0, ""54"": 3.0, ""58"": 66.0, ""59"": 163.0, ""60"": 13.0, ""61"": 48.1, ""108"": 1.0, ""109"": 1.0, ""155"": 1.0, ""156"": 8.0, ""158"": 12.0, ""183"": 1.0, ""184"": 1.0, ""210"": 10.0, ""213"": 22.0}",2026-08-24T23:49:57-04:00
Jimmy Garoppolo,16760,QB,LV,QUESTIONABLE,17.77513439,195.9,94.13802542,266.5,167.80565693430657,12.865984161706018,,,"{""0"": 29.84143878, ""1"": 19.68555129, ""2"": 10.1558875, ""3"": 236.8029886, ""4"": 1.5090992, ""5"": 47.0, ""6"": 23.0, ""7"": 11.0, ""8"": 9.0, ""9"": 4.0, ""10"": 2.0, ""11"": 3.0, ""12"": 1.0, ""15"": 0.19038379, ""16"": 0.124415807, ""17"": 0.182111123, ""18"": 0.024598438, ""19"": 0.077289386, ""20"": 0.863637156, ""21"": 0.659671654, ""22"": 118.4014943, ""23"": 2.431961823, ""24"": 4.397348755, ""25"": 0.150856232, ""26"": 0.004348874, ""35"": 0.004560309, ""36"": 0.003192216, ""37"": 0.000815738, ""38"": 2.78e-05, ""39"": 1.80814876, ""40"": 2.198674378, ""62"": 0.08163826, ""63"": 0.002116078, ""64"": 2.265109638, ""65"": 0.447063371, ""66"": 0.03386353, ""68"": 0.480926901, ""69"": 0.214590418, ""70"": 0.015577224, ""72"": 0.230167642, ""73"": 1.093804798, ""210"": 2.0}","{""0"": 308.0, ""1"": 207.0, ""2"": 101.0, ""3"": 2437.0, ""4"": 16.0, ""5"": 483.0, ""6"": 239.0, ""7"": 116.0, ""8"": 93.0, ""9"": 44.0, ""10"": 20.0, ""11"": 37.0, ""12"": 15.0, ""13"": 15.0, ""14"": 6.0, ""15"": 1.0, ""16"": 1.0, ""17"": 1.0, ""20"": 4.0, ""21"": 0.67207792, ""22"": 221.54545455, ""23"": 23.0, ""24"": 33.0, ""25"": 2.0, ""27"": 3.0, ""28"": 1.0, ""33"": 1.0, ""39"": 1.43478261, ""40"": 3.0, ""64"": 18.0, ""65"": 1.0, ""66"": 2.0, ""68"": 3.0, ""69"": 1.0, ""70"": 1.0, ""72"": 2.0, ""73"": 6.0, ""155"": 8.0, ""156"": 3.0, ""158"": 108.0, ""175"": 9.0, ""176"": 4.0, ""178"": 3.0, ""179"": 2.0, ""210"": 11.0, ""211"": 111.0, ""212"": 11.0}",2026-08-24T23:49:57-04:00
Chris Moore,2576581,WR,HOU,ACTIVE,59.1520816,91.1,0.0,45.2,170.10581527936145,12.825641289202586,,,"{""42"": 351.5772522, ""43"": 1.343478664, ""44"": 0.079363166, ""45"": 0.138648497, ""46"": 0.090606793, ""47"": 70.0, ""48"": 35.0, ""49"": 17.0, ""50"": 14.0, ""51"": 7.0, ""53"": 32.29280201, ""54"": 6.0, ""55"": 3.0, ""56"": 0.168601506, ""57"": 0.00521448, ""58"": 47.17107201, ""60"": 10.88717084, ""61"": 21.89308897, ""62"": 0.079363166, ""63"": 0.001460026, ""67"": 0.331824057, ""68"": 0.331824057, ""71"": 0.185821472, ""72"": 0.185821472, ""73"": 0.185821472, ""210"": 16.05882353}","{""23"": 3.0, ""24"": 3.0, ""39"": 1.0, ""40"": 0.1875, ""41"": 48.0, ""42"": 548.0, ""43"": 2.0, ""47"": 105.0, ""48"": 51.0, ""49"": 24.0, ""50"": 13.0, ""51"": 4.0, ""52"": 1.0, ""53"": 48.0, ""54"": 3.0, ""55"": 1.0, ""56"": 1.0, ""58"": 74.0, ""59"": 263.0, ""60"": 11.41666667, ""61"": 34.25, ""108"": 1.0, ""109"": 1.0, ""155"": 2.0, ""156"": 13.0, ""158"": 12.0, ""184"": 2.0, ""210"": 16.0, ""213"": 23.0}",2026-08-24T23:49:57-04:00
Cade York,4428963,K,CLE,ACTIVE,123.11871996,113.0,,,169.06450126698917,12.517330178886974,,,"{""74"": 3.289116896, ""75"": 5.254180345, ""76"": 1.965063449, ""77"": 7.547645797, ""78"": 9.879117535, ""79"": 2.331471738, ""80"": 15.51241688, ""81"": 16.32885987, ""82"": 0.816442994, ""83"": 26.34917957, ""84"": 31.46215775, ""85"": 5.112978181, ""86"": 35.05827983, ""87"": 37.53563151, ""88"": 2.47735168, ""198"": 3.289116896, ""199"": 5.254180345, ""200"": 1.965063449, ""210"": 17.0}","{""74"": 4.0, ""75"": 7.0, ""76"": 3.0, ""77"": 6.0, ""78"": 8.0, ""79"": 2.0, ""80"": 14.0, ""81"": 17.0, ""82"": 3.0, ""83"": 24.0, ""84"": 32.0, ""85"": 8.0, ""86"": 35.0, ""87"": 37.0, ""88"": 2.0, ""107"": 1.0, ""108"": 1.0, ""109"": 2.0, ""155"": 7.0, ""156"": 10.0, ""158"": 107.0, ""198"": 4.0, ""199"": 6.0, ""200"": 2.0, ""202"": 1.0, ""203"": 1.0, ""210"": 17.0, ""214"": 948.0, ""215"": 369.0, ""216"": 1317.0, ""217"": 184.0, ""218"": 89.0, ""219"": 39.0, ""220"": 32.0, ""221"": 12.0, ""222"": 2.0, ""223"": 70.0, ""224"": 34.0, ""225"": 15.0, ""226"": 12.0, ""227"": 4.0, ""229"": 256.0, ""230"": 124.0, ""231"": 57.0, ""232"": 45.0, ""233"": 18.0, ""234"": 5.0}",2026-08-24T23:49:57-04:00
Chigoziem Okonkwo,4360635,TE,TEN,ACTIVE,14.41072761,81.2,,,169.90830291970804,12.24043809141701,,,"{""42"": 74.12158919, ""43"": 0.589111986, ""44"": 0.03009488, ""45"": 0.121574273, ""46"": 0.079448787, ""47"": 14.0, ""48"": 7.0, ""49"": 3.0, ""50"": 2.0, ""51"": 1.0, ""53"": 6.987435682, ""54"": 1.0, ""56"": 0.034598144, ""57"": 0.001070046, ""58"": 10.27758952, ""60"": 10.60783849, ""61"": 4.615630096, ""62"": 0.03009488, ""63"": 0.000353614, ""67"": 0.08036681, ""68"": 0.08036681, ""71"": 0.045005414, ""72"": 0.045005414, ""73"": 0.045005414, ""210"": 16.05882353}","{""23"": 3.0, ""24"": 2.0, ""27"": 1.0, ""39"": 0.66666667, ""40"": 0.11764706, ""41"": 32.0, ""42"": 450.0, ""43"": 3.0, ""44"": 1.0, ""47"": 85.0, ""48"": 40.0, ""49"": 17.0, ""50"": 11.0, ""51"": 2.0, ""53"": 32.0, ""54"": 1.0, ""58"": 46.0, ""59"": 254.0, ""60"": 14.0625, ""61"": 26.47058824, ""107"": 2.0, ""108"": 5.0, ""109"": 7.0, ""155"": 7.0, ""156"": 10.0, ""158"": 20.0, ""183"": 1.0, ""184"": 1.0, ""185"": 1.0, ""210"": 17.0, ""213"": 23.0}",2026-08-24T23:49:57-04:00
Taylor Heinicke,2565969,QB,ATL,ACTIVE,9.26498779,139.2,50.18927667,261.4,169.59375,12.140482490851507,,,"{""0"": 16.36659833, ""1"": 10.7021975, ""2"": 5.66440083, ""3"": 114.4665545, ""4"": 0.757615904, ""5"": 22.0, ""6"": 11.0, ""7"": 5.0, ""8"": 4.0, ""9"": 2.0, ""10"": 1.0, ""11"": 2.0, ""12"": 1.0, ""15"": 0.053041141, ""16"": 0.034662386, ""17"": 0.055614079, ""18"": 0.007512004, ""19"": 0.066265362, ""20"": 0.49390614, ""21"": 0.653904818, ""22"": 57.23327727, ""23"": 2.02363214, ""24"": 10.23746879, ""25"": 0.062505883, ""26"": 0.003867857, ""27"": 2.0, ""28"": 1.0, ""35"": 0.003780611, ""36"": 0.002646428, ""37"": 0.004521893, ""38"": 0.000154315, ""39"": 5.0589574, ""40"": 5.118734396, ""62"": 0.070133219, ""63"": 0.001067693, ""64"": 1.110078178, ""65"": 0.217475903, ""66"": 0.025181631, ""68"": 0.242657534, ""69"": 0.104388433, ""70"": 0.01158355, ""72"": 0.115971984, ""73"": 0.609878124, ""210"": 2.0}","{""0"": 259.0, ""1"": 161.0, ""2"": 98.0, ""3"": 1859.0, ""4"": 12.0, ""5"": 368.0, ""6"": 181.0, ""7"": 88.0, ""8"": 70.0, ""9"": 32.0, ""10"": 14.0, ""11"": 29.0, ""12"": 12.0, ""13"": 15.0, ""14"": 6.0, ""15"": 1.0, ""20"": 6.0, ""21"": 0.62162162, ""22"": 185.9, ""23"": 28.0, ""24"": 96.0, ""25"": 1.0, ""27"": 17.0, ""28"": 7.0, ""29"": 2.0, ""30"": 2.0, ""33"": 2.0, ""39"": 3.42857143, ""40"": 9.6, ""64"": 19.0, ""65"": 7.0, ""66"": 1.0, ""68"": 7.0, ""69"": 5.0, ""72"": 5.0, ""73"": 11.0, ""106"": 1.0, ""108"": 1.0, ""109"": 1.0, ""155"": 6.0, ""156"": 3.0, ""158"": 78.0, ""175"": 5.0, ""176"": 4.0, ""177"": 1.0, ""178"": 1.0, ""179"": 1.0, ""210"": 10.0, ""211"": 90.0, ""212"": 7.0}",2026-08-24T23:49:57-04:00
Eno Benjamin,4242873,RB,NO,ACTIVE,55.65610576,77.1,14.58789515,25.0,167.4014598540146,11.851885094906546,,,"{""23"": 50.58099075, ""24"": 214.1754922, ""25"": 1.58310845, ""26"": 0.053861398, ""27"": 42.0, ""28"": 21.0, ""29"": 10.0, ""30"": 8.0, ""31"": 4.0, ""33"": 10.0, ""34"": 5.0, ""35"": 0.095325544, ""36"": 0.066727881, ""37"": 0.117422595, ""38"": 0.004007183, ""39"": 4.23430797, ""40"": 14.16725046, ""42"": 125.8395755, ""43"": 0.547857217, ""44"": 0.030544359, ""45"": 0.042141542, ""46"": 0.027539497, ""47"": 25.0, ""48"": 12.0, ""49"": 6.0, ""50"": 5.0, ""51"": 2.0, ""53"": 17.40403345, ""54"": 3.0, ""55"": 1.0, ""56"": 0.051207563, ""57"": 0.001583739, ""58"": 22.65639351, ""60"": 7.23048343, ""61"": 8.324018613, ""62"": 0.084405757, ""63"": 0.002472847, ""66"": 0.418137066, ""67"": 0.143873645, ""68"": 0.562010711, ""70"": 0.192343051, ""71"": 0.080569241, ""72"": 0.272912292, ""73"": 0.272912292, ""101"": 0.090633556, ""114"": 279.5983111, ""116"": 27.0, ""117"": 11.0, ""210"": 15.11764706}","{""23"": 77.0, ""24"": 313.0, ""25"": 2.0, ""26"": 1.0, ""27"": 59.0, ""28"": 27.0, ""29"": 10.0, ""30"": 8.0, ""31"": 1.0, ""33"": 10.0, ""34"": 2.0, ""39"": 4.06493506, ""40"": 20.86666667, ""41"": 25.0, ""42"": 193.0, ""47"": 34.0, ""48"": 14.0, ""49"": 6.0, ""50"": 3.0, ""53"": 25.0, ""58"": 34.0, ""59"": 234.0, ""60"": 7.72, ""61"": 12.86666667, ""108"": 1.0, ""109"": 1.0, ""114"": 180.0, ""116"": 16.0, ""117"": 4.0, ""155"": 6.0, ""156"": 9.0, ""158"": 14.0, ""179"": 1.0, ""180"": 1.0, ""210"": 15.0, ""212"": 13.0, ""213"": 10.0}",2026-08-24T23:49:57-04:00
Hassan Haskins,4372071,RB,TEN,ACTIVE,42.08189319,20.5,,,169.8535583941606,11.522760351568216,,,"{""23"": 42.17675154, ""24"": 176.5964066, ""25"": 1.164192132, ""26"": 0.036284777, ""27"": 35.0, ""28"": 17.0, ""29"": 8.0, ""30"": 7.0, ""31"": 3.0, ""33"": 8.0, ""34"": 4.0, ""35"": 0.079136465, ""36"": 0.055395526, ""37"": 0.079970635, ""38"": 0.002729091, ""39"": 4.187055668, ""40"": 11.68147436, ""42"": 88.341901, ""43"": 0.496230519, ""44"": 0.025351224, ""45"": 0.045560976, ""46"": 0.029774098, ""47"": 17.0, ""48"": 8.0, ""49"": 4.0, ""50"": 3.0, ""51"": 1.0, ""53"": 11.85890091, ""54"": 2.0, ""55"": 1.0, ""56"": 0.039539622, ""57"": 0.001222875, ""58"": 15.56261481, ""60"": 7.449417249, ""61"": 5.843627692, ""62"": 0.061636001, ""63"": 0.001950074, ""66"": 0.345932267, ""67"": 0.097266298, ""68"": 0.443198565, ""70"": 0.159128843, ""71"": 0.054469127, ""72"": 0.213597969, ""73"": 0.213597969, ""210"": 15.11764706}","{""23"": 25.0, ""24"": 93.0, ""27"": 17.0, ""28"": 7.0, ""29"": 3.0, ""30"": 2.0, ""33"": 3.0, ""34"": 1.0, ""39"": 3.72, ""40"": 6.2, ""41"": 11.0, ""42"": 57.0, ""47"": 9.0, ""48"": 3.0, ""53"": 11.0, ""58"": 12.0, ""59"": 58.0, ""60"": 5.18181818, ""61"": 3.8, ""107"": 4.0, ""108"": 9.0, ""109"": 13.0, ""110"": 2.0, ""114"": 414.0, ""116"": 37.0, ""117"": 12.0, ""155"": 7.0, ""156"": 8.0, ""210"": 15.0, ""212"": 5.0, ""213"": 2.0}",2026-08-24T23:49:57-04:00
Ryan Tannehill,14876,QB,TEN,QUESTIONABLE,295.319444,186.4,351.30868989,309.0,169.64370437956205,11.143709284086876,,,"{""0"": 513.1815503, ""1"": 336.2809976, ""2"": 176.9005527, ""3"": 3628.306319, ""4"": 22.15418549, ""5"": 725.0, ""6"": 362.0, ""7"": 181.0, ""8"": 145.0, ""9"": 72.0, ""10"": 36.0, ""11"": 67.0, ""12"": 33.0, ""15"": 2.815282846, ""16"": 1.83978734, ""17"": 2.509690222, ""18"": 0.338993344, ""19"": 1.131598055, ""20"": 13.92931697, ""21"": 0.655286608, ""22"": 226.7691449, ""23"": 51.77893783, ""24"": 245.2775463, ""25"": 4.39509862, ""26"": 0.137019744, ""27"": 49.0, ""28"": 24.0, ""29"": 12.0, ""30"": 9.0, ""31"": 4.0, ""33"": 10.0, ""34"": 5.0, ""35"": 0.097800889, ""36"": 0.068460622, ""37"": 0.163326066, ""38"": 0.005573692, ""39"": 4.737013864, ""40"": 15.32984665, ""62"": 1.268617798, ""63"": 0.037637683, ""64"": 40.92363172, ""65"": 7.822991214, ""66"": 0.73102759, ""68"": 8.554018803, ""69"": 3.755035783, ""70"": 0.336272691, ""72"": 4.091308474, ""73"": 18.02062544, ""210"": 16.0}","{""0"": 325.0, ""1"": 212.0, ""2"": 113.0, ""3"": 2536.0, ""4"": 13.0, ""5"": 503.0, ""6"": 249.0, ""7"": 121.0, ""8"": 96.0, ""9"": 45.0, ""10"": 19.0, ""11"": 38.0, ""12"": 16.0, ""13"": 17.0, ""14"": 5.0, ""15"": 1.0, ""16"": 1.0, ""17"": 1.0, ""19"": 1.0, ""20"": 6.0, ""21"": 0.65230769, ""22"": 211.33333333, ""23"": 34.0, ""24"": 98.0, ""25"": 2.0, ""27"": 15.0, ""28"": 5.0, ""29"": 1.0, ""30"": 1.0, ""33"": 1.0, ""39"": 2.88235294, ""40"": 8.16666667, ""64"": 33.0, ""65"": 2.0, ""66"": 1.0, ""68"": 3.0, ""69"": 1.0, ""70"": 1.0, ""72"": 2.0, ""73"": 8.0, ""108"": 2.0, ""109"": 2.0, ""155"": 6.0, ""156"": 6.0, ""158"": 90.0, ""175"": 6.0, ""176"": 4.0, ""177"": 2.0, ""179"": 2.0, ""210"": 12.0, ""211"": 114.0, ""212"": 12.0}",2026-08-24T23:49:57-04:00
Panthers D/ST,-16029,D/ST,CAR,,75.2550439,93.0,88.86275005,67.0,168.95019689599258,11.039592340593234,,,"{""90"": 0.839506173, ""91"": 1.679012346, ""92"": 3.148148148, ""93"": 0.063680977, ""94"": 1.837048567, ""95"": 13.13512845, ""96"": 8.165074984, ""97"": 1.102656662, ""98"": 0.121089897, ""99"": 39.5547298, ""100"": 79.1094596, ""101"": 0.233943817, ""102"": 0.289666105, ""103"": 1.308452147, ""104"": 0.52859642, ""105"": 2.424339466, ""106"": 12.56165382, ""109"": 1058.848737, ""110"": 352.0, ""111"": 211.0, ""113"": 72.08640887, ""114"": 779.1324201, ""115"": 237.4618421, ""116"": 77.0, ""117"": 31.0, ""118"": 23.0, ""119"": 9.0, ""120"": 401.5411019, ""121"": 1.679012346, ""122"": 3.358024691, ""123"": 3.148148148, ""124"": 2.518518519, ""125"": 0.62962963, ""126"": 23.62006482, ""127"": 5897.73183, ""129"": 0.419753086, ""130"": 4.617283951, ""131"": 4.827160494, ""132"": 3.987654321, ""133"": 1.259259259, ""134"": 1.469135802, ""135"": 0.209876543, ""136"": 0.209876543, ""137"": 346.9254018, ""160"": -401.5411019, ""210"": 17.0}","{""89"": 0.0, ""90"": 1.0, ""91"": 3.0, ""92"": 2.0, ""94"": 3.0, ""95"": 10.0, ""96"": 7.0, ""97"": 5.0, ""99"": 35.0, ""100"": 70.0, ""103"": 2.0, ""104"": 1.0, ""105"": 3.0, ""106"": 9.0, ""107"": 435.0, ""108"": 733.0, ""109"": 1168.0, ""110"": 383.0, ""111"": 228.0, ""112"": 86.0, ""113"": 62.0, ""114"": 747.0, ""115"": 216.0, ""116"": 68.0, ""117"": 23.0, ""118"": 17.0, ""119"": 3.0, ""120"": 362.0, ""121"": 1.0, ""122"": 6.0, ""123"": 3.0, ""124"": 1.0, ""127"": 5953.0, ""128"": 0.0, ""129"": 0.0, ""130"": 4.0, ""131"": 5.0, ""132"": 4.0, ""133"": 2.0, ""134"": 2.0, ""135"": 0.0, ""136"": 0.0, ""155"": 7.0, ""156"": 10.0, ""187"": 362.0, ""188"": 0.0, ""189"": 1.0, ""190"": 3.0, ""191"": 2.0, ""192"": 1.0, ""193"": 6.0, ""194"": 3.0, ""195"": 1.0, ""210"": 17.0}",2026-08-24T23:49:57-04:00
Andy Dalton,14012,QB,CAR,ACTIVE,36.32506982,209.2,45.95862004,99.6,169.55839416058393,10.965780184513783,,,"{""0"": 65.65916679, ""1"": 42.06995956, ""2"": 23.58920723, ""3"": 450.8188039, ""4"": 3.09344326, ""5"": 90.0, ""6"": 45.0, ""7"": 22.0, ""8"": 18.0, ""9"": 9.0, ""10"": 4.0, ""11"": 8.0, ""12"": 4.0, ""15"": 0.348041894, ""16"": 0.227445378, ""17"": 0.307110856, ""18"": 0.041482624, ""19"": 0.184630817, ""20"": 2.051867347, ""21"": 0.640732461, ""22"": 112.704701, ""23"": 6.595866905, ""24"": 27.50319509, ""25"": 0.239990784, ""26"": 0.011700561, ""27"": 5.0, ""28"": 2.0, ""29"": 1.0, ""30"": 1.0, ""33"": 1.0, ""35"": 0.012465247, ""36"": 0.008725673, ""37"": 0.016391594, ""38"": 0.000559382, ""39"": 4.169761987, ""40"": 6.875798772, ""62"": 0.196331378, ""63"": 0.0032878, ""64"": 4.86870806, ""65"": 0.68332207, ""66"": 0.063905249, ""68"": 0.747227319, ""69"": 0.327994593, ""70"": 0.029396415, ""72"": 0.357391008, ""73"": 2.409258355, ""210"": 4.0}","{""0"": 378.0, ""1"": 252.0, ""2"": 126.0, ""3"": 2871.0, ""4"": 18.0, ""5"": 569.0, ""6"": 282.0, ""7"": 138.0, ""8"": 109.0, ""9"": 52.0, ""10"": 22.0, ""11"": 46.0, ""12"": 19.0, ""13"": 20.0, ""14"": 6.0, ""15"": 3.0, ""16"": 2.0, ""17"": 1.0, ""19"": 1.0, ""20"": 9.0, ""21"": 0.66666667, ""22"": 205.07142857, ""23"": 30.0, ""24"": 54.0, ""27"": 9.0, ""28"": 4.0, ""29"": 2.0, ""33"": 1.0, ""39"": 1.8, ""40"": 3.85714286, ""64"": 25.0, ""65"": 6.0, ""66"": 1.0, ""68"": 5.0, ""69"": 1.0, ""72"": 1.0, ""73"": 10.0, ""107"": 1.0, ""109"": 1.0, ""155"": 6.0, ""156"": 8.0, ""158"": 108.0, ""175"": 5.0, ""176"": 6.0, ""177"": 2.0, ""178"": 2.0, ""210"": 14.0, ""211"": 131.0, ""212"": 4.0}",2026-08-24T23:49:57-04:00
Irv Smith Jr.,4040980,TE,MIN,ACTIVE,119.02819216,42.7,0.0,0.0,164.60515510948906,10.636295636687445,,,"{""42"": 526.4850543, ""43"": 6.601182103, ""44"": 0.378990039, ""45"": 0.105377635, ""46"": 0.068864284, ""47"": 105.0, ""48"": 52.0, ""49"": 26.0, ""50"": 21.0, ""51"": 10.0, ""53"": 53.53524858, ""54"": 10.0, ""55"": 5.0, ""56"": 0.441496618, ""57"": 0.013654535, ""58"": 75.46211371, ""60"": 9.834362749, ""61"": 32.7847836, ""62"": 0.378990039, ""63"": 0.002958255, ""67"": 0.672330583, ""68"": 0.672330583, ""71"": 0.376505127, ""72"": 0.376505127, ""73"": 0.376505127, ""210"": 16.05882353}","{""41"": 25.0, ""42"": 182.0, ""43"": 2.0, ""47"": 33.0, ""48"": 15.0, ""49"": 6.0, ""50"": 4.0, ""53"": 25.0, ""54"": 1.0, ""58"": 36.0, ""59"": 91.0, ""60"": 7.28, ""61"": 22.75, ""67"": 1.0, ""68"": 1.0, ""108"": 1.0, ""109"": 1.0, ""155"": 7.0, ""156"": 1.0, ""158"": 12.0, ""183"": 2.0, ""210"": 8.0, ""213"": 9.0}",2026-08-24T23:49:57-04:00
Greg Zuerlein,14993,K,NYJ,ACTIVE,122.32142587,132.0,128.75044767,134.0,169.01313061506565,10.541390830276075,,,"{""74"": 3.413026886, ""75"": 5.523021684, ""76"": 2.109994798, ""77"": 7.85038334, ""78"": 10.38460365, ""79"": 2.534220305, ""80"": 16.16820472, ""81"": 17.1643608, ""82"": 0.996156083, ""83"": 27.43161495, ""84"": 33.07198613, ""85"": 5.640371185, ""86"": 30.99051511, ""87"": 33.46839114, ""88"": 2.477876022, ""198"": 3.413026886, ""199"": 5.523021684, ""200"": 2.109994798, ""210"": 17.0}","{""74"": 6.0, ""75"": 11.0, ""76"": 5.0, ""77"": 9.0, ""78"": 11.0, ""79"": 2.0, ""80"": 15.0, ""81"": 15.0, ""83"": 30.0, ""84"": 37.0, ""85"": 7.0, ""86"": 28.0, ""87"": 29.0, ""88"": 1.0, ""108"": 1.0, ""109"": 1.0, ""155"": 7.0, ""156"": 10.0, ""158"": 118.0, ""198"": 5.0, ""199"": 10.0, ""200"": 5.0, ""201"": 1.0, ""202"": 1.0, ""210"": 17.0, ""214"": 1195.0, ""215"": 366.0, ""216"": 1561.0, ""217"": 233.0, ""218"": 110.0, ""219"": 51.0, ""220"": 41.0, ""221"": 15.0, ""222"": 4.0, ""223"": 71.0, ""224"": 33.0, ""225"": 14.0, ""226"": 12.0, ""227"": 5.0, ""229"": 307.0, ""230"": 149.0, ""231"": 70.0, ""232"": 54.0, ""233"": 22.0, ""234"": 8.0}",2026-08-24T23:49:57-04:00
Austin Hooper,3043275,TE,TEN,ACTIVE,100.53018447,76.9,109.672021,73.5,169.08690693430657,10.412994208008058,,,"{""42"": 496.7521033, ""43"": 4.265698602, ""44"": 0.217852849, ""45"": 0.085879685, ""46"": 0.056122374, ""47"": 99.0, ""48"": 49.0, ""49"": 24.0, ""50"": 19.0, ""51"": 9.0, ""53"": 50.60836224, ""54"": 10.0, ""55"": 5.0, ""56"": 0.379845655, ""57"": 0.011747804, ""58"": 74.57527618, ""60"": 9.815613099, ""61"": 32.85908855, ""62"": 0.217852849, ""63"": 0.001882195, ""67"": 0.427771688, ""68"": 0.427771688, ""71"": 0.239552146, ""72"": 0.239552146, ""73"": 0.239552146, ""210"": 15.11764706}","{""41"": 41.0, ""42"": 444.0, ""43"": 2.0, ""47"": 82.0, ""48"": 36.0, ""49"": 14.0, ""50"": 10.0, ""51"": 2.0, ""53"": 41.0, ""54"": 2.0, ""58"": 60.0, ""59"": 134.0, ""60"": 10.82926829, ""61"": 26.11764706, ""108"": 1.0, ""109"": 1.0, ""155"": 7.0, ""156"": 10.0, ""158"": 12.0, ""183"": 1.0, ""184"": 1.0, ""210"": 17.0, ""213"": 30.0}",2026-08-24T23:49:57-04:00
J.D. McKissic,2572861,RB,FA,QUESTIONABLE,119.14172512,42.3,119.88019505,106.4,169.16253628041974,10.305426049990967,,,"{""23"": 69.4778772, ""24"": 308.3912513, ""25"": 2.444446035, ""26"": 0.151082417, ""27"": 61.0, ""28"": 30.0, ""29"": 15.0, ""30"": 12.0, ""31"": 6.0, ""33"": 13.0, ""34"": 6.0, ""35"": 0.132408594, ""36"": 0.092686015, ""37"": 0.253075712, ""38"": 0.008636503, ""39"": 4.43869709, ""40"": 20.39942129, ""42"": 396.3713729, ""43"": 1.456246985, ""44"": 0.13046607, ""45"": 0.054424733, ""46"": 0.035566563, ""47"": 79.0, ""48"": 39.0, ""49"": 19.0, ""50"": 15.0, ""51"": 7.0, ""53"": 50.91833409, ""54"": 10.0, ""55"": 5.0, ""56"": 0.218776079, ""57"": 0.00676627, ""58"": 66.32940933, ""60"": 7.784452887, ""61"": 26.21911805, ""62"": 0.281548487, ""63"": 0.003332941, ""66"": 0.43712808, ""67"": 0.320358574, ""68"": 0.757486654, ""70"": 0.201078917, ""71"": 0.179400801, ""72"": 0.380479718, ""73"": 0.380479718, ""210"": 15.11764706}","{""23"": 22.0, ""24"": 95.0, ""27"": 16.0, ""28"": 6.0, ""29"": 3.0, ""30"": 1.0, ""33"": 1.0, ""39"": 4.31818182, ""40"": 11.875, ""41"": 27.0, ""42"": 173.0, ""44"": 1.0, ""47"": 32.0, ""48"": 15.0, ""49"": 5.0, ""50"": 4.0, ""51"": 1.0, ""53"": 27.0, ""54"": 3.0, ""58"": 40.0, ""59"": 152.0, ""60"": 6.40740741, ""61"": 21.625, ""108"": 1.0, ""109"": 1.0, ""155"": 4.0, ""156"": 4.0, ""158"": 2.0, ""210"": 8.0, ""212"": 5.0, ""213"": 7.0}",2026-08-24T23:49:57-04:00
DeVante Parker,2576623,WR,NE,ACTIVE,120.58685046,87.4,130.54595228,83.5,168.1418472063854,10.13867172772709,,,"{""42"": 707.228873, ""43"": 4.040111516, ""44"": 0.222314497, ""45"": 0.16095801, ""46"": 0.10518606, ""47"": 141.0, ""48"": 70.0, ""49"": 35.0, ""50"": 28.0, ""51"": 14.0, ""53"": 51.66920834, ""54"": 10.0, ""55"": 5.0, ""56"": 0.993856087, ""57"": 0.030737817, ""58"": 91.73064638, ""60"": 13.68762742, ""61"": 46.78167643, ""62"": 0.222314497, ""63"": 0.002576904, ""67"": 0.585659907, ""68"": 0.585659907, ""71"": 0.327969548, ""72"": 0.327969548, ""73"": 0.327969548, ""210"": 15.11764706}","{""41"": 31.0, ""42"": 539.0, ""43"": 3.0, ""47"": 102.0, ""48"": 48.0, ""49"": 22.0, ""50"": 16.0, ""51"": 7.0, ""52"": 1.0, ""53"": 31.0, ""54"": 2.0, ""56"": 1.0, ""58"": 47.0, ""59"": 105.0, ""60"": 17.38709677, ""61"": 41.46153846, ""108"": 1.0, ""109"": 1.0, ""155"": 6.0, ""156"": 7.0, ""158"": 18.0, ""183"": 1.0, ""185"": 2.0, ""210"": 13.0, ""213"": 24.0}",2026-08-24T23:49:57-04:00
Robbie Anderson,2574808,WR,FA,ACTIVE,130.89258497,42.2,174.43508824,112.0,167.80114025085518,10.064320255403059,,,"{""23"": 3.945233553, ""24"": 24.14314653, ""25"": 0.182416142, ""26"": 0.008430148, ""27"": 4.0, ""28"": 2.0, ""29"": 1.0, ""35"": 0.007250788, ""36"": 0.005075552, ""37"": 0.001336657, ""38"": 4.56e-05, ""39"": 6.119573456, ""40"": 1.503419381, ""42"": 775.7680489, ""43"": 3.957692603, ""44"": 0.276221726, ""45"": 0.179191402, ""46"": 0.117101581, ""47"": 155.0, ""48"": 77.0, ""49"": 38.0, ""50"": 31.0, ""51"": 15.0, ""53"": 52.23857447, ""54"": 10.0, ""55"": 5.0, ""56"": 1.279620675, ""57"": 0.039575897, ""58"": 97.99630228, ""60"": 14.85048275, ""61"": 48.30790048, ""62"": 0.284651874, ""63"": 0.002497589, ""66"": 0.039859314, ""67"": 0.527774514, ""68"": 0.567633828, ""70"": 0.018335284, ""71"": 0.295553728, ""72"": 0.313889012, ""73"": 0.313889012, ""210"": 16.05882353}","{""41"": 20.0, ""42"": 282.0, ""43"": 1.0, ""45"": 1.0, ""46"": 1.0, ""47"": 54.0, ""48"": 26.0, ""49"": 10.0, ""50"": 9.0, ""51"": 3.0, ""52"": 1.0, ""53"": 20.0, ""54"": 1.0, ""56"": 1.0, ""58"": 44.0, ""59"": 96.0, ""60"": 14.1, ""61"": 17.625, ""67"": 1.0, ""68"": 1.0, ""71"": 1.0, ""72"": 1.0, ""73"": 1.0, ""155"": 3.0, ""156"": 13.0, ""158"": 6.0, ""210"": 16.0, ""213"": 10.0}",2026-08-24T23:49:57-04:00
Daniel Bellinger,4361516,TE,NYG,ACTIVE,46.38924591,60.0,,,169.58941605839416,10.000712377560108,,,"{""42"": 246.9216097, ""43"": 1.653818162, ""44"": 0.098023043, ""45"": 0.116371581, ""46"": 0.076048828, ""47"": 49.0, ""48"": 24.0, ""49"": 12.0, ""50"": 9.0, ""51"": 4.0, ""53"": 23.76862566, ""54"": 4.0, ""55"": 2.0, ""56"": 0.094318455, ""57"": 0.002917066, ""58"": 34.54607836, ""60"": 10.38855226, ""61"": 15.37607093, ""62"": 0.098023043, ""63"": 0.001202862, ""67"": 0.273377633, ""68"": 0.273377633, ""71"": 0.153091474, ""72"": 0.153091474, ""73"": 0.153091474, ""210"": 16.05882353}","{""23"": 1.0, ""24"": 2.0, ""25"": 1.0, ""39"": 2.0, ""40"": 0.16666667, ""41"": 30.0, ""42"": 268.0, ""43"": 2.0, ""44"": 1.0, ""47"": 48.0, ""48"": 22.0, ""49"": 9.0, ""50"": 4.0, ""53"": 30.0, ""54"": 2.0, ""58"": 35.0, ""59"": 144.0, ""60"": 8.93333333, ""61"": 22.33333333, ""67"": 1.0, ""68"": 1.0, ""71"": 1.0, ""72"": 1.0, ""73"": 1.0, ""155"": 8.0, ""156"": 3.0, ""158"": 20.0, ""179"": 1.0, ""183"": 1.0, ""184"": 1.0, ""210"": 12.0, ""212"": 1.0, ""213"": 13.0}",2026-08-24T23:49:57-04:00
Mac Jones,4241464,QB,NE,ACTIVE,286.6477851,197.0,293.2452038,267.7,168.89484489051094,9.94112292914143,,,"{""0"": 543.6677909, ""1"": 353.721103, ""2"": 189.9466879, ""3"": 3853.66164, ""4"": 24.4540569, ""5"": 770.0, ""6"": 385.0, ""7"": 192.0, ""8"": 154.0, ""9"": 77.0, ""10"": 38.0, ""11"": 70.0, ""12"": 35.0, ""15"": 3.14434104, ""16"": 2.05482687, ""17"": 3.112146593, ""18"": 0.420369404, ""19"": 1.345034028, ""20"": 13.61859349, ""21"": 0.650619935, ""22"": 240.8538525, ""23"": 44.9010251, ""24"": 148.7746139, ""25"": 0.472922789, ""26"": 0.016535413, ""27"": 29.0, ""28"": 14.0, ""29"": 7.0, ""30"": 5.0, ""31"": 2.0, ""33"": 8.0, ""34"": 4.0, ""35"": 0.084481866, ""36"": 0.059137306, ""37"": 0.059646302, ""38"": 0.002035499, ""39"": 3.313390141, ""40"": 9.298413366, ""62"": 1.361569441, ""63"": 0.033455575, ""64"": 35.23671195, ""65"": 7.056243044, ""66"": 0.547296738, ""68"": 7.603539782, ""69"": 3.386996661, ""70"": 0.251756499, ""72"": 3.638753161, ""73"": 17.25734665, ""210"": 16.0}","{""0"": 442.0, ""1"": 288.0, ""2"": 154.0, ""3"": 2997.0, ""4"": 14.0, ""5"": 594.0, ""6"": 295.0, ""7"": 144.0, ""8"": 112.0, ""9"": 52.0, ""10"": 24.0, ""11"": 52.0, ""12"": 25.0, ""13"": 24.0, ""14"": 11.0, ""15"": 3.0, ""17"": 2.0, ""19"": 1.0, ""20"": 11.0, ""21"": 0.65158371, ""22"": 214.07142857, ""23"": 47.0, ""24"": 102.0, ""25"": 1.0, ""27"": 18.0, ""28"": 7.0, ""29"": 2.0, ""30"": 1.0, ""33"": 4.0, ""39"": 2.17021277, ""40"": 7.28571429, ""64"": 34.0, ""65"": 3.0, ""66"": 2.0, ""68"": 5.0, ""69"": 1.0, ""72"": 1.0, ""73"": 12.0, ""155"": 6.0, ""156"": 8.0, ""158"": 90.0, ""175"": 8.0, ""177"": 1.0, ""178"": 2.0, ""179"": 1.0, ""210"": 14.0, ""211"": 127.0, ""212"": 12.0}",2026-08-24T23:49:57-04:00
Alec Pierce,4360078,WR,IND,ACTIVE,120.23134875,91.8,,,169.31790193842644,9.867303473413745,,,"{""42"": 675.9123163, ""43"": 4.55581682, ""44"": 0.275561065, ""45"": 0.207605225, ""46"": 0.135670015, ""47"": 135.0, ""48"": 67.0, ""49"": 33.0, ""50"": 27.0, ""51"": 13.0, ""53"": 50.7151988, ""54"": 10.0, ""55"": 5.0, ""56"": 0.874984895, ""57"": 0.027061389, ""58"": 82.28605651, ""60"": 13.32760853, ""61"": 42.08977794, ""62"": 0.275561065, ""63"": 0.002370914, ""67"": 0.538844048, ""68"": 0.538844048, ""71"": 0.301752667, ""72"": 0.301752667, ""73"": 0.301752667, ""210"": 16.05882353}","{""41"": 41.0, ""42"": 593.0, ""43"": 2.0, ""47"": 115.0, ""48"": 54.0, ""49"": 26.0, ""50"": 18.0, ""51"": 5.0, ""53"": 41.0, ""54"": 1.0, ""58"": 78.0, ""59"": 113.0, ""60"": 14.46341463, ""61"": 37.0625, ""67"": 1.0, ""68"": 1.0, ""155"": 4.0, ""156"": 11.0, ""158"": 12.0, ""184"": 1.0, ""186"": 1.0, ""210"": 16.0, ""213"": 25.0}",2026-08-24T23:49:57-04:00
Kenny Golladay,2974858,WR,FA,ACTIVE,123.87727985,17.1,177.48854662,70.6,169.45929304446977,9.473686456894331,,,"{""42"": 720.5703073, ""43"": 4.824041062, ""44"": 0.285917407, ""45"": 0.218061595, ""46"": 0.142503252, ""47"": 144.0, ""48"": 72.0, ""49"": 36.0, ""50"": 28.0, ""51"": 14.0, ""53"": 45.80823662, ""54"": 9.0, ""55"": 4.0, ""56"": 1.044912697, ""57"": 0.032316888, ""58"": 86.70728225, ""60"": 15.73014725, ""61"": 47.66418375, ""62"": 0.285917407, ""63"": 0.002356948, ""67"": 0.535669982, ""68"": 0.535669982, ""71"": 0.29997519, ""72"": 0.29997519, ""73"": 0.29997519, ""210"": 15.11764706}","{""41"": 6.0, ""42"": 81.0, ""43"": 1.0, ""47"": 15.0, ""48"": 7.0, ""49"": 3.0, ""50"": 2.0, ""53"": 6.0, ""58"": 17.0, ""59"": 11.0, ""60"": 13.5, ""61"": 6.75, ""155"": 6.0, ""156"": 6.0, ""158"": 6.0, ""185"": 1.0, ""210"": 12.0, ""213"": 4.0}",2026-08-24T23:49:57-04:00
Kenny Pickett,4240703,QB,PIT,ACTIVE,145.58676929,162.9,,,168.95369525547446,9.269575585392083,,,"{""0"": 317.136986, ""1"": 193.8178704, ""2"": 123.3191155, ""3"": 2129.861708, ""4"": 10.60794125, ""5"": 425.0, ""6"": 212.0, ""7"": 106.0, ""8"": 85.0, ""9"": 42.0, ""10"": 21.0, ""11"": 38.0, ""12"": 19.0, ""15"": 1.711843859, ""16"": 1.118689962, ""17"": 1.638103105, ""18"": 0.221264778, ""19"": 0.71441287, ""20"": 8.418748069, ""21"": 0.611148743, ""22"": 236.6513009, ""23"": 28.65884016, ""24"": 112.7342843, ""25"": 0.953183056, ""26"": 0.05241847, ""27"": 22.0, ""28"": 11.0, ""29"": 5.0, ""30"": 4.0, ""31"": 2.0, ""33"": 5.0, ""34"": 2.0, ""35"": 0.054105575, ""36"": 0.037873903, ""37"": 0.061169428, ""38"": 0.002087478, ""39"": 3.933665274, ""40"": 12.52603159, ""62"": 0.76683134, ""63"": 0.021839355, ""64"": 24.19019062, ""65"": 4.579021632, ""66"": 0.384468211, ""68"": 4.963489843, ""69"": 2.197930383, ""70"": 0.176855377, ""72"": 2.374785761, ""73"": 10.79353383, ""210"": 9.0}","{""0"": 389.0, ""1"": 245.0, ""2"": 144.0, ""3"": 2404.0, ""4"": 7.0, ""5"": 476.0, ""6"": 234.0, ""7"": 114.0, ""8"": 88.0, ""9"": 41.0, ""10"": 16.0, ""11"": 46.0, ""12"": 20.0, ""13"": 23.0, ""14"": 9.0, ""17"": 1.0, ""19"": 2.0, ""20"": 9.0, ""21"": 0.62982005, ""22"": 184.92307692, ""23"": 55.0, ""24"": 237.0, ""25"": 3.0, ""27"": 43.0, ""28"": 19.0, ""29"": 5.0, ""30"": 4.0, ""31"": 1.0, ""33"": 6.0, ""39"": 4.30909091, ""40"": 18.23076923, ""64"": 27.0, ""65"": 1.0, ""66"": 3.0, ""68"": 4.0, ""69"": 1.0, ""72"": 1.0, ""73"": 10.0, ""108"": 2.0, ""109"": 2.0, ""155"": 7.0, ""156"": 6.0, ""158"": 60.0, ""175"": 2.0, ""176"": 3.0, ""177"": 1.0, ""178"": 1.0, ""179"": 3.0, ""210"": 13.0, ""211"": 122.0, ""212"": 23.0}",2026-08-24T23:49:57-04:00
Jonathan Williams,2980077,RB,WSH,ACTIVE,17.35064751,22.7,0.0,18.7,169.85857664233578,8.951784330263518,,,"{""23"": 17.13825811, ""24"": 74.87074992, ""25"": 0.695178975, ""26"": 0.042962299, ""27"": 14.0, ""28"": 7.0, ""29"": 3.0, ""30"": 2.0, ""31"": 1.0, ""33"": 3.0, ""34"": 1.0, ""35"": 0.031953862, ""36"": 0.022367704, ""37"": 0.025443055, ""38"": 0.000868274, ""39"": 4.368632414, ""40"": 4.952539878, ""42"": 29.31351956, ""43"": 0.128902643, ""44"": 0.011548915, ""45"": 0.039291689, ""46"": 0.025677119, ""47"": 5.0, ""48"": 2.0, ""49"": 1.0, ""50"": 1.0, ""53"": 4.124136587, ""56"": 0.016067716, ""57"": 0.00049694, ""58"": 5.420483282, ""60"": 7.107795521, ""61"": 1.939026586, ""62"": 0.054511214, ""63"": 0.000841458, ""66"": 0.154146628, ""67"": 0.03709372, ""68"": 0.191240348, ""70"": 0.070907449, ""71"": 0.020772483, ""72"": 0.091679932, ""73"": 0.091679932, ""210"": 15.11764706}","{""23"": 37.0, ""24"": 152.0, ""27"": 28.0, ""28"": 13.0, ""29"": 5.0, ""30"": 3.0, ""33"": 4.0, ""34"": 1.0, ""39"": 4.10810811, ""40"": 11.69230769, ""41"": 7.0, ""42"": 40.0, ""47"": 6.0, ""48"": 2.0, ""49"": 1.0, ""50"": 1.0, ""53"": 7.0, ""58"": 10.0, ""59"": 38.0, ""60"": 5.71428571, ""61"": 3.07692308, ""107"": 1.0, ""108"": 3.0, ""109"": 4.0, ""114"": 19.0, ""116"": 1.0, ""155"": 4.0, ""156"": 8.0, ""210"": 13.0, ""212"": 6.0, ""213"": 2.0}",2026-08-24T23:49:57-04:00
Demarcus Robinson,3043116,WR,BAL,QUESTIONABLE,20.18271678,79.8,84.84213477,56.9,169.7776510832383,8.445727732393205,,,"{""42"": 107.6913957, ""43"": 0.7609558, ""44"": 0.06940453, ""45"": 0.109544077, ""46"": 0.071587054, ""47"": 21.0, ""48"": 10.0, ""49"": 5.0, ""50"": 4.0, ""51"": 2.0, ""53"": 9.69528168, ""54"": 1.0, ""56"": 0.045754062, ""57"": 0.001415074, ""58"": 15.29356337, ""60"": 11.10760875, ""61"": 6.706057605, ""62"": 0.06940453, ""63"": 0.000544529, ""67"": 0.123756687, ""68"": 0.123756687, ""71"": 0.069303745, ""72"": 0.069303745, ""73"": 0.069303745, ""210"": 16.05882353}","{""41"": 48.0, ""42"": 458.0, ""43"": 2.0, ""47"": 84.0, ""48"": 38.0, ""49"": 16.0, ""50"": 12.0, ""51"": 4.0, ""52"": 1.0, ""53"": 48.0, ""54"": 5.0, ""56"": 1.0, ""58"": 75.0, ""59"": 150.0, ""60"": 9.54166667, ""61"": 26.94117647, ""67"": 2.0, ""68"": 2.0, ""71"": 1.0, ""72"": 1.0, ""73"": 1.0, ""108"": 5.0, ""109"": 5.0, ""155"": 10.0, ""156"": 7.0, ""158"": 12.0, ""183"": 1.0, ""184"": 1.0, ""210"": 17.0, ""213"": 23.0}",2026-08-24T23:49:57-04:00
Jarrett Stidham,3892775,QB,DEN,ACTIVE,19.6617779,50.4,0.0,0.0,169.75912408759123,8.346241106490735,,,"{""0"": 36.06011203, ""1"": 22.94545224, ""2"": 13.11465979, ""3"": 241.0412751, ""4"": 1.809526319, ""5"": 48.0, ""6"": 24.0, ""7"": 12.0, ""8"": 9.0, ""9"": 4.0, ""10"": 2.0, ""11"": 4.0, ""12"": 2.0, ""15"": 0.196715842, ""16"": 0.128553803, ""17"": 0.194425039, ""18"": 0.026261725, ""19"": 0.077362598, ""20"": 1.114945953, ""21"": 0.636311174, ""22"": 120.5206376, ""23"": 2.439022649, ""24"": 9.096771754, ""25"": 0.131827044, ""26"": 0.004804229, ""27"": 1.0, ""35"": 0.004573841, ""36"": 0.003201689, ""37"": 0.003562845, ""38"": 0.000121586, ""39"": 3.729679082, ""40"": 4.548385877, ""62"": 0.082166827, ""63"": 0.001977803, ""64"": 2.889993916, ""65"": 0.423012115, ""66"": 0.02648866, ""68"": 0.449500775, ""69"": 0.203045815, ""70"": 0.012184784, ""72"": 0.215230599, ""73"": 1.330176552, ""210"": 2.0}","{""0"": 83.0, ""1"": 53.0, ""2"": 30.0, ""3"": 656.0, ""4"": 4.0, ""5"": 130.0, ""6"": 64.0, ""7"": 31.0, ""8"": 24.0, ""9"": 12.0, ""10"": 5.0, ""11"": 9.0, ""12"": 4.0, ""13"": 5.0, ""14"": 2.0, ""15"": 1.0, ""16"": 1.0, ""17"": 1.0, ""20"": 3.0, ""21"": 0.63855422, ""22"": 131.2, ""23"": 14.0, ""24"": 84.0, ""27"": 16.0, ""28"": 8.0, ""29"": 3.0, ""30"": 3.0, ""31"": 1.0, ""33"": 2.0, ""39"": 6.0, ""40"": 16.8, ""64"": 7.0, ""65"": 2.0, ""66"": 1.0, ""68"": 3.0, ""69"": 1.0, ""72"": 1.0, ""73"": 4.0, ""108"": 2.0, ""109"": 2.0, ""155"": 2.0, ""156"": 3.0, ""158"": 24.0, ""175"": 1.0, ""176"": 1.0, ""177"": 1.0, ""210"": 5.0, ""211"": 32.0, ""212"": 7.0}",2026-08-24T23:49:57-04:00
Jason Sanders,3124679,K,MIA,ACTIVE,111.39267061,129.0,136.59673315,107.0,168.3605964753728,8.332467129390372,,,"{""74"": 2.75634137, ""75"": 4.457793647, ""76"": 1.701452277, ""77"": 6.339259309, ""78"": 8.381719792, ""79"": 2.042460482, ""80"": 13.05476599, ""81"": 13.85386169, ""82"": 0.799095707, ""83"": 22.15036667, ""84"": 26.69337513, ""85"": 4.543008466, ""86"": 37.63263702, ""87"": 40.62597329, ""88"": 2.99333627, ""198"": 2.75634137, ""199"": 4.457793647, ""200"": 1.701452277, ""210"": 17.0}","{""74"": 2.0, ""75"": 6.0, ""76"": 4.0, ""77"": 12.0, ""78"": 13.0, ""79"": 1.0, ""80"": 12.0, ""81"": 13.0, ""82"": 1.0, ""83"": 26.0, ""84"": 32.0, ""85"": 6.0, ""86"": 41.0, ""87"": 44.0, ""88"": 3.0, ""108"": 1.0, ""109"": 1.0, ""155"": 9.0, ""156"": 8.0, ""158"": 119.0, ""198"": 2.0, ""199"": 6.0, ""200"": 4.0, ""210"": 17.0, ""214"": 1015.0, ""215"": 286.0, ""216"": 1301.0, ""217"": 198.0, ""218"": 97.0, ""219"": 46.0, ""220"": 33.0, ""221"": 13.0, ""222"": 4.0, ""223"": 54.0, ""224"": 26.0, ""225"": 11.0, ""226"": 10.0, ""227"": 4.0, ""229"": 254.0, ""230"": 124.0, ""231"": 59.0, ""232"": 45.0, ""233"": 19.0, ""234"": 7.0}",2026-08-24T23:49:57-04:00
Kenneth Gainwell,4371733,RB,PHI,ACTIVE,101.9636698,76.4,39.09007892,106.9,168.06523722627736,8.281372326231303,,,"{""23"": 80.806948, ""24"": 349.6477281, ""25"": 3.050480559, ""26"": 0.137736066, ""27"": 69.0, ""28"": 34.0, ""29"": 17.0, ""30"": 13.0, ""31"": 6.0, ""33"": 16.0, ""34"": 8.0, ""35"": 0.154723768, ""36"": 0.108306638, ""37"": 0.314013414, ""38"": 0.010716073, ""39"": 4.326951293, ""40"": 23.12844894, ""42"": 245.8949622, ""43"": 1.438835988, ""44"": 0.106470996, ""45"": 0.04820865, ""46"": 0.031504353, ""47"": 49.0, ""48"": 24.0, ""49"": 12.0, ""50"": 9.0, ""51"": 4.0, ""53"": 31.33305238, ""54"": 6.0, ""55"": 3.0, ""56"": 0.093840558, ""57"": 0.002902285, ""58"": 42.53236712, ""60"": 7.847781928, ""61"": 16.26542551, ""62"": 0.244207062, ""63"": 0.006650822, ""66"": 1.089207873, ""67"": 0.422342486, ""68"": 1.511550359, ""70"": 0.501035622, ""71"": 0.236511792, ""72"": 0.737547414, ""73"": 0.737547414, ""101"": 0.132276, ""114"": 408.0624, ""116"": 40.0, ""117"": 16.0, ""210"": 15.11764706}","{""23"": 53.0, ""24"": 240.0, ""25"": 4.0, ""27"": 44.0, ""28"": 17.0, ""29"": 6.0, ""30"": 3.0, ""33"": 5.0, ""39"": 4.52830189, ""40"": 14.11764706, ""41"": 23.0, ""42"": 169.0, ""47"": 30.0, ""48"": 11.0, ""49"": 3.0, ""50"": 2.0, ""53"": 23.0, ""58"": 29.0, ""59"": 141.0, ""60"": 7.34782609, ""61"": 9.94117647, ""155"": 14.0, ""156"": 3.0, ""158"": 24.0, ""179"": 3.0, ""180"": 1.0, ""210"": 17.0, ""212"": 17.0, ""213"": 7.0}",2026-08-24T23:49:57-04:00
Terrace Marshall Jr.,4362630,WR,CAR,ACTIVE,28.14215764,69.0,113.82326244,24.3,169.90581527936146,8.281354628218098,,,"{""42"": 160.5863408, ""43"": 0.873247796, ""44"": 0.060937612, ""45"": 0.112505344, ""46"": 0.073522242, ""47"": 32.0, ""48"": 16.0, ""49"": 8.0, ""50"": 6.0, ""51"": 3.0, ""53"": 13.84259314, ""54"": 2.0, ""55"": 1.0, ""56"": 0.0616031, ""57"": 0.001905251, ""58"": 22.64551241, ""60"": 11.6008857, ""61"": 9.999882031, ""62"": 0.060937612, ""63"": 0.000782316, ""67"": 0.17779912, ""68"": 0.17779912, ""71"": 0.099567507, ""72"": 0.099567507, ""73"": 0.099567507, ""210"": 16.05882353}","{""41"": 28.0, ""42"": 490.0, ""43"": 1.0, ""47"": 94.0, ""48"": 44.0, ""49"": 18.0, ""50"": 15.0, ""51"": 5.0, ""53"": 28.0, ""58"": 47.0, ""59"": 132.0, ""60"": 17.5, ""61"": 35.0, ""67"": 2.0, ""68"": 2.0, ""108"": 1.0, ""109"": 1.0, ""155"": 6.0, ""156"": 8.0, ""158"": 6.0, ""185"": 1.0, ""210"": 14.0, ""213"": 23.0}",2026-08-24T23:49:57-04:00
Jaylen Warren,4569987,RB,PIT,ACTIVE,30.61439299,79.3,,,169.92130474452554,8.19011145732266,,,"{""23"": 38.41779397, ""24"": 158.6030661, ""25"": 1.023036717, ""26"": 0.056308133, ""27"": 31.0, ""28"": 15.0, ""29"": 7.0, ""30"": 6.0, ""31"": 3.0, ""33"": 7.0, ""34"": 3.0, ""35"": 0.071941784, ""36"": 0.050359249, ""37"": 0.064529257, ""38"": 0.002202136, ""39"": 4.128375153, ""40"": 10.4912534, ""42"": 44.36576465, ""43"": 0.199129167, ""44"": 0.013427262, ""45"": 0.036536393, ""46"": 0.023876533, ""47"": 8.0, ""48"": 4.0, ""49"": 2.0, ""50"": 1.0, ""53"": 6.387222891, ""54"": 1.0, ""56"": 0.022915631, ""57"": 0.000708731, ""58"": 8.432965042, ""60"": 6.946017919, ""61"": 2.934700386, ""62"": 0.069735394, ""63"": 0.001616953, ""66"": 0.315101426, ""67"": 0.052387783, ""68"": 0.367489209, ""70"": 0.144946656, ""71"": 0.029337158, ""72"": 0.174283814, ""73"": 0.174283814, ""210"": 15.11764706}","{""23"": 77.0, ""24"": 379.0, ""25"": 1.0, ""27"": 71.0, ""28"": 31.0, ""29"": 11.0, ""30"": 9.0, ""31"": 2.0, ""33"": 9.0, ""34"": 2.0, ""39"": 4.92207792, ""40"": 23.6875, ""41"": 28.0, ""42"": 214.0, ""47"": 37.0, ""48"": 15.0, ""49"": 5.0, ""50"": 3.0, ""53"": 28.0, ""58"": 33.0, ""59"": 225.0, ""60"": 7.64285714, ""61"": 13.375, ""66"": 1.0, ""68"": 1.0, ""107"": 1.0, ""108"": 4.0, ""109"": 5.0, ""155"": 8.0, ""156"": 8.0, ""158"": 6.0, ""179"": 1.0, ""210"": 16.0, ""212"": 21.0, ""213"": 14.0}",2026-08-24T23:49:57-04:00
Rex Burkhead,15971,RB,HOU,ACTIVE,107.57865592,52.9,32.20004827,91.8,169.601049270073,8.054635137384563,,,"{""23"": 88.77292996, ""24"": 345.5463038, ""25"": 2.741346971, ""26"": 0.14423395, ""27"": 69.0, ""28"": 34.0, ""29"": 17.0, ""30"": 13.0, ""31"": 6.0, ""33"": 17.0, ""34"": 8.0, ""35"": 0.170684478, ""36"": 0.119479135, ""37"": 0.306557373, ""38"": 0.010461627, ""39"": 3.892473798, ""40"": 24.37463554, ""42"": 284.859799, ""43"": 1.720782797, ""44"": 0.101707097, ""45"": 0.053287421, ""46"": 0.03482333, ""47"": 56.0, ""48"": 28.0, ""49"": 14.0, ""50"": 11.0, ""51"": 5.0, ""53"": 36.57585635, ""54"": 7.0, ""55"": 3.0, ""56"": 0.115515913, ""57"": 0.003572657, ""58"": 47.86912561, ""60"": 7.788192196, ""61"": 20.09384474, ""62"": 0.245941048, ""63"": 0.004562735, ""66"": 0.734400467, ""67"": 0.302584651, ""68"": 1.036985118, ""70"": 0.337824215, ""71"": 0.169447404, ""72"": 0.507271619, ""73"": 0.507271619, ""210"": 14.17647059}","{""0"": 1.0, ""2"": 1.0, ""23"": 26.0, ""24"": 80.0, ""27"": 14.0, ""28"": 5.0, ""29"": 2.0, ""30"": 1.0, ""33"": 2.0, ""34"": 1.0, ""39"": 3.07692308, ""40"": 5.0, ""41"": 37.0, ""42"": 204.0, ""43"": 1.0, ""47"": 36.0, ""48"": 14.0, ""49"": 4.0, ""50"": 3.0, ""53"": 37.0, ""54"": 3.0, ""58"": 51.0, ""59"": 204.0, ""60"": 5.51351351, ""61"": 12.75, ""63"": 1.0, ""108"": 2.0, ""109"": 2.0, ""155"": 3.0, ""156"": 12.0, ""158"": 6.0, ""183"": 1.0, ""210"": 16.0, ""212"": 4.0, ""213"": 8.0}",2026-08-24T23:49:57-04:00
K.J. Osborn,3916566,WR,MIN,ACTIVE,112.13093377,125.6,15.84081209,133.5,168.6499218575575,8.027796279344772,,,"{""42"": 626.0507195, ""43"": 4.008453132, ""44"": 0.229994844, ""45"": 0.169401002, ""46"": 0.110703555, ""47"": 125.0, ""48"": 62.0, ""49"": 31.0, ""50"": 25.0, ""51"": 12.0, ""53"": 49.17790664, ""54"": 9.0, ""55"": 4.0, ""56"": 0.709591496, ""57"": 0.021946129, ""58"": 80.18652279, ""60"": 12.7303247, ""61"": 38.98484334, ""62"": 0.229994844, ""63"": 0.003920557, ""67"": 0.891035692, ""68"": 0.891035692, ""71"": 0.498979988, ""72"": 0.498979988, ""73"": 0.498979988, ""102"": 0.23736, ""115"": 211.56, ""118"": 21.0, ""119"": 8.0, ""210"": 16.05882353}","{""23"": 3.0, ""24"": 6.0, ""27"": 1.0, ""39"": 2.0, ""40"": 0.35294118, ""41"": 60.0, ""42"": 650.0, ""43"": 5.0, ""47"": 123.0, ""48"": 55.0, ""49"": 22.0, ""50"": 18.0, ""51"": 7.0, ""52"": 2.0, ""53"": 60.0, ""54"": 7.0, ""55"": 1.0, ""56"": 2.0, ""58"": 90.0, ""59"": 300.0, ""60"": 10.83333333, ""61"": 38.23529412, ""67"": 1.0, ""68"": 1.0, ""155"": 13.0, ""156"": 4.0, ""158"": 30.0, ""183"": 3.0, ""184"": 1.0, ""185"": 1.0, ""210"": 17.0, ""212"": 2.0, ""213"": 32.0}",2026-08-24T23:49:57-04:00
Carson Wentz,2573079,QB,FA,ACTIVE,301.65005994,134.0,279.42964341,310.9,169.625,7.7565305691678414,,,"{""0"": 526.7511075, ""1"": 337.8004563, ""2"": 188.9506512, ""3"": 3753.322458, ""4"": 24.17435978, ""5"": 750.0, ""6"": 375.0, ""7"": 187.0, ""8"": 150.0, ""9"": 75.0, ""10"": 37.0, ""11"": 67.0, ""12"": 33.0, ""15"": 2.994838521, ""16"": 1.957126973, ""17"": 2.823022386, ""18"": 0.381316304, ""19"": 2.165525282, ""20"": 10.28560987, ""21"": 0.641290453, ""22"": 234.5826536, ""23"": 55.07757642, ""24"": 216.1654297, ""25"": 1.641566059, ""26"": 0.101480842, ""27"": 43.0, ""28"": 21.0, ""29"": 10.0, ""30"": 8.0, ""31"": 4.0, ""33"": 11.0, ""34"": 5.0, ""35"": 0.104223358, ""36"": 0.072956351, ""37"": 0.126656296, ""38"": 0.004322293, ""39"": 3.924744765, ""40"": 13.51033936, ""62"": 2.267006124, ""63"": 0.040597787, ""64"": 36.62460362, ""65"": 8.405061526, ""66"": 0.821708159, ""68"": 9.226769685, ""69"": 4.034429532, ""70"": 0.377985753, ""72"": 4.412415286, ""73"": 14.69802515, ""210"": 16.0}","{""0"": 276.0, ""1"": 172.0, ""2"": 104.0, ""3"": 1755.0, ""4"": 11.0, ""5"": 347.0, ""6"": 172.0, ""7"": 83.0, ""8"": 65.0, ""9"": 31.0, ""10"": 14.0, ""11"": 33.0, ""12"": 14.0, ""13"": 17.0, ""14"": 7.0, ""15"": 2.0, ""16"": 1.0, ""17"": 3.0, ""19"": 2.0, ""20"": 9.0, ""21"": 0.62318841, ""22"": 219.375, ""23"": 22.0, ""24"": 86.0, ""25"": 1.0, ""27"": 15.0, ""28"": 6.0, ""29"": 2.0, ""33"": 2.0, ""39"": 3.90909091, ""40"": 10.75, ""64"": 26.0, ""65"": 4.0, ""66"": 2.0, ""68"": 6.0, ""69"": 1.0, ""72"": 1.0, ""73"": 10.0, ""108"": 1.0, ""109"": 1.0, ""155"": 2.0, ""156"": 6.0, ""158"": 72.0, ""175"": 3.0, ""176"": 2.0, ""177"": 3.0, ""178"": 1.0, ""179"": 1.0, ""210"": 8.0, ""211"": 83.0, ""212"": 4.0}",2026-08-24T23:49:57-04:00
Michael Badgley,3123052,K,DET,ACTIVE,0.0,114.0,114.92054213,98.0,169.63009910117538,7.479284076448062,,,{},"{""74"": 2.0, ""75"": 3.0, ""76"": 1.0, ""77"": 9.0, ""78"": 11.0, ""79"": 2.0, ""80"": 13.0, ""81"": 14.0, ""82"": 1.0, ""83"": 24.0, ""84"": 28.0, ""85"": 4.0, ""86"": 33.0, ""87"": 33.0, ""155"": 8.0, ""156"": 5.0, ""158"": 105.0, ""198"": 2.0, ""199"": 3.0, ""200"": 1.0, ""210"": 13.0, ""214"": 883.0, ""215"": 176.0, ""216"": 1059.0, ""217"": 171.0, ""218"": 83.0, ""219"": 39.0, ""220"": 29.0, ""221"": 12.0, ""222"": 2.0, ""223"": 33.0, ""224"": 15.0, ""225"": 7.0, ""226"": 5.0, ""227"": 1.0, ""229"": 206.0, ""230"": 100.0, ""231"": 47.0, ""232"": 36.0, ""233"": 15.0, ""234"": 5.0}",2026-08-24T23:49:57-04:00
Logan Thomas,16813,TE,WSH,ACTIVE,94.31079274,57.8,144.25297972,44.6,169.86601161232693,7.324016802478401,,,"{""42"": 457.5092564, ""43"": 4.49651007, ""44"": 0.402868995, ""45"": 0.108562376, ""46"": 0.070945512, ""47"": 91.0, ""48"": 45.0, ""49"": 22.0, ""50"": 18.0, ""51"": 9.0, ""53"": 42.56640937, ""54"": 8.0, ""55"": 4.0, ""56"": 0.30667693, ""57"": 0.009484854, ""58"": 65.04579938, ""60"": 10.74812894, ""61"": 31.29841996, ""62"": 0.402868995, ""63"": 0.001996249, ""67"": 0.453692857, ""68"": 0.453692857, ""71"": 0.254068, ""72"": 0.254068, ""73"": 0.254068, ""210"": 14.61764706}","{""41"": 39.0, ""42"": 323.0, ""43"": 1.0, ""47"": 62.0, ""48"": 26.0, ""49"": 10.0, ""50"": 7.0, ""51"": 2.0, ""53"": 39.0, ""54"": 4.0, ""58"": 61.0, ""59"": 126.0, ""60"": 8.28205128, ""61"": 23.07142857, ""108"": 1.0, ""109"": 1.0, ""155"": 6.0, ""156"": 7.0, ""158"": 6.0, ""185"": 1.0, ""210"": 14.0, ""213"": 16.0}",2026-08-24T23:49:57-04:00
Greg Dortch,4037235,WR,ARI,ACTIVE,5.07185355,87.1,,,169.86522234891677,7.27257832423884,,,"{""23"": 0.482135571, ""24"": 3.120608948, ""25"": 0.022627028, ""26"": 0.000767658, ""35"": 0.000888134, ""36"": 0.000621694, ""37"": 0.000404115, ""38"": 1.38e-05, ""39"": 6.472471931, ""40"": 0.194323634, ""42"": 26.10442499, ""43"": 0.147579796, ""44"": 0.00821031, ""45"": 0.032615536, ""46"": 0.021314253, ""47"": 5.0, ""48"": 2.0, ""49"": 1.0, ""50"": 1.0, ""53"": 2.155817593, ""56"": 0.012013403, ""57"": 0.000371549, ""58"": 3.420511422, ""60"": 12.10882826, ""61"": 1.625550274, ""62"": 0.008977968, ""63"": 0.000149084, ""66"": 0.006192718, ""67"": 0.027690077, ""68"": 0.033882795, ""70"": 0.00284865, ""71"": 0.015506443, ""72"": 0.018355094, ""73"": 0.018355094, ""101"": 0.004899111, ""102"": 0.006593333, ""114"": 15.11342222, ""115"": 5.876666667, ""116"": 1.0, ""210"": 16.05882353}","{""23"": 7.0, ""24"": 44.0, ""27"": 8.0, ""28"": 3.0, ""29"": 1.0, ""30"": 1.0, ""39"": 6.28571429, ""40"": 2.75, ""41"": 52.0, ""42"": 467.0, ""43"": 2.0, ""47"": 91.0, ""48"": 43.0, ""49"": 19.0, ""50"": 15.0, ""51"": 6.0, ""52"": 1.0, ""53"": 52.0, ""54"": 5.0, ""55"": 1.0, ""56"": 1.0, ""58"": 64.0, ""59"": 293.0, ""60"": 8.98076923, ""61"": 29.1875, ""68"": 1.0, ""72"": 1.0, ""73"": 1.0, ""108"": 1.0, ""109"": 1.0, ""114"": 218.0, ""115"": 172.0, ""116"": 19.0, ""117"": 5.0, ""118"": 14.0, ""119"": 1.0, ""155"": 4.0, ""156"": 12.0, ""158"": 12.0, ""183"": 2.0, ""210"": 16.0, ""212"": 3.0, ""213"": 17.0}",2026-08-24T23:49:57-04:00
Isaiah Likely,4361050,TE,BAL,ACTIVE,66.64956881,73.3,,,169.34671532846716,7.086546956963409,,,"{""42"": 333.2207272, ""43"": 2.948169009, ""44"": 0.268928168, ""45"": 0.124744398, ""46"": 0.081520464, ""47"": 66.0, ""48"": 33.0, ""49"": 16.0, ""50"": 13.0, ""51"": 6.0, ""53"": 30.99992167, ""54"": 6.0, ""55"": 3.0, ""56"": 0.151530008, ""57"": 0.004686495, ""58"": 45.88069012, ""60"": 10.74908288, ""61"": 20.75000865, ""62"": 0.268928168, ""63"": 0.001568817, ""67"": 0.356549231, ""68"": 0.356549231, ""71"": 0.19966757, ""72"": 0.19966757, ""73"": 0.19966757, ""210"": 16.05882353}","{""41"": 36.0, ""42"": 373.0, ""43"": 3.0, ""47"": 69.0, ""48"": 32.0, ""49"": 13.0, ""50"": 10.0, ""51"": 3.0, ""52"": 1.0, ""53"": 36.0, ""54"": 2.0, ""56"": 1.0, ""58"": 60.0, ""59"": 151.0, ""60"": 10.36111111, ""61"": 23.3125, ""108"": 1.0, ""109"": 1.0, ""155"": 10.0, ""156"": 6.0, ""158"": 18.0, ""183"": 1.0, ""184"": 1.0, ""185"": 1.0, ""210"": 16.0, ""213"": 18.0}",2026-08-24T23:49:57-04:00
Falcons D/ST,-16001,D/ST,ATL,,58.17557763,73.0,91.85417773,32.0,169.4334028260366,7.073206777342787,,,"{""90"": 0.209876543, ""91"": 1.049382716, ""92"": 1.469135802, ""93"": 0.079420291, ""94"": 1.826535659, ""95"": 14.06823284, ""96"": 8.080606178, ""97"": 1.079782298, ""98"": 0.124602121, ""99"": 36.87711916, ""100"": 73.75423833, ""101"": 0.241132387, ""102"": 0.187824, ""103"": 1.287210479, ""104"": 0.53932518, ""105"": 2.334912337, ""106"": 12.43170181, ""109"": 1013.116627, ""110"": 337.0, ""111"": 202.0, ""113"": 82.99417208, ""114"": 735.0298794, ""115"": 197.37, ""116"": 73.0, ""117"": 29.0, ""118"": 19.0, ""119"": 7.0, ""120"": 422.279233, ""121"": 2.098765432, ""122"": 4.617283951, ""123"": 3.987654321, ""124"": 3.148148148, ""125"": 0.419753086, ""126"": 24.83995488, ""127"": 6037.34728, ""130"": 2.308641975, ""131"": 3.567901235, ""132"": 4.407407407, ""133"": 4.827160494, ""134"": 1.469135802, ""135"": 0.419753086, ""137"": 355.1380753, ""160"": -422.279233, ""210"": 17.0}","{""89"": 0.0, ""90"": 0.0, ""91"": 0.0, ""92"": 3.0, ""93"": 1.0, ""94"": 2.0, ""95"": 10.0, ""96"": 7.0, ""97"": 3.0, ""98"": 1.0, ""99"": 21.0, ""100"": 42.0, ""101"": 1.0, ""103"": 1.0, ""104"": 1.0, ""105"": 4.0, ""106"": 8.0, ""107"": 524.0, ""108"": 675.0, ""109"": 1199.0, ""110"": 394.0, ""111"": 235.0, ""112"": 56.0, ""113"": 69.0, ""114"": 634.0, ""115"": 292.0, ""116"": 56.0, ""117"": 19.0, ""118"": 24.0, ""119"": 6.0, ""120"": 386.0, ""121"": 7.0, ""122"": 4.0, ""123"": 2.0, ""124"": 1.0, ""127"": 6156.0, ""128"": 0.0, ""129"": 0.0, ""130"": 3.0, ""131"": 7.0, ""132"": 2.0, ""133"": 3.0, ""134"": 1.0, ""135"": 1.0, ""136"": 0.0, ""155"": 7.0, ""156"": 10.0, ""187"": 386.0, ""188"": 0.0, ""189"": 0.0, ""190"": 0.0, ""191"": 3.0, ""192"": 7.0, ""193"": 4.0, ""194"": 2.0, ""195"": 1.0, ""210"": 17.0}",2026-08-24T23:49:57-04:00
Zach Wilson,4361259,QB,NYJ,ACTIVE,243.34282192,109.9,282.54798263,169.1,167.76482664233578,6.707609689213894,,,"{""0"": 454.4683404, ""1"": 281.6787357, ""2"": 172.7896046, ""3"": 3094.839195, ""4"": 18.49887319, ""5"": 618.0, ""6"": 309.0, ""7"": 154.0, ""8"": 123.0, ""9"": 61.0, ""10"": 30.0, ""11"": 56.0, ""12"": 28.0, ""15"": 2.500286663, ""16"": 1.633937334, ""17"": 2.420833315, ""18"": 0.326991106, ""19"": 1.541254894, ""20"": 11.66335719, ""21"": 0.619798368, ""22"": 238.0645535, ""23"": 35.87541321, ""24"": 184.5602217, ""25"": 2.724284915, ""26"": 0.193546259, ""27"": 36.0, ""28"": 18.0, ""29"": 9.0, ""30"": 7.0, ""31"": 3.0, ""33"": 7.0, ""34"": 3.0, ""35"": 0.067471474, ""36"": 0.047230032, ""37"": 0.113605766, ""38"": 0.003876929, ""39"": 5.144476541, ""40"": 14.19694013, ""62"": 1.734801153, ""63"": 0.028474386, ""64"": 38.61388154, ""65"": 6.032539086, ""66"": 0.43891226, ""68"": 6.471451346, ""69"": 2.895618761, ""70"": 0.20189964, ""72"": 3.097518401, ""73"": 14.76087559, ""210"": 13.0}","{""0"": 242.0, ""1"": 132.0, ""2"": 110.0, ""3"": 1688.0, ""4"": 6.0, ""5"": 335.0, ""6"": 166.0, ""7"": 79.0, ""8"": 64.0, ""9"": 31.0, ""10"": 13.0, ""11"": 22.0, ""12"": 8.0, ""13"": 18.0, ""14"": 6.0, ""15"": 1.0, ""17"": 2.0, ""20"": 7.0, ""21"": 0.54545455, ""22"": 187.55555556, ""23"": 28.0, ""24"": 102.0, ""25"": 1.0, ""27"": 17.0, ""28"": 7.0, ""29"": 3.0, ""30"": 1.0, ""33"": 2.0, ""39"": 3.64285714, ""40"": 11.33333333, ""41"": 1.0, ""42"": 2.0, ""43"": 1.0, ""53"": 1.0, ""58"": 1.0, ""60"": 2.0, ""61"": 0.22222222, ""64"": 23.0, ""65"": 1.0, ""68"": 1.0, ""69"": 1.0, ""72"": 1.0, ""73"": 8.0, ""108"": 1.0, ""109"": 1.0, ""155"": 5.0, ""156"": 4.0, ""158"": 48.0, ""175"": 5.0, ""179"": 1.0, ""183"": 1.0, ""210"": 9.0, ""211"": 71.0, ""212"": 7.0, ""213"": 1.0}",2026-08-24T23:49:57-04:00
Cade Otton,4243331,TE,TB,ACTIVE,27.81042101,72.1,,,169.61040145985402,6.400625307835621,,,"{""42"": 140.550406, ""43"": 1.208246674, ""44"": 0.045984171, ""45"": 0.115506919, ""46"": 0.075483771, ""47"": 28.0, ""48"": 14.0, ""49"": 7.0, ""50"": 5.0, ""51"": 2.0, ""53"": 13.16709614, ""54"": 2.0, ""55"": 1.0, ""56"": 0.055569658, ""57"": 0.001718649, ""58"": 19.67874165, ""60"": 10.6743662, ""61"": 8.752223084, ""62"": 0.045984171, ""63"": 0.000666349, ""67"": 0.151442899, ""68"": 0.151442899, ""71"": 0.084808023, ""72"": 0.084808023, ""73"": 0.084808023, ""210"": 16.05882353}","{""41"": 42.0, ""42"": 391.0, ""43"": 2.0, ""47"": 72.0, ""48"": 32.0, ""49"": 14.0, ""50"": 9.0, ""51"": 2.0, ""53"": 42.0, ""54"": 3.0, ""58"": 65.0, ""59"": 174.0, ""60"": 9.30952381, ""61"": 24.4375, ""107"": 3.0, ""108"": 5.0, ""109"": 8.0, ""110"": 1.0, ""155"": 8.0, ""156"": 8.0, ""158"": 12.0, ""183"": 2.0, ""210"": 16.0, ""213"": 19.0}",2026-08-24T23:49:57-04:00
Chase McLaughlin,3150744,K,IND,ACTIVE,0.0,132.0,128.67303306,87.0,169.73278046533056,6.32479696072439,,,{},"{""74"": 9.0, ""75"": 12.0, ""76"": 3.0, ""77"": 9.0, ""78"": 11.0, ""79"": 2.0, ""80"": 12.0, ""81"": 13.0, ""82"": 1.0, ""83"": 30.0, ""84"": 36.0, ""85"": 6.0, ""86"": 21.0, ""87"": 21.0, ""155"": 4.0, ""156"": 12.0, ""158"": 111.0, ""198"": 9.0, ""199"": 12.0, ""200"": 3.0, ""210"": 16.0, ""214"": 1262.0, ""215"": 295.0, ""216"": 1557.0, ""217"": 247.0, ""218"": 121.0, ""219"": 58.0, ""220"": 43.0, ""221"": 17.0, ""222"": 4.0, ""223"": 56.0, ""224"": 26.0, ""225"": 11.0, ""226"": 9.0, ""227"": 3.0, ""229"": 305.0, ""230"": 150.0, ""231"": 71.0, ""232"": 55.0, ""233"": 23.0, ""234"": 6.0}",2026-08-24T23:49:57-04:00
Joshua Kelley,3910544,RB,LAC,ACTIVE,42.96991669,57.8,48.30001276,14.5,169.73152372262774,6.316085249260187,,,"{""23"": 54.68003702, ""24"": 219.4372632, ""25"": 1.899846705, ""26"": 0.13536167, ""27"": 43.0, ""28"": 21.0, ""29"": 10.0, ""30"": 8.0, ""31"": 4.0, ""33"": 10.0, ""34"": 5.0, ""35"": 0.103324616, ""36"": 0.072327231, ""37"": 0.125391181, ""38"": 0.00427912, ""39"": 4.013114752, ""40"": 14.51530535, ""42"": 48.21767841, ""43"": 0.257419913, ""44"": 0.019706005, ""45"": 0.036978579, ""46"": 0.024165501, ""47"": 9.0, ""48"": 4.0, ""49"": 2.0, ""50"": 1.0, ""53"": 7.187442647, ""54"": 1.0, ""56"": 0.024639029, ""57"": 0.000762032, ""58"": 9.141968988, ""60"": 6.708600093, ""61"": 3.189496237, ""62"": 0.155067674, ""63"": 0.002999623, ""66"": 0.602532283, ""67"": 0.079200133, ""68"": 0.681732417, ""70"": 0.27716485, ""71"": 0.044352075, ""72"": 0.321516925, ""73"": 0.321516925, ""210"": 15.11764706}","{""23"": 69.0, ""24"": 287.0, ""25"": 2.0, ""27"": 53.0, ""28"": 24.0, ""29"": 10.0, ""30"": 5.0, ""33"": 8.0, ""34"": 2.0, ""39"": 4.15942029, ""40"": 22.07692308, ""41"": 14.0, ""42"": 101.0, ""47"": 16.0, ""48"": 5.0, ""49"": 1.0, ""50"": 1.0, ""53"": 14.0, ""58"": 25.0, ""59"": 88.0, ""60"": 7.21428571, ""61"": 7.76923077, ""114"": 15.0, ""116"": 1.0, ""155"": 9.0, ""156"": 4.0, ""158"": 12.0, ""179"": 2.0, ""210"": 13.0, ""212"": 17.0, ""213"": 4.0}",2026-08-24T23:49:57-04:00
Eddy Pineiro,4034949,K,CAR,ACTIVE,125.53631412,144.0,0.0,38.0,169.67311679336558,6.142049744533306,,,"{""74"": 3.501893512, ""75"": 5.506027464, ""76"": 2.004133952, ""77"": 8.01306434, ""78"": 10.35265044, ""79"": 2.3395861, ""80"": 16.42727118, ""81"": 17.11154643, ""82"": 0.68427525, ""83"": 27.94222903, ""84"": 32.97022433, ""85"": 5.027995302, ""86"": 31.72077096, ""87"": 33.60212343, ""88"": 1.88135247, ""198"": 3.501893512, ""199"": 5.506027464, ""200"": 2.004133952, ""210"": 17.0}","{""74"": 2.0, ""75"": 2.0, ""77"": 13.0, ""78"": 14.0, ""79"": 1.0, ""80"": 18.0, ""81"": 19.0, ""82"": 1.0, ""83"": 33.0, ""84"": 35.0, ""85"": 2.0, ""86"": 30.0, ""87"": 32.0, ""88"": 2.0, ""107"": 1.0, ""109"": 1.0, ""155"": 7.0, ""156"": 10.0, ""158"": 129.0, ""198"": 2.0, ""199"": 2.0, ""210"": 17.0, ""214"": 1294.0, ""215"": 73.0, ""216"": 1367.0, ""217"": 250.0, ""218"": 123.0, ""219"": 57.0, ""220"": 45.0, ""221"": 19.0, ""222"": 8.0, ""223"": 14.0, ""224"": 7.0, ""225"": 3.0, ""226"": 2.0, ""229"": 266.0, ""230"": 131.0, ""231"": 61.0, ""232"": 48.0, ""233"": 21.0, ""234"": 9.0}",2026-08-24T23:49:57-04:00
Josh Reynolds,3115306,WR,DET,ACTIVE,48.37560004,84.9,66.091258,66.1,169.71379703534777,6.1015504600842725,,,"{""42"": 266.5149437, ""43"": 2.009008934, ""44"": 0.151021724, ""45"": 0.176726265, ""46"": 0.115490614, ""47"": 53.0, ""48"": 26.0, ""49"": 13.0, ""50"": 10.0, ""51"": 5.0, ""53"": 19.28338262, ""54"": 3.0, ""55"": 1.0, ""56"": 0.182045014, ""57"": 0.005630258, ""58"": 33.24750984, ""60"": 13.82096435, ""61"": 16.59616865, ""62"": 0.151021724, ""63"": 0.001075182, ""67"": 0.244359546, ""68"": 0.244359546, ""71"": 0.136841346, ""72"": 0.136841346, ""73"": 0.136841346, ""210"": 16.05882353}","{""41"": 38.0, ""42"": 479.0, ""43"": 3.0, ""47"": 91.0, ""48"": 42.0, ""49"": 17.0, ""50"": 14.0, ""51"": 4.0, ""53"": 38.0, ""54"": 4.0, ""58"": 59.0, ""59"": 115.0, ""60"": 12.60526316, ""61"": 34.21428571, ""108"": 1.0, ""109"": 1.0, ""155"": 6.0, ""156"": 8.0, ""158"": 18.0, ""183"": 3.0, ""210"": 14.0, ""213"": 25.0}",2026-08-24T23:49:57-04:00
Teddy Bridgewater,16728,QB,MIA,ACTIVE,21.60745488,45.7,242.39355696,237.2,168.94206204379563,5.835327387426583,,,"{""0"": 33.61126423, ""1"": 22.10693193, ""2"": 11.50433231, ""3"": 246.7615899, ""4"": 1.800959906, ""5"": 49.0, ""6"": 24.0, ""7"": 12.0, ""8"": 9.0, ""9"": 4.0, ""10"": 2.0, ""11"": 4.0, ""12"": 2.0, ""15"": 0.205429192, ""16"": 0.134247977, ""17"": 0.212276966, ""18"": 0.028673052, ""19"": 0.103486293, ""20"": 0.657137873, ""21"": 0.657723904, ""22"": 123.380795, ""23"": 3.382477143, ""24"": 12.45901159, ""25"": 0.196823781, ""26"": 0.010071108, ""27"": 2.0, ""28"": 1.0, ""35"": 0.006397208, ""36"": 0.004478046, ""37"": 0.006717334, ""38"": 0.000229237, ""39"": 3.683398606, ""40"": 6.229505796, ""62"": 0.113557401, ""63"": 0.001554673, ""64"": 2.387410352, ""65"": 0.322986585, ""66"": 0.030348193, ""68"": 0.353334778, ""69"": 0.155033561, ""70"": 0.013960169, ""72"": 0.16899373, ""73"": 0.826131603, ""210"": 2.0}","{""0"": 79.0, ""1"": 49.0, ""2"": 30.0, ""3"": 683.0, ""4"": 4.0, ""5"": 135.0, ""6"": 67.0, ""7"": 33.0, ""8"": 26.0, ""9"": 12.0, ""10"": 5.0, ""11"": 8.0, ""12"": 4.0, ""13"": 4.0, ""14"": 1.0, ""17"": 1.0, ""20"": 4.0, ""21"": 0.62025316, ""22"": 97.57142857, ""23"": 3.0, ""24"": 27.0, ""27"": 5.0, ""28"": 2.0, ""39"": 9.0, ""40"": 3.85714286, ""64"": 7.0, ""73"": 4.0, ""155"": 2.0, ""156"": 5.0, ""158"": 24.0, ""175"": 4.0, ""210"": 7.0, ""211"": 32.0, ""212"": 1.0}",2026-08-24T23:49:57-04:00
Isaiah Hodgins,4242540,WR,NYG,ACTIVE,0.0,81.7,,,169.6218928164196,5.770881897056407,,,{},"{""41"": 37.0, ""42"": 392.0, ""43"": 4.0, ""44"": 1.0, ""47"": 74.0, ""48"": 35.0, ""49"": 16.0, ""50"": 11.0, ""51"": 1.0, ""53"": 37.0, ""54"": 2.0, ""58"": 48.0, ""59"": 88.0, ""60"": 10.59459459, ""61"": 39.2, ""67"": 1.0, ""68"": 1.0, ""71"": 1.0, ""72"": 1.0, ""73"": 1.0, ""155"": 5.0, ""156"": 4.0, ""158"": 26.0, ""183"": 4.0, ""210"": 10.0, ""213"": 24.0}",2026-08-24T23:49:57-04:00
Matt Ryan,11237,QB,FA,ACTIVE,294.09754625,182.2,317.93453014,261.8,169.5962591240876,5.586397492019738,,,"{""0"": 534.864313, ""1"": 348.3728006, ""2"": 186.4915124, ""3"": 3871.418924, ""4"": 24.48337844, ""5"": 774.0, ""6"": 387.0, ""7"": 193.0, ""8"": 154.0, ""9"": 77.0, ""10"": 38.0, ""11"": 69.0, ""12"": 34.0, ""15"": 3.171731907, ""16"": 2.072726801, ""17"": 3.170040207, ""18"": 0.428189313, ""19"": 1.481577149, ""20"": 11.75798537, ""21"": 0.651329304, ""22"": 241.9636828, ""23"": 38.05985474, ""24"": 113.3028654, ""25"": 1.590498903, ""26"": 0.063733711, ""27"": 22.0, ""28"": 11.0, ""29"": 5.0, ""30"": 4.0, ""31"": 2.0, ""33"": 7.0, ""34"": 3.0, ""35"": 0.071333985, ""36"": 0.04993379, ""37"": 0.034393402, ""38"": 0.001173715, ""39"": 2.97696526, ""40"": 7.081429087, ""62"": 1.545310859, ""63"": 0.03699486, ""64"": 38.04640727, ""65"": 7.884158911, ""66"": 0.523763882, ""68"": 8.407922793, ""69"": 3.784396277, ""70"": 0.240931386, ""72"": 4.025327663, ""73"": 15.78331303, ""210"": 16.0}","{""0"": 461.0, ""1"": 309.0, ""2"": 152.0, ""3"": 3057.0, ""4"": 14.0, ""5"": 606.0, ""6"": 301.0, ""7"": 147.0, ""8"": 116.0, ""9"": 55.0, ""10"": 24.0, ""11"": 57.0, ""12"": 26.0, ""13"": 26.0, ""14"": 10.0, ""17"": 3.0, ""20"": 13.0, ""21"": 0.670282, ""22"": 254.75, ""23"": 27.0, ""24"": 70.0, ""25"": 1.0, ""27"": 13.0, ""28"": 6.0, ""29"": 2.0, ""30"": 1.0, ""39"": 2.59259259, ""40"": 5.83333333, ""64"": 38.0, ""65"": 13.0, ""66"": 3.0, ""68"": 15.0, ""69"": 3.0, ""70"": 2.0, ""72"": 5.0, ""73"": 18.0, ""108"": 1.0, ""109"": 1.0, ""155"": 4.0, ""156"": 7.0, ""158"": 90.0, ""175"": 6.0, ""176"": 6.0, ""178"": 2.0, ""179"": 1.0, ""210"": 12.0, ""211"": 152.0, ""212"": 9.0}",2026-08-24T23:49:57-04:00
Baker Mayfield,3052587,QB,TB,ACTIVE,267.10918178,141.1,331.47148543,214.1,169.7078010948905,5.540662325809912,,,"{""0"": 562.7676282, ""1"": 353.6792969, ""2"": 209.0883313, ""3"": 4015.87303, ""4"": 19.62977807, ""5"": 803.0, ""6"": 401.0, ""7"": 200.0, ""8"": 160.0, ""9"": 80.0, ""10"": 40.0, ""11"": 70.0, ""12"": 35.0, ""15"": 3.394091117, ""16"": 2.218038545, ""17"": 3.639632993, ""18"": 0.491618985, ""19"": 1.369222581, ""20"": 15.79674044, ""21"": 0.628464182, ""22"": 250.9920644, ""23"": 44.04693348, ""24"": 160.3570106, ""25"": 1.553932457, ""26"": 0.07179793, ""27"": 32.0, ""28"": 16.0, ""29"": 8.0, ""30"": 6.0, ""31"": 3.0, ""33"": 8.0, ""34"": 4.0, ""35"": 0.082834719, ""36"": 0.057984304, ""37"": 0.069385136, ""38"": 0.002367848, ""39"": 3.6405942, ""40"": 10.02231316, ""62"": 1.441020511, ""63"": 0.036390491, ""64"": 43.68007054, ""65"": 7.710541496, ""66"": 0.560024729, ""68"": 8.270566225, ""69"": 3.701059918, ""70"": 0.257611376, ""72"": 3.958671294, ""73"": 19.75541173, ""210"": 16.0}","{""0"": 335.0, ""1"": 201.0, ""2"": 134.0, ""3"": 2163.0, ""4"": 10.0, ""5"": 431.0, ""6"": 212.0, ""7"": 101.0, ""8"": 80.0, ""9"": 36.0, ""10"": 16.0, ""11"": 35.0, ""12"": 17.0, ""13"": 21.0, ""14"": 8.0, ""15"": 2.0, ""16"": 2.0, ""20"": 8.0, ""21"": 0.6, ""22"": 180.25, ""23"": 31.0, ""24"": 89.0, ""25"": 1.0, ""27"": 16.0, ""28"": 6.0, ""29"": 1.0, ""30"": 1.0, ""33"": 3.0, ""39"": 2.87096774, ""40"": 7.41666667, ""64"": 36.0, ""65"": 4.0, ""66"": 5.0, ""68"": 9.0, ""69"": 1.0, ""70"": 1.0, ""72"": 2.0, ""73"": 10.0, ""108"": 1.0, ""109"": 1.0, ""155"": 3.0, ""156"": 9.0, ""158"": 66.0, ""175"": 4.0, ""176"": 2.0, ""177"": 2.0, ""179"": 1.0, ""210"": 12.0, ""211"": 92.0, ""212"": 6.0}",2026-08-24T23:49:57-04:00
DeAndre Carter,2580216,WR,LAC,QUESTIONABLE,17.83284301,89.3,6.06267154,74.5,169.55028506271378,5.479187977583879,,,"{""42"": 79.56367634, ""43"": 0.632298392, ""44"": 0.048407704, ""45"": 0.104855905, ""46"": 0.068523334, ""47"": 15.0, ""48"": 7.0, ""49"": 3.0, ""50"": 3.0, ""51"": 1.0, ""53"": 7.034900894, ""54"": 1.0, ""56"": 0.036067103, ""57"": 0.001115477, ""58"": 11.25424454, ""60"": 11.30985035, ""61"": 4.954514644, ""62"": 0.048407704, ""63"": 0.000619071, ""67"": 0.140698018, ""68"": 0.140698018, ""71"": 0.07879089, ""72"": 0.07879089, ""73"": 0.07879089, ""101"": 0.249842824, ""102"": 0.187824, ""114"": 700.9952941, ""115"": 237.2962963, ""116"": 70.0, ""117"": 28.0, ""118"": 23.0, ""119"": 9.0, ""210"": 16.05882353}","{""23"": 2.0, ""24"": -15.0, ""39"": -7.5, ""40"": -0.88235294, ""41"": 46.0, ""42"": 538.0, ""43"": 3.0, ""47"": 100.0, ""48"": 47.0, ""49"": 18.0, ""50"": 14.0, ""51"": 5.0, ""53"": 46.0, ""54"": 2.0, ""58"": 65.0, ""59"": 206.0, ""60"": 11.69565217, ""61"": 31.64705882, ""67"": 1.0, ""68"": 3.0, ""71"": 1.0, ""72"": 2.0, ""73"": 2.0, ""114"": 497.0, ""115"": 339.0, ""116"": 44.0, ""117"": 14.0, ""118"": 27.0, ""119"": 8.0, ""155"": 10.0, ""156"": 7.0, ""158"": 18.0, ""185"": 1.0, ""186"": 2.0, ""210"": 17.0, ""213"": 29.0}",2026-08-24T23:49:57-04:00
Wil Lutz,2985659,K,NO,ACTIVE,126.42260864,106.0,91.32025892,0.0,168.713199723566,5.411515998686639,,,"{""74"": 3.335151025, ""75"": 5.350800375, ""76"": 2.015649351, ""77"": 7.659271279, ""78"": 10.06078633, ""79"": 2.401515056, ""80"": 15.75276988, ""81"": 16.6291341, ""82"": 0.876364222, ""83"": 26.74719218, ""84"": 32.04072081, ""85"": 5.293528629, ""86"": 37.14498739, ""87"": 39.88511611, ""88"": 2.740128716, ""198"": 3.335151025, ""199"": 5.350800375, ""200"": 2.015649351, ""210"": 17.0}","{""74"": 4.0, ""75"": 6.0, ""76"": 2.0, ""77"": 4.0, ""78"": 8.0, ""79"": 4.0, ""80"": 15.0, ""81"": 17.0, ""82"": 2.0, ""83"": 23.0, ""84"": 31.0, ""85"": 8.0, ""86"": 33.0, ""87"": 33.0, ""155"": 7.0, ""156"": 10.0, ""158"": 102.0, ""198"": 3.0, ""199"": 4.0, ""200"": 1.0, ""201"": 1.0, ""202"": 2.0, ""203"": 1.0, ""210"": 17.0, ""214"": 857.0, ""215"": 336.0, ""216"": 1193.0, ""217"": 167.0, ""218"": 82.0, ""219"": 37.0, ""220"": 27.0, ""221"": 11.0, ""222"": 2.0, ""223"": 63.0, ""224"": 29.0, ""225"": 13.0, ""226"": 9.0, ""227"": 2.0, ""229"": 231.0, ""230"": 112.0, ""231"": 51.0, ""232"": 37.0, ""233"": 14.0, ""234"": 3.0}",2026-08-24T23:49:57-04:00
Marlon Mack,3139605,RB,DEN,QUESTIONABLE,0.0,34.3,39.01988584,11.9,169.93245093564582,5.376474300844635,,,{},"{""23"": 16.0, ""24"": 84.0, ""25"": 1.0, ""27"": 15.0, ""28"": 6.0, ""29"": 2.0, ""30"": 1.0, ""33"": 1.0, ""39"": 5.25, ""40"": 10.5, ""41"": 8.0, ""42"": 99.0, ""43"": 1.0, ""45"": 1.0, ""46"": 1.0, ""47"": 19.0, ""48"": 8.0, ""49"": 4.0, ""50"": 3.0, ""51"": 1.0, ""53"": 8.0, ""58"": 10.0, ""59"": 114.0, ""60"": 12.375, ""61"": 12.375, ""114"": 20.0, ""116"": 2.0, ""155"": 2.0, ""156"": 6.0, ""158"": 12.0, ""179"": 1.0, ""210"": 8.0, ""212"": 4.0, ""213"": 3.0}",2026-08-24T23:49:57-04:00
Mike Boone,3139033,RB,HOU,ACTIVE,13.84670015,24.3,0.0,6.7,169.85538321167883,5.049226041429547,,,"{""23"": 11.44991693, ""24"": 51.10242856, ""25"": 0.47741174, ""26"": 0.025151222, ""27"": 10.0, ""28"": 5.0, ""29"": 2.0, ""30"": 2.0, ""31"": 1.0, ""33"": 2.0, ""34"": 1.0, ""35"": 0.021137547, ""36"": 0.014796283, ""37"": 0.006820163, ""38"": 0.000232746, ""39"": 4.463126578, ""40"": 3.619755356, ""42"": 28.65840444, ""43"": 0.165434509, ""44"": 0.009364783, ""45"": 0.037985559, ""46"": 0.024823563, ""47"": 5.0, ""48"": 2.0, ""49"": 1.0, ""50"": 1.0, ""53"": 4.088916481, ""56"": 0.015640957, ""57"": 0.000483741, ""58"": 5.243156653, ""60"": 7.008801616, ""61"": 2.029970314, ""62"": 0.034516005, ""63"": 0.00045216, ""66"": 0.075722276, ""67"": 0.027041424, ""68"": 0.1027637, ""70"": 0.034832247, ""71"": 0.015143198, ""72"": 0.049975445, ""73"": 0.049975445, ""210"": 14.11764706}","{""23"": 24.0, ""24"": 102.0, ""27"": 18.0, ""28"": 8.0, ""29"": 3.0, ""30"": 1.0, ""33"": 2.0, ""39"": 4.25, ""40"": 11.33333333, ""41"": 9.0, ""42"": 96.0, ""47"": 16.0, ""48"": 6.0, ""49"": 3.0, ""50"": 2.0, ""53"": 9.0, ""58"": 15.0, ""59"": 81.0, ""60"": 10.66666667, ""61"": 10.66666667, ""108"": 2.0, ""109"": 2.0, ""155"": 2.0, ""156"": 7.0, ""210"": 9.0, ""212"": 6.0, ""213"": 2.0}",2026-08-24T23:49:57-04:00
Riley Patterson,4243371,K,JAX,ACTIVE,126.77375654,135.0,,58.0,169.60492973969133,4.905110730415366,,,"{""74"": 3.502857586, ""75"": 5.511918667, ""76"": 2.00906108, ""77"": 8.016405639, ""78"": 10.36372731, ""79"": 2.347321674, ""80"": 16.4361993, ""81"": 17.12985502, ""82"": 0.693655721, ""83"": 27.95546252, ""84"": 33.005501, ""85"": 5.050038475, ""86"": 32.93528663, ""87"": 34.90734065, ""88"": 1.972054022, ""198"": 3.502857586, ""199"": 5.511918667, ""200"": 2.00906108, ""210"": 17.0}","{""74"": 2.0, ""75"": 3.0, ""76"": 1.0, ""77"": 10.0, ""78"": 13.0, ""79"": 3.0, ""80"": 18.0, ""81"": 19.0, ""82"": 1.0, ""83"": 30.0, ""84"": 35.0, ""85"": 5.0, ""86"": 36.0, ""87"": 37.0, ""88"": 1.0, ""155"": 9.0, ""156"": 8.0, ""158"": 126.0, ""198"": 2.0, ""199"": 3.0, ""200"": 1.0, ""210"": 17.0, ""214"": 1091.0, ""215"": 214.0, ""216"": 1305.0, ""217"": 213.0, ""218"": 104.0, ""219"": 47.0, ""220"": 37.0, ""221"": 16.0, ""222"": 3.0, ""223"": 41.0, ""224"": 20.0, ""225"": 9.0, ""226"": 6.0, ""227"": 1.0, ""229"": 254.0, ""230"": 124.0, ""231"": 57.0, ""232"": 46.0, ""233"": 20.0, ""234"": 5.0}",2026-08-24T23:49:57-04:00
Trey McBride,4361307,TE,ARI,ACTIVE,26.93888785,47.0,,,169.8848083941606,4.889293577426916,,,"{""42"": 139.7689624, ""43"": 1.048679378, ""44"": 0.058453641, ""45"": 0.113964138, ""46"": 0.074475564, ""47"": 27.0, ""48"": 13.0, ""49"": 6.0, ""50"": 5.0, ""51"": 2.0, ""53"": 13.45260392, ""54"": 2.0, ""55"": 1.0, ""56"": 0.055515297, ""57"": 0.001716968, ""58"": 19.61141037, ""60"": 10.38973296, ""61"": 8.703561761, ""62"": 0.058453641, ""63"": 0.000680797, ""67"": 0.1547267, ""68"": 0.1547267, ""71"": 0.086646952, ""72"": 0.086646952, ""73"": 0.086646952, ""210"": 16.05882353}","{""41"": 29.0, ""42"": 265.0, ""43"": 1.0, ""47"": 49.0, ""48"": 22.0, ""49"": 9.0, ""50"": 7.0, ""51"": 2.0, ""53"": 29.0, ""54"": 1.0, ""58"": 39.0, ""59"": 117.0, ""60"": 9.13793103, ""61"": 16.5625, ""67"": 1.0, ""68"": 1.0, ""107"": 1.0, ""108"": 6.0, ""109"": 7.0, ""110"": 1.0, ""155"": 4.0, ""156"": 12.0, ""158"": 6.0, ""183"": 1.0, ""210"": 16.0, ""213"": 12.0}",2026-08-24T23:49:57-04:00
Matthew Wright,3128444,K,FA,ACTIVE,0.0,67.0,0.0,84.0,169.925132457959,4.868603063155125,,,{},"{""74"": 2.0, ""75"": 2.0, ""77"": 6.0, ""78"": 8.0, ""79"": 2.0, ""80"": 7.0, ""81"": 8.0, ""82"": 1.0, ""83"": 15.0, ""84"": 18.0, ""85"": 3.0, ""86"": 15.0, ""87"": 15.0, ""108"": 2.0, ""109"": 2.0, ""155"": 5.0, ""156"": 1.0, ""158"": 60.0, ""198"": 2.0, ""199"": 2.0, ""210"": 6.0, ""214"": 602.0, ""215"": 165.0, ""216"": 767.0, ""217"": 118.0, ""218"": 57.0, ""219"": 27.0, ""220"": 21.0, ""221"": 10.0, ""222"": 3.0, ""223"": 32.0, ""224"": 15.0, ""225"": 7.0, ""226"": 6.0, ""227"": 2.0, ""229"": 151.0, ""230"": 74.0, ""231"": 35.0, ""232"": 28.0, ""233"": 13.0, ""234"": 5.0}",2026-08-24T23:49:57-04:00
Randall Cobb,14053,WR,GB,QUESTIONABLE,95.72971885,64.7,115.31784941,79.6,169.76647662485746,4.727446802599551,,,"{""23"": 2.121729024, ""24"": 12.55231843, ""25"": 0.084891273, ""26"": 0.004160421, ""27"": 2.0, ""28"": 1.0, ""35"": 0.003895741, ""36"": 0.002727018, ""37"": 0.000333298, ""38"": 1.14e-05, ""39"": 5.916079896, ""40"": 0.88543325, ""42"": 460.916043, ""43"": 4.747848617, ""44"": 0.179492756, ""45"": 0.180294287, ""46"": 0.117822317, ""47"": 92.0, ""48"": 46.0, ""49"": 23.0, ""50"": 18.0, ""51"": 9.0, ""53"": 39.56116252, ""54"": 7.0, ""55"": 3.0, ""56"": 0.324054708, ""57"": 0.010022311, ""58"": 58.09397812, ""60"": 11.65072039, ""61"": 32.51274992, ""62"": 0.183653177, ""63"": 0.003018828, ""66"": 0.034923501, ""67"": 0.651173772, ""68"": 0.686097273, ""70"": 0.01606481, ""71"": 0.364657312, ""72"": 0.380722123, ""73"": 0.380722123, ""210"": 14.17647059}","{""41"": 34.0, ""42"": 417.0, ""43"": 1.0, ""47"": 78.0, ""48"": 36.0, ""49"": 14.0, ""50"": 10.0, ""51"": 3.0, ""53"": 34.0, ""54"": 2.0, ""58"": 50.0, ""59"": 185.0, ""60"": 12.26470588, ""61"": 32.07692308, ""67"": 1.0, ""68"": 1.0, ""108"": 2.0, ""109"": 2.0, ""115"": 37.0, ""118"": 2.0, ""155"": 7.0, ""156"": 6.0, ""158"": 6.0, ""184"": 1.0, ""210"": 13.0, ""213"": 18.0}",2026-08-24T23:49:57-04:00
Jacoby Brissett,2578570,QB,WSH,ACTIVE,162.46962619,191.7,27.53494241,81.8,169.92312956204378,4.640014168200246,,,"{""0"": 314.5232871, ""1"": 200.7959027, ""2"": 113.7273843, ""3"": 2116.62527, ""4"": 12.1608454, ""5"": 423.0, ""6"": 211.0, ""7"": 105.0, ""8"": 84.0, ""9"": 42.0, ""10"": 21.0, ""11"": 40.0, ""12"": 20.0, ""15"": 1.551012498, ""16"": 1.013586668, ""17"": 1.24342231, ""18"": 0.167953751, ""19"": 0.753538345, ""20"": 6.34539466, ""21"": 0.638413469, ""22"": 211.662527, ""23"": 32.3326749, ""24"": 109.1829017, ""25"": 1.768105622, ""26"": 0.066875681, ""27"": 21.0, ""28"": 10.0, ""29"": 5.0, ""30"": 4.0, ""31"": 2.0, ""33"": 6.0, ""34"": 3.0, ""35"": 0.061068287, ""36"": 0.042747801, ""37"": 0.051503298, ""38"": 0.00175761, ""39"": 3.376859541, ""40"": 10.91829017, ""62"": 0.820414025, ""63"": 0.025633327, ""64"": 23.98992348, ""65"": 5.3178301, ""66"": 0.507926032, ""68"": 5.825756131, ""69"": 2.552558448, ""70"": 0.233645975, ""72"": 2.786204422, ""73"": 9.131599082, ""210"": 10.0}","{""0"": 369.0, ""1"": 236.0, ""2"": 133.0, ""3"": 2608.0, ""4"": 12.0, ""5"": 517.0, ""6"": 256.0, ""7"": 125.0, ""8"": 99.0, ""9"": 47.0, ""10"": 22.0, ""11"": 43.0, ""12"": 20.0, ""13"": 22.0, ""14"": 9.0, ""17"": 1.0, ""20"": 6.0, ""21"": 0.6395664, ""22"": 163.0, ""23"": 49.0, ""24"": 243.0, ""25"": 2.0, ""27"": 44.0, ""28"": 20.0, ""29"": 7.0, ""30"": 5.0, ""33"": 5.0, ""39"": 4.95918367, ""40"": 15.1875, ""64"": 24.0, ""65"": 4.0, ""66"": 1.0, ""68"": 6.0, ""69"": 3.0, ""70"": 1.0, ""72"": 4.0, ""73"": 10.0, ""107"": 1.0, ""109"": 1.0, ""155"": 7.0, ""156"": 9.0, ""158"": 84.0, ""175"": 7.0, ""176"": 4.0, ""177"": 1.0, ""179"": 2.0, ""210"": 16.0, ""211"": 124.0, ""212"": 28.0}",2026-08-24T23:49:57-04:00
Dontrell Hilliard,3126246,RB,TEN,QUESTIONABLE,68.5876884,66.7,0.0,63.2,169.83121232417952,4.6118759790064034,,,"{""23"": 47.57519072, ""24"": 213.9582403, ""25"": 1.387749426, ""26"": 0.043248121, ""27"": 42.0, ""28"": 21.0, ""29"": 10.0, ""30"": 8.0, ""31"": 4.0, ""33"": 9.0, ""34"": 4.0, ""35"": 0.089513926, ""36"": 0.062659748, ""37"": 0.11716733, ""38"": 0.003998471, ""39"": 4.497265005, ""40"": 14.15287971, ""42"": 198.3726802, ""43"": 0.830666221, ""44"": 0.042423644, ""45"": 0.037908275, ""46"": 0.024773058, ""47"": 39.0, ""48"": 19.0, ""49"": 9.0, ""50"": 7.0, ""51"": 3.0, ""53"": 28.92620739, ""54"": 5.0, ""55"": 2.0, ""56"": 0.074057958, ""57"": 0.002290452, ""58"": 37.28763809, ""60"": 6.857887642, ""61"": 13.12192826, ""62"": 0.085671765, ""63"": 0.006401456, ""66"": 0.904768073, ""67"": 0.550108334, ""68"": 1.454876407, ""70"": 0.416193313, ""71"": 0.308060667, ""72"": 0.724253981, ""73"": 0.724253981, ""101"": 0.1430272, ""114"": 551.8363636, ""116"": 55.0, ""117"": 22.0, ""210"": 15.11764706}","{""23"": 22.0, ""24"": 145.0, ""27"": 24.0, ""28"": 11.0, ""29"": 4.0, ""30"": 3.0, ""31"": 1.0, ""33"": 1.0, ""39"": 6.59090909, ""40"": 12.08333333, ""41"": 21.0, ""42"": 177.0, ""43"": 4.0, ""47"": 32.0, ""48"": 15.0, ""49"": 5.0, ""50"": 3.0, ""51"": 1.0, ""53"": 21.0, ""58"": 26.0, ""59"": 151.0, ""60"": 8.42857143, ""61"": 14.75, ""107"": 3.0, ""108"": 4.0, ""109"": 7.0, ""114"": 23.0, ""115"": 4.0, ""116"": 2.0, ""155"": 7.0, ""156"": 5.0, ""158"": 24.0, ""183"": 1.0, ""184"": 2.0, ""185"": 1.0, ""210"": 12.0, ""212"": 4.0, ""213"": 8.0}",2026-08-24T23:49:57-04:00
Caleb Huntley,4244732,RB,ATL,QUESTIONABLE,,43.9,,,169.66063853538736,4.606369031655938,,,null,"{""23"": 76.0, ""24"": 366.0, ""25"": 1.0, ""27"": 67.0, ""28"": 32.0, ""29"": 12.0, ""30"": 10.0, ""31"": 3.0, ""33"": 12.0, ""34"": 3.0, ""39"": 4.81578947, ""40"": 30.5, ""41"": 2.0, ""42"": 3.0, ""53"": 2.0, ""58"": 2.0, ""59"": 9.0, ""60"": 1.5, ""61"": 0.25, ""66"": 1.0, ""68"": 1.0, ""155"": 4.0, ""156"": 8.0, ""158"": 6.0, ""179"": 1.0, ""210"": 12.0, ""212"": 17.0}",2026-08-24T23:49:57-04:00
Wan'Dale Robinson,4569587,WR,NYG,QUESTIONABLE,120.05962327,40.1,,,168.45017103762828,4.355867283205966,,,"{""23"": 11.81596189, ""24"": 71.89069634, ""25"": 0.545489675, ""26"": 0.027548996, ""27"": 14.0, ""28"": 7.0, ""29"": 3.0, ""30"": 2.0, ""31"": 1.0, ""33"": 2.0, ""34"": 1.0, ""35"": 0.021809176, ""36"": 0.015266423, ""37"": 0.012872351, ""38"": 0.000439284, ""39"": 6.084201778, ""40"": 4.476710029, ""42"": 645.808329, ""43"": 2.911652865, ""44"": 0.172501343, ""45"": 0.141077608, ""46"": 0.092194217, ""47"": 129.0, ""48"": 64.0, ""49"": 32.0, ""50"": 25.0, ""51"": 12.0, ""53"": 55.85383874, ""54"": 11.0, ""55"": 5.0, ""56"": 0.771139967, ""57"": 0.02384969, ""58"": 86.3651959, ""60"": 11.5624699, ""61"": 40.21517067, ""62"": 0.200050339, ""63"": 0.003163534, ""66"": 0.125543444, ""67"": 0.593441596, ""68"": 0.71898504, ""70"": 0.057749984, ""71"": 0.332327294, ""72"": 0.390077278, ""73"": 0.390077278, ""210"": 16.05882353}","{""23"": 2.0, ""24"": -1.0, ""39"": -0.5, ""40"": -0.16666667, ""41"": 23.0, ""42"": 227.0, ""43"": 1.0, ""47"": 45.0, ""48"": 21.0, ""49"": 9.0, ""50"": 7.0, ""51"": 3.0, ""52"": 1.0, ""53"": 23.0, ""54"": 2.0, ""56"": 1.0, ""58"": 31.0, ""59"": 126.0, ""60"": 9.86956522, ""61"": 37.83333333, ""155"": 4.0, ""156"": 2.0, ""158"": 6.0, ""183"": 1.0, ""210"": 6.0, ""213"": 13.0}",2026-08-24T23:49:57-04:00
Dare Ogunbowale,2983509,RB,HOU,ACTIVE,57.12588348,38.7,35.09687441,43.6,170.03261861313868,4.261321803635184,,,"{""23"": 54.68657423, ""24"": 226.9097821, ""25"": 1.796069667, ""26"": 0.094497684, ""27"": 45.0, ""28"": 22.0, ""29"": 11.0, ""30"": 9.0, ""31"": 4.0, ""33"": 10.0, ""34"": 5.0, ""35"": 0.103287416, ""36"": 0.072301191, ""37"": 0.131943052, ""38"": 0.00450271, ""39"": 4.149277685, ""40"": 15.00959648, ""42"": 128.0626569, ""43"": 0.475965721, ""44"": 0.028127933, ""45"": 0.040102647, ""46"": 0.02620708, ""47"": 25.0, ""48"": 12.0, ""49"": 6.0, ""50"": 5.0, ""51"": 2.0, ""53"": 16.64702814, ""54"": 3.0, ""55"": 1.0, ""56"": 0.051859213, ""57"": 0.001603893, ""58"": 23.4110226, ""60"": 7.69282396, ""61"": 8.471070691, ""62"": 0.122625617, ""63"": 0.002605106, ""66"": 0.45389904, ""67"": 0.138170478, ""68"": 0.592069518, ""70"": 0.208793558, ""71"": 0.077375468, ""72"": 0.286169026, ""73"": 0.286169026, ""210"": 15.11764706}","{""23"": 42.0, ""24"": 123.0, ""25"": 1.0, ""27"": 21.0, ""28"": 9.0, ""29"": 3.0, ""30"": 2.0, ""33"": 5.0, ""34"": 1.0, ""39"": 2.92857143, ""40"": 7.23529412, ""41"": 20.0, ""42"": 104.0, ""47"": 17.0, ""48"": 7.0, ""49"": 2.0, ""50"": 2.0, ""51"": 1.0, ""53"": 20.0, ""54"": 2.0, ""58"": 26.0, ""59"": 124.0, ""60"": 5.2, ""61"": 6.11764706, ""96"": 1.0, ""107"": 2.0, ""108"": 9.0, ""109"": 11.0, ""114"": 46.0, ""116"": 4.0, ""117"": 1.0, ""155"": 3.0, ""156"": 13.0, ""158"": 6.0, ""179"": 1.0, ""210"": 17.0, ""212"": 9.0, ""213"": 5.0}",2026-08-24T23:49:57-04:00
Jordan Mason,4360569,RB,SF,ACTIVE,10.95941417,31.8,,,169.8257299270073,4.08919757162181,,,"{""23"": 13.89050563, ""24"": 57.61812483, ""25"": 0.471278416, ""26"": 0.01363475, ""27"": 11.0, ""28"": 5.0, ""29"": 2.0, ""30"": 2.0, ""31"": 1.0, ""33"": 2.0, ""34"": 1.0, ""35"": 0.025678807, ""36"": 0.017975165, ""37"": 0.008705094, ""38"": 0.000297071, ""39"": 4.148022136, ""40"": 4.081283842, ""42"": 11.92311379, ""43"": 0.070494514, ""44"": 0.003623679, ""45"": 0.035281102, ""46"": 0.0230562, ""47"": 2.0, ""48"": 1.0, ""53"": 1.680781941, ""56"": 0.006967369, ""57"": 0.000215486, ""58"": 2.237581489, ""60"": 7.0937898, ""61"": 0.844553893, ""62"": 0.017258429, ""63"": 0.000561947, ""66"": 0.11392945, ""67"": 0.013785716, ""68"": 0.127715166, ""70"": 0.052407547, ""71"": 0.007720001, ""72"": 0.060127548, ""73"": 0.060127548, ""210"": 14.11764706}","{""23"": 43.0, ""24"": 258.0, ""25"": 1.0, ""27"": 48.0, ""28"": 22.0, ""29"": 9.0, ""30"": 8.0, ""31"": 3.0, ""33"": 5.0, ""34"": 1.0, ""39"": 6.0, ""40"": 16.125, ""107"": 4.0, ""108"": 2.0, ""109"": 6.0, ""155"": 13.0, ""156"": 3.0, ""158"": 6.0, ""180"": 1.0, ""210"": 16.0, ""212"": 10.0}",2026-08-24T23:49:57-04:00
Richie James,3122899,WR,NYG,ACTIVE,5.4485763,104.0,,,169.74503990877994,4.062385516885703,,,"{""42"": 21.80514587, ""43"": 0.211568824, ""44"": 0.012542159, ""45"": 0.180991654, ""46"": 0.118278046, ""47"": 4.0, ""48"": 2.0, ""49"": 1.0, ""53"": 1.74340088, ""56"": 0.012234448, ""57"": 0.000378385, ""58"": 2.707796693, ""60"": 12.50724725, ""61"": 1.357829596, ""62"": 0.012542159, ""63"": 9.85e-05, ""67"": 0.022392852, ""68"": 0.022392852, ""71"": 0.012539997, ""72"": 0.012539997, ""73"": 0.012539997, ""102"": 0.187824, ""115"": 194.4214286, ""118"": 19.0, ""119"": 7.0, ""210"": 16.05882353}","{""23"": 2.0, ""24"": 6.0, ""39"": 3.0, ""40"": 0.35294118, ""41"": 57.0, ""42"": 569.0, ""43"": 4.0, ""47"": 109.0, ""48"": 51.0, ""49"": 22.0, ""50"": 16.0, ""51"": 5.0, ""53"": 57.0, ""54"": 6.0, ""58"": 70.0, ""59"": 176.0, ""60"": 9.98245614, ""61"": 33.47058824, ""68"": 3.0, ""72"": 3.0, ""73"": 3.0, ""108"": 1.0, ""109"": 1.0, ""115"": 174.0, ""118"": 12.0, ""119"": 4.0, ""155"": 9.0, ""156"": 7.0, ""158"": 24.0, ""183"": 3.0, ""184"": 1.0, ""210"": 17.0, ""213"": 29.0}",2026-08-24T23:49:57-04:00
Jameis Winston,2969939,QB,NO,ACTIVE,292.49331478,51.6,252.96567873,144.8,168.74908759124088,3.916074128188264,,,"{""0"": 479.8189528, ""1"": 305.2406212, ""2"": 174.5783316, ""3"": 3471.499443, ""4"": 23.4918161, ""5"": 694.0, ""6"": 347.0, ""7"": 173.0, ""8"": 138.0, ""9"": 69.0, ""10"": 34.0, ""11"": 61.0, ""12"": 30.0, ""15"": 2.739475761, ""16"": 1.79024741, ""17"": 2.525894122, ""18"": 0.341182066, ""19"": 1.400988455, ""20"": 12.98463447, ""21"": 0.636157908, ""22"": 231.4332962, ""23"": 69.11935434, ""24"": 326.3929352, ""25"": 1.842288756, ""26"": 0.089757356, ""27"": 65.0, ""28"": 32.0, ""29"": 16.0, ""30"": 13.0, ""31"": 6.0, ""33"": 13.0, ""34"": 6.0, ""35"": 0.13216077, ""36"": 0.092512539, ""37"": 0.309288143, ""38"": 0.010554818, ""39"": 4.722164122, ""40"": 21.75952901, ""62"": 1.490745811, ""63"": 0.036677696, ""64"": 33.40424311, ""65"": 7.346443191, ""66"": 0.989396844, ""68"": 8.335840035, ""69"": 3.526292732, ""70"": 0.455122548, ""72"": 3.98141528, ""73"": 16.96604974, ""210"": 15.0}","{""0"": 115.0, ""1"": 73.0, ""2"": 42.0, ""3"": 858.0, ""4"": 4.0, ""5"": 170.0, ""6"": 84.0, ""7"": 41.0, ""8"": 33.0, ""9"": 16.0, ""10"": 7.0, ""11"": 14.0, ""12"": 6.0, ""13"": 8.0, ""14"": 3.0, ""17"": 1.0, ""19"": 1.0, ""20"": 5.0, ""21"": 0.63478261, ""22"": 214.5, ""23"": 5.0, ""24"": 16.0, ""27"": 2.0, ""39"": 3.2, ""40"": 4.0, ""64"": 11.0, ""65"": 1.0, ""66"": 2.0, ""68"": 3.0, ""73"": 5.0, ""155"": 1.0, ""156"": 3.0, ""158"": 24.0, ""175"": 4.0, ""210"": 4.0, ""211"": 33.0}",2026-08-24T23:49:57-04:00
Mason Crosby,10636,K,GB,ACTIVE,125.25892726,116.0,124.58390666,125.0,167.9884819166091,3.9133628310799513,,,"{""74"": 3.047180747, ""75"": 5.14704479, ""76"": 2.099864043, ""77"": 7.064949097, ""78"": 9.67767703, ""79"": 2.612727933, ""80"": 14.65265432, ""81"": 15.99590566, ""82"": 1.343251346, ""83"": 24.76478416, ""84"": 30.82062748, ""85"": 6.055843323, ""86"": 43.8611075, ""87"": 48.73319383, ""88"": 4.872086333, ""198"": 3.047180747, ""199"": 5.14704479, ""200"": 2.099864043, ""210"": 17.0}","{""74"": 1.0, ""75"": 4.0, ""76"": 3.0, ""77"": 6.0, ""78"": 7.0, ""79"": 1.0, ""80"": 18.0, ""81"": 18.0, ""83"": 25.0, ""84"": 29.0, ""85"": 4.0, ""86"": 37.0, ""87"": 39.0, ""88"": 2.0, ""155"": 8.0, ""156"": 9.0, ""158"": 112.0, ""198"": 1.0, ""199"": 4.0, ""200"": 3.0, ""210"": 17.0, ""214"": 879.0, ""215"": 209.0, ""216"": 1088.0, ""217"": 168.0, ""218"": 79.0, ""219"": 36.0, ""220"": 29.0, ""221"": 10.0, ""222"": 2.0, ""223"": 40.0, ""224"": 19.0, ""225"": 8.0, ""226"": 7.0, ""227"": 3.0, ""229"": 211.0, ""230"": 102.0, ""231"": 47.0, ""232"": 37.0, ""233"": 14.0, ""234"": 2.0}",2026-08-24T23:49:57-04:00
Rashid Shaheed,4032473,WR,NO,ACTIVE,,86.5,,,169.69859343603483,3.5061024476040066,,,null,"{""23"": 4.0, ""24"": 57.0, ""25"": 1.0, ""27"": 10.0, ""28"": 4.0, ""29"": 2.0, ""30"": 1.0, ""35"": 1.0, ""39"": 14.25, ""40"": 4.75, ""41"": 28.0, ""42"": 488.0, ""43"": 2.0, ""45"": 2.0, ""46"": 2.0, ""47"": 93.0, ""48"": 44.0, ""49"": 18.0, ""50"": 16.0, ""51"": 5.0, ""53"": 28.0, ""54"": 1.0, ""58"": 34.0, ""59"": 170.0, ""60"": 17.42857143, ""61"": 40.66666667, ""67"": 1.0, ""68"": 1.0, ""114"": 320.0, ""115"": 193.0, ""116"": 29.0, ""117"": 8.0, ""118"": 14.0, ""119"": 4.0, ""155"": 5.0, ""156"": 7.0, ""158"": 18.0, ""210"": 12.0, ""212"": 2.0, ""213"": 17.0}",2026-08-24T23:49:57-04:00
Sam Darnold,3912547,QB,SF,ACTIVE,0.0,100.0,258.30577972,174.2,169.92404197080293,3.467542270423593,,,{},"{""0"": 140.0, ""1"": 82.0, ""2"": 58.0, ""3"": 1143.0, ""4"": 7.0, ""5"": 227.0, ""6"": 113.0, ""7"": 56.0, ""8"": 43.0, ""9"": 20.0, ""10"": 9.0, ""11"": 14.0, ""12"": 6.0, ""13"": 9.0, ""14"": 3.0, ""17"": 1.0, ""20"": 3.0, ""21"": 0.58571429, ""22"": 190.5, ""23"": 26.0, ""24"": 106.0, ""25"": 2.0, ""27"": 19.0, ""28"": 9.0, ""29"": 3.0, ""30"": 2.0, ""33"": 3.0, ""39"": 4.07692308, ""40"": 17.66666667, ""64"": 10.0, ""65"": 1.0, ""66"": 4.0, ""68"": 6.0, ""69"": 1.0, ""70"": 1.0, ""72"": 2.0, ""73"": 5.0, ""155"": 4.0, ""156"": 2.0, ""158"": 54.0, ""175"": 3.0, ""176"": 3.0, ""177"": 1.0, ""179"": 1.0, ""210"": 6.0, ""211"": 57.0, ""212"": 9.0}",2026-08-24T23:49:57-04:00
Lions D/ST,-16008,D/ST,DET,,38.3392218,77.0,61.27107962,30.0,168.07273569608523,3.448076299828696,,,"{""91"": 0.523076923, ""92"": 1.307692308, ""93"": 0.057858428, ""94"": 1.82315902, ""95"": 12.76351609, ""96"": 7.455611082, ""97"": 1.024521859, ""98"": 0.133581543, ""99"": 38.07409657, ""100"": 76.14819314, ""101"": 0.22046, ""102"": 0.187824, ""103"": 1.257791827, ""104"": 0.565367193, ""105"": 2.289301448, ""106"": 11.4701709, ""109"": 1027.101198, ""110"": 342.0, ""111"": 205.0, ""113"": 70.73966998, ""114"": 680.104, ""115"": 230.91, ""116"": 68.0, ""117"": 27.0, ""118"": 23.0, ""119"": 9.0, ""120"": 433.3399508, ""121"": 1.569230769, ""122"": 4.446153846, ""123"": 3.923076923, ""124"": 4.184615385, ""125"": 1.046153846, ""126"": 25.49058534, ""127"": 6143.336702, ""130"": 2.098765432, ""131"": 2.098765432, ""132"": 5.666666667, ""133"": 3.148148148, ""134"": 2.728395062, ""135"": 0.62962963, ""136"": 0.62962963, ""137"": 361.3727472, ""160"": -433.3399508, ""210"": 17.0}","{""89"": 0.0, ""90"": 0.0, ""91"": 2.0, ""92"": 3.0, ""94"": 1.0, ""95"": 12.0, ""96"": 10.0, ""97"": 1.0, ""98"": 1.0, ""99"": 39.0, ""100"": 78.0, ""102"": 1.0, ""103"": 1.0, ""105"": 2.0, ""106"": 13.0, ""107"": 357.0, ""108"": 758.0, ""109"": 1115.0, ""110"": 367.0, ""111"": 215.0, ""112"": 77.0, ""113"": 62.0, ""114"": 889.0, ""115"": 264.0, ""116"": 84.0, ""117"": 28.0, ""118"": 21.0, ""119"": 4.0, ""120"": 407.0, ""121"": 1.0, ""122"": 5.0, ""123"": 4.0, ""124"": 2.0, ""127"": 6670.0, ""128"": 0.0, ""129"": 0.0, ""130"": 3.0, ""131"": 2.0, ""132"": 4.0, ""133"": 4.0, ""134"": 2.0, ""135"": 0.0, ""136"": 2.0, ""155"": 9.0, ""156"": 8.0, ""187"": 407.0, ""188"": 0.0, ""189"": 0.0, ""190"": 2.0, ""191"": 3.0, ""192"": 1.0, ""193"": 5.0, ""194"": 4.0, ""195"": 2.0, ""210"": 17.0}",2026-08-24T23:49:57-04:00
Marquise Goodwin,15839,WR,SEA,QUESTIONABLE,29.17656557,76.7,26.23491881,47.2,169.5904218928164,3.4420159698387014,,,"{""23"": 1.99447871, ""24"": 11.39171606, ""25"": 0.085197171, ""26"": 0.002695799, ""27"": 2.0, ""28"": 1.0, ""35"": 0.003661672, ""36"": 0.002563171, ""37"": 0.000252757, ""38"": 8.63e-06, ""39"": 5.711625804, ""40"": 0.70937426, ""42"": 170.5042863, ""43"": 0.76167593, ""44"": 0.032131333, ""45"": 0.154143616, ""46"": 0.100732853, ""47"": 34.0, ""48"": 17.0, ""49"": 8.0, ""50"": 6.0, ""51"": 3.0, ""53"": 12.1001865, ""54"": 2.0, ""55"": 1.0, ""56"": 0.06466845, ""57"": 0.002000055, ""58"": 22.34051464, ""60"": 14.09104615, ""61"": 10.61748303, ""62"": 0.034827132, ""63"": 0.000862593, ""66"": 0.02774136, ""67"": 0.16830244, ""68"": 0.196043801, ""70"": 0.012761026, ""71"": 0.094249367, ""72"": 0.107010392, ""73"": 0.107010392, ""210"": 16.05882353}","{""23"": 2.0, ""24"": 5.0, ""27"": 1.0, ""39"": 2.5, ""40"": 0.38461538, ""41"": 27.0, ""42"": 387.0, ""43"": 4.0, ""47"": 74.0, ""48"": 34.0, ""49"": 14.0, ""50"": 10.0, ""51"": 2.0, ""53"": 27.0, ""54"": 1.0, ""58"": 42.0, ""59"": 114.0, ""60"": 14.33333333, ""61"": 29.76923077, ""155"": 6.0, ""156"": 7.0, ""158"": 24.0, ""184"": 1.0, ""185"": 3.0, ""210"": 13.0, ""213"": 18.0}",2026-08-24T23:49:57-04:00
JaMycal Hasty,3928925,RB,JAX,ACTIVE,10.46068434,60.0,22.77361,38.0,169.8912703728511,3.398317237925599,,,"{""23"": 7.331716773, ""24"": 31.35954236, ""25"": 0.255510221, ""26"": 0.017775439, ""27"": 6.0, ""28"": 3.0, ""29"": 1.0, ""30"": 1.0, ""33"": 1.0, ""35"": 0.013502872, ""36"": 0.00945201, ""37"": 0.002479529, ""38"": 8.46e-05, ""39"": 4.277244106, ""40"": 2.221300917, ""42"": 29.32428131, ""43"": 0.150964179, ""44"": 0.012323233, ""45"": 0.035238877, ""46"": 0.023028606, ""47"": 5.0, ""48"": 2.0, ""49"": 1.0, ""50"": 1.0, ""53"": 4.0944955, ""56"": 0.015962257, ""57"": 0.000493678, ""58"": 5.528597412, ""60"": 7.161878992, ""61"": 2.077136593, ""62"": 0.030098672, ""63"": 0.000683246, ""66"": 0.099638701, ""67"": 0.055644568, ""68"": 0.155283269, ""70"": 0.045833802, ""71"": 0.031160958, ""72"": 0.07699476, ""73"": 0.07699476, ""210"": 14.11764706}","{""23"": 46.0, ""24"": 194.0, ""25"": 2.0, ""27"": 34.0, ""28"": 14.0, ""29"": 4.0, ""30"": 4.0, ""31"": 1.0, ""33"": 4.0, ""34"": 2.0, ""35"": 1.0, ""36"": 1.0, ""39"": 4.2173913, ""40"": 11.41176471, ""41"": 20.0, ""42"": 126.0, ""43"": 1.0, ""47"": 24.0, ""48"": 11.0, ""49"": 5.0, ""50"": 2.0, ""51"": 1.0, ""53"": 20.0, ""54"": 2.0, ""58"": 26.0, ""59"": 129.0, ""60"": 6.3, ""61"": 7.41176471, ""107"": 1.0, ""109"": 1.0, ""114"": 97.0, ""116"": 8.0, ""117"": 3.0, ""155"": 9.0, ""156"": 8.0, ""158"": 18.0, ""179"": 1.0, ""185"": 1.0, ""210"": 17.0, ""212"": 7.0, ""213"": 7.0}",2026-08-24T23:49:57-04:00
Tutu Atwell,4360797,WR,LAR,ACTIVE,38.32613304,54.2,54.17500724,0.0,169.76510832383124,3.3871707776849074,,,"{""42"": 202.241062, ""43"": 1.583376353, ""44"": 0.065721048, ""45"": 0.146960274, ""46"": 0.096038539, ""47"": 40.0, ""48"": 20.0, ""49"": 10.0, ""50"": 8.0, ""51"": 4.0, ""53"": 16.8768386, ""54"": 3.0, ""55"": 1.0, ""56"": 0.081961898, ""57"": 0.002534904, ""58"": 26.75948308, ""60"": 11.98334989, ""61"": 12.59376576, ""62"": 0.065721048, ""63"": 0.000953797, ""67"": 0.216772032, ""68"": 0.216772032, ""71"": 0.121392338, ""72"": 0.121392338, ""73"": 0.121392338, ""101"": 0.022046, ""102"": 0.023736, ""114"": 68.0104, ""115"": 21.156, ""116"": 6.0, ""117"": 2.0, ""118"": 2.0, ""210"": 16.05882353}","{""23"": 9.0, ""24"": 34.0, ""25"": 1.0, ""27"": 7.0, ""28"": 3.0, ""29"": 1.0, ""39"": 3.77777778, ""40"": 2.61538462, ""41"": 18.0, ""42"": 298.0, ""43"": 1.0, ""45"": 1.0, ""46"": 1.0, ""47"": 56.0, ""48"": 27.0, ""49"": 11.0, ""50"": 8.0, ""51"": 3.0, ""53"": 18.0, ""54"": 1.0, ""58"": 35.0, ""59"": 60.0, ""60"": 16.55555556, ""61"": 22.92307692, ""155"": 5.0, ""156"": 8.0, ""158"": 12.0, ""180"": 1.0, ""210"": 13.0, ""212"": 2.0, ""213"": 11.0}",2026-08-24T23:49:57-04:00
Mark Ingram II,13981,RB,NO,QUESTIONABLE,84.32484758,42.1,78.05743142,95.1,169.3456128600134,3.346179600792147,,,"{""23"": 110.8947187, ""24"": 427.2747384, ""25"": 3.390037204, ""26"": 0.165133188, ""27"": 85.0, ""28"": 42.0, ""29"": 21.0, ""30"": 17.0, ""31"": 8.0, ""33"": 22.0, ""34"": 11.0, ""35"": 0.215724086, ""36"": 0.15100686, ""37"": 0.472795801, ""38"": 0.016134707, ""39"": 3.852976438, ""40"": 30.13971184, ""42"": 111.7879947, ""43"": 0.421697507, ""44"": 0.025164741, ""45"": 0.038079807, ""46"": 0.024885154, ""47"": 22.0, ""48"": 11.0, ""49"": 5.0, ""50"": 4.0, ""51"": 2.0, ""53"": 16.24379425, ""54"": 3.0, ""55"": 1.0, ""56"": 0.046981784, ""57"": 0.001453045, ""58"": 20.86016687, ""60"": 6.881889353, ""61"": 7.885460208, ""62"": 0.19029793, ""63"": 0.004440829, ""66"": 0.880329188, ""67"": 0.12895011, ""68"": 1.009279298, ""70"": 0.404951427, ""71"": 0.072212062, ""72"": 0.477163488, ""73"": 0.477163488, ""210"": 14.17647059}","{""23"": 62.0, ""24"": 233.0, ""25"": 1.0, ""26"": 1.0, ""27"": 44.0, ""28"": 19.0, ""29"": 7.0, ""30"": 5.0, ""31"": 1.0, ""33"": 8.0, ""34"": 2.0, ""39"": 3.75806452, ""40"": 21.18181818, ""41"": 16.0, ""42"": 68.0, ""47"": 11.0, ""48"": 5.0, ""49"": 1.0, ""53"": 16.0, ""54"": 1.0, ""58"": 18.0, ""59"": 78.0, ""60"": 4.25, ""61"": 6.18181818, ""66"": 1.0, ""67"": 1.0, ""68"": 2.0, ""70"": 1.0, ""71"": 1.0, ""72"": 2.0, ""73"": 2.0, ""155"": 3.0, ""156"": 8.0, ""158"": 8.0, ""179"": 1.0, ""210"": 11.0, ""212"": 12.0, ""213"": 2.0}",2026-08-24T23:49:57-04:00
Jalen Tolbert,4249417,WR,DAL,ACTIVE,17.51826092,2.2,,,169.8339794754846,2.7084704166740763,,,"{""42"": 94.93754374, ""43"": 0.709784354, ""44"": 0.046956644, ""45"": 0.162607711, ""46"": 0.106264139, ""47"": 18.0, ""48"": 9.0, ""49"": 4.0, ""50"": 3.0, ""51"": 1.0, ""53"": 7.522815635, ""54"": 1.0, ""56"": 0.045411341, ""57"": 0.001404474, ""58"": 12.21169587, ""60"": 12.61994821, ""61"": 5.911861698, ""62"": 0.046956644, ""63"": 0.000351688, ""67"": 0.079929183, ""68"": 0.079929183, ""71"": 0.044760343, ""72"": 0.044760343, ""73"": 0.044760343, ""210"": 16.05882353}","{""41"": 2.0, ""42"": 12.0, ""47"": 1.0, ""53"": 2.0, ""58"": 3.0, ""59"": 2.0, ""60"": 6.0, ""61"": 1.5, ""155"": 6.0, ""156"": 2.0, ""210"": 8.0}",2026-08-24T23:49:57-04:00
Kendall Hinton,3700815,WR,DEN,QUESTIONABLE,0.0,44.4,0.0,31.0,169.96509240246405,2.5263397850075155,,,{},"{""23"": 2.0, ""24"": 13.0, ""27"": 2.0, ""28"": 1.0, ""39"": 6.5, ""40"": 1.08333333, ""41"": 24.0, ""42"": 311.0, ""47"": 58.0, ""48"": 26.0, ""49"": 10.0, ""50"": 8.0, ""51"": 2.0, ""53"": 24.0, ""54"": 2.0, ""58"": 33.0, ""59"": 139.0, ""60"": 12.95833333, ""61"": 25.91666667, ""115"": 37.0, ""118"": 3.0, ""119"": 1.0, ""155"": 3.0, ""156"": 9.0, ""210"": 12.0, ""212"": 1.0, ""213"": 13.0}",2026-08-24T23:49:57-04:00
Nelson Agholor,2971618,WR,NE,ACTIVE,72.61441307,59.7,127.77460675,84.9,169.7988597491448,2.468337501885096,,,"{""23"": 4.313074349, ""24"": 26.38529239, ""25"": 0.213547804, ""26"": 0.007468944, ""27"": 5.0, ""28"": 2.0, ""29"": 1.0, ""30"": 1.0, ""35"": 0.007928391, ""36"": 0.005549873, ""37"": 0.001608707, ""38"": 5.49e-05, ""39"": 6.117513926, ""40"": 1.643040186, ""42"": 401.9870417, ""43"": 2.347566362, ""44"": 0.129209816, ""45"": 0.206983468, ""46"": 0.135263696, ""47"": 80.0, ""48"": 40.0, ""49"": 20.0, ""50"": 16.0, ""51"": 8.0, ""53"": 29.16435687, ""54"": 5.0, ""55"": 2.0, ""56"": 0.237819959, ""57"": 0.007355256, ""58"": 49.03752969, ""60"": 13.78350442, ""61"": 25.0321601, ""62"": 0.13667876, ""63"": 0.001789547, ""66"": 0.052399282, ""67"": 0.354316027, ""68"": 0.406715309, ""70"": 0.02410367, ""71"": 0.198416975, ""72"": 0.222520645, ""73"": 0.222520645, ""210"": 16.05882353}","{""41"": 31.0, ""42"": 362.0, ""43"": 2.0, ""45"": 1.0, ""47"": 69.0, ""48"": 32.0, ""49"": 14.0, ""50"": 10.0, ""51"": 3.0, ""52"": 1.0, ""53"": 31.0, ""54"": 3.0, ""56"": 1.0, ""58"": 53.0, ""59"": 144.0, ""60"": 11.67741935, ""61"": 22.625, ""67"": 2.0, ""68"": 2.0, ""71"": 2.0, ""72"": 2.0, ""73"": 2.0, ""108"": 1.0, ""109"": 1.0, ""155"": 7.0, ""156"": 9.0, ""158"": 12.0, ""186"": 1.0, ""210"": 16.0, ""213"": 12.0}",2026-08-24T23:49:57-04:00
Matt Breida,3049916,RB,NYG,ACTIVE,64.828978,49.8,23.14202856,39.2,169.58987226277372,2.4501007637242047,,,"{""23"": 70.43733204, ""24"": 330.106114, ""25"": 1.616230365, ""26"": 0.081624808, ""27"": 66.0, ""28"": 33.0, ""29"": 16.0, ""30"": 13.0, ""31"": 6.0, ""33"": 14.0, ""34"": 7.0, ""35"": 0.134148371, ""36"": 0.09390386, ""37"": 0.280633236, ""38"": 0.009576936, ""39"": 4.686522111, ""40"": 21.83581299, ""42"": 115.0101795, ""43"": 0.58321028, ""44"": 0.034576223, ""45"": 0.050434186, ""46"": 0.032958741, ""47"": 23.0, ""48"": 11.0, ""49"": 5.0, ""50"": 4.0, ""51"": 2.0, ""53"": 15.74253527, ""54"": 3.0, ""55"": 1.0, ""56"": 0.047899052, ""57"": 0.001481414, ""58"": 19.63874953, ""60"": 7.30569616, ""61"": 7.607677242, ""62"": 0.116201031, ""63"": 0.00452158, ""66"": 0.839913614, ""67"": 0.187718207, ""68"": 1.027631821, ""70"": 0.386360262, ""71"": 0.105122196, ""72"": 0.491482458, ""73"": 0.491482458, ""210"": 15.11764706}","{""23"": 54.0, ""24"": 220.0, ""25"": 1.0, ""27"": 39.0, ""28"": 15.0, ""29"": 5.0, ""30"": 3.0, ""31"": 1.0, ""33"": 3.0, ""39"": 4.07407407, ""40"": 12.94117647, ""41"": 20.0, ""42"": 118.0, ""47"": 18.0, ""48"": 6.0, ""53"": 20.0, ""54"": 1.0, ""58"": 25.0, ""59"": 100.0, ""60"": 5.9, ""61"": 6.94117647, ""107"": 1.0, ""108"": 2.0, ""109"": 3.0, ""155"": 9.0, ""156"": 7.0, ""158"": 6.0, ""179"": 1.0, ""210"": 17.0, ""212"": 14.0, ""213"": 5.0}",2026-08-24T23:49:57-04:00
Ben Skowronek,4035656,WR,LAR,QUESTIONABLE,46.97750737,64.8,0.0,18.8,169.77309007981756,2.416333043639317,,,"{""42"": 259.2381065, ""43"": 1.839290671, ""44"": 0.076322913, ""45"": 0.156411463, ""46"": 0.102214891, ""47"": 51.0, ""48"": 25.0, ""49"": 12.0, ""50"": 10.0, ""51"": 5.0, ""53"": 20.31510669, ""54"": 4.0, ""55"": 2.0, ""56"": 0.117791855, ""57"": 0.003643047, ""58"": 33.72080399, ""60"": 12.76085381, ""61"": 16.14303228, ""62"": 0.076322913, ""63"": 0.001148111, ""67"": 0.260934353, ""68"": 0.260934353, ""71"": 0.146123238, ""72"": 0.146123238, ""73"": 0.146123238, ""210"": 16.05882353}","{""23"": 1.0, ""24"": 17.0, ""25"": 1.0, ""27"": 3.0, ""28"": 1.0, ""39"": 17.0, ""40"": 1.21428571, ""41"": 39.0, ""42"": 376.0, ""47"": 71.0, ""48"": 33.0, ""49"": 14.0, ""50"": 10.0, ""51"": 2.0, ""53"": 39.0, ""54"": 3.0, ""58"": 61.0, ""59"": 137.0, ""60"": 9.64102564, ""61"": 26.85714286, ""108"": 1.0, ""109"": 1.0, ""155"": 4.0, ""156"": 10.0, ""158"": 6.0, ""180"": 1.0, ""210"": 14.0, ""212"": 1.0, ""213"": 16.0}",2026-08-24T23:49:57-04:00
Desmond Ridder,4239086,QB,ATL,ACTIVE,136.4665724,42.2,,,169.90533759124088,2.3737126671696434,,,"{""0"": 265.7081017, ""1"": 163.1848161, ""2"": 102.5232855, ""3"": 1799.489896, ""4"": 9.40513421, ""5"": 359.0, ""6"": 179.0, ""7"": 89.0, ""8"": 71.0, ""9"": 35.0, ""10"": 17.0, ""11"": 32.0, ""12"": 16.0, ""15"": 1.386432827, ""16"": 0.906033852, ""17"": 1.216981373, ""18"": 0.164382274, ""19"": 0.510694237, ""20"": 7.074393561, ""21"": 0.614150698, ""22"": 224.936237, ""23"": 40.24743297, ""24"": 178.6677688, ""25"": 1.261858802, ""26"": 0.058421152, ""27"": 35.0, ""28"": 17.0, ""29"": 8.0, ""30"": 7.0, ""31"": 3.0, ""33"": 8.0, ""34"": 4.0, ""35"": 0.077245502, ""36"": 0.054071851, ""37"": 0.174065356, ""38"": 0.005940183, ""39"": 4.4392339, ""40"": 22.3334711, ""62"": 0.569115389, ""63"": 0.019310516, ""64"": 21.18878183, ""65"": 3.848820503, ""66"": 0.539933175, ""68"": 4.388753678, ""69"": 1.847433842, ""70"": 0.248369261, ""72"": 2.095803102, ""73"": 9.170196663, ""210"": 8.0}","{""0"": 115.0, ""1"": 73.0, ""2"": 42.0, ""3"": 708.0, ""4"": 2.0, ""5"": 139.0, ""6"": 68.0, ""7"": 33.0, ""8"": 25.0, ""9"": 12.0, ""10"": 5.0, ""11"": 12.0, ""12"": 5.0, ""13"": 7.0, ""14"": 3.0, ""21"": 0.63478261, ""22"": 177.0, ""23"": 16.0, ""24"": 64.0, ""27"": 10.0, ""28"": 3.0, ""29"": 1.0, ""30"": 1.0, ""33"": 1.0, ""39"": 4.0, ""40"": 16.0, ""64"": 9.0, ""65"": 1.0, ""66"": 2.0, ""68"": 3.0, ""69"": 1.0, ""70"": 1.0, ""72"": 2.0, ""73"": 2.0, ""155"": 2.0, ""156"": 2.0, ""158"": 12.0, ""175"": 2.0, ""210"": 4.0, ""211"": 35.0, ""212"": 4.0}",2026-08-24T23:49:57-04:00
Kalif Raymond,2973405,WR,DET,QUESTIONABLE,25.38004975,92.7,87.63747328,108.4,169.74344355758268,2.360204377352888,,,"{""23"": 2.58481792, ""24"": 15.50908423, ""25"": 0.108168775, ""26"": 0.006928994, ""27"": 3.0, ""28"": 1.0, ""35"": 0.004747807, ""36"": 0.003323465, ""37"": 0.000582332, ""38"": 1.99e-05, ""39"": 6.000068365, ""40"": 0.96576715, ""42"": 123.3948557, ""43"": 0.752009138, ""44"": 0.056519287, ""45"": 0.159176412, ""46"": 0.104021785, ""47"": 24.0, ""48"": 12.0, ""49"": 6.0, ""50"": 4.0, ""51"": 2.0, ""53"": 10.72510127, ""54"": 2.0, ""55"": 1.0, ""56"": 0.050305971, ""57"": 0.001555855, ""58"": 15.95861539, ""60"": 11.50523921, ""61"": 7.68392874, ""62"": 0.063448282, ""63"": 0.001171273, ""66"": 0.051696358, ""67"": 0.214502025, ""68"": 0.266198384, ""70"": 0.023780325, ""71"": 0.120121134, ""72"": 0.143901459, ""73"": 0.143901459, ""102"": 0.187824, ""115"": 230.91, ""118"": 23.0, ""119"": 9.0, ""210"": 16.05882353}","{""23"": 7.0, ""24"": 36.0, ""27"": 6.0, ""28"": 2.0, ""29"": 1.0, ""39"": 5.14285714, ""40"": 2.11764706, ""41"": 47.0, ""42"": 616.0, ""47"": 118.0, ""48"": 54.0, ""49"": 22.0, ""50"": 18.0, ""51"": 5.0, ""53"": 47.0, ""54"": 3.0, ""58"": 64.0, ""59"": 218.0, ""60"": 13.10638298, ""61"": 36.23529412, ""67"": 1.0, ""68"": 3.0, ""71"": 1.0, ""72"": 1.0, ""73"": 1.0, ""102"": 1.0, ""105"": 1.0, ""114"": 65.0, ""115"": 264.0, ""116"": 6.0, ""117"": 2.0, ""118"": 21.0, ""119"": 4.0, ""143"": 3.0, ""144"": 15.0, ""155"": 9.0, ""156"": 8.0, ""158"": 6.0, ""210"": 17.0, ""212"": 4.0, ""213"": 23.0}",2026-08-24T23:49:57-04:00
Will Dissly,3127292,TE,SEA,QUESTIONABLE,37.85281886,69.9,52.50473188,39.6,169.8775091240876,2.3048988258894747,,,"{""42"": 201.9204932, ""43"": 1.278816516, ""44"": 0.053969106, ""45"": 0.122321842, ""46"": 0.079937324, ""47"": 40.0, ""48"": 20.0, ""49"": 10.0, ""50"": 8.0, ""51"": 4.0, ""53"": 20.43685167, ""54"": 4.0, ""55"": 2.0, ""56"": 0.075318976, ""57"": 0.002329453, ""58"": 27.9256433, ""60"": 9.880215236, ""61"": 13.3566085, ""62"": 0.053969106, ""63"": 0.001329796, ""67"": 0.302226434, ""68"": 0.302226434, ""71"": 0.169246803, ""72"": 0.169246803, ""73"": 0.169246803, ""210"": 15.11764706}","{""41"": 34.0, ""42"": 349.0, ""43"": 3.0, ""47"": 63.0, ""48"": 29.0, ""49"": 11.0, ""50"": 5.0, ""53"": 34.0, ""58"": 38.0, ""59"": 184.0, ""60"": 10.26470588, ""61"": 23.26666667, ""96"": 1.0, ""106"": 1.0, ""108"": 4.0, ""109"": 4.0, ""155"": 7.0, ""156"": 8.0, ""158"": 18.0, ""184"": 2.0, ""186"": 1.0, ""210"": 15.0, ""213"": 20.0}",2026-08-24T23:49:57-04:00
Ty Johnson,3915411,RB,NYJ,ACTIVE,20.01011583,36.8,72.19414502,100.0,169.80816605839416,2.2939871756385504,,,"{""23"": 18.70219023, ""24"": 80.09098444, ""25"": 0.534168839, ""26"": 0.037975934, ""27"": 16.0, ""28"": 8.0, ""29"": 4.0, ""30"": 3.0, ""31"": 1.0, ""33"": 3.0, ""34"": 1.0, ""35"": 0.034670492, ""36"": 0.024269344, ""37"": 0.017098209, ""38"": 0.000583496, ""39"": 4.282438765, ""40"": 5.649571517, ""42"": 49.60645304, ""43"": 0.159372589, ""44"": 0.013293608, ""45"": 0.05689445, ""46"": 0.037180523, ""47"": 9.0, ""48"": 4.0, ""49"": 2.0, ""50"": 1.0, ""53"": 5.583109069, ""54"": 1.0, ""56"": 0.024964603, ""57"": 0.000772101, ""58"": 8.105203493, ""60"": 8.885094742, ""61"": 3.49921038, ""62"": 0.051269541, ""63"": 0.001273213, ""66"": 0.222842149, ""67"": 0.066524402, ""68"": 0.289366551, ""70"": 0.102507389, ""71"": 0.037253665, ""72"": 0.139761054, ""73"": 0.139761054, ""101"": 0.044092, ""114"": 136.0208, ""116"": 13.0, ""117"": 5.0, ""210"": 14.17647059}","{""23"": 30.0, ""24"": 160.0, ""25"": 1.0, ""27"": 28.0, ""28"": 12.0, ""29"": 5.0, ""30"": 3.0, ""31"": 1.0, ""33"": 3.0, ""39"": 5.33333333, ""40"": 9.41176471, ""41"": 12.0, ""42"": 88.0, ""47"": 15.0, ""48"": 6.0, ""49"": 1.0, ""50"": 1.0, ""53"": 12.0, ""54"": 1.0, ""58"": 24.0, ""59"": 73.0, ""60"": 7.33333333, ""61"": 5.17647059, ""108"": 2.0, ""109"": 2.0, ""114"": 39.0, ""116"": 2.0, ""155"": 7.0, ""156"": 10.0, ""158"": 6.0, ""182"": 1.0, ""210"": 17.0, ""212"": 5.0, ""213"": 2.0}",2026-08-24T23:49:57-04:00
Ameer Abdullah,2576336,RB,LV,ACTIVE,59.76763613,41.6,0.0,70.5,169.59078467153284,2.2858461755459762,,,"{""23"": 32.30741249, ""24"": 135.9178733, ""25"": 1.125215318, ""26"": 0.041124897, ""27"": 27.0, ""28"": 13.0, ""29"": 6.0, ""30"": 5.0, ""31"": 2.0, ""33"": 6.0, ""34"": 3.0, ""35"": 0.060296162, ""36"": 0.042207313, ""37"": 0.047033232, ""38"": 0.001605064, ""39"": 4.207018228, ""40"": 8.990676442, ""42"": 199.6807126, ""43"": 0.960061909, ""44"": 0.041162609, ""45"": 0.044796691, ""46"": 0.029274638, ""47"": 39.0, ""48"": 19.0, ""49"": 9.0, ""50"": 7.0, ""51"": 3.0, ""53"": 25.52774254, ""54"": 5.0, ""55"": 2.0, ""56"": 0.074502775, ""57"": 0.00230421, ""58"": 35.23708286, ""60"": 7.822106177, ""61"": 13.20845181, ""62"": 0.082287505, ""63"": 0.001952626, ""66"": 0.247900107, ""67"": 0.195878581, ""68"": 0.443778688, ""70"": 0.114034049, ""71"": 0.109692005, ""72"": 0.223726054, ""73"": 0.223726054, ""101"": 0.178784, ""102"": 0.023736, ""114"": 716.9835294, ""115"": 21.156, ""116"": 71.0, ""117"": 28.0, ""118"": 2.0, ""210"": 15.11764706}","{""23"": 4.0, ""24"": 20.0, ""27"": 3.0, ""28"": 1.0, ""39"": 5.0, ""40"": 1.17647059, ""41"": 25.0, ""42"": 211.0, ""43"": 1.0, ""47"": 37.0, ""48"": 15.0, ""49"": 5.0, ""50"": 4.0, ""53"": 25.0, ""58"": 32.0, ""59"": 195.0, ""60"": 8.44, ""61"": 12.41176471, ""107"": 4.0, ""108"": 4.0, ""109"": 8.0, ""110"": 1.0, ""114"": 543.0, ""116"": 49.0, ""117"": 14.0, ""155"": 6.0, ""156"": 11.0, ""158"": 6.0, ""184"": 1.0, ""210"": 17.0, ""212"": 2.0, ""213"": 8.0}",2026-08-24T23:49:57-04:00
A.J. Green,13983,WR,ARI,ACTIVE,98.24978002,49.6,111.20280147,129.8,169.13865450399086,2.280301526769144,,,"{""42"": 547.0263601, ""43"": 4.011876986, ""44"": 0.223612659, ""45"": 0.166724386, ""46"": 0.108954386, ""47"": 109.0, ""48"": 54.0, ""49"": 27.0, ""50"": 21.0, ""51"": 10.0, ""53"": 39.09303587, ""54"": 7.0, ""55"": 3.0, ""56"": 0.584777737, ""57"": 0.018085909, ""58"": 69.9484834, ""60"": 13.99293628, ""61"": 36.18462304, ""62"": 0.223612659, ""63"": 0.002034455, ""67"": 0.462376037, ""68"": 0.462376037, ""71"": 0.258930581, ""72"": 0.258930581, ""73"": 0.258930581, ""210"": 15.11764706}","{""41"": 24.0, ""42"": 236.0, ""43"": 2.0, ""44"": 1.0, ""45"": 1.0, ""46"": 1.0, ""47"": 45.0, ""48"": 20.0, ""49"": 7.0, ""50"": 5.0, ""51"": 2.0, ""53"": 24.0, ""54"": 1.0, ""58"": 47.0, ""59"": 56.0, ""60"": 9.83333333, ""61"": 15.73333333, ""155"": 2.0, ""156"": 13.0, ""158"": 14.0, ""183"": 1.0, ""210"": 15.0, ""213"": 11.0}",2026-08-24T23:49:57-04:00
T.Y. Hilton,14924,WR,DAL,ACTIVE,0.0,15.6,76.26520234,62.6,169.94230330672747,2.26461424252915,,,{},"{""41"": 7.0, ""42"": 121.0, ""47"": 23.0, ""48"": 11.0, ""49"": 4.0, ""50"": 4.0, ""51"": 2.0, ""53"": 7.0, ""58"": 10.0, ""59"": 33.0, ""60"": 17.28571429, ""61"": 40.33333333, ""155"": 2.0, ""156"": 1.0, ""210"": 3.0, ""213"": 5.0}",2026-08-24T23:49:57-04:00
Albert Okwuegbunam,4035115,TE,DEN,ACTIVE,99.23137497,20.5,31.23640261,59.5,169.43909671532847,2.1967882970746957,,,"{""42"": 478.9714376, ""43"": 4.69024598, ""44"": 0.265447467, ""45"": 0.154501122, ""46"": 0.100966483, ""47"": 95.0, ""48"": 47.0, ""49"": 23.0, ""50"": 19.0, ""51"": 9.0, ""53"": 46.58373081, ""54"": 9.0, ""55"": 4.0, ""56"": 0.346361523, ""57"": 0.010712212, ""58"": 62.69582947, ""60"": 10.28194671, ""61"": 29.82606022, ""62"": 0.265447467, ""63"": 0.00247502, ""67"": 0.562504475, ""68"": 0.562504475, ""71"": 0.315002506, ""72"": 0.315002506, ""73"": 0.315002506, ""210"": 16.05882353}","{""41"": 10.0, ""42"": 95.0, ""43"": 1.0, ""47"": 18.0, ""48"": 8.0, ""49"": 3.0, ""50"": 2.0, ""53"": 10.0, ""54"": 1.0, ""58"": 18.0, ""59"": 59.0, ""60"": 9.5, ""61"": 11.875, ""155"": 3.0, ""156"": 5.0, ""158"": 6.0, ""185"": 1.0, ""210"": 8.0, ""213"": 4.0}",2026-08-24T23:49:57-04:00
Dustin Hopkins,15965,K,LAC,ACTIVE,128.65021895,39.0,124.00643256,143.0,168.55079474775397,2.163460657387676,,,"{""74"": 3.126286184, ""75"": 5.003766475, ""76"": 1.877480291, ""77"": 7.176509406, ""78"": 9.40827948, ""79"": 2.231770074, ""80"": 14.75422686, ""81"": 15.55062755, ""82"": 0.796400692, ""83"": 25.05702245, ""84"": 29.9626735, ""85"": 4.905651057, ""86"": 44.95572088, ""87"": 48.1950764, ""88"": 3.239355515, ""198"": 3.126286184, ""199"": 5.003766475, ""200"": 1.877480291, ""210"": 17.0}","{""77"": 1.0, ""78"": 2.0, ""79"": 1.0, ""80"": 8.0, ""81"": 8.0, ""83"": 9.0, ""84"": 10.0, ""85"": 1.0, ""86"": 12.0, ""87"": 12.0, ""107"": 1.0, ""109"": 1.0, ""155"": 4.0, ""156"": 2.0, ""158"": 39.0, ""210"": 6.0, ""214"": 301.0, ""215"": 49.0, ""216"": 350.0, ""217"": 59.0, ""218"": 29.0, ""219"": 14.0, ""220"": 10.0, ""221"": 3.0, ""222"": 1.0, ""223"": 9.0, ""224"": 4.0, ""225"": 2.0, ""226"": 1.0, ""229"": 69.0, ""230"": 34.0, ""231"": 16.0, ""232"": 12.0, ""233"": 4.0, ""234"": 1.0}",2026-08-24T23:49:57-04:00
Sony Michel,3128721,RB,FA,ACTIVE,56.60095709,20.4,144.22153472,135.8,169.33827554744525,2.0721665984954916,,,"{""23"": 74.34682547, ""24"": 305.269128, ""25"": 2.321656792, ""26"": 0.16542618, ""27"": 61.0, ""28"": 30.0, ""29"": 15.0, ""30"": 12.0, ""31"": 6.0, ""33"": 14.0, ""34"": 7.0, ""35"": 0.141879898, ""36"": 0.099315928, ""37"": 0.239408127, ""38"": 0.008170081, ""39"": 4.106014293, ""40"": 20.19289952, ""42"": 61.00531602, ""43"": 0.35066782, ""44"": 0.026846811, ""45"": 0.036636582, ""46"": 0.023942006, ""47"": 12.0, ""48"": 6.0, ""49"": 3.0, ""50"": 2.0, ""51"": 1.0, ""53"": 8.075226537, ""54"": 1.0, ""56"": 0.029746751, ""57"": 0.000920003, ""58"": 11.60488733, ""60"": 7.554625959, ""61"": 4.035371099, ""62"": 0.192272991, ""63"": 0.002259926, ""66"": 0.463298101, ""67"": 0.05032141, ""68"": 0.513619511, ""70"": 0.213117126, ""71"": 0.02817999, ""72"": 0.241297116, ""73"": 0.241297116, ""210"": 15.11764706}","{""23"": 36.0, ""24"": 106.0, ""27"": 18.0, ""28"": 8.0, ""29"": 2.0, ""30"": 1.0, ""33"": 4.0, ""39"": 2.94444444, ""40"": 10.6, ""41"": 9.0, ""42"": 53.0, ""47"": 8.0, ""48"": 2.0, ""53"": 9.0, ""58"": 13.0, ""59"": 46.0, ""60"": 5.88888889, ""61"": 5.3, ""155"": 5.0, ""156"": 5.0, ""210"": 10.0, ""212"": 8.0, ""213"": 1.0}",2026-08-24T23:49:57-04:00
Pierre Strong Jr.,4249836,RB,NE,ACTIVE,13.85354413,23.7,,,169.70004562043795,2.03365923751698,,,"{""23"": 12.17453446, ""24"": 50.96900138, ""25"": 0.482356278, ""26"": 0.016869325, ""27"": 10.0, ""28"": 5.0, ""29"": 2.0, ""30"": 2.0, ""31"": 1.0, ""33"": 2.0, ""34"": 1.0, ""35"": 0.022484613, ""36"": 0.015739229, ""37"": 0.006780525, ""38"": 0.000231393, ""39"": 4.186525698, ""40"": 3.610304264, ""42"": 29.40546413, ""43"": 0.160404138, ""44"": 0.008828184, ""45"": 0.040060189, ""46"": 0.026179333, ""47"": 5.0, ""48"": 2.0, ""49"": 1.0, ""50"": 1.0, ""53"": 4.074878844, ""56"": 0.016001215, ""57"": 0.000494883, ""58"": 5.299685087, ""60"": 7.21627937, ""61"": 2.082887043, ""62"": 0.025697509, ""63"": 0.000586419, ""66"": 0.099855113, ""67"": 0.033422016, ""68"": 0.13327713, ""70"": 0.045933352, ""71"": 0.018716329, ""72"": 0.064649681, ""73"": 0.064649681, ""210"": 14.11764706}","{""23"": 10.0, ""24"": 100.0, ""25"": 1.0, ""27"": 20.0, ""28"": 9.0, ""29"": 4.0, ""30"": 3.0, ""31"": 1.0, ""33"": 1.0, ""39"": 10.0, ""40"": 6.66666667, ""41"": 7.0, ""42"": 42.0, ""47"": 8.0, ""48"": 4.0, ""49"": 1.0, ""53"": 7.0, ""58"": 7.0, ""59"": 38.0, ""60"": 6.0, ""61"": 2.8, ""107"": 1.0, ""108"": 5.0, ""109"": 6.0, ""114"": 115.0, ""116"": 10.0, ""117"": 2.0, ""155"": 7.0, ""156"": 8.0, ""158"": 6.0, ""179"": 1.0, ""210"": 15.0, ""212"": 5.0, ""213"": 3.0}",2026-08-24T23:49:57-04:00
Zamir White,4361777,RB,LV,ACTIVE,87.21014868,7.0,,,169.67537396740343,1.9722660329428123,,,"{""23"": 105.4291235, ""24"": 452.3117285, ""25"": 3.83459043, ""26"": 0.140120104, ""27"": 90.0, ""28"": 45.0, ""29"": 22.0, ""30"": 18.0, ""31"": 9.0, ""33"": 21.0, ""34"": 10.0, ""35"": 0.204541175, ""36"": 0.143178823, ""37"": 0.530520298, ""38"": 0.018104622, ""39"": 4.290197182, ""40"": 29.91945286, ""42"": 97.65380305, ""43"": 0.546909491, ""44"": 0.023446631, ""45"": 0.044576393, ""46"": 0.029130673, ""47"": 19.0, ""48"": 9.0, ""49"": 4.0, ""50"": 3.0, ""51"": 1.0, ""53"": 13.02532755, ""54"": 2.0, ""55"": 1.0, ""56"": 0.042577668, ""57"": 0.001316835, ""58"": 17.25284283, ""60"": 7.497224364, ""61"": 6.459590085, ""62"": 0.163566735, ""63"": 0.004274861, ""66"": 0.864726048, ""67"": 0.106833289, ""68"": 0.971559337, ""70"": 0.397773982, ""71"": 0.059826642, ""72"": 0.457600624, ""73"": 0.457600624, ""210"": 15.11764706}","{""23"": 17.0, ""24"": 70.0, ""27"": 11.0, ""28"": 4.0, ""29"": 2.0, ""30"": 1.0, ""39"": 4.11764706, ""40"": 5.0, ""155"": 5.0, ""156"": 9.0, ""210"": 14.0, ""212"": 4.0}",2026-08-24T23:49:57-04:00
Ronald Jones,3912550,RB,KC,ACTIVE,36.66858365,15.7,112.39303055,74.2,169.68567518248176,1.9446212943038537,,,"{""23"": 46.19967544, ""24"": 196.5618943, ""25"": 1.831297994, ""26"": 0.074527395, ""27"": 39.0, ""28"": 19.0, ""29"": 9.0, ""30"": 7.0, ""31"": 3.0, ""33"": 9.0, ""34"": 4.0, ""35"": 0.086866605, ""36"": 0.060806624, ""37"": 0.098962118, ""38"": 0.003377197, ""39"": 4.254616347, ""40"": 13.00214865, ""42"": 32.2997294, ""43"": 0.142709494, ""44"": 0.005191237, ""45"": 0.035865865, ""46"": 0.023438343, ""47"": 6.0, ""48"": 3.0, ""49"": 1.0, ""50"": 1.0, ""53"": 4.630204802, ""56"": 0.017506842, ""57"": 0.000541449, ""58"": 6.231015562, ""60"": 6.975874888, ""61"": 2.136557976, ""62"": 0.079718632, ""63"": 0.002514466, ""66"": 0.519413188, ""67"": 0.052056414, ""68"": 0.571469602, ""70"": 0.238930066, ""71"": 0.029151592, ""72"": 0.268081658, ""73"": 0.268081658, ""210"": 15.11764706}","{""23"": 17.0, ""24"": 70.0, ""25"": 1.0, ""27"": 12.0, ""28"": 5.0, ""29"": 2.0, ""30"": 1.0, ""33"": 2.0, ""34"": 1.0, ""39"": 4.11764706, ""40"": 10.0, ""41"": 1.0, ""42"": 22.0, ""47"": 4.0, ""48"": 2.0, ""49"": 1.0, ""53"": 1.0, ""58"": 1.0, ""59"": 23.0, ""60"": 22.0, ""61"": 3.14285714, ""155"": 6.0, ""156"": 1.0, ""158"": 6.0, ""179"": 1.0, ""210"": 7.0, ""212"": 4.0, ""213"": 1.0}",2026-08-24T23:49:57-04:00
Texans D/ST,-16034,D/ST,HOU,,52.25020676,93.0,64.16142692,59.0,169.0836228862636,1.9394824562422328,,,"{""90"": 0.62962963, ""91"": 1.259259259, ""92"": 0.419753086, ""93"": 0.049579456, ""94"": 1.856247583, ""95"": 12.61309917, ""96"": 8.086406477, ""97"": 0.954599843, ""98"": 0.121919155, ""99"": 37.38827987, ""100"": 74.77655973, ""101"": 0.253351901, ""102"": 0.329193863, ""103"": 1.297875653, ""104"": 0.55837193, ""105"": 2.488372803, ""106"": 12.44062535, ""109"": 1007.335031, ""110"": 335.0, ""111"": 201.0, ""113"": 70.28315114, ""114"": 773.2691358, ""115"": 231.4931507, ""116"": 77.0, ""117"": 30.0, ""118"": 23.0, ""119"": 9.0, ""120"": 424.6995717, ""121"": 1.888888889, ""122"": 3.777777778, ""123"": 5.037037037, ""124"": 3.358024691, ""125"": 0.62962963, ""126"": 24.98232775, ""127"": 6207.764224, ""130"": 2.728395062, ""131"": 1.679012346, ""132"": 3.777777778, ""133"": 3.987654321, ""134"": 2.728395062, ""135"": 1.259259259, ""136"": 0.839506173, ""137"": 365.1626014, ""160"": -424.6995717, ""210"": 17.0}","{""89"": 0.0, ""90"": 1.0, ""91"": 0.0, ""92"": 5.0, ""94"": 1.0, ""95"": 16.0, ""96"": 11.0, ""98"": 1.0, ""99"": 39.0, ""100"": 78.0, ""103"": 1.0, ""105"": 1.0, ""106"": 13.0, ""107"": 418.0, ""108"": 829.0, ""109"": 1247.0, ""110"": 411.0, ""111"": 242.0, ""112"": 95.0, ""113"": 65.0, ""114"": 513.0, ""115"": 362.0, ""116"": 46.0, ""117"": 14.0, ""118"": 30.0, ""119"": 7.0, ""120"": 378.0, ""121"": 1.0, ""122"": 6.0, ""123"": 4.0, ""124"": 0.0, ""127"": 6452.0, ""128"": 0.0, ""129"": 0.0, ""130"": 1.0, ""131"": 4.0, ""132"": 6.0, ""133"": 4.0, ""134"": 0.0, ""135"": 2.0, ""136"": 0.0, ""155"": 3.0, ""156"": 13.0, ""187"": 378.0, ""188"": 0.0, ""189"": 1.0, ""190"": 0.0, ""191"": 5.0, ""192"": 1.0, ""193"": 6.0, ""194"": 4.0, ""195"": 0.0, ""210"": 17.0}",2026-08-24T23:49:57-04:00
Royce Freeman,3122672,RB,HOU,ACTIVE,0.0,16.0,21.59444727,29.6,169.9603102189781,1.9291330460867815,,,{},"{""23"": 41.0, ""24"": 117.0, ""27"": 22.0, ""28"": 10.0, ""29"": 3.0, ""30"": 3.0, ""31"": 1.0, ""33"": 7.0, ""34"": 2.0, ""39"": 2.85365854, ""40"": 29.25, ""41"": 6.0, ""42"": 33.0, ""47"": 6.0, ""48"": 2.0, ""49"": 1.0, ""53"": 6.0, ""58"": 8.0, ""59"": 39.0, ""60"": 5.5, ""61"": 8.25, ""66"": 1.0, ""68"": 1.0, ""70"": 1.0, ""72"": 1.0, ""73"": 1.0, ""155"": 2.0, ""156"": 2.0, ""210"": 4.0, ""212"": 8.0}",2026-08-24T23:49:57-04:00
Isaiah Spiller,4426891,RB,LAC,ACTIVE,48.29251243,6.9,,,169.83097627737226,1.9132818432701746,,,"{""23"": 62.13871979, ""24"": 268.0691726, ""25"": 2.012773523, ""26"": 0.143430471, ""27"": 53.0, ""28"": 26.0, ""29"": 13.0, ""30"": 10.0, ""31"": 5.0, ""33"": 12.0, ""34"": 6.0, ""35"": 0.118062445, ""36"": 0.082643711, ""37"": 0.195904647, ""38"": 0.006685474, ""39"": 4.314044021, ""40"": 18.98823306, ""42"": 46.62225568, ""43"": 0.288825922, ""44"": 0.02211373, ""45"": 0.039035559, ""46"": 0.025509738, ""47"": 9.0, ""48"": 4.0, ""49"": 2.0, ""50"": 1.0, ""53"": 6.421114108, ""54"": 1.0, ""56"": 0.023727149, ""57"": 0.000733829, ""58"": 8.440683404, ""60"": 7.260773581, ""61"": 3.302409777, ""62"": 0.165544201, ""63"": 0.002474232, ""66"": 0.509659644, ""67"": 0.052665757, ""68"": 0.562325402, ""70"": 0.234443436, ""71"": 0.029492824, ""72"": 0.263936261, ""73"": 0.263936261, ""210"": 14.11764706}","{""23"": 18.0, ""24"": 41.0, ""27"": 7.0, ""28"": 3.0, ""29"": 1.0, ""30"": 1.0, ""33"": 1.0, ""39"": 2.27777778, ""40"": 6.83333333, ""41"": 3.0, ""42"": 13.0, ""47"": 2.0, ""48"": 1.0, ""53"": 3.0, ""58"": 3.0, ""59"": 23.0, ""60"": 4.33333333, ""61"": 2.16666667, ""155"": 3.0, ""156"": 3.0, ""210"": 6.0, ""212"": 2.0}",2026-08-24T23:49:57-04:00
Bears D/ST,-16003,D/ST,CHI,,49.62842694,29.0,89.05851181,85.0,168.98007875839704,1.885628179818295,,,"{""91"": 0.701030928, ""92"": 1.226804124, ""93"": 0.066107741, ""94"": 1.844733111, ""95"": 11.73201623, ""96"": 9.694355074, ""97"": 0.985399346, ""98"": 0.125708671, ""99"": 37.40248373, ""100"": 74.80496747, ""101"": 0.22165829, ""102"": 0.23736, ""103"": 1.285355894, ""104"": 0.559377217, ""105"": 2.369859142, ""106"": 14.91439242, ""109"": 1023.748757, ""110"": 341.0, ""111"": 204.0, ""113"": 65.65718778, ""114"": 722.9421275, ""115"": 211.56, ""116"": 72.0, ""117"": 28.0, ""118"": 21.0, ""119"": 8.0, ""120"": 426.1675094, ""121"": 2.628865979, ""122"": 3.680412371, ""123"": 5.082474227, ""124"": 3.154639175, ""125"": 0.525773196, ""126"": 25.06867702, ""127"": 6004.602323, ""129"": 0.62962963, ""130"": 3.987654321, ""131"": 2.938271605, ""132"": 4.407407407, ""133"": 2.518518519, ""134"": 1.469135802, ""135"": 0.839506173, ""136"": 0.209876543, ""137"": 353.2119014, ""160"": -426.1675094, ""210"": 17.0}","{""89"": 0.0, ""90"": 0.0, ""91"": 2.0, ""92"": 1.0, ""95"": 14.0, ""96"": 9.0, ""97"": 1.0, ""99"": 20.0, ""100"": 40.0, ""106"": 14.0, ""107"": 383.0, ""108"": 747.0, ""109"": 1130.0, ""110"": 372.0, ""111"": 219.0, ""112"": 76.0, ""113"": 50.0, ""114"": 996.0, ""115"": 198.0, ""116"": 93.0, ""117"": 31.0, ""118"": 15.0, ""119"": 2.0, ""120"": 451.0, ""121"": 2.0, ""122"": 4.0, ""123"": 4.0, ""124"": 4.0, ""127"": 6390.0, ""128"": 0.0, ""129"": 0.0, ""130"": 3.0, ""131"": 4.0, ""132"": 2.0, ""133"": 5.0, ""134"": 2.0, ""135"": 1.0, ""136"": 0.0, ""155"": 3.0, ""156"": 14.0, ""187"": 451.0, ""188"": 0.0, ""189"": 0.0, ""190"": 2.0, ""191"": 1.0, ""192"": 2.0, ""193"": 4.0, ""194"": 4.0, ""195"": 4.0, ""210"": 17.0}",2026-08-24T23:49:57-04:00
Joey Slye,3124084,K,WSH,ACTIVE,126.98737092,110.0,21.88054298,98.0,169.49665821617884,1.8121355104921009,,,"{""74"": 3.37143961, ""75"": 5.291560578, ""76"": 1.920120968, ""77"": 7.712131381, ""78"": 9.949401326, ""79"": 2.237269945, ""80"": 15.80589712, ""81"": 16.44502958, ""82"": 0.639132465, ""83"": 26.88946811, ""84"": 31.68599149, ""85"": 4.796523378, ""86"": 36.66047936, ""87"": 38.78860782, ""88"": 2.128128454, ""198"": 3.37143961, ""199"": 5.291560578, ""200"": 1.920120968, ""210"": 17.0}","{""74"": 4.0, ""75"": 6.0, ""76"": 2.0, ""77"": 8.0, ""78"": 10.0, ""79"": 2.0, ""80"": 13.0, ""81"": 14.0, ""82"": 1.0, ""83"": 25.0, ""84"": 30.0, ""85"": 5.0, ""86"": 24.0, ""87"": 28.0, ""88"": 4.0, ""107"": 2.0, ""109"": 2.0, ""155"": 8.0, ""156"": 8.0, ""158"": 99.0, ""198"": 4.0, ""199"": 6.0, ""200"": 2.0, ""210"": 17.0, ""214"": 958.0, ""215"": 230.0, ""216"": 1188.0, ""217"": 186.0, ""218"": 90.0, ""219"": 42.0, ""220"": 31.0, ""221"": 11.0, ""222"": 1.0, ""223"": 44.0, ""224"": 21.0, ""225"": 10.0, ""226"": 7.0, ""227"": 2.0, ""229"": 231.0, ""230"": 112.0, ""231"": 52.0, ""232"": 40.0, ""233"": 15.0, ""234"": 5.0}",2026-08-24T23:49:57-04:00
Noah Brown,3121409,WR,HOU,ACTIVE,99.62687157,93.0,20.03208867,26.4,169.4453819840365,1.8118936015614984,,,"{""42"": 564.8861369, ""43"": 3.532557933, ""44"": 0.233503131, ""45"": 0.172013994, ""46"": 0.112411145, ""47"": 112.0, ""48"": 56.0, ""49"": 28.0, ""50"": 22.0, ""51"": 11.0, ""53"": 44.22419771, ""54"": 8.0, ""55"": 4.0, ""56"": 0.549565141, ""57"": 0.01699686, ""58"": 72.04639379, ""60"": 12.77323651, ""61"": 35.17605981, ""62"": 0.233503131, ""63"": 0.002499337, ""67"": 0.568031101, ""68"": 0.568031101, ""71"": 0.318097417, ""72"": 0.318097417, ""73"": 0.318097417, ""210"": 16.05882353}","{""41"": 43.0, ""42"": 555.0, ""43"": 3.0, ""47"": 107.0, ""48"": 50.0, ""49"": 22.0, ""50"": 16.0, ""51"": 6.0, ""53"": 43.0, ""54"": 5.0, ""58"": 74.0, ""59"": 128.0, ""60"": 12.90697674, ""61"": 34.6875, ""67"": 1.0, ""68"": 1.0, ""71"": 1.0, ""72"": 1.0, ""73"": 1.0, ""107"": 2.0, ""108"": 3.0, ""109"": 5.0, ""110"": 1.0, ""155"": 11.0, ""156"": 5.0, ""158"": 18.0, ""183"": 2.0, ""184"": 1.0, ""210"": 16.0, ""213"": 24.0}",2026-08-24T23:49:57-04:00
Tony Jones Jr.,4046676,RB,SEA,ACTIVE,14.5600749,7.9,89.35013681,19.6,169.91332116788323,1.777811406088501,,,"{""23"": 20.55974392, ""24"": 84.6559299, ""25"": 0.588046604, ""26"": 0.028654892, ""27"": 16.0, ""28"": 8.0, ""29"": 4.0, ""30"": 3.0, ""31"": 1.0, ""33"": 4.0, ""34"": 2.0, ""35"": 0.038154298, ""36"": 0.026708008, ""37"": 0.019135134, ""38"": 0.000653009, ""39"": 4.117557604, ""40"": 5.996461701, ""42"": 13.27764841, ""43"": 0.063052928, ""44"": 0.003763779, ""45"": 0.035143792, ""46"": 0.022966468, ""47"": 2.0, ""48"": 1.0, ""53"": 1.868426194, ""56"": 0.007715552, ""57"": 0.000238625, ""58"": 2.497312937, ""60"": 7.106327481, ""61"": 0.940500096, ""62"": 0.03241867, ""63"": 0.000652631, ""66"": 0.135968725, ""67"": 0.012356551, ""68"": 0.148325276, ""70"": 0.062545613, ""71"": 0.006919669, ""72"": 0.069465282, ""73"": 0.069465282, ""210"": 14.11764706}","{""23"": 10.0, ""24"": 24.0, ""27"": 3.0, ""28"": 1.0, ""33"": 1.0, ""39"": 2.4, ""40"": 4.0, ""41"": 5.0, ""42"": 30.0, ""47"": 5.0, ""48"": 2.0, ""53"": 5.0, ""58"": 8.0, ""59"": 34.0, ""60"": 6.0, ""61"": 5.0, ""108"": 1.0, ""109"": 1.0, ""155"": 4.0, ""156"": 2.0, ""210"": 6.0, ""212"": 3.0}",2026-08-24T23:49:57-04:00
Ka'imi Fairbairn,2971573,K,HOU,ACTIVE,118.09001402,130.0,102.89513071,64.0,169.70790140520617,1.7344074254363653,,,"{""74"": 3.359505012, ""75"": 5.412461965, ""76"": 2.052956953, ""77"": 7.72106213, ""78"": 10.17672489, ""79"": 2.455662762, ""80"": 15.89054524, ""81"": 16.82076503, ""82"": 0.930219786, ""83"": 26.97111239, ""84"": 32.40995189, ""85"": 5.438839502, ""86"": 28.17544422, ""87"": 30.33864649, ""88"": 2.163202274, ""198"": 3.359505012, ""199"": 5.412461965, ""200"": 2.052956953, ""210"": 17.0}","{""74"": 6.0, ""75"": 6.0, ""77"": 9.0, ""78"": 10.0, ""79"": 1.0, ""80"": 14.0, ""81"": 15.0, ""82"": 1.0, ""83"": 29.0, ""84"": 31.0, ""85"": 2.0, ""86"": 24.0, ""87"": 24.0, ""155"": 3.0, ""156"": 13.0, ""158"": 111.0, ""198"": 6.0, ""199"": 6.0, ""210"": 17.0, ""214"": 1132.0, ""215"": 85.0, ""216"": 1217.0, ""217"": 219.0, ""218"": 104.0, ""219"": 49.0, ""220"": 38.0, ""221"": 13.0, ""222"": 4.0, ""223"": 16.0, ""224"": 7.0, ""225"": 3.0, ""226"": 2.0, ""229"": 235.0, ""230"": 111.0, ""231"": 53.0, ""232"": 42.0, ""233"": 15.0, ""234"": 5.0}",2026-08-24T23:49:57-04:00
Calvin Ridley,3925357,WR,JAX,ACTIVE,0.0,0.0,228.48189834,55.6,169.6800456100342,1.7325768180053498,,,{},{},2026-08-24T23:49:57-04:00
Malik Davis,4240603,RB,DAL,ACTIVE,,31.4,,,169.74452554744525,1.729976862405398,,,null,"{""23"": 38.0, ""24"": 161.0, ""25"": 1.0, ""27"": 28.0, ""28"": 12.0, ""29"": 4.0, ""30"": 3.0, ""33"": 6.0, ""34"": 1.0, ""39"": 4.23684211, ""40"": 13.41666667, ""41"": 6.0, ""42"": 63.0, ""47"": 11.0, ""48"": 5.0, ""49"": 2.0, ""53"": 6.0, ""58"": 7.0, ""59"": 65.0, ""60"": 10.5, ""61"": 5.25, ""108"": 2.0, ""109"": 2.0, ""155"": 8.0, ""156"": 4.0, ""158"": 6.0, ""181"": 1.0, ""210"": 12.0, ""212"": 7.0, ""213"": 4.0}",2026-08-24T23:49:57-04:00
Davis Mills,4242546,QB,HOU,ACTIVE,245.90786604,214.4,91.83788374,187.8,169.89507299270073,1.6928975570601312,,,"{""0"": 547.2973057, ""1"": 353.6826933, ""2"": 193.6146125, ""3"": 3830.334018, ""4"": 18.05202777, ""5"": 766.0, ""6"": 383.0, ""7"": 191.0, ""8"": 153.0, ""9"": 76.0, ""10"": 38.0, ""11"": 70.0, ""12"": 35.0, ""15"": 3.284325115, ""16"": 2.146306462, ""17"": 3.63720218, ""18"": 0.491290646, ""19"": 1.066841875, ""20"": 13.25179614, ""21"": 0.646235034, ""22"": 255.3556012, ""23"": 28.52039502, ""24"": 109.4486021, ""25"": 0.842995682, ""26"": 0.044373243, ""27"": 21.0, ""28"": 10.0, ""29"": 5.0, ""30"": 4.0, ""31"": 2.0, ""33"": 5.0, ""34"": 2.0, ""35"": 0.053223514, ""36"": 0.03725646, ""37"": 0.034234406, ""38"": 0.001168289, ""39"": 3.837555616, ""40"": 7.296573474, ""62"": 1.111215117, ""63"": 0.033642374, ""64"": 39.25383162, ""65"": 7.291455276, ""66"": 0.354538882, ""68"": 7.645994158, ""69"": 3.499898532, ""70"": 0.163087886, ""72"": 3.662986418, ""73"": 16.91478256, ""210"": 15.0}","{""0"": 479.0, ""1"": 292.0, ""2"": 187.0, ""3"": 3118.0, ""4"": 17.0, ""5"": 618.0, ""6"": 305.0, ""7"": 149.0, ""8"": 118.0, ""9"": 55.0, ""10"": 24.0, ""11"": 52.0, ""12"": 22.0, ""13"": 30.0, ""14"": 11.0, ""17"": 2.0, ""19"": 1.0, ""20"": 15.0, ""21"": 0.60960334, ""22"": 207.86666667, ""23"": 32.0, ""24"": 108.0, ""25"": 2.0, ""27"": 18.0, ""28"": 7.0, ""29"": 2.0, ""30"": 1.0, ""33"": 2.0, ""39"": 3.375, ""40"": 7.2, ""64"": 31.0, ""65"": 6.0, ""66"": 3.0, ""68"": 8.0, ""69"": 2.0, ""70"": 1.0, ""72"": 3.0, ""73"": 18.0, ""108"": 2.0, ""109"": 2.0, ""155"": 3.0, ""156"": 11.0, ""158"": 114.0, ""175"": 6.0, ""176"": 8.0, ""177"": 3.0, ""179"": 1.0, ""180"": 1.0, ""210"": 15.0, ""211"": 134.0, ""212"": 8.0}",2026-08-24T23:49:57-04:00
Sammy Watkins,16725,WR,BAL,ACTIVE,69.57705662,38.5,80.157819,56.9,169.8570125427594,1.6113245127329634,,,"{""42"": 387.0908652, ""43"": 2.730780864, ""44"": 0.103227581, ""45"": 0.201331018, ""46"": 0.13156982, ""47"": 77.0, ""48"": 38.0, ""49"": 19.0, ""50"": 15.0, ""51"": 7.0, ""53"": 29.66443425, ""54"": 5.0, ""55"": 2.0, ""56"": 0.229540874, ""57"": 0.007099202, ""58"": 47.43753867, ""60"": 13.04898863, ""61"": 27.30516476, ""62"": 0.103227581, ""63"": 0.002181879, ""67"": 0.495881579, ""68"": 0.495881579, ""71"": 0.277693684, ""72"": 0.277693684, ""73"": 0.277693684, ""210"": 14.17647059}","{""41"": 16.0, ""42"": 325.0, ""47"": 61.0, ""48"": 28.0, ""49"": 12.0, ""50"": 9.0, ""51"": 2.0, ""53"": 16.0, ""58"": 27.0, ""59"": 126.0, ""60"": 20.3125, ""61"": 27.08333333, ""67"": 1.0, ""68"": 1.0, ""71"": 1.0, ""72"": 1.0, ""73"": 1.0, ""108"": 1.0, ""109"": 1.0, ""155"": 4.0, ""156"": 8.0, ""210"": 12.0, ""213"": 11.0}",2026-08-24T23:49:57-04:00
Trent Sherfield,3122168,WR,BUF,ACTIVE,36.35234655,68.7,31.99029869,19.2,169.3140250855188,1.5856146550914663,,,"{""42"": 197.2649874, ""43"": 1.429076492, ""44"": 0.082453437, ""45"": 0.094241564, ""46"": 0.061586862, ""47"": 39.0, ""48"": 19.0, ""49"": 9.0, ""50"": 7.0, ""51"": 3.0, ""53"": 16.24021685, ""54"": 3.0, ""55"": 1.0, ""56"": 0.073707453, ""57"": 0.002279612, ""58"": 29.03638222, ""60"": 12.14669664, ""61"": 12.28390031, ""62"": 0.082453437, ""63"": 0.000917818, ""67"": 0.208595039, ""68"": 0.208595039, ""71"": 0.116813222, ""72"": 0.116813222, ""73"": 0.116813222, ""210"": 16.05882353}","{""41"": 30.0, ""42"": 417.0, ""43"": 2.0, ""45"": 1.0, ""46"": 1.0, ""47"": 79.0, ""48"": 34.0, ""49"": 15.0, ""50"": 13.0, ""51"": 3.0, ""53"": 30.0, ""58"": 51.0, ""59"": 145.0, ""60"": 13.9, ""61"": 24.52941176, ""107"": 1.0, ""108"": 2.0, ""109"": 3.0, ""155"": 9.0, ""156"": 8.0, ""158"": 12.0, ""184"": 1.0, ""210"": 17.0, ""213"": 18.0}",2026-08-24T23:49:57-04:00
Colt McCoy,13199,QB,ARI,QUESTIONABLE,0.0,34.4,0.0,46.9,169.80990415335464,1.483900228050984,,,{},"{""0"": 132.0, ""1"": 90.0, ""2"": 42.0, ""3"": 780.0, ""4"": 1.0, ""5"": 154.0, ""6"": 75.0, ""7"": 36.0, ""8"": 29.0, ""9"": 13.0, ""10"": 6.0, ""11"": 16.0, ""12"": 7.0, ""13"": 7.0, ""14"": 3.0, ""20"": 3.0, ""21"": 0.68181818, ""22"": 195.0, ""23"": 14.0, ""24"": 36.0, ""27"": 5.0, ""28"": 2.0, ""29"": 1.0, ""33"": 1.0, ""39"": 2.57142857, ""40"": 9.0, ""64"": 13.0, ""66"": 2.0, ""68"": 2.0, ""73"": 3.0, ""155"": 1.0, ""156"": 3.0, ""158"": 6.0, ""175"": 1.0, ""210"": 4.0, ""211"": 32.0, ""212"": 5.0}",2026-08-24T23:49:57-04:00
Jamison Crowder,2576716,WR,BUF,QUESTIONABLE,84.92223185,9.0,114.57458664,84.2,169.09190421892816,1.4760242233241747,,,"{""42"": 428.5404398, ""43"": 3.536712429, ""44"": 0.190369495, ""45"": 0.089225066, ""46"": 0.058308581, ""47"": 85.0, ""48"": 42.0, ""49"": 21.0, ""50"": 17.0, ""51"": 8.0, ""53"": 42.58610575, ""54"": 8.0, ""55"": 4.0, ""56"": 0.26249384, ""57"": 0.008118366, ""58"": 63.70048347, ""60"": 10.06291682, ""61"": 28.34703298, ""62"": 0.190369495, ""63"": 0.003244523, ""67"": 0.737391581, ""68"": 0.737391581, ""71"": 0.412939285, ""72"": 0.412939285, ""73"": 0.412939285, ""210"": 15.11764706}","{""41"": 6.0, ""42"": 60.0, ""47"": 10.0, ""48"": 3.0, ""49"": 1.0, ""50"": 1.0, ""53"": 6.0, ""58"": 13.0, ""59"": 30.0, ""60"": 10.0, ""61"": 15.0, ""68"": 1.0, ""108"": 1.0, ""109"": 1.0, ""114"": 17.0, ""115"": 100.0, ""116"": 1.0, ""118"": 9.0, ""119"": 2.0, ""155"": 3.0, ""156"": 1.0, ""210"": 4.0, ""213"": 4.0}",2026-08-24T23:49:57-04:00
Sterling Shepard,2976592,WR,NYG,QUESTIONABLE,104.48148706,27.9,119.33089043,59.7,169.7721778791334,1.4700045099581869,,,"{""42"": 587.7854386, ""43"": 2.874586268, ""44"": 0.170304263, ""45"": 0.09728675, ""46"": 0.063576891, ""47"": 117.0, ""48"": 58.0, ""49"": 29.0, ""50"": 23.0, ""51"": 11.0, ""53"": 57.64546405, ""54"": 11.0, ""55"": 5.0, ""56"": 0.596820054, ""57"": 0.018458352, ""58"": 85.68102322, ""60"": 10.1965601, ""61"": 41.46204339, ""62"": 0.170304263, ""63"": 0.002781094, ""67"": 0.632066929, ""68"": 0.632066929, ""71"": 0.35395748, ""72"": 0.35395748, ""73"": 0.35395748, ""210"": 14.17647059}","{""41"": 13.0, ""42"": 154.0, ""43"": 1.0, ""45"": 1.0, ""46"": 1.0, ""47"": 29.0, ""48"": 14.0, ""49"": 6.0, ""50"": 4.0, ""51"": 1.0, ""53"": 13.0, ""54"": 2.0, ""58"": 24.0, ""59"": 55.0, ""60"": 11.84615385, ""61"": 51.33333333, ""155"": 2.0, ""156"": 1.0, ""158"": 6.0, ""210"": 3.0, ""213"": 4.0}",2026-08-24T23:49:57-04:00
Boston Scott,3051439,RB,PHI,ACTIVE,63.24771173,43.7,61.92991348,92.1,168.63024635036496,1.4165871730357604,,,"{""23"": 72.18816263, ""24"": 315.5125772, ""25"": 3.502242128, ""26"": 0.158132062, ""27"": 63.0, ""28"": 31.0, ""29"": 15.0, ""30"": 12.0, ""31"": 6.0, ""33"": 14.0, ""34"": 7.0, ""35"": 0.13760793, ""36"": 0.096325551, ""37"": 0.255802889, ""38"": 0.008729571, ""39"": 4.37069688, ""40"": 20.87048176, ""42"": 54.2639698, ""43"": 0.36205318, ""44"": 0.026790633, ""45"": 0.046019961, ""46"": 0.030074045, ""47"": 10.0, ""48"": 5.0, ""49"": 2.0, ""50"": 2.0, ""51"": 1.0, ""53"": 7.381144573, ""54"": 1.0, ""56"": 0.027161781, ""57"": 0.000840055, ""58"": 9.512348907, ""60"": 7.351701251, ""61"": 3.589445473, ""62"": 0.184922695, ""63"": 0.004576176, ""66"": 0.943562125, ""67"": 0.096477985, ""68"": 1.04004011, ""70"": 0.434038577, ""71"": 0.054027671, ""72"": 0.488066249, ""73"": 0.488066249, ""210"": 15.11764706}","{""23"": 54.0, ""24"": 217.0, ""25"": 3.0, ""27"": 39.0, ""28"": 16.0, ""29"": 5.0, ""30"": 3.0, ""31"": 1.0, ""33"": 5.0, ""39"": 4.01851852, ""40"": 14.46666667, ""41"": 5.0, ""42"": 15.0, ""47"": 1.0, ""53"": 5.0, ""58"": 6.0, ""59"": 20.0, ""60"": 3.0, ""61"": 1.0, ""108"": 2.0, ""109"": 2.0, ""114"": 406.0, ""116"": 38.0, ""117"": 13.0, ""155"": 12.0, ""156"": 3.0, ""158"": 18.0, ""179"": 3.0, ""210"": 15.0, ""212"": 13.0}",2026-08-24T23:49:57-04:00
Quez Watkins,4050373,WR,PHI,ACTIVE,57.80099909,68.0,60.22696879,94.5,168.9087383070956,1.3659369386992941,,,"{""42"": 309.9049181, ""43"": 2.113981477, ""44"": 0.156415694, ""45"": 0.213630004, ""46"": 0.139607208, ""47"": 61.0, ""48"": 30.0, ""49"": 15.0, ""50"": 12.0, ""51"": 6.0, ""53"": 24.27989833, ""54"": 4.0, ""55"": 2.0, ""56"": 0.133335377, ""57"": 0.004123775, ""58"": 37.50298972, ""60"": 12.76384744, ""61"": 19.29810845, ""62"": 0.156415694, ""63"": 0.001097746, ""67"": 0.249487622, ""68"": 0.249487622, ""71"": 0.139713068, ""72"": 0.139713068, ""73"": 0.139713068, ""101"": 0.088184, ""102"": 0.23736, ""114"": 272.0416, ""115"": 211.56, ""116"": 27.0, ""117"": 10.0, ""118"": 21.0, ""119"": 8.0, ""210"": 16.05882353}","{""23"": 3.0, ""24"": 1.0, ""39"": 0.33333333, ""40"": 0.05882353, ""41"": 33.0, ""42"": 354.0, ""43"": 3.0, ""45"": 1.0, ""46"": 1.0, ""47"": 66.0, ""48"": 29.0, ""49"": 11.0, ""50"": 9.0, ""51"": 2.0, ""53"": 33.0, ""54"": 1.0, ""58"": 51.0, ""59"": 146.0, ""60"": 10.72727273, ""61"": 20.82352941, ""67"": 1.0, ""68"": 1.0, ""71"": 1.0, ""72"": 1.0, ""73"": 1.0, ""108"": 3.0, ""109"": 3.0, ""114"": 51.0, ""116"": 4.0, ""117"": 1.0, ""155"": 14.0, ""156"": 3.0, ""158"": 18.0, ""185"": 1.0, ""186"": 1.0, ""210"": 17.0, ""212"": 1.0, ""213"": 13.0}",2026-08-24T23:49:57-04:00
Nick Westbrook-Ikhine,3929785,WR,TEN,ACTIVE,92.80118761,70.2,11.37641187,88.6,169.90763968072977,1.325643570069477,,,"{""42"": 530.1814582, ""43"": 3.151753667, ""44"": 0.160942101, ""45"": 0.161265055, ""46"": 0.105386714, ""47"": 106.0, ""48"": 53.0, ""49"": 26.0, ""50"": 21.0, ""51"": 10.0, ""53"": 42.31884116, ""54"": 8.0, ""55"": 4.0, ""56"": 0.451301923, ""57"": 0.013957791, ""58"": 68.70532877, ""60"": 12.52826031, ""61"": 33.0149626, ""62"": 0.160942101, ""63"": 0.002391655, ""67"": 0.543558034, ""68"": 0.543558034, ""71"": 0.304392499, ""72"": 0.304392499, ""73"": 0.304392499, ""210"": 16.05882353}","{""41"": 25.0, ""42"": 397.0, ""43"": 3.0, ""45"": 1.0, ""46"": 1.0, ""47"": 73.0, ""48"": 35.0, ""49"": 15.0, ""50"": 10.0, ""51"": 4.0, ""52"": 1.0, ""53"": 25.0, ""54"": 1.0, ""56"": 1.0, ""58"": 50.0, ""59"": 112.0, ""60"": 15.88, ""61"": 23.35294118, ""108"": 1.0, ""109"": 1.0, ""155"": 7.0, ""156"": 10.0, ""158"": 18.0, ""183"": 2.0, ""210"": 17.0, ""213"": 16.0}",2026-08-24T23:49:57-04:00
Rob Gronkowski,13229,TE,FA,ACTIVE,0.0,0.0,124.67851448,143.7,168.98289233576642,1.2720810853877849,,,{},{},2026-08-24T23:49:57-04:00
Keaontay Ingram,4362087,RB,ARI,ACTIVE,10.49685904,16.1,,,169.87471474212688,1.254544884653962,,,"{""23"": 12.22271756, ""24"": 50.29215554, ""25"": 0.395020253, ""26"": 0.013442633, ""27"": 10.0, ""28"": 5.0, ""29"": 2.0, ""30"": 2.0, ""31"": 1.0, ""33"": 2.0, ""34"": 1.0, ""35"": 0.022574766, ""36"": 0.015802336, ""37"": 0.006610659, ""38"": 0.000225596, ""39"": 4.114645969, ""40"": 3.32671846, ""42"": 15.78015856, ""43"": 0.082186733, ""44"": 0.004581985, ""45"": 0.040700593, ""46"": 0.026597838, ""47"": 3.0, ""48"": 1.0, ""53"": 2.205656742, ""56"": 0.009110059, ""57"": 0.000281754, ""58"": 2.875034757, ""60"": 7.154403614, ""61"": 1.043823718, ""62"": 0.018024618, ""63"": 0.000520701, ""66"": 0.100250309, ""67"": 0.018090721, ""68"": 0.11834103, ""70"": 0.046115142, ""71"": 0.010130804, ""72"": 0.056245946, ""73"": 0.056245946, ""210"": 15.11764706}","{""23"": 27.0, ""24"": 60.0, ""25"": 1.0, ""27"": 9.0, ""28"": 2.0, ""33"": 2.0, ""39"": 2.22222222, ""40"": 5.0, ""41"": 4.0, ""42"": 21.0, ""47"": 4.0, ""48"": 2.0, ""49"": 1.0, ""53"": 4.0, ""58"": 5.0, ""59"": 32.0, ""60"": 5.25, ""61"": 1.75, ""108"": 1.0, ""109"": 1.0, ""155"": 2.0, ""156"": 10.0, ""158"": 6.0, ""179"": 1.0, ""210"": 12.0, ""212"": 3.0, ""213"": 1.0}",2026-08-24T23:49:57-04:00
Jelani Woods,4241410,TE,IND,ACTIVE,30.97932038,61.7,,,169.78398722627736,1.2300690200635735,,,"{""42"": 154.0542358, ""43"": 1.361766711, ""44"": 0.082375745, ""45"": 0.114405428, ""46"": 0.074763947, ""47"": 30.0, ""48"": 15.0, ""49"": 7.0, ""50"": 6.0, ""51"": 3.0, ""53"": 14.85993587, ""54"": 2.0, ""55"": 1.0, ""56"": 0.05960792, ""57"": 0.001843544, ""58"": 21.63629123, ""60"": 10.36708618, ""61"": 9.59312091, ""62"": 0.082375745, ""63"": 0.000752018, ""67"": 0.170913294, ""68"": 0.170913294, ""71"": 0.095711444, ""72"": 0.095711444, ""73"": 0.095711444, ""210"": 16.05882353}","{""41"": 25.0, ""42"": 312.0, ""43"": 3.0, ""47"": 56.0, ""48"": 25.0, ""49"": 10.0, ""50"": 8.0, ""51"": 1.0, ""53"": 25.0, ""54"": 1.0, ""58"": 40.0, ""59"": 120.0, ""60"": 12.48, ""61"": 20.8, ""67"": 1.0, ""68"": 1.0, ""108"": 1.0, ""109"": 1.0, ""155"": 3.0, ""156"": 11.0, ""158"": 18.0, ""183"": 1.0, ""184"": 2.0, ""210"": 15.0, ""213"": 16.0}",2026-08-24T23:49:57-04:00
Harrison Bryant,4040774,TE,CLE,ACTIVE,57.24740612,46.2,39.71144075,51.8,169.8651916058394,1.1710145753487113,,,"{""42"": 280.1123348, ""43"": 2.610876621, ""44"": 0.156897612, ""45"": 0.101645615, ""46"": 0.06642541, ""47"": 56.0, ""48"": 28.0, ""49"": 14.0, ""50"": 11.0, ""51"": 5.0, ""53"": 27.25133731, ""54"": 5.0, ""55"": 2.0, ""56"": 0.112893485, ""57"": 0.003491551, ""58"": 40.57957286, ""60"": 10.2788473, ""61"": 17.44289265, ""62"": 0.156897612, ""63"": 0.001447879, ""67"": 0.329063365, ""68"": 0.329063365, ""71"": 0.184275484, ""72"": 0.184275484, ""73"": 0.184275484, ""210"": 16.05882353}","{""23"": 1.0, ""24"": 8.0, ""27"": 1.0, ""39"": 8.0, ""40"": 0.47058824, ""41"": 31.0, ""42"": 239.0, ""43"": 1.0, ""47"": 43.0, ""48"": 16.0, ""49"": 5.0, ""50"": 2.0, ""53"": 31.0, ""58"": 42.0, ""59"": 113.0, ""60"": 7.70967742, ""61"": 14.05882353, ""155"": 7.0, ""156"": 10.0, ""158"": 6.0, ""183"": 1.0, ""210"": 17.0, ""212"": 1.0, ""213"": 10.0}",2026-08-24T23:49:57-04:00
Nick Foles,14877,QB,IND,QUESTIONABLE,19.15319648,1.6,0.0,18.8,169.8330291970803,1.1536347867900874,,,"{""0"": 31.34754168, ""1"": 20.45610454, ""2"": 10.89143714, ""3"": 231.5390101, ""4"": 1.746905022, ""5"": 46.0, ""6"": 23.0, ""7"": 11.0, ""8"": 9.0, ""9"": 4.0, ""10"": 2.0, ""11"": 4.0, ""12"": 2.0, ""15"": 0.182666091, ""16"": 0.11937229, ""17"": 0.167859648, ""18"": 0.022673437, ""19"": 0.104998895, ""20"": 0.740874854, ""21"": 0.652558492, ""22"": 115.769505, ""23"": 1.988267248, ""24"": 5.957373135, ""25"": 0.109311871, ""26"": 0.004350479, ""27"": 1.0, ""35"": 0.003713348, ""36"": 0.002599344, ""37"": 0.001512825, ""38"": 5.16e-05, ""39"": 2.996263777, ""40"": 2.978686567, ""62"": 0.109349374, ""63"": 0.002374184, ""64"": 2.053208521, ""65"": 0.50927163, ""66"": 0.030315729, ""68"": 0.539587359, ""69"": 0.244450382, ""70"": 0.013945235, ""72"": 0.258395618, ""73"": 0.999270472, ""210"": 2.0}","{""0"": 42.0, ""1"": 25.0, ""2"": 17.0, ""3"": 224.0, ""5"": 44.0, ""6"": 22.0, ""7"": 11.0, ""8"": 8.0, ""9"": 3.0, ""10"": 1.0, ""11"": 4.0, ""12"": 1.0, ""13"": 3.0, ""14"": 1.0, ""20"": 4.0, ""21"": 0.5952381, ""22"": 74.66666667, ""23"": 2.0, ""24"": 8.0, ""27"": 1.0, ""39"": 4.0, ""40"": 2.66666667, ""64"": 8.0, ""73"": 4.0, ""156"": 3.0, ""210"": 3.0, ""211"": 9.0}",2026-08-24T23:49:57-04:00
Justin Jackson,3116136,RB,DET,ACTIVE,0.0,45.1,77.45091927,75.2,169.69502737226279,1.1353075287913417,,,{},"{""23"": 42.0, ""24"": 170.0, ""25"": 1.0, ""27"": 28.0, ""28"": 12.0, ""29"": 4.0, ""30"": 3.0, ""31"": 1.0, ""33"": 2.0, ""39"": 4.04761905, ""40"": 10.625, ""41"": 12.0, ""42"": 101.0, ""43"": 1.0, ""47"": 17.0, ""48"": 7.0, ""53"": 12.0, ""58"": 19.0, ""59"": 110.0, ""60"": 8.41666667, ""61"": 6.3125, ""107"": 2.0, ""108"": 3.0, ""109"": 5.0, ""114"": 613.0, ""116"": 57.0, ""117"": 18.0, ""155"": 8.0, ""156"": 8.0, ""158"": 12.0, ""180"": 1.0, ""183"": 1.0, ""210"": 16.0, ""212"": 8.0, ""213"": 7.0}",2026-08-24T23:49:57-04:00
Kendrick Bourne,3045523,WR,NE,ACTIVE,96.09848802,70.8,63.9150546,155.0,169.79954389965792,1.1335894529805788,,,"{""23"": 12.93922305, ""24"": 91.90660808, ""25"": 0.58565211, ""26"": 0.020483484, ""27"": 18.0, ""28"": 9.0, ""29"": 4.0, ""30"": 3.0, ""31"": 1.0, ""33"": 2.0, ""34"": 1.0, ""35"": 0.023896898, ""36"": 0.016727829, ""37"": 0.021203326, ""38"": 0.000723588, ""39"": 7.102946424, ""40"": 5.723122115, ""42"": 456.8231535, ""43"": 2.755209761, ""44"": 0.151627056, ""45"": 0.172277358, ""46"": 0.112583254, ""47"": 91.0, ""48"": 45.0, ""49"": 22.0, ""50"": 18.0, ""51"": 9.0, ""53"": 43.0913824, ""54"": 8.0, ""55"": 4.0, ""56"": 0.310404891, ""57"": 0.009600151, ""58"": 58.30212421, ""60"": 10.60126475, ""61"": 28.44686304, ""62"": 0.172110539, ""63"": 0.002907502, ""66"": 0.152598472, ""67"": 0.508197369, ""68"": 0.660795841, ""70"": 0.070195297, ""71"": 0.284590527, ""72"": 0.354785824, ""73"": 0.354785824, ""210"": 16.05882353}","{""23"": 6.0, ""24"": 39.0, ""27"": 8.0, ""28"": 3.0, ""29"": 1.0, ""30"": 1.0, ""39"": 6.5, ""40"": 2.4375, ""41"": 35.0, ""42"": 434.0, ""43"": 1.0, ""47"": 83.0, ""48"": 37.0, ""49"": 15.0, ""50"": 10.0, ""51"": 3.0, ""52"": 1.0, ""53"": 35.0, ""54"": 2.0, ""56"": 1.0, ""58"": 48.0, ""59"": 145.0, ""60"": 12.4, ""61"": 27.125, ""67"": 2.0, ""68"": 2.0, ""155"": 8.0, ""156"": 8.0, ""158"": 6.0, ""183"": 1.0, ""210"": 16.0, ""212"": 2.0, ""213"": 22.0}",2026-08-24T23:49:57-04:00
Malik Willis,4242512,QB,TEN,ACTIVE,19.17286264,19.1,,,169.91765510948906,1.100473077915947,,,"{""0"": 29.25828048, ""1"": 18.10814484, ""2"": 11.15013564, ""3"": 200.9881616, ""4"": 1.470043303, ""5"": 40.0, ""6"": 20.0, ""7"": 10.0, ""8"": 8.0, ""9"": 4.0, ""10"": 2.0, ""11"": 3.0, ""12"": 1.0, ""15"": 0.141084565, ""16"": 0.092198763, ""17"": 0.105684524, ""18"": 0.014275208, ""19"": 0.074857115, ""20"": 0.771839336, ""21"": 0.618906666, ""22"": 100.4940808, ""23"": 5.175661204, ""24"": 28.98370274, ""25"": 0.217698445, ""26"": 0.006765022, ""27"": 5.0, ""28"": 2.0, ""29"": 1.0, ""30"": 1.0, ""33"": 1.0, ""35"": 0.009946043, ""36"": 0.00696223, ""37"": 0.036637065, ""38"": 0.001250282, ""39"": 5.6, ""40"": 14.49185137, ""62"": 0.081622137, ""63"": 0.00217388, ""64"": 2.394304289, ""65"": 0.424630326, ""66"": 0.069433278, ""68"": 0.494063604, ""69"": 0.203822557, ""70"": 0.031939308, ""72"": 0.235761864, ""73"": 1.0076012, ""210"": 2.0}","{""0"": 61.0, ""1"": 31.0, ""2"": 30.0, ""3"": 276.0, ""5"": 54.0, ""6"": 25.0, ""7"": 11.0, ""8"": 8.0, ""9"": 3.0, ""11"": 4.0, ""12"": 1.0, ""13"": 3.0, ""14"": 1.0, ""20"": 3.0, ""21"": 0.50819672, ""22"": 34.5, ""23"": 27.0, ""24"": 123.0, ""25"": 1.0, ""27"": 23.0, ""28"": 10.0, ""29"": 4.0, ""30"": 2.0, ""33"": 3.0, ""39"": 4.55555556, ""40"": 15.375, ""64"": 10.0, ""66"": 2.0, ""68"": 3.0, ""70"": 2.0, ""72"": 2.0, ""73"": 5.0, ""108"": 1.0, ""109"": 1.0, ""155"": 3.0, ""156"": 5.0, ""158"": 6.0, ""180"": 1.0, ""210"": 8.0, ""211"": 12.0, ""212"": 9.0}",2026-08-24T23:49:57-04:00
DeeJay Dallas,4240631,RB,SEA,ACTIVE,35.74341401,37.7,37.27418817,49.6,169.5757299270073,1.0394813421220037,,,"{""23"": 23.18887458, ""24"": 97.91646998, ""25"": 0.816515546, ""26"": 0.025839068, ""27"": 19.0, ""28"": 9.0, ""29"": 4.0, ""30"": 3.0, ""31"": 1.0, ""33"": 4.0, ""34"": 2.0, ""35"": 0.043230943, ""36"": 0.03026166, ""37"": 0.031939361, ""38"": 0.001089968, ""39"": 4.222562404, ""40"": 7.398133287, ""42"": 102.2042656, ""43"": 0.356237524, ""44"": 0.015034756, ""45"": 0.034868028, ""46"": 0.022786256, ""47"": 20.0, ""48"": 10.0, ""49"": 5.0, ""50"": 4.0, ""51"": 2.0, ""53"": 15.91835938, ""54"": 3.0, ""55"": 1.0, ""56"": 0.044019891, ""57"": 0.00136144, ""58"": 20.03908098, ""60"": 6.420527594, ""61"": 7.722100069, ""62"": 0.040873824, ""63"": 0.001840169, ""66"": 0.247986197, ""67"": 0.170233937, ""68"": 0.418220134, ""70"": 0.114073651, ""71"": 0.095331005, ""72"": 0.209404655, ""73"": 0.209404655, ""101"": 0.178784, ""114"": 699.1757576, ""116"": 69.0, ""117"": 27.0, ""210"": 13.23529412}","{""0"": 1.0, ""2"": 1.0, ""20"": 1.0, ""23"": 35.0, ""24"": 186.0, ""27"": 33.0, ""28"": 15.0, ""29"": 6.0, ""30"": 4.0, ""33"": 4.0, ""34"": 1.0, ""39"": 5.31428571, ""40"": 12.4, ""41"": 17.0, ""42"": 126.0, ""47"": 24.0, ""48"": 10.0, ""49"": 3.0, ""50"": 3.0, ""51"": 1.0, ""53"": 17.0, ""54"": 1.0, ""58"": 19.0, ""59"": 126.0, ""60"": 7.41176471, ""61"": 8.4, ""68"": 1.0, ""73"": 1.0, ""106"": 1.0, ""107"": 3.0, ""108"": 5.0, ""109"": 8.0, ""114"": 270.0, ""115"": 102.0, ""116"": 25.0, ""117"": 8.0, ""118"": 7.0, ""155"": 9.0, ""156"": 6.0, ""210"": 15.0, ""212"": 9.0, ""213"": 5.0}",2026-08-24T23:49:57-04:00
Jonnu Smith,3054212,TE,ATL,ACTIVE,66.44301104,38.5,126.20632963,53.4,169.54562043795622,1.0048554569997246,,,"{""23"": 8.626148699, ""24"": 42.28409478, ""25"": 0.612544136, ""26"": 0.021424046, ""27"": 8.0, ""28"": 4.0, ""29"": 2.0, ""30"": 1.0, ""33"": 1.0, ""35"": 0.015894023, ""36"": 0.011125816, ""37"": 0.004321143, ""38"": 0.000147464, ""39"": 4.901850903, ""40"": 2.633075499, ""42"": 316.6585655, ""43"": 2.316550808, ""44"": 0.12749172, ""45"": 0.197640651, ""46"": 0.129158165, ""47"": 63.0, ""48"": 31.0, ""49"": 15.0, ""50"": 12.0, ""51"": 6.0, ""53"": 26.25056156, ""54"": 5.0, ""55"": 2.0, ""56"": 0.138118896, ""57"": 0.004271718, ""58"": 39.07458714, ""60"": 12.06292539, ""61"": 19.71866525, ""62"": 0.148915766, ""63"": 0.001845176, ""66"": 0.103720964, ""67"": 0.315637215, ""68"": 0.419358179, ""70"": 0.047711643, ""71"": 0.17675684, ""72"": 0.224468484, ""73"": 0.224468484, ""210"": 16.05882353}","{""23"": 1.0, ""24"": 5.0, ""27"": 1.0, ""39"": 5.0, ""40"": 0.35714286, ""41"": 27.0, ""42"": 245.0, ""47"": 46.0, ""48"": 22.0, ""49"": 10.0, ""50"": 5.0, ""51"": 1.0, ""53"": 27.0, ""58"": 38.0, ""59"": 200.0, ""60"": 9.07407407, ""61"": 17.5, ""66"": 1.0, ""68"": 1.0, ""114"": 31.0, ""116"": 2.0, ""155"": 6.0, ""156"": 8.0, ""210"": 14.0, ""212"": 1.0, ""213"": 9.0}",2026-08-24T23:49:57-04:00
Darrel Williams,3115375,RB,ARI,QUESTIONABLE,61.84397515,19.1,69.16847505,172.5,169.85688769814692,1.0039977805915579,,,"{""23"": 55.05730358, ""24"": 224.590937, ""25"": 2.384650438, ""26"": 0.081130504, ""27"": 44.0, ""28"": 22.0, ""29"": 11.0, ""30"": 8.0, ""31"": 4.0, ""33"": 11.0, ""34"": 5.0, ""35"": 0.104003924, ""36"": 0.072802747, ""37"": 0.129039906, ""38"": 0.004403637, ""39"": 4.079221509, ""40"": 14.85620984, ""42"": 128.3766366, ""43"": 0.784524931, ""44"": 0.043741324, ""45"": 0.076501787, ""46"": 0.049993918, ""47"": 25.0, ""48"": 12.0, ""49"": 6.0, ""50"": 5.0, ""51"": 2.0, ""53"": 15.49605675, ""54"": 3.0, ""55"": 1.0, ""56"": 0.051954604, ""57"": 0.001606843, ""58"": 19.78135875, ""60"": 8.284471248, ""61"": 8.491839775, ""62"": 0.124871828, ""63"": 0.002125335, ""66"": 0.3769398, ""67"": 0.10609093, ""68"": 0.48303073, ""70"": 0.173392308, ""71"": 0.059410921, ""72"": 0.232803229, ""73"": 0.232803229, ""210"": 15.11764706}","{""23"": 21.0, ""24"": 102.0, ""25"": 1.0, ""27"": 17.0, ""28"": 6.0, ""29"": 2.0, ""30"": 2.0, ""31"": 1.0, ""33"": 2.0, ""39"": 4.85714286, ""40"": 17.0, ""41"": 4.0, ""42"": 9.0, ""47"": 1.0, ""53"": 4.0, ""58"": 8.0, ""59"": 15.0, ""60"": 2.25, ""61"": 1.5, ""155"": 2.0, ""156"": 4.0, ""158"": 6.0, ""179"": 1.0, ""210"": 6.0, ""212"": 8.0}",2026-08-24T23:49:57-04:00
Randy Bullock,15091,K,FA,ACTIVE,125.26242342,84.0,0.0,125.0,169.5625431928127,0.9831741747443286,,,"{""74"": 3.272180973, ""75"": 5.315440305, ""76"": 2.043259331, ""77"": 7.531697515, ""78"": 9.994300932, ""79"": 2.462603417, ""80"": 15.5214677, ""81"": 16.51924262, ""82"": 0.997774928, ""83"": 26.32534618, ""84"": 31.82898386, ""85"": 5.503637676, ""86"": 37.71396307, ""87"": 40.83368817, ""88"": 3.119725104, ""198"": 3.272180973, ""199"": 5.315440305, ""200"": 2.043259331, ""210"": 17.0}","{""74"": 1.0, ""75"": 2.0, ""76"": 1.0, ""77"": 6.0, ""78"": 8.0, ""79"": 2.0, ""80"": 10.0, ""81"": 10.0, ""83"": 17.0, ""84"": 20.0, ""85"": 3.0, ""86"": 28.0, ""87"": 28.0, ""155"": 6.0, ""156"": 9.0, ""158"": 79.0, ""198"": 1.0, ""199"": 2.0, ""200"": 1.0, ""210"": 15.0, ""214"": 643.0, ""215"": 146.0, ""216"": 789.0, ""217"": 124.0, ""218"": 59.0, ""219"": 28.0, ""220"": 20.0, ""221"": 6.0, ""222"": 2.0, ""223"": 28.0, ""224"": 13.0, ""225"": 6.0, ""226"": 4.0, ""227"": 1.0, ""229"": 154.0, ""230"": 74.0, ""231"": 34.0, ""232"": 26.0, ""233"": 9.0, ""234"": 3.0}",2026-08-24T23:49:57-04:00
Cameron Brate,17453,TE,FA,ACTIVE,51.75826258,27.4,32.11833555,63.5,169.85903284671534,0.9777375047284027,,,"{""42"": 241.0631319, ""43"": 2.623112641, ""44"": 0.099833238, ""45"": 0.059685008, ""46"": 0.039004153, ""47"": 48.0, ""48"": 24.0, ""49"": 12.0, ""50"": 9.0, ""51"": 4.0, ""53"": 24.14042677, ""54"": 4.0, ""55"": 2.0, ""56"": 0.091529236, ""57"": 0.002830801, ""58"": 39.3574833, ""60"": 9.985868691, ""61"": 15.0112573, ""62"": 0.099833238, ""63"": 0.001400953, ""67"": 0.318398497, ""68"": 0.318398497, ""71"": 0.178303158, ""72"": 0.178303158, ""73"": 0.178303158, ""210"": 16.05882353}","{""41"": 20.0, ""42"": 174.0, ""47"": 31.0, ""48"": 13.0, ""49"": 4.0, ""50"": 4.0, ""51"": 1.0, ""53"": 20.0, ""54"": 1.0, ""58"": 38.0, ""59"": 61.0, ""60"": 8.7, ""61"": 15.81818182, ""108"": 1.0, ""109"": 1.0, ""155"": 4.0, ""156"": 7.0, ""210"": 11.0, ""213"": 10.0}",2026-08-24T23:49:57-04:00
Sam Ehlinger,4241820,QB,IND,ACTIVE,0.0,41.3,0.0,0.9,169.77258211678833,0.9739639423678966,,,{},"{""0"": 101.0, ""1"": 64.0, ""2"": 37.0, ""3"": 573.0, ""4"": 3.0, ""5"": 113.0, ""6"": 56.0, ""7"": 28.0, ""8"": 22.0, ""9"": 11.0, ""10"": 5.0, ""11"": 11.0, ""12"": 4.0, ""13"": 6.0, ""14"": 2.0, ""20"": 3.0, ""21"": 0.63366337, ""22"": 114.6, ""23"": 17.0, ""24"": 87.0, ""27"": 16.0, ""28"": 7.0, ""29"": 2.0, ""30"": 1.0, ""33"": 3.0, ""39"": 5.11764706, ""40"": 17.4, ""64"": 14.0, ""65"": 1.0, ""66"": 1.0, ""68"": 2.0, ""69"": 1.0, ""72"": 1.0, ""73"": 4.0, ""156"": 5.0, ""158"": 18.0, ""175"": 3.0, ""210"": 5.0, ""211"": 27.0, ""212"": 6.0}",2026-08-24T23:49:57-04:00
Kevin Harris,4570674,RB,NE,ACTIVE,0.0,11.2,,,169.79539233576642,0.9724277259276122,,,{},"{""23"": 18.0, ""24"": 52.0, ""25"": 1.0, ""27"": 9.0, ""28"": 3.0, ""29"": 1.0, ""30"": 1.0, ""33"": 2.0, ""39"": 2.88888889, ""40"": 10.4, ""155"": 2.0, ""156"": 3.0, ""158"": 6.0, ""180"": 1.0, ""210"": 5.0, ""212"": 3.0}",2026-08-24T23:49:57-04:00
Damien Williams,17359,RB,FA,ACTIVE,92.13408721,0.2,57.24219163,52.7,169.76345802919707,0.9703820478608781,,,"{""23"": 90.65353109, ""24"": 392.5324164, ""25"": 2.475402151, ""26"": 0.114907496, ""27"": 78.0, ""28"": 39.0, ""29"": 19.0, ""30"": 15.0, ""31"": 7.0, ""33"": 18.0, ""34"": 9.0, ""35"": 0.174600787, ""36"": 0.122220551, ""37"": 0.401417975, ""38"": 0.013698855, ""39"": 4.330028977, ""40"": 27.68900863, ""42"": 189.5725304, ""43"": 1.200215308, ""44"": 0.065383893, ""45"": 0.049931964, ""46"": 0.032630538, ""47"": 37.0, ""48"": 18.0, ""49"": 9.0, ""50"": 7.0, ""51"": 3.0, ""53"": 24.38887115, ""54"": 4.0, ""55"": 2.0, ""56"": 0.070971261, ""57"": 0.002194987, ""58"": 32.4663667, ""60"": 7.772911227, ""61"": 13.37233617, ""62"": 0.180291389, ""63"": 0.003132352, ""66"": 0.560976426, ""67"": 0.150921664, ""68"": 0.71189809, ""70"": 0.258049156, ""71"": 0.084516132, ""72"": 0.342565288, ""73"": 0.342565288, ""210"": 14.17647059}","{""23"": 2.0, ""24"": 2.0, ""39"": 1.0, ""40"": 2.0, ""156"": 1.0, ""210"": 1.0}",2026-08-24T23:49:57-04:00
Jordan Akins,3128452,TE,CLE,ACTIVE,0.0,98.0,73.75017091,29.7,169.9901916058394,0.9145490535074012,,,{},"{""41"": 37.0, ""42"": 495.0, ""43"": 5.0, ""44"": 1.0, ""47"": 94.0, ""48"": 44.0, ""49"": 19.0, ""50"": 12.0, ""51"": 4.0, ""53"": 37.0, ""54"": 1.0, ""58"": 54.0, ""59"": 270.0, ""60"": 13.37837838, ""61"": 33.0, ""67"": 1.0, ""68"": 1.0, ""71"": 1.0, ""72"": 1.0, ""73"": 1.0, ""155"": 3.0, ""156"": 12.0, ""158"": 32.0, ""183"": 1.0, ""184"": 2.0, ""185"": 2.0, ""210"": 15.0, ""213"": 23.0}",2026-08-24T23:49:57-04:00
Cedrick Wilson Jr.,4036335,WR,MIA,ACTIVE,116.59693572,20.4,44.19539855,125.2,169.28555481134183,0.9145372817484346,,,"{""42"": 650.4654696, ""43"": 4.170011265, ""44"": 0.240596913, ""45"": 0.182287573, ""46"": 0.119124929, ""47"": 130.0, ""48"": 65.0, ""49"": 32.0, ""50"": 26.0, ""51"": 13.0, ""53"": 53.83384451, ""54"": 10.0, ""55"": 5.0, ""56"": 0.787396864, ""57"": 0.02435248, ""58"": 81.92842903, ""60"": 12.08283517, ""61"": 40.50517576, ""62"": 0.240596913, ""63"": 0.004737378, ""67"": 1.07667689, ""68"": 1.07667689, ""71"": 0.602939058, ""72"": 0.602939058, ""73"": 0.602939058, ""102"": 0.0563472, ""115"": 61.06, ""118"": 6.0, ""119"": 2.0, ""210"": 16.05882353}","{""23"": 1.0, ""24"": 8.0, ""27"": 1.0, ""39"": 8.0, ""40"": 0.53333333, ""41"": 12.0, ""42"": 136.0, ""47"": 25.0, ""48"": 11.0, ""49"": 5.0, ""50"": 1.0, ""53"": 12.0, ""58"": 18.0, ""59"": 45.0, ""60"": 11.33333333, ""61"": 9.06666667, ""64"": 1.0, ""115"": 97.0, ""118"": 7.0, ""155"": 8.0, ""156"": 7.0, ""210"": 15.0, ""213"": 8.0}",2026-08-24T23:49:57-04:00
Mo Alie-Cox,2998565,TE,IND,ACTIVE,88.31684584,44.4,48.02619494,67.6,169.7128193430657,0.9046534192180613,,,"{""42"": 448.1013443, ""43"": 4.310584167, ""44"": 0.260742433, ""45"": 0.198429319, ""46"": 0.12967356, ""47"": 89.0, ""48"": 44.0, ""49"": 22.0, ""50"": 17.0, ""51"": 8.0, ""53"": 35.43940741, ""54"": 7.0, ""55"": 3.0, ""56"": 0.291738569, ""57"": 0.009022842, ""58"": 55.16402818, ""60"": 12.64415455, ""61"": 27.90374672, ""62"": 0.260742433, ""63"": 0.002349216, ""67"": 0.533912647, ""68"": 0.533912647, ""71"": 0.298991082, ""72"": 0.298991082, ""73"": 0.298991082, ""210"": 16.05882353}","{""41"": 19.0, ""42"": 189.0, ""43"": 3.0, ""47"": 32.0, ""48"": 13.0, ""49"": 5.0, ""50"": 4.0, ""51"": 1.0, ""53"": 19.0, ""54"": 1.0, ""58"": 28.0, ""59"": 99.0, ""60"": 9.94736842, ""61"": 11.11764706, ""67"": 1.0, ""68"": 1.0, ""71"": 1.0, ""72"": 1.0, ""73"": 1.0, ""155"": 4.0, ""156"": 12.0, ""158"": 18.0, ""183"": 2.0, ""184"": 1.0, ""210"": 17.0, ""213"": 9.0}",2026-08-24T23:49:57-04:00
Mike Davis,3025433,RB,FA,ACTIVE,45.6508571,3.2,182.94067139,116.2,169.63503649635035,0.8888151197588795,,,"{""23"": 57.53622285, ""24"": 224.6646921, ""25"": 1.828575753, ""26"": 0.105989901, ""27"": 44.0, ""28"": 22.0, ""29"": 11.0, ""30"": 8.0, ""31"": 4.0, ""33"": 11.0, ""34"": 5.0, ""35"": 0.110031625, ""36"": 0.077022138, ""37"": 0.178805077, ""38"": 0.006101931, ""39"": 3.90475219, ""40"": 14.86108859, ""42"": 56.39609838, ""43"": 0.393794826, ""44"": 0.035921287, ""45"": 0.03354748, ""46"": 0.021923278, ""47"": 11.0, ""48"": 5.0, ""49"": 2.0, ""50"": 2.0, ""51"": 1.0, ""53"": 9.219642558, ""54"": 1.0, ""56"": 0.02656427, ""57"": 0.000821575, ""58"": 11.88044461, ""60"": 6.116950633, ""61"": 3.730481216, ""62"": 0.141911189, ""63"": 0.00317172, ""66"": 0.621289675, ""67"": 0.09955587, ""68"": 0.720845545, ""70"": 0.285793251, ""71"": 0.055751287, ""72"": 0.341544538, ""73"": 0.341544538, ""210"": 15.11764706}","{""23"": 8.0, ""24"": 18.0, ""27"": 2.0, ""28"": 1.0, ""33"": 1.0, ""39"": 2.25, ""40"": 2.25, ""41"": 2.0, ""42"": 4.0, ""47"": 1.0, ""53"": 2.0, ""58"": 2.0, ""59"": 11.0, ""60"": 2.0, ""61"": 0.5, ""66"": 1.0, ""68"": 1.0, ""155"": 5.0, ""156"": 3.0, ""210"": 8.0, ""212"": 1.0}",2026-08-24T23:49:57-04:00
Braxton Berrios,3123075,WR,MIA,ACTIVE,84.40089859,50.6,7.4099553,98.1,169.8877993158495,0.8756420211288174,,,"{""23"": 7.939081896, ""24"": 48.78551783, ""25"": 0.493554876, ""26"": 0.03509179, ""27"": 9.0, ""28"": 4.0, ""29"": 2.0, ""30"": 1.0, ""33"": 1.0, ""35"": 0.014622677, ""36"": 0.010235874, ""37"": 0.005812628, ""38"": 0.000198363, ""39"": 6.144982313, ""40"": 3.037926019, ""42"": 404.1038375, ""43"": 2.387581954, ""44"": 0.199101721, ""45"": 0.099585195, ""46"": 0.065078925, ""47"": 80.0, ""48"": 40.0, ""49"": 20.0, ""50"": 16.0, ""51"": 8.0, ""53"": 39.48038379, ""54"": 7.0, ""55"": 3.0, ""56"": 0.233529148, ""57"": 0.007222551, ""58"": 58.61551989, ""60"": 10.23556001, ""61"": 25.16397523, ""62"": 0.234193511, ""63"": 0.002986947, ""66"": 0.11365498, ""67"": 0.565196616, ""68"": 0.678851596, ""70"": 0.052281291, ""71"": 0.316510105, ""72"": 0.368791396, ""73"": 0.368791396, ""101"": 0.260880859, ""102"": 0.1314768, ""114"": 628.7492683, ""115"": 206.9047826, ""116"": 62.0, ""117"": 25.0, ""118"": 20.0, ""119"": 8.0, ""210"": 16.05882353}","{""0"": 1.0, ""1"": 1.0, ""3"": 2.0, ""4"": 1.0, ""21"": 1.0, ""22"": 0.11764706, ""23"": 9.0, ""24"": 91.0, ""25"": 2.0, ""27"": 17.0, ""28"": 7.0, ""29"": 3.0, ""30"": 1.0, ""39"": 10.11111111, ""40"": 5.35294118, ""41"": 18.0, ""42"": 145.0, ""47"": 25.0, ""48"": 9.0, ""49"": 3.0, ""50"": 2.0, ""53"": 18.0, ""54"": 1.0, ""58"": 32.0, ""59"": 92.0, ""60"": 8.05555556, ""61"": 8.52941176, ""68"": 1.0, ""107"": 1.0, ""109"": 1.0, ""114"": 600.0, ""115"": 240.0, ""116"": 56.0, ""117"": 19.0, ""118"": 18.0, ""119"": 5.0, ""155"": 7.0, ""156"": 10.0, ""158"": 18.0, ""175"": 1.0, ""180"": 1.0, ""181"": 1.0, ""210"": 17.0, ""211"": 1.0, ""212"": 5.0, ""213"": 8.0}",2026-08-24T23:49:57-04:00
Tyrion Davis-Price,4426475,RB,SF,ACTIVE,29.312797,9.9,,,169.70848540145985,0.8452926081509848,,,"{""23"": 34.22964386, ""24"": 143.1764259, ""25"": 1.253272635, ""26"": 0.036248903, ""27"": 28.0, ""28"": 14.0, ""29"": 7.0, ""30"": 5.0, ""31"": 2.0, ""33"": 6.0, ""34"": 3.0, ""35"": 0.063978569, ""36"": 0.044784998, ""37"": 0.05358403, ""38"": 0.001828617, ""39"": 4.18281962, ""40"": 9.470814165, ""42"": 37.42451737, ""43"": 0.220938269, ""44"": 0.011354061, ""45"": 0.038400135, ""46"": 0.025094488, ""47"": 7.0, ""48"": 3.0, ""49"": 1.0, ""50"": 1.0, ""53"": 5.237264447, ""54"": 1.0, ""56"": 0.019884011, ""57"": 0.000614969, ""58"": 6.970469275, ""60"": 7.145813955, ""61"": 2.475551733, ""62"": 0.047602964, ""63"": 0.001424307, ""66"": 0.280750363, ""67"": 0.042955863, ""68"": 0.323706226, ""70"": 0.129145167, ""71"": 0.024055283, ""72"": 0.15320045, ""73"": 0.15320045, ""210"": 15.11764706}","{""23"": 34.0, ""24"": 99.0, ""27"": 18.0, ""28"": 8.0, ""29"": 3.0, ""30"": 3.0, ""33"": 4.0, ""34"": 1.0, ""39"": 2.91176471, ""40"": 16.5, ""58"": 2.0, ""155"": 4.0, ""156"": 2.0, ""210"": 6.0, ""212"": 5.0}",2026-08-24T23:49:57-04:00
Tre' McKitty,4240023,TE,LAC,ACTIVE,18.04608106,12.2,11.2853251,7.5,169.86222627737226,0.8442446606921509,,,"{""42"": 88.0102047, ""43"": 0.818751286, ""44"": 0.062672071, ""45"": 0.103587543, ""46"": 0.06769446, ""47"": 17.0, ""48"": 8.0, ""49"": 4.0, ""50"": 3.0, ""51"": 1.0, ""53"": 8.648340245, ""54"": 1.0, ""56"": 0.039348504, ""57"": 0.001216964, ""58"": 12.65681571, ""60"": 10.17654281, ""61"": 5.480488937, ""62"": 0.062672071, ""63"": 0.000459491, ""67"": 0.104429809, ""68"": 0.104429809, ""71"": 0.058480693, ""72"": 0.058480693, ""73"": 0.058480693, ""210"": 16.05882353}","{""41"": 10.0, ""42"": 72.0, ""47"": 12.0, ""48"": 5.0, ""49"": 2.0, ""53"": 10.0, ""58"": 18.0, ""59"": 52.0, ""60"": 7.2, ""61"": 4.23529412, ""67"": 1.0, ""68"": 1.0, ""108"": 1.0, ""109"": 1.0, ""155"": 10.0, ""156"": 7.0, ""210"": 17.0}",2026-08-24T23:49:57-04:00
Tyquan Thornton,4362921,WR,NE,ACTIVE,35.59454946,55.3,,,169.5956670467503,0.8324299099991179,,,"{""42"": 196.4355178, ""43"": 1.293544232, ""44"": 0.071117175, ""45"": 0.117799544, ""46"": 0.076982002, ""47"": 39.0, ""48"": 19.0, ""49"": 9.0, ""50"": 7.0, ""51"": 3.0, ""53"": 16.48739221, ""54"": 3.0, ""55"": 1.0, ""56"": 0.075961808, ""57"": 0.002349334, ""58"": 25.76624814, ""60"": 11.9142867, ""61"": 16.05482597, ""62"": 0.071117175, ""63"": 0.000770779, ""67"": 0.175176936, ""68"": 0.175176936, ""71"": 0.098099084, ""72"": 0.098099084, ""73"": 0.098099084, ""210"": 12.23529412}","{""23"": 3.0, ""24"": 16.0, ""25"": 1.0, ""27"": 3.0, ""28"": 1.0, ""39"": 5.33333333, ""40"": 1.23076923, ""41"": 22.0, ""42"": 247.0, ""43"": 2.0, ""47"": 45.0, ""48"": 19.0, ""49"": 7.0, ""50"": 5.0, ""51"": 1.0, ""53"": 22.0, ""58"": 45.0, ""59"": 68.0, ""60"": 11.22727273, ""61"": 19.0, ""108"": 2.0, ""109"": 2.0, ""155"": 7.0, ""156"": 6.0, ""158"": 18.0, ""180"": 1.0, ""183"": 2.0, ""210"": 13.0, ""212"": 1.0, ""213"": 13.0}",2026-08-24T23:49:57-04:00
Joe Flacco,11252,QB,NYJ,ACTIVE,70.31491548,57.9,0.0,29.7,169.72490875912408,0.8314221619552267,,,"{""0"": 147.5146508, ""1"": 92.78198528, ""2"": 54.73266557, ""3"": 1025.644436, ""4"": 5.275524314, ""5"": 205.0, ""6"": 102.0, ""7"": 51.0, ""8"": 41.0, ""9"": 20.0, ""10"": 10.0, ""11"": 18.0, ""12"": 9.0, ""15"": 0.882420309, ""16"": 0.576661672, ""17"": 0.984384325, ""18"": 0.132964512, ""19"": 0.441601455, ""20"": 2.744822674, ""21"": 0.628967935, ""22"": 256.4111091, ""23"": 7.951295735, ""24"": 25.22674696, ""25"": 0.29312536, ""26"": 0.020915263, ""27"": 5.0, ""28"": 2.0, ""29"": 1.0, ""30"": 1.0, ""33"": 1.0, ""35"": 0.014850038, ""36"": 0.010395026, ""37"": 0.006796182, ""38"": 0.000231928, ""39"": 3.172658621, ""40"": 6.30668674, ""62"": 0.462516718, ""63"": 0.009437916, ""64"": 9.470028267, ""65"": 2.041574777, ""66"": 0.103406045, ""68"": 2.144980822, ""69"": 0.979955893, ""70"": 0.047566781, ""72"": 1.027522674, ""73"": 3.772345347, ""210"": 4.0}","{""0"": 191.0, ""1"": 110.0, ""2"": 81.0, ""3"": 1051.0, ""4"": 5.0, ""5"": 208.0, ""6"": 102.0, ""7"": 51.0, ""8"": 40.0, ""9"": 19.0, ""10"": 9.0, ""11"": 20.0, ""12"": 8.0, ""13"": 14.0, ""14"": 6.0, ""15"": 1.0, ""16"": 1.0, ""17"": 2.0, ""20"": 3.0, ""21"": 0.57591623, ""22"": 210.2, ""23"": 3.0, ""24"": 6.0, ""27"": 1.0, ""39"": 2.0, ""40"": 1.2, ""42"": -3.0, ""59"": -3.0, ""61"": -0.6, ""64"": 10.0, ""65"": 5.0, ""68"": 5.0, ""69"": 4.0, ""72"": 4.0, ""73"": 7.0, ""108"": 1.0, ""109"": 1.0, ""155"": 1.0, ""156"": 4.0, ""158"": 30.0, ""175"": 2.0, ""176"": 2.0, ""210"": 5.0, ""211"": 53.0, ""212"": 1.0}",2026-08-24T23:49:57-04:00
Cole Beasley,15349,WR,BUF,ACTIVE,0.0,6.5,137.68172903,118.3,170.0,0.8058762312393166,,,{},"{""41"": 6.0, ""42"": 35.0, ""47"": 5.0, ""48"": 1.0, ""53"": 6.0, ""58"": 7.0, ""59"": 14.0, ""60"": 5.83333333, ""61"": 8.75, ""155"": 2.0, ""156"": 2.0, ""210"": 4.0, ""213"": 1.0}",2026-08-24T23:49:57-04:00
KJ Hamler,4240380,WR,DEN,QUESTIONABLE,109.28323003,22.3,74.98354599,9.9,169.7915621436716,0.7222693176232573,,,"{""42"": 629.5498595, ""43"": 3.955320604, ""44"": 0.223834293, ""45"": 0.197045313, ""46"": 0.128769112, ""47"": 125.0, ""48"": 62.0, ""49"": 31.0, ""50"": 25.0, ""51"": 12.0, ""53"": 45.60955192, ""54"": 9.0, ""55"": 4.0, ""56"": 0.719627404, ""57"": 0.022256518, ""58"": 77.77894171, ""60"": 13.80302663, ""61"": 40.46256186, ""62"": 0.223834293, ""63"": 0.00257763, ""67"": 0.585825077, ""68"": 0.585825077, ""71"": 0.328062043, ""72"": 0.328062043, ""73"": 0.328062043, ""210"": 15.55882353}","{""23"": 2.0, ""24"": 23.0, ""27"": 3.0, ""28"": 1.0, ""39"": 11.5, ""40"": 3.28571429, ""41"": 7.0, ""42"": 165.0, ""47"": 31.0, ""48"": 15.0, ""49"": 6.0, ""50"": 5.0, ""51"": 2.0, ""53"": 7.0, ""58"": 14.0, ""59"": 23.0, ""60"": 23.57142857, ""61"": 23.57142857, ""155"": 2.0, ""156"": 5.0, ""210"": 7.0, ""212"": 1.0, ""213"": 2.0}",2026-08-24T23:49:57-04:00
Justin Watson,3118892,WR,KC,ACTIVE,30.96537865,51.0,,,169.605929304447,0.7155924927387883,,,"{""42"": 136.2421937, ""43"": 1.873831276, ""44"": 0.068163886, ""45"": 0.116272973, ""46"": 0.075984388, ""47"": 27.0, ""48"": 13.0, ""49"": 6.0, ""50"": 5.0, ""51"": 2.0, ""53"": 12.27691094, ""54"": 2.0, ""55"": 1.0, ""56"": 0.054329467, ""57"": 0.001680293, ""58"": 19.06300636, ""60"": 11.09743277, ""61"": 8.483946129, ""62"": 0.068163886, ""63"": 0.000693831, ""67"": 0.157688949, ""68"": 0.157688949, ""71"": 0.088305811, ""72"": 0.088305811, ""73"": 0.088305811, ""210"": 16.05882353}","{""41"": 15.0, ""42"": 315.0, ""43"": 2.0, ""45"": 1.0, ""47"": 60.0, ""48"": 27.0, ""49"": 11.0, ""50"": 9.0, ""51"": 3.0, ""53"": 15.0, ""58"": 34.0, ""59"": 60.0, ""60"": 21.0, ""61"": 18.52941176, ""108"": 1.0, ""109"": 1.0, ""115"": 39.0, ""118"": 3.0, ""155"": 14.0, ""156"": 3.0, ""158"": 12.0, ""183"": 1.0, ""210"": 17.0, ""213"": 12.0}",2026-08-24T23:49:57-04:00
Jordan Love,4036378,QB,GB,ACTIVE,24.68446999,13.3,16.16181656,24.7,169.8209397810219,0.709895537320681,,,"{""0"": 32.24184217, ""1"": 20.97148602, ""2"": 11.27035616, ""3"": 242.1321057, ""4"": 2.597945049, ""5"": 48.0, ""6"": 24.0, ""7"": 12.0, ""8"": 9.0, ""9"": 4.0, ""10"": 2.0, ""11"": 4.0, ""12"": 2.0, ""15"": 0.198362611, ""16"": 0.129629966, ""17"": 0.197718679, ""18"": 0.026706609, ""19"": 0.097519804, ""20"": 0.873594391, ""21"": 0.65044317, ""22"": 121.0660529, ""23"": 2.803763569, ""24"": 10.60736368, ""25"": 0.107364414, ""26"": 0.005224658, ""27"": 2.0, ""28"": 1.0, ""35"": 0.005275177, ""36"": 0.003692624, ""37"": 0.004857396, ""38"": 0.000165764, ""39"": 3.783258973, ""40"": 5.303681841, ""62"": 0.102744462, ""63"": 0.003064081, ""64"": 2.084675931, ""65"": 0.643797121, ""66"": 0.052584853, ""68"": 0.696381974, ""69"": 0.309022618, ""70"": 0.024189032, ""72"": 0.33321165, ""73"": 1.206806041, ""210"": 2.0}","{""0"": 21.0, ""1"": 14.0, ""2"": 7.0, ""3"": 195.0, ""4"": 1.0, ""5"": 37.0, ""6"": 17.0, ""7"": 8.0, ""8"": 6.0, ""9"": 3.0, ""10"": 1.0, ""11"": 1.0, ""15"": 1.0, ""16"": 1.0, ""21"": 0.66666667, ""22"": 48.75, ""23"": 1.0, ""24"": -1.0, ""39"": -1.0, ""40"": -0.25, ""155"": 1.0, ""156"": 3.0, ""158"": 6.0, ""210"": 4.0, ""211"": 9.0}",2026-08-24T23:49:57-04:00
DeSean Jackson,11283,WR,FA,QUESTIONABLE,0.0,19.8,84.22500522,65.8,169.88546657540496,0.6706222026242172,,,{},"{""41"": 9.0, ""42"": 153.0, ""47"": 28.0, ""48"": 13.0, ""49"": 4.0, ""50"": 3.0, ""51"": 1.0, ""53"": 9.0, ""58"": 17.0, ""59"": 23.0, ""60"": 17.0, ""61"": 21.85714286, ""108"": 1.0, ""109"": 1.0, ""155"": 4.0, ""156"": 3.0, ""210"": 7.0, ""213"": 5.0}",2026-08-24T23:49:57-04:00
Taylor Bertolet,2578718,K,FA,ACTIVE,,15.0,,,168.99930891499653,0.66656223419129,,,null,"{""80"": 3.0, ""81"": 3.0, ""83"": 3.0, ""84"": 3.0, ""86"": 6.0, ""87"": 6.0, ""155"": 1.0, ""156"": 1.0, ""158"": 15.0, ""210"": 2.0, ""214"": 80.0, ""216"": 80.0, ""217"": 16.0, ""218"": 8.0, ""219"": 4.0, ""220"": 3.0, ""221"": 1.0, ""229"": 16.0, ""230"": 8.0, ""231"": 4.0, ""232"": 3.0, ""233"": 1.0}",2026-08-24T23:49:57-04:00
Jauan Jennings,3886598,WR,SF,ACTIVE,69.07994515,65.1,3.4492306,70.2,169.57172177879133,0.6567907382049047,,,"{""42"": 384.6964233, ""43"": 2.51720166, ""44"": 0.129318436, ""45"": 0.128067551, ""46"": 0.083692145, ""47"": 76.0, ""48"": 38.0, ""49"": 19.0, ""50"": 15.0, ""51"": 7.0, ""53"": 31.40034207, ""54"": 6.0, ""55"": 3.0, ""56"": 0.204549701, ""57"": 0.006326279, ""58"": 52.57721526, ""60"": 12.25134499, ""61"": 23.95545493, ""62"": 0.129318436, ""63"": 0.001774595, ""67"": 0.403317003, ""68"": 0.403317003, ""71"": 0.225857522, ""72"": 0.225857522, ""73"": 0.225857522, ""210"": 16.05882353}","{""41"": 35.0, ""42"": 416.0, ""43"": 1.0, ""47"": 78.0, ""48"": 36.0, ""49"": 16.0, ""50"": 8.0, ""51"": 1.0, ""53"": 35.0, ""54"": 1.0, ""58"": 56.0, ""59"": 176.0, ""60"": 11.88571429, ""61"": 26.0, ""67"": 1.0, ""68"": 1.0, ""107"": 1.0, ""108"": 1.0, ""109"": 2.0, ""155"": 12.0, ""156"": 4.0, ""158"": 6.0, ""183"": 1.0, ""210"": 16.0, ""213"": 23.0}",2026-08-24T23:49:57-04:00
Skylar Thompson,4036419,QB,MIA,ACTIVE,0.0,18.9,,,169.8857208029197,0.6442817672258964,,,{},"{""0"": 105.0, ""1"": 60.0, ""2"": 45.0, ""3"": 534.0, ""4"": 1.0, ""5"": 104.0, ""6"": 50.0, ""7"": 24.0, ""8"": 19.0, ""9"": 9.0, ""10"": 3.0, ""11"": 10.0, ""12"": 4.0, ""13"": 6.0, ""14"": 2.0, ""20"": 3.0, ""21"": 0.57142857, ""22"": 76.28571429, ""23"": 14.0, ""24"": 21.0, ""27"": 2.0, ""33"": 1.0, ""39"": 1.5, ""40"": 3.0, ""64"": 6.0, ""65"": 1.0, ""66"": 1.0, ""68"": 2.0, ""69"": 1.0, ""70"": 1.0, ""72"": 2.0, ""73"": 5.0, ""155"": 3.0, ""156"": 4.0, ""158"": 6.0, ""175"": 1.0, ""210"": 7.0, ""211"": 26.0, ""212"": 1.0}",2026-08-24T23:49:57-04:00
Benny Snell Jr.,4035072,RB,PIT,ACTIVE,21.72092971,17.7,36.03847567,12.1,170.02851277372264,0.6363106077851127,,,"{""23"": 34.29948148, ""24"": 133.1974425, ""25"": 0.946333852, ""26"": 0.052084149, ""27"": 26.0, ""28"": 13.0, ""29"": 6.0, ""30"": 5.0, ""31"": 2.0, ""33"": 6.0, ""34"": 3.0, ""35"": 0.064095348, ""36"": 0.044866744, ""37"": 0.045674994, ""38"": 0.001558712, ""39"": 3.883366066, ""40"": 8.810725765, ""42"": 14.85761295, ""43"": 0.059615289, ""44"": 0.004020488, ""45"": 0.034402568, ""46"": 0.022482078, ""47"": 2.0, ""48"": 1.0, ""53"": 2.148789176, ""56"": 0.008608409, ""57"": 0.000266239, ""58"": 2.932096082, ""60"": 6.914411667, ""61"": 0.9827993, ""62"": 0.056104637, ""63"": 0.001449089, ""66"": 0.309922441, ""67"": 0.019415978, ""68"": 0.329338419, ""70"": 0.142564323, ""71"": 0.010872948, ""72"": 0.153437271, ""73"": 0.153437271, ""210"": 15.11764706}","{""23"": 20.0, ""24"": 90.0, ""25"": 1.0, ""27"": 16.0, ""28"": 8.0, ""29"": 4.0, ""30"": 2.0, ""31"": 1.0, ""33"": 3.0, ""34"": 1.0, ""39"": 4.5, ""40"": 5.29411765, ""41"": 2.0, ""42"": 17.0, ""47"": 3.0, ""48"": 1.0, ""53"": 2.0, ""58"": 2.0, ""59"": 18.0, ""60"": 8.5, ""61"": 1.0, ""107"": 4.0, ""108"": 4.0, ""109"": 8.0, ""114"": 30.0, ""116"": 1.0, ""155"": 9.0, ""156"": 8.0, ""158"": 6.0, ""179"": 1.0, ""210"": 17.0, ""212"": 6.0, ""213"": 1.0}",2026-08-24T23:49:57-04:00
John Metchie III,4567096,WR,HOU,QUESTIONABLE,0.0,0.0,,,169.7935204198038,0.6086370116178819,,,{},{},2026-08-24T23:49:57-04:00
Mitch Trubisky,3039707,QB,PIT,ACTIVE,135.14987538,81.0,21.69725532,7.8,169.97011861313868,0.6019366657942946,,,"{""0"": 287.0809734, ""1"": 185.2214441, ""2"": 101.8595292, ""3"": 1997.74753, ""4"": 9.086147785, ""5"": 399.0, ""6"": 199.0, ""7"": 99.0, ""8"": 79.0, ""9"": 39.0, ""10"": 19.0, ""11"": 37.0, ""12"": 18.0, ""15"": 1.680803743, ""16"": 1.098405246, ""17"": 1.782423989, ""18"": 0.240758745, ""19"": 0.613489144, ""20"": 7.219774241, ""21"": 0.645188854, ""22"": 249.7184412, ""23"": 28.51151643, ""24"": 124.9481863, ""25"": 0.965525203, ""26"": 0.053236935, ""27"": 24.0, ""28"": 12.0, ""29"": 6.0, ""30"": 4.0, ""31"": 2.0, ""33"": 5.0, ""34"": 2.0, ""35"": 0.054011, ""36"": 0.0378077, ""37"": 0.08471935, ""38"": 0.002891146, ""39"": 4.382376034, ""40"": 15.61852329, ""62"": 0.666726078, ""63"": 0.020003562, ""64"": 18.2955893, ""65"": 4.158047514, ""66"": 0.388216565, ""68"": 4.546264079, ""69"": 1.995862807, ""70"": 0.17857962, ""72"": 2.174442426, ""73"": 9.394216668, ""210"": 8.0}","{""0"": 180.0, ""1"": 117.0, ""2"": 63.0, ""3"": 1252.0, ""4"": 4.0, ""5"": 246.0, ""6"": 121.0, ""7"": 59.0, ""8"": 47.0, ""9"": 21.0, ""10"": 8.0, ""11"": 21.0, ""12"": 9.0, ""13"": 10.0, ""14"": 3.0, ""19"": 1.0, ""20"": 5.0, ""21"": 0.65, ""22"": 178.85714286, ""23"": 19.0, ""24"": 38.0, ""25"": 2.0, ""27"": 5.0, ""33"": 2.0, ""39"": 2.0, ""40"": 5.42857143, ""64"": 11.0, ""73"": 5.0, ""155"": 3.0, ""156"": 4.0, ""158"": 36.0, ""175"": 3.0, ""176"": 1.0, ""179"": 2.0, ""210"": 7.0, ""211"": 62.0, ""212"": 7.0}",2026-08-24T23:49:57-04:00
Laviska Shenault Jr.,4243160,WR,CAR,ACTIVE,37.82785063,59.2,164.60755782,95.5,169.81163055872292,0.5991648823793028,,,"{""23"": 3.945233553, ""24"": 20.77257053, ""25"": 0.133584886, ""26"": 0.006173469, ""27"": 4.0, ""28"": 2.0, ""29"": 1.0, ""35"": 0.007250788, ""36"": 0.005075552, ""37"": 0.000968619, ""38"": 3.31e-05, ""39"": 5.265232147, ""40"": 1.293530033, ""42"": 202.5910312, ""43"": 0.931926961, ""44"": 0.065023331, ""45"": 0.115605445, ""46"": 0.075548158, ""47"": 40.0, ""48"": 20.0, ""49"": 10.0, ""50"": 8.0, ""51"": 4.0, ""53"": 18.45264446, ""54"": 3.0, ""55"": 1.0, ""56"": 0.075653196, ""57"": 0.00233979, ""58"": 28.39036073, ""60"": 10.97897007, ""61"": 12.61555872, ""62"": 0.0711968, ""63"": 0.001096364, ""66"": 0.043890242, ""67"": 0.205283419, ""68"": 0.249173661, ""70"": 0.020189511, ""71"": 0.114958714, ""72"": 0.135148226, ""73"": 0.135148226, ""210"": 16.05882353}","{""23"": 9.0, ""24"": 65.0, ""25"": 1.0, ""27"": 11.0, ""28"": 4.0, ""29"": 2.0, ""30"": 1.0, ""35"": 1.0, ""39"": 7.22222222, ""40"": 5.0, ""41"": 27.0, ""42"": 272.0, ""43"": 1.0, ""45"": 1.0, ""46"": 1.0, ""47"": 50.0, ""48"": 22.0, ""49"": 8.0, ""50"": 7.0, ""51"": 2.0, ""53"": 27.0, ""54"": 1.0, ""58"": 32.0, ""59"": 330.0, ""60"": 10.07407407, ""61"": 20.92307692, ""114"": 82.0, ""116"": 7.0, ""117"": 3.0, ""155"": 7.0, ""156"": 6.0, ""158"": 12.0, ""210"": 13.0, ""212"": 1.0, ""213"": 10.0}",2026-08-24T23:49:57-04:00
Kyle Rudolph,14054,TE,TB,QUESTIONABLE,70.66353191,10.3,55.03896858,46.7,169.61587591240877,0.5903631170660397,,,"{""42"": 314.7556722, ""43"": 3.773150412, ""44"": 0.143606604, ""45"": 0.096595978, ""46"": 0.063125471, ""47"": 62.0, ""48"": 31.0, ""49"": 15.0, ""50"": 12.0, ""51"": 6.0, ""53"": 33.25216145, ""54"": 6.0, ""55"": 3.0, ""56"": 0.136392708, ""57"": 0.004218331, ""58"": 45.91706385, ""60"": 9.465720676, ""61"": 19.60017006, ""62"": 0.143606604, ""63"": 0.00143091, ""67"": 0.325206893, ""68"": 0.325206893, ""71"": 0.18211586, ""72"": 0.18211586, ""73"": 0.18211586, ""210"": 16.05882353}","{""41"": 3.0, ""42"": 28.0, ""43"": 1.0, ""47"": 4.0, ""48"": 1.0, ""53"": 3.0, ""58"": 5.0, ""59"": 3.0, ""60"": 9.33333333, ""61"": 3.11111111, ""155"": 5.0, ""156"": 4.0, ""158"": 6.0, ""183"": 1.0, ""210"": 9.0, ""213"": 2.0}",2026-08-24T23:49:57-04:00
Julius Chestnut,4367567,RB,TEN,ACTIVE,8.22555907,6.8,,,169.7789689781022,0.5680433918473592,,,"{""23"": 4.482839026, ""24"": 18.77300524, ""25"": 0.123439782, ""26"": 0.003848465, ""27"": 3.0, ""28"": 1.0, ""35"": 0.008242478, ""36"": 0.005769734, ""37"": 0.000832973, ""38"": 2.84e-05, ""39"": 4.187749132, ""40"": 1.329754538, ""42"": 28.01101956, ""43"": 0.15822097, ""44"": 0.008085576, ""45"": 0.041308425, ""46"": 0.026995056, ""47"": 5.0, ""48"": 2.0, ""49"": 1.0, ""50"": 1.0, ""53"": 3.804193454, ""56"": 0.01532706, ""57"": 0.000474033, ""58"": 4.992564232, ""60"": 7.363195352, ""61"": 1.984113886, ""62"": 0.011934041, ""63"": 0.000299068, ""66"": 0.036768092, ""67"": 0.031201864, ""68"": 0.067969956, ""70"": 0.016913322, ""71"": 0.017473044, ""72"": 0.034386366, ""73"": 0.034386366, ""210"": 14.11764706}","{""23"": 9.0, ""24"": 12.0, ""27"": 2.0, ""28"": 1.0, ""33"": 1.0, ""39"": 1.33333333, ""40"": 2.0, ""41"": 3.0, ""42"": 41.0, ""47"": 7.0, ""48"": 3.0, ""49"": 1.0, ""50"": 1.0, ""53"": 3.0, ""58"": 3.0, ""59"": 39.0, ""60"": 13.66666667, ""61"": 6.83333333, ""114"": 215.0, ""116"": 19.0, ""117"": 7.0, ""156"": 6.0, ""210"": 6.0, ""212"": 1.0, ""213"": 1.0}",2026-08-24T23:49:57-04:00
Raheem Blackshear,4259308,RB,CAR,ACTIVE,,38.0,,,169.79607664233578,0.5665429765553931,,,null,"{""23"": 23.0, ""24"": 77.0, ""25"": 3.0, ""27"": 14.0, ""28"": 7.0, ""29"": 2.0, ""30"": 2.0, ""33"": 2.0, ""39"": 3.34782609, ""40"": 5.92307692, ""41"": 10.0, ""42"": 93.0, ""47"": 17.0, ""48"": 8.0, ""49"": 2.0, ""50"": 1.0, ""53"": 10.0, ""58"": 12.0, ""59"": 105.0, ""60"": 9.3, ""61"": 7.15384615, ""68"": 1.0, ""72"": 1.0, ""73"": 1.0, ""108"": 1.0, ""109"": 1.0, ""114"": 513.0, ""115"": 55.0, ""116"": 46.0, ""117"": 15.0, ""118"": 5.0, ""119"": 1.0, ""155"": 6.0, ""156"": 7.0, ""158"": 18.0, ""179"": 3.0, ""210"": 13.0, ""212"": 7.0, ""213"": 3.0}",2026-08-24T23:49:57-04:00
Gary Brightwell,4245645,RB,NYG,ACTIVE,27.75366581,26.5,13.5147085,1.5,169.9194799270073,0.5591237833189047,,,"{""23"": 26.65369914, ""24"": 114.8409648, ""25"": 0.968061346, ""26"": 0.048890037, ""27"": 22.0, ""28"": 11.0, ""29"": 5.0, ""30"": 4.0, ""31"": 2.0, ""33"": 5.0, ""34"": 2.0, ""35"": 0.049605961, ""36"": 0.034724173, ""37"": 0.034086238, ""38"": 0.001163233, ""39"": 4.308631392, ""40"": 7.596484056, ""42"": 46.80569577, ""43"": 0.219695306, ""44"": 0.013024133, ""45"": 0.041698489, ""46"": 0.027249962, ""47"": 9.0, ""48"": 4.0, ""49"": 2.0, ""50"": 1.0, ""53"": 6.558612656, ""54"": 1.0, ""56"": 0.024031381, ""57"": 0.000743239, ""58"": 8.46547642, ""60"": 7.136523871, ""61"": 3.096096608, ""62"": 0.06191417, ""63"": 0.001208045, ""66"": 0.220337708, ""67"": 0.054217978, ""68"": 0.274555686, ""70"": 0.101355346, ""71"": 0.030362068, ""72"": 0.131717413, ""73"": 0.131717413, ""101"": 0.22046, ""114"": 680.104, ""116"": 68.0, ""117"": 27.0, ""210"": 15.11764706}","{""23"": 31.0, ""24"": 141.0, ""25"": 1.0, ""27"": 26.0, ""28"": 12.0, ""29"": 5.0, ""30"": 3.0, ""31"": 1.0, ""33"": 5.0, ""34"": 1.0, ""39"": 4.5483871, ""40"": 8.29411765, ""41"": 5.0, ""42"": 39.0, ""47"": 6.0, ""48"": 2.0, ""53"": 5.0, ""58"": 8.0, ""59"": 35.0, ""60"": 7.8, ""61"": 2.29411765, ""96"": 1.0, ""107"": 4.0, ""109"": 4.0, ""114"": 555.0, ""116"": 51.0, ""117"": 15.0, ""155"": 9.0, ""156"": 7.0, ""158"": 6.0, ""179"": 1.0, ""210"": 17.0, ""212"": 8.0, ""213"": 4.0}",2026-08-24T23:49:57-04:00
Velus Jones Jr.,4035693,WR,CHI,ACTIVE,96.92641459,30.5,,,169.63420752565565,0.5465956203963585,,,"{""23"": 3.87943153, ""24"": 23.72529855, ""25"": 0.168616696, ""26"": 0.007165692, ""27"": 4.0, ""28"": 2.0, ""29"": 1.0, ""35"": 0.00713052, ""36"": 0.004991364, ""37"": 0.001375255, ""38"": 4.69e-05, ""39"": 6.115663692, ""40"": 1.575508107, ""42"": 534.1528019, ""43"": 2.791680805, ""44"": 0.186651213, ""45"": 0.142664833, ""46"": 0.093231469, ""47"": 106.0, ""48"": 53.0, ""49"": 26.0, ""50"": 21.0, ""51"": 10.0, ""53"": 43.94870046, ""54"": 8.0, ""55"": 4.0, ""56"": 0.508585151, ""57"": 0.015729438, ""58"": 70.29201953, ""60"": 12.15400674, ""61"": 35.4710845, ""62"": 0.193816904, ""63"": 0.002235945, ""66"": 0.041218582, ""67"": 0.466950662, ""68"": 0.508169244, ""70"": 0.018960548, ""71"": 0.261492371, ""72"": 0.280452918, ""73"": 0.280452918, ""101"": 0.083284889, ""102"": 0.179338667, ""114"": 256.9281778, ""115"": 159.8453333, ""116"": 25.0, ""117"": 10.0, ""118"": 15.0, ""119"": 6.0, ""210"": 15.05882353}","{""23"": 9.0, ""24"": 103.0, ""25"": 1.0, ""27"": 18.0, ""28"": 8.0, ""29"": 3.0, ""30"": 2.0, ""35"": 1.0, ""39"": 11.44444444, ""40"": 8.58333333, ""41"": 7.0, ""42"": 107.0, ""43"": 1.0, ""47"": 19.0, ""48"": 8.0, ""49"": 3.0, ""50"": 3.0, ""51"": 1.0, ""53"": 7.0, ""58"": 14.0, ""59"": 37.0, ""60"": 15.28571429, ""61"": 8.91666667, ""66"": 1.0, ""68"": 3.0, ""70"": 1.0, ""72"": 3.0, ""73"": 3.0, ""107"": 1.0, ""109"": 1.0, ""114"": 607.0, ""115"": 35.0, ""116"": 57.0, ""117"": 19.0, ""118"": 2.0, ""155"": 1.0, ""156"": 11.0, ""158"": 12.0, ""183"": 1.0, ""210"": 12.0, ""212"": 5.0, ""213"": 4.0}",2026-08-24T23:49:57-04:00
Trestan Ebner,4259169,RB,CHI,ACTIVE,17.57764865,5.2,,,169.87089416058393,0.5441039026169417,,,"{""23"": 19.64174107, ""24"": 82.63841526, ""25"": 0.640830222, ""26"": 0.027232265, ""27"": 16.0, ""28"": 8.0, ""29"": 4.0, ""30"": 3.0, ""31"": 1.0, ""33"": 3.0, ""34"": 1.0, ""35"": 0.03643251, ""36"": 0.025502757, ""37"": 0.018269964, ""38"": 0.000623484, ""39"": 4.207285646, ""40"": 5.853554414, ""42"": 27.67144009, ""43"": 0.149595841, ""44"": 0.010010136, ""45"": 0.039338773, ""46"": 0.025707888, ""47"": 5.0, ""48"": 2.0, ""49"": 1.0, ""50"": 1.0, ""53"": 3.825961608, ""56"": 0.015162055, ""57"": 0.00046893, ""58"": 5.020858538, ""60"": 7.232545155, ""61"": 1.96006034, ""62"": 0.037242401, ""63"": 0.000846918, ""66"": 0.161100885, ""67"": 0.031380406, ""68"": 0.192481291, ""70"": 0.074106407, ""71"": 0.017573027, ""72"": 0.091679434, ""73"": 0.091679434, ""210"": 14.11764706}","{""23"": 24.0, ""24"": 54.0, ""27"": 10.0, ""28"": 4.0, ""29"": 2.0, ""33"": 3.0, ""39"": 2.25, ""40"": 3.17647059, ""41"": 2.0, ""42"": 8.0, ""47"": 1.0, ""53"": 2.0, ""58"": 8.0, ""59"": -1.0, ""60"": 4.0, ""61"": 0.47058824, ""67"": 1.0, ""68"": 2.0, ""71"": 1.0, ""72"": 1.0, ""73"": 1.0, ""108"": 3.0, ""109"": 3.0, ""114"": 226.0, ""116"": 20.0, ""117"": 7.0, ""155"": 3.0, ""156"": 14.0, ""210"": 17.0, ""212"": 3.0}",2026-08-24T23:49:57-04:00
Ty Montgomery,2577134,RB,NE,QUESTIONABLE,51.80102474,8.8,26.9514616,21.9,169.90597900502053,0.5284674585972173,,,"{""23"": 21.56537175, ""24"": 92.58378205, ""25"": 0.79643625, ""26"": 0.027855768, ""27"": 18.0, ""28"": 9.0, ""29"": 4.0, ""30"": 3.0, ""31"": 1.0, ""33"": 4.0, ""34"": 2.0, ""35"": 0.040014374, ""36"": 0.028010061, ""37"": 0.021535335, ""38"": 0.000734918, ""39"": 4.293168842, ""40"": 6.333699376, ""42"": 191.3617616, ""43"": 0.855303105, ""44"": 0.047073932, ""45"": 0.046799489, ""46"": 0.030583466, ""47"": 38.0, ""48"": 19.0, ""49"": 9.0, ""50"": 7.0, ""51"": 3.0, ""53"": 23.87439231, ""54"": 4.0, ""55"": 2.0, ""56"": 0.071596656, ""57"": 0.00221433, ""58"": 33.4454368, ""60"": 8.015356331, ""61"": 13.09114667, ""62"": 0.074929699, ""63"": 0.001613085, ""66"": 0.173990446, ""67"": 0.192619734, ""68"": 0.36661018, ""70"": 0.080035605, ""71"": 0.107867051, ""72"": 0.187902656, ""73"": 0.187902656, ""101"": 0.178784, ""102"": 0.11868, ""114"": 626.65, ""115"": 105.78, ""116"": 62.0, ""117"": 25.0, ""118"": 10.0, ""119"": 4.0, ""210"": 14.61764706}","{""23"": 2.0, ""24"": -2.0, ""39"": -1.0, ""40"": -2.0, ""41"": 3.0, ""42"": 15.0, ""43"": 1.0, ""47"": 3.0, ""48"": 1.0, ""53"": 3.0, ""58"": 4.0, ""59"": 7.0, ""60"": 5.0, ""61"": 15.0, ""114"": 28.0, ""116"": 2.0, ""117"": 1.0, ""156"": 1.0, ""158"": 6.0, ""183"": 1.0, ""210"": 1.0, ""213"": 1.0}",2026-08-24T23:49:57-04:00
Brevin Jordan,4362504,TE,HOU,QUESTIONABLE,86.56414355,19.8,33.91212671,45.8,169.97764598540147,0.5215065428405781,,,"{""42"": 470.6241113, ""43"": 2.880956926, ""44"": 0.170243947, ""45"": 0.117145602, ""46"": 0.076554651, ""47"": 94.0, ""48"": 47.0, ""49"": 23.0, ""50"": 18.0, ""51"": 9.0, ""53"": 44.96729412, ""54"": 8.0, ""55"": 4.0, ""56"": 0.329519752, ""57"": 0.010191333, ""58"": 65.68916266, ""60"": 10.46592019, ""61"": 29.30626334, ""62"": 0.170243947, ""63"": 0.002389138, ""67"": 0.542985797, ""68"": 0.542985797, ""71"": 0.304072046, ""72"": 0.304072046, ""73"": 0.304072046, ""210"": 16.05882353}","{""41"": 14.0, ""42"": 128.0, ""47"": 23.0, ""48"": 9.0, ""49"": 4.0, ""50"": 1.0, ""53"": 14.0, ""58"": 28.0, ""59"": 85.0, ""60"": 9.14285714, ""61"": 11.63636364, ""108"": 1.0, ""109"": 1.0, ""155"": 2.0, ""156"": 8.0, ""210"": 11.0, ""213"": 7.0}",2026-08-24T23:49:57-04:00
Tre'Quan Smith,3128451,WR,NO,ACTIVE,13.60435278,43.3,70.50823766,71.7,169.7933865450399,0.5135245682986253,,,"{""42"": 70.95336323, ""43"": 0.547986962, ""44"": 0.032707098, ""45"": 0.106458284, ""46"": 0.069570489, ""47"": 14.0, ""48"": 7.0, ""49"": 3.0, ""50"": 2.0, ""51"": 1.0, ""53"": 6.516191329, ""54"": 1.0, ""56"": 0.033093278, ""57"": 0.001023503, ""58"": 9.989251748, ""60"": 10.88877838, ""61"": 5.384853459, ""62"": 0.032707098, ""63"": 0.000402345, ""67"": 0.091442119, ""68"": 0.091442119, ""71"": 0.051207586, ""72"": 0.051207586, ""73"": 0.051207586, ""210"": 13.17647059}","{""41"": 19.0, ""42"": 278.0, ""43"": 1.0, ""47"": 52.0, ""48"": 23.0, ""49"": 10.0, ""50"": 8.0, ""51"": 3.0, ""52"": 1.0, ""53"": 19.0, ""54"": 1.0, ""56"": 1.0, ""58"": 27.0, ""59"": 66.0, ""60"": 14.63157895, ""61"": 18.53333333, ""108"": 2.0, ""109"": 2.0, ""155"": 6.0, ""156"": 9.0, ""158"": 6.0, ""184"": 1.0, ""210"": 15.0, ""213"": 13.0}",2026-08-24T23:49:57-04:00
Chris Evans,4046530,RB,CIN,ACTIVE,48.51488733,11.3,41.88692894,42.3,168.84192518248176,0.4924026860915092,,,"{""23"": 32.03908171, ""24"": 137.7908311, ""25"": 1.169463681, ""26"": 0.056271853, ""27"": 27.0, ""28"": 13.0, ""29"": 6.0, ""30"": 5.0, ""31"": 2.0, ""33"": 6.0, ""34"": 3.0, ""35"": 0.05979655, ""36"": 0.041857585, ""37"": 0.0488079, ""38"": 0.001665626, ""39"": 4.300711, ""40"": 9.114568596, ""42"": 126.7816343, ""43"": 0.888644567, ""44"": 0.048023268, ""45"": 0.045633843, ""46"": 0.029821717, ""47"": 25.0, ""48"": 12.0, ""49"": 6.0, ""50"": 5.0, ""51"": 2.0, ""53"": 17.16038416, ""54"": 3.0, ""55"": 1.0, ""56"": 0.051473675, ""57"": 0.001591969, ""58"": 22.24714552, ""60"": 7.388041734, ""61"": 8.386333789, ""62"": 0.104295121, ""63"": 0.001789552, ""66"": 0.264856964, ""67"": 0.141859473, ""68"": 0.406716437, ""70"": 0.121834203, ""71"": 0.079441305, ""72"": 0.201275508, ""73"": 0.201275508, ""101"": 0.22046, ""114"": 680.104, ""116"": 68.0, ""117"": 27.0, ""210"": 15.11764706}","{""41"": 3.0, ""42"": 38.0, ""43"": 1.0, ""47"": 6.0, ""48"": 2.0, ""49"": 1.0, ""50"": 1.0, ""53"": 3.0, ""58"": 4.0, ""59"": 8.0, ""60"": 12.66666667, ""61"": 2.92307692, ""107"": 1.0, ""109"": 1.0, ""114"": 211.0, ""116"": 19.0, ""117"": 6.0, ""155"": 9.0, ""156"": 4.0, ""158"": 6.0, ""183"": 1.0, ""210"": 13.0, ""213"": 2.0}",2026-08-24T23:49:57-04:00
Joshua Dobbs,3044720,QB,CLE,ACTIVE,14.71275609,24.6,0.0,0.0,169.9605383211679,0.4911615205869373,,,"{""0"": 33.04468239, ""1"": 20.50925709, ""2"": 12.5354253, ""3"": 214.575337, ""4"": 1.167850743, ""5"": 42.0, ""6"": 21.0, ""7"": 10.0, ""8"": 8.0, ""9"": 4.0, ""10"": 2.0, ""11"": 4.0, ""12"": 2.0, ""15"": 0.158901306, ""16"": 0.103842004, ""17"": 0.129275188, ""18"": 0.017461688, ""19"": 0.072539107, ""20"": 1.043156757, ""21"": 0.620652269, ""22"": 107.2876685, ""23"": 2.653662573, ""24"": 10.43991638, ""25"": 0.115598806, ""26"": 0.004381766, ""27"": 2.0, ""28"": 1.0, ""35"": 0.004986011, ""36"": 0.003490208, ""37"": 0.004704031, ""38"": 0.000160531, ""39"": 3.934153679, ""40"": 5.219958188, ""62"": 0.076920872, ""63"": 0.002295801, ""64"": 2.73670133, ""65"": 0.485748319, ""66"": 0.036024659, ""68"": 0.521772978, ""69"": 0.233159193, ""70"": 0.016571343, ""72"": 0.249730536, ""73"": 1.292887293, ""210"": 2.0}","{""0"": 68.0, ""1"": 40.0, ""2"": 28.0, ""3"": 411.0, ""4"": 2.0, ""5"": 81.0, ""6"": 40.0, ""7"": 19.0, ""8"": 16.0, ""9"": 7.0, ""10"": 3.0, ""11"": 8.0, ""12"": 4.0, ""13"": 4.0, ""14"": 1.0, ""20"": 2.0, ""21"": 0.58823529, ""22"": 205.5, ""23"": 8.0, ""24"": 44.0, ""27"": 8.0, ""28"": 4.0, ""29"": 1.0, ""30"": 1.0, ""33"": 1.0, ""39"": 5.5, ""40"": 22.0, ""64"": 6.0, ""65"": 5.0, ""68"": 4.0, ""69"": 2.0, ""72"": 2.0, ""73"": 4.0, ""156"": 2.0, ""158"": 12.0, ""175"": 1.0, ""177"": 1.0, ""210"": 2.0, ""211"": 26.0, ""212"": 4.0}",2026-08-24T23:49:57-04:00
Marquez Callaway,4035170,WR,NO,ACTIVE,23.55615624,29.8,136.67055134,128.8,169.812086659065,0.48649183121955875,,,"{""42"": 133.7002718, ""43"": 0.824548198, ""44"": 0.04919687, ""45"": 0.126024547, ""46"": 0.082357041, ""47"": 26.0, ""48"": 13.0, ""49"": 6.0, ""50"": 5.0, ""51"": 2.0, ""53"": 10.52310333, ""54"": 2.0, ""55"": 1.0, ""56"": 0.053541706, ""57"": 0.001655929, ""58"": 18.36285393, ""60"": 12.7054033, ""61"": 8.32565795, ""62"": 0.04919687, ""63"": 0.000475772, ""67"": 0.108129943, ""68"": 0.108129943, ""71"": 0.060552768, ""72"": 0.060552768, ""73"": 0.060552768, ""210"": 16.05882353}","{""41"": 16.0, ""42"": 158.0, ""43"": 1.0, ""47"": 29.0, ""48"": 13.0, ""49"": 5.0, ""50"": 3.0, ""51"": 1.0, ""53"": 16.0, ""58"": 32.0, ""59"": 35.0, ""60"": 9.875, ""61"": 10.53333333, ""115"": 25.0, ""118"": 2.0, ""119"": 1.0, ""155"": 6.0, ""156"": 9.0, ""158"": 6.0, ""183"": 1.0, ""210"": 15.0, ""213"": 11.0}",2026-08-24T23:49:57-04:00
Ke'Shawn Vaughn,3917612,RB,TB,ACTIVE,51.15553359,8.7,7.93914928,34.6,169.88366788321167,0.48489010204606064,,,"{""23"": 68.23262357, ""24"": 289.2133665, ""25"": 2.699760992, ""26"": 0.100021678, ""27"": 57.0, ""28"": 28.0, ""29"": 14.0, ""30"": 11.0, ""31"": 5.0, ""33"": 13.0, ""34"": 6.0, ""35"": 0.129807786, ""36"": 0.09086545, ""37"": 0.215596419, ""38"": 0.007357479, ""39"": 4.23863764, ""40"": 19.13084526, ""42"": 32.83435813, ""43"": 0.169982218, ""44"": 0.006469248, ""45"": 0.035266024, ""46"": 0.023046347, ""47"": 6.0, ""48"": 3.0, ""49"": 1.0, ""50"": 1.0, ""53"": 4.506826153, ""56"": 0.017731273, ""57"": 0.00054839, ""58"": 6.361260194, ""60"": 7.28547253, ""61"": 2.171922522, ""62"": 0.106490926, ""63"": 0.003464219, ""66"": 0.738541287, ""67"": 0.048781316, ""68"": 0.787322603, ""70"": 0.339728992, ""71"": 0.027317537, ""72"": 0.367046529, ""73"": 0.367046529, ""210"": 15.11764706}","{""23"": 17.0, ""24"": 53.0, ""27"": 9.0, ""28"": 3.0, ""29"": 1.0, ""30"": 1.0, ""33"": 1.0, ""39"": 3.11764706, ""40"": 3.53333333, ""41"": 3.0, ""42"": 19.0, ""47"": 3.0, ""48"": 1.0, ""53"": 3.0, ""58"": 4.0, ""59"": 29.0, ""60"": 6.33333333, ""61"": 1.26666667, ""107"": 1.0, ""109"": 1.0, ""155"": 6.0, ""156"": 9.0, ""210"": 15.0, ""212"": 3.0, ""213"": 1.0}",2026-08-24T23:49:57-04:00
Trace McSorley,3116172,QB,ARI,ACTIVE,17.47605681,8.1,0.0,0.0,169.2055200729927,0.47367440080152595,,,"{""0"": 36.56680473, ""1"": 22.97428413, ""2"": 13.5925206, ""3"": 235.4530479, ""4"": 1.422834889, ""5"": 47.0, ""6"": 23.0, ""7"": 11.0, ""8"": 9.0, ""9"": 4.0, ""10"": 2.0, ""11"": 4.0, ""12"": 2.0, ""15"": 0.188389094, ""16"": 0.123112273, ""17"": 0.178347757, ""18"": 0.024090106, ""19"": 0.079737248, ""20"": 1.116002445, ""21"": 0.628282517, ""22"": 117.7265239, ""23"": 3.238594501, ""24"": 12.68038138, ""25"": 0.147943488, ""26"": 0.005059569, ""27"": 2.0, ""28"": 1.0, ""35"": 0.006117182, ""36"": 0.004282027, ""37"": 0.006959826, ""38"": 0.000237512, ""39"": 3.915396441, ""40"": 6.340190692, ""62"": 0.084796817, ""63"": 0.002548329, ""64"": 2.857323076, ""65"": 0.535200203, ""66"": 0.043965372, ""68"": 0.579165575, ""69"": 0.256896097, ""70"": 0.020224071, ""72"": 0.277120168, ""73"": 1.393122614, ""210"": 2.0}","{""0"": 83.0, ""1"": 45.0, ""2"": 38.0, ""3"": 412.0, ""5"": 80.0, ""6"": 38.0, ""7"": 17.0, ""8"": 14.0, ""9"": 6.0, ""10"": 2.0, ""11"": 7.0, ""12"": 2.0, ""13"": 5.0, ""14"": 2.0, ""20"": 5.0, ""21"": 0.54216867, ""22"": 68.66666667, ""23"": 15.0, ""24"": 61.0, ""27"": 10.0, ""28"": 4.0, ""29"": 1.0, ""33"": 1.0, ""39"": 4.06666667, ""40"": 10.16666667, ""64"": 3.0, ""65"": 1.0, ""66"": 1.0, ""68"": 2.0, ""69"": 1.0, ""70"": 1.0, ""72"": 2.0, ""73"": 7.0, ""155"": 1.0, ""156"": 5.0, ""210"": 6.0, ""211"": 16.0, ""212"": 3.0}",2026-08-24T23:49:57-04:00
Craig Reynolds,4421446,RB,DET,ACTIVE,40.93430335,26.3,0.0,31.7,169.88389598540147,0.4727651425693498,,,"{""23"": 47.99603329, ""24"": 204.016153, ""25"": 1.491032553, ""26"": 0.095505389, ""27"": 40.0, ""28"": 20.0, ""29"": 10.0, ""30"": 8.0, ""31"": 4.0, ""33"": 9.0, ""34"": 4.0, ""35"": 0.090406528, ""36"": 0.063284569, ""37"": 0.110154975, ""38"": 0.003759167, ""39"": 4.250687796, ""40"": 13.49523191, ""42"": 58.81594897, ""43"": 0.284686965, ""44"": 0.021398841, ""45"": 0.041263174, ""46"": 0.026965484, ""47"": 11.0, ""48"": 5.0, ""49"": 2.0, ""50"": 2.0, ""51"": 1.0, ""53"": 8.231924609, ""54"": 1.0, ""56"": 0.028902579, ""57"": 0.000893894, ""58"": 10.71200988, ""60"": 7.144860014, ""61"": 3.890549154, ""62"": 0.116904231, ""63"": 0.001636162, ""66"": 0.317414432, ""67"": 0.054440575, ""68"": 0.371855007, ""70"": 0.146010639, ""71"": 0.030486722, ""72"": 0.176497361, ""73"": 0.176497361, ""210"": 15.11764706}","{""23"": 23.0, ""24"": 102.0, ""27"": 18.0, ""28"": 8.0, ""29"": 2.0, ""30"": 1.0, ""33"": 2.0, ""39"": 4.43478261, ""40"": 11.33333333, ""41"": 9.0, ""42"": 116.0, ""47"": 21.0, ""48"": 9.0, ""49"": 3.0, ""50"": 2.0, ""51"": 1.0, ""53"": 9.0, ""58"": 10.0, ""59"": 112.0, ""60"": 12.88888889, ""61"": 12.88888889, ""155"": 3.0, ""156"": 6.0, ""210"": 9.0, ""212"": 4.0, ""213"": 5.0}",2026-08-24T23:49:57-04:00
Olamide Zaccheaus,3917914,WR,ATL,ACTIVE,50.80571413,90.0,66.92021891,74.3,169.8768529076397,0.46721559282246444,,,"{""42"": 305.2046762, ""43"": 1.285453892, ""44"": 0.069964949, ""45"": 0.112577421, ""46"": 0.073569344, ""47"": 61.0, ""48"": 30.0, ""49"": 15.0, ""50"": 12.0, ""51"": 6.0, ""53"": 25.450994, ""54"": 5.0, ""55"": 2.0, ""56"": 0.129799426, ""57"": 0.004014415, ""58"": 43.1854706, ""60"": 11.99185683, ""61"": 19.00541939, ""62"": 0.069964949, ""63"": 0.001150693, ""67"": 0.261521193, ""68"": 0.261521193, ""71"": 0.146451868, ""72"": 0.146451868, ""73"": 0.146451868, ""210"": 16.05882353}","{""23"": 2.0, ""24"": 7.0, ""27"": 2.0, ""28"": 1.0, ""39"": 3.5, ""40"": 0.41176471, ""41"": 40.0, ""42"": 533.0, ""43"": 3.0, ""47"": 99.0, ""48"": 45.0, ""49"": 17.0, ""50"": 13.0, ""51"": 3.0, ""53"": 40.0, ""54"": 1.0, ""58"": 61.0, ""59"": 189.0, ""60"": 13.325, ""61"": 31.35294118, ""67"": 1.0, ""68"": 1.0, ""71"": 1.0, ""72"": 1.0, ""73"": 1.0, ""108"": 1.0, ""109"": 1.0, ""155"": 7.0, ""156"": 10.0, ""158"": 18.0, ""183"": 1.0, ""184"": 2.0, ""210"": 17.0, ""212"": 1.0, ""213"": 25.0}",2026-08-24T23:49:57-04:00
Cooper Rush,2972515,QB,DAL,ACTIVE,21.54623887,66.2,15.36260629,30.0,169.12682481751824,0.46708378556076435,,,"{""0"": 37.71811552, ""1"": 24.15140097, ""2"": 13.56671454, ""3"": 272.1398783, ""4"": 1.807374886, ""5"": 54.0, ""6"": 27.0, ""7"": 13.0, ""8"": 10.0, ""9"": 5.0, ""10"": 2.0, ""11"": 4.0, ""12"": 2.0, ""15"": 0.246401605, ""16"": 0.161023449, ""17"": 0.309990458, ""18"": 0.041871583, ""19"": 0.119757738, ""20"": 0.855766408, ""21"": 0.640313034, ""22"": 136.0699392, ""23"": 3.405044244, ""24"": 10.82221046, ""25"": 0.142488992, ""26"": 0.009191219, ""27"": 2.0, ""28"": 1.0, ""35"": 0.006441192, ""36"": 0.004508835, ""37"": 0.005057778, ""38"": 0.000172603, ""39"": 3.178287764, ""40"": 5.411105228, ""62"": 0.128948956, ""63"": 0.002674049, ""64"": 2.482069268, ""65"": 0.560281296, ""66"": 0.04745706, ""68"": 0.607738356, ""69"": 0.268935022, ""70"": 0.021830248, ""72"": 0.29076527, ""73"": 1.146531677, ""210"": 2.0}","{""0"": 162.0, ""1"": 94.0, ""2"": 68.0, ""3"": 1051.0, ""4"": 5.0, ""5"": 208.0, ""6"": 103.0, ""7"": 50.0, ""8"": 39.0, ""9"": 18.0, ""10"": 8.0, ""11"": 16.0, ""12"": 6.0, ""13"": 12.0, ""14"": 5.0, ""20"": 3.0, ""21"": 0.58024691, ""22"": 116.77777778, ""23"": 9.0, ""24"": 6.0, ""27"": 1.0, ""39"": 0.66666667, ""40"": 0.66666667, ""64"": 7.0, ""65"": 2.0, ""68"": 2.0, ""73"": 3.0, ""155"": 6.0, ""156"": 3.0, ""158"": 30.0, ""175"": 4.0, ""178"": 1.0, ""210"": 9.0, ""211"": 51.0, ""212"": 1.0}",2026-08-24T23:49:57-04:00
Justice Hill,4038441,RB,BAL,ACTIVE,3.52091519,36.0,0.0,0.0,169.7007299270073,0.45555680076635185,,,"{""23"": 3.692099251, ""24"": 15.87844714, ""25"": 0.126620913, ""26"": 0.007338262, ""27"": 3.0, ""28"": 1.0, ""35"": 0.006830305, ""36"": 0.004781213, ""37"": 0.002731996, ""38"": 9.32e-05, ""39"": 4.300655551, ""40"": 4.353767764, ""42"": 5.934324437, ""43"": 0.033526247, ""44"": 0.003054779, ""45"": 0.009913976, ""46"": 0.006478783, ""47"": 1.0, ""53"": 0.77230638, ""56"": 0.003144039, ""57"": 9.72e-05, ""58"": 1.04251493, ""60"": 7.683899285, ""61"": 1.627153475, ""62"": 0.010393041, ""63"": 0.000129909, ""66"": 0.024417134, ""67"": 0.00510753, ""68"": 0.029524664, ""70"": 0.011231882, ""71"": 0.002860217, ""72"": 0.014092099, ""73"": 0.014092099, ""210"": 3.647058824}","{""23"": 49.0, ""24"": 262.0, ""27"": 48.0, ""28"": 22.0, ""29"": 9.0, ""30"": 7.0, ""31"": 1.0, ""33"": 5.0, ""39"": 5.34693878, ""40"": 17.46666667, ""41"": 12.0, ""42"": 58.0, ""47"": 8.0, ""48"": 2.0, ""53"": 12.0, ""58"": 12.0, ""59"": 83.0, ""60"": 4.83333333, ""61"": 3.86666667, ""66"": 1.0, ""67"": 1.0, ""68"": 2.0, ""70"": 1.0, ""72"": 1.0, ""73"": 1.0, ""108"": 6.0, ""109"": 6.0, ""114"": 247.0, ""116"": 22.0, ""117"": 8.0, ""155"": 9.0, ""156"": 6.0, ""210"": 15.0, ""212"": 15.0, ""213"": 2.0}",2026-08-24T23:49:57-04:00
Case Keenum,15168,QB,HOU,ACTIVE,23.57629056,0.2,13.18260961,34.4,169.21259124087592,0.44375571297989036,,,"{""0"": 36.92240197, ""1"": 23.71147162, ""2"": 13.21093035, ""3"": 250.1679647, ""4"": 2.202749586, ""5"": 50.0, ""6"": 25.0, ""7"": 12.0, ""8"": 10.0, ""9"": 5.0, ""10"": 2.0, ""11"": 4.0, ""12"": 2.0, ""15"": 0.210709091, ""16"": 0.137698391, ""17"": 0.223601481, ""18"": 0.030202697, ""19"": 0.118320776, ""20"": 0.819224632, ""21"": 0.642197429, ""22"": 125.0839824, ""23"": 2.997933178, ""24"": 9.946204455, ""25"": 0.208763469, ""26"": 0.010437368, ""27"": 1.0, ""35"": 0.005650374, ""36"": 0.003955262, ""37"": 0.004266158, ""38"": 0.000145588, ""39"": 3.317687174, ""40"": 4.973102228, ""62"": 0.128758143, ""63"": 0.002328255, ""64"": 2.167721926, ""65"": 0.491457566, ""66"": 0.037691284, ""68"": 0.529148849, ""69"": 0.235899632, ""70"": 0.01733799, ""72"": 0.253237622, ""73"": 1.072462254, ""210"": 2.0}","{""0"": 7.0, ""1"": 2.0, ""2"": 5.0, ""3"": 8.0, ""5"": 1.0, ""21"": 0.28571429, ""22"": 4.0, ""23"": 5.0, ""24"": 0.0, ""39"": 0.0, ""40"": 0.0, ""155"": 2.0, ""210"": 2.0}",2026-08-24T23:49:57-04:00
Ronnie Rivers,4243003,RB,LAR,ACTIVE,,7.5,,,169.78832116788323,0.4257798781430384,,,null,"{""23"": 9.0, ""24"": 21.0, ""27"": 4.0, ""28"": 2.0, ""29"": 1.0, ""33"": 1.0, ""39"": 2.33333333, ""40"": 2.625, ""41"": 5.0, ""42"": 29.0, ""47"": 5.0, ""48"": 2.0, ""53"": 5.0, ""58"": 5.0, ""59"": 55.0, ""60"": 5.8, ""61"": 3.625, ""155"": 2.0, ""156"": 6.0, ""210"": 8.0, ""212"": 1.0, ""213"": 1.0}",2026-08-24T23:49:57-04:00
Jamal Agnew,3061612,WR,JAX,ACTIVE,47.21891663,58.8,31.28540432,64.0,169.96989737742302,0.42460896708124546,,,"{""23"": 7.78469338, ""24"": 60.41413541, ""25"": 0.320223678, ""26"": 0.022280308, ""27"": 12.0, ""28"": 6.0, ""29"": 3.0, ""30"": 2.0, ""31"": 1.0, ""33"": 1.0, ""35"": 0.014337068, ""36"": 0.010035948, ""37"": 0.009012996, ""38"": 0.000307579, ""39"": 7.760631339, ""40"": 3.762052388, ""42"": 208.4867112, ""43"": 1.05879388, ""44"": 0.086409352, ""45"": 0.11853581, ""46"": 0.077463152, ""47"": 41.0, ""48"": 20.0, ""49"": 10.0, ""50"": 8.0, ""51"": 4.0, ""53"": 17.54832863, ""54"": 3.0, ""55"": 1.0, ""56"": 0.077870832, ""57"": 0.002408376, ""58"": 29.03626889, ""60"": 11.88071614, ""61"": 12.98268898, ""62"": 0.10868966, ""63"": 0.002229306, ""66"": 0.155693868, ""67"": 0.350966573, ""68"": 0.50666044, ""70"": 0.071619179, ""71"": 0.196541281, ""72"": 0.26816046, ""73"": 0.26816046, ""101"": 0.255399293, ""102"": 0.344518024, ""114"": 610.7423256, ""115"": 226.0687059, ""116"": 61.0, ""117"": 24.0, ""118"": 22.0, ""119"": 9.0, ""210"": 16.05882353}","{""23"": 12.0, ""24"": 86.0, ""27"": 15.0, ""28"": 6.0, ""29"": 2.0, ""30"": 2.0, ""31"": 1.0, ""39"": 7.16666667, ""40"": 5.73333333, ""41"": 23.0, ""42"": 187.0, ""43"": 3.0, ""44"": 1.0, ""47"": 33.0, ""48"": 13.0, ""49"": 4.0, ""50"": 4.0, ""51"": 1.0, ""53"": 23.0, ""54"": 1.0, ""58"": 30.0, ""59"": 121.0, ""60"": 8.13043478, ""61"": 12.46666667, ""62"": 1.0, ""108"": 1.0, ""109"": 1.0, ""114"": 547.0, ""115"": 205.0, ""116"": 52.0, ""117"": 16.0, ""118"": 14.0, ""119"": 2.0, ""155"": 9.0, ""156"": 6.0, ""158"": 20.0, ""183"": 3.0, ""210"": 15.0, ""212"": 6.0, ""213"": 9.0}",2026-08-24T23:49:57-04:00
Brett Rypien,3722362,QB,DEN,ACTIVE,19.08888242,21.9,,,169.90921532846716,0.41517299706840227,,,"{""0"": 35.94116469, ""1"": 21.77878021, ""2"": 14.16238448, ""3"": 237.81903, ""4"": 1.708785612, ""5"": 47.0, ""6"": 23.0, ""7"": 11.0, ""8"": 9.0, ""9"": 4.0, ""10"": 2.0, ""11"": 4.0, ""12"": 2.0, ""15"": 0.191892163, ""16"": 0.125401528, ""17"": 0.184993832, ""18"": 0.024987816, ""19"": 0.097070519, ""20"": 1.125614452, ""21"": 0.60595644, ""22"": 118.909515, ""23"": 3.121745894, ""24"": 11.23371538, ""25"": 0.149628789, ""26"": 0.00791144, ""27"": 2.0, ""28"": 1.0, ""35"": 0.005890287, ""36"": 0.004123201, ""37"": 0.005452885, ""38"": 0.000186086, ""39"": 3.598536129, ""40"": 5.616857692, ""62"": 0.104981959, ""63"": 0.002499776, ""64"": 2.786974376, ""65"": 0.525751844, ""66"": 0.0423791, ""68"": 0.568130943, ""69"": 0.252360885, ""70"": 0.019494386, ""72"": 0.271855271, ""73"": 1.397469723, ""210"": 2.0}","{""0"": 88.0, ""1"": 53.0, ""2"": 35.0, ""3"": 483.0, ""4"": 2.0, ""5"": 96.0, ""6"": 46.0, ""7"": 22.0, ""8"": 17.0, ""9"": 7.0, ""10"": 3.0, ""11"": 8.0, ""12"": 4.0, ""13"": 5.0, ""14"": 2.0, ""20"": 4.0, ""21"": 0.60227273, ""22"": 96.6, ""23"": 6.0, ""24"": 7.0, ""27"": 1.0, ""39"": 1.16666667, ""40"": 1.4, ""64"": 8.0, ""65"": 3.0, ""66"": 1.0, ""68"": 4.0, ""69"": 1.0, ""72"": 1.0, ""73"": 5.0, ""155"": 1.0, ""156"": 4.0, ""158"": 12.0, ""175"": 2.0, ""210"": 5.0, ""211"": 25.0, ""212"": 2.0}",2026-08-24T23:49:57-04:00
Kyle Juszczyk,16002,RB,SF,ACTIVE,41.84027745,44.1,42.80087627,58.8,169.6332116788321,0.40874367162219166,,,"{""23"": 9.888359441, ""24"": 41.45714058, ""25"": 0.421483484, ""26"": 0.012189124, ""27"": 8.0, ""28"": 4.0, ""29"": 2.0, ""30"": 1.0, ""33"": 1.0, ""35"": 0.018232087, ""36"": 0.012762461, ""37"": 0.004144822, ""38"": 0.000141447, ""39"": 4.192519581, ""40"": 2.581580183, ""42"": 162.1352855, ""43"": 1.431097796, ""44"": 0.07353826, ""45"": 0.04586194, ""46"": 0.029970778, ""47"": 32.0, ""48"": 16.0, ""49"": 8.0, ""50"": 6.0, ""51"": 3.0, ""53"": 21.41736227, ""54"": 4.0, ""55"": 2.0, ""56"": 0.062059186, ""57"": 0.001919356, ""58"": 28.39732671, ""60"": 7.570273286, ""61"": 10.09633646, ""62"": 0.085727384, ""63"": 0.002142442, ""66"": 0.15380018, ""67"": 0.333118369, ""68"": 0.486918549, ""70"": 0.070748083, ""71"": 0.186546287, ""72"": 0.257294369, ""73"": 0.257294369, ""210"": 16.05882353}","{""23"": 7.0, ""24"": 26.0, ""25"": 1.0, ""27"": 2.0, ""39"": 3.71428571, ""40"": 1.625, ""41"": 19.0, ""42"": 200.0, ""43"": 1.0, ""47"": 36.0, ""48"": 16.0, ""49"": 6.0, ""50"": 5.0, ""53"": 19.0, ""58"": 23.0, ""59"": 149.0, ""60"": 10.52631579, ""61"": 12.5, ""106"": 1.0, ""108"": 1.0, ""109"": 1.0, ""155"": 12.0, ""156"": 4.0, ""158"": 12.0, ""179"": 1.0, ""183"": 1.0, ""210"": 16.0, ""212"": 5.0, ""213"": 9.0}",2026-08-24T23:49:57-04:00
David Bell,4570409,WR,CLE,ACTIVE,59.6399155,33.4,,,169.84834663625998,0.39809354805782177,,,"{""42"": 333.00731, ""43"": 1.983432985, ""44"": 0.118949722, ""45"": 0.127582966, ""46"": 0.083375468, ""47"": 66.0, ""48"": 33.0, ""49"": 16.0, ""50"": 13.0, ""51"": 6.0, ""53"": 29.0938004, ""54"": 5.0, ""55"": 2.0, ""56"": 0.152301165, ""57"": 0.004710345, ""58"": 45.97746342, ""60"": 11.44598868, ""61"": 20.73671894, ""62"": 0.118949722, ""63"": 0.001360123, ""67"": 0.309118795, ""68"": 0.309118795, ""71"": 0.173106525, ""72"": 0.173106525, ""73"": 0.173106525, ""210"": 16.05882353}","{""41"": 24.0, ""42"": 214.0, ""47"": 38.0, ""48"": 15.0, ""49"": 6.0, ""50"": 3.0, ""53"": 24.0, ""58"": 35.0, ""59"": 75.0, ""60"": 8.91666667, ""61"": 13.375, ""107"": 3.0, ""108"": 1.0, ""109"": 4.0, ""114"": 12.0, ""116"": 1.0, ""155"": 6.0, ""156"": 10.0, ""210"": 16.0, ""213"": 6.0}",2026-08-24T23:49:57-04:00
John Wolford,3124092,QB,LAR,ACTIVE,21.11919497,16.6,16.32818119,-1.9,169.75615875912408,0.397549433026096,,,"{""0"": 33.39653963, ""1"": 20.78621305, ""2"": 12.61032658, ""3"": 227.6688196, ""4"": 2.073718848, ""5"": 45.0, ""6"": 22.0, ""7"": 11.0, ""8"": 9.0, ""9"": 4.0, ""10"": 2.0, ""11"": 4.0, ""12"": 2.0, ""15"": 0.177095586, ""16"": 0.115731965, ""17"": 0.158093967, ""18"": 0.02135435, ""19"": 0.085904492, ""20"": 1.038669702, ""21"": 0.622406192, ""22"": 113.8344098, ""23"": 2.750770193, ""24"": 11.94342986, ""25"": 0.129831894, ""26"": 0.006017274, ""27"": 2.0, ""28"": 1.0, ""35"": 0.005172999, ""36"": 0.0036211, ""37"": 0.006169225, ""38"": 0.000210532, ""39"": 4.341849382, ""40"": 5.971714931, ""62"": 0.091921766, ""63"": 0.001852361, ""64"": 2.616716532, ""65"": 0.391116873, ""66"": 0.029874351, ""68"": 0.420991224, ""69"": 0.187736099, ""70"": 0.013742201, ""72"": 0.2014783, ""73"": 1.240148003, ""210"": 2.0}","{""0"": 62.0, ""1"": 38.0, ""2"": 24.0, ""3"": 390.0, ""4"": 1.0, ""5"": 77.0, ""6"": 38.0, ""7"": 18.0, ""8"": 15.0, ""9"": 7.0, ""10"": 3.0, ""11"": 6.0, ""12"": 3.0, ""13"": 4.0, ""14"": 2.0, ""20"": 3.0, ""21"": 0.61290323, ""22"": 97.5, ""23"": 8.0, ""24"": 32.0, ""27"": 5.0, ""28"": 2.0, ""29"": 1.0, ""30"": 1.0, ""33"": 1.0, ""39"": 4.0, ""40"": 8.0, ""64"": 7.0, ""65"": 2.0, ""66"": 1.0, ""68"": 3.0, ""69"": 1.0, ""72"": 1.0, ""73"": 4.0, ""155"": 1.0, ""156"": 3.0, ""158"": 6.0, ""175"": 1.0, ""210"": 4.0, ""211"": 19.0, ""212"": 2.0}",2026-08-24T23:49:57-04:00
PJ Walker,3051308,QB,CHI,ACTIVE,14.03463203,44.7,29.03648452,15.5,169.59785583941607,0.39727080448229285,,,"{""0"": 36.88088304, ""1"": 23.31565699, ""2"": 13.56522606, ""3"": 251.0868886, ""4"": 1.011932393, ""5"": 50.0, ""6"": 25.0, ""7"": 12.0, ""8"": 10.0, ""9"": 5.0, ""10"": 2.0, ""11"": 4.0, ""12"": 2.0, ""15"": 0.212145089, ""16"": 0.138636815, ""17"": 0.22674723, ""18"": 0.030627605, ""19"": 0.071531515, ""20"": 1.31093393, ""21"": 0.632188144, ""22"": 125.5434443, ""23"": 2.136002398, ""24"": 6.908129463, ""25"": 0.090450353, ""26"": 0.004233606, ""27"": 1.0, ""35"": 0.003994616, ""36"": 0.002796231, ""37"": 0.002042384, ""38"": 6.97e-05, ""39"": 3.234139377, ""40"": 3.454064732, ""62"": 0.075765121, ""63"": 0.003675139, ""64"": 2.746061242, ""65"": 0.792538886, ""66"": 0.042720048, ""68"": 0.835258934, ""69"": 0.380418665, ""70"": 0.019651222, ""72"": 0.400069887, ""73"": 1.711003817, ""210"": 2.0}","{""0"": 106.0, ""1"": 63.0, ""2"": 43.0, ""3"": 731.0, ""4"": 3.0, ""5"": 144.0, ""6"": 70.0, ""7"": 34.0, ""8"": 27.0, ""9"": 13.0, ""10"": 5.0, ""11"": 11.0, ""12"": 4.0, ""13"": 7.0, ""14"": 1.0, ""15"": 1.0, ""16"": 1.0, ""17"": 1.0, ""20"": 3.0, ""21"": 0.59433962, ""22"": 121.83333333, ""23"": 6.0, ""24"": 39.0, ""27"": 7.0, ""28"": 3.0, ""29"": 1.0, ""39"": 6.5, ""40"": 6.5, ""64"": 7.0, ""73"": 3.0, ""155"": 2.0, ""156"": 4.0, ""158"": 18.0, ""177"": 2.0, ""210"": 6.0, ""211"": 29.0, ""212"": 3.0}",2026-08-24T23:49:57-04:00
Amari Rodgers,4239992,WR,HOU,ACTIVE,27.14676386,31.1,45.03629365,7.6,169.75689851767387,0.39699245977895786,,,"{""42"": 128.8327192, ""43"": 1.113179799, ""44"": 0.042079231, ""45"": 0.148975453, ""46"": 0.097355458, ""47"": 25.0, ""48"": 12.0, ""49"": 6.0, ""50"": 5.0, ""51"": 2.0, ""53"": 10.67272194, ""54"": 2.0, ""55"": 1.0, ""56"": 0.052106416, ""57"": 0.001611539, ""58"": 17.01575508, ""60"": 12.07121482, ""61"": 8.022550282, ""62"": 0.042079231, ""63"": 0.00060317, ""67"": 0.137084183, ""68"": 0.137084183, ""71"": 0.076767142, ""72"": 0.076767142, ""73"": 0.076767142, ""101"": 0.198414, ""102"": 0.187824, ""114"": 612.0936, ""115"": 207.5727273, ""116"": 61.0, ""117"": 24.0, ""118"": 20.0, ""119"": 8.0, ""210"": 16.05882353}","{""23"": 2.0, ""24"": 7.0, ""39"": 3.5, ""40"": 0.4375, ""41"": 16.0, ""42"": 204.0, ""43"": 1.0, ""47"": 37.0, ""48"": 17.0, ""49"": 6.0, ""50"": 4.0, ""51"": 1.0, ""53"": 16.0, ""58"": 25.0, ""59"": 68.0, ""60"": 12.75, ""61"": 12.75, ""67"": 2.0, ""68"": 6.0, ""72"": 2.0, ""73"": 2.0, ""114"": 122.0, ""115"": 139.0, ""116"": 10.0, ""117"": 2.0, ""118"": 12.0, ""155"": 6.0, ""156"": 10.0, ""158"": 6.0, ""185"": 1.0, ""210"": 16.0, ""213"": 12.0}",2026-08-24T23:49:57-04:00
Chris Naggar,4241822,K,FA,ACTIVE,0.0,0.0,7.70072084,4.0,169.41968195436738,0.39147939389502967,,,{},{},2026-08-24T23:49:57-04:00
C.J. Uzomah,2574576,TE,NYJ,ACTIVE,50.60795226,45.7,72.06777656,103.8,169.8122718978102,0.3821927391215765,,,"{""42"": 261.724736, ""43"": 1.597538482, ""44"": 0.133234988, ""45"": 0.08033009, ""46"": 0.052495714, ""47"": 52.0, ""48"": 26.0, ""49"": 13.0, ""50"": 10.0, ""51"": 5.0, ""53"": 29.56742971, ""54"": 5.0, ""55"": 2.0, ""56"": 0.102037724, ""57"": 0.003155806, ""58"": 39.93851217, ""60"": 8.851791942, ""61"": 16.29787734, ""62"": 0.133234988, ""63"": 0.000785467, ""67"": 0.178515238, ""68"": 0.178515238, ""71"": 0.099968533, ""72"": 0.099968533, ""73"": 0.099968533, ""210"": 16.05882353}","{""41"": 21.0, ""42"": 232.0, ""43"": 2.0, ""45"": 1.0, ""47"": 43.0, ""48"": 18.0, ""49"": 6.0, ""50"": 4.0, ""53"": 21.0, ""58"": 27.0, ""59"": 105.0, ""60"": 11.04761905, ""61"": 15.46666667, ""108"": 2.0, ""109"": 2.0, ""155"": 6.0, ""156"": 9.0, ""158"": 12.0, ""183"": 1.0, ""210"": 15.0, ""213"": 10.0}",2026-08-24T23:49:57-04:00
D'Ernest Johnson,3139602,RB,CLE,ACTIVE,20.62520634,3.9,24.25722728,94.6,169.96532846715328,0.37865611579777786,,,"{""23"": 25.33897558, ""24"": 116.169902, ""25"": 0.677354117, ""26"": 0.026473187, ""27"": 23.0, ""28"": 11.0, ""29"": 5.0, ""30"": 4.0, ""31"": 2.0, ""33"": 5.0, ""34"": 2.0, ""35"": 0.047127808, ""36"": 0.032989465, ""37"": 0.035019078, ""38"": 0.001195067, ""39"": 4.584632936, ""40"": 7.684390404, ""42"": 26.1526684, ""43"": 0.098088454, ""44"": 0.005891748, ""45"": 0.035817634, ""46"": 0.023406824, ""47"": 5.0, ""48"": 2.0, ""49"": 1.0, ""50"": 1.0, ""53"": 3.8737424, ""56"": 0.014506521, ""57"": 0.000448655, ""58"": 5.108607046, ""60"": 6.751266787, ""61"": 1.729943046, ""62"": 0.032364935, ""63"": 0.001214713, ""66"": 0.239462895, ""67"": 0.03660833, ""68"": 0.276071224, ""70"": 0.110152932, ""71"": 0.020500665, ""72"": 0.130653596, ""73"": 0.130653596, ""210"": 15.11764706}","{""23"": 4.0, ""24"": 17.0, ""27"": 3.0, ""28"": 1.0, ""39"": 4.25, ""40"": 1.13333333, ""41"": 3.0, ""42"": 7.0, ""47"": 1.0, ""53"": 3.0, ""58"": 3.0, ""59"": 8.0, ""60"": 2.33333333, ""61"": 0.46666667, ""107"": 3.0, ""108"": 3.0, ""109"": 6.0, ""114"": 27.0, ""116"": 2.0, ""117"": 1.0, ""155"": 6.0, ""156"": 9.0, ""210"": 15.0, ""212"": 1.0}",2026-08-24T23:49:57-04:00
Phillip Dorsett,2579604,WR,LV,ACTIVE,77.12613999,41.7,0.0,14.5,170.15347776510833,0.37712730717995113,,,"{""42"": 453.4007759, ""43"": 2.324097583, ""44"": 0.137318267, ""45"": 0.15722696, ""46"": 0.102747818, ""47"": 90.0, ""48"": 45.0, ""49"": 22.0, ""50"": 18.0, ""51"": 9.0, ""53"": 35.96140718, ""54"": 7.0, ""55"": 3.0, ""56"": 0.300435816, ""57"": 0.009291829, ""58"": 59.05109671, ""60"": 12.60798204, ""61"": 28.23374795, ""62"": 0.137318267, ""63"": 0.001625891, ""67"": 0.369520738, ""68"": 0.369520738, ""71"": 0.206931613, ""72"": 0.206931613, ""73"": 0.206931613, ""210"": 16.05882353}","{""0"": 1.0, ""2"": 1.0, ""41"": 20.0, ""42"": 257.0, ""43"": 1.0, ""47"": 48.0, ""48"": 20.0, ""49"": 8.0, ""50"": 4.0, ""51"": 1.0, ""53"": 20.0, ""58"": 40.0, ""59"": 62.0, ""60"": 12.85, ""61"": 17.13333333, ""155"": 2.0, ""156"": 12.0, ""158"": 6.0, ""185"": 1.0, ""210"": 15.0, ""213"": 11.0}",2026-08-24T23:49:57-04:00
Antonio Brown,13934,WR,FA,ACTIVE,0.0,0.0,153.22269483,100.1,169.3290763968073,0.3740665255695236,,,{},{},2026-08-24T23:49:57-04:00
David Blough,3116188,QB,ARI,ACTIVE,0.0,22.5,13.75768846,0.6,170.0,0.35384270900038367,,,{},"{""0"": 58.0, ""1"": 38.0, ""2"": 20.0, ""3"": 402.0, ""4"": 2.0, ""5"": 80.0, ""6"": 40.0, ""7"": 20.0, ""8"": 15.0, ""9"": 7.0, ""10"": 3.0, ""11"": 6.0, ""12"": 3.0, ""13"": 3.0, ""14"": 1.0, ""15"": 1.0, ""16"": 1.0, ""20"": 2.0, ""21"": 0.65517241, ""22"": 201.0, ""23"": 4.0, ""24"": 5.0, ""27"": 1.0, ""39"": 1.25, ""40"": 2.5, ""64"": 5.0, ""65"": 1.0, ""68"": 1.0, ""69"": 1.0, ""72"": 1.0, ""73"": 3.0, ""156"": 2.0, ""158"": 12.0, ""175"": 1.0, ""210"": 2.0, ""211"": 18.0}",2026-08-24T23:49:57-04:00
Adam Trautman,3911853,TE,NO,ACTIVE,38.19813749,35.7,64.76730244,49.8,169.92358576642334,0.3507034728406055,,,"{""42"": 195.2073113, ""43"": 1.547119258, ""44"": 0.092319113, ""45"": 0.090257626, ""46"": 0.058983359, ""47"": 39.0, ""48"": 19.0, ""49"": 9.0, ""50"": 7.0, ""51"": 3.0, ""53"": 18.9321884, ""54"": 3.0, ""55"": 1.0, ""56"": 0.072913824, ""57"": 0.002255067, ""58"": 28.93988126, ""60"": 10.31086883, ""61"": 12.15576664, ""62"": 0.092319113, ""63"": 0.001005878, ""67"": 0.228608583, ""68"": 0.228608583, ""71"": 0.128020807, ""72"": 0.128020807, ""73"": 0.128020807, ""210"": 16.05882353}","{""41"": 18.0, ""42"": 207.0, ""43"": 1.0, ""47"": 36.0, ""48"": 14.0, ""49"": 4.0, ""50"": 3.0, ""53"": 18.0, ""58"": 22.0, ""59"": 123.0, ""60"": 11.5, ""61"": 13.8, ""96"": 1.0, ""155"": 6.0, ""156"": 9.0, ""158"": 6.0, ""185"": 1.0, ""210"": 15.0, ""213"": 9.0}",2026-08-24T23:49:57-04:00
Khalil Shakir,4373678,WR,BUF,ACTIVE,15.75138878,29.1,,,168.93888255416192,0.3497011618712467,,,"{""42"": 80.42865102, ""43"": 0.705007984, ""44"": 0.037941662, ""45"": 0.121106404, ""46"": 0.079143035, ""47"": 16.0, ""48"": 8.0, ""49"": 4.0, ""50"": 3.0, ""51"": 1.0, ""53"": 6.971095453, ""54"": 1.0, ""56"": 0.036361507, ""57"": 0.001124583, ""58"": 10.99043956, ""60"": 11.53744796, ""61"": 5.340965107, ""62"": 0.037941662, ""63"": 0.000325896, ""67"": 0.07406721, ""68"": 0.07406721, ""71"": 0.041477638, ""72"": 0.041477638, ""73"": 0.041477638, ""210"": 15.05882353}","{""41"": 10.0, ""42"": 161.0, ""43"": 1.0, ""44"": 1.0, ""47"": 30.0, ""48"": 13.0, ""49"": 5.0, ""50"": 4.0, ""51"": 1.0, ""53"": 10.0, ""58"": 20.0, ""59"": 83.0, ""60"": 16.1, ""61"": 11.5, ""108"": 1.0, ""109"": 1.0, ""114"": 34.0, ""115"": 23.0, ""116"": 3.0, ""117"": 1.0, ""118"": 1.0, ""155"": 12.0, ""156"": 2.0, ""158"": 8.0, ""185"": 1.0, ""210"": 14.0, ""213"": 7.0}",2026-08-24T23:49:57-04:00
Tim Patrick,3134353,WR,DEN,QUESTIONABLE,0.0,0.0,64.00740386,129.9,169.9345496009122,0.342873808922544,,,{},{},2026-08-24T23:49:57-04:00
Rodrigo Blankenship,3915165,K,FA,QUESTIONABLE,124.06056757,18.0,125.8167394,42.0,168.98663902326652,0.3327271087927482,,,"{""74"": 3.180278732, ""75"": 5.288413434, ""76"": 2.108134702, ""77"": 7.351886543, ""78"": 9.943483941, ""79"": 2.591597398, ""80"": 15.20864138, ""81"": 16.43524893, ""82"": 1.22660755, ""83"": 25.74080666, ""84"": 31.66714631, ""85"": 5.92633965, ""86"": 39.05204325, ""87"": 42.94419282, ""88"": 3.892149574, ""198"": 3.180278732, ""199"": 5.288413434, ""200"": 2.108134702, ""210"": 17.0}","{""74"": 1.0, ""75"": 1.0, ""77"": 1.0, ""78"": 2.0, ""79"": 1.0, ""80"": 2.0, ""81"": 2.0, ""83"": 4.0, ""84"": 5.0, ""85"": 1.0, ""86"": 4.0, ""87"": 5.0, ""88"": 1.0, ""155"": 1.0, ""156"": 1.0, ""158"": 16.0, ""198"": 1.0, ""199"": 1.0, ""210"": 3.0, ""214"": 150.0, ""215"": 42.0, ""216"": 192.0, ""217"": 29.0, ""218"": 14.0, ""219"": 6.0, ""220"": 5.0, ""221"": 2.0, ""223"": 8.0, ""224"": 4.0, ""225"": 2.0, ""226"": 1.0, ""229"": 37.0, ""230"": 18.0, ""231"": 8.0, ""232"": 7.0, ""233"": 3.0, ""234"": 1.0}",2026-08-24T23:49:57-04:00
Ray-Ray McCloud III,3728262,WR,SF,ACTIVE,12.34855361,51.1,22.36542118,46.7,169.63740022805018,0.33249127906354237,,,"{""42"": 57.08229208, ""43"": 0.308313046, ""44"": 0.015838587, ""45"": 0.056245969, ""46"": 0.036756741, ""47"": 11.0, ""48"": 5.0, ""49"": 2.0, ""50"": 2.0, ""51"": 1.0, ""53"": 5.830213052, ""54"": 1.0, ""56"": 0.028291227, ""57"": 0.000874986, ""58"": 9.465775572, ""60"": 9.790772921, ""61"": 3.554574964, ""62"": 0.015838587, ""63"": 0.000513059, ""67"": 0.116604261, ""68"": 0.116604261, ""71"": 0.065298386, ""72"": 0.065298386, ""73"": 0.065298386, ""101"": 0.178784, ""102"": 0.1502592, ""114"": 680.8049383, ""115"": 193.2875294, ""116"": 68.0, ""117"": 27.0, ""118"": 19.0, ""119"": 7.0, ""210"": 16.05882353}","{""23"": 4.0, ""24"": 78.0, ""25"": 1.0, ""27"": 15.0, ""28"": 7.0, ""29"": 3.0, ""30"": 2.0, ""31"": 1.0, ""35"": 1.0, ""36"": 1.0, ""39"": 19.5, ""40"": 4.58823529, ""41"": 14.0, ""42"": 243.0, ""43"": 1.0, ""47"": 46.0, ""48"": 21.0, ""49"": 7.0, ""50"": 4.0, ""51"": 1.0, ""53"": 14.0, ""58"": 25.0, ""59"": 92.0, ""60"": 17.35714286, ""61"": 14.29411765, ""68"": 2.0, ""114"": 599.0, ""115"": 356.0, ""116"": 54.0, ""117"": 16.0, ""118"": 30.0, ""119"": 6.0, ""155"": 13.0, ""156"": 4.0, ""158"": 12.0, ""183"": 1.0, ""210"": 17.0, ""212"": 1.0, ""213"": 10.0}",2026-08-24T23:49:57-04:00
Brandon Powell,3115255,WR,LAR,ACTIVE,12.96166322,35.6,,,169.95963511972633,0.32896869240999843,,,"{""42"": 48.44493227, ""43"": 0.537467489, ""44"": 0.022281409, ""45"": 0.118032105, ""46"": 0.07713398, ""47"": 9.0, ""48"": 4.0, ""49"": 2.0, ""50"": 1.0, ""53"": 4.218552688, ""56"": 0.023771952, ""57"": 0.000735215, ""58"": 6.595685729, ""60"": 11.4837803, ""61"": 3.016717394, ""62"": 0.022281409, ""63"": 0.000238412, ""67"": 0.05418457, ""68"": 0.05418457, ""71"": 0.030343359, ""72"": 0.030343359, ""73"": 0.030343359, ""101"": 0.1609056, ""102"": 0.305629835, ""114"": 579.27375, ""115"": 271.1276471, ""116"": 57.0, ""117"": 23.0, ""118"": 27.0, ""119"": 10.0, ""210"": 16.05882353}","{""23"": 17.0, ""24"": 80.0, ""27"": 18.0, ""28"": 7.0, ""29"": 2.0, ""30"": 1.0, ""39"": 4.70588235, ""40"": 4.70588235, ""41"": 24.0, ""42"": 156.0, ""47"": 26.0, ""48"": 10.0, ""49"": 3.0, ""50"": 3.0, ""53"": 24.0, ""58"": 32.0, ""59"": 184.0, ""60"": 6.5, ""61"": 9.17647059, ""68"": 1.0, ""114"": 605.0, ""115"": 177.0, ""116"": 54.0, ""117"": 17.0, ""118"": 13.0, ""119"": 2.0, ""155"": 5.0, ""156"": 12.0, ""210"": 17.0, ""212"": 6.0, ""213"": 7.0}",2026-08-24T23:49:57-04:00
Phillip Lindsay,3052117,RB,FA,ACTIVE,0.0,11.8,114.36700605,43.4,169.86760437597678,0.3230281129068973,,,{},"{""23"": 15.0, ""24"": 49.0, ""26"": 1.0, ""27"": 9.0, ""28"": 4.0, ""29"": 2.0, ""30"": 1.0, ""33"": 2.0, ""34"": 1.0, ""39"": 3.26666667, ""40"": 16.33333333, ""41"": 6.0, ""42"": 19.0, ""47"": 3.0, ""48"": 1.0, ""53"": 6.0, ""58"": 8.0, ""59"": 11.0, ""60"": 3.16666667, ""61"": 6.33333333, ""155"": 2.0, ""156"": 1.0, ""158"": 2.0, ""210"": 3.0, ""212"": 1.0}",2026-08-24T23:49:57-04:00
Tommy Tremble,4372780,TE,CAR,ACTIVE,72.18550631,42.9,6.63119412,43.1,169.8845802919708,0.3156544968833482,,,"{""23"": 3.945233553, ""24"": 11.78190015, ""25"": 0.36665685, ""26"": 0.016944617, ""27"": 2.0, ""28"": 1.0, ""35"": 0.007250788, ""36"": 0.005075552, ""37"": 0.000275057, ""38"": 9.39e-06, ""39"": 2.986363163, ""40"": 0.733671438, ""42"": 371.2951842, ""43"": 2.513504673, ""44"": 0.175476444, ""45"": 0.115567772, ""46"": 0.075523539, ""47"": 74.0, ""48"": 37.0, ""49"": 18.0, ""50"": 14.0, ""51"": 7.0, ""53"": 33.41546025, ""54"": 6.0, ""55"": 3.0, ""56"": 0.188642548, ""57"": 0.005834306, ""58"": 52.03751573, ""60"": 11.11147898, ""61"": 23.12094553, ""62"": 0.192421061, ""63"": 0.001984995, ""66"": 0.047639197, ""67"": 0.403495933, ""68"": 0.45113513, ""70"": 0.021914031, ""71"": 0.225957723, ""72"": 0.247871753, ""73"": 0.247871753, ""210"": 16.05882353}","{""41"": 19.0, ""42"": 174.0, ""43"": 3.0, ""47"": 30.0, ""48"": 13.0, ""49"": 4.0, ""50"": 3.0, ""53"": 19.0, ""58"": 32.0, ""59"": 62.0, ""60"": 9.15789474, ""61"": 10.23529412, ""68"": 1.0, ""72"": 1.0, ""73"": 1.0, ""107"": 1.0, ""108"": 3.0, ""109"": 4.0, ""110"": 1.0, ""114"": 8.0, ""155"": 7.0, ""156"": 10.0, ""158"": 18.0, ""183"": 1.0, ""184"": 1.0, ""185"": 1.0, ""210"": 17.0, ""213"": 9.0}",2026-08-24T23:49:57-04:00
James Washington,3122449,WR,FA,ACTIVE,49.86941563,0.0,63.31646905,53.8,169.99726339794753,0.31357561862123806,,,"{""42"": 276.8648436, ""43"": 2.152461386, ""44"": 0.142266858, ""45"": 0.17064492, ""46"": 0.111516455, ""47"": 55.0, ""48"": 27.0, ""49"": 13.0, ""50"": 11.0, ""51"": 5.0, ""53"": 18.4393682, ""54"": 3.0, ""55"": 1.0, ""56"": 0.136703048, ""57"": 0.004227929, ""58"": 33.13548136, ""60"": 15.0148769, ""61"": 22.62837664, ""62"": 0.142266858, ""63"": 0.000927358, ""67"": 0.210763266, ""68"": 0.210763266, ""71"": 0.118027429, ""72"": 0.118027429, ""73"": 0.118027429, ""210"": 12.23529412}","{""58"": 1.0, ""155"": 1.0, ""156"": 1.0, ""210"": 2.0}",2026-08-24T23:49:57-04:00
Noah Gray,4240472,TE,KC,ACTIVE,24.55294462,56.0,8.38107802,13.1,169.36838503649636,0.31143872169272424,,,"{""42"": 112.3743088, ""43"": 1.255486654, ""44"": 0.045674902, ""45"": 0.085609994, ""46"": 0.055946131, ""47"": 22.0, ""48"": 11.0, ""49"": 5.0, ""50"": 4.0, ""51"": 2.0, ""53"": 11.69892384, ""54"": 2.0, ""55"": 1.0, ""56"": 0.04711915, ""57"": 0.001457293, ""58"": 16.88169433, ""60"": 9.605525293, ""61"": 6.997667582, ""62"": 0.045674902, ""63"": 0.00062157, ""67"": 0.141265994, ""68"": 0.141265994, ""71"": 0.079108956, ""72"": 0.079108956, ""73"": 0.079108956, ""210"": 16.05882353}","{""23"": 1.0, ""24"": 1.0, ""25"": 1.0, ""39"": 1.0, ""40"": 0.05882353, ""41"": 28.0, ""42"": 299.0, ""43"": 1.0, ""47"": 56.0, ""48"": 24.0, ""49"": 7.0, ""50"": 4.0, ""53"": 28.0, ""58"": 34.0, ""59"": 182.0, ""60"": 10.67857143, ""61"": 17.58823529, ""108"": 1.0, ""109"": 1.0, ""155"": 14.0, ""156"": 3.0, ""158"": 12.0, ""179"": 1.0, ""184"": 1.0, ""210"": 17.0, ""212"": 1.0, ""213"": 14.0}",2026-08-24T23:49:57-04:00
Steven Sims,3917960,WR,PIT,ACTIVE,3.60827394,24.4,,,169.81185860889397,0.29770288611744217,,,"{""42"": 17.10686461, ""43"": 0.174066935, ""44"": 0.011735394, ""45"": 0.059981434, ""46"": 0.039197867, ""47"": 3.0, ""48"": 1.0, ""53"": 1.737259382, ""56"": 0.009784424, ""57"": 0.000302611, ""58"": 2.75043448, ""60"": 9.847041144, ""61"": 1.136002728, ""62"": 0.011735394, ""63"": 0.000152879, ""67"": 0.034745188, ""68"": 0.034745188, ""71"": 0.019457305, ""72"": 0.019457305, ""73"": 0.019457305, ""210"": 15.05882353}","{""23"": 13.0, ""24"": 70.0, ""27"": 13.0, ""28"": 5.0, ""29"": 1.0, ""39"": 5.38461538, ""40"": 5.83333333, ""41"": 14.0, ""42"": 104.0, ""47"": 19.0, ""48"": 8.0, ""49"": 2.0, ""50"": 2.0, ""53"": 14.0, ""58"": 23.0, ""59"": 86.0, ""60"": 7.42857143, ""61"": 8.66666667, ""68"": 3.0, ""114"": 434.0, ""115"": 105.0, ""116"": 38.0, ""117"": 14.0, ""118"": 7.0, ""155"": 8.0, ""156"": 4.0, ""210"": 12.0, ""212"": 5.0, ""213"": 5.0}",2026-08-24T23:49:57-04:00
Bailey Zappe,4250360,QB,NE,ACTIVE,0.0,48.7,,,168.9639598540146,0.2933126294736616,,,{},"{""0"": 92.0, ""1"": 65.0, ""2"": 27.0, ""3"": 781.0, ""4"": 5.0, ""5"": 154.0, ""6"": 75.0, ""7"": 37.0, ""8"": 29.0, ""9"": 13.0, ""10"": 5.0, ""11"": 11.0, ""12"": 5.0, ""13"": 4.0, ""14"": 1.0, ""17"": 1.0, ""20"": 3.0, ""21"": 0.70652174, ""22"": 195.25, ""23"": 10.0, ""24"": 0.0, ""27"": 1.0, ""33"": 1.0, ""39"": 0.0, ""40"": 0.0, ""41"": 1.0, ""42"": -6.0, ""53"": 1.0, ""58"": 1.0, ""59"": 2.0, ""60"": -6.0, ""61"": -1.5, ""64"": 6.0, ""65"": 2.0, ""66"": 2.0, ""68"": 4.0, ""69"": 2.0, ""70"": 1.0, ""72"": 3.0, ""73"": 6.0, ""155"": 2.0, ""156"": 2.0, ""158"": 30.0, ""175"": 1.0, ""177"": 2.0, ""178"": 2.0, ""210"": 4.0, ""211"": 37.0}",2026-08-24T23:49:57-04:00
O.J. Howard,3043080,TE,HOU,ACTIVE,23.63028643,31.5,52.84076326,26.5,170.0,0.28945691082820674,,,"{""42"": 138.8546957, ""43"": 0.684212259, ""44"": 0.040429407, ""45"": 0.181369449, ""46"": 0.118524935, ""47"": 27.0, ""48"": 13.0, ""49"": 6.0, ""50"": 5.0, ""51"": 2.0, ""53"": 11.59446589, ""54"": 2.0, ""55"": 1.0, ""56"": 0.055044488, ""57"": 0.001702407, ""58"": 17.47101025, ""60"": 11.97594586, ""61"": 8.646629404, ""62"": 0.040429407, ""63"": 0.000937155, ""67"": 0.212989694, ""68"": 0.212989694, ""71"": 0.119274229, ""72"": 0.119274229, ""73"": 0.119274229, ""210"": 16.05882353}","{""41"": 10.0, ""42"": 145.0, ""43"": 2.0, ""47"": 25.0, ""48"": 10.0, ""49"": 4.0, ""50"": 3.0, ""53"": 10.0, ""58"": 23.0, ""59"": 60.0, ""60"": 14.5, ""61"": 11.15384615, ""155"": 1.0, ""156"": 11.0, ""158"": 12.0, ""184"": 1.0, ""185"": 1.0, ""210"": 13.0, ""213"": 6.0}",2026-08-24T23:49:57-04:00
Trenton Irwin,3931391,WR,CIN,ACTIVE,0.0,55.7,0.0,4.4,169.94230330672747,0.2885265866294674,,,{},"{""23"": 1.0, ""24"": 11.0, ""27"": 2.0, ""28"": 1.0, ""39"": 11.0, ""40"": 1.22222222, ""41"": 15.0, ""42"": 231.0, ""43"": 4.0, ""45"": 1.0, ""47"": 43.0, ""48"": 19.0, ""49"": 7.0, ""50"": 5.0, ""51"": 1.0, ""53"": 15.0, ""58"": 23.0, ""59"": 59.0, ""60"": 15.4, ""61"": 25.66666667, ""155"": 8.0, ""156"": 1.0, ""158"": 24.0, ""183"": 2.0, ""185"": 1.0, ""210"": 9.0, ""212"": 1.0, ""213"": 12.0}",2026-08-24T23:49:57-04:00
Myles Gaskin,3886818,RB,MIA,ACTIVE,48.57605606,7.4,166.93621565,149.1,169.2256960292104,0.2796348172734787,,,"{""23"": 64.07143526, ""24"": 253.9056437, ""25"": 1.721186547, ""26"": 0.088430266, ""27"": 50.0, ""28"": 25.0, ""29"": 12.0, ""30"": 10.0, ""31"": 5.0, ""33"": 12.0, ""34"": 6.0, ""35"": 0.121621213, ""36"": 0.085134849, ""37"": 0.165982905, ""38"": 0.00566436, ""39"": 3.962852442, ""40"": 16.79531495, ""42"": 54.98938358, ""43"": 0.454754515, ""44"": 0.02624701, ""45"": 0.034301783, ""46"": 0.022416215, ""47"": 10.0, ""48"": 5.0, ""49"": 2.0, ""50"": 2.0, ""51"": 1.0, ""53"": 8.932734749, ""54"": 1.0, ""56"": 0.027452883, ""57"": 0.000849058, ""58"": 11.75378818, ""60"": 6.155940496, ""61"": 3.637430042, ""62"": 0.114677277, ""63"": 0.002766883, ""66"": 0.551893097, ""67"": 0.076944033, ""68"": 0.628837131, ""70"": 0.253870825, ""71"": 0.043088659, ""72"": 0.296959483, ""73"": 0.296959483, ""101"": 0.088184, ""114"": 272.0416, ""116"": 27.0, ""117"": 10.0, ""210"": 15.11764706}","{""23"": 10.0, ""24"": 26.0, ""27"": 4.0, ""28"": 1.0, ""33"": 1.0, ""39"": 2.6, ""40"": 6.5, ""41"": 4.0, ""42"": 28.0, ""47"": 4.0, ""48"": 2.0, ""49"": 1.0, ""53"": 4.0, ""58"": 6.0, ""59"": 20.0, ""60"": 7.0, ""61"": 7.0, ""155"": 2.0, ""156"": 2.0, ""210"": 4.0, ""212"": 2.0}",2026-08-24T23:49:57-04:00
Chris Carson,3919596,RB,FA,ACTIVE,0.0,0.0,206.70644568,45.1,169.91788321167883,0.2789973736402257,,,{},{},2026-08-24T23:49:57-04:00
Jack Stoll,4034862,TE,PHI,ACTIVE,9.8195835,17.8,,4.2,169.5782390510949,0.2710306634560322,,,"{""42"": 46.30639486, ""43"": 0.478196397, ""44"": 0.03536515, ""45"": 0.097845509, ""46"": 0.06394204, ""47"": 9.0, ""48"": 4.0, ""49"": 2.0, ""50"": 1.0, ""53"": 4.623118084, ""56"": 0.022959926, ""57"": 0.000710101, ""58"": 6.702301266, ""60"": 10.01626911, ""61"": 2.883548398, ""62"": 0.03536515, ""63"": 0.000245629, ""67"": 0.055824739, ""68"": 0.055824739, ""71"": 0.031261854, ""72"": 0.031261854, ""73"": 0.031261854, ""210"": 16.05882353}","{""41"": 11.0, ""42"": 123.0, ""47"": 22.0, ""48"": 10.0, ""49"": 4.0, ""50"": 1.0, ""53"": 11.0, ""58"": 14.0, ""59"": 49.0, ""60"": 11.18181818, ""61"": 7.23529412, ""108"": 2.0, ""109"": 2.0, ""155"": 14.0, ""156"": 3.0, ""210"": 17.0, ""213"": 5.0}",2026-08-24T23:49:57-04:00
Kylen Granson,4039160,TE,IND,QUESTIONABLE,47.27520828,45.7,36.97426801,16.1,169.85743613138686,0.26051832960519755,,,"{""42"": 236.5545459, ""43"": 2.04466785, ""44"": 0.123678825, ""45"": 0.118783953, ""46"": 0.077625313, ""47"": 47.0, ""48"": 23.0, ""49"": 11.0, ""50"": 9.0, ""51"": 4.0, ""53"": 22.8261871, ""54"": 4.0, ""55"": 2.0, ""56"": 0.089441351, ""57"": 0.002766227, ""58"": 32.9144226, ""60"": 10.36329655, ""61"": 14.73050286, ""62"": 0.123678825, ""63"": 0.001212768, ""67"": 0.275629113, ""68"": 0.275629113, ""71"": 0.154352303, ""72"": 0.154352303, ""73"": 0.154352303, ""210"": 16.05882353}","{""23"": 1.0, ""41"": 31.0, ""42"": 302.0, ""47"": 55.0, ""48"": 24.0, ""49"": 8.0, ""50"": 6.0, ""51"": 2.0, ""53"": 31.0, ""58"": 40.0, ""59"": 127.0, ""60"": 9.74193548, ""61"": 23.23076923, ""67"": 1.0, ""68"": 1.0, ""96"": 1.0, ""108"": 3.0, ""109"": 3.0, ""114"": 15.0, ""116"": 1.0, ""155"": 4.0, ""156"": 8.0, ""210"": 13.0, ""213"": 17.0}",2026-08-24T23:49:57-04:00
Dee Eskridge,4043016,WR,SEA,QUESTIONABLE,89.35068057,10.3,83.86191418,23.3,170.08939566704674,0.2548832438131331,,,"{""23"": 7.977914839, ""24"": 52.94026945, ""25"": 0.28894222, ""26"": 0.009142676, ""27"": 10.0, ""28"": 5.0, ""29"": 2.0, ""30"": 2.0, ""31"": 1.0, ""33"": 1.0, ""35"": 0.014694536, ""36"": 0.010286175, ""37"": 0.006884549, ""38"": 0.000234943, ""39"": 6.635852916, ""40"": 3.296646815, ""42"": 462.4235551, ""43"": 2.715962648, ""44"": 0.11460108, ""45"": 0.145270203, ""46"": 0.094934078, ""47"": 92.0, ""48"": 46.0, ""49"": 23.0, ""50"": 18.0, ""51"": 9.0, ""53"": 37.49373487, ""54"": 7.0, ""55"": 3.0, ""56"": 0.31551255, ""57"": 0.00975812, ""58"": 61.43641525, ""60"": 12.33335534, ""61"": 28.79560599, ""62"": 0.123743756, ""63"": 0.002569837, ""66"": 0.102471135, ""67"": 0.481582677, ""68"": 0.584053812, ""70"": 0.047136722, ""71"": 0.269686299, ""72"": 0.316823021, ""73"": 0.316823021, ""102"": 0.23736, ""115"": 211.56, ""118"": 21.0, ""119"": 8.0, ""210"": 16.05882353}","{""23"": 2.0, ""24"": 10.0, ""27"": 1.0, ""39"": 5.0, ""40"": 1.0, ""41"": 7.0, ""42"": 58.0, ""47"": 10.0, ""48"": 4.0, ""49"": 1.0, ""50"": 1.0, ""53"": 7.0, ""58"": 13.0, ""59"": 46.0, ""60"": 8.28571429, ""61"": 5.8, ""108"": 1.0, ""109"": 1.0, ""114"": 150.0, ""116"": 13.0, ""117"": 4.0, ""155"": 6.0, ""156"": 4.0, ""210"": 10.0, ""213"": 4.0}",2026-08-24T23:49:57-04:00
Brock Wright,4242392,TE,DET,ACTIVE,16.88990947,54.6,,29.7,169.875,0.2521796287232953,,,"{""42"": 84.23255657, ""43"": 0.72112826, ""44"": 0.054196762, ""45"": 0.107432136, ""46"": 0.070206901, ""47"": 16.0, ""48"": 8.0, ""49"": 4.0, ""50"": 3.0, ""51"": 1.0, ""53"": 8.287134225, ""54"": 1.0, ""56"": 0.038061723, ""57"": 0.001177167, ""58"": 12.00593856, ""60"": 10.16425634, ""61"": 5.245250775, ""62"": 0.054196762, ""63"": 0.0004403, ""67"": 0.1000682, ""68"": 0.1000682, ""71"": 0.056038192, ""72"": 0.056038192, ""73"": 0.056038192, ""210"": 16.05882353}","{""41"": 18.0, ""42"": 216.0, ""43"": 4.0, ""45"": 1.0, ""46"": 1.0, ""47"": 41.0, ""48"": 18.0, ""49"": 7.0, ""50"": 6.0, ""51"": 2.0, ""53"": 18.0, ""58"": 24.0, ""59"": 165.0, ""60"": 12.0, ""61"": 12.70588235, ""155"": 9.0, ""156"": 8.0, ""158"": 24.0, ""183"": 3.0, ""210"": 17.0, ""213"": 13.0}",2026-08-24T23:49:57-04:00
Sam Howell,4426875,QB,WSH,ACTIVE,8.86948204,20.1,,,169.85857664233578,0.2517263787821442,,,"{""0"": 16.38420796, ""1"": 9.981729551, ""2"": 6.402478406, ""3"": 108.8085814, ""4"": 0.720167669, ""5"": 21.0, ""6"": 10.0, ""7"": 5.0, ""8"": 4.0, ""9"": 2.0, ""10"": 1.0, ""11"": 1.0, ""15"": 0.048813789, ""16"": 0.031899811, ""17"": 0.055516585, ""18"": 0.007498835, ""19"": 0.066265362, ""20"": 0.453106561, ""21"": 0.60922869, ""22"": 54.40429071, ""23"": 1.957968873, ""24"": 8.810859928, ""25"": 0.080742731, ""26"": 0.004996351, ""27"": 1.0, ""35"": 0.003655756, ""36"": 0.002559029, ""37"": 0.003340356, ""38"": 0.000113994, ""39"": 4.5, ""40"": 4.405429964, ""62"": 0.071261713, ""63"": 0.001166125, ""64"": 1.4134444, ""65"": 0.238761636, ""66"": 0.026266827, ""68"": 0.265028463, ""69"": 0.114605585, ""70"": 0.01208274, ""72"": 0.126688326, ""73"": 0.579794887, ""210"": 2.0}","{""0"": 19.0, ""1"": 11.0, ""2"": 8.0, ""3"": 169.0, ""4"": 1.0, ""5"": 33.0, ""6"": 16.0, ""7"": 8.0, ""8"": 6.0, ""9"": 3.0, ""10"": 1.0, ""11"": 2.0, ""12"": 1.0, ""13"": 1.0, ""20"": 1.0, ""21"": 0.57894737, ""22"": 169.0, ""23"": 5.0, ""24"": 35.0, ""25"": 1.0, ""27"": 7.0, ""28"": 3.0, ""29"": 1.0, ""30"": 1.0, ""33"": 1.0, ""39"": 7.0, ""40"": 35.0, ""64"": 3.0, ""73"": 1.0, ""155"": 1.0, ""158"": 12.0, ""176"": 1.0, ""179"": 1.0, ""210"": 1.0, ""211"": 6.0, ""212"": 4.0}",2026-08-24T23:49:57-04:00
Equanimeous St. Brown,3932442,WR,CHI,QUESTIONABLE,57.09955813,54.2,0.0,15.7,169.54412770809577,0.2513204460173214,,,"{""42"": 361.9145792, ""43"": 1.370891478, ""44"": 0.09170259, ""45"": 0.198471013, ""46"": 0.129700807, ""47"": 72.0, ""48"": 36.0, ""49"": 18.0, ""50"": 14.0, ""51"": 7.0, ""53"": 25.73924503, ""54"": 5.0, ""55"": 2.0, ""56"": 0.192791944, ""57"": 0.005962637, ""58"": 44.61368876, ""60"": 14.06080787, ""61"": 22.5368053, ""62"": 0.09170259, ""63"": 0.001454657, ""67"": 0.330603888, ""68"": 0.330603888, ""71"": 0.185138177, ""72"": 0.185138177, ""73"": 0.185138177, ""210"": 16.05882353}","{""23"": 6.0, ""24"": 54.0, ""27"": 9.0, ""28"": 4.0, ""29"": 2.0, ""30"": 1.0, ""39"": 9.0, ""40"": 3.375, ""41"": 21.0, ""42"": 323.0, ""43"": 1.0, ""47"": 59.0, ""48"": 26.0, ""49"": 12.0, ""50"": 5.0, ""51"": 1.0, ""53"": 21.0, ""58"": 38.0, ""59"": 98.0, ""60"": 15.38095238, ""61"": 20.1875, ""67"": 1.0, ""68"": 1.0, ""71"": 1.0, ""108"": 2.0, ""109"": 2.0, ""155"": 3.0, ""156"": 13.0, ""158"": 6.0, ""184"": 1.0, ""210"": 16.0, ""212"": 2.0, ""213"": 13.0}",2026-08-24T23:49:57-04:00
Austin Seibert,3821683,K,FA,QUESTIONABLE,125.62827991,21.0,123.50823215,40.0,169.86523842432618,0.24915711148164743,,,"{""74"": 3.438535332, ""75"": 5.540019054, ""76"": 2.101483722, ""77"": 7.902755688, ""78"": 10.41656277, ""79"": 2.513807084, ""80"": 16.2645945, ""81"": 17.21718496, ""82"": 0.952590464, ""83"": 27.60588552, ""84"": 33.17376679, ""85"": 5.56788127, ""86"": 33.59867827, ""87"": 36.17926908, ""88"": 2.580590817, ""198"": 3.438535332, ""199"": 5.540019054, ""200"": 2.101483722, ""210"": 17.0}","{""75"": 1.0, ""76"": 1.0, ""77"": 2.0, ""78"": 3.0, ""79"": 1.0, ""80"": 1.0, ""81"": 1.0, ""83"": 3.0, ""84"": 5.0, ""85"": 2.0, ""86"": 12.0, ""87"": 12.0, ""155"": 1.0, ""156"": 2.0, ""158"": 21.0, ""199"": 1.0, ""200"": 1.0, ""210"": 3.0, ""214"": 123.0, ""215"": 102.0, ""216"": 225.0, ""217"": 24.0, ""218"": 12.0, ""219"": 6.0, ""220"": 4.0, ""221"": 1.0, ""223"": 20.0, ""224"": 10.0, ""225"": 5.0, ""226"": 4.0, ""227"": 2.0, ""228"": 1.0, ""229"": 44.0, ""230"": 22.0, ""231"": 11.0, ""232"": 8.0, ""233"": 3.0, ""234"": 1.0}",2026-08-24T23:49:57-04:00
Drew Brees,2580,QB,NO,,0.0,0.0,0.0,0.0,169.02486313868613,0.24344261709739845,,,{},{},2026-08-24T23:49:57-04:00
Kyle Allen,3115293,QB,BUF,ACTIVE,32.98303981,19.9,0.0,9.7,169.9037408759124,0.23789352980942846,,,"{""0"": 71.22937545, ""1"": 45.03106631, ""2"": 26.19830914, ""3"": 499.7548262, ""4"": 2.463100299, ""5"": 99.0, ""6"": 49.0, ""7"": 24.0, ""8"": 19.0, ""9"": 9.0, ""10"": 4.0, ""11"": 9.0, ""12"": 4.0, ""15"": 0.420513846, ""16"": 0.274805798, ""17"": 0.445243039, ""18"": 0.06014066, ""19"": 0.14532155, ""20"": 1.755665237, ""21"": 0.632197966, ""22"": 124.9387066, ""23"": 4.2896239, ""24"": 17.68658039, ""25"": 0.203120178, ""26"": 0.010674493, ""27"": 3.0, ""28"": 1.0, ""35"": 0.008022824, ""36"": 0.005615977, ""37"": 0.006733362, ""38"": 0.000229784, ""39"": 4.123107479, ""40"": 4.421645096, ""62"": 0.155996043, ""63"": 0.006355532, ""64"": 5.50693586, ""65"": 1.367968513, ""66"": 0.076470583, ""68"": 1.444439095, ""69"": 0.656624886, ""70"": 0.035176468, ""72"": 0.691801354, ""73"": 2.447466591, ""210"": 4.0}","{""0"": 78.0, ""1"": 46.0, ""2"": 32.0, ""3"": 416.0, ""4"": 2.0, ""5"": 83.0, ""6"": 41.0, ""7"": 20.0, ""8"": 16.0, ""9"": 8.0, ""10"": 4.0, ""11"": 9.0, ""12"": 4.0, ""13"": 5.0, ""14"": 2.0, ""20"": 4.0, ""21"": 0.58974359, ""22"": 208.0, ""23"": 6.0, ""24"": 13.0, ""27"": 2.0, ""28"": 1.0, ""39"": 2.16666667, ""40"": 6.5, ""64"": 5.0, ""65"": 2.0, ""66"": 2.0, ""68"": 4.0, ""70"": 1.0, ""72"": 1.0, ""73"": 5.0, ""156"": 2.0, ""158"": 12.0, ""175"": 1.0, ""177"": 1.0, ""210"": 2.0, ""211"": 21.0, ""212"": 2.0}",2026-08-24T23:49:57-04:00
Adrian Peterson,10452,RB,FA,ACTIVE,0.0,0.0,0.0,24.6,169.66149635036496,0.23496588264083723,,,{},{},2026-08-24T23:49:57-04:00
Jake Ferguson,4242355,TE,DAL,ACTIVE,19.03382434,38.9,,,169.71532846715328,0.23119429995788707,,,"{""42"": 94.7042649, ""43"": 0.8385708, ""44"": 0.055446232, ""45"": 0.119552071, ""46"": 0.078127278, ""47"": 18.0, ""48"": 9.0, ""49"": 4.0, ""50"": 3.0, ""51"": 1.0, ""53"": 9.075991589, ""54"": 1.0, ""56"": 0.041566713, ""57"": 0.001285568, ""58"": 13.18443081, ""60"": 10.43459152, ""61"": 5.897335177, ""62"": 0.055446232, ""63"": 0.00045931, ""67"": 0.104388581, ""68"": 0.104388581, ""71"": 0.058457605, ""72"": 0.058457605, ""73"": 0.058457605, ""210"": 16.05882353}","{""41"": 19.0, ""42"": 174.0, ""43"": 2.0, ""47"": 31.0, ""48"": 13.0, ""49"": 5.0, ""50"": 3.0, ""51"": 1.0, ""53"": 19.0, ""58"": 22.0, ""59"": 124.0, ""60"": 9.15789474, ""61"": 10.875, ""108"": 1.0, ""109"": 1.0, ""155"": 12.0, ""156"": 4.0, ""158"": 12.0, ""183"": 2.0, ""210"": 16.0, ""213"": 8.0}",2026-08-24T23:49:57-04:00
Shane Zylstra,4608362,TE,DET,ACTIVE,3.62905699,35.5,,4.9,169.93362226277372,0.23034049560908984,,,"{""42"": 18.21362911, ""43"": 0.154914641, ""44"": 0.011641981, ""45"": 0.10193328, ""46"": 0.066613398, ""47"": 3.0, ""48"": 1.0, ""53"": 1.757378615, ""56"": 0.010370506, ""57"": 0.000320737, ""58"": 2.59561503, ""60"": 10.36408942, ""61"": 1.209498808, ""62"": 0.011641981, ""63"": 9.34e-05, ""67"": 0.02122057, ""68"": 0.02122057, ""71"": 0.011883519, ""72"": 0.011883519, ""73"": 0.011883519, ""210"": 15.05882353}","{""41"": 11.0, ""42"": 60.0, ""43"": 4.0, ""47"": 9.0, ""48"": 3.0, ""49"": 1.0, ""50"": 1.0, ""53"": 11.0, ""54"": 1.0, ""58"": 15.0, ""59"": 13.0, ""60"": 5.45454545, ""61"": 4.61538462, ""114"": 46.0, ""116"": 4.0, ""117"": 1.0, ""155"": 9.0, ""156"": 4.0, ""158"": 24.0, ""183"": 4.0, ""210"": 13.0, ""213"": 6.0}",2026-08-24T23:49:57-04:00
Kene Nwangwu,4035537,RB,MIN,ACTIVE,23.51849556,10.5,22.22708334,21.0,169.5973996350365,0.22589074040302726,,,"{""23"": 18.48555509, ""24"": 79.71463274, ""25"": 0.698506389, ""26"": 0.037307825, ""27"": 15.0, ""28"": 7.0, ""29"": 3.0, ""30"": 3.0, ""31"": 1.0, ""33"": 3.0, ""34"": 1.0, ""35"": 0.034244462, ""36"": 0.023971124, ""37"": 0.015986776, ""38"": 0.000545567, ""39"": 4.31226611, ""40"": 5.27295236, ""42"": 31.26354862, ""43"": 0.16842671, ""44"": 0.009668942, ""45"": 0.039747518, ""46"": 0.025975003, ""47"": 6.0, ""48"": 3.0, ""49"": 1.0, ""50"": 1.0, ""53"": 4.414431132, ""56"": 0.017011208, ""57"": 0.00052612, ""58"": 5.777768755, ""60"": 7.082123991, ""61"": 2.068016835, ""62"": 0.046976766, ""63"": 0.000832951, ""66"": 0.152814242, ""67"": 0.036492707, ""68"": 0.189306949, ""70"": 0.070294551, ""71"": 0.020435916, ""72"": 0.090730467, ""73"": 0.090730467, ""101"": 0.849895111, ""114"": 971.4333333, ""116"": 97.0, ""117"": 38.0, ""210"": 15.11764706}","{""23"": 9.0, ""24"": 14.0, ""27"": 2.0, ""28"": 1.0, ""33"": 1.0, ""39"": 1.55555556, ""40"": 0.82352941, ""41"": 2.0, ""42"": 21.0, ""47"": 4.0, ""48"": 1.0, ""53"": 2.0, ""58"": 2.0, ""59"": 21.0, ""60"": 10.5, ""61"": 1.23529412, ""101"": 1.0, ""105"": 1.0, ""108"": 3.0, ""109"": 3.0, ""114"": 920.0, ""116"": 87.0, ""117"": 31.0, ""155"": 13.0, ""156"": 4.0, ""158"": 6.0, ""210"": 17.0, ""212"": 1.0, ""213"": 1.0}",2026-08-24T23:49:57-04:00
Byron Pringle,4036416,WR,CHI,ACTIVE,62.22064671,30.5,67.78708217,105.8,169.98280866264793,0.21928149619647963,,,"{""42"": 355.6586056, ""43"": 1.642164609, ""44"": 0.109838095, ""45"": 0.128468047, ""46"": 0.083953869, ""47"": 71.0, ""48"": 35.0, ""49"": 17.0, ""50"": 14.0, ""51"": 7.0, ""53"": 32.78987993, ""54"": 6.0, ""55"": 3.0, ""56"": 0.173142416, ""57"": 0.00535492, ""58"": 48.6816572, ""60"": 10.84659676, ""61"": 22.14723918, ""62"": 0.109838095, ""63"": 0.002161443, ""67"": 0.491237089, ""68"": 0.491237089, ""71"": 0.27509277, ""72"": 0.27509277, ""73"": 0.27509277, ""101"": 0.064873313, ""102"": 0.058021333, ""114"": 167.1209456, ""115"": 51.71466667, ""116"": 16.0, ""117"": 6.0, ""118"": 5.0, ""119"": 2.0, ""210"": 16.05882353}","{""41"": 10.0, ""42"": 135.0, ""43"": 2.0, ""47"": 24.0, ""48"": 11.0, ""49"": 3.0, ""50"": 2.0, ""53"": 10.0, ""58"": 16.0, ""59"": 14.0, ""60"": 13.5, ""61"": 12.27272727, ""108"": 1.0, ""109"": 1.0, ""155"": 2.0, ""156"": 9.0, ""158"": 12.0, ""183"": 1.0, ""186"": 1.0, ""210"": 11.0, ""213"": 8.0}",2026-08-24T23:49:57-04:00
Montrell Washington,4248822,WR,DEN,ACTIVE,30.5993584,3.2,,,169.8091220068415,0.21885508666761366,,,"{""42"": 143.1033588, ""43"": 1.227722023, ""44"": 0.069486024, ""45"": 0.147565585, ""46"": 0.09643411, ""47"": 28.0, ""48"": 14.0, ""49"": 7.0, ""50"": 5.0, ""51"": 2.0, ""53"": 12.3679512, ""54"": 2.0, ""55"": 1.0, ""56"": 0.056286197, ""57"": 0.00174081, ""58"": 18.97601237, ""60"": 11.57049833, ""61"": 8.911198165, ""62"": 0.069486024, ""63"": 0.000578196, ""67"": 0.131408277, ""68"": 0.131408277, ""71"": 0.073588635, ""72"": 0.073588635, ""73"": 0.073588635, ""101"": 0.22046, ""102"": 0.23736, ""114"": 680.104, ""115"": 211.56, ""116"": 68.0, ""117"": 27.0, ""118"": 21.0, ""119"": 8.0, ""210"": 16.05882353}","{""23"": 5.0, ""24"": 30.0, ""27"": 4.0, ""28"": 1.0, ""39"": 6.0, ""40"": 2.0, ""41"": 4.0, ""42"": 2.0, ""53"": 4.0, ""58"": 9.0, ""59"": 13.0, ""60"": 0.5, ""61"": 0.13333333, ""68"": 5.0, ""72"": 1.0, ""73"": 1.0, ""114"": 340.0, ""115"": 271.0, ""116"": 28.0, ""117"": 8.0, ""118"": 21.0, ""119"": 5.0, ""155"": 4.0, ""156"": 11.0, ""210"": 15.0, ""212"": 1.0}",2026-08-24T23:49:57-04:00
Brandon Bolden,15478,RB,LV,ACTIVE,25.11676245,22.8,0.0,103.6,169.79151459854015,0.21770010101398665,,,"{""23"": 19.79705321, ""24"": 88.69408814, ""25"": 0.912341745, ""26"": 0.033340765, ""27"": 17.0, ""28"": 8.0, ""29"": 4.0, ""30"": 3.0, ""31"": 1.0, ""33"": 3.0, ""34"": 1.0, ""35"": 0.036698304, ""36"": 0.025688812, ""37"": 0.019748993, ""38"": 0.000673957, ""39"": 4.480166174, ""40"": 5.866924118, ""42"": 56.32737499, ""43"": 0.303065843, ""44"": 0.012995817, ""45"": 0.065776036, ""46"": 0.04298464, ""47"": 11.0, ""48"": 5.0, ""49"": 2.0, ""50"": 2.0, ""51"": 1.0, ""53"": 7.01191432, ""54"": 1.0, ""56"": 0.027959523, ""57"": 0.000864728, ""58"": 8.992120015, ""60"": 8.033095162, ""61"": 3.725935311, ""62"": 0.046336582, ""63"": 0.001251064, ""66"": 0.209965272, ""67"": 0.074367558, ""68"": 0.28433283, ""70"": 0.096584025, ""71"": 0.041645832, ""72"": 0.138229857, ""73"": 0.138229857, ""210"": 15.11764706}","{""23"": 17.0, ""24"": 66.0, ""27"": 12.0, ""28"": 4.0, ""29"": 1.0, ""30"": 1.0, ""33"": 1.0, ""39"": 3.88235294, ""40"": 4.125, ""41"": 9.0, ""42"": 57.0, ""43"": 1.0, ""47"": 9.0, ""48"": 4.0, ""49"": 2.0, ""50"": 1.0, ""53"": 9.0, ""58"": 9.0, ""59"": 27.0, ""60"": 6.33333333, ""61"": 3.5625, ""107"": 3.0, ""108"": 5.0, ""109"": 8.0, ""114"": 32.0, ""116"": 3.0, ""117"": 1.0, ""155"": 6.0, ""156"": 10.0, ""158"": 6.0, ""184"": 1.0, ""210"": 16.0, ""212"": 3.0, ""213"": 2.0}",2026-08-24T23:49:57-04:00
Darrynton Evans,4036431,RB,CHI,ACTIVE,0.0,10.2,71.31993745,2.8,169.9121806569343,0.21241012938807247,,,{},"{""23"": 14.0, ""24"": 64.0, ""27"": 11.0, ""28"": 5.0, ""29"": 2.0, ""30"": 1.0, ""33"": 1.0, ""39"": 4.57142857, ""40"": 10.66666667, ""41"": 1.0, ""42"": 33.0, ""47"": 6.0, ""48"": 3.0, ""49"": 1.0, ""50"": 1.0, ""53"": 1.0, ""58"": 1.0, ""59"": 31.0, ""60"": 33.0, ""61"": 5.5, ""107"": 1.0, ""108"": 1.0, ""109"": 2.0, ""156"": 6.0, ""210"": 6.0, ""212"": 5.0, ""213"": 1.0}",2026-08-24T23:49:57-04:00
Colin Kaepernick,14001,QB,FA,,0.0,0.0,,,169.61473540145985,0.20459508144581476,,,{},{},2026-08-24T23:49:57-04:00
KaVontae Turpin,3676833,WR,DAL,ACTIVE,10.91576495,-0.9,,,169.58289623717218,0.2033637462899857,,,"{""23"": 4.385782535, ""24"": 26.61348601, ""25"": 0.195104373, ""26"": 0.012555013, ""27"": 5.0, ""28"": 2.0, ""29"": 1.0, ""30"": 1.0, ""35"": 0.008062389, ""36"": 0.005643672, ""37"": 0.001642713, ""38"": 5.61e-05, ""39"": 6.068127135, ""40"": 1.657250044, ""42"": 25.62165889, ""43"": 0.188659692, ""44"": 0.012506606, ""45"": 0.01645331, ""46"": 0.010752238, ""47"": 5.0, ""48"": 2.0, ""49"": 1.0, ""50"": 1.0, ""53"": 2.177302234, ""56"": 0.009674454, ""57"": 0.00029921, ""58"": 3.423673905, ""60"": 11.76761705, ""61"": 1.595487916, ""62"": 0.02506162, ""63"": 0.000306821, ""66"": 0.046598512, ""67"": 0.023133624, ""68"": 0.069732136, ""70"": 0.021435316, ""71"": 0.01295483, ""72"": 0.034390145, ""73"": 0.034390145, ""101"": 0.22046, ""102"": 0.166152, ""114"": 680.104, ""115"": 148.092, ""116"": 68.0, ""117"": 27.0, ""118"": 14.0, ""119"": 5.0, ""210"": 16.05882353}","{""23"": 3.0, ""24"": 17.0, ""27"": 2.0, ""28"": 1.0, ""39"": 5.66666667, ""40"": 1.0, ""41"": 1.0, ""42"": 9.0, ""47"": 1.0, ""53"": 1.0, ""58"": 2.0, ""59"": 5.0, ""60"": 9.0, ""61"": 0.52941176, ""68"": 3.0, ""72"": 2.0, ""73"": 2.0, ""108"": 1.0, ""109"": 1.0, ""114"": 508.0, ""115"": 303.0, ""116"": 47.0, ""117"": 15.0, ""118"": 24.0, ""119"": 7.0, ""143"": 1.0, ""144"": 3.0, ""155"": 12.0, ""156"": 5.0, ""210"": 17.0, ""212"": 1.0}",2026-08-24T23:49:57-04:00
Avery Williams,4048259,RB,ATL,ACTIVE,22.20151881,27.5,,,170.05068095557044,0.203140613847252,,,"{""23"": 18.01279204, ""24"": 73.9943988, ""25"": 0.392754282, ""26"": 0.018216157, ""27"": 14.0, ""28"": 7.0, ""29"": 3.0, ""30"": 2.0, ""31"": 1.0, ""33"": 3.0, ""34"": 1.0, ""35"": 0.033379258, ""36"": 0.023365481, ""37"": 0.014578605, ""38"": 0.000497512, ""39"": 4.107880589, ""40"": 4.894571127, ""42"": 54.65764564, ""43"": 0.253229855, ""44"": 0.013784838, ""45"": 0.037026814, ""46"": 0.024197023, ""47"": 10.0, ""48"": 5.0, ""49"": 2.0, ""50"": 2.0, ""51"": 1.0, ""53"": 7.667654265, ""54"": 1.0, ""56"": 0.026998931, ""57"": 0.000835018, ""58"": 10.1009939, ""60"": 7.128339874, ""61"": 3.615486287, ""62"": 0.032000995, ""63"": 0.000934085, ""66"": 0.14890606, ""67"": 0.063386075, ""68"": 0.212292134, ""70"": 0.068496787, ""71"": 0.035496202, ""72"": 0.103992989, ""73"": 0.103992989, ""101"": 0.1072704, ""102"": 0.187824, ""114"": 386.0347826, ""115"": 197.37, ""116"": 38.0, ""117"": 15.0, ""118"": 19.0, ""119"": 7.0, ""210"": 15.11764706}","{""23"": 22.0, ""24"": 109.0, ""25"": 1.0, ""27"": 19.0, ""28"": 7.0, ""29"": 2.0, ""30"": 1.0, ""39"": 4.95454545, ""40"": 6.41176471, ""41"": 13.0, ""42"": 61.0, ""47"": 9.0, ""48"": 3.0, ""53"": 13.0, ""58"": 14.0, ""59"": 79.0, ""60"": 4.69230769, ""61"": 3.58823529, ""68"": 1.0, ""72"": 1.0, ""73"": 1.0, ""107"": 3.0, ""109"": 3.0, ""114"": 313.0, ""115"": 292.0, ""116"": 26.0, ""117"": 7.0, ""118"": 24.0, ""119"": 6.0, ""155"": 7.0, ""156"": 10.0, ""158"": 6.0, ""179"": 1.0, ""210"": 17.0, ""212"": 6.0, ""213"": 3.0}",2026-08-24T23:49:57-04:00
Breshad Perriman,2972460,WR,TB,ACTIVE,19.85244052,18.8,18.48266085,27.9,169.9247434435576,0.20252174067685083,,,"{""42"": 112.2245955, ""43"": 0.862105568, ""44"": 0.032809016, ""45"": 0.274496438, ""46"": 0.179383422, ""47"": 22.0, ""48"": 11.0, ""49"": 5.0, ""50"": 4.0, ""51"": 2.0, ""53"": 6.922885578, ""54"": 1.0, ""56"": 0.047020432, ""57"": 0.00145424, ""58"": 12.72252039, ""60"": 16.21066739, ""61"": 6.988344774, ""62"": 0.032809016, ""63"": 0.000273874, ""67"": 0.062243979, ""68"": 0.062243979, ""71"": 0.034856628, ""72"": 0.034856628, ""73"": 0.034856628, ""210"": 16.05882353}","{""23"": 2.0, ""24"": -7.0, ""39"": -3.5, ""40"": -0.63636364, ""41"": 9.0, ""42"": 110.0, ""43"": 1.0, ""47"": 20.0, ""48"": 9.0, ""49"": 4.0, ""50"": 2.0, ""53"": 9.0, ""58"": 19.0, ""59"": 52.0, ""60"": 12.22222222, ""61"": 10.0, ""66"": 1.0, ""67"": 1.0, ""68"": 2.0, ""71"": 1.0, ""72"": 1.0, ""73"": 1.0, ""155"": 4.0, ""156"": 7.0, ""158"": 6.0, ""185"": 1.0, ""210"": 11.0, ""213"": 5.0}",2026-08-24T23:49:57-04:00
Drew Lock,3924327,QB,SEA,ACTIVE,123.93390874,0.0,82.38862191,54.9,169.6526003649635,0.20209352922761623,,,"{""0"": 241.145141, ""1"": 154.1209552, ""2"": 87.02418584, ""3"": 1740.045117, ""4"": 8.545322938, ""5"": 348.0, ""6"": 174.0, ""7"": 87.0, ""8"": 69.0, ""9"": 34.0, ""10"": 17.0, ""11"": 30.0, ""12"": 15.0, ""15"": 1.459282218, ""16"": 0.95364093, ""17"": 1.540565402, ""18"": 0.208089992, ""19"": 0.360842353, ""20"": 5.855029906, ""21"": 0.639121131, ""22"": 248.5778739, ""23"": 23.5283643, ""24"": 98.691949, ""25"": 1.334394821, ""26"": 0.042266165, ""27"": 19.0, ""28"": 9.0, ""29"": 4.0, ""30"": 3.0, ""31"": 1.0, ""33"": 4.0, ""34"": 2.0, ""35"": 0.044490232, ""36"": 0.031143162, ""37"": 0.06035031, ""38"": 0.002059525, ""39"": 4.194594563, ""40"": 14.09884986, ""62"": 0.403108518, ""63"": 0.017982704, ""64"": 15.08057667, ""65"": 3.743248116, ""66"": 0.343730154, ""68"": 4.08697827, ""69"": 1.796759096, ""70"": 0.158115871, ""72"": 1.954874967, ""73"": 7.809904872, ""210"": 7.0}",{},2026-08-24T23:49:57-04:00
Larry Fitzgerald,5528,WR,FA,ACTIVE,0.0,0.0,0.0,0.0,169.7981755986317,0.18374676949277213,,,{},{},2026-08-24T23:49:57-04:00
Tevin Coleman,2979477,RB,FA,ACTIVE,0.0,20.5,94.92916092,46.0,169.50866788321167,0.18217527665958405,,,{},"{""23"": 12.0, ""24"": 26.0, ""25"": 1.0, ""27"": 4.0, ""28"": 2.0, ""29"": 1.0, ""33"": 1.0, ""39"": 2.16666667, ""40"": 5.2, ""41"": 3.0, ""42"": 44.0, ""43"": 1.0, ""47"": 8.0, ""48"": 4.0, ""49"": 2.0, ""50"": 1.0, ""53"": 3.0, ""58"": 3.0, ""59"": 20.0, ""60"": 14.66666667, ""61"": 8.8, ""108"": 1.0, ""109"": 1.0, ""155"": 3.0, ""156"": 2.0, ""158"": 12.0, ""179"": 1.0, ""183"": 1.0, ""210"": 5.0, ""212"": 2.0, ""213"": 2.0}",2026-08-24T23:49:57-04:00
Kyle Philips,4367175,WR,TEN,QUESTIONABLE,60.84579553,7.8,,,170.0957810718358,0.18087008555532602,,,"{""42"": 332.4718057, ""43"": 2.138873946, ""44"": 0.109213452, ""45"": 0.16461524, ""46"": 0.107576059, ""47"": 66.0, ""48"": 33.0, ""49"": 16.0, ""50"": 13.0, ""51"": 6.0, ""53"": 27.17721249, ""54"": 5.0, ""55"": 2.0, ""56"": 0.151817878, ""57"": 0.004695398, ""58"": 42.86512444, ""60"": 12.23347706, ""61"": 20.70337252, ""62"": 0.109213452, ""63"": 0.001270523, ""67"": 0.288755236, ""68"": 0.288755236, ""71"": 0.161702932, ""72"": 0.161702932, ""73"": 0.161702932, ""102"": 0.213624, ""115"": 190.404, ""118"": 19.0, ""119"": 7.0, ""210"": 16.05882353}","{""41"": 8.0, ""42"": 78.0, ""47"": 15.0, ""48"": 6.0, ""49"": 3.0, ""50"": 2.0, ""51"": 1.0, ""53"": 8.0, ""54"": 1.0, ""58"": 13.0, ""59"": 21.0, ""60"": 9.75, ""61"": 19.5, ""68"": 2.0, ""72"": 2.0, ""73"": 2.0, ""115"": 62.0, ""118"": 6.0, ""119"": 2.0, ""155"": 2.0, ""156"": 2.0, ""210"": 4.0, ""213"": 3.0}",2026-08-24T23:49:57-04:00
Mitchell Wilcox,3923392,TE,CIN,ACTIVE,7.30968615,28.4,,,169.5,0.18023280664510521,,,"{""42"": 35.72213782, ""43"": 0.331868869, ""44"": 0.017933681, ""45"": 0.083132146, ""46"": 0.054326857, ""47"": 7.0, ""48"": 3.0, ""49"": 1.0, ""50"": 1.0, ""53"": 3.515882173, ""56"": 0.01895858, ""57"": 0.000586348, ""58"": 5.3245346, ""60"": 10.16022041, ""61"": 2.372173215, ""62"": 0.017933681, ""63"": 0.000186801, ""67"": 0.042454724, ""68"": 0.042454724, ""71"": 0.023774646, ""72"": 0.023774646, ""73"": 0.023774646, ""210"": 15.05882353}","{""41"": 17.0, ""42"": 139.0, ""43"": 1.0, ""47"": 23.0, ""48"": 10.0, ""49"": 2.0, ""50"": 2.0, ""53"": 17.0, ""54"": 1.0, ""58"": 18.0, ""59"": 74.0, ""60"": 8.17647059, ""61"": 8.6875, ""155"": 12.0, ""156"": 4.0, ""158"": 6.0, ""184"": 1.0, ""210"": 16.0, ""213"": 6.0}",2026-08-24T23:49:57-04:00
Bryce Perkins,3675812,QB,LAR,ACTIVE,0.0,17.4,,,169.87910583941607,0.17913198005017406,,,{},"{""0"": 34.0, ""1"": 19.0, ""2"": 15.0, ""3"": 161.0, ""4"": 1.0, ""5"": 32.0, ""6"": 16.0, ""7"": 8.0, ""8"": 6.0, ""9"": 3.0, ""10"": 1.0, ""11"": 3.0, ""12"": 1.0, ""13"": 3.0, ""14"": 1.0, ""20"": 2.0, ""21"": 0.55882353, ""22"": 32.2, ""23"": 19.0, ""24"": 90.0, ""27"": 16.0, ""28"": 7.0, ""29"": 3.0, ""30"": 2.0, ""33"": 2.0, ""39"": 4.73684211, ""40"": 18.0, ""64"": 6.0, ""73"": 2.0, ""107"": 1.0, ""109"": 1.0, ""155"": 1.0, ""156"": 4.0, ""158"": 6.0, ""175"": 1.0, ""210"": 5.0, ""211"": 10.0, ""212"": 6.0}",2026-08-24T23:49:57-04:00
Ben Roethlisberger,5536,QB,PIT,,0.0,0.0,311.21612322,260.5,169.53786496350364,0.1758529509922214,,,{},{},2026-08-24T23:49:57-04:00
Bryan Edwards,4038818,WR,FA,ACTIVE,80.81644776,3.0,116.92883806,92.1,169.98175598631698,0.16609972243206983,,,"{""42"": 488.0622521, ""43"": 2.479077745, ""44"": 0.134968977, ""45"": 0.216947496, ""46"": 0.141775189, ""47"": 97.0, ""48"": 48.0, ""49"": 24.0, ""50"": 19.0, ""51"": 9.0, ""53"": 34.73089071, ""54"": 6.0, ""55"": 3.0, ""56"": 0.362858423, ""57"": 0.011222425, ""58"": 58.95507146, ""60"": 14.05268457, ""61"": 30.39215489, ""62"": 0.134968977, ""63"": 0.001962821, ""67"": 0.446095738, ""68"": 0.446095738, ""71"": 0.249813613, ""72"": 0.249813613, ""73"": 0.249813613, ""210"": 16.05882353}","{""41"": 3.0, ""42"": 15.0, ""47"": 2.0, ""48"": 1.0, ""53"": 3.0, ""58"": 5.0, ""59"": 9.0, ""60"": 5.0, ""61"": 2.14285714, ""155"": 2.0, ""156"": 5.0, ""210"": 7.0}",2026-08-24T23:49:57-04:00
Calvin Austin III,4243389,WR,PIT,QUESTIONABLE,29.51460561,0.0,,,169.92246294184721,0.15885781940216745,,,"{""42"": 170.7471559, ""43"": 0.81163852, ""44"": 0.054751685, ""45"": 0.077231424, ""46"": 0.050470736, ""47"": 34.0, ""48"": 17.0, ""49"": 8.0, ""50"": 6.0, ""51"": 3.0, ""53"": 15.28488805, ""54"": 3.0, ""55"": 1.0, ""56"": 0.063992572, ""57"": 0.001979152, ""58"": 24.64818607, ""60"": 11.17097851, ""61"": 13.95529639, ""62"": 0.054751685, ""63"": 0.000714562, ""67"": 0.162400447, ""68"": 0.162400447, ""71"": 0.09094425, ""72"": 0.09094425, ""73"": 0.09094425, ""210"": 12.23529412}",{},2026-08-24T23:49:57-04:00
Corey Clement,3045260,RB,ARI,ACTIVE,0.0,19.4,13.63109261,25.9,169.79265510948906,0.1578465154261358,,,{},"{""23"": 15.0, ""24"": 55.0, ""25"": 1.0, ""27"": 10.0, ""28"": 5.0, ""29"": 2.0, ""30"": 1.0, ""33"": 2.0, ""39"": 3.66666667, ""40"": 6.11111111, ""41"": 5.0, ""42"": 54.0, ""47"": 10.0, ""48"": 4.0, ""49"": 2.0, ""50"": 1.0, ""53"": 5.0, ""58"": 7.0, ""59"": 61.0, ""60"": 10.8, ""61"": 6.0, ""155"": 1.0, ""156"": 8.0, ""158"": 6.0, ""179"": 1.0, ""210"": 9.0, ""212"": 6.0, ""213"": 3.0}",2026-08-24T23:49:57-04:00
Frank Gore,8479,RB,FA,ACTIVE,0.0,0.0,0.0,0.0,169.75,0.15572673306543017,,,{},{},2026-08-24T23:49:57-04:00
Donald Parham Jr.,3912092,TE,LAC,ACTIVE,53.37015142,24.0,62.38666939,49.0,169.83519428316214,0.15543481199145784,,,"{""42"": 241.2275135, ""43"": 2.981700073, ""44"": 0.228290659, ""45"": 0.109277839, ""46"": 0.071413068, ""47"": 48.0, ""48"": 24.0, ""49"": 12.0, ""50"": 9.0, ""51"": 4.0, ""53"": 22.4073161, ""54"": 4.0, ""55"": 2.0, ""56"": 0.093257036, ""57"": 0.002884238, ""58"": 33.76273362, ""60"": 10.76556926, ""61"": 16.01901457, ""62"": 0.228290659, ""63"": 0.001190513, ""67"": 0.270571192, ""68"": 0.270571192, ""71"": 0.151519868, ""72"": 0.151519868, ""73"": 0.151519868, ""210"": 15.05882353}","{""41"": 10.0, ""42"": 130.0, ""43"": 1.0, ""47"": 24.0, ""48"": 11.0, ""49"": 4.0, ""50"": 4.0, ""51"": 1.0, ""53"": 10.0, ""58"": 12.0, ""59"": 42.0, ""60"": 13.0, ""61"": 21.66666667, ""155"": 5.0, ""156"": 1.0, ""158"": 6.0, ""183"": 1.0, ""210"": 6.0, ""213"": 5.0}",2026-08-24T23:49:57-04:00
Giovani Bernard,15826,RB,TB,ACTIVE,25.92800511,3.7,84.36848059,47.6,169.98540145985402,0.15318330030779423,,,"{""23"": 20.04181259, ""24"": 78.74346308, ""25"": 0.709591674, ""26"": 0.02628916, ""27"": 15.0, ""28"": 7.0, ""29"": 3.0, ""30"": 3.0, ""31"": 1.0, ""33"": 4.0, ""34"": 2.0, ""35"": 0.037158422, ""36"": 0.026010895, ""37"": 0.015571861, ""38"": 0.000531408, ""39"": 3.928959157, ""40"": 5.208711566, ""42"": 64.8005594, ""43"": 0.4334733, ""44"": 0.016498002, ""45"": 0.033992273, ""46"": 0.022213951, ""47"": 12.0, ""48"": 6.0, ""49"": 3.0, ""50"": 2.0, ""51"": 1.0, ""53"": 9.712791657, ""54"": 1.0, ""56"": 0.031268851, ""57"": 0.000967078, ""58"": 12.92084074, ""60"": 6.671671924, ""61"": 4.286418326, ""62"": 0.042787162, ""63"": 0.001012631, ""66"": 0.155017766, ""67"": 0.075125703, ""68"": 0.230143469, ""70"": 0.071308172, ""71"": 0.042070394, ""72"": 0.113378566, ""73"": 0.113378566, ""210"": 15.11764706}","{""23"": 8.0, ""24"": 28.0, ""27"": 5.0, ""28"": 2.0, ""29"": 1.0, ""30"": 1.0, ""33"": 1.0, ""39"": 3.5, ""40"": 3.5, ""41"": 2.0, ""42"": -1.0, ""53"": 2.0, ""58"": 2.0, ""59"": 7.0, ""60"": -0.5, ""61"": -0.125, ""66"": 1.0, ""68"": 1.0, ""108"": 2.0, ""109"": 2.0, ""114"": 14.0, ""116"": 1.0, ""155"": 5.0, ""156"": 3.0, ""210"": 8.0}",2026-08-24T23:49:57-04:00
James White,16913,RB,NE,ACTIVE,0.0,0.0,118.58012564,25.2,169.94616788321167,0.1496687128276986,,,{},{},2026-08-24T23:49:57-04:00
Snoop Conner,4567246,RB,JAX,ACTIVE,20.17505448,10.2,,,170.08188868613138,0.14725130890052357,,,"{""23"": 23.58056844, ""24"": 98.5465355, ""25"": 0.715457168, ""26"": 0.049780592, ""27"": 19.0, ""28"": 9.0, ""29"": 4.0, ""30"": 3.0, ""31"": 1.0, ""33"": 4.0, ""34"": 2.0, ""35"": 0.043801943, ""36"": 0.03066136, ""37"": 0.024483394, ""38"": 0.000835524, ""39"": 4.179141641, ""40"": 6.518642426, ""42"": 30.82885038, ""43"": 0.157035389, ""44"": 0.012818944, ""45"": 0.040194173, ""46"": 0.026266892, ""47"": 6.0, ""48"": 3.0, ""49"": 1.0, ""50"": 1.0, ""53"": 4.18752678, ""56"": 0.01668108, ""57"": 0.00051591, ""58"": 5.528597412, ""60"": 7.362066442, ""61"": 2.039262477, ""62"": 0.062599536, ""63"": 0.001002113, ""66"": 0.193407012, ""67"": 0.034345951, ""68"": 0.227752963, ""70"": 0.088967226, ""71"": 0.019233732, ""72"": 0.108200958, ""73"": 0.108200958, ""210"": 15.11764706}","{""23"": 12.0, ""24"": 42.0, ""25"": 1.0, ""27"": 7.0, ""28"": 2.0, ""33"": 1.0, ""39"": 3.5, ""40"": 5.25, ""108"": 1.0, ""109"": 1.0, ""155"": 6.0, ""156"": 2.0, ""158"": 6.0, ""179"": 1.0, ""210"": 8.0, ""212"": 2.0}",2026-08-24T23:49:57-04:00
David Johnson,2508176,RB,NO,ACTIVE,0.0,7.1,109.13241623,65.3,169.93339416058393,0.14553510687177879,,,{},"{""23"": 12.0, ""24"": 24.0, ""27"": 5.0, ""28"": 2.0, ""33"": 1.0, ""39"": 2.0, ""40"": 4.8, ""41"": 4.0, ""42"": 47.0, ""47"": 8.0, ""48"": 3.0, ""49"": 1.0, ""50"": 1.0, ""53"": 4.0, ""58"": 4.0, ""59"": 46.0, ""60"": 11.75, ""61"": 9.4, ""66"": 1.0, ""68"": 1.0, ""70"": 1.0, ""72"": 1.0, ""73"": 1.0, ""155"": 4.0, ""156"": 1.0, ""210"": 5.0, ""212"": 1.0, ""213"": 3.0}",2026-08-24T23:49:57-04:00
Dwayne Washington,3002265,RB,NO,QUESTIONABLE,25.43139034,5.0,35.5591948,3.8,170.0371976266545,0.14383566028890907,,,"{""23"": 28.78364148, ""24"": 124.7173148, ""25"": 0.857944838, ""26"": 0.041806748, ""27"": 24.0, ""28"": 12.0, ""29"": 6.0, ""30"": 4.0, ""31"": 2.0, ""33"": 5.0, ""34"": 2.0, ""35"": 0.053667835, ""36"": 0.037567485, ""37"": 0.041961408, ""38"": 0.001431982, ""39"": 4.332923436, ""40"": 8.834143128, ""42"": 40.32841055, ""43"": 0.18119887, ""44"": 0.010816088, ""45"": 0.036174644, ""46"": 0.02364013, ""47"": 8.0, ""48"": 4.0, ""49"": 2.0, ""50"": 1.0, ""53"": 5.606732766, ""54"": 1.0, ""56"": 0.021024351, ""57"": 0.000650238, ""58"": 7.491938811, ""60"": 7.192854062, ""61"": 2.856595747, ""62"": 0.052622836, ""63"": 0.001000716, ""66"": 0.190356215, ""67"": 0.03707927, ""68"": 0.227435485, ""70"": 0.087563859, ""71"": 0.020764391, ""72"": 0.10832825, ""73"": 0.10832825, ""210"": 14.11764706}","{""23"": 11.0, ""24"": 38.0, ""27"": 6.0, ""28"": 2.0, ""39"": 3.45454545, ""40"": 2.92307692, ""41"": 1.0, ""42"": 7.0, ""47"": 1.0, ""53"": 1.0, ""58"": 1.0, ""59"": 6.0, ""60"": 7.0, ""61"": 0.53846154, ""107"": 1.0, ""109"": 1.0, ""112"": 0.5, ""114"": 69.0, ""116"": 6.0, ""117"": 2.0, ""155"": 4.0, ""156"": 9.0, ""210"": 13.0, ""212"": 2.0}",2026-08-24T23:49:57-04:00
Matt Corral,4362874,QB,CAR,QUESTIONABLE,0.0,0.0,,,170.0,0.1422522849987396,,,{},{},2026-08-24T23:49:57-04:00
Jalen Reagor,4241802,WR,MIN,ACTIVE,33.93194174,22.9,139.36695658,61.6,169.2871151653364,0.13259580473702778,,,"{""23"": 4.159308333, ""24"": 22.75149617, ""25"": 0.15336555, ""26"": 0.008192284, ""27"": 4.0, ""28"": 2.0, ""29"": 1.0, ""35"": 0.007645109, ""36"": 0.005351576, ""37"": 0.001175315, ""38"": 4.01e-05, ""39"": 5.470019136, ""40"": 1.416759835, ""42"": 172.2567902, ""43"": 1.195827899, ""44"": 0.068605003, ""45"": 0.158179414, ""46"": 0.103370247, ""47"": 34.0, ""48"": 17.0, ""49"": 8.0, ""50"": 6.0, ""51"": 3.0, ""53"": 13.10487669, ""54"": 2.0, ""55"": 1.0, ""56"": 0.065291281, ""57"": 0.002019318, ""58"": 22.40883524, ""60"": 13.14448005, ""61"": 10.72661331, ""62"": 0.076797286, ""63"": 0.001519248, ""66"": 0.083186167, ""67"": 0.262097534, ""68"": 0.345283701, ""70"": 0.038265637, ""71"": 0.146774619, ""72"": 0.185040256, ""73"": 0.185040256, ""210"": 16.05882353}","{""23"": 4.0, ""24"": 25.0, ""27"": 5.0, ""28"": 1.0, ""39"": 6.25, ""40"": 1.47058824, ""41"": 8.0, ""42"": 104.0, ""43"": 1.0, ""47"": 18.0, ""48"": 7.0, ""49"": 2.0, ""50"": 2.0, ""53"": 8.0, ""58"": 13.0, ""59"": 28.0, ""60"": 13.0, ""61"": 6.11764706, ""68"": 4.0, ""108"": 1.0, ""109"": 1.0, ""115"": 167.0, ""118"": 11.0, ""119"": 1.0, ""155"": 13.0, ""156"": 4.0, ""158"": 6.0, ""183"": 1.0, ""210"": 17.0, ""212"": 1.0, ""213"": 5.0}",2026-08-24T23:49:57-04:00
Dan Arnold,4212989,TE,JAX,ACTIVE,48.23013175,18.0,64.50954522,58.3,169.70985401459853,0.1295108862519706,,,"{""42"": 271.1884484, ""43"": 1.625384175, ""44"": 0.132677917, ""45"": 0.158808301, ""46"": 0.103781225, ""47"": 54.0, ""48"": 27.0, ""49"": 13.0, ""50"": 10.0, ""51"": 5.0, ""53"": 23.17148006, ""54"": 4.0, ""55"": 2.0, ""56"": 0.107187119, ""57"": 0.003315066, ""58"": 35.26150722, ""60"": 11.70354451, ""61"": 16.88719276, ""62"": 0.132677917, ""63"": 0.001933305, ""67"": 0.439387507, ""68"": 0.439387507, ""71"": 0.246057004, ""72"": 0.246057004, ""73"": 0.246057004, ""210"": 16.05882353}","{""41"": 9.0, ""42"": 135.0, ""47"": 23.0, ""48"": 8.0, ""49"": 3.0, ""50"": 1.0, ""53"": 9.0, ""58"": 13.0, ""59"": 75.0, ""60"": 15.0, ""61"": 7.94117647, ""155"": 9.0, ""156"": 8.0, ""210"": 17.0, ""213"": 5.0}",2026-08-24T23:49:57-04:00
Zach Gentry,3929924,TE,PIT,ACTIVE,7.27597047,22.7,9.23509914,26.2,169.86245437956205,0.12897176848536065,,,"{""42"": 37.63653604, ""43"": 0.249796737, ""44"": 0.016844959, ""45"": 0.072637072, ""46"": 0.047468327, ""47"": 7.0, ""48"": 3.0, ""49"": 1.0, ""50"": 1.0, ""53"": 4.069773445, ""56"": 0.019998597, ""57"": 0.000618513, ""58"": 5.864192163, ""60"": 9.247820929, ""61"": 2.34366708, ""62"": 0.016844959, ""63"": 0.000216229, ""67"": 0.049143032, ""68"": 0.049143032, ""71"": 0.027520098, ""72"": 0.027520098, ""73"": 0.027520098, ""210"": 16.05882353}","{""41"": 19.0, ""42"": 132.0, ""47"": 22.0, ""48"": 10.0, ""49"": 5.0, ""50"": 2.0, ""53"": 19.0, ""54"": 1.0, ""58"": 23.0, ""59"": 102.0, ""60"": 6.94736842, ""61"": 7.76470588, ""155"": 9.0, ""156"": 8.0, ""210"": 17.0, ""213"": 6.0}",2026-08-24T23:49:57-04:00
Todd Gurley II,2977644,RB,FA,ACTIVE,0.0,0.0,0.0,0.0,169.7609489051095,0.1283712593704964,,,{},{},2026-08-24T23:49:57-04:00
Jerome Ford,4372019,RB,CLE,ACTIVE,10.1498002,1.2,,,169.95597627737226,0.1268353061689051,,,"{""23"": 8.538758257, ""24"": 35.34482869, ""25"": 0.244972922, ""26"": 0.009570476, ""27"": 7.0, ""28"": 3.0, ""29"": 1.0, ""30"": 1.0, ""33"": 1.0, ""35"": 0.015733168, ""36"": 0.011013217, ""37"": 0.003021398, ""38"": 0.000103109, ""39"": 4.139340596, ""40"": 2.337984777, ""42"": 25.5440108, ""43"": 0.135899018, ""44"": 0.008158806, ""45"": 0.035950111, ""46"": 0.023493397, ""47"": 5.0, ""48"": 2.0, ""49"": 1.0, ""50"": 1.0, ""53"": 3.67686868, ""56"": 0.014115884, ""57"": 0.000436574, ""58"": 4.819323534, ""60"": 6.947218685, ""61"": 1.689681648, ""62"": 0.017729282, ""63"": 0.000440845, ""66"": 0.070034602, ""67"": 0.030157551, ""68"": 0.100192152, ""70"": 0.032215917, ""71"": 0.016888228, ""72"": 0.049104145, ""73"": 0.049104145, ""210"": 15.11764706}","{""23"": 8.0, ""24"": 12.0, ""27"": 1.0, ""33"": 1.0, ""39"": 1.5, ""40"": 0.92307692, ""107"": 1.0, ""108"": 1.0, ""109"": 2.0, ""114"": 723.0, ""116"": 65.0, ""117"": 20.0, ""155"": 6.0, ""156"": 7.0, ""210"": 13.0, ""212"": 1.0}",2026-08-24T23:49:57-04:00
Trey Sermon,4241401,RB,PHI,ACTIVE,16.33296879,1.9,113.09841277,26.8,169.62591240875912,0.12555387755189146,,,"{""23"": 17.80303216, ""24"": 75.48462643, ""25"": 0.623779289, ""26"": 0.028174611, ""27"": 15.0, ""28"": 7.0, ""29"": 3.0, ""30"": 3.0, ""31"": 1.0, ""33"": 3.0, ""34"": 1.0, ""35"": 0.032985696, ""36"": 0.023089987, ""37"": 0.015119578, ""38"": 0.000515973, ""39"": 4.239987086, ""40"": 5.346827706, ""42"": 24.17996975, ""43"": 0.163676229, ""44"": 0.012115834, ""45"": 0.036624016, ""46"": 0.023933794, ""47"": 4.0, ""48"": 2.0, ""49"": 1.0, ""53"": 3.457205257, ""56"": 0.013437074, ""57"": 0.00041558, ""58"": 4.482971497, ""60"": 6.994079887, ""61"": 1.712747857, ""62"": 0.040290445, ""63"": 0.000773307, ""66"": 0.147172041, ""67"": 0.028579623, ""68"": 0.175751664, ""70"": 0.067699139, ""71"": 0.016004589, ""72"": 0.083703728, ""73"": 0.083703728, ""210"": 14.11764706}","{""23"": 2.0, ""24"": 19.0, ""27"": 3.0, ""28"": 1.0, ""39"": 9.5, ""40"": 6.33333333, ""155"": 3.0, ""210"": 3.0, ""212"": 2.0}",2026-08-24T23:49:57-04:00
Brandon Allen,2574511,QB,CIN,ACTIVE,20.6852264,0.7,15.25131101,17.7,169.19685218978103,0.12486566778886507,,,"{""0"": 34.94753219, ""1"": 22.02001277, ""2"": 12.92751942, ""3"": 237.9479941, ""4"": 1.894478222, ""5"": 47.0, ""6"": 23.0, ""7"": 11.0, ""8"": 9.0, ""9"": 4.0, ""10"": 2.0, ""11"": 4.0, ""12"": 2.0, ""15"": 0.192084051, ""16"": 0.125526927, ""17"": 0.18536283, ""18"": 0.025037658, ""19"": 0.102355012, ""20"": 0.857759965, ""21"": 0.630087774, ""22"": 118.973997, ""23"": 3.174503252, ""24"": 10.6180516, ""25"": 0.132983958, ""26"": 0.006397932, ""27"": 2.0, ""28"": 1.0, ""35"": 0.005992673, ""36"": 0.004194871, ""37"": 0.004867269, ""38"": 0.000166101, ""39"": 3.344791532, ""40"": 5.309025798, ""62"": 0.108752944, ""63"": 0.002038608, ""64"": 2.471485318, ""65"": 0.42708726, ""66"": 0.036232643, ""68"": 0.463319903, ""69"": 0.205001885, ""70"": 0.016667016, ""72"": 0.2216689, ""73"": 1.079428865, ""210"": 2.0}","{""0"": 3.0, ""1"": 3.0, ""3"": 22.0, ""5"": 4.0, ""6"": 2.0, ""7"": 1.0, ""21"": 1.0, ""22"": 7.33333333, ""23"": 3.0, ""24"": -1.0, ""39"": -0.33333333, ""40"": -0.33333333, ""64"": 1.0, ""155"": 2.0, ""156"": 1.0, ""210"": 3.0, ""211"": 1.0, ""212"": 1.0}",2026-08-24T23:49:57-04:00
Justyn Ross,4360306,WR,KC,QUESTIONABLE,0.0,0.0,,,169.97377423033066,0.124806681431658,,,{},{},2026-08-24T23:49:57-04:00
Le'Veon Bell,15825,RB,FA,ACTIVE,0.0,0.0,48.55830861,35.6,169.71122262773721,0.12270665614011544,,,{},{},2026-08-24T23:49:57-04:00
Shi Smith,4259499,WR,CAR,ACTIVE,44.97292623,50.6,16.35923515,13.1,169.8092630618298,0.12213903362913694,,,"{""42"": 267.0566523, ""43"": 1.258128549, ""44"": 0.087799394, ""45"": 0.164080015, ""46"": 0.10722629, ""47"": 53.0, ""48"": 26.0, ""49"": 13.0, ""50"": 10.0, ""51"": 5.0, ""53"": 21.71041982, ""54"": 4.0, ""55"": 2.0, ""56"": 0.104861721, ""57"": 0.003243146, ""58"": 34.46908991, ""60"": 12.30085159, ""61"": 16.62990142, ""62"": 0.087799394, ""63"": 0.001226967, ""67"": 0.278856244, ""68"": 0.278856244, ""71"": 0.156159497, ""72"": 0.156159497, ""73"": 0.156159497, ""210"": 16.05882353}","{""41"": 22.0, ""42"": 296.0, ""43"": 2.0, ""47"": 55.0, ""48"": 25.0, ""49"": 10.0, ""50"": 5.0, ""51"": 2.0, ""53"": 22.0, ""58"": 41.0, ""59"": 132.0, ""60"": 13.45454545, ""61"": 17.41176471, ""67"": 1.0, ""68"": 4.0, ""71"": 1.0, ""72"": 1.0, ""73"": 1.0, ""108"": 3.0, ""109"": 3.0, ""115"": 143.0, ""118"": 11.0, ""119"": 2.0, ""155"": 7.0, ""156"": 10.0, ""158"": 12.0, ""184"": 2.0, ""210"": 17.0, ""213"": 14.0}",2026-08-24T23:49:57-04:00
Zach Pascal,2978109,WR,ARI,ACTIVE,26.43252331,28.5,75.65986165,75.5,169.35438996579248,0.12135637444630265,,,"{""42"": 127.6319306, ""43"": 1.381141298, ""44"": 0.102199089, ""45"": 0.094387058, ""46"": 0.061681943, ""47"": 25.0, ""48"": 12.0, ""49"": 6.0, ""50"": 5.0, ""51"": 2.0, ""53"": 10.61341114, ""54"": 2.0, ""55"": 1.0, ""56"": 0.051738375, ""57"": 0.001600156, ""58"": 18.75149486, ""60"": 12.02553344, ""61"": 7.947775898, ""62"": 0.102199089, ""63"": 0.000505298, ""67"": 0.114840438, ""68"": 0.114840438, ""71"": 0.064310645, ""72"": 0.064310645, ""73"": 0.064310645, ""210"": 16.05882353}","{""23"": 1.0, ""41"": 15.0, ""42"": 150.0, ""43"": 1.0, ""47"": 26.0, ""48"": 9.0, ""49"": 2.0, ""50"": 2.0, ""51"": 1.0, ""53"": 15.0, ""58"": 19.0, ""59"": 86.0, ""60"": 10.0, ""61"": 8.82352941, ""107"": 1.0, ""108"": 6.0, ""109"": 7.0, ""155"": 14.0, ""156"": 3.0, ""158"": 6.0, ""186"": 1.0, ""210"": 17.0, ""213"": 9.0}",2026-08-24T23:49:57-04:00
Dyami Brown,4361577,WR,WSH,ACTIVE,21.25690372,30.3,79.0994164,22.1,169.92497149372863,0.11984827308560407,,,"{""42"": 116.6818161, ""43"": 0.803682134, ""44"": 0.071998534, ""45"": 0.128908974, ""46"": 0.084242014, ""47"": 23.0, ""48"": 11.0, ""49"": 5.0, ""50"": 4.0, ""51"": 2.0, ""53"": 9.519143024, ""54"": 1.0, ""56"": 0.04844475, ""57"": 0.001498291, ""58"": 15.95094488, ""60"": 12.25759669, ""61"": 7.265900633, ""62"": 0.071998534, ""63"": 0.000537976, ""67"": 0.122267211, ""68"": 0.122267211, ""71"": 0.068469638, ""72"": 0.068469638, ""73"": 0.068469638, ""210"": 16.05882353}","{""23"": 1.0, ""24"": 15.0, ""27"": 3.0, ""28"": 1.0, ""39"": 15.0, ""40"": 1.0, ""41"": 5.0, ""42"": 143.0, ""43"": 2.0, ""45"": 1.0, ""46"": 1.0, ""47"": 28.0, ""48"": 12.0, ""49"": 5.0, ""50"": 4.0, ""51"": 2.0, ""52"": 1.0, ""53"": 5.0, ""56"": 1.0, ""58"": 14.0, ""59"": 31.0, ""60"": 28.6, ""61"": 9.53333333, ""107"": 1.0, ""108"": 1.0, ""109"": 2.0, ""155"": 6.0, ""156"": 8.0, ""158"": 12.0, ""186"": 1.0, ""210"": 15.0, ""212"": 1.0, ""213"": 4.0}",2026-08-24T23:49:57-04:00
Denzel Mims,4035403,WR,NYJ,ACTIVE,3.41338776,24.1,45.83804735,17.3,169.81733181299887,0.11943683292501445,,,"{""42"": 19.60819207, ""43"": 0.122689014, ""44"": 0.01023093, ""45"": 0.117571033, ""46"": 0.07683267, ""47"": 3.0, ""48"": 1.0, ""53"": 1.433179734, ""56"": 0.011100347, ""57"": 0.00034331, ""58"": 2.701734498, ""60"": 13.68160016, ""61"": 1.302106504, ""62"": 0.01023093, ""63"": 8.1e-05, ""67"": 0.018408263, ""68"": 0.018408263, ""71"": 0.010308627, ""72"": 0.010308627, ""73"": 0.010308627, ""210"": 15.05882353}","{""41"": 11.0, ""42"": 186.0, ""47"": 35.0, ""48"": 16.0, ""49"": 5.0, ""50"": 5.0, ""51"": 1.0, ""53"": 11.0, ""58"": 25.0, ""59"": 75.0, ""60"": 16.90909091, ""61"": 18.6, ""155"": 3.0, ""156"": 7.0, ""210"": 10.0, ""213"": 7.0}",2026-08-24T23:49:57-04:00
Matt Ammendola,3919602,K,FA,ACTIVE,0.0,18.0,122.8167535,45.0,169.94701681640174,0.11536119179237328,,,{},"{""78"": 1.0, ""79"": 1.0, ""80"": 5.0, ""81"": 6.0, ""82"": 1.0, ""83"": 5.0, ""84"": 7.0, ""85"": 2.0, ""86"": 5.0, ""87"": 7.0, ""88"": 2.0, ""108"": 1.0, ""109"": 1.0, ""155"": 1.0, ""156"": 3.0, ""158"": 20.0, ""210"": 4.0, ""214"": 119.0, ""215"": 77.0, ""216"": 196.0, ""217"": 23.0, ""218"": 11.0, ""219"": 5.0, ""220"": 3.0, ""221"": 1.0, ""223"": 14.0, ""224"": 7.0, ""225"": 3.0, ""226"": 2.0, ""229"": 38.0, ""230"": 19.0, ""231"": 9.0, ""232"": 6.0, ""233"": 3.0}",2026-08-24T23:49:57-04:00
Damiere Byrd,2577667,WR,ATL,ACTIVE,11.99729393,45.3,39.31773517,51.9,169.8811858608894,0.11431416834130641,,,"{""42"": 73.41509014, ""43"": 0.226220699, ""44"": 0.012306175, ""45"": 0.098621247, ""46"": 0.064448985, ""47"": 14.0, ""48"": 7.0, ""49"": 3.0, ""50"": 2.0, ""51"": 1.0, ""53"": 6.854791401, ""54"": 1.0, ""56"": 0.034450469, ""57"": 0.001065478, ""58"": 10.7191039, ""60"": 10.71004001, ""61"": 4.571635649, ""62"": 0.012306175, ""63"": 0.000603222, ""67"": 0.137095828, ""68"": 0.137095828, ""71"": 0.076773664, ""72"": 0.076773664, ""73"": 0.076773664, ""210"": 16.05882353}","{""41"": 13.0, ""42"": 268.0, ""43"": 2.0, ""45"": 2.0, ""46"": 1.0, ""47"": 51.0, ""48"": 23.0, ""49"": 9.0, ""50"": 8.0, ""51"": 3.0, ""53"": 13.0, ""58"": 23.0, ""59"": 105.0, ""60"": 20.61538462, ""61"": 19.14285714, ""108"": 1.0, ""109"": 1.0, ""155"": 6.0, ""156"": 8.0, ""158"": 12.0, ""210"": 14.0, ""213"": 9.0}",2026-08-24T23:49:57-04:00
Dez Bryant,13215,WR,FA,ACTIVE,0.0,0.0,0.0,0.0,169.9096921322691,0.11335545715870407,,,{},{},2026-08-24T23:49:57-04:00
John Bates,4048228,TE,WSH,ACTIVE,37.1837043,23.8,7.53837128,40.9,169.84717153284672,0.10656271229846097,,,"{""42"": 195.3281638, ""43"": 1.391839561, ""44"": 0.124696959, ""45"": 0.126946343, ""46"": 0.082959435, ""47"": 39.0, ""48"": 19.0, ""49"": 9.0, ""50"": 7.0, ""51"": 3.0, ""53"": 18.60412288, ""54"": 3.0, ""55"": 1.0, ""56"": 0.072990959, ""57"": 0.002257452, ""58"": 26.79191144, ""60"": 10.49918693, ""61"": 12.16329225, ""62"": 0.124696959, ""63"": 0.000988447, ""67"": 0.22464715, ""68"": 0.22464715, ""71"": 0.125802404, ""72"": 0.125802404, ""73"": 0.125802404, ""210"": 16.05882353}","{""41"": 14.0, ""42"": 108.0, ""43"": 1.0, ""47"": 19.0, ""48"": 7.0, ""49"": 2.0, ""50"": 1.0, ""53"": 14.0, ""58"": 22.0, ""59"": 54.0, ""60"": 7.71428571, ""61"": 6.75, ""67"": 1.0, ""68"": 1.0, ""155"": 7.0, ""156"": 8.0, ""158"": 6.0, ""184"": 1.0, ""210"": 16.0, ""213"": 4.0}",2026-08-24T23:49:57-04:00
Anthony Schwartz,4371986,WR,CLE,QUESTIONABLE,42.99506299,16.8,15.60726253,28.4,169.85838084378562,0.10571571537988775,,,"{""23"": 4.408028726, ""24"": 27.05831651, ""25"": 0.15383664, ""26"": 0.006003051, ""27"": 5.0, ""28"": 2.0, ""29"": 1.0, ""30"": 1.0, ""35"": 0.008103359, ""36"": 0.005672351, ""37"": 0.001698604, ""38"": 5.8e-05, ""39"": 6.138416557, ""40"": 1.684950113, ""42"": 217.7822917, ""43"": 1.258508706, ""44"": 0.07545566, ""45"": 0.117812733, ""46"": 0.076990621, ""47"": 43.0, ""48"": 21.0, ""49"": 10.0, ""50"": 8.0, ""51"": 4.0, ""53"": 18.23133498, ""54"": 3.0, ""55"": 1.0, ""56"": 0.081615884, ""57"": 0.002524203, ""58"": 30.65164228, ""60"": 11.9454934, ""61"": 13.56153465, ""62"": 0.081458712, ""63"": 0.001279467, ""66"": 0.056618267, ""67"": 0.234169659, ""68"": 0.290787925, ""70"": 0.026044403, ""71"": 0.131135009, ""72"": 0.157179412, ""73"": 0.157179412, ""101"": 0.178784, ""114"": 648.2933333, ""116"": 64.0, ""117"": 25.0, ""210"": 16.05882353}","{""23"": 4.0, ""24"": 57.0, ""25"": 1.0, ""27"": 11.0, ""28"": 5.0, ""29"": 2.0, ""30"": 1.0, ""39"": 14.25, ""40"": 5.18181818, ""41"": 4.0, ""42"": 51.0, ""47"": 8.0, ""48"": 3.0, ""53"": 4.0, ""58"": 10.0, ""59"": 27.0, ""60"": 12.75, ""61"": 4.63636364, ""67"": 1.0, ""68"": 1.0, ""71"": 1.0, ""72"": 1.0, ""73"": 1.0, ""107"": 1.0, ""108"": 1.0, ""109"": 2.0, ""155"": 5.0, ""156"": 6.0, ""158"": 6.0, ""182"": 1.0, ""210"": 11.0, ""212"": 2.0, ""213"": 2.0}",2026-08-24T23:49:57-04:00
Alec Ingold,3917668,RB,MIA,ACTIVE,9.61453097,30.8,16.39214389,19.6,169.80488361478777,0.104000682904621,,,"{""23"": 4.034084048, ""24"": 16.99353503, ""25"": 0.154144683, ""26"": 0.007919409, ""27"": 3.0, ""28"": 1.0, ""35"": 0.007414446, ""36"": 0.005190112, ""37"": 0.000625289, ""38"": 2.13e-05, ""39"": 4.212489088, ""40"": 1.058205478, ""42"": 32.19554322, ""43"": 0.264999451, ""44"": 0.015295463, ""45"": 0.041323973, ""46"": 0.027005216, ""47"": 6.0, ""48"": 3.0, ""49"": 1.0, ""50"": 1.0, ""53"": 4.453722265, ""56"": 0.017456749, ""57"": 0.000539899, ""58"": 5.87689409, ""60"": 7.228906811, ""61"": 2.004850677, ""62"": 0.023214872, ""63"": 0.000397235, ""66"": 0.042908545, ""67"": 0.047372028, ""68"": 0.090280574, ""70"": 0.019737931, ""71"": 0.026528336, ""72"": 0.046266267, ""73"": 0.046266267, ""210"": 16.05882353}","{""23"": 6.0, ""24"": 8.0, ""25"": 1.0, ""39"": 1.33333333, ""40"": 0.47058824, ""41"": 15.0, ""42"": 105.0, ""43"": 1.0, ""47"": 20.0, ""48"": 7.0, ""49"": 2.0, ""50"": 1.0, ""53"": 15.0, ""58"": 23.0, ""59"": 93.0, ""60"": 7.0, ""61"": 6.17647059, ""108"": 4.0, ""109"": 4.0, ""114"": 20.0, ""116"": 1.0, ""155"": 9.0, ""156"": 8.0, ""158"": 12.0, ""179"": 1.0, ""184"": 1.0, ""210"": 17.0, ""212"": 5.0, ""213"": 4.0}",2026-08-24T23:49:57-04:00
Scotty Miller,3914397,WR,TB,ACTIVE,12.30520205,30.8,40.18927057,16.6,169.8132269099202,0.10371503263324501,,,"{""42"": 69.66727061, ""43"": 0.438234978, ""44"": 0.016675968, ""45"": 0.136821824, ""46"": 0.089413062, ""47"": 13.0, ""48"": 6.0, ""49"": 3.0, ""50"": 2.0, ""51"": 1.0, ""53"": 5.477502471, ""54"": 1.0, ""56"": 0.032635413, ""57"": 0.001009343, ""58"": 9.244409757, ""60"": 12.71880222, ""61"": 4.626342189, ""62"": 0.016675968, ""63"": 0.000247649, ""67"": 0.05628397, ""68"": 0.05628397, ""71"": 0.031519023, ""72"": 0.031519023, ""73"": 0.031519023, ""210"": 15.05882353}","{""23"": 1.0, ""24"": 8.0, ""27"": 1.0, ""39"": 8.0, ""40"": 0.53333333, ""41"": 23.0, ""42"": 185.0, ""47"": 33.0, ""48"": 14.0, ""49"": 5.0, ""50"": 5.0, ""51"": 1.0, ""53"": 23.0, ""54"": 1.0, ""58"": 40.0, ""59"": 33.0, ""60"": 8.04347826, ""61"": 12.33333333, ""108"": 1.0, ""109"": 1.0, ""155"": 7.0, ""156"": 8.0, ""210"": 15.0, ""212"": 1.0, ""213"": 8.0}",2026-08-24T23:49:57-04:00
Rico Dowdle,4038815,RB,DAL,ACTIVE,31.44343772,0.0,0.0,0.0,170.0289689781022,0.1032885156970801,,,"{""23"": 29.02116993, ""24"": 124.4015275, ""25"": 0.955187785, ""26"": 0.061456977, ""27"": 24.0, ""28"": 12.0, ""29"": 6.0, ""30"": 4.0, ""31"": 2.0, ""33"": 5.0, ""34"": 2.0, ""35"": 0.05411893, ""36"": 0.037883251, ""37"": 0.041808915, ""38"": 0.001426778, ""39"": 4.286578652, ""40"": 8.811774864, ""42"": 65.8556286, ""43"": 0.386132828, ""44"": 0.025525958, ""45"": 0.041899433, ""46"": 0.027381279, ""47"": 13.0, ""48"": 6.0, ""49"": 3.0, ""50"": 2.0, ""51"": 1.0, ""53"": 8.999749089, ""54"": 1.0, ""56"": 0.031258228, ""57"": 0.000966749, ""58"": 11.66152643, ""60"": 7.317496071, ""61"": 4.664773692, ""62"": 0.086982935, ""63"": 0.00138295, ""66"": 0.239908841, ""67"": 0.074398082, ""68"": 0.314306923, ""70"": 0.110358067, ""71"": 0.041662926, ""72"": 0.152020993, ""73"": 0.152020993, ""210"": 14.11764706}","{""108"": 1.0, ""109"": 1.0, ""155"": 4.0, ""156"": 1.0, ""210"": 5.0}",2026-08-24T23:49:57-04:00
Tyrod Taylor,14163,QB,NYG,ACTIVE,38.18353552,13.2,211.48666731,91.5,169.8544708029197,0.10039370360458476,,,"{""0"": 69.24830964, ""1"": 42.94459377, ""2"": 26.30371586, ""3"": 464.4919713, ""4"": 2.416740859, ""5"": 92.0, ""6"": 46.0, ""7"": 23.0, ""8"": 18.0, ""9"": 9.0, ""10"": 4.0, ""11"": 8.0, ""12"": 4.0, ""15"": 0.367510697, ""16"": 0.24016824, ""17"": 0.340271833, ""18"": 0.045961803, ""19"": 0.144116925, ""20"": 1.822826538, ""21"": 0.620153676, ""22"": 116.1229928, ""23"": 11.85549732, ""24"": 60.90905509, ""25"": 0.598330523, ""26"": 0.030417003, ""27"": 12.0, ""28"": 6.0, ""29"": 3.0, ""30"": 2.0, ""31"": 1.0, ""33"": 2.0, ""34"": 1.0, ""35"": 0.022933933, ""36"": 0.016053753, ""37"": 0.080923778, ""38"": 0.002761618, ""39"": 5.137621262, ""40"": 15.22726377, ""62"": 0.174533928, ""63"": 0.005076132, ""64"": 5.644395011, ""65"": 0.99599984, ""66"": 0.157666538, ""68"": 1.153666377, ""69"": 0.478079923, ""70"": 0.072526607, ""72"": 0.55060653, ""73"": 2.373433068, ""210"": 4.0}","{""0"": 8.0, ""1"": 6.0, ""2"": 2.0, ""3"": 58.0, ""4"": 1.0, ""5"": 11.0, ""6"": 5.0, ""7"": 2.0, ""8"": 1.0, ""11"": 1.0, ""19"": 1.0, ""20"": 1.0, ""21"": 0.75, ""22"": 19.33333333, ""23"": 5.0, ""24"": 70.0, ""27"": 14.0, ""28"": 7.0, ""29"": 3.0, ""30"": 2.0, ""39"": 14.0, ""40"": 23.33333333, ""64"": 3.0, ""65"": 1.0, ""66"": 1.0, ""68"": 2.0, ""69"": 1.0, ""72"": 1.0, ""73"": 2.0, ""155"": 2.0, ""156"": 1.0, ""158"": 6.0, ""176"": 1.0, ""210"": 3.0, ""211"": 3.0, ""212"": 4.0}",2026-08-24T23:49:57-04:00
Nathan Peterman,2972236,QB,CHI,ACTIVE,0.0,10.1,0.0,0.2,169.95255474452554,0.09990601275887494,,,{},"{""0"": 25.0, ""1"": 14.0, ""2"": 11.0, ""3"": 139.0, ""4"": 1.0, ""5"": 27.0, ""6"": 13.0, ""7"": 6.0, ""8"": 5.0, ""9"": 2.0, ""10"": 1.0, ""11"": 2.0, ""12"": 1.0, ""13"": 1.0, ""20"": 1.0, ""21"": 0.56, ""22"": 46.33333333, ""23"": 2.0, ""24"": 7.0, ""27"": 1.0, ""39"": 3.5, ""40"": 2.33333333, ""64"": 1.0, ""73"": 1.0, ""156"": 3.0, ""158"": 6.0, ""176"": 1.0, ""210"": 3.0, ""211"": 8.0}",2026-08-24T23:49:57-04:00
Jeff Driskel,2574630,QB,HOU,ACTIVE,0.0,18.2,,,169.93339416058393,0.09923567868156888,,,{},"{""0"": 20.0, ""1"": 14.0, ""2"": 6.0, ""3"": 108.0, ""4"": 1.0, ""5"": 19.0, ""6"": 8.0, ""7"": 3.0, ""8"": 2.0, ""21"": 0.7, ""22"": 15.42857143, ""23"": 20.0, ""24"": 75.0, ""27"": 13.0, ""28"": 4.0, ""29"": 1.0, ""30"": 1.0, ""33"": 1.0, ""39"": 3.75, ""40"": 10.71428571, ""41"": 1.0, ""42"": 4.0, ""53"": 1.0, ""58"": 1.0, ""59"": 7.0, ""60"": 4.0, ""61"": 0.57142857, ""64"": 2.0, ""155"": 2.0, ""156"": 4.0, ""158"": 6.0, ""177"": 1.0, ""210"": 7.0, ""211"": 4.0, ""212"": 4.0}",2026-08-24T23:49:57-04:00
Danny Gray,4689546,WR,SF,ACTIVE,19.30518011,2.4,,,169.61801596351197,0.09902011346054668,,,"{""42"": 105.0058739, ""43"": 0.722992509, ""44"": 0.037141251, ""45"": 0.123916125, ""46"": 0.080979188, ""47"": 21.0, ""48"": 10.0, ""49"": 5.0, ""50"": 4.0, ""51"": 2.0, ""53"": 8.99888175, ""54"": 1.0, ""56"": 0.044905797, ""57"": 0.001388839, ""58"": 14.45638817, ""60"": 11.66876916, ""61"": 6.53882731, ""62"": 0.037141251, ""63"": 0.000420694, ""67"": 0.095612242, ""68"": 0.095612242, ""71"": 0.053542856, ""72"": 0.053542856, ""73"": 0.053542856, ""210"": 16.05882353}","{""23"": 1.0, ""24"": 9.0, ""27"": 1.0, ""39"": 9.0, ""40"": 0.69230769, ""41"": 1.0, ""42"": 10.0, ""47"": 2.0, ""48"": 1.0, ""53"": 1.0, ""58"": 7.0, ""59"": 4.0, ""60"": 10.0, ""61"": 0.76923077, ""107"": 1.0, ""109"": 1.0, ""155"": 11.0, ""156"": 2.0, ""210"": 13.0, ""213"": 1.0}",2026-08-24T23:49:57-04:00
Julian Edelman,12649,WR,NE,,0.0,0.0,0.0,0.0,169.69806157354617,0.0980217557007202,,,{},{},2026-08-24T23:49:57-04:00
Chris Conley,2578533,WR,TEN,ACTIVE,0.0,6.6,82.49444471,53.6,169.9564424173318,0.09773673911200614,,,{},"{""41"": 4.0, ""42"": 46.0, ""47"": 8.0, ""48"": 3.0, ""49"": 1.0, ""50"": 1.0, ""53"": 4.0, ""58"": 7.0, ""59"": 3.0, ""60"": 11.5, ""61"": 5.11111111, ""155"": 1.0, ""156"": 7.0, ""210"": 9.0, ""213"": 3.0}",2026-08-24T23:49:57-04:00
Dante Pettis,3127306,WR,CHI,ACTIVE,14.62223907,55.7,0.0,20.3,169.70102622576968,0.09716622262747725,,,"{""42"": 85.68379397, ""43"": 0.449832754, ""44"": 0.030111277, ""45"": 0.13384932, ""46"": 0.08747053, ""47"": 17.0, ""48"": 8.0, ""49"": 4.0, ""50"": 3.0, ""51"": 1.0, ""53"": 6.898326202, ""54"": 1.0, ""56"": 0.038522482, ""57"": 0.001191417, ""58"": 11.62986724, ""60"": 12.42095422, ""61"": 5.33562087, ""62"": 0.030111277, ""63"": 0.000607053, ""67"": 0.137966524, ""68"": 0.137966524, ""71"": 0.077261253, ""72"": 0.077261253, ""73"": 0.077261253, ""210"": 16.05882353}","{""23"": 2.0, ""24"": 37.0, ""27"": 6.0, ""28"": 2.0, ""29"": 1.0, ""30"": 1.0, ""39"": 18.5, ""40"": 2.17647059, ""41"": 19.0, ""42"": 245.0, ""43"": 3.0, ""45"": 2.0, ""46"": 1.0, ""47"": 43.0, ""48"": 20.0, ""49"": 6.0, ""50"": 5.0, ""51"": 2.0, ""53"": 19.0, ""58"": 41.0, ""59"": 63.0, ""60"": 12.89473684, ""61"": 14.41176471, ""68"": 1.0, ""108"": 2.0, ""109"": 2.0, ""115"": 163.0, ""118"": 13.0, ""119"": 2.0, ""155"": 3.0, ""156"": 14.0, ""158"": 18.0, ""183"": 1.0, ""210"": 17.0, ""212"": 2.0, ""213"": 9.0}",2026-08-24T23:49:57-04:00
Michael Bandy,4034704,WR,LAC,ACTIVE,0.0,13.9,,,169.842417331813,0.09602712695099624,,,{},"{""41"": 10.0, ""42"": 89.0, ""47"": 17.0, ""48"": 7.0, ""49"": 3.0, ""50"": 2.0, ""53"": 10.0, ""54"": 1.0, ""58"": 21.0, ""59"": 25.0, ""60"": 8.9, ""61"": 8.9, ""108"": 1.0, ""109"": 1.0, ""155"": 6.0, ""156"": 4.0, ""210"": 10.0, ""213"": 5.0}",2026-08-24T23:49:57-04:00
Derek Watt,2576450,RB,PIT,ACTIVE,6.29606955,17.7,2.40502628,3.1,169.6587591240876,0.09467389864122652,,,"{""42"": 30.90916891, ""43"": 0.174662393, ""44"": 0.011780446, ""45"": 0.036684966, ""46"": 0.023973625, ""47"": 6.0, ""48"": 3.0, ""49"": 1.0, ""50"": 1.0, ""53"": 4.371386439, ""56"": 0.016840789, ""57"": 0.000520849, ""58"": 5.864192163, ""60"": 7.070793064, ""61"": 1.924746782, ""62"": 0.011780446, ""63"": 0.000204584, ""67"": 0.046496263, ""68"": 0.046496263, ""71"": 0.026037907, ""72"": 0.026037907, ""73"": 0.026037907, ""210"": 16.05882353}","{""23"": 9.0, ""24"": 21.0, ""25"": 1.0, ""27"": 1.0, ""39"": 2.33333333, ""40"": 1.23529412, ""41"": 5.0, ""42"": 11.0, ""43"": 1.0, ""47"": 1.0, ""53"": 5.0, ""58"": 5.0, ""59"": 4.0, ""60"": 2.2, ""61"": 0.64705882, ""107"": 1.0, ""108"": 3.0, ""109"": 4.0, ""155"": 9.0, ""156"": 8.0, ""158"": 12.0, ""179"": 1.0, ""183"": 1.0, ""210"": 17.0, ""212"": 8.0, ""213"": 1.0}",2026-08-24T23:49:57-04:00
Samori Toure,4027873,WR,GB,ACTIVE,16.34397424,16.7,,,169.95917901938427,0.09325816720314417,,,"{""42"": 83.55562476, ""43"": 0.751403142, ""44"": 0.028409098, ""45"": 0.149767067, ""46"": 0.097872778, ""47"": 16.0, ""48"": 8.0, ""49"": 4.0, ""50"": 3.0, ""51"": 1.0, ""53"": 7.013263574, ""54"": 1.0, ""56"": 0.037872552, ""57"": 0.001171316, ""58"": 11.03239078, ""60"": 11.91394333, ""61"": 5.203097513, ""62"": 0.028409098, ""63"": 0.000327867, ""67"": 0.074515242, ""68"": 0.074515242, ""71"": 0.041728536, ""72"": 0.041728536, ""73"": 0.041728536, ""210"": 16.05882353}","{""41"": 5.0, ""42"": 82.0, ""43"": 1.0, ""47"": 14.0, ""48"": 6.0, ""49"": 2.0, ""50"": 2.0, ""53"": 5.0, ""58"": 10.0, ""59"": 11.0, ""60"": 16.4, ""61"": 7.45454545, ""67"": 1.0, ""68"": 1.0, ""155"": 5.0, ""156"": 6.0, ""158"": 6.0, ""186"": 1.0, ""210"": 11.0, ""213"": 2.0}",2026-08-24T23:49:57-04:00
Josh Gordon,15705,WR,FA,ACTIVE,0.0,0.0,0.0,11.7,169.92291904218928,0.09283214880459936,,,{},"{""58"": 1.0, ""155"": 1.0, ""156"": 1.0, ""210"": 2.0}",2026-08-24T23:49:57-04:00
Eric Saubert,2975863,TE,MIA,ACTIVE,3.17866107,28.3,7.40301148,14.7,169.9267791970803,0.0914699303289783,,,"{""42"": 14.83894415, ""43"": 0.156178281, ""44"": 0.008829438, ""45"": 0.020348386, ""46"": 0.01329767, ""47"": 2.0, ""48"": 1.0, ""53"": 1.521222649, ""56"": 0.007128918, ""57"": 0.000220482, ""58"": 2.230161556, ""60"": 9.754616888, ""61"": 3.880954623, ""62"": 0.008829438, ""63"": 8.08e-05, ""67"": 0.018368957, ""68"": 0.018368957, ""71"": 0.010286616, ""72"": 0.010286616, ""73"": 0.010286616, ""210"": 3.823529412}","{""41"": 15.0, ""42"": 148.0, ""43"": 1.0, ""47"": 28.0, ""48"": 12.0, ""49"": 4.0, ""50"": 3.0, ""53"": 15.0, ""54"": 1.0, ""58"": 24.0, ""59"": 75.0, ""60"": 9.86666667, ""61"": 8.70588235, ""96"": 1.0, ""107"": 2.0, ""108"": 5.0, ""109"": 7.0, ""114"": 21.0, ""116"": 1.0, ""155"": 5.0, ""156"": 12.0, ""158"": 6.0, ""185"": 1.0, ""210"": 17.0, ""213"": 6.0}",2026-08-24T23:49:57-04:00
Ty Chandler,4242431,RB,MIN,ACTIVE,2.48342074,2.0,,,169.83477863989046,0.08927491694942985,,,"{""23"": 3.927975922, ""24"": 16.40133235, ""25"": 0.142943984, ""26"": 0.007631679, ""27"": 3.0, ""28"": 1.0, ""35"": 0.00721996, ""36"": 0.005053972, ""37"": 0.000621067, ""38"": 2.12e-05, ""39"": 4.175517537, ""40"": 1.161761041, ""62"": 0.007631679, ""63"": 0.000141755, ""66"": 0.032217124, ""68"": 0.032217124, ""70"": 0.014819877, ""72"": 0.014819877, ""73"": 0.014819877, ""210"": 14.11764706}","{""23"": 6.0, ""24"": 20.0, ""27"": 4.0, ""28"": 2.0, ""29"": 1.0, ""33"": 1.0, ""39"": 3.33333333, ""40"": 6.66666667, ""107"": 2.0, ""109"": 2.0, ""155"": 3.0, ""210"": 3.0}",2026-08-24T23:49:57-04:00
Ian Thomas,4045305,TE,CAR,ACTIVE,34.05992544,30.2,13.27670127,27.8,169.79812416257258,0.08692899494574051,,,"{""42"": 188.4005619, ""43"": 1.015533382, ""44"": 0.070879556, ""45"": 0.080215255, ""46"": 0.052420669, ""47"": 37.0, ""48"": 18.0, ""49"": 9.0, ""50"": 7.0, ""51"": 3.0, ""53"": 18.46119022, ""54"": 3.0, ""55"": 1.0, ""56"": 0.070526915, ""57"": 0.002181245, ""58"": 28.72424159, ""60"": 10.20522293, ""61"": 11.73190312, ""62"": 0.070879556, ""63"": 0.000965192, ""67"": 0.219361844, ""68"": 0.219361844, ""71"": 0.122842632, ""72"": 0.122842632, ""73"": 0.122842632, ""210"": 16.05882353}","{""41"": 21.0, ""42"": 197.0, ""47"": 33.0, ""48"": 15.0, ""49"": 5.0, ""50"": 2.0, ""51"": 1.0, ""53"": 21.0, ""58"": 30.0, ""59"": 182.0, ""60"": 9.38095238, ""61"": 11.58823529, ""107"": 1.0, ""109"": 1.0, ""155"": 7.0, ""156"": 10.0, ""210"": 17.0, ""213"": 8.0}",2026-08-24T23:49:57-04:00
Trent Taylor,3040569,WR,CIN,ACTIVE,15.82005055,8.7,,,169.2976054732041,0.08562656275600704,,,"{""42"": 76.02561131, ""43"": 0.645676514, ""44"": 0.034889383, ""45"": 0.102186133, ""46"": 0.066778638, ""47"": 15.0, ""48"": 7.0, ""49"": 3.0, ""50"": 3.0, ""51"": 1.0, ""53"": 6.515454018, ""54"": 1.0, ""56"": 0.035266694, ""57"": 0.001090722, ""58"": 10.96540491, ""60"": 11.66850554, ""61"": 4.886334187, ""62"": 0.034889383, ""63"": 0.000436148, ""67"": 0.099124502, ""68"": 0.099124502, ""71"": 0.055509721, ""72"": 0.055509721, ""73"": 0.055509721, ""102"": 0.187824, ""115"": 249.2612903, ""118"": 24.0, ""119"": 9.0, ""210"": 15.55882353}","{""23"": 4.0, ""24"": 15.0, ""27"": 3.0, ""28"": 1.0, ""39"": 3.75, ""40"": 0.9375, ""41"": 6.0, ""42"": 62.0, ""47"": 10.0, ""48"": 4.0, ""49"": 1.0, ""50"": 1.0, ""53"": 6.0, ""58"": 10.0, ""59"": 43.0, ""60"": 10.33333333, ""61"": 3.875, ""68"": 2.0, ""72"": 1.0, ""73"": 1.0, ""114"": 15.0, ""115"": 340.0, ""116"": 1.0, ""118"": 31.0, ""119"": 6.0, ""155"": 12.0, ""156"": 4.0, ""210"": 16.0, ""213"": 1.0}",2026-08-24T23:49:57-04:00
N'Keal Harry,4047839,WR,CHI,ACTIVE,0.0,21.1,19.27622603,22.4,169.75074116305586,0.08393898631581119,,,{},"{""41"": 7.0, ""42"": 116.0, ""43"": 1.0, ""47"": 20.0, ""48"": 8.0, ""49"": 3.0, ""50"": 1.0, ""53"": 7.0, ""58"": 9.0, ""59"": 16.0, ""60"": 16.57142857, ""61"": 16.57142857, ""155"": 1.0, ""156"": 6.0, ""158"": 6.0, ""184"": 1.0, ""210"": 7.0, ""213"": 4.0}",2026-08-24T23:49:57-04:00
James Proche II,3916204,WR,BAL,ACTIVE,53.91315361,8.2,5.74991488,28.2,169.84469783352338,0.0827057974555679,,,"{""42"": 308.9064907, ""43"": 1.683807606, ""44"": 0.153563897, ""45"": 0.149478894, ""46"": 0.097684457, ""47"": 61.0, ""48"": 30.0, ""49"": 15.0, ""50"": 12.0, ""51"": 6.0, ""53"": 25.97232083, ""54"": 5.0, ""55"": 2.0, ""56"": 0.132029326, ""57"": 0.004083381, ""58"": 40.78283566, ""60"": 11.89368069, ""61"": 19.23593532, ""62"": 0.153563897, ""63"": 0.001467829, ""67"": 0.333597595, ""68"": 0.333597595, ""71"": 0.186814653, ""72"": 0.186814653, ""73"": 0.186814653, ""210"": 16.05882353}","{""0"": 1.0, ""2"": 1.0, ""20"": 1.0, ""41"": 8.0, ""42"": 62.0, ""47"": 10.0, ""48"": 4.0, ""49"": 2.0, ""53"": 8.0, ""58"": 17.0, ""59"": 16.0, ""60"": 7.75, ""61"": 4.13333333, ""73"": 1.0, ""107"": 3.0, ""109"": 3.0, ""115"": 24.0, ""118"": 1.0, ""155"": 9.0, ""156"": 6.0, ""210"": 15.0, ""213"": 3.0}",2026-08-24T23:49:57-04:00
Jody Fortson,4408854,TE,KC,ACTIVE,15.7153402,25.3,,,169.84055656934308,0.08251916792223848,,,"{""42"": 71.50925495, ""43"": 0.816560231, ""44"": 0.029708226, ""45"": 0.088952446, ""46"": 0.058130423, ""47"": 14.0, ""48"": 7.0, ""49"": 3.0, ""50"": 2.0, ""51"": 1.0, ""53"": 7.411748829, ""54"": 1.0, ""56"": 0.033508956, ""57"": 0.001036359, ""58"": 10.65067877, ""60"": 9.648094748, ""61"": 4.452957268, ""62"": 0.029708226, ""63"": 0.00039379, ""67"": 0.08949781, ""68"": 0.08949781, ""71"": 0.050118774, ""72"": 0.050118774, ""73"": 0.050118774, ""210"": 16.05882353}","{""41"": 9.0, ""42"": 108.0, ""43"": 2.0, ""47"": 20.0, ""48"": 8.0, ""49"": 3.0, ""50"": 3.0, ""51"": 1.0, ""53"": 9.0, ""58"": 13.0, ""59"": 40.0, ""60"": 12.0, ""61"": 8.30769231, ""68"": 1.0, ""72"": 1.0, ""73"": 1.0, ""107"": 1.0, ""108"": 1.0, ""109"": 2.0, ""114"": 12.0, ""116"": 1.0, ""155"": 10.0, ""156"": 3.0, ""158"": 12.0, ""183"": 1.0, ""184"": 1.0, ""210"": 13.0, ""213"": 6.0}",2026-08-24T23:49:57-04:00
Connor Heyward,4241961,TE,PIT,ACTIVE,21.57344093,29.8,,,169.86792883211677,0.08220895607448672,,,"{""42"": 116.2754563, ""43"": 0.70124286, ""44"": 0.047282539, ""45"": 0.090296281, ""46"": 0.05900862, ""47"": 23.0, ""48"": 11.0, ""49"": 5.0, ""50"": 4.0, ""51"": 2.0, ""53"": 11.58624989, ""54"": 2.0, ""55"": 1.0, ""56"": 0.048333728, ""57"": 0.001494858, ""58"": 17.22925329, ""60"": 10.03564203, ""61"": 7.240596182, ""62"": 0.047282539, ""63"": 0.000586347, ""67"": 0.133260611, ""68"": 0.133260611, ""71"": 0.074625942, ""72"": 0.074625942, ""73"": 0.074625942, ""210"": 16.05882353}","{""23"": 2.0, ""24"": 27.0, ""27"": 5.0, ""28"": 2.0, ""29"": 1.0, ""39"": 13.5, ""40"": 1.58823529, ""41"": 12.0, ""42"": 151.0, ""43"": 1.0, ""47"": 27.0, ""48"": 11.0, ""49"": 4.0, ""50"": 2.0, ""53"": 12.0, ""58"": 17.0, ""59"": 62.0, ""60"": 12.58333333, ""61"": 8.88235294, ""107"": 6.0, ""108"": 3.0, ""109"": 9.0, ""155"": 9.0, ""156"": 8.0, ""158"": 6.0, ""184"": 1.0, ""210"": 17.0, ""212"": 2.0, ""213"": 6.0}",2026-08-24T23:49:57-04:00
Josiah Deguara,3914151,TE,GB,ACTIVE,42.32713806,17.9,16.67903253,49.0,169.95939781021897,0.08007123775601069,,,"{""42"": 206.8268382, ""43"": 2.024140441, ""44"": 0.076520374, ""45"": 0.133981796, ""46"": 0.087557104, ""47"": 41.0, ""48"": 20.0, ""49"": 10.0, ""50"": 8.0, ""51"": 4.0, ""53"": 19.21281539, ""54"": 3.0, ""55"": 1.0, ""56"": 0.077184863, ""57"": 0.002387161, ""58"": 28.01589316, ""60"": 10.76504583, ""61"": 12.87932692, ""62"": 0.076520374, ""63"": 0.001020788, ""67"": 0.23199719, ""68"": 0.23199719, ""71"": 0.129918426, ""72"": 0.129918426, ""73"": 0.129918426, ""210"": 16.05882353}","{""41"": 13.0, ""42"": 114.0, ""47"": 18.0, ""48"": 7.0, ""49"": 3.0, ""50"": 2.0, ""53"": 13.0, ""54"": 1.0, ""58"": 15.0, ""59"": 63.0, ""60"": 8.76923077, ""61"": 6.70588235, ""98"": 1.0, ""108"": 1.0, ""109"": 1.0, ""112"": 1.0, ""155"": 8.0, ""156"": 9.0, ""210"": 17.0, ""213"": 4.0}",2026-08-24T23:49:57-04:00
Jake Butt,3045225,TE,FA,ACTIVE,0.0,0.0,0.0,0.0,169.83462591240877,0.07946168090266192,,,{},{},2026-08-24T23:49:57-04:00
Cam Newton,13994,QB,CAR,ACTIVE,0.0,0.0,0.0,93.8,169.82017343678686,0.07901186675518658,,,{},{},2026-08-24T23:49:57-04:00
Marcedes Lewis,9614,TE,GB,ACTIVE,16.79147845,23.6,18.08118665,32.9,169.9290602189781,0.07796577615428117,,,"{""42"": 79.76836396, ""43"": 0.797337283, ""44"": 0.030142726, ""45"": 0.108681271, ""46"": 0.071023211, ""47"": 15.0, ""48"": 7.0, ""49"": 3.0, ""50"": 3.0, ""51"": 1.0, ""53"": 8.204691159, ""54"": 1.0, ""56"": 0.036697942, ""57"": 0.001134988, ""58"": 11.34383672, ""60"": 9.722287216, ""61"": 4.96726076, ""62"": 0.030142726, ""63"": 0.000518621, ""67"": 0.117868463, ""68"": 0.117868463, ""71"": 0.066006339, ""72"": 0.066006339, ""73"": 0.066006339, ""210"": 16.05882353}","{""41"": 6.0, ""42"": 66.0, ""43"": 2.0, ""44"": 1.0, ""47"": 11.0, ""48"": 5.0, ""49"": 1.0, ""50"": 1.0, ""53"": 6.0, ""58"": 7.0, ""59"": 14.0, ""60"": 11.0, ""61"": 3.88235294, ""155"": 8.0, ""156"": 9.0, ""158"": 14.0, ""183"": 2.0, ""210"": 17.0, ""213"": 5.0}",2026-08-24T23:49:57-04:00
Mike Thomas,3123986,WR,BAL,ACTIVE,3.44658596,6.8,12.24877179,7.7,169.57263397947548,0.07796472238583432,,,"{""42"": 18.94112208, ""43"": 0.129213462, ""44"": 0.006981868, ""45"": 0.107706416, ""46"": 0.070386143, ""47"": 3.0, ""48"": 1.0, ""53"": 1.571677776, ""56"": 0.010751861, ""57"": 0.000332532, ""58"": 2.6622673, ""60"": 12.05153014, ""61"": 1.257808888, ""62"": 0.006981868, ""63"": 8.88e-05, ""67"": 0.02018718, ""68"": 0.02018718, ""71"": 0.011304821, ""72"": 0.011304821, ""73"": 0.011304821, ""210"": 15.05882353}","{""41"": 2.0, ""42"": 38.0, ""44"": 1.0, ""47"": 7.0, ""48"": 3.0, ""49"": 1.0, ""50"": 1.0, ""53"": 2.0, ""58"": 10.0, ""59"": 24.0, ""60"": 19.0, ""61"": 3.8, ""108"": 1.0, ""109"": 1.0, ""155"": 6.0, ""156"": 4.0, ""158"": 2.0, ""210"": 10.0, ""213"": 1.0}",2026-08-24T23:49:57-04:00
Keelan Cole,3071572,WR,GB,ACTIVE,0.0,25.1,68.82306941,64.9,169.87662485746864,0.07647087277807654,,,{},"{""41"": 10.0, ""42"": 141.0, ""43"": 1.0, ""47"": 27.0, ""48"": 13.0, ""49"": 4.0, ""50"": 3.0, ""51"": 1.0, ""53"": 10.0, ""58"": 21.0, ""59"": 20.0, ""60"": 14.1, ""61"": 10.07142857, ""68"": 1.0, ""115"": 79.0, ""118"": 5.0, ""119"": 1.0, ""155"": 5.0, ""156"": 9.0, ""158"": 6.0, ""186"": 1.0, ""210"": 14.0, ""213"": 7.0}",2026-08-24T23:49:57-04:00
Robert Griffin III,14875,QB,FA,ACTIVE,0.0,0.0,0.0,0.0,169.68407846715328,0.07509188594020318,,,{},{},2026-08-24T23:49:57-04:00
Colby Parkinson,4242557,TE,SEA,ACTIVE,14.20609566,56.7,10.35846346,5.8,169.97627737226279,0.07479964381121994,,,"{""42"": 72.29622464, ""43"": 0.573861235, ""44"": 0.024220101, ""45"": 0.086016972, ""46"": 0.056212091, ""47"": 14.0, ""48"": 7.0, ""49"": 3.0, ""50"": 2.0, ""51"": 1.0, ""53"": 7.163491331, ""54"": 1.0, ""56"": 0.033954903, ""57"": 0.001050152, ""58"": 10.84283687, ""60"": 10.0923169, ""61"": 4.501962707, ""62"": 0.024220101, ""63"": 0.0003806, ""67"": 0.086500069, ""68"": 0.086500069, ""71"": 0.048440039, ""72"": 0.048440039, ""73"": 0.048440039, ""210"": 16.05882353}","{""41"": 25.0, ""42"": 322.0, ""43"": 2.0, ""47"": 60.0, ""48"": 26.0, ""49"": 11.0, ""50"": 7.0, ""53"": 25.0, ""54"": 1.0, ""58"": 34.0, ""59"": 150.0, ""60"": 12.88, ""61"": 18.94117647, ""155"": 9.0, ""156"": 8.0, ""158"": 12.0, ""184"": 1.0, ""185"": 1.0, ""210"": 17.0, ""213"": 14.0}",2026-08-24T23:49:57-04:00
C.J. Ham,4012556,RB,MIN,ACTIVE,14.41566491,26.3,15.800164,24.4,169.49384124087592,0.07348280765501636,,,"{""23"": 2.079654167, ""24"": 8.748083603, ""25"": 0.086747971, ""26"": 0.004633791, ""27"": 1.0, ""35"": 0.003818222, ""36"": 0.002672755, ""37"": 0.000134078, ""38"": 4.58e-06, ""39"": 4.206508824, ""40"": 0.544752459, ""42"": 64.54634337, ""43"": 0.372672988, ""44"": 0.021395213, ""45"": 0.043442003, ""46"": 0.028389349, ""47"": 12.0, ""48"": 6.0, ""49"": 3.0, ""50"": 2.0, ""51"": 1.0, ""53"": 8.805791331, ""54"": 1.0, ""56"": 0.031191781, ""57"": 0.000964694, ""58"": 11.55553751, ""60"": 7.32998784, ""61"": 4.019369368, ""62"": 0.026029005, ""63"": 0.000509463, ""66"": 0.022120994, ""67"": 0.093665984, ""68"": 0.115786977, ""70"": 0.010175657, ""71"": 0.052452951, ""72"": 0.062628608, ""73"": 0.062628608, ""210"": 16.05882353}","{""23"": 4.0, ""24"": 7.0, ""25"": 2.0, ""39"": 1.75, ""40"": 0.41176471, ""41"": 10.0, ""42"": 86.0, ""47"": 15.0, ""48"": 5.0, ""49"": 2.0, ""50"": 1.0, ""53"": 10.0, ""58"": 12.0, ""59"": 56.0, ""60"": 8.6, ""61"": 5.05882353, ""108"": 8.0, ""109"": 8.0, ""110"": 1.0, ""155"": 13.0, ""156"": 4.0, ""158"": 12.0, ""179"": 2.0, ""210"": 17.0, ""212"": 3.0, ""213"": 7.0}",2026-08-24T23:49:57-04:00
James Mitchell,4361988,TE,DET,ACTIVE,3.61761496,22.8,,,169.92423550890004,0.07341303010147644,,,"{""42"": 18.38955318, ""43"": 0.148121409, ""44"": 0.01113123, ""45"": 0.106239195, ""46"": 0.069427314, ""47"": 3.0, ""48"": 1.0, ""53"": 1.781228344, ""56"": 0.010463128, ""57"": 0.000323602, ""58"": 2.59561503, ""60"": 10.32408519, ""61"": 1.221181266, ""62"": 0.01113123, ""63"": 9.01e-05, ""67"": 0.020487007, ""68"": 0.020487007, ""71"": 0.011472724, ""72"": 0.011472724, ""73"": 0.011472724, ""210"": 15.05882353}","{""41"": 11.0, ""42"": 113.0, ""43"": 1.0, ""47"": 19.0, ""48"": 8.0, ""49"": 2.0, ""50"": 1.0, ""53"": 11.0, ""58"": 11.0, ""59"": 62.0, ""60"": 10.27272727, ""61"": 8.07142857, ""155"": 8.0, ""156"": 6.0, ""158"": 6.0, ""183"": 1.0, ""210"": 14.0, ""213"": 7.0}",2026-08-24T23:49:57-04:00
Brycen Hopkins,3918003,TE,LAR,ACTIVE,32.80651844,14.4,31.83637024,1.4,169.81592153284672,0.07291507350195092,,,"{""42"": 162.6337525, ""43"": 1.445737163, ""44"": 0.06001157, ""45"": 0.098787348, ""46"": 0.064557532, ""47"": 32.0, ""48"": 16.0, ""49"": 8.0, ""50"": 6.0, ""51"": 3.0, ""53"": 15.92822531, ""54"": 3.0, ""55"": 1.0, ""56"": 0.062249813, ""57"": 0.001925252, ""58"": 23.59434655, ""60"": 10.21041261, ""61"": 10.12737653, ""62"": 0.06001157, ""63"": 0.000846276, ""67"": 0.192335347, ""68"": 0.192335347, ""71"": 0.107707794, ""72"": 0.107707794, ""73"": 0.107707794, ""210"": 16.05882353}","{""41"": 7.0, ""42"": 109.0, ""47"": 20.0, ""48"": 9.0, ""49"": 3.0, ""50"": 2.0, ""51"": 1.0, ""53"": 7.0, ""58"": 11.0, ""59"": 33.0, ""60"": 15.57142857, ""61"": 7.78571429, ""108"": 1.0, ""109"": 1.0, ""155"": 4.0, ""156"": 10.0, ""210"": 14.0, ""213"": 4.0}",2026-08-24T23:49:57-04:00
Gunner Olszewski,4424106,WR,PIT,QUESTIONABLE,2.66873891,9.7,16.47978243,5.0,169.68711516533637,0.0729140879977009,,,"{""101"": 0.178784, ""102"": 0.266005818, ""114"": 690.1804878, ""115"": 326.0181818, ""116"": 69.0, ""117"": 27.0, ""118"": 32.0, ""119"": 13.0, ""210"": 16.05882353}","{""23"": 8.0, ""24"": 39.0, ""27"": 5.0, ""28"": 1.0, ""39"": 4.875, ""40"": 2.4375, ""41"": 5.0, ""42"": 53.0, ""47"": 8.0, ""48"": 3.0, ""49"": 1.0, ""50"": 1.0, ""53"": 5.0, ""58"": 7.0, ""59"": 13.0, ""60"": 10.6, ""61"": 3.3125, ""68"": 2.0, ""72"": 1.0, ""73"": 1.0, ""107"": 1.0, ""108"": 1.0, ""109"": 2.0, ""114"": 46.0, ""115"": 55.0, ""116"": 3.0, ""117"": 1.0, ""118"": 4.0, ""155"": 9.0, ""156"": 7.0, ""210"": 16.0, ""212"": 3.0, ""213"": 1.0}",2026-08-24T23:49:57-04:00
Kyle Trask,4034946,QB,TB,ACTIVE,0.0,0.8,0.0,0.0,169.83508211678833,0.07270146032618341,,,{},"{""0"": 9.0, ""1"": 3.0, ""2"": 6.0, ""3"": 23.0, ""5"": 4.0, ""6"": 2.0, ""7"": 1.0, ""13"": 1.0, ""21"": 0.33333333, ""22"": 23.0, ""156"": 1.0, ""210"": 1.0, ""211"": 1.0}",2026-08-24T23:49:57-04:00
Josh Oliver,3921690,TE,MIN,ACTIVE,3.32064582,33.9,14.8120601,11.1,169.90784671532847,0.07234654635941082,,,"{""42"": 16.21867318, ""43"": 0.151452439, ""44"": 0.013817408, ""45"": 0.085481328, ""46"": 0.055862048, ""47"": 3.0, ""48"": 1.0, ""53"": 1.567249519, ""56"": 0.009310468, ""57"": 0.000287953, ""58"": 2.403025248, ""60"": 10.3484946, ""61"": 1.077021266, ""62"": 0.013817408, ""63"": 8.33e-05, ""67"": 0.018924737, ""68"": 0.018924737, ""71"": 0.010597853, ""72"": 0.010597853, ""73"": 0.010597853, ""210"": 15.05882353}","{""41"": 14.0, ""42"": 149.0, ""43"": 2.0, ""47"": 26.0, ""48"": 11.0, ""49"": 4.0, ""50"": 3.0, ""51"": 1.0, ""53"": 14.0, ""58"": 25.0, ""59"": 74.0, ""60"": 10.64285714, ""61"": 8.76470588, ""107"": 1.0, ""108"": 1.0, ""109"": 2.0, ""155"": 10.0, ""156"": 7.0, ""158"": 12.0, ""183"": 1.0, ""184"": 1.0, ""210"": 17.0, ""213"": 7.0}",2026-08-24T23:49:57-04:00
Peyton Hendershot,4258248,TE,DAL,QUESTIONABLE,17.42941525,34.0,,,169.82983576642334,0.07213257027412512,,,"{""42"": 86.64570443, ""43"": 0.770155392, ""44"": 0.050911173, ""45"": 0.119263609, ""46"": 0.077938769, ""47"": 17.0, ""48"": 8.0, ""49"": 4.0, ""50"": 3.0, ""51"": 1.0, ""53"": 8.297965883, ""54"": 1.0, ""56"": 0.038920655, ""57"": 0.001203732, ""58"": 12.04251261, ""60"": 10.44180052, ""61"": 5.395520056, ""62"": 0.050911173, ""63"": 0.000419936, ""67"": 0.095440027, ""68"": 0.095440027, ""71"": 0.053446415, ""72"": 0.053446415, ""73"": 0.053446415, ""210"": 16.05882353}","{""23"": 1.0, ""24"": 2.0, ""25"": 1.0, ""39"": 2.0, ""40"": 0.11764706, ""41"": 11.0, ""42"": 103.0, ""43"": 2.0, ""47"": 20.0, ""48"": 9.0, ""49"": 4.0, ""50"": 1.0, ""53"": 11.0, ""58"": 16.0, ""59"": 47.0, ""60"": 9.36363636, ""61"": 6.05882353, ""68"": 1.0, ""107"": 1.0, ""108"": 6.0, ""109"": 7.0, ""110"": 1.0, ""114"": 18.0, ""116"": 1.0, ""155"": 12.0, ""156"": 5.0, ""158"": 18.0, ""179"": 1.0, ""183"": 1.0, ""185"": 1.0, ""210"": 17.0, ""212"": 1.0, ""213"": 8.0}",2026-08-24T23:49:57-04:00
Trayveon Williams,4035222,RB,CIN,ACTIVE,0.0,7.0,0.0,6.0,169.6154197080292,0.07209532572454018,,,{},"{""23"": 6.0, ""24"": 30.0, ""27"": 4.0, ""28"": 1.0, ""39"": 5.0, ""40"": 3.33333333, ""41"": 2.0, ""42"": 30.0, ""47"": 5.0, ""48"": 2.0, ""49"": 1.0, ""53"": 2.0, ""58"": 3.0, ""59"": 8.0, ""60"": 15.0, ""61"": 3.33333333, ""107"": 2.0, ""108"": 5.0, ""109"": 7.0, ""110"": 1.0, ""114"": 356.0, ""116"": 32.0, ""117"": 10.0, ""155"": 9.0, ""210"": 9.0, ""212"": 1.0, ""213"": 1.0}",2026-08-24T23:49:57-04:00
Jonathan Garibay,4569390,K,FA,ACTIVE,0.0,0.0,,,169.54273208938034,0.07206042226087925,,,{},{},2026-08-24T23:49:57-04:00
Ashton Dulin,4061956,WR,IND,ACTIVE,33.54964624,35.0,7.52734205,39.0,169.9290763968073,0.07166416150793933,,,"{""23"": 4.469899027, ""24"": 28.74390848, ""25"": 0.193101287, ""26"": 0.007733846, ""27"": 5.0, ""28"": 2.0, ""29"": 1.0, ""30"": 1.0, ""35"": 0.008217358, ""36"": 0.005752151, ""37"": 0.001926671, ""38"": 6.57e-05, ""39"": 6.430549842, ""40"": 1.789913715, ""42"": 162.6800771, ""43"": 1.125880637, ""44"": 0.068102375, ""45"": 0.144356888, ""46"": 0.094337226, ""47"": 32.0, ""48"": 16.0, ""49"": 8.0, ""50"": 6.0, ""51"": 3.0, ""53"": 13.1678644, ""54"": 2.0, ""55"": 1.0, ""56"": 0.062250348, ""57"": 0.001925269, ""58"": 21.63629123, ""60"": 12.35432505, ""61"": 10.13026121, ""62"": 0.075836221, ""63"": 0.000996801, ""66"": 0.05741295, ""67"": 0.169132667, ""68"": 0.226545618, ""70"": 0.026409957, ""71"": 0.094714294, ""72"": 0.121124251, ""73"": 0.121124251, ""210"": 16.05882353}","{""23"": 2.0, ""24"": 8.0, ""27"": 1.0, ""39"": 4.0, ""40"": 0.66666667, ""41"": 15.0, ""42"": 207.0, ""43"": 1.0, ""47"": 38.0, ""48"": 16.0, ""49"": 6.0, ""50"": 5.0, ""51"": 1.0, ""53"": 15.0, ""54"": 1.0, ""58"": 22.0, ""59"": 35.0, ""60"": 13.8, ""61"": 17.25, ""108"": 5.0, ""109"": 5.0, ""155"": 3.0, ""156"": 8.0, ""158"": 6.0, ""184"": 1.0, ""210"": 12.0, ""212"": 1.0, ""213"": 12.0}",2026-08-24T23:49:57-04:00
Patrick Ricard,2975417,RB,BAL,ACTIVE,11.92219283,14.5,16.11585591,16.7,169.67518248175182,0.0712369440490794,,,"{""42"": 54.37596502, ""43"": 0.460836798, ""44"": 0.042041491, ""45"": 0.037937169, ""46"": 0.02479194, ""47"": 10.0, ""48"": 5.0, ""49"": 2.0, ""50"": 2.0, ""51"": 1.0, ""53"": 7.448450152, ""54"": 1.0, ""56"": 0.027205649, ""57"": 0.000841412, ""58"": 10.19570891, ""60"": 7.300305958, ""61"": 3.386049104, ""62"": 0.042041491, ""63"": 0.000348592, ""67"": 0.079225459, ""68"": 0.079225459, ""71"": 0.044366257, ""72"": 0.044366257, ""73"": 0.044366257, ""210"": 16.05882353}","{""23"": 7.0, ""24"": 16.0, ""27"": 1.0, ""39"": 2.28571429, ""40"": 0.94117647, ""41"": 11.0, ""42"": 74.0, ""47"": 12.0, ""48"": 5.0, ""49"": 1.0, ""53"": 11.0, ""58"": 13.0, ""59"": 72.0, ""60"": 6.72727273, ""61"": 4.35294118, ""108"": 1.0, ""109"": 1.0, ""114"": 15.0, ""116"": 1.0, ""155"": 10.0, ""156"": 7.0, ""210"": 17.0, ""212"": 5.0}",2026-08-24T23:49:57-04:00
Salvon Ahmed,4243315,RB,MIA,ACTIVE,12.00162833,13.7,73.69008746,32.6,169.67107664233578,0.07016792476399522,,,"{""23"": 15.18851718, ""24"": 63.65328463, ""25"": 0.438839166, ""26"": 0.02254985, ""27"": 12.0, ""28"": 6.0, ""29"": 3.0, ""30"": 2.0, ""31"": 1.0, ""33"": 3.0, ""34"": 1.0, ""35"": 0.028100151, ""36"": 0.019670106, ""37"": 0.010729737, ""38"": 0.000366165, ""39"": 4.190882091, ""40"": 4.508774328, ""42"": 15.35892153, ""43"": 0.079147865, ""44"": 0.004568641, ""45"": 0.04055065, ""46"": 0.02649985, ""47"": 3.0, ""48"": 1.0, ""53"": 2.010626831, ""56"": 0.008848288, ""57"": 0.000273658, ""58"": 2.76440293, ""60"": 7.638872263, ""61"": 1.087923608, ""62"": 0.027118491, ""63"": 0.000312796, ""66"": 0.062779336, ""67"": 0.008310608, ""68"": 0.071089944, ""70"": 0.028878495, ""71"": 0.004653941, ""72"": 0.033532435, ""73"": 0.033532435, ""210"": 14.11764706}","{""23"": 12.0, ""24"": 64.0, ""25"": 1.0, ""27"": 11.0, ""28"": 5.0, ""29"": 2.0, ""30"": 1.0, ""33"": 1.0, ""39"": 5.33333333, ""40"": 5.33333333, ""41"": 1.0, ""42"": 8.0, ""47"": 1.0, ""53"": 1.0, ""58"": 1.0, ""59"": 7.0, ""60"": 8.0, ""61"": 0.66666667, ""155"": 6.0, ""156"": 6.0, ""158"": 6.0, ""180"": 1.0, ""210"": 12.0, ""212"": 5.0}",2026-08-24T23:49:57-04:00
William Fuller V,3052876,WR,FA,QUESTIONABLE,0.0,0.0,158.78069685,6.6,170.0,0.06850435710474836,,,{},{},2026-08-24T23:49:57-04:00
Tom Kennedy,3126997,WR,DET,ACTIVE,0.0,18.1,0.0,17.4,169.93315080994753,0.0685031388380075,,,{},"{""41"": 8.0, ""42"": 141.0, ""47"": 25.0, ""48"": 12.0, ""49"": 4.0, ""50"": 3.0, ""51"": 1.0, ""53"": 8.0, ""58"": 15.0, ""59"": 78.0, ""60"": 17.625, ""61"": 20.14285714, ""108"": 2.0, ""109"": 2.0, ""155"": 3.0, ""156"": 4.0, ""210"": 7.0, ""213"": 7.0}",2026-08-24T23:49:57-04:00
Quintin Morris,4244049,TE,BUF,ACTIVE,3.97746783,16.4,,,169.50866788321167,0.06793603910839462,,,"{""42"": 19.37542827, ""43"": 0.184753392, ""44"": 0.009943278, ""45"": 0.103178268, ""46"": 0.067426998, ""47"": 3.0, ""48"": 1.0, ""53"": 1.871246283, ""56"": 0.010979328, ""57"": 0.000339567, ""58"": 2.747609889, ""60"": 10.35429085, ""61"": 1.286649534, ""62"": 0.009943278, ""63"": 9.47e-05, ""67"": 0.021522358, ""68"": 0.021522358, ""71"": 0.012052521, ""72"": 0.012052521, ""73"": 0.012052521, ""210"": 15.05882353}","{""41"": 8.0, ""42"": 84.0, ""43"": 1.0, ""47"": 14.0, ""48"": 6.0, ""49"": 2.0, ""50"": 1.0, ""53"": 8.0, ""58"": 11.0, ""59"": 33.0, ""60"": 10.5, ""61"": 6.0, ""67"": 1.0, ""68"": 1.0, ""71"": 1.0, ""72"": 1.0, ""73"": 1.0, ""96"": 1.0, ""106"": 1.0, ""107"": 1.0, ""108"": 2.0, ""109"": 3.0, ""155"": 11.0, ""156"": 3.0, ""158"": 6.0, ""184"": 1.0, ""210"": 14.0, ""213"": 6.0}",2026-08-24T23:49:57-04:00
Durham Smythe,3052897,TE,MIA,ACTIVE,23.2621271,32.5,23.3921301,53.0,169.6021897810219,0.06658443204759934,,,"{""42"": 111.8248883, ""43"": 0.955953023, ""44"": 0.055162268, ""45"": 0.070362921, ""46"": 0.045982169, ""47"": 22.0, ""48"": 11.0, ""49"": 5.0, ""50"": 4.0, ""51"": 2.0, ""53"": 12.74293072, ""54"": 2.0, ""55"": 1.0, ""56"": 0.04701923, ""57"": 0.001454203, ""58"": 17.63068227, ""60"": 8.77544505, ""61"": 6.963454584, ""62"": 0.055162268, ""63"": 0.000541631, ""67"": 0.123098008, ""68"": 0.123098008, ""71"": 0.068934884, ""72"": 0.068934884, ""73"": 0.068934884, ""210"": 16.05882353}","{""23"": 2.0, ""24"": 1.0, ""25"": 1.0, ""39"": 0.5, ""40"": 0.0625, ""41"": 15.0, ""42"": 129.0, ""43"": 1.0, ""47"": 21.0, ""48"": 8.0, ""49"": 3.0, ""50"": 1.0, ""53"": 15.0, ""58"": 20.0, ""59"": 47.0, ""60"": 8.6, ""61"": 8.0625, ""107"": 1.0, ""108"": 2.0, ""109"": 3.0, ""114"": 27.0, ""116"": 1.0, ""155"": 9.0, ""156"": 7.0, ""158"": 12.0, ""179"": 1.0, ""183"": 1.0, ""210"": 16.0, ""212"": 1.0, ""213"": 7.0}",2026-08-24T23:49:57-04:00
Chad Henne,11291,QB,KC,ACTIVE,24.51697021,-0.5,19.28174225,3.2,169.65739051094891,0.06634202635256681,,,"{""0"": 39.30179654, ""1"": 25.39440426, ""2"": 13.90739228, ""3"": 284.8734604, ""4"": 2.257073802, ""5"": 56.0, ""6"": 28.0, ""7"": 14.0, ""8"": 11.0, ""9"": 5.0, ""10"": 2.0, ""11"": 5.0, ""12"": 2.0, ""15"": 0.268383345, ""16"": 0.175388516, ""17"": 0.371502547, ""18"": 0.050180253, ""19"": 0.082077891, ""20"": 0.80422427, ""21"": 0.64613851, ""22"": 142.4367302, ""23"": 2.904860387, ""24"": 9.464192368, ""25"": 0.183988188, ""26"": 0.007485533, ""27"": 1.0, ""35"": 0.005470368, ""36"": 0.003829258, ""37"": 0.003859293, ""38"": 0.000131703, ""39"": 3.258054125, ""40"": 4.732096184, ""62"": 0.089563424, ""63"": 0.003890359, ""64"": 2.338009096, ""65"": 0.826513606, ""66"": 0.05765893, ""68"": 0.884172536, ""69"": 0.396726531, ""70"": 0.026523108, ""72"": 0.423249638, ""73"": 1.227473908, ""210"": 2.0}","{""0"": 2.0, ""2"": 2.0, ""23"": 5.0, ""24"": -5.0, ""39"": -1.0, ""40"": -1.66666667, ""68"": 1.0, ""155"": 3.0, ""210"": 3.0}",2026-08-24T23:49:57-04:00
Johnny Mundt,3052096,TE,MIN,ACTIVE,19.35886747,29.5,8.55940351,1.4,169.60629562043795,0.06438681198194314,,,"{""42"": 98.29434974, ""43"": 0.79234677, ""44"": 0.045472446, ""45"": 0.099516574, ""46"": 0.065034081, ""47"": 19.0, ""48"": 9.0, ""49"": 4.0, ""50"": 3.0, ""51"": 1.0, ""53"": 9.629269191, ""54"": 1.0, ""56"": 0.042806969, ""57"": 0.001323927, ""58"": 14.26886194, ""60"": 10.20787225, ""61"": 6.120893574, ""62"": 0.045472446, ""63"": 0.000511608, ""67"": 0.11627465, ""68"": 0.11627465, ""71"": 0.065113804, ""72"": 0.065113804, ""73"": 0.065113804, ""210"": 16.05882353}","{""41"": 19.0, ""42"": 140.0, ""43"": 1.0, ""47"": 24.0, ""48"": 9.0, ""49"": 3.0, ""50"": 1.0, ""53"": 19.0, ""58"": 21.0, ""59"": 117.0, ""60"": 7.36842105, ""61"": 8.23529412, ""155"": 13.0, ""156"": 4.0, ""158"": 6.0, ""183"": 1.0, ""210"": 17.0, ""213"": 9.0}",2026-08-24T23:49:57-04:00
Jordan Wilkins,3051891,RB,FA,ACTIVE,0.0,11.7,5.74572506,0.0,169.90784671532847,0.06375706492392608,,,{},"{""23"": 13.0, ""24"": 58.0, ""27"": 9.0, ""28"": 4.0, ""29"": 1.0, ""33"": 1.0, ""39"": 4.46153846, ""40"": 14.5, ""41"": 6.0, ""42"": 29.0, ""47"": 5.0, ""48"": 2.0, ""53"": 6.0, ""58"": 8.0, ""59"": 44.0, ""60"": 4.83333333, ""61"": 7.25, ""155"": 1.0, ""156"": 3.0, ""210"": 4.0, ""212"": 2.0, ""213"": 1.0}",2026-08-24T23:49:57-04:00
Stephen Gostkowski,9704,K,FA,ACTIVE,0.0,0.0,0.0,0.0,169.83206634416032,0.06222128524286798,,,{},{},2026-08-24T23:49:57-04:00
Zane Gonzalez,3043234,K,CAR,QUESTIONABLE,0.0,0.0,0.0,91.0,169.85694540428472,0.06221568643294038,,,{},{},2026-08-24T23:49:57-04:00
Philip Rivers,5529,QB,FA,,0.0,0.0,0.0,0.0,169.805200729927,0.06205728837500598,,,{},{},2026-08-24T23:49:57-04:00
Jalen Guyton,3932430,WR,LAC,QUESTIONABLE,44.13598231,7.4,55.27447657,81.7,169.81177275838468,0.06169092986610361,,,"{""23"": 8.808221711, ""24"": 51.40322342, ""25"": 0.366835081, ""26"": 0.026137981, ""27"": 10.0, ""28"": 5.0, ""29"": 2.0, ""30"": 2.0, ""31"": 1.0, ""33"": 1.0, ""35"": 0.016231079, ""36"": 0.011361755, ""37"": 0.006463408, ""38"": 0.000220571, ""39"": 5.835823065, ""40"": 3.200933327, ""42"": 198.5014549, ""43"": 1.590129596, ""44"": 0.121720892, ""45"": 0.193780449, ""46"": 0.126635523, ""47"": 39.0, ""48"": 19.0, ""49"": 9.0, ""50"": 7.0, ""51"": 3.0, ""53"": 14.87046617, ""54"": 2.0, ""55"": 1.0, ""56"": 0.074746106, ""57"": 0.002311735, ""58"": 24.61234583, ""60"": 13.34870425, ""61"": 12.36089646, ""62"": 0.147858873, ""63"": 0.001376994, ""66"": 0.116415245, ""67"": 0.19653785, ""68"": 0.312953095, ""70"": 0.053551013, ""71"": 0.110061196, ""72"": 0.163612209, ""73"": 0.163612209, ""210"": 16.05882353}","{""41"": 2.0, ""42"": 64.0, ""47"": 12.0, ""48"": 6.0, ""49"": 3.0, ""50"": 2.0, ""51"": 1.0, ""53"": 2.0, ""58"": 4.0, ""59"": 7.0, ""60"": 32.0, ""61"": 21.33333333, ""155"": 1.0, ""156"": 2.0, ""210"": 3.0, ""213"": 2.0}",2026-08-24T23:49:57-04:00
Tommy Sweeney,3122818,TE,BUF,ACTIVE,11.89065546,1.2,36.36825338,14.9,169.38047445255475,0.06133614487013264,,,"{""42"": 57.31594522, ""43"": 0.547990473, ""44"": 0.029497095, ""45"": 0.085435783, ""46"": 0.055832284, ""47"": 11.0, ""48"": 5.0, ""49"": 2.0, ""50"": 2.0, ""51"": 1.0, ""53"": 5.780603218, ""54"": 1.0, ""56"": 0.028358566, ""57"": 0.000877069, ""58"": 8.604281436, ""60"": 9.915218717, ""61"": 3.791327116, ""62"": 0.029497095, ""63"": 0.000307127, ""67"": 0.069801519, ""68"": 0.069801519, ""71"": 0.039088851, ""72"": 0.039088851, ""73"": 0.039088851, ""210"": 15.11764706}","{""41"": 1.0, ""42"": 7.0, ""47"": 1.0, ""53"": 1.0, ""58"": 1.0, ""59"": 8.0, ""60"": 7.0, ""61"": 1.4, ""155"": 5.0, ""210"": 5.0, ""213"": 1.0}",2026-08-24T23:49:57-04:00
LeSean McCoy,12514,RB,FA,ACTIVE,0.0,0.0,0.0,0.0,169.91263686131387,0.05919895479294257,,,{},{},2026-08-24T23:49:57-04:00
Quintez Cephus,4035793,WR,DET,QUESTIONABLE,13.53471482,2.5,75.23377668,41.9,169.8263746292494,0.05831806975041008,,,"{""42"": 74.74298141, ""43"": 0.504074297, ""44"": 0.037884153, ""45"": 0.154194668, ""46"": 0.100766216, ""47"": 14.0, ""48"": 7.0, ""49"": 3.0, ""50"": 2.0, ""51"": 1.0, ""53"": 6.095789235, ""54"": 1.0, ""56"": 0.033412881, ""57"": 0.001033388, ""58"": 9.766656012, ""60"": 12.26141169, ""61"": 4.65432485, ""62"": 0.037884153, ""63"": 0.000344504, ""67"": 0.078296454, ""68"": 0.078296454, ""71"": 0.043846014, ""72"": 0.043846014, ""73"": 0.043846014, ""210"": 16.05882353}","{""41"": 2.0, ""42"": 15.0, ""47"": 3.0, ""48"": 1.0, ""53"": 2.0, ""58"": 3.0, ""59"": 4.0, ""60"": 7.5, ""61"": 3.75, ""108"": 3.0, ""109"": 3.0, ""155"": 1.0, ""156"": 3.0, ""210"": 4.0, ""213"": 1.0}",2026-08-24T23:49:57-04:00
Reggie Gilliam,4039505,RB,BUF,ACTIVE,6.88811486,16.9,0.0,4.1,169.44457116788323,0.05710520849468529,,,"{""42"": 32.57564775, ""43"": 0.242530307, ""44"": 0.013056716, ""45"": 0.042342282, ""46"": 0.027670681, ""47"": 6.0, ""48"": 3.0, ""49"": 1.0, ""50"": 1.0, ""53"": 4.40342459, ""56"": 0.017637219, ""57"": 0.000545481, ""58"": 5.856671546, ""60"": 7.397798482, ""61"": 2.02852019, ""62"": 0.013056716, ""63"": 0.000206083, ""67"": 0.046837037, ""68"": 0.046837037, ""71"": 0.026228741, ""72"": 0.026228741, ""73"": 0.026228741, ""210"": 16.05882353}","{""41"": 8.0, ""42"": 69.0, ""43"": 1.0, ""47"": 12.0, ""48"": 5.0, ""49"": 1.0, ""53"": 8.0, ""58"": 10.0, ""59"": 54.0, ""60"": 8.625, ""61"": 4.6, ""107"": 1.0, ""108"": 2.0, ""109"": 3.0, ""155"": 12.0, ""156"": 3.0, ""158"": 6.0, ""184"": 1.0, ""210"": 15.0, ""213"": 4.0}",2026-08-24T23:49:57-04:00
Jalen Virgil,4036448,WR,DEN,ACTIVE,11.93164087,12.5,,,169.9794754846066,0.05684691936713279,,,"{""42"": 60.94157116, ""43"": 0.52935271, ""44"": 0.029959653, ""45"": 0.140450916, ""46"": 0.091784674, ""47"": 12.0, ""48"": 6.0, ""49"": 3.0, ""50"": 2.0, ""51"": 1.0, ""53"": 5.329743106, ""54"": 1.0, ""56"": 0.029770321, ""57"": 0.000920732, ""58"": 8.17721702, ""60"": 11.43424176, ""61"": 3.794896373, ""62"": 0.029959653, ""63"": 0.000249163, ""67"": 0.056628001, ""68"": 0.056628001, ""71"": 0.031711681, ""72"": 0.031711681, ""73"": 0.031711681, ""210"": 16.05882353}","{""41"": 2.0, ""42"": 75.0, ""43"": 1.0, ""45"": 1.0, ""46"": 1.0, ""47"": 14.0, ""48"": 6.0, ""49"": 3.0, ""50"": 2.0, ""51"": 1.0, ""53"": 2.0, ""58"": 5.0, ""59"": 43.0, ""60"": 37.5, ""61"": 8.33333333, ""68"": 1.0, ""72"": 1.0, ""73"": 1.0, ""107"": 1.0, ""108"": 4.0, ""109"": 5.0, ""114"": 21.0, ""116"": 2.0, ""155"": 2.0, ""156"": 7.0, ""158"": 6.0, ""210"": 9.0, ""213"": 2.0}",2026-08-24T23:49:57-04:00
Tanner Hudson,3050481,TE,CIN,ACTIVE,26.33068379,18.2,,,169.81706204379563,0.05591241810537997,,,"{""42"": 124.0913862, ""43"": 1.362064373, ""44"": 0.080749714, ""45"": 0.118972448, ""46"": 0.077748495, ""47"": 24.0, ""48"": 12.0, ""49"": 6.0, ""50"": 4.0, ""51"": 2.0, ""53"": 11.48599548, ""54"": 2.0, ""55"": 1.0, ""56"": 0.050700863, ""57"": 0.001568068, ""58"": 17.27303918, ""60"": 10.80371191, ""61"": 7.727302439, ""62"": 0.080749714, ""63"": 0.000610257, ""67"": 0.138694857, ""68"": 0.138694857, ""71"": 0.07766912, ""72"": 0.07766912, ""73"": 0.07766912, ""210"": 16.05882353}","{""41"": 10.0, ""42"": 132.0, ""47"": 24.0, ""48"": 11.0, ""49"": 4.0, ""50"": 2.0, ""51"": 1.0, ""53"": 10.0, ""58"": 15.0, ""59"": 59.0, ""60"": 13.2, ""61"": 12.0, ""155"": 7.0, ""156"": 4.0, ""210"": 11.0, ""213"": 8.0}",2026-08-24T23:49:57-04:00
Malcolm Brown,2570986,RB,LAR,ACTIVE,0.0,20.3,102.30004946,21.0,169.7919708029197,0.055058480072956044,,,{},"{""23"": 18.0, ""24"": 81.0, ""25"": 1.0, ""27"": 14.0, ""28"": 5.0, ""29"": 1.0, ""33"": 2.0, ""39"": 4.5, ""40"": 7.36363636, ""41"": 5.0, ""42"": 37.0, ""47"": 6.0, ""48"": 3.0, ""53"": 5.0, ""58"": 6.0, ""59"": 37.0, ""60"": 7.4, ""61"": 3.36363636, ""107"": 1.0, ""109"": 1.0, ""155"": 3.0, ""156"": 8.0, ""158"": 6.0, ""181"": 1.0, ""210"": 11.0, ""212"": 3.0, ""213"": 2.0}",2026-08-24T23:49:57-04:00
Chase Daniel,12471,QB,LAC,ACTIVE,20.79188409,10.4,16.14655308,-0.2,169.71099452554745,0.05427334771577047,,,"{""0"": 37.27273646, ""1"": 23.20907954, ""2"": 14.06365692, ""3"": 244.1425922, ""4"": 1.967930198, ""5"": 48.0, ""6"": 24.0, ""7"": 12.0, ""8"": 9.0, ""9"": 4.0, ""10"": 2.0, ""11"": 4.0, ""12"": 2.0, ""15"": 0.201416029, ""16"": 0.131625375, ""17"": 0.20392485, ""18"": 0.0275449, ""19"": 0.151086447, ""20"": 1.150324178, ""21"": 0.622682468, ""22"": 122.0712961, ""23"": 3.288871296, ""24"": 10.87730847, ""25"": 0.147803017, ""26"": 0.010561843, ""27"": 2.0, ""28"": 1.0, ""35"": 0.006214952, ""36"": 0.004350466, ""37"": 0.005109819, ""38"": 0.000174379, ""39"": 3.307307429, ""40"": 5.438654235, ""62"": 0.16164829, ""63"": 0.002818016, ""64"": 2.744320207, ""65"": 0.591818546, ""66"": 0.048639635, ""68"": 0.640458181, ""69"": 0.284072902, ""70"": 0.022374232, ""72"": 0.306447134, ""73"": 1.456771312, ""210"": 2.0}","{""0"": 12.0, ""1"": 8.0, ""2"": 4.0, ""3"": 52.0, ""4"": 1.0, ""5"": 10.0, ""6"": 4.0, ""7"": 2.0, ""8"": 2.0, ""11"": 1.0, ""19"": 1.0, ""21"": 0.66666667, ""22"": 13.0, ""23"": 1.0, ""24"": 4.0, ""39"": 4.0, ""40"": 1.0, ""64"": 1.0, ""155"": 1.0, ""156"": 3.0, ""158"": 6.0, ""175"": 1.0, ""210"": 4.0, ""211"": 4.0}",2026-08-24T23:49:57-04:00
Erik Ezukanma,4362186,WR,MIA,ACTIVE,15.35537042,0.8,,,169.77194982896236,0.054178411865857395,,,"{""42"": 79.93908574, ""43"": 0.632468294, ""44"": 0.036496003, ""45"": 0.107575151, ""46"": 0.070300361, ""47"": 15.0, ""48"": 7.0, ""49"": 3.0, ""50"": 3.0, ""51"": 1.0, ""53"": 7.15767116, ""54"": 1.0, ""56"": 0.036640812, ""57"": 0.001133221, ""58"": 11.40569995, ""60"": 11.16830935, ""61"": 4.977891786, ""62"": 0.036496003, ""63"": 0.000334618, ""67"": 0.076049559, ""68"": 0.076049559, ""71"": 0.042587753, ""72"": 0.042587753, ""73"": 0.042587753, ""210"": 16.05882353}","{""41"": 1.0, ""42"": 3.0, ""53"": 1.0, ""58"": 1.0, ""59"": 7.0, ""60"": 3.0, ""61"": 3.0, ""155"": 1.0, ""210"": 1.0}",2026-08-24T23:49:57-04:00
Jake Funk,4036224,RB,IND,ACTIVE,11.69321385,0.0,34.47908199,0.5,169.95278284671534,0.05292375280623931,,,"{""23"": 11.86772349, ""24"": 50.67596928, ""25"": 0.427208975, ""26"": 0.019823237, ""27"": 10.0, ""28"": 5.0, ""29"": 2.0, ""30"": 2.0, ""31"": 1.0, ""33"": 2.0, ""34"": 1.0, ""35"": 0.02195148, ""36"": 0.015366036, ""37"": 0.008519962, ""38"": 0.000290754, ""39"": 4.270066566, ""40"": 3.589547824, ""42"": 20.17951346, ""43"": 0.119583527, ""44"": 0.0049611, ""45"": 0.037807952, ""46"": 0.024707496, ""47"": 4.0, ""48"": 2.0, ""49"": 1.0, ""53"": 2.786804434, ""56"": 0.011291606, ""57"": 0.000349225, ""58"": 3.674833114, ""60"": 7.241094214, ""61"": 1.429382204, ""62"": 0.024784336, ""63"": 0.000533035, ""66"": 0.09810672, ""67"": 0.023037632, ""68"": 0.121144351, ""70"": 0.045129091, ""71"": 0.012901074, ""72"": 0.058030165, ""73"": 0.058030165, ""210"": 14.11764706}","{""107"": 1.0, ""109"": 1.0, ""155"": 2.0, ""156"": 4.0, ""210"": 6.0}",2026-08-24T23:49:57-04:00
Grant Calcaterra,4241374,TE,PHI,ACTIVE,8.20666065,10.6,,,169.65761861313868,0.05289426571909076,,,"{""42"": 38.86865343, ""43"": 0.399156018, ""44"": 0.029529873, ""45"": 0.102159405, ""46"": 0.066761171, ""47"": 7.0, ""48"": 3.0, ""49"": 1.0, ""50"": 1.0, ""53"": 3.830280815, ""56"": 0.020302953, ""57"": 0.000627926, ""58"": 5.592636382, ""60"": 10.14772945, ""61"": 2.420392338, ""62"": 0.029529873, ""63"": 0.000193839, ""67"": 0.044054424, ""68"": 0.044054424, ""71"": 0.024670477, ""72"": 0.024670477, ""73"": 0.024670477, ""210"": 16.05882353}","{""41"": 5.0, ""42"": 81.0, ""47"": 15.0, ""48"": 7.0, ""49"": 3.0, ""50"": 1.0, ""53"": 5.0, ""58"": 9.0, ""59"": 41.0, ""60"": 16.2, ""61"": 5.4, ""155"": 12.0, ""156"": 3.0, ""210"": 15.0, ""213"": 3.0}",2026-08-24T23:49:57-04:00
Nick Bellore,14471,RB,SEA,ACTIVE,0.0,0.3,,,169.8898999090082,0.05217064869312882,,,"{""94"": 0.013134427, ""95"": 0.085776049, ""96"": 0.057954629, ""97"": 0.011664077, ""99"": 0.14777349, ""100"": 0.29554698, ""103"": 0.010218408, ""104"": 0.002916019, ""105"": 0.013134427, ""106"": 0.089160968, ""107"": 4.62432669, ""108"": 6.914845333, ""109"": 11.53917202, ""110"": 3.0, ""111"": 2.0, ""113"": 0.418628612, ""210"": 17.0}","{""23"": 1.0, ""24"": 3.0, ""39"": 3.0, ""40"": 0.1875, ""107"": 4.0, ""108"": 11.0, ""109"": 15.0, ""110"": 1.0, ""112"": 0.5, ""155"": 8.0, ""156"": 8.0, ""210"": 16.0}",2026-08-24T23:49:57-04:00
Jalen Nailor,4382466,WR,MIN,ACTIVE,23.10535136,28.4,,,169.54047890535918,0.051432560657652907,,,"{""42"": 124.6264543, ""43"": 0.897297011, ""44"": 0.051474138, ""45"": 0.141757373, ""46"": 0.092638443, ""47"": 24.0, ""48"": 12.0, ""49"": 6.0, ""50"": 4.0, ""51"": 2.0, ""53"": 10.56335677, ""54"": 2.0, ""55"": 1.0, ""56"": 0.050602193, ""57"": 0.001565016, ""58"": 16.63106648, ""60"": 11.79799727, ""61"": 7.760621699, ""62"": 0.051474138, ""63"": 0.000493832, ""67"": 0.112234637, ""68"": 0.112234637, ""71"": 0.062851397, ""72"": 0.062851397, ""73"": 0.062851397, ""210"": 16.05882353}","{""41"": 9.0, ""42"": 179.0, ""43"": 1.0, ""45"": 1.0, ""47"": 34.0, ""48"": 16.0, ""49"": 7.0, ""50"": 5.0, ""51"": 2.0, ""53"": 9.0, ""58"": 13.0, ""59"": 67.0, ""60"": 19.88888889, ""61"": 11.93333333, ""107"": 1.0, ""108"": 3.0, ""109"": 4.0, ""155"": 11.0, ""156"": 4.0, ""158"": 6.0, ""210"": 15.0, ""213"": 7.0}",2026-08-24T23:49:57-04:00
J.J. Taylor,4039607,RB,NE,ACTIVE,0.0,2.2,33.07317758,16.5,169.8176631675034,0.05007967220578192,,,{},"{""23"": 10.0, ""24"": 9.0, ""27"": 1.0, ""33"": 2.0, ""34"": 1.0, ""39"": 0.9, ""40"": 9.0, ""41"": 1.0, ""42"": 8.0, ""47"": 1.0, ""53"": 1.0, ""58"": 1.0, ""59"": 5.0, ""60"": 8.0, ""61"": 8.0, ""155"": 1.0, ""210"": 1.0}",2026-08-24T23:49:57-04:00
Brian Hoyer,12477,QB,FA,ACTIVE,15.41573347,1.4,14.48299913,14.0,169.9219890510949,0.04948987632522694,,,"{""0"": 36.42703828, ""1"": 23.20676564, ""2"": 13.22027264, ""3"": 237.9507221, ""4"": 1.264277075, ""5"": 47.0, ""6"": 23.0, ""7"": 11.0, ""8"": 9.0, ""9"": 4.0, ""10"": 2.0, ""11"": 4.0, ""12"": 2.0, ""15"": 0.192088111, ""16"": 0.125529581, ""17"": 0.185370643, ""18"": 0.025038713, ""19"": 0.070251123, ""20"": 1.182258127, ""21"": 0.637075281, ""22"": 118.9753611, ""23"": 2.80159335, ""24"": 6.081864112, ""25"": 0.101346874, ""26"": 0.003579343, ""27"": 1.0, ""35"": 0.005270991, ""36"": 0.003689694, ""37"": 0.001577653, ""38"": 5.38e-05, ""39"": 2.170858991, ""40"": 3.040932056, ""62"": 0.073830467, ""63"": 0.002616795, ""64"": 2.536851556, ""65"": 0.55483238, ""66"": 0.039893725, ""68"": 0.594726105, ""69"": 0.266319543, ""70"": 0.018351114, ""72"": 0.284670656, ""73"": 1.466928783, ""210"": 2.0}","{""0"": 6.0, ""1"": 5.0, ""2"": 1.0, ""3"": 37.0, ""5"": 7.0, ""6"": 3.0, ""7"": 1.0, ""8"": 1.0, ""11"": 1.0, ""21"": 0.83333333, ""22"": 37.0, ""64"": 1.0, ""156"": 1.0, ""210"": 1.0, ""211"": 2.0}",2026-08-24T23:49:57-04:00
Jake Kumerow,3085107,WR,BUF,QUESTIONABLE,8.32132192,8.4,9.40894736,3.8,169.47548460661346,0.049324483003040126,,,"{""42"": 44.53544069, ""43"": 0.349821304, ""44"": 0.018830779, ""45"": 0.15143259, ""46"": 0.098961198, ""47"": 8.0, ""48"": 4.0, ""49"": 2.0, ""50"": 1.0, ""53"": 3.564945211, ""56"": 0.023075001, ""57"": 0.00071366, ""58"": 5.856671546, ""60"": 12.49260172, ""61"": 2.7732692, ""62"": 0.018830779, ""63"": 0.000201473, ""67"": 0.045789406, ""68"": 0.045789406, ""71"": 0.025642067, ""72"": 0.025642067, ""73"": 0.025642067, ""210"": 16.05882353}","{""41"": 4.0, ""42"": 64.0, ""47"": 12.0, ""48"": 6.0, ""49"": 2.0, ""50"": 2.0, ""51"": 1.0, ""53"": 4.0, ""58"": 7.0, ""59"": 17.0, ""60"": 16.0, ""61"": 10.66666667, ""108"": 2.0, ""109"": 2.0, ""155"": 3.0, ""156"": 3.0, ""210"": 6.0, ""213"": 3.0}",2026-08-24T23:49:57-04:00
Rashard Higgins,3042910,WR,CAR,ACTIVE,32.93004996,0.0,42.51159511,45.5,169.79977194982897,0.04865640045071192,,,"{""42"": 198.2197583, ""43"": 0.801008393, ""44"": 0.055879019, ""45"": 0.105194381, ""46"": 0.068744528, ""47"": 39.0, ""48"": 19.0, ""49"": 9.0, ""50"": 7.0, ""51"": 3.0, ""53"": 17.14879761, ""54"": 3.0, ""55"": 1.0, ""56"": 0.07405346, ""57"": 0.002290313, ""58"": 28.39036073, ""60"": 11.55881379, ""61"": 12.34335492, ""62"": 0.055879019, ""63"": 0.001509094, ""67"": 0.342975952, ""68"": 0.342975952, ""71"": 0.192066533, ""72"": 0.192066533, ""73"": 0.192066533, ""210"": 16.05882353}","{""155"": 1.0, ""156"": 2.0, ""210"": 3.0}",2026-08-24T23:49:57-04:00
Britain Covey,3926231,WR,PHI,ACTIVE,,0.0,,,169.58129988597491,0.04808445767855362,,,null,"{""68"": 2.0, ""114"": 206.0, ""115"": 308.0, ""116"": 19.0, ""117"": 6.0, ""118"": 24.0, ""119"": 7.0, ""143"": 2.0, ""144"": 13.0, ""155"": 14.0, ""156"": 3.0, ""210"": 17.0}",2026-08-24T23:49:57-04:00
Zander Horvath,4260406,RB,LAC,ACTIVE,2.7364995,16.1,,,169.84101277372264,0.04794242919230898,,,"{""23"": 4.404110856, ""24"": 18.43114708, ""25"": 0.154966605, ""26"": 0.011041785, ""27"": 3.0, ""28"": 1.0, ""35"": 0.008096131, ""36"": 0.005667291, ""37"": 0.000743953, ""38"": 2.54e-05, ""39"": 4.184987092, ""40"": 1.147727108, ""62"": 0.011041785, ""63"": 0.000279775, ""66"": 0.063585224, ""68"": 0.063585224, ""70"": 0.029249203, ""72"": 0.029249203, ""73"": 0.029249203, ""210"": 16.05882353}","{""23"": 4.0, ""24"": 8.0, ""39"": 2.0, ""40"": 0.53333333, ""41"": 5.0, ""42"": 8.0, ""43"": 2.0, ""47"": 1.0, ""53"": 5.0, ""58"": 8.0, ""59"": 1.0, ""60"": 1.6, ""61"": 0.53333333, ""108"": 1.0, ""109"": 1.0, ""155"": 9.0, ""156"": 6.0, ""158"": 12.0, ""183"": 2.0, ""210"": 15.0, ""212"": 2.0, ""213"": 2.0}",2026-08-24T23:49:57-04:00
James McCourt,4033806,K,JAX,ACTIVE,0.0,0.0,,,169.42985487214926,0.04787329826528834,,,{},{},2026-08-24T23:49:57-04:00
Miles Boykin,3932423,WR,PIT,ACTIVE,15.46849283,2.1,5.83986055,1.1,169.9502850627138,0.0477285825109651,,,"{""42"": 90.4819835, ""43"": 0.445625577, ""44"": 0.030007477, ""45"": 0.09346282, ""46"": 0.061077953, ""47"": 18.0, ""48"": 9.0, ""49"": 4.0, ""50"": 3.0, ""51"": 1.0, ""53"": 7.591468891, ""54"": 1.0, ""56"": 0.039439957, ""57"": 0.001219792, ""58"": 12.92407819, ""60"": 11.91890329, ""61"": 5.634409229, ""62"": 0.030007477, ""63"": 0.000429033, ""67"": 0.097507488, ""68"": 0.097507488, ""71"": 0.054604193, ""72"": 0.054604193, ""73"": 0.054604193, ""210"": 16.05882353}","{""41"": 2.0, ""42"": 11.0, ""47"": 2.0, ""48"": 1.0, ""53"": 2.0, ""58"": 3.0, ""60"": 5.5, ""61"": 0.6875, ""107"": 1.0, ""108"": 9.0, ""109"": 10.0, ""155"": 8.0, ""156"": 8.0, ""210"": 16.0, ""213"": 1.0}",2026-08-24T23:49:57-04:00
Patrick Taylor,4039358,RB,GB,ACTIVE,0.0,5.3,,16.2,169.93476277372264,0.045384347806292774,,,{},"{""23"": 10.0, ""24"": 31.0, ""27"": 6.0, ""28"": 2.0, ""33"": 1.0, ""39"": 3.1, ""40"": 2.21428571, ""41"": 1.0, ""42"": 17.0, ""47"": 3.0, ""48"": 1.0, ""53"": 1.0, ""58"": 1.0, ""59"": 17.0, ""60"": 17.0, ""61"": 1.21428571, ""107"": 1.0, ""108"": 1.0, ""109"": 2.0, ""155"": 7.0, ""156"": 7.0, ""210"": 14.0, ""212"": 2.0, ""213"": 1.0}",2026-08-24T23:49:57-04:00
David Sills V,3871102,WR,NYG,ACTIVE,17.94006169,16.1,,,169.8255416191562,0.04537748080183505,,,"{""42"": 106.2363931, ""43"": 0.488662551, ""44"": 0.028950212, ""45"": 0.114898664, ""46"": 0.075086277, ""47"": 21.0, ""48"": 10.0, ""49"": 5.0, ""50"": 4.0, ""51"": 2.0, ""53"": 8.909429573, ""54"": 1.0, ""56"": 0.045270334, ""57"": 0.001400113, ""58"": 14.90732883, ""60"": 11.92403983, ""61"": 6.615453048, ""62"": 0.028950212, ""63"": 0.000503518, ""67"": 0.114435837, ""68"": 0.114435837, ""71"": 0.064084069, ""72"": 0.064084069, ""73"": 0.064084069, ""210"": 16.05882353}","{""41"": 11.0, ""42"": 106.0, ""47"": 19.0, ""48"": 7.0, ""49"": 2.0, ""50"": 1.0, ""53"": 11.0, ""58"": 17.0, ""59"": 40.0, ""60"": 9.63636364, ""61"": 11.77777778, ""155"": 6.0, ""156"": 2.0, ""210"": 9.0, ""213"": 7.0}",2026-08-24T23:49:57-04:00
Laquon Treadwell,3051889,WR,SEA,ACTIVE,0.0,7.2,0.0,65.9,169.97126567844927,0.04487831565270167,,,{},"{""41"": 6.0, ""42"": 42.0, ""47"": 8.0, ""48"": 3.0, ""49"": 1.0, ""50"": 1.0, ""53"": 6.0, ""58"": 10.0, ""59"": 11.0, ""60"": 7.0, ""61"": 7.0, ""155"": 3.0, ""156"": 3.0, ""210"": 6.0, ""213"": 3.0}",2026-08-24T23:49:57-04:00
Blake Bortles,16724,QB,FA,ACTIVE,0.0,0.0,0.0,0.0,169.96715328467153,0.04478382533737624,,,{},{},2026-08-24T23:49:57-04:00
Deonte Harty,4411193,WR,BUF,ACTIVE,30.84336742,0.3,61.18721371,95.1,169.83899657924744,0.04438832672369334,,,"{""23"": 8.782242336, ""24"": 56.85145845, ""25"": 0.3103173, ""26"": 0.015116671, ""27"": 11.0, ""28"": 5.0, ""29"": 2.0, ""30"": 2.0, ""31"": 1.0, ""33"": 1.0, ""35"": 0.016183036, ""36"": 0.011328125, ""37"": 0.007962182, ""38"": 0.000271719, ""39"": 6.473455899, ""40"": 3.540200709, ""42"": 127.2707355, ""43"": 0.541177892, ""44"": 0.032282267, ""45"": 0.181842875, ""46"": 0.118834319, ""47"": 25.0, ""48"": 12.0, ""49"": 6.0, ""50"": 5.0, ""51"": 2.0, ""53"": 10.08440579, ""54"": 2.0, ""55"": 1.0, ""56"": 0.051642679, ""57"": 0.001597196, ""58"": 16.01248489, ""60"": 12.6205488, ""61"": 7.925283893, ""62"": 0.047398939, ""63"": 0.001660265, ""66"": 0.175644847, ""67"": 0.201688116, ""68"": 0.377332963, ""70"": 0.080796629, ""71"": 0.112945345, ""72"": 0.193741974, ""73"": 0.193741974, ""101"": 0.178784, ""102"": 0.249992675, ""114"": 787.2684932, ""115"": 270.7445783, ""116"": 78.0, ""117"": 31.0, ""118"": 27.0, ""119"": 10.0, ""210"": 16.05882353}","{""41"": 2.0, ""42"": 13.0, ""47"": 1.0, ""53"": 2.0, ""58"": 2.0, ""59"": 8.0, ""60"": 6.5, ""61"": 3.25, ""68"": 1.0, ""72"": 1.0, ""73"": 1.0, ""114"": 137.0, ""115"": 8.0, ""116"": 13.0, ""117"": 4.0, ""118"": 1.0, ""155"": 2.0, ""156"": 2.0, ""210"": 4.0}",2026-08-24T23:49:57-04:00
Demetric Felton Jr.,4035826,WR,CLE,ACTIVE,23.88836552,1.4,9.08300003,41.5,169.95667046750285,0.044237953171882616,,,"{""23"": 4.408028726, ""24"": 24.45295986, ""25"": 0.142893141, ""26"": 0.005576011, ""27"": 4.0, ""28"": 2.0, ""29"": 1.0, ""35"": 0.008103359, ""36"": 0.005672351, ""37"": 0.001370171, ""38"": 4.68e-05, ""39"": 5.547368537, ""40"": 1.522711786, ""42"": 109.0763419, ""43"": 0.623952041, ""44"": 0.037408249, ""45"": 0.11872121, ""46"": 0.077584311, ""47"": 21.0, ""48"": 10.0, ""49"": 5.0, ""50"": 4.0, ""51"": 2.0, ""53"": 10.29403182, ""54"": 2.0, ""55"": 1.0, ""56"": 0.046164106, ""57"": 0.001427756, ""58"": 15.32582114, ""60"": 10.59607584, ""61"": 6.792299677, ""62"": 0.04298426, ""63"": 0.000830889, ""66"": 0.056618267, ""67"": 0.132220154, ""68"": 0.188838421, ""70"": 0.026044403, ""71"": 0.074043286, ""72"": 0.100087689, ""73"": 0.100087689, ""102"": 0.1502592, ""115"": 146.415, ""118"": 14.0, ""119"": 5.0, ""210"": 16.05882353}","{""23"": 1.0, ""24"": -4.0, ""39"": -4.0, ""40"": -0.5, ""41"": 2.0, ""42"": 8.0, ""47"": 1.0, ""53"": 2.0, ""58"": 4.0, ""59"": 11.0, ""60"": 4.0, ""61"": 1.0, ""68"": 1.0, ""108"": 1.0, ""109"": 1.0, ""114"": 11.0, ""115"": 42.0, ""116"": 1.0, ""118"": 3.0, ""119"": 1.0, ""155"": 4.0, ""156"": 4.0, ""210"": 8.0}",2026-08-24T23:49:57-04:00
Pharaoh Brown,2971281,TE,CLE,ACTIVE,35.89495027,17.7,23.5288221,26.6,169.89142335766422,0.044176178298185646,,,"{""42"": 200.5642695, ""43"": 0.928339857, ""44"": 0.054849653, ""45"": 0.090572935, ""46"": 0.059189413, ""47"": 40.0, ""48"": 20.0, ""49"": 10.0, ""50"": 8.0, ""51"": 4.0, ""53"": 20.88240292, ""54"": 4.0, ""55"": 2.0, ""56"": 0.074799734, ""57"": 0.002313394, ""58"": 29.70006176, ""60"": 9.604463159, ""61"": 12.48935011, ""62"": 0.054849653, ""63"": 0.001109494, ""67"": 0.252157672, ""68"": 0.252157672, ""71"": 0.141208296, ""72"": 0.141208296, ""73"": 0.141208296, ""210"": 16.05882353}","{""41"": 12.0, ""42"": 117.0, ""47"": 21.0, ""48"": 10.0, ""49"": 3.0, ""50"": 1.0, ""53"": 12.0, ""58"": 20.0, ""59"": 83.0, ""60"": 9.75, ""61"": 7.3125, ""108"": 2.0, ""109"": 2.0, ""155"": 5.0, ""156"": 10.0, ""210"": 16.0, ""213"": 6.0}",2026-08-24T23:49:57-04:00
Jeremy Ruckert,4361372,TE,NYJ,ACTIVE,7.71902473,1.3,,,169.95392335766422,0.044096485104079104,,,"{""42"": 39.31913822, ""43"": 0.306367772, ""44"": 0.025556693, ""45"": 0.096123447, ""46"": 0.062816673, ""47"": 7.0, ""48"": 3.0, ""49"": 1.0, ""50"": 1.0, ""53"": 3.895955714, ""56"": 0.020762574, ""57"": 0.000642141, ""58"": 5.755840529, ""60"": 10.09229599, ""61"": 2.448444504, ""62"": 0.025556693, ""63"": 0.000197163, ""67"": 0.044809791, ""68"": 0.044809791, ""71"": 0.025093483, ""72"": 0.025093483, ""73"": 0.025093483, ""210"": 16.05882353}","{""41"": 1.0, ""42"": 8.0, ""47"": 1.0, ""53"": 1.0, ""58"": 2.0, ""59"": 1.0, ""60"": 8.0, ""61"": 0.88888889, ""155"": 4.0, ""156"": 5.0, ""210"": 9.0}",2026-08-24T23:49:57-04:00
Deven Thompkins,4374187,WR,TB,ACTIVE,0.0,8.3,,,169.85176738882555,0.04352530772250088,,,{},"{""23"": 2.0, ""24"": 26.0, ""27"": 4.0, ""28"": 1.0, ""39"": 13.0, ""40"": 5.2, ""41"": 5.0, ""42"": 32.0, ""47"": 6.0, ""48"": 2.0, ""49"": 1.0, ""50"": 1.0, ""53"": 5.0, ""58"": 10.0, ""59"": 32.0, ""60"": 6.4, ""61"": 6.4, ""68"": 1.0, ""114"": 263.0, ""115"": 61.0, ""116"": 24.0, ""117"": 7.0, ""118"": 5.0, ""155"": 2.0, ""156"": 3.0, ""210"": 5.0, ""212"": 1.0, ""213"": 1.0}",2026-08-24T23:49:57-04:00
MyCole Pruitt,2508256,TE,ATL,ACTIVE,0.0,47.0,0.0,41.5,169.96920620437956,0.043257442457251154,,,{},"{""41"": 16.0, ""42"": 150.0, ""43"": 4.0, ""47"": 26.0, ""48"": 10.0, ""49"": 4.0, ""50"": 2.0, ""53"": 16.0, ""58"": 21.0, ""59"": 75.0, ""60"": 9.375, ""61"": 11.53846154, ""155"": 5.0, ""156"": 8.0, ""158"": 24.0, ""183"": 4.0, ""210"": 13.0, ""213"": 10.0}",2026-08-24T23:49:57-04:00
Andrew Beck,3125107,RB,HOU,ACTIVE,0.0,9.4,,,169.9628193430657,0.043098351149693036,,,{},"{""23"": 2.0, ""24"": 0.0, ""39"": 0.0, ""40"": 0.0, ""41"": 5.0, ""42"": 69.0, ""47"": 13.0, ""48"": 6.0, ""49"": 2.0, ""50"": 2.0, ""51"": 1.0, ""53"": 5.0, ""58"": 11.0, ""59"": 47.0, ""60"": 13.8, ""61"": 5.30769231, ""108"": 1.0, ""109"": 1.0, ""155"": 5.0, ""156"": 8.0, ""210"": 13.0, ""213"": 2.0}",2026-08-24T23:49:57-04:00
Cam Sims,3115314,WR,WSH,ACTIVE,10.48987923,12.9,12.7226739,41.3,169.8684150513113,0.04302665444253769,,,"{""42"": 58.8086692, ""43"": 0.373716091, ""44"": 0.033484143, ""45"": 0.148164404, ""46"": 0.096825438, ""47"": 11.0, ""48"": 5.0, ""49"": 2.0, ""50"": 2.0, ""51"": 1.0, ""53"": 4.711630734, ""56"": 0.02861692, ""57"": 0.000885059, ""58"": 7.66496747, ""60"": 12.48159555, ""61"": 3.905263189, ""62"": 0.033484143, ""63"": 0.000220267, ""67"": 0.050060618, ""68"": 0.050060618, ""71"": 0.028033946, ""72"": 0.028033946, ""73"": 0.028033946, ""210"": 15.05882353}","{""41"": 8.0, ""42"": 89.0, ""47"": 16.0, ""48"": 6.0, ""49"": 1.0, ""53"": 8.0, ""58"": 18.0, ""59"": 18.0, ""60"": 11.125, ""61"": 5.23529412, ""107"": 1.0, ""108"": 2.0, ""109"": 3.0, ""155"": 8.0, ""156"": 8.0, ""210"": 17.0, ""213"": 5.0}",2026-08-24T23:49:57-04:00
Brandon Johnson,4035198,WR,DEN,ACTIVE,,11.2,,,170.0,0.04274204463694195,,,null,"{""41"": 6.0, ""42"": 42.0, ""43"": 1.0, ""47"": 8.0, ""48"": 4.0, ""49"": 1.0, ""50"": 1.0, ""53"": 6.0, ""58"": 14.0, ""59"": 13.0, ""60"": 7.0, ""61"": 6.0, ""68"": 1.0, ""72"": 1.0, ""73"": 1.0, ""155"": 2.0, ""156"": 5.0, ""158"": 6.0, ""183"": 1.0, ""210"": 7.0, ""213"": 2.0}",2026-08-24T23:49:57-04:00
Tylan Wallace,4241424,WR,BAL,QUESTIONABLE,13.50469003,5.3,19.61634179,3.3,169.85649098790782,0.04268141736450784,,,"{""42"": 73.35555332, ""43"": 0.519480298, ""44"": 0.047384655, ""45"": 0.136720109, ""46"": 0.089346591, ""47"": 14.0, ""48"": 7.0, ""49"": 3.0, ""50"": 2.0, ""51"": 1.0, ""53"": 6.090190173, ""54"": 1.0, ""56"": 0.034339232, ""57"": 0.001062038, ""58"": 9.903904954, ""60"": 12.04487073, ""61"": 4.567928229, ""62"": 0.047384655, ""63"": 0.000344188, ""67"": 0.078224538, ""68"": 0.078224538, ""71"": 0.043805741, ""72"": 0.043805741, ""73"": 0.043805741, ""210"": 16.05882353}","{""41"": 4.0, ""42"": 33.0, ""47"": 4.0, ""48"": 1.0, ""53"": 4.0, ""58"": 7.0, ""59"": 9.0, ""60"": 8.25, ""61"": 3.66666667, ""108"": 1.0, ""109"": 1.0, ""155"": 4.0, ""156"": 5.0, ""210"": 9.0, ""213"": 1.0}",2026-08-24T23:49:57-04:00
Nick Mullens,3059989,QB,MIN,ACTIVE,20.33709341,13.6,0.0,11.8,169.4473083941606,0.042358045283174946,,,"{""0"": 34.42815401, ""1"": 22.58556326, ""2"": 11.84259075, ""3"": 264.4989641, ""4"": 1.932964939, ""5"": 52.0, ""6"": 26.0, ""7"": 13.0, ""8"": 10.0, ""9"": 5.0, ""10"": 2.0, ""11"": 4.0, ""12"": 2.0, ""15"": 0.233667979, ""16"": 0.152702024, ""17"": 0.277227191, ""18"": 0.037446125, ""19"": 0.11037356, ""20"": 0.994879063, ""21"": 0.656020165, ""22"": 132.2494821, ""23"": 1.079418789, ""24"": 2.328196488, ""25"": 0.052580631, ""26"": 0.002796744, ""35"": 0.001999315, ""36"": 0.001399521, ""37"": 0.000220567, ""38"": 7.53e-06, ""39"": 2.156898242, ""40"": 1.164098244, ""62"": 0.113170303, ""63"": 0.002044697, ""64"": 2.100210155, ""65"": 0.45136588, ""66"": 0.013337931, ""68"": 0.464703811, ""69"": 0.216655622, ""70"": 0.006135448, ""72"": 0.222791071, ""73"": 1.217670134, ""210"": 2.0}","{""0"": 25.0, ""1"": 21.0, ""2"": 4.0, ""3"": 224.0, ""4"": 1.0, ""5"": 44.0, ""6"": 21.0, ""7"": 9.0, ""8"": 8.0, ""9"": 4.0, ""10"": 1.0, ""11"": 3.0, ""12"": 1.0, ""20"": 1.0, ""21"": 0.84, ""22"": 56.0, ""23"": 4.0, ""24"": 8.0, ""27"": 1.0, ""39"": 2.0, ""40"": 2.0, ""73"": 1.0, ""155"": 2.0, ""156"": 2.0, ""158"": 6.0, ""175"": 1.0, ""210"": 4.0, ""211"": 11.0, ""212"": 1.0}",2026-08-24T23:49:57-04:00
Teagan Quitoriano,4374045,TE,HOU,ACTIVE,0.0,26.8,,,169.94707458686915,0.04146063981888397,,,{},"{""41"": 7.0, ""42"": 113.0, ""43"": 2.0, ""47"": 21.0, ""48"": 10.0, ""49"": 5.0, ""50"": 3.0, ""51"": 1.0, ""53"": 7.0, ""58"": 14.0, ""59"": 53.0, ""60"": 16.14285714, ""61"": 12.55555556, ""108"": 2.0, ""109"": 2.0, ""155"": 2.0, ""156"": 7.0, ""158"": 12.0, ""183"": 2.0, ""210"": 9.0, ""213"": 5.0}",2026-08-24T23:49:57-04:00
Mason Rudolph,3116407,QB,PIT,ACTIVE,0.0,0.0,33.93444954,20.3,170.0,0.04128910431168068,,,{},{},2026-08-24T23:49:57-04:00
Drew Sample,3127310,TE,CIN,QUESTIONABLE,14.98574449,0.8,31.09559993,13.6,169.62842153284672,0.041033239773747274,,,"{""42"": 73.33978311, ""43"": 0.622700314, ""44"": 0.033648275, ""45"": 0.077019493, ""46"": 0.050332239, ""47"": 14.0, ""48"": 7.0, ""49"": 3.0, ""50"": 2.0, ""51"": 1.0, ""53"": 7.930470712, ""54"": 1.0, ""56"": 0.034430078, ""57"": 0.001064848, ""58"": 11.28174061, ""60"": 9.24784742, ""61"": 4.566946201, ""62"": 0.033648275, ""63"": 0.000459516, ""67"": 0.104435367, ""68"": 0.104435367, ""71"": 0.058483806, ""72"": 0.058483806, ""73"": 0.058483806, ""210"": 16.05882353}","{""41"": 2.0, ""42"": -2.0, ""53"": 2.0, ""58"": 2.0, ""60"": -1.0, ""61"": -1.0, ""156"": 2.0, ""210"": 2.0}",2026-08-24T23:49:57-04:00
Trevor Siemian,2511109,QB,CHI,ACTIVE,16.90625137,12.0,0.0,111.4,169.72774988589686,0.04086091742386534,,,"{""0"": 35.3564042, ""1"": 21.86133319, ""2"": 13.49507101, ""3"": 243.8817975, ""4"": 1.184589149, ""5"": 48.0, ""6"": 24.0, ""7"": 12.0, ""8"": 9.0, ""9"": 4.0, ""10"": 2.0, ""11"": 4.0, ""12"": 2.0, ""15"": 0.201018609, ""16"": 0.131365661, ""17"": 0.203109802, ""18"": 0.027434809, ""19"": 0.078964162, ""20"": 0.695784734, ""21"": 0.61831325, ""22"": 121.9408987, ""23"": 2.721875362, ""24"": 10.53894654, ""25"": 0.14765638, ""26"": 0.006255996, ""27"": 2.0, ""28"": 1.0, ""35"": 0.005117327, ""36"": 0.003582129, ""37"": 0.004794435, ""38"": 0.000163616, ""39"": 3.871943106, ""40"": 5.269473271, ""62"": 0.085220158, ""63"": 0.002390009, ""64"": 2.175462758, ""65"": 0.506454844, ""66"": 0.036728974, ""68"": 0.543183818, ""69"": 0.243098325, ""70"": 0.016895328, ""72"": 0.259993653, ""73"": 0.955778387, ""210"": 2.0}","{""0"": 26.0, ""1"": 15.0, ""2"": 11.0, ""3"": 184.0, ""4"": 1.0, ""5"": 36.0, ""6"": 17.0, ""7"": 8.0, ""8"": 7.0, ""9"": 3.0, ""10"": 1.0, ""11"": 2.0, ""12"": 1.0, ""13"": 2.0, ""14"": 1.0, ""20"": 1.0, ""21"": 0.57692308, ""22"": 92.0, ""23"": 4.0, ""24"": 8.0, ""27"": 1.0, ""39"": 2.0, ""40"": 4.0, ""64"": 2.0, ""73"": 1.0, ""156"": 2.0, ""158"": 6.0, ""175"": 1.0, ""210"": 2.0, ""211"": 7.0, ""212"": 2.0}",2026-08-24T23:49:57-04:00
Ryan Griffin,15887,TE,CHI,ACTIVE,36.68164468,4.6,21.58270478,51.6,169.7235401459854,0.04074773518816264,,,"{""42"": 185.3989709, ""43"": 1.603403214, ""44"": 0.10731608, ""45"": 0.108623628, ""46"": 0.070985541, ""47"": 37.0, ""48"": 18.0, ""49"": 9.0, ""50"": 7.0, ""51"": 3.0, ""53"": 17.04210383, ""54"": 3.0, ""55"": 1.0, ""56"": 0.069570197, ""57"": 0.002151656, ""58"": 26.37481282, ""60"": 10.87887814, ""61"": 11.54499086, ""62"": 0.10731608, ""63"": 0.000842112, ""67"": 0.191389078, ""68"": 0.191389078, ""71"": 0.107177883, ""72"": 0.107177883, ""73"": 0.107177883, ""210"": 16.05882353}","{""41"": 4.0, ""42"": 26.0, ""47"": 4.0, ""48"": 1.0, ""53"": 4.0, ""58"": 8.0, ""59"": 9.0, ""60"": 6.5, ""61"": 1.73333333, ""107"": 1.0, ""108"": 3.0, ""109"": 4.0, ""155"": 2.0, ""156"": 13.0, ""210"": 15.0, ""213"": 2.0}",2026-08-24T23:49:57-04:00
Lirim Hajrullahu,4682912,K,FA,ACTIVE,0.0,0.0,,19.0,169.58074176457038,0.04055325176322464,,,{},{},2026-08-24T23:49:57-04:00
Tyler Kroft,2582410,TE,SF,ACTIVE,11.87003602,7.7,68.52848984,31.3,169.9507299270073,0.040534052165686674,,,"{""42"": 56.29961562, ""43"": 0.584761511, ""44"": 0.030013719, ""45"": 0.078497025, ""46"": 0.051297806, ""47"": 11.0, ""48"": 5.0, ""49"": 2.0, ""50"": 2.0, ""51"": 1.0, ""53"": 5.461127199, ""54"": 1.0, ""56"": 0.027188012, ""57"": 0.000840866, ""58"": 8.516818124, ""60"": 10.30915662, ""61"": 3.50583687, ""62"": 0.030013719, ""63"": 0.000232122, ""67"": 0.052755045, ""68"": 0.052755045, ""71"": 0.029542825, ""72"": 0.029542825, ""73"": 0.029542825, ""210"": 16.05882353}","{""41"": 4.0, ""42"": 57.0, ""47"": 9.0, ""48"": 3.0, ""49"": 1.0, ""50"": 1.0, ""53"": 4.0, ""58"": 5.0, ""59"": 14.0, ""60"": 14.25, ""61"": 5.18181818, ""107"": 1.0, ""109"": 1.0, ""155"": 10.0, ""156"": 1.0, ""210"": 11.0, ""213"": 2.0}",2026-08-24T23:49:57-04:00
John Brown,16804,WR,FA,ACTIVE,0.0,10.7,0.0,0.0,169.9933865450399,0.040401069843171045,,,{},"{""41"": 1.0, ""42"": 42.0, ""43"": 1.0, ""45"": 1.0, ""47"": 8.0, ""48"": 4.0, ""49"": 2.0, ""50"": 1.0, ""53"": 1.0, ""58"": 2.0, ""60"": 42.0, ""61"": 14.0, ""155"": 3.0, ""158"": 6.0, ""210"": 3.0, ""213"": 1.0}",2026-08-24T23:49:57-04:00
Mike Glennon,15837,QB,FA,ACTIVE,0.0,0.0,14.28969132,38.3,169.82755474452554,0.0403617726947616,,,{},{},2026-08-24T23:49:57-04:00
Geoff Swaim,3046704,TE,TEN,ACTIVE,42.59535917,17.8,43.9879231,54.5,169.87545620437956,0.040259890441702396,,,"{""42"": 198.598281, ""43"": 1.846244326, ""44"": 0.094302599, ""45"": 0.068792399, ""46"": 0.044955833, ""47"": 39.0, ""48"": 19.0, ""49"": 9.0, ""50"": 7.0, ""51"": 3.0, ""53"": 23.44626484, ""54"": 4.0, ""55"": 2.0, ""56"": 0.07419554, ""57"": 0.002294707, ""58"": 31.41769068, ""60"": 8.470359026, ""61"": 12.36692592, ""62"": 0.094302599, ""63"": 0.000996571, ""67"": 0.226493305, ""68"": 0.226493305, ""71"": 0.126836251, ""72"": 0.126836251, ""73"": 0.126836251, ""210"": 16.05882353}","{""41"": 12.0, ""42"": 58.0, ""43"": 1.0, ""47"": 8.0, ""48"": 2.0, ""53"": 12.0, ""58"": 16.0, ""59"": 43.0, ""60"": 4.83333333, ""61"": 3.41176471, ""155"": 7.0, ""156"": 10.0, ""158"": 6.0, ""183"": 1.0, ""210"": 17.0, ""213"": 4.0}",2026-08-24T23:49:57-04:00
Ryan Fitzpatrick,8664,QB,WSH,ACTIVE,0.0,0.0,294.42018895,0.6,169.84945255474452,0.039704955049849,,,{},{},2026-08-24T23:49:57-04:00
Jaret Patterson,4362452,RB,WSH,ACTIVE,0.0,7.8,44.20605877,50.9,169.96259124087592,0.03883981351198699,,,{},"{""23"": 17.0, ""24"": 78.0, ""27"": 15.0, ""28"": 7.0, ""29"": 3.0, ""30"": 3.0, ""31"": 1.0, ""33"": 3.0, ""34"": 1.0, ""39"": 4.58823529, ""40"": 26.0, ""58"": 1.0, ""114"": 97.0, ""116"": 9.0, ""117"": 3.0, ""155"": 2.0, ""156"": 1.0, ""210"": 3.0, ""212"": 3.0}",2026-08-24T23:49:57-04:00
Ben DiNucci,3895785,QB,FA,ACTIVE,0.0,0.0,0.0,0.0,169.5622718978102,0.03772360506451877,,,{},{},2026-08-24T23:49:57-04:00
Jason Witten,4527,TE,LV,,0.0,0.0,0.0,0.0,169.9160583941606,0.03734703720618552,,,{},{},2026-08-24T23:49:57-04:00
Stanley Morgan,3699902,WR,CIN,ACTIVE,3.58282695,0.0,4.01879855,2.4,169.51242873432156,0.036971868610954785,,,"{""42"": 19.63634614, ""43"": 0.141774953, ""44"": 0.007660782, ""45"": 0.125677586, ""46"": 0.082130303, ""47"": 3.0, ""48"": 1.0, ""53"": 1.551068434, ""56"": 0.011114862, ""57"": 0.000343759, ""58"": 2.6622673, ""60"": 12.6598838, ""61"": 1.303976111, ""62"": 0.007660782, ""63"": 8.77e-05, ""67"": 0.019922467, ""68"": 0.019922467, ""71"": 0.011156581, ""72"": 0.011156581, ""73"": 0.011156581, ""210"": 15.05882353}","{""58"": 1.0, ""107"": 4.0, ""108"": 7.0, ""109"": 11.0, ""110"": 1.0, ""155"": 11.0, ""156"": 3.0, ""210"": 14.0}",2026-08-24T23:49:57-04:00
Tyler Badie,4362748,RB,DEN,ACTIVE,0.0,8.9,,,169.87796532846716,0.03649271568404279,,,{},"{""23"": 1.0, ""41"": 1.0, ""42"": 24.0, ""43"": 1.0, ""47"": 4.0, ""48"": 2.0, ""49"": 1.0, ""53"": 1.0, ""58"": 1.0, ""59"": 31.0, ""60"": 24.0, ""61"": 24.0, ""155"": 1.0, ""158"": 6.0, ""185"": 1.0, ""210"": 1.0, ""213"": 1.0}",2026-08-24T23:49:57-04:00
Tristan Vizcaino,3127313,K,DAL,ACTIVE,0.0,10.0,131.8261152,28.0,169.9686708131767,0.036306567975264686,,,{},"{""77"": 1.0, ""78"": 1.0, ""80"": 1.0, ""81"": 1.0, ""83"": 2.0, ""84"": 2.0, ""86"": 3.0, ""87"": 3.0, ""155"": 1.0, ""156"": 2.0, ""158"": 9.0, ""210"": 3.0, ""214"": 82.0, ""216"": 82.0, ""217"": 16.0, ""218"": 8.0, ""219"": 4.0, ""220"": 3.0, ""221"": 1.0, ""229"": 16.0, ""230"": 8.0, ""231"": 4.0, ""232"": 3.0, ""233"": 1.0}",2026-08-24T23:49:57-04:00
Simi Fehoko,4360739,WR,DAL,QUESTIONABLE,53.60303067,3.9,29.32897387,0.0,169.82827822120868,0.03611674470590498,,,"{""42"": 285.9074941, ""43"": 2.196790182, ""44"": 0.145240182, ""45"": 0.160839689, ""46"": 0.105108737, ""47"": 57.0, ""48"": 28.0, ""49"": 14.0, ""50"": 11.0, ""51"": 5.0, ""53"": 23.76589643, ""54"": 4.0, ""55"": 2.0, ""56"": 0.138055998, ""57"": 0.004269773, ""58"": 37.01493863, ""60"": 12.03015821, ""61"": 17.80376337, ""62"": 0.145240182, ""63"": 0.001343133, ""67"": 0.305257507, ""68"": 0.305257507, ""71"": 0.170944204, ""72"": 0.170944204, ""73"": 0.170944204, ""210"": 16.05882353}","{""41"": 3.0, ""42"": 24.0, ""47"": 4.0, ""48"": 2.0, ""53"": 3.0, ""58"": 4.0, ""59"": 10.0, ""60"": 8.0, ""61"": 4.8, ""155"": 4.0, ""156"": 1.0, ""210"": 5.0, ""213"": 1.0}",2026-08-24T23:49:57-04:00
Jon Brown,3135726,K,FA,ACTIVE,0.0,0.0,0.0,0.0,169.86477770099054,0.03594194241676256,,,{},{},2026-08-24T23:49:57-04:00
Lance McCutcheon,4247812,WR,LAR,ACTIVE,0.0,0.0,,,170.0,0.03526193563093932,,,{},"{""58"": 5.0, ""108"": 2.0, ""109"": 2.0, ""155"": 3.0, ""156"": 7.0, ""210"": 10.0}",2026-08-24T23:49:57-04:00
River Cracraft,3052056,WR,MIA,ACTIVE,0.0,26.7,,,169.71653363740023,0.03497723986123083,,,{},"{""41"": 9.0, ""42"": 102.0, ""43"": 2.0, ""47"": 19.0, ""48"": 8.0, ""49"": 3.0, ""50"": 3.0, ""51"": 1.0, ""53"": 9.0, ""58"": 14.0, ""59"": 26.0, ""60"": 11.33333333, ""61"": 9.27272727, ""108"": 3.0, ""109"": 3.0, ""155"": 6.0, ""156"": 5.0, ""158"": 12.0, ""183"": 1.0, ""184"": 1.0, ""210"": 11.0, ""213"": 8.0}",2026-08-24T23:49:57-04:00
Blaine Gabbert,13987,QB,TB,ACTIVE,23.12736112,7.0,28.58870131,1.9,169.85903284671534,0.03422904077391861,,,"{""0"": 36.88957144, ""1"": 24.12669881, ""2"": 12.76287263, ""3"": 264.2559332, ""4"": 2.322093866, ""5"": 52.0, ""6"": 26.0, ""7"": 13.0, ""8"": 10.0, ""9"": 5.0, ""10"": 2.0, ""11"": 4.0, ""12"": 2.0, ""15"": 0.233268588, ""16"": 0.152441022, ""17"": 0.276234109, ""18"": 0.037311985, ""19"": 0.088092727, ""20"": 1.008780221, ""21"": 0.654024915, ""22"": 132.1279666, ""23"": 2.368547856, ""24"": 6.546269237, ""25"": 0.100710617, ""26"": 0.003719392, ""27"": 1.0, ""35"": 0.00443885, ""36"": 0.003107195, ""37"": 0.001831484, ""38"": 6.25e-05, ""39"": 2.763832371, ""40"": 3.273134618, ""62"": 0.091812119, ""63"": 0.002895123, ""64"": 2.117103207, ""65"": 0.62031588, ""66"": 0.037666575, ""68"": 0.657982455, ""69"": 0.297751622, ""70"": 0.017326625, ""72"": 0.315078247, ""73"": 1.323858468, ""210"": 2.0}","{""0"": 8.0, ""1"": 6.0, ""2"": 2.0, ""3"": 29.0, ""4"": 1.0, ""5"": 5.0, ""6"": 2.0, ""7"": 1.0, ""8"": 1.0, ""11"": 1.0, ""21"": 0.75, ""22"": 29.0, ""156"": 1.0, ""158"": 6.0, ""175"": 1.0, ""210"": 1.0, ""211"": 2.0}",2026-08-24T23:49:57-04:00
Dax Milne,4373642,WR,WSH,ACTIVE,3.30668723,12.7,3.95410728,10.9,169.88004561003422,0.03405091965977575,,,"{""42"": 17.94080046, ""43"": 0.117344847, ""44"": 0.010513525, ""45"": 0.101519296, ""46"": 0.06634286, ""47"": 3.0, ""48"": 1.0, ""53"": 1.621680025, ""56"": 0.010226615, ""57"": 0.000316287, ""58"": 2.554989157, ""60"": 11.06309518, ""61"": 1.191381281, ""62"": 0.010513525, ""63"": 9.16e-05, ""67"": 0.020829427, ""68"": 0.020829427, ""71"": 0.011664479, ""72"": 0.011664479, ""73"": 0.011664479, ""210"": 15.05882353}","{""41"": 6.0, ""42"": 37.0, ""43"": 1.0, ""47"": 5.0, ""48"": 1.0, ""53"": 6.0, ""58"": 7.0, ""59"": 13.0, ""60"": 6.16666667, ""61"": 2.46666667, ""68"": 1.0, ""114"": 300.0, ""115"": 311.0, ""116"": 26.0, ""117"": 10.0, ""118"": 25.0, ""119"": 6.0, ""155"": 7.0, ""156"": 8.0, ""158"": 6.0, ""183"": 1.0, ""210"": 15.0, ""213"": 2.0}",2026-08-24T23:49:57-04:00
Marcus Johnson,2971718,WR,NYG,ACTIVE,0.0,14.4,0.0,20.3,169.8472063854048,0.03404847017439669,,,{},"{""41"": 9.0, ""42"": 99.0, ""47"": 19.0, ""48"": 8.0, ""49"": 3.0, ""50"": 3.0, ""53"": 9.0, ""58"": 22.0, ""59"": 36.0, ""60"": 11.0, ""61"": 7.07142857, ""107"": 2.0, ""108"": 2.0, ""109"": 4.0, ""155"": 7.0, ""156"": 6.0, ""210"": 14.0, ""213"": 6.0}",2026-08-24T23:49:57-04:00
Godwin Igwebuike,3045238,RB,SEA,ACTIVE,0.0,1.2,2.18038246,23.3,170.0,0.03350474579430078,,,{},"{""23"": 3.0, ""24"": 4.0, ""39"": 1.33333333, ""40"": 0.8, ""41"": 1.0, ""42"": 3.0, ""53"": 1.0, ""58"": 1.0, ""60"": 3.0, ""61"": 0.6, ""107"": 2.0, ""108"": 1.0, ""109"": 3.0, ""114"": 308.0, ""116"": 28.0, ""117"": 10.0, ""155"": 2.0, ""156"": 3.0, ""210"": 5.0}",2026-08-24T23:49:57-04:00
Josh Johnson,11394,QB,SF,QUESTIONABLE,0.0,0.7,0.0,56.0,169.8905109489051,0.03323010133754724,,,{},"{""0"": 2.0, ""1"": 1.0, ""2"": 1.0, ""3"": 10.0, ""5"": 2.0, ""6"": 1.0, ""21"": 0.5, ""22"": 5.0, ""23"": 2.0, ""24"": 3.0, ""39"": 1.5, ""40"": 1.5, ""155"": 2.0, ""210"": 2.0, ""211"": 1.0}",2026-08-24T23:49:57-04:00
Blake Bell,2514206,TE,KC,ACTIVE,12.70225794,9.0,22.18929576,14.2,169.90237226277372,0.033078804382621466,,,"{""42"": 61.95442313, ""43"": 0.542868373, ""44"": 0.019742157, ""45"": 0.060473198, ""46"": 0.039519235, ""47"": 12.0, ""48"": 6.0, ""49"": 3.0, ""50"": 2.0, ""51"": 1.0, ""53"": 6.562240026, ""54"": 1.0, ""56"": 0.028392361, ""57"": 0.000878114, ""58"": 9.483760595, ""60"": 9.441048008, ""61"": 5.063582659, ""62"": 0.019742157, ""63"": 0.000278924, ""67"": 0.063391906, ""68"": 0.063391906, ""71"": 0.035499468, ""72"": 0.035499468, ""73"": 0.035499468, ""210"": 12.23529412}","{""41"": 2.0, ""42"": 20.0, ""43"": 1.0, ""47"": 3.0, ""48"": 1.0, ""53"": 2.0, ""58"": 2.0, ""59"": 8.0, ""60"": 10.0, ""61"": 6.66666667, ""155"": 3.0, ""158"": 6.0, ""184"": 1.0, ""210"": 3.0, ""213"": 1.0}",2026-08-24T23:49:57-04:00
C.J. Beathard,2979520,QB,JAX,ACTIVE,19.19612855,-1.2,14.40935019,1.4,169.93088503649636,0.031849885633202145,,,"{""0"": 34.85181444, ""1"": 22.25953053, ""2"": 12.59228391, ""3"": 248.1635607, ""4"": 1.513216446, ""5"": 49.0, ""6"": 24.0, ""7"": 12.0, ""8"": 9.0, ""9"": 4.0, ""10"": 2.0, ""11"": 4.0, ""12"": 2.0, ""15"": 0.20759401, ""16"": 0.135662685, ""17"": 0.216874068, ""18"": 0.029294, ""19"": 0.123196131, ""20"": 0.917893259, ""21"": 0.638690722, ""22"": 124.0817804, ""23"": 3.651232943, ""24"": 15.15804866, ""25"": 0.170196562, ""26"": 0.011811358, ""27"": 3.0, ""28"": 1.0, ""35"": 0.006922145, ""36"": 0.004845502, ""37"": 0.00996726, ""38"": 0.000340144, ""39"": 4.151487702, ""40"": 7.579024331, ""62"": 0.135007489, ""63"": 0.003010277, ""64"": 3.044003031, ""65"": 0.624029235, ""66"": 0.060124738, ""68"": 0.684153973, ""69"": 0.299534033, ""70"": 0.02765738, ""72"": 0.327191412, ""73"": 1.245084672, ""210"": 2.0}","{""0"": 11.0, ""1"": 7.0, ""2"": 4.0, ""3"": 35.0, ""5"": 6.0, ""6"": 2.0, ""7"": 1.0, ""8"": 1.0, ""11"": 1.0, ""20"": 1.0, ""21"": 0.63636364, ""22"": 7.0, ""23"": 4.0, ""24"": -4.0, ""39"": -1.0, ""40"": -0.8, ""64"": 1.0, ""73"": 1.0, ""155"": 4.0, ""156"": 1.0, ""210"": 5.0, ""211"": 2.0}",2026-08-24T23:49:57-04:00
Cody Parkey,17082,K,FA,ACTIVE,0.0,0.0,0.0,3.0,169.83644321584887,0.03166858242041803,,,{},{},2026-08-24T23:49:57-04:00
Michael Burton,2515270,RB,DEN,ACTIVE,4.95004243,2.8,6.15313738,13.2,169.6692518248175,0.03127301843754586,,,"{""23"": 7.139134537, ""24"": 30.05656877, ""25"": 0.331214622, ""26"": 0.013479203, ""27"": 6.0, ""28"": 3.0, ""29"": 1.0, ""30"": 1.0, ""33"": 1.0, ""35"": 0.013143586, ""36"": 0.00920051, ""37"": 0.002124832, ""38"": 7.25e-05, ""39"": 4.210113791, ""40"": 1.871654465, ""62"": 0.013479203, ""63"": 0.000334116, ""66"": 0.075935423, ""68"": 0.075935423, ""70"": 0.034930294, ""72"": 0.034930294, ""73"": 0.034930294, ""210"": 16.05882353}","{""23"": 5.0, ""24"": 7.0, ""27"": 1.0, ""39"": 1.4, ""40"": 0.41176471, ""41"": 2.0, ""42"": 11.0, ""47"": 1.0, ""53"": 2.0, ""58"": 3.0, ""59"": 8.0, ""60"": 5.5, ""61"": 0.64705882, ""107"": 4.0, ""108"": 4.0, ""109"": 8.0, ""114"": 29.0, ""116"": 2.0, ""155"": 14.0, ""156"": 3.0, ""210"": 17.0, ""212"": 2.0}",2026-08-24T23:49:57-04:00
Jakob Johnson,3115349,RB,LV,ACTIVE,9.4237326,3.5,6.40892345,6.3,169.8783660429028,0.031015251536535397,,,"{""23"": 3.959410642, ""24"": 16.47950057, ""25"": 0.151249439, ""26"": 0.005527284, ""27"": 3.0, ""28"": 1.0, ""35"": 0.007276879, ""36"": 0.005093815, ""37"": 0.000582686, ""38"": 1.99e-05, ""39"": 4.16210948, ""40"": 1.026196006, ""42"": 32.59364293, ""43"": 0.247685654, ""44"": 0.010620188, ""45"": 0.041978205, ""46"": 0.027432757, ""47"": 6.0, ""48"": 3.0, ""49"": 1.0, ""50"": 1.0, ""53"": 4.362454589, ""56"": 0.017646076, ""57"": 0.000545755, ""58"": 5.872847143, ""60"": 7.471399934, ""61"": 2.029640768, ""62"": 0.016147472, ""63"": 0.000389468, ""66"": 0.042114281, ""67"": 0.046401259, ""68"": 0.088515541, ""70"": 0.019372569, ""71"": 0.025984705, ""72"": 0.045357275, ""73"": 0.045357275, ""210"": 16.05882353}","{""41"": 5.0, ""42"": 10.0, ""47"": 1.0, ""53"": 5.0, ""58"": 6.0, ""59"": 7.0, ""60"": 2.0, ""61"": 0.58823529, ""107"": 1.0, ""108"": 2.0, ""109"": 3.0, ""114"": 15.0, ""116"": 1.0, ""155"": 6.0, ""156"": 11.0, ""210"": 17.0}",2026-08-24T23:49:57-04:00
Tyree Jackson,3916564,TE,PHI,QUESTIONABLE,15.58123194,0.0,0.0,9.7,169.72021907804654,0.03080217251350707,,,"{""42"": 73.30789918, ""43"": 0.774358542, ""44"": 0.057336223, ""45"": 0.067220335, ""46"": 0.043928489, ""47"": 14.0, ""48"": 7.0, ""49"": 3.0, ""50"": 2.0, ""51"": 1.0, ""53"": 7.173261059, ""54"": 1.0, ""56"": 0.032155428, ""57"": 0.000994498, ""58"": 10.93952871, ""60"": 10.21960564, ""61"": 5.991510991, ""62"": 0.057336223, ""63"": 0.000381119, ""67"": 0.08661804, ""68"": 0.08661804, ""71"": 0.048506102, ""72"": 0.048506102, ""73"": 0.048506102, ""210"": 12.23529412}","{""155"": 5.0, ""210"": 5.0}",2026-08-24T23:49:57-04:00
Jaelon Darden,4243830,WR,CLE,ACTIVE,6.4122163,3.8,8.16091375,8.4,169.921322690992,0.030417308374518986,,,"{""42"": 22.54784646, ""43"": 0.172967488, ""44"": 0.006582128, ""45"": 0.120661889, ""46"": 0.078852545, ""47"": 4.0, ""48"": 2.0, ""49"": 1.0, ""53"": 1.867355264, ""56"": 0.012612863, ""57"": 0.000390089, ""58"": 3.081469919, ""60"": 12.07474919, ""61"": 1.404078351, ""62"": 0.006582128, ""63"": 0.000105534, ""67"": 0.023984966, ""68"": 0.023984966, ""71"": 0.013431581, ""72"": 0.013431581, ""73"": 0.013431581, ""101"": 0.178784, ""102"": 0.187824, ""114"": 573.8, ""115"": 172.0, ""116"": 57.0, ""117"": 22.0, ""118"": 17.0, ""119"": 6.0, ""210"": 16.05882353}","{""23"": 1.0, ""24"": 2.0, ""39"": 2.0, ""40"": 0.14285714, ""41"": 2.0, ""42"": 26.0, ""47"": 5.0, ""48"": 2.0, ""49"": 1.0, ""50"": 1.0, ""53"": 2.0, ""58"": 2.0, ""59"": 16.0, ""60"": 13.0, ""61"": 1.85714286, ""114"": 67.0, ""115"": 345.0, ""116"": 6.0, ""117"": 2.0, ""118"": 30.0, ""119"": 8.0, ""143"": 3.0, ""144"": 28.0, ""155"": 7.0, ""156"": 7.0, ""210"": 14.0, ""213"": 1.0}",2026-08-24T23:49:57-04:00
Josh Lambo,2998120,K,FA,ACTIVE,0.0,3.0,133.32620247,2.0,169.9090071412117,0.03001213661524587,,,{},"{""86"": 3.0, ""87"": 4.0, ""88"": 1.0, ""108"": 1.0, ""109"": 1.0, ""155"": 1.0, ""158"": 3.0, ""210"": 1.0}",2026-08-24T23:49:57-04:00
Armani Rogers,4056052,TE,WSH,ACTIVE,11.35740058,11.5,,,169.59698767685987,0.029948532628606184,,,"{""42"": 58.16887089, ""43"": 0.455458679, ""44"": 0.040801546, ""45"": 0.10740857, ""46"": 0.0701915, ""47"": 11.0, ""48"": 5.0, ""49"": 2.0, ""50"": 2.0, ""51"": 1.0, ""53"": 5.596502825, ""54"": 1.0, ""56"": 0.028699024, ""57"": 0.000887599, ""58"": 8.285977407, ""60"": 10.39378925, ""61"": 3.622237382, ""62"": 0.040801546, ""63"": 0.000283223, ""67"": 0.064368833, ""68"": 0.064368833, ""71"": 0.036046546, ""72"": 0.036046546, ""73"": 0.036046546, ""210"": 16.05882353}","{""23"": 2.0, ""24"": 26.0, ""27"": 4.0, ""28"": 2.0, ""29"": 1.0, ""39"": 13.0, ""40"": 2.36363636, ""41"": 5.0, ""42"": 64.0, ""47"": 11.0, ""48"": 5.0, ""49"": 2.0, ""50"": 1.0, ""53"": 5.0, ""58"": 6.0, ""59"": 57.0, ""60"": 12.8, ""61"": 5.81818182, ""107"": 2.0, ""108"": 1.0, ""109"": 3.0, ""155"": 6.0, ""156"": 5.0, ""210"": 11.0, ""212"": 1.0, ""213"": 4.0}",2026-08-24T23:49:57-04:00
Jermar Jefferson,4374033,RB,DET,ACTIVE,0.0,0.0,26.08061812,23.7,169.73813868613138,0.029876843383452922,,,{},{},2026-08-24T23:49:57-04:00
Devon Allen,3052083,WR,PHI,ACTIVE,0.0,0.0,,,169.84378563283923,0.02966366947416344,,,{},{},2026-08-24T23:49:57-04:00
Davis Webb,3052600,QB,FA,ACTIVE,0.0,22.7,,,169.93909671532847,0.029338187730054324,,,{},"{""0"": 40.0, ""1"": 23.0, ""2"": 17.0, ""3"": 168.0, ""4"": 1.0, ""5"": 33.0, ""6"": 16.0, ""7"": 8.0, ""8"": 6.0, ""9"": 3.0, ""10"": 1.0, ""11"": 4.0, ""12"": 2.0, ""13"": 3.0, ""14"": 1.0, ""21"": 0.575, ""22"": 168.0, ""23"": 6.0, ""24"": 41.0, ""25"": 1.0, ""27"": 8.0, ""28"": 4.0, ""29"": 2.0, ""30"": 1.0, ""33"": 1.0, ""39"": 6.83333333, ""40"": 41.0, ""156"": 1.0, ""158"": 12.0, ""177"": 1.0, ""180"": 1.0, ""210"": 1.0, ""211"": 11.0, ""212"": 2.0}",2026-08-24T23:49:57-04:00
Ross Dwelley,3120303,TE,SF,ACTIVE,7.7052864,18.0,14.71774965,13.1,169.85310218978103,0.029094892743705296,,,"{""42"": 37.90141654, ""43"": 0.325165273, ""44"": 0.016687592, ""45"": 0.076604307, ""46"": 0.050060914, ""47"": 7.0, ""48"": 3.0, ""49"": 1.0, ""50"": 1.0, ""53"": 3.968907996, ""56"": 0.0192525, ""57"": 0.000595438, ""58"": 5.763787019, ""60"": 9.549583052, ""61"": 2.360161469, ""62"": 0.016687592, ""63"": 0.00021087, ""67"": 0.047925069, ""68"": 0.047925069, ""71"": 0.026838039, ""72"": 0.026838039, ""73"": 0.026838039, ""210"": 16.05882353}","{""41"": 3.0, ""42"": 105.0, ""43"": 1.0, ""47"": 20.0, ""48"": 9.0, ""49"": 3.0, ""50"": 3.0, ""51"": 1.0, ""53"": 3.0, ""58"": 5.0, ""59"": 43.0, ""60"": 35.0, ""61"": 8.75, ""96"": 1.0, ""107"": 1.0, ""109"": 1.0, ""155"": 8.0, ""156"": 4.0, ""158"": 6.0, ""186"": 1.0, ""210"": 12.0, ""213"": 3.0}",2026-08-24T23:49:57-04:00
Nate Sudfeld,2979501,QB,DET,ACTIVE,14.38650824,-0.4,,,169.91856751824818,0.028452890143319847,,,"{""0"": 35.7899076, ""1"": 22.3034178, ""2"": 13.48648981, ""3"": 223.9277927, ""4"": 1.155115892, ""5"": 44.0, ""6"": 22.0, ""7"": 11.0, ""8"": 8.0, ""9"": 4.0, ""10"": 2.0, ""11"": 4.0, ""12"": 2.0, ""15"": 0.171794528, ""16"": 0.112267724, ""17"": 0.149208977, ""18"": 0.02015422, ""19"": 0.088215616, ""20"": 1.162536076, ""21"": 0.623176177, ""22"": 111.9638963, ""23"": 2.180972619, ""24"": 8.340617691, ""25"": 0.081668373, ""26"": 0.005316513, ""27"": 1.0, ""35"": 0.00408038, ""36"": 0.002856266, ""37"": 0.002990024, ""38"": 0.000102038, ""39"": 3.824265201, ""40"": 4.170308845, ""62"": 0.093532129, ""63"": 0.002435746, ""64"": 2.807049837, ""65"": 0.523970995, ""66"": 0.029607681, ""68"": 0.553578675, ""69"": 0.251506077, ""70"": 0.013619533, ""72"": 0.265125611, ""73"": 1.427661686, ""210"": 2.0}","{""23"": 5.0, ""24"": -4.0, ""39"": -0.8, ""40"": -1.33333333, ""64"": 1.0, ""155"": 3.0, ""210"": 3.0}",2026-08-24T23:49:57-04:00
Chris Oladokun,4044111,QB,KC,ACTIVE,0.0,0.0,,,169.4530109489051,0.02823942180496971,,,{},{},2026-08-24T23:49:57-04:00
Tyrie Cleveland,4034964,WR,PHI,ACTIVE,38.53991298,3.8,,,169.88506271379703,0.02812423488161767,,,"{""42"": 208.6334476, ""43"": 1.546162451, ""44"": 0.087503191, ""45"": 0.151955123, ""46"": 0.099302673, ""47"": 41.0, ""48"": 20.0, ""49"": 10.0, ""50"": 8.0, ""51"": 4.0, ""53"": 16.93645898, ""54"": 3.0, ""55"": 1.0, ""56"": 0.077959933, ""57"": 0.002411132, ""58"": 27.46571143, ""60"": 12.31859906, ""61"": 12.99182641, ""62"": 0.087503191, ""63"": 0.000957166, ""67"": 0.217537817, ""68"": 0.217537817, ""71"": 0.121821178, ""72"": 0.121821178, ""73"": 0.121821178, ""210"": 16.05882353}","{""41"": 2.0, ""42"": 28.0, ""47"": 5.0, ""48"": 2.0, ""49"": 1.0, ""50"": 1.0, ""53"": 2.0, ""58"": 7.0, ""59"": 17.0, ""60"": 14.0, ""61"": 4.66666667, ""107"": 1.0, ""108"": 2.0, ""109"": 3.0, ""114"": 18.0, ""116"": 1.0, ""155"": 1.0, ""156"": 5.0, ""210"": 6.0, ""213"": 1.0}",2026-08-24T23:49:57-04:00
Nick Boyle,2574591,TE,FA,ACTIVE,12.17538512,0.0,27.28867171,0.7,169.87294708029196,0.02795692499434459,,,"{""42"": 56.20333346, ""43"": 0.591642552, ""44"": 0.053970616, ""45"": 0.075344881, ""46"": 0.049237879, ""47"": 11.0, ""48"": 5.0, ""49"": 2.0, ""50"": 2.0, ""51"": 1.0, ""53"": 5.922668897, ""54"": 1.0, ""56"": 0.027740104, ""57"": 0.000857941, ""58"": 8.710497683, ""60"": 9.489528189, ""61"": 3.499841278, ""62"": 0.053970616, ""63"": 0.00025174, ""67"": 0.057213584, ""68"": 0.057213584, ""71"": 0.032039607, ""72"": 0.032039607, ""73"": 0.032039607, ""210"": 16.05882353}","{""107"": 1.0, ""109"": 1.0, ""114"": 14.0, ""116"": 1.0, ""155"": 9.0, ""156"": 4.0, ""210"": 13.0}",2026-08-24T23:49:57-04:00
Jimmy Graham,13232,TE,FA,ACTIVE,0.0,0.0,56.79400501,43.7,169.96806569343065,0.02771215829982703,,,{},{},2026-08-24T23:49:57-04:00
Larry Rountree III,4241205,RB,LAC,ACTIVE,0.0,4.3,33.19961635,15.1,170.0,0.027600728431595722,,,{},"{""23"": 13.0, ""24"": 19.0, ""27"": 3.0, ""28"": 1.0, ""33"": 2.0, ""34"": 1.0, ""39"": 1.46153846, ""40"": 4.75, ""41"": 2.0, ""42"": 14.0, ""47"": 2.0, ""48"": 1.0, ""53"": 2.0, ""58"": 2.0, ""59"": 31.0, ""60"": 7.0, ""61"": 3.5, ""155"": 2.0, ""156"": 2.0, ""210"": 4.0, ""213"": 1.0}",2026-08-24T23:49:57-04:00
Chris Myarick,3138744,TE,NYG,ACTIVE,30.27594261,16.0,,,169.84922445255475,0.027410793571026788,,,"{""42"": 155.6114978, ""43"": 1.178562378, ""44"": 0.069856994, ""45"": 0.091204016, ""46"": 0.059601824, ""47"": 31.0, ""48"": 15.0, ""49"": 7.0, ""50"": 6.0, ""51"": 3.0, ""53"": 15.42461862, ""54"": 3.0, ""55"": 1.0, ""56"": 0.060066051, ""57"": 0.001857713, ""58"": 23.03071891, ""60"": 10.0885151, ""61"": 9.690093272, ""62"": 0.069856994, ""63"": 0.000819519, ""67"": 0.186254232, ""68"": 0.186254232, ""71"": 0.10430237, ""72"": 0.10430237, ""73"": 0.10430237, ""210"": 16.05882353}","{""41"": 7.0, ""42"": 65.0, ""43"": 1.0, ""47"": 11.0, ""48"": 5.0, ""49"": 2.0, ""53"": 7.0, ""58"": 8.0, ""59"": 38.0, ""60"": 9.28571429, ""61"": 4.0625, ""107"": 2.0, ""108"": 4.0, ""109"": 6.0, ""110"": 1.0, ""155"": 9.0, ""156"": 6.0, ""158"": 6.0, ""183"": 1.0, ""210"": 16.0, ""213"": 5.0}",2026-08-24T23:49:57-04:00
Kylin Hill,4259805,RB,FA,ACTIVE,0.0,0.7,19.35828197,3.4,169.8775091240876,0.027315971093442675,,,{},"{""23"": 1.0, ""24"": 7.0, ""27"": 1.0, ""39"": 7.0, ""40"": 3.5, ""155"": 1.0, ""156"": 1.0, ""210"": 2.0, ""212"": 1.0}",2026-08-24T23:49:57-04:00
Tyler Johnson,2310331,WR,LV,ACTIVE,48.79249793,0.0,10.06632244,54.0,169.88871151653365,0.02721195046285248,,,"{""42"": 286.562777, ""43"": 1.191301153, ""44"": 0.070374233, ""45"": 0.102548768, ""46"": 0.06701562, ""47"": 57.0, ""48"": 28.0, ""49"": 14.0, ""50"": 11.0, ""51"": 5.0, ""53"": 26.30069479, ""54"": 5.0, ""55"": 2.0, ""56"": 0.11674832, ""57"": 0.003610773, ""58"": 41.23105966, ""60"": 10.89563524, ""61"": 17.84456853, ""62"": 0.070374233, ""63"": 0.00118911, ""67"": 0.270252276, ""68"": 0.270252276, ""71"": 0.151341275, ""72"": 0.151341275, ""73"": 0.151341275, ""210"": 16.05882353}","{""155"": 1.0, ""156"": 1.0, ""210"": 2.0}",2026-08-24T23:49:57-04:00
Anthony McFarland Jr.,4241941,RB,PIT,ACTIVE,0.0,5.1,34.75146878,1.9,170.0,0.026998801794601093,,,{},"{""23"": 6.0, ""24"": 30.0, ""27"": 6.0, ""28"": 3.0, ""29"": 1.0, ""30"": 1.0, ""33"": 1.0, ""39"": 5.0, ""40"": 30.0, ""41"": 2.0, ""42"": 11.0, ""47"": 2.0, ""48"": 1.0, ""53"": 2.0, ""58"": 2.0, ""59"": 15.0, ""60"": 5.5, ""61"": 11.0, ""155"": 1.0, ""210"": 1.0, ""212"": 3.0, ""213"": 1.0}",2026-08-24T23:49:57-04:00
Tyron Johnson,3894912,WR,SF,ACTIVE,32.14959205,1.3,42.73367778,2.6,169.87251995438996,0.026889292939639937,,,"{""42"": 182.7493337, ""43"": 1.126102543, ""44"": 0.048270411, ""45"": 0.177858232, ""46"": 0.116230355, ""47"": 36.0, ""48"": 18.0, ""49"": 9.0, ""50"": 7.0, ""51"": 3.0, ""53"": 14.45901039, ""54"": 2.0, ""55"": 1.0, ""56"": 0.068692223, ""57"": 0.002124502, ""58"": 23.12568997, ""60"": 12.6391315, ""61"": 11.37999514, ""62"": 0.048270411, ""63"": 0.000817153, ""67"": 0.185716599, ""68"": 0.185716599, ""71"": 0.104001296, ""72"": 0.104001296, ""73"": 0.104001296, ""210"": 16.05882353}","{""41"": 1.0, ""42"": 8.0, ""47"": 1.0, ""53"": 1.0, ""58"": 1.0, ""59"": 10.0, ""60"": 8.0, ""61"": 2.0, ""155"": 1.0, ""156"": 3.0, ""210"": 4.0}",2026-08-24T23:49:57-04:00
Jeff Smith,3929118,WR,NYG,ACTIVE,9.38686941,17.4,4.12892428,15.2,169.78586088939568,0.02648246482507654,,,"{""42"": 54.78087653, ""43"": 0.280794763, ""44"": 0.023408397, ""45"": 0.086487759, ""46"": 0.056519751, ""47"": 10.0, ""48"": 5.0, ""49"": 2.0, ""50"": 2.0, ""51"": 1.0, ""53"": 4.483385808, ""56"": 0.027045236, ""57"": 0.000836451, ""58"": 8.105203493, ""60"": 12.21863986, ""61"": 3.637792582, ""62"": 0.023408397, ""63"": 0.000253379, ""67"": 0.057586179, ""68"": 0.057586179, ""71"": 0.03224826, ""72"": 0.03224826, ""73"": 0.03224826, ""210"": 15.05882353}","{""41"": 8.0, ""42"": 134.0, ""47"": 25.0, ""48"": 11.0, ""49"": 4.0, ""50"": 3.0, ""51"": 1.0, ""53"": 8.0, ""58"": 11.0, ""59"": 37.0, ""60"": 16.75, ""61"": 12.18181818, ""155"": 6.0, ""156"": 5.0, ""210"": 11.0, ""213"": 5.0}",2026-08-24T23:49:57-04:00
Lawrence Cager,3917849,TE,NYG,ACTIVE,0.0,24.3,,,169.94320255474452,0.02639106146841004,,,{},"{""41"": 13.0, ""42"": 118.0, ""43"": 1.0, ""47"": 22.0, ""48"": 10.0, ""49"": 5.0, ""50"": 2.0, ""51"": 1.0, ""53"": 13.0, ""54"": 1.0, ""58"": 19.0, ""59"": 78.0, ""60"": 9.07692308, ""61"": 16.85714286, ""64"": 1.0, ""155"": 2.0, ""156"": 5.0, ""158"": 6.0, ""183"": 1.0, ""210"": 7.0, ""213"": 8.0}",2026-08-24T23:49:57-04:00
Danny Amendola,11674,WR,FA,ACTIVE,0.0,0.0,44.20486011,56.8,169.98038768529076,0.02628667578982912,,,{},{},2026-08-24T23:49:57-04:00
Parker Hesse,3144991,TE,ATL,ACTIVE,25.90120762,13.4,,,169.94728434504793,0.0259648983029627,,,"{""42"": 139.1859042, ""43"": 0.854864049, ""44"": 0.046535387, ""45"": 0.087511065, ""46"": 0.057188481, ""47"": 27.0, ""48"": 13.0, ""49"": 6.0, ""50"": 5.0, ""51"": 2.0, ""53"": 13.89660355, ""54"": 2.0, ""55"": 1.0, ""56"": 0.055082894, ""57"": 0.001703595, ""58"": 20.82009781, ""60"": 10.01582176, ""61"": 8.667254106, ""62"": 0.046535387, ""63"": 0.000738334, ""67"": 0.167803256, ""68"": 0.167803256, ""71"": 0.093969823, ""72"": 0.093969823, ""73"": 0.093969823, ""210"": 16.05882353}","{""41"": 9.0, ""42"": 89.0, ""47"": 14.0, ""48"": 3.0, ""49"": 1.0, ""53"": 9.0, ""58"": 11.0, ""59"": 36.0, ""60"": 9.88888889, ""61"": 5.23529412, ""108"": 2.0, ""109"": 2.0, ""155"": 7.0, ""156"": 10.0, ""210"": 17.0, ""213"": 6.0}",2026-08-24T23:49:57-04:00
Michael Woods II,4360174,WR,CLE,ACTIVE,6.09504892,6.5,,,169.9315849486887,0.025608850418704705,,,"{""42"": 33.35293806, ""43"": 0.20763831, ""44"": 0.012430622, ""45"": 0.099739844, ""46"": 0.065179988, ""47"": 6.0, ""48"": 3.0, ""49"": 1.0, ""50"": 1.0, ""53"": 3.050734839, ""56"": 0.017859634, ""57"": 0.00055236, ""58"": 4.819323534, ""60"": 10.93275549, ""61"": 2.214843543, ""62"": 0.012430622, ""63"": 0.000142621, ""67"": 0.032413761, ""68"": 0.032413761, ""71"": 0.018151706, ""72"": 0.018151706, ""73"": 0.018151706, ""210"": 15.05882353}","{""23"": 1.0, ""24"": -5.0, ""39"": -5.0, ""40"": -0.5, ""41"": 5.0, ""42"": 45.0, ""47"": 8.0, ""48"": 2.0, ""53"": 5.0, ""58"": 10.0, ""59"": 17.0, ""60"": 9.0, ""61"": 4.5, ""108"": 1.0, ""109"": 1.0, ""155"": 3.0, ""156"": 7.0, ""210"": 10.0, ""213"": 4.0}",2026-08-24T23:49:57-04:00
Duke Johnson,2969962,RB,FA,ACTIVE,0.0,0.4,0.0,57.1,169.8161496350365,0.025411799640808495,,,{},"{""23"": 2.0, ""24"": 4.0, ""39"": 2.0, ""40"": 4.0, ""114"": 157.0, ""116"": 15.0, ""117"": 6.0, ""156"": 1.0, ""210"": 1.0, ""212"": 1.0}",2026-08-24T23:49:57-04:00
Matthew Slater,11387,WR,NE,ACTIVE,0.0,0.0,0.0,0.0,169.8291904218928,0.025395443331882168,,,{},"{""107"": 6.0, ""108"": 7.0, ""109"": 13.0, ""110"": 1.0, ""155"": 8.0, ""156"": 9.0, ""210"": 17.0}",2026-08-24T23:49:57-04:00
KhaDarel Hodge,3047876,WR,ATL,ACTIVE,18.91536068,34.7,12.41930538,24.2,169.90558722919042,0.02536008109527056,,,"{""42"": 112.543459, ""43"": 0.535290796, ""44"": 0.029136678, ""45"": 0.108214445, ""46"": 0.07071814, ""47"": 22.0, ""48"": 11.0, ""49"": 5.0, ""50"": 4.0, ""51"": 2.0, ""53"": 9.042148062, ""54"": 1.0, ""56"": 0.047230639, ""57"": 0.001460741, ""58"": 16.07865585, ""60"": 12.44654016, ""61"": 7.008200743, ""62"": 0.029136678, ""63"": 0.000511018, ""67"": 0.11614052, ""68"": 0.11614052, ""71"": 0.065038691, ""72"": 0.065038691, ""73"": 0.065038691, ""210"": 16.05882353}","{""41"": 13.0, ""42"": 202.0, ""43"": 1.0, ""44"": 1.0, ""47"": 37.0, ""48"": 16.0, ""49"": 5.0, ""50"": 5.0, ""51"": 1.0, ""53"": 13.0, ""58"": 20.0, ""59"": 61.0, ""60"": 15.53846154, ""61"": 11.88235294, ""107"": 2.0, ""108"": 7.0, ""109"": 9.0, ""155"": 7.0, ""156"": 10.0, ""158"": 8.0, ""185"": 1.0, ""210"": 17.0, ""213"": 7.0}",2026-08-24T23:49:57-04:00
Greg Olsen,10475,TE,SEA,,0.0,0.0,0.0,0.0,170.0,0.024542146690900556,,,{},{},2026-08-24T23:49:57-04:00
Ian Book,4046678,QB,PHI,ACTIVE,0.0,0.0,0.0,2.0,169.60036496350364,0.02449422636092921,,,{},{},2026-08-24T23:49:57-04:00
Hunter Long,4239944,TE,LAR,ACTIVE,8.04808758,0.0,15.53178823,1.3,169.86747262773721,0.024400064308041206,,,"{""42"": 39.83481652, ""43"": 0.354165306, ""44"": 0.02043769, ""45"": 0.093448246, ""46"": 0.061068429, ""47"": 7.0, ""48"": 3.0, ""49"": 1.0, ""50"": 1.0, ""53"": 3.903048191, ""56"": 0.020996372, ""57"": 0.000649372, ""58"": 5.87689409, ""60"": 10.20607857, ""61"": 2.48055634, ""62"": 0.02043769, ""63"": 0.000207371, ""67"": 0.047129803, ""68"": 0.047129803, ""71"": 0.02639269, ""72"": 0.02639269, ""73"": 0.02639269, ""210"": 16.05882353}","{""108"": 1.0, ""109"": 1.0, ""155"": 5.0, ""156"": 5.0, ""210"": 10.0}",2026-08-24T23:49:57-04:00
Racey McMath,4242231,WR,TEN,ACTIVE,0.0,5.4,,,169.90262257696693,0.024291728701995342,,,{},"{""23"": 1.0, ""24"": 4.0, ""39"": 4.0, ""40"": 0.8, ""41"": 2.0, ""42"": 40.0, ""47"": 7.0, ""48"": 3.0, ""49"": 1.0, ""50"": 1.0, ""53"": 2.0, ""58"": 8.0, ""59"": 7.0, ""60"": 20.0, ""61"": 8.0, ""107"": 1.0, ""108"": 1.0, ""109"": 2.0, ""156"": 5.0, ""210"": 5.0, ""213"": 1.0}",2026-08-24T23:49:57-04:00
Antonio Williams,4040629,RB,FA,ACTIVE,13.24755033,0.0,,,169.74657846715328,0.02354579799981647,,,"{""23"": 11.12830294, ""24"": 48.22110144, ""25"": 0.421941283, ""26"": 0.021309247, ""27"": 9.0, ""28"": 4.0, ""29"": 2.0, ""30"": 1.0, ""33"": 2.0, ""34"": 1.0, ""35"": 0.020540054, ""36"": 0.014378038, ""37"": 0.006056942, ""38"": 0.0002067, ""39"": 4.333194531, ""40"": 3.415661352, ""42"": 29.9315718, ""43"": 0.145328784, ""44"": 0.008615785, ""45"": 0.039277048, ""46"": 0.025667551, ""47"": 5.0, ""48"": 2.0, ""49"": 1.0, ""50"": 1.0, ""53"": 4.184378029, ""56"": 0.01625327, ""57"": 0.000502678, ""58"": 5.415593385, ""60"": 7.153171056, ""61"": 2.120153003, ""62"": 0.029925032, ""63"": 0.000556974, ""66"": 0.091994164, ""67"": 0.034590931, ""68"": 0.126585095, ""70"": 0.042317315, ""71"": 0.019370921, ""72"": 0.061688237, ""73"": 0.061688237, ""210"": 14.11764706}","{""155"": 1.0, ""156"": 1.0, ""210"": 2.0}",2026-08-24T23:49:57-04:00
Bo Melton,4259305,WR,GB,ACTIVE,0.0,0.0,,,169.92086659064995,0.023507940341121584,,,{},{},2026-08-24T23:49:57-04:00
Dan Bailey,14322,K,FA,ACTIVE,0.0,0.0,0.0,0.0,169.79843354065883,0.023311612481829037,,,{},{},2026-08-24T23:49:57-04:00
Eric Tomlinson,2511973,TE,DEN,ACTIVE,11.75520342,24.4,,,169.91628649635035,0.02322367389972502,,,"{""42"": 58.01049591, ""43"": 0.541674759, ""44"": 0.030644549, ""45"": 0.115298123, ""46"": 0.075347323, ""47"": 11.0, ""48"": 5.0, ""49"": 2.0, ""50"": 2.0, ""51"": 1.0, ""53"": 5.432574173, ""54"": 1.0, ""56"": 0.027483478, ""57"": 0.000850004, ""58"": 8.09828229, ""60"": 10.67827038, ""61"": 3.612375203, ""62"": 0.030644549, ""63"": 0.000288636, ""67"": 0.065599024, ""68"": 0.065599024, ""71"": 0.036735454, ""72"": 0.036735454, ""73"": 0.036735454, ""210"": 16.05882353}","{""41"": 9.0, ""42"": 79.0, ""43"": 2.0, ""47"": 14.0, ""48"": 6.0, ""49"": 2.0, ""50"": 1.0, ""53"": 9.0, ""58"": 13.0, ""59"": 44.0, ""60"": 8.77777778, ""61"": 4.64705882, ""155"": 5.0, ""156"": 12.0, ""158"": 12.0, ""183"": 2.0, ""210"": 17.0, ""213"": 5.0}",2026-08-24T23:49:57-04:00
Quinn Nordin,4046532,K,FA,QUESTIONABLE,0.0,0.0,0.0,0.0,169.96936189818015,0.023131305293701696,,,{},{},2026-08-24T23:49:57-04:00
Jared Bernhardt,4911488,WR,ATL,QUESTIONABLE,6.17815457,0.0,,,169.96693272519954,0.022976649890629725,,,"{""42"": 35.5136926, ""43"": 0.17737058, ""44"": 0.00964998, ""45"": 0.104027972, ""46"": 0.06798228, ""47"": 7.0, ""48"": 3.0, ""49"": 1.0, ""50"": 1.0, ""53"": 3.161773246, ""56"": 0.018860252, ""57"": 0.000583307, ""58"": 5.050496952, ""60"": 11.23220732, ""61"": 2.358331149, ""62"": 0.00964998, ""63"": 0.000147812, ""67"": 0.033593533, ""68"": 0.033593533, ""71"": 0.018812378, ""72"": 0.018812378, ""73"": 0.018812378, ""210"": 15.05882353}","{""155"": 1.0, ""156"": 1.0, ""210"": 2.0}",2026-08-24T23:49:57-04:00
Cole Turner,4361438,TE,WSH,ACTIVE,3.48530585,3.3,,,169.94502737226279,0.022867319679430096,,,"{""42"": 17.83129348, ""43"": 0.13943794, ""44"": 0.012494925, ""45"": 0.098827353, ""46"": 0.064583675, ""47"": 3.0, ""48"": 1.0, ""53"": 1.725575081, ""56"": 0.010168812, ""57"": 0.000314499, ""58"": 2.554989157, ""60"": 10.33353673, ""61"": 1.184109333, ""62"": 0.012494925, ""63"": 8.73e-05, ""67"": 0.019846904, ""68"": 0.019846904, ""71"": 0.011114266, ""72"": 0.011114266, ""73"": 0.011114266, ""210"": 15.05882353}","{""41"": 2.0, ""42"": 23.0, ""47"": 4.0, ""48"": 2.0, ""49"": 1.0, ""53"": 2.0, ""58"": 9.0, ""59"": 7.0, ""60"": 11.5, ""61"": 2.3, ""107"": 1.0, ""109"": 1.0, ""155"": 5.0, ""156"": 4.0, ""210"": 10.0, ""213"": 1.0}",2026-08-24T23:49:57-04:00
Qadree Ollison,3123944,RB,JAX,ACTIVE,0.0,0.0,0.0,17.7,169.89621350364965,0.02276330924453556,,,{},"{""108"": 2.0, ""109"": 2.0, ""155"": 2.0, ""156"": 1.0, ""210"": 3.0}",2026-08-24T23:49:57-04:00
Ihmir Smith-Marsette,4240573,WR,KC,ACTIVE,7.32597915,-0.1,30.15606419,26.1,169.97856328392245,0.022691705790297338,,,"{""42"": 41.34720401, ""43"": 0.234270207, ""44"": 0.015679762, ""45"": 0.129639905, ""46"": 0.084719678, ""47"": 8.0, ""48"": 4.0, ""49"": 2.0, ""50"": 1.0, ""53"": 3.612492217, ""56"": 0.021560281, ""57"": 0.000666813, ""58"": 5.656118602, ""60"": 11.44561747, ""61"": 2.574734316, ""62"": 0.015679762, ""63"": 0.000204161, ""67"": 0.046400117, ""68"": 0.046400117, ""71"": 0.025984065, ""72"": 0.025984065, ""73"": 0.025984065, ""210"": 16.05882353}","{""23"": 1.0, ""24"": -1.0, ""39"": -1.0, ""40"": -0.125, ""41"": 1.0, ""42"": 15.0, ""47"": 3.0, ""48"": 1.0, ""53"": 1.0, ""58"": 4.0, ""59"": 5.0, ""60"": 15.0, ""61"": 1.875, ""67"": 1.0, ""68"": 1.0, ""71"": 1.0, ""72"": 1.0, ""73"": 1.0, ""114"": 17.0, ""116"": 1.0, ""155"": 4.0, ""156"": 4.0, ""210"": 8.0}",2026-08-24T23:49:57-04:00
Emmanuel Sanders,13295,WR,FA,ACTIVE,0.0,0.0,101.80235078,110.7,169.97742303306728,0.022439813215269045,,,{},{},2026-08-24T23:49:57-04:00
Taiwan Jones,14167,RB,BUF,ACTIVE,0.0,-2.0,2.27020574,0.0,169.742700729927,0.02236840043141093,,,{},"{""68"": 1.0, ""72"": 1.0, ""73"": 1.0, ""107"": 3.0, ""108"": 2.0, ""109"": 5.0, ""114"": 2.0, ""155"": 13.0, ""156"": 3.0, ""210"": 16.0}",2026-08-24T23:49:57-04:00
Charlie Kolar,4241263,TE,BAL,ACTIVE,5.59680359,6.9,,,169.89712591240877,0.02226594789625918,,,"{""42"": 27.6840569, ""43"": 0.250455071, ""44"": 0.02284735, ""45"": 0.087533626, ""46"": 0.057203224, ""47"": 5.0, ""48"": 2.0, ""49"": 1.0, ""50"": 1.0, ""53"": 2.627643162, ""56"": 0.014787742, ""57"": 0.000457353, ""58"": 3.88823648, ""60"": 10.5356988, ""61"": 2.262639266, ""62"": 0.02284735, ""63"": 0.000132977, ""67"": 0.030222146, ""68"": 0.030222146, ""71"": 0.016924402, ""72"": 0.016924402, ""73"": 0.016924402, ""210"": 12.23529412}","{""41"": 4.0, ""42"": 49.0, ""47"": 9.0, ""48"": 4.0, ""49"": 2.0, ""50"": 1.0, ""53"": 4.0, ""58"": 6.0, ""59"": 20.0, ""60"": 12.25, ""61"": 24.5, ""156"": 2.0, ""210"": 2.0, ""213"": 3.0}",2026-08-24T23:49:57-04:00
Chris Blewitt,3045141,K,FA,ACTIVE,0.0,0.0,,8.0,169.91591799124626,0.02199200663865374,,,{},{},2026-08-24T23:49:57-04:00
Nick Vannett,2576399,TE,NYG,ACTIVE,13.97231415,8.5,7.28286197,23.8,169.94160583941607,0.021985740676761074,,,"{""42"": 74.79660031, ""43"": 0.503405421, ""44"": 0.030037171, ""45"": 0.11081176, ""46"": 0.072415485, ""47"": 14.0, ""48"": 7.0, ""49"": 3.0, ""50"": 2.0, ""51"": 1.0, ""53"": 7.014399039, ""54"": 1.0, ""56"": 0.034952705, ""57"": 0.001081012, ""58"": 10.57702733, ""60"": 10.66329416, ""61"": 4.657663756, ""62"": 0.030037171, ""63"": 0.00037342, ""67"": 0.084868099, ""68"": 0.084868099, ""71"": 0.047526135, ""72"": 0.047526135, ""73"": 0.047526135, ""210"": 16.05882353}","{""41"": 6.0, ""42"": 55.0, ""47"": 9.0, ""48"": 2.0, ""53"": 6.0, ""58"": 9.0, ""59"": 32.0, ""60"": 9.16666667, ""61"": 6.11111111, ""155"": 3.0, ""156"": 5.0, ""210"": 9.0, ""213"": 1.0}",2026-08-24T23:49:57-04:00
Mike Strachan,4589245,WR,IND,ACTIVE,10.65195667,7.4,8.7146939,3.6,169.87890535917902,0.02183865855150651,,,"{""42"": 56.50986008, ""43"": 0.421673756, ""44"": 0.025510849, ""45"": 0.117553263, ""46"": 0.076821057, ""47"": 11.0, ""48"": 5.0, ""49"": 2.0, ""50"": 2.0, ""51"": 1.0, ""53"": 4.983185813, ""56"": 0.027726079, ""57"": 0.000857508, ""58"": 7.768619891, ""60"": 11.34010695, ""61"": 3.752607896, ""62"": 0.025510849, ""63"": 0.000281625, ""67"": 0.064005786, ""68"": 0.064005786, ""71"": 0.03584324, ""72"": 0.03584324, ""73"": 0.03584324, ""210"": 15.05882353}","{""41"": 3.0, ""42"": 59.0, ""47"": 11.0, ""48"": 5.0, ""49"": 2.0, ""50"": 1.0, ""53"": 3.0, ""58"": 9.0, ""59"": 13.0, ""60"": 19.66666667, ""61"": 4.53846154, ""155"": 3.0, ""156"": 9.0, ""210"": 13.0, ""213"": 3.0}",2026-08-24T23:49:57-04:00
Dillon Stoner,4038460,WR,FA,ACTIVE,0.0,0.0,,,170.0,0.02155425376399159,,,{},{},2026-08-24T23:49:57-04:00
Anthony Firkser,3049698,TE,ATL,ACTIVE,12.88525356,14.5,98.28612152,56.1,169.9495894160584,0.021414575473886713,,,"{""42"": 67.70923376, ""43"": 0.373002079, ""44"": 0.020307431, ""45"": 0.068679484, ""46"": 0.044882043, ""47"": 13.0, ""48"": 6.0, ""49"": 3.0, ""50"": 2.0, ""51"": 1.0, ""53"": 7.91716974, ""54"": 1.0, ""56"": 0.032375483, ""57"": 0.001001304, ""58"": 10.7191039, ""60"": 8.552201858, ""61"": 4.216325912, ""62"": 0.020307431, ""63"": 0.000482751, ""67"": 0.109716094, ""68"": 0.109716094, ""71"": 0.061441013, ""72"": 0.061441013, ""73"": 0.061441013, ""210"": 16.05882353}","{""41"": 9.0, ""42"": 100.0, ""47"": 18.0, ""48"": 8.0, ""49"": 2.0, ""53"": 9.0, ""58"": 13.0, ""59"": 20.0, ""60"": 11.11111111, ""61"": 9.09090909, ""155"": 4.0, ""156"": 7.0, ""210"": 11.0, ""213"": 5.0}",2026-08-24T23:49:57-04:00
Mataeo Durant,4360406,RB,FA,ACTIVE,0.0,0.0,,,169.80725364963504,0.021086300672125833,,,{},{},2026-08-24T23:49:57-04:00
Dareke Young,4401805,WR,SEA,ACTIVE,28.18406717,3.4,,,169.8903078677309,0.021085925144965736,,,"{""42"": 159.3080854, ""43"": 0.897490897, ""44"": 0.037866871, ""45"": 0.122942597, ""46"": 0.080342987, ""47"": 31.0, ""48"": 15.0, ""49"": 7.0, ""50"": 6.0, ""51"": 3.0, ""53"": 13.91636547, ""54"": 2.0, ""55"": 1.0, ""56"": 0.061212831, ""57"": 0.00189318, ""58"": 22.01309419, ""60"": 11.44753533, ""61"": 9.920283705, ""62"": 0.037866871, ""63"": 0.000650584, ""67"": 0.147860028, ""68"": 0.147860028, ""71"": 0.082801615, ""72"": 0.082801615, ""73"": 0.082801615, ""210"": 16.05882353}","{""41"": 2.0, ""42"": 24.0, ""47"": 4.0, ""48"": 2.0, ""49"": 1.0, ""53"": 2.0, ""58"": 2.0, ""59"": 23.0, ""60"": 12.0, ""61"": 1.84615385, ""107"": 1.0, ""108"": 6.0, ""109"": 7.0, ""110"": 1.0, ""155"": 8.0, ""156"": 5.0, ""210"": 13.0, ""213"": 2.0}",2026-08-24T23:49:57-04:00
Carson Strong,4361435,QB,FA,ACTIVE,0.0,0.0,,,169.67440821795444,0.020393837197071014,,,{},{},2026-08-24T23:49:57-04:00
Tyre Brady,3123074,WR,JAX,ACTIVE,0.0,0.0,0.0,0.0,169.9199543899658,0.020272291132942686,,,{},{},2026-08-24T23:49:57-04:00
Devonta Freeman,16944,RB,FA,ACTIVE,0.0,0.0,29.48395031,129.6,169.9265510948905,0.020202824980935362,,,{},{},2026-08-24T23:49:57-04:00
Andy Isabella,3914328,WR,BAL,ACTIVE,15.48291809,3.2,12.61112705,1.8,169.98449258836945,0.020057646103177673,,,"{""42"": 88.62651342, ""43"": 0.538347555, ""44"": 0.029981162, ""45"": 0.168049154, ""46"": 0.109820122, ""47"": 17.0, ""48"": 8.0, ""49"": 4.0, ""50"": 3.0, ""51"": 1.0, ""53"": 6.857744727, ""54"": 1.0, ""56"": 0.047116829, ""57"": 0.001457222, ""58"": 11.03193276, ""60"": 12.92356554, ""61"": 5.518867136, ""62"": 0.029981162, ""63"": 0.000387566, ""67"": 0.088083278, ""68"": 0.088083278, ""71"": 0.049326636, ""72"": 0.049326636, ""73"": 0.049326636, ""210"": 16.05882353}","{""23"": 1.0, ""24"": 1.0, ""39"": 1.0, ""40"": 0.2, ""41"": 2.0, ""42"": 21.0, ""47"": 4.0, ""48"": 2.0, ""53"": 2.0, ""58"": 5.0, ""59"": 5.0, ""60"": 10.5, ""61"": 4.2, ""108"": 1.0, ""109"": 1.0, ""155"": 2.0, ""156"": 3.0, ""210"": 5.0, ""213"": 2.0}",2026-08-24T23:49:57-04:00
DJ Turner,4036211,WR,LV,ACTIVE,24.03521157,2.6,,,169.78563283922463,0.019875050756178007,,,"{""42"": 130.1082604, ""43"": 0.941243218, ""44"": 0.040346682, ""45"": 0.146292982, ""46"": 0.095602463, ""47"": 26.0, ""48"": 13.0, ""49"": 6.0, ""50"": 5.0, ""51"": 2.0, ""53"": 10.85071026, ""54"": 2.0, ""55"": 1.0, ""56"": 0.052458654, ""57"": 0.001622433, ""58"": 17.25284283, ""60"": 11.9907598, ""61"": 8.101979582, ""62"": 0.040346682, ""63"": 0.000507266, ""67"": 0.11528774, ""68"": 0.11528774, ""71"": 0.064561134, ""72"": 0.064561134, ""73"": 0.064561134, ""210"": 16.05882353}","{""23"": 4.0, ""24"": 26.0, ""27"": 5.0, ""28"": 2.0, ""29"": 1.0, ""39"": 6.5, ""40"": 2.88888889, ""58"": 1.0, ""68"": 1.0, ""107"": 1.0, ""108"": 1.0, ""109"": 2.0, ""114"": 78.0, ""115"": 3.0, ""116"": 7.0, ""117"": 2.0, ""155"": 4.0, ""156"": 5.0, ""210"": 9.0, ""212"": 1.0}",2026-08-24T23:49:57-04:00
Golden Tate,13217,WR,FA,ACTIVE,0.0,0.0,0.0,0.0,169.97423033067275,0.019847212035804654,,,{},{},2026-08-24T23:49:57-04:00
Jalen Wydermyer,4428952,TE,IND,ACTIVE,0.0,0.0,,,169.74726277372264,0.019562872939495945,,,{},{},2026-08-24T23:49:57-04:00
Kellen Mond,4240904,QB,CLE,ACTIVE,0.0,0.0,31.63294528,0.2,169.8370607028754,0.019467600350844664,,,{},"{""156"": 1.0, ""210"": 1.0}",2026-08-24T23:49:57-04:00
Kyle Shurmur,3915776,QB,FA,ACTIVE,0.0,0.0,,0.0,169.77498858968508,0.019396954392910983,,,{},{},2026-08-24T23:49:57-04:00
Anthony Brown,4035312,QB,BAL,ACTIVE,,5.5,,,170.0,0.01904005328362477,,,null,"{""0"": 49.0, ""1"": 22.0, ""2"": 27.0, ""3"": 302.0, ""5"": 60.0, ""6"": 29.0, ""7"": 14.0, ""8"": 11.0, ""9"": 5.0, ""10"": 2.0, ""11"": 3.0, ""12"": 1.0, ""13"": 5.0, ""14"": 2.0, ""20"": 2.0, ""21"": 0.44897959, ""22"": 151.0, ""23"": 3.0, ""24"": -5.0, ""39"": -1.66666667, ""40"": -2.5, ""64"": 5.0, ""65"": 1.0, ""68"": 1.0, ""69"": 1.0, ""72"": 1.0, ""73"": 3.0, ""155"": 1.0, ""156"": 1.0, ""210"": 2.0, ""211"": 13.0}",2026-08-24T23:49:57-04:00
Penny Hart,3917546,WR,SEA,ACTIVE,6.36615868,3.5,8.12507964,9.4,169.92497149372863,0.01887758845574915,,,"{""42"": 37.54099495, ""43"": 0.177292775, ""44"": 0.007478544, ""45"": 0.109345307, ""46"": 0.071457158, ""47"": 7.0, ""48"": 3.0, ""49"": 1.0, ""50"": 1.0, ""53"": 3.157537499, ""56"": 0.019782634, ""57"": 0.000611834, ""58"": 5.257708212, ""60"": 11.88932672, ""61"": 2.492956696, ""62"": 0.007478544, ""63"": 0.000178449, ""67"": 0.040556519, ""68"": 0.040556519, ""71"": 0.02271165, ""72"": 0.02271165, ""73"": 0.02271165, ""210"": 15.05882353}","{""41"": 3.0, ""42"": 20.0, ""47"": 3.0, ""48"": 1.0, ""53"": 3.0, ""58"": 4.0, ""59"": 12.0, ""60"": 6.66666667, ""61"": 2.22222222, ""107"": 1.0, ""109"": 1.0, ""155"": 3.0, ""156"": 6.0, ""210"": 9.0, ""213"": 1.0}",2026-08-24T23:49:57-04:00
Jordan Ta'amu,4242418,QB,FA,ACTIVE,0.0,0.0,,,169.7369981751825,0.018826469159890207,,,{},{},2026-08-24T23:49:57-04:00
Abram Smith,4241224,RB,FA,ACTIVE,0.0,0.0,,,169.81158759124088,0.01880666040727818,,,{},{},2026-08-24T23:49:57-04:00
Jeremy Cox,3914534,RB,DEN,,0.0,0.0,0.0,0.0,169.87157846715328,0.01877987707716822,,,{},{},2026-08-24T23:49:57-04:00
Jared Cook,12537,TE,FA,ACTIVE,0.0,0.0,94.03851135,108.4,169.90921532846716,0.018211321039268872,,,{},{},2026-08-24T23:49:57-04:00
Tavon Austin,15786,WR,FA,ACTIVE,0.0,0.0,0.0,39.4,169.9425313568985,0.018139731418157088,,,{},{},2026-08-24T23:49:57-04:00
Maxx Williams,2970726,TE,ARI,ACTIVE,17.15984697,3.3,56.97027031,33.3,169.87180656934308,0.01784555599257339,,,"{""42"": 88.51943883, ""43"": 0.623957702, ""44"": 0.034778869, ""45"": 0.12387012, ""46"": 0.080949124, ""47"": 17.0, ""48"": 8.0, ""49"": 4.0, ""50"": 3.0, ""51"": 1.0, ""53"": 9.243708668, ""54"": 1.0, ""56"": 0.039506976, ""57"": 0.001221865, ""58"": 12.18790811, ""60"": 9.576182246, ""61"": 5.85537144, ""62"": 0.034778869, ""63"": 0.000499931, ""67"": 0.113620716, ""68"": 0.113620716, ""71"": 0.063627601, ""72"": 0.063627601, ""73"": 0.063627601, ""210"": 15.11764706}","{""41"": 3.0, ""42"": 18.0, ""47"": 3.0, ""48"": 1.0, ""53"": 3.0, ""58"": 3.0, ""59"": 6.0, ""60"": 6.0, ""61"": 1.63636364, ""155"": 2.0, ""156"": 9.0, ""210"": 11.0}",2026-08-24T23:49:57-04:00
Lil'Jordan Humphrey,4039057,WR,DEN,ACTIVE,0.0,3.0,18.59070539,43.4,169.9459521094641,0.017712662206016045,,,{},"{""41"": 2.0, ""42"": 20.0, ""47"": 3.0, ""48"": 1.0, ""53"": 2.0, ""58"": 4.0, ""59"": 15.0, ""60"": 10.0, ""61"": 3.33333333, ""155"": 3.0, ""156"": 3.0, ""210"": 6.0}",2026-08-24T23:49:57-04:00
Devin Asiasi,4046522,TE,CIN,ACTIVE,0.0,1.5,11.35991595,0.0,169.6300775901415,0.017570891790338713,,,{},"{""41"": 2.0, ""42"": 5.0, ""47"": 1.0, ""53"": 2.0, ""58"": 4.0, ""60"": 2.5, ""61"": 0.41666667, ""114"": 14.0, ""116"": 1.0, ""155"": 11.0, ""156"": 1.0, ""210"": 12.0}",2026-08-24T23:49:57-04:00
Tarik Cohen,3066158,RB,FA,OUT,0.0,0.0,69.04820785,0.0,169.8966697080292,0.0175708542920902,,,{},{},2026-08-24T23:49:57-04:00
Keith Smith,17315,RB,ATL,ACTIVE,15.67688376,1.5,7.9170064,13.2,169.86633211678833,0.017357023298958368,,,"{""23"": 7.653570547, ""24"": 31.53314441, ""25"": 0.179991156, ""26"": 0.008352321, ""27"": 6.0, ""28"": 3.0, ""29"": 1.0, ""30"": 1.0, ""33"": 1.0, ""35"": 0.014094615, ""36"": 0.009866231, ""37"": 0.00235165, ""38"": 8.03e-05, ""39"": 4.120056673, ""40"": 1.963602399, ""42"": 57.45299816, ""43"": 0.29114887, ""44"": 0.015857916, ""45"": 0.038382343, ""46"": 0.025082861, ""47"": 11.0, ""48"": 5.0, ""49"": 2.0, ""50"": 2.0, ""51"": 1.0, ""53"": 8.079856193, ""54"": 1.0, ""56"": 0.028440538, ""57"": 0.000879604, ""58"": 10.7191039, ""60"": 7.110646129, ""61"": 3.577659226, ""62"": 0.024210237, ""63"": 0.000589067, ""66"": 0.065125778, ""67"": 0.068753129, ""68"": 0.133878907, ""70"": 0.029957858, ""71"": 0.038501752, ""72"": 0.06845961, ""73"": 0.06845961, ""210"": 16.05882353}","{""23"": 1.0, ""24"": 2.0, ""39"": 2.0, ""40"": 0.11764706, ""41"": 1.0, ""42"": 8.0, ""47"": 1.0, ""53"": 1.0, ""58"": 2.0, ""59"": 8.0, ""60"": 8.0, ""61"": 0.47058824, ""107"": 1.0, ""108"": 3.0, ""109"": 4.0, ""114"": 37.0, ""116"": 3.0, ""155"": 7.0, ""156"": 10.0, ""210"": 17.0, ""212"": 1.0}",2026-08-24T23:49:57-04:00
Chris Manhertz,2531358,TE,DEN,ACTIVE,23.07213055,7.2,31.8836311,16.1,169.94525547445255,0.01728633063842047,,,"{""42"": 123.7566393, ""43"": 0.840419479, ""44"": 0.068600895, ""45"": 0.116936566, ""46"": 0.076418046, ""47"": 24.0, ""48"": 12.0, ""49"": 6.0, ""50"": 4.0, ""51"": 2.0, ""53"": 11.34022968, ""54"": 2.0, ""55"": 1.0, ""56"": 0.05055927, ""57"": 0.001563689, ""58"": 17.28243315, ""60"": 10.91306286, ""61"": 7.706457392, ""62"": 0.068600895, ""63"": 0.000602513, ""67"": 0.136934716, ""68"": 0.136934716, ""71"": 0.076683441, ""72"": 0.076683441, ""73"": 0.076683441, ""210"": 16.05882353}","{""41"": 6.0, ""42"": 42.0, ""47"": 8.0, ""48"": 3.0, ""49"": 1.0, ""53"": 6.0, ""58"": 8.0, ""59"": 35.0, ""60"": 7.0, ""61"": 2.47058824, ""155"": 9.0, ""156"": 8.0, ""210"": 17.0, ""213"": 2.0}",2026-08-24T23:49:57-04:00
Jakeem Grant Sr.,2577641,WR,CLE,QUESTIONABLE,0.0,0.0,11.96077359,34.0,169.78266818700115,0.017214838337018163,,,{},{},2026-08-24T23:49:57-04:00
Ryan Santoso,3040204,K,FA,ACTIVE,0.0,0.0,117.95129877,17.0,169.90370882285188,0.017202015344197685,,,{},{},2026-08-24T23:49:57-04:00
Blake Jarwin,2991767,TE,DAL,,0.0,0.0,91.97125279,27.1,169.93909671532847,0.017025823686553875,,,{},{},2026-08-24T23:49:57-04:00
Kendric Pryor,4035776,WR,JAX,QUESTIONABLE,7.19318191,0.0,,,169.81801596351198,0.01698875101986042,,,"{""42"": 39.64029939, ""43"": 0.249861343, ""44"": 0.020391528, ""45"": 0.11112926, ""46"": 0.072622971, ""47"": 7.0, ""48"": 3.0, ""49"": 1.0, ""50"": 1.0, ""53"": 3.460767217, ""56"": 0.020720386, ""57"": 0.000640837, ""58"": 5.528597412, ""60"": 11.45419409, ""61"": 2.632363631, ""62"": 0.020391528, ""63"": 0.000161789, ""67"": 0.036770315, ""68"": 0.036770315, ""71"": 0.020591376, ""72"": 0.020591376, ""73"": 0.020591376, ""210"": 15.05882353}",{},2026-08-24T23:49:57-04:00
Chandler Cox,3843217,RB,FA,ACTIVE,0.0,0.0,0.0,0.0,169.88138686131387,0.016883456421091927,,,{},{},2026-08-24T23:49:57-04:00
Carlos Hyde,16777,RB,JAX,,0.0,0.0,91.25438618,39.8,169.93795620437956,0.016740646074959627,,,{},{},2026-08-24T23:49:57-04:00
Wayne Gallman,3045127,RB,FA,ACTIVE,0.0,0.0,87.04923832,13.0,169.96487226277372,0.01634622591340783,,,{},{},2026-08-24T23:49:57-04:00
Jesper Horsted,3940587,TE,LV,ACTIVE,8.52320916,3.4,,,169.94206204379563,0.01620378797450509,,,"{""42"": 40.36885867, ""43"": 0.423935163, ""44"": 0.018176129, ""45"": 0.098074292, ""46"": 0.06409155, ""47"": 8.0, ""48"": 4.0, ""49"": 2.0, ""50"": 1.0, ""53"": 3.918714633, ""56"": 0.021235471, ""57"": 0.000656767, ""58"": 5.872847143, ""60"": 10.30155611, ""61"": 2.513811712, ""62"": 0.018176129, ""63"": 0.000208204, ""67"": 0.047318978, ""68"": 0.047318978, ""71"": 0.026498628, ""72"": 0.026498628, ""73"": 0.026498628, ""210"": 16.05882353}","{""41"": 3.0, ""42"": 19.0, ""47"": 3.0, ""48"": 1.0, ""53"": 3.0, ""58"": 4.0, ""59"": 6.0, ""60"": 6.33333333, ""61"": 1.26666667, ""106"": 1.0, ""108"": 4.0, ""109"": 4.0, ""155"": 5.0, ""156"": 10.0, ""210"": 15.0}",2026-08-24T23:49:57-04:00
Dominik Eberle,3932960,K,FA,ACTIVE,0.0,6.0,,,169.7892190739461,0.016200481322897586,,,{},"{""77"": 1.0, ""78"": 1.0, ""83"": 1.0, ""84"": 1.0, ""86"": 2.0, ""87"": 4.0, ""88"": 2.0, ""156"": 1.0, ""158"": 5.0, ""210"": 1.0, ""214"": 49.0, ""216"": 49.0, ""217"": 9.0, ""218"": 4.0, ""219"": 2.0, ""220"": 1.0, ""229"": 9.0, ""230"": 4.0, ""231"": 2.0, ""232"": 1.0}",2026-08-24T23:49:57-04:00
Chris Streveler,3040206,QB,NYJ,ACTIVE,0.0,9.0,,,169.96760948905109,0.01617190882191938,,,{},"{""0"": 15.0, ""1"": 10.0, ""2"": 5.0, ""3"": 90.0, ""5"": 18.0, ""6"": 9.0, ""7"": 4.0, ""8"": 3.0, ""9"": 1.0, ""11"": 2.0, ""12"": 1.0, ""13"": 1.0, ""21"": 0.66666667, ""22"": 45.0, ""23"": 9.0, ""24"": 54.0, ""27"": 10.0, ""28"": 5.0, ""29"": 2.0, ""30"": 2.0, ""31"": 1.0, ""33"": 1.0, ""39"": 6.0, ""40"": 27.0, ""66"": 1.0, ""68"": 1.0, ""156"": 2.0, ""210"": 2.0, ""211"": 5.0, ""212"": 1.0}",2026-08-24T23:49:57-04:00
Marquez Stevenson,4039307,WR,CLE,ACTIVE,0.0,0.0,0.0,0.0,169.84948688711518,0.016147802902905465,,,{},{},2026-08-24T23:49:57-04:00
Cody Hollister,3115443,WR,TEN,QUESTIONABLE,13.43315996,6.9,,,169.97365483366823,0.016147791416061718,,,"{""42"": 77.02384889, ""43"": 0.446045034, ""44"": 0.022781382, ""45"": 0.143063114, ""46"": 0.093491745, ""47"": 15.0, ""48"": 7.0, ""49"": 3.0, ""50"": 3.0, ""51"": 1.0, ""53"": 6.196155942, ""54"": 1.0, ""56"": 0.035618431, ""57"": 0.001101601, ""58"": 10.27758952, ""60"": 12.43090871, ""61"": 4.796356891, ""62"": 0.022781382, ""63"": 0.000350177, ""67"": 0.079585599, ""68"": 0.079585599, ""71"": 0.044567936, ""72"": 0.044567936, ""73"": 0.044567936, ""210"": 16.05882353}","{""41"": 3.0, ""42"": 54.0, ""47"": 10.0, ""48"": 5.0, ""49"": 2.0, ""50"": 1.0, ""53"": 3.0, ""58"": 5.0, ""59"": 8.0, ""60"": 18.0, ""61"": 4.90909091, ""107"": 3.0, ""108"": 1.0, ""109"": 4.0, ""155"": 7.0, ""156"": 4.0, ""210"": 11.0, ""213"": 2.0}",2026-08-24T23:49:57-04:00
Khari Blasingame,3122154,RB,CHI,ACTIVE,6.24140165,0.0,6.39271398,0.0,169.80314781021897,0.016147722495342416,,,"{""42"": 29.6788933, ""43"": 0.214864422, ""44"": 0.01438701, ""45"": 0.04285411, ""46"": 0.028005161, ""47"": 5.0, ""48"": 2.0, ""49"": 1.0, ""50"": 1.0, ""53"": 4.006562964, ""56"": 0.016244967, ""57"": 0.000502422, ""58"": 5.33848857, ""60"": 7.407569422, ""61"": 1.848136213, ""62"": 0.01438701, ""63"": 0.00018751, ""67"": 0.042615817, ""68"": 0.042615817, ""71"": 0.023864858, ""72"": 0.023864858, ""73"": 0.023864858, ""210"": 16.05882353}","{""58"": 1.0, ""108"": 4.0, ""109"": 4.0, ""155"": 3.0, ""156"": 13.0, ""210"": 16.0}",2026-08-24T23:49:57-04:00
T.J. Vasher,4043158,WR,FA,ACTIVE,0.0,0.0,,,169.8768529076397,0.016005588440123803,,,{},{},2026-08-24T23:49:57-04:00
Wendell Smallwood,3042429,RB,FA,ACTIVE,0.0,0.0,0.0,6.7,169.92495437956205,0.015863587375999032,,,{},{},2026-08-24T23:49:57-04:00
Andre Roberts,13226,WR,CAR,ACTIVE,3.14165953,0.0,3.55353664,7.9,169.84469783352338,0.01579192221838094,,,"{""101"": 0.233943817, ""102"": 0.289666105, ""114"": 779.1324201, ""115"": 237.4618421, ""116"": 77.0, ""117"": 31.0, ""118"": 23.0, ""119"": 9.0, ""210"": 16.05882353}","{""68"": 1.0, ""114"": 35.0, ""115"": 18.0, ""116"": 3.0, ""117"": 1.0, ""118"": 1.0, ""155"": 1.0, ""156"": 2.0, ""210"": 3.0}",2026-08-24T23:49:57-04:00
