Player,espn_id,pos,team,injuryStatus,proj_2024,actual_2024,proj_2023,actual_2023,espn_adp,pct_owned,rank_std,rank_ppr,raw_stats,raw_actual_stats,captured_at
Amon-Ra St. Brown,4374302,WR,DET,ACTIVE,229.16291066,260.6,194.38057412,271.4,10.573511293634496,99.9398424525881,7.0,10.0,"{""23"": 4.485934292, ""24"": 29.2073036, ""25"": 0.259876, ""26"": 0.010887558, ""27"": 5.0, ""28"": 2.0, ""29"": 1.0, ""30"": 1.0, ""35"": 0.008246905, ""36"": 0.005772834, ""37"": 0.001995489, ""38"": 6.80984e-05, ""39"": 6.510863001, ""40"": 1.932000627, ""42"": 1263.565227, ""43"": 7.365404316, ""44"": 0.443491632, ""45"": 0.2134184, ""46"": 0.139468925, ""47"": 252.0, ""48"": 126.0, ""49"": 63.0, ""50"": 50.0, ""51"": 25.0, ""53"": 109.5557668, ""56"": 4.383510461, ""57"": 0.135572488, ""58"": 152.8484439, ""60"": 11.5335346, ""61"": 83.58213563, ""62"": 0.45437919, ""63"": 0.006142909, ""66"": 0.054917483, ""67"": 1.341198204, ""68"": 1.396115687, ""70"": 0.025262042, ""71"": 0.751070994, ""72"": 0.776333036, ""73"": 0.776333036, ""210"": 15.11764706, ""212"": 3.524456552, ""213"": 61.67766359}","{""0"": 1.0, ""1"": 1.0, ""3"": 7.0, ""4"": 1.0, ""5"": 1.0, ""21"": 1.0, ""22"": 0.41176471, ""23"": 2.0, ""24"": 6.0, ""27"": 2.0, ""28"": 1.0, ""39"": 3.0, ""40"": 0.35294118, ""41"": 115.0, ""42"": 1263.0, ""43"": 12.0, ""45"": 1.0, ""46"": 1.0, ""47"": 247.0, ""48"": 120.0, ""49"": 55.0, ""50"": 42.0, ""51"": 18.0, ""52"": 4.0, ""53"": 115.0, ""54"": 17.0, ""55"": 3.0, ""56"": 4.0, ""58"": 141.0, ""59"": 412.0, ""60"": 10.9826087, ""61"": 74.29411765, ""67"": 1.0, ""68"": 1.0, ""71"": 1.0, ""72"": 1.0, ""73"": 1.0, ""108"": 4.0, ""109"": 4.0, ""115"": 15.0, ""118"": 1.0, ""155"": 15.0, ""156"": 2.0, ""158"": 78.0, ""175"": 1.0, ""183"": 9.0, ""185"": 1.0, ""186"": 1.0, ""210"": 17.0, ""211"": 1.0, ""212"": 1.0, ""213"": 74.0}",2026-08-24T23:49:59-04:00
Justin Jefferson,4262921,WR,MIN,ACTIVE,229.08037155,265.9,0.0,168.2,9.00841889117043,99.93802683244489,8.0,7.0,"{""23"": 1.902280304, ""24"": 10.22640684, ""25"": 0.096716116, ""26"": 0.005265731, ""27"": 2.0, ""28"": 1.0, ""35"": 0.003492224, ""36"": 0.002444556, ""37"": 0.00019613, ""38"": 6.69316e-06, ""39"": 5.375867488, ""40"": 0.676454927, ""42"": 1358.772392, ""43"": 6.607317102, ""44"": 0.341359597, ""45"": 0.222086307, ""46"": 0.145133401, ""47"": 271.0, ""48"": 135.0, ""49"": 67.0, ""50"": 54.0, ""51"": 27.0, ""53"": 106.1578107, ""56"": 5.088215826, ""57"": 0.1573675, ""58"": 162.7184042, ""60"": 12.79955174, ""61"": 89.87988583, ""62"": 0.346625328, ""63"": 0.007156246, ""66"": 0.028631347, ""67"": 1.597788224, ""68"": 1.62641957, ""70"": 0.013170419, ""71"": 0.894761405, ""72"": 0.907931825, ""73"": 0.907931825, ""210"": 15.11764706, ""212"": 2.604959286, ""213"": 63.21860388}","{""0"": 1.0, ""1"": 1.0, ""3"": 22.0, ""5"": 4.0, ""6"": 2.0, ""7"": 1.0, ""21"": 1.0, ""22"": 1.29411765, ""23"": 1.0, ""24"": 3.0, ""39"": 3.0, ""40"": 0.17647059, ""41"": 103.0, ""42"": 1533.0, ""43"": 10.0, ""45"": 2.0, ""46"": 2.0, ""47"": 299.0, ""48"": 146.0, ""49"": 68.0, ""50"": 53.0, ""51"": 20.0, ""52"": 5.0, ""53"": 103.0, ""54"": 14.0, ""55"": 1.0, ""56"": 5.0, ""58"": 154.0, ""59"": 496.0, ""60"": 14.88349515, ""61"": 90.17647059, ""67"": 1.0, ""68"": 1.0, ""108"": 1.0, ""109"": 1.0, ""155"": 14.0, ""156"": 3.0, ""158"": 60.0, ""183"": 3.0, ""184"": 3.0, ""185"": 1.0, ""186"": 1.0, ""210"": 17.0, ""211"": 1.0, ""213"": 62.0}",2026-08-24T23:49:59-04:00
Ja'Marr Chase,4362628,WR,CIN,ACTIVE,236.96890888,339.5,0.0,213.0,10.958726899383983,99.92967463929506,6.0,20.0,"{""23"": 3.622775595, ""24"": 18.16156593, ""25"": 0.1558074, ""26"": 0.009136776, ""27"": 3.0, ""28"": 1.0, ""35"": 0.006657006, ""36"": 0.004659904, ""37"": 0.000728268, ""38"": 2.4853e-05, ""39"": 5.013163376, ""40"": 1.24244113, ""42"": 1335.254984, ""43"": 8.236785443, ""44"": 0.401412972, ""45"": 0.279995732, ""46"": 0.182977211, ""47"": 267.0, ""48"": 133.0, ""49"": 66.0, ""50"": 53.0, ""51"": 26.0, ""53"": 104.8677862, ""56"": 4.921532995, ""57"": 0.152212361, ""58"": 150.8615804, ""60"": 12.73274695, ""61"": 91.34541137, ""62"": 0.410549749, ""63"": 0.007838258, ""66"": 0.059486219, ""67"": 1.721936112, ""68"": 1.781422331, ""70"": 0.027363661, ""71"": 0.964284223, ""72"": 0.991647884, ""73"": 0.991647884, ""210"": 14.61764706, ""212"": 3.02147071, ""213"": 62.94236189}","{""23"": 3.0, ""24"": 32.0, ""27"": 5.0, ""28"": 2.0, ""39"": 10.66666667, ""40"": 1.88235294, ""41"": 127.0, ""42"": 1708.0, ""43"": 17.0, ""45"": 7.0, ""46"": 4.0, ""47"": 335.0, ""48"": 163.0, ""49"": 76.0, ""50"": 60.0, ""51"": 25.0, ""52"": 6.0, ""53"": 127.0, ""54"": 19.0, ""55"": 4.0, ""56"": 4.0, ""57"": 1.0, ""58"": 175.0, ""59"": 787.0, ""60"": 13.4488189, ""61"": 100.47058824, ""108"": 6.0, ""109"": 6.0, ""155"": 9.0, ""156"": 8.0, ""158"": 102.0, ""183"": 5.0, ""184"": 3.0, ""186"": 2.0, ""210"": 17.0, ""212"": 2.0, ""213"": 75.0}",2026-08-24T23:49:59-04:00
Bijan Robinson,4430807,RB,ATL,ACTIVE,260.56557318,311.2,0.0,217.3,17.317043121149897,99.92102018917632,2.0,14.0,"{""23"": 229.5498422, ""24"": 1031.032174, ""25"": 7.691156471, ""26"": 0.411329231, ""27"": 206.0, ""28"": 103.0, ""29"": 51.0, ""30"": 41.0, ""31"": 20.0, ""33"": 45.0, ""34"": 22.0, ""35"": 0.473679417, ""36"": 0.331575592, ""37"": 2.750348208, ""38"": 0.093858832, ""39"": 4.491539459, ""40"": 72.72841063, ""42"": 564.22852, ""43"": 4.137915495, ""44"": 0.21008729, ""45"": 0.076693251, ""46"": 0.05011904, ""47"": 112.0, ""48"": 56.0, ""49"": 28.0, ""50"": 22.0, ""51"": 11.0, ""53"": 64.21918495, ""56"": 0.534539806, ""57"": 0.016532159, ""58"": 86.93598914, ""60"": 8.785980707, ""61"": 39.80035203, ""62"": 0.62141652, ""63"": 0.015008864, ""66"": 2.665423011, ""67"": 0.74568247, ""68"": 3.411105481, ""70"": 1.226094585, ""71"": 0.417582183, ""72"": 1.643676768, ""73"": 1.643676768, ""210"": 14.17647059, ""212"": 56.56477737, ""213"": 30.73922754}","{""23"": 304.0, ""24"": 1456.0, ""25"": 14.0, ""26"": 1.0, ""27"": 286.0, ""28"": 139.0, ""29"": 65.0, ""30"": 50.0, ""31"": 20.0, ""32"": 5.0, ""33"": 54.0, ""34"": 23.0, ""37"": 5.0, ""39"": 4.78947368, ""40"": 85.64705882, ""41"": 61.0, ""42"": 431.0, ""43"": 1.0, ""47"": 79.0, ""48"": 35.0, ""49"": 15.0, ""50"": 10.0, ""51"": 1.0, ""53"": 61.0, ""54"": 4.0, ""58"": 72.0, ""59"": 530.0, ""60"": 7.06557377, ""61"": 25.35294118, ""66"": 1.0, ""68"": 1.0, ""108"": 2.0, ""109"": 2.0, ""155"": 8.0, ""156"": 9.0, ""158"": 92.0, ""179"": 13.0, ""180"": 1.0, ""182"": 1.0, ""183"": 1.0, ""210"": 17.0, ""212"": 82.0, ""213"": 20.0}",2026-08-24T23:49:59-04:00
Jahmyr Gibbs,4429795,RB,DET,ACTIVE,213.15543621,336.9,0.0,216.1,23.270225872689938,99.91563382659908,16.0,33.0,"{""23"": 189.2259418, ""24"": 871.5442816, ""25"": 8.280739294, ""26"": 0.346913562, ""27"": 174.0, ""28"": 87.0, ""29"": 43.0, ""30"": 34.0, ""31"": 17.0, ""33"": 37.0, ""34"": 18.0, ""35"": 0.382854353, ""36"": 0.267998047, ""37"": 1.967213873, ""38"": 0.067133462, ""39"": 4.605839311, ""40"": 61.47822733, ""42"": 374.5230061, ""43"": 2.472896648, ""44"": 0.148932964, ""45"": 0.040984323, ""46"": 0.026783255, ""47"": 74.0, ""48"": 37.0, ""49"": 18.0, ""50"": 14.0, ""51"": 7.0, ""53"": 50.561546, ""56"": 0.193853918, ""57"": 0.005995482, ""58"": 68.15234981, ""60"": 7.407269669, ""61"": 26.41863528, ""62"": 0.495846526, ""63"": 0.010268982, ""66"": 1.841742381, ""67"": 0.492117208, ""68"": 2.333859589, ""70"": 0.847201495, ""71"": 0.275585636, ""72"": 1.122787132, ""73"": 1.122787132, ""210"": 14.17647059, ""212"": 49.16934712, ""213"": 21.71401504}","{""23"": 250.0, ""24"": 1412.0, ""25"": 16.0, ""27"": 275.0, ""28"": 133.0, ""29"": 63.0, ""30"": 48.0, ""31"": 19.0, ""32"": 5.0, ""33"": 43.0, ""34"": 18.0, ""35"": 2.0, ""36"": 1.0, ""37"": 5.0, ""39"": 5.648, ""40"": 83.05882353, ""41"": 52.0, ""42"": 517.0, ""43"": 4.0, ""47"": 97.0, ""48"": 45.0, ""49"": 19.0, ""50"": 13.0, ""51"": 2.0, ""53"": 52.0, ""54"": 4.0, ""58"": 63.0, ""59"": 588.0, ""60"": 9.94230769, ""61"": 30.41176471, ""67"": 1.0, ""68"": 1.0, ""71"": 1.0, ""72"": 1.0, ""73"": 1.0, ""108"": 1.0, ""109"": 1.0, ""155"": 15.0, ""156"": 2.0, ""158"": 120.0, ""179"": 10.0, ""180"": 2.0, ""181"": 1.0, ""182"": 1.0, ""183"": 1.0, ""184"": 2.0, ""185"": 1.0, ""210"": 17.0, ""212"": 70.0, ""213"": 25.0}",2026-08-24T23:49:59-04:00
Lamar Jackson,3916387,QB,BAL,ACTIVE,347.44558696,511.1,0.0,377.9,18.521068859198355,99.90801723479314,51.0,29.0,"{""0"": 458.7092055, ""1"": 299.6572127, ""2"": 159.0519928, ""3"": 3394.115878, ""4"": 22.00716384, ""5"": 678.0, ""6"": 339.0, ""7"": 169.0, ""8"": 135.0, ""9"": 67.0, ""10"": 33.0, ""11"": 59.0, ""12"": 29.0, ""15"": 2.628910399, ""16"": 1.717992946, ""17"": 2.33565279, ""18"": 0.315485451, ""19"": 1.277439827, ""20"": 11.13501941, ""21"": 0.653261825, ""22"": 226.2743919, ""23"": 124.3838957, ""24"": 737.4201849, ""25"": 5.643422656, ""26"": 0.218952353, ""27"": 147.0, ""28"": 73.0, ""29"": 36.0, ""30"": 29.0, ""31"": 14.0, ""33"": 24.0, ""34"": 12.0, ""35"": 0.245610812, ""36"": 0.171927568, ""37"": 1.589101241, ""38"": 0.054229929, ""39"": 5.92858248, ""40"": 49.16134566, ""62"": 1.49639218, ""63"": 0.039390507, ""64"": 39.02293222, ""65"": 7.162476125, ""66"": 1.789911914, ""68"": 8.952388039, ""69"": 3.43798854, ""70"": 0.823359481, ""72"": 4.261348021, ""73"": 15.39636743, ""210"": 15.0, ""211"": 163.4860865, ""212"": 38.49135508}","{""0"": 474.0, ""1"": 316.0, ""2"": 158.0, ""3"": 4172.0, ""4"": 41.0, ""5"": 828.0, ""6"": 409.0, ""7"": 201.0, ""8"": 158.0, ""9"": 74.0, ""10"": 32.0, ""11"": 59.0, ""12"": 25.0, ""13"": 26.0, ""14"": 7.0, ""15"": 6.0, ""16"": 2.0, ""17"": 2.0, ""20"": 4.0, ""21"": 0.66666667, ""22"": 245.41176471, ""23"": 139.0, ""24"": 915.0, ""25"": 4.0, ""26"": 1.0, ""27"": 177.0, ""28"": 84.0, ""29"": 39.0, ""30"": 28.0, ""31"": 10.0, ""32"": 1.0, ""33"": 19.0, ""34"": 4.0, ""35"": 1.0, ""37"": 1.0, ""39"": 6.58273381, ""40"": 53.82352941, ""64"": 23.0, ""65"": 7.0, ""66"": 6.0, ""68"": 10.0, ""69"": 2.0, ""70"": 4.0, ""72"": 5.0, ""73"": 9.0, ""108"": 2.0, ""109"": 2.0, ""155"": 12.0, ""156"": 5.0, ""158"": 272.0, ""175"": 18.0, ""176"": 14.0, ""177"": 3.0, ""179"": 2.0, ""180"": 1.0, ""210"": 17.0, ""211"": 198.0, ""212"": 47.0}",2026-08-24T23:49:59-04:00
Derrick Henry,3043078,RB,BAL,ACTIVE,213.2045033,326.9,0.0,236.5,12.737371663244353,99.90679731987827,15.0,17.0,"{""23"": 255.0493456, ""24"": 1075.86989, ""25"": 11.58461903, ""26"": 0.449635162, ""27"": 215.0, ""28"": 107.0, ""29"": 53.0, ""30"": 43.0, ""31"": 21.0, ""33"": 51.0, ""34"": 25.0, ""35"": 0.532850763, ""36"": 0.372995534, ""37"": 3.006358622, ""38"": 0.102595486, ""39"": 4.218281319, ""40"": 75.89123706, ""42"": 192.912657, ""43"": 0.965342329, ""44"": 0.056076793, ""45"": 0.065803184, ""46"": 0.043002381, ""47"": 38.0, ""48"": 19.0, ""49"": 9.0, ""50"": 7.0, ""51"": 3.0, ""53"": 23.57264875, ""56"": 0.072503144, ""57"": 0.002242365, ""58"": 30.9170009, ""60"": 8.183749692, ""61"": 13.60794676, ""62"": 0.505711955, ""63"": 0.008318289, ""66"": 1.730573851, ""67"": 0.159946341, ""68"": 1.890520192, ""70"": 0.796063972, ""71"": 0.089569951, ""72"": 0.885633922, ""73"": 0.885633922, ""210"": 14.17647059, ""212"": 62.53049679, ""213"": 9.937791778}","{""23"": 325.0, ""24"": 1921.0, ""25"": 16.0, ""27"": 377.0, ""28"": 184.0, ""29"": 89.0, ""30"": 67.0, ""31"": 29.0, ""32"": 9.0, ""33"": 57.0, ""34"": 25.0, ""35"": 2.0, ""36"": 1.0, ""37"": 9.0, ""39"": 5.91076923, ""40"": 113.0, ""41"": 19.0, ""42"": 193.0, ""43"": 2.0, ""47"": 32.0, ""48"": 14.0, ""49"": 5.0, ""50"": 3.0, ""53"": 19.0, ""58"": 22.0, ""59"": 216.0, ""60"": 10.15789474, ""61"": 11.35294118, ""65"": 1.0, ""66"": 3.0, ""68"": 3.0, ""69"": 1.0, ""70"": 1.0, ""72"": 1.0, ""73"": 1.0, ""155"": 12.0, ""156"": 5.0, ""158"": 108.0, ""179"": 13.0, ""181"": 1.0, ""183"": 1.0, ""184"": 1.0, ""210"": 17.0, ""212"": 94.0, ""213"": 11.0}",2026-08-24T23:49:59-04:00
Jonathan Taylor,4242335,RB,IND,ACTIVE,236.09254601,235.7,0.0,146.9,14.419507186858317,99.86243526498913,9.0,4.0,"{""23"": 261.759825, ""24"": 1174.404127, ""25"": 9.781451412, ""26"": 0.345452384, ""27"": 234.0, ""28"": 117.0, ""29"": 58.0, ""30"": 46.0, ""31"": 23.0, ""33"": 52.0, ""34"": 26.0, ""35"": 0.54905224, ""36"": 0.384336568, ""37"": 3.600761099, ""38"": 0.122880162, ""39"": 4.486571332, ""40"": 82.84178487, ""42"": 319.7761071, ""43"": 1.444161118, ""44"": 0.105231044, ""45"": 0.055473526, ""46"": 0.036251949, ""47"": 63.0, ""48"": 31.0, ""49"": 15.0, ""50"": 12.0, ""51"": 6.0, ""53"": 41.34301646, ""56"": 0.140312871, ""57"": 0.004339573, ""58"": 53.23176511, ""60"": 7.734706716, ""61"": 22.55682083, ""62"": 0.450683428, ""63"": 0.010460395, ""66"": 2.053091952, ""67"": 0.324270596, ""68"": 2.377362547, ""70"": 0.944422298, ""71"": 0.181591534, ""72"": 1.126013831, ""73"": 1.126013831, ""210"": 14.17647059, ""212"": 64.92095511, ""213"": 17.68243742}","{""23"": 303.0, ""24"": 1431.0, ""25"": 11.0, ""27"": 281.0, ""28"": 135.0, ""29"": 64.0, ""30"": 51.0, ""31"": 22.0, ""32"": 9.0, ""33"": 55.0, ""34"": 26.0, ""35"": 2.0, ""36"": 2.0, ""37"": 7.0, ""38"": 1.0, ""39"": 4.72277228, ""40"": 102.21428571, ""41"": 18.0, ""42"": 136.0, ""43"": 1.0, ""47"": 23.0, ""48"": 10.0, ""49"": 3.0, ""50"": 2.0, ""53"": 18.0, ""58"": 31.0, ""59"": 150.0, ""60"": 7.55555556, ""61"": 9.71428571, ""65"": 2.0, ""66"": 2.0, ""67"": 1.0, ""68"": 3.0, ""69"": 1.0, ""70"": 1.0, ""72"": 1.0, ""73"": 1.0, ""108"": 1.0, ""109"": 1.0, ""155"": 6.0, ""156"": 8.0, ""158"": 72.0, ""179"": 7.0, ""181"": 2.0, ""183"": 1.0, ""210"": 14.0, ""212"": 71.0, ""213"": 7.0}",2026-08-24T23:49:59-04:00
Josh Jacobs,4047365,RB,GB,ACTIVE,195.81681734,275.1,0.0,162.6,62.218275154004104,99.44103209344858,28.0,68.0,"{""23"": 242.2633506, ""24"": 951.3734621, ""25"": 6.746815093, ""26"": 0.422003441, ""27"": 190.0, ""28"": 95.0, ""29"": 47.0, ""30"": 38.0, ""31"": 19.0, ""33"": 48.0, ""34"": 24.0, ""35"": 0.503112402, ""36"": 0.352178681, ""37"": 2.351773154, ""38"": 0.080256995, ""39"": 3.927021813, ""40"": 67.10933135, ""42"": 318.6790581, ""43"": 1.507033063, ""44"": 0.071468736, ""45"": 0.043907878, ""46"": 0.028693799, ""47"": 63.0, ""48"": 31.0, ""49"": 15.0, ""50"": 12.0, ""51"": 6.0, ""53"": 41.25486737, ""56"": 0.141039887, ""57"": 0.004362058, ""58"": 56.58674958, ""60"": 7.72464144, ""61"": 22.47943563, ""62"": 0.493472178, ""63"": 0.010782789, ""66"": 2.094040932, ""67"": 0.356592859, ""68"": 2.450633791, ""70"": 0.963258829, ""71"": 0.199692001, ""72"": 1.16295083, ""73"": 1.16295083, ""210"": 14.17647059, ""212"": 53.94345344, ""213"": 17.65780235}","{""23"": 301.0, ""24"": 1329.0, ""25"": 15.0, ""27"": 258.0, ""28"": 125.0, ""29"": 59.0, ""30"": 45.0, ""31"": 18.0, ""32"": 3.0, ""33"": 52.0, ""34"": 20.0, ""37"": 3.0, ""39"": 4.41528239, ""40"": 78.17647059, ""41"": 36.0, ""42"": 342.0, ""43"": 1.0, ""47"": 64.0, ""48"": 29.0, ""49"": 12.0, ""50"": 8.0, ""51"": 2.0, ""53"": 36.0, ""54"": 1.0, ""58"": 43.0, ""59"": 403.0, ""60"": 9.5, ""61"": 20.11764706, ""65"": 2.0, ""66"": 4.0, ""68"": 4.0, ""69"": 2.0, ""70"": 3.0, ""72"": 3.0, ""73"": 3.0, ""108"": 1.0, ""109"": 1.0, ""155"": 11.0, ""156"": 6.0, ""158"": 96.0, ""179"": 14.0, ""182"": 1.0, ""183"": 1.0, ""210"": 17.0, ""212"": 73.0, ""213"": 15.0}",2026-08-24T23:49:59-04:00
De'Von Achane,4429160,RB,MIA,ACTIVE,187.75666575,260.9,0.0,177.2,23.18151950718686,99.29111494008703,43.0,16.0,"{""23"": 162.2122986, ""24"": 749.2292484, ""25"": 5.9373272, ""26"": 0.265093932, ""27"": 149.0, ""28"": 74.0, ""29"": 37.0, ""30"": 29.0, ""31"": 14.0, ""33"": 32.0, ""34"": 16.0, ""35"": 0.323878624, ""36"": 0.226715037, ""37"": 1.457247609, ""38"": 0.04973027, ""39"": 4.61881901, ""40"": 52.85019595, ""42"": 391.2898704, ""43"": 2.536959907, ""44"": 0.132861395, ""45"": 0.062676788, ""46"": 0.040959281, ""47"": 78.0, ""48"": 39.0, ""49"": 19.0, ""50"": 15.0, ""51"": 7.0, ""53"": 46.54365795, ""56"": 0.212614705, ""57"": 0.006575713, ""58"": 63.37586091, ""60"": 8.406942808, ""61"": 27.60136015, ""62"": 0.397955327, ""63"": 0.007192069, ""66"": 1.270123799, ""67"": 0.364437272, ""68"": 1.634561072, ""70"": 0.584256948, ""71"": 0.204084873, ""72"": 0.78834182, ""73"": 0.78834182, ""101"": 0.061329207, ""114"": 201.2364594, ""116"": 20.0, ""117"": 8.0, ""210"": 14.17647059, ""212"": 41.65115791, ""213"": 21.28676669}","{""23"": 203.0, ""24"": 907.0, ""25"": 6.0, ""27"": 175.0, ""28"": 84.0, ""29"": 37.0, ""30"": 26.0, ""31"": 9.0, ""32"": 2.0, ""33"": 36.0, ""34"": 16.0, ""35"": 1.0, ""36"": 1.0, ""37"": 2.0, ""39"": 4.4679803, ""40"": 53.35294118, ""41"": 78.0, ""42"": 592.0, ""43"": 6.0, ""47"": 113.0, ""48"": 52.0, ""49"": 21.0, ""50"": 17.0, ""51"": 6.0, ""53"": 78.0, ""54"": 9.0, ""58"": 87.0, ""59"": 665.0, ""60"": 7.58974359, ""61"": 34.82352941, ""67"": 1.0, ""68"": 1.0, ""108"": 1.0, ""109"": 1.0, ""114"": 32.0, ""116"": 3.0, ""117"": 1.0, ""155"": 8.0, ""156"": 9.0, ""158"": 72.0, ""179"": 4.0, ""180"": 1.0, ""183"": 2.0, ""184"": 4.0, ""210"": 17.0, ""212"": 37.0, ""213"": 30.0}",2026-08-24T23:49:59-04:00
Brock Bowers,4432665,TE,LV,ACTIVE,115.70355506,206.7,,,66.22530293694804,99.13797381783849,134.0,109.0,"{""42"": 649.4757202, ""43"": 3.796689825, ""44"": 0.21412394, ""45"": 0.15089793, ""46"": 0.098611797, ""47"": 129.0, ""48"": 64.0, ""49"": 32.0, ""50"": 25.0, ""51"": 12.0, ""53"": 56.55218148, ""56"": 0.786572026, ""57"": 0.02432697, ""58"": 85.48951588, ""60"": 11.48453876, ""61"": 42.96142896, ""62"": 0.21412394, ""63"": 0.002861943, ""67"": 0.650441542, ""68"": 0.650441542, ""71"": 0.364247263, ""72"": 0.364247263, ""73"": 0.364247263, ""210"": 15.11764706, ""213"": 31.20291557}","{""23"": 5.0, ""24"": 13.0, ""27"": 2.0, ""28"": 1.0, ""39"": 2.6, ""40"": 0.76470588, ""41"": 112.0, ""42"": 1194.0, ""43"": 5.0, ""45"": 1.0, ""46"": 1.0, ""47"": 232.0, ""48"": 110.0, ""49"": 49.0, ""50"": 38.0, ""51"": 13.0, ""52"": 2.0, ""53"": 112.0, ""54"": 15.0, ""55"": 4.0, ""56"": 2.0, ""58"": 153.0, ""59"": 596.0, ""60"": 10.66071429, ""61"": 70.23529412, ""108"": 3.0, ""109"": 3.0, ""155"": 4.0, ""156"": 13.0, ""158"": 30.0, ""184"": 1.0, ""185"": 2.0, ""186"": 1.0, ""210"": 17.0, ""212"": 2.0, ""213"": 61.0}",2026-08-24T23:49:59-04:00
George Kittle,3040151,TE,SF,ACTIVE,143.97420373,197.6,0.0,170.7,43.54117888683508,99.06656200314839,60.0,67.0,"{""42"": 845.8845541, ""43"": 4.692709331, ""44"": 0.207141311, ""45"": 0.379300498, ""46"": 0.247872875, ""47"": 169.0, ""48"": 84.0, ""49"": 42.0, ""50"": 33.0, ""51"": 16.0, ""53"": 62.88907319, ""56"": 1.624745615, ""57"": 0.050249864, ""58"": 88.13032689, ""60"": 13.45042169, ""61"": 55.953453, ""62"": 0.207141311, ""63"": 0.002472356, ""67"": 0.561898999, ""68"": 0.561898999, ""71"": 0.31466344, ""72"": 0.31466344, ""73"": 0.31466344, ""210"": 15.11764706, ""213"": 38.42988382}","{""41"": 78.0, ""42"": 1106.0, ""43"": 8.0, ""47"": 216.0, ""48"": 104.0, ""49"": 49.0, ""50"": 39.0, ""51"": 16.0, ""52"": 4.0, ""53"": 78.0, ""54"": 9.0, ""56"": 4.0, ""58"": 94.0, ""59"": 522.0, ""60"": 14.17948718, ""61"": 73.73333333, ""108"": 3.0, ""109"": 3.0, ""112"": 1.0, ""155"": 6.0, ""156"": 9.0, ""158"": 48.0, ""183"": 5.0, ""184"": 3.0, ""210"": 15.0, ""213"": 50.0}",2026-08-24T23:49:59-04:00
Trey McBride,4361307,TE,ARI,ACTIVE,140.91997468,188.3,54.81491065,141.0,49.95666461285685,99.06631934819686,61.0,61.0,"{""42"": 791.2396665, ""43"": 3.507111369, ""44"": 0.331840752, ""45"": 0.108241112, ""46"": 0.070735567, ""47"": 158.0, ""48"": 79.0, ""49"": 39.0, ""50"": 31.0, ""51"": 15.0, ""53"": 82.70818135, ""56"": 1.354894419, ""57"": 0.041903951, ""58"": 112.5972441, ""60"": 9.566643271, ""61"": 52.33881063, ""62"": 0.331840752, ""63"": 0.004967413, ""67"": 1.128957467, ""68"": 1.128957467, ""71"": 0.632216182, ""72"": 0.632216182, ""73"": 0.632216182, ""210"": 15.11764706, ""213"": 40.95561093}","{""23"": 1.0, ""24"": 2.0, ""25"": 1.0, ""39"": 2.0, ""40"": 0.125, ""41"": 111.0, ""42"": 1146.0, ""43"": 2.0, ""47"": 225.0, ""48"": 109.0, ""49"": 50.0, ""50"": 37.0, ""51"": 15.0, ""52"": 3.0, ""53"": 111.0, ""54"": 15.0, ""55"": 3.0, ""56"": 3.0, ""58"": 147.0, ""59"": 513.0, ""60"": 10.32432432, ""61"": 71.625, ""63"": 1.0, ""155"": 8.0, ""156"": 8.0, ""158"": 18.0, ""179"": 1.0, ""183"": 1.0, ""210"": 16.0, ""212"": 1.0, ""213"": 63.0}",2026-08-24T23:49:59-04:00
Malik Nabers,4595348,WR,NYG,ACTIVE,181.37907658,219.1,,,16.126488706365503,99.0178076454739,32.0,6.0,"{""42"": 1077.6916, ""43"": 5.466906287, ""44"": 0.311085676, ""45"": 0.195531006, ""46"": 0.127779513, ""47"": 215.0, ""48"": 107.0, ""49"": 53.0, ""50"": 43.0, ""51"": 21.0, ""53"": 82.33210105, ""56"": 3.03541061, ""57"": 0.093878679, ""58"": 133.2206611, ""60"": 13.08956757, ""61"": 71.28699297, ""62"": 0.311085676, ""63"": 0.00384899, ""67"": 0.874770554, ""68"": 0.874770554, ""71"": 0.48987151, ""72"": 0.48987151, ""73"": 0.48987151, ""210"": 15.11764706, ""213"": 49.57050138}","{""0"": 1.0, ""2"": 1.0, ""23"": 5.0, ""24"": 2.0, ""39"": 0.4, ""40"": 0.13333333, ""41"": 109.0, ""42"": 1204.0, ""43"": 7.0, ""44"": 1.0, ""45"": 2.0, ""46"": 1.0, ""47"": 234.0, ""48"": 113.0, ""49"": 53.0, ""50"": 41.0, ""51"": 18.0, ""52"": 3.0, ""53"": 109.0, ""54"": 17.0, ""55"": 3.0, ""56"": 3.0, ""58"": 170.0, ""59"": 462.0, ""60"": 11.04587156, ""61"": 80.26666667, ""67"": 1.0, ""68"": 1.0, ""155"": 2.0, ""156"": 13.0, ""158"": 44.0, ""183"": 3.0, ""185"": 1.0, ""186"": 1.0, ""210"": 15.0, ""212"": 1.0, ""213"": 55.0}",2026-08-24T23:49:59-04:00
Jayden Daniels,4426348,QB,WSH,ACTIVE,286.09485678,404.3,,,30.388283658787255,99.0152356225068,117.0,25.0,"{""0"": 505.9328275, ""1"": 315.2293085, ""2"": 190.703519, ""3"": 3465.552264, ""4"": 15.21986693, ""5"": 693.0, ""6"": 346.0, ""7"": 173.0, ""8"": 138.0, ""9"": 69.0, ""10"": 34.0, ""11"": 63.0, ""12"": 31.0, ""15"": 2.731720864, ""16"": 1.785179585, ""17"": 2.516435589, ""18"": 0.339904467, ""19"": 0.938175068, ""20"": 13.52162111, ""21"": 0.623065536, ""22"": 231.0368176, ""23"": 106.3198616, ""24"": 587.254246, ""25"": 5.088372436, ""26"": 0.218264907, ""27"": 117.0, ""28"": 58.0, ""29"": 29.0, ""30"": 23.0, ""31"": 11.0, ""33"": 21.0, ""34"": 10.0, ""35"": 0.207768498, ""36"": 0.145437949, ""37"": 1.007388214, ""38"": 0.034378295, ""39"": 5.52346699, ""40"": 39.15028306, ""62"": 1.156439974, ""63"": 0.038530683, ""64"": 40.50531025, ""65"": 7.330655818, ""66"": 1.426317561, ""68"": 8.75697338, ""69"": 3.518714793, ""70"": 0.656106078, ""72"": 4.174820871, ""73"": 17.69644198, ""210"": 15.0, ""211"": 166.3525978, ""212"": 31.90971545}","{""0"": 480.0, ""1"": 331.0, ""2"": 149.0, ""3"": 3568.0, ""4"": 25.0, ""5"": 706.0, ""6"": 347.0, ""7"": 170.0, ""8"": 138.0, ""9"": 64.0, ""10"": 29.0, ""11"": 60.0, ""12"": 26.0, ""13"": 25.0, ""14"": 8.0, ""15"": 4.0, ""16"": 2.0, ""17"": 1.0, ""19"": 2.0, ""20"": 9.0, ""21"": 0.68958333, ""22"": 209.88235294, ""23"": 148.0, ""24"": 891.0, ""25"": 6.0, ""26"": 1.0, ""27"": 171.0, ""28"": 81.0, ""29"": 37.0, ""30"": 28.0, ""31"": 9.0, ""32"": 1.0, ""33"": 22.0, ""34"": 6.0, ""37"": 1.0, ""39"": 6.02027027, ""40"": 52.41176471, ""64"": 47.0, ""65"": 3.0, ""66"": 3.0, ""68"": 5.0, ""73"": 9.0, ""107"": 1.0, ""109"": 1.0, ""155"": 12.0, ""156"": 5.0, ""158"": 188.0, ""175"": 14.0, ""176"": 5.0, ""177"": 1.0, ""178"": 1.0, ""179"": 5.0, ""180"": 1.0, ""210"": 17.0, ""211"": 169.0, ""212"": 55.0}",2026-08-24T23:49:59-04:00
Joe Burrow,3915511,QB,CIN,ACTIVE,332.01774281,457.1,0.0,176.4,65.83884892086331,98.9373783897023,67.0,121.0,"{""0"": 554.524958, ""1"": 368.8601476, ""2"": 185.6648104, ""3"": 4121.466226, ""4"": 26.76726733, ""5"": 824.0, ""6"": 412.0, ""7"": 206.0, ""8"": 164.0, ""9"": 82.0, ""10"": 41.0, ""11"": 73.0, ""12"": 36.0, ""15"": 3.76586295, ""16"": 2.460991438, ""17"": 4.857064288, ""18"": 0.656062032, ""19"": 1.304675345, ""20"": 11.36051848, ""21"": 0.665182229, ""22"": 274.7644151, ""23"": 53.0305267, ""24"": 174.042986, ""25"": 2.574823219, ""26"": 0.151044833, ""27"": 34.0, ""28"": 17.0, ""29"": 8.0, ""30"": 6.0, ""31"": 3.0, ""33"": 10.0, ""34"": 5.0, ""35"": 0.100435609, ""36"": 0.070304927, ""37"": 0.087975278, ""38"": 0.003002259, ""39"": 3.281939607, ""40"": 11.60286573, ""62"": 1.455720179, ""63"": 0.029569124, ""64"": 42.09380532, ""65"": 6.171684648, ""66"": 0.548570893, ""68"": 6.72025554, ""69"": 2.962408631, ""70"": 0.252342611, ""72"": 3.214751241, ""73"": 14.57526972, ""210"": 15.0, ""211"": 200.5892886, ""212"": 12.84615243}","{""0"": 652.0, ""1"": 460.0, ""2"": 192.0, ""3"": 4918.0, ""4"": 43.0, ""5"": 975.0, ""6"": 484.0, ""7"": 237.0, ""8"": 190.0, ""9"": 92.0, ""10"": 41.0, ""11"": 84.0, ""12"": 37.0, ""13"": 31.0, ""14"": 12.0, ""15"": 9.0, ""16"": 4.0, ""17"": 5.0, ""18"": 2.0, ""20"": 9.0, ""21"": 0.70552147, ""22"": 289.29411765, ""23"": 42.0, ""24"": 201.0, ""25"": 2.0, ""27"": 37.0, ""28"": 14.0, ""29"": 4.0, ""30"": 4.0, ""31"": 1.0, ""33"": 1.0, ""35"": 1.0, ""39"": 4.78571429, ""40"": 11.82352941, ""64"": 48.0, ""65"": 8.0, ""66"": 2.0, ""68"": 11.0, ""69"": 4.0, ""72"": 5.0, ""73"": 14.0, ""155"": 9.0, ""156"": 8.0, ""158"": 270.0, ""175"": 20.0, ""176"": 8.0, ""177"": 1.0, ""178"": 3.0, ""179"": 1.0, ""210"": 17.0, ""211"": 253.0, ""212"": 16.0}",2026-08-24T23:49:59-04:00
Davante Adams,16800,WR,LAR,ACTIVE,189.40226648,198.8,0.0,213.9,52.29219712525667,98.6771932797521,27.0,37.0,"{""42"": 1148.312657, ""43"": 5.106554273, ""44"": 0.287871114, ""45"": 0.191299642, ""46"": 0.125014316, ""47"": 229.0, ""48"": 114.0, ""49"": 57.0, ""50"": 45.0, ""51"": 22.0, ""53"": 89.13657982, ""56"": 3.534697354, ""57"": 0.109320537, ""58"": 142.7011148, ""60"": 12.88261967, ""61"": 75.95842477, ""62"": 0.287871114, ""63"": 0.004762831, ""67"": 1.082461607, ""68"": 1.082461607, ""71"": 0.6061785, ""72"": 0.6061785, ""73"": 0.6061785, ""210"": 15.11764706, ""213"": 52.9215647}","{""41"": 85.0, ""42"": 1063.0, ""43"": 8.0, ""44"": 1.0, ""45"": 1.0, ""46"": 1.0, ""47"": 207.0, ""48"": 100.0, ""49"": 46.0, ""50"": 35.0, ""51"": 14.0, ""52"": 3.0, ""53"": 85.0, ""54"": 11.0, ""56"": 3.0, ""58"": 141.0, ""59"": 473.0, ""60"": 12.50588235, ""61"": 75.92857143, ""108"": 2.0, ""109"": 2.0, ""155"": 4.0, ""156"": 10.0, ""158"": 50.0, ""183"": 5.0, ""186"": 1.0, ""210"": 14.0, ""213"": 49.0}",2026-08-24T23:49:59-04:00
Breece Hall,4427366,RB,NYJ,ACTIVE,255.45499906,212.4,0.0,252.5,23.147638603696098,98.56056328310677,3.0,13.0,"{""23"": 235.1858677, ""24"": 1049.380188, ""25"": 7.982260176, ""26"": 0.440057635, ""27"": 209.0, ""28"": 104.0, ""29"": 52.0, ""30"": 41.0, ""31"": 20.0, ""33"": 47.0, ""34"": 23.0, ""35"": 0.486615246, ""36"": 0.340630672, ""37"": 2.850428724, ""38"": 0.097274196, ""39"": 4.461918561, ""40"": 74.02266889, ""42"": 546.5953474, ""43"": 2.536478972, ""44"": 0.12706237, ""45"": 0.072747401, ""46"": 0.047540426, ""47"": 109.0, ""48"": 54.0, ""49"": 27.0, ""50"": 21.0, ""51"": 10.0, ""53"": 67.81552412, ""56"": 0.491462335, ""57"": 0.015199866, ""58"": 85.35112257, ""60"": 8.06003278, ""61"": 38.55651828, ""62"": 0.567120005, ""63"": 0.010475907, ""66"": 1.848015255, ""67"": 0.532872678, ""68"": 2.380887933, ""70"": 0.850087017, ""71"": 0.2984087, ""72"": 1.148495717, ""73"": 1.148495717, ""210"": 14.17647059, ""212"": 57.7437288, ""213"": 30.41784572}","{""23"": 209.0, ""24"": 876.0, ""25"": 5.0, ""26"": 2.0, ""27"": 168.0, ""28"": 82.0, ""29"": 36.0, ""30"": 29.0, ""31"": 12.0, ""32"": 1.0, ""33"": 36.0, ""34"": 14.0, ""37"": 1.0, ""39"": 4.19138756, ""40"": 54.75, ""41"": 57.0, ""42"": 483.0, ""43"": 3.0, ""47"": 89.0, ""48"": 41.0, ""49"": 16.0, ""50"": 13.0, ""51"": 4.0, ""52"": 1.0, ""53"": 57.0, ""54"": 6.0, ""56"": 1.0, ""58"": 76.0, ""59"": 496.0, ""60"": 8.47368421, ""61"": 30.1875, ""65"": 2.0, ""66"": 5.0, ""67"": 1.0, ""68"": 6.0, ""69"": 1.0, ""70"": 1.0, ""71"": 1.0, ""72"": 2.0, ""73"": 2.0, ""108"": 1.0, ""109"": 1.0, ""155"": 5.0, ""156"": 11.0, ""158"": 52.0, ""179"": 3.0, ""180"": 2.0, ""183"": 1.0, ""185"": 2.0, ""210"": 16.0, ""212"": 40.0, ""213"": 15.0}",2026-08-24T23:49:59-04:00
Mike Evans,16737,WR,TB,ACTIVE,196.78103126,203.4,0.0,243.0,44.817864476386035,98.50435264669001,19.0,38.0,"{""42"": 1137.83369, ""43"": 7.435436793, ""44"": 0.348835599, ""45"": 0.267266518, ""46"": 0.17465867, ""47"": 227.0, ""48"": 113.0, ""49"": 56.0, ""50"": 45.0, ""51"": 22.0, ""53"": 77.10994037, ""56"": 3.457880807, ""57"": 0.106944767, ""58"": 130.0654007, ""60"": 14.75599234, ""61"": 75.26526352, ""62"": 0.348835599, ""63"": 0.003408428, ""67"": 0.774642748, ""68"": 0.774642748, ""71"": 0.433799939, ""72"": 0.433799939, ""73"": 0.433799939, ""210"": 15.11764706, ""213"": 50.84364455}","{""41"": 74.0, ""42"": 1004.0, ""43"": 11.0, ""45"": 1.0, ""46"": 1.0, ""47"": 193.0, ""48"": 92.0, ""49"": 43.0, ""50"": 32.0, ""51"": 13.0, ""52"": 2.0, ""53"": 74.0, ""54"": 9.0, ""56"": 2.0, ""58"": 110.0, ""59"": 226.0, ""60"": 13.56756757, ""61"": 71.71428571, ""108"": 2.0, ""109"": 2.0, ""155"": 10.0, ""156"": 4.0, ""158"": 66.0, ""183"": 6.0, ""184"": 1.0, ""185"": 2.0, ""186"": 1.0, ""210"": 14.0, ""213"": 53.0}",2026-08-24T23:49:59-04:00
Tyreek Hill,3116406,WR,MIA,QUESTIONABLE,245.9454057,177.7,0.0,316.9,14.270020533880903,98.24471046770601,5.0,8.0,"{""23"": 4.121341761, ""24"": 24.96646364, ""25"": 0.264375219, ""26"": 0.011803866, ""27"": 4.0, ""28"": 2.0, ""29"": 1.0, ""35"": 0.007575163, ""36"": 0.005302614, ""37"": 0.001435899, ""38"": 4.90017e-05, ""39"": 6.057848411, ""40"": 1.651478139, ""42"": 1435.845139, ""43"": 7.719455031, ""44"": 0.404122656, ""45"": 0.331227482, ""46"": 0.216457159, ""47"": 287.0, ""48"": 143.0, ""49"": 71.0, ""50"": 57.0, ""51"": 28.0, ""53"": 105.7998521, ""56"": 5.647981941, ""57"": 0.174679854, ""58"": 155.2575483, ""60"": 13.57133409, ""61"": 94.97808314, ""62"": 0.415926522, ""63"": 0.007002479, ""66"": 0.059670039, ""67"": 1.531802429, ""68"": 1.591472468, ""70"": 0.027448218, ""71"": 0.85780936, ""72"": 0.885257578, ""73"": 0.885257578, ""210"": 15.11764706, ""212"": 3.36246725, ""213"": 65.71714795}","{""23"": 8.0, ""24"": 53.0, ""27"": 9.0, ""28"": 3.0, ""39"": 6.625, ""40"": 3.11764706, ""41"": 81.0, ""42"": 959.0, ""43"": 6.0, ""45"": 1.0, ""46"": 1.0, ""47"": 186.0, ""48"": 89.0, ""49"": 42.0, ""50"": 29.0, ""51"": 11.0, ""52"": 3.0, ""53"": 81.0, ""54"": 9.0, ""55"": 1.0, ""56"": 3.0, ""58"": 123.0, ""59"": 292.0, ""60"": 11.83950617, ""61"": 56.41176471, ""108"": 2.0, ""109"": 2.0, ""115"": 31.0, ""118"": 2.0, ""155"": 8.0, ""156"": 9.0, ""158"": 36.0, ""183"": 4.0, ""184"": 1.0, ""210"": 17.0, ""212"": 2.0, ""213"": 54.0}",2026-08-24T23:49:59-04:00
Nico Collins,4258173,WR,HOU,ACTIVE,190.59734926,176.6,0.0,220.4,16.242915811088295,98.24059504212259,22.0,9.0,"{""42"": 1069.061932, ""43"": 7.525567272, ""44"": 0.356335341, ""45"": 0.301727896, ""46"": 0.19717918, ""47"": 213.0, ""48"": 106.0, ""49"": 53.0, ""50"": 42.0, ""51"": 21.0, ""53"": 78.10603886, ""56"": 2.973363877, ""57"": 0.091959708, ""58"": 118.4047988, ""60"": 13.68731468, ""61"": 70.71615894, ""62"": 0.356335341, ""63"": 0.004824041, ""67"": 1.096372928, ""68"": 1.096372928, ""71"": 0.61396884, ""72"": 0.61396884, ""73"": 0.61396884, ""210"": 15.11764706, ""213"": 49.21108865}","{""41"": 68.0, ""42"": 1006.0, ""43"": 7.0, ""45"": 1.0, ""46"": 1.0, ""47"": 196.0, ""48"": 94.0, ""49"": 42.0, ""50"": 35.0, ""51"": 15.0, ""52"": 4.0, ""53"": 68.0, ""54"": 8.0, ""55"": 1.0, ""56"": 4.0, ""58"": 99.0, ""59"": 365.0, ""60"": 14.79411765, ""61"": 83.83333333, ""107"": 1.0, ""108"": 1.0, ""109"": 2.0, ""155"": 8.0, ""156"": 4.0, ""158"": 42.0, ""183"": 5.0, ""185"": 1.0, ""210"": 12.0, ""213"": 48.0}",2026-08-24T23:49:59-04:00
Josh Allen,3918298,QB,BUF,ACTIVE,359.30057997,433.8,0.0,448.8,22.68530318602261,98.16586356120428,35.0,27.0,"{""0"": 522.3394351, ""1"": 344.7396433, ""2"": 177.5997918, ""3"": 3752.619969, ""4"": 23.02469404, ""5"": 750.0, ""6"": 375.0, ""7"": 187.0, ""8"": 150.0, ""9"": 75.0, ""10"": 37.0, ""11"": 68.0, ""12"": 34.0, ""15"": 3.162591024, ""16"": 2.066753234, ""17"": 3.368475485, ""18"": 0.454992716, ""19"": 1.224929442, ""20"": 12.43818525, ""21"": 0.659991607, ""22"": 250.1746646, ""23"": 94.26394011, ""24"": 495.756901, ""25"": 8.571031069, ""26"": 0.373221872, ""27"": 99.0, ""28"": 49.0, ""29"": 24.0, ""30"": 19.0, ""31"": 9.0, ""33"": 18.0, ""34"": 9.0, ""35"": 0.182925363, ""36"": 0.128047754, ""37"": 0.717350266, ""38"": 0.024480412, ""39"": 5.259242298, ""40"": 33.05046006, ""62"": 1.598151314, ""63"": 0.037672011, ""64"": 29.63508674, ""65"": 7.312945892, ""66"": 1.248874842, ""68"": 8.561820733, ""69"": 3.510214028, ""70"": 0.574482427, ""72"": 4.084696455, ""73"": 16.5228817, ""210"": 15.0, ""211"": 184.0730506, ""212"": 30.68417098}","{""0"": 483.0, ""1"": 307.0, ""2"": 176.0, ""3"": 3731.0, ""4"": 28.0, ""5"": 740.0, ""6"": 368.0, ""7"": 181.0, ""8"": 142.0, ""9"": 66.0, ""10"": 29.0, ""11"": 54.0, ""12"": 23.0, ""13"": 30.0, ""14"": 12.0, ""15"": 4.0, ""16"": 2.0, ""17"": 3.0, ""19"": 1.0, ""20"": 6.0, ""21"": 0.63561077, ""22"": 219.47058824, ""23"": 102.0, ""24"": 531.0, ""25"": 12.0, ""27"": 100.0, ""28"": 46.0, ""29"": 19.0, ""30"": 15.0, ""31"": 5.0, ""33"": 14.0, ""34"": 3.0, ""39"": 5.20588235, ""40"": 31.23529412, ""42"": 7.0, ""43"": 1.0, ""47"": 1.0, ""59"": 7.0, ""61"": 0.41176471, ""64"": 14.0, ""65"": 5.0, ""68"": 5.0, ""69"": 1.0, ""72"": 2.0, ""73"": 8.0, ""108"": 1.0, ""109"": 1.0, ""155"": 13.0, ""156"": 4.0, ""158"": 246.0, ""175"": 10.0, ""176"": 9.0, ""177"": 3.0, ""178"": 1.0, ""179"": 10.0, ""180"": 1.0, ""181"": 1.0, ""210"": 17.0, ""211"": 174.0, ""212"": 52.0}",2026-08-24T23:49:59-04:00
Saquon Barkley,3929630,RB,PHI,ACTIVE,229.32776262,338.8,0.0,202.7,3.35564681724846,98.14805960827225,10.0,5.0,"{""23"": 253.1156329, ""24"": 1043.871952, ""25"": 8.784967442, ""26"": 0.334120574, ""27"": 208.0, ""28"": 104.0, ""29"": 52.0, ""30"": 41.0, ""31"": 20.0, ""33"": 50.0, ""34"": 25.0, ""35"": 0.528725673, ""36"": 0.370107971, ""37"": 2.853908891, ""38"": 0.097392961, ""39"": 4.124091191, ""40"": 73.6341211, ""42"": 360.461654, ""43"": 2.375715442, ""44"": 0.140801896, ""45"": 0.043879698, ""46"": 0.028675383, ""47"": 72.0, ""48"": 36.0, ""49"": 18.0, ""50"": 14.0, ""51"": 7.0, ""53"": 46.05499228, ""56"": 0.179079174, ""57"": 0.005538531, ""58"": 64.41091554, ""60"": 7.826766137, ""61"": 25.42675567, ""62"": 0.47492247, ""63"": 0.009473148, ""66"": 1.821552456, ""67"": 0.331435808, ""68"": 2.152988264, ""70"": 0.83791413, ""71"": 0.185604052, ""72"": 1.023518182, ""73"": 1.023518182, ""210"": 14.17647059, ""212"": 59.24545161, ""213"": 20.25932699}","{""23"": 345.0, ""24"": 2005.0, ""25"": 13.0, ""26"": 3.0, ""27"": 395.0, ""28"": 191.0, ""29"": 93.0, ""30"": 72.0, ""31"": 33.0, ""32"": 12.0, ""33"": 62.0, ""34"": 27.0, ""35"": 4.0, ""36"": 4.0, ""37"": 10.0, ""38"": 1.0, ""39"": 5.8115942, ""40"": 125.3125, ""41"": 33.0, ""42"": 278.0, ""43"": 2.0, ""47"": 50.0, ""48"": 23.0, ""49"": 9.0, ""50"": 5.0, ""51"": 1.0, ""53"": 33.0, ""58"": 43.0, ""59"": 245.0, ""60"": 8.42424242, ""61"": 17.375, ""64"": 1.0, ""65"": 1.0, ""66"": 2.0, ""68"": 2.0, ""70"": 1.0, ""72"": 1.0, ""73"": 1.0, ""108"": 1.0, ""109"": 1.0, ""155"": 13.0, ""156"": 3.0, ""158"": 96.0, ""179"": 4.0, ""180"": 2.0, ""181"": 2.0, ""182"": 1.0, ""184"": 1.0, ""185"": 1.0, ""210"": 16.0, ""212"": 82.0, ""213"": 12.0}",2026-08-24T23:49:59-04:00
Garrett Wilson,4569618,WR,NYJ,ACTIVE,211.29993108,201.4,208.94623124,165.7,48.51129363449692,98.0909872179723,12.0,45.0,"{""23"": 4.390871446, ""24"": 23.66390236, ""25"": 0.198176164, ""26"": 0.010924088, ""27"": 4.0, ""28"": 2.0, ""29"": 1.0, ""35"": 0.008071739, ""36"": 0.005650218, ""37"": 0.001280221, ""38"": 4.3689e-05, ""39"": 5.389340738, ""40"": 1.565316499, ""42"": 1139.994897, ""43"": 9.074646404, ""44"": 0.454513676, ""45"": 0.223645547, ""46"": 0.146152365, ""47"": 227.0, ""48"": 113.0, ""49"": 56.0, ""50"": 45.0, ""51"": 22.0, ""53"": 80.50048626, ""56"": 3.480679281, ""57"": 0.107649875, ""58"": 136.4903748, ""60"": 14.16134175, ""61"": 75.40822275, ""62"": 0.465437763, ""63"": 0.007470439, ""66"": 0.087817429, ""67"": 1.610009725, ""68"": 1.697827154, ""70"": 0.040396017, ""71"": 0.901605446, ""72"": 0.942001463, ""73"": 0.942001463, ""210"": 15.11764706, ""212"": 3.285509124, ""213"": 52.34635775}","{""23"": 2.0, ""24"": 5.0, ""27"": 1.0, ""39"": 2.5, ""40"": 0.29411765, ""41"": 101.0, ""42"": 1104.0, ""43"": 7.0, ""44"": 1.0, ""47"": 215.0, ""48"": 105.0, ""49"": 48.0, ""50"": 37.0, ""51"": 16.0, ""52"": 4.0, ""53"": 101.0, ""54"": 14.0, ""55"": 1.0, ""56"": 4.0, ""58"": 154.0, ""59"": 442.0, ""60"": 10.93069307, ""61"": 64.94117647, ""67"": 2.0, ""68"": 2.0, ""71"": 2.0, ""72"": 2.0, ""73"": 2.0, ""108"": 1.0, ""109"": 1.0, ""155"": 5.0, ""156"": 12.0, ""158"": 44.0, ""183"": 4.0, ""185"": 3.0, ""210"": 17.0, ""212"": 1.0, ""213"": 60.0}",2026-08-24T23:49:59-04:00
Drake London,4426502,WR,ATL,ACTIVE,183.87855781,230.8,0.0,139.8,32.22977412731006,98.05195826973612,31.0,19.0,"{""42"": 1021.218116, ""43"": 6.824192132, ""44"": 0.346381327, ""45"": 0.191336612, ""46"": 0.125038476, ""47"": 204.0, ""48"": 102.0, ""49"": 51.0, ""50"": 40.0, ""51"": 20.0, ""53"": 83.29458229, ""56"": 2.660110772, ""57"": 0.082271467, ""58"": 127.0351086, ""60"": 12.26031859, ""61"": 67.55139287, ""62"": 0.346381327, ""63"": 0.006004666, ""67"": 1.364696772, ""68"": 1.364696772, ""71"": 0.764230192, ""72"": 0.764230192, ""73"": 0.764230192, ""210"": 15.11764706, ""213"": 48.78758074}","{""23"": 1.0, ""24"": -3.0, ""39"": -3.0, ""40"": -0.17647059, ""41"": 100.0, ""42"": 1271.0, ""43"": 9.0, ""47"": 246.0, ""48"": 119.0, ""49"": 55.0, ""50"": 43.0, ""51"": 19.0, ""52"": 3.0, ""53"": 100.0, ""54"": 14.0, ""55"": 2.0, ""56"": 3.0, ""58"": 158.0, ""59"": 327.0, ""60"": 12.71, ""61"": 74.76470588, ""108"": 4.0, ""109"": 4.0, ""155"": 8.0, ""156"": 9.0, ""158"": 54.0, ""183"": 4.0, ""184"": 2.0, ""185"": 2.0, ""186"": 1.0, ""210"": 17.0, ""213"": 67.0}",2026-08-24T23:49:59-04:00
A.J. Brown,4047646,WR,PHI,ACTIVE,214.84410308,183.4,0.0,236.6,19.370636550308006,97.43428665494986,11.0,15.0,"{""42"": 1251.413775, ""43"": 7.633936284, ""44"": 0.452324961, ""45"": 0.303643027, ""46"": 0.198430718, ""47"": 250.0, ""48"": 125.0, ""49"": 62.0, ""50"": 50.0, ""51"": 25.0, ""53"": 89.78347577, ""56"": 4.292548883, ""57"": 0.132759244, ""58"": 138.4525851, ""60"": 13.9381302, ""61"": 82.7783431, ""62"": 0.452324961, ""63"": 0.0074536, ""67"": 1.693999936, ""68"": 1.693999936, ""71"": 0.948639964, ""72"": 0.948639964, ""73"": 0.948639964, ""210"": 15.11764706, ""213"": 56.94562401}","{""41"": 67.0, ""42"": 1079.0, ""43"": 7.0, ""45"": 2.0, ""46"": 1.0, ""47"": 210.0, ""48"": 100.0, ""49"": 47.0, ""50"": 36.0, ""51"": 15.0, ""52"": 5.0, ""53"": 67.0, ""54"": 10.0, ""56"": 5.0, ""58"": 97.0, ""59"": 353.0, ""60"": 16.10447761, ""61"": 83.0, ""67"": 1.0, ""108"": 1.0, ""109"": 1.0, ""155"": 12.0, ""156"": 1.0, ""158"": 42.0, ""183"": 3.0, ""185"": 2.0, ""210"": 13.0, ""213"": 51.0}",2026-08-24T23:49:59-04:00
Tee Higgins,4239993,WR,CIN,ACTIVE,169.21221698,185.6,0.0,116.6,87.31437371663245,97.36679335721894,45.0,93.0,"{""42"": 968.3208601, ""43"": 6.6864329, ""44"": 0.326002184, ""45"": 0.272900826, ""46"": 0.17834069, ""47"": 193.0, ""48"": 96.0, ""49"": 48.0, ""50"": 38.0, ""51"": 19.0, ""53"": 65.58613655, ""56"": 2.546130512, ""57"": 0.078746304, ""58"": 108.3991478, ""60"": 14.76410887, ""61"": 68.58939426, ""62"": 0.326002184, ""63"": 0.004649618, ""67"": 1.05673132, ""68"": 1.05673132, ""71"": 0.591769539, ""72"": 0.591769539, ""73"": 0.591769539, ""210"": 14.11764706, ""213"": 43.30384129}","{""41"": 73.0, ""42"": 911.0, ""43"": 10.0, ""45"": 1.0, ""47"": 176.0, ""48"": 85.0, ""49"": 40.0, ""50"": 31.0, ""51"": 12.0, ""52"": 2.0, ""53"": 73.0, ""54"": 9.0, ""55"": 1.0, ""56"": 2.0, ""58"": 109.0, ""59"": 228.0, ""60"": 12.47945205, ""61"": 75.91666667, ""67"": 1.0, ""68"": 1.0, ""71"": 1.0, ""72"": 1.0, ""73"": 1.0, ""108"": 1.0, ""109"": 1.0, ""155"": 8.0, ""156"": 4.0, ""158"": 60.0, ""183"": 4.0, ""184"": 2.0, ""185"": 1.0, ""186"": 1.0, ""210"": 12.0, ""213"": 48.0}",2026-08-24T23:49:59-04:00
Aaron Jones,3042519,RB,MIN,ACTIVE,168.26870502,216.1,0.0,119.9,41.88870636550308,97.16858891220289,88.0,24.0,"{""23"": 161.0320604, ""24"": 755.5722697, ""25"": 4.504488827, ""26"": 0.245232791, ""27"": 151.0, ""28"": 75.0, ""29"": 37.0, ""30"": 30.0, ""31"": 15.0, ""33"": 32.0, ""34"": 16.0, ""35"": 0.321337334, ""36"": 0.224936134, ""37"": 1.484570037, ""38"": 0.05066268, ""39"": 4.692061121, ""40"": 53.29762898, ""42"": 342.6310322, ""43"": 1.84332788, ""44"": 0.095275628, ""45"": 0.047326772, ""46"": 0.030928045, ""47"": 68.0, ""48"": 34.0, ""49"": 17.0, ""50"": 13.0, ""51"": 6.0, ""53"": 43.18654104, ""56"": 0.160999295, ""57"": 0.00497936, ""58"": 59.5344888, ""60"": 7.933745652, ""61"": 24.16899397, ""62"": 0.340508419, ""63"": 0.008746155, ""66"": 1.567406144, ""67"": 0.420356354, ""68"": 1.987762498, ""70"": 0.721006826, ""71"": 0.235399558, ""72"": 0.956406385, ""73"": 0.956406385, ""210"": 14.17647059, ""212"": 40.7254452, ""213"": 18.89611218}","{""23"": 255.0, ""24"": 1138.0, ""25"": 5.0, ""27"": 219.0, ""28"": 105.0, ""29"": 49.0, ""30"": 36.0, ""31"": 13.0, ""32"": 2.0, ""33"": 43.0, ""34"": 17.0, ""37"": 2.0, ""39"": 4.4627451, ""40"": 66.94117647, ""41"": 51.0, ""42"": 408.0, ""43"": 2.0, ""47"": 76.0, ""48"": 34.0, ""49"": 13.0, ""50"": 7.0, ""53"": 51.0, ""54"": 3.0, ""58"": 62.0, ""59"": 411.0, ""60"": 8.0, ""61"": 24.0, ""65"": 3.0, ""66"": 3.0, ""67"": 2.0, ""68"": 5.0, ""69"": 1.0, ""70"": 1.0, ""71"": 2.0, ""72"": 3.0, ""73"": 3.0, ""108"": 2.0, ""109"": 2.0, ""112"": 1.0, ""155"": 14.0, ""156"": 3.0, ""158"": 42.0, ""179"": 3.0, ""180"": 1.0, ""182"": 1.0, ""183"": 2.0, ""210"": 17.0, ""212"": 50.0, ""213"": 20.0}",2026-08-24T23:49:59-04:00
Joe Mixon,3116385,RB,HOU,ACTIVE,197.28794814,222.5,0.0,241.0,36.49712525667351,96.80393484769532,41.0,49.0,"{""23"": 214.9335968, ""24"": 884.5472281, ""25"": 6.704750215, ""26"": 0.418759291, ""27"": 176.0, ""28"": 88.0, ""29"": 44.0, ""30"": 35.0, ""31"": 17.0, ""33"": 42.0, ""34"": 21.0, ""35"": 0.440579165, ""36"": 0.308405416, ""37"": 2.035700676, ""38"": 0.069470654, ""39"": 4.115444217, ""40"": 62.39544763, ""42"": 299.5891392, ""43"": 2.90449793, ""44"": 0.137547029, ""45"": 0.042362537, ""46"": 0.027683918, ""47"": 59.0, ""48"": 29.0, ""49"": 14.0, ""50"": 11.0, ""51"": 5.0, ""53"": 42.5976771, ""56"": 0.126173819, ""57"": 0.003902283, ""58"": 53.81769108, ""60"": 7.032992398, ""61"": 21.13284385, ""62"": 0.55630632, ""63"": 0.005505894, ""66"": 1.044358253, ""67"": 0.206981302, ""68"": 1.251339554, ""70"": 0.480404796, ""71"": 0.115909529, ""72"": 0.596314325, ""73"": 0.596314325, ""210"": 14.17647059, ""212"": 49.9953151, ""213"": 18.00889305}","{""0"": 1.0, ""2"": 1.0, ""23"": 245.0, ""24"": 1016.0, ""25"": 11.0, ""27"": 198.0, ""28"": 95.0, ""29"": 46.0, ""30"": 35.0, ""31"": 16.0, ""32"": 7.0, ""33"": 44.0, ""34"": 19.0, ""35"": 1.0, ""37"": 7.0, ""39"": 4.14693878, ""40"": 72.57142857, ""41"": 36.0, ""42"": 309.0, ""43"": 1.0, ""47"": 55.0, ""48"": 25.0, ""49"": 9.0, ""50"": 6.0, ""53"": 36.0, ""54"": 2.0, ""58"": 52.0, ""59"": 360.0, ""60"": 8.58333333, ""61"": 22.07142857, ""108"": 1.0, ""109"": 1.0, ""155"": 8.0, ""156"": 6.0, ""158"": 72.0, ""179"": 8.0, ""180"": 1.0, ""181"": 1.0, ""184"": 1.0, ""210"": 14.0, ""212"": 52.0, ""213"": 12.0}",2026-08-24T23:49:59-04:00
Sam LaPorta,4430027,TE,DET,ACTIVE,167.71846238,144.6,0.0,196.3,86.58882727459438,96.74389131617602,37.0,111.0,"{""42"": 859.7283575, ""43"": 6.573257177, ""44"": 0.395841835, ""45"": 0.122694239, ""46"": 0.080180685, ""47"": 171.0, ""48"": 85.0, ""49"": 42.0, ""50"": 34.0, ""51"": 17.0, ""53"": 84.10762343, ""56"": 1.695837285, ""57"": 0.052448576, ""58"": 118.772269, ""60"": 10.22176495, ""61"": 56.86919096, ""62"": 0.395841835, ""63"": 0.002119118, ""67"": 0.481617697, ""68"": 0.481617697, ""71"": 0.26970591, ""72"": 0.26970591, ""73"": 0.26970591, ""210"": 15.11764706, ""213"": 44.41703424}","{""41"": 60.0, ""42"": 726.0, ""43"": 7.0, ""45"": 1.0, ""46"": 1.0, ""47"": 138.0, ""48"": 65.0, ""49"": 29.0, ""50"": 22.0, ""51"": 8.0, ""52"": 1.0, ""53"": 60.0, ""54"": 5.0, ""56"": 1.0, ""58"": 83.0, ""59"": 343.0, ""60"": 12.1, ""61"": 45.375, ""108"": 2.0, ""109"": 2.0, ""155"": 14.0, ""156"": 2.0, ""158"": 42.0, ""183"": 4.0, ""185"": 2.0, ""210"": 16.0, ""213"": 39.0}",2026-08-24T23:49:59-04:00
Puka Nacua,4426515,WR,LAR,ACTIVE,213.68173858,167.1,0.0,246.0,30.90595482546201,96.66052987058261,13.0,31.0,"{""23"": 12.41374328, ""24"": 77.2423061, ""25"": 0.652338934, ""26"": 0.03238526, ""27"": 15.0, ""28"": 7.0, ""29"": 3.0, ""30"": 3.0, ""31"": 1.0, ""33"": 2.0, ""34"": 1.0, ""35"": 0.022920017, ""36"": 0.016044012, ""37"": 0.014948431, ""38"": 0.000510133, ""39"": 6.222321852, ""40"": 5.109413244, ""42"": 1237.789706, ""43"": 5.88166977, ""44"": 0.31496727, ""45"": 0.313634897, ""46"": 0.204960405, ""47"": 247.0, ""48"": 123.0, ""49"": 61.0, ""50"": 49.0, ""51"": 24.0, ""53"": 88.52222168, ""56"": 4.189765647, ""57"": 0.129580381, ""58"": 135.6325858, ""60"": 13.98281339, ""61"": 81.87714011, ""62"": 0.34735253, ""63"": 0.007958585, ""66"": 0.222453877, ""67"": 1.586315345, ""68"": 1.808769222, ""70"": 0.102328784, ""71"": 0.888336593, ""72"": 0.990665377, ""73"": 0.990665377, ""210"": 15.11764706, ""212"": 5.9205953, ""213"": 55.56591512}","{""23"": 11.0, ""24"": 46.0, ""25"": 1.0, ""27"": 8.0, ""28"": 2.0, ""33"": 1.0, ""39"": 4.18181818, ""40"": 4.18181818, ""41"": 79.0, ""42"": 990.0, ""43"": 3.0, ""47"": 194.0, ""48"": 93.0, ""49"": 43.0, ""50"": 34.0, ""51"": 15.0, ""52"": 5.0, ""53"": 79.0, ""54"": 11.0, ""55"": 2.0, ""56"": 5.0, ""58"": 106.0, ""59"": 518.0, ""60"": 12.53164557, ""61"": 90.0, ""108"": 2.0, ""109"": 2.0, ""155"": 8.0, ""156"": 3.0, ""158"": 24.0, ""179"": 1.0, ""183"": 1.0, ""184"": 2.0, ""210"": 11.0, ""212"": 2.0, ""213"": 47.0}",2026-08-24T23:49:59-04:00
Terry McLaurin,3121422,WR,WSH,ACTIVE,156.15299054,226.8,0.0,163.7,50.44866529774127,96.33305251741785,80.0,44.0,"{""42"": 999.9460209, ""43"": 3.245547644, ""44"": 0.178978171, ""45"": 0.199884985, ""46"": 0.130624838, ""47"": 199.0, ""48"": 99.0, ""49"": 49.0, ""50"": 39.0, ""51"": 19.0, ""53"": 74.58715137, ""56"": 2.518685972, ""57"": 0.077897504, ""58"": 123.061415, ""60"": 13.40641119, ""61"": 66.14428932, ""62"": 0.178978171, ""63"": 0.003796687, ""67"": 0.862883426, ""68"": 0.862883426, ""71"": 0.483214719, ""72"": 0.483214719, ""73"": 0.483214719, ""210"": 15.11764706, ""213"": 44.75290563}","{""23"": 2.0, ""24"": 2.0, ""39"": 1.0, ""40"": 0.11764706, ""41"": 82.0, ""42"": 1096.0, ""43"": 13.0, ""45"": 1.0, ""46"": 1.0, ""47"": 213.0, ""48"": 104.0, ""49"": 47.0, ""50"": 36.0, ""51"": 17.0, ""52"": 5.0, ""53"": 82.0, ""54"": 11.0, ""56"": 5.0, ""58"": 117.0, ""59"": 292.0, ""60"": 13.36585366, ""61"": 64.47058824, ""66"": 1.0, ""68"": 1.0, ""70"": 1.0, ""72"": 1.0, ""73"": 1.0, ""108"": 1.0, ""109"": 1.0, ""155"": 12.0, ""156"": 5.0, ""158"": 78.0, ""183"": 6.0, ""184"": 4.0, ""185"": 1.0, ""186"": 1.0, ""210"": 17.0, ""213"": 55.0}",2026-08-24T23:49:59-04:00
James Cook,4379399,RB,BUF,ACTIVE,197.22423363,250.7,0.0,210.7,41.81088295687885,96.3324140159885,30.0,35.0,"{""23"": 207.1440271, ""24"": 935.3454065, ""25"": 4.351796, ""26"": 0.189445966, ""27"": 187.0, ""28"": 93.0, ""29"": 46.0, ""30"": 37.0, ""31"": 18.0, ""33"": 41.0, ""34"": 20.0, ""35"": 0.423128155, ""36"": 0.296189708, ""37"": 2.292737291, ""38"": 0.078242327, ""39"": 4.51543508, ""40"": 65.97872162, ""42"": 405.9727623, ""43"": 2.365387255, ""44"": 0.12586231, ""45"": 0.073737156, ""46"": 0.048187232, ""47"": 81.0, ""48"": 40.0, ""49"": 20.0, ""50"": 16.0, ""51"": 8.0, ""53"": 49.25109738, ""56"": 0.231514327, ""57"": 0.007160237, ""58"": 63.13255439, ""60"": 8.242918104, ""61"": 28.63708282, ""62"": 0.315308276, ""63"": 0.011325048, ""66"": 2.079457411, ""67"": 0.49441715, ""68"": 2.573874561, ""70"": 0.956550409, ""71"": 0.276873604, ""72"": 1.233424013, ""73"": 1.233424013, ""210"": 14.17647059, ""212"": 49.48315899, ""213"": 22.23861925}","{""23"": 207.0, ""24"": 1009.0, ""25"": 16.0, ""27"": 196.0, ""28"": 95.0, ""29"": 44.0, ""30"": 34.0, ""31"": 13.0, ""32"": 4.0, ""33"": 35.0, ""34"": 14.0, ""35"": 4.0, ""36"": 1.0, ""37"": 4.0, ""39"": 4.87439614, ""40"": 63.0625, ""41"": 32.0, ""42"": 258.0, ""43"": 2.0, ""47"": 46.0, ""48"": 18.0, ""49"": 7.0, ""50"": 5.0, ""53"": 32.0, ""54"": 2.0, ""58"": 38.0, ""59"": 260.0, ""60"": 8.0625, ""61"": 16.125, ""65"": 1.0, ""66"": 1.0, ""68"": 1.0, ""155"": 12.0, ""156"": 4.0, ""158"": 108.0, ""179"": 11.0, ""180"": 1.0, ""183"": 1.0, ""184"": 1.0, ""210"": 16.0, ""212"": 48.0, ""213"": 14.0}",2026-08-24T23:49:59-04:00
DK Metcalf,4047650,WR,PIT,ACTIVE,190.17805151,158.2,0.0,192.4,37.805133470225876,96.29074856808091,21.0,23.0,"{""42"": 1067.303974, ""43"": 8.177823142, ""44"": 0.438883968, ""45"": 0.313776353, ""46"": 0.205052846, ""47"": 213.0, ""48"": 106.0, ""49"": 53.0, ""50"": 42.0, ""51"": 21.0, ""53"": 69.38105843, ""56"": 2.960946469, ""57"": 0.091575664, ""58"": 116.999766, ""60"": 15.38321838, ""61"": 70.59987373, ""62"": 0.438883968, ""63"": 0.0046655, ""67"": 1.060340974, ""68"": 1.060340974, ""71"": 0.593790945, ""72"": 0.593790945, ""73"": 0.593790945, ""210"": 15.11764706, ""213"": 47.44061789}","{""41"": 66.0, ""42"": 992.0, ""43"": 5.0, ""45"": 2.0, ""46"": 2.0, ""47"": 190.0, ""48"": 90.0, ""49"": 42.0, ""50"": 33.0, ""51"": 13.0, ""52"": 3.0, ""53"": 66.0, ""54"": 4.0, ""55"": 1.0, ""56"": 3.0, ""58"": 108.0, ""59"": 263.0, ""60"": 15.03030303, ""61"": 66.13333333, ""67"": 2.0, ""68"": 2.0, ""71"": 2.0, ""72"": 2.0, ""73"": 2.0, ""155"": 10.0, ""156"": 5.0, ""158"": 30.0, ""185"": 2.0, ""186"": 1.0, ""210"": 15.0, ""213"": 35.0}",2026-08-24T23:49:59-04:00
Brian Thomas Jr.,4432773,WR,JAX,ACTIVE,140.91758296,240.5,,,122.41601642710472,95.83457905802636,114.0,99.0,"{""42"": 814.4882369, ""43"": 4.818982384, ""44"": 0.297507868, ""45"": 0.19676336, ""46"": 0.128584856, ""47"": 162.0, ""48"": 81.0, ""49"": 40.0, ""50"": 32.0, ""51"": 16.0, ""53"": 61.38054196, ""56"": 1.463313897, ""57"": 0.045257131, ""58"": 100.4852712, ""60"": 13.26948591, ""61"": 53.8766538, ""62"": 0.297507868, ""63"": 0.002869514, ""67"": 0.65216228, ""68"": 0.65216228, ""71"": 0.365210877, ""72"": 0.365210877, ""73"": 0.365210877, ""210"": 15.11764706, ""213"": 37.27188754}","{""23"": 6.0, ""24"": 48.0, ""27"": 7.0, ""28"": 3.0, ""39"": 8.0, ""40"": 2.82352941, ""41"": 87.0, ""42"": 1282.0, ""43"": 10.0, ""44"": 2.0, ""45"": 2.0, ""46"": 2.0, ""47"": 250.0, ""48"": 121.0, ""49"": 58.0, ""50"": 43.0, ""51"": 16.0, ""52"": 4.0, ""53"": 87.0, ""54"": 11.0, ""55"": 1.0, ""56"": 4.0, ""58"": 133.0, ""59"": 562.0, ""60"": 14.73563218, ""61"": 75.41176471, ""108"": 1.0, ""109"": 1.0, ""155"": 4.0, ""156"": 13.0, ""158"": 64.0, ""183"": 4.0, ""184"": 4.0, ""210"": 17.0, ""212"": 3.0, ""213"": 53.0}",2026-08-24T23:49:59-04:00
Zay Flowers,4429615,WR,BAL,QUESTIONABLE,177.19767568,172.5,0.0,167.9,83.89794661190965,95.52174852434669,58.0,76.0,"{""23"": 9.050849987, ""24"": 55.4314751, ""25"": 0.504184196, ""26"": 0.019568445, ""27"": 11.0, ""28"": 5.0, ""29"": 2.0, ""30"": 2.0, ""31"": 1.0, ""33"": 1.0, ""35"": 0.016680418, ""36"": 0.011676293, ""37"": 0.007577424, ""38"": 0.000258588, ""39"": 6.124449657, ""40"": 3.66667345, ""42"": 972.0470713, ""43"": 5.552163891, ""44"": 0.322401882, ""45"": 0.219791079, ""46"": 0.14363347, ""47"": 194.0, ""48"": 97.0, ""49"": 48.0, ""50"": 38.0, ""51"": 19.0, ""53"": 78.34433041, ""56"": 2.346241711, ""57"": 0.072564177, ""58"": 117.0555069, ""60"": 12.4073697, ""61"": 64.29883351, ""62"": 0.341970327, ""63"": 0.006982016, ""66"": 0.164334983, ""67"": 1.422486749, ""68"": 1.586821732, ""70"": 0.075594092, ""71"": 0.79659258, ""72"": 0.872186672, ""73"": 0.872186672, ""210"": 15.11764706, ""212"": 4.86938949, ""213"": 45.78315837}","{""23"": 9.0, ""24"": 56.0, ""27"": 7.0, ""28"": 2.0, ""39"": 6.22222222, ""40"": 3.29411765, ""41"": 74.0, ""42"": 1059.0, ""43"": 4.0, ""45"": 1.0, ""46"": 1.0, ""47"": 206.0, ""48"": 101.0, ""49"": 44.0, ""50"": 35.0, ""51"": 14.0, ""52"": 5.0, ""53"": 74.0, ""54"": 9.0, ""56"": 5.0, ""58"": 116.0, ""59"": 463.0, ""60"": 14.31081081, ""61"": 62.29411765, ""108"": 1.0, ""109"": 1.0, ""155"": 12.0, ""156"": 5.0, ""158"": 24.0, ""183"": 2.0, ""184"": 1.0, ""210"": 17.0, ""212"": 1.0, ""213"": 48.0}",2026-08-24T23:49:59-04:00
Bucky Irving,4596448,RB,TB,ACTIVE,98.78158788,220.9,,,117.53572895277208,95.38593381294267,183.0,135.0,"{""23"": 103.3748758, ""24"": 447.1694096, ""25"": 2.358591359, ""26"": 0.15303436, ""27"": 89.0, ""28"": 44.0, ""29"": 22.0, ""30"": 17.0, ""31"": 8.0, ""33"": 20.0, ""34"": 10.0, ""35"": 0.200295598, ""36"": 0.140206919, ""37"": 0.518110546, ""38"": 0.017681125, ""39"": 4.325706863, ""40"": 31.54307038, ""42"": 193.056796, ""43"": 1.056761832, ""44"": 0.04959937, ""45"": 0.041884076, ""46"": 0.027371244, ""47"": 38.0, ""48"": 19.0, ""49"": 9.0, ""50"": 7.0, ""51"": 3.0, ""53"": 26.59499491, ""56"": 0.072207909, ""57"": 0.002233234, ""58"": 34.96601537, ""60"": 7.259140176, ""61"": 13.61811424, ""62"": 0.20263373, ""63"": 0.004690437, ""66"": 0.847877179, ""67"": 0.218131234, ""68"": 1.066008413, ""70"": 0.390023502, ""71"": 0.122153491, ""72"": 0.512176994, ""73"": 0.512176994, ""101"": 0.264739541, ""114"": 868.6766195, ""116"": 86.0, ""117"": 34.0, ""210"": 14.17647059, ""212"": 25.20949558, ""213"": 10.66804178}","{""23"": 207.0, ""24"": 1122.0, ""25"": 8.0, ""27"": 215.0, ""28"": 105.0, ""29"": 50.0, ""30"": 34.0, ""31"": 14.0, ""32"": 3.0, ""33"": 33.0, ""34"": 11.0, ""37"": 3.0, ""39"": 5.42028986, ""40"": 66.0, ""41"": 47.0, ""42"": 392.0, ""47"": 73.0, ""48"": 35.0, ""49"": 13.0, ""50"": 9.0, ""51"": 3.0, ""53"": 47.0, ""54"": 2.0, ""58"": 52.0, ""59"": 528.0, ""60"": 8.34042553, ""61"": 23.05882353, ""65"": 2.0, ""66"": 3.0, ""68"": 2.0, ""70"": 1.0, ""72"": 1.0, ""73"": 1.0, ""108"": 1.0, ""109"": 1.0, ""114"": 176.0, ""116"": 15.0, ""117"": 4.0, ""155"": 10.0, ""156"": 7.0, ""158"": 48.0, ""179"": 6.0, ""180"": 2.0, ""210"": 17.0, ""212"": 52.0, ""213"": 16.0}",2026-08-24T23:49:59-04:00
Alvin Kamara,3054850,RB,NO,QUESTIONABLE,197.13917086,231.3,0.0,195.5,8.27618069815195,95.38086122490726,42.0,2.0,"{""23"": 181.5306586, ""24"": 752.8797348, ""25"": 4.635335804, ""26"": 0.266674871, ""27"": 150.0, ""28"": 75.0, ""29"": 37.0, ""30"": 30.0, ""31"": 15.0, ""33"": 36.0, ""34"": 18.0, ""35"": 0.366037644, ""36"": 0.256226351, ""37"": 1.475830759, ""38"": 0.050364442, ""39"": 4.147397142, ""40"": 53.10769913, ""42"": 497.4955378, ""43"": 1.86030318, ""44"": 0.093053432, ""45"": 0.05467663, ""46"": 0.035731178, ""47"": 99.0, ""48"": 49.0, ""49"": 24.0, ""50"": 19.0, ""51"": 9.0, ""53"": 67.8192391, ""56"": 0.388976196, ""57"": 0.012030192, ""58"": 83.15641523, ""60"": 7.335610726, ""61"": 35.09304623, ""62"": 0.359728303, ""63"": 0.00677914, ""66"": 1.121663794, ""67"": 0.419049794, ""68"": 1.540713588, ""70"": 0.515965345, ""71"": 0.234667884, ""72"": 0.75063323, ""73"": 0.75063323, ""210"": 14.17647059, ""212"": 41.97743279, ""213"": 28.78821347}","{""23"": 228.0, ""24"": 950.0, ""25"": 6.0, ""27"": 186.0, ""28"": 89.0, ""29"": 41.0, ""30"": 32.0, ""31"": 13.0, ""32"": 3.0, ""33"": 41.0, ""34"": 16.0, ""37"": 3.0, ""39"": 4.16666667, ""40"": 67.85714286, ""41"": 68.0, ""42"": 543.0, ""43"": 2.0, ""45"": 1.0, ""46"": 1.0, ""47"": 104.0, ""48"": 49.0, ""49"": 22.0, ""50"": 15.0, ""51"": 5.0, ""53"": 68.0, ""54"": 9.0, ""58"": 89.0, ""59"": 542.0, ""60"": 7.98529412, ""61"": 38.78571429, ""67"": 1.0, ""68"": 1.0, ""108"": 1.0, ""109"": 1.0, ""155"": 5.0, ""156"": 9.0, ""158"": 48.0, ""179"": 5.0, ""180"": 1.0, ""185"": 1.0, ""210"": 14.0, ""212"": 52.0, ""213"": 18.0}",2026-08-24T23:49:59-04:00
Kyren Williams,4430737,RB,LAR,ACTIVE,215.52710673,255.1,0.0,239.0,11.482135523613962,95.3208244644957,14.0,3.0,"{""23"": 217.4500538, ""24"": 1013.347545, ""25"": 9.599580225, ""26"": 0.476581004, ""27"": 202.0, ""28"": 101.0, ""29"": 50.0, ""30"": 40.0, ""31"": 20.0, ""33"": 43.0, ""34"": 21.0, ""35"": 0.446171825, ""36"": 0.312320277, ""37"": 2.66817124, ""38"": 0.091054448, ""39"": 4.660139318, ""40"": 71.48094718, ""42"": 284.5799763, ""43"": 1.849704617, ""44"": 0.099101328, ""45"": 0.055197534, ""46"": 0.036071589, ""47"": 56.0, ""48"": 28.0, ""49"": 14.0, ""50"": 11.0, ""51"": 5.0, ""53"": 34.5637564, ""56"": 0.116135297, ""57"": 0.003591813, ""58"": 47.51733177, ""60"": 8.233479398, ""61"": 20.07410621, ""62"": 0.575682332, ""63"": 0.01028862, ""66"": 2.01762128, ""67"": 0.320701555, ""68"": 2.338322835, ""70"": 0.928105789, ""71"": 0.179592871, ""72"": 1.10769866, ""73"": 1.10769866, ""102"": 0.1368, ""115"": 220.8, ""118"": 22.0, ""119"": 8.0, ""210"": 14.17647059, ""212"": 56.65528285, ""213"": 15.33248232}","{""23"": 316.0, ""24"": 1299.0, ""25"": 14.0, ""27"": 253.0, ""28"": 122.0, ""29"": 58.0, ""30"": 45.0, ""31"": 19.0, ""32"": 4.0, ""33"": 56.0, ""34"": 24.0, ""37"": 4.0, ""39"": 4.11075949, ""40"": 81.1875, ""41"": 34.0, ""42"": 182.0, ""43"": 2.0, ""47"": 31.0, ""48"": 12.0, ""49"": 4.0, ""50"": 3.0, ""53"": 34.0, ""54"": 2.0, ""58"": 40.0, ""59"": 195.0, ""60"": 5.35294118, ""61"": 11.375, ""65"": 2.0, ""66"": 5.0, ""68"": 5.0, ""69"": 1.0, ""70"": 3.0, ""72"": 3.0, ""73"": 3.0, ""108"": 1.0, ""109"": 1.0, ""115"": 12.0, ""118"": 1.0, ""155"": 10.0, ""156"": 6.0, ""158"": 96.0, ""179"": 12.0, ""180"": 1.0, ""183"": 1.0, ""184"": 1.0, ""210"": 16.0, ""212"": 85.0, ""213"": 6.0}",2026-08-24T23:49:59-04:00
Jake Bates,4689936,K,DET,ACTIVE,137.90583908,158.0,,,119.37657248917303,95.12781471382203,259.0,201.0,"{""74"": 4.450126329, ""75"": 6.553941574, ""76"": 2.103815245, ""77"": 7.220756461, ""78"": 9.117116744, ""79"": 1.896360283, ""80"": 16.01935813, ""81"": 16.774197, ""82"": 0.754838865, ""83"": 27.69024092, ""84"": 32.44525532, ""85"": 4.755014393, ""86"": 43.46912159, ""87"": 45.95044566, ""88"": 2.481324065, ""198"": 4.450126329, ""199"": 6.553941574, ""200"": 2.103815245, ""210"": 17.0, ""214"": 1045.821607, ""215"": 221.5874019, ""216"": 1267.409008}","{""74"": 6.0, ""75"": 8.0, ""76"": 2.0, ""77"": 7.0, ""78"": 8.0, ""79"": 1.0, ""80"": 13.0, ""81"": 13.0, ""83"": 26.0, ""84"": 29.0, ""85"": 3.0, ""86"": 64.0, ""87"": 67.0, ""88"": 3.0, ""108"": 2.0, ""109"": 2.0, ""155"": 15.0, ""156"": 2.0, ""158"": 142.0, ""198"": 6.0, ""199"": 7.0, ""200"": 1.0, ""202"": 1.0, ""203"": 1.0, ""210"": 17.0, ""214"": 1045.0, ""215"": 162.0, ""216"": 1207.0, ""217"": 201.0, ""218"": 97.0, ""219"": 44.0, ""220"": 36.0, ""221"": 15.0, ""222"": 3.0, ""223"": 32.0, ""224"": 15.0, ""225"": 7.0, ""226"": 5.0, ""227"": 2.0, ""229"": 233.0, ""230"": 112.0, ""231"": 51.0, ""232"": 43.0, ""233"": 18.0, ""234"": 4.0}",2026-08-24T23:49:59-04:00
George Pickens,4426354,WR,PIT,ACTIVE,173.69375192,134.9,0.0,177.3,61.2347022587269,94.9990316645686,50.0,54.0,"{""23"": 4.493005872, ""24"": 28.53455403, ""25"": 0.210940614, ""26"": 0.009894844, ""27"": 5.0, ""28"": 2.0, ""29"": 1.0, ""30"": 1.0, ""35"": 0.008259956, ""36"": 0.005781969, ""37"": 0.001905799, ""38"": 6.50376e-05, ""39"": 6.350882871, ""40"": 1.887499683, ""42"": 1082.248275, ""43"": 4.538787373, ""44"": 0.261371819, ""45"": 0.32839328, ""46"": 0.214605009, ""47"": 216.0, ""48"": 108.0, ""49"": 54.0, ""50"": 43.0, ""51"": 21.0, ""53"": 70.4716061, ""56"": 3.062954565, ""57"": 0.094730554, ""58"": 117.1910957, ""60"": 15.35722449, ""61"": 71.58840729, ""62"": 0.271266663, ""63"": 0.006596886, ""66"": 0.089860117, ""67"": 1.409432122, ""68"": 1.499292239, ""70"": 0.041335654, ""71"": 0.789281988, ""72"": 0.830617642, ""73"": 0.830617642, ""210"": 15.11764706, ""212"": 3.465689149, ""213"": 46.61323642}","{""23"": 2.0, ""24"": -6.0, ""39"": -3.0, ""40"": -0.42857143, ""41"": 59.0, ""42"": 900.0, ""43"": 3.0, ""47"": 174.0, ""48"": 84.0, ""49"": 38.0, ""50"": 30.0, ""51"": 12.0, ""52"": 2.0, ""53"": 59.0, ""54"": 6.0, ""56"": 2.0, ""58"": 103.0, ""59"": 215.0, ""60"": 15.25423729, ""61"": 64.28571429, ""67"": 1.0, ""68"": 1.0, ""71"": 1.0, ""72"": 1.0, ""73"": 1.0, ""108"": 1.0, ""109"": 1.0, ""155"": 9.0, ""156"": 5.0, ""158"": 18.0, ""184"": 3.0, ""210"": 14.0, ""213"": 37.0}",2026-08-24T23:49:59-04:00
Chase Brown,4362238,RB,CIN,QUESTIONABLE,146.22301001,228.0,0.0,46.5,112.28049281314168,94.65954048602231,123.0,137.0,"{""23"": 134.9823718, ""24"": 577.1538823, ""25"": 4.65664306, ""26"": 0.273062429, ""27"": 115.0, ""28"": 57.0, ""29"": 28.0, ""30"": 23.0, ""31"": 11.0, ""33"": 26.0, ""34"": 13.0, ""35"": 0.265878759, ""36"": 0.186115131, ""37"": 0.870359527, ""38"": 0.029702031, ""39"": 4.275772271, ""40"": 40.71209958, ""42"": 308.2896409, ""43"": 1.516987616, ""44"": 0.073948723, ""45"": 0.055124462, ""46"": 0.036023836, ""47"": 61.0, ""48"": 30.0, ""49"": 15.0, ""50"": 12.0, ""51"": 6.0, ""53"": 41.40198224, ""56"": 0.131791852, ""57"": 0.004076037, ""58"": 51.58102663, ""60"": 7.446253155, ""61"": 21.74657218, ""62"": 0.347011152, ""63"": 0.007964251, ""66"": 1.385189768, ""67"": 0.424867347, ""68"": 1.810057115, ""70"": 0.637187293, ""71"": 0.237925714, ""72"": 0.875113007, ""73"": 0.875113007, ""101"": 0.165347704, ""114"": 542.5471526, ""116"": 54.0, ""117"": 21.0, ""210"": 14.17647059, ""212"": 33.23192083, ""213"": 17.40890587}","{""23"": 229.0, ""24"": 990.0, ""25"": 7.0, ""26"": 1.0, ""27"": 193.0, ""28"": 94.0, ""29"": 43.0, ""30"": 31.0, ""31"": 11.0, ""32"": 1.0, ""33"": 40.0, ""34"": 17.0, ""37"": 1.0, ""39"": 4.3231441, ""40"": 61.875, ""41"": 54.0, ""42"": 360.0, ""43"": 4.0, ""47"": 66.0, ""48"": 29.0, ""49"": 10.0, ""50"": 8.0, ""51"": 3.0, ""53"": 54.0, ""54"": 4.0, ""58"": 65.0, ""59"": 326.0, ""60"": 6.66666667, ""61"": 22.5, ""66"": 2.0, ""68"": 2.0, ""70"": 1.0, ""72"": 1.0, ""73"": 1.0, ""114"": 186.0, ""116"": 17.0, ""117"": 7.0, ""155"": 8.0, ""156"": 8.0, ""158"": 68.0, ""179"": 6.0, ""182"": 1.0, ""183"": 3.0, ""184"": 1.0, ""210"": 16.0, ""212"": 49.0, ""213"": 23.0}",2026-08-24T23:49:59-04:00
DJ Moore,3915416,WR,CHI,ACTIVE,184.88111745,189.1,0.0,238.5,64.1217659137577,94.51815862225902,33.0,46.0,"{""23"": 2.085193369, ""24"": 12.64073196, ""25"": 0.095132386, ""26"": 0.005273065, ""27"": 2.0, ""28"": 1.0, ""35"": 0.0038284, ""36"": 0.00267988, ""37"": 0.000321314, ""38"": 1.09652e-05, ""39"": 6.062138961, ""40"": 0.836157367, ""42"": 1048.191383, ""43"": 6.694726315, ""44"": 0.337164363, ""45"": 0.238534126, ""46"": 0.155882051, ""47"": 209.0, ""48"": 104.0, ""49"": 52.0, ""50"": 41.0, ""51"": 20.0, ""53"": 77.3691738, ""56"": 2.829601612, ""57"": 0.087513452, ""58"": 123.256913, ""60"": 13.54792008, ""61"": 69.33561679, ""62"": 0.342437428, ""63"": 0.005173455, ""66"": 0.030857203, ""67"": 1.144928023, ""68"": 1.175785226, ""70"": 0.014194313, ""71"": 0.641159693, ""72"": 0.655354006, ""73"": 0.655354006, ""210"": 15.11764706, ""212"": 2.696411626, ""213"": 48.1278611}","{""0"": 1.0, ""2"": 1.0, ""23"": 14.0, ""24"": 75.0, ""27"": 12.0, ""28"": 4.0, ""29"": 1.0, ""39"": 5.35714286, ""40"": 4.41176471, ""41"": 98.0, ""42"": 966.0, ""43"": 6.0, ""44"": 1.0, ""47"": 186.0, ""48"": 88.0, ""49"": 41.0, ""50"": 30.0, ""51"": 11.0, ""52"": 2.0, ""53"": 98.0, ""54"": 12.0, ""56"": 2.0, ""58"": 140.0, ""59"": 588.0, ""60"": 9.85714286, ""61"": 56.82352941, ""65"": 1.0, ""66"": 1.0, ""67"": 1.0, ""68"": 1.0, ""71"": 1.0, ""72"": 1.0, ""73"": 1.0, ""108"": 1.0, ""109"": 1.0, ""155"": 5.0, ""156"": 12.0, ""158"": 38.0, ""183"": 1.0, ""184"": 1.0, ""186"": 4.0, ""210"": 17.0, ""212"": 3.0, ""213"": 43.0}",2026-08-24T23:49:59-04:00
Travis Kelce,15847,TE,KC,ACTIVE,167.71440915,146.9,0.0,172.9,49.19346888478127,94.42585724384362,38.0,75.0,"{""23"": 1.911302171, ""24"": 0.685213666, ""25"": 0.039775047, ""26"": 0.002085634, ""35"": 0.003508807, ""36"": 0.002456165, ""37"": -3.48112e-06, ""38"": -1.18797e-07, ""39"": 0.358506193, ""40"": 0.045325418, ""42"": 837.6142979, ""43"": 7.122822703, ""44"": 0.233109182, ""45"": 0.166993277, ""46"": 0.109130107, ""47"": 167.0, ""48"": 83.0, ""49"": 41.0, ""50"": 33.0, ""51"": 16.0, ""53"": 82.79130038, ""56"": 1.583057168, ""57"": 0.048960531, ""58"": 107.7454263, ""60"": 10.1171777, ""61"": 55.40639325, ""62"": 0.235194816, ""63"": 0.003775517, ""66"": 0.019362275, ""67"": 0.838709851, ""68"": 0.858072126, ""70"": 0.008906647, ""71"": 0.469677517, ""72"": 0.478584163, ""73"": 0.478584163, ""210"": 15.11764706, ""212"": 2.240896283, ""213"": 43.7319077}","{""23"": 1.0, ""24"": 1.0, ""39"": 1.0, ""40"": 0.0625, ""41"": 97.0, ""42"": 823.0, ""43"": 3.0, ""47"": 159.0, ""48"": 76.0, ""49"": 35.0, ""50"": 26.0, ""51"": 9.0, ""52"": 1.0, ""53"": 97.0, ""54"": 12.0, ""55"": 2.0, ""56"": 1.0, ""58"": 133.0, ""59"": 340.0, ""60"": 8.48453608, ""61"": 51.4375, ""67"": 2.0, ""68"": 2.0, ""71"": 1.0, ""72"": 1.0, ""73"": 1.0, ""108"": 1.0, ""109"": 1.0, ""155"": 15.0, ""156"": 1.0, ""158"": 18.0, ""183"": 2.0, ""184"": 1.0, ""210"": 16.0, ""213"": 47.0}",2026-08-24T23:49:59-04:00
Marvin Harrison Jr.,4432708,WR,ARI,ACTIVE,186.70091815,165.5,,,25.45975359342916,94.26129500025418,23.0,11.0,"{""42"": 1113.703462, ""43"": 5.670149038, ""44"": 0.536577232, ""45"": 0.250932348, ""46"": 0.163984289, ""47"": 222.0, ""48"": 111.0, ""49"": 55.0, ""50"": 44.0, ""51"": 22.0, ""53"": 82.43498107, ""56"": 3.285463352, ""57"": 0.101612269, ""58"": 129.3364195, ""60"": 13.51008331, ""61"": 73.66910058, ""62"": 0.536577232, ""63"": 0.0038538, ""67"": 0.875863644, ""68"": 0.875863644, ""71"": 0.490483641, ""72"": 0.490483641, ""73"": 0.490483641, ""210"": 15.11764706, ""213"": 50.67012617}","{""41"": 62.0, ""42"": 885.0, ""43"": 8.0, ""45"": 1.0, ""46"": 1.0, ""47"": 170.0, ""48"": 82.0, ""49"": 37.0, ""50"": 27.0, ""51"": 9.0, ""52"": 2.0, ""53"": 62.0, ""54"": 7.0, ""56"": 2.0, ""58"": 116.0, ""59"": 148.0, ""60"": 14.27419355, ""61"": 52.05882353, ""67"": 1.0, ""68"": 1.0, ""71"": 1.0, ""72"": 1.0, ""73"": 1.0, ""108"": 1.0, ""109"": 1.0, ""155"": 8.0, ""156"": 9.0, ""158"": 48.0, ""183"": 2.0, ""184"": 3.0, ""185"": 2.0, ""210"": 17.0, ""213"": 43.0}",2026-08-24T23:49:59-04:00
Baker Mayfield,3052587,QB,TB,ACTIVE,292.28056875,446.8,0.0,328.7,114.92887975334018,94.14987954992357,314.0,156.0,"{""0"": 542.0832767, ""1"": 343.5024808, ""2"": 198.5807959, ""3"": 3918.306163, ""4"": 23.60908708, ""5"": 783.0, ""6"": 391.0, ""7"": 195.0, ""8"": 156.0, ""9"": 78.0, ""10"": 39.0, ""11"": 68.0, ""12"": 34.0, ""15"": 3.426215899, ""16"": 2.23903209, ""17"": 3.974483764, ""18"": 0.536848545, ""19"": 1.107737872, ""20"": 12.09298733, ""21"": 0.633671053, ""22"": 261.2204108, ""23"": 51.24370796, ""24"": 161.0803746, ""25"": 1.239810751, ""26"": 0.080469691, ""27"": 32.0, ""28"": 16.0, ""29"": 8.0, ""30"": 6.0, ""31"": 3.0, ""33"": 10.0, ""34"": 5.0, ""35"": 0.096946352, ""36"": 0.067862447, ""37"": 0.075109094, ""38"": 0.002563185, ""39"": 3.143417622, ""40"": 10.73869164, ""62"": 1.188207563, ""63"": 0.035462932, ""64"": 40.35129852, ""65"": 7.407988231, ""66"": 0.651768974, ""68"": 8.059757205, ""69"": 3.555834351, ""70"": 0.299813728, ""72"": 3.855648079, ""73"": 15.94863541, ""210"": 15.0, ""211"": 187.8817105, ""212"": 11.30465654}","{""0"": 570.0, ""1"": 407.0, ""2"": 163.0, ""3"": 4500.0, ""4"": 41.0, ""5"": 895.0, ""6"": 443.0, ""7"": 218.0, ""8"": 172.0, ""9"": 81.0, ""10"": 36.0, ""11"": 74.0, ""12"": 34.0, ""13"": 27.0, ""14"": 9.0, ""15"": 3.0, ""16"": 2.0, ""17"": 6.0, ""19"": 1.0, ""20"": 16.0, ""21"": 0.71403509, ""22"": 264.70588235, ""23"": 60.0, ""24"": 378.0, ""25"": 3.0, ""27"": 69.0, ""28"": 32.0, ""29"": 14.0, ""30"": 8.0, ""31"": 1.0, ""33"": 4.0, ""39"": 6.3, ""40"": 22.23529412, ""64"": 40.0, ""65"": 5.0, ""66"": 8.0, ""68"": 13.0, ""69"": 1.0, ""70"": 1.0, ""72"": 2.0, ""73"": 18.0, ""155"": 10.0, ""156"": 7.0, ""158"": 264.0, ""175"": 18.0, ""176"": 11.0, ""177"": 5.0, ""178"": 4.0, ""179"": 1.0, ""180"": 2.0, ""210"": 17.0, ""211"": 224.0, ""212"": 24.0}",2026-08-24T23:49:59-04:00
Jaxon Smith-Njigba,4430878,WR,SEA,ACTIVE,153.67843712,203.0,0.0,118.3,85.34496919917865,93.46920643989141,96.0,64.0,"{""42"": 883.9141114, ""43"": 4.734437553, ""44"": 0.253961209, ""45"": 0.179070614, ""46"": 0.117022646, ""47"": 176.0, ""48"": 88.0, ""49"": 44.0, ""50"": 35.0, ""51"": 17.0, ""53"": 75.35550832, ""56"": 1.824592385, ""57"": 0.056430692, ""58"": 111.7538602, ""60"": 11.72992036, ""61"": 58.46902683, ""62"": 0.253961209, ""63"": 0.005329405, ""67"": 1.211228494, ""68"": 1.211228494, ""71"": 0.678287956, ""72"": 0.678287956, ""73"": 0.678287956, ""102"": 0.00855, ""115"": 13.8, ""118"": 1.0, ""210"": 15.11764706, ""213"": 42.33716483}","{""0"": 1.0, ""1"": 1.0, ""3"": 35.0, ""5"": 7.0, ""6"": 3.0, ""7"": 1.0, ""8"": 1.0, ""21"": 1.0, ""22"": 2.05882353, ""23"": 5.0, ""24"": 26.0, ""27"": 3.0, ""39"": 5.2, ""40"": 1.52941176, ""41"": 100.0, ""42"": 1130.0, ""43"": 6.0, ""47"": 218.0, ""48"": 105.0, ""49"": 47.0, ""50"": 38.0, ""51"": 15.0, ""52"": 3.0, ""53"": 100.0, ""54"": 13.0, ""55"": 3.0, ""56"": 3.0, ""58"": 137.0, ""59"": 477.0, ""60"": 11.3, ""61"": 66.47058824, ""67"": 1.0, ""68"": 1.0, ""108"": 4.0, ""109"": 4.0, ""155"": 10.0, ""156"": 7.0, ""158"": 36.0, ""183"": 2.0, ""184"": 3.0, ""185"": 1.0, ""210"": 17.0, ""211"": 1.0, ""212"": 1.0, ""213"": 56.0}",2026-08-24T23:49:59-04:00
Brian Robinson Jr.,4241474,RB,WSH,ACTIVE,161.2541004,149.8,0.0,180.1,59.657905544147845,93.1815265808076,90.0,36.0,"{""23"": 200.1497859, ""24"": 841.630594, ""25"": 4.698245453, ""26"": 0.174526602, ""27"": 168.0, ""28"": 84.0, ""29"": 42.0, ""30"": 33.0, ""31"": 16.0, ""33"": 40.0, ""34"": 20.0, ""35"": 0.407222857, ""36"": 0.285056, ""37"": 1.844721391, ""38"": 0.062953264, ""39"": 4.205003719, ""40"": 59.36813319, ""42"": 271.3512865, ""43"": 1.093631106, ""44"": 0.059858381, ""45"": 0.060230145, ""46"": 0.0393604, ""47"": 54.0, ""48"": 27.0, ""49"": 13.0, ""50"": 10.0, ""51"": 5.0, ""53"": 34.92014506, ""56"": 0.10738165, ""57"": 0.003321082, ""58"": 44.39582742, ""60"": 7.77062312, ""61"": 19.14096212, ""62"": 0.234384983, ""63"": 0.012621146, ""66"": 2.442328947, ""67"": 0.426113277, ""68"": 2.868442223, ""70"": 1.123471316, ""71"": 0.238623435, ""72"": 1.36209475, ""73"": 1.36209475, ""210"": 14.17647059, ""212"": 46.15220459, ""213"": 14.73974942}","{""23"": 187.0, ""24"": 799.0, ""25"": 8.0, ""27"": 155.0, ""28"": 76.0, ""29"": 35.0, ""30"": 25.0, ""31"": 11.0, ""32"": 3.0, ""33"": 34.0, ""34"": 13.0, ""35"": 1.0, ""37"": 3.0, ""39"": 4.27272727, ""40"": 57.07142857, ""41"": 20.0, ""42"": 159.0, ""47"": 26.0, ""48"": 10.0, ""49"": 3.0, ""50"": 1.0, ""53"": 20.0, ""58"": 25.0, ""59"": 179.0, ""60"": 7.95, ""61"": 11.35714286, ""65"": 2.0, ""66"": 2.0, ""68"": 2.0, ""69"": 2.0, ""70"": 2.0, ""72"": 2.0, ""73"": 2.0, ""107"": 1.0, ""109"": 1.0, ""155"": 11.0, ""156"": 3.0, ""158"": 48.0, ""179"": 7.0, ""210"": 14.0, ""212"": 47.0, ""213"": 4.0}",2026-08-24T23:49:59-04:00
Cooper Kupp,2977187,WR,SEA,ACTIVE,178.87748591,141.5,0.0,134.9,30.920944558521562,92.9980003970156,46.0,22.0,"{""23"": 2.068957214, ""24"": 11.96108574, ""25"": 0.103571293, ""26"": 0.00514178, ""27"": 2.0, ""28"": 1.0, ""35"": 0.00379856, ""36"": 0.002658992, ""37"": 0.000283824, ""38"": 9.68581e-06, ""39"": 5.781214641, ""40"": 0.791200224, ""42"": 996.5426652, ""43"": 6.483296614, ""44"": 0.347238359, ""45"": 0.232005605, ""46"": 0.151615663, ""47"": 199.0, ""48"": 99.0, ""49"": 49.0, ""50"": 39.0, ""51"": 19.0, ""53"": 78.10235447, ""56"": 2.496563142, ""57"": 0.077213293, ""58"": 118.0807891, ""60"": 12.7594446, ""61"": 65.91916463, ""62"": 0.352380139, ""63"": 0.004933584, ""66"": 0.028936258, ""67"": 1.092332839, ""68"": 1.121269097, ""70"": 0.013310679, ""71"": 0.61170639, ""72"": 0.625017068, ""73"": 0.625017068, ""210"": 15.11764706, ""212"": 2.678767975, ""213"": 46.78425117}","{""23"": 2.0, ""24"": 10.0, ""27"": 2.0, ""28"": 1.0, ""39"": 5.0, ""40"": 0.83333333, ""41"": 67.0, ""42"": 710.0, ""43"": 6.0, ""45"": 1.0, ""46"": 1.0, ""47"": 138.0, ""48"": 67.0, ""49"": 31.0, ""50"": 24.0, ""51"": 10.0, ""52"": 3.0, ""53"": 67.0, ""54"": 9.0, ""55"": 2.0, ""56"": 3.0, ""58"": 100.0, ""59"": 269.0, ""60"": 10.59701493, ""61"": 59.16666667, ""67"": 1.0, ""68"": 1.0, ""155"": 8.0, ""156"": 4.0, ""158"": 36.0, ""183"": 3.0, ""184"": 1.0, ""185"": 1.0, ""210"": 12.0, ""212"": 1.0, ""213"": 28.0}",2026-08-24T23:49:59-04:00
D'Andre Swift,4259545,RB,CHI,ACTIVE,163.27544146,193.5,0.0,179.8,70.52135523613963,92.83323276772492,71.0,50.0,"{""23"": 183.7555513, ""24"": 831.6615397, ""25"": 5.127650731, ""26"": 0.284217377, ""27"": 166.0, ""28"": 83.0, ""29"": 41.0, ""30"": 33.0, ""31"": 16.0, ""33"": 36.0, ""34"": 18.0, ""35"": 0.370800753, ""36"": 0.259560527, ""37"": 1.79176811, ""38"": 0.061146171, ""39"": 4.525912464, ""40"": 58.66492189, ""42"": 249.2332836, ""43"": 1.387834107, ""44"": 0.069909536, ""45"": 0.041686645, ""46"": 0.027242222, ""47"": 49.0, ""48"": 24.0, ""49"": 12.0, ""50"": 9.0, ""51"": 4.0, ""53"": 34.82620183, ""56"": 0.09553776, ""57"": 0.002954776, ""58"": 45.02320536, ""60"": 7.156487659, ""61"": 17.58077104, ""62"": 0.354126913, ""63"": 0.009375841, ""66"": 1.791365117, ""67"": 0.339507801, ""68"": 2.130872918, ""70"": 0.824027954, ""71"": 0.190124369, ""72"": 1.014152322, ""73"": 1.014152322, ""210"": 14.17647059, ""212"": 45.13971664, ""213"": 14.22871308}","{""23"": 253.0, ""24"": 959.0, ""25"": 6.0, ""27"": 185.0, ""28"": 89.0, ""29"": 38.0, ""30"": 30.0, ""31"": 11.0, ""32"": 1.0, ""33"": 43.0, ""34"": 18.0, ""35"": 1.0, ""36"": 1.0, ""37"": 1.0, ""39"": 3.79051383, ""40"": 56.41176471, ""41"": 42.0, ""42"": 386.0, ""44"": 1.0, ""47"": 72.0, ""48"": 33.0, ""49"": 13.0, ""50"": 9.0, ""51"": 1.0, ""53"": 42.0, ""54"": 2.0, ""58"": 52.0, ""59"": 396.0, ""60"": 9.19047619, ""61"": 22.70588235, ""66"": 1.0, ""67"": 1.0, ""68"": 2.0, ""155"": 5.0, ""156"": 12.0, ""158"": 38.0, ""179"": 3.0, ""182"": 2.0, ""210"": 17.0, ""212"": 43.0, ""213"": 12.0}",2026-08-24T23:49:59-04:00
Jordan Addison,4429205,WR,MIN,ACTIVE,153.38125619,181.0,0.0,186.3,124.9523613963039,91.99770505336114,98.0,117.0,"{""42"": 878.0247886, ""43"": 5.181463688, ""44"": 0.267729656, ""45"": 0.158255734, ""46"": 0.103420122, ""47"": 175.0, ""48"": 87.0, ""49"": 43.0, ""50"": 35.0, ""51"": 17.0, ""53"": 70.44543803, ""56"": 1.798953413, ""57"": 0.055637734, ""58"": 114.2719511, ""60"": 12.46389849, ""61"": 58.07946072, ""62"": 0.267729656, ""63"": 0.004982148, ""67"": 1.132306366, ""68"": 1.132306366, ""71"": 0.634091565, ""72"": 0.634091565, ""73"": 0.634091565, ""210"": 15.11764706, ""213"": 41.23838943}","{""23"": 3.0, ""24"": 20.0, ""25"": 1.0, ""27"": 2.0, ""39"": 6.66666667, ""40"": 1.33333333, ""41"": 63.0, ""42"": 875.0, ""43"": 9.0, ""45"": 2.0, ""47"": 170.0, ""48"": 82.0, ""49"": 38.0, ""50"": 28.0, ""51"": 11.0, ""52"": 2.0, ""53"": 63.0, ""54"": 6.0, ""56"": 2.0, ""58"": 99.0, ""59"": 213.0, ""60"": 13.88888889, ""61"": 58.33333333, ""108"": 2.0, ""109"": 2.0, ""155"": 12.0, ""156"": 3.0, ""158"": 60.0, ""179"": 1.0, ""183"": 4.0, ""184"": 2.0, ""185"": 1.0, ""210"": 15.0, ""212"": 2.0, ""213"": 39.0}",2026-08-24T23:49:59-04:00
Patrick Mahomes,3139477,QB,KC,ACTIVE,373.8713249,333.6,0.0,333.5,91.92106885919836,91.50012369453755,53.0,240.0,"{""0"": 549.4882359, ""1"": 365.8722822, ""2"": 183.6159537, ""3"": 4032.273974, ""4"": 33.23199695, ""5"": 806.0, ""6"": 403.0, ""7"": 201.0, ""8"": 161.0, ""9"": 80.0, ""10"": 40.0, ""11"": 73.0, ""12"": 36.0, ""15"": 3.614036158, ""16"": 2.361772629, ""17"": 4.445314893, ""18"": 0.600445485, ""19"": 1.087331377, ""20"": 10.92476894, ""21"": 0.665841884, ""22"": 268.8182649, ""23"": 62.15218776, ""24"": 337.0739715, ""25"": 0.980564234, ""26"": 0.051420623, ""27"": 67.0, ""28"": 33.0, ""29"": 16.0, ""30"": 13.0, ""31"": 6.0, ""33"": 12.0, ""34"": 6.0, ""35"": 0.118349478, ""36"": 0.082844635, ""37"": 0.330211376, ""38"": 0.011268847, ""39"": 5.423364545, ""40"": 22.4715981, ""62"": 1.138752, ""63"": 0.031014314, ""64"": 28.98942761, ""65"": 6.364860962, ""66"": 0.683846687, ""68"": 7.048707649, ""69"": 3.055133262, ""70"": 0.314569476, ""72"": 3.369702738, ""73"": 14.29447168, ""210"": 15.0, ""211"": 200.4507926, ""212"": 17.71659286}","{""0"": 581.0, ""1"": 392.0, ""2"": 189.0, ""3"": 3928.0, ""4"": 26.0, ""5"": 781.0, ""6"": 387.0, ""7"": 189.0, ""8"": 149.0, ""9"": 72.0, ""10"": 31.0, ""11"": 70.0, ""12"": 29.0, ""13"": 32.0, ""14"": 14.0, ""15"": 2.0, ""16"": 1.0, ""17"": 3.0, ""20"": 11.0, ""21"": 0.6746988, ""22"": 245.5, ""23"": 58.0, ""24"": 307.0, ""25"": 2.0, ""27"": 53.0, ""28"": 23.0, ""29"": 7.0, ""30"": 5.0, ""31"": 1.0, ""33"": 7.0, ""39"": 5.29310345, ""40"": 19.1875, ""41"": 1.0, ""42"": 2.0, ""53"": 1.0, ""58"": 1.0, ""59"": 3.0, ""60"": 2.0, ""61"": 0.125, ""64"": 36.0, ""65"": 2.0, ""66"": 1.0, ""68"": 2.0, ""73"": 11.0, ""155"": 15.0, ""156"": 1.0, ""158"": 168.0, ""175"": 16.0, ""176"": 6.0, ""178"": 2.0, ""179"": 1.0, ""180"": 1.0, ""210"": 16.0, ""211"": 214.0, ""212"": 22.0}",2026-08-24T23:49:59-04:00
Jalen Hurts,4040715,QB,PHI,ACTIVE,355.79489514,349.8,0.0,401.5,31.147995889003084,91.44649839834445,39.0,40.0,"{""0"": 495.5716209, ""1"": 318.4027556, ""2"": 177.1688652, ""3"": 3624.647027, ""4"": 20.94957325, ""5"": 724.0, ""6"": 362.0, ""7"": 181.0, ""8"": 144.0, ""9"": 72.0, ""10"": 36.0, ""11"": 63.0, ""12"": 31.0, ""15"": 2.966635188, ""16"": 1.938696096, ""17"": 2.960402976, ""18"": 0.39987282, ""19"": 1.241634766, ""20"": 11.25478566, ""21"": 0.642495943, ""22"": 241.6431352, ""23"": 124.5083764, ""24"": 535.8722076, ""25"": 9.945470093, ""26"": 0.378477669, ""27"": 107.0, ""28"": 53.0, ""29"": 26.0, ""30"": 21.0, ""31"": 10.0, ""33"": 24.0, ""34"": 12.0, ""35"": 0.245879517, ""36"": 0.172115662, ""37"": 0.839924701, ""38"": 0.028663408, ""39"": 4.303904869, ""40"": 35.72481384, ""62"": 1.620112435, ""63"": 0.040161858, ""64"": 35.44058567, ""65"": 7.393997306, ""66"": 1.733697622, ""68"": 9.127694928, ""69"": 3.549118707, ""70"": 0.797500906, ""72"": 4.346619613, ""73"": 15.60140527, ""210"": 15.0, ""211"": 173.330449, ""212"": 34.90076992}","{""0"": 361.0, ""1"": 248.0, ""2"": 113.0, ""3"": 2903.0, ""4"": 18.0, ""5"": 574.0, ""6"": 284.0, ""7"": 137.0, ""8"": 110.0, ""9"": 52.0, ""10"": 23.0, ""11"": 44.0, ""12"": 18.0, ""13"": 15.0, ""14"": 3.0, ""15"": 4.0, ""16"": 1.0, ""17"": 1.0, ""20"": 5.0, ""21"": 0.68698061, ""22"": 193.53333333, ""23"": 150.0, ""24"": 630.0, ""25"": 14.0, ""27"": 120.0, ""28"": 55.0, ""29"": 24.0, ""30"": 18.0, ""31"": 4.0, ""33"": 23.0, ""34"": 8.0, ""39"": 4.2, ""40"": 42.0, ""64"": 38.0, ""65"": 7.0, ""66"": 4.0, ""68"": 9.0, ""69"": 4.0, ""70"": 2.0, ""72"": 5.0, ""73"": 10.0, ""108"": 1.0, ""109"": 1.0, ""155"": 12.0, ""156"": 3.0, ""158"": 192.0, ""175"": 8.0, ""176"": 3.0, ""177"": 3.0, ""179"": 13.0, ""180"": 1.0, ""210"": 15.0, ""211"": 139.0, ""212"": 61.0}",2026-08-24T23:49:59-04:00
Kyler Murray,3917315,QB,ARI,ACTIVE,298.59377113,338.0,0.0,165.8,100.4530318602261,90.87162441161972,105.0,82.0,"{""0"": 514.054621, ""1"": 339.638991, ""2"": 174.4156299, ""3"": 3565.503017, ""4"": 17.39088163, ""5"": 713.0, ""6"": 356.0, ""7"": 178.0, ""8"": 142.0, ""9"": 71.0, ""10"": 35.0, ""11"": 67.0, ""12"": 33.0, ""15"": 2.877083546, ""16"": 1.880174098, ""17"": 2.77956382, ""18"": 0.375446191, ""19"": 1.645437209, ""20"": 11.55036504, ""21"": 0.660706036, ""22"": 237.7002011, ""23"": 87.49793712, ""24"": 487.2455208, ""25"": 5.23209372, ""26"": 0.35864583, ""27"": 97.0, ""28"": 48.0, ""29"": 24.0, ""30"": 19.0, ""31"": 9.0, ""33"": 17.0, ""34"": 8.0, ""35"": 0.169125084, ""36"": 0.118387559, ""37"": 0.692535389, ""38"": 0.023633576, ""39"": 5.568651524, ""40"": 32.48303472, ""62"": 2.004083038, ""63"": 0.043221867, ""64"": 33.27990945, ""65"": 8.469242322, ""66"": 1.353909156, ""68"": 9.823151478, ""69"": 4.065236314, ""70"": 0.622798212, ""72"": 4.688034526, ""73"": 16.23839957, ""210"": 15.0, ""211"": 175.9763772, ""212"": 27.49654137}","{""0"": 541.0, ""1"": 372.0, ""2"": 169.0, ""3"": 3851.0, ""4"": 21.0, ""5"": 764.0, ""6"": 378.0, ""7"": 187.0, ""8"": 145.0, ""9"": 70.0, ""10"": 31.0, ""11"": 68.0, ""12"": 31.0, ""13"": 28.0, ""14"": 12.0, ""15"": 2.0, ""16"": 1.0, ""17"": 2.0, ""20"": 11.0, ""21"": 0.68761553, ""22"": 226.52941176, ""23"": 78.0, ""24"": 572.0, ""25"": 5.0, ""26"": 1.0, ""27"": 106.0, ""28"": 49.0, ""29"": 21.0, ""30"": 14.0, ""31"": 5.0, ""33"": 10.0, ""35"": 2.0, ""36"": 1.0, ""39"": 7.33333333, ""40"": 33.64705882, ""64"": 30.0, ""65"": 5.0, ""66"": 5.0, ""68"": 8.0, ""69"": 1.0, ""70"": 3.0, ""72"": 4.0, ""73"": 15.0, ""155"": 8.0, ""156"": 9.0, ""158"": 158.0, ""175"": 10.0, ""176"": 5.0, ""177"": 3.0, ""179"": 1.0, ""180"": 1.0, ""181"": 1.0, ""210"": 17.0, ""211"": 191.0, ""212"": 27.0}",2026-08-24T23:49:59-04:00
Mark Andrews,3116365,TE,BAL,ACTIVE,153.11723351,161.3,0.0,112.9,145.71616348326145,90.3298492377154,55.0,366.0,"{""42"": 781.8982632, ""43"": 6.675409587, ""44"": 0.387731521, ""45"": 0.158720392, ""46"": 0.103723776, ""47"": 156.0, ""48"": 78.0, ""49"": 39.0, ""50"": 31.0, ""51"": 15.0, ""53"": 70.35192127, ""56"": 1.314793596, ""57"": 0.040663719, ""58"": 101.9097914, ""60"": 11.11409965, ""61"": 51.72089679, ""62"": 0.387731521, ""63"": 0.004229005, ""67"": 0.961137513, ""68"": 0.961137513, ""71"": 0.538237007, ""72"": 0.538237007, ""73"": 0.538237007, ""210"": 15.11764706, ""213"": 39.17717909}","{""23"": 4.0, ""24"": 5.0, ""39"": 1.25, ""40"": 0.29411765, ""41"": 55.0, ""42"": 673.0, ""43"": 11.0, ""47"": 128.0, ""48"": 60.0, ""49"": 27.0, ""50"": 19.0, ""51"": 7.0, ""53"": 55.0, ""54"": 4.0, ""58"": 69.0, ""59"": 192.0, ""60"": 12.23636364, ""61"": 39.58823529, ""155"": 12.0, ""156"": 5.0, ""158"": 66.0, ""183"": 6.0, ""184"": 5.0, ""210"": 17.0, ""212"": 3.0, ""213"": 39.0}",2026-08-24T23:49:59-04:00
Zach Charbonnet,4426385,RB,SEA,ACTIVE,122.19144394,165.9,0.0,89.6,162.97289527720739,90.2172584211998,152.0,162.0,"{""23"": 122.4897751, ""24"": 531.4983364, ""25"": 3.513564232, ""26"": 0.174756344, ""27"": 106.0, ""28"": 53.0, ""29"": 26.0, ""30"": 21.0, ""31"": 10.0, ""33"": 24.0, ""34"": 12.0, ""35"": 0.239675352, ""36"": 0.167772747, ""37"": 0.733895942, ""38"": 0.025045053, ""39"": 4.33912411, ""40"": 37.4915839, ""42"": 245.3090995, ""43"": 0.978923062, ""44"": 0.052535303, ""45"": 0.041151538, ""46"": 0.02689253, ""47"": 49.0, ""48"": 24.0, ""49"": 12.0, ""50"": 9.0, ""51"": 4.0, ""53"": 35.50084091, ""56"": 0.093685199, ""57"": 0.00289748, ""58"": 44.76368718, ""60"": 6.909951799, ""61"": 17.30396138, ""62"": 0.227291647, ""63"": 0.002960389, ""66"": 0.52163259, ""67"": 0.151183195, ""68"": 0.672815785, ""70"": 0.239950991, ""71"": 0.084662589, ""72"": 0.324613581, ""73"": 0.324613581, ""210"": 14.17647059, ""212"": 30.07921427, ""213"": 14.10706186}","{""23"": 135.0, ""24"": 569.0, ""25"": 8.0, ""27"": 106.0, ""28"": 50.0, ""29"": 20.0, ""30"": 16.0, ""31"": 6.0, ""32"": 1.0, ""33"": 19.0, ""34"": 6.0, ""35"": 1.0, ""36"": 1.0, ""37"": 1.0, ""39"": 4.21481481, ""40"": 33.47058824, ""41"": 42.0, ""42"": 340.0, ""43"": 1.0, ""47"": 62.0, ""48"": 27.0, ""49"": 8.0, ""50"": 7.0, ""51"": 1.0, ""53"": 42.0, ""54"": 3.0, ""58"": 52.0, ""59"": 377.0, ""60"": 8.0952381, ""61"": 20.0, ""107"": 1.0, ""108"": 2.0, ""109"": 3.0, ""155"": 10.0, ""156"": 7.0, ""158"": 54.0, ""179"": 5.0, ""180"": 1.0, ""181"": 1.0, ""186"": 1.0, ""210"": 17.0, ""212"": 32.0, ""213"": 7.0}",2026-08-24T23:49:59-04:00
Rachaad White,4697815,RB,TB,ACTIVE,198.44393203,174.1,0.0,235.9,107.69034907597536,90.16026546899785,25.0,88.0,"{""23"": 212.3401366, ""24"": 863.2044855, ""25"": 6.138738649, ""26"": 0.398210274, ""27"": 172.0, ""28"": 86.0, ""29"": 43.0, ""30"": 34.0, ""31"": 17.0, ""33"": 42.0, ""34"": 21.0, ""35"": 0.434925708, ""36"": 0.304447995, ""37"": 1.956039089, ""38"": 0.06675211, ""39"": 4.065196997, ""40"": 60.88994296, ""42"": 395.111182, ""43"": 1.723967819, ""44"": 0.080894275, ""45"": 0.057228605, ""46"": 0.037398893, ""47"": 79.0, ""48"": 39.0, ""49"": 19.0, ""50"": 15.0, ""51"": 7.0, ""53"": 53.61164882, ""56"": 0.217316633, ""57"": 0.006721133, ""58"": 65.36034937, ""60"": 7.36987559, ""61"": 27.87091325, ""62"": 0.47910455, ""63"": 0.010666054, ""66"": 1.935442531, ""67"": 0.488660632, ""68"": 2.424103163, ""70"": 0.890303564, ""71"": 0.273649954, ""72"": 1.163953518, ""73"": 1.163953518, ""210"": 14.17647059, ""212"": 48.69514693, ""213"": 22.67072652}","{""23"": 144.0, ""24"": 613.0, ""25"": 3.0, ""27"": 117.0, ""28"": 55.0, ""29"": 22.0, ""30"": 17.0, ""31"": 4.0, ""33"": 26.0, ""34"": 10.0, ""39"": 4.25694444, ""40"": 38.3125, ""41"": 51.0, ""42"": 393.0, ""43"": 6.0, ""47"": 75.0, ""48"": 33.0, ""49"": 11.0, ""50"": 10.0, ""51"": 3.0, ""53"": 51.0, ""54"": 6.0, ""58"": 57.0, ""59"": 516.0, ""60"": 7.70588235, ""61"": 24.5625, ""65"": 1.0, ""66"": 2.0, ""67"": 1.0, ""68"": 3.0, ""69"": 1.0, ""70"": 2.0, ""71"": 1.0, ""72"": 3.0, ""73"": 3.0, ""107"": 1.0, ""109"": 1.0, ""155"": 9.0, ""156"": 7.0, ""158"": 54.0, ""179"": 3.0, ""183"": 2.0, ""184"": 3.0, ""185"": 1.0, ""210"": 16.0, ""212"": 35.0, ""213"": 18.0}",2026-08-24T23:49:59-04:00
Najee Harris,4241457,RB,LAC,ACTIVE,160.97303981,186.6,0.0,181.0,101.84969199178644,90.15180537827881,75.0,63.0,"{""23"": 218.5682067, ""24"": 889.5007014, ""25"": 5.81368013, ""26"": 0.272624391, ""27"": 177.0, ""28"": 88.0, ""29"": 44.0, ""30"": 35.0, ""31"": 17.0, ""33"": 43.0, ""34"": 21.0, ""35"": 0.448972464, ""36"": 0.314280725, ""37"": 2.071702431, ""38"": 0.070699256, ""39"": 4.069671041, ""40"": 62.74486275, ""42"": 167.9602135, ""43"": 1.238135979, ""44"": 0.071381582, ""45"": 0.034200582, ""46"": 0.02235008, ""47"": 33.0, ""48"": 16.0, ""49"": 8.0, ""50"": 6.0, ""51"": 3.0, ""53"": 27.8889789, ""56"": 0.063888026, ""57"": 0.001975918, ""58"": 35.78092071, ""60"": 6.022458336, ""61"": 11.84781589, ""62"": 0.344005973, ""63"": 0.008012013, ""66"": 1.614858443, ""67"": 0.206053541, ""68"": 1.820911984, ""70"": 0.742834884, ""71"": 0.115389983, ""72"": 0.858224867, ""73"": 0.858224867, ""210"": 14.17647059, ""212"": 49.71909048, ""213"": 10.3450848}","{""23"": 263.0, ""24"": 1043.0, ""25"": 6.0, ""27"": 201.0, ""28"": 98.0, ""29"": 44.0, ""30"": 33.0, ""31"": 14.0, ""32"": 3.0, ""33"": 45.0, ""34"": 18.0, ""37"": 3.0, ""39"": 3.96577947, ""40"": 61.35294118, ""41"": 36.0, ""42"": 283.0, ""47"": 52.0, ""48"": 22.0, ""49"": 7.0, ""50"": 6.0, ""51"": 2.0, ""53"": 36.0, ""54"": 2.0, ""58"": 48.0, ""59"": 329.0, ""60"": 7.86111111, ""61"": 16.64705882, ""155"": 10.0, ""156"": 7.0, ""158"": 36.0, ""179"": 3.0, ""180"": 2.0, ""182"": 1.0, ""210"": 17.0, ""212"": 50.0, ""213"": 13.0}",2026-08-24T23:49:59-04:00
Eagles D/ST,-16021,D/ST,PHI,,106.14254698,119.0,0.0,75.0,150.44370997727742,89.69241712833711,427.0,427.0,"{""89"": 0.151269746, ""90"": 0.679864027, ""91"": 2.566486703, ""92"": 2.583483303, ""93"": 0.112137887, ""94"": 1.847890702, ""95"": 15.00732024, ""96"": 9.126227145, ""97"": 1.834388413, ""98"": 0.224041258, ""99"": 46.88938377, ""100"": 93.77876754, ""101"": 0.507008771, ""102"": 0.13851, ""103"": 1.278559069, ""104"": 0.569331633, ""105"": 2.60554736, ""106"": 11.49269628, ""109"": 1040.794349, ""110"": 346.0, ""111"": 208.0, ""112"": 36.64694977, ""113"": 84.81506612, ""114"": 1657.1239, ""115"": 347.0307692, ""116"": 165.0, ""117"": 66.0, ""118"": 34.0, ""119"": 13.0, ""120"": 382.1690146, ""121"": 2.464507099, ""122"": 3.858228354, ""123"": 2.99140172, ""124"": 1.512697461, ""125"": 0.192061588, ""126"": 22.48053027, ""127"": 6127.022098, ""129"": 0.169745382, ""130"": 2.036944583, ""131"": 3.055416875, ""132"": 4.328507239, ""133"": 3.819271093, ""134"": 2.376435347, ""135"": 0.933599601, ""136"": 0.28007988, ""137"": 360.4130646, ""210"": 17.0}","{""89"": 0.0, ""90"": 2.0, ""91"": 4.0, ""92"": 4.0, ""94"": 1.0, ""95"": 13.0, ""96"": 13.0, ""97"": 1.0, ""99"": 41.0, ""100"": 82.0, ""103"": 1.0, ""105"": 1.0, ""106"": 22.0, ""107"": 396.0, ""108"": 635.0, ""109"": 1031.0, ""110"": 336.0, ""111"": 199.0, ""112"": 66.0, ""113"": 90.0, ""114"": 875.0, ""115"": 257.0, ""116"": 80.0, ""117"": 29.0, ""118"": 20.0, ""119"": 6.0, ""120"": 297.0, ""121"": 3.0, ""122"": 1.0, ""123"": 2.0, ""124"": 1.0, ""127"": 4732.0, ""128"": 0.0, ""129"": 3.0, ""130"": 8.0, ""131"": 1.0, ""132"": 3.0, ""133"": 2.0, ""134"": 0.0, ""135"": 0.0, ""136"": 0.0, ""155"": 14.0, ""156"": 3.0, ""187"": 297.0, ""188"": 0.0, ""189"": 2.0, ""190"": 4.0, ""191"": 4.0, ""192"": 3.0, ""193"": 1.0, ""194"": 2.0, ""195"": 1.0, ""205"": 1.0, ""206"": 1.0, ""210"": 17.0}",2026-08-24T23:49:59-04:00
Deebo Samuel Sr.,3126486,WR,WSH,ACTIVE,190.04361349,128.1,0.0,213.7,33.30082135523614,89.65084414232524,20.0,18.0,"{""23"": 28.8351943, ""24"": 164.3156878, ""25"": 2.821090855, ""26"": 0.086642484, ""27"": 32.0, ""28"": 16.0, ""29"": 8.0, ""30"": 6.0, ""31"": 3.0, ""33"": 5.0, ""34"": 2.0, ""35"": 0.053715122, ""36"": 0.037600586, ""37"": 0.068927741, ""38"": 0.002352239, ""39"": 5.698442191, ""40"": 11.59073317, ""42"": 923.9048278, ""43"": 5.635430313, ""44"": 0.248758537, ""45"": 0.411822807, ""46"": 0.269126205, ""47"": 184.0, ""48"": 92.0, ""49"": 46.0, ""50"": 36.0, ""51"": 18.0, ""53"": 62.29528518, ""56"": 2.07476585, ""57"": 0.064168016, ""58"": 94.21909974, ""60"": 14.83105543, ""61"": 65.17170984, ""62"": 0.335401021, ""63"": 0.007145972, ""66"": 0.513887281, ""67"": 1.110197296, ""68"": 1.624084577, ""70"": 0.236388149, ""71"": 0.621710486, ""72"": 0.858098635, ""73"": 0.858098635, ""101"": 0.063364594, ""114"": 309.3974318, ""116"": 30.0, ""117"": 12.0, ""210"": 14.17647059, ""212"": 11.47511994, ""213"": 40.83152642}","{""23"": 42.0, ""24"": 136.0, ""25"": 1.0, ""27"": 25.0, ""28"": 10.0, ""29"": 2.0, ""30"": 1.0, ""33"": 3.0, ""39"": 3.23809524, ""40"": 9.06666667, ""41"": 51.0, ""42"": 670.0, ""43"": 3.0, ""45"": 1.0, ""46"": 1.0, ""47"": 130.0, ""48"": 63.0, ""49"": 28.0, ""50"": 19.0, ""51"": 9.0, ""52"": 2.0, ""53"": 51.0, ""54"": 4.0, ""56"": 2.0, ""58"": 81.0, ""59"": 421.0, ""60"": 13.1372549, ""61"": 44.66666667, ""64"": 1.0, ""68"": 2.0, ""72"": 1.0, ""73"": 1.0, ""108"": 2.0, ""109"": 2.0, ""114"": 533.0, ""116"": 51.0, ""117"": 19.0, ""155"": 6.0, ""156"": 9.0, ""158"": 24.0, ""179"": 1.0, ""183"": 1.0, ""184"": 1.0, ""210"": 15.0, ""212"": 5.0, ""213"": 28.0}",2026-08-24T23:49:59-04:00
DeVonta Smith,4241478,WR,PHI,ACTIVE,183.21214452,165.4,0.0,187.1,78.14250513347022,89.58735795798412,47.0,48.0,"{""42"": 1039.909983, ""43"": 6.327239092, ""44"": 0.374888944, ""45"": 0.240369601, ""46"": 0.157081534, ""47"": 207.0, ""48"": 103.0, ""49"": 51.0, ""50"": 41.0, ""51"": 20.0, ""53"": 83.96185408, ""56"": 2.777371518, ""57"": 0.085898088, ""58"": 122.2709706, ""60"": 12.38550523, ""61"": 68.78781988, ""62"": 0.374888944, ""63"": 0.005786759, ""67"": 1.315172553, ""68"": 1.315172553, ""71"": 0.73649663, ""72"": 0.73649663, ""73"": 0.73649663, ""210"": 15.11764706, ""213"": 49.25191053}","{""23"": 1.0, ""24"": 1.0, ""39"": 1.0, ""40"": 0.07692308, ""41"": 68.0, ""42"": 833.0, ""43"": 8.0, ""45"": 2.0, ""47"": 161.0, ""48"": 77.0, ""49"": 36.0, ""50"": 29.0, ""51"": 11.0, ""52"": 2.0, ""53"": 68.0, ""54"": 8.0, ""55"": 1.0, ""56"": 2.0, ""58"": 89.0, ""59"": 299.0, ""60"": 12.25, ""61"": 64.07692308, ""108"": 1.0, ""109"": 1.0, ""155"": 11.0, ""156"": 2.0, ""158"": 48.0, ""183"": 3.0, ""185"": 3.0, ""210"": 13.0, ""213"": 42.0}",2026-08-24T23:49:59-04:00
Ladd McConkey,4612826,WR,LAC,ACTIVE,146.10345017,199.9,,,112.77926078028747,89.5179378303692,113.0,95.0,"{""23"": 2.223599097, ""24"": 13.67922929, ""25"": 0.074318382, ""26"": 0.00413527, ""27"": 2.0, ""28"": 1.0, ""35"": 0.004082819, ""36"": 0.002857973, ""37"": 0.000384757, ""38"": 1.31303e-05, ""39"": 6.15184154, ""40"": 0.904851743, ""42"": 817.3629602, ""43"": 4.995994057, ""44"": 0.252573777, ""45"": 0.205150224, ""46"": 0.134065671, ""47"": 163.0, ""48"": 81.0, ""49"": 40.0, ""50"": 32.0, ""51"": 16.0, ""53"": 64.55206896, ""56"": 1.484575287, ""57"": 0.0459147, ""58"": 99.84281889, ""60"": 12.66207224, ""61"": 54.0668106, ""62"": 0.256709047, ""63"": 0.003121734, ""66"": 0.023625524, ""67"": 0.685859445, ""68"": 0.709484969, ""70"": 0.010867741, ""71"": 0.384081289, ""72"": 0.39494903, ""73"": 0.39494903, ""101"": 0.087750346, ""102"": 0.00855, ""114"": 287.9308227, ""115"": 13.8, ""116"": 28.0, ""117"": 11.0, ""118"": 1.0, ""210"": 15.11764706, ""212"": 2.724368532, ""213"": 38.14643955}","{""41"": 82.0, ""42"": 1149.0, ""43"": 7.0, ""44"": 1.0, ""45"": 2.0, ""46"": 1.0, ""47"": 222.0, ""48"": 107.0, ""49"": 50.0, ""50"": 37.0, ""51"": 14.0, ""52"": 3.0, ""53"": 82.0, ""54"": 12.0, ""56"": 3.0, ""58"": 112.0, ""59"": 390.0, ""60"": 14.01219512, ""61"": 71.8125, ""67"": 2.0, ""68"": 2.0, ""108"": 2.0, ""109"": 2.0, ""115"": 28.0, ""118"": 2.0, ""119"": 1.0, ""155"": 11.0, ""156"": 5.0, ""158"": 44.0, ""183"": 4.0, ""184"": 1.0, ""210"": 16.0, ""213"": 52.0}",2026-08-24T23:49:59-04:00
T.J. Hockenson,4036133,TE,MIN,ACTIVE,100.82755418,66.0,0.0,171.5,96.81947011706716,89.49837103584932,172.0,81.0,"{""42"": 565.5982972, ""43"": 2.586700296, ""44"": 0.133503068, ""45"": 0.064512303, ""46"": 0.04215879, ""47"": 113.0, ""48"": 56.0, ""49"": 28.0, ""50"": 22.0, ""51"": 11.0, ""53"": 58.31808125, ""56"": 0.991570373, ""57"": 0.030667125, ""58"": 83.54502747, ""60"": 9.698506621, ""61"": 51.69446802, ""62"": 0.133503068, ""63"": 0.00266563, ""67"": 0.605825067, ""68"": 0.605825067, ""71"": 0.339262038, ""72"": 0.339262038, ""73"": 0.339262038, ""210"": 10.94117647, ""213"": 29.13577847}","{""41"": 41.0, ""42"": 455.0, ""47"": 86.0, ""48"": 40.0, ""49"": 18.0, ""50"": 14.0, ""51"": 5.0, ""52"": 1.0, ""53"": 41.0, ""54"": 4.0, ""56"": 1.0, ""58"": 62.0, ""59"": 145.0, ""60"": 11.09756098, ""61"": 45.5, ""155"": 9.0, ""156"": 1.0, ""210"": 10.0, ""213"": 30.0}",2026-08-24T23:49:59-04:00
Sam Darnold,3912547,QB,SEA,ACTIVE,226.2415326,377.0,0.0,27.1,134.91613566289826,89.29080757784854,423.0,125.0,"{""0"": 470.1673777, ""1"": 292.008855, ""2"": 178.1585227, ""3"": 3126.429328, ""4"": 17.0504389, ""5"": 625.0, ""6"": 312.0, ""7"": 156.0, ""8"": 125.0, ""9"": 62.0, ""10"": 31.0, ""11"": 58.0, ""12"": 29.0, ""15"": 2.547452279, ""16"": 1.664760065, ""17"": 2.512540121, ""18"": 0.339378291, ""19"": 0.88021274, ""20"": 12.58902864, ""21"": 0.621074258, ""22"": 240.4945637, ""23"": 48.89125026, ""24"": 180.3689603, ""25"": 2.448568234, ""26"": 0.133218465, ""27"": 36.0, ""28"": 18.0, ""29"": 9.0, ""30"": 7.0, ""31"": 3.0, ""33"": 9.0, ""34"": 4.0, ""35"": 0.092781157, ""36"": 0.06494681, ""37"": 0.108830469, ""38"": 0.003713966, ""39"": 3.689186906, ""40"": 13.87453541, ""62"": 1.013431205, ""63"": 0.048937737, ""64"": 37.05201596, ""65"": 10.14438787, ""66"": 0.977825005, ""68"": 11.12221288, ""69"": 4.869306179, ""70"": 0.449799502, ""72"": 5.319105681, ""73"": 17.90813432, ""210"": 13.0, ""211"": 153.5890481, ""212"": 12.4703899}","{""0"": 545.0, ""1"": 361.0, ""2"": 184.0, ""3"": 4319.0, ""4"": 35.0, ""5"": 859.0, ""6"": 424.0, ""7"": 208.0, ""8"": 165.0, ""9"": 76.0, ""10"": 34.0, ""11"": 64.0, ""12"": 29.0, ""13"": 31.0, ""14"": 11.0, ""15"": 4.0, ""16"": 2.0, ""17"": 3.0, ""20"": 12.0, ""21"": 0.66238532, ""22"": 254.05882353, ""23"": 67.0, ""24"": 212.0, ""25"": 1.0, ""27"": 38.0, ""28"": 16.0, ""29"": 4.0, ""30"": 3.0, ""33"": 6.0, ""39"": 3.1641791, ""40"": 12.47058824, ""64"": 48.0, ""65"": 6.0, ""66"": 3.0, ""68"": 8.0, ""69"": 3.0, ""70"": 2.0, ""72"": 4.0, ""73"": 16.0, ""107"": 1.0, ""108"": 1.0, ""109"": 2.0, ""155"": 14.0, ""156"": 3.0, ""158"": 216.0, ""175"": 18.0, ""176"": 8.0, ""177"": 3.0, ""178"": 2.0, ""179"": 1.0, ""210"": 17.0, ""211"": 207.0, ""212"": 23.0}",2026-08-24T23:49:59-04:00
Courtland Sutton,3128429,WR,DEN,ACTIVE,153.93596432,201.6,0.0,160.7,104.66611909650923,89.22551321777864,95.0,96.0,"{""42"": 896.4868294, ""43"": 4.957287726, ""44"": 0.272492934, ""45"": 0.140178154, ""46"": 0.091606424, ""47"": 179.0, ""48"": 89.0, ""49"": 44.0, ""50"": 35.0, ""51"": 17.0, ""53"": 71.18628383, ""56"": 1.8938616, ""57"": 0.058573039, ""58"": 120.1007508, ""60"": 12.59353321, ""61"": 59.30068522, ""62"": 0.272492934, ""63"": 0.006264393, ""67"": 1.423725677, ""68"": 1.423725677, ""71"": 0.797286379, ""72"": 0.797286379, ""73"": 0.797286379, ""210"": 15.11764706, ""213"": 41.82469425}","{""0"": 2.0, ""1"": 2.0, ""3"": 30.0, ""4"": 1.0, ""5"": 5.0, ""6"": 2.0, ""7"": 1.0, ""8"": 1.0, ""21"": 1.0, ""22"": 1.76470588, ""41"": 81.0, ""42"": 1081.0, ""43"": 8.0, ""47"": 211.0, ""48"": 102.0, ""49"": 46.0, ""50"": 37.0, ""51"": 15.0, ""52"": 3.0, ""53"": 81.0, ""54"": 10.0, ""56"": 3.0, ""58"": 135.0, ""59"": 179.0, ""60"": 13.34567901, ""61"": 63.58823529, ""67"": 1.0, ""68"": 1.0, ""71"": 1.0, ""72"": 1.0, ""73"": 1.0, ""108"": 2.0, ""109"": 2.0, ""155"": 10.0, ""156"": 7.0, ""158"": 54.0, ""175"": 1.0, ""183"": 3.0, ""184"": 3.0, ""185"": 1.0, ""186"": 1.0, ""210"": 17.0, ""211"": 2.0, ""213"": 57.0}",2026-08-24T23:49:59-04:00
Ravens D/ST,-16033,D/ST,BAL,,129.01150935,101.0,0.0,167.0,100.28630448254494,89.15410503690715,228.0,181.0,"{""89"": 0.273150466, ""90"": 1.233857243, ""91"": 4.118530383, ""92"": 3.471819001, ""93"": 0.108551436, ""94"": 1.837234092, ""95"": 14.78009036, ""96"": 8.924561508, ""97"": 1.75819511, ""98"": 0.216550153, ""99"": 45.28027019, ""100"": 90.56054039, ""101"": 0.323179817, ""102"": 0.22206, ""103"": 1.277091316, ""104"": 0.560142777, ""105"": 2.491025345, ""106"": 13.0108745, ""109"": 1030.181674, ""110"": 343.0, ""111"": 206.0, ""112"": 34.50855689, ""113"": 82.22765127, ""114"": 1522.852044, ""115"": 308.175, ""116"": 152.0, ""117"": 60.0, ""118"": 30.0, ""119"": 12.0, ""120"": 332.2976878, ""121"": 2.467714486, ""122"": 3.088897788, ""123"": 1.778456302, ""124"": 0.519070978, ""125"": 0.048503354, ""126"": 19.54692281, ""127"": 5665.551404, ""129"": 0.706665999, ""130"": 5.619271798, ""131"": 4.316622427, ""132"": 3.626984524, ""133"": 1.864576551, ""134"": 0.595983373, ""135"": 0.221365253, ""136"": 0.048530075, ""137"": 333.2677297, ""210"": 17.0}","{""89"": 1.0, ""90"": 0.0, ""91"": 3.0, ""92"": 2.0, ""94"": 2.0, ""95"": 12.0, ""96"": 5.0, ""97"": 1.0, ""99"": 54.0, ""100"": 108.0, ""103"": 2.0, ""105"": 2.0, ""106"": 12.0, ""107"": 419.0, ""108"": 653.0, ""109"": 1072.0, ""110"": 351.0, ""111"": 209.0, ""112"": 75.0, ""113"": 82.0, ""114"": 811.0, ""115"": 213.0, ""116"": 77.0, ""117"": 26.0, ""118"": 15.0, ""119"": 2.0, ""120"": 357.0, ""121"": 1.0, ""122"": 6.0, ""123"": 3.0, ""124"": 1.0, ""127"": 5511.0, ""128"": 0.0, ""129"": 0.0, ""130"": 7.0, ""131"": 4.0, ""132"": 1.0, ""133"": 3.0, ""134"": 2.0, ""135"": 0.0, ""136"": 0.0, ""155"": 12.0, ""156"": 5.0, ""187"": 357.0, ""188"": 1.0, ""189"": 0.0, ""190"": 3.0, ""191"": 2.0, ""192"": 1.0, ""193"": 6.0, ""194"": 3.0, ""195"": 1.0, ""210"": 17.0}",2026-08-24T23:49:59-04:00
Tony Pollard,3916148,RB,TEN,ACTIVE,153.72345976,180.2,0.0,195.1,55.92443531827515,88.77658969262836,92.0,34.0,"{""23"": 172.4623701, ""24"": 742.8032359, ""25"": 5.110999281, ""26"": 0.294574156, ""27"": 148.0, ""28"": 74.0, ""29"": 37.0, ""30"": 29.0, ""31"": 14.0, ""33"": 34.0, ""34"": 17.0, ""35"": 0.346066074, ""36"": 0.242246252, ""37"": 1.427365007, ""38"": 0.048710491, ""39"": 4.307045273, ""40"": 52.39690876, ""42"": 245.5010675, ""43"": 1.013365072, ""44"": 0.050774893, ""45"": 0.03470662, ""46"": 0.022680776, ""47"": 49.0, ""48"": 24.0, ""49"": 12.0, ""50"": 9.0, ""51"": 4.0, ""53"": 38.09199284, ""56"": 0.093723272, ""57"": 0.002898658, ""58"": 48.29852409, ""60"": 6.444952053, ""61"": 17.31750269, ""62"": 0.345349049, ""63"": 0.00731591, ""66"": 1.36190171, ""67"": 0.30080504, ""68"": 1.66270675, ""70"": 0.626474786, ""71"": 0.168450823, ""72"": 0.794925609, ""73"": 0.794925609, ""210"": 14.17647059, ""212"": 41.44087711, ""213"": 14.71704843}","{""23"": 260.0, ""24"": 1079.0, ""25"": 5.0, ""26"": 1.0, ""27"": 209.0, ""28"": 101.0, ""29"": 47.0, ""30"": 35.0, ""31"": 13.0, ""32"": 3.0, ""33"": 45.0, ""34"": 17.0, ""37"": 3.0, ""39"": 4.15, ""40"": 67.4375, ""41"": 41.0, ""42"": 238.0, ""47"": 44.0, ""48"": 20.0, ""49"": 7.0, ""50"": 3.0, ""53"": 41.0, ""54"": 1.0, ""58"": 57.0, ""59"": 221.0, ""60"": 5.80487805, ""61"": 14.875, ""65"": 2.0, ""66"": 2.0, ""68"": 2.0, ""69"": 2.0, ""70"": 2.0, ""72"": 2.0, ""73"": 2.0, ""108"": 1.0, ""109"": 1.0, ""155"": 3.0, ""156"": 13.0, ""158"": 32.0, ""179"": 2.0, ""180"": 1.0, ""181"": 2.0, ""210"": 16.0, ""212"": 53.0, ""213"": 9.0}",2026-08-24T23:49:59-04:00
Brandon Aubrey,3953687,K,DAL,QUESTIONABLE,142.08228951,185.0,131.90126964,179.0,91.73664673128481,88.52963211474588,241.0,195.0,"{""74"": 4.672553543, ""75"": 6.566606582, ""76"": 1.894053039, ""77"": 7.532163389, ""78"": 9.134734899, ""79"": 1.60257151, ""80"": 16.59758618, ""81"": 16.8066119, ""82"": 0.209025716, ""83"": 28.80230311, ""84"": 32.50795338, ""85"": 3.705650264, ""86"": 42.50375996, ""87"": 43.43487832, ""88"": 0.931118354, ""198"": 4.672553543, ""199"": 6.566606582, ""200"": 1.894053039, ""210"": 17.0, ""214"": 1089.192829, ""215"": 180.6653535, ""216"": 1269.858183}","{""74"": 14.0, ""75"": 17.0, ""76"": 3.0, ""77"": 14.0, ""78"": 16.0, ""79"": 2.0, ""80"": 12.0, ""81"": 14.0, ""82"": 2.0, ""83"": 40.0, ""84"": 47.0, ""85"": 7.0, ""86"": 30.0, ""87"": 30.0, ""155"": 7.0, ""156"": 10.0, ""158"": 150.0, ""198"": 12.0, ""199"": 13.0, ""200"": 1.0, ""201"": 2.0, ""202"": 4.0, ""203"": 2.0, ""210"": 17.0, ""214"": 1769.0, ""215"": 299.0, ""216"": 2068.0, ""217"": 346.0, ""218"": 169.0, ""219"": 79.0, ""220"": 64.0, ""221"": 27.0, ""222"": 9.0, ""223"": 59.0, ""224"": 29.0, ""225"": 13.0, ""226"": 10.0, ""227"": 4.0, ""229"": 406.0, ""230"": 199.0, ""231"": 94.0, ""232"": 75.0, ""233"": 33.0, ""234"": 11.0}",2026-08-24T23:49:59-04:00
Chase McLaughlin,3150744,K,TB,ACTIVE,133.62267434,162.0,118.20141976,134.0,154.2027222107651,88.38192483163154,365.0,202.0,"{""74"": 4.606464865, ""75"": 6.602429971, ""76"": 1.995965106, ""77"": 7.445859336, ""78"": 9.184568425, ""79"": 1.738709089, ""80"": 16.45374392, ""81"": 16.89829849, ""82"": 0.444554567, ""83"": 28.50606812, ""84"": 32.68529689, ""85"": 4.179228763, ""86"": 35.62490967, ""87"": 36.92877815, ""88"": 1.303868472, ""198"": 4.606464865, ""199"": 6.602429971, ""200"": 1.995965106, ""210"": 17.0, ""214"": 1077.42509, ""215"": 199.3606618, ""216"": 1276.785752}","{""74"": 8.0, ""75"": 10.0, ""76"": 2.0, ""77"": 4.0, ""78"": 4.0, ""80"": 18.0, ""81"": 18.0, ""83"": 30.0, ""84"": 32.0, ""85"": 2.0, ""86"": 54.0, ""87"": 56.0, ""88"": 2.0, ""155"": 10.0, ""156"": 7.0, ""158"": 144.0, ""198"": 8.0, ""199"": 10.0, ""200"": 2.0, ""210"": 17.0, ""214"": 1099.0, ""215"": 110.0, ""216"": 1209.0, ""217"": 213.0, ""218"": 102.0, ""219"": 47.0, ""220"": 36.0, ""221"": 14.0, ""222"": 4.0, ""223"": 22.0, ""224"": 10.0, ""225"": 4.0, ""226"": 4.0, ""227"": 2.0, ""229"": 235.0, ""230"": 112.0, ""231"": 52.0, ""232"": 41.0, ""233"": 16.0, ""234"": 4.0}",2026-08-24T23:49:59-04:00
CeeDee Lamb,4241389,WR,DAL,ACTIVE,260.24454362,212.9,0.0,335.7,6.301437371663244,87.96836947627831,4.0,1.0,"{""23"": 12.59574791, ""24"": 85.90268806, ""25"": 0.787392838, ""26"": 0.045912609, ""27"": 17.0, ""28"": 8.0, ""29"": 4.0, ""30"": 3.0, ""31"": 1.0, ""33"": 2.0, ""34"": 1.0, ""35"": 0.023258451, ""36"": 0.016280916, ""37"": 0.018573153, ""38"": 0.00063383, ""39"": 6.819975174, ""40"": 5.682278976, ""42"": 1406.375137, ""43"": 8.549613352, ""44"": 0.41435135, ""45"": 0.273050015, ""46"": 0.178438185, ""47"": 281.0, ""48"": 140.0, ""49"": 70.0, ""50"": 56.0, ""51"": 28.0, ""53"": 112.8483528, ""56"": 5.439254941, ""57"": 0.16822438, ""58"": 159.8549407, ""60"": 12.46252252, ""61"": 93.02870559, ""62"": 0.460263958, ""63"": 0.009400621, ""66"": 0.214524836, ""67"": 1.921979902, ""68"": 2.136504738, ""70"": 0.098681424, ""71"": 1.076308745, ""72"": 1.17499017, ""73"": 1.17499017, ""210"": 15.11764706, ""212"": 6.324756161, ""213"": 66.85053129}","{""23"": 14.0, ""24"": 70.0, ""27"": 11.0, ""28"": 4.0, ""29"": 1.0, ""30"": 1.0, ""39"": 5.0, ""40"": 4.66666667, ""41"": 101.0, ""42"": 1194.0, ""43"": 6.0, ""44"": 1.0, ""45"": 2.0, ""46"": 2.0, ""47"": 233.0, ""48"": 112.0, ""49"": 53.0, ""50"": 38.0, ""51"": 15.0, ""52"": 3.0, ""53"": 101.0, ""54"": 14.0, ""55"": 2.0, ""56"": 3.0, ""58"": 152.0, ""59"": 537.0, ""60"": 11.82178218, ""61"": 79.6, ""67"": 1.0, ""68"": 1.0, ""71"": 1.0, ""72"": 1.0, ""73"": 1.0, ""108"": 3.0, ""109"": 3.0, ""155"": 7.0, ""156"": 8.0, ""158"": 38.0, ""183"": 1.0, ""184"": 2.0, ""185"": 1.0, ""210"": 15.0, ""212"": 4.0, ""213"": 54.0}",2026-08-24T23:49:59-04:00
Rhamondre Stevenson,4569173,RB,NE,ACTIVE,168.82795892,159.4,0.0,126.7,102.96837782340863,87.87651008011194,73.0,59.0,"{""23"": 188.8690177, ""24"": 792.1651334, ""25"": 4.724347145, ""26"": 0.247244296, ""27"": 158.0, ""28"": 79.0, ""29"": 39.0, ""30"": 31.0, ""31"": 15.0, ""33"": 37.0, ""34"": 18.0, ""35"": 0.382105682, ""36"": 0.267473977, ""37"": 1.628503193, ""38"": 0.055574566, ""39"": 4.19425665, ""40"": 55.87886833, ""42"": 335.6862481, ""43"": 1.005441319, ""44"": 0.054447508, ""45"": 0.038255364, ""46"": 0.024999881, ""47"": 67.0, ""48"": 33.0, ""49"": 16.0, ""50"": 13.0, ""51"": 6.0, ""53"": 46.00179356, ""56"": 0.154450772, ""57"": 0.004776828, ""58"": 62.82529929, ""60"": 7.297242608, ""61"": 23.67911293, ""62"": 0.301691804, ""63"": 0.008900216, ""66"": 1.626595381, ""67"": 0.39618094, ""68"": 2.022776321, ""70"": 0.748233875, ""71"": 0.221861326, ""72"": 0.970095201, ""73"": 0.970095201, ""210"": 14.17647059, ""212"": 43.81610368, ""213"": 19.00366627}","{""23"": 207.0, ""24"": 801.0, ""25"": 7.0, ""27"": 153.0, ""28"": 74.0, ""29"": 34.0, ""30"": 22.0, ""31"": 9.0, ""32"": 1.0, ""33"": 37.0, ""34"": 16.0, ""37"": 1.0, ""39"": 3.86956522, ""40"": 53.4, ""41"": 33.0, ""42"": 168.0, ""43"": 1.0, ""44"": 2.0, ""47"": 28.0, ""48"": 10.0, ""49"": 2.0, ""50"": 1.0, ""53"": 33.0, ""54"": 1.0, ""58"": 41.0, ""59"": 237.0, ""60"": 5.09090909, ""61"": 11.2, ""65"": 2.0, ""66"": 6.0, ""67"": 1.0, ""68"": 7.0, ""69"": 1.0, ""70"": 3.0, ""72"": 3.0, ""73"": 3.0, ""155"": 3.0, ""156"": 12.0, ""158"": 52.0, ""179"": 5.0, ""180"": 1.0, ""182"": 1.0, ""183"": 1.0, ""210"": 15.0, ""212"": 40.0, ""213"": 8.0}",2026-08-24T23:49:59-04:00
Jonnu Smith,3054212,TE,MIA,ACTIVE,67.68885311,178.3,0.0,99.2,144.4354076812487,87.87066317652933,368.0,365.0,"{""23"": 2.06067088, ""24"": 2.101686467, ""25"": 0.061830031, ""26"": 0.002760597, ""35"": 0.003783328, ""36"": 0.00264833, ""37"": -3.57645e-06, ""38"": -1.22051e-07, ""39"": 1.019903997, ""40"": 0.139022062, ""42"": 369.2461651, ""43"": 2.459000322, ""44"": 0.128748797, ""45"": 0.191562284, ""46"": 0.125185953, ""47"": 73.0, ""48"": 36.0, ""49"": 18.0, ""50"": 14.0, ""51"": 7.0, ""53"": 31.36284616, ""56"": 0.186847302, ""57"": 0.005778783, ""58"": 45.9408437, ""60"": 11.77336276, ""61"": 24.42484361, ""62"": 0.131509394, ""63"": 0.002047151, ""66"": 0.028684925, ""67"": 0.436576694, ""68"": 0.465261619, ""70"": 0.013195065, ""71"": 0.244482949, ""72"": 0.257678014, ""73"": 0.257678014, ""210"": 15.11764706, ""212"": 2.314240597, ""213"": 17.18680127}","{""23"": 2.0, ""24"": -1.0, ""39"": -0.5, ""40"": -0.05882353, ""41"": 88.0, ""42"": 884.0, ""43"": 8.0, ""45"": 1.0, ""46"": 1.0, ""47"": 171.0, ""48"": 81.0, ""49"": 38.0, ""50"": 27.0, ""51"": 10.0, ""52"": 2.0, ""53"": 88.0, ""54"": 11.0, ""55"": 1.0, ""56"": 2.0, ""58"": 111.0, ""59"": 510.0, ""60"": 10.04545455, ""61"": 52.0, ""67"": 2.0, ""68"": 2.0, ""71"": 1.0, ""72"": 1.0, ""73"": 1.0, ""107"": 1.0, ""109"": 1.0, ""155"": 8.0, ""156"": 9.0, ""158"": 48.0, ""183"": 5.0, ""184"": 2.0, ""210"": 17.0, ""213"": 55.0}",2026-08-24T23:49:59-04:00
Chris Boswell,17372,K,PIT,ACTIVE,129.64342474,188.0,130.70435485,131.0,118.99958754382347,87.85724527526577,493.0,256.0,"{""74"": 4.609907091, ""75"": 6.625934848, ""76"": 2.016027756, ""77"": 7.454342583, ""78"": 9.217265803, ""79"": 1.76292322, ""80"": 16.47915773, ""81"": 16.95845701, ""82"": 0.479299281, ""83"": 28.5434074, ""84"": 32.80165766, ""85"": 4.258250257, ""86"": 31.59729602, ""87"": 32.82028288, ""88"": 1.222986867, ""198"": 4.609907091, ""199"": 6.625934848, ""200"": 2.016027756, ""210"": 17.0, ""214"": 1078.755131, ""215"": 202.5760222, ""216"": 1281.331153}","{""74"": 13.0, ""75"": 15.0, ""76"": 2.0, ""77"": 7.0, ""78"": 8.0, ""79"": 1.0, ""80"": 21.0, ""81"": 21.0, ""83"": 41.0, ""84"": 44.0, ""85"": 3.0, ""86"": 35.0, ""87"": 35.0, ""138"": 1.0, ""139"": 43.0, ""143"": 1.0, ""147"": 43.0, ""149"": 1.0, ""155"": 10.0, ""156"": 7.0, ""158"": 158.0, ""198"": 13.0, ""199"": 14.0, ""200"": 1.0, ""202"": 1.0, ""203"": 1.0, ""210"": 17.0, ""214"": 1638.0, ""215"": 162.0, ""216"": 1800.0, ""217"": 322.0, ""218"": 158.0, ""219"": 73.0, ""220"": 59.0, ""221"": 26.0, ""222"": 7.0, ""223"": 31.0, ""224"": 15.0, ""225"": 7.0, ""226"": 5.0, ""227"": 2.0, ""229"": 355.0, ""230"": 175.0, ""231"": 81.0, ""232"": 66.0, ""233"": 29.0, ""234"": 9.0}",2026-08-24T23:49:59-04:00
Jayden Reed,4362249,WR,GB,QUESTIONABLE,149.25008093,169.5,0.0,185.2,84.28685831622177,87.41701092883608,93.0,55.0,"{""23"": 12.33058473, ""24"": 86.03597145, ""25"": 0.582797981, ""26"": 0.0364559, ""27"": 17.0, ""28"": 8.0, ""29"": 4.0, ""30"": 3.0, ""31"": 1.0, ""33"": 2.0, ""34"": 1.0, ""35"": 0.022765148, ""36"": 0.015935603, ""37"": 0.018539938, ""38"": 0.000632697, ""39"": 6.977444567, ""40"": 5.691095388, ""42"": 757.815538, ""43"": 5.074954906, ""44"": 0.240646154, ""45"": 0.18524672, ""46"": 0.121058732, ""47"": 151.0, ""48"": 75.0, ""49"": 37.0, ""50"": 30.0, ""51"": 15.0, ""53"": 62.31822292, ""56"": 1.205314951, ""57"": 0.037277782, ""58"": 94.8636143, ""60"": 12.16041637, ""61"": 50.12787605, ""62"": 0.277102054, ""63"": 0.006569095, ""66"": 0.246611695, ""67"": 1.246364458, ""68"": 1.492976153, ""70"": 0.11344138, ""71"": 0.697964097, ""72"": 0.811405476, ""73"": 0.811405476, ""101"": 0.043934675, ""102"": 0.09405, ""114"": 144.1606539, ""115"": 151.8, ""116"": 14.0, ""117"": 5.0, ""118"": 15.0, ""119"": 6.0, ""210"": 15.11764706, ""212"": 6.16062117, ""213"": 36.02747634}","{""23"": 20.0, ""24"": 163.0, ""25"": 1.0, ""27"": 29.0, ""28"": 12.0, ""29"": 4.0, ""30"": 3.0, ""39"": 8.15, ""40"": 9.58823529, ""41"": 55.0, ""42"": 857.0, ""43"": 6.0, ""45"": 1.0, ""46"": 1.0, ""47"": 164.0, ""48"": 77.0, ""49"": 34.0, ""50"": 28.0, ""51"": 10.0, ""52"": 3.0, ""53"": 55.0, ""54"": 4.0, ""56"": 3.0, ""58"": 75.0, ""59"": 380.0, ""60"": 15.58181818, ""61"": 50.41176471, ""65"": 1.0, ""66"": 1.0, ""68"": 3.0, ""69"": 1.0, ""70"": 1.0, ""72"": 1.0, ""73"": 1.0, ""115"": 110.0, ""118"": 7.0, ""155"": 11.0, ""156"": 6.0, ""158"": 42.0, ""182"": 1.0, ""183"": 2.0, ""184"": 3.0, ""210"": 17.0, ""212"": 7.0, ""213"": 29.0}",2026-08-24T23:49:59-04:00
Travis Etienne Jr.,4239996,RB,JAX,ACTIVE,201.97153211,110.7,0.0,253.4,98.60390143737166,87.34822034324006,24.0,60.0,"{""23"": 225.4381767, ""24"": 951.0851144, ""25"": 6.991069751, ""26"": 0.417287504, ""27"": 190.0, ""28"": 95.0, ""29"": 47.0, ""30"": 38.0, ""31"": 19.0, ""33"": 45.0, ""34"": 22.0, ""35"": 0.464276206, ""36"": 0.324993344, ""37"": 2.33749507, ""38"": 0.079769739, ""39"": 4.218828986, ""40"": 67.08899147, ""42"": 355.003869, ""43"": 1.138724874, ""44"": 0.070313462, ""45"": 0.054263677, ""46"": 0.035461313, ""47"": 71.0, ""48"": 35.0, ""49"": 17.0, ""50"": 14.0, ""51"": 7.0, ""53"": 46.69819587, ""56"": 0.172415818, ""57"": 0.005332448, ""58"": 59.40082445, ""60"": 7.602089598, ""61"": 25.04176669, ""62"": 0.487600966, ""63"": 0.008024469, ""66"": 1.510791396, ""67"": 0.312951575, ""68"": 1.823742971, ""70"": 0.694964042, ""71"": 0.175252882, ""72"": 0.870216924, ""73"": 0.870216924, ""210"": 14.17647059, ""212"": 53.09362659, ""213"": 19.74960526}","{""23"": 150.0, ""24"": 558.0, ""25"": 2.0, ""27"": 106.0, ""28"": 50.0, ""29"": 23.0, ""30"": 14.0, ""31"": 4.0, ""33"": 23.0, ""34"": 10.0, ""39"": 3.72, ""40"": 37.2, ""41"": 39.0, ""42"": 254.0, ""47"": 48.0, ""48"": 20.0, ""49"": 7.0, ""50"": 5.0, ""51"": 1.0, ""53"": 39.0, ""54"": 1.0, ""58"": 52.0, ""59"": 296.0, ""60"": 6.51282051, ""61"": 16.93333333, ""66"": 1.0, ""68"": 1.0, ""70"": 1.0, ""72"": 1.0, ""73"": 1.0, ""108"": 1.0, ""109"": 1.0, ""155"": 3.0, ""156"": 12.0, ""158"": 12.0, ""179"": 2.0, ""210"": 15.0, ""212"": 31.0, ""213"": 13.0}",2026-08-24T23:49:59-04:00
Calvin Ridley,3925357,WR,TEN,ACTIVE,182.86752751,167.2,0.0,191.9,139.0835728952772,86.48718165972693,34.0,145.0,"{""23"": 3.638244473, ""24"": 18.82460483, ""25"": 0.144709986, ""26"": 0.008339972, ""27"": 3.0, ""28"": 1.0, ""35"": 0.006685442, ""36"": 0.004679809, ""37"": 0.000780206, ""38"": 2.66254e-05, ""39"": 5.174090133, ""40"": 1.245207323, ""42"": 1000.133079, ""43"": 7.34916822, ""44"": 0.368213133, ""45"": 0.175646761, ""46"": 0.114785159, ""47"": 200.0, ""48"": 100.0, ""49"": 50.0, ""50"": 40.0, ""51"": 20.0, ""53"": 72.99097372, ""56"": 2.51874431, ""57"": 0.077899309, ""58"": 126.9167331, ""60"": 13.70214737, ""61"": 66.15666279, ""62"": 0.376553105, ""63"": 0.004913492, ""66"": 0.053019431, ""67"": 1.063683305, ""68"": 1.116702736, ""70"": 0.024388938, ""71"": 0.595662651, ""72"": 0.620051589, ""73"": 0.620051589, ""210"": 15.11764706, ""212"": 3.036525072, ""213"": 46.07227687}","{""23"": 8.0, ""24"": 55.0, ""25"": 1.0, ""27"": 9.0, ""28"": 3.0, ""39"": 6.875, ""40"": 3.23529412, ""41"": 64.0, ""42"": 1017.0, ""43"": 4.0, ""45"": 2.0, ""47"": 196.0, ""48"": 94.0, ""49"": 43.0, ""50"": 34.0, ""51"": 12.0, ""52"": 1.0, ""53"": 64.0, ""54"": 7.0, ""55"": 1.0, ""56"": 1.0, ""58"": 120.0, ""59"": 231.0, ""60"": 15.890625, ""61"": 59.82352941, ""66"": 1.0, ""68"": 1.0, ""70"": 1.0, ""72"": 1.0, ""73"": 1.0, ""108"": 2.0, ""109"": 2.0, ""155"": 3.0, ""156"": 14.0, ""158"": 30.0, ""180"": 1.0, ""184"": 1.0, ""186"": 1.0, ""210"": 17.0, ""212"": 3.0, ""213"": 41.0}",2026-08-24T23:49:59-04:00
Jameson Williams,4426388,WR,DET,ACTIVE,134.7409316,183.2,0.0,68.3,127.04291581108829,86.03554750763168,157.0,129.0,"{""23"": 4.485934292, ""24"": 33.68764943, ""25"": 0.363280117, ""26"": 0.015219694, ""27"": 6.0, ""28"": 3.0, ""29"": 1.0, ""30"": 1.0, ""35"": 0.008246905, ""36"": 0.005772834, ""37"": 0.002691817, ""38"": 9.18614e-05, ""39"": 7.509617225, ""40"": 2.228365915, ""42"": 777.3825347, ""43"": 4.20418836, ""44"": 0.253147288, ""45"": 0.250498532, ""46"": 0.163700791, ""47"": 155.0, ""48"": 77.0, ""49"": 38.0, ""50"": 31.0, ""51"": 15.0, ""53"": 53.96756606, ""56"": 1.289635005, ""57"": 0.039885619, ""58"": 90.32052956, ""60"": 14.4046247, ""61"": 51.42219101, ""62"": 0.268366982, ""63"": 0.005143908, ""66"": 0.089718686, ""67"": 1.079351321, ""68"": 1.169070007, ""70"": 0.041270595, ""71"": 0.60443674, ""72"": 0.645707335, ""73"": 0.645707335, ""210"": 15.11764706, ""212"": 3.75282482, ""213"": 34.30759729}","{""23"": 11.0, ""24"": 61.0, ""25"": 1.0, ""27"": 11.0, ""28"": 4.0, ""39"": 5.54545455, ""40"": 4.06666667, ""41"": 58.0, ""42"": 1001.0, ""43"": 7.0, ""45"": 5.0, ""46"": 4.0, ""47"": 194.0, ""48"": 94.0, ""49"": 44.0, ""50"": 35.0, ""51"": 13.0, ""52"": 3.0, ""53"": 58.0, ""54"": 8.0, ""56"": 3.0, ""58"": 91.0, ""59"": 497.0, ""60"": 17.25862069, ""61"": 66.73333333, ""108"": 3.0, ""109"": 3.0, ""155"": 13.0, ""156"": 2.0, ""158"": 48.0, ""179"": 1.0, ""183"": 1.0, ""186"": 1.0, ""210"": 15.0, ""212"": 5.0, ""213"": 40.0}",2026-08-24T23:49:59-04:00
James Conner,3045147,RB,ARI,QUESTIONABLE,161.16368516,230.3,0.0,188.0,78.43655030800821,85.39962876462866,72.0,52.0,"{""23"": 176.5708937, ""24"": 812.8692257, ""25"": 5.782772834, ""26"": 0.396368024, ""27"": 162.0, ""28"": 81.0, ""29"": 40.0, ""30"": 32.0, ""31"": 16.0, ""33"": 35.0, ""34"": 17.0, ""35"": 0.355177576, ""36"": 0.248624304, ""37"": 1.722212247, ""38"": 0.058772497, ""39"": 4.603642245, ""40"": 61.41678594, ""42"": 222.9953773, ""43"": 1.095154984, ""44"": 0.103679638, ""45"": 0.043839209, ""46"": 0.028648923, ""47"": 44.0, ""48"": 22.0, ""49"": 11.0, ""50"": 8.0, ""51"": 4.0, ""53"": 33.20840877, ""56"": 0.08398544, ""57"": 0.002597488, ""58"": 39.72657031, ""60"": 6.715027475, ""61"": 16.84853962, ""62"": 0.500047662, ""63"": 0.005985774, ""66"": 1.145049138, ""67"": 0.215354066, ""68"": 1.360403204, ""70"": 0.526722604, ""71"": 0.120598277, ""72"": 0.64732088, ""73"": 0.64732088, ""210"": 13.23529412, ""212"": 44.557092, ""213"": 13.01674509}","{""23"": 236.0, ""24"": 1094.0, ""25"": 8.0, ""26"": 2.0, ""27"": 212.0, ""28"": 103.0, ""29"": 48.0, ""30"": 37.0, ""31"": 17.0, ""32"": 6.0, ""33"": 40.0, ""34"": 14.0, ""37"": 6.0, ""39"": 4.63559322, ""40"": 68.375, ""41"": 47.0, ""42"": 414.0, ""43"": 1.0, ""47"": 75.0, ""48"": 35.0, ""49"": 14.0, ""50"": 10.0, ""51"": 2.0, ""53"": 47.0, ""54"": 3.0, ""58"": 55.0, ""59"": 483.0, ""60"": 8.80851064, ""61"": 25.875, ""65"": 1.0, ""66"": 2.0, ""67"": 2.0, ""68"": 4.0, ""71"": 1.0, ""72"": 1.0, ""73"": 1.0, ""106"": 1.0, ""107"": 1.0, ""108"": 2.0, ""109"": 3.0, ""155"": 7.0, ""156"": 9.0, ""158"": 58.0, ""179"": 8.0, ""183"": 1.0, ""210"": 16.0, ""212"": 67.0, ""213"": 17.0}",2026-08-24T23:49:59-04:00
Cameron Dicker,4362081,K,LAC,ACTIVE,138.29666331,176.0,141.10396358,149.0,160.63745102082905,85.33557948889202,252.0,470.0,"{""74"": 4.709028283, ""75"": 6.593514617, ""76"": 1.884486335, ""77"": 7.587132758, ""78"": 9.172166374, ""79"": 1.585033616, ""80"": 16.70672568, ""81"": 16.87548048, ""82"": 0.168754805, ""83"": 29.00288672, ""84"": 32.64116147, ""85"": 3.638274755, ""86"": 37.92108858, ""87"": 38.69498834, ""88"": 0.773899767, ""198"": 4.709028283, ""199"": 6.593514617, ""200"": 1.884486335, ""210"": 17.0, ""214"": 1096.910272, ""215"": 178.1514189, ""216"": 1275.061691}","{""74"": 9.0, ""75"": 11.0, ""76"": 2.0, ""77"": 11.0, ""78"": 12.0, ""79"": 1.0, ""80"": 19.0, ""81"": 19.0, ""83"": 39.0, ""84"": 42.0, ""85"": 3.0, ""86"": 33.0, ""87"": 36.0, ""88"": 3.0, ""108"": 2.0, ""109"": 2.0, ""155"": 11.0, ""156"": 6.0, ""158"": 150.0, ""198"": 9.0, ""199"": 11.0, ""200"": 2.0, ""210"": 17.0, ""214"": 1519.0, ""215"": 150.0, ""216"": 1669.0, ""217"": 297.0, ""218"": 145.0, ""219"": 68.0, ""220"": 53.0, ""221"": 21.0, ""222"": 7.0, ""223"": 29.0, ""224"": 14.0, ""225"": 6.0, ""226"": 5.0, ""227"": 2.0, ""229"": 327.0, ""230"": 159.0, ""231"": 76.0, ""232"": 58.0, ""233"": 23.0, ""234"": 8.0}",2026-08-24T23:49:59-04:00
J.K. Dobbins,4241985,RB,LAC,ACTIVE,140.23205445,175.8,170.01322422,10.7,83.31170431211498,84.94266515202041,138.0,51.0,"{""23"": 148.4184774, ""24"": 743.4480234, ""25"": 3.908785695, ""26"": 0.217486266, ""27"": 148.0, ""28"": 74.0, ""29"": 37.0, ""30"": 29.0, ""31"": 14.0, ""33"": 29.0, ""34"": 14.0, ""35"": 0.294303015, ""36"": 0.206012111, ""37"": 1.435941132, ""38"": 0.049003162, ""39"": 5.009133878, ""40"": 56.17162844, ""42"": 212.6057261, ""43"": 1.129347809, ""44"": 0.057105391, ""45"": 0.040506508, ""46"": 0.026471003, ""47"": 42.0, ""48"": 21.0, ""49"": 10.0, ""50"": 8.0, ""51"": 4.0, ""53"": 30.41186203, ""56"": 0.080016419, ""57"": 0.002474735, ""58"": 38.87508161, ""60"": 6.99088158, ""61"": 16.06354375, ""62"": 0.274591657, ""63"": 0.006259709, ""66"": 1.180723671, ""67"": 0.241937567, ""68"": 1.422661238, ""70"": 0.543132889, ""71"": 0.135485038, ""72"": 0.678617926, ""73"": 0.678617926, ""210"": 13.23529412, ""212"": 39.10565297, ""213"": 12.10679602}","{""23"": 195.0, ""24"": 905.0, ""25"": 9.0, ""27"": 178.0, ""28"": 86.0, ""29"": 39.0, ""30"": 31.0, ""31"": 11.0, ""32"": 2.0, ""33"": 34.0, ""34"": 13.0, ""35"": 1.0, ""37"": 2.0, ""39"": 4.64102564, ""40"": 69.61538462, ""41"": 32.0, ""42"": 153.0, ""47"": 27.0, ""48"": 11.0, ""49"": 3.0, ""50"": 2.0, ""53"": 32.0, ""58"": 38.0, ""59"": 204.0, ""60"": 4.78125, ""61"": 11.76923077, ""155"": 9.0, ""156"": 4.0, ""158"": 54.0, ""179"": 5.0, ""180"": 2.0, ""181"": 1.0, ""210"": 13.0, ""212"": 47.0, ""213"": 6.0}",2026-08-24T23:49:59-04:00
Kenneth Walker III,4567048,RB,SEA,QUESTIONABLE,197.05726393,158.2,0.0,184.9,42.6135523613963,84.53684241742373,29.0,32.0,"{""23"": 236.6172614, ""24"": 1026.907242, ""25"": 8.622283503, ""26"": 0.428791857, ""27"": 205.0, ""28"": 102.0, ""29"": 51.0, ""30"": 41.0, ""31"": 20.0, ""33"": 47.0, ""34"": 23.0, ""35"": 0.490328359, ""36"": 0.343229851, ""37"": 2.765452103, ""38"": 0.09437427, ""39"": 4.339950671, ""40"": 72.43744033, ""42"": 229.2804218, ""43"": 0.813260396, ""44"": 0.043642746, ""45"": 0.050725266, ""46"": 0.033148961, ""47"": 45.0, ""48"": 22.0, ""49"": 11.0, ""50"": 9.0, ""51"": 4.0, ""53"": 30.60443897, ""56"": 0.086323956, ""57"": 0.002669813, ""58"": 39.20706573, ""60"": 7.491737456, ""61"": 16.17330776, ""62"": 0.472434603, ""63"": 0.00663498, ""66"": 1.335247054, ""67"": 0.172702899, ""68"": 1.507949953, ""70"": 0.614213645, ""71"": 0.096713623, ""72"": 0.710927268, ""73"": 0.710927268, ""210"": 14.17647059, ""212"": 57.54902288, ""213"": 12.48126029}","{""23"": 153.0, ""24"": 573.0, ""25"": 7.0, ""27"": 109.0, ""28"": 53.0, ""29"": 24.0, ""30"": 18.0, ""31"": 6.0, ""32"": 1.0, ""33"": 26.0, ""34"": 10.0, ""37"": 1.0, ""39"": 3.74509804, ""40"": 47.75, ""41"": 46.0, ""42"": 299.0, ""43"": 1.0, ""47"": 56.0, ""48"": 25.0, ""49"": 10.0, ""50"": 8.0, ""51"": 2.0, ""53"": 46.0, ""54"": 3.0, ""58"": 53.0, ""59"": 363.0, ""60"": 6.5, ""61"": 24.91666667, ""65"": 1.0, ""66"": 1.0, ""68"": 1.0, ""108"": 3.0, ""109"": 3.0, ""155"": 6.0, ""156"": 6.0, ""158"": 48.0, ""179"": 4.0, ""181"": 3.0, ""184"": 1.0, ""210"": 12.0, ""212"": 28.0, ""213"": 19.0}",2026-08-24T23:49:59-04:00
Jared Goff,3046779,QB,DET,ACTIVE,280.84739123,396.8,0.0,347.7,137.67852004110998,84.13125163333898,214.0,344.0,"{""0"": 521.1675885, ""1"": 349.6976721, ""2"": 171.4699164, ""3"": 3753.335597, ""4"": 23.13618402, ""5"": 750.0, ""6"": 375.0, ""7"": 187.0, ""8"": 150.0, ""9"": 75.0, ""10"": 37.0, ""11"": 69.0, ""12"": 34.0, ""15"": 3.163510871, ""16"": 2.067354354, ""17"": 3.369357789, ""18"": 0.455111892, ""19"": 1.392550771, ""20"": 10.09193927, ""21"": 0.67098891, ""22"": 250.2223731, ""23"": 32.86288336, ""24"": 51.16763037, ""25"": 1.828084058, ""26"": 0.076557955, ""27"": 10.0, ""28"": 5.0, ""29"": 2.0, ""30"": 2.0, ""31"": 1.0, ""33"": 6.0, ""34"": 3.0, ""35"": 0.061488932, ""36"": 0.043042252, ""37"": 0.007365724, ""38"": 0.000251364, ""39"": 1.557003681, ""40"": 3.411175358, ""62"": 1.469108726, ""63"": 0.031282573, ""64"": 31.19918959, ""65"": 6.710440161, ""66"": 0.399235474, ""68"": 7.109675634, ""69"": 3.221011277, ""70"": 0.183648318, ""72"": 3.404659595, ""73"": 13.49659887, ""210"": 15.0, ""211"": 185.4294326, ""212"": 6.915282652}","{""0"": 539.0, ""1"": 390.0, ""2"": 149.0, ""3"": 4629.0, ""4"": 37.0, ""5"": 920.0, ""6"": 456.0, ""7"": 224.0, ""8"": 176.0, ""9"": 83.0, ""10"": 38.0, ""11"": 70.0, ""12"": 30.0, ""13"": 24.0, ""14"": 8.0, ""15"": 7.0, ""16"": 6.0, ""17"": 4.0, ""18"": 2.0, ""19"": 1.0, ""20"": 12.0, ""21"": 0.72356215, ""22"": 272.29411765, ""23"": 35.0, ""24"": 56.0, ""27"": 11.0, ""28"": 3.0, ""29"": 1.0, ""39"": 1.6, ""40"": 3.29411765, ""41"": 1.0, ""42"": 7.0, ""43"": 1.0, ""47"": 1.0, ""53"": 1.0, ""58"": 1.0, ""59"": 2.0, ""60"": 7.0, ""61"": 0.41176471, ""64"": 31.0, ""65"": 6.0, ""68"": 6.0, ""73"": 12.0, ""107"": 1.0, ""108"": 1.0, ""109"": 2.0, ""155"": 15.0, ""156"": 2.0, ""158"": 228.0, ""175"": 20.0, ""176"": 3.0, ""177"": 5.0, ""178"": 2.0, ""183"": 1.0, ""210"": 17.0, ""211"": 236.0, ""212"": 9.0, ""213"": 1.0}",2026-08-24T23:49:59-04:00
Keenan Allen,15818,WR,CHI,ACTIVE,159.89897471,149.4,0.0,226.7,139.28418891170432,84.03649858564047,82.0,147.0,"{""23"": 2.085193369, ""24"": 12.44215389, ""25"": 0.093699606, ""26"": 0.005193648, ""27"": 2.0, ""28"": 1.0, ""35"": 0.0038284, ""36"": 0.00267988, ""37"": 0.000309873, ""38"": 1.05748e-05, ""39"": 5.966906512, ""40"": 0.909748887, ""42"": 883.0746836, ""43"": 4.792893168, ""44"": 0.241332327, ""45"": 0.115825692, ""46"": 0.07569209, ""47"": 176.0, ""48"": 88.0, ""49"": 44.0, ""50"": 35.0, ""51"": 17.0, ""53"": 84.508937, ""56"": 1.817506651, ""57"": 0.056211546, ""58"": 123.5751426, ""60"": 10.4494828, ""61"": 64.5689016, ""62"": 0.246525975, ""63"": 0.00678548, ""66"": 0.037135203, ""67"": 1.505019422, ""68"": 1.542154625, ""70"": 0.017082193, ""71"": 0.842810876, ""72"": 0.859893069, ""73"": 0.859893069, ""210"": 13.67647059, ""212"": 2.688638434, ""213"": 44.42428834}","{""0"": 1.0, ""2"": 1.0, ""20"": 1.0, ""41"": 70.0, ""42"": 744.0, ""43"": 7.0, ""45"": 1.0, ""47"": 143.0, ""48"": 68.0, ""49"": 31.0, ""50"": 23.0, ""51"": 5.0, ""52"": 1.0, ""53"": 70.0, ""54"": 7.0, ""56"": 1.0, ""58"": 121.0, ""59"": 240.0, ""60"": 10.62857143, ""61"": 49.6, ""67"": 1.0, ""68"": 1.0, ""73"": 1.0, ""155"": 5.0, ""156"": 10.0, ""158"": 42.0, ""183"": 4.0, ""184"": 1.0, ""186"": 1.0, ""210"": 15.0, ""213"": 43.0}",2026-08-24T23:49:59-04:00
Tyrone Tracy Jr.,4360516,RB,NYG,ACTIVE,71.90390487,163.3,,,151.14907597535935,83.46049819737979,202.0,279.0,"{""23"": 73.06165074, ""24"": 305.9431565, ""25"": 1.816243609, ""26"": 0.088102703, ""27"": 61.0, ""28"": 30.0, ""29"": 15.0, ""30"": 12.0, ""31"": 6.0, ""33"": 14.0, ""34"": 7.0, ""35"": 0.139357894, ""36"": 0.097550526, ""37"": 0.242978057, ""38"": 0.008291909, ""39"": 4.187465701, ""40"": 21.58105254, ""42"": 150.1148945, ""43"": 0.780604326, ""44"": 0.044470506, ""45"": 0.03721244, ""46"": 0.024318329, ""47"": 30.0, ""48"": 15.0, ""49"": 7.0, ""50"": 6.0, ""51"": 3.0, ""53"": 21.86411057, ""56"": 0.058434389, ""57"": 0.001807249, ""58"": 28.49459366, ""60"": 6.865812996, ""61"": 10.58901746, ""62"": 0.13257321, ""63"": 0.003425742, ""66"": 0.599249149, ""67"": 0.179328684, ""68"": 0.778577832, ""70"": 0.275654608, ""71"": 0.100424063, ""72"": 0.376078671, ""73"": 0.376078671, ""101"": 0.045327967, ""114"": 148.732392, ""116"": 14.0, ""117"": 5.0, ""210"": 14.17647059, ""212"": 18.1949996, ""213"": 8.292622903}","{""23"": 192.0, ""24"": 839.0, ""25"": 5.0, ""27"": 161.0, ""28"": 77.0, ""29"": 36.0, ""30"": 27.0, ""31"": 10.0, ""32"": 3.0, ""33"": 32.0, ""34"": 11.0, ""35"": 1.0, ""37"": 3.0, ""39"": 4.36979167, ""40"": 49.35294118, ""41"": 38.0, ""42"": 284.0, ""43"": 1.0, ""47"": 49.0, ""48"": 20.0, ""49"": 7.0, ""50"": 6.0, ""51"": 1.0, ""53"": 38.0, ""54"": 2.0, ""58"": 53.0, ""59"": 281.0, ""60"": 7.47368421, ""61"": 16.70588235, ""65"": 1.0, ""66"": 2.0, ""67"": 2.0, ""68"": 5.0, ""69"": 1.0, ""70"": 2.0, ""72"": 2.0, ""73"": 2.0, ""108"": 1.0, ""109"": 1.0, ""114"": 61.0, ""116"": 5.0, ""117"": 2.0, ""155"": 3.0, ""156"": 14.0, ""158"": 36.0, ""179"": 3.0, ""182"": 1.0, ""183"": 1.0, ""210"": 17.0, ""212"": 39.0, ""213"": 13.0}",2026-08-24T23:49:59-04:00
Jerry Jeudy,4241463,WR,CLE,ACTIVE,145.95356223,195.9,0.0,114.8,139.23223819301847,83.29772683257481,155.0,132.0,"{""42"": 921.4983233, ""43"": 3.993564502, ""44"": 0.21533333, ""45"": 0.359416389, ""46"": 0.234878611, ""47"": 184.0, ""48"": 92.0, ""49"": 46.0, ""50"": 36.0, ""51"": 18.0, ""53"": 61.47837767, ""56"": 2.036608164, ""57"": 0.062987881, ""58"": 97.57078595, ""60"": 14.98898244, ""61"": 60.95514201, ""62"": 0.21533333, ""63"": 0.005215228, ""67"": 1.185279113, ""68"": 1.185279113, ""71"": 0.663756303, ""72"": 0.663756303, ""73"": 0.663756303, ""210"": 15.11764706, ""213"": 39.90757977}","{""41"": 90.0, ""42"": 1229.0, ""43"": 4.0, ""44"": 2.0, ""45"": 2.0, ""46"": 2.0, ""47"": 239.0, ""48"": 115.0, ""49"": 53.0, ""50"": 40.0, ""51"": 16.0, ""52"": 4.0, ""53"": 90.0, ""54"": 13.0, ""55"": 2.0, ""56"": 2.0, ""57"": 1.0, ""58"": 145.0, ""59"": 387.0, ""60"": 13.65555556, ""61"": 72.29411765, ""108"": 1.0, ""109"": 1.0, ""155"": 3.0, ""156"": 14.0, ""158"": 28.0, ""183"": 1.0, ""186"": 1.0, ""210"": 17.0, ""213"": 57.0}",2026-08-24T23:49:59-04:00
Isiah Pacheco,4361529,RB,KC,ACTIVE,209.76733161,50.9,0.0,191.9,139.29897330595483,82.5519030304204,17.0,2468.0,"{""23"": 220.3874506, ""24"": 978.8185294, ""25"": 8.211262923, ""26"": 0.430583491, ""27"": 195.0, ""28"": 97.0, ""29"": 48.0, ""30"": 39.0, ""31"": 19.0, ""33"": 44.0, ""34"": 22.0, ""35"": 0.452846538, ""36"": 0.316992577, ""37"": 2.487381105, ""38"": 0.084884774, ""39"": 4.441353293, ""40"": 69.04529045, ""42"": 290.231094, ""43"": 2.058188454, ""44"": 0.067368238, ""45"": 0.039044639, ""46"": 0.025515672, ""47"": 58.0, ""48"": 29.0, ""49"": 14.0, ""50"": 11.0, ""51"": 5.0, ""53"": 45.4251363, ""56"": 0.119594603, ""57"": 0.003698802, ""58"": 54.05210498, ""60"": 6.3892179, ""61"": 20.47273277, ""62"": 0.497951729, ""63"": 0.011356752, ""66"": 2.139995147, ""67"": 0.441084876, ""68"": 2.581080023, ""70"": 0.984397768, ""71"": 0.24700753, ""72"": 1.231405298, ""73"": 1.231405298, ""210"": 14.17647059, ""212"": 54.63286273, ""213"": 18.04923691}","{""23"": 83.0, ""24"": 310.0, ""25"": 1.0, ""27"": 60.0, ""28"": 28.0, ""29"": 12.0, ""30"": 9.0, ""31"": 2.0, ""33"": 13.0, ""34"": 4.0, ""39"": 3.73493976, ""40"": 44.28571429, ""41"": 12.0, ""42"": 79.0, ""47"": 15.0, ""48"": 6.0, ""49"": 2.0, ""50"": 1.0, ""53"": 12.0, ""54"": 1.0, ""58"": 16.0, ""59"": 119.0, ""60"": 6.58333333, ""61"": 11.28571429, ""155"": 7.0, ""158"": 6.0, ""179"": 1.0, ""210"": 7.0, ""212"": 14.0, ""213"": 4.0}",2026-08-24T23:49:59-04:00
Rico Dowdle,4038815,RB,CAR,ACTIVE,134.58617644,178.3,0.0,83.0,119.65852156057495,82.41010507662568,186.0,91.0,"{""23"": 153.7522182, ""24"": 655.2114178, ""25"": 4.514262419, ""26"": 0.263193806, ""27"": 131.0, ""28"": 65.0, ""29"": 32.0, ""30"": 26.0, ""31"": 13.0, ""33"": 30.0, ""34"": 15.0, ""35"": 0.305746006, ""36"": 0.214022204, ""37"": 1.121288167, ""38"": 0.038265263, ""39"": 4.261476196, ""40"": 46.21823279, ""42"": 214.1333153, ""43"": 1.050412355, ""44"": 0.050917997, ""45"": 0.050912902, ""46"": 0.033271582, ""47"": 42.0, ""48"": 21.0, ""49"": 10.0, ""50"": 8.0, ""51"": 4.0, ""53"": 27.78718803, ""56"": 0.079961593, ""57"": 0.002473039, ""58"": 36.55072571, ""60"": 7.706188734, ""61"": 15.10483967, ""62"": 0.314111802, ""63"": 0.003401641, ""66"": 0.654766226, ""67"": 0.118333982, ""68"": 0.773100208, ""70"": 0.301192464, ""71"": 0.06626703, ""72"": 0.367459494, ""73"": 0.367459494, ""101"": 0.079459308, ""114"": 260.725856, ""116"": 26.0, ""117"": 10.0, ""210"": 14.17647059, ""212"": 36.90174151, ""213"": 11.51839324}","{""23"": 235.0, ""24"": 1079.0, ""25"": 2.0, ""27"": 210.0, ""28"": 101.0, ""29"": 47.0, ""30"": 37.0, ""31"": 13.0, ""32"": 4.0, ""33"": 41.0, ""34"": 17.0, ""37"": 4.0, ""39"": 4.59148936, ""40"": 67.4375, ""41"": 39.0, ""42"": 249.0, ""43"": 3.0, ""47"": 44.0, ""48"": 19.0, ""49"": 6.0, ""50"": 5.0, ""53"": 39.0, ""54"": 2.0, ""58"": 49.0, ""59"": 272.0, ""60"": 6.38461538, ""61"": 15.5625, ""65"": 3.0, ""66"": 4.0, ""68"": 3.0, ""69"": 3.0, ""70"": 3.0, ""72"": 2.0, ""73"": 2.0, ""108"": 1.0, ""109"": 1.0, ""155"": 7.0, ""156"": 9.0, ""158"": 30.0, ""179"": 2.0, ""183"": 1.0, ""184"": 1.0, ""185"": 1.0, ""210"": 16.0, ""212"": 53.0, ""213"": 13.0}",2026-08-24T23:49:59-04:00
Jauan Jennings,3886598,WR,SF,ACTIVE,59.63731996,172.0,0.0,42.0,157.71868583162217,82.36804646062153,392.0,236.0,"{""42"": 345.7751737, ""43"": 1.998841862, ""44"": 0.088215392, ""45"": 0.188277059, ""46"": 0.123039058, ""47"": 69.0, ""48"": 34.0, ""49"": 17.0, ""50"": 13.0, ""51"": 6.0, ""53"": 26.98978358, ""56"": 0.168169039, ""57"": 0.005201104, ""58"": 43.26836872, ""60"": 12.81133554, ""61"": 22.87228775, ""62"": 0.088215392, ""63"": 0.002375101, ""67"": 0.539795672, ""68"": 0.539795672, ""71"": 0.302285576, ""72"": 0.302285576, ""73"": 0.302285576, ""210"": 15.11764706, ""213"": 15.35463224}","{""41"": 77.0, ""42"": 975.0, ""43"": 6.0, ""47"": 190.0, ""48"": 92.0, ""49"": 41.0, ""50"": 33.0, ""51"": 12.0, ""52"": 1.0, ""53"": 77.0, ""54"": 10.0, ""55"": 2.0, ""56"": 1.0, ""58"": 113.0, ""59"": 238.0, ""60"": 12.66233766, ""61"": 65.0, ""67"": 1.0, ""68"": 1.0, ""108"": 1.0, ""109"": 1.0, ""155"": 5.0, ""156"": 10.0, ""158"": 36.0, ""183"": 3.0, ""184"": 2.0, ""186"": 1.0, ""210"": 15.0, ""213"": 47.0}",2026-08-24T23:49:59-04:00
Isaac Guerendo,4372561,RB,SF,QUESTIONABLE,37.5579253,86.7,,,169.87638603696098,82.26575166871733,398.0,399.0,"{""23"": 45.34823014, ""24"": 196.3645835, ""25"": 1.636119045, ""26"": 0.050236463, ""27"": 39.0, ""28"": 19.0, ""29"": 9.0, ""30"": 7.0, ""31"": 3.0, ""33"": 9.0, ""34"": 4.0, ""35"": 0.08528436, ""36"": 0.059699052, ""37"": 0.101966677, ""38"": 0.003479731, ""39"": 4.330148782, ""40"": 13.85144365, ""42"": 40.67542884, ""43"": 0.254800006, ""44"": 0.011245215, ""45"": 0.041505913, ""46"": 0.027124114, ""47"": 8.0, ""48"": 4.0, ""49"": 2.0, ""50"": 1.0, ""53"": 5.557373221, ""56"": 0.021171587, ""57"": 0.000654791, ""58"": 7.250039495, ""60"": 7.319182502, ""61"": 2.869221121, ""62"": 0.061481678, ""63"": 0.001837114, ""66"": 0.371944625, ""67"": 0.045581384, ""68"": 0.41752601, ""70"": 0.171094528, ""71"": 0.025525575, ""72"": 0.196620103, ""73"": 0.196620103, ""210"": 14.17647059, ""212"": 12.67708212, ""213"": 1.410488929}","{""23"": 84.0, ""24"": 420.0, ""25"": 4.0, ""27"": 79.0, ""28"": 36.0, ""29"": 15.0, ""30"": 12.0, ""31"": 4.0, ""33"": 13.0, ""34"": 4.0, ""39"": 5.0, ""40"": 26.25, ""41"": 15.0, ""42"": 152.0, ""47"": 30.0, ""48"": 13.0, ""49"": 5.0, ""50"": 4.0, ""51"": 2.0, ""53"": 15.0, ""58"": 16.0, ""59"": 107.0, ""60"": 10.13333333, ""61"": 9.5, ""67"": 1.0, ""68"": 3.0, ""72"": 1.0, ""73"": 1.0, ""107"": 2.0, ""109"": 2.0, ""114"": 163.0, ""116"": 15.0, ""117"": 4.0, ""155"": 6.0, ""156"": 10.0, ""158"": 24.0, ""179"": 3.0, ""180"": 1.0, ""210"": 16.0, ""212"": 18.0, ""213"": 7.0}",2026-08-24T23:49:59-04:00
Bo Nix,4426338,QB,DEN,ACTIVE,226.030344,373.3,,,141.29537512846866,81.84858184561075,318.0,314.0,"{""0"": 488.937943, ""1"": 304.7538942, ""2"": 184.1840488, ""3"": 3153.651468, ""4"": 16.81141767, ""5"": 630.0, ""6"": 315.0, ""7"": 157.0, ""8"": 126.0, ""9"": 63.0, ""10"": 31.0, ""11"": 60.0, ""12"": 30.0, ""15"": 2.433281203, ""16"": 1.590149266, ""17"": 2.144337585, ""18"": 0.289643783, ""19"": 0.924813034, ""20"": 12.74494161, ""21"": 0.623297698, ""22"": 225.2608192, ""23"": 44.4200624, ""24"": 189.3995746, ""25"": 1.826268412, ""26"": 0.11061506, ""27"": 37.0, ""28"": 18.0, ""29"": 9.0, ""30"": 7.0, ""31"": 3.0, ""33"": 8.0, ""34"": 4.0, ""35"": 0.08385348, ""36"": 0.058697436, ""37"": 0.111310926, ""38"": 0.003798615, ""39"": 4.263829547, ""40"": 13.52854104, ""62"": 1.035428093, ""63"": 0.033644139, ""64"": 36.6158174, ""65"": 7.050484704, ""66"": 0.595910436, ""68"": 7.64639514, ""69"": 3.384232658, ""70"": 0.274118801, ""72"": 3.658351459, ""73"": 16.40329307, ""210"": 14.0, ""211"": 157.2154488, ""212"": 12.16162866}","{""0"": 567.0, ""1"": 376.0, ""2"": 191.0, ""3"": 3775.0, ""4"": 29.0, ""5"": 748.0, ""6"": 370.0, ""7"": 181.0, ""8"": 141.0, ""9"": 68.0, ""10"": 31.0, ""11"": 68.0, ""12"": 28.0, ""13"": 31.0, ""14"": 11.0, ""15"": 3.0, ""16"": 2.0, ""17"": 2.0, ""20"": 12.0, ""21"": 0.66313933, ""22"": 222.05882353, ""23"": 92.0, ""24"": 430.0, ""25"": 4.0, ""27"": 82.0, ""28"": 36.0, ""29"": 16.0, ""30"": 12.0, ""31"": 2.0, ""33"": 12.0, ""34"": 1.0, ""39"": 4.67391304, ""40"": 25.29411765, ""41"": 1.0, ""42"": 2.0, ""43"": 1.0, ""53"": 1.0, ""58"": 1.0, ""60"": 2.0, ""61"": 0.11764706, ""64"": 24.0, ""65"": 3.0, ""66"": 1.0, ""68"": 3.0, ""73"": 12.0, ""155"": 10.0, ""156"": 7.0, ""158"": 204.0, ""175"": 14.0, ""176"": 8.0, ""177"": 2.0, ""178"": 2.0, ""179"": 4.0, ""183"": 1.0, ""210"": 17.0, ""211"": 170.0, ""212"": 41.0, ""213"": 1.0}",2026-08-24T23:49:59-04:00
Brock Purdy,4361741,QB,SF,ACTIVE,307.47042575,305.5,0.0,356.6,94.10894141829394,81.60264899056045,109.0,71.0,"{""0"": 476.3121696, ""1"": 317.8857317, ""2"": 158.4264379, ""3"": 3905.918736, ""4"": 24.18240275, ""5"": 781.0, ""6"": 390.0, ""7"": 195.0, ""8"": 156.0, ""9"": 78.0, ""10"": 39.0, ""11"": 63.0, ""12"": 31.0, ""15"": 3.406434127, ""16"": 2.226104702, ""17"": 3.928634151, ""18"": 0.530655464, ""19"": 1.067804664, ""20"": 10.74560616, ""21"": 0.667389481, ""22"": 260.3945824, ""23"": 46.76723345, ""24"": 173.0929473, ""25"": 2.318648444, ""26"": 0.071236759, ""27"": 34.0, ""28"": 17.0, ""29"": 8.0, ""30"": 6.0, ""31"": 3.0, ""33"": 9.0, ""34"": 4.0, ""35"": 0.088240291, ""36"": 0.061768204, ""37"": 0.086634337, ""38"": 0.002956498, ""39"": 3.701158579, ""40"": 11.53952982, ""62"": 1.139041423, ""63"": 0.026824333, ""64"": 32.2896641, ""65"": 5.583062505, ""66"": 0.513376811, ""68"": 6.096439316, ""69"": 2.679870002, ""70"": 0.236153333, ""72"": 2.916023336, ""73"": 13.6616295, ""210"": 15.0, ""211"": 181.1555486, ""212"": 12.24258026}","{""0"": 455.0, ""1"": 300.0, ""2"": 155.0, ""3"": 3864.0, ""4"": 20.0, ""5"": 766.0, ""6"": 380.0, ""7"": 185.0, ""8"": 148.0, ""9"": 70.0, ""10"": 31.0, ""11"": 54.0, ""12"": 22.0, ""13"": 25.0, ""14"": 8.0, ""15"": 2.0, ""16"": 1.0, ""17"": 5.0, ""20"": 12.0, ""21"": 0.65934066, ""22"": 257.6, ""23"": 66.0, ""24"": 323.0, ""25"": 5.0, ""27"": 59.0, ""28"": 27.0, ""29"": 9.0, ""30"": 7.0, ""31"": 1.0, ""33"": 7.0, ""34"": 1.0, ""39"": 4.89393939, ""40"": 21.53333333, ""64"": 31.0, ""65"": 5.0, ""66"": 2.0, ""68"": 7.0, ""69"": 3.0, ""72"": 3.0, ""73"": 15.0, ""108"": 1.0, ""109"": 1.0, ""155"": 6.0, ""156"": 9.0, ""158"": 150.0, ""175"": 10.0, ""176"": 6.0, ""178"": 1.0, ""179"": 4.0, ""180"": 1.0, ""210"": 15.0, ""211"": 178.0, ""212"": 33.0}",2026-08-24T23:49:59-04:00
Jakobi Meyers,3916433,WR,LV,ACTIVE,138.80615116,174.5,0.0,185.0,152.6893223819302,81.44409073302992,115.0,171.0,"{""0"": 2.933248498, ""1"": 1.783502633, ""2"": 1.149745864, ""3"": 18.56128199, ""4"": 0.086104176, ""5"": 3.0, ""6"": 1.0, ""15"": 0.070758309, ""16"": 0.046240555, ""17"": 0.029807865, ""18"": 0.004026261, ""19"": 0.005359533, ""20"": 0.099855458, ""21"": 0.608029846, ""22"": 1.227789081, ""23"": 4.189097536, ""24"": 25.46812097, ""25"": 0.295336667, ""26"": 0.014200977, ""27"": 5.0, ""28"": 2.0, ""29"": 1.0, ""30"": 1.0, ""35"": 0.007699971, ""36"": 0.00538998, ""37"": 0.001496068, ""38"": 5.10551e-05, ""39"": 6.079619953, ""40"": 1.684661698, ""42"": 777.2882309, ""43"": 3.369065934, ""44"": 0.189897268, ""45"": 0.120962454, ""46"": 0.079048964, ""47"": 155.0, ""48"": 77.0, ""49"": 38.0, ""50"": 31.0, ""51"": 15.0, ""53"": 72.84167378, ""56"": 1.288342564, ""57"": 0.039845646, ""58"": 107.7839669, ""60"": 10.67092765, ""61"": 51.41595301, ""62"": 0.209457778, ""63"": 0.004836064, ""64"": 0.236388148, ""65"": 0.043438249, ""66"": 0.057409439, ""67"": 0.998257876, ""68"": 1.099105564, ""69"": 0.020850359, ""70"": 0.026408342, ""71"": 0.559024411, ""72"": 0.606283112, ""73"": 0.706138569, ""210"": 15.11764706, ""211"": -3.029234051, ""212"": 3.406604066, ""213"": 38.2655337}","{""23"": 2.0, ""24"": 23.0, ""27"": 4.0, ""28"": 2.0, ""29"": 1.0, ""39"": 11.5, ""40"": 1.53333333, ""41"": 87.0, ""42"": 1027.0, ""43"": 4.0, ""44"": 1.0, ""47"": 199.0, ""48"": 96.0, ""49"": 46.0, ""50"": 33.0, ""51"": 14.0, ""52"": 3.0, ""53"": 87.0, ""54"": 12.0, ""55"": 1.0, ""56"": 3.0, ""58"": 129.0, ""59"": 293.0, ""60"": 11.8045977, ""61"": 68.46666667, ""64"": 1.0, ""107"": 1.0, ""108"": 2.0, ""109"": 3.0, ""155"": 4.0, ""156"": 11.0, ""158"": 26.0, ""183"": 2.0, ""184"": 1.0, ""185"": 1.0, ""210"": 15.0, ""212"": 1.0, ""213"": 52.0}",2026-08-24T23:49:59-04:00
Jaylen Waddle,4372016,WR,MIA,ACTIVE,178.78269569,120.6,0.0,162.6,84.20041067761807,80.69211774958845,48.0,56.0,"{""23"": 4.121341761, ""24"": 24.91954579, ""25"": 0.238352234, ""26"": 0.010641988, ""27"": 4.0, ""28"": 2.0, ""29"": 1.0, ""35"": 0.007575163, ""36"": 0.005302614, ""37"": 0.001430175, ""38"": 4.88064e-05, ""39"": 6.046464292, ""40"": 1.648374624, ""42"": 1067.512197, ""43"": 4.749448214, ""44"": 0.248600149, ""45"": 0.282923679, ""46"": 0.184890624, ""47"": 213.0, ""48"": 106.0, ""49"": 53.0, ""50"": 42.0, ""51"": 21.0, ""53"": 80.71847105, ""56"": 2.968074375, ""57"": 0.091796115, ""58"": 120.3875139, ""60"": 13.22512906, ""61"": 70.6136473, ""62"": 0.259242137, ""63"": 0.005013134, ""66"": 0.05534719, ""67"": 1.084001483, ""68"": 1.139348673, ""70"": 0.025459708, ""71"": 0.60704083, ""72"": 0.632500538, ""73"": 0.632500538, ""210"": 15.11764706, ""212"": 3.341482871, ""213"": 48.62861411}","{""23"": 4.0, ""24"": 12.0, ""27"": 1.0, ""39"": 3.0, ""40"": 0.8, ""41"": 58.0, ""42"": 744.0, ""43"": 2.0, ""44"": 2.0, ""47"": 144.0, ""48"": 68.0, ""49"": 31.0, ""50"": 23.0, ""51"": 7.0, ""52"": 2.0, ""53"": 58.0, ""54"": 3.0, ""56"": 2.0, ""58"": 83.0, ""59"": 236.0, ""60"": 12.82758621, ""61"": 49.6, ""107"": 1.0, ""108"": 1.0, ""109"": 2.0, ""155"": 6.0, ""156"": 9.0, ""158"": 16.0, ""183"": 1.0, ""185"": 1.0, ""210"": 15.0, ""212"": 1.0, ""213"": 38.0}",2026-08-24T23:49:59-04:00
Justin Herbert,4038941,QB,LAC,ACTIVE,297.69869877,329.8,0.0,272.7,157.08448098663925,80.62051038579986,146.0,377.0,"{""0"": 496.1258904, ""1"": 323.409502, ""2"": 172.7163884, ""3"": 3561.837566, ""4"": 22.96514039, ""5"": 712.0, ""6"": 356.0, ""7"": 178.0, ""8"": 142.0, ""9"": 71.0, ""10"": 35.0, ""11"": 64.0, ""12"": 32.0, ""15"": 2.872303071, ""16"": 1.877050057, ""17"": 2.773814154, ""18"": 0.374669562, ""19"": 1.161093086, ""20"": 9.710213537, ""21"": 0.651869834, ""22"": 237.4558377, ""23"": 59.60311175, ""24"": 256.4817388, ""25"": 2.438702665, ""26"": 0.135731533, ""27"": 51.0, ""28"": 25.0, ""29"": 12.0, ""30"": 10.0, ""31"": 5.0, ""33"": 11.0, ""34"": 5.0, ""35"": 0.113325421, ""36"": 0.079327794, ""37"": 0.191208742, ""38"": 0.006525221, ""39"": 4.303160209, ""40"": 17.09878259, ""62"": 1.296824618, ""63"": 0.027367213, ""64"": 31.02259088, ""65"": 5.58800239, ""66"": 0.631818819, ""68"": 6.219821209, ""69"": 2.682241147, ""70"": 0.290636657, ""72"": 2.972877804, ""73"": 12.68309134, ""210"": 15.0, ""211"": 174.0147638, ""212"": 15.92755068}","{""0"": 504.0, ""1"": 332.0, ""2"": 172.0, ""3"": 3870.0, ""4"": 23.0, ""5"": 766.0, ""6"": 378.0, ""7"": 185.0, ""8"": 146.0, ""9"": 66.0, ""10"": 29.0, ""11"": 60.0, ""12"": 26.0, ""13"": 26.0, ""14"": 8.0, ""15"": 3.0, ""16"": 2.0, ""17"": 2.0, ""19"": 3.0, ""20"": 3.0, ""21"": 0.65873016, ""22"": 227.64705882, ""23"": 69.0, ""24"": 306.0, ""25"": 2.0, ""27"": 55.0, ""28"": 24.0, ""29"": 10.0, ""30"": 7.0, ""31"": 1.0, ""33"": 5.0, ""39"": 4.43478261, ""40"": 18.0, ""64"": 41.0, ""65"": 5.0, ""66"": 2.0, ""68"": 6.0, ""69"": 2.0, ""70"": 1.0, ""72"": 2.0, ""73"": 5.0, ""108"": 1.0, ""109"": 1.0, ""112"": 1.0, ""155"": 11.0, ""156"": 6.0, ""158"": 150.0, ""175"": 8.0, ""176"": 4.0, ""177"": 6.0, ""178"": 2.0, ""179"": 2.0, ""210"": 17.0, ""211"": 175.0, ""212"": 23.0}",2026-08-24T23:49:59-04:00
Darnell Mooney,4040655,WR,ATL,QUESTIONABLE,146.18260417,161.2,0.0,63.4,110.38213552361397,79.93710676598536,158.0,77.0,"{""23"": 4.3028814, ""24"": 25.22906251, ""25"": 0.27788341, ""26"": 0.01486085, ""27"": 5.0, ""28"": 2.0, ""29"": 1.0, ""30"": 1.0, ""35"": 0.007909588, ""36"": 0.005536711, ""37"": 0.00146355, ""38"": 4.99453e-05, ""39"": 5.863294886, ""40"": 1.668848493, ""42"": 809.4330566, ""43"": 5.605546568, ""44"": 0.284530748, ""45"": 0.273431001, ""46"": 0.178687159, ""47"": 161.0, ""48"": 80.0, ""49"": 40.0, ""50"": 32.0, ""51"": 16.0, ""53"": 55.67547394, ""56"": 1.441678598, ""57"": 0.044587998, ""58"": 91.99156504, ""60"": 14.5384134, ""61"": 53.54226445, ""62"": 0.299391598, ""63"": 0.00406196, ""66"": 0.066228945, ""67"": 0.856943879, ""68"": 0.923172824, ""70"": 0.030465315, ""71"": 0.479888572, ""72"": 0.510353887, ""73"": 0.510353887, ""210"": 15.11764706, ""212"": 3.392433478, ""213"": 36.15375073}","{""0"": 1.0, ""2"": 1.0, ""41"": 64.0, ""42"": 992.0, ""43"": 5.0, ""45"": 1.0, ""47"": 194.0, ""48"": 91.0, ""49"": 43.0, ""50"": 32.0, ""51"": 11.0, ""52"": 2.0, ""53"": 64.0, ""54"": 7.0, ""56"": 2.0, ""58"": 106.0, ""59"": 276.0, ""60"": 15.5, ""61"": 62.0, ""155"": 8.0, ""156"": 8.0, ""158"": 30.0, ""184"": 1.0, ""185"": 1.0, ""186"": 2.0, ""210"": 16.0, ""213"": 48.0}",2026-08-24T23:49:59-04:00
Jordan Love,4036378,QB,GB,ACTIVE,248.04032453,282.5,0.0,381.5,116.87954779033916,79.80081613844037,107.0,119.0,"{""0"": 416.0160134, ""1"": 264.5739529, ""2"": 151.4420605, ""3"": 2983.760098, ""4"": 20.8280685, ""5"": 596.0, ""6"": 298.0, ""7"": 149.0, ""8"": 119.0, ""9"": 59.0, ""10"": 29.0, ""11"": 52.0, ""12"": 26.0, ""15"": 2.502040404, ""16"": 1.635083404, ""17"": 2.636714299, ""18"": 0.356150967, ""19"": 0.988426587, ""20"": 10.232426, ""21"": 0.635970598, ""22"": 248.6466748, ""23"": 40.35321902, ""24"": 166.2073483, ""25"": 2.018071921, ""26"": 0.126349512, ""27"": 33.0, ""28"": 16.0, ""29"": 8.0, ""30"": 6.0, ""31"": 3.0, ""33"": 8.0, ""34"": 4.0, ""35"": 0.076306074, ""36"": 0.053414252, ""37"": 0.100049388, ""38"": 0.003414302, ""39"": 4.118812633, ""40"": 13.85061236, ""62"": 1.114776099, ""63"": 0.030456698, ""64"": 26.37607486, ""65"": 6.343360966, ""66"": 0.57861576, ""68"": 6.921976726, ""69"": 3.044813264, ""70"": 0.26616325, ""72"": 3.310976513, ""73"": 13.54340251, ""210"": 12.0, ""211"": 144.9217701, ""212"": 11.03068837}","{""0"": 425.0, ""1"": 268.0, ""2"": 157.0, ""3"": 3389.0, ""4"": 25.0, ""5"": 671.0, ""6"": 332.0, ""7"": 164.0, ""8"": 127.0, ""9"": 61.0, ""10"": 25.0, ""11"": 47.0, ""12"": 21.0, ""13"": 26.0, ""14"": 9.0, ""15"": 3.0, ""16"": 2.0, ""17"": 1.0, ""19"": 3.0, ""20"": 11.0, ""21"": 0.63058824, ""22"": 225.93333333, ""23"": 25.0, ""24"": 83.0, ""25"": 1.0, ""27"": 13.0, ""28"": 5.0, ""29"": 1.0, ""33"": 1.0, ""39"": 3.32, ""40"": 5.53333333, ""64"": 14.0, ""65"": 1.0, ""66"": 3.0, ""68"": 4.0, ""73"": 11.0, ""155"": 9.0, ""156"": 6.0, ""158"": 156.0, ""175"": 9.0, ""176"": 10.0, ""177"": 2.0, ""178"": 1.0, ""179"": 1.0, ""210"": 15.0, ""211"": 151.0, ""212"": 9.0}",2026-08-24T23:49:59-04:00
Jake Elliott,3050478,K,PHI,ACTIVE,143.43244741,133.0,142.37574939,154.0,111.1524025572283,79.76836454869012,243.0,196.0,"{""74"": 4.71015382, ""75"": 6.564805377, ""76"": 1.854651557, ""77"": 7.584185587, ""78"": 9.132229262, ""79"": 1.548043675, ""80"": 16.63398186, ""81"": 16.80200188, ""82"": 0.168020019, ""83"": 28.92832127, ""84"": 32.49903652, ""85"": 3.57071525, ""86"": 43.21370563, ""87"": 44.09561799, ""88"": 0.88191236, ""198"": 4.71015382, ""199"": 6.564805377, ""200"": 1.854651557, ""210"": 17.0, ""214"": 1094.656114, ""215"": 174.85375, ""216"": 1269.509864}","{""74"": 1.0, ""75"": 7.0, ""76"": 6.0, ""77"": 8.0, ""78"": 9.0, ""79"": 1.0, ""80"": 19.0, ""81"": 20.0, ""82"": 1.0, ""83"": 28.0, ""84"": 36.0, ""85"": 8.0, ""86"": 47.0, ""87"": 48.0, ""88"": 1.0, ""155"": 14.0, ""156"": 3.0, ""158"": 131.0, ""198"": 1.0, ""199"": 6.0, ""200"": 5.0, ""202"": 1.0, ""203"": 1.0, ""210"": 17.0, ""214"": 971.0, ""215"": 359.0, ""216"": 1330.0, ""217"": 189.0, ""218"": 90.0, ""219"": 39.0, ""220"": 35.0, ""221"": 14.0, ""222"": 2.0, ""223"": 70.0, ""224"": 33.0, ""225"": 14.0, ""226"": 12.0, ""227"": 5.0, ""229"": 262.0, ""230"": 126.0, ""231"": 57.0, ""232"": 48.0, ""233"": 20.0, ""234"": 5.0}",2026-08-24T23:49:59-04:00
Broncos D/ST,-16007,D/ST,DEN,,71.94166702,167.0,0.0,97.0,92.72836190869656,79.12409100187149,519.0,179.0,"{""89"": 0.039045337, ""90"": 0.169762333, ""91"": 1.137407629, ""92"": 1.76552826, ""93"": 0.113085206, ""94"": 1.846996299, ""95"": 12.27017708, ""96"": 8.737973434, ""97"": 1.834054055, ""98"": 0.225522878, ""99"": 39.25925013, ""100"": 78.51850025, ""101"": 1.140948226, ""102"": 0.13851, ""103"": 1.280491178, ""104"": 0.566505121, ""105"": 3.239539731, ""106"": 13.77537325, ""109"": 1089.025093, ""110"": 363.0, ""111"": 217.0, ""112"": 38.65569375, ""113"": 69.31270697, ""114"": 1804.541617, ""115"": 481.8, ""116"": 180.0, ""117"": 72.0, ""118"": 48.0, ""119"": 19.0, ""120"": 410.8418304, ""121"": 2.461553825, ""122"": 4.566606751, ""123"": 4.108248452, ""124"": 2.427601358, ""125"": 0.324246056, ""126"": 24.16716649, ""127"": 6199.675496, ""129"": 0.09331803, ""130"": 1.527022307, ""131"": 2.875892011, ""132"": 4.428364689, ""133"": 4.097509856, ""134"": 2.62987175, ""135"": 1.034981786, ""136"": 0.313039573, ""137"": 364.6867939, ""210"": 17.0}","{""89"": 1.0, ""90"": 1.0, ""91"": 5.0, ""92"": 2.0, ""94"": 5.0, ""95"": 15.0, ""96"": 9.0, ""98"": 2.0, ""99"": 63.0, ""100"": 126.0, ""103"": 3.0, ""104"": 2.0, ""105"": 5.0, ""106"": 12.0, ""107"": 461.0, ""108"": 695.0, ""109"": 1156.0, ""110"": 380.0, ""111"": 223.0, ""112"": 90.0, ""113"": 68.0, ""114"": 364.0, ""115"": 408.0, ""116"": 34.0, ""117"": 12.0, ""118"": 35.0, ""119"": 10.0, ""120"": 311.0, ""121"": 2.0, ""122"": 2.0, ""123"": 3.0, ""124"": 1.0, ""127"": 5391.0, ""128"": 1.0, ""129"": 0.0, ""130"": 6.0, ""131"": 4.0, ""132"": 4.0, ""133"": 0.0, ""134"": 1.0, ""135"": 0.0, ""136"": 1.0, ""155"": 10.0, ""156"": 7.0, ""187"": 311.0, ""188"": 1.0, ""189"": 1.0, ""190"": 5.0, ""191"": 2.0, ""192"": 2.0, ""193"": 2.0, ""194"": 3.0, ""195"": 1.0, ""210"": 17.0}",2026-08-24T23:49:59-04:00
Xavier Worthy,4683062,WR,KC,ACTIVE,148.01834896,157.7,,,121.77946611909651,78.88233378804806,94.0,114.0,"{""23"": 5.733906513, ""24"": 35.20028269, ""25"": 0.277849039, ""26"": 0.014569222, ""27"": 7.0, ""28"": 3.0, ""29"": 1.0, ""30"": 1.0, ""33"": 1.0, ""35"": 0.010548381, ""36"": 0.007383866, ""37"": 0.002962622, ""38"": 0.000101103, ""39"": 6.138970457, ""40"": 2.328423368, ""42"": 762.0547769, ""43"": 6.370127459, ""44"": 0.208463271, ""45"": 0.226084767, ""46"": 0.147746395, ""47"": 152.0, ""48"": 76.0, ""49"": 38.0, ""50"": 30.0, ""51"": 15.0, ""53"": 56.34493198, ""56"": 1.232597581, ""57"": 0.038121575, ""58"": 91.02831907, ""60"": 13.52481492, ""61"": 50.40829264, ""62"": 0.223032492, ""63"": 0.002902159, ""66"": 0.060922198, ""67"": 0.598659414, ""68"": 0.659581612, ""70"": 0.028024211, ""71"": 0.335249272, ""72"": 0.363273483, ""73"": 0.363273483, ""102"": 0.0855, ""115"": 138.0, ""118"": 13.0, ""119"": 5.0, ""210"": 15.11764706, ""212"": 3.816028635, ""213"": 35.3124842}","{""23"": 20.0, ""24"": 104.0, ""25"": 3.0, ""27"": 21.0, ""28"": 8.0, ""29"": 2.0, ""30"": 1.0, ""39"": 5.2, ""40"": 6.11764706, ""41"": 59.0, ""42"": 638.0, ""43"": 6.0, ""45"": 1.0, ""46"": 1.0, ""47"": 122.0, ""48"": 56.0, ""49"": 24.0, ""50"": 17.0, ""51"": 5.0, ""53"": 59.0, ""54"": 5.0, ""58"": 98.0, ""59"": 407.0, ""60"": 10.81355932, ""61"": 37.52941176, ""108"": 1.0, ""109"": 1.0, ""155"": 15.0, ""156"": 2.0, ""158"": 54.0, ""179"": 1.0, ""181"": 2.0, ""183"": 3.0, ""184"": 1.0, ""186"": 1.0, ""210"": 17.0, ""212"": 4.0, ""213"": 36.0}",2026-08-24T23:49:59-04:00
David Njoku,3123076,TE,CLE,QUESTIONABLE,138.65289211,116.5,0.0,160.7,115.72068186485932,78.83767251255999,84.0,107.0,"{""42"": 753.3009653, ""43"": 5.292992491, ""44"": 0.285497684, ""45"": 0.205654613, ""46"": 0.13439529, ""47"": 150.0, ""48"": 75.0, ""49"": 37.0, ""50"": 30.0, ""51"": 15.0, ""53"": 64.06526848, ""56"": 1.181665446, ""57"": 0.036546354, ""58"": 92.18601996, ""60"": 11.7583362, ""61"": 49.82924673, ""62"": 0.285497684, ""63"": 0.004080957, ""67"": 0.927490153, ""68"": 0.927490153, ""71"": 0.519394486, ""72"": 0.519394486, ""73"": 0.519394486, ""210"": 15.11764706, ""213"": 36.39035039}","{""41"": 64.0, ""42"": 505.0, ""43"": 5.0, ""44"": 2.0, ""47"": 96.0, ""48"": 46.0, ""49"": 21.0, ""50"": 16.0, ""51"": 5.0, ""53"": 64.0, ""54"": 9.0, ""55"": 1.0, ""58"": 97.0, ""59"": 251.0, ""60"": 7.890625, ""61"": 45.90909091, ""108"": 4.0, ""109"": 4.0, ""155"": 2.0, ""156"": 9.0, ""158"": 34.0, ""183"": 3.0, ""184"": 1.0, ""185"": 1.0, ""210"": 11.0, ""213"": 23.0}",2026-08-24T23:49:59-04:00
Michael Pittman Jr.,4035687,WR,IND,QUESTIONABLE,181.20596303,131.3,0.0,195.7,114.98418891170431,78.72209983538298,44.0,92.0,"{""42"": 1089.829292, ""43"": 4.012797409, ""44"": 0.292294882, ""45"": 0.145194768, ""46"": 0.094884781, ""47"": 217.0, ""48"": 108.0, ""49"": 54.0, ""50"": 43.0, ""51"": 21.0, ""53"": 99.30870567, ""56"": 3.118660248, ""57"": 0.09645341, ""58"": 144.6766216, ""60"": 10.97415664, ""61"": 72.08987535, ""62"": 0.292294882, ""63"": 0.008221295, ""67"": 1.868476094, ""68"": 1.868476094, ""71"": 1.046346612, ""72"": 1.046346612, ""73"": 1.046346612, ""210"": 15.11764706, ""213"": 53.18013154}","{""41"": 69.0, ""42"": 808.0, ""43"": 3.0, ""47"": 155.0, ""48"": 73.0, ""49"": 31.0, ""50"": 23.0, ""51"": 8.0, ""52"": 2.0, ""53"": 69.0, ""54"": 8.0, ""56"": 2.0, ""58"": 111.0, ""59"": 259.0, ""60"": 11.71014493, ""61"": 50.5, ""67"": 1.0, ""68"": 1.0, ""71"": 1.0, ""72"": 1.0, ""73"": 1.0, ""108"": 2.0, ""109"": 2.0, ""155"": 8.0, ""156"": 8.0, ""158"": 18.0, ""183"": 2.0, ""184"": 1.0, ""210"": 16.0, ""213"": 35.0}",2026-08-24T23:49:59-04:00
DeAndre Hopkins,15795,WR,BAL,ACTIVE,144.98205179,119.0,0.0,186.1,132.6094455852156,77.64034811658759,116.0,149.0,"{""42"": 857.5469933, ""43"": 4.503634157, ""44"": 0.225613105, ""45"": 0.174898773, ""46"": 0.114296348, ""47"": 171.0, ""48"": 85.0, ""49"": 42.0, ""50"": 34.0, ""51"": 17.0, ""53"": 65.7183226, ""56"": 1.68511711, ""57"": 0.052117024, ""58"": 108.9378939, ""60"": 13.04882656, ""61"": 58.66518666, ""62"": 0.225613105, ""63"": 0.004340443, ""67"": 0.986464281, ""68"": 0.986464281, ""71"": 0.552419997, ""72"": 0.552419997, ""73"": 0.552419997, ""210"": 14.61764706, ""213"": 39.3190516}","{""41"": 56.0, ""42"": 610.0, ""43"": 5.0, ""47"": 116.0, ""48"": 53.0, ""49"": 22.0, ""50"": 19.0, ""51"": 5.0, ""53"": 56.0, ""54"": 4.0, ""58"": 80.0, ""59"": 109.0, ""60"": 10.89285714, ""61"": 38.125, ""67"": 1.0, ""68"": 1.0, ""108"": 1.0, ""109"": 1.0, ""155"": 10.0, ""156"": 6.0, ""158"": 30.0, ""183"": 4.0, ""184"": 1.0, ""210"": 16.0, ""213"": 35.0}",2026-08-24T23:49:59-04:00
Steelers D/ST,-16023,D/ST,PIT,,118.73277651,130.0,0.0,130.0,125.7221648419748,77.17356086302415,230.0,192.0,"{""89"": 0.244995997, ""90"": 1.105884708, ""91"": 3.760008006, ""92"": 3.266613291, ""93"": 0.108754521, ""94"": 1.813721733, ""95"": 12.50971729, ""96"": 8.920620882, ""97"": 1.819060153, ""98"": 0.222683086, ""99"": 44.06096123, ""100"": 88.12192247, ""101"": 0.662769493, ""102"": 0.13851, ""103"": 1.256635969, ""104"": 0.557085764, ""105"": 2.723755747, ""106"": 13.52448142, ""109"": 1051.957294, ""110"": 350.0, ""111"": 210.0, ""112"": 41.60837956, ""113"": 64.47548465, ""114"": 1704.283307, ""115"": 261.75, ""116"": 170.0, ""117"": 68.0, ""118"": 26.0, ""119"": 10.0, ""120"": 343.5075165, ""121"": 2.466973579, ""122"": 3.266613291, ""123"": 2.058646918, ""124"": 0.748598879, ""125"": 0.081665332, ""126"": 20.2063245, ""127"": 5593.528329, ""129"": 0.757978057, ""130"": 5.961625169, ""131"": 4.437152447, ""132"": 3.559941887, ""133"": 1.677771655, ""134"": 0.425830369, ""135"": 0.153298933, ""136"": 0.026401483, ""137"": 329.0310782, ""210"": 17.0}","{""89"": 0.0, ""90"": 1.0, ""91"": 3.0, ""92"": 3.0, ""94"": 1.0, ""95"": 17.0, ""96"": 16.0, ""97"": 3.0, ""99"": 40.0, ""100"": 80.0, ""102"": 1.0, ""104"": 1.0, ""105"": 2.0, ""106"": 22.0, ""107"": 426.0, ""108"": 669.0, ""109"": 1095.0, ""110"": 359.0, ""111"": 211.0, ""112"": 76.0, ""113"": 77.0, ""114"": 575.0, ""115"": 289.0, ""116"": 54.0, ""117"": 19.0, ""118"": 25.0, ""119"": 5.0, ""120"": 335.0, ""121"": 3.0, ""122"": 4.0, ""123"": 3.0, ""124"": 0.0, ""127"": 5554.0, ""128"": 0.0, ""129"": 1.0, ""130"": 4.0, ""131"": 5.0, ""132"": 4.0, ""133"": 3.0, ""134"": 0.0, ""135"": 0.0, ""136"": 0.0, ""155"": 10.0, ""156"": 7.0, ""187"": 335.0, ""188"": 0.0, ""189"": 1.0, ""190"": 3.0, ""191"": 3.0, ""192"": 3.0, ""193"": 4.0, ""194"": 3.0, ""195"": 0.0, ""210"": 17.0}",2026-08-24T23:49:59-04:00
Justin Tucker,15683,K,BAL,ACTIVE,141.8914306,135.0,146.17604245,155.0,109.65188698700763,76.79864387506122,242.0,197.0,"{""74"": 4.622432766, ""75"": 6.561245769, ""76"": 1.938813003, ""77"": 7.461598239, ""78"": 9.12727753, ""79"": 1.665679291, ""80"": 16.46551991, ""81"": 16.7928914, ""82"": 0.327371491, ""83"": 28.54955091, ""84"": 32.4814147, ""85"": 3.931863785, ""86"": 43.46817787, ""87"": 44.7431172, ""88"": 1.274939333, ""198"": 4.622432766, ""199"": 6.561245769, ""200"": 1.938813003, ""210"": 17.0, ""214"": 1079.348887, ""215"": 189.472615, ""216"": 1268.821502}","{""74"": 6.0, ""75"": 11.0, ""76"": 5.0, ""77"": 5.0, ""78"": 8.0, ""79"": 3.0, ""80"": 11.0, ""81"": 11.0, ""83"": 22.0, ""84"": 30.0, ""85"": 8.0, ""86"": 60.0, ""87"": 62.0, ""88"": 2.0, ""108"": 2.0, ""109"": 2.0, ""155"": 12.0, ""156"": 5.0, ""158"": 126.0, ""198"": 6.0, ""199"": 11.0, ""200"": 5.0, ""210"": 17.0, ""214"": 883.0, ""215"": 402.0, ""216"": 1285.0, ""217"": 172.0, ""218"": 84.0, ""219"": 39.0, ""220"": 29.0, ""221"": 12.0, ""222"": 2.0, ""223"": 79.0, ""224"": 38.0, ""225"": 17.0, ""226"": 14.0, ""227"": 6.0, ""228"": 1.0, ""229"": 253.0, ""230"": 124.0, ""231"": 58.0, ""232"": 45.0, ""233"": 19.0, ""234"": 5.0}",2026-08-24T23:49:59-04:00
Ka'imi Fairbairn,2971573,K,HOU,ACTIVE,140.44874559,166.0,128.31506549,113.0,135.80367085997113,75.96133195451898,248.0,207.0,"{""74"": 4.655730232, ""75"": 6.573732573, ""76"": 1.918002341, ""77"": 7.509880819, ""78"": 9.144647787, ""79"": 1.634766967, ""80"": 16.55956227, ""81"": 16.8248502, ""82"": 0.265287931, ""83"": 28.72517332, ""84"": 32.54323056, ""85"": 3.818057239, ""86"": 41.26994158, ""87"": 42.31805941, ""88"": 1.048117831, ""198"": 4.655730232, ""199"": 6.573732573, ""200"": 1.918002341, ""210"": 17.0, ""214"": 1086.140937, ""215"": 185.0952779, ""216"": 1271.236215}","{""74"": 13.0, ""75"": 16.0, ""76"": 3.0, ""77"": 4.0, ""78"": 5.0, ""79"": 1.0, ""80"": 19.0, ""81"": 21.0, ""82"": 2.0, ""83"": 36.0, ""84"": 42.0, ""85"": 6.0, ""86"": 34.0, ""87"": 36.0, ""88"": 2.0, ""108"": 2.0, ""109"": 2.0, ""155"": 10.0, ""156"": 7.0, ""158"": 142.0, ""198"": 13.0, ""199"": 16.0, ""200"": 3.0, ""210"": 17.0, ""214"": 1474.0, ""215"": 263.0, ""216"": 1780.0, ""217"": 290.0, ""218"": 142.0, ""219"": 67.0, ""220"": 53.0, ""221"": 24.0, ""222"": 8.0, ""223"": 50.0, ""224"": 24.0, ""225"": 11.0, ""226"": 9.0, ""227"": 3.0, ""229"": 351.0, ""230"": 172.0, ""231"": 81.0, ""232"": 66.0, ""233"": 31.0, ""234"": 12.0}",2026-08-24T23:49:59-04:00
Khalil Shakir,4373678,WR,BUF,ACTIVE,123.46551311,144.5,41.81488791,93.6,130.68398357289527,74.82349039349569,160.0,112.0,"{""42"": 720.2953284, ""43"": 3.615411267, ""44"": 0.192322546, ""45"": 0.234125192, ""46"": 0.153000813, ""47"": 144.0, ""48"": 72.0, ""49"": 36.0, ""50"": 28.0, ""51"": 14.0, ""53"": 60.36972199, ""56"": 1.043731077, ""57"": 0.032280343, ""58"": 85.22700324, ""60"": 11.93140045, ""61"": 47.64599449, ""62"": 0.192322546, ""63"": 0.005086871, ""67"": 1.156107104, ""68"": 1.156107104, ""71"": 0.647419978, ""72"": 0.647419978, ""73"": 0.647419978, ""101"": 0.04394109, ""102"": 0.0342, ""114"": 144.1817012, ""115"": 55.2, ""116"": 14.0, ""117"": 5.0, ""118"": 5.0, ""119"": 2.0, ""210"": 15.11764706, ""213"": 33.95185835}","{""23"": 2.0, ""24"": 4.0, ""39"": 2.0, ""40"": 0.26666667, ""41"": 76.0, ""42"": 821.0, ""43"": 4.0, ""45"": 1.0, ""46"": 1.0, ""47"": 159.0, ""48"": 76.0, ""49"": 34.0, ""50"": 26.0, ""51"": 11.0, ""52"": 2.0, ""53"": 76.0, ""54"": 9.0, ""56"": 2.0, ""58"": 100.0, ""59"": 597.0, ""60"": 10.80263158, ""61"": 54.73333333, ""67"": 1.0, ""68"": 1.0, ""155"": 13.0, ""156"": 2.0, ""158"": 24.0, ""183"": 1.0, ""184"": 1.0, ""185"": 1.0, ""210"": 15.0, ""213"": 35.0}",2026-08-24T23:49:59-04:00
Dalton Kincaid,4385690,TE,BUF,ACTIVE,134.49286055,78.8,0.0,113.8,95.13021154241117,74.46369269932111,87.0,79.0,"{""42"": 734.6739108, ""43"": 3.980567484, ""44"": 0.211741429, ""45"": 0.116007041, ""46"": 0.075810602, ""47"": 146.0, ""48"": 73.0, ""49"": 36.0, ""50"": 29.0, ""51"": 14.0, ""53"": 75.40164714, ""56"": 1.104033373, ""57"": 0.034145362, ""58"": 102.9051559, ""60"": 9.74347297, ""61"": 48.59710694, ""62"": 0.211741429, ""63"": 0.003858807, ""67"": 0.87700166, ""68"": 0.87700166, ""71"": 0.491120929, ""72"": 0.491120929, ""73"": 0.491120929, ""210"": 15.11764706, ""213"": 37.92395275}","{""41"": 44.0, ""42"": 448.0, ""43"": 2.0, ""47"": 84.0, ""48"": 41.0, ""49"": 16.0, ""50"": 12.0, ""51"": 3.0, ""53"": 44.0, ""54"": 2.0, ""58"": 75.0, ""59"": 274.0, ""60"": 10.18181818, ""61"": 34.46153846, ""67"": 1.0, ""68"": 1.0, ""155"": 11.0, ""156"": 2.0, ""158"": 12.0, ""183"": 1.0, ""184"": 1.0, ""210"": 13.0, ""213"": 23.0}",2026-08-24T23:49:59-04:00
Chuba Hubbard,4241416,RB,CAR,ACTIVE,121.21877145,220.1,0.0,163.0,103.59322381930185,74.24475888447758,142.0,104.0,"{""23"": 137.6614644, ""24"": 559.3682339, ""25"": 4.539021196, ""26"": 0.232667598, ""27"": 111.0, ""28"": 55.0, ""29"": 27.0, ""30"": 22.0, ""31"": 11.0, ""33"": 27.0, ""34"": 13.0, ""35"": 0.274273625, ""36"": 0.191991538, ""37"": 0.925079154, ""38"": 0.031569402, ""39"": 4.063361059, ""40"": 39.45751027, ""42"": 197.7163797, ""43"": 0.654106339, ""44"": 0.03467069, ""45"": 0.039205415, ""46"": 0.025620739, ""47"": 39.0, ""48"": 19.0, ""49"": 9.0, ""50"": 7.0, ""51"": 3.0, ""53"": 29.88792333, ""56"": 0.075646383, ""57"": 0.002339579, ""58"": 36.61420092, ""60"": 6.615259866, ""61"": 13.94679857, ""62"": 0.267338288, ""63"": 0.005189215, ""66"": 0.968988226, ""67"": 0.210378743, ""68"": 1.179366968, ""70"": 0.445734584, ""71"": 0.117812096, ""72"": 0.56354668, ""73"": 0.56354668, ""210"": 14.17647059, ""212"": 32.70645883, ""213"": 11.38244968}","{""23"": 250.0, ""24"": 1195.0, ""25"": 10.0, ""26"": 1.0, ""27"": 231.0, ""28"": 114.0, ""29"": 51.0, ""30"": 41.0, ""31"": 18.0, ""32"": 4.0, ""33"": 46.0, ""34"": 18.0, ""37"": 4.0, ""39"": 4.78, ""40"": 79.66666667, ""41"": 43.0, ""42"": 171.0, ""43"": 1.0, ""47"": 32.0, ""48"": 13.0, ""49"": 2.0, ""50"": 2.0, ""51"": 1.0, ""53"": 43.0, ""54"": 2.0, ""58"": 54.0, ""59"": 245.0, ""60"": 3.97674419, ""61"": 11.4, ""65"": 1.0, ""66"": 1.0, ""67"": 3.0, ""68"": 4.0, ""69"": 1.0, ""70"": 1.0, ""71"": 2.0, ""72"": 3.0, ""73"": 3.0, ""155"": 4.0, ""156"": 11.0, ""158"": 68.0, ""179"": 7.0, ""180"": 1.0, ""181"": 1.0, ""182"": 1.0, ""183"": 1.0, ""210"": 15.0, ""212"": 62.0, ""213"": 10.0}",2026-08-24T23:49:59-04:00
C.J. Stroud,4432577,QB,HOU,ACTIVE,329.95217908,259.5,0.0,320.2,93.93710174717368,73.65157631901587,64.0,84.0,"{""0"": 542.71288, ""1"": 349.8976276, ""2"": 192.8152524, ""3"": 4048.947903, ""4"": 26.87484201, ""5"": 809.0, ""6"": 404.0, ""7"": 202.0, ""8"": 161.0, ""9"": 80.0, ""10"": 40.0, ""11"": 69.0, ""12"": 34.0, ""15"": 3.641709574, ""16"": 2.379857207, ""17"": 4.516077729, ""18"": 0.610003689, ""19"": 1.272429269, ""20"": 10.72518351, ""21"": 0.644719594, ""22"": 269.9298602, ""23"": 44.68846138, ""24"": 181.8631574, ""25"": 2.526200229, ""26"": 0.157798898, ""27"": 36.0, ""28"": 18.0, ""29"": 9.0, ""30"": 7.0, ""31"": 3.0, ""33"": 8.0, ""34"": 4.0, ""35"": 0.08421277, ""36"": 0.058948939, ""37"": 0.095502869, ""38"": 0.003259147, ""39"": 4.069577509, ""40"": 12.12421049, ""62"": 1.430228167, ""63"": 0.03608888, ""64"": 37.60694076, ""65"": 7.615568957, ""66"": 0.586449139, ""68"": 8.202018096, ""69"": 3.6554731, ""70"": 0.269766604, ""72"": 3.925239703, ""73"": 14.65042321, ""210"": 15.0, ""211"": 193.9913495, ""212"": 12.56714741}","{""0"": 532.0, ""1"": 336.0, ""2"": 196.0, ""3"": 3727.0, ""4"": 20.0, ""5"": 741.0, ""6"": 367.0, ""7"": 179.0, ""8"": 141.0, ""9"": 64.0, ""10"": 28.0, ""11"": 61.0, ""12"": 27.0, ""13"": 32.0, ""14"": 14.0, ""15"": 1.0, ""16"": 1.0, ""17"": 2.0, ""20"": 12.0, ""21"": 0.63157895, ""22"": 219.23529412, ""23"": 52.0, ""24"": 233.0, ""27"": 42.0, ""28"": 16.0, ""29"": 5.0, ""30"": 4.0, ""31"": 1.0, ""33"": 4.0, ""39"": 4.48076923, ""40"": 13.70588235, ""58"": 1.0, ""64"": 52.0, ""65"": 3.0, ""66"": 3.0, ""68"": 6.0, ""69"": 2.0, ""70"": 2.0, ""72"": 4.0, ""73"": 16.0, ""155"": 10.0, ""156"": 7.0, ""158"": 120.0, ""175"": 11.0, ""176"": 5.0, ""177"": 2.0, ""178"": 1.0, ""210"": 17.0, ""211"": 187.0, ""212"": 15.0}",2026-08-24T23:49:59-04:00
Kyle Pitts,4360248,TE,ATL,ACTIVE,137.22523421,107.7,0.0,110.8,152.6748819059355,73.27320220931345,83.0,248.0,"{""42"": 821.6481368, ""43"": 4.182610248, ""44"": 0.212295636, ""45"": 0.22553312, ""46"": 0.147385894, ""47"": 164.0, ""48"": 82.0, ""49"": 41.0, ""50"": 32.0, ""51"": 16.0, ""53"": 59.847988, ""56"": 1.499048344, ""57"": 0.04636232, ""58"": 98.05644555, ""60"": 13.72891828, ""61"": 54.35026586, ""62"": 0.212295636, ""63"": 0.001507889, ""67"": 0.342701992, ""68"": 0.342701992, ""71"": 0.191913116, ""72"": 0.191913116, ""73"": 0.191913116, ""210"": 15.11764706, ""213"": 36.85978742}","{""41"": 47.0, ""42"": 602.0, ""43"": 4.0, ""45"": 1.0, ""47"": 115.0, ""48"": 53.0, ""49"": 23.0, ""50"": 17.0, ""51"": 6.0, ""53"": 47.0, ""54"": 2.0, ""58"": 74.0, ""59"": 272.0, ""60"": 12.80851064, ""61"": 35.41176471, ""155"": 8.0, ""156"": 9.0, ""158"": 24.0, ""184"": 2.0, ""186"": 1.0, ""210"": 17.0, ""213"": 22.0}",2026-08-24T23:49:59-04:00
Jaylen Warren,4569987,RB,PIT,ACTIVE,150.59169588,105.1,0.0,165.9,157.90266940451747,72.36310553751014,104.0,166.0,"{""23"": 126.863218, ""24"": 610.0242571, ""25"": 3.152035091, ""26"": 0.147927443, ""27"": 122.0, ""28"": 61.0, ""29"": 30.0, ""30"": 24.0, ""31"": 12.0, ""33"": 25.0, ""34"": 12.0, ""35"": 0.248993138, ""36"": 0.174295197, ""37"": 0.97906469, ""38"": 0.033411722, ""39"": 4.808519497, ""40"": 43.03075672, ""42"": 368.529752, ""43"": 1.371170834, ""44"": 0.079024016, ""45"": 0.042466478, ""46"": 0.027751843, ""47"": 73.0, ""48"": 36.0, ""49"": 18.0, ""50"": 14.0, ""51"": 7.0, ""53"": 53.98638465, ""56"": 0.186082323, ""57"": 0.005755123, ""58"": 66.49192427, ""60"": 6.826346206, ""61"": 25.99587463, ""62"": 0.226951459, ""63"": 0.009954947, ""66"": 1.587100587, ""67"": 0.67538743, ""68"": 2.262488017, ""70"": 0.73006627, ""71"": 0.378216961, ""72"": 1.108283231, ""73"": 1.108283231, ""101"": 0.06108844, ""114"": 200.4464446, ""116"": 20.0, ""117"": 8.0, ""210"": 14.17647059, ""212"": 32.72684708, ""213"": 21.8788654}","{""23"": 120.0, ""24"": 511.0, ""25"": 1.0, ""27"": 97.0, ""28"": 44.0, ""29"": 21.0, ""30"": 11.0, ""31"": 2.0, ""33"": 16.0, ""34"": 5.0, ""39"": 4.25833333, ""40"": 34.06666667, ""41"": 38.0, ""42"": 310.0, ""47"": 57.0, ""48"": 25.0, ""49"": 9.0, ""50"": 7.0, ""51"": 1.0, ""53"": 38.0, ""54"": 2.0, ""58"": 47.0, ""59"": 315.0, ""60"": 8.15789474, ""61"": 20.66666667, ""66"": 1.0, ""67"": 1.0, ""68"": 2.0, ""70"": 1.0, ""72"": 1.0, ""73"": 1.0, ""114"": 227.0, ""116"": 19.0, ""117"": 7.0, ""155"": 10.0, ""156"": 5.0, ""158"": 6.0, ""179"": 1.0, ""210"": 15.0, ""212"": 28.0, ""213"": 16.0}",2026-08-24T23:49:59-04:00
Vikings D/ST,-16016,D/ST,MIN,,89.52761206,146.0,0.0,105.0,88.34910142532534,71.32169990021634,426.0,180.0,"{""89"": 0.123188406, ""90"": 0.552223888, ""91"": 2.208895552, ""92"": 2.378810595, ""93"": 0.10145004, ""94"": 1.862881915, ""95"": 13.15024579, ""96"": 9.053285576, ""97"": 1.673107116, ""98"": 0.206289384, ""99"": 40.758297, ""100"": 81.516594, ""101"": 0.410617314, ""102"": 0.19851, ""103"": 1.301175402, ""104"": 0.561706514, ""105"": 2.573459269, ""106"": 16.25710357, ""109"": 1132.299859, ""110"": 377.0, ""111"": 226.0, ""112"": 37.3455118, ""113"": 74.67321173, ""114"": 1428.384428, ""115"": 274.2, ""116"": 142.0, ""117"": 57.0, ""118"": 27.0, ""119"": 10.0, ""120"": 385.8042605, ""121"": 2.463768116, ""122"": 4.035482259, ""123"": 3.270864568, ""124"": 1.741629185, ""125"": 0.225137431, ""126"": 22.69436827, ""127"": 5901.243398, ""129"": 0.425, ""130"": 3.74, ""131"": 3.655, ""132"": 3.995, ""133"": 2.89, ""134"": 1.53, ""135"": 0.595, ""136"": 0.17, ""137"": 347.1319646, ""210"": 17.0}","{""89"": 0.0, ""90"": 1.0, ""91"": 5.0, ""92"": 2.0, ""94"": 3.0, ""95"": 24.0, ""96"": 9.0, ""97"": 2.0, ""99"": 49.0, ""100"": 98.0, ""103"": 2.0, ""104"": 1.0, ""105"": 3.0, ""106"": 12.0, ""107"": 433.0, ""108"": 674.0, ""109"": 1107.0, ""110"": 361.0, ""111"": 215.0, ""112"": 64.0, ""113"": 95.0, ""114"": 341.0, ""115"": 164.0, ""116"": 31.0, ""117"": 9.0, ""118"": 12.0, ""119"": 1.0, ""120"": 324.0, ""121"": 1.0, ""122"": 4.0, ""123"": 4.0, ""124"": 0.0, ""127"": 5702.0, ""128"": 0.0, ""129"": 1.0, ""130"": 7.0, ""131"": 0.0, ""132"": 6.0, ""133"": 1.0, ""134"": 2.0, ""135"": 0.0, ""136"": 0.0, ""155"": 14.0, ""156"": 3.0, ""187"": 324.0, ""188"": 0.0, ""189"": 1.0, ""190"": 5.0, ""191"": 2.0, ""192"": 1.0, ""193"": 4.0, ""194"": 4.0, ""195"": 0.0, ""210"": 17.0}",2026-08-24T23:49:59-04:00
Javonte Williams,4361579,RB,DAL,ACTIVE,160.728818,131.9,0.0,155.7,112.33593429158111,71.10630437834985,91.0,74.0,"{""23"": 184.5526118, ""24"": 730.60853, ""25"": 4.422039568, ""26"": 0.267556797, ""27"": 146.0, ""28"": 73.0, ""29"": 36.0, ""30"": 29.0, ""31"": 14.0, ""33"": 36.0, ""34"": 18.0, ""35"": 0.372600702, ""36"": 0.260820492, ""37"": 1.384188562, ""38"": 0.047237045, ""39"": 3.958808943, ""40"": 51.53670129, ""42"": 298.2008984, ""43"": 1.301297619, ""44"": 0.071570166, ""45"": 0.033745169, ""46"": 0.022052468, ""47"": 59.0, ""48"": 29.0, ""49"": 14.0, ""50"": 11.0, ""51"": 5.0, ""53"": 48.85179898, ""56"": 0.124789687, ""57"": 0.003859475, ""58"": 63.23141386, ""60"": 6.104194821, ""61"": 21.03491814, ""62"": 0.339126963, ""63"": 0.007302232, ""66"": 1.312242388, ""67"": 0.347355699, ""68"": 1.659598087, ""70"": 0.603631499, ""71"": 0.194519191, ""72"": 0.79815069, ""73"": 0.79815069, ""210"": 14.17647059, ""212"": 41.25001899, ""213"": 18.74055781}","{""23"": 139.0, ""24"": 513.0, ""25"": 4.0, ""27"": 96.0, ""28"": 45.0, ""29"": 20.0, ""30"": 13.0, ""31"": 4.0, ""33"": 21.0, ""34"": 6.0, ""39"": 3.69064748, ""40"": 30.17647059, ""41"": 52.0, ""42"": 346.0, ""47"": 62.0, ""48"": 27.0, ""49"": 12.0, ""50"": 9.0, ""51"": 2.0, ""53"": 52.0, ""54"": 3.0, ""58"": 70.0, ""59"": 395.0, ""60"": 6.65384615, ""61"": 20.35294118, ""66"": 2.0, ""68"": 2.0, ""70"": 2.0, ""72"": 2.0, ""73"": 2.0, ""108"": 1.0, ""109"": 1.0, ""155"": 10.0, ""156"": 7.0, ""158"": 24.0, ""179"": 3.0, ""180"": 1.0, ""210"": 17.0, ""212"": 30.0, ""213"": 14.0}",2026-08-24T23:49:59-04:00
David Montgomery,4035538,RB,DET,ACTIVE,166.44032993,205.6,0.0,199.2,57.92607802874743,70.57042790111606,89.0,58.0,"{""23"": 181.3430087, ""24"": 795.1514467, ""25"": 9.359703156, ""26"": 0.392100003, ""27"": 159.0, ""28"": 79.0, ""29"": 39.0, ""30"": 31.0, ""31"": 15.0, ""33"": 36.0, ""34"": 18.0, ""35"": 0.365534457, ""36"": 0.25587412, ""37"": 1.641760414, ""38"": 0.056026984, ""39"": 4.384792402, ""40"": 56.08952113, ""42"": 162.3318579, ""43"": 0.705104992, ""44"": 0.042465342, ""45"": 0.047982747, ""46"": 0.031356725, ""47"": 32.0, ""48"": 16.0, ""49"": 8.0, ""50"": 6.0, ""51"": 3.0, ""53"": 21.71550344, ""56"": 0.062123596, ""57"": 0.001921348, ""58"": 28.12217733, ""60"": 7.475390028, ""61"": 11.45079496, ""62"": 0.434565345, ""63"": 0.006654448, ""66"": 1.350637983, ""67"": 0.161736501, ""68"": 1.512374484, ""70"": 0.621293472, ""71"": 0.090572441, ""72"": 0.711865913, ""73"": 0.711865913, ""210"": 14.17647059, ""212"": 46.9153748, ""213"": 8.564773517}","{""0"": 1.0, ""1"": 1.0, ""3"": 3.0, ""4"": 1.0, ""21"": 1.0, ""22"": 0.21428571, ""23"": 185.0, ""24"": 775.0, ""25"": 12.0, ""27"": 151.0, ""28"": 73.0, ""29"": 32.0, ""30"": 26.0, ""31"": 8.0, ""32"": 1.0, ""33"": 31.0, ""34"": 12.0, ""37"": 1.0, ""39"": 4.18918919, ""40"": 55.35714286, ""41"": 36.0, ""42"": 341.0, ""47"": 64.0, ""48"": 29.0, ""49"": 11.0, ""50"": 7.0, ""53"": 36.0, ""54"": 1.0, ""58"": 38.0, ""59"": 365.0, ""60"": 9.47222222, ""61"": 24.35714286, ""66"": 2.0, ""68"": 2.0, ""70"": 1.0, ""72"": 1.0, ""73"": 1.0, ""155"": 12.0, ""156"": 2.0, ""158"": 78.0, ""175"": 1.0, ""179"": 11.0, ""180"": 1.0, ""210"": 14.0, ""211"": 1.0, ""212"": 50.0, ""213"": 16.0}",2026-08-24T23:49:59-04:00
Amari Cooper,2976499,WR,BUF,ACTIVE,172.82659708,100.7,0.0,191.0,117.11663244353183,70.17724785589223,77.0,97.0,"{""42"": 1044.551618, ""43"": 5.414531256, ""44"": 0.291978065, ""45"": 0.269454484, ""46"": 0.176088505, ""47"": 208.0, ""48"": 104.0, ""49"": 52.0, ""50"": 41.0, ""51"": 20.0, ""53"": 73.484537, ""56"": 2.809859888, ""57"": 0.086902883, ""58"": 119.432349, ""60"": 14.21457712, ""61"": 69.09485413, ""62"": 0.291978065, ""63"": 0.005664909, ""67"": 1.287479361, ""68"": 1.287479361, ""71"": 0.720988442, ""72"": 0.720988442, ""73"": 0.720988442, ""210"": 15.11764706, ""213"": 46.61856211}","{""41"": 44.0, ""42"": 547.0, ""43"": 4.0, ""47"": 107.0, ""48"": 50.0, ""49"": 21.0, ""50"": 16.0, ""51"": 6.0, ""53"": 44.0, ""54"": 2.0, ""58"": 85.0, ""59"": 111.0, ""60"": 12.43181818, ""61"": 39.07142857, ""155"": 8.0, ""156"": 6.0, ""158"": 24.0, ""183"": 1.0, ""184"": 1.0, ""185"": 1.0, ""186"": 1.0, ""210"": 14.0, ""213"": 25.0}",2026-08-24T23:49:59-04:00
Zach Ertz,15835,TE,WSH,ACTIVE,58.18787052,144.4,0.0,38.2,157.6982953378517,70.10844435191214,444.0,177.0,"{""42"": 295.5994061, ""43"": 2.151384688, ""44"": 0.118057678, ""45"": 0.051923462, ""46"": 0.033931982, ""47"": 59.0, ""48"": 29.0, ""49"": 14.0, ""50"": 11.0, ""51"": 5.0, ""53"": 31.61107757, ""56"": 0.122866958, ""57"": 0.003800009, ""58"": 50.26960239, ""60"": 9.351133489, ""61"": 19.55326811, ""62"": 0.118057678, ""63"": 0.001265127, ""67"": 0.287528895, ""68"": 0.287528895, ""71"": 0.161016181, ""72"": 0.161016181, ""73"": 0.161016181, ""210"": 15.11764706, ""213"": 15.08670379}","{""41"": 66.0, ""42"": 654.0, ""43"": 7.0, ""44"": 2.0, ""47"": 125.0, ""48"": 58.0, ""49"": 25.0, ""50"": 18.0, ""51"": 4.0, ""53"": 66.0, ""54"": 6.0, ""58"": 91.0, ""59"": 187.0, ""60"": 9.90909091, ""61"": 38.47058824, ""67"": 1.0, ""68"": 1.0, ""108"": 2.0, ""109"": 2.0, ""155"": 12.0, ""156"": 5.0, ""158"": 46.0, ""183"": 5.0, ""184"": 2.0, ""210"": 17.0, ""213"": 38.0}",2026-08-24T23:49:59-04:00
Jake Ferguson,4242355,TE,DAL,ACTIVE,132.95359321,74.9,0.0,141.6,74.77654549188745,69.75535003470964,121.0,66.0,"{""42"": 674.9144772, ""43"": 5.440383677, ""44"": 0.26370881, ""45"": 0.129964157, ""46"": 0.084931577, ""47"": 134.0, ""48"": 67.0, ""49"": 33.0, ""50"": 26.0, ""51"": 13.0, ""53"": 65.42402628, ""56"": 0.872133387, ""57"": 0.026973198, ""58"": 92.11104557, ""60"": 10.31600339, ""61"": 44.6441483, ""62"": 0.26370881, ""63"": 0.001648379, ""67"": 0.374631544, ""68"": 0.374631544, ""71"": 0.209793665, ""72"": 0.209793665, ""73"": 0.209793665, ""210"": 15.11764706, ""213"": 34.59873474}","{""41"": 59.0, ""42"": 494.0, ""47"": 94.0, ""48"": 45.0, ""49"": 18.0, ""50"": 10.0, ""51"": 3.0, ""53"": 59.0, ""54"": 6.0, ""58"": 86.0, ""59"": 309.0, ""60"": 8.37288136, ""61"": 35.28571429, ""67"": 4.0, ""68"": 4.0, ""71"": 2.0, ""72"": 2.0, ""73"": 2.0, ""108"": 2.0, ""109"": 2.0, ""155"": 5.0, ""156"": 9.0, ""210"": 14.0, ""213"": 18.0}",2026-08-24T23:49:59-04:00
Adam Thielen,16460,WR,CAR,ACTIVE,134.37803845,115.5,0.0,179.5,165.20205338809035,68.68979324310503,175.0,172.0,"{""42"": 706.6710605, ""43"": 4.609640527, ""44"": 0.244292139, ""45"": 0.110099058, ""46"": 0.071949734, ""47"": 141.0, ""48"": 70.0, ""49"": 35.0, ""50"": 28.0, ""51"": 14.0, ""53"": 73.96814257, ""56"": 0.991364552, ""57"": 0.030660759, ""58"": 100.1641669, ""60"": 9.553721859, ""61"": 46.74477832, ""62"": 0.244292139, ""63"": 0.005576868, ""67"": 1.267469934, ""68"": 1.267469934, ""71"": 0.709783163, ""72"": 0.709783163, ""73"": 0.709783163, ""210"": 15.11764706, ""213"": 37.08223878}","{""41"": 48.0, ""42"": 615.0, ""43"": 5.0, ""45"": 1.0, ""47"": 119.0, ""48"": 58.0, ""49"": 27.0, ""50"": 19.0, ""51"": 7.0, ""52"": 2.0, ""53"": 48.0, ""54"": 6.0, ""56"": 2.0, ""58"": 62.0, ""59"": 152.0, ""60"": 12.8125, ""61"": 61.5, ""108"": 1.0, ""109"": 1.0, ""155"": 3.0, ""156"": 7.0, ""158"": 30.0, ""183"": 1.0, ""184"": 1.0, ""185"": 1.0, ""186"": 1.0, ""210"": 10.0, ""213"": 28.0}",2026-08-24T23:49:59-04:00
Chiefs D/ST,-16012,D/ST,KC,,107.1045942,93.0,0.0,129.0,128.0700268539558,67.41950417857096,238.0,186.0,"{""89"": 0.188737748, ""90"": 0.850170034, ""91"": 3.043608722, ""92"": 2.856571314, ""93"": 0.112381588, ""94"": 1.866192886, ""95"": 13.06368361, ""96"": 8.941905121, ""97"": 1.719107069, ""98"": 0.21260874, ""99"": 44.04549947, ""100"": 88.09099894, ""101"": 0.488529814, ""102"": 0.185478947, ""103"": 1.297622269, ""104"": 0.568570617, ""105"": 2.652583235, ""106"": 13.79359243, ""109"": 1038.017159, ""110"": 346.0, ""111"": 207.0, ""112"": 35.81480119, ""113"": 66.36608208, ""114"": 1432.632375, ""115"": 270.4046053, ""116"": 143.0, ""117"": 57.0, ""118"": 27.0, ""119"": 10.0, ""120"": 358.6844922, ""121"": 2.465493099, ""122"": 3.621724345, ""123"": 2.618523705, ""124"": 1.207241448, ""125"": 0.147929586, ""126"": 21.09908778, ""127"": 5890.678613, ""129"": 0.450567585, ""130"": 3.910586588, ""131"": 3.715057259, ""132"": 3.961594239, ""133"": 2.796919538, ""134"": 1.445216783, ""135"": 0.561084163, ""136"": 0.158973846, ""137"": 346.5105066, ""210"": 17.0}","{""89"": 0.0, ""90"": 0.0, ""91"": 4.0, ""92"": 4.0, ""94"": 1.0, ""95"": 13.0, ""96"": 7.0, ""97"": 1.0, ""99"": 39.0, ""100"": 78.0, ""104"": 1.0, ""105"": 1.0, ""106"": 15.0, ""107"": 376.0, ""108"": 674.0, ""109"": 1050.0, ""110"": 344.0, ""111"": 204.0, ""112"": 58.0, ""113"": 71.0, ""114"": 785.0, ""115"": 307.0, ""116"": 72.0, ""117"": 28.0, ""118"": 24.0, ""119"": 7.0, ""120"": 326.0, ""121"": 4.0, ""122"": 3.0, ""123"": 1.0, ""124"": 1.0, ""127"": 5451.0, ""128"": 0.0, ""129"": 0.0, ""130"": 7.0, ""131"": 5.0, ""132"": 2.0, ""133"": 1.0, ""134"": 2.0, ""135"": 0.0, ""136"": 0.0, ""155"": 15.0, ""156"": 2.0, ""187"": 326.0, ""188"": 0.0, ""189"": 0.0, ""190"": 4.0, ""191"": 4.0, ""192"": 4.0, ""193"": 3.0, ""194"": 1.0, ""195"": 1.0, ""210"": 17.0}",2026-08-24T23:49:59-04:00
Tank Dell,4366031,WR,HOU,QUESTIONABLE,176.6066652,114.5,0.0,141.5,125.18829568788502,67.23372861640435,56.0,115.0,"{""23"": 15.97007278, ""24"": 92.93189265, ""25"": 0.583326497, ""26"": 0.036434428, ""27"": 18.0, ""28"": 9.0, ""29"": 4.0, ""30"": 3.0, ""31"": 1.0, ""33"": 3.0, ""34"": 1.0, ""35"": 0.029542774, ""36"": 0.020679942, ""37"": 0.021709262, ""38"": 0.000740854, ""39"": 5.819127684, ""40"": 6.147245817, ""42"": 943.6798553, ""43"": 5.812958682, ""44"": 0.275226552, ""45"": 0.226936337, ""46"": 0.148302896, ""47"": 188.0, ""48"": 94.0, ""49"": 47.0, ""50"": 37.0, ""51"": 18.0, ""53"": 70.45017685, ""56"": 2.166890565, ""57"": 0.067017234, ""58"": 112.5018341, ""60"": 13.39499626, ""61"": 62.42240288, ""62"": 0.31166098, ""63"": 0.007400923, ""66"": 0.310831172, ""67"": 1.371196694, ""68"": 1.682027866, ""70"": 0.142982339, ""71"": 0.767870149, ""72"": 0.910852488, ""73"": 0.910852488, ""101"": 0.021778987, ""102"": 0.0684, ""114"": 71.4623002, ""115"": 110.4, ""116"": 7.0, ""117"": 2.0, ""118"": 11.0, ""119"": 4.0, ""210"": 15.11764706, ""212"": 6.614968675, ""213"": 43.30820696}","{""23"": 9.0, ""24"": 43.0, ""27"": 9.0, ""28"": 3.0, ""39"": 4.77777778, ""40"": 3.07142857, ""41"": 51.0, ""42"": 667.0, ""43"": 3.0, ""47"": 129.0, ""48"": 61.0, ""49"": 27.0, ""50"": 21.0, ""51"": 7.0, ""52"": 1.0, ""53"": 51.0, ""54"": 5.0, ""56"": 1.0, ""58"": 81.0, ""59"": 164.0, ""60"": 13.07843137, ""61"": 47.64285714, ""108"": 3.0, ""109"": 3.0, ""115"": 95.0, ""118"": 8.0, ""119"": 1.0, ""155"": 8.0, ""156"": 6.0, ""158"": 18.0, ""183"": 2.0, ""186"": 1.0, ""210"": 14.0, ""212"": 3.0, ""213"": 35.0}",2026-08-24T23:49:59-04:00
Chris Olave,4361370,WR,NO,QUESTIONABLE,202.50900878,60.7,182.61467683,187.8,92.20205338809035,66.22825492275142,18.0,53.0,"{""42"": 1264.282936, ""43"": 5.605569594, ""44"": 0.280240897, ""45"": 0.309991507, ""46"": 0.20257945, ""47"": 252.0, ""48"": 126.0, ""49"": 63.0, ""50"": 50.0, ""51"": 25.0, ""53"": 86.44974955, ""56"": 4.389858433, ""57"": 0.135768818, ""58"": 138.9159253, ""60"": 14.6244835, ""61"": 83.62961056, ""62"": 0.280240897, ""63"": 0.00525666, ""67"": 1.194695492, ""68"": 1.194695492, ""71"": 0.669029475, ""72"": 0.669029475, ""73"": 0.669029475, ""210"": 15.11764706, ""213"": 55.71120809}","{""23"": 1.0, ""24"": 7.0, ""27"": 1.0, ""39"": 7.0, ""40"": 0.875, ""41"": 32.0, ""42"": 400.0, ""43"": 1.0, ""47"": 78.0, ""48"": 37.0, ""49"": 17.0, ""50"": 13.0, ""51"": 5.0, ""52"": 1.0, ""53"": 32.0, ""54"": 3.0, ""56"": 1.0, ""58"": 44.0, ""59"": 121.0, ""60"": 12.5, ""61"": 50.0, ""67"": 1.0, ""68"": 1.0, ""71"": 1.0, ""72"": 1.0, ""73"": 1.0, ""108"": 2.0, ""109"": 2.0, ""155"": 2.0, ""156"": 6.0, ""158"": 6.0, ""184"": 1.0, ""210"": 8.0, ""212"": 1.0, ""213"": 22.0}",2026-08-24T23:49:59-04:00
Josh Downs,4688813,WR,IND,ACTIVE,88.1378619,147.5,0.0,123.1,138.2782340862423,65.26034016433873,263.0,118.0,"{""42"": 517.8136788, ""43"": 2.227925217, ""44"": 0.162332022, ""45"": 0.126036216, ""46"": 0.082364667, ""47"": 103.0, ""48"": 51.0, ""49"": 25.0, ""50"": 20.0, ""51"": 10.0, ""53"": 46.21146526, ""56"": 0.467800315, ""57"": 0.014468051, ""58"": 70.08714426, ""60"": 11.20530751, ""61"": 39.29835955, ""62"": 0.162332022, ""63"": 0.003268237, ""67"": 0.742781048, ""68"": 0.742781048, ""71"": 0.415957387, ""72"": 0.415957387, ""73"": 0.415957387, ""101"": 0.040851803, ""102"": 0.024225, ""114"": 134.0449785, ""115"": 39.1, ""116"": 13.0, ""117"": 5.0, ""118"": 3.0, ""119"": 1.0, ""210"": 13.17647059, ""213"": 24.64134034}","{""23"": 1.0, ""24"": 12.0, ""27"": 2.0, ""28"": 1.0, ""39"": 12.0, ""40"": 0.85714286, ""41"": 72.0, ""42"": 803.0, ""43"": 5.0, ""45"": 1.0, ""46"": 1.0, ""47"": 154.0, ""48"": 75.0, ""49"": 36.0, ""50"": 25.0, ""51"": 10.0, ""52"": 1.0, ""53"": 72.0, ""54"": 8.0, ""55"": 1.0, ""56"": 1.0, ""58"": 107.0, ""59"": 396.0, ""60"": 11.15277778, ""61"": 57.35714286, ""108"": 2.0, ""109"": 2.0, ""115"": 161.0, ""118"": 13.0, ""119"": 3.0, ""155"": 7.0, ""156"": 7.0, ""158"": 30.0, ""183"": 1.0, ""184"": 1.0, ""185"": 2.0, ""210"": 14.0, ""212"": 1.0, ""213"": 40.0}",2026-08-24T23:49:59-04:00
Hunter Henry,3046439,TE,NE,QUESTIONABLE,88.61234136,112.4,0.0,98.9,166.80858492503594,63.43164252815823,221.0,305.0,"{""42"": 437.8966657, ""43"": 3.754539451, ""44"": 0.203368638, ""45"": 0.073649736, ""46"": 0.048130102, ""47"": 87.0, ""48"": 43.0, ""49"": 21.0, ""50"": 17.0, ""51"": 8.0, ""53"": 44.82427143, ""56"": 0.27561068, ""57"": 0.008524042, ""58"": 68.1305777, ""60"": 9.769186463, ""61"": 28.9659273, ""62"": 0.203368638, ""63"": 0.002056351, ""67"": 0.467352598, ""68"": 0.467352598, ""71"": 0.261717455, ""72"": 0.261717455, ""73"": 0.261717455, ""210"": 15.11764706, ""213"": 22.67798169}","{""41"": 66.0, ""42"": 674.0, ""43"": 2.0, ""47"": 128.0, ""48"": 60.0, ""49"": 26.0, ""50"": 20.0, ""51"": 6.0, ""52"": 1.0, ""53"": 66.0, ""54"": 7.0, ""56"": 1.0, ""58"": 97.0, ""59"": 268.0, ""60"": 10.21212121, ""61"": 42.125, ""155"": 3.0, ""156"": 13.0, ""158"": 12.0, ""183"": 2.0, ""210"": 16.0, ""213"": 40.0}",2026-08-24T23:49:59-04:00
Tyler Bass,3917232,K,BUF,ACTIVE,129.39011609,141.0,138.81069203,128.0,161.76572489173026,62.883468141644,494.0,319.0,"{""74"": 4.253089163, ""75"": 6.569510903, ""76"": 2.31642174, ""77"": 6.949107597, ""78"": 9.138775068, ""79"": 2.189667471, ""80"": 15.52605815, ""81"": 16.81404523, ""82"": 1.287987078, ""83"": 26.72825492, ""84"": 32.5223312, ""85"": 5.794076288, ""86"": 39.54414172, ""87"": 43.24608705, ""88"": 3.701945331, ""198"": 4.253089163, ""199"": 6.569510903, ""200"": 2.31642174, ""210"": 17.0, ""214"": 1008.158401, ""215"": 262.2614225, ""216"": 1270.419824}","{""74"": 4.0, ""75"": 4.0, ""77"": 7.0, ""78"": 11.0, ""79"": 4.0, ""80"": 13.0, ""81"": 14.0, ""82"": 1.0, ""83"": 24.0, ""84"": 29.0, ""85"": 5.0, ""86"": 59.0, ""87"": 64.0, ""88"": 5.0, ""108"": 1.0, ""109"": 1.0, ""155"": 13.0, ""156"": 4.0, ""158"": 131.0, ""198"": 3.0, ""199"": 3.0, ""201"": 1.0, ""202"": 1.0, ""210"": 17.0, ""214"": 933.0, ""215"": 213.0, ""216"": 1146.0, ""217"": 181.0, ""218"": 88.0, ""219"": 39.0, ""220"": 31.0, ""221"": 12.0, ""222"": 2.0, ""223"": 40.0, ""224"": 18.0, ""225"": 9.0, ""226"": 4.0, ""229"": 222.0, ""230"": 106.0, ""231"": 48.0, ""232"": 38.0, ""233"": 15.0, ""234"": 3.0}",2026-08-24T23:49:59-04:00
Dolphins D/ST,-16015,D/ST,MIA,,120.90632443,66.0,0.0,129.0,166.50815947118363,62.59355147306105,232.0,359.0,"{""89"": 0.263763764, ""90"": 1.191191191, ""91"": 3.998998999, ""92"": 3.403403403, ""93"": 0.110692958, ""94"": 1.83210492, ""95"": 13.0500179, ""96"": 8.908829386, ""97"": 1.80609151, ""98"": 0.219991018, ""99"": 42.32621427, ""100"": 84.65242853, ""101"": 0.451241042, ""102"": 0.13851, ""103"": 1.272557485, ""104"": 0.559547436, ""105"": 2.532548921, ""106"": 15.0528977, ""109"": 1054.070496, ""110"": 351.0, ""111"": 210.0, ""112"": 43.69980693, ""113"": 61.77916758, ""114"": 1504.783046, ""115"": 331.1, ""116"": 150.0, ""117"": 60.0, ""118"": 33.0, ""119"": 13.0, ""120"": 336.3433765, ""121"": 2.467467467, ""122"": 3.148148148, ""123"": 1.871871872, ""124"": 0.595595596, ""125"": 0.05955956, ""126"": 19.7849045, ""127"": 5683.995037, ""129"": 0.604134341, ""130"": 4.935181941, ""131"": 4.075779569, ""132"": 3.760948996, ""133"": 2.237849742, ""134"": 0.935982782, ""135"": 0.357375244, ""136"": 0.092747385, ""137"": 334.3526492, ""210"": 17.0}","{""89"": 0.0, ""90"": 1.0, ""91"": 2.0, ""92"": 4.0, ""95"": 10.0, ""96"": 6.0, ""99"": 35.0, ""100"": 70.0, ""106"": 8.0, ""107"": 412.0, ""108"": 623.0, ""109"": 1035.0, ""110"": 339.0, ""111"": 199.0, ""112"": 64.0, ""113"": 69.0, ""114"": 755.0, ""115"": 268.0, ""116"": 71.0, ""117"": 25.0, ""118"": 21.0, ""119"": 4.0, ""120"": 348.0, ""121"": 2.0, ""122"": 4.0, ""123"": 4.0, ""124"": 0.0, ""127"": 5343.0, ""128"": 0.0, ""129"": 1.0, ""130"": 7.0, ""131"": 3.0, ""132"": 5.0, ""133"": 1.0, ""134"": 0.0, ""135"": 0.0, ""136"": 0.0, ""155"": 8.0, ""156"": 9.0, ""187"": 348.0, ""188"": 0.0, ""189"": 1.0, ""190"": 2.0, ""191"": 4.0, ""192"": 2.0, ""193"": 4.0, ""194"": 4.0, ""195"": 0.0, ""210"": 17.0}",2026-08-24T23:49:59-04:00
Rome Odunze,4431299,WR,CHI,ACTIVE,145.32833443,117.9,,,165.94332648870636,61.31351962448043,99.0,225.0,"{""23"": 2.085193369, ""24"": 12.84680083, ""25"": 0.096282585, ""26"": 0.005336819, ""27"": 2.0, ""28"": 1.0, ""35"": 0.0038284, ""36"": 0.00267988, ""37"": 0.000333403, ""38"": 1.13778e-05, ""39"": 6.160963786, ""40"": 0.849788382, ""42"": 804.6755957, ""43"": 5.548674993, ""44"": 0.279456073, ""45"": 0.189031684, ""46"": 0.123532205, ""47"": 160.0, ""48"": 80.0, ""49"": 40.0, ""50"": 32.0, ""51"": 16.0, ""53"": 59.73599588, ""56"": 1.414750244, ""57"": 0.043755162, ""58"": 100.267966, ""60"": 13.47053119, ""61"": 53.22756858, ""62"": 0.284792891, ""63"": 0.002890114, ""66"": 0.022154976, ""67"": 0.634689138, ""68"": 0.656844114, ""70"": 0.010191289, ""71"": 0.355425917, ""72"": 0.365617206, ""73"": 0.365617206, ""210"": 15.11764706, ""212"": 2.704227083, ""213"": 36.92482979}","{""23"": 3.0, ""24"": 15.0, ""27"": 2.0, ""28"": 1.0, ""39"": 5.0, ""40"": 0.88235294, ""41"": 54.0, ""42"": 734.0, ""43"": 3.0, ""47"": 141.0, ""48"": 67.0, ""49"": 29.0, ""50"": 21.0, ""51"": 6.0, ""52"": 2.0, ""53"": 54.0, ""54"": 5.0, ""56"": 2.0, ""58"": 101.0, ""59"": 253.0, ""60"": 13.59259259, ""61"": 43.17647059, ""67"": 2.0, ""68"": 2.0, ""71"": 1.0, ""72"": 1.0, ""73"": 1.0, ""108"": 1.0, ""109"": 1.0, ""155"": 5.0, ""156"": 12.0, ""158"": 18.0, ""183"": 2.0, ""184"": 1.0, ""210"": 17.0, ""212"": 1.0, ""213"": 37.0}",2026-08-24T23:49:59-04:00
Tucker Kraft,4572680,TE,GB,ACTIVE,70.99904906,138.3,36.86882513,63.0,138.39104538919696,61.05525889424109,297.0,142.0,"{""42"": 369.2094571, ""43"": 2.564870747, ""44"": 0.121630789, ""45"": 0.106802196, ""46"": 0.069795235, ""47"": 73.0, ""48"": 36.0, ""49"": 18.0, ""50"": 14.0, ""51"": 7.0, ""53"": 37.86253775, ""56"": 0.186596828, ""57"": 0.005771036, ""58"": 52.65836422, ""60"": 9.751313012, ""61"": 24.42241545, ""62"": 0.121630789, ""63"": 0.001907917, ""67"": 0.433617488, ""68"": 0.433617488, ""71"": 0.242825794, ""72"": 0.242825794, ""73"": 0.242825794, ""210"": 15.11764706, ""213"": 18.71057511}","{""23"": 3.0, ""24"": 6.0, ""39"": 2.0, ""40"": 0.35294118, ""41"": 50.0, ""42"": 707.0, ""43"": 7.0, ""44"": 1.0, ""45"": 1.0, ""46"": 1.0, ""47"": 133.0, ""48"": 63.0, ""49"": 26.0, ""50"": 22.0, ""51"": 6.0, ""53"": 50.0, ""54"": 2.0, ""58"": 70.0, ""59"": 456.0, ""60"": 14.14, ""61"": 41.58823529, ""67"": 1.0, ""68"": 1.0, ""71"": 1.0, ""72"": 1.0, ""73"": 1.0, ""107"": 1.0, ""109"": 1.0, ""155"": 11.0, ""156"": 6.0, ""158"": 44.0, ""183"": 2.0, ""184"": 4.0, ""210"": 17.0, ""212"": 3.0, ""213"": 30.0}",2026-08-24T23:49:59-04:00
Kareem Hunt,3059915,RB,KC,ACTIVE,0.0,143.9,0.0,111.0,125.54065708418891,60.021291378383744,1956.0,102.0,{},"{""23"": 200.0, ""24"": 728.0, ""25"": 7.0, ""27"": 142.0, ""28"": 66.0, ""29"": 30.0, ""30"": 23.0, ""31"": 10.0, ""32"": 2.0, ""33"": 34.0, ""34"": 14.0, ""37"": 2.0, ""39"": 3.64, ""40"": 56.0, ""41"": 23.0, ""42"": 176.0, ""47"": 31.0, ""48"": 13.0, ""49"": 4.0, ""50"": 2.0, ""51"": 1.0, ""53"": 23.0, ""54"": 1.0, ""58"": 32.0, ""59"": 216.0, ""60"": 7.65217391, ""61"": 13.53846154, ""155"": 12.0, ""156"": 1.0, ""158"": 42.0, ""179"": 7.0, ""210"": 13.0, ""212"": 42.0, ""213"": 10.0}",2026-08-24T23:49:59-04:00
Christian McCaffrey,3117251,RB,SF,QUESTIONABLE,301.76150255,40.3,0.0,357.8,15.963039014373717,60.00641522223298,1.0,12.0,"{""23"": 257.9429524, ""24"": 1218.090962, ""25"": 11.94783563, ""26"": 0.36693727, ""27"": 243.0, ""28"": 121.0, ""29"": 60.0, ""30"": 48.0, ""31"": 24.0, ""33"": 51.0, ""34"": 25.0, ""35"": 0.539639447, ""36"": 0.377747613, ""37"": 3.842546082, ""38"": 0.131131355, ""39"": 4.722326976, ""40"": 89.06471553, ""42"": 526.8430273, ""43"": 3.872869993, ""44"": 0.170985477, ""45"": 0.068166947, ""46"": 0.0445471, ""47"": 105.0, ""48"": 52.0, ""49"": 26.0, ""50"": 21.0, ""51"": 10.0, ""53"": 67.32621601, ""56"": 0.44781188, ""57"": 0.013849852, ""58"": 83.61082052, ""60"": 7.825228544, ""61"": 38.52185576, ""62"": 0.537922747, ""63"": 0.010961513, ""66"": 1.975598007, ""67"": 0.515654865, ""68"": 2.491252872, ""70"": 0.908775083, ""71"": 0.288766724, ""72"": 1.197541807, ""73"": 1.197541807, ""210"": 13.67647059, ""212"": 67.77921129, ""213"": 30.30809587}","{""23"": 50.0, ""24"": 202.0, ""27"": 38.0, ""28"": 18.0, ""29"": 7.0, ""30"": 7.0, ""31"": 2.0, ""33"": 8.0, ""34"": 3.0, ""39"": 4.04, ""40"": 50.5, ""41"": 15.0, ""42"": 146.0, ""47"": 27.0, ""48"": 12.0, ""49"": 5.0, ""50"": 4.0, ""51"": 1.0, ""53"": 15.0, ""54"": 1.0, ""58"": 19.0, ""59"": 98.0, ""60"": 9.73333333, ""61"": 36.5, ""67"": 1.0, ""68"": 1.0, ""71"": 1.0, ""72"": 1.0, ""73"": 1.0, ""155"": 1.0, ""156"": 3.0, ""210"": 4.0, ""212"": 12.0, ""213"": 6.0}",2026-08-24T23:49:59-04:00
Cade Otton,4243331,TE,TB,ACTIVE,87.90617368,111.1,0.0,93.0,145.7915383035531,59.89183411740283,311.0,175.0,"{""42"": 456.5721115, ""43"": 3.468806531, ""44"": 0.162743215, ""45"": 0.105555677, ""46"": 0.068980635, ""47"": 91.0, ""48"": 45.0, ""49"": 22.0, ""50"": 18.0, ""51"": 9.0, ""53"": 43.37652043, ""56"": 0.306879928, ""57"": 0.009491132, ""58"": 65.36034937, ""60"": 10.52578923, ""61"": 30.20126807, ""62"": 0.162743215, ""63"": 0.002269234, ""67"": 0.515735091, ""68"": 0.515735091, ""71"": 0.288811651, ""72"": 0.288811651, ""73"": 0.288811651, ""210"": 15.11764706, ""213"": 22.7461464}","{""23"": 1.0, ""24"": -4.0, ""39"": -4.0, ""40"": -0.28571429, ""41"": 59.0, ""42"": 600.0, ""43"": 4.0, ""47"": 117.0, ""48"": 56.0, ""49"": 25.0, ""50"": 18.0, ""51"": 6.0, ""52"": 1.0, ""53"": 59.0, ""54"": 6.0, ""56"": 1.0, ""58"": 87.0, ""59"": 311.0, ""60"": 10.16949153, ""61"": 42.85714286, ""67"": 2.0, ""68"": 2.0, ""71"": 1.0, ""72"": 1.0, ""73"": 1.0, ""108"": 4.0, ""109"": 4.0, ""155"": 8.0, ""156"": 6.0, ""158"": 24.0, ""183"": 3.0, ""184"": 1.0, ""210"": 14.0, ""213"": 31.0}",2026-08-24T23:49:59-04:00
Packers D/ST,-16009,D/ST,GB,,100.51107981,133.0,0.0,97.0,163.61412931212558,58.90915104890032,425.0,481.0,"{""89"": 0.17, ""90"": 0.765, ""91"": 2.805, ""92"": 2.72, ""93"": 0.115060337, ""94"": 1.869590193, ""95"": 13.54846907, ""96"": 9.113220853, ""97"": 1.763440294, ""98"": 0.218772532, ""99"": 40.06708673, ""100"": 80.13417346, ""101"": 0.510346557, ""102"": 0.15561, ""103"": 1.301281474, ""104"": 0.568308719, ""105"": 2.650607087, ""106"": 11.47519577, ""109"": 1080.179007, ""110"": 360.0, ""111"": 216.0, ""112"": 35.64586563, ""113"": 65.59951585, ""114"": 1744.064085, ""115"": 278.7, ""116"": 174.0, ""117"": 69.0, ""118"": 27.0, ""119"": 11.0, ""120"": 372.5540761, ""121"": 2.465, ""122"": 3.74, ""123"": 2.805, ""124"": 1.36, ""125"": 0.17, ""126"": 21.91494565, ""127"": 5964.648542, ""129"": 0.373887834, ""130"": 3.398980306, ""131"": 3.534939518, ""132"": 4.061781466, ""133"": 3.076077177, ""134"": 1.699490153, ""135"": 0.66280116, ""136"": 0.192042387, ""137"": 350.861679, ""210"": 17.0}","{""89"": 1.0, ""90"": 0.0, ""91"": 5.0, ""92"": 2.0, ""94"": 1.0, ""95"": 17.0, ""96"": 14.0, ""97"": 2.0, ""99"": 45.0, ""100"": 90.0, ""103"": 1.0, ""105"": 1.0, ""106"": 16.0, ""107"": 427.0, ""108"": 691.0, ""109"": 1118.0, ""110"": 366.0, ""111"": 216.0, ""112"": 76.0, ""113"": 57.0, ""114"": 564.0, ""115"": 158.0, ""116"": 52.0, ""117"": 17.0, ""118"": 12.0, ""119"": 1.0, ""120"": 326.0, ""121"": 2.0, ""122"": 4.0, ""123"": 3.0, ""124"": 0.0, ""127"": 5347.0, ""128"": 0.0, ""129"": 2.0, ""130"": 5.0, ""131"": 2.0, ""132"": 6.0, ""133"": 2.0, ""134"": 0.0, ""135"": 0.0, ""136"": 0.0, ""155"": 11.0, ""156"": 6.0, ""187"": 326.0, ""188"": 1.0, ""189"": 0.0, ""190"": 5.0, ""191"": 2.0, ""192"": 2.0, ""193"": 4.0, ""194"": 3.0, ""195"": 0.0, ""210"": 17.0}",2026-08-24T23:49:59-04:00
49ers D/ST,-16025,D/ST,SF,,130.57743399,55.0,0.0,130.0,158.8704813055154,58.642320284041126,229.0,428.0,"{""89"": 0.291929508, ""90"": 1.319214979, ""91"": 4.357664964, ""92"": 3.608691299, ""93"": 0.114763889, ""94"": 1.867744834, ""95"": 14.82473927, ""96"": 8.768537035, ""97"": 1.717854627, ""98"": 0.214530562, ""99"": 42.86403207, ""100"": 85.72806414, ""101"": 0.380187564, ""102"": 0.171, ""103"": 1.305005061, ""104"": 0.562739773, ""105"": 2.533696287, ""106"": 11.61252997, ""109"": 1058.622555, ""110"": 352.0, ""111"": 211.0, ""112"": 38.4770685, ""113"": 84.39683245, ""114"": 1348.972803, ""115"": 276.0, ""116"": 134.0, ""117"": 53.0, ""118"": 27.0, ""119"": 11.0, ""120"": 328.5102571, ""121"": 2.468208671, ""122"": 2.97036147, ""123"": 1.59156904, ""124"": 0.365975768, ""125"": 0.0263843, ""126"": 19.32413277, ""127"": 5665.922998, ""129"": 0.681021532, ""130"": 5.448172258, ""131"": 4.256384577, ""132"": 3.660490736, ""133"": 1.957936905, ""134"": 0.681021532, ""135"": 0.255383075, ""136"": 0.059589384, ""137"": 333.2895881, ""210"": 17.0}","{""89"": 0.0, ""90"": 0.0, ""91"": 3.0, ""92"": 0.0, ""93"": 1.0, ""94"": 1.0, ""95"": 11.0, ""96"": 6.0, ""97"": 2.0, ""99"": 37.0, ""100"": 74.0, ""103"": 1.0, ""105"": 2.0, ""106"": 13.0, ""107"": 420.0, ""108"": 659.0, ""109"": 1079.0, ""110"": 353.0, ""111"": 210.0, ""112"": 70.0, ""113"": 72.0, ""114"": 884.0, ""115"": 294.0, ""116"": 83.0, ""117"": 29.0, ""118"": 24.0, ""119"": 5.0, ""120"": 436.0, ""121"": 3.0, ""122"": 5.0, ""123"": 2.0, ""124"": 3.0, ""125"": 1.0, ""127"": 5396.0, ""128"": 0.0, ""129"": 1.0, ""130"": 6.0, ""131"": 3.0, ""132"": 5.0, ""133"": 2.0, ""134"": 0.0, ""135"": 0.0, ""136"": 0.0, ""155"": 6.0, ""156"": 11.0, ""187"": 436.0, ""188"": 0.0, ""189"": 0.0, ""190"": 3.0, ""191"": 0.0, ""192"": 3.0, ""193"": 5.0, ""194"": 2.0, ""195"": 3.0, ""196"": 1.0, ""210"": 17.0}",2026-08-24T23:49:59-04:00
Pat Freiermuth,4361411,TE,PIT,ACTIVE,109.77827086,135.8,118.99712035,60.8,160.76175806120352,57.79544772289308,173.0,167.0,"{""42"": 586.7348736, ""43"": 3.851689423, ""44"": 0.221933167, ""45"": 0.119305297, ""46"": 0.077966012, ""47"": 117.0, ""48"": 58.0, ""49"": 29.0, ""50"": 23.0, ""51"": 11.0, ""53"": 56.5813043, ""56"": 0.592724095, ""57"": 0.018331673, ""58"": 81.70167571, ""60"": 10.36976579, ""61"": 38.81125623, ""62"": 0.221933167, ""63"": 0.002906638, ""67"": 0.660599569, ""68"": 0.660599569, ""71"": 0.369935759, ""72"": 0.369935759, ""73"": 0.369935759, ""210"": 15.11764706, ""213"": 29.50189734}","{""41"": 65.0, ""42"": 653.0, ""43"": 7.0, ""47"": 123.0, ""48"": 56.0, ""49"": 23.0, ""50"": 17.0, ""51"": 6.0, ""53"": 65.0, ""54"": 4.0, ""58"": 78.0, ""59"": 279.0, ""60"": 10.04615385, ""61"": 38.41176471, ""67"": 3.0, ""68"": 3.0, ""71"": 2.0, ""72"": 2.0, ""73"": 2.0, ""155"": 10.0, ""156"": 7.0, ""158"": 42.0, ""183"": 4.0, ""184"": 1.0, ""185"": 2.0, ""210"": 17.0, ""213"": 32.0}",2026-08-24T23:49:59-04:00
Lions D/ST,-16008,D/ST,DET,,109.09868729,105.0,0.0,86.0,132.03367072918817,57.05052102322087,239.0,317.0,"{""89"": 0.179367937, ""90"": 0.807580758, ""91"": 2.924292429, ""92"": 2.788278828, ""93"": 0.126813628, ""94"": 1.915759408, ""95"": 15.2272452, ""96"": 9.365546253, ""97"": 1.768958874, ""98"": 0.222538834, ""99"": 42.69277498, ""100"": 85.38554995, ""101"": 0.422429199, ""102"": 0.19551, ""103"": 1.344169852, ""104"": 0.571589555, ""105"": 2.660512235, ""106"": 11.51004103, ""109"": 1050.842544, ""110"": 350.0, ""111"": 210.0, ""112"": 42.43276189, ""113"": 85.4437779, ""114"": 1386.09581, ""115"": 327.585, ""116"": 138.0, ""117"": 55.0, ""118"": 32.0, ""119"": 13.0, ""120"": 365.4943149, ""121"": 2.465246525, ""122"": 3.680868087, ""123"": 2.711771177, ""124"": 1.283628363, ""125"": 0.158965897, ""126"": 21.49966558, ""127"": 5873.319082, ""129"": 0.476142843, ""130"": 4.081224367, ""131"": 3.77513254, ""132"": 3.928178454, ""133"": 2.703811143, ""134"": 1.360408122, ""135"": 0.527158147, ""136"": 0.147944383, ""137"": 345.4893578, ""210"": 17.0}","{""89"": 0.0, ""90"": 2.0, ""91"": 3.0, ""92"": 3.0, ""94"": 1.0, ""95"": 16.0, ""96"": 8.0, ""99"": 37.0, ""100"": 74.0, ""102"": 1.0, ""103"": 1.0, ""105"": 2.0, ""106"": 13.0, ""107"": 345.0, ""108"": 635.0, ""109"": 980.0, ""110"": 323.0, ""111"": 188.0, ""112"": 54.0, ""113"": 81.0, ""114"": 471.0, ""115"": 479.0, ""116"": 44.0, ""117"": 15.0, ""118"": 43.0, ""119"": 12.0, ""120"": 334.0, ""121"": 3.0, ""122"": 3.0, ""123"": 2.0, ""124"": 0.0, ""125"": 1.0, ""127"": 5820.0, ""128"": 0.0, ""129"": 1.0, ""130"": 7.0, ""131"": 1.0, ""132"": 3.0, ""133"": 2.0, ""134"": 1.0, ""135"": 1.0, ""136"": 1.0, ""155"": 15.0, ""156"": 2.0, ""187"": 334.0, ""188"": 0.0, ""189"": 2.0, ""190"": 3.0, ""191"": 3.0, ""192"": 3.0, ""193"": 3.0, ""194"": 2.0, ""195"": 0.0, ""196"": 1.0, ""210"": 17.0}",2026-08-24T23:49:59-04:00
Jerome Ford,4372019,RB,CLE,QUESTIONABLE,127.74141977,115.5,0.0,189.2,168.3901437371663,56.97667451626901,151.0,210.0,"{""23"": 151.4942782, ""24"": 627.8756987, ""25"": 3.841752371, ""26"": 0.191884845, ""27"": 125.0, ""28"": 62.0, ""29"": 31.0, ""30"": 25.0, ""31"": 12.0, ""33"": 30.0, ""34"": 15.0, ""35"": 0.303943371, ""36"": 0.21276036, ""37"": 1.175889341, ""38"": 0.040128592, ""39"": 4.14455058, ""40"": 44.28998704, ""42"": 214.5150849, ""43"": 0.998383925, ""44"": 0.053823273, ""45"": 0.038616613, ""46"": 0.025235957, ""47"": 42.0, ""48"": 21.0, ""49"": 10.0, ""50"": 8.0, ""51"": 4.0, ""53"": 30.065279, ""56"": 0.085389325, ""57"": 0.002640907, ""58"": 40.07628632, ""60"": 7.134977358, ""61"": 15.13176947, ""62"": 0.245708117, ""63"": 0.004905098, ""66"": 0.930190903, ""67"": 0.184603995, ""68"": 1.114794898, ""70"": 0.427887815, ""71"": 0.103378237, ""72"": 0.531266053, ""73"": 0.531266053, ""210"": 14.17647059, ""212"": 35.34020769, ""213"": 12.02689777}","{""23"": 104.0, ""24"": 565.0, ""25"": 3.0, ""27"": 106.0, ""28"": 50.0, ""29"": 22.0, ""30"": 15.0, ""31"": 4.0, ""33"": 16.0, ""34"": 5.0, ""35"": 1.0, ""36"": 1.0, ""39"": 5.43269231, ""40"": 40.35714286, ""41"": 37.0, ""42"": 225.0, ""47"": 40.0, ""48"": 17.0, ""49"": 7.0, ""50"": 5.0, ""53"": 37.0, ""54"": 3.0, ""58"": 43.0, ""59"": 294.0, ""60"": 6.08108108, ""61"": 16.07142857, ""114"": 388.0, ""116"": 36.0, ""117"": 11.0, ""155"": 2.0, ""156"": 12.0, ""158"": 18.0, ""179"": 2.0, ""210"": 14.0, ""212"": 25.0, ""213"": 11.0}",2026-08-24T23:49:59-04:00
Tyjae Spears,4428557,RB,TEN,QUESTIONABLE,150.46620563,98.6,0.0,127.8,148.4952772073922,56.842533371421375,102.0,138.0,"{""23"": 124.1188492, ""24"": 544.0825389, ""25"": 3.296262142, ""26"": 0.18997518, ""27"": 108.0, ""28"": 54.0, ""29"": 27.0, ""30"": 21.0, ""31"": 10.0, ""33"": 24.0, ""34"": 12.0, ""35"": 0.243039018, ""36"": 0.170127312, ""37"": 0.76435694, ""38"": 0.02608457, ""39"": 4.383560937, ""40"": 38.37926623, ""42"": 402.5561869, ""43"": 1.795733016, ""44"": 0.089980797, ""45"": 0.057886071, ""46"": 0.037828547, ""47"": 80.0, ""48"": 40.0, ""49"": 20.0, ""50"": 16.0, ""51"": 8.0, ""53"": 49.8271174, ""56"": 0.22572647, ""57"": 0.006981231, ""58"": 66.27736329, ""60"": 8.079058311, ""61"": 28.39607958, ""62"": 0.279955977, ""63"": 0.005776996, ""66"": 0.936855822, ""67"": 0.376097791, ""68"": 1.312953613, ""70"": 0.430953678, ""71"": 0.210614763, ""72"": 0.641568441, ""73"": 0.641568441, ""101"": 0.176671389, ""114"": 579.7029937, ""116"": 57.0, ""117"": 23.0, ""210"": 14.17647059, ""212"": 30.44109624, ""213"": 22.04275696}","{""23"": 84.0, ""24"": 312.0, ""25"": 4.0, ""27"": 59.0, ""28"": 26.0, ""29"": 12.0, ""30"": 7.0, ""31"": 1.0, ""33"": 13.0, ""34"": 4.0, ""39"": 3.71428571, ""40"": 26.0, ""41"": 30.0, ""42"": 224.0, ""43"": 1.0, ""47"": 40.0, ""48"": 18.0, ""49"": 7.0, ""50"": 6.0, ""51"": 2.0, ""53"": 30.0, ""54"": 1.0, ""58"": 35.0, ""59"": 255.0, ""60"": 7.46666667, ""61"": 18.66666667, ""66"": 1.0, ""68"": 1.0, ""108"": 2.0, ""109"": 2.0, ""114"": 198.0, ""116"": 17.0, ""117"": 5.0, ""155"": 1.0, ""156"": 11.0, ""158"": 30.0, ""179"": 3.0, ""180"": 1.0, ""184"": 1.0, ""210"": 12.0, ""212"": 19.0, ""213"": 9.0}",2026-08-24T23:49:59-04:00
Alexander Mattison,4048244,RB,MIA,ACTIVE,86.43229281,119.4,0.0,118.2,168.7722792607803,56.56957145364425,308.0,211.0,"{""23"": 122.1077767, ""24"": 498.7484397, ""25"": 3.221478597, ""26"": 0.154910812, ""27"": 99.0, ""28"": 49.0, ""29"": 24.0, ""30"": 19.0, ""31"": 9.0, ""33"": 24.0, ""34"": 12.0, ""35"": 0.238876728, ""36"": 0.167213709, ""37"": 0.644258497, ""38"": 0.021986071, ""39"": 4.084493659, ""40"": 35.18142521, ""42"": 86.15436346, ""43"": 0.506948027, ""44"": 0.028603321, ""45"": 0.035110237, ""46"": 0.02294454, ""47"": 17.0, ""48"": 8.0, ""49"": 4.0, ""50"": 3.0, ""51"": 1.0, ""53"": 12.75995679, ""56"": 0.03886243, ""57"": 0.001201931, ""58"": 16.96675016, ""60"": 6.751932228, ""61"": 6.077278751, ""62"": 0.183514133, ""63"": 0.005508909, ""66"": 1.133569668, ""67"": 0.118455191, ""68"": 1.252024859, ""70"": 0.521442047, ""71"": 0.066334907, ""72"": 0.587776954, ""73"": 0.587776954, ""210"": 14.17647059, ""212"": 28.73244553, ""213"": 4.341803124}","{""23"": 132.0, ""24"": 420.0, ""25"": 4.0, ""26"": 1.0, ""27"": 79.0, ""28"": 36.0, ""29"": 14.0, ""30"": 10.0, ""31"": 2.0, ""33"": 21.0, ""34"": 7.0, ""39"": 3.18181818, ""40"": 30.0, ""41"": 36.0, ""42"": 294.0, ""43"": 1.0, ""47"": 54.0, ""48"": 25.0, ""49"": 10.0, ""50"": 8.0, ""51"": 1.0, ""53"": 36.0, ""54"": 2.0, ""58"": 48.0, ""59"": 314.0, ""60"": 8.16666667, ""61"": 21.0, ""65"": 1.0, ""66"": 1.0, ""68"": 1.0, ""69"": 1.0, ""70"": 1.0, ""72"": 1.0, ""73"": 1.0, ""107"": 1.0, ""108"": 1.0, ""109"": 2.0, ""155"": 4.0, ""156"": 10.0, ""158"": 32.0, ""179"": 4.0, ""186"": 1.0, ""210"": 14.0, ""212"": 25.0, ""213"": 13.0}",2026-08-24T23:49:59-04:00
Texans D/ST,-16034,D/ST,HOU,,96.44501399,124.0,0.0,114.0,138.58975418302003,56.304998859522,410.0,189.0,"{""89"": 0.141907428, ""90"": 0.637308807, ""91"": 2.44726582, ""92"": 2.515245426, ""93"": 0.112640488, ""94"": 1.858498284, ""95"": 13.88935723, ""96"": 9.528479624, ""97"": 1.741669118, ""98"": 0.215496422, ""99"": 40.51842468, ""100"": 81.03684936, ""101"": 0.473501918, ""102"": 0.217146667, ""103"": 1.284325618, ""104"": 0.574172666, ""105"": 2.661787356, ""106"": 12.90630106, ""109"": 1079.053949, ""110"": 359.0, ""111"": 215.0, ""112"": 52.9295016, ""113"": 68.31043092, ""114"": 1495.215796, ""115"": 246.0666667, ""116"": 149.0, ""117"": 59.0, ""118"": 24.0, ""119"": 9.0, ""120"": 384.0340019, ""121"": 2.464260722, ""122"": 3.917324803, ""123"": 3.084574628, ""124"": 1.589023293, ""125"": 0.203089073, ""126"": 22.59023541, ""127"": 5975.005181, ""129"": 0.322806316, ""130"": 3.058165101, ""131"": 3.414951029, ""132"": 4.128522886, ""133"": 3.262042774, ""134"": 1.868878673, ""135"": 0.730561663, ""136"": 0.214071557, ""137"": 351.470893, ""210"": 17.0}","{""89"": 0.0, ""90"": 0.0, ""91"": 3.0, ""92"": 1.0, ""94"": 3.0, ""95"": 19.0, ""96"": 9.0, ""98"": 1.0, ""99"": 49.0, ""100"": 98.0, ""103"": 1.0, ""104"": 2.0, ""105"": 3.0, ""106"": 11.0, ""107"": 381.0, ""108"": 674.0, ""109"": 1055.0, ""110"": 346.0, ""111"": 205.0, ""112"": 79.0, ""113"": 90.0, ""114"": 722.0, ""115"": 340.0, ""116"": 66.0, ""117"": 24.0, ""118"": 28.0, ""119"": 7.0, ""120"": 370.0, ""121"": 6.0, ""122"": 4.0, ""123"": 3.0, ""124"": 0.0, ""127"": 5355.0, ""128"": 0.0, ""129"": 0.0, ""130"": 7.0, ""131"": 5.0, ""132"": 4.0, ""133"": 1.0, ""134"": 0.0, ""135"": 0.0, ""136"": 0.0, ""155"": 10.0, ""156"": 7.0, ""187"": 370.0, ""188"": 0.0, ""189"": 0.0, ""190"": 3.0, ""191"": 1.0, ""192"": 6.0, ""193"": 4.0, ""194"": 3.0, ""195"": 0.0, ""210"": 17.0}",2026-08-24T23:49:59-04:00
Quentin Johnston,4429025,WR,LAC,ACTIVE,90.57976366,147.2,0.0,75.0,153.07227926078028,56.24882362304131,330.0,144.0,"{""23"": 2.223599097, ""24"": 13.38454311, ""25"": 0.068228043, ""26"": 0.003796387, ""27"": 2.0, ""28"": 1.0, ""35"": 0.004082819, ""36"": 0.002857973, ""37"": 0.000366267, ""38"": 1.24993e-05, ""39"": 6.019314871, ""40"": 0.885358883, ""42"": 502.4491254, ""43"": 3.253944468, ""44"": 0.164509277, ""45"": 0.17481911, ""46"": 0.114244289, ""47"": 100.0, ""48"": 50.0, ""49"": 25.0, ""50"": 20.0, ""51"": 10.0, ""53"": 39.29578022, ""56"": 0.408158436, ""57"": 0.012623457, ""58"": 63.79545908, ""60"": 12.78633794, ""61"": 33.23593436, ""62"": 0.168305664, ""63"": 0.003653705, ""66"": 0.044471982, ""67"": 0.785915604, ""68"": 0.830387586, ""70"": 0.020457112, ""71"": 0.440112738, ""72"": 0.46056985, ""73"": 0.46056985, ""210"": 15.11764706, ""212"": 2.709878, ""213"": 22.99325881}","{""23"": 3.0, ""24"": 6.0, ""39"": 2.0, ""40"": 0.4, ""41"": 55.0, ""42"": 711.0, ""43"": 8.0, ""45"": 1.0, ""46"": 1.0, ""47"": 135.0, ""48"": 63.0, ""49"": 29.0, ""50"": 19.0, ""51"": 6.0, ""52"": 2.0, ""53"": 55.0, ""54"": 6.0, ""55"": 1.0, ""56"": 2.0, ""58"": 91.0, ""59"": 306.0, ""60"": 12.92727273, ""61"": 47.4, ""108"": 1.0, ""109"": 1.0, ""155"": 10.0, ""156"": 5.0, ""158"": 48.0, ""183"": 2.0, ""184"": 2.0, ""185"": 3.0, ""210"": 15.0, ""213"": 32.0}",2026-08-24T23:49:59-04:00
Tua Tagovailoa,4241479,QB,MIA,QUESTIONABLE,285.89751515,218.9,0.0,326.8,147.95724563206576,56.01550306750698,212.0,242.0,"{""0"": 517.4391742, ""1"": 348.1544283, ""2"": 169.2847459, ""3"": 4024.867572, ""4"": 22.91573729, ""5"": 804.0, ""6"": 402.0, ""7"": 201.0, ""8"": 160.0, ""9"": 80.0, ""10"": 40.0, ""11"": 69.0, ""12"": 34.0, ""15"": 3.602151259, ""16"": 2.354005848, ""17"": 4.41777947, ""18"": 0.596726171, ""19"": 1.198201596, ""20"": 11.94282502, ""21"": 0.672841265, ""22"": 268.3245048, ""23"": 38.99702182, ""24"": 113.7982082, ""25"": 1.035002756, ""26"": 0.046161412, ""27"": 22.0, ""28"": 11.0, ""29"": 5.0, ""30"": 4.0, ""31"": 2.0, ""33"": 7.0, ""34"": 3.0, ""35"": 0.073236758, ""36"": 0.051265731, ""37"": 0.037185593, ""38"": 0.001269002, ""39"": 2.918125614, ""40"": 7.586547215, ""62"": 1.244363008, ""63"": 0.03947906, ""64"": 31.85263037, ""65"": 8.377735491, ""66"": 0.594778096, ""68"": 8.972513587, ""69"": 4.021313036, ""70"": 0.273597924, ""72"": 4.29491096, ""73"": 16.23773598, ""210"": 15.0, ""211"": 191.2996469, ""212"": 8.811449081}","{""0"": 399.0, ""1"": 291.0, ""2"": 108.0, ""3"": 2867.0, ""4"": 19.0, ""5"": 570.0, ""6"": 281.0, ""7"": 137.0, ""8"": 109.0, ""9"": 51.0, ""10"": 24.0, ""11"": 53.0, ""12"": 23.0, ""13"": 16.0, ""14"": 6.0, ""15"": 2.0, ""16"": 2.0, ""17"": 4.0, ""19"": 2.0, ""20"": 7.0, ""21"": 0.72932331, ""22"": 260.63636364, ""23"": 17.0, ""24"": 49.0, ""27"": 8.0, ""28"": 3.0, ""39"": 2.88235294, ""40"": 4.45454545, ""64"": 21.0, ""65"": 4.0, ""66"": 3.0, ""68"": 7.0, ""69"": 2.0, ""72"": 2.0, ""73"": 9.0, ""108"": 1.0, ""109"": 1.0, ""155"": 6.0, ""156"": 5.0, ""158"": 114.0, ""175"": 10.0, ""176"": 6.0, ""177"": 1.0, ""210"": 11.0, ""211"": 161.0, ""212"": 5.0}",2026-08-24T23:49:59-04:00
Evan Engram,3051876,TE,DEN,QUESTIONABLE,139.67933788,66.0,0.0,173.3,123.37749024440336,55.71382920003486,120.0,108.0,"{""42"": 787.4453104, ""43"": 3.088184431, ""44"": 0.19060883, ""45"": 0.08464486, ""46"": 0.055315416, ""47"": 157.0, ""48"": 78.0, ""49"": 39.0, ""50"": 31.0, ""51"": 15.0, ""53"": 86.99342715, ""56"": 1.335813234, ""57"": 0.041313811, ""58"": 118.4472701, ""60"": 9.051779384, ""61"": 52.08782209, ""62"": 0.19060883, ""63"": 0.005783765, ""67"": 1.314491948, ""68"": 1.314491948, ""71"": 0.736115491, ""72"": 0.736115491, ""73"": 0.736115491, ""210"": 15.11764706, ""213"": 41.65642054}","{""41"": 47.0, ""42"": 365.0, ""43"": 1.0, ""44"": 1.0, ""47"": 71.0, ""48"": 33.0, ""49"": 15.0, ""50"": 11.0, ""51"": 2.0, ""52"": 1.0, ""53"": 47.0, ""54"": 7.0, ""55"": 1.0, ""56"": 1.0, ""58"": 64.0, ""59"": 150.0, ""60"": 7.76595745, ""61"": 40.55555556, ""67"": 1.0, ""68"": 1.0, ""71"": 1.0, ""72"": 1.0, ""73"": 1.0, ""108"": 1.0, ""109"": 1.0, ""155"": 2.0, ""156"": 7.0, ""158"": 8.0, ""184"": 1.0, ""210"": 9.0, ""213"": 17.0}",2026-08-24T23:49:59-04:00
Chargers D/ST,-16024,D/ST,LAC,,90.09357919,117.0,0.0,90.0,145.19913241065896,55.464556298182174,512.0,187.0,"{""89"": 0.113831701, ""90"": 0.509694183, ""91"": 2.089746152, ""92"": 2.310613632, ""93"": 0.11093819, ""94"": 1.843855528, ""95"": 13.50876933, ""96"": 8.917034142, ""97"": 1.808420529, ""98"": 0.221374212, ""99"": 41.80514633, ""100"": 83.61029266, ""101"": 0.368551453, ""102"": 0.37601, ""103"": 1.279611507, ""104"": 0.564244021, ""105"": 2.699355171, ""106"": 15.23857695, ""109"": 1042.405218, ""110"": 347.0, ""111"": 208.0, ""112"": 42.2521476, ""113"": 75.15841522, ""114"": 1494.49808, ""115"": 470.9875, ""116"": 149.0, ""117"": 59.0, ""118"": 47.0, ""119"": 18.0, ""120"": 388.6662713, ""121"": 2.463521887, ""122"": 4.094543274, ""123"": 3.363981611, ""124"": 1.817909254, ""125"": 0.236158305, ""126"": 22.86272184, ""127"": 6102.466602, ""129"": 0.195236431, ""130"": 2.207020522, ""131"": 3.115294353, ""132"": 4.295201478, ""133"": 3.726469266, ""134"": 2.291905927, ""135"": 0.89978529, ""136"": 0.269086733, ""137"": 358.9686236, ""210"": 17.0}","{""89"": 0.0, ""90"": 2.0, ""91"": 4.0, ""92"": 4.0, ""94"": 1.0, ""95"": 15.0, ""96"": 6.0, ""97"": 1.0, ""99"": 46.0, ""100"": 92.0, ""103"": 1.0, ""105"": 1.0, ""106"": 8.0, ""107"": 405.0, ""108"": 674.0, ""109"": 1079.0, ""110"": 355.0, ""111"": 208.0, ""112"": 58.0, ""113"": 87.0, ""114"": 581.0, ""115"": 263.0, ""116"": 53.0, ""117"": 19.0, ""118"": 19.0, ""119"": 5.0, ""120"": 299.0, ""121"": 3.0, ""122"": 2.0, ""123"": 1.0, ""124"": 1.0, ""127"": 5514.0, ""128"": 0.0, ""129"": 2.0, ""130"": 5.0, ""131"": 4.0, ""132"": 4.0, ""133"": 0.0, ""134"": 1.0, ""135"": 1.0, ""136"": 0.0, ""155"": 11.0, ""156"": 6.0, ""187"": 299.0, ""188"": 0.0, ""189"": 2.0, ""190"": 4.0, ""191"": 4.0, ""192"": 3.0, ""193"": 2.0, ""194"": 1.0, ""195"": 1.0, ""210"": 17.0}",2026-08-24T23:49:59-04:00
Christian Watson,4248528,WR,GB,QUESTIONABLE,161.32381583,90.8,0.0,87.3,161.7741273100616,55.10144178482831,79.0,174.0,"{""23"": 6.165292366, ""24"": 38.15073656, ""25"": 0.307640596, ""26"": 0.019243915, ""27"": 7.0, ""28"": 3.0, ""29"": 1.0, ""30"": 1.0, ""33"": 1.0, ""35"": 0.011344568, ""36"": 0.007941198, ""37"": 0.003489588, ""38"": 0.000119086, ""39"": 6.187984979, ""40"": 2.523589578, ""42"": 831.4011443, ""43"": 7.596678155, ""44"": 0.360276751, ""45"": 0.267961626, ""46"": 0.175112922, ""47"": 166.0, ""48"": 83.0, ""49"": 41.0, ""50"": 33.0, ""51"": 16.0, ""53"": 54.51238985, ""56"": 1.550972988, ""57"": 0.047968237, ""58"": 94.8636143, ""60"": 15.25159962, ""61"": 54.99540643, ""62"": 0.379520666, ""63"": 0.004291338, ""66"": 0.099097968, ""67"": 0.87620615, ""68"": 0.975304119, ""70"": 0.045585065, ""71"": 0.490675444, ""72"": 0.53626051, ""73"": 0.53626051, ""210"": 15.11764706, ""212"": 3.964069381, ""213"": 37.30864396}","{""23"": 4.0, ""24"": 23.0, ""27"": 4.0, ""28"": 2.0, ""29"": 1.0, ""39"": 5.75, ""40"": 1.53333333, ""41"": 29.0, ""42"": 620.0, ""43"": 2.0, ""44"": 1.0, ""45"": 1.0, ""47"": 119.0, ""48"": 56.0, ""49"": 25.0, ""50"": 20.0, ""51"": 9.0, ""52"": 2.0, ""53"": 29.0, ""56"": 2.0, ""58"": 53.0, ""59"": 149.0, ""60"": 21.37931034, ""61"": 41.33333333, ""67"": 1.0, ""68"": 1.0, ""71"": 1.0, ""72"": 1.0, ""73"": 1.0, ""108"": 3.0, ""109"": 3.0, ""155"": 10.0, ""156"": 5.0, ""158"": 14.0, ""183"": 1.0, ""210"": 15.0, ""212"": 1.0, ""213"": 21.0}",2026-08-24T23:49:59-04:00
Nick Chubb,3128720,RB,CLE,QUESTIONABLE,125.71628162,60.8,0.0,21.1,114.79815195071869,54.29698162149862,140.0,101.0,"{""23"": 150.0697053, ""24"": 725.0900653, ""25"": 4.812094738, ""26"": 0.240983709, ""27"": 145.0, ""28"": 72.0, ""29"": 36.0, ""30"": 29.0, ""31"": 14.0, ""33"": 30.0, ""34"": 15.0, ""35"": 0.310091653, ""36"": 0.217064157, ""37"": 2.107689046, ""38"": 0.071927341, ""39"": 4.831688472, ""40"": 74.70624915, ""42"": 136.8421052, ""43"": 0.485482781, ""44"": 0.026231461, ""45"": 0.04635453, ""46"": 0.030292685, ""47"": 27.0, ""48"": 13.0, ""49"": 6.0, ""50"": 5.0, ""51"": 2.0, ""53"": 16.58302394, ""56"": 0.051172658, ""57"": 0.00158266, ""58"": 21.46127523, ""60"": 8.251939195, ""61"": 14.09888357, ""62"": 0.267215169, ""63"": 0.005094906, ""66"": 1.042711309, ""67"": 0.115221833, ""68"": 1.157933142, ""70"": 0.479647202, ""71"": 0.064524227, ""72"": 0.544171429, ""73"": 0.544171429, ""210"": 9.705882353, ""212"": 38.52823604, ""213"": 7.007977905}","{""23"": 102.0, ""24"": 332.0, ""25"": 3.0, ""27"": 63.0, ""28"": 30.0, ""29"": 13.0, ""30"": 9.0, ""31"": 3.0, ""33"": 18.0, ""34"": 7.0, ""39"": 3.25490196, ""40"": 41.5, ""41"": 5.0, ""42"": 31.0, ""43"": 1.0, ""47"": 6.0, ""48"": 3.0, ""49"": 1.0, ""53"": 5.0, ""58"": 11.0, ""59"": 31.0, ""60"": 6.2, ""61"": 3.875, ""65"": 1.0, ""66"": 1.0, ""68"": 1.0, ""69"": 1.0, ""70"": 1.0, ""72"": 1.0, ""73"": 1.0, ""108"": 3.0, ""109"": 3.0, ""155"": 2.0, ""156"": 6.0, ""158"": 24.0, ""179"": 3.0, ""183"": 1.0, ""210"": 8.0, ""212"": 17.0, ""213"": 3.0}",2026-08-24T23:49:59-04:00
Buccaneers D/ST,-16027,D/ST,TB,,83.04609485,87.0,0.0,123.0,166.46271431522413,53.06142649951153,515.0,410.0,"{""89"": 0.095123901, ""90"": 0.424660272, ""91"": 1.851518785, ""92"": 2.174260592, ""93"": 0.113324979, ""94"": 1.85162912, ""95"": 13.17429345, ""96"": 8.670502342, ""97"": 1.835976345, ""98"": 0.225620471, ""99"": 40.60292149, ""100"": 81.20584299, ""101"": 0.441232569, ""102"": 0.171, ""103"": 1.287153462, ""104"": 0.564475659, ""105"": 2.577186668, ""106"": 14.94208025, ""109"": 1065.876789, ""110"": 355.0, ""111"": 213.0, ""112"": 52.91737813, ""113"": 73.88101946, ""114"": 1447.794366, ""115"": 276.0, ""116"": 144.0, ""117"": 57.0, ""118"": 27.0, ""119"": 11.0, ""120"": 391.9397563, ""121"": 2.463029576, ""122"": 4.212629896, ""123"": 3.550159872, ""124"": 1.970423661, ""125"": 0.258193445, ""126"": 23.05527978, ""127"": 6098.710207, ""129"": 0.220735118, ""130"": 2.377147423, ""131"": 3.175189772, ""132"": 4.261885737, ""133"": 3.633639632, ""134"": 2.207351179, ""135"": 0.865960847, ""136"": 0.258090292, ""137"": 358.7476592, ""210"": 17.0}","{""89"": 0.0, ""90"": 0.0, ""91"": 2.0, ""92"": 4.0, ""93"": 1.0, ""94"": 1.0, ""95"": 7.0, ""96"": 11.0, ""97"": 2.0, ""98"": 1.0, ""99"": 46.0, ""100"": 92.0, ""104"": 1.0, ""105"": 2.0, ""106"": 16.0, ""107"": 388.0, ""108"": 686.0, ""109"": 1074.0, ""110"": 353.0, ""111"": 208.0, ""112"": 69.0, ""113"": 62.0, ""114"": 816.0, ""115"": 159.0, ""116"": 74.0, ""117"": 24.0, ""118"": 12.0, ""119"": 2.0, ""120"": 383.0, ""121"": 2.0, ""122"": 5.0, ""123"": 2.0, ""124"": 2.0, ""127"": 5810.0, ""128"": 0.0, ""129"": 0.0, ""130"": 7.0, ""131"": 2.0, ""132"": 4.0, ""133"": 1.0, ""134"": 1.0, ""135"": 1.0, ""136"": 1.0, ""155"": 10.0, ""156"": 7.0, ""187"": 383.0, ""188"": 0.0, ""189"": 0.0, ""190"": 2.0, ""191"": 4.0, ""192"": 2.0, ""193"": 5.0, ""194"": 2.0, ""195"": 2.0, ""210"": 17.0}",2026-08-24T23:49:59-04:00
Bills D/ST,-16002,D/ST,BUF,,85.65495663,118.0,0.0,146.0,160.18198719272877,51.51243888763194,409.0,425.0,"{""89"": 0.104476866, ""90"": 0.467172979, ""91"": 1.970620566, ""92"": 2.242430299, ""93"": 0.118111511, ""94"": 1.903641045, ""95"": 13.30353885, ""96"": 9.009065128, ""97"": 1.732951368, ""98"": 0.21620838, ""99"": 40.3372285, ""100"": 80.67445699, ""101"": 0.413046245, ""102"": 0.171, ""103"": 1.33506604, ""104"": 0.568575005, ""105"": 2.6057988, ""106"": 14.15109014, ""109"": 1067.360301, ""110"": 355.0, ""111"": 213.0, ""112"": 52.48247542, ""113"": 72.46703909, ""114"": 1392.196037, ""115"": 276.0, ""116"": 139.0, ""117"": 55.0, ""118"": 27.0, ""119"": 11.0, ""120"": 389.7205231, ""121"": 2.463275707, ""122"": 4.153592485, ""123"": 3.457080044, ""124"": 1.894174078, ""125"": 0.247176976, ""126"": 22.92473665, ""127"": 6037.441954, ""129"": 0.27175542, ""130"": 2.717554201, ""131"": 3.295034469, ""132"": 4.195224298, ""133"": 3.447896893, ""134"": 2.038165651, ""135"": 0.798281547, ""136"": 0.236087521, ""137"": 355.1436443, ""210"": 17.0}","{""89"": 0.0, ""90"": 0.0, ""91"": 5.0, ""92"": 1.0, ""94"": 3.0, ""95"": 16.0, ""96"": 16.0, ""98"": 1.0, ""99"": 39.0, ""100"": 78.0, ""103"": 2.0, ""104"": 1.0, ""105"": 3.0, ""106"": 18.0, ""107"": 427.0, ""108"": 704.0, ""109"": 1131.0, ""110"": 370.0, ""111"": 221.0, ""112"": 97.0, ""113"": 60.0, ""114"": 621.0, ""115"": 313.0, ""116"": 55.0, ""117"": 18.0, ""118"": 25.0, ""119"": 8.0, ""120"": 368.0, ""121"": 4.0, ""122"": 3.0, ""123"": 1.0, ""124"": 3.0, ""127"": 5806.0, ""128"": 0.0, ""129"": 0.0, ""130"": 7.0, ""131"": 1.0, ""132"": 5.0, ""133"": 2.0, ""134"": 1.0, ""135"": 1.0, ""136"": 0.0, ""155"": 13.0, ""156"": 4.0, ""187"": 368.0, ""188"": 0.0, ""189"": 0.0, ""190"": 5.0, ""191"": 1.0, ""192"": 4.0, ""193"": 3.0, ""194"": 1.0, ""195"": 3.0, ""210"": 17.0}",2026-08-24T23:49:59-04:00
Anthony Richardson,4429084,QB,IND,QUESTIONABLE,307.41767865,177.9,0.0,78.4,148.99979445015416,50.85567722923564,62.0,151.0,"{""0"": 489.551294, ""1"": 312.0344734, ""2"": 177.5168206, ""3"": 3390.276802, ""4"": 15.9350906, ""5"": 678.0, ""6"": 339.0, ""7"": 169.0, ""8"": 135.0, ""9"": 67.0, ""10"": 33.0, ""11"": 62.0, ""12"": 31.0, ""15"": 2.622518239, ""16"": 1.713815669, ""17"": 2.320175574, ""18"": 0.313394885, ""19"": 1.161350372, ""20"": 11.7735602, ""21"": 0.637388722, ""22"": 226.0184534, ""23"": 116.4288872, ""24"": 544.1437458, ""25"": 9.071748203, ""26"": 0.320604154, ""27"": 108.0, ""28"": 54.0, ""29"": 27.0, ""30"": 21.0, ""31"": 10.0, ""33"": 23.0, ""34"": 11.0, ""35"": 0.228858833, ""36"": 0.160201183, ""37"": 0.864243225, ""38"": 0.029493306, ""39"": 4.673614588, ""40"": 36.27624972, ""62"": 1.481954526, ""63"": 0.055670478, ""64"": 36.11351883, ""65"": 10.35816373, ""66"": 2.294217623, ""68"": 12.65238136, ""69"": 4.971918592, ""70"": 1.055340106, ""72"": 6.027258699, ""73"": 17.80081889, ""210"": 15.0, ""211"": 164.0572074, ""212"": 34.03784505}","{""0"": 264.0, ""1"": 126.0, ""2"": 138.0, ""3"": 1814.0, ""4"": 8.0, ""5"": 358.0, ""6"": 177.0, ""7"": 85.0, ""8"": 67.0, ""9"": 32.0, ""10"": 13.0, ""11"": 22.0, ""12"": 9.0, ""13"": 24.0, ""14"": 11.0, ""15"": 3.0, ""16"": 3.0, ""20"": 12.0, ""21"": 0.47727273, ""22"": 164.90909091, ""23"": 86.0, ""24"": 499.0, ""25"": 6.0, ""26"": 1.0, ""27"": 96.0, ""28"": 45.0, ""29"": 20.0, ""30"": 13.0, ""31"": 4.0, ""33"": 12.0, ""34"": 3.0, ""39"": 5.80232558, ""40"": 45.36363636, ""41"": 1.0, ""42"": -1.0, ""53"": 1.0, ""58"": 1.0, ""59"": 7.0, ""60"": -1.0, ""61"": -0.09090909, ""64"": 14.0, ""65"": 5.0, ""66"": 6.0, ""68"": 9.0, ""69"": 2.0, ""70"": 1.0, ""72"": 3.0, ""73"": 15.0, ""108"": 1.0, ""109"": 1.0, ""155"": 6.0, ""156"": 5.0, ""158"": 86.0, ""175"": 3.0, ""176"": 1.0, ""177"": 1.0, ""179"": 6.0, ""181"": 1.0, ""210"": 11.0, ""211"": 73.0, ""212"": 33.0}",2026-08-24T23:49:59-04:00
Russell Wilson,14881,QB,PIT,ACTIVE,203.85449896,203.9,0.0,307.3,168.30051387461458,50.4943543076675,381.0,1790.0,"{""0"": 379.7631634, ""1"": 241.9342391, ""2"": 137.8289243, ""3"": 2675.332336, ""4"": 13.74700759, ""5"": 535.0, ""6"": 267.0, ""7"": 133.0, ""8"": 107.0, ""9"": 53.0, ""10"": 26.0, ""11"": 48.0, ""12"": 24.0, ""15"": 2.04587738, ""16"": 1.336980868, ""17"": 1.769278063, ""18"": 0.238983076, ""19"": 0.789980192, ""20"": 8.545493315, ""21"": 0.637066104, ""22"": 222.9443613, ""23"": 53.59552615, ""24"": 248.0532584, ""25"": 1.858562998, ""26"": 0.08744576, ""27"": 49.0, ""28"": 24.0, ""29"": 12.0, ""30"": 9.0, ""31"": 4.0, ""33"": 10.0, ""34"": 5.0, ""35"": 0.102349948, ""36"": 0.071644964, ""37"": 0.223903778, ""38"": 0.007640977, ""39"": 4.628245607, ""40"": 20.67110487, ""62"": 0.877425952, ""63"": 0.028774746, ""64"": 33.80788086, ""65"": 5.789448363, ""66"": 0.750266576, ""68"": 6.539714938, ""69"": 2.778935214, ""70"": 0.345122625, ""72"": 3.124057839, ""73"": 11.66955115, ""210"": 12.0, ""211"": 128.7974483, ""212"": 14.47983993}","{""0"": 336.0, ""1"": 214.0, ""2"": 122.0, ""3"": 2482.0, ""4"": 16.0, ""5"": 492.0, ""6"": 242.0, ""7"": 118.0, ""8"": 94.0, ""9"": 45.0, ""10"": 20.0, ""11"": 38.0, ""12"": 17.0, ""13"": 18.0, ""14"": 7.0, ""18"": 1.0, ""20"": 5.0, ""21"": 0.63690476, ""22"": 225.63636364, ""23"": 43.0, ""24"": 155.0, ""25"": 2.0, ""27"": 27.0, ""28"": 11.0, ""29"": 3.0, ""30"": 3.0, ""31"": 1.0, ""33"": 2.0, ""39"": 3.60465116, ""40"": 14.09090909, ""64"": 33.0, ""65"": 4.0, ""66"": 2.0, ""68"": 5.0, ""69"": 3.0, ""70"": 2.0, ""72"": 4.0, ""73"": 9.0, ""155"": 6.0, ""156"": 5.0, ""158"": 108.0, ""175"": 4.0, ""176"": 7.0, ""177"": 5.0, ""178"": 1.0, ""179"": 2.0, ""210"": 11.0, ""211"": 112.0, ""212"": 16.0}",2026-08-24T23:49:59-04:00
Dallas Goedert,3121023,TE,PHI,ACTIVE,119.05047886,82.6,0.0,106.8,96.241528034504,50.20665396098358,135.0,80.0,"{""42"": 685.6387826, ""43"": 2.962020812, ""44"": 0.175471981, ""45"": 0.149871297, ""46"": 0.097940893, ""47"": 137.0, ""48"": 68.0, ""49"": 34.0, ""50"": 27.0, ""51"": 13.0, ""53"": 66.15292212, ""56"": 0.912250552, ""57"": 0.028213935, ""58"": 90.53882653, ""60"": 10.36445195, ""61"": 45.35353815, ""62"": 0.175471981, ""63"": 0.002800794, ""67"": 0.63654401, ""68"": 0.63654401, ""71"": 0.356464646, ""72"": 0.356464646, ""73"": 0.356464646, ""210"": 15.11764706, ""213"": 34.0471672}","{""41"": 42.0, ""42"": 496.0, ""43"": 2.0, ""47"": 97.0, ""48"": 46.0, ""49"": 20.0, ""50"": 16.0, ""51"": 6.0, ""52"": 1.0, ""53"": 42.0, ""54"": 4.0, ""55"": 1.0, ""56"": 1.0, ""58"": 52.0, ""59"": 257.0, ""60"": 11.80952381, ""61"": 49.6, ""67"": 2.0, ""68"": 2.0, ""108"": 1.0, ""109"": 1.0, ""155"": 8.0, ""156"": 2.0, ""158"": 12.0, ""184"": 2.0, ""210"": 10.0, ""213"": 20.0}",2026-08-24T23:49:59-04:00
Aaron Rodgers,8439,QB,FA,ACTIVE,319.34890284,311.1,0.0,0.0,157.20739979445014,49.90780495761332,144.0,158.0,"{""0"": 520.9604116, ""1"": 341.8861217, ""2"": 179.0742899, ""3"": 3848.652156, ""4"": 27.21086703, ""5"": 769.0, ""6"": 384.0, ""7"": 192.0, ""8"": 153.0, ""9"": 76.0, ""10"": 38.0, ""11"": 68.0, ""12"": 34.0, ""15"": 3.313846601, ""16"": 2.165598754, ""17"": 3.707178919, ""18"": 0.500742669, ""19"": 1.362292722, ""20"": 9.030754825, ""21"": 0.656261232, ""22"": 256.5768104, ""23"": 34.24495203, ""24"": 109.4662996, ""25"": 2.073056054, ""26"": 0.114253534, ""27"": 21.0, ""28"": 10.0, ""29"": 5.0, ""30"": 4.0, ""31"": 2.0, ""33"": 6.0, ""34"": 3.0, ""35"": 0.064128247, ""36"": 0.044889773, ""37"": 0.034379409, ""38"": 0.001173237, ""39"": 3.196567468, ""40"": 7.297753306, ""62"": 1.476546256, ""63"": 0.027534125, ""64"": 32.03156769, ""65"": 5.892832179, ""66"": 0.364923476, ""68"": 6.257755655, ""69"": 2.828559446, ""70"": 0.167864799, ""72"": 2.996424245, ""73"": 12.02717907, ""210"": 15.0, ""211"": 187.3491829, ""212"": 9.150348023}","{""0"": 584.0, ""1"": 368.0, ""2"": 216.0, ""3"": 3897.0, ""4"": 28.0, ""5"": 772.0, ""6"": 382.0, ""7"": 186.0, ""8"": 149.0, ""9"": 69.0, ""10"": 29.0, ""11"": 65.0, ""12"": 29.0, ""13"": 36.0, ""14"": 14.0, ""15"": 2.0, ""16"": 2.0, ""17"": 1.0, ""19"": 2.0, ""20"": 11.0, ""21"": 0.63013699, ""22"": 229.23529412, ""23"": 22.0, ""24"": 107.0, ""27"": 20.0, ""28"": 7.0, ""29"": 3.0, ""30"": 2.0, ""33"": 2.0, ""39"": 4.86363636, ""40"": 6.29411765, ""64"": 40.0, ""65"": 5.0, ""68"": 5.0, ""69"": 2.0, ""72"": 2.0, ""73"": 13.0, ""155"": 5.0, ""156"": 12.0, ""158"": 168.0, ""175"": 13.0, ""176"": 5.0, ""177"": 5.0, ""178"": 2.0, ""210"": 17.0, ""211"": 192.0, ""212"": 7.0}",2026-08-24T23:49:59-04:00
Tyler Lockett,2577327,WR,FA,ACTIVE,135.76215061,96.5,0.0,162.9,141.00616016427105,49.48027841946539,131.0,130.0,"{""42"": 765.2099214, ""43"": 4.205391499, ""44"": 0.225577598, ""45"": 0.152033687, ""46"": 0.099354015, ""47"": 153.0, ""48"": 76.0, ""49"": 38.0, ""50"": 30.0, ""51"": 15.0, ""53"": 69.08729355, ""56"": 1.235251409, ""57"": 0.038203652, ""58"": 100.6406173, ""60"": 11.07598637, ""61"": 52.34836485, ""62"": 0.225577598, ""63"": 0.003873542, ""67"": 0.880350439, ""68"": 0.880350439, ""71"": 0.492996246, ""72"": 0.492996246, ""73"": 0.492996246, ""210"": 14.61764706, ""213"": 37.4187008}","{""41"": 49.0, ""42"": 600.0, ""43"": 2.0, ""47"": 115.0, ""48"": 52.0, ""49"": 23.0, ""50"": 15.0, ""51"": 5.0, ""53"": 49.0, ""54"": 3.0, ""58"": 74.0, ""59"": 134.0, ""60"": 12.24489796, ""61"": 35.29411765, ""155"": 10.0, ""156"": 7.0, ""158"": 12.0, ""183"": 1.0, ""186"": 1.0, ""210"": 17.0, ""213"": 36.0}",2026-08-24T23:49:59-04:00
Austin Ekeler,3068267,RB,WSH,ACTIVE,148.72518442,114.8,0.0,159.9,130.7570841889117,49.463788149112894,124.0,103.0,"{""23"": 120.2751952, ""24"": 480.5412489, ""25"": 3.752077567, ""26"": 0.139264383, ""27"": 96.0, ""28"": 48.0, ""29"": 24.0, ""30"": 19.0, ""31"": 9.0, ""33"": 24.0, ""34"": 12.0, ""35"": 0.235064751, ""36"": 0.164545326, ""37"": 0.599379747, ""38"": 0.020454531, ""39"": 3.995347904, ""40"": 33.89710055, ""42"": 431.1934776, ""43"": 2.003239618, ""44"": 0.109784275, ""45"": 0.071757099, ""46"": 0.046893264, ""47"": 86.0, ""48"": 43.0, ""49"": 21.0, ""50"": 17.0, ""51"": 8.0, ""53"": 49.36145303, ""56"": 0.268934464, ""57"": 0.008317561, ""58"": 67.56663075, ""60"": 8.735429189, ""61"": 30.41613742, ""62"": 0.249048658, ""63"": 0.009711408, ""66"": 1.564897494, ""67"": 0.642240605, ""68"": 2.207138099, ""70"": 0.719852847, ""71"": 0.359654739, ""72"": 1.079507586, ""73"": 1.079507586, ""210"": 14.17647059, ""212"": 28.40190123, ""213"": 22.81117354}","{""23"": 77.0, ""24"": 367.0, ""25"": 4.0, ""27"": 69.0, ""28"": 32.0, ""29"": 13.0, ""30"": 8.0, ""31"": 2.0, ""33"": 9.0, ""34"": 2.0, ""39"": 4.76623377, ""40"": 30.58333333, ""41"": 35.0, ""42"": 366.0, ""47"": 69.0, ""48"": 32.0, ""49"": 15.0, ""50"": 9.0, ""51"": 2.0, ""53"": 35.0, ""54"": 1.0, ""58"": 41.0, ""59"": 424.0, ""60"": 10.45714286, ""61"": 30.5, ""66"": 1.0, ""67"": 1.0, ""68"": 3.0, ""114"": 594.0, ""116"": 54.0, ""117"": 18.0, ""155"": 7.0, ""156"": 5.0, ""158"": 24.0, ""179"": 3.0, ""181"": 1.0, ""210"": 12.0, ""212"": 19.0, ""213"": 14.0}",2026-08-24T23:49:59-04:00
Keon Coleman,4635008,WR,BUF,ACTIVE,140.48289281,97.0,,,165.49075975359344,48.1760169652573,111.0,226.0,"{""42"": 814.5327653, ""43"": 4.955054041, ""44"": 0.263589259, ""45"": 0.225855635, ""46"": 0.147596658, ""47"": 162.0, ""48"": 81.0, ""49"": 40.0, ""50"": 32.0, ""51"": 16.0, ""53"": 58.9471565, ""56"": 1.465340412, ""57"": 0.045319807, ""58"": 97.22335569, ""60"": 13.81801623, ""61"": 53.87959926, ""62"": 0.263589259, ""63"": 0.002755754, ""67"": 0.626307796, ""68"": 0.626307796, ""71"": 0.350732366, ""72"": 0.350732366, ""73"": 0.350732366, ""210"": 15.11764706, ""213"": 36.77410849}","{""23"": 1.0, ""24"": 9.0, ""27"": 1.0, ""39"": 9.0, ""40"": 0.69230769, ""41"": 29.0, ""42"": 556.0, ""43"": 4.0, ""44"": 1.0, ""45"": 1.0, ""47"": 107.0, ""48"": 51.0, ""49"": 23.0, ""50"": 17.0, ""51"": 6.0, ""52"": 1.0, ""53"": 29.0, ""54"": 1.0, ""56"": 1.0, ""58"": 57.0, ""59"": 215.0, ""60"": 19.17241379, ""61"": 42.76923077, ""108"": 1.0, ""109"": 1.0, ""155"": 10.0, ""156"": 3.0, ""158"": 26.0, ""183"": 1.0, ""184"": 1.0, ""185"": 1.0, ""210"": 13.0, ""213"": 22.0}",2026-08-24T23:49:59-04:00
Jalen McMillan,4430834,WR,TB,ACTIVE,94.69456789,116.9,,,169.63039014373717,46.86344808887361,305.0,321.0,"{""42"": 534.8522873, ""43"": 3.279989398, ""44"": 0.153883079, ""45"": 0.155945307, ""46"": 0.101910258, ""47"": 106.0, ""48"": 53.0, ""49"": 26.0, ""50"": 21.0, ""51"": 10.0, ""53"": 43.47804112, ""56"": 0.464082497, ""57"": 0.014353067, ""58"": 69.93203074, ""60"": 12.30166478, ""61"": 35.37933418, ""62"": 0.153883079, ""63"": 0.00203258, ""67"": 0.461949952, ""68"": 0.461949952, ""71"": 0.258691973, ""72"": 0.258691973, ""73"": 0.258691973, ""210"": 15.11764706, ""213"": 24.85073628}","{""23"": 4.0, ""24"": 43.0, ""27"": 7.0, ""28"": 2.0, ""39"": 10.75, ""40"": 3.30769231, ""41"": 37.0, ""42"": 461.0, ""43"": 8.0, ""47"": 89.0, ""48"": 41.0, ""49"": 16.0, ""50"": 14.0, ""51"": 5.0, ""53"": 37.0, ""54"": 4.0, ""58"": 58.0, ""59"": 133.0, ""60"": 12.45945946, ""61"": 35.46153846, ""108"": 1.0, ""109"": 1.0, ""115"": 12.0, ""118"": 1.0, ""155"": 9.0, ""156"": 4.0, ""158"": 48.0, ""184"": 4.0, ""185"": 2.0, ""186"": 2.0, ""210"": 13.0, ""212"": 3.0, ""213"": 23.0}",2026-08-24T23:49:59-04:00
Devin Singletary,4040761,RB,NYG,ACTIVE,150.52537527,86.1,0.0,154.3,119.80041067761807,46.390006838827595,101.0,89.0,"{""23"": 187.656962, ""24"": 800.0613976, ""25"": 4.664889092, ""26"": 0.226259279, ""27"": 160.0, ""28"": 80.0, ""29"": 40.0, ""30"": 32.0, ""31"": 16.0, ""33"": 37.0, ""34"": 18.0, ""35"": 0.379575971, ""36"": 0.26570318, ""37"": 1.67086843, ""38"": 0.057020329, ""39"": 4.263425077, ""40"": 56.43586622, ""42"": 224.9456993, ""43"": 0.595532209, ""44"": 0.033888617, ""45"": 0.033891161, ""46"": 0.022147874, ""47"": 44.0, ""48"": 22.0, ""49"": 11.0, ""50"": 8.0, ""51"": 4.0, ""53"": 35.49750653, ""56"": 0.084555076, ""57"": 0.002615105, ""58"": 46.43655874, ""60"": 6.33694367, ""61"": 15.86753895, ""62"": 0.260147896, ""63"": 0.0083529, ""66"": 1.596407291, ""67"": 0.301979088, ""68"": 1.898386379, ""70"": 0.734347354, ""71"": 0.169108289, ""72"": 0.903455643, ""73"": 0.903455643, ""210"": 14.17647059, ""212"": 43.96476124, ""213"": 13.38798464}","{""23"": 113.0, ""24"": 437.0, ""25"": 4.0, ""27"": 82.0, ""28"": 38.0, ""29"": 16.0, ""30"": 9.0, ""31"": 2.0, ""33"": 17.0, ""34"": 4.0, ""39"": 3.86725664, ""40"": 29.13333333, ""41"": 21.0, ""42"": 119.0, ""47"": 21.0, ""48"": 8.0, ""49"": 2.0, ""50"": 1.0, ""53"": 21.0, ""58"": 24.0, ""59"": 178.0, ""60"": 5.66666667, ""61"": 7.93333333, ""66"": 2.0, ""68"": 2.0, ""70"": 2.0, ""72"": 2.0, ""73"": 2.0, ""108"": 1.0, ""109"": 1.0, ""155"": 2.0, ""156"": 13.0, ""158"": 24.0, ""179"": 4.0, ""210"": 15.0, ""212"": 24.0, ""213"": 4.0}",2026-08-24T23:49:59-04:00
Gus Edwards,3051926,RB,FA,ACTIVE,134.47771153,62.6,0.0,181.0,166.1416837782341,45.96129544541225,128.0,223.0,"{""23"": 179.2720419, ""24"": 759.349347, ""25"": 5.795389735, ""26"": 0.322461657, ""27"": 151.0, ""28"": 75.0, ""29"": 37.0, ""30"": 30.0, ""31"": 15.0, ""33"": 35.0, ""34"": 17.0, ""35"": 0.360991354, ""36"": 0.252693948, ""37"": 1.497513875, ""38"": 0.051104403, ""39"": 4.235737702, ""40"": 53.56406182, ""42"": 134.4933647, ""43"": 0.517588716, ""44"": 0.026172434, ""45"": 0.063385947, ""46"": 0.041422716, ""47"": 26.0, ""48"": 13.0, ""49"": 6.0, ""50"": 5.0, ""51"": 2.0, ""53"": 16.96580043, ""56"": 0.053779266, ""57"": 0.001663276, ""58"": 21.68513049, ""60"": 7.9273221, ""61"": 9.487083818, ""62"": 0.348634091, ""63"": 0.009222572, ""66"": 1.914825457, ""67"": 0.181213681, ""68"": 2.096039137, ""70"": 0.88081971, ""71"": 0.101479661, ""72"": 0.982299371, ""73"": 0.982299371, ""210"": 14.17647059, ""212"": 42.92348546, ""213"": 6.637804792}","{""23"": 101.0, ""24"": 365.0, ""25"": 4.0, ""27"": 68.0, ""28"": 30.0, ""29"": 12.0, ""30"": 10.0, ""31"": 3.0, ""33"": 16.0, ""34"": 5.0, ""39"": 3.61386139, ""40"": 33.18181818, ""41"": 3.0, ""42"": 6.0, ""53"": 3.0, ""58"": 5.0, ""59"": 11.0, ""60"": 2.0, ""61"": 0.54545455, ""155"": 6.0, ""156"": 5.0, ""158"": 24.0, ""179"": 4.0, ""210"": 11.0, ""212"": 17.0}",2026-08-24T23:49:59-04:00
Jason Sanders,3124679,K,MIA,ACTIVE,132.07732315,162.0,133.72476067,142.0,167.54629820581565,45.121200308866506,411.0,468.0,"{""74"": 4.402955051, ""75"": 6.57914803, ""76"": 2.176192978, ""77"": 7.159099291, ""78"": 9.15218117, ""79"": 1.993081879, ""80"": 15.91643343, ""81"": 16.83871055, ""82"": 0.922277125, ""83"": 27.47848777, ""84"": 32.57003975, ""85"": 5.091551982, ""86"": 38.76840242, ""87"": 41.40911308, ""88"": 2.640710655, ""198"": 4.402955051, ""199"": 6.57914803, ""200"": 2.176192978, ""210"": 17.0, ""214"": 1037.412044, ""215"": 234.8714191, ""216"": 1272.283463}","{""74"": 12.0, ""75"": 14.0, ""76"": 2.0, ""77"": 5.0, ""78"": 7.0, ""79"": 2.0, ""80"": 20.0, ""81"": 20.0, ""83"": 37.0, ""84"": 41.0, ""85"": 4.0, ""86"": 26.0, ""87"": 28.0, ""88"": 2.0, ""108"": 1.0, ""109"": 1.0, ""155"": 8.0, ""156"": 9.0, ""158"": 137.0, ""198"": 12.0, ""199"": 14.0, ""200"": 2.0, ""210"": 17.0, ""214"": 1498.0, ""215"": 194.0, ""216"": 1692.0, ""217"": 291.0, ""218"": 143.0, ""219"": 65.0, ""220"": 52.0, ""221"": 21.0, ""222"": 6.0, ""223"": 37.0, ""224"": 18.0, ""225"": 8.0, ""226"": 6.0, ""227"": 2.0, ""229"": 331.0, ""230"": 163.0, ""231"": 75.0, ""232"": 60.0, ""233"": 25.0, ""234"": 7.0}",2026-08-24T23:49:59-04:00
Geno Smith,15864,QB,LV,ACTIVE,266.62101085,306.4,0.0,265.4,136.7169578622816,44.899929179157326,316.0,123.0,"{""0"": 478.9421872, ""1"": 317.8293102, ""2"": 161.112877, ""3"": 3503.110615, ""4"": 19.94527633, ""5"": 700.0, ""6"": 350.0, ""7"": 175.0, ""8"": 140.0, ""9"": 70.0, ""10"": 35.0, ""11"": 63.0, ""12"": 31.0, ""15"": 2.951921671, ""16"": 1.929080812, ""17"": 3.139343735, ""18"": 0.424043024, ""19"": 1.070157147, ""20"": 10.09794491, ""21"": 0.663606837, ""22"": 250.2221868, ""23"": 48.29143807, ""24"": 226.4770769, ""25"": 1.440755627, ""26"": 0.07168812, ""27"": 45.0, ""28"": 22.0, ""29"": 11.0, ""30"": 9.0, ""31"": 4.0, ""33"": 9.0, ""34"": 4.0, ""35"": 0.091388561, ""36"": 0.063971993, ""37"": 0.159732277, ""38"": 0.00545105, ""39"": 4.689797734, ""40"": 16.17693406, ""62"": 1.141845267, ""63"": 0.029579695, ""64"": 35.84433804, ""65"": 6.146100416, ""66"": 0.576557491, ""68"": 6.722657908, ""69"": 2.9501282, ""70"": 0.265216446, ""72"": 3.215344646, ""73"": 13.31328955, ""210"": 14.0, ""211"": 170.1406747, ""212"": 13.36136033}","{""0"": 578.0, ""1"": 407.0, ""2"": 171.0, ""3"": 4320.0, ""4"": 21.0, ""5"": 856.0, ""6"": 425.0, ""7"": 209.0, ""8"": 164.0, ""9"": 79.0, ""10"": 36.0, ""11"": 76.0, ""12"": 34.0, ""13"": 27.0, ""14"": 9.0, ""15"": 2.0, ""16"": 2.0, ""17"": 5.0, ""20"": 15.0, ""21"": 0.70415225, ""22"": 254.11764706, ""23"": 53.0, ""24"": 272.0, ""25"": 2.0, ""27"": 49.0, ""28"": 20.0, ""29"": 6.0, ""30"": 5.0, ""31"": 1.0, ""33"": 4.0, ""39"": 5.13207547, ""40"": 16.0, ""64"": 50.0, ""65"": 4.0, ""66"": 5.0, ""68"": 9.0, ""73"": 15.0, ""155"": 10.0, ""156"": 7.0, ""158"": 138.0, ""175"": 7.0, ""176"": 6.0, ""177"": 3.0, ""178"": 3.0, ""180"": 1.0, ""182"": 1.0, ""210"": 17.0, ""211"": 209.0, ""212"": 18.0}",2026-08-24T23:49:59-04:00
Harrison Butker,3055899,K,KC,ACTIVE,146.58528186,96.0,142.22176143,152.0,161.5087646937513,44.20896800864028,240.0,362.0,"{""74"": 4.593940254, ""75"": 6.537617332, ""76"": 1.943677078, ""77"": 7.418248389, ""78"": 9.094408269, ""79"": 1.67615988, ""80"": 16.37590497, ""81"": 16.73241664, ""82"": 0.356511668, ""83"": 28.38809361, ""84"": 32.36444224, ""85"": 3.976348626, ""86"": 48.79122075, ""87"": 50.31613398, ""88"": 1.524913231, ""198"": 4.593940254, ""199"": 6.537617332, ""200"": 1.943677078, ""210"": 17.0, ""214"": 1073.1711, ""215"": 191.0811069, ""216"": 1264.252207}","{""74"": 2.0, ""75"": 5.0, ""76"": 3.0, ""77"": 4.0, ""78"": 4.0, ""80"": 15.0, ""81"": 16.0, ""82"": 1.0, ""83"": 21.0, ""84"": 25.0, ""85"": 4.0, ""86"": 29.0, ""87"": 31.0, ""88"": 2.0, ""155"": 12.0, ""156"": 1.0, ""158"": 92.0, ""198"": 2.0, ""199"": 4.0, ""200"": 2.0, ""202"": 1.0, ""203"": 1.0, ""210"": 13.0, ""214"": 707.0, ""215"": 196.0, ""216"": 903.0, ""217"": 138.0, ""218"": 67.0, ""219"": 31.0, ""220"": 23.0, ""221"": 9.0, ""222"": 2.0, ""223"": 38.0, ""224"": 18.0, ""225"": 8.0, ""226"": 7.0, ""227"": 3.0, ""229"": 176.0, ""230"": 86.0, ""231"": 40.0, ""232"": 31.0, ""233"": 13.0, ""234"": 3.0}",2026-08-24T23:49:59-04:00
Caleb Williams,4431611,QB,CHI,QUESTIONABLE,297.79342204,293.1,,,163.63761562178829,43.523151438127414,164.0,384.0,"{""0"": 512.0962543, ""1"": 331.2685404, ""2"": 180.8277139, ""3"": 3537.809957, ""4"": 22.96471487, ""5"": 707.0, ""6"": 353.0, ""7"": 176.0, ""8"": 141.0, ""9"": 70.0, ""10"": 35.0, ""11"": 66.0, ""12"": 33.0, ""15"": 2.836066111, ""16"": 1.853369204, ""17"": 2.701486836, ""18"": 0.364900038, ""19"": 1.156047131, ""20"": 13.1755194, ""21"": 0.646887255, ""22"": 235.8539971, ""23"": 61.59158767, ""24"": 311.1195588, ""25"": 3.172504121, ""26"": 0.175809657, ""27"": 62.0, ""28"": 31.0, ""29"": 15.0, ""30"": 12.0, ""31"": 6.0, ""33"": 12.0, ""34"": 6.0, ""35"": 0.117243585, ""36"": 0.08207051, ""37"": 0.281251037, ""38"": 0.009598019, ""39"": 5.051332018, ""40"": 20.74130392, ""62"": 1.331856789, ""63"": 0.036151378, ""64"": 38.7617606, ""65"": 7.389949993, ""66"": 0.826272362, ""68"": 8.216222354, ""69"": 3.547175996, ""70"": 0.380085286, ""72"": 3.927261283, ""73"": 17.10278069, ""210"": 15.0, ""211"": 175.5000519, ""212"": 18.44027074}","{""0"": 562.0, ""1"": 351.0, ""2"": 211.0, ""3"": 3541.0, ""4"": 20.0, ""5"": 701.0, ""6"": 348.0, ""7"": 169.0, ""8"": 133.0, ""9"": 62.0, ""10"": 28.0, ""11"": 64.0, ""12"": 29.0, ""13"": 33.0, ""14"": 11.0, ""15"": 1.0, ""17"": 4.0, ""19"": 3.0, ""20"": 6.0, ""21"": 0.62455516, ""22"": 208.29411765, ""23"": 81.0, ""24"": 489.0, ""27"": 91.0, ""28"": 41.0, ""29"": 15.0, ""30"": 12.0, ""31"": 2.0, ""33"": 9.0, ""39"": 6.03703704, ""40"": 28.76470588, ""64"": 68.0, ""65"": 8.0, ""66"": 3.0, ""68"": 10.0, ""69"": 3.0, ""70"": 2.0, ""72"": 5.0, ""73"": 11.0, ""155"": 5.0, ""156"": 12.0, ""158"": 120.0, ""175"": 10.0, ""176"": 3.0, ""178"": 6.0, ""210"": 17.0, ""211"": 171.0, ""212"": 27.0}",2026-08-24T23:49:59-04:00
Colts D/ST,-16011,D/ST,IND,,99.06392113,71.0,0.0,116.0,167.61950010328445,43.2543032294279,363.0,252.0,"{""89"": 0.160633937, ""90"": 0.722427757, ""91"": 2.685731427, ""92"": 2.651734827, ""93"": 0.117773667, ""94"": 1.886915672, ""95"": 13.45035712, ""96"": 9.236039183, ""97"": 1.759155815, ""98"": 0.21830734, ""99"": 41.05944755, ""100"": 82.11889511, ""101"": 0.397464012, ""102"": 0.171, ""103"": 1.315492821, ""104"": 0.571422851, ""105"": 2.573153352, ""106"": 14.54295318, ""109"": 1091.001359, ""110"": 363.0, ""111"": 218.0, ""112"": 46.40656343, ""113"": 62.30472758, ""114"": 1681.976615, ""115"": 276.0, ""116"": 168.0, ""117"": 67.0, ""118"": 27.0, ""119"": 11.0, ""120"": 380.5747031, ""121"": 2.464753525, ""122"": 3.799120088, ""123"": 2.898210179, ""124"": 1.436356364, ""125"": 0.181031897, ""126"": 22.38674724, ""127"": 5960.872132, ""129"": 0.425, ""130"": 3.74, ""131"": 3.655, ""132"": 3.995, ""133"": 2.89, ""134"": 1.53, ""135"": 0.595, ""136"": 0.17, ""137"": 350.6395371, ""210"": 17.0}","{""89"": 0.0, ""90"": 0.0, ""91"": 1.0, ""92"": 3.0, ""94"": 1.0, ""95"": 16.0, ""96"": 9.0, ""97"": 1.0, ""99"": 36.0, ""100"": 72.0, ""104"": 1.0, ""105"": 1.0, ""106"": 18.0, ""107"": 495.0, ""108"": 756.0, ""109"": 1251.0, ""110"": 413.0, ""111"": 243.0, ""112"": 93.0, ""113"": 56.0, ""114"": 644.0, ""115"": 256.0, ""116"": 60.0, ""117"": 22.0, ""118"": 19.0, ""119"": 4.0, ""120"": 415.0, ""121"": 1.0, ""122"": 8.0, ""123"": 2.0, ""124"": 2.0, ""127"": 6140.0, ""128"": 0.0, ""129"": 1.0, ""130"": 2.0, ""131"": 3.0, ""132"": 5.0, ""133"": 5.0, ""134"": 1.0, ""135"": 0.0, ""136"": 0.0, ""155"": 8.0, ""156"": 9.0, ""187"": 415.0, ""188"": 0.0, ""189"": 0.0, ""190"": 1.0, ""191"": 3.0, ""192"": 1.0, ""193"": 8.0, ""194"": 2.0, ""195"": 2.0, ""210"": 17.0}",2026-08-24T23:49:59-04:00
Dalton Schultz,3117256,TE,HOU,ACTIVE,106.3130008,91.7,0.0,121.0,166.78065311152187,43.07057191551996,174.0,249.0,"{""42"": 543.516349, ""43"": 4.2467288, ""44"": 0.201081118, ""45"": 0.107445442, ""46"": 0.070215597, ""47"": 108.0, ""48"": 54.0, ""49"": 27.0, ""50"": 21.0, ""51"": 10.0, ""53"": 53.59633128, ""56"": 0.483351417, ""57"": 0.014949013, ""58"": 77.42954999, ""60"": 10.1409245, ""61"": 35.95244332, ""62"": 0.201081118, ""63"": 0.002825958, ""67"": 0.642263195, ""68"": 0.642263195, ""71"": 0.359667389, ""72"": 0.359667389, ""73"": 0.359667389, ""210"": 15.11764706, ""213"": 27.79126391}","{""41"": 53.0, ""42"": 532.0, ""43"": 2.0, ""47"": 100.0, ""48"": 47.0, ""49"": 20.0, ""50"": 13.0, ""51"": 3.0, ""53"": 53.0, ""54"": 3.0, ""58"": 85.0, ""59"": 214.0, ""60"": 10.03773585, ""61"": 31.29411765, ""155"": 10.0, ""156"": 7.0, ""158"": 12.0, ""184"": 1.0, ""185"": 1.0, ""210"": 17.0, ""213"": 26.0}",2026-08-24T23:49:59-04:00
Tank Bigsby,4429013,RB,JAX,ACTIVE,67.8881263,125.5,0.0,22.3,169.0965092402464,42.8719878570149,326.0,283.0,"{""23"": 82.55370567, ""24"": 344.7441692, ""25"": 2.625876773, ""26"": 0.156689641, ""27"": 68.0, ""28"": 34.0, ""29"": 17.0, ""30"": 13.0, ""31"": 6.0, ""33"": 16.0, ""34"": 8.0, ""35"": 0.158244206, ""36"": 0.110770944, ""37"": 0.307420692, ""38"": 0.010491089, ""39"": 4.175998719, ""40"": 24.31805343, ""42"": 91.02842821, ""43"": 0.505754362, ""44"": 0.031220402, ""45"": 0.036786955, ""46"": 0.024040275, ""47"": 18.0, ""48"": 9.0, ""49"": 4.0, ""50"": 3.0, ""51"": 1.0, ""53"": 12.94177639, ""56"": 0.040424706, ""57"": 0.001250249, ""58"": 17.25324123, ""60"": 7.033688843, ""61"": 6.421092446, ""62"": 0.187910042, ""63"": 0.006158524, ""66"": 1.209978631, ""67"": 0.189685887, ""68"": 1.399664517, ""70"": 0.55659017, ""71"": 0.106224097, ""72"": 0.662814267, ""73"": 0.662814267, ""210"": 14.17647059, ""212"": 20.68538382, ""213"": 4.517165289}","{""23"": 168.0, ""24"": 766.0, ""25"": 7.0, ""27"": 146.0, ""28"": 70.0, ""29"": 31.0, ""30"": 24.0, ""31"": 9.0, ""32"": 2.0, ""33"": 27.0, ""34"": 10.0, ""35"": 1.0, ""36"": 1.0, ""37"": 2.0, ""39"": 4.55952381, ""40"": 47.875, ""41"": 7.0, ""42"": 54.0, ""47"": 8.0, ""48"": 2.0, ""49"": 1.0, ""50"": 1.0, ""53"": 7.0, ""58"": 12.0, ""59"": 64.0, ""60"": 7.71428571, ""61"": 3.375, ""65"": 2.0, ""66"": 3.0, ""68"": 4.0, ""69"": 1.0, ""70"": 1.0, ""72"": 1.0, ""73"": 1.0, ""108"": 2.0, ""109"": 2.0, ""114"": 195.0, ""116"": 18.0, ""117"": 6.0, ""155"": 4.0, ""156"": 12.0, ""158"": 42.0, ""179"": 5.0, ""180"": 1.0, ""210"": 16.0, ""212"": 39.0, ""213"": 1.0}",2026-08-24T23:49:59-04:00
Jets D/ST,-16020,D/ST,NYJ,,131.73391319,71.0,0.0,143.0,129.65730221028713,40.67223274229644,227.0,182.0,"{""89"": 0.301321851, ""90"": 1.361906669, ""91"": 4.477268175, ""92"": 3.677148007, ""93"": 0.117857116, ""94"": 1.866603164, ""95"": 14.4494834, ""96"": 9.161040469, ""97"": 1.739515138, ""98"": 0.215624326, ""99"": 41.40578902, ""100"": 82.81157804, ""101"": 0.330896434, ""102"": 0.303856364, ""103"": 1.297971765, ""104"": 0.568631399, ""105"": 2.619213077, ""106"": 13.90477729, ""109"": 1037.961692, ""110"": 345.0, ""111"": 207.0, ""112"": 46.05665032, ""113"": 74.64162058, ""114"": 1402.236307, ""115"": 288.6, ""116"": 140.0, ""117"": 56.0, ""118"": 28.0, ""119"": 11.0, ""120"": 326.6597951, ""121"": 2.468455838, ""122"": 2.911075506, ""123"": 1.498097336, ""124"": 0.289405167, ""125"": 0.01532145, ""126"": 19.21528206, ""127"": 5616.833801, ""129"": 0.732318173, ""130"": 5.790422761, ""131"": 4.376878381, ""132"": 3.593468243, ""133"": 1.771188139, ""134"": 0.510919655, ""135"": 0.187337207, ""136"": 0.037467441, ""137"": 330.4019883, ""210"": 17.0}","{""89"": 0.0, ""90"": 1.0, ""91"": 2.0, ""92"": 2.0, ""95"": 7.0, ""96"": 10.0, ""97"": 2.0, ""99"": 43.0, ""100"": 86.0, ""101"": 1.0, ""105"": 1.0, ""106"": 14.0, ""107"": 412.0, ""108"": 708.0, ""109"": 1120.0, ""110"": 367.0, ""111"": 218.0, ""112"": 80.0, ""113"": 56.0, ""114"": 878.0, ""115"": 266.0, ""116"": 82.0, ""117"": 30.0, ""118"": 22.0, ""119"": 7.0, ""120"": 390.0, ""121"": 3.0, ""122"": 3.0, ""123"": 4.0, ""124"": 2.0, ""127"": 5334.0, ""128"": 0.0, ""129"": 2.0, ""130"": 4.0, ""131"": 5.0, ""132"": 2.0, ""133"": 4.0, ""134"": 0.0, ""135"": 0.0, ""136"": 0.0, ""155"": 5.0, ""156"": 12.0, ""187"": 390.0, ""188"": 0.0, ""189"": 1.0, ""190"": 2.0, ""191"": 2.0, ""192"": 3.0, ""193"": 3.0, ""194"": 4.0, ""195"": 2.0, ""210"": 17.0}",2026-08-24T23:49:59-04:00
Kirk Cousins,14880,QB,ATL,ACTIVE,300.29416084,211.4,0.0,184.7,162.9706063720452,40.55254943525092,149.0,238.0,"{""0"": 530.2120191, ""1"": 341.9115508, ""2"": 188.3004682, ""3"": 3957.410364, ""4"": 24.85774893, ""5"": 791.0, ""6"": 395.0, ""7"": 197.0, ""8"": 158.0, ""9"": 79.0, ""10"": 39.0, ""11"": 68.0, ""12"": 34.0, ""15"": 3.491072363, ""16"": 2.281415789, ""17"": 4.139636435, ""18"": 0.55915634, ""19"": 1.262276393, ""20"": 11.02443457, ""21"": 0.644858167, ""22"": 263.8273576, ""23"": 33.03176182, ""24"": 117.8354054, ""25"": 1.586641285, ""26"": 0.084895145, ""27"": 23.0, ""28"": 11.0, ""29"": 5.0, ""30"": 4.0, ""31"": 2.0, ""33"": 6.0, ""34"": 3.0, ""35"": 0.06181124, ""36"": 0.043267868, ""37"": 0.039892853, ""38"": 0.00136139, ""39"": 3.567336372, ""40"": 7.855693691, ""62"": 1.347171538, ""63"": 0.041350573, ""64"": 35.22345377, ""65"": 8.879152676, ""66"": 0.518704734, ""68"": 9.39785741, ""69"": 4.261993285, ""70"": 0.238604177, ""72"": 4.500597462, ""73"": 15.52503203, ""210"": 15.0, ""211"": 188.9112796, ""212"": 8.996605287}","{""0"": 453.0, ""1"": 303.0, ""2"": 150.0, ""3"": 3508.0, ""4"": 18.0, ""5"": 697.0, ""6"": 345.0, ""7"": 169.0, ""8"": 134.0, ""9"": 63.0, ""10"": 30.0, ""11"": 54.0, ""12"": 25.0, ""13"": 25.0, ""14"": 8.0, ""15"": 3.0, ""17"": 2.0, ""18"": 1.0, ""20"": 16.0, ""21"": 0.66887417, ""22"": 250.57142857, ""23"": 23.0, ""24"": 0.0, ""27"": 3.0, ""28"": 1.0, ""39"": 0.0, ""40"": 0.0, ""64"": 28.0, ""65"": 6.0, ""66"": 6.0, ""68"": 13.0, ""69"": 2.0, ""72"": 2.0, ""73"": 18.0, ""155"": 7.0, ""156"": 7.0, ""158"": 108.0, ""175"": 5.0, ""176"": 5.0, ""177"": 1.0, ""178"": 4.0, ""210"": 14.0, ""211"": 163.0, ""212"": 2.0}",2026-08-24T23:49:59-04:00
Romeo Doubs,4361432,WR,GB,QUESTIONABLE,110.79689752,109.1,0.0,144.9,145.17166324435317,40.15580479373295,194.0,131.0,"{""42"": 587.4557831, ""43"": 4.723436517, ""44"": 0.223988654, ""45"": 0.143482334, ""46"": 0.093765705, ""47"": 117.0, ""48"": 58.0, ""49"": 29.0, ""50"": 23.0, ""51"": 11.0, ""53"": 48.70754356, ""56"": 0.597738181, ""57"": 0.018486748, ""58"": 78.18191908, ""60"": 12.06087887, ""61"": 38.85894285, ""62"": 0.223988654, ""63"": 0.004286264, ""67"": 0.974150871, ""68"": 0.974150871, ""71"": 0.545524488, ""72"": 0.545524488, ""73"": 0.545524488, ""210"": 15.11764706, ""213"": 28.08355846}","{""41"": 46.0, ""42"": 601.0, ""43"": 4.0, ""44"": 1.0, ""47"": 114.0, ""48"": 54.0, ""49"": 23.0, ""50"": 17.0, ""51"": 6.0, ""53"": 46.0, ""54"": 2.0, ""58"": 72.0, ""59"": 135.0, ""60"": 13.06521739, ""61"": 46.23076923, ""108"": 1.0, ""109"": 1.0, ""155"": 9.0, ""156"": 4.0, ""158"": 26.0, ""184"": 2.0, ""185"": 2.0, ""210"": 13.0, ""213"": 33.0}",2026-08-24T23:49:59-04:00
Bengals D/ST,-16004,D/ST,CIN,,119.79565615,82.0,0.0,99.0,165.74323486882875,39.082535302710596,237.0,253.0,"{""89"": 0.23561493, ""90"": 1.063244271, ""91"": 3.640548384, ""92"": 3.198238767, ""93"": 0.116325555, ""94"": 1.88128186, ""95"": 13.38087906, ""96"": 9.263052898, ""97"": 1.777374278, ""98"": 0.218904275, ""99"": 44.59402349, ""100"": 89.18804698, ""101"": 0.376166026, ""102"": 0.386336087, ""103"": 1.313776897, ""104"": 0.567504962, ""105"": 2.760109527, ""106"": 13.13542169, ""109"": 1026.997782, ""110"": 342.0, ""111"": 205.0, ""112"": 33.33889863, ""113"": 74.9732737, ""114"": 1417.22278, ""115"": 321.1043478, ""116"": 141.0, ""117"": 56.0, ""118"": 32.0, ""119"": 12.0, ""120"": 352.1878928, ""121"": 2.466726709, ""122"": 3.32582808, ""123"": 2.152006404, ""124"": 0.825077554, ""125"": 0.0927149, ""126"": 20.71693487, ""127"": 5786.245728, ""129"": 0.552914686, ""130"": 4.593445084, ""131"": 3.9554666, ""132"": 3.827870903, ""133"": 2.424318239, ""134"": 1.105829372, ""135"": 0.425318989, ""136"": 0.114836127, ""137"": 340.3673957, ""210"": 17.0}","{""89"": 0.0, ""90"": 1.0, ""91"": 1.0, ""92"": 3.0, ""94"": 2.0, ""95"": 15.0, ""96"": 10.0, ""97"": 1.0, ""98"": 1.0, ""99"": 36.0, ""100"": 72.0, ""101"": 1.0, ""103"": 2.0, ""105"": 3.0, ""106"": 15.0, ""107"": 458.0, ""108"": 674.0, ""109"": 1132.0, ""110"": 372.0, ""111"": 219.0, ""112"": 70.0, ""113"": 79.0, ""114"": 1133.0, ""115"": 248.0, ""116"": 105.0, ""117"": 37.0, ""118"": 19.0, ""119"": 5.0, ""120"": 416.0, ""121"": 3.0, ""122"": 3.0, ""123"": 1.0, ""124"": 5.0, ""127"": 5921.0, ""128"": 0.0, ""129"": 1.0, ""130"": 4.0, ""131"": 4.0, ""132"": 5.0, ""133"": 1.0, ""134"": 0.0, ""135"": 2.0, ""136"": 0.0, ""155"": 9.0, ""156"": 8.0, ""187"": 416.0, ""188"": 0.0, ""189"": 1.0, ""190"": 1.0, ""191"": 3.0, ""192"": 3.0, ""193"": 3.0, ""194"": 1.0, ""195"": 5.0, ""210"": 17.0}",2026-08-24T23:49:59-04:00
Diontae Johnson,3932905,WR,BAL,ACTIVE,172.67385267,72.6,0.0,127.2,71.15092402464066,38.77080819243334,59.0,39.0,"{""23"": 2.098491917, ""24"": 13.00948314, ""25"": 0.087638544, ""26"": 0.004490579, ""27"": 2.0, ""28"": 1.0, ""35"": 0.00385284, ""36"": 0.002696988, ""37"": 0.000342924, ""38"": 1.17027e-05, ""39"": 6.19944401, ""40"": 0.860549469, ""42"": 986.637154, ""43"": 6.228581527, ""44"": 0.330110956, ""45"": 0.233719012, ""46"": 0.152735375, ""47"": 197.0, ""48"": 98.0, ""49"": 49.0, ""50"": 39.0, ""51"": 19.0, ""53"": 71.56883942, ""56"": 2.43024779, ""57"": 0.075162303, ""58"": 116.6960255, ""60"": 13.78584817, ""61"": 65.26393626, ""62"": 0.334601535, ""63"": 0.006482725, ""66"": 0.041969838, ""67"": 1.431376788, ""68"": 1.473346627, ""70"": 0.019306126, ""71"": 0.801571002, ""72"": 0.820877127, ""73"": 0.820877127, ""210"": 15.11764706, ""212"": 2.704083883, ""213"": 44.91773553}","{""23"": 2.0, ""24"": 6.0, ""27"": 1.0, ""39"": 3.0, ""40"": 0.5, ""41"": 33.0, ""42"": 375.0, ""43"": 3.0, ""47"": 71.0, ""48"": 33.0, ""49"": 14.0, ""50"": 10.0, ""51"": 4.0, ""52"": 1.0, ""53"": 33.0, ""54"": 3.0, ""56"": 1.0, ""58"": 67.0, ""59"": 91.0, ""60"": 11.36363636, ""61"": 31.25, ""108"": 1.0, ""109"": 1.0, ""155"": 5.0, ""156"": 7.0, ""158"": 18.0, ""183"": 1.0, ""184"": 1.0, ""185"": 1.0, ""210"": 12.0, ""212"": 1.0, ""213"": 21.0}",2026-08-24T23:49:59-04:00
Commanders D/ST,-16028,D/ST,WSH,,81.27583943,65.0,0.0,23.0,167.47614129312126,37.53708095067411,510.0,487.0,"{""89"": 0.076423576, ""90"": 0.33966034, ""91"": 1.613386613, ""92"": 2.037962038, ""93"": 0.111661008, ""94"": 1.870897849, ""95"": 13.26207154, ""96"": 8.912577713, ""97"": 1.742238141, ""98"": 0.218959996, ""99"": 42.45404662, ""100"": 84.90809323, ""101"": 0.448410033, ""102"": 0.13851, ""103"": 1.303071547, ""104"": 0.567826302, ""105"": 2.569478891, ""106"": 12.30208563, ""109"": 1104.912, ""110"": 368.0, ""111"": 220.0, ""112"": 45.53305853, ""113"": 79.35106077, ""114"": 1471.345422, ""115"": 260.3869565, ""116"": 147.0, ""117"": 58.0, ""118"": 26.0, ""119"": 10.0, ""120"": 400.8494164, ""121"": 2.462537463, ""122"": 4.330669331, ""123"": 3.736263736, ""124"": 2.122877123, ""125"": 0.28021978, ""126"": 23.57937744, ""127"": 6081.820922, ""129"": 0.246241446, ""130"": 2.547325308, ""131"": 3.235103142, ""132"": 4.228560012, ""133"": 3.540782179, ""134"": 2.12277109, ""135"": 0.832126267, ""136"": 0.247090555, ""137"": 357.7541719, ""210"": 17.0}","{""89"": 0.0, ""90"": 0.0, ""91"": 2.0, ""92"": 2.0, ""94"": 1.0, ""95"": 7.0, ""96"": 10.0, ""97"": 1.0, ""99"": 43.0, ""100"": 86.0, ""103"": 1.0, ""105"": 1.0, ""106"": 16.0, ""107"": 482.0, ""108"": 673.0, ""109"": 1155.0, ""110"": 377.0, ""111"": 225.0, ""112"": 74.0, ""113"": 60.0, ""114"": 1082.0, ""115"": 260.0, ""116"": 100.0, ""117"": 36.0, ""118"": 19.0, ""119"": 3.0, ""120"": 391.0, ""121"": 4.0, ""122"": 3.0, ""123"": 5.0, ""124"": 1.0, ""127"": 5558.0, ""128"": 0.0, ""129"": 1.0, ""130"": 4.0, ""131"": 7.0, ""132"": 2.0, ""133"": 2.0, ""134"": 1.0, ""135"": 0.0, ""136"": 0.0, ""155"": 12.0, ""156"": 5.0, ""187"": 391.0, ""188"": 0.0, ""189"": 0.0, ""190"": 2.0, ""191"": 2.0, ""192"": 4.0, ""193"": 3.0, ""194"": 5.0, ""195"": 1.0, ""210"": 17.0}",2026-08-24T23:49:59-04:00
Wan'Dale Robinson,4569587,WR,NYG,ACTIVE,102.40278888,136.2,0.0,103.2,125.97515400410677,37.408522783667124,287.0,94.0,"{""23"": 7.582057666, ""24"": 51.13526109, ""25"": 0.392694695, ""26"": 0.019050331, ""27"": 10.0, ""28"": 5.0, ""29"": 2.0, ""30"": 2.0, ""31"": 1.0, ""33"": 1.0, ""35"": 0.013962347, ""36"": 0.009773643, ""37"": 0.006416605, ""38"": 0.000218974, ""39"": 6.744245869, ""40"": 3.382488088, ""42"": 571.4945338, ""43"": 1.263764695, ""44"": 0.071667225, ""45"": 0.081637613, ""46"": 0.05335018, ""47"": 114.0, ""48"": 57.0, ""49"": 28.0, ""50"": 22.0, ""51"": 11.0, ""53"": 62.51428491, ""56"": 0.553651263, ""57"": 0.017123235, ""58"": 86.78410234, ""60"": 9.141823099, ""61"": 37.80314037, ""62"": 0.090717555, ""63"": 0.004957459, ""66"": 0.121870378, ""67"": 1.004824794, ""68"": 1.126695172, ""70"": 0.056060374, ""71"": 0.562701885, ""72"": 0.618762259, ""73"": 0.618762259, ""210"": 15.11764706, ""212"": 4.551977004, ""213"": 29.37570769}","{""23"": 3.0, ""24"": 18.0, ""27"": 2.0, ""28"": 1.0, ""39"": 6.0, ""40"": 1.05882353, ""41"": 93.0, ""42"": 699.0, ""43"": 3.0, ""47"": 134.0, ""48"": 64.0, ""49"": 27.0, ""50"": 19.0, ""51"": 6.0, ""53"": 93.0, ""54"": 14.0, ""55"": 2.0, ""58"": 140.0, ""59"": 361.0, ""60"": 7.51612903, ""61"": 41.11764706, ""155"": 3.0, ""156"": 14.0, ""158"": 18.0, ""183"": 3.0, ""210"": 17.0, ""212"": 1.0, ""213"": 37.0}",2026-08-24T23:49:59-04:00
Michael Carter,4240657,RB,ARI,ACTIVE,0.0,30.3,0.0,46.8,169.89199178644765,37.39964098920426,2209.0,2282.0,{},"{""23"": 35.0, ""24"": 131.0, ""25"": 1.0, ""27"": 25.0, ""28"": 12.0, ""29"": 5.0, ""30"": 3.0, ""31"": 1.0, ""33"": 6.0, ""34"": 2.0, ""39"": 3.74285714, ""40"": 43.66666667, ""41"": 11.0, ""42"": 57.0, ""47"": 11.0, ""48"": 5.0, ""49"": 1.0, ""50"": 1.0, ""53"": 11.0, ""54"": 1.0, ""58"": 11.0, ""59"": 73.0, ""60"": 5.18181818, ""61"": 19.0, ""65"": 1.0, ""66"": 1.0, ""69"": 1.0, ""70"": 1.0, ""155"": 1.0, ""156"": 2.0, ""158"": 6.0, ""179"": 1.0, ""210"": 3.0, ""212"": 9.0, ""213"": 2.0}",2026-08-24T23:49:59-04:00
Raheem Mostert,2576414,RB,LV,ACTIVE,157.53510706,61.4,0.0,255.2,152.66714579055443,37.245629154784325,100.0,160.0,"{""23"": 153.9696151, ""24"": 720.444335, ""25"": 7.924001143, ""26"": 0.353796568, ""27"": 144.0, ""28"": 72.0, ""29"": 36.0, ""30"": 28.0, ""31"": 14.0, ""33"": 30.0, ""34"": 15.0, ""35"": 0.306151606, ""36"": 0.214306124, ""37"": 1.347277765, ""38"": 0.045977421, ""39"": 4.679133182, ""40"": 50.81972487, ""42"": 188.3119744, ""43"": 1.171361558, ""44"": 0.06134206, ""45"": 0.040710524, ""46"": 0.026604327, ""47"": 37.0, ""48"": 18.0, ""49"": 9.0, ""50"": 7.0, ""51"": 3.0, ""53"": 26.14187911, ""56"": 0.07056687, ""57"": 0.002182481, ""58"": 34.5385131, ""60"": 7.203459769, ""61"": 13.28341728, ""62"": 0.415138628, ""63"": 0.008409899, ""66"": 1.633923437, ""67"": 0.277417261, ""68"": 1.911340699, ""70"": 0.751604781, ""71"": 0.155353666, ""72"": 0.906958447, ""73"": 0.906958447, ""210"": 14.17647059, ""212"": 41.65952582, ""213"": 10.48077979}","{""23"": 85.0, ""24"": 278.0, ""25"": 2.0, ""27"": 52.0, ""28"": 23.0, ""29"": 9.0, ""30"": 8.0, ""31"": 3.0, ""33"": 13.0, ""34"": 3.0, ""39"": 3.27058824, ""40"": 21.38461538, ""41"": 19.0, ""42"": 161.0, ""47"": 30.0, ""48"": 13.0, ""49"": 2.0, ""50"": 2.0, ""53"": 19.0, ""58"": 23.0, ""59"": 146.0, ""60"": 8.47368421, ""61"": 12.38461538, ""66"": 2.0, ""68"": 2.0, ""70"": 2.0, ""72"": 2.0, ""73"": 2.0, ""114"": 42.0, ""116"": 3.0, ""155"": 7.0, ""156"": 6.0, ""158"": 12.0, ""179"": 2.0, ""210"": 13.0, ""212"": 13.0, ""213"": 10.0}",2026-08-24T23:49:59-04:00
Chris Godwin,3116165,WR,TB,QUESTIONABLE,173.30329762,112.8,0.0,167.7,48.857084188911706,36.91527161391178,78.0,21.0,"{""23"": 3.875756216, ""24"": 24.33720373, ""25"": 0.257332076, ""26"": 0.016694856, ""27"": 4.0, ""28"": 2.0, ""29"": 1.0, ""35"": 0.007122837, ""36"": 0.004985986, ""37"": 0.001362856, ""38"": 4.65091e-05, ""39"": 6.279343276, ""40"": 1.609853944, ""42"": 972.4415115, ""43"": 5.349398672, ""44"": 0.250913766, ""45"": 0.171685742, ""46"": 0.112196632, ""47"": 194.0, ""48"": 97.0, ""49"": 48.0, ""50"": 38.0, ""51"": 19.0, ""53"": 81.38992469, ""56"": 2.344182257, ""57"": 0.072500482, ""58"": 124.1831233, ""60"": 11.94793477, ""61"": 64.32492488, ""62"": 0.267608622, ""63"": 0.004931644, ""66"": 0.050947302, ""67"": 1.069880767, ""68"": 1.120828068, ""70"": 0.023435759, ""71"": 0.599133229, ""72"": 0.622568988, ""73"": 0.622568988, ""210"": 15.11764706, ""212"": 3.321049307, ""213"": 46.40531298}","{""23"": 1.0, ""24"": 2.0, ""39"": 2.0, ""40"": 0.28571429, ""41"": 50.0, ""42"": 576.0, ""43"": 5.0, ""45"": 2.0, ""46"": 1.0, ""47"": 112.0, ""48"": 54.0, ""49"": 26.0, ""50"": 20.0, ""51"": 9.0, ""52"": 2.0, ""53"": 50.0, ""54"": 8.0, ""55"": 1.0, ""56"": 2.0, ""58"": 62.0, ""59"": 350.0, ""60"": 11.52, ""61"": 82.28571429, ""67"": 1.0, ""68"": 1.0, ""108"": 2.0, ""109"": 2.0, ""155"": 4.0, ""156"": 3.0, ""158"": 30.0, ""183"": 3.0, ""210"": 7.0, ""212"": 1.0, ""213"": 33.0}",2026-08-24T23:49:59-04:00
Matthew Stafford,12483,QB,LAR,ACTIVE,286.60942872,253.3,0.0,289.5,165.824049331963,36.892709390012676,270.0,312.0,"{""0"": 533.9950102, ""1"": 346.7587264, ""2"": 187.2362838, ""3"": 4055.983238, ""4"": 23.14297405, ""5"": 811.0, ""6"": 405.0, ""7"": 202.0, ""8"": 162.0, ""9"": 81.0, ""10"": 40.0, ""11"": 69.0, ""12"": 34.0, ""15"": 3.653731624, ""16"": 2.387713616, ""17"": 4.548871951, ""18"": 0.614433328, ""19"": 1.240435928, ""20"": 12.38873287, ""21"": 0.649366979, ""22"": 270.3988826, ""23"": 25.69903484, ""24"": 68.19226375, ""25"": 0.978507847, ""26"": 0.048628992, ""27"": 13.0, ""28"": 6.0, ""29"": 3.0, ""30"": 2.0, ""31"": 1.0, ""33"": 5.0, ""34"": 2.0, ""35"": 0.047876486, ""36"": 0.03351354, ""37"": 0.0131647, ""38"": 0.000449261, ""39"": 2.653495128, ""40"": 4.546150917, ""62"": 1.28906492, ""63"": 0.022679536, ""64"": 35.02997024, ""65"": 4.93170791, ""66"": 0.222732108, ""68"": 5.154440018, ""69"": 2.367219797, ""70"": 0.10245677, ""72"": 2.469676567, ""73"": 14.85840944, ""210"": 15.0, ""211"": 191.7612727, ""212"": 6.421537585}","{""0"": 517.0, ""1"": 340.0, ""2"": 177.0, ""3"": 3762.0, ""4"": 20.0, ""5"": 746.0, ""6"": 370.0, ""7"": 181.0, ""8"": 141.0, ""9"": 67.0, ""10"": 29.0, ""11"": 60.0, ""12"": 26.0, ""13"": 28.0, ""14"": 8.0, ""15"": 1.0, ""16"": 1.0, ""17"": 2.0, ""20"": 8.0, ""21"": 0.65764023, ""22"": 235.125, ""23"": 30.0, ""24"": 41.0, ""27"": 9.0, ""28"": 3.0, ""33"": 1.0, ""39"": 1.36666667, ""40"": 2.5625, ""64"": 28.0, ""65"": 3.0, ""66"": 2.0, ""68"": 6.0, ""69"": 1.0, ""72"": 2.0, ""73"": 10.0, ""155"": 10.0, ""156"": 6.0, ""158"": 120.0, ""175"": 9.0, ""176"": 7.0, ""177"": 2.0, ""178"": 1.0, ""210"": 16.0, ""211"": 176.0, ""212"": 10.0}",2026-08-24T23:49:59-04:00
Stefon Diggs,2976212,WR,HOU,QUESTIONABLE,183.30603541,98.3,0.0,220.3,76.84476386036961,36.70874891062264,49.0,47.0,"{""23"": 1.996259098, ""24"": 11.80609601, ""25"": 0.078456417, ""26"": 0.004900368, ""27"": 2.0, ""28"": 1.0, ""35"": 0.003664937, ""36"": 0.002565456, ""37"": 0.000274135, ""38"": 9.35519e-06, ""39"": 5.914110056, ""40"": 0.780947985, ""42"": 1050.905825, ""43"": 5.747094837, ""44"": 0.27209334, ""45"": 0.194408446, ""46"": 0.127045919, ""47"": 210.0, ""48"": 105.0, ""49"": 52.0, ""50"": 42.0, ""51"": 21.0, ""53"": 86.98582171, ""56"": 2.850627598, ""57"": 0.08816374, ""58"": 130.2107283, ""60"": 12.08134619, ""61"": 69.51517132, ""62"": 0.276993708, ""63"": 0.007752123, ""66"": 0.039525951, ""67"": 1.722320187, ""68"": 1.761846138, ""70"": 0.018181938, ""71"": 0.964499305, ""72"": 0.982681242, ""73"": 0.982681242, ""210"": 15.11764706, ""212"": 2.65039487, ""213"": 50.00716464}","{""0"": 1.0, ""1"": 1.0, ""3"": 13.0, ""5"": 2.0, ""6"": 1.0, ""21"": 1.0, ""22"": 1.625, ""23"": 3.0, ""24"": 8.0, ""25"": 1.0, ""27"": 2.0, ""39"": 2.66666667, ""40"": 1.0, ""41"": 47.0, ""42"": 496.0, ""43"": 3.0, ""47"": 95.0, ""48"": 46.0, ""49"": 21.0, ""50"": 16.0, ""51"": 5.0, ""53"": 47.0, ""54"": 8.0, ""55"": 1.0, ""58"": 64.0, ""59"": 185.0, ""60"": 10.55319149, ""61"": 62.0, ""108"": 1.0, ""109"": 1.0, ""155"": 6.0, ""156"": 2.0, ""158"": 24.0, ""179"": 1.0, ""183"": 2.0, ""184"": 1.0, ""210"": 8.0, ""211"": 1.0, ""212"": 1.0, ""213"": 31.0}",2026-08-24T23:49:59-04:00
Tyler Allgeier,4373626,RB,ATL,ACTIVE,127.23718128,99.7,0.0,128.6,168.0800821355236,35.78485752448529,153.0,212.0,"{""23"": 138.1912475, ""24"": 567.2573228, ""25"": 4.899802333, ""26"": 0.262040817, ""27"": 113.0, ""28"": 56.0, ""29"": 28.0, ""30"": 22.0, ""31"": 11.0, ""33"": 27.0, ""34"": 13.0, ""35"": 0.2725242, ""36"": 0.19076694, ""37"": 0.831060831, ""38"": 0.028360918, ""39"": 4.104871569, ""40"": 40.01400203, ""42"": 211.9206207, ""43"": 0.99710482, ""44"": 0.050613666, ""45"": 0.064183369, ""46"": 0.041943832, ""47"": 42.0, ""48"": 21.0, ""49"": 10.0, ""50"": 8.0, ""51"": 4.0, ""53"": 27.97496685, ""56"": 0.079246436, ""57"": 0.002450921, ""58"": 34.03423895, ""60"": 7.575366287, ""61"": 14.94875748, ""62"": 0.312654483, ""63"": 0.003113582, ""66"": 0.588498577, ""67"": 0.119133653, ""68"": 0.70763223, ""70"": 0.270709345, ""71"": 0.066714846, ""72"": 0.337424191, ""73"": 0.337424191, ""210"": 14.17647059, ""212"": 33.27398545, ""213"": 11.47837851}","{""23"": 137.0, ""24"": 644.0, ""25"": 3.0, ""26"": 1.0, ""27"": 122.0, ""28"": 58.0, ""29"": 24.0, ""30"": 18.0, ""31"": 7.0, ""32"": 1.0, ""33"": 20.0, ""34"": 5.0, ""37"": 1.0, ""39"": 4.70072993, ""40"": 37.88235294, ""41"": 13.0, ""42"": 88.0, ""47"": 14.0, ""48"": 5.0, ""49"": 1.0, ""53"": 13.0, ""58"": 13.0, ""59"": 93.0, ""60"": 6.76923077, ""61"": 5.17647059, ""107"": 1.0, ""108"": 5.0, ""109"": 6.0, ""155"": 8.0, ""156"": 9.0, ""158"": 20.0, ""179"": 3.0, ""210"": 17.0, ""212"": 43.0, ""213"": 2.0}",2026-08-24T23:49:59-04:00
Saints D/ST,-16018,D/ST,NO,,117.87842015,85.0,0.0,130.0,154.24209873992976,34.982812925565305,235.0,188.0,"{""89"": 0.254378941, ""90"": 1.14853368, ""91"": 3.879491542, ""92"": 3.335001501, ""93"": 0.11770184, ""94"": 1.879804393, ""95"": 13.83704316, ""96"": 8.802419554, ""97"": 1.736984678, ""98"": 0.215715943, ""99"": 39.74032777, ""100"": 79.48065554, ""101"": 0.331512497, ""102"": 0.265176667, ""103"": 1.309020385, ""104"": 0.570784008, ""105"": 2.594195397, ""106"": 9.831645179, ""109"": 1008.803706, ""110"": 336.0, ""111"": 201.0, ""112"": 31.803484, ""113"": 80.4126464, ""114"": 1393.049346, ""115"": 350.7333333, ""116"": 139.0, ""117"": 55.0, ""118"": 35.0, ""119"": 14.0, ""120"": 339.4335785, ""121"": 2.467220498, ""122"": 3.207386648, ""123"": 1.965268742, ""124"": 0.672104894, ""125"": 0.070613552, ""126"": 19.96668109, ""127"": 5670.787641, ""129"": 0.629755707, ""130"": 5.106127353, ""131"": 4.135963156, ""132"": 3.727472968, ""133"": 2.144573488, ""134"": 0.851021225, ""135"": 0.323388066, ""136"": 0.081698038, ""137"": 333.5757436, ""210"": 17.0}","{""89"": 0.0, ""90"": 0.0, ""91"": 2.0, ""92"": 3.0, ""95"": 14.0, ""96"": 3.0, ""97"": 4.0, ""98"": 1.0, ""99"": 39.0, ""100"": 78.0, ""102"": 1.0, ""105"": 1.0, ""106"": 11.0, ""107"": 452.0, ""108"": 726.0, ""109"": 1178.0, ""110"": 386.0, ""111"": 230.0, ""112"": 57.0, ""113"": 93.0, ""114"": 1000.0, ""115"": 301.0, ""116"": 95.0, ""117"": 34.0, ""118"": 25.0, ""119"": 7.0, ""120"": 380.0, ""121"": 4.0, ""122"": 6.0, ""123"": 1.0, ""124"": 1.0, ""127"": 6459.0, ""128"": 0.0, ""129"": 1.0, ""130"": 1.0, ""131"": 4.0, ""132"": 5.0, ""133"": 2.0, ""134"": 3.0, ""135"": 0.0, ""136"": 1.0, ""155"": 5.0, ""156"": 12.0, ""187"": 380.0, ""188"": 0.0, ""189"": 0.0, ""190"": 2.0, ""191"": 3.0, ""192"": 4.0, ""193"": 6.0, ""194"": 1.0, ""195"": 1.0, ""210"": 17.0}",2026-08-24T23:49:59-04:00
Jake Moody,4372066,K,SF,ACTIVE,138.57564492,108.0,0.0,127.0,146.3839967003506,32.86014796405116,251.0,200.0,"{""74"": 4.346524688, ""75"": 6.538991504, ""76"": 2.192466816, ""77"": 7.0742873, ""78"": 9.096319864, ""79"": 2.022032565, ""80"": 15.74363881, ""81"": 16.7359337, ""82"": 0.992294892, ""83"": 27.1644508, ""84"": 32.37124507, ""85"": 5.206794272, ""86"": 46.52175012, ""87"": 49.93164602, ""88"": 3.409895902, ""198"": 4.346524688, ""199"": 6.538991504, ""200"": 2.192466816, ""210"": 17.0, ""214"": 1025.364426, ""215"": 239.1535202, ""216"": 1264.517946}","{""74"": 4.0, ""75"": 9.0, ""76"": 5.0, ""77"": 6.0, ""78"": 11.0, ""79"": 5.0, ""80"": 14.0, ""81"": 14.0, ""83"": 24.0, ""84"": 34.0, ""85"": 10.0, ""86"": 32.0, ""87"": 33.0, ""88"": 1.0, ""155"": 4.0, ""156"": 10.0, ""158"": 104.0, ""198"": 4.0, ""199"": 9.0, ""200"": 5.0, ""210"": 14.0, ""214"": 854.0, ""215"": 495.0, ""216"": 1349.0, ""217"": 166.0, ""218"": 80.0, ""219"": 38.0, ""220"": 28.0, ""221"": 10.0, ""222"": 4.0, ""223"": 97.0, ""224"": 47.0, ""225"": 23.0, ""226"": 17.0, ""227"": 7.0, ""228"": 3.0, ""229"": 263.0, ""230"": 128.0, ""231"": 62.0, ""232"": 46.0, ""233"": 18.0, ""234"": 7.0}",2026-08-24T23:49:59-04:00
Kendre Miller,4599739,RB,NO,QUESTIONABLE,52.77398192,26.6,0.0,38.3,169.9981519507187,32.690518829014046,320.0,2551.0,"{""23"": 45.85805294, ""24"": 200.1675203, ""25"": 1.050041471, ""26"": 0.060361757, ""27"": 40.0, ""28"": 20.0, ""29"": 10.0, ""30"": 8.0, ""31"": 4.0, ""33"": 9.0, ""34"": 4.0, ""35"": 0.086852017, ""36"": 0.060796412, ""37"": 0.134717318, ""38"": 0.004597385, ""39"": 4.364937181, ""40"": 18.69696618, ""42"": 134.6595721, ""43"": 0.774260529, ""44"": 0.038703279, ""45"": 0.047143645, ""46"": 0.030808372, ""47"": 26.0, ""48"": 13.0, ""49"": 6.0, ""50"": 5.0, ""51"": 2.0, ""53"": 17.1310628, ""56"": 0.050821724, ""57"": 0.001571806, ""58"": 21.84603881, ""60"": 7.860549789, ""61"": 12.5780919, ""62"": 0.099065036, ""63"": 0.001888439, ""66"": 0.312464349, ""67"": 0.116726421, ""68"": 0.42919077, ""70"": 0.143733601, ""71"": 0.065366796, ""72"": 0.209100397, ""73"": 0.209100397, ""210"": 10.70588235, ""212"": 11.91201396, ""213"": 7.055534035}","{""23"": 39.0, ""24"": 148.0, ""25"": 1.0, ""27"": 28.0, ""28"": 12.0, ""29"": 4.0, ""30"": 3.0, ""33"": 5.0, ""34"": 1.0, ""39"": 3.79487179, ""40"": 24.66666667, ""41"": 5.0, ""42"": 33.0, ""47"": 6.0, ""48"": 2.0, ""53"": 5.0, ""58"": 8.0, ""59"": 33.0, ""60"": 6.6, ""61"": 5.5, ""114"": 176.0, ""116"": 17.0, ""117"": 5.0, ""155"": 1.0, ""156"": 5.0, ""158"": 6.0, ""179"": 1.0, ""210"": 6.0, ""212"": 11.0, ""213"": 2.0}",2026-08-24T23:49:59-04:00
Chig Okonkwo,4360635,TE,TEN,ACTIVE,93.54319529,87.6,0.0,86.4,169.6114191825837,32.513330145799415,220.0,417.0,"{""23"": 1.819122237, ""24"": 0.622818468, ""35"": 0.003339409, ""36"": 0.002337587, ""37"": -3.42899e-06, ""38"": -1.17018e-07, ""39"": 0.342373072, ""40"": 0.041198109, ""42"": 539.1949082, ""43"": 2.496850117, ""44"": 0.125081976, ""45"": 0.136729015, ""46"": 0.089352412, ""47"": 107.0, ""48"": 53.0, ""49"": 26.0, ""50"": 21.0, ""51"": 10.0, ""53"": 49.71119185, ""56"": 0.472252592, ""57"": 0.01460575, ""58"": 72.62526259, ""60"": 10.8465496, ""61"": 35.66658926, ""62"": 0.125081976, ""63"": 0.002077316, ""66"": 0.016666674, ""67"": 0.455450552, ""68"": 0.472117226, ""70"": 0.00766667, ""71"": 0.255052309, ""72"": 0.262718979, ""73"": 0.262718979, ""210"": 15.11764706, ""212"": 2.203536894, ""213"": 26.07099145}","{""23"": 1.0, ""24"": 17.0, ""27"": 3.0, ""28"": 1.0, ""39"": 17.0, ""40"": 1.0, ""41"": 52.0, ""42"": 479.0, ""43"": 2.0, ""44"": 1.0, ""45"": 1.0, ""46"": 1.0, ""47"": 90.0, ""48"": 40.0, ""49"": 15.0, ""50"": 12.0, ""51"": 4.0, ""53"": 52.0, ""54"": 3.0, ""58"": 70.0, ""59"": 249.0, ""60"": 9.21153846, ""61"": 28.17647059, ""67"": 2.0, ""68"": 2.0, ""71"": 1.0, ""72"": 1.0, ""73"": 1.0, ""107"": 1.0, ""108"": 4.0, ""109"": 5.0, ""155"": 3.0, ""156"": 14.0, ""158"": 14.0, ""184"": 1.0, ""210"": 17.0, ""212"": 1.0, ""213"": 19.0}",2026-08-24T23:49:59-04:00
Cardinals D/ST,-16022,D/ST,ARI,,63.9254765,84.0,0.0,40.0,169.16525511258004,32.20740176021592,520.0,490.0,"{""89"": 0.029705442, ""90"": 0.127309036, ""91"": 1.018472292, ""92"": 1.697453819, ""93"": 0.109191522, ""94"": 1.859593114, ""95"": 12.82724985, ""96"": 8.730785246, ""97"": 1.81431574, ""98"": 0.220608825, ""99"": 36.76778262, ""100"": 73.53556523, ""101"": 0.374420812, ""102"": 0.1368, ""103"": 1.292901548, ""104"": 0.566691567, ""105"": 2.480005449, ""106"": 10.61989238, ""109"": 1069.846794, ""110"": 356.0, ""111"": 213.0, ""112"": 48.43114582, ""113"": 71.07909528, ""114"": 1666.886818, ""115"": 251.591129, ""116"": 166.0, ""117"": 66.0, ""118"": 25.0, ""119"": 10.0, ""120"": 430.567136, ""121"": 2.461308038, ""122"": 4.625561658, ""123"": 4.201198203, ""124"": 2.503744383, ""125"": 0.335247129, ""126"": 25.32747859, ""127"": 6356.348955, ""129"": 0.04240459, ""130"": 1.187328511, ""131"": 2.756298329, ""132"": 4.494886505, ""133"": 4.282863557, ""134"": 2.798702918, ""135"": 1.102519332, ""136"": 0.334996258, ""137"": 373.9028797, ""210"": 17.0}","{""89"": 0.0, ""90"": 1.0, ""91"": 4.0, ""92"": 2.0, ""95"": 9.0, ""96"": 8.0, ""98"": 2.0, ""99"": 41.0, ""100"": 82.0, ""101"": 1.0, ""105"": 1.0, ""106"": 17.0, ""107"": 499.0, ""108"": 656.0, ""109"": 1155.0, ""110"": 379.0, ""111"": 224.0, ""112"": 86.0, ""113"": 63.0, ""114"": 709.0, ""115"": 202.0, ""116"": 66.0, ""117"": 25.0, ""118"": 17.0, ""119"": 3.0, ""120"": 373.0, ""121"": 1.0, ""122"": 4.0, ""123"": 3.0, ""124"": 2.0, ""127"": 5823.0, ""128"": 0.0, ""129"": 0.0, ""130"": 6.0, ""131"": 1.0, ""132"": 6.0, ""133"": 4.0, ""134"": 0.0, ""135"": 0.0, ""136"": 0.0, ""155"": 8.0, ""156"": 9.0, ""187"": 373.0, ""188"": 0.0, ""189"": 1.0, ""190"": 4.0, ""191"": 2.0, ""192"": 1.0, ""193"": 4.0, ""194"": 3.0, ""195"": 2.0, ""210"": 17.0}",2026-08-24T23:49:59-04:00
Younghoe Koo,3049899,K,ATL,QUESTIONABLE,137.08316437,111.0,134.42169078,133.0,164.72386058981232,31.985291607414528,256.0,363.0,"{""74"": 4.540544992, ""75"": 6.572275935, ""76"": 2.031730943, ""77"": 7.349418914, ""78"": 9.142621474, ""79"": 1.79320256, ""80"": 16.26372752, ""81"": 16.82112207, ""82"": 0.557394553, ""83"": 28.15369143, ""84"": 32.53601948, ""85"": 4.382328055, ""86"": 40.57390925, ""87"": 42.35876289, ""88"": 1.784853641, ""198"": 4.540544992, ""199"": 6.572275935, ""200"": 2.031730943, ""210"": 17.0, ""214"": 1063.825106, ""215"": 207.1294227, ""216"": 1270.954529}","{""74"": 6.0, ""75"": 9.0, ""76"": 3.0, ""77"": 7.0, ""78"": 11.0, ""79"": 4.0, ""80"": 12.0, ""81"": 14.0, ""82"": 2.0, ""83"": 25.0, ""84"": 34.0, ""85"": 9.0, ""86"": 26.0, ""87"": 26.0, ""107"": 1.0, ""109"": 1.0, ""155"": 7.0, ""156"": 7.0, ""158"": 101.0, ""198"": 6.0, ""199"": 9.0, ""200"": 3.0, ""210"": 14.0, ""214"": 973.0, ""215"": 452.0, ""216"": 1425.0, ""217"": 188.0, ""218"": 90.0, ""219"": 42.0, ""220"": 32.0, ""221"": 12.0, ""222"": 2.0, ""223"": 88.0, ""224"": 43.0, ""225"": 20.0, ""226"": 15.0, ""227"": 5.0, ""228"": 2.0, ""229"": 280.0, ""230"": 137.0, ""231"": 65.0, ""232"": 50.0, ""233"": 21.0, ""234"": 6.0}",2026-08-24T23:49:59-04:00
Ameer Abdullah,2576336,RB,LV,QUESTIONABLE,33.36667861,105.2,0.0,31.5,169.38542094455852,31.57486695906521,400.0,335.0,"{""23"": 23.99652702, ""24"": 103.0760394, ""25"": 0.621476866, ""26"": 0.029884538, ""27"": 20.0, ""28"": 10.0, ""29"": 5.0, ""30"": 4.0, ""31"": 2.0, ""33"": 4.0, ""34"": 2.0, ""35"": 0.044584626, ""36"": 0.031209238, ""37"": 0.026913644, ""38"": 0.000918459, ""39"": 4.295456559, ""40"": 7.27092394, ""42"": 94.21315556, ""43"": 0.419105036, ""44"": 0.023644662, ""45"": 0.042509932, ""46"": 0.02778024, ""47"": 18.0, ""48"": 9.0, ""49"": 4.0, ""50"": 3.0, ""51"": 1.0, ""53"": 13.02422668, ""56"": 0.041511603, ""57"": 0.001283864, ""58"": 16.96675016, ""60"": 7.233685186, ""61"": 6.645741264, ""62"": 0.053529199, ""63"": 0.0012061, ""66"": 0.177677981, ""67"": 0.096435551, ""68"": 0.274113531, ""70"": 0.081731871, ""71"": 0.054003908, ""72"": 0.135735779, ""73"": 0.135735779, ""101"": 0.17442792, ""114"": 787.8627598, ""116"": 78.0, ""117"": 31.0, ""210"": 14.17647059, ""212"": 7.473562904, ""213"": 4.588348457}","{""23"": 66.0, ""24"": 311.0, ""25"": 2.0, ""27"": 57.0, ""28"": 26.0, ""29"": 11.0, ""30"": 8.0, ""31"": 2.0, ""32"": 1.0, ""33"": 9.0, ""34"": 3.0, ""37"": 1.0, ""39"": 4.71212121, ""40"": 19.4375, ""41"": 40.0, ""42"": 261.0, ""43"": 3.0, ""47"": 46.0, ""48"": 20.0, ""49"": 6.0, ""50"": 5.0, ""51"": 1.0, ""53"": 40.0, ""54"": 3.0, ""58"": 47.0, ""59"": 252.0, ""60"": 6.525, ""61"": 16.3125, ""66"": 1.0, ""68"": 2.0, ""70"": 1.0, ""72"": 1.0, ""73"": 1.0, ""107"": 2.0, ""108"": 2.0, ""109"": 4.0, ""110"": 1.0, ""114"": 296.0, ""115"": 91.0, ""116"": 26.0, ""117"": 9.0, ""118"": 8.0, ""119"": 3.0, ""155"": 4.0, ""156"": 12.0, ""158"": 30.0, ""179"": 2.0, ""183"": 2.0, ""184"": 1.0, ""210"": 16.0, ""212"": 14.0, ""213"": 16.0}",2026-08-24T23:49:59-04:00
Browns D/ST,-16005,D/ST,CLE,,135.41214137,60.0,0.0,140.0,159.09047717413756,31.000210265118493,223.0,409.0,"{""89"": 0.310716074, ""90"": 1.40460691, ""91"": 4.596895343, ""92"": 3.745618428, ""93"": 0.116257682, ""94"": 1.864459027, ""95"": 13.5139589, ""96"": 8.760544259, ""97"": 1.737525907, ""98"": 0.21420756, ""99"": 46.2324624, ""100"": 92.4649248, ""101"": 0.386397532, ""102"": 0.171, ""103"": 1.296607403, ""104"": 0.567851624, ""105"": 2.538114241, ""106"": 12.78511882, ""109"": 997.2175419, ""110"": 332.0, ""111"": 199.0, ""112"": 54.9364155, ""113"": 81.43855478, ""114"": 1267.866901, ""115"": 276.0, ""116"": 126.0, ""117"": 50.0, ""118"": 27.0, ""119"": 11.0, ""120"": 314.9155847, ""121"": 2.468703055, ""122"": 2.851777666, ""123"": 1.40460691, ""124"": 0.212819229, ""125"": 0.004256385, ""126"": 18.52444616, ""127"": 5417.435342, ""129"": 0.809320972, ""130"": 6.304184415, ""131"": 4.557754949, ""132"": 3.492858933, ""133"": 1.490854422, ""134"": 0.255575044, ""135"": 0.085191681, ""136"": 0.004259584, ""137"": 318.6726672, ""210"": 17.0}","{""89"": 0.0, ""90"": 0.0, ""91"": 1.0, ""92"": 0.0, ""93"": 1.0, ""94"": 1.0, ""95"": 4.0, ""96"": 8.0, ""97"": 1.0, ""98"": 1.0, ""99"": 41.0, ""100"": 82.0, ""104"": 1.0, ""105"": 2.0, ""106"": 12.0, ""107"": 405.0, ""108"": 699.0, ""109"": 1104.0, ""110"": 361.0, ""111"": 215.0, ""112"": 108.0, ""113"": 60.0, ""114"": 1018.0, ""115"": 450.0, ""116"": 95.0, ""117"": 33.0, ""118"": 38.0, ""119"": 12.0, ""120"": 417.0, ""121"": 7.0, ""122"": 4.0, ""123"": 4.0, ""124"": 1.0, ""127"": 5816.0, ""128"": 0.0, ""129"": 0.0, ""130"": 5.0, ""131"": 5.0, ""132"": 3.0, ""133"": 3.0, ""134"": 1.0, ""135"": 0.0, ""136"": 0.0, ""155"": 3.0, ""156"": 14.0, ""187"": 417.0, ""188"": 0.0, ""189"": 0.0, ""190"": 1.0, ""191"": 0.0, ""192"": 7.0, ""193"": 4.0, ""194"": 4.0, ""195"": 1.0, ""210"": 17.0}",2026-08-24T23:49:59-04:00
Brandon Aiyuk,4360438,WR,SF,QUESTIONABLE,184.81942444,49.9,0.0,211.7,103.65092402464066,30.686219685195677,26.0,57.0,"{""42"": 1068.141646, ""43"": 6.860523132, ""44"": 0.302820162, ""45"": 0.354499155, ""46"": 0.231665198, ""47"": 213.0, ""48"": 106.0, ""49"": 53.0, ""50"": 42.0, ""51"": 21.0, ""53"": 75.22784884, ""56"": 2.978980553, ""57"": 0.092133419, ""58"": 113.5525384, ""60"": 14.19875303, ""61"": 70.65528401, ""62"": 0.302820162, ""63"": 0.005411386, ""67"": 1.229860445, ""68"": 1.229860445, ""71"": 0.688721849, ""72"": 0.688721849, ""73"": 0.688721849, ""210"": 15.11764706, ""213"": 48.25772944}","{""41"": 25.0, ""42"": 374.0, ""47"": 71.0, ""48"": 33.0, ""49"": 16.0, ""50"": 10.0, ""51"": 2.0, ""52"": 1.0, ""53"": 25.0, ""54"": 2.0, ""56"": 1.0, ""58"": 47.0, ""59"": 107.0, ""60"": 14.96, ""61"": 53.42857143, ""155"": 3.0, ""156"": 4.0, ""210"": 7.0, ""213"": 19.0}",2026-08-24T23:49:59-04:00
Falcons D/ST,-16001,D/ST,ATL,,111.00036714,75.0,0.0,80.0,168.30716794050815,30.634389265458566,338.0,316.0,"{""89"": 0.216858429, ""90"": 0.977988994, ""91"": 3.40170085, ""92"": 3.061530765, ""93"": 0.108597326, ""94"": 1.822163338, ""95"": 13.86004821, ""96"": 8.700477911, ""97"": 1.83964987, ""98"": 0.225131764, ""99"": 41.81642066, ""100"": 83.63284132, ""101"": 0.364626416, ""102"": 0.1368, ""103"": 1.264482566, ""104"": 0.557680772, ""105"": 2.43218708, ""106"": 13.52635477, ""109"": 1020.297346, ""110"": 340.0, ""111"": 204.0, ""112"": 40.64562009, ""113"": 71.12867847, ""114"": 1359.943595, ""115"": 296.7488038, ""116"": 135.0, ""117"": 54.0, ""118"": 29.0, ""119"": 11.0, ""120"": 354.0941243, ""121"": 2.466233117, ""122"": 3.444222111, ""123"": 2.338669335, ""124"": 0.977988994, ""125"": 0.114807404, ""126"": 20.82906614, ""127"": 5816.172347, ""129"": 0.52731639, ""130"": 4.422653592, ""131"": 3.895337202, ""132"": 3.86131679, ""133"": 2.517510506, ""134"": 1.190714429, ""135"": 0.459275565, ""136"": 0.125875525, ""137"": 342.1277851, ""210"": 17.0}","{""89"": 0.0, ""90"": 0.0, ""91"": 3.0, ""92"": 0.0, ""94"": 4.0, ""95"": 12.0, ""96"": 6.0, ""97"": 2.0, ""98"": 1.0, ""99"": 31.0, ""100"": 62.0, ""103"": 3.0, ""104"": 1.0, ""105"": 4.0, ""106"": 12.0, ""107"": 445.0, ""108"": 695.0, ""109"": 1140.0, ""110"": 372.0, ""111"": 220.0, ""112"": 66.0, ""113"": 66.0, ""114"": 791.0, ""115"": 200.0, ""116"": 73.0, ""117"": 25.0, ""118"": 14.0, ""119"": 2.0, ""120"": 409.0, ""121"": 5.0, ""122"": 3.0, ""123"": 3.0, ""124"": 3.0, ""127"": 5868.0, ""128"": 0.0, ""129"": 1.0, ""130"": 3.0, ""131"": 4.0, ""132"": 4.0, ""133"": 5.0, ""134"": 0.0, ""135"": 0.0, ""136"": 0.0, ""155"": 8.0, ""156"": 9.0, ""187"": 409.0, ""188"": 0.0, ""189"": 0.0, ""190"": 3.0, ""191"": 0.0, ""192"": 5.0, ""193"": 3.0, ""194"": 3.0, ""195"": 3.0, ""210"": 17.0}",2026-08-24T23:49:59-04:00
Cole Kmet,4258595,TE,CHI,ACTIVE,88.80008322,96.9,0.0,144.6,166.46518792359828,30.28786300618721,260.0,247.0,"{""23"": 2.085193369, ""24"": 0.72957037, ""25"": 0.032145133, ""26"": 0.001781763, ""35"": 0.0038284, ""36"": 0.00267988, ""37"": -3.73744e-06, ""38"": -1.27545e-07, ""39"": 0.349881398, ""40"": 0.048259519, ""42"": 442.320309, ""43"": 3.307525412, ""44"": 0.166581151, ""45"": 0.080252438, ""46"": 0.052444968, ""47"": 88.0, ""48"": 44.0, ""49"": 22.0, ""50"": 17.0, ""51"": 8.0, ""53"": 49.67141564, ""56"": 0.282274341, ""57"": 0.008730134, ""58"": 67.37569326, ""60"": 8.904926573, ""61"": 29.25854184, ""62"": 0.168362914, ""63"": 0.002830714, ""66"": 0.025919338, ""67"": 0.617424863, ""68"": 0.643344202, ""70"": 0.011922896, ""71"": 0.345757923, ""72"": 0.357680819, ""73"": 0.357680819, ""210"": 15.11764706, ""212"": 2.247270331, ""213"": 23.72200141}","{""41"": 47.0, ""42"": 474.0, ""43"": 4.0, ""44"": 1.0, ""47"": 87.0, ""48"": 41.0, ""49"": 17.0, ""50"": 13.0, ""51"": 4.0, ""53"": 47.0, ""54"": 4.0, ""55"": 1.0, ""58"": 55.0, ""59"": 181.0, ""60"": 10.08510638, ""61"": 27.88235294, ""108"": 1.0, ""109"": 1.0, ""155"": 5.0, ""156"": 12.0, ""158"": 26.0, ""183"": 3.0, ""186"": 1.0, ""210"": 17.0, ""213"": 25.0}",2026-08-24T23:49:59-04:00
Jonathon Brooks,4678008,RB,CAR,QUESTIONABLE,128.1330437,6.0,,,133.62731006160163,29.862792672350402,127.0,106.0,"{""23"": 143.3125433, ""24"": 656.3797126, ""25"": 4.835644621, ""26"": 0.24765019, ""27"": 131.0, ""28"": 65.0, ""29"": 32.0, ""30"": 26.0, ""31"": 13.0, ""33"": 28.0, ""34"": 14.0, ""35"": 0.289723408, ""36"": 0.202806386, ""37"": 1.45971172, ""38"": 0.049814361, ""39"": 4.580057666, ""40"": 61.31019293, ""42"": 173.9940876, ""43"": 0.831199494, ""44"": 0.044036895, ""45"": 0.036734551, ""46"": 0.024006029, ""47"": 34.0, ""48"": 17.0, ""49"": 8.0, ""50"": 6.0, ""51"": 3.0, ""53"": 23.61920926, ""56"": 0.065668026, ""57"": 0.00203097, ""58"": 30.17991242, ""60"": 7.366634746, ""61"": 16.252195, ""62"": 0.291687085, ""63"": 0.006024341, ""66"": 1.175444555, ""67"": 0.193723943, ""68"": 1.369168498, ""70"": 0.540704495, ""71"": 0.108485408, ""72"": 0.649189903, ""73"": 0.649189903, ""210"": 10.70588235, ""212"": 36.05900982, ""213"": 9.642371458}","{""23"": 9.0, ""24"": 22.0, ""27"": 4.0, ""28"": 1.0, ""33"": 1.0, ""39"": 2.44444444, ""40"": 7.33333333, ""41"": 3.0, ""42"": 23.0, ""47"": 4.0, ""48"": 2.0, ""49"": 1.0, ""53"": 3.0, ""58"": 3.0, ""59"": 31.0, ""60"": 7.66666667, ""61"": 7.66666667, ""156"": 3.0, ""210"": 3.0, ""213"": 2.0}",2026-08-24T23:49:59-04:00
Cowboys D/ST,-16006,D/ST,DAL,,127.55234154,81.0,0.0,162.0,157.85292294980377,29.804282496212792,225.0,491.0,"{""89"": 0.282539047, ""90"": 1.276531838, ""91"": 4.238085703, ""92"": 3.540248298, ""93"": 0.111502625, ""94"": 1.867651032, ""95"": 12.9480283, ""96"": 8.904276674, ""97"": 1.731395721, ""98"": 0.213995647, ""99"": 45.80878686, ""100"": 91.61757371, ""101"": 0.333729096, ""102"": 0.13851, ""103"": 1.303561785, ""104"": 0.564089247, ""105"": 2.451392752, ""106"": 13.23404812, ""109"": 1062.112146, ""110"": 354.0, ""111"": 212.0, ""112"": 35.2687174, ""113"": 70.22742147, ""114"": 1571.319938, ""115"": 265.7659091, ""116"": 157.0, ""117"": 62.0, ""118"": 26.0, ""119"": 10.0, ""120"": 329.7927541, ""121"": 2.467961554, ""122"": 3.029635563, ""123"": 1.685022026, ""124"": 0.442531037, ""125"": 0.037444934, ""126"": 19.39957377, ""127"": 5574.282928, ""129"": 0.783645656, ""130"": 6.132879046, ""131"": 4.497444634, ""132"": 3.526405451, ""133"": 1.584327087, ""134"": 0.340715503, ""135"": 0.119250426, ""136"": 0.015332198, ""137"": 327.8989957, ""210"": 17.0}","{""89"": 0.0, ""90"": 0.0, ""91"": 0.0, ""92"": 4.0, ""94"": 1.0, ""95"": 13.0, ""96"": 9.0, ""97"": 1.0, ""99"": 52.0, ""100"": 104.0, ""101"": 2.0, ""102"": 1.0, ""103"": 1.0, ""105"": 4.0, ""106"": 18.0, ""107"": 447.0, ""108"": 683.0, ""109"": 1130.0, ""110"": 371.0, ""111"": 218.0, ""112"": 51.0, ""113"": 70.0, ""114"": 1091.0, ""115"": 188.0, ""116"": 103.0, ""117"": 37.0, ""118"": 17.0, ""119"": 4.0, ""120"": 456.0, ""121"": 1.0, ""122"": 5.0, ""123"": 4.0, ""124"": 2.0, ""125"": 1.0, ""127"": 6039.0, ""128"": 0.0, ""129"": 0.0, ""130"": 5.0, ""131"": 3.0, ""132"": 2.0, ""133"": 4.0, ""134"": 3.0, ""135"": 0.0, ""136"": 0.0, ""155"": 7.0, ""156"": 10.0, ""187"": 456.0, ""188"": 0.0, ""189"": 0.0, ""190"": 0.0, ""191"": 4.0, ""192"": 1.0, ""193"": 5.0, ""194"": 4.0, ""195"": 2.0, ""196"": 1.0, ""210"": 17.0}",2026-08-24T23:49:59-04:00
Rashee Rice,4428331,WR,KC,QUESTIONABLE,171.6850711,52.9,0.0,173.0,167.73408624229978,29.628582841096158,57.0,2554.0,"{""23"": 1.911302171, ""24"": 11.22088218, ""25"": 0.092993394, ""26"": 0.004876178, ""27"": 2.0, ""28"": 1.0, ""35"": 0.003508807, ""36"": 0.002456165, ""37"": 0.000244589, ""38"": 8.3469e-06, ""39"": 5.870804917, ""40"": 0.791514511, ""42"": 877.114452, ""43"": 7.659947792, ""44"": 0.250680431, ""45"": 0.233004699, ""46"": 0.152268571, ""47"": 175.0, ""48"": 87.0, ""49"": 43.0, ""50"": 35.0, ""51"": 17.0, ""53"": 75.07944998, ""56"": 1.809982148, ""57"": 0.055978829, ""58"": 103.94915, ""60"": 11.68248372, ""61"": 61.87114392, ""62"": 0.25555661, ""63"": 0.006775186, ""66"": 0.038226043, ""67"": 1.501589, ""68"": 1.539815043, ""70"": 0.01758398, ""71"": 0.84088984, ""72"": 0.85847382, ""73"": 0.85847382, ""210"": 14.17647059, ""212"": 2.636310876, ""213"": 43.28302085}","{""23"": 1.0, ""24"": 1.0, ""39"": 1.0, ""40"": 0.25, ""41"": 24.0, ""42"": 288.0, ""43"": 2.0, ""45"": 1.0, ""47"": 57.0, ""48"": 28.0, ""49"": 13.0, ""50"": 11.0, ""51"": 5.0, ""52"": 2.0, ""53"": 24.0, ""54"": 4.0, ""55"": 1.0, ""56"": 2.0, ""58"": 29.0, ""59"": 186.0, ""60"": 12.0, ""61"": 72.0, ""106"": 1.0, ""108"": 2.0, ""109"": 2.0, ""155"": 4.0, ""158"": 12.0, ""184"": 1.0, ""210"": 4.0, ""212"": 1.0, ""213"": 15.0}",2026-08-24T23:49:59-04:00
Evan McPherson,4360234,K,CIN,QUESTIONABLE,138.847436,88.0,0.0,135.0,159.04763868838936,29.187902803821853,249.0,204.0,"{""74"": 4.561883528, ""75"": 6.567498605, ""76"": 2.005615076, ""77"": 7.378351756, ""78"": 9.135975782, ""79"": 1.757624026, ""80"": 16.31496681, ""81"": 16.80889494, ""82"": 0.493928136, ""83"": 28.25520209, ""84"": 32.51236933, ""85"": 4.257167238, ""86"": 41.83687814, ""87"": 43.50688677, ""88"": 1.670008634, ""198"": 4.561883528, ""199"": 6.567498605, ""200"": 2.005615076, ""210"": 17.0, ""214"": 1067.816544, ""215"": 202.2141393, ""216"": 1270.030683}","{""74"": 3.0, ""75"": 7.0, ""76"": 4.0, ""77"": 3.0, ""78"": 5.0, ""79"": 2.0, ""80"": 10.0, ""81"": 10.0, ""83"": 16.0, ""84"": 22.0, ""85"": 6.0, ""86"": 37.0, ""87"": 38.0, ""88"": 1.0, ""155"": 4.0, ""156"": 8.0, ""158"": 85.0, ""198"": 3.0, ""199"": 7.0, ""200"": 4.0, ""210"": 12.0, ""214"": 594.0, ""215"": 304.0, ""216"": 898.0, ""217"": 115.0, ""218"": 55.0, ""219"": 24.0, ""220"": 21.0, ""221"": 9.0, ""222"": 2.0, ""223"": 58.0, ""224"": 28.0, ""225"": 12.0, ""226"": 10.0, ""227"": 4.0, ""229"": 176.0, ""230"": 86.0, ""231"": 39.0, ""232"": 33.0, ""233"": 15.0, ""234"": 4.0}",2026-08-24T23:49:59-04:00
Zack Moss,4035676,RB,CIN,QUESTIONABLE,140.137956,70.4,0.0,156.1,111.41088295687885,28.366148987690575,137.0,62.0,"{""23"": 149.4734742, ""24"": 646.890806, ""25"": 5.588801764, ""26"": 0.327724756, ""27"": 129.0, ""28"": 64.0, ""29"": 32.0, ""30"": 25.0, ""31"": 12.0, ""33"": 29.0, ""34"": 14.0, ""35"": 0.296595818, ""36"": 0.207617072, ""37"": 1.093487245, ""38"": 0.037316524, ""39"": 4.327796686, ""40"": 45.63130167, ""42"": 206.8637499, ""43"": 1.052074241, ""44"": 0.051283133, ""45"": 0.037177983, ""46"": 0.024295812, ""47"": 41.0, ""48"": 20.0, ""49"": 10.0, ""50"": 8.0, ""51"": 4.0, ""53"": 30.31947048, ""56"": 0.077236122, ""57"": 0.002388746, ""58"": 39.48466312, ""60"": 6.822802199, ""61"": 14.59204875, ""62"": 0.379007889, ""63"": 0.004615816, ""66"": 0.872142269, ""67"": 0.176906919, ""68"": 1.049049189, ""70"": 0.401185444, ""71"": 0.099067875, ""72"": 0.500253319, ""73"": 0.500253319, ""210"": 14.17647059, ""212"": 37.16191708, ""213"": 11.89579738}","{""23"": 74.0, ""24"": 242.0, ""25"": 2.0, ""27"": 44.0, ""28"": 21.0, ""29"": 8.0, ""30"": 6.0, ""31"": 2.0, ""33"": 12.0, ""34"": 3.0, ""39"": 3.27027027, ""40"": 30.25, ""41"": 23.0, ""42"": 187.0, ""43"": 1.0, ""47"": 33.0, ""48"": 14.0, ""49"": 5.0, ""50"": 5.0, ""53"": 23.0, ""54"": 1.0, ""58"": 27.0, ""59"": 194.0, ""60"": 8.13043478, ""61"": 23.375, ""66"": 2.0, ""68"": 2.0, ""70"": 1.0, ""72"": 1.0, ""73"": 1.0, ""107"": 1.0, ""109"": 1.0, ""155"": 3.0, ""156"": 5.0, ""158"": 18.0, ""179"": 2.0, ""183"": 1.0, ""210"": 8.0, ""212"": 13.0, ""213"": 11.0}",2026-08-24T23:49:59-04:00
Hollywood Brown,4241372,WR,KC,ACTIVE,118.41357235,13.6,0.0,109.2,169.38131416837783,28.200092596235027,130.0,1746.0,"{""23"": 1.590322176, ""24"": 10.10799074, ""25"": 0.066004423, ""26"": 0.00346004, ""27"": 2.0, ""28"": 1.0, ""35"": 0.002919577, ""36"": 0.002043704, ""37"": 0.000247955, ""38"": 8.46177e-06, ""39"": 6.355939003, ""40"": 0.818265917, ""42"": 639.7786593, ""43"": 5.249925627, ""44"": 0.171747166, ""45"": 0.174780441, ""46"": 0.114219018, ""47"": 127.0, ""48"": 63.0, ""49"": 31.0, ""50"": 25.0, ""51"": 12.0, ""53"": 43.72941588, ""56"": 1.061669997, ""57"": 0.032835155, ""58"": 77.71757205, ""60"": 14.63039573, ""61"": 51.79160575, ""62"": 0.175207206, ""63"": 0.002711185, ""66"": 0.021622414, ""67"": 0.594555971, ""68"": 0.616178385, ""70"": 0.009946311, ""71"": 0.332951344, ""72"": 0.342897654, ""73"": 0.342897654, ""210"": 12.35294118, ""212"": 2.193467605, ""213"": 28.80991837}","{""41"": 9.0, ""42"": 91.0, ""47"": 18.0, ""48"": 8.0, ""49"": 4.0, ""50"": 2.0, ""53"": 9.0, ""54"": 1.0, ""58"": 15.0, ""59"": 46.0, ""60"": 10.11111111, ""61"": 45.5, ""155"": 2.0, ""210"": 2.0, ""213"": 5.0}",2026-08-24T23:49:59-04:00
Mike Gesicki,3116164,TE,CIN,ACTIVE,64.02514744,109.0,0.0,50.9,167.8644485520641,28.11423072500257,415.0,250.0,"{""42"": 312.1888459, ""43"": 2.942854645, ""44"": 0.143434958, ""45"": 0.094535145, ""46"": 0.061778717, ""47"": 62.0, ""48"": 31.0, ""49"": 15.0, ""50"": 12.0, ""51"": 6.0, ""53"": 30.35425241, ""56"": 0.135280332, ""57"": 0.004183928, ""58"": 45.87580832, ""60"": 10.28484713, ""61"": 20.65062405, ""62"": 0.143434958, ""63"": 0.001236954, ""67"": 0.28112602, ""68"": 0.28112602, ""71"": 0.157430571, ""72"": 0.157430571, ""73"": 0.157430571, ""210"": 15.11764706, ""213"": 15.58134799}","{""41"": 65.0, ""42"": 665.0, ""43"": 2.0, ""45"": 1.0, ""47"": 129.0, ""48"": 62.0, ""49"": 27.0, ""50"": 20.0, ""51"": 7.0, ""52"": 1.0, ""53"": 65.0, ""54"": 7.0, ""55"": 1.0, ""56"": 1.0, ""58"": 83.0, ""59"": 245.0, ""60"": 10.23076923, ""61"": 39.11764706, ""67"": 1.0, ""68"": 1.0, ""71"": 1.0, ""72"": 1.0, ""73"": 1.0, ""155"": 9.0, ""156"": 8.0, ""158"": 12.0, ""184"": 1.0, ""210"": 17.0, ""213"": 38.0}",2026-08-24T23:49:59-04:00
Dak Prescott,2577417,QB,DAL,QUESTIONABLE,329.56950796,137.6,0.0,413.0,65.46906474820143,27.85972847935097,69.0,42.0,"{""0"": 549.4885314, ""1"": 372.856905, ""2"": 176.6316263, ""3"": 4078.658192, ""4"": 26.61516841, ""5"": 815.0, ""6"": 407.0, ""7"": 203.0, ""8"": 163.0, ""9"": 81.0, ""10"": 40.0, ""11"": 74.0, ""12"": 37.0, ""15"": 3.691888933, ""16"": 2.412649418, ""17"": 4.64935889, ""18"": 0.628006479, ""19"": 1.290605213, ""20"": 12.27010908, ""21"": 0.678552661, ""22"": 271.9105461, ""23"": 51.25005656, ""24"": 229.0172251, ""25"": 2.073783959, ""26"": 0.12103581, ""27"": 45.0, ""28"": 22.0, ""29"": 11.0, ""30"": 9.0, ""31"": 4.0, ""33"": 10.0, ""34"": 5.0, ""35"": 0.096960877, ""36"": 0.067872614, ""37"": 0.152187554, ""38"": 0.005193577, ""39"": 4.468623851, ""40"": 15.26781501, ""62"": 1.411641023, ""63"": 0.031037168, ""64"": 34.80231019, ""65"": 6.485074735, ""66"": 0.568827069, ""68"": 7.053901804, ""69"": 3.112835873, ""70"": 0.261660452, ""72"": 3.374496325, ""73"": 15.6446054, ""210"": 15.0, ""211"": 200.5633636, ""212"": 14.22068028}","{""0"": 286.0, ""1"": 185.0, ""2"": 101.0, ""3"": 1978.0, ""4"": 11.0, ""5"": 391.0, ""6"": 194.0, ""7"": 94.0, ""8"": 76.0, ""9"": 35.0, ""10"": 15.0, ""11"": 33.0, ""12"": 13.0, ""13"": 17.0, ""14"": 7.0, ""15"": 2.0, ""16"": 2.0, ""17"": 2.0, ""20"": 8.0, ""21"": 0.64685315, ""22"": 247.25, ""23"": 13.0, ""24"": 54.0, ""25"": 1.0, ""27"": 9.0, ""28"": 4.0, ""29"": 1.0, ""30"": 1.0, ""39"": 4.15384615, ""40"": 6.75, ""64"": 21.0, ""65"": 4.0, ""68"": 4.0, ""69"": 1.0, ""72"": 1.0, ""73"": 9.0, ""107"": 1.0, ""109"": 1.0, ""155"": 3.0, ""156"": 5.0, ""158"": 72.0, ""175"": 3.0, ""176"": 3.0, ""177"": 3.0, ""179"": 1.0, ""210"": 8.0, ""211"": 87.0, ""212"": 5.0}",2026-08-24T23:49:59-04:00
Christian Kirk,3895856,WR,HOU,QUESTIONABLE,163.63874643,57.4,0.0,121.8,130.01971252566736,27.449542128366254,81.0,100.0,"{""23"": 1.991469321, ""24"": 11.89949821, ""25"": 0.078780947, ""26"": 0.004701719, ""27"": 2.0, ""28"": 1.0, ""35"": 0.003656133, ""36"": 0.002559293, ""37"": 0.000278899, ""38"": 9.51774e-06, ""39"": 5.975235515, ""40"": 0.787126341, ""42"": 951.1673122, ""43"": 4.410717648, ""44"": 0.272251923, ""45"": 0.156820205, ""46"": 0.102482004, ""47"": 190.0, ""48"": 95.0, ""49"": 47.0, ""50"": 38.0, ""51"": 19.0, ""53"": 83.4962512, ""56"": 2.211104408, ""57"": 0.068384672, ""58"": 123.9620979, ""60"": 11.39173674, ""61"": 62.91768213, ""62"": 0.276953642, ""63"": 0.007522919, ""66"": 0.039829386, ""67"": 1.669925024, ""68"": 1.70975441, ""70"": 0.018321518, ""71"": 0.935158013, ""72"": 0.953479531, ""73"": 0.953479531, ""210"": 15.11764706, ""212"": 2.653499569, ""213"": 45.91491396}","{""41"": 27.0, ""42"": 379.0, ""43"": 1.0, ""47"": 72.0, ""48"": 34.0, ""49"": 15.0, ""50"": 12.0, ""51"": 4.0, ""53"": 27.0, ""54"": 2.0, ""58"": 47.0, ""59"": 113.0, ""60"": 14.03703704, ""61"": 47.375, ""108"": 2.0, ""109"": 2.0, ""155"": 2.0, ""156"": 6.0, ""158"": 6.0, ""183"": 1.0, ""210"": 8.0, ""213"": 18.0}",2026-08-24T23:49:59-04:00
Will Reichard,4567104,K,MIN,ACTIVE,125.13005545,125.0,,,162.15384615384616,26.47371919930132,499.0,203.0,"{""74"": 4.429929506, ""75"": 6.621718245, ""76"": 2.191788739, ""77"": 7.203314904, ""78"": 9.211400134, ""79"": 2.008085229, ""80"": 16.01554344, ""81"": 16.94766501, ""82"": 0.932121576, ""83"": 27.64878785, ""84"": 32.78078339, ""85"": 5.131995544, ""86"": 31.25251353, ""87"": 33.38943753, ""88"": 2.136924002, ""198"": 4.429929506, ""199"": 6.621718245, ""200"": 2.191788739, ""210"": 17.0, ""214"": 1043.831667, ""215"": 236.6840745, ""216"": 1280.515742}","{""74"": 8.0, ""75"": 11.0, ""76"": 3.0, ""77"": 5.0, ""78"": 7.0, ""79"": 2.0, ""80"": 11.0, ""81"": 12.0, ""82"": 1.0, ""83"": 24.0, ""84"": 30.0, ""85"": 6.0, ""86"": 38.0, ""87"": 38.0, ""155"": 10.0, ""156"": 3.0, ""158"": 110.0, ""198"": 8.0, ""199"": 11.0, ""200"": 3.0, ""210"": 13.0, ""214"": 978.0, ""215"": 282.0, ""216"": 1260.0, ""217"": 191.0, ""218"": 92.0, ""219"": 44.0, ""220"": 35.0, ""221"": 14.0, ""222"": 5.0, ""223"": 55.0, ""224"": 27.0, ""225"": 13.0, ""226"": 10.0, ""227"": 4.0, ""228"": 1.0, ""229"": 246.0, ""230"": 119.0, ""231"": 57.0, ""232"": 45.0, ""233"": 18.0, ""234"": 6.0}",2026-08-24T23:49:59-04:00
Braelon Allen,4685247,RB,NYJ,ACTIVE,68.85586614,75.7,,,150.2564681724846,26.00648425145145,325.0,139.0,"{""23"": 78.36213666, ""24"": 338.728294, ""25"": 2.679382267, ""26"": 0.147682025, ""27"": 67.0, ""28"": 33.0, ""29"": 16.0, ""30"": 13.0, ""31"": 6.0, ""33"": 15.0, ""34"": 7.0, ""35"": 0.149876425, ""36"": 0.104913498, ""37"": 0.297296064, ""38"": 0.010145574, ""39"": 4.322601557, ""40"": 23.89369708, ""42"": 93.34212847, ""43"": 0.564710464, ""44"": 0.028281701, ""45"": 0.044366299, ""46"": 0.028993377, ""47"": 18.0, ""48"": 9.0, ""49"": 4.0, ""50"": 3.0, ""51"": 1.0, ""53"": 13.08774477, ""56"": 0.041177539, ""57"": 0.001273532, ""58"": 16.57027552, ""60"": 7.132025428, ""61"": 6.584299519, ""62"": 0.175963725, ""63"": 0.003300303, ""66"": 0.642723552, ""67"": 0.107345233, ""68"": 0.750068785, ""70"": 0.295652834, ""71"": 0.06011333, ""72"": 0.355766164, ""73"": 0.355766164, ""210"": 14.17647059, ""212"": 20.26749312, ""213"": 4.638347144}","{""23"": 92.0, ""24"": 334.0, ""25"": 2.0, ""27"": 60.0, ""28"": 25.0, ""29"": 9.0, ""30"": 8.0, ""31"": 1.0, ""33"": 12.0, ""34"": 3.0, ""39"": 3.63043478, ""40"": 19.64705882, ""41"": 19.0, ""42"": 148.0, ""43"": 1.0, ""47"": 25.0, ""48"": 9.0, ""49"": 2.0, ""50"": 1.0, ""53"": 19.0, ""58"": 27.0, ""59"": 163.0, ""60"": 7.78947368, ""61"": 8.70588235, ""108"": 1.0, ""109"": 1.0, ""155"": 5.0, ""156"": 12.0, ""158"": 18.0, ""179"": 1.0, ""181"": 1.0, ""184"": 1.0, ""210"": 17.0, ""212"": 22.0, ""213"": 8.0}",2026-08-24T23:49:59-04:00
Nick Westbrook-Ikhine,3929785,WR,MIA,ACTIVE,18.11908325,119.7,0.0,71.0,169.2,25.719443835871786,1056.0,1174.0,"{""42"": 101.8537705, ""43"": 0.649717126, ""44"": 0.032535723, ""45"": 0.114876791, ""46"": 0.075071983, ""47"": 20.0, ""48"": 10.0, ""49"": 5.0, ""50"": 4.0, ""51"": 2.0, ""53"": 8.277313577, ""56"": 0.043215679, ""57"": 0.001336567, ""58"": 14.09498376, ""60"": 12.30517239, ""61"": 7.214642079, ""62"": 0.032535723, ""63"": 0.000661276, ""67"": 0.150289993, ""68"": 0.150289993, ""71"": 0.084162396, ""72"": 0.084162396, ""73"": 0.084162396, ""210"": 14.11764706, ""213"": 3.878999517}","{""41"": 32.0, ""42"": 497.0, ""43"": 9.0, ""45"": 1.0, ""46"": 1.0, ""47"": 94.0, ""48"": 43.0, ""49"": 17.0, ""50"": 14.0, ""51"": 5.0, ""52"": 1.0, ""53"": 32.0, ""54"": 1.0, ""56"": 1.0, ""58"": 60.0, ""59"": 124.0, ""60"": 15.53125, ""61"": 29.23529412, ""108"": 4.0, ""109"": 4.0, ""155"": 3.0, ""156"": 14.0, ""158"": 54.0, ""183"": 5.0, ""184"": 1.0, ""185"": 1.0, ""186"": 1.0, ""210"": 17.0, ""213"": 25.0}",2026-08-24T23:49:59-04:00
Blake Corum,4429096,RB,LAR,QUESTIONABLE,108.16452777,30.0,,,169.22258726899383,25.516108591753277,154.0,436.0,"{""23"": 131.7297106, ""24"": 563.1671457, ""25"": 4.220966609, ""26"": 0.209546711, ""27"": 112.0, ""28"": 56.0, ""29"": 28.0, ""30"": 22.0, ""31"": 11.0, ""33"": 26.0, ""34"": 13.0, ""35"": 0.258984629, ""36"": 0.181289241, ""37"": 0.823792675, ""38"": 0.028112883, ""39"": 4.275171813, ""40"": 39.72548331, ""42"": 129.6015253, ""43"": 0.670529199, ""44"": 0.035919876, ""45"": 0.044115098, ""46"": 0.028829217, ""47"": 25.0, ""48"": 12.0, ""49"": 6.0, ""50"": 5.0, ""51"": 2.0, ""53"": 17.69130647, ""56"": 0.052320935, ""57"": 0.001618173, ""58"": 23.04612552, ""60"": 7.325718174, ""61"": 9.142016311, ""62"": 0.245466587, ""63"": 0.005392403, ""66"": 1.08044256, ""67"": 0.145103488, ""68"": 1.225546048, ""70"": 0.497003578, ""71"": 0.081257953, ""72"": 0.578261531, ""73"": 0.578261531, ""101"": 0.226437079, ""114"": 742.9966669, ""116"": 74.0, ""117"": 29.0, ""210"": 14.17647059, ""212"": 32.23724707, ""213"": 6.730813546}","{""23"": 58.0, ""24"": 207.0, ""27"": 38.0, ""28"": 16.0, ""29"": 6.0, ""30"": 4.0, ""33"": 6.0, ""39"": 3.56896552, ""40"": 12.17647059, ""41"": 7.0, ""42"": 58.0, ""47"": 9.0, ""48"": 2.0, ""53"": 7.0, ""58"": 8.0, ""59"": 65.0, ""60"": 8.28571429, ""61"": 3.41176471, ""107"": 1.0, ""108"": 1.0, ""109"": 2.0, ""114"": 186.0, ""116"": 17.0, ""117"": 4.0, ""155"": 10.0, ""156"": 7.0, ""210"": 17.0, ""212"": 12.0, ""213"": 5.0}",2026-08-24T23:49:59-04:00
Seahawks D/ST,-16026,D/ST,SEA,,105.21599479,117.0,0.0,84.0,167.53191489361703,25.37282233392683,360.0,485.0,"{""89"": 0.198109433, ""90"": 0.89276783, ""91"": 3.162948885, ""92"": 2.924877463, ""93"": 0.111073781, ""94"": 1.830625456, ""95"": 13.97111318, ""96"": 8.775651951, ""97"": 1.798777776, ""98"": 0.219809886, ""99"": 39.22184973, ""100"": 78.44369946, ""101"": 0.414811108, ""102"": 0.171, ""103"": 1.269104656, ""104"": 0.561520801, ""105"": 2.527510345, ""106"": 12.52198284, ""109"": 1029.630786, ""110"": 343.0, ""111"": 205.0, ""112"": 43.23985765, ""113"": 78.03844155, ""114"": 1361.098947, ""115"": 276.0, ""116"": 136.0, ""117"": 54.0, ""118"": 27.0, ""119"": 11.0, ""120"": 355.8830818, ""121"": 2.465739722, ""122"": 3.562568771, ""123"": 2.525257577, ""124"": 1.130839252, ""125"": 0.136891067, ""126"": 20.93429893, ""127"": 5845.41407, ""129"": 0.501725777, ""130"": 4.251913361, ""131"": 3.835225852, ""132"": 3.894752639, ""133"": 2.610674804, ""134"": 1.275574008, ""135"": 0.49322195, ""136"": 0.13691161, ""137"": 343.8478865, ""210"": 17.0}","{""89"": 0.0, ""90"": 3.0, ""91"": 0.0, ""92"": 3.0, ""94"": 4.0, ""95"": 13.0, ""96"": 5.0, ""97"": 3.0, ""98"": 1.0, ""99"": 45.0, ""100"": 90.0, ""101"": 1.0, ""103"": 2.0, ""104"": 2.0, ""105"": 5.0, ""106"": 14.0, ""107"": 473.0, ""108"": 697.0, ""109"": 1170.0, ""110"": 383.0, ""111"": 226.0, ""112"": 55.0, ""113"": 74.0, ""114"": 1065.0, ""115"": 186.0, ""116"": 99.0, ""117"": 36.0, ""118"": 12.0, ""119"": 2.0, ""120"": 358.0, ""121"": 4.0, ""122"": 2.0, ""123"": 3.0, ""124"": 2.0, ""127"": 5656.0, ""128"": 0.0, ""129"": 1.0, ""130"": 6.0, ""131"": 1.0, ""132"": 5.0, ""133"": 3.0, ""134"": 1.0, ""135"": 0.0, ""136"": 0.0, ""155"": 10.0, ""156"": 7.0, ""187"": 358.0, ""188"": 0.0, ""189"": 3.0, ""190"": 0.0, ""191"": 3.0, ""192"": 4.0, ""193"": 2.0, ""194"": 3.0, ""195"": 2.0, ""210"": 17.0}",2026-08-24T23:49:59-04:00
Xavier Legette,4430034,WR,CAR,QUESTIONABLE,108.5826884,100.6,,,154.51745379876797,25.079887479695266,191.0,146.0,"{""23"": 6.29547575, ""24"": 38.93749854, ""25"": 0.320628819, ""26"": 0.016428947, ""27"": 7.0, ""28"": 3.0, ""29"": 1.0, ""30"": 1.0, ""33"": 1.0, ""35"": 0.011584952, ""36"": 0.008109466, ""37"": 0.003645891, ""38"": 0.00012442, ""39"": 6.184996986, ""40"": 2.575632199, ""42"": 612.036415, ""43"": 3.091868397, ""44"": 0.163779604, ""45"": 0.19940799, ""46"": 0.130313122, ""47"": 122.0, ""48"": 61.0, ""49"": 30.0, ""50"": 24.0, ""51"": 12.0, ""53"": 46.53027921, ""56"": 0.684582215, ""57"": 0.021172646, ""58"": 75.20264442, ""60"": 13.15350833, ""61"": 40.48489905, ""62"": 0.180208551, ""63"": 0.002469581, ""66"": 0.066888817, ""67"": 0.494379684, ""68"": 0.561268501, ""70"": 0.030768856, ""71"": 0.276852623, ""72"": 0.307621479, ""73"": 0.307621479, ""210"": 15.11764706, ""212"": 4.008226451, ""213"": 27.5979519}","{""23"": 6.0, ""24"": 24.0, ""27"": 4.0, ""28"": 1.0, ""39"": 4.0, ""40"": 1.5, ""41"": 49.0, ""42"": 497.0, ""43"": 4.0, ""47"": 93.0, ""48"": 43.0, ""49"": 18.0, ""50"": 14.0, ""51"": 3.0, ""53"": 49.0, ""54"": 2.0, ""58"": 84.0, ""59"": 112.0, ""60"": 10.14285714, ""61"": 31.0625, ""108"": 2.0, ""109"": 2.0, ""114"": 102.0, ""116"": 8.0, ""117"": 3.0, ""155"": 4.0, ""156"": 12.0, ""158"": 24.0, ""183"": 4.0, ""210"": 16.0, ""212"": 2.0, ""213"": 27.0}",2026-08-24T23:49:59-04:00
Isaiah Likely,4361050,TE,BAL,ACTIVE,115.43336658,102.7,48.47316756,86.1,165.3838570548367,24.29807216854862,366.0,353.0,"{""42"": 607.7366889, ""43"": 4.705139106, ""44"": 0.273259946, ""45"": 0.163736587, ""46"": 0.10700186, ""47"": 121.0, ""48"": 60.0, ""49"": 30.0, ""50"": 24.0, ""51"": 12.0, ""53"": 52.84929806, ""56"": 0.668221029, ""57"": 0.02066663, ""58"": 78.58765445, ""60"": 11.49942783, ""61"": 40.20048137, ""62"": 0.273259946, ""63"": 0.002130487, ""67"": 0.484201667, ""68"": 0.484201667, ""71"": 0.271152934, ""72"": 0.271152934, ""73"": 0.271152934, ""210"": 15.11764706, ""213"": 29.57938663}","{""41"": 42.0, ""42"": 477.0, ""43"": 6.0, ""45"": 1.0, ""47"": 89.0, ""48"": 39.0, ""49"": 16.0, ""50"": 14.0, ""51"": 3.0, ""52"": 1.0, ""53"": 42.0, ""54"": 2.0, ""56"": 1.0, ""58"": 58.0, ""59"": 256.0, ""60"": 11.35714286, ""61"": 29.8125, ""67"": 1.0, ""68"": 1.0, ""71"": 1.0, ""72"": 1.0, ""73"": 1.0, ""108"": 1.0, ""109"": 1.0, ""155"": 11.0, ""156"": 5.0, ""158"": 36.0, ""183"": 4.0, ""184"": 1.0, ""210"": 16.0, ""213"": 26.0}",2026-08-24T23:49:59-04:00
Drake Maye,4431452,QB,NE,ACTIVE,235.99376753,206.1,,,168.5432682425488,24.052204040574306,386.0,423.0,"{""0"": 481.497754, ""1"": 304.214975, ""2"": 177.282779, ""3"": 3203.297244, ""4"": 15.57775426, ""5"": 640.0, ""6"": 320.0, ""7"": 160.0, ""8"": 128.0, ""9"": 64.0, ""10"": 32.0, ""11"": 60.0, ""12"": 30.0, ""15"": 2.503119019, ""16"": 1.635788279, ""17"": 2.259191791, ""18"": 0.305157575, ""19"": 0.841820795, ""20"": 12.53097877, ""21"": 0.631809749, ""22"": 228.806946, ""23"": 61.86370893, ""24"": 308.8233979, ""25"": 2.369901876, ""26"": 0.123886145, ""27"": 61.0, ""28"": 30.0, ""29"": 15.0, ""30"": 12.0, ""31"": 6.0, ""33"": 12.0, ""34"": 6.0, ""35"": 0.118089478, ""36"": 0.082662634, ""37"": 0.297168655, ""38"": 0.010141226, ""39"": 4.991996167, ""40"": 22.05881414, ""62"": 0.965706939, ""63"": 0.034270327, ""64"": 37.22078107, ""65"": 6.958787802, ""66"": 0.829922962, ""68"": 7.788710764, ""69"": 3.340218145, ""70"": 0.381764563, ""72"": 3.721982707, ""73"": 16.25296148, ""210"": 14.0, ""211"": 157.7176, ""212"": 17.65904918}","{""0"": 338.0, ""1"": 225.0, ""2"": 113.0, ""3"": 2276.0, ""4"": 15.0, ""5"": 450.0, ""6"": 223.0, ""7"": 110.0, ""8"": 85.0, ""9"": 40.0, ""10"": 18.0, ""11"": 39.0, ""12"": 17.0, ""13"": 18.0, ""14"": 8.0, ""15"": 1.0, ""19"": 2.0, ""20"": 10.0, ""21"": 0.66568047, ""22"": 175.07692308, ""23"": 54.0, ""24"": 421.0, ""25"": 2.0, ""27"": 79.0, ""28"": 36.0, ""29"": 14.0, ""30"": 11.0, ""31"": 2.0, ""33"": 6.0, ""39"": 7.7962963, ""40"": 32.38461538, ""64"": 34.0, ""65"": 6.0, ""66"": 4.0, ""68"": 9.0, ""69"": 4.0, ""70"": 2.0, ""72"": 6.0, ""73"": 16.0, ""108"": 1.0, ""109"": 1.0, ""155"": 3.0, ""156"": 10.0, ""158"": 102.0, ""175"": 7.0, ""176"": 2.0, ""177"": 2.0, ""178"": 3.0, ""179"": 1.0, ""180"": 1.0, ""210"": 13.0, ""211"": 112.0, ""212"": 22.0}",2026-08-24T23:49:59-04:00
Cedric Tillman,4369863,WR,CLE,QUESTIONABLE,64.48243319,65.9,0.0,33.7,169.65071868583163,23.781303731301282,371.0,2516.0,"{""42"": 374.5930718, ""43"": 2.183766351, ""44"": 0.117750668, ""45"": 0.169423218, ""46"": 0.110718073, ""47"": 74.0, ""48"": 37.0, ""49"": 18.0, ""50"": 14.0, ""51"": 7.0, ""53"": 28.65374072, ""56"": 0.192802193, ""57"": 0.005962954, ""58"": 48.14039475, ""60"": 13.0730949, ""61"": 24.77853004, ""62"": 0.117750668, ""63"": 0.002521529, ""67"": 0.573074814, ""68"": 0.573074814, ""71"": 0.320921896, ""72"": 0.320921896, ""73"": 0.320921896, ""210"": 15.11764706, ""213"": 16.60420606}","{""23"": 1.0, ""24"": -5.0, ""39"": -5.0, ""40"": -0.45454545, ""41"": 29.0, ""42"": 339.0, ""43"": 3.0, ""44"": 1.0, ""47"": 64.0, ""48"": 30.0, ""49"": 14.0, ""50"": 11.0, ""51"": 3.0, ""53"": 29.0, ""54"": 3.0, ""58"": 49.0, ""59"": 104.0, ""60"": 11.68965517, ""61"": 30.81818182, ""67"": 1.0, ""68"": 1.0, ""71"": 1.0, ""72"": 1.0, ""73"": 1.0, ""155"": 3.0, ""156"": 8.0, ""158"": 20.0, ""184"": 1.0, ""185"": 1.0, ""186"": 1.0, ""210"": 11.0, ""213"": 15.0}",2026-08-24T23:49:59-04:00
Nick Folk,10621,K,TEN,QUESTIONABLE,134.5760254,107.0,133.88755631,130.0,169.03691482779954,23.616676846375775,412.0,469.0,"{""74"": 4.759034679, ""75"": 6.61813977, ""76"": 1.859105091, ""77"": 7.660567015, ""78"": 9.206422155, ""79"": 1.545855141, ""80"": 16.76912118, ""81"": 16.93850624, ""82"": 0.169385062, ""83"": 29.18872287, ""84"": 32.76306817, ""85"": 3.574345294, ""86"": 33.4055657, ""87"": 34.08731194, ""88"": 0.681746239, ""198"": 4.759034679, ""199"": 6.61813977, ""200"": 1.859105091, ""210"": 17.0, ""214"": 1104.787024, ""215"": 175.0367081, ""216"": 1279.823732}","{""74"": 6.0, ""75"": 6.0, ""77"": 8.0, ""78"": 9.0, ""79"": 1.0, ""80"": 7.0, ""81"": 7.0, ""83"": 21.0, ""84"": 22.0, ""85"": 1.0, ""86"": 25.0, ""87"": 25.0, ""108"": 1.0, ""109"": 1.0, ""155"": 3.0, ""156"": 11.0, ""158"": 88.0, ""198"": 6.0, ""199"": 6.0, ""210"": 14.0, ""214"": 856.0, ""215"": 49.0, ""216"": 905.0, ""217"": 168.0, ""218"": 81.0, ""219"": 39.0, ""220"": 29.0, ""221"": 10.0, ""222"": 3.0, ""223"": 9.0, ""224"": 4.0, ""225"": 2.0, ""226"": 1.0, ""229"": 178.0, ""230"": 86.0, ""231"": 41.0, ""232"": 31.0, ""233"": 11.0, ""234"": 3.0}",2026-08-24T23:49:59-04:00
Wil Lutz,2985659,K,DEN,ACTIVE,120.66097766,157.0,126.02799169,125.0,167.90616621983915,23.597705330352234,505.0,479.0,"{""74"": 4.339289525, ""75"": 6.635158741, ""76"": 2.295869216, ""77"": 7.079339367, ""78"": 9.230097061, ""79"": 2.150757693, ""80"": 15.79305325, ""81"": 16.9820647, ""82"": 1.189011452, ""83"": 27.21168214, ""84"": 32.8473205, ""85"": 5.635638361, ""86"": 28.90365118, ""87"": 31.3834359, ""88"": 2.47978472, ""198"": 4.339289525, ""199"": 6.635158741, ""200"": 2.295869216, ""210"": 17.0, ""214"": 1026.683503, ""215"": 256.4313774, ""216"": 1283.114881}","{""74"": 5.0, ""75"": 7.0, ""76"": 2.0, ""77"": 11.0, ""78"": 11.0, ""80"": 15.0, ""81"": 16.0, ""82"": 1.0, ""83"": 31.0, ""84"": 34.0, ""85"": 3.0, ""86"": 46.0, ""87"": 46.0, ""155"": 10.0, ""156"": 7.0, ""158"": 139.0, ""198"": 5.0, ""199"": 6.0, ""200"": 1.0, ""202"": 1.0, ""203"": 1.0, ""210"": 17.0, ""214"": 1252.0, ""215"": 109.0, ""216"": 1361.0, ""217"": 245.0, ""218"": 119.0, ""219"": 56.0, ""220"": 41.0, ""221"": 16.0, ""222"": 5.0, ""223"": 21.0, ""224"": 10.0, ""225"": 4.0, ""226"": 4.0, ""227"": 2.0, ""229"": 266.0, ""230"": 130.0, ""231"": 61.0, ""232"": 46.0, ""233"": 19.0, ""234"": 6.0}",2026-08-24T23:49:59-04:00
Zamir White,4361777,RB,LV,QUESTIONABLE,164.80245766,26.3,0.0,66.4,145.5794661190965,23.575315330690977,76.0,136.0,"{""23"": 202.4918507, ""24"": 871.3430289, ""25"": 5.318417576, ""26"": 0.255706168, ""27"": 174.0, ""28"": 87.0, ""29"": 43.0, ""30"": 34.0, ""31"": 17.0, ""33"": 40.0, ""34"": 20.0, ""35"": 0.412517241, ""36"": 0.288762069, ""37"": 1.977968185, ""38"": 0.067500465, ""39"": 4.30310171, ""40"": 61.46403109, ""42"": 246.1650141, ""43"": 0.784110013, ""44"": 0.044223778, ""45"": 0.039380821, ""46"": 0.025735366, ""47"": 49.0, ""48"": 24.0, ""49"": 12.0, ""50"": 9.0, ""51"": 4.0, ""53"": 35.35303083, ""56"": 0.094222841, ""57"": 0.002914108, ""58"": 45.57254963, ""60"": 6.963052623, ""61"": 17.36433709, ""62"": 0.299929946, ""63"": 0.008524026, ""66"": 1.649323522, ""67"": 0.28795522, ""68"": 1.937278741, ""70"": 0.75868882, ""71"": 0.161254923, ""72"": 0.919943743, ""73"": 0.919943743, ""210"": 14.17647059, ""212"": 47.76008181, ""213"": 14.01731175}","{""23"": 65.0, ""24"": 183.0, ""25"": 1.0, ""27"": 33.0, ""28"": 16.0, ""29"": 6.0, ""30"": 4.0, ""31"": 1.0, ""33"": 10.0, ""34"": 3.0, ""39"": 2.81538462, ""40"": 22.875, ""41"": 6.0, ""42"": 30.0, ""47"": 4.0, ""48"": 2.0, ""53"": 6.0, ""58"": 8.0, ""59"": 50.0, ""60"": 5.0, ""61"": 3.75, ""66"": 2.0, ""68"": 2.0, ""70"": 2.0, ""72"": 2.0, ""73"": 2.0, ""155"": 2.0, ""156"": 6.0, ""158"": 6.0, ""179"": 1.0, ""210"": 8.0, ""212"": 4.0, ""213"": 2.0}",2026-08-24T23:49:59-04:00
Brandon McManus,16339,K,GB,ACTIVE,0.0,98.0,137.73851282,139.0,167.7042689214271,22.875574389268177,1998.0,1785.0,{},"{""74"": 3.0, ""75"": 3.0, ""77"": 3.0, ""78"": 4.0, ""79"": 1.0, ""80"": 14.0, ""81"": 14.0, ""83"": 20.0, ""84"": 21.0, ""85"": 1.0, ""86"": 30.0, ""87"": 30.0, ""108"": 2.0, ""109"": 2.0, ""155"": 7.0, ""156"": 4.0, ""158"": 90.0, ""198"": 3.0, ""199"": 3.0, ""210"": 11.0, ""214"": 720.0, ""215"": 46.0, ""216"": 766.0, ""217"": 140.0, ""218"": 69.0, ""219"": 33.0, ""220"": 24.0, ""221"": 10.0, ""222"": 3.0, ""223"": 9.0, ""224"": 4.0, ""225"": 2.0, ""226"": 1.0, ""229"": 149.0, ""230"": 74.0, ""231"": 35.0, ""232"": 26.0, ""233"": 11.0, ""234"": 4.0}",2026-08-24T23:49:59-04:00
DeMario Douglas,4427095,WR,NE,ACTIVE,134.98534389,114.7,0.0,82.7,169.0652977412731,22.27566226618468,159.0,263.0,"{""23"": 11.66772, ""24"": 69.77949947, ""25"": 0.326194785, ""26"": 0.017070181, ""27"": 13.0, ""28"": 6.0, ""29"": 3.0, ""30"": 2.0, ""31"": 1.0, ""33"": 2.0, ""34"": 1.0, ""35"": 0.021533739, ""36"": 0.015073617, ""37"": 0.012132498, ""38"": 0.000414036, ""39"": 5.980559995, ""40"": 4.615764557, ""42"": 779.913936, ""43"": 3.218194991, ""44"": 0.17414702, ""45"": 0.193314667, ""46"": 0.126331135, ""47"": 155.0, ""48"": 77.0, ""49"": 38.0, ""50"": 31.0, ""51"": 15.0, ""53"": 59.63005305, ""56"": 1.300130611, ""57"": 0.040210225, ""58"": 96.71877134, ""60"": 13.07920916, ""61"": 51.58963779, ""62"": 0.1912172, ""63"": 0.006274204, ""66"": 0.2333544, ""67"": 1.192601061, ""68"": 1.425955461, ""70"": 0.107343024, ""71"": 0.667856594, ""72"": 0.775199618, ""73"": 0.775199618, ""102"": 0.0171, ""115"": 27.6, ""118"": 2.0, ""119"": 1.0, ""210"": 15.11764706, ""212"": 5.380146895, ""213"": 35.26488285}","{""23"": 3.0, ""24"": 16.0, ""27"": 2.0, ""39"": 5.33333333, ""40"": 0.94117647, ""41"": 66.0, ""42"": 621.0, ""43"": 3.0, ""47"": 117.0, ""48"": 56.0, ""49"": 22.0, ""50"": 17.0, ""51"": 6.0, ""53"": 66.0, ""54"": 5.0, ""58"": 87.0, ""59"": 361.0, ""60"": 9.40909091, ""61"": 36.52941176, ""67"": 1.0, ""68"": 1.0, ""108"": 1.0, ""109"": 1.0, ""155"": 4.0, ""156"": 13.0, ""158"": 18.0, ""183"": 1.0, ""186"": 2.0, ""210"": 17.0, ""213"": 31.0}",2026-08-24T23:49:59-04:00
Ezekiel Elliott,3051392,RB,FA,ACTIVE,144.32593493,51.5,115.81379727,149.0,165.68891170431212,22.23754063953249,122.0,217.0,"{""23"": 170.2223618, ""24"": 669.6275109, ""25"": 5.660144191, ""26"": 0.330091937, ""27"": 133.0, ""28"": 66.0, ""29"": 33.0, ""30"": 26.0, ""31"": 13.0, ""33"": 34.0, ""34"": 17.0, ""35"": 0.341238919, ""36"": 0.238867243, ""37"": 1.164948114, ""38"": 0.03975521, ""39"": 3.933839855, ""40"": 47.23513563, ""42"": 216.6553098, ""43"": 1.090050117, ""44"": 0.052841725, ""45"": 0.034795385, ""46"": 0.022738784, ""47"": 43.0, ""48"": 21.0, ""49"": 10.0, ""50"": 8.0, ""51"": 4.0, ""53"": 32.10783104, ""56"": 0.080981698, ""57"": 0.002504589, ""58"": 43.00962898, ""60"": 6.747740435, ""61"": 15.2827397, ""62"": 0.382933662, ""63"": 0.007504693, ""66"": 1.43494798, ""67"": 0.270664012, ""68"": 1.705611991, ""70"": 0.660076071, ""71"": 0.151571846, ""72"": 0.811647917, ""73"": 0.811647917, ""210"": 14.17647059, ""212"": 39.24337622, ""213"": 12.58896548}","{""23"": 74.0, ""24"": 226.0, ""25"": 3.0, ""27"": 39.0, ""28"": 16.0, ""29"": 5.0, ""30"": 3.0, ""33"": 10.0, ""34"": 2.0, ""39"": 3.05405405, ""40"": 15.06666667, ""41"": 12.0, ""42"": 69.0, ""47"": 11.0, ""48"": 3.0, ""53"": 12.0, ""58"": 15.0, ""59"": 97.0, ""60"": 5.75, ""61"": 4.6, ""66"": 1.0, ""68"": 1.0, ""70"": 1.0, ""72"": 1.0, ""73"": 1.0, ""107"": 1.0, ""109"": 1.0, ""155"": 7.0, ""156"": 8.0, ""158"": 18.0, ""179"": 3.0, ""210"": 15.0, ""212"": 14.0, ""213"": 3.0}",2026-08-24T23:49:59-04:00
Jordan Mason,4360569,RB,MIN,QUESTIONABLE,76.87192948,109.5,0.0,43.2,163.4322381930185,21.69709462706331,198.0,164.0,"{""23"": 88.86332099, ""24"": 398.1108974, ""25"": 3.380899529, ""26"": 0.103823443, ""27"": 79.0, ""28"": 39.0, ""29"": 19.0, ""30"": 15.0, ""31"": 7.0, ""33"": 17.0, ""34"": 8.0, ""35"": 0.170880959, ""36"": 0.119616672, ""37"": 0.410054356, ""38"": 0.013993582, ""39"": 4.480036229, ""40"": 30.07949003, ""42"": 82.82787556, ""43"": 0.397066995, ""44"": 0.017524724, ""45"": 0.043331725, ""46"": 0.028317282, ""47"": 16.0, ""48"": 8.0, ""49"": 4.0, ""50"": 3.0, ""51"": 1.0, ""53"": 11.35926924, ""56"": 0.037508621, ""57"": 0.00116006, ""58"": 14.81393229, ""60"": 7.291655284, ""61"": 6.258106154, ""62"": 0.121348167, ""63"": 0.003004714, ""66"": 0.605490595, ""67"": 0.077398983, ""68"": 0.682889579, ""70"": 0.278525674, ""71"": 0.043343431, ""72"": 0.321869105, ""73"": 0.321869105, ""101"": 0.138610049, ""114"": 454.8142247, ""116"": 45.0, ""117"": 18.0, ""210"": 13.23529412, ""212"": 23.43352857, ""213"": 3.885876687}","{""23"": 153.0, ""24"": 789.0, ""25"": 3.0, ""27"": 152.0, ""28"": 72.0, ""29"": 33.0, ""30"": 26.0, ""31"": 11.0, ""32"": 3.0, ""33"": 24.0, ""34"": 10.0, ""37"": 3.0, ""39"": 5.15686275, ""40"": 65.75, ""41"": 11.0, ""42"": 91.0, ""47"": 15.0, ""48"": 5.0, ""49"": 1.0, ""50"": 1.0, ""53"": 11.0, ""58"": 14.0, ""59"": 59.0, ""60"": 8.27272727, ""61"": 7.58333333, ""65"": 1.0, ""66"": 3.0, ""68"": 3.0, ""70"": 1.0, ""72"": 1.0, ""73"": 1.0, ""114"": 29.0, ""116"": 2.0, ""117"": 1.0, ""155"": 5.0, ""156"": 7.0, ""158"": 18.0, ""179"": 2.0, ""180"": 1.0, ""210"": 12.0, ""212"": 37.0, ""213"": 5.0}",2026-08-24T23:49:59-04:00
Mike Williams,3045138,WR,LAC,ACTIVE,135.58700976,46.3,0.0,40.7,168.5170431211499,20.93941908311894,129.0,237.0,"{""42"": 746.5686737, ""43"": 5.619396756, ""44"": 0.281402171, ""45"": 0.289910231, ""46"": 0.189456336, ""47"": 149.0, ""48"": 74.0, ""49"": 37.0, ""50"": 29.0, ""51"": 14.0, ""53"": 55.03576763, ""56"": 1.160616809, ""57"": 0.035895365, ""58"": 83.56559045, ""60"": 13.56515419, ""61"": 52.66252055, ""62"": 0.281402171, ""63"": 0.003405782, ""67"": 0.774041341, ""68"": 0.774041341, ""71"": 0.433463151, ""72"": 0.433463151, ""73"": 0.433463151, ""210"": 14.17647059, ""213"": 34.280051}","{""41"": 21.0, ""42"": 298.0, ""43"": 1.0, ""47"": 56.0, ""48"": 24.0, ""49"": 9.0, ""50"": 7.0, ""51"": 1.0, ""53"": 21.0, ""58"": 34.0, ""59"": 35.0, ""60"": 14.19047619, ""61"": 16.55555556, ""108"": 2.0, ""109"": 2.0, ""155"": 7.0, ""156"": 11.0, ""158"": 6.0, ""186"": 1.0, ""210"": 18.0, ""213"": 14.0}",2026-08-24T23:49:59-04:00
Rashod Bateman,4360939,WR,BAL,ACTIVE,91.8728187,152.1,0.0,60.5,167.317659137577,20.529946414673205,294.0,290.0,"{""42"": 563.2665674, ""43"": 2.455600815, ""44"": 0.14255447, ""45"": 0.183316946, ""46"": 0.119797624, ""47"": 112.0, ""48"": 56.0, ""49"": 28.0, ""50"": 22.0, ""51"": 11.0, ""53"": 42.791197, ""56"": 0.531680605, ""57"": 0.01644373, ""58"": 70.99279055, ""60"": 13.16314118, ""61"": 37.258878, ""62"": 0.14255447, ""63"": 0.003410591, ""67"": 0.775134261, ""68"": 0.775134261, ""71"": 0.434075186, ""72"": 0.434075186, ""73"": 0.434075186, ""210"": 15.11764706, ""213"": 25.14063091}","{""41"": 45.0, ""42"": 756.0, ""43"": 9.0, ""45"": 3.0, ""47"": 145.0, ""48"": 70.0, ""49"": 31.0, ""50"": 24.0, ""51"": 8.0, ""52"": 1.0, ""53"": 45.0, ""54"": 2.0, ""56"": 1.0, ""58"": 72.0, ""59"": 184.0, ""60"": 16.8, ""61"": 44.47058824, ""108"": 1.0, ""109"": 1.0, ""155"": 12.0, ""156"": 5.0, ""158"": 54.0, ""183"": 2.0, ""184"": 3.0, ""185"": 1.0, ""210"": 17.0, ""213"": 35.0}",2026-08-24T23:49:59-04:00
Will Dissly,3127292,TE,LAC,ACTIVE,50.17527571,85.1,0.0,31.7,169.4976381187102,20.32637483416774,467.0,413.0,"{""42"": 266.8028531, ""43"": 1.450818784, ""44"": 0.073338144, ""45"": 0.10841765, ""46"": 0.070850935, ""47"": 53.0, ""48"": 26.0, ""49"": 13.0, ""50"": 10.0, ""51"": 5.0, ""53"": 30.16349963, ""56"": 0.104774483, ""57"": 0.003240448, ""58"": 37.94897836, ""60"": 8.845222086, ""61"": 17.64843776, ""62"": 0.073338144, ""63"": 0.001722083, ""67"": 0.39138251, ""68"": 0.39138251, ""71"": 0.219174205, ""72"": 0.219174205, ""73"": 0.219174205, ""210"": 15.11764706, ""213"": 13.67618473}","{""41"": 50.0, ""42"": 481.0, ""43"": 2.0, ""47"": 90.0, ""48"": 42.0, ""49"": 19.0, ""50"": 12.0, ""51"": 2.0, ""53"": 50.0, ""54"": 4.0, ""58"": 64.0, ""59"": 303.0, ""60"": 9.62, ""61"": 32.06666667, ""155"": 10.0, ""156"": 5.0, ""158"": 12.0, ""183"": 1.0, ""185"": 1.0, ""210"": 15.0, ""213"": 24.0}",2026-08-24T23:49:59-04:00
Titans D/ST,-16010,D/ST,TEN,,82.97730171,48.0,0.0,82.0,159.77070853129518,20.185858635540622,509.0,190.0,"{""89"": 0.085772804, ""90"": 0.38215606, ""91"": 1.732440803, ""92"": 2.106104506, ""93"": 0.10980405, ""94"": 1.846301463, ""95"": 13.20050823, ""96"": 9.24257993, ""97"": 1.813358118, ""98"": 0.221123247, ""99"": 41.46174718, ""100"": 82.92349436, ""101"": 0.441678471, ""102"": 0.171, ""103"": 1.280179277, ""104"": 0.566122187, ""105"": 2.568783985, ""106"": 9.865564019, ""109"": 1068.030351, ""110"": 356.0, ""111"": 213.0, ""112"": 50.50870776, ""113"": 68.235864, ""114"": 1449.257484, ""115"": 276.0, ""116"": 144.0, ""117"": 57.0, ""118"": 27.0, ""119"": 11.0, ""120"": 393.1933919, ""121"": 2.462783495, ""122"": 4.27165551, ""123"": 3.643221101, ""124"": 2.046658008, ""125"": 0.269207713, ""126"": 23.12902305, ""127"": 5971.14987, ""129"": 0.348343246, ""130"": 3.228547154, ""131"": 3.474936279, ""132"": 4.095157179, ""133"": 3.169073917, ""134"": 1.784197111, ""135"": 0.696686491, ""136"": 0.203058624, ""137"": 351.24411, ""210"": 17.0}","{""89"": 0.0, ""90"": 0.0, ""91"": 2.0, ""92"": 2.0, ""95"": 11.0, ""96"": 6.0, ""98"": 2.0, ""99"": 32.0, ""100"": 64.0, ""106"": 10.0, ""107"": 444.0, ""108"": 698.0, ""109"": 1142.0, ""110"": 376.0, ""111"": 223.0, ""112"": 98.0, ""113"": 53.0, ""114"": 1081.0, ""115"": 253.0, ""116"": 100.0, ""117"": 35.0, ""118"": 18.0, ""119"": 4.0, ""120"": 430.0, ""121"": 4.0, ""122"": 4.0, ""123"": 2.0, ""124"": 2.0, ""125"": 1.0, ""127"": 5291.0, ""128"": 0.0, ""129"": 2.0, ""130"": 7.0, ""131"": 2.0, ""132"": 4.0, ""133"": 0.0, ""134"": 2.0, ""135"": 0.0, ""136"": 0.0, ""155"": 3.0, ""156"": 14.0, ""187"": 430.0, ""188"": 0.0, ""189"": 0.0, ""190"": 2.0, ""191"": 2.0, ""192"": 4.0, ""193"": 4.0, ""194"": 2.0, ""195"": 2.0, ""196"": 1.0, ""210"": 17.0}",2026-08-24T23:49:59-04:00
Bears D/ST,-16003,D/ST,CHI,,112.49044131,101.0,0.0,104.0,167.62363148109895,20.03879448146964,336.0,358.0,"{""89"": 0.226235741, ""90"": 1.020612367, ""91"": 3.521112668, ""92"": 3.129877927, ""93"": 0.117081008, ""94"": 1.882563022, ""95"": 14.30206976, ""96"": 9.175608813, ""97"": 1.729337629, ""98"": 0.215349978, ""99"": 39.2718068, ""100"": 78.54361361, ""101"": 0.362892388, ""102"": 0.14364, ""103"": 1.312146131, ""104"": 0.570416891, ""105"": 2.506176417, ""106"": 13.29098167, ""109"": 1091.693154, ""110"": 363.0, ""111"": 218.0, ""112"": 36.15709274, ""113"": 78.2663046, ""114"": 1675.672932, ""115"": 290.9014925, ""116"": 167.0, ""117"": 67.0, ""118"": 29.0, ""119"": 11.0, ""120"": 354.0629753, ""121"": 2.466479888, ""122"": 3.385031019, ""123"": 2.245347208, ""124"": 0.901540925, ""125"": 0.103762257, ""126"": 20.82723384, ""127"": 5772.40406, ""129"": 0.578520669, ""130"": 4.764287859, ""131"": 4.015614053, ""132"": 3.794414973, ""133"": 2.331097988, ""134"": 1.020918827, ""135"": 0.391352217, ""136"": 0.103793414, ""137"": 339.55318, ""210"": 17.0}","{""89"": 0.0, ""90"": 1.0, ""91"": 1.0, ""92"": 2.0, ""93"": 1.0, ""94"": 1.0, ""95"": 11.0, ""96"": 13.0, ""97"": 2.0, ""99"": 40.0, ""100"": 80.0, ""102"": 1.0, ""103"": 1.0, ""105"": 3.0, ""106"": 17.0, ""107"": 448.0, ""108"": 703.0, ""109"": 1151.0, ""110"": 377.0, ""111"": 225.0, ""112"": 64.0, ""113"": 66.0, ""114"": 768.0, ""115"": 304.0, ""116"": 70.0, ""117"": 25.0, ""118"": 24.0, ""119"": 6.0, ""120"": 368.0, ""121"": 6.0, ""122"": 3.0, ""123"": 3.0, ""124"": 1.0, ""127"": 6022.0, ""128"": 0.0, ""129"": 0.0, ""130"": 4.0, ""131"": 5.0, ""132"": 3.0, ""133"": 1.0, ""134"": 4.0, ""135"": 0.0, ""136"": 0.0, ""155"": 5.0, ""156"": 12.0, ""187"": 368.0, ""188"": 0.0, ""189"": 1.0, ""190"": 1.0, ""191"": 2.0, ""192"": 6.0, ""193"": 3.0, ""194"": 3.0, ""195"": 1.0, ""210"": 17.0}",2026-08-24T23:49:59-04:00
Justice Hill,4038441,RB,BAL,ACTIVE,77.36269092,106.1,0.0,95.3,160.06570841889118,19.854603731014482,342.0,161.0,"{""23"": 65.81177048, ""24"": 292.8284581, ""25"": 2.259359887, ""26"": 0.087707358, ""27"": 58.0, ""28"": 29.0, ""29"": 14.0, ""30"": 11.0, ""31"": 5.0, ""33"": 13.0, ""34"": 6.0, ""35"": 0.126083264, ""36"": 0.088258285, ""37"": 0.274849134, ""38"": 0.009379546, ""39"": 4.449484583, ""40"": 20.65594933, ""42"": 177.470267, ""43"": 0.787174295, ""44"": 0.045730559, ""45"": 0.044570161, ""46"": 0.0291266, ""47"": 35.0, ""48"": 17.0, ""49"": 8.0, ""50"": 7.0, ""51"": 3.0, ""53"": 23.39752898, ""56"": 0.070496663, ""57"": 0.002180309, ""58"": 31.45579679, ""60"": 7.585000416, ""61"": 12.51864954, ""62"": 0.133437916, ""63"": 0.003501338, ""66"": 0.587049685, ""67"": 0.208709049, ""68"": 0.795758734, ""70"": 0.270042855, ""71"": 0.116877067, ""72"": 0.386919923, ""73"": 0.386919923, ""101"": 0.143635474, ""114"": 659.2643827, ""116"": 65.0, ""117"": 26.0, ""210"": 14.17647059, ""212"": 17.64206825, ""213"": 9.399179971}","{""23"": 47.0, ""24"": 228.0, ""25"": 1.0, ""27"": 41.0, ""28"": 17.0, ""29"": 5.0, ""30"": 4.0, ""31"": 1.0, ""33"": 4.0, ""35"": 1.0, ""36"": 1.0, ""39"": 4.85106383, ""40"": 15.2, ""41"": 42.0, ""42"": 383.0, ""43"": 3.0, ""47"": 71.0, ""48"": 33.0, ""49"": 14.0, ""50"": 10.0, ""51"": 3.0, ""53"": 42.0, ""54"": 3.0, ""58"": 51.0, ""59"": 433.0, ""60"": 9.11904762, ""61"": 25.53333333, ""108"": 1.0, ""109"": 1.0, ""114"": 183.0, ""116"": 16.0, ""117"": 6.0, ""155"": 10.0, ""156"": 5.0, ""158"": 24.0, ""184"": 2.0, ""185"": 1.0, ""210"": 15.0, ""212"": 14.0, ""213"": 17.0}",2026-08-24T23:49:59-04:00
Rashid Shaheed,4032473,WR,NO,QUESTIONABLE,131.54717354,69.8,0.0,132.6,118.77946611909651,19.640869683627614,176.0,78.0,"{""23"": 4.243167036, ""24"": 27.09825048, ""25"": 0.149733873, ""26"": 0.008614584, ""27"": 5.0, ""28"": 2.0, ""29"": 1.0, ""30"": 1.0, ""35"": 0.007799594, ""36"": 0.005459715, ""37"": 0.001706744, ""38"": 5.82446e-05, ""39"": 6.386326594, ""40"": 1.792491277, ""42"": 750.3588608, ""43"": 3.882571539, ""44"": 0.194132034, ""45"": 0.261662324, ""46"": 0.170996329, ""47"": 150.0, ""48"": 75.0, ""49"": 37.0, ""50"": 30.0, ""51"": 15.0, ""53"": 54.83250043, ""56"": 1.168748814, ""57"": 0.036146871, ""58"": 86.20200954, ""60"": 13.68456399, ""61"": 49.63463281, ""62"": 0.202746618, ""63"": 0.005198659, ""66"": 0.084863341, ""67"": 1.096650009, ""68"": 1.181513349, ""70"": 0.039037137, ""71"": 0.614124005, ""72"": 0.653161142, ""73"": 0.653161142, ""101"": 0.258741461, ""102"": 0.256626667, ""114"": 1111.779716, ""115"": 336.9333333, ""116"": 111.0, ""117"": 44.0, ""118"": 33.0, ""119"": 13.0, ""210"": 15.11764706, ""212"": 3.356383657, ""213"": 33.62802328}","{""23"": 6.0, ""24"": 29.0, ""27"": 4.0, ""28"": 2.0, ""39"": 4.83333333, ""40"": 4.14285714, ""41"": 20.0, ""42"": 349.0, ""43"": 3.0, ""45"": 3.0, ""46"": 2.0, ""47"": 68.0, ""48"": 33.0, ""49"": 15.0, ""50"": 11.0, ""51"": 4.0, ""53"": 20.0, ""54"": 1.0, ""58"": 41.0, ""59"": 106.0, ""60"": 17.45, ""61"": 49.85714286, ""68"": 1.0, ""72"": 1.0, ""73"": 1.0, ""102"": 1.0, ""105"": 1.0, ""108"": 3.0, ""109"": 3.0, ""114"": 171.0, ""115"": 143.0, ""116"": 15.0, ""117"": 6.0, ""118"": 13.0, ""119"": 4.0, ""155"": 2.0, ""156"": 5.0, ""158"": 24.0, ""210"": 7.0, ""212"": 2.0, ""213"": 12.0}",2026-08-24T23:49:59-04:00
Antonio Gibson,4360294,RB,NE,ACTIVE,122.09642566,91.9,0.0,103.4,168.5681724845996,19.415054898367515,188.0,209.0,"{""23"": 124.0185805, ""24"": 523.3785852, ""25"": 2.64277735, ""26"": 0.138297575, ""27"": 104.0, ""28"": 52.0, ""29"": 26.0, ""30"": 20.0, ""31"": 10.0, ""33"": 24.0, ""34"": 12.0, ""35"": 0.242839646, ""36"": 0.169987752, ""37"": 0.709592715, ""38"": 0.024215677, ""39"": 4.220162681, ""40"": 38.26854171, ""42"": 283.1123628, ""43"": 1.139423081, ""44"": 0.06172363, ""45"": 0.041889866, ""46"": 0.027375028, ""47"": 56.0, ""48"": 28.0, ""49"": 14.0, ""50"": 11.0, ""51"": 5.0, ""53"": 39.37982725, ""56"": 0.114543596, ""57"": 0.003542585, ""58"": 51.18384168, ""60"": 7.189273864, ""61"": 20.70068889, ""62"": 0.200021205, ""63"": 0.009997519, ""66"": 1.724560784, ""67"": 0.547602669, ""68"": 2.272163453, ""70"": 0.793297961, ""71"": 0.306657495, ""72"": 1.099955455, ""73"": 1.099955455, ""101"": 0.144013858, ""114"": 663.8138784, ""116"": 66.0, ""117"": 26.0, ""210"": 13.67647059, ""212"": 29.24875487, ""213"": 16.09930746}","{""23"": 120.0, ""24"": 538.0, ""25"": 1.0, ""27"": 100.0, ""28"": 46.0, ""29"": 19.0, ""30"": 15.0, ""31"": 4.0, ""33"": 19.0, ""34"": 5.0, ""39"": 4.48333333, ""40"": 31.64705882, ""41"": 23.0, ""42"": 206.0, ""47"": 35.0, ""48"": 15.0, ""49"": 6.0, ""50"": 3.0, ""51"": 1.0, ""53"": 23.0, ""58"": 29.0, ""59"": 213.0, ""60"": 8.95652174, ""61"": 12.11764706, ""65"": 1.0, ""66"": 2.0, ""68"": 2.0, ""108"": 1.0, ""109"": 1.0, ""114"": 239.0, ""116"": 21.0, ""117"": 7.0, ""155"": 4.0, ""156"": 13.0, ""158"": 6.0, ""180"": 1.0, ""210"": 17.0, ""212"": 24.0, ""213"": 11.0}",2026-08-24T23:49:59-04:00
Greg Zuerlein,14993,K,NYJ,QUESTIONABLE,140.9562773,35.0,135.03666209,140.0,169.27675809445248,19.367515330130853,246.0,467.0,"{""74"": 4.580644349, ""75"": 6.558806437, ""76"": 1.978162088, ""77"": 7.403083381, ""78"": 9.123884202, ""79"": 1.720800821, ""80"": 16.35684325, ""81"": 16.78664816, ""82"": 0.429804907, ""83"": 28.34057098, ""84"": 32.4693388, ""85"": 4.128767817, ""86"": 43.4989601, ""87"": 45.05815121, ""88"": 1.559191105, ""198"": 4.580644349, ""199"": 6.558806437, ""200"": 1.978162088, ""210"": 17.0, ""214"": 1071.198845, ""215"": 197.1509369, ""216"": 1268.349781}","{""75"": 1.0, ""76"": 1.0, ""77"": 1.0, ""78"": 4.0, ""79"": 3.0, ""80"": 8.0, ""81"": 10.0, ""82"": 2.0, ""83"": 9.0, ""84"": 15.0, ""85"": 6.0, ""86"": 13.0, ""87"": 14.0, ""88"": 1.0, ""155"": 2.0, ""156"": 6.0, ""158"": 40.0, ""199"": 1.0, ""200"": 1.0, ""210"": 8.0, ""214"": 276.0, ""215"": 249.0, ""216"": 525.0, ""217"": 52.0, ""218"": 24.0, ""219"": 10.0, ""220"": 9.0, ""221"": 2.0, ""223"": 49.0, ""224"": 23.0, ""225"": 10.0, ""226"": 8.0, ""227"": 2.0, ""229"": 102.0, ""230"": 50.0, ""231"": 22.0, ""232"": 17.0, ""233"": 6.0, ""234"": 2.0}",2026-08-24T23:49:59-04:00
Taysom Hill,2468609,TE,NO,QUESTIONABLE,111.3137192,90.6,0.0,128.3,141.9096323680427,19.043901234478238,136.0,168.0,"{""0"": 11.24476385, ""1"": 7.118872174, ""2"": 4.125891671, ""3"": 80.01698661, ""4"": 0.436881049, ""5"": 16.0, ""6"": 8.0, ""7"": 4.0, ""8"": 3.0, ""9"": 1.0, ""11"": 1.0, ""15"": 0.077464435, ""16"": 0.050623008, ""17"": 0.123998242, ""18"": 0.016748911, ""19"": 0.023825752, ""20"": 0.304873799, ""21"": 0.633083297, ""22"": 5.292952422, ""23"": 62.30068546, ""24"": 300.882591, ""25"": 3.251959904, ""26"": 0.187111793, ""27"": 60.0, ""28"": 30.0, ""29"": 15.0, ""30"": 12.0, ""31"": 6.0, ""33"": 12.0, ""34"": 6.0, ""35"": 0.118144316, ""36"": 0.082701021, ""37"": 0.233243484, ""38"": 0.007959705, ""39"": 4.829522961, ""40"": 19.90273948, ""42"": 281.7780536, ""43"": 2.266103364, ""44"": 0.11336534, ""45"": 0.09894515, ""46"": 0.064660655, ""47"": 56.0, ""48"": 28.0, ""49"": 14.0, ""50"": 11.0, ""51"": 5.0, ""53"": 30.57521265, ""56"": 0.114522096, ""57"": 0.003541921, ""58"": 40.9433906, ""60"": 9.215898408, ""61"": 18.63901522, ""62"": 0.324302885, ""63"": 0.006278939, ""64"": 0.99734802, ""65"": 0.166193039, ""66"": 0.845764224, ""67"": 0.415074422, ""68"": 1.427031685, ""69"": 0.079772659, ""70"": 0.389051543, ""71"": 0.232441676, ""72"": 0.701265878, ""73"": 1.006139677, ""101"": 0.032342683, ""114"": 148.6140949, ""116"": 14.0, ""117"": 5.0, ""210"": 15.11764706, ""211"": -0.049423759, ""212"": 18.44069412, ""213"": 14.51636758}","{""0"": 4.0, ""1"": 2.0, ""2"": 2.0, ""3"": 21.0, ""5"": 3.0, ""6"": 1.0, ""20"": 1.0, ""21"": 0.5, ""22"": 2.625, ""23"": 39.0, ""24"": 278.0, ""25"": 6.0, ""27"": 52.0, ""28"": 24.0, ""29"": 9.0, ""30"": 6.0, ""31"": 2.0, ""32"": 1.0, ""33"": 5.0, ""35"": 1.0, ""36"": 1.0, ""37"": 1.0, ""39"": 7.12820513, ""40"": 34.75, ""41"": 23.0, ""42"": 187.0, ""47"": 36.0, ""48"": 17.0, ""49"": 7.0, ""50"": 5.0, ""51"": 1.0, ""53"": 23.0, ""54"": 2.0, ""58"": 31.0, ""59"": 137.0, ""60"": 8.13043478, ""61"": 23.375, ""67"": 1.0, ""68"": 1.0, ""71"": 1.0, ""72"": 1.0, ""73"": 2.0, ""106"": 1.0, ""108"": 1.0, ""109"": 1.0, ""114"": 42.0, ""116"": 4.0, ""117"": 1.0, ""155"": 4.0, ""156"": 4.0, ""158"": 36.0, ""179"": 3.0, ""180"": 1.0, ""182"": 1.0, ""210"": 8.0, ""211"": 1.0, ""212"": 18.0, ""213"": 8.0}",2026-08-24T23:49:59-04:00
Ray Davis,4429501,RB,BUF,ACTIVE,68.6320772,107.6,,,168.5359342915811,18.75282558791898,203.0,220.0,"{""23"": 82.32555516, ""24"": 351.0633284, ""25"": 2.474678437, ""26"": 0.107762022, ""27"": 70.0, ""28"": 35.0, ""29"": 17.0, ""30"": 14.0, ""31"": 7.0, ""33"": 16.0, ""34"": 8.0, ""35"": 0.157766137, ""36"": 0.110436296, ""37"": 0.31795617, ""38"": 0.010850624, ""39"": 4.264329925, ""40"": 24.76380325, ""42"": 94.02780012, ""43"": 0.543194239, ""44"": 0.028905828, ""45"": 0.041753762, ""46"": 0.027286083, ""47"": 18.0, ""48"": 9.0, ""49"": 4.0, ""50"": 3.0, ""51"": 1.0, ""53"": 12.96541678, ""56"": 0.041455344, ""57"": 0.001282124, ""58"": 17.04540065, ""60"": 7.25220035, ""61"": 6.632666398, ""62"": 0.13666785, ""63"": 0.003438922, ""66"": 0.675231374, ""67"": 0.106341903, ""68"": 0.781573277, ""70"": 0.310606432, ""71"": 0.059551466, ""72"": 0.370157898, ""73"": 0.370157898, ""210"": 14.17647059, ""212"": 20.77217275, ""213"": 4.620574377}","{""23"": 113.0, ""24"": 442.0, ""25"": 3.0, ""27"": 82.0, ""28"": 38.0, ""29"": 16.0, ""30"": 10.0, ""31"": 3.0, ""33"": 18.0, ""34"": 4.0, ""39"": 3.91150442, ""40"": 26.0, ""41"": 17.0, ""42"": 189.0, ""43"": 3.0, ""45"": 1.0, ""46"": 1.0, ""47"": 33.0, ""48"": 15.0, ""49"": 5.0, ""50"": 4.0, ""51"": 2.0, ""53"": 17.0, ""58"": 19.0, ""59"": 164.0, ""60"": 11.11764706, ""61"": 11.11764706, ""114"": 147.0, ""116"": 13.0, ""117"": 3.0, ""155"": 13.0, ""156"": 4.0, ""158"": 36.0, ""179"": 2.0, ""180"": 1.0, ""183"": 2.0, ""210"": 17.0, ""212"": 25.0, ""213"": 8.0}",2026-08-24T23:49:59-04:00
Cairo Santos,17427,K,CHI,ACTIVE,137.09953888,105.0,139.29481456,155.0,168.76036296143533,18.486328791781755,253.0,473.0,"{""74"": 4.682636571, ""75"": 6.595278087, ""76"": 1.912641516, ""77"": 7.550696741, ""78"": 9.174619518, ""79"": 1.623922777, ""80"": 16.64364618, ""81"": 16.87999392, ""82"": 0.236347738, ""83"": 28.87697949, ""84"": 32.64989152, ""85"": 3.772912032, ""86"": 37.32554255, ""87"": 38.20430453, ""88"": 0.878761976, ""198"": 4.682636571, ""199"": 6.595278087, ""200"": 1.912641516, ""210"": 17.0, ""214"": 1091.953114, ""215"": 183.449599, ""216"": 1275.402713}","{""74"": 8.0, ""75"": 9.0, ""76"": 1.0, ""77"": 5.0, ""78"": 8.0, ""79"": 3.0, ""80"": 8.0, ""81"": 8.0, ""83"": 21.0, ""84"": 25.0, ""85"": 4.0, ""86"": 25.0, ""87"": 26.0, ""88"": 1.0, ""155"": 5.0, ""156"": 12.0, ""158"": 88.0, ""198"": 8.0, ""199"": 9.0, ""200"": 1.0, ""210"": 17.0, ""214"": 891.0, ""215"": 193.0, ""216"": 1084.0, ""217"": 174.0, ""218"": 85.0, ""219"": 39.0, ""220"": 30.0, ""221"": 11.0, ""222"": 3.0, ""223"": 37.0, ""224"": 17.0, ""225"": 8.0, ""226"": 5.0, ""227"": 1.0, ""229"": 212.0, ""230"": 103.0, ""231"": 49.0, ""232"": 37.0, ""233"": 14.0, ""234"": 6.0}",2026-08-24T23:49:59-04:00
Jaleel McLaughlin,4722893,RB,DEN,ACTIVE,117.81423405,85.2,0.0,90.5,166.3088295687885,18.388778874691948,182.0,165.0,"{""23"": 105.0835925, ""24"": 472.7397733, ""25"": 2.607974841, ""26"": 0.157782775, ""27"": 94.0, ""28"": 47.0, ""29"": 23.0, ""30"": 18.0, ""31"": 9.0, ""33"": 21.0, ""34"": 10.0, ""35"": 0.203768474, ""36"": 0.142637932, ""37"": 0.577362323, ""38"": 0.019703161, ""39"": 4.498702051, ""40"": 33.34678898, ""42"": 273.2653163, ""43"": 1.203584987, ""44"": 0.06619616, ""45"": 0.03812395, ""46"": 0.024914001, ""47"": 54.0, ""48"": 27.0, ""49"": 13.0, ""50"": 10.0, ""51"": 5.0, ""53"": 39.9044898, ""56"": 0.108502114, ""57"": 0.003355735, ""58"": 51.18240328, ""60"": 6.847984215, ""61"": 19.27597667, ""62"": 0.223978934, ""63"": 0.002716751, ""66"": 0.447506957, ""67"": 0.169936489, ""68"": 0.617443447, ""70"": 0.2058532, ""71"": 0.095164434, ""72"": 0.301017634, ""73"": 0.301017634, ""101"": 0.091033103, ""114"": 298.7023696, ""116"": 29.0, ""117"": 11.0, ""210"": 14.17647059, ""212"": 26.36261292, ""213"": 15.97358923}","{""23"": 113.0, ""24"": 496.0, ""25"": 1.0, ""27"": 92.0, ""28"": 41.0, ""29"": 18.0, ""30"": 11.0, ""31"": 2.0, ""33"": 16.0, ""34"": 4.0, ""39"": 4.38938053, ""40"": 31.0, ""41"": 24.0, ""42"": 76.0, ""43"": 2.0, ""47"": 11.0, ""48"": 3.0, ""53"": 24.0, ""54"": 1.0, ""58"": 27.0, ""59"": 167.0, ""60"": 3.16666667, ""61"": 4.75, ""67"": 1.0, ""68"": 1.0, ""71"": 1.0, ""72"": 1.0, ""73"": 1.0, ""108"": 1.0, ""109"": 1.0, ""155"": 10.0, ""156"": 6.0, ""158"": 18.0, ""179"": 1.0, ""183"": 2.0, ""210"": 16.0, ""212"": 25.0, ""213"": 3.0}",2026-08-24T23:49:59-04:00
Trey Benson,4429275,RB,ARI,QUESTIONABLE,110.79529286,44.0,,,169.18110882956879,18.15378041864848,181.0,280.0,"{""23"": 126.4972466, ""24"": 556.0696144, ""25"": 3.292401358, ""26"": 0.225667344, ""27"": 111.0, ""28"": 55.0, ""29"": 27.0, ""30"": 22.0, ""31"": 11.0, ""33"": 25.0, ""34"": 12.0, ""35"": 0.248044957, ""36"": 0.17363147, ""37"": 0.803209936, ""38"": 0.027410474, ""39"": 4.395902908, ""40"": 39.22482757, ""42"": 181.7236601, ""43"": 0.836537101, ""44"": 0.07919306, ""45"": 0.040910627, ""46"": 0.026735095, ""47"": 36.0, ""48"": 18.0, ""49"": 9.0, ""50"": 7.0, ""51"": 3.0, ""53"": 25.64544409, ""56"": 0.0683253, ""57"": 0.002113154, ""58"": 33.14410349, ""60"": 7.086001686, ""61"": 12.81868142, ""62"": 0.304860405, ""63"": 0.005490624, ""66"": 1.03752607, ""67"": 0.210343051, ""68"": 1.247869121, ""70"": 0.477261992, ""71"": 0.117792109, ""72"": 0.595054101, ""73"": 0.595054101, ""210"": 14.17647059, ""212"": 30.98746069, ""213"": 10.04903107}","{""23"": 63.0, ""24"": 291.0, ""25"": 1.0, ""27"": 55.0, ""28"": 25.0, ""29"": 9.0, ""30"": 6.0, ""31"": 2.0, ""33"": 8.0, ""34"": 2.0, ""39"": 4.61904762, ""40"": 22.38461538, ""41"": 6.0, ""42"": 59.0, ""47"": 10.0, ""48"": 3.0, ""49"": 1.0, ""50"": 1.0, ""53"": 6.0, ""58"": 6.0, ""59"": 78.0, ""60"": 9.83333333, ""61"": 4.53846154, ""66"": 1.0, ""68"": 1.0, ""108"": 2.0, ""109"": 2.0, ""155"": 6.0, ""156"": 7.0, ""158"": 6.0, ""179"": 1.0, ""210"": 13.0, ""212"": 16.0, ""213"": 3.0}",2026-08-24T23:49:59-04:00
Austin Seibert,3821683,K,WSH,QUESTIONABLE,0.0,112.0,0.0,4.0,129.73891524025572,16.609633787465263,1935.0,194.0,{},"{""74"": 2.0, ""75"": 5.0, ""76"": 3.0, ""77"": 8.0, ""78"": 8.0, ""80"": 17.0, ""81"": 17.0, ""83"": 27.0, ""84"": 30.0, ""85"": 3.0, ""86"": 22.0, ""87"": 24.0, ""88"": 2.0, ""155"": 7.0, ""156"": 2.0, ""158"": 103.0, ""198"": 2.0, ""199"": 5.0, ""200"": 3.0, ""210"": 9.0, ""214"": 952.0, ""215"": 154.0, ""216"": 1106.0, ""217"": 187.0, ""218"": 92.0, ""219"": 43.0, ""220"": 34.0, ""221"": 14.0, ""222"": 5.0, ""223"": 30.0, ""224"": 15.0, ""225"": 6.0, ""226"": 6.0, ""227"": 3.0, ""229"": 217.0, ""230"": 107.0, ""231"": 51.0, ""232"": 40.0, ""233"": 17.0, ""234"": 6.0}",2026-08-24T23:49:59-04:00
Patrick Taylor Jr.,4039358,RB,SF,ACTIVE,14.11505015,28.3,0.0,24.5,169.85441478439424,16.496037687660607,1081.0,1310.0,"{""23"": 17.82453279, ""24"": 75.9346842, ""25"": 0.67145303, ""26"": 0.02061511, ""27"": 15.0, ""28"": 7.0, ""29"": 3.0, ""30"": 3.0, ""31"": 1.0, ""33"": 3.0, ""34"": 1.0, ""35"": 0.033026024, ""36"": 0.023118217, ""37"": 0.015351655, ""38"": 0.000523893, ""39"": 4.260121996, ""40"": 5.76290014, ""42"": 12.72989334, ""43"": 0.063061833, ""44"": 0.002782992, ""45"": 0.035282097, ""46"": 0.02305685, ""47"": 2.0, ""48"": 1.0, ""53"": 1.840983328, ""56"": 0.007413291, ""57"": 0.000229277, ""58"": 2.416679832, ""60"": 6.914724946, ""61"": 0.966107977, ""62"": 0.023398102, ""63"": 0.00058958, ""66"": 0.121451538, ""67"": 0.012543962, ""68"": 0.133995499, ""70"": 0.055867707, ""71"": 0.007024619, ""72"": 0.062892326, ""73"": 0.062892326, ""210"": 13.17647059, ""212"": 6.097533594, ""213"": -0.285631871}","{""23"": 39.0, ""24"": 183.0, ""25"": 1.0, ""27"": 34.0, ""28"": 15.0, ""29"": 7.0, ""30"": 5.0, ""31"": 2.0, ""32"": 1.0, ""33"": 6.0, ""34"": 1.0, ""37"": 1.0, ""39"": 4.69230769, ""40"": 14.07692308, ""41"": 3.0, ""42"": 25.0, ""47"": 4.0, ""48"": 2.0, ""53"": 3.0, ""58"": 11.0, ""59"": 19.0, ""60"": 8.33333333, ""61"": 1.92307692, ""108"": 3.0, ""109"": 3.0, ""114"": 104.0, ""116"": 9.0, ""117"": 3.0, ""155"": 5.0, ""156"": 8.0, ""158"": 6.0, ""179"": 1.0, ""210"": 13.0, ""212"": 12.0, ""213"": 2.0}",2026-08-24T23:49:59-04:00
Tyler Conklin,3915486,TE,NYJ,ACTIVE,102.0158478,96.4,0.0,92.6,152.49127130827685,16.37964739419102,217.0,143.0,"{""42"": 529.128202, ""43"": 3.827078629, ""44"": 0.191680556, ""45"": 0.116774634, ""46"": 0.076312223, ""47"": 105.0, ""48"": 52.0, ""49"": 26.0, ""50"": 21.0, ""51"": 10.0, ""53"": 52.8659628, ""56"": 0.451120265, ""57"": 0.013952173, ""58"": 74.06620128, ""60"": 10.00886343, ""61"": 35.00069818, ""62"": 0.191680556, ""63"": 0.002654876, ""67"": 0.603380972, ""68"": 0.603380972, ""71"": 0.337893344, ""72"": 0.337893344, ""73"": 0.337893344, ""210"": 15.11764706, ""213"": 27.05641869}","{""23"": 1.0, ""41"": 51.0, ""42"": 449.0, ""43"": 4.0, ""44"": 1.0, ""47"": 85.0, ""48"": 38.0, ""49"": 14.0, ""50"": 12.0, ""51"": 4.0, ""53"": 51.0, ""54"": 4.0, ""58"": 72.0, ""59"": 262.0, ""60"": 8.80392157, ""61"": 28.0625, ""155"": 4.0, ""156"": 12.0, ""158"": 26.0, ""183"": 3.0, ""185"": 1.0, ""210"": 16.0, ""213"": 24.0}",2026-08-24T23:49:59-04:00
Jason Myers,2473037,K,SEA,ACTIVE,129.66110485,136.0,138.22271467,151.0,168.83213033615178,15.621421216009118,492.0,411.0,"{""74"": 4.427039354, ""75"": 6.595396581, ""76"": 2.168357227, ""77"": 7.195156862, ""78"": 9.174784352, ""79"": 1.979627491, ""80"": 15.98955285, ""81"": 16.88029719, ""82"": 0.890744344, ""83"": 27.61174906, ""84"": 32.65047812, ""85"": 5.038729061, ""86"": 35.81535114, ""87"": 38.17324718, ""88"": 2.357896035, ""198"": 4.427039354, ""199"": 6.595396581, ""200"": 2.168357227, ""210"": 17.0, ""214"": 1042.528769, ""215"": 232.8968576, ""216"": 1275.425627}","{""74"": 9.0, ""75"": 12.0, ""76"": 3.0, ""77"": 7.0, ""78"": 8.0, ""79"": 1.0, ""80"": 10.0, ""81"": 10.0, ""83"": 26.0, ""84"": 30.0, ""85"": 4.0, ""86"": 37.0, ""87"": 40.0, ""88"": 3.0, ""108"": 1.0, ""109"": 1.0, ""155"": 10.0, ""156"": 7.0, ""158"": 115.0, ""198"": 9.0, ""199"": 10.0, ""200"": 1.0, ""202"": 2.0, ""203"": 2.0, ""210"": 17.0, ""214"": 1109.0, ""215"": 175.0, ""216"": 1284.0, ""217"": 216.0, ""218"": 104.0, ""219"": 46.0, ""220"": 37.0, ""221"": 14.0, ""222"": 2.0, ""223"": 34.0, ""224"": 17.0, ""225"": 8.0, ""226"": 6.0, ""227"": 3.0, ""229"": 250.0, ""230"": 121.0, ""231"": 55.0, ""232"": 44.0, ""233"": 18.0, ""234"": 4.0}",2026-08-24T23:49:59-04:00
Marquez Valdes-Scantling,3051738,WR,SEA,ACTIVE,23.37621401,75.0,114.47744744,46.0,169.30554414784393,15.463100197112844,1044.0,957.0,"{""42"": 141.8170016, ""43"": 0.823456805, ""44"": 0.043831025, ""45"": 0.257414624, ""46"": 0.168220457, ""47"": 28.0, ""48"": 14.0, ""49"": 7.0, ""50"": 5.0, ""51"": 2.0, ""53"": 8.670478859, ""56"": 0.055747022, ""57"": 0.001724135, ""58"": 16.41264864, ""60"": 16.35630556, ""61"": 9.380891154, ""62"": 0.043831025, ""63"": 0.000664433, ""67"": 0.151007556, ""68"": 0.151007556, ""71"": 0.084564231, ""72"": 0.084564231, ""73"": 0.084564231, ""210"": 15.11764706, ""213"": 5.074058879}","{""23"": 1.0, ""24"": 4.0, ""39"": 4.0, ""40"": 0.28571429, ""41"": 19.0, ""42"": 411.0, ""43"": 4.0, ""45"": 2.0, ""46"": 1.0, ""47"": 78.0, ""48"": 36.0, ""49"": 16.0, ""50"": 13.0, ""51"": 5.0, ""52"": 1.0, ""53"": 19.0, ""56"": 1.0, ""58"": 44.0, ""59"": 143.0, ""60"": 21.63157895, ""61"": 29.35714286, ""108"": 1.0, ""109"": 1.0, ""155"": 7.0, ""156"": 7.0, ""158"": 24.0, ""183"": 1.0, ""185"": 1.0, ""210"": 14.0, ""213"": 14.0}",2026-08-24T23:49:59-04:00
Elijah Moore,4372414,WR,CLE,ACTIVE,59.29808989,90.4,117.63585197,102.6,169.68254620123204,15.380513920443887,393.0,327.0,"{""23"": 4.298303846, ""24"": 21.92854532, ""25"": 0.17478988, ""26"": 0.008737186, ""27"": 4.0, ""28"": 2.0, ""29"": 1.0, ""35"": 0.007901177, ""36"": 0.005530824, ""37"": 0.001088803, ""38"": 3.71567e-05, ""39"": 5.101674081, ""40"": 1.450526344, ""42"": 324.5105749, ""43"": 1.723034114, ""44"": 0.092898238, ""45"": 0.152866125, ""46"": 0.099898013, ""47"": 64.0, ""48"": 32.0, ""49"": 16.0, ""50"": 12.0, ""51"": 6.0, ""53"": 25.25915999, ""56"": 0.144622966, ""57"": 0.004472875, ""58"": 42.75562876, ""60"": 12.84724334, ""61"": 21.46568005, ""62"": 0.101635424, ""63"": 0.002601057, ""66"": 0.085966077, ""67"": 0.5051832, ""68"": 0.591149277, ""70"": 0.039544395, ""71"": 0.282902592, ""72"": 0.322446987, ""73"": 0.322446987, ""101"": 0.077279506, ""102"": 0.1026, ""114"": 253.5733803, ""115"": 165.6, ""116"": 25.0, ""117"": 10.0, ""118"": 16.0, ""119"": 6.0, ""210"": 15.11764706, ""212"": 3.203855944, ""213"": 14.26098974}","{""23"": 1.0, ""24"": 1.0, ""39"": 1.0, ""40"": 0.05882353, ""41"": 61.0, ""42"": 538.0, ""43"": 1.0, ""47"": 102.0, ""48"": 48.0, ""49"": 21.0, ""50"": 14.0, ""51"": 4.0, ""52"": 1.0, ""53"": 61.0, ""54"": 5.0, ""56"": 1.0, ""58"": 102.0, ""59"": 133.0, ""60"": 8.81967213, ""61"": 31.64705882, ""108"": 3.0, ""109"": 3.0, ""155"": 3.0, ""156"": 14.0, ""158"": 6.0, ""186"": 1.0, ""210"": 17.0, ""213"": 25.0}",2026-08-24T23:49:59-04:00
Brandin Cooks,16731,WR,DAL,ACTIVE,126.8173044,56.6,0.0,146.2,166.66139630390143,15.147192503174315,196.0,173.0,"{""23"": 4.198582637, ""24"": 26.38054323, ""25"": 0.180806877, ""26"": 0.010542788, ""27"": 5.0, ""28"": 2.0, ""29"": 1.0, ""30"": 1.0, ""35"": 0.007717474, ""36"": 0.005402232, ""37"": 0.001617193, ""38"": 5.51886e-05, ""39"": 6.283202097, ""40"": 1.745016478, ""42"": 667.8298634, ""43"": 4.689835377, ""44"": 0.227281679, ""45"": 0.168667817, ""46"": 0.110224418, ""47"": 133.0, ""48"": 66.0, ""49"": 33.0, ""50"": 26.0, ""51"": 13.0, ""53"": 57.29059773, ""56"": 0.847185816, ""57"": 0.026201623, ""58"": 85.6521423, ""60"": 11.6568842, ""61"": 44.17551626, ""62"": 0.237824466, ""63"": 0.003772395, ""66"": 0.058542126, ""67"": 0.798820387, ""68"": 0.857362513, ""70"": 0.026929378, ""71"": 0.447339417, ""72"": 0.474268795, ""73"": 0.474268795, ""210"": 15.11764706, ""212"": 3.352606379, ""213"": 32.24258141}","{""23"": 3.0, ""24"": -3.0, ""27"": 1.0, ""39"": -1.0, ""40"": -0.3, ""41"": 26.0, ""42"": 259.0, ""43"": 3.0, ""47"": 48.0, ""48"": 21.0, ""49"": 7.0, ""50"": 5.0, ""51"": 1.0, ""53"": 26.0, ""58"": 54.0, ""59"": 55.0, ""60"": 9.96153846, ""61"": 25.9, ""155"": 5.0, ""156"": 5.0, ""158"": 18.0, ""183"": 2.0, ""185"": 1.0, ""210"": 10.0, ""213"": 19.0}",2026-08-24T23:49:59-04:00
Ricky Pearsall,4428209,WR,SF,ACTIVE,35.08587131,78.0,,,169.48850102669405,14.58218848119376,995.0,981.0,"{""42"": 194.9695403, ""43"": 1.364658335, ""44"": 0.060237875, ""45"": 0.164075647, ""46"": 0.107223435, ""47"": 38.0, ""48"": 19.0, ""49"": 9.0, ""50"": 7.0, ""51"": 3.0, ""53"": 14.91598012, ""56"": 0.075632235, ""57"": 0.002339141, ""58"": 23.66972272, ""60"": 13.07118531, ""61"": 16.99734454, ""62"": 0.060237875, ""63"": 0.000697316, ""67"": 0.158480836, ""68"": 0.158480836, ""71"": 0.088749268, ""72"": 0.088749268, ""73"": 0.088749268, ""210"": 11.47058824, ""213"": 8.455178904}","{""0"": 1.0, ""2"": 1.0, ""23"": 3.0, ""24"": 45.0, ""27"": 8.0, ""28"": 3.0, ""29"": 1.0, ""30"": 1.0, ""39"": 15.0, ""40"": 4.09090909, ""41"": 31.0, ""42"": 400.0, ""43"": 3.0, ""45"": 1.0, ""47"": 77.0, ""48"": 36.0, ""49"": 16.0, ""50"": 11.0, ""51"": 4.0, ""52"": 1.0, ""53"": 31.0, ""54"": 2.0, ""56"": 1.0, ""58"": 46.0, ""59"": 114.0, ""60"": 12.90322581, ""61"": 36.36363636, ""108"": 1.0, ""109"": 1.0, ""115"": 41.0, ""118"": 4.0, ""119"": 1.0, ""155"": 3.0, ""156"": 8.0, ""158"": 18.0, ""183"": 1.0, ""210"": 11.0, ""212"": 1.0, ""213"": 19.0}",2026-08-24T23:49:59-04:00
Juwan Johnson,3929645,TE,NO,ACTIVE,97.25337559,97.8,0.0,79.3,169.60279318135142,14.482507765046519,222.0,439.0,"{""42"": 511.7362151, ""43"": 3.913602515, ""44"": 0.195746714, ""45"": 0.131093517, ""46"": 0.085669613, ""47"": 102.0, ""48"": 51.0, ""49"": 25.0, ""50"": 20.0, ""51"": 10.0, ""53"": 45.34387103, ""56"": 0.41135287, ""57"": 0.012722254, ""58"": 69.62341436, ""60"": 11.28567552, ""61"": 33.85025547, ""62"": 0.195746714, ""63"": 0.001827925, ""67"": 0.415437456, ""68"": 0.415437456, ""71"": 0.232644976, ""72"": 0.232644976, ""73"": 0.232644976, ""210"": 15.11764706, ""213"": 24.89766411}","{""41"": 50.0, ""42"": 548.0, ""43"": 3.0, ""47"": 105.0, ""48"": 49.0, ""49"": 21.0, ""50"": 15.0, ""51"": 3.0, ""53"": 50.0, ""54"": 4.0, ""58"": 66.0, ""59"": 212.0, ""60"": 10.96, ""61"": 32.23529412, ""67"": 2.0, ""68"": 2.0, ""155"": 5.0, ""156"": 12.0, ""158"": 18.0, ""183"": 1.0, ""184"": 2.0, ""210"": 17.0, ""213"": 27.0}",2026-08-24T23:49:59-04:00
Jaguars D/ST,-16030,D/ST,JAX,,110.04300864,39.0,0.0,98.0,169.31914893617022,14.432012965135296,236.0,484.0,"{""89"": 0.207482993, ""90"": 0.93537415, ""91"": 3.282312925, ""92"": 2.993197279, ""93"": 0.117946793, ""94"": 1.87578841, ""95"": 13.18561944, ""96"": 9.18399581, ""97"": 1.791508478, ""98"": 0.2223308, ""99"": 41.58130795, ""100"": 83.16261589, ""101"": 0.59708486, ""102"": 0.13851, ""103"": 1.31324813, ""104"": 0.56254028, ""105"": 2.729330063, ""106"": 10.49669587, ""109"": 1051.527538, ""110"": 350.0, ""111"": 210.0, ""112"": 29.1617002, ""113"": 72.31780051, ""114"": 1537.037944, ""115"": 377.175, ""116"": 153.0, ""117"": 61.0, ""118"": 37.0, ""119"": 15.0, ""120"": 355.6809736, ""121"": 2.465986395, ""122"": 3.503401361, ""123"": 2.431972789, ""124"": 1.054421769, ""125"": 0.12585034, ""126"": 20.92241021, ""127"": 5668.324379, ""129"": 0.655384769, ""130"": 5.277124118, ""131"": 4.196164823, ""132"": 3.693986882, ""133"": 2.051269213, ""134"": 0.766034146, ""135"": 0.289390677, ""136"": 0.070645371, ""137"": 333.4308458, ""210"": 17.0}","{""89"": 0.0, ""90"": 1.0, ""91"": 2.0, ""92"": 2.0, ""94"": 1.0, ""95"": 6.0, ""96"": 3.0, ""97"": 2.0, ""99"": 34.0, ""100"": 68.0, ""102"": 1.0, ""104"": 1.0, ""105"": 2.0, ""106"": 5.0, ""107"": 436.0, ""108"": 725.0, ""109"": 1161.0, ""110"": 382.0, ""111"": 225.0, ""112"": 75.0, ""113"": 74.0, ""114"": 745.0, ""115"": 318.0, ""116"": 68.0, ""117"": 24.0, ""118"": 24.0, ""119"": 7.0, ""120"": 433.0, ""121"": 2.0, ""122"": 3.0, ""123"": 4.0, ""124"": 1.0, ""125"": 2.0, ""127"": 6629.0, ""128"": 0.0, ""129"": 0.0, ""130"": 3.0, ""131"": 3.0, ""132"": 2.0, ""133"": 8.0, ""134"": 0.0, ""135"": 0.0, ""136"": 1.0, ""155"": 4.0, ""156"": 13.0, ""187"": 433.0, ""188"": 0.0, ""189"": 1.0, ""190"": 2.0, ""191"": 2.0, ""192"": 2.0, ""193"": 3.0, ""194"": 4.0, ""195"": 1.0, ""196"": 2.0, ""210"": 17.0}",2026-08-24T23:49:59-04:00
Ty Chandler,4242431,RB,MIN,ACTIVE,125.96747285,25.4,0.0,90.5,168.5946611909651,13.998127482492809,143.0,219.0,"{""23"": 156.7312938, ""24"": 685.0551118, ""25"": 4.190753492, ""26"": 0.228157853, ""27"": 137.0, ""28"": 68.0, ""29"": 34.0, ""30"": 27.0, ""31"": 13.0, ""33"": 31.0, ""34"": 15.0, ""35"": 0.312049331, ""36"": 0.218434531, ""37"": 1.218470637, ""38"": 0.041581728, ""39"": 4.370889151, ""40"": 48.32338963, ""42"": 156.6718087, ""43"": 0.650574114, ""44"": 0.033628495, ""45"": 0.038784813, ""46"": 0.025345875, ""47"": 31.0, ""48"": 15.0, ""49"": 7.0, ""50"": 6.0, ""51"": 3.0, ""53"": 22.21718664, ""56"": 0.060419169, ""57"": 0.001868634, ""58"": 29.1239906, ""60"": 7.051829346, ""61"": 11.05153837, ""62"": 0.261786347, ""63"": 0.003353093, ""66"": 0.66745286, ""67"": 0.094613682, ""68"": 0.762066542, ""70"": 0.307028316, ""71"": 0.052983662, ""72"": 0.360011978, ""73"": 0.360011978, ""101"": 0.305778851, ""114"": 1003.336854, ""116"": 100.0, ""117"": 40.0, ""210"": 14.17647059, ""212"": 37.84923525, ""213"": 8.500743176}","{""23"": 56.0, ""24"": 182.0, ""27"": 32.0, ""28"": 14.0, ""29"": 5.0, ""30"": 4.0, ""31"": 1.0, ""33"": 7.0, ""34"": 2.0, ""39"": 3.25, ""40"": 10.70588235, ""41"": 6.0, ""42"": 42.0, ""47"": 7.0, ""48"": 2.0, ""49"": 1.0, ""50"": 1.0, ""53"": 6.0, ""58"": 6.0, ""59"": 53.0, ""60"": 7.0, ""61"": 2.47058824, ""64"": 1.0, ""107"": 1.0, ""108"": 3.0, ""109"": 4.0, ""114"": 205.0, ""116"": 19.0, ""117"": 5.0, ""155"": 14.0, ""156"": 3.0, ""210"": 17.0, ""212"": 9.0, ""213"": 2.0}",2026-08-24T23:49:59-04:00
Bryce Young,4685720,QB,CAR,ACTIVE,263.62707036,223.9,0.0,176.9,168.5802672147996,13.673783325420544,275.0,2509.0,"{""0"": 512.3234164, ""1"": 325.5033462, ""2"": 186.8200702, ""3"": 3530.7606, ""4"": 20.1115686, ""5"": 706.0, ""6"": 353.0, ""7"": 176.0, ""8"": 141.0, ""9"": 70.0, ""10"": 35.0, ""11"": 65.0, ""12"": 32.0, ""15"": 2.825868765, ""16"": 1.846705238, ""17"": 2.683352728, ""18"": 0.362450596, ""19"": 1.065535127, ""20"": 11.6271591, ""21"": 0.635347391, ""22"": 235.38404, ""23"": 45.89706075, ""24"": 267.5085068, ""25"": 0.814926581, ""26"": 0.041758936, ""27"": 53.0, ""28"": 26.0, ""29"": 13.0, ""30"": 10.0, ""31"": 5.0, ""33"": 9.0, ""34"": 4.0, ""35"": 0.086553032, ""36"": 0.060587123, ""37"": 0.207583251, ""38"": 0.00708402, ""39"": 5.828445273, ""40"": 17.83390045, ""62"": 1.107294063, ""63"": 0.040661206, ""64"": 36.76381297, ""65"": 8.528318789, ""66"": 0.71286445, ""68"": 9.241183238, ""69"": 4.093593019, ""70"": 0.327917647, ""72"": 4.421510665, ""73"": 16.04866976, ""210"": 15.0, ""211"": 172.6264017, ""212"": 14.25665868}","{""0"": 384.0, ""1"": 234.0, ""2"": 150.0, ""3"": 2403.0, ""4"": 15.0, ""5"": 475.0, ""6"": 235.0, ""7"": 114.0, ""8"": 90.0, ""9"": 43.0, ""10"": 17.0, ""11"": 41.0, ""12"": 16.0, ""13"": 24.0, ""14"": 9.0, ""15"": 2.0, ""16"": 1.0, ""20"": 9.0, ""21"": 0.609375, ""22"": 171.64285714, ""23"": 43.0, ""24"": 249.0, ""25"": 6.0, ""27"": 44.0, ""28"": 18.0, ""29"": 7.0, ""30"": 4.0, ""31"": 1.0, ""33"": 3.0, ""39"": 5.79069767, ""40"": 17.78571429, ""64"": 29.0, ""65"": 5.0, ""66"": 1.0, ""67"": 1.0, ""68"": 5.0, ""69"": 2.0, ""70"": 1.0, ""72"": 2.0, ""73"": 11.0, ""108"": 1.0, ""109"": 1.0, ""155"": 4.0, ""156"": 10.0, ""158"": 126.0, ""175"": 7.0, ""176"": 4.0, ""177"": 1.0, ""178"": 1.0, ""179"": 3.0, ""180"": 2.0, ""181"": 1.0, ""210"": 14.0, ""211"": 117.0, ""212"": 15.0}",2026-08-24T23:49:59-04:00
Michael Penix Jr.,4360423,QB,ATL,ACTIVE,38.44095918,49.5,,,169.76608427543678,13.580301559457855,450.0,2628.0,"{""0"": 68.1076647, ""1"": 41.55420418, ""2"": 26.55346052, ""3"": 470.1406084, ""4"": 3.551600347, ""5"": 94.0, ""6"": 47.0, ""7"": 23.0, ""8"": 18.0, ""9"": 9.0, ""10"": 4.0, ""11"": 8.0, ""12"": 4.0, ""15"": 0.375653357, ""16"": 0.245489469, ""17"": 0.35460569, ""18"": 0.047897931, ""19"": 0.179723548, ""20"": 1.857365634, ""21"": 0.610125224, ""22"": 117.5351521, ""23"": 4.824675613, ""24"": 15.36133238, ""25"": 0.188722039, ""26"": 0.010062071, ""27"": 3.0, ""28"": 1.0, ""35"": 0.009045415, ""36"": 0.006331791, ""37"": 0.005063053, ""38"": 0.000172783, ""39"": 3.183909885, ""40"": 3.840333094, ""62"": 0.189785619, ""63"": 0.004604129, ""64"": 5.067375466, ""65"": 0.981668366, ""66"": 0.064724685, ""68"": 1.046393051, ""69"": 0.471200816, ""70"": 0.029773355, ""72"": 0.500974171, ""73"": 2.358339805, ""210"": 4.0, ""211"": 22.88845405, ""212"": 1.196250861}","{""0"": 105.0, ""1"": 61.0, ""2"": 44.0, ""3"": 775.0, ""4"": 3.0, ""5"": 152.0, ""6"": 76.0, ""7"": 37.0, ""8"": 28.0, ""9"": 14.0, ""10"": 7.0, ""11"": 10.0, ""12"": 4.0, ""13"": 7.0, ""14"": 2.0, ""17"": 1.0, ""20"": 3.0, ""21"": 0.58095238, ""22"": 155.0, ""23"": 7.0, ""24"": 11.0, ""25"": 1.0, ""27"": 1.0, ""39"": 1.57142857, ""40"": 2.2, ""64"": 4.0, ""65"": 2.0, ""68"": 2.0, ""73"": 3.0, ""107"": 1.0, ""109"": 1.0, ""155"": 1.0, ""156"": 4.0, ""158"": 24.0, ""176"": 1.0, ""177"": 2.0, ""179"": 1.0, ""210"": 5.0, ""211"": 35.0, ""212"": 1.0}",2026-08-24T23:49:59-04:00
Brenton Strange,4430539,TE,JAX,ACTIVE,22.96084855,71.1,0.0,12.0,169.96446909016225,13.363372814370534,1037.0,983.0,"{""42"": 118.1773751, ""43"": 0.880968993, ""44"": 0.054375802, ""45"": 0.095950792, ""46"": 0.062703843, ""47"": 23.0, ""48"": 11.0, ""49"": 5.0, ""50"": 4.0, ""51"": 2.0, ""53"": 11.79979596, ""56"": 0.048888679, ""57"": 0.001512021, ""58"": 17.25324123, ""60"": 10.01520496, ""61"": 7.817180452, ""62"": 0.054375802, ""63"": 0.000594599, ""67"": 0.135136158, ""68"": 0.135136158, ""71"": 0.075676249, ""72"": 0.075676249, ""73"": 0.075676249, ""210"": 15.11764706, ""213"": 5.158962881}","{""41"": 40.0, ""42"": 411.0, ""43"": 2.0, ""47"": 77.0, ""48"": 36.0, ""49"": 15.0, ""50"": 9.0, ""51"": 4.0, ""53"": 40.0, ""54"": 3.0, ""55"": 1.0, ""58"": 53.0, ""59"": 183.0, ""60"": 10.275, ""61"": 24.17647059, ""67"": 1.0, ""68"": 1.0, ""71"": 1.0, ""72"": 1.0, ""73"": 1.0, ""107"": 1.0, ""109"": 1.0, ""155"": 4.0, ""156"": 13.0, ""158"": 12.0, ""183"": 2.0, ""210"": 17.0, ""213"": 21.0}",2026-08-24T23:49:59-04:00
Kimani Vidal,4430968,RB,LAC,ACTIVE,33.27442335,30.2,,,169.92956878850103,13.188316243128565,404.0,2617.0,"{""23"": 42.53422202, ""24"": 175.6867173, ""25"": 0.755856737, ""26"": 0.042064776, ""27"": 35.0, ""28"": 17.0, ""29"": 8.0, ""30"": 7.0, ""31"": 3.0, ""33"": 8.0, ""34"": 4.0, ""35"": 0.079864886, ""36"": 0.05590542, ""37"": 0.081268271, ""38"": 0.002773374, ""39"": 4.130479152, ""40"": 12.39283898, ""42"": 55.45150198, ""43"": 0.315354727, ""44"": 0.015952381, ""45"": 0.037402654, ""46"": 0.024442634, ""47"": 11.0, ""48"": 5.0, ""49"": 2.0, ""50"": 2.0, ""51"": 1.0, ""53"": 8.023925622, ""56"": 0.027309025, ""57"": 0.000844609, ""58"": 10.22516308, ""60"": 6.91076969, ""61"": 3.911516737, ""62"": 0.058017157, ""63"": 0.001824575, ""66"": 0.348864227, ""67"": 0.065811962, ""68"": 0.41467619, ""70"": 0.160477545, ""71"": 0.036854699, ""72"": 0.197332243, ""73"": 0.197332243, ""210"": 14.17647059, ""212"": 11.15169022, ""213"": 2.404925471}","{""23"": 43.0, ""24"": 155.0, ""27"": 27.0, ""28"": 12.0, ""29"": 4.0, ""30"": 1.0, ""33"": 5.0, ""39"": 3.60465116, ""40"": 15.5, ""41"": 5.0, ""42"": 62.0, ""43"": 1.0, ""47"": 11.0, ""48"": 5.0, ""49"": 2.0, ""50"": 1.0, ""53"": 5.0, ""58"": 9.0, ""59"": 37.0, ""60"": 12.4, ""61"": 6.2, ""65"": 1.0, ""66"": 1.0, ""68"": 1.0, ""155"": 7.0, ""156"": 3.0, ""158"": 6.0, ""186"": 1.0, ""210"": 10.0, ""212"": 7.0, ""213"": 2.0}",2026-08-24T23:49:59-04:00
Marvin Mims Jr.,4686472,WR,DEN,ACTIVE,94.17505311,110.0,0.0,59.7,169.6416837782341,13.07000226348681,323.0,2514.0,"{""23"": 7.767344093, ""24"": 44.57622918, ""25"": 0.298431537, ""26"": 0.018054768, ""27"": 8.0, ""28"": 4.0, ""29"": 2.0, ""30"": 1.0, ""33"": 1.0, ""35"": 0.014304974, ""36"": 0.010013482, ""37"": 0.004830059, ""38"": 0.000164831, ""39"": 5.738928087, ""40"": 2.948622164, ""42"": 495.5965018, ""43"": 2.135160391, ""44"": 0.11732668, ""45"": 0.179817718, ""46"": 0.117510879, ""47"": 99.0, ""48"": 49.0, ""49"": 24.0, ""50"": 19.0, ""51"": 9.0, ""53"": 38.41945968, ""56"": 0.376822982, ""57"": 0.011654319, ""58"": 62.55627067, ""60"": 12.89962186, ""61"": 32.78264798, ""62"": 0.135381448, ""63"": 0.004064439, ""66"": 0.155346882, ""67"": 0.768389194, ""68"": 0.923736075, ""70"": 0.071459566, ""71"": 0.430297948, ""72"": 0.501757514, ""73"": 0.501757514, ""101"": 1.049915123, ""102"": 0.12996, ""114"": 1505.839247, ""115"": 468.0, ""116"": 150.0, ""117"": 60.0, ""118"": 46.0, ""119"": 18.0, ""210"": 15.11764706, ""212"": 4.271492578, ""213"": 22.14705972}","{""23"": 13.0, ""24"": 42.0, ""27"": 6.0, ""28"": 2.0, ""39"": 3.23076923, ""40"": 2.47058824, ""41"": 39.0, ""42"": 503.0, ""43"": 6.0, ""45"": 2.0, ""46"": 2.0, ""47"": 94.0, ""48"": 44.0, ""49"": 20.0, ""50"": 14.0, ""51"": 6.0, ""52"": 2.0, ""53"": 39.0, ""54"": 2.0, ""56"": 2.0, ""58"": 52.0, ""59"": 477.0, ""60"": 12.8974359, ""61"": 29.58823529, ""65"": 1.0, ""66"": 1.0, ""67"": 1.0, ""68"": 1.0, ""108"": 2.0, ""109"": 2.0, ""114"": 194.0, ""115"": 408.0, ""116"": 17.0, ""117"": 6.0, ""118"": 35.0, ""119"": 10.0, ""155"": 10.0, ""156"": 7.0, ""158"": 36.0, ""183"": 1.0, ""184"": 1.0, ""185"": 1.0, ""186"": 1.0, ""210"": 17.0, ""212"": 3.0, ""213"": 14.0}",2026-08-24T23:49:59-04:00
Trevor Lawrence,4360310,QB,JAX,QUESTIONABLE,289.74378408,166.2,0.0,303.3,168.53072970195274,13.042202297688062,168.0,307.0,"{""0"": 536.0630498, ""1"": 348.3795634, ""2"": 187.6834864, ""3"": 3770.463336, ""4"": 20.4643721, ""5"": 754.0, ""6"": 377.0, ""7"": 188.0, ""8"": 150.0, ""9"": 75.0, ""10"": 37.0, ""11"": 69.0, ""12"": 34.0, ""15"": 3.19070204, ""16"": 2.085123783, ""17"": 3.431419313, ""18"": 0.463494777, ""19"": 1.26407754, ""20"": 12.43755841, ""21"": 0.649885426, ""22"": 251.3642224, ""23"": 58.30944283, ""24"": 281.4847236, ""25"": 3.161371779, ""26"": 0.188846094, ""27"": 56.0, ""28"": 28.0, ""29"": 14.0, ""30"": 11.0, ""31"": 5.0, ""33"": 11.0, ""34"": 5.0, ""35"": 0.110779212, ""36"": 0.077545448, ""37"": 0.229951729, ""38"": 0.00784737, ""39"": 4.827429486, ""40"": 18.76564824, ""62"": 1.452923634, ""63"": 0.041363912, ""64"": 32.60611087, ""65"": 8.526599955, ""66"": 0.874289177, ""68"": 9.400889132, ""69"": 4.092767978, ""70"": 0.402173022, ""72"": 4.494941, ""73"": 16.93249941, ""210"": 15.0, ""211"": 184.3584959, ""212"": 17.23194109}","{""0"": 284.0, ""1"": 172.0, ""2"": 112.0, ""3"": 2045.0, ""4"": 11.0, ""5"": 404.0, ""6"": 200.0, ""7"": 98.0, ""8"": 76.0, ""9"": 36.0, ""10"": 15.0, ""11"": 30.0, ""12"": 13.0, ""13"": 20.0, ""14"": 6.0, ""15"": 1.0, ""16"": 1.0, ""17"": 2.0, ""19"": 3.0, ""20"": 7.0, ""21"": 0.6056338, ""22"": 204.5, ""23"": 26.0, ""24"": 119.0, ""25"": 3.0, ""27"": 20.0, ""28"": 7.0, ""29"": 2.0, ""30"": 1.0, ""33"": 1.0, ""39"": 4.57692308, ""40"": 11.9, ""42"": -5.0, ""59"": -5.0, ""61"": -0.5, ""64"": 18.0, ""65"": 2.0, ""67"": 1.0, ""68"": 3.0, ""69"": 1.0, ""72"": 1.0, ""73"": 8.0, ""108"": 1.0, ""109"": 1.0, ""155"": 2.0, ""156"": 8.0, ""158"": 84.0, ""175"": 6.0, ""176"": 3.0, ""177"": 1.0, ""179"": 3.0, ""210"": 10.0, ""211"": 97.0, ""212"": 13.0}",2026-08-24T23:49:59-04:00
Ray-Ray McCloud III,3728262,WR,ATL,ACTIVE,80.46008494,109.5,0.0,22.5,137.1905544147844,12.844393714549932,331.0,113.0,"{""23"": 4.3028814, ""24"": 32.05268237, ""25"": 0.245828646, ""26"": 0.013146602, ""27"": 6.0, ""28"": 3.0, ""29"": 1.0, ""30"": 1.0, ""35"": 0.007909588, ""36"": 0.005536711, ""37"": 0.002424531, ""38"": 8.27399e-05, ""39"": 7.449120575, ""40"": 2.120216344, ""42"": 411.4534089, ""43"": 2.546192026, ""44"": 0.12921929, ""45"": 0.122375779, ""46"": 0.079972572, ""47"": 82.0, ""48"": 41.0, ""49"": 20.0, ""50"": 16.0, ""51"": 8.0, ""53"": 39.68363877, ""56"": 0.239235797, ""57"": 0.007399045, ""58"": 56.94802149, ""60"": 10.36833873, ""61"": 27.21676246, ""62"": 0.142365893, ""63"": 0.003870814, ""66"": 0.086057628, ""67"": 0.793672775, ""68"": 0.879730403, ""70"": 0.039586509, ""71"": 0.444456754, ""72"": 0.484043263, ""73"": 0.484043263, ""101"": 0.033147856, ""114"": 149.6019585, ""116"": 14.0, ""117"": 5.0, ""210"": 15.11764706, ""212"": 3.598938301, ""213"": 20.28294858}","{""23"": 10.0, ""24"": 79.0, ""27"": 12.0, ""28"": 4.0, ""29"": 1.0, ""39"": 7.9, ""40"": 4.64705882, ""41"": 62.0, ""42"": 686.0, ""43"": 1.0, ""47"": 130.0, ""48"": 60.0, ""49"": 25.0, ""50"": 19.0, ""51"": 6.0, ""53"": 62.0, ""54"": 4.0, ""58"": 87.0, ""59"": 335.0, ""60"": 11.06451613, ""61"": 40.35294118, ""67"": 3.0, ""68"": 4.0, ""71"": 1.0, ""72"": 2.0, ""73"": 2.0, ""107"": 1.0, ""109"": 1.0, ""114"": 361.0, ""116"": 32.0, ""117"": 11.0, ""155"": 8.0, ""156"": 9.0, ""158"": 6.0, ""184"": 1.0, ""210"": 17.0, ""212"": 3.0, ""213"": 29.0}",2026-08-24T23:49:59-04:00
Matt Gay,4249087,K,IND,ACTIVE,126.77660563,133.0,130.42453149,149.0,168.2986182718086,12.620821674284876,340.0,464.0,"{""74"": 4.311567454, ""75"": 6.204961562, ""76"": 1.893394107, ""77"": 6.973151481, ""78"": 8.63165445, ""79"": 1.658502969, ""80"": 15.41821163, ""81"": 15.88101548, ""82"": 0.462803853, ""83"": 26.70293057, ""84"": 30.71763149, ""85"": 4.01470093, ""86"": 35.08622848, ""87"": 36.47755372, ""88"": 1.391325246, ""198"": 4.311567454, ""199"": 6.204961562, ""200"": 1.893394107, ""210"": 15.16358025, ""214"": 1009.162808, ""215"": 190.760031, ""216"": 1199.922839}","{""74"": 3.0, ""75"": 9.0, ""76"": 6.0, ""77"": 7.0, ""78"": 7.0, ""80"": 21.0, ""81"": 21.0, ""83"": 31.0, ""84"": 37.0, ""85"": 6.0, ""86"": 33.0, ""87"": 33.0, ""107"": 1.0, ""109"": 1.0, ""155"": 8.0, ""156"": 8.0, ""158"": 126.0, ""198"": 3.0, ""199"": 9.0, ""200"": 6.0, ""210"": 16.0, ""214"": 1129.0, ""215"": 317.0, ""216"": 1446.0, ""217"": 220.0, ""218"": 106.0, ""219"": 50.0, ""220"": 38.0, ""221"": 15.0, ""222"": 3.0, ""223"": 61.0, ""224"": 30.0, ""225"": 12.0, ""226"": 12.0, ""227"": 6.0, ""229"": 283.0, ""230"": 137.0, ""231"": 66.0, ""232"": 50.0, ""233"": 21.0, ""234"": 7.0}",2026-08-24T23:49:59-04:00
Gabe Davis,4243537,WR,JAX,QUESTIONABLE,144.4887777,43.9,0.0,138.9,159.17782340862422,12.591817923778642,163.0,150.0,"{""42"": 797.99376, ""43"": 6.448708981, ""44"": 0.398146572, ""45"": 0.237665218, ""46"": 0.15531422, ""47"": 159.0, ""48"": 79.0, ""49"": 39.0, ""50"": 31.0, ""51"": 15.0, ""53"": 52.62703584, ""56"": 1.381792922, ""57"": 0.042735864, ""58"": 93.90730691, ""60"": 15.16319031, ""61"": 52.78557945, ""62"": 0.398146572, ""63"": 0.004371177, ""67"": 0.993449335, ""68"": 0.993449335, ""71"": 0.556331627, ""72"": 0.556331627, ""73"": 0.556331627, ""210"": 15.11764706, ""213"": 35.48824248}","{""41"": 20.0, ""42"": 239.0, ""43"": 2.0, ""47"": 44.0, ""48"": 20.0, ""49"": 8.0, ""50"": 5.0, ""51"": 1.0, ""53"": 20.0, ""54"": 1.0, ""58"": 42.0, ""59"": 39.0, ""60"": 11.95, ""61"": 23.9, ""67"": 1.0, ""68"": 1.0, ""71"": 1.0, ""72"": 1.0, ""73"": 1.0, ""108"": 2.0, ""109"": 2.0, ""155"": 2.0, ""156"": 8.0, ""158"": 12.0, ""183"": 1.0, ""185"": 1.0, ""210"": 10.0, ""213"": 13.0}",2026-08-24T23:49:59-04:00
Will Levis,4361418,QB,TEN,ACTIVE,270.15601078,145.3,0.0,117.1,169.67790339157244,12.586851610548253,282.0,386.0,"{""0"": 548.9357709, ""1"": 348.249113, ""2"": 200.6866579, ""3"": 3811.915394, ""4"": 20.50846549, ""5"": 762.0, ""6"": 381.0, ""7"": 190.0, ""8"": 152.0, ""9"": 76.0, ""10"": 38.0, ""11"": 69.0, ""12"": 34.0, ""15"": 3.255408198, ""16"": 2.127409257, ""17"": 3.572981459, ""18"": 0.482616111, ""19"": 1.027155722, ""20"": 12.51952068, ""21"": 0.63440776, ""22"": 254.1276929, ""23"": 49.58103989, ""24"": 162.8959727, ""25"": 2.044450354, ""26"": 0.117822072, ""27"": 32.0, ""28"": 16.0, ""29"": 8.0, ""30"": 6.0, ""31"": 3.0, ""33"": 9.0, ""34"": 4.0, ""35"": 0.093707213, ""36"": 0.065595049, ""37"": 0.076596269, ""38"": 0.002613937, ""39"": 3.285448893, ""40"": 10.85973151, ""62"": 1.144977794, ""63"": 0.05104969, ""64"": 38.55527686, ""65"": 10.69924432, ""66"": 0.90295786, ""68"": 11.60220218, ""69"": 5.135637274, ""70"": 0.415360616, ""72"": 5.55099789, ""73"": 18.07051857, ""210"": 15.0, ""211"": 185.3149001, ""212"": 11.86480869}","{""0"": 301.0, ""1"": 190.0, ""2"": 111.0, ""3"": 2091.0, ""4"": 13.0, ""5"": 415.0, ""6"": 203.0, ""7"": 98.0, ""8"": 79.0, ""9"": 35.0, ""10"": 13.0, ""11"": 31.0, ""12"": 10.0, ""13"": 16.0, ""14"": 5.0, ""15"": 5.0, ""16"": 2.0, ""19"": 1.0, ""20"": 12.0, ""21"": 0.63122924, ""22"": 174.25, ""23"": 45.0, ""24"": 183.0, ""27"": 34.0, ""28"": 14.0, ""29"": 4.0, ""30"": 3.0, ""33"": 3.0, ""39"": 4.06666667, ""40"": 15.25, ""64"": 41.0, ""65"": 6.0, ""66"": 5.0, ""68"": 10.0, ""69"": 4.0, ""70"": 3.0, ""72"": 6.0, ""73"": 18.0, ""155"": 2.0, ""156"": 10.0, ""158"": 78.0, ""175"": 2.0, ""176"": 4.0, ""177"": 1.0, ""178"": 1.0, ""210"": 12.0, ""211"": 87.0, ""212"": 20.0}",2026-08-24T23:49:59-04:00
Cam Akers,4240021,RB,MIN,ACTIVE,21.91789421,86.2,179.44410322,41.2,169.6094455852156,12.314672592786255,458.0,1818.0,"{""23"": 33.79186433, ""24"": 134.8705163, ""25"": 0.865224299, ""26"": 0.054051055, ""27"": 26.0, ""28"": 13.0, ""29"": 6.0, ""30"": 5.0, ""31"": 2.0, ""33"": 6.0, ""34"": 3.0, ""35"": 0.063185157, ""36"": 0.04422961, ""37"": 0.049203187, ""38"": 0.001679116, ""39"": 3.991212647, ""40"": 10.23570882, ""42"": 15.914797, ""43"": 0.11038347, ""44"": 0.005228367, ""45"": 0.043808868, ""46"": 0.028629096, ""47"": 3.0, ""48"": 1.0, ""53"": 2.199504551, ""56"": 0.009147637, ""57"": 0.000282917, ""58"": 2.778730228, ""60"": 7.23562813, ""61"": 1.207819415, ""62"": 0.059279422, ""63"": 0.001097825, ""66"": 0.234257959, ""67"": 0.015247796, ""68"": 0.249505755, ""70"": 0.107758661, ""71"": 0.008538766, ""72"": 0.116297427, ""73"": 0.116297427, ""210"": 13.17647059, ""212"": 9.202043983, ""213"": -0.096735355}","{""23"": 104.0, ""24"": 444.0, ""25"": 2.0, ""27"": 83.0, ""28"": 38.0, ""29"": 16.0, ""30"": 10.0, ""31"": 2.0, ""33"": 15.0, ""34"": 4.0, ""39"": 4.26923077, ""40"": 26.11764706, ""41"": 14.0, ""42"": 68.0, ""43"": 3.0, ""47"": 10.0, ""48"": 2.0, ""53"": 14.0, ""58"": 18.0, ""59"": 83.0, ""60"": 4.85714286, ""61"": 4.0, ""66"": 1.0, ""68"": 1.0, ""70"": 1.0, ""72"": 1.0, ""73"": 1.0, ""107"": 1.0, ""109"": 1.0, ""114"": 76.0, ""116"": 7.0, ""117"": 2.0, ""155"": 13.0, ""156"": 4.0, ""158"": 30.0, ""179"": 1.0, ""180"": 1.0, ""183"": 3.0, ""210"": 17.0, ""212"": 21.0, ""213"": 4.0}",2026-08-24T23:49:59-04:00
Noah Gray,4240472,TE,KC,ACTIVE,56.84651325,93.3,58.13480462,56.6,166.57958513041692,11.363336500692986,461.0,443.0,"{""42"": 289.08613, ""43"": 2.310179704, ""44"": 0.075595126, ""45"": 0.108875468, ""46"": 0.071150118, ""47"": 57.0, ""48"": 28.0, ""49"": 14.0, ""50"": 11.0, ""51"": 5.0, ""53"": 28.43482367, ""56"": 0.118513886, ""57"": 0.003665378, ""58"": 41.12363452, ""60"": 10.16662292, ""61"": 19.12242883, ""62"": 0.075595126, ""63"": 0.001146279, ""67"": 0.260517917, ""68"": 0.260517917, ""71"": 0.145890033, ""72"": 0.145890033, ""73"": 0.145890033, ""210"": 15.11764706, ""213"": 14.24805394}","{""23"": 1.0, ""24"": -4.0, ""39"": -4.0, ""40"": -0.23529412, ""41"": 40.0, ""42"": 437.0, ""43"": 5.0, ""47"": 82.0, ""48"": 37.0, ""49"": 16.0, ""50"": 10.0, ""51"": 3.0, ""53"": 40.0, ""58"": 49.0, ""59"": 210.0, ""60"": 10.925, ""61"": 25.70588235, ""107"": 1.0, ""108"": 1.0, ""109"": 2.0, ""155"": 15.0, ""156"": 2.0, ""158"": 30.0, ""183"": 3.0, ""184"": 1.0, ""186"": 1.0, ""210"": 17.0, ""213"": 25.0}",2026-08-24T23:49:59-04:00
Demarcus Robinson,3043116,WR,SF,ACTIVE,123.97788456,108.0,0.0,74.4,169.56303901437371,11.311159312580342,210.0,422.0,"{""42"": 697.6277491, ""43"": 4.36079077, ""44"": 0.233540827, ""45"": 0.182426065, ""46"": 0.119215433, ""47"": 139.0, ""48"": 69.0, ""49"": 34.0, ""50"": 27.0, ""51"": 13.0, ""53"": 57.75394341, ""56"": 0.95400359, ""57"": 0.029505266, ""58"": 87.75898389, ""60"": 12.07930936, ""61"": 46.14658262, ""62"": 0.233540827, ""63"": 0.005082347, ""67"": 1.155078868, ""68"": 1.155078868, ""71"": 0.646844166, ""72"": 0.646844166, ""73"": 0.646844166, ""210"": 15.11764706, ""213"": 33.03535052}","{""41"": 31.0, ""42"": 505.0, ""43"": 7.0, ""47"": 95.0, ""48"": 44.0, ""49"": 18.0, ""50"": 13.0, ""51"": 3.0, ""53"": 31.0, ""54"": 1.0, ""58"": 64.0, ""59"": 71.0, ""60"": 16.29032258, ""61"": 29.70588235, ""108"": 2.0, ""109"": 2.0, ""155"": 10.0, ""156"": 7.0, ""158"": 42.0, ""183"": 4.0, ""184"": 1.0, ""185"": 1.0, ""186"": 1.0, ""210"": 17.0, ""213"": 27.0}",2026-08-24T23:49:59-04:00
Raiders D/ST,-16013,D/ST,LV,,88.48731874,43.0,0.0,136.0,169.44164428837018,11.309770466162602,506.0,426.0,"{""89"": 0.132546981, ""90"": 0.594762095, ""91"": 2.328068772, ""92"": 2.447021192, ""93"": 0.11565568, ""94"": 1.886013229, ""95"": 12.29438929, ""96"": 8.596402331, ""97"": 1.746976411, ""98"": 0.216502918, ""99"": 40.19268554, ""100"": 80.38537109, ""101"": 0.39246282, ""102"": 0.171, ""103"": 1.319162271, ""104"": 0.566850958, ""105"": 2.565131729, ""106"": 12.30968276, ""109"": 1076.650139, ""110"": 358.0, ""111"": 215.0, ""112"": 45.87792487, ""113"": 60.8539485, ""114"": 1503.289775, ""115"": 276.0, ""116"": 150.0, ""117"": 60.0, ""118"": 27.0, ""119"": 11.0, ""120"": 385.3223637, ""121"": 2.464014394, ""122"": 3.976409436, ""123"": 3.177728908, ""124"": 1.665333866, ""125"": 0.214114354, ""126"": 22.66602139, ""127"": 5963.787405, ""129"": 0.399440084, ""130"": 3.56946458, ""131"": 3.594960756, ""132"": 4.028395741, ""133"": 2.983052542, ""134"": 1.614757786, ""135"": 0.628905664, ""136"": 0.181022847, ""137"": 350.8110239, ""210"": 17.0}","{""89"": 0.0, ""90"": 0.0, ""91"": 3.0, ""92"": 2.0, ""94"": 1.0, ""95"": 10.0, ""96"": 3.0, ""99"": 38.0, ""100"": 76.0, ""103"": 1.0, ""105"": 1.0, ""106"": 6.0, ""107"": 477.0, ""108"": 652.0, ""109"": 1129.0, ""110"": 370.0, ""111"": 218.0, ""112"": 78.0, ""113"": 81.0, ""114"": 680.0, ""115"": 264.0, ""116"": 62.0, ""117"": 22.0, ""118"": 21.0, ""119"": 6.0, ""120"": 414.0, ""121"": 1.0, ""122"": 3.0, ""123"": 6.0, ""124"": 2.0, ""127"": 5663.0, ""128"": 0.0, ""129"": 0.0, ""130"": 6.0, ""131"": 5.0, ""132"": 3.0, ""133"": 2.0, ""134"": 1.0, ""135"": 0.0, ""136"": 0.0, ""155"": 4.0, ""156"": 13.0, ""187"": 414.0, ""188"": 0.0, ""189"": 0.0, ""190"": 3.0, ""191"": 2.0, ""192"": 1.0, ""193"": 3.0, ""194"": 6.0, ""195"": 2.0, ""210"": 17.0}",2026-08-24T23:49:59-04:00
Sincere McCormick,4430104,RB,LV,QUESTIONABLE,,24.2,,,169.8845995893224,11.176164777696208,,,null,"{""23"": 39.0, ""24"": 183.0, ""27"": 34.0, ""28"": 16.0, ""29"": 7.0, ""30"": 6.0, ""31"": 2.0, ""33"": 7.0, ""34"": 2.0, ""39"": 4.69230769, ""40"": 36.6, ""41"": 6.0, ""42"": 29.0, ""47"": 5.0, ""48"": 2.0, ""53"": 6.0, ""58"": 7.0, ""59"": 29.0, ""60"": 4.83333333, ""61"": 5.8, ""156"": 5.0, ""210"": 5.0, ""212"": 10.0, ""213"": 2.0}",2026-08-24T23:49:59-04:00
Jameis Winston,2969939,QB,CLE,QUESTIONABLE,32.93796263,156.5,0.0,15.8,169.29866392600206,10.923427110656757,487.0,2150.0,"{""0"": 70.00149968, ""1"": 42.21227829, ""2"": 27.78922139, ""3"": 482.2437935, ""4"": 2.400729233, ""5"": 96.0, ""6"": 48.0, ""7"": 24.0, ""8"": 19.0, ""9"": 9.0, ""10"": 4.0, ""11"": 8.0, ""12"": 4.0, ""15"": 0.393763167, ""16"": 0.25732423, ""17"": 0.389984225, ""18"": 0.052676643, ""19"": 0.130530497, ""20"": 1.87777497, ""21"": 0.603019628, ""22"": 120.5609484, ""23"": 7.528116462, ""24"": 24.79293307, ""25"": 0.203491273, ""26"": 0.010256882, ""27"": 4.0, ""28"": 2.0, ""29"": 1.0, ""33"": 1.0, ""35"": 0.014286507, ""36"": 0.010000555, ""37"": 0.013300067, ""38"": 0.00045388, ""39"": 3.293377991, ""40"": 6.198233267, ""62"": 0.140787379, ""63"": 0.004106972, ""64"": 5.428745063, ""65"": 0.84870043, ""66"": 0.084702306, ""68"": 0.933402736, ""69"": 0.407376207, ""70"": 0.038963061, ""72"": 0.446339267, ""73"": 2.324114237, ""210"": 4.0, ""211"": 22.85749786, ""212"": 1.689965023}","{""0"": 296.0, ""1"": 181.0, ""2"": 115.0, ""3"": 2121.0, ""4"": 13.0, ""5"": 421.0, ""6"": 207.0, ""7"": 100.0, ""8"": 79.0, ""9"": 37.0, ""10"": 17.0, ""11"": 33.0, ""12"": 14.0, ""13"": 19.0, ""14"": 7.0, ""15"": 2.0, ""16"": 2.0, ""17"": 2.0, ""18"": 1.0, ""19"": 4.0, ""20"": 12.0, ""21"": 0.61148649, ""22"": 176.75, ""23"": 25.0, ""24"": 83.0, ""25"": 1.0, ""27"": 14.0, ""28"": 5.0, ""29"": 2.0, ""30"": 2.0, ""33"": 1.0, ""39"": 3.32, ""40"": 6.91666667, ""64"": 24.0, ""65"": 5.0, ""68"": 5.0, ""69"": 2.0, ""72"": 2.0, ""73"": 14.0, ""108"": 1.0, ""109"": 1.0, ""155"": 3.0, ""156"": 9.0, ""158"": 84.0, ""175"": 4.0, ""176"": 2.0, ""177"": 2.0, ""178"": 3.0, ""179"": 1.0, ""210"": 12.0, ""211"": 103.0, ""212"": 17.0}",2026-08-24T23:49:59-04:00
Derek Carr,16757,QB,NO,QUESTIONABLE,259.51703464,179.9,0.0,289.6,169.60041109969168,10.526373232583225,383.0,380.0,"{""0"": 523.238471, ""1"": 346.438434, ""2"": 176.8000371, ""3"": 3812.806414, ""4"": 20.58605403, ""5"": 762.0, ""6"": 381.0, ""7"": 190.0, ""8"": 152.0, ""9"": 76.0, ""10"": 38.0, ""11"": 69.0, ""12"": 34.0, ""15"": 3.257165701, ""16"": 2.128557786, ""17"": 3.578892288, ""18"": 0.483414509, ""19"": 1.02775444, ""20"": 11.1431575, ""21"": 0.662104285, ""22"": 254.1870942, ""23"": 30.90624323, ""24"": 83.00665911, ""25"": 0.489273638, ""26"": 0.02816238, ""27"": 16.0, ""28"": 8.0, ""29"": 4.0, ""30"": 3.0, ""31"": 1.0, ""33"": 6.0, ""34"": 3.0, ""35"": 0.057759464, ""36"": 0.040431625, ""37"": 0.019657576, ""38"": 0.000670838, ""39"": 2.685757001, ""40"": 5.533777274, ""62"": 1.05591682, ""63"": 0.034271963, ""64"": 32.89101627, ""65"": 7.379002968, ""66"": 0.410079425, ""68"": 7.789082393, ""69"": 3.541921424, ""70"": 0.188636536, ""72"": 3.73055796, ""73"": 14.87371546, ""210"": 15.0, ""211"": 184.8965475, ""212"": 6.873379911}","{""0"": 279.0, ""1"": 189.0, ""2"": 90.0, ""3"": 2145.0, ""4"": 15.0, ""5"": 424.0, ""6"": 209.0, ""7"": 103.0, ""8"": 80.0, ""9"": 37.0, ""10"": 17.0, ""11"": 33.0, ""12"": 14.0, ""13"": 14.0, ""14"": 5.0, ""15"": 6.0, ""16"": 4.0, ""19"": 1.0, ""20"": 5.0, ""21"": 0.67741935, ""22"": 214.5, ""23"": 17.0, ""24"": 71.0, ""25"": 1.0, ""27"": 11.0, ""28"": 4.0, ""39"": 4.17647059, ""40"": 7.1, ""64"": 8.0, ""65"": 2.0, ""66"": 1.0, ""68"": 3.0, ""73"": 5.0, ""155"": 5.0, ""156"": 5.0, ""158"": 96.0, ""175"": 4.0, ""176"": 4.0, ""177"": 1.0, ""179"": 1.0, ""210"": 10.0, ""211"": 93.0, ""212"": 4.0}",2026-08-24T23:49:59-04:00
Alec Pierce,4360078,WR,IND,ACTIVE,42.5145632,142.9,0.0,79.4,169.56673511293636,10.310666590813632,988.0,326.0,"{""42"": 256.7094419, ""43"": 1.324769266, ""44"": 0.096488069, ""45"": 0.136133129, ""46"": 0.088963, ""47"": 51.0, ""48"": 25.0, ""49"": 12.0, ""50"": 10.0, ""51"": 5.0, ""53"": 18.16975867, ""56"": 0.119393964, ""57"": 0.003692597, ""58"": 34.47467443, ""60"": 14.12839029, ""61"": 16.98078021, ""62"": 0.096488069, ""63"": 0.001504062, ""67"": 0.341832194, ""68"": 0.341832194, ""71"": 0.191426029, ""72"": 0.191426029, ""73"": 0.191426029, ""210"": 15.11764706, ""213"": 10.61253537}","{""41"": 37.0, ""42"": 824.0, ""43"": 7.0, ""45"": 3.0, ""46"": 2.0, ""47"": 159.0, ""48"": 76.0, ""49"": 34.0, ""50"": 26.0, ""51"": 10.0, ""52"": 3.0, ""53"": 37.0, ""54"": 2.0, ""56"": 3.0, ""58"": 69.0, ""59"": 118.0, ""60"": 22.27027027, ""61"": 51.5, ""108"": 5.0, ""109"": 5.0, ""155"": 7.0, ""156"": 9.0, ""158"": 42.0, ""183"": 2.0, ""184"": 2.0, ""210"": 16.0, ""213"": 32.0}",2026-08-24T23:49:59-04:00
Allen Lazard,3128390,WR,NYJ,ACTIVE,42.4085579,107.5,0.0,48.6,169.45030800821354,10.137025598567831,990.0,229.0,"{""42"": 234.2517619, ""43"": 1.713701421, ""44"": 0.085866247, ""45"": 0.170908154, ""46"": 0.111688479, ""47"": 46.0, ""48"": 23.0, ""49"": 11.0, ""50"": 9.0, ""51"": 4.0, ""53"": 17.61378801, ""56"": 0.096540096, ""57"": 0.002985776, ""58"": 29.99783537, ""60"": 13.29934037, ""61"": 15.49525274, ""62"": 0.085866247, ""63"": 0.001089995, ""67"": 0.247726173, ""68"": 0.247726173, ""71"": 0.138726657, ""72"": 0.138726657, ""73"": 0.138726657, ""210"": 15.11764706, ""213"": 10.02555701}","{""0"": 1.0, ""2"": 1.0, ""41"": 37.0, ""42"": 530.0, ""43"": 6.0, ""45"": 1.0, ""46"": 1.0, ""47"": 100.0, ""48"": 47.0, ""49"": 20.0, ""50"": 15.0, ""51"": 6.0, ""52"": 1.0, ""53"": 37.0, ""54"": 3.0, ""56"": 1.0, ""58"": 60.0, ""59"": 155.0, ""60"": 14.32432432, ""61"": 44.16666667, ""108"": 1.0, ""109"": 1.0, ""155"": 4.0, ""156"": 8.0, ""158"": 36.0, ""183"": 1.0, ""184"": 3.0, ""186"": 1.0, ""210"": 12.0, ""213"": 29.0}",2026-08-24T23:49:59-04:00
Joshua Palmer,4242433,WR,BUF,ACTIVE,136.47099701,87.9,0.0,87.7,168.87145790554416,10.080377941547606,180.0,260.0,"{""42"": 772.4979547, ""43"": 4.708727158, ""44"": 0.238047641, ""45"": 0.178232698, ""46"": 0.116475068, ""47"": 154.0, ""48"": 77.0, ""49"": 38.0, ""50"": 30.0, ""51"": 15.0, ""53"": 63.56529598, ""56"": 1.300662207, ""57"": 0.040226666, ""58"": 97.6073712, ""60"": 12.15282558, ""61"": 51.09908649, ""62"": 0.238047641, ""63"": 0.005067483, ""67"": 1.15170061, ""68"": 1.15170061, ""71"": 0.644952342, ""72"": 0.644952342, ""73"": 0.644952342, ""210"": 15.11764706, ""213"": 36.56685264}","{""41"": 39.0, ""42"": 584.0, ""43"": 1.0, ""44"": 2.0, ""47"": 111.0, ""48"": 52.0, ""49"": 21.0, ""50"": 15.0, ""51"": 4.0, ""53"": 39.0, ""54"": 1.0, ""58"": 65.0, ""59"": 101.0, ""60"": 14.97435897, ""61"": 38.93333333, ""155"": 10.0, ""156"": 5.0, ""158"": 10.0, ""185"": 1.0, ""210"": 15.0, ""213"": 28.0}",2026-08-24T23:49:59-04:00
Noah Fant,4036131,TE,SEA,ACTIVE,79.44903076,80.0,0.0,57.4,169.28280961182995,9.53272939872031,312.0,352.0,"{""42"": 453.0260429, ""43"": 1.927273449, ""44"": 0.10336747, ""45"": 0.133618866, ""46"": 0.087319929, ""47"": 90.0, ""48"": 45.0, ""49"": 22.0, ""50"": 18.0, ""51"": 9.0, ""53"": 45.69256368, ""56"": 0.29976395, ""57"": 0.00927105, ""58"": 61.43355153, ""60"": 9.914655829, ""61"": 29.96670322, ""62"": 0.10336747, ""63"": 0.001847336, ""67"": 0.419849109, ""68"": 0.419849109, ""71"": 0.235115501, ""72"": 0.235115501, ""73"": 0.235115501, ""210"": 15.11764706, ""213"": 22.54590545}","{""41"": 48.0, ""42"": 500.0, ""43"": 1.0, ""47"": 95.0, ""48"": 45.0, ""49"": 20.0, ""50"": 13.0, ""51"": 5.0, ""53"": 48.0, ""54"": 3.0, ""58"": 64.0, ""59"": 277.0, ""60"": 10.41666667, ""61"": 35.71428571, ""108"": 2.0, ""109"": 2.0, ""155"": 8.0, ""156"": 6.0, ""158"": 6.0, ""184"": 1.0, ""210"": 14.0, ""213"": 25.0}",2026-08-24T23:49:59-04:00
Curtis Samuel,3121427,WR,BUF,ACTIVE,134.87734982,48.2,0.0,126.2,169.35913757700206,9.44713861810981,179.0,392.0,"{""23"": 12.51387621, ""24"": 64.3170931, ""25"": 0.905468814, ""26"": 0.039423491, ""27"": 12.0, ""28"": 6.0, ""29"": 3.0, ""30"": 2.0, ""31"": 1.0, ""33"": 2.0, ""34"": 1.0, ""35"": 0.023106171, ""36"": 0.01617432, ""37"": 0.010296026, ""38"": 0.000351364, ""39"": 5.139661925, ""40"": 4.254438065, ""42"": 646.5540295, ""43"": 4.514389763, ""44"": 0.240153705, ""45"": 0.112883205, ""46"": 0.073769174, ""47"": 129.0, ""48"": 64.0, ""49"": 32.0, ""50"": 25.0, ""51"": 12.0, ""53"": 63.34666586, ""56"": 0.775366006, ""57"": 0.023980392, ""58"": 91.22517946, ""60"": 10.20659921, ""61"": 42.76816537, ""62"": 0.279577195, ""63"": 0.003891567, ""66"": 0.145897469, ""67"": 0.738549597, ""68"": 0.884447066, ""70"": 0.067112836, ""71"": 0.413587774, ""72"": 0.48070061, ""73"": 0.48070061, ""210"": 15.11764706, ""212"": 5.678963528, ""213"": 32.96451253}","{""23"": 5.0, ""24"": 14.0, ""27"": 2.0, ""39"": 2.8, ""40"": 1.0, ""41"": 31.0, ""42"": 253.0, ""43"": 1.0, ""47"": 47.0, ""48"": 21.0, ""49"": 8.0, ""50"": 6.0, ""51"": 2.0, ""53"": 31.0, ""54"": 2.0, ""58"": 46.0, ""59"": 160.0, ""60"": 8.16129032, ""61"": 18.07142857, ""108"": 2.0, ""109"": 2.0, ""155"": 10.0, ""156"": 4.0, ""158"": 6.0, ""184"": 1.0, ""210"": 14.0, ""213"": 9.0}",2026-08-24T23:49:59-04:00
Clyde Edwards-Helaire,4242214,RB,NO,ACTIVE,61.89940584,8.5,75.66255255,61.6,123.02073921971252,9.439234350149,265.0,90.0,"{""23"": 62.02784124, ""24"": 267.2817216, ""25"": 1.764217392, ""26"": 0.092501073, ""27"": 53.0, ""28"": 26.0, ""29"": 13.0, ""30"": 10.0, ""31"": 5.0, ""33"": 12.0, ""34"": 6.0, ""35"": 0.118796133, ""36"": 0.083157293, ""37"": 0.241772305, ""38"": 0.008250761, ""39"": 4.309060516, ""40"": 24.96587509, ""42"": 113.8975563, ""43"": 1.139980324, ""44"": 0.03731469, ""45"": 0.052700011, ""46"": 0.034439457, ""47"": 22.0, ""48"": 11.0, ""49"": 5.0, ""50"": 4.0, ""51"": 2.0, ""53"": 13.31275564, ""56"": 0.044403189, ""57"": 0.001373294, ""58"": 18.03558264, ""60"": 8.555520689, ""61"": 10.63878273, ""62"": 0.129815762, ""63"": 0.002577885, ""66"": 0.482356928, ""67"": 0.103526091, ""68"": 0.585883019, ""70"": 0.221884187, ""71"": 0.057974611, ""72"": 0.279858798, ""73"": 0.279858798, ""210"": 10.70588235, ""212"": 15.69293211, ""213"": 5.762229484}","{""23"": 13.0, ""24"": 46.0, ""27"": 9.0, ""28"": 4.0, ""29"": 2.0, ""30"": 1.0, ""33"": 2.0, ""39"": 3.53846154, ""40"": 23.0, ""41"": 3.0, ""42"": 24.0, ""47"": 4.0, ""48"": 2.0, ""53"": 3.0, ""58"": 5.0, ""59"": 35.0, ""60"": 8.0, ""61"": 12.0, ""156"": 2.0, ""210"": 2.0, ""212"": 2.0, ""213"": 1.0}",2026-08-24T23:49:59-04:00
Dontayvion Wicks,4428850,WR,GB,ACTIVE,102.34776261,91.0,0.0,100.1,168.711704312115,9.37255647197523,195.0,233.0,"{""42"": 565.8857049, ""43"": 3.833434971, ""44"": 0.181777478, ""45"": 0.170508257, ""46"": 0.111427146, ""47"": 113.0, ""48"": 56.0, ""49"": 28.0, ""50"": 22.0, ""51"": 11.0, ""53"": 46.89076076, ""56"": 0.538286941, ""57"": 0.01664805, ""58"": 72.28734599, ""60"": 12.0681707, ""61"": 37.43212834, ""62"": 0.181777478, ""63"": 0.004126387, ""67"": 0.937815215, ""68"": 0.937815215, ""71"": 0.525176521, ""72"": 0.525176521, ""73"": 0.525176521, ""210"": 15.11764706, ""213"": 26.71070009}","{""41"": 39.0, ""42"": 415.0, ""43"": 5.0, ""47"": 77.0, ""48"": 35.0, ""49"": 15.0, ""50"": 10.0, ""51"": 1.0, ""53"": 39.0, ""54"": 2.0, ""58"": 76.0, ""59"": 139.0, ""60"": 10.64102564, ""61"": 24.41176471, ""108"": 2.0, ""109"": 2.0, ""155"": 11.0, ""156"": 6.0, ""158"": 30.0, ""183"": 2.0, ""184"": 2.0, ""186"": 1.0, ""210"": 17.0, ""213"": 25.0}",2026-08-24T23:49:59-04:00
Justin Fields,4362887,QB,NYJ,ACTIVE,100.72070052,128.9,0.0,261.1,96.87091469681398,9.372470433440757,431.0,69.0,"{""0"": 154.4016275, ""1"": 96.16146502, ""2"": 58.2401625, ""3"": 1063.29126, ""4"": 5.653393221, ""5"": 212.0, ""6"": 106.0, ""7"": 53.0, ""8"": 42.0, ""9"": 21.0, ""10"": 10.0, ""11"": 19.0, ""12"": 9.0, ""15"": 0.78181599, ""16"": 0.51091675, ""17"": 0.629087171, ""18"": 0.084973182, ""19"": 0.327305648, ""20"": 4.275578954, ""21"": 0.622800851, ""22"": 212.6582521, ""23"": 47.68307223, ""24"": 268.7727277, ""25"": 1.513969179, ""26"": 0.070589354, ""27"": 53.0, ""28"": 26.0, ""29"": 13.0, ""30"": 10.0, ""31"": 5.0, ""33"": 9.0, ""34"": 4.0, ""35"": 0.095163071, ""36"": 0.06661415, ""37"": 0.632591094, ""38"": 0.021587907, ""39"": 5.636648713, ""40"": 53.75454555, ""62"": 0.397895002, ""63"": 0.017602013, ""64"": 15.5436497, ""65"": 3.123944439, ""66"": 0.876513139, ""68"": 4.000457577, ""69"": 1.499493331, ""70"": 0.403196044, ""72"": 1.902689374, ""73"": 6.178268328, ""210"": 5.0, ""211"": 51.21764519, ""212"": 13.71017143}","{""0"": 161.0, ""1"": 106.0, ""2"": 55.0, ""3"": 1106.0, ""4"": 5.0, ""5"": 220.0, ""6"": 108.0, ""7"": 52.0, ""8"": 41.0, ""9"": 19.0, ""10"": 9.0, ""11"": 19.0, ""12"": 8.0, ""13"": 9.0, ""14"": 3.0, ""15"": 1.0, ""16"": 1.0, ""17"": 1.0, ""20"": 1.0, ""21"": 0.65838509, ""22"": 110.6, ""23"": 62.0, ""24"": 289.0, ""25"": 5.0, ""27"": 54.0, ""28"": 22.0, ""29"": 9.0, ""30"": 9.0, ""31"": 3.0, ""33"": 9.0, ""34"": 3.0, ""39"": 4.66129032, ""40"": 28.9, ""64"": 16.0, ""65"": 2.0, ""66"": 4.0, ""68"": 6.0, ""69"": 1.0, ""72"": 1.0, ""73"": 2.0, ""155"": 6.0, ""156"": 4.0, ""158"": 60.0, ""175"": 3.0, ""176"": 1.0, ""179"": 5.0, ""210"": 10.0, ""211"": 45.0, ""212"": 19.0}",2026-08-24T23:49:59-04:00
Dawson Knox,3930086,TE,BUF,ACTIVE,67.78268464,48.1,0.0,43.6,168.91127541589648,8.815932020795634,367.0,452.0,"{""42"": 326.0558886, ""43"": 3.437767775, ""44"": 0.182949187, ""45"": 0.122474378, ""46"": 0.080037006, ""47"": 65.0, ""48"": 32.0, ""49"": 16.0, ""50"": 13.0, ""51"": 6.0, ""53"": 29.08697196, ""56"": 0.145632714, ""57"": 0.004504105, ""58"": 45.13802572, ""60"": 11.20968828, ""61"": 21.56789924, ""62"": 0.182949187, ""63"": 0.001409946, ""67"": 0.320442164, ""68"": 0.320442164, ""71"": 0.179447612, ""72"": 0.179447612, ""73"": 0.179447612, ""210"": 15.11764706, ""213"": 15.87726933}","{""41"": 22.0, ""42"": 311.0, ""43"": 1.0, ""47"": 59.0, ""48"": 27.0, ""49"": 12.0, ""50"": 7.0, ""51"": 2.0, ""53"": 22.0, ""58"": 33.0, ""59"": 94.0, ""60"": 14.13636364, ""61"": 19.4375, ""155"": 13.0, ""156"": 3.0, ""158"": 6.0, ""184"": 1.0, ""210"": 16.0, ""213"": 12.0}",2026-08-24T23:49:59-04:00
Michael Wilson,4360761,WR,ARI,QUESTIONABLE,113.75047116,101.0,0.0,95.5,169.29630390143737,8.661497381869415,190.0,227.0,"{""42"": 662.1023216, ""43"": 3.32941979, ""44"": 0.315022899, ""45"": 0.164827287, ""46"": 0.107714632, ""47"": 132.0, ""48"": 66.0, ""49"": 33.0, ""50"": 26.0, ""51"": 13.0, ""53"": 56.39379076, ""56"": 0.828347769, ""57"": 0.025619003, ""58"": 85.34020408, ""60"": 11.74069543, ""61"": 43.79665162, ""62"": 0.315022899, ""63"": 0.004962654, ""67"": 1.127875815, ""68"": 1.127875815, ""71"": 0.631610457, ""72"": 0.631610457, ""73"": 0.631610457, ""210"": 15.11764706, ""213"": 31.32393124}","{""23"": 1.0, ""24"": 7.0, ""27"": 1.0, ""39"": 7.0, ""40"": 0.4375, ""41"": 47.0, ""42"": 548.0, ""43"": 4.0, ""45"": 1.0, ""47"": 103.0, ""48"": 48.0, ""49"": 20.0, ""50"": 15.0, ""51"": 5.0, ""53"": 47.0, ""54"": 4.0, ""58"": 71.0, ""59"": 130.0, ""60"": 11.65957447, ""61"": 34.25, ""67"": 1.0, ""68"": 1.0, ""71"": 1.0, ""72"": 1.0, ""73"": 1.0, ""96"": 1.0, ""108"": 2.0, ""109"": 2.0, ""155"": 7.0, ""156"": 9.0, ""158"": 24.0, ""183"": 2.0, ""184"": 1.0, ""210"": 16.0, ""213"": 27.0}",2026-08-24T23:49:59-04:00
Jalen Coker,4695883,WR,CAR,ACTIVE,,76.4,,,169.78049281314168,8.576284070194465,,1021.0,null,"{""0"": 1.0, ""1"": 1.0, ""3"": 19.0, ""5"": 3.0, ""6"": 1.0, ""21"": 1.0, ""22"": 1.72727273, ""41"": 32.0, ""42"": 478.0, ""43"": 2.0, ""45"": 1.0, ""46"": 1.0, ""47"": 93.0, ""48"": 44.0, ""49"": 19.0, ""50"": 15.0, ""51"": 5.0, ""52"": 1.0, ""53"": 32.0, ""54"": 1.0, ""56"": 1.0, ""58"": 46.0, ""59"": 171.0, ""60"": 14.9375, ""61"": 43.45454545, ""108"": 1.0, ""109"": 1.0, ""155"": 4.0, ""156"": 7.0, ""158"": 12.0, ""184"": 1.0, ""210"": 11.0, ""211"": 1.0, ""213"": 23.0}",2026-08-24T23:49:59-04:00
Jalen Tolbert,4249417,WR,DAL,ACTIVE,99.21578184,127.5,0.0,47.8,168.99055441478438,8.259578629857097,301.0,235.0,"{""42"": 574.1263443, ""43"": 3.469179255, ""44"": 0.16810005, ""45"": 0.173734383, ""46"": 0.113535419, ""47"": 114.0, ""48"": 57.0, ""49"": 28.0, ""50"": 22.0, ""51"": 11.0, ""53"": 43.24093756, ""56"": 0.55861258, ""57"": 0.017276678, ""58"": 73.10145142, ""60"": 13.27737965, ""61"": 37.977229, ""62"": 0.16810005, ""63"": 0.003805203, ""67"": 0.864818751, ""68"": 0.864818751, ""71"": 0.484298501, ""72"": 0.484298501, ""73"": 0.484298501, ""210"": 15.11764706, ""213"": 25.9570797}","{""41"": 49.0, ""42"": 610.0, ""43"": 7.0, ""47"": 115.0, ""48"": 56.0, ""49"": 25.0, ""50"": 14.0, ""51"": 3.0, ""53"": 49.0, ""54"": 2.0, ""58"": 79.0, ""59"": 166.0, ""60"": 12.44897959, ""61"": 35.88235294, ""108"": 1.0, ""109"": 1.0, ""155"": 7.0, ""156"": 10.0, ""158"": 42.0, ""183"": 4.0, ""184"": 3.0, ""210"": 17.0, ""213"": 29.0}",2026-08-24T23:49:59-04:00
Joe Flacco,11252,QB,IND,ACTIVE,29.71332002,122.2,0.0,126.2,169.86495375128467,7.698599703375289,455.0,1867.0,"{""0"": 64.68641679, ""1"": 40.01620259, ""2"": 24.6702142, ""3"": 434.4466841, ""4"": 2.237443809, ""5"": 86.0, ""6"": 43.0, ""7"": 21.0, ""8"": 17.0, ""9"": 8.0, ""10"": 4.0, ""11"": 8.0, ""12"": 4.0, ""15"": 0.325093781, ""16"": 0.212448786, ""17"": 0.269770753, ""18"": 0.036438955, ""19"": 0.162566988, ""20"": 1.563733166, ""21"": 0.618618322, ""22"": 108.611671, ""23"": 4.926800144, ""24"": 18.25693442, ""25"": 0.192769891, ""26"": 0.006792255, ""27"": 3.0, ""28"": 1.0, ""35"": 0.009241175, ""36"": 0.006468822, ""37"": 0.007210594, ""38"": 0.00024607, ""39"": 3.705637307, ""40"": 4.564233604, ""62"": 0.169359244, ""63"": 0.005078224, ""64"": 4.513519599, ""65"": 1.077432311, ""66"": 0.076709517, ""68"": 1.154141828, ""69"": 0.517167509, ""70"": 0.035286378, ""72"": 0.552453887, ""73"": 2.116187053, ""210"": 4.0, ""211"": 21.09548613, ""212"": 1.303243863}","{""0"": 248.0, ""1"": 162.0, ""2"": 86.0, ""3"": 1761.0, ""4"": 12.0, ""5"": 348.0, ""6"": 172.0, ""7"": 84.0, ""8"": 67.0, ""9"": 32.0, ""10"": 13.0, ""11"": 30.0, ""12"": 13.0, ""13"": 15.0, ""14"": 6.0, ""15"": 2.0, ""16"": 1.0, ""17"": 2.0, ""20"": 7.0, ""21"": 0.65322581, ""22"": 220.125, ""23"": 9.0, ""24"": 26.0, ""27"": 4.0, ""28"": 2.0, ""29"": 1.0, ""39"": 2.88888889, ""40"": 3.25, ""64"": 18.0, ""65"": 3.0, ""66"": 1.0, ""68"": 4.0, ""69"": 3.0, ""70"": 1.0, ""72"": 4.0, ""73"": 11.0, ""107"": 1.0, ""109"": 1.0, ""155"": 3.0, ""156"": 5.0, ""158"": 72.0, ""175"": 4.0, ""176"": 5.0, ""177"": 1.0, ""210"": 8.0, ""211"": 87.0, ""212"": 2.0}",2026-08-24T23:49:59-04:00
Tre Tucker,4428718,WR,LV,ACTIVE,104.04681426,105.8,0.0,62.3,168.80780287474332,7.621353758780089,209.0,269.0,"{""23"": 12.11922879, ""24"": 77.82030072, ""25"": 0.474523463, ""26"": 0.022816499, ""27"": 15.0, ""28"": 7.0, ""29"": 3.0, ""30"": 3.0, ""31"": 1.0, ""33"": 2.0, ""34"": 1.0, ""35"": 0.022372565, ""36"": 0.015660795, ""37"": 0.015155134, ""38"": 0.000517187, ""39"": 6.421225483, ""40"": 5.147646351, ""42"": 570.7712722, ""43"": 2.387668723, ""44"": 0.134601893, ""45"": 0.171737043, ""46"": 0.112230158, ""47"": 114.0, ""48"": 57.0, ""49"": 28.0, ""50"": 22.0, ""51"": 11.0, ""53"": 44.18312579, ""56"": 0.551044286, ""57"": 0.017042607, ""58"": 72.86681891, ""60"": 12.91830902, ""61"": 37.75529816, ""62"": 0.157418392, ""63"": 0.004954607, ""66"": 0.242384576, ""67"": 0.883662516, ""68"": 1.126047092, ""70"": 0.111496905, ""71"": 0.494851009, ""72"": 0.606347914, ""73"": 0.606347914, ""102"": 0.1368, ""115"": 220.8, ""118"": 22.0, ""119"": 8.0, ""210"": 15.11764706, ""212"": 5.789657021, ""213"": 25.63706921}","{""23"": 9.0, ""24"": 44.0, ""25"": 1.0, ""27"": 8.0, ""28"": 2.0, ""39"": 4.88888889, ""40"": 2.58823529, ""41"": 47.0, ""42"": 539.0, ""43"": 3.0, ""45"": 1.0, ""46"": 1.0, ""47"": 101.0, ""48"": 46.0, ""49"": 20.0, ""50"": 13.0, ""51"": 3.0, ""53"": 47.0, ""54"": 3.0, ""58"": 81.0, ""59"": 208.0, ""60"": 11.46808511, ""61"": 31.70588235, ""107"": 1.0, ""108"": 2.0, ""109"": 3.0, ""115"": 72.0, ""118"": 5.0, ""119"": 2.0, ""155"": 4.0, ""156"": 13.0, ""158"": 24.0, ""179"": 1.0, ""183"": 1.0, ""184"": 1.0, ""210"": 17.0, ""212"": 3.0, ""213"": 24.0}",2026-08-24T23:49:59-04:00
Roschon Johnson,4426386,RB,CHI,ACTIVE,50.74103822,69.4,0.0,85.1,168.99363449691992,7.490749359384815,351.0,218.0,"{""23"": 54.21502759, ""24"": 232.9260779, ""25"": 1.682385869, ""26"": 0.093252465, ""27"": 46.0, ""28"": 23.0, ""29"": 11.0, ""30"": 9.0, ""31"": 4.0, ""33"": 10.0, ""34"": 5.0, ""35"": 0.102367846, ""36"": 0.071657492, ""37"": 0.139314644, ""38"": 0.004754274, ""39"": 4.296337902, ""40"": 16.43047023, ""42"": 86.04648557, ""43"": 0.44892908, ""44"": 0.022613791, ""45"": 0.035212173, ""46"": 0.023011155, ""47"": 17.0, ""48"": 8.0, ""49"": 4.0, ""50"": 3.0, ""51"": 1.0, ""53"": 12.75270823, ""56"": 0.038833107, ""57"": 0.001201024, ""58"": 16.76436592, ""60"": 6.747310768, ""61"": 6.069669106, ""62"": 0.115866256, ""63"": 0.002535947, ""66"": 0.466596581, ""67"": 0.109754994, ""68"": 0.576351575, ""70"": 0.214634427, ""71"": 0.061462797, ""72"": 0.276097224, ""73"": 0.276097224, ""210"": 14.17647059, ""212"": 14.48477091, ""213"": 4.313451238}","{""23"": 55.0, ""24"": 150.0, ""25"": 6.0, ""27"": 27.0, ""28"": 11.0, ""29"": 4.0, ""30"": 4.0, ""33"": 7.0, ""34"": 2.0, ""39"": 2.72727273, ""40"": 10.71428571, ""41"": 16.0, ""42"": 104.0, ""47"": 19.0, ""48"": 7.0, ""49"": 2.0, ""50"": 2.0, ""53"": 16.0, ""54"": 1.0, ""58"": 20.0, ""59"": 96.0, ""60"": 6.5, ""61"": 7.42857143, ""108"": 2.0, ""109"": 2.0, ""155"": 4.0, ""156"": 10.0, ""158"": 36.0, ""179"": 6.0, ""210"": 14.0, ""212"": 18.0, ""213"": 6.0}",2026-08-24T23:49:59-04:00
Audric Estime,4569682,RB,DEN,ACTIVE,51.16450537,46.2,,,169.8022587268994,7.468872385404443,347.0,2640.0,"{""23"": 49.14105288, ""24"": 205.3492492, ""25"": 1.190545587, ""26"": 0.072007545, ""27"": 41.0, ""28"": 20.0, ""29"": 10.0, ""30"": 8.0, ""31"": 4.0, ""33"": 9.0, ""34"": 4.0, ""35"": 0.092569447, ""36"": 0.064798613, ""37"": 0.109676501, ""38"": 0.003742838, ""39"": 4.178771866, ""40"": 14.48521675, ""42"": 120.437964, ""43"": 0.56707875, ""44"": 0.031186039, ""45"": 0.03869505, ""46"": 0.025287215, ""47"": 24.0, ""48"": 12.0, ""49"": 6.0, ""50"": 4.0, ""51"": 2.0, ""53"": 16.71603335, ""56"": 0.049586182, ""57"": 0.001533593, ""58"": 22.4101632, ""60"": 7.204936808, ""61"": 8.495624015, ""62"": 0.103193583, ""63"": 0.002376693, ""66"": 0.403053227, ""67"": 0.137104331, ""68"": 0.540157558, ""70"": 0.185404484, ""71"": 0.076778425, ""72"": 0.26218291, ""73"": 0.26218291, ""210"": 14.17647059, ""212"": 12.87870249, ""213"": 6.213519057}","{""23"": 76.0, ""24"": 310.0, ""25"": 2.0, ""27"": 55.0, ""28"": 25.0, ""29"": 8.0, ""30"": 6.0, ""31"": 1.0, ""33"": 10.0, ""34"": 2.0, ""39"": 4.07894737, ""40"": 23.84615385, ""41"": 5.0, ""42"": 27.0, ""47"": 4.0, ""48"": 1.0, ""53"": 5.0, ""58"": 5.0, ""59"": 37.0, ""60"": 5.4, ""61"": 2.07692308, ""66"": 2.0, ""68"": 2.0, ""70"": 1.0, ""72"": 1.0, ""73"": 1.0, ""155"": 7.0, ""156"": 6.0, ""158"": 12.0, ""179"": 2.0, ""210"": 13.0, ""212"": 15.0, ""213"": 2.0}",2026-08-24T23:49:59-04:00
Kenneth Gainwell,4371733,RB,PIT,ACTIVE,67.13699878,54.6,0.0,82.3,168.40636550308008,7.206417162787574,322.0,304.0,"{""23"": 64.35457305, ""24"": 279.061531, ""25"": 2.049538576, ""26"": 0.077952838, ""27"": 55.0, ""28"": 27.0, ""29"": 13.0, ""30"": 11.0, ""31"": 5.0, ""33"": 12.0, ""34"": 6.0, ""35"": 0.122230949, ""36"": 0.085561664, ""37"": 0.204347695, ""38"": 0.006973603, ""39"": 4.336312368, ""40"": 19.68483829, ""42"": 138.7492802, ""43"": 0.481005629, ""44"": 0.028501877, ""45"": 0.039319761, ""46"": 0.025695464, ""47"": 27.0, ""48"": 13.0, ""49"": 6.0, ""50"": 5.0, ""51"": 2.0, ""53"": 19.96355409, ""56"": 0.055000351, ""57"": 0.001701042, ""58"": 25.81236854, ""60"": 6.950129199, ""61"": 9.787293624, ""62"": 0.106454715, ""63"": 0.005037332, ""66"": 0.873788598, ""67"": 0.271059617, ""68"": 1.144848215, ""70"": 0.401942755, ""71"": 0.151793386, ""72"": 0.553736141, ""73"": 0.553736141, ""101"": 0.180906372, ""114"": 593.5990317, ""116"": 59.0, ""117"": 23.0, ""210"": 14.17647059, ""212"": 16.93227199, ""213"": 7.423493763}","{""23"": 75.0, ""24"": 290.0, ""25"": 1.0, ""27"": 51.0, ""28"": 22.0, ""29"": 9.0, ""30"": 5.0, ""31"": 1.0, ""33"": 9.0, ""34"": 2.0, ""39"": 3.86666667, ""40"": 17.05882353, ""41"": 16.0, ""42"": 116.0, ""47"": 20.0, ""48"": 7.0, ""49"": 2.0, ""50"": 1.0, ""53"": 16.0, ""58"": 22.0, ""59"": 114.0, ""60"": 7.25, ""61"": 6.82352941, ""107"": 1.0, ""108"": 4.0, ""109"": 5.0, ""114"": 456.0, ""116"": 41.0, ""117"": 13.0, ""155"": 14.0, ""156"": 3.0, ""158"": 6.0, ""180"": 1.0, ""210"": 17.0, ""212"": 12.0, ""213"": 5.0}",2026-08-24T23:49:59-04:00
Blake Grupe,4259619,K,NO,ACTIVE,125.49717111,127.0,127.5042061,143.0,168.2759331820994,6.976279371463863,498.0,318.0,"{""74"": 4.388634156, ""75"": 6.61322315, ""76"": 2.224588994, ""77"": 7.144534023, ""78"": 9.199582699, ""79"": 2.055048676, ""80"": 15.90385097, ""81"": 16.92592262, ""82"": 1.022071644, ""83"": 27.43701915, ""84"": 32.73872847, ""85"": 5.301709315, ""86"": 32.56602064, ""87"": 34.99408482, ""88"": 2.428064176, ""198"": 4.388634156, ""199"": 6.61322315, ""200"": 2.224588994, ""210"": 17.0, ""214"": 1035.605805, ""215"": 243.2671454, ""216"": 1278.87295}","{""74"": 6.0, ""75"": 8.0, ""76"": 2.0, ""77"": 7.0, ""78"": 8.0, ""79"": 1.0, ""80"": 14.0, ""81"": 15.0, ""82"": 1.0, ""83"": 27.0, ""84"": 31.0, ""85"": 4.0, ""86"": 31.0, ""87"": 33.0, ""88"": 2.0, ""108"": 2.0, ""109"": 2.0, ""155"": 5.0, ""156"": 12.0, ""158"": 112.0, ""198"": 6.0, ""199"": 7.0, ""200"": 1.0, ""202"": 1.0, ""203"": 1.0, ""210"": 17.0, ""214"": 1095.0, ""215"": 193.0, ""216"": 1288.0, ""217"": 213.0, ""218"": 105.0, ""219"": 49.0, ""220"": 37.0, ""221"": 15.0, ""222"": 4.0, ""223"": 37.0, ""224"": 18.0, ""225"": 8.0, ""226"": 6.0, ""227"": 2.0, ""228"": 1.0, ""229"": 251.0, ""230"": 124.0, ""231"": 58.0, ""232"": 44.0, ""233"": 18.0, ""234"": 6.0}",2026-08-24T23:49:59-04:00
Joshua Karty,4566192,K,LAR,ACTIVE,132.39418085,130.0,,,169.25696019797897,6.8913783749896025,489.0,412.0,"{""74"": 4.399463704, ""75"": 6.57617893, ""76"": 2.176715226, ""77"": 7.153775794, ""78"": 9.148050888, ""79"": 1.994275094, ""80"": 15.90540029, ""81"": 16.83111142, ""82"": 0.925711128, ""83"": 27.45863979, ""84"": 32.55534124, ""85"": 5.096701447, ""86"": 39.16225973, ""87"": 41.84002107, ""88"": 2.677761349, ""198"": 4.399463704, ""199"": 6.57617893, ""200"": 2.176715226, ""210"": 17.0, ""214"": 1036.65296, ""215"": 235.0563352, ""216"": 1271.709295}","{""74"": 6.0, ""75"": 7.0, ""76"": 1.0, ""77"": 4.0, ""78"": 6.0, ""79"": 2.0, ""80"": 19.0, ""81"": 21.0, ""82"": 2.0, ""83"": 29.0, ""84"": 34.0, ""85"": 5.0, ""86"": 32.0, ""87"": 36.0, ""88"": 4.0, ""155"": 10.0, ""156"": 7.0, ""158"": 119.0, ""198"": 6.0, ""199"": 7.0, ""200"": 1.0, ""210"": 17.0, ""214"": 1080.0, ""215"": 208.0, ""216"": 1288.0, ""217"": 212.0, ""218"": 103.0, ""219"": 49.0, ""220"": 38.0, ""221"": 16.0, ""222"": 4.0, ""223"": 40.0, ""224"": 18.0, ""225"": 8.0, ""226"": 6.0, ""227"": 1.0, ""229"": 252.0, ""230"": 122.0, ""231"": 58.0, ""232"": 46.0, ""233"": 19.0, ""234"": 6.0}",2026-08-24T23:49:59-04:00
Khalil Herbert,4035886,RB,IND,ACTIVE,96.62638159,26.5,0.0,102.5,169.5829568788501,6.7430187139981586,197.0,2219.0,"{""23"": 125.1116021, ""24"": 569.0629704, ""25"": 2.776409956, ""26"": 0.1538928, ""27"": 113.0, ""28"": 56.0, ""29"": 28.0, ""30"": 22.0, ""31"": 11.0, ""33"": 25.0, ""34"": 12.0, ""35"": 0.245113599, ""36"": 0.171579519, ""37"": 0.837374758, ""38"": 0.028576388, ""39"": 4.548442836, ""40"": 40.14137136, ""42"": 115.5240623, ""43"": 0.664576892, ""44"": 0.033478769, ""45"": 0.03602735, ""46"": 0.023543873, ""47"": 23.0, ""48"": 11.0, ""49"": 5.0, ""50"": 4.0, ""51"": 2.0, ""53"": 16.1719833, ""56"": 0.048132176, ""57"": 0.001488624, ""58"": 22.19337311, ""60"": 7.143469056, ""61"": 8.149000245, ""62"": 0.187371568, ""63"": 0.004381729, ""66"": 0.88185809, ""67"": 0.113989383, ""68"": 0.995847472, ""70"": 0.405654721, ""71"": 0.063834054, ""72"": 0.469488776, ""73"": 0.469488776, ""210"": 14.17647059, ""212"": 30.95733066, ""213"": 5.993874485}","{""23"": 36.0, ""24"": 130.0, ""25"": 1.0, ""27"": 20.0, ""28"": 9.0, ""29"": 4.0, ""30"": 2.0, ""31"": 1.0, ""33"": 4.0, ""34"": 2.0, ""39"": 3.61111111, ""40"": 9.28571429, ""41"": 10.0, ""42"": 25.0, ""47"": 3.0, ""48"": 1.0, ""53"": 10.0, ""54"": 1.0, ""58"": 11.0, ""59"": 49.0, ""60"": 2.5, ""61"": 1.78571429, ""67"": 1.0, ""68"": 1.0, ""107"": 1.0, ""108"": 1.0, ""109"": 2.0, ""114"": 124.0, ""116"": 10.0, ""117"": 4.0, ""155"": 9.0, ""156"": 5.0, ""158"": 6.0, ""179"": 1.0, ""210"": 14.0, ""212"": 10.0}",2026-08-24T23:49:59-04:00
Colby Parkinson,4242557,TE,LAR,ACTIVE,63.59810977,50.4,0.0,49.2,169.6350379954816,6.687744662514011,413.0,441.0,"{""42"": 319.1187341, ""43"": 2.601279762, ""44"": 0.139337518, ""45"": 0.10592087, ""46"": 0.069219288, ""47"": 63.0, ""48"": 31.0, ""49"": 15.0, ""50"": 12.0, ""51"": 6.0, ""53"": 32.26186701, ""56"": 0.179346562, ""57"": 0.005546801, ""58"": 45.54981528, ""60"": 9.891514772, ""61"": 21.10902132, ""62"": 0.139337518, ""63"": 0.001300557, ""67"": 0.295581027, ""68"": 0.295581027, ""71"": 0.165525375, ""72"": 0.165525375, ""73"": 0.165525375, ""210"": 15.11764706, ""213"": 16.0675801}","{""41"": 30.0, ""42"": 294.0, ""43"": 1.0, ""47"": 54.0, ""48"": 25.0, ""49"": 8.0, ""50"": 5.0, ""51"": 1.0, ""53"": 30.0, ""54"": 1.0, ""58"": 49.0, ""59"": 160.0, ""60"": 9.8, ""61"": 17.29411765, ""108"": 1.0, ""109"": 1.0, ""155"": 10.0, ""156"": 7.0, ""158"": 6.0, ""184"": 1.0, ""210"": 17.0, ""213"": 15.0}",2026-08-24T23:49:59-04:00
Sterling Shepard,2976592,WR,TB,ACTIVE,0.0,64.3,42.84899132,15.3,169.68952772073922,6.685008509227004,1982.0,1772.0,{},"{""23"": 8.0, ""24"": 69.0, ""27"": 12.0, ""28"": 6.0, ""29"": 2.0, ""30"": 1.0, ""39"": 8.625, ""40"": 4.92857143, ""41"": 32.0, ""42"": 334.0, ""43"": 1.0, ""44"": 1.0, ""47"": 62.0, ""48"": 28.0, ""49"": 11.0, ""50"": 6.0, ""51"": 2.0, ""53"": 32.0, ""54"": 1.0, ""58"": 51.0, ""59"": 99.0, ""60"": 10.4375, ""61"": 23.85714286, ""155"": 7.0, ""156"": 7.0, ""158"": 8.0, ""183"": 1.0, ""210"": 14.0, ""212"": 4.0, ""213"": 16.0}",2026-08-24T23:49:59-04:00
Kayshon Boutte,4429022,WR,NE,QUESTIONABLE,3.8544892,100.4,0.0,2.9,169.87043121149898,6.652956634255634,1147.0,955.0,"{""42"": 22.1798252, ""43"": 0.121114355, ""44"": 0.006568224, ""45"": 0.103639455, ""46"": 0.067728384, ""47"": 4.0, ""48"": 2.0, ""49"": 1.0, ""53"": 1.877479283, ""56"": 0.012323088, ""57"": 0.000381126, ""58"": 3.165567122, ""60"": 11.81361914, ""61"": 1.571070951, ""62"": 0.006568224, ""63"": 0.000165218, ""67"": 0.037549586, ""68"": 0.037549586, ""71"": 0.021027768, ""72"": 0.021027768, ""73"": 0.021027768, ""210"": 14.11764706, ""213"": 0.0070174}","{""41"": 43.0, ""42"": 589.0, ""43"": 3.0, ""44"": 1.0, ""45"": 2.0, ""47"": 111.0, ""48"": 51.0, ""49"": 21.0, ""50"": 16.0, ""51"": 4.0, ""52"": 1.0, ""53"": 43.0, ""54"": 2.0, ""56"": 1.0, ""58"": 68.0, ""59"": 150.0, ""60"": 13.69767442, ""61"": 39.26666667, ""155"": 3.0, ""156"": 12.0, ""158"": 20.0, ""185"": 1.0, ""210"": 15.0, ""213"": 25.0}",2026-08-24T23:49:59-04:00
Deshaun Watson,3122840,QB,CLE,QUESTIONABLE,299.55770509,86.2,0.0,100.2,169.3153134635149,6.652110299347388,166.0,348.0,"{""0"": 492.0561177, ""1"": 313.4662774, ""2"": 178.5898403, ""3"": 3798.334979, ""4"": 20.65377141, ""5"": 759.0, ""6"": 379.0, ""7"": 189.0, ""8"": 151.0, ""9"": 75.0, ""10"": 37.0, ""11"": 62.0, ""12"": 31.0, ""15"": 3.234637033, ""16"": 2.113835301, ""17"": 3.530107531, ""18"": 0.476824967, ""19"": 1.112733182, ""20"": 10.60776351, ""21"": 0.637053918, ""22"": 253.2223319, ""23"": 69.97102613, ""24"": 361.9240361, ""25"": 2.557362584, ""26"": 0.127735812, ""27"": 72.0, ""28"": 36.0, ""29"": 18.0, ""30"": 14.0, ""31"": 7.0, ""33"": 13.0, ""34"": 6.0, ""35"": 0.133856713, ""36"": 0.093699699, ""37"": 0.381053973, ""38"": 0.01300391, ""39"": 5.172484328, ""40"": 24.12826907, ""62"": 1.240468994, ""63"": 0.04129762, ""64"": 42.19513819, ""65"": 8.29891211, ""66"": 1.08691068, ""68"": 9.385822791, ""69"": 3.983477813, ""70"": 0.499978913, ""72"": 4.483456726, ""73"": 15.09122024, ""210"": 15.0, ""211"": 175.9904426, ""212"": 20.20618865}","{""0"": 216.0, ""1"": 137.0, ""2"": 79.0, ""3"": 1148.0, ""4"": 5.0, ""5"": 227.0, ""6"": 110.0, ""7"": 54.0, ""8"": 43.0, ""9"": 19.0, ""10"": 7.0, ""11"": 25.0, ""12"": 11.0, ""13"": 13.0, ""14"": 5.0, ""19"": 1.0, ""20"": 3.0, ""21"": 0.63425926, ""22"": 164.0, ""23"": 31.0, ""24"": 148.0, ""25"": 1.0, ""27"": 27.0, ""28"": 12.0, ""29"": 4.0, ""30"": 3.0, ""33"": 3.0, ""39"": 4.77419355, ""40"": 21.14285714, ""64"": 33.0, ""65"": 3.0, ""66"": 2.0, ""68"": 5.0, ""69"": 2.0, ""70"": 1.0, ""72"": 3.0, ""73"": 6.0, ""155"": 1.0, ""156"": 6.0, ""158"": 36.0, ""175"": 3.0, ""176"": 1.0, ""177"": 1.0, ""179"": 1.0, ""210"": 7.0, ""211"": 49.0, ""212"": 8.0}",2026-08-24T23:49:59-04:00
Matthew Wright,3128444,K,CAR,ACTIVE,0.0,55.0,,,168.98638894617446,6.615052871759603,2204.0,2163.0,{},"{""74"": 1.0, ""75"": 2.0, ""76"": 1.0, ""77"": 3.0, ""78"": 3.0, ""80"": 11.0, ""81"": 11.0, ""83"": 15.0, ""84"": 16.0, ""85"": 1.0, ""86"": 6.0, ""87"": 6.0, ""108"": 1.0, ""109"": 1.0, ""155"": 3.0, ""156"": 2.0, ""158"": 51.0, ""198"": 1.0, ""199"": 2.0, ""200"": 1.0, ""210"": 5.0, ""214"": 536.0, ""215"": 59.0, ""216"": 595.0, ""217"": 105.0, ""218"": 52.0, ""219"": 25.0, ""220"": 19.0, ""221"": 9.0, ""222"": 3.0, ""223"": 11.0, ""224"": 5.0, ""225"": 2.0, ""226"": 2.0, ""227"": 1.0, ""229"": 117.0, ""230"": 58.0, ""231"": 28.0, ""232"": 21.0, ""233"": 10.0, ""234"": 3.0}",2026-08-24T23:49:59-04:00
Chad Ryland,4363538,K,ARI,ACTIVE,0.0,121.0,0.0,72.0,169.77541761187874,6.5466133519380385,2522.0,2511.0,{},"{""74"": 4.0, ""75"": 4.0, ""77"": 7.0, ""78"": 11.0, ""79"": 4.0, ""80"": 17.0, ""81"": 17.0, ""83"": 28.0, ""84"": 32.0, ""85"": 4.0, ""86"": 26.0, ""87"": 27.0, ""88"": 1.0, ""138"": 3.0, ""139"": 117.0, ""146"": 2.0, ""147"": 39.0, ""151"": 1.0, ""155"": 7.0, ""156"": 6.0, ""158"": 110.0, ""198"": 4.0, ""199"": 4.0, ""210"": 13.0, ""214"": 1084.0, ""215"": 132.0, ""216"": 1216.0, ""217"": 212.0, ""218"": 102.0, ""219"": 47.0, ""220"": 39.0, ""221"": 16.0, ""222"": 6.0, ""223"": 26.0, ""224"": 12.0, ""225"": 6.0, ""226"": 3.0, ""229"": 238.0, ""230"": 115.0, ""231"": 54.0, ""232"": 43.0, ""233"": 18.0, ""234"": 7.0}",2026-08-24T23:49:59-04:00
Rams D/ST,-16014,D/ST,LAR,,73.1357833,100.0,0.0,68.0,168.67196860152862,6.281455231359259,517.0,492.0,"{""89"": 0.048387097, ""90"": 0.212224109, ""91"": 1.256366723, ""92"": 1.833616299, ""93"": 0.113310313, ""94"": 1.855176566, ""95"": 13.81330171, ""96"": 8.770295204, ""97"": 1.866224285, ""98"": 0.225381391, ""99"": 39.11321651, ""100"": 78.22643302, ""101"": 0.452874159, ""102"": 0.171, ""103"": 1.288389857, ""104"": 0.566786709, ""105"": 2.592361038, ""106"": 11.39029669, ""109"": 1038.978147, ""110"": 346.0, ""111"": 207.0, ""112"": 32.28276904, ""113"": 84.83067304, ""114"": 1485.993334, ""115"": 276.0, ""116"": 148.0, ""117"": 59.0, ""118"": 27.0, ""119"": 11.0, ""120"": 408.8081671, ""121"": 2.46179966, ""122"": 4.507640068, ""123"": 4.015280136, ""124"": 2.351443124, ""125"": 0.313242784, ""126"": 24.04753924, ""127"": 6285.861758, ""129"": 0.067857499, ""130"": 1.357149985, ""131"": 2.816086219, ""132"": 4.461630576, ""133"": 4.190200579, ""134"": 2.71429997, ""135"": 1.068755613, ""136"": 0.324019559, ""137"": 369.756574, ""210"": 17.0}","{""89"": 0.0, ""90"": 1.0, ""91"": 2.0, ""92"": 2.0, ""93"": 1.0, ""94"": 3.0, ""95"": 13.0, ""96"": 7.0, ""97"": 4.0, ""98"": 1.0, ""99"": 38.0, ""100"": 76.0, ""103"": 2.0, ""104"": 1.0, ""105"": 4.0, ""106"": 10.0, ""107"": 489.0, ""108"": 657.0, ""109"": 1146.0, ""110"": 379.0, ""111"": 221.0, ""112"": 60.0, ""113"": 73.0, ""114"": 794.0, ""115"": 161.0, ""116"": 76.0, ""117"": 26.0, ""118"": 11.0, ""119"": 2.0, ""120"": 386.0, ""121"": 2.0, ""122"": 6.0, ""123"": 1.0, ""124"": 3.0, ""127"": 5998.0, ""128"": 0.0, ""129"": 1.0, ""130"": 3.0, ""131"": 5.0, ""132"": 3.0, ""133"": 3.0, ""134"": 2.0, ""135"": 0.0, ""136"": 0.0, ""155"": 10.0, ""156"": 7.0, ""187"": 386.0, ""188"": 0.0, ""189"": 1.0, ""190"": 2.0, ""191"": 2.0, ""192"": 2.0, ""193"": 6.0, ""194"": 1.0, ""195"": 3.0, ""210"": 17.0}",2026-08-24T23:49:59-04:00
Adonai Mitchell,4597500,WR,IND,ACTIVE,107.28360835,42.1,,,169.8876796714579,6.201409171842224,189.0,391.0,"{""42"": 640.9739576, ""43"": 3.357487817, ""44"": 0.24461476, ""45"": 0.1956334, ""46"": 0.127846427, ""47"": 128.0, ""48"": 64.0, ""49"": 32.0, ""50"": 25.0, ""51"": 12.0, ""53"": 46.20375154, ""56"": 0.75660716, ""57"": 0.023400221, ""58"": 79.21374382, ""60"": 13.87276869, ""61"": 42.39905556, ""62"": 0.24461476, ""63"": 0.002160006, ""67"": 0.49091036, ""68"": 0.49091036, ""71"": 0.274909801, ""72"": 0.274909801, ""73"": 0.274909801, ""210"": 15.11764706, ""213"": 28.43012533}","{""0"": 1.0, ""1"": 1.0, ""3"": 24.0, ""5"": 4.0, ""6"": 2.0, ""7"": 1.0, ""21"": 1.0, ""22"": 1.41176471, ""23"": 4.0, ""24"": 6.0, ""27"": 2.0, ""28"": 1.0, ""39"": 1.5, ""40"": 0.35294118, ""41"": 23.0, ""42"": 312.0, ""47"": 58.0, ""48"": 27.0, ""49"": 10.0, ""50"": 7.0, ""51"": 1.0, ""53"": 23.0, ""54"": 1.0, ""58"": 55.0, ""59"": 101.0, ""60"": 13.56521739, ""61"": 18.35294118, ""65"": 1.0, ""66"": 1.0, ""67"": 1.0, ""68"": 2.0, ""69"": 1.0, ""70"": 1.0, ""72"": 1.0, ""73"": 1.0, ""155"": 8.0, ""156"": 9.0, ""210"": 17.0, ""211"": 2.0, ""212"": 1.0, ""213"": 16.0}",2026-08-24T23:49:59-04:00
MarShawn Lloyd,4429023,RB,GB,QUESTIONABLE,65.94202462,2.3,,,169.95092402464067,6.07952348126903,204.0,2644.0,"{""23"": 65.16908485, ""24"": 284.9300296, ""25"": 1.678111913, ""26"": 0.10504196, ""27"": 56.0, ""28"": 28.0, ""29"": 14.0, ""30"": 11.0, ""31"": 5.0, ""33"": 13.0, ""34"": 6.0, ""35"": 0.124327502, ""36"": 0.087029252, ""37"": 0.236732711, ""38"": 0.008078779, ""39"": 4.372165579, ""40"": 23.0657643, ""42"": 133.5384882, ""43"": 0.822994678, ""44"": 0.03906104, ""45"": 0.035013606, ""46"": 0.022881391, ""47"": 26.0, ""48"": 13.0, ""49"": 6.0, ""50"": 5.0, ""51"": 2.0, ""53"": 18.93198754, ""56"": 0.051872744, ""57"": 0.001604312, ""58"": 24.56737131, ""60"": 7.053590541, ""61"": 10.81025857, ""62"": 0.144103, ""63"": 0.003035094, ""66"": 0.534514595, ""67"": 0.155279511, ""68"": 0.689794106, ""70"": 0.245876713, ""71"": 0.086956526, ""72"": 0.33283324, ""73"": 0.33283324, ""210"": 12.35294118, ""212"": 16.65924516, ""213"": 7.3197772}","{""23"": 6.0, ""24"": 15.0, ""27"": 3.0, ""28"": 1.0, ""33"": 1.0, ""39"": 2.5, ""40"": 15.0, ""41"": 1.0, ""42"": 3.0, ""53"": 1.0, ""58"": 1.0, ""59"": 8.0, ""60"": 3.0, ""61"": 3.0, ""155"": 1.0, ""210"": 1.0}",2026-08-24T23:49:59-04:00
Dustin Hopkins,15965,K,CLE,ACTIVE,135.09023148,75.0,136.50470635,146.0,169.11342544854608,5.853036912710019,339.0,472.0,"{""74"": 4.671692647, ""75"": 6.6048265, ""76"": 1.933133853, ""77"": 7.536973711, ""78"": 9.187902211, ""79"": 1.6509285, ""80"": 16.6223812, ""81"": 16.90443218, ""82"": 0.282050986, ""83"": 28.83104755, ""84"": 32.69716089, ""85"": 3.86611334, ""86"": 35.58284314, ""87"": 36.52088319, ""88"": 0.938040041, ""198"": 4.671692647, ""199"": 6.6048265, ""200"": 1.933133853, ""210"": 17.0, ""214"": 1090.106656, ""215"": 187.1425402, ""216"": 1277.249196}","{""74"": 4.0, ""75"": 8.0, ""76"": 4.0, ""77"": 5.0, ""78"": 8.0, ""79"": 3.0, ""80"": 9.0, ""81"": 11.0, ""82"": 2.0, ""83"": 18.0, ""84"": 27.0, ""85"": 9.0, ""86"": 17.0, ""87"": 20.0, ""88"": 3.0, ""155"": 3.0, ""156"": 13.0, ""158"": 71.0, ""198"": 4.0, ""199"": 8.0, ""200"": 4.0, ""210"": 16.0, ""214"": 721.0, ""215"": 360.0, ""216"": 1081.0, ""217"": 140.0, ""218"": 67.0, ""219"": 31.0, ""220"": 24.0, ""221"": 9.0, ""222"": 3.0, ""223"": 69.0, ""224"": 33.0, ""225"": 15.0, ""226"": 12.0, ""227"": 4.0, ""229"": 210.0, ""230"": 101.0, ""231"": 46.0, ""232"": 38.0, ""233"": 14.0, ""234"": 3.0}",2026-08-24T23:49:59-04:00
Darius Slayton,3916945,WR,NYG,ACTIVE,95.89241331,90.5,0.0,126.0,168.89260780287475,5.4664218397844495,302.0,310.0,"{""42"": 607.123993, ""43"": 2.163119858, ""44"": 0.122995819, ""45"": 0.196895862, ""46"": 0.128671446, ""47"": 121.0, ""48"": 60.0, ""49"": 30.0, ""50"": 24.0, ""51"": 12.0, ""53"": 44.34101245, ""56"": 0.652505248, ""57"": 0.020180575, ""58"": 74.9311524, ""60"": 13.6921545, ""61"": 40.15995284, ""62"": 0.122995819, ""63"": 0.00298233, ""67"": 0.677802327, ""68"": 0.677802327, ""71"": 0.379569303, ""72"": 0.379569303, ""73"": 0.379569303, ""101"": 0.090655934, ""114"": 297.464784, ""116"": 29.0, ""117"": 11.0, ""210"": 15.11764706, ""213"": 26.58370072}","{""23"": 2.0, ""24"": 17.0, ""27"": 3.0, ""28"": 1.0, ""39"": 8.5, ""40"": 1.0625, ""41"": 39.0, ""42"": 573.0, ""43"": 2.0, ""47"": 109.0, ""48"": 50.0, ""49"": 22.0, ""50"": 17.0, ""51"": 6.0, ""52"": 2.0, ""53"": 39.0, ""54"": 2.0, ""56"": 2.0, ""58"": 71.0, ""59"": 124.0, ""60"": 14.69230769, ""61"": 35.8125, ""68"": 1.0, ""155"": 3.0, ""156"": 13.0, ""158"": 12.0, ""186"": 2.0, ""210"": 16.0, ""212"": 1.0, ""213"": 30.0}",2026-08-24T23:49:59-04:00
Cooper Rush,2972515,QB,BAL,ACTIVE,42.15608605,132.8,0.0,2.9,169.14347379239464,5.436186429270458,1010.0,1221.0,"{""0"": 72.309671, ""1"": 46.09473902, ""2"": 26.21493198, ""3"": 511.3414178, ""4"": 3.895508473, ""5"": 102.0, ""6"": 51.0, ""7"": 25.0, ""8"": 20.0, ""9"": 10.0, ""10"": 5.0, ""11"": 9.0, ""12"": 4.0, ""15"": 0.439278409, ""16"": 0.28706844, ""17"": 0.490227213, ""18"": 0.066216843, ""19"": 0.188028432, ""20"": 1.830406732, ""21"": 0.637462989, ""22"": 127.8353545, ""23"": 6.308052262, ""24"": 16.12764587, ""25"": 0.176245013, ""26"": 0.010237264, ""27"": 3.0, ""28"": 1.0, ""33"": 1.0, ""35"": 0.011906015, ""36"": 0.008334211, ""37"": 0.005590941, ""38"": 0.000190797, ""39"": 2.556676006, ""40"": 4.031911466, ""62"": 0.198265697, ""63"": 0.004703151, ""64"": 5.020019112, ""65"": 0.988280514, ""66"": 0.080617485, ""68"": 1.068897999, ""69"": 0.474374647, ""70"": 0.037084043, ""72"": 0.51145869, ""73"": 2.341865422, ""210"": 4.0, ""211"": 25.18331253, ""212"": 1.302943899}","{""0"": 308.0, ""1"": 187.0, ""2"": 121.0, ""3"": 1844.0, ""4"": 12.0, ""5"": 365.0, ""6"": 179.0, ""7"": 87.0, ""8"": 67.0, ""9"": 30.0, ""10"": 13.0, ""11"": 33.0, ""12"": 14.0, ""13"": 20.0, ""14"": 8.0, ""15"": 1.0, ""16"": 1.0, ""17"": 1.0, ""19"": 1.0, ""20"": 5.0, ""21"": 0.60714286, ""22"": 153.66666667, ""23"": 26.0, ""24"": 18.0, ""27"": 2.0, ""33"": 1.0, ""39"": 0.69230769, ""40"": 1.5, ""64"": 13.0, ""65"": 4.0, ""66"": 7.0, ""68"": 9.0, ""69"": 3.0, ""70"": 2.0, ""72"": 3.0, ""73"": 8.0, ""155"": 5.0, ""156"": 7.0, ""158"": 72.0, ""175"": 5.0, ""176"": 5.0, ""177"": 1.0, ""210"": 12.0, ""211"": 92.0, ""212"": 5.0}",2026-08-24T23:49:59-04:00
Raheem Blackshear,4259308,RB,CAR,ACTIVE,13.89737222,8.0,0.0,14.1,169.7289527720739,5.399690253141498,1079.0,431.0,"{""23"": 12.11868376, ""24"": 51.92120878, ""25"": 0.44730158, ""26"": 0.02291229, ""27"": 10.0, ""28"": 5.0, ""29"": 2.0, ""30"": 2.0, ""31"": 1.0, ""33"": 2.0, ""34"": 1.0, ""35"": 0.022375534, ""36"": 0.015662874, ""37"": 0.006826705, ""38"": 0.000232969, ""39"": 4.284393405, ""40"": 3.662491906, ""42"": 18.04223688, ""43"": 0.066373796, ""44"": 0.003517869, ""45"": 0.040646832, ""46"": 0.026562704, ""47"": 3.0, ""48"": 1.0, ""53"": 2.560074449, ""56"": 0.010199982, ""57"": 0.000315463, ""58"": 3.237094128, ""60"": 7.047543827, ""61"": 1.272688909, ""62"": 0.026430159, ""63"": 0.000683798, ""66"": 0.12830431, ""67"": 0.027104312, ""68"": 0.155408622, ""70"": 0.059019983, ""71"": 0.015178415, ""72"": 0.074198397, ""73"": 0.074198397, ""101"": 0.276629109, ""102"": 0.16245, ""114"": 1455.698941, ""115"": 262.2, ""116"": 145.0, ""117"": 58.0, ""118"": 26.0, ""119"": 10.0, ""210"": 14.17647059, ""212"": 4.894838818, ""213"": 0.026120621}","{""23"": 15.0, ""24"": 80.0, ""27"": 15.0, ""28"": 7.0, ""29"": 3.0, ""30"": 1.0, ""33"": 1.0, ""39"": 5.33333333, ""40"": 5.0, ""68"": 2.0, ""107"": 1.0, ""108"": 2.0, ""109"": 3.0, ""114"": 791.0, ""115"": 145.0, ""116"": 75.0, ""117"": 29.0, ""118"": 12.0, ""119"": 1.0, ""155"": 5.0, ""156"": 11.0, ""210"": 16.0, ""212"": 2.0}",2026-08-24T23:49:59-04:00
Ja'Lynn Polk,4430637,WR,NE,QUESTIONABLE,114.69769504,26.7,,,169.00965092402464,5.171220067807771,162.0,270.0,"{""42"": 695.7338819, ""43"": 2.922209447, ""44"": 0.158119114, ""45"": 0.154648407, ""46"": 0.101062734, ""47"": 139.0, ""48"": 69.0, ""49"": 34.0, ""50"": 27.0, ""51"": 13.0, ""53"": 55.87954485, ""56"": 0.94949625, ""57"": 0.029365863, ""58"": 91.06985934, ""60"": 12.45060037, ""61"": 46.02130737, ""62"": 0.158119114, ""63"": 0.002612345, ""67"": 0.593714721, ""68"": 0.593714721, ""71"": 0.332480244, ""72"": 0.332480244, ""73"": 0.332480244, ""210"": 15.11764706, ""213"": 31.96762952}","{""23"": 1.0, ""41"": 12.0, ""42"": 87.0, ""43"": 2.0, ""47"": 14.0, ""48"": 6.0, ""49"": 1.0, ""50"": 1.0, ""53"": 12.0, ""58"": 33.0, ""59"": 13.0, ""60"": 7.25, ""61"": 5.8, ""155"": 2.0, ""156"": 13.0, ""158"": 12.0, ""183"": 2.0, ""210"": 15.0, ""213"": 4.0}",2026-08-24T23:49:59-04:00
Daniel Jones,3917792,QB,IND,ACTIVE,253.15736801,150.5,0.0,60.4,160.26803699897226,4.96383762584676,277.0,153.0,"{""0"": 490.3964173, ""1"": 315.0531541, ""2"": 175.3432631, ""3"": 3285.631038, ""4"": 14.02117641, ""5"": 657.0, ""6"": 328.0, ""7"": 164.0, ""8"": 131.0, ""9"": 65.0, ""10"": 32.0, ""11"": 63.0, ""12"": 31.0, ""15"": 2.62291239, ""16"": 1.714073247, ""17"": 2.476106657, ""18"": 0.334457085, ""19"": 0.798679287, ""20"": 10.66544743, ""21"": 0.642445872, ""22"": 234.6879313, ""23"": 91.53120266, ""24"": 486.3871059, ""25"": 2.985481613, ""26"": 0.145080198, ""27"": 97.0, ""28"": 48.0, ""29"": 24.0, ""30"": 19.0, ""31"": 9.0, ""33"": 18.0, ""34"": 9.0, ""35"": 0.178017246, ""36"": 0.124612072, ""37"": 0.740461137, ""38"": 0.025269098, ""39"": 5.31389397, ""40"": 34.74193614, ""62"": 0.943759485, ""63"": 0.043707238, ""64"": 42.86227449, ""65"": 8.478218993, ""66"": 1.45524413, ""68"": 9.933463122, ""69"": 4.069545117, ""70"": 0.6694123, ""72"": 4.738957416, ""73"": 15.40440485, ""210"": 14.0, ""211"": 161.8155158, ""212"": 25.9158553}","{""0"": 341.0, ""1"": 216.0, ""2"": 125.0, ""3"": 2070.0, ""4"": 8.0, ""5"": 410.0, ""6"": 202.0, ""7"": 98.0, ""8"": 78.0, ""9"": 36.0, ""10"": 14.0, ""11"": 38.0, ""12"": 18.0, ""13"": 22.0, ""14"": 9.0, ""20"": 7.0, ""21"": 0.63343109, ""22"": 207.0, ""23"": 67.0, ""24"": 265.0, ""25"": 2.0, ""27"": 50.0, ""28"": 23.0, ""29"": 9.0, ""30"": 7.0, ""31"": 2.0, ""33"": 10.0, ""34"": 2.0, ""39"": 3.95522388, ""40"": 26.5, ""64"": 29.0, ""65"": 3.0, ""68"": 4.0, ""69"": 2.0, ""72"": 2.0, ""73"": 9.0, ""108"": 1.0, ""109"": 1.0, ""155"": 2.0, ""156"": 8.0, ""158"": 60.0, ""175"": 6.0, ""178"": 2.0, ""179"": 2.0, ""210"": 10.0, ""211"": 106.0, ""212"": 26.0}",2026-08-24T23:49:59-04:00
Zane Gonzalez,3043234,K,WSH,ACTIVE,,36.0,0.0,0.0,169.74530831099196,4.720361107904076,2156.0,2157.0,null,"{""75"": 1.0, ""76"": 1.0, ""77"": 4.0, ""78"": 5.0, ""79"": 1.0, ""80"": 1.0, ""81"": 1.0, ""83"": 5.0, ""84"": 7.0, ""85"": 2.0, ""86"": 19.0, ""87"": 19.0, ""155"": 4.0, ""156"": 2.0, ""158"": 34.0, ""199"": 1.0, ""200"": 1.0, ""210"": 6.0, ""214"": 212.0, ""215"": 98.0, ""216"": 310.0, ""217"": 41.0, ""218"": 19.0, ""219"": 9.0, ""220"": 6.0, ""221"": 1.0, ""223"": 19.0, ""224"": 9.0, ""225"": 4.0, ""226"": 3.0, ""227"": 1.0, ""229"": 60.0, ""230"": 28.0, ""231"": 13.0, ""232"": 9.0, ""233"": 2.0}",2026-08-24T23:49:59-04:00
Tom Brady,2330,QB,TB,,0.0,0.0,0.0,0.0,167.13648509763618,4.6500600887931665,2018.0,1804.0,{},{},2026-08-24T23:49:59-04:00
Spencer Shrader,4571557,K,IND,ACTIVE,7.74593981,26.0,,,169.35842441740564,4.581027363758476,,2610.0,"{""74"": 0.258960871, ""75"": 0.387086504, ""76"": 0.128125633, ""77"": 0.421084964, ""78"": 0.53847182, ""79"": 0.117386857, ""80"": 0.936222366, ""81"": 0.990711499, ""82"": 0.054489132, ""83"": 1.616268201, ""84"": 1.916269824, ""85"": 0.300001622, ""86"": 2.258130118, ""87"": 2.412532178, ""88"": 0.154402059, ""198"": 0.258960871, ""199"": 0.387086504, ""200"": 0.128125633, ""210"": 0.052469136, ""214"": 61.01938141, ""215"": 13.83586671, ""216"": 74.85524812}","{""77"": 2.0, ""78"": 2.0, ""80"": 3.0, ""81"": 3.0, ""83"": 5.0, ""84"": 5.0, ""86"": 9.0, ""87"": 9.0, ""155"": 1.0, ""156"": 3.0, ""158"": 24.0, ""210"": 4.0, ""214"": 167.0, ""216"": 167.0, ""217"": 33.0, ""218"": 16.0, ""219"": 7.0, ""220"": 5.0, ""221"": 2.0, ""229"": 33.0, ""230"": 16.0, ""231"": 7.0, ""232"": 5.0, ""233"": 2.0}",2026-08-24T23:49:59-04:00
Trey Sermon,4241401,RB,IND,ACTIVE,53.60536556,45.8,0.0,18.8,169.77433264887063,4.4061317754345275,346.0,301.0,"{""23"": 64.69915457, ""24"": 277.7644005, ""25"": 1.70295935, ""26"": 0.060152535, ""27"": 55.0, ""28"": 27.0, ""29"": 13.0, ""30"": 11.0, ""31"": 5.0, ""33"": 12.0, ""34"": 6.0, ""35"": 0.122918382, ""36"": 0.086042867, ""37"": 0.202178478, ""38"": 0.006899576, ""39"": 4.293168934, ""40"": 19.59333945, ""42"": 81.51042991, ""43"": 0.300892491, ""44"": 0.021923538, ""45"": 0.034974961, ""46"": 0.022856137, ""47"": 16.0, ""48"": 8.0, ""49"": 4.0, ""50"": 3.0, ""51"": 1.0, ""53"": 11.97516282, ""56"": 0.037295301, ""57"": 0.001153463, ""58"": 15.96952953, ""60"": 6.806623937, ""61"": 5.749698375, ""62"": 0.082076073, ""63"": 0.002298727, ""66"": 0.440842512, ""67"": 0.081595515, ""68"": 0.522438027, ""70"": 0.202787555, ""71"": 0.045693489, ""72"": 0.248481044, ""73"": 0.248481044, ""210"": 14.17647059, ""212"": 16.65103294, ""213"": 3.950601905}","{""23"": 56.0, ""24"": 159.0, ""25"": 2.0, ""27"": 28.0, ""28"": 11.0, ""29"": 4.0, ""30"": 4.0, ""33"": 8.0, ""34"": 2.0, ""39"": 2.83928571, ""40"": 9.35294118, ""41"": 16.0, ""42"": 99.0, ""47"": 15.0, ""48"": 5.0, ""49"": 1.0, ""50"": 1.0, ""53"": 16.0, ""54"": 1.0, ""58"": 19.0, ""59"": 99.0, ""60"": 6.1875, ""61"": 5.82352941, ""108"": 1.0, ""109"": 1.0, ""114"": 23.0, ""116"": 2.0, ""155"": 8.0, ""156"": 9.0, ""158"": 12.0, ""179"": 2.0, ""210"": 17.0, ""212"": 14.0, ""213"": 3.0}",2026-08-24T23:49:59-04:00
Noah Brown,3121409,WR,WSH,ACTIVE,60.2072935,68.8,0.0,85.1,168.79199178644762,4.204138595501674,981.0,273.0,"{""42"": 376.6043726, ""43"": 1.437967324, ""44"": 0.078800878, ""45"": 0.168838867, ""46"": 0.110336199, ""47"": 75.0, ""48"": 37.0, ""49"": 18.0, ""50"": 15.0, ""51"": 7.0, ""53"": 28.59534386, ""56"": 0.200802748, ""57"": 0.006210394, ""58"": 48.32382314, ""60"": 13.17012918, ""61"": 24.91157329, ""62"": 0.078800878, ""63"": 0.002106584, ""67"": 0.478769098, ""68"": 0.478769098, ""71"": 0.268110695, ""72"": 0.268110695, ""73"": 0.268110695, ""210"": 15.11764706, ""213"": 16.34139043}","{""41"": 35.0, ""42"": 453.0, ""43"": 1.0, ""45"": 1.0, ""46"": 1.0, ""47"": 86.0, ""48"": 40.0, ""49"": 17.0, ""50"": 14.0, ""51"": 5.0, ""53"": 35.0, ""54"": 2.0, ""58"": 56.0, ""59"": 83.0, ""60"": 12.94285714, ""61"": 41.18181818, ""155"": 7.0, ""156"": 4.0, ""158"": 6.0, ""210"": 11.0, ""213"": 21.0}",2026-08-24T23:49:59-04:00
Jaylen Wright,4682745,RB,MIA,ACTIVE,49.5982513,25.2,,,169.30266940451745,4.095718057920089,201.0,336.0,"{""23"": 51.48081881, ""24"": 226.5166768, ""25"": 1.497884172, ""26"": 0.066874161, ""27"": 45.0, ""28"": 22.0, ""29"": 11.0, ""30"": 9.0, ""31"": 4.0, ""33"": 10.0, ""34"": 5.0, ""35"": 0.0971326, ""36"": 0.06799282, ""37"": 0.135508029, ""38"": 0.004624369, ""39"": 4.400020862, ""40"": 15.97835479, ""42"": 90.28482779, ""43"": 0.49851991, ""44"": 0.026104242, ""45"": 0.041325094, ""46"": 0.027005949, ""47"": 18.0, ""48"": 9.0, ""49"": 4.0, ""50"": 3.0, ""51"": 1.0, ""53"": 12.50847868, ""56"": 0.039976258, ""57"": 0.001236379, ""58"": 16.44045328, ""60"": 7.217890372, ""61"": 6.368639305, ""62"": 0.092978402, ""63"": 0.002309287, ""66"": 0.422243907, ""67"": 0.102594112, ""68"": 0.524838019, ""70"": 0.194232197, ""71"": 0.057452703, ""72"": 0.2516849, ""73"": 0.2516849, ""102"": 0.000475, ""115"": 0.766666667, ""210"": 14.17647059, ""212"": 13.96469717, ""213"": 4.394938588}","{""23"": 68.0, ""24"": 249.0, ""27"": 44.0, ""28"": 19.0, ""29"": 7.0, ""30"": 6.0, ""31"": 1.0, ""33"": 10.0, ""34"": 1.0, ""39"": 3.66176471, ""40"": 16.6, ""41"": 3.0, ""42"": 8.0, ""47"": 1.0, ""53"": 3.0, ""58"": 6.0, ""59"": 8.0, ""60"": 2.66666667, ""61"": 0.53333333, ""65"": 1.0, ""66"": 1.0, ""68"": 1.0, ""69"": 1.0, ""70"": 1.0, ""72"": 1.0, ""73"": 1.0, ""114"": 29.0, ""116"": 2.0, ""117"": 1.0, ""155"": 6.0, ""156"": 9.0, ""210"": 15.0, ""212"": 11.0, ""213"": 1.0}",2026-08-24T23:49:59-04:00
Miles Sanders,4045163,RB,DAL,ACTIVE,78.41871115,65.3,0.0,74.1,168.8599589322382,4.091403712844622,205.0,275.0,"{""23"": 97.22680504, ""24"": 413.8307755, ""25"": 2.714411285, ""26"": 0.139120698, ""27"": 82.0, ""28"": 41.0, ""29"": 20.0, ""30"": 16.0, ""31"": 8.0, ""33"": 19.0, ""34"": 9.0, ""35"": 0.188380527, ""36"": 0.131866369, ""37"": 0.469051084, ""38"": 0.016006914, ""39"": 4.256344486, ""40"": 29.1913825, ""42"": 119.4609333, ""43"": 0.25501868, ""44"": 0.013515683, ""45"": 0.034722317, ""46"": 0.022691034, ""47"": 23.0, ""48"": 11.0, ""49"": 5.0, ""50"": 4.0, ""51"": 2.0, ""53"": 16.11760189, ""56"": 0.049365196, ""57"": 0.001526759, ""58"": 23.6493251, ""60"": 7.411830505, ""61"": 8.426704842, ""62"": 0.152636381, ""63"": 0.005061889, ""66"": 0.986837988, ""67"": 0.163591325, ""68"": 1.150429312, ""70"": 0.453945474, ""71"": 0.091611142, ""72"": 0.545556616, ""73"": 0.545556616, ""210"": 14.17647059, ""212"": 23.97555542, ""213"": 5.922567892}","{""23"": 55.0, ""24"": 205.0, ""25"": 2.0, ""27"": 39.0, ""28"": 17.0, ""29"": 7.0, ""30"": 4.0, ""31"": 1.0, ""33"": 7.0, ""34"": 1.0, ""39"": 3.72727273, ""40"": 18.63636364, ""41"": 24.0, ""42"": 148.0, ""43"": 1.0, ""47"": 29.0, ""48"": 13.0, ""49"": 4.0, ""50"": 4.0, ""51"": 1.0, ""53"": 24.0, ""54"": 1.0, ""58"": 30.0, ""59"": 150.0, ""60"": 6.16666667, ""61"": 13.45454545, ""67"": 1.0, ""68"": 1.0, ""108"": 1.0, ""109"": 1.0, ""114"": 14.0, ""116"": 1.0, ""155"": 4.0, ""156"": 7.0, ""158"": 18.0, ""179"": 2.0, ""186"": 1.0, ""210"": 11.0, ""212"": 12.0, ""213"": 5.0}",2026-08-24T23:49:59-04:00
Luke Schoonmaker,4372096,TE,DAL,ACTIVE,34.59776099,43.6,32.00950889,22.5,169.33805709591292,4.030137822010366,996.0,959.0,"{""42"": 171.195697, ""43"": 1.543958171, ""44"": 0.074835466, ""45"": 0.108390717, ""46"": 0.070833333, ""47"": 34.0, ""48"": 17.0, ""49"": 8.0, ""50"": 6.0, ""51"": 3.0, ""53"": 16.5542147, ""56"": 0.064884277, ""57"": 0.00200673, ""58"": 24.36715047, ""60"": 10.34151726, ""61"": 11.32422899, ""62"": 0.074835466, ""63"": 0.000834177, ""67"": 0.189585734, ""68"": 0.189585734, ""71"": 0.106168011, ""72"": 0.106168011, ""73"": 0.106168011, ""210"": 15.11764706, ""213"": 7.975795683}","{""41"": 27.0, ""42"": 241.0, ""43"": 1.0, ""47"": 45.0, ""48"": 20.0, ""49"": 8.0, ""50"": 6.0, ""51"": 2.0, ""53"": 27.0, ""54"": 3.0, ""58"": 36.0, ""59"": 97.0, ""60"": 8.92592593, ""61"": 14.17647059, ""107"": 2.0, ""108"": 3.0, ""109"": 5.0, ""155"": 7.0, ""156"": 10.0, ""158"": 6.0, ""185"": 1.0, ""210"": 17.0, ""213"": 11.0}",2026-08-24T23:49:59-04:00
Mason Rudolph,3116407,QB,PIT,ACTIVE,34.04335289,113.4,0.0,45.2,169.82137718396712,4.024506115311411,479.0,1685.0,"{""0"": 73.93147993, ""1"": 45.33654509, ""2"": 28.59493484, ""3"": 483.0616593, ""4"": 2.655389111, ""5"": 96.0, ""6"": 48.0, ""7"": 24.0, ""8"": 19.0, ""9"": 9.0, ""10"": 4.0, ""11"": 9.0, ""12"": 4.0, ""15"": 0.395075982, ""16"": 0.258182154, ""17"": 0.393031538, ""18"": 0.053088255, ""19"": 0.133263007, ""20"": 1.778486366, ""21"": 0.613223827, ""22"": 120.7654148, ""23"": 6.567260387, ""24"": 22.92619866, ""25"": 0.186473854, ""26"": 0.010766564, ""27"": 4.0, ""28"": 2.0, ""29"": 1.0, ""33"": 1.0, ""35"": 0.012409519, ""36"": 0.008686664, ""37"": 0.011371291, ""38"": 0.000388059, ""39"": 3.490983654, ""40"": 5.731549666, ""62"": 0.144029571, ""63"": 0.005662679, ""64"": 4.821524169, ""65"": 1.187911821, ""66"": 0.099060681, ""68"": 1.286972503, ""69"": 0.570197674, ""70"": 0.045567913, ""72"": 0.615765588, ""73"": 2.394251954, ""210"": 4.0, ""211"": 23.79872644, ""212"": 1.55587255}","{""0"": 228.0, ""1"": 146.0, ""2"": 82.0, ""3"": 1530.0, ""4"": 9.0, ""5"": 304.0, ""6"": 150.0, ""7"": 73.0, ""8"": 57.0, ""9"": 27.0, ""10"": 11.0, ""11"": 26.0, ""12"": 11.0, ""13"": 14.0, ""14"": 5.0, ""19"": 1.0, ""20"": 9.0, ""21"": 0.64035088, ""22"": 191.25, ""23"": 25.0, ""24"": 106.0, ""25"": 1.0, ""27"": 17.0, ""28"": 7.0, ""29"": 2.0, ""30"": 1.0, ""33"": 2.0, ""39"": 4.24, ""40"": 13.25, ""64"": 11.0, ""65"": 2.0, ""66"": 3.0, ""68"": 5.0, ""70"": 1.0, ""72"": 1.0, ""73"": 10.0, ""155"": 2.0, ""156"": 6.0, ""158"": 60.0, ""175"": 6.0, ""176"": 2.0, ""178"": 1.0, ""180"": 1.0, ""210"": 8.0, ""211"": 78.0, ""212"": 13.0}",2026-08-24T23:49:59-04:00
Carson Steele,4714365,RB,KC,ACTIVE,17.22928725,20.4,,,169.5618069815195,3.72641712123202,1062.0,404.0,"{""23"": 18.28253688, ""24"": 76.0469126, ""25"": 0.599759379, ""26"": 0.03143971, ""27"": 15.0, ""28"": 7.0, ""29"": 3.0, ""30"": 3.0, ""31"": 1.0, ""33"": 3.0, ""34"": 1.0, ""35"": 0.034060369, ""36"": 0.023842258, ""37"": 0.023401224, ""38"": 0.000798594, ""39"": 4.159538312, ""40"": 5.364305038, ""42"": 26.13997073, ""43"": 0.175739346, ""44"": 0.005750646, ""45"": 0.041427323, ""46"": 0.027072755, ""47"": 5.0, ""48"": 2.0, ""49"": 1.0, ""50"": 1.0, ""53"": 3.65736472, ""56"": 0.013840067, ""57"": 0.000428043, ""58"": 4.729992328, ""60"": 7.147214656, ""61"": 1.84389835, ""62"": 0.037190356, ""63"": 0.000791781, ""66"": 0.149952739, ""67"": 0.02999758, ""68"": 0.179950319, ""70"": 0.06897826, ""71"": 0.016798645, ""72"": 0.085776905, ""73"": 0.085776905, ""101"": 0.104349551, ""114"": 342.3969636, ""116"": 34.0, ""117"": 13.0, ""210"": 14.17647059, ""212"": 6.197582234, ""213"": 0.476624265}","{""23"": 56.0, ""24"": 183.0, ""27"": 31.0, ""28"": 13.0, ""29"": 5.0, ""30"": 3.0, ""31"": 1.0, ""33"": 7.0, ""34"": 1.0, ""39"": 3.26785714, ""40"": 10.76470588, ""41"": 7.0, ""42"": 26.0, ""47"": 3.0, ""53"": 7.0, ""58"": 11.0, ""59"": 43.0, ""60"": 3.71428571, ""61"": 1.52941176, ""66"": 3.0, ""68"": 3.0, ""70"": 2.0, ""72"": 2.0, ""73"": 2.0, ""107"": 1.0, ""109"": 1.0, ""114"": 138.0, ""116"": 12.0, ""117"": 5.0, ""155"": 15.0, ""156"": 2.0, ""210"": 17.0, ""212"": 14.0}",2026-08-24T23:49:59-04:00
JuJu Smith-Schuster,3120348,WR,KC,ACTIVE,15.17153602,44.1,0.0,46.5,167.07802874743325,3.6520792897739485,1061.0,266.0,"{""42"": 74.29935042, ""43"": 0.6480019, ""44"": 0.021209903, ""45"": 0.074330382, ""46"": 0.048574904, ""47"": 14.0, ""48"": 7.0, ""49"": 3.0, ""50"": 2.0, ""51"": 1.0, ""53"": 7.979836194, ""56"": 0.033797196, ""57"": 0.001045274, ""58"": 11.56086833, ""60"": 9.310886666, ""61"": 4.914743024, ""62"": 0.021209903, ""63"": 0.000702226, ""67"": 0.159596724, ""68"": 0.159596724, ""71"": 0.089374165, ""72"": 0.089374165, ""73"": 0.089374165, ""210"": 15.11764706, ""213"": 2.983020381}","{""41"": 18.0, ""42"": 231.0, ""43"": 2.0, ""47"": 43.0, ""48"": 19.0, ""49"": 7.0, ""50"": 6.0, ""51"": 2.0, ""52"": 1.0, ""53"": 18.0, ""54"": 1.0, ""56"": 1.0, ""58"": 26.0, ""59"": 155.0, ""60"": 12.83333333, ""61"": 16.5, ""108"": 1.0, ""109"": 1.0, ""155"": 12.0, ""156"": 2.0, ""158"": 12.0, ""183"": 1.0, ""184"": 1.0, ""210"": 14.0, ""213"": 11.0}",2026-08-24T23:49:59-04:00
Mac Jones,4241464,QB,SF,ACTIVE,36.71380169,111.4,0.0,126.0,169.80719424460432,3.5377308438347557,1029.0,1269.0,"{""0"": 70.83381846, ""1"": 47.00280173, ""2"": 23.83101674, ""3"": 507.981623, ""4"": 2.948054685, ""5"": 101.0, ""6"": 50.0, ""7"": 25.0, ""8"": 20.0, ""9"": 10.0, ""10"": 5.0, ""11"": 9.0, ""12"": 4.0, ""15"": 0.43356216, ""16"": 0.283332871, ""17"": 0.474943557, ""18"": 0.064152422, ""19"": 0.181171439, ""20"": 1.778247421, ""21"": 0.663564421, ""22"": 126.9954057, ""23"": 6.706627413, ""24"": 21.63842573, ""25"": 0.120683477, ""26"": 0.007171914, ""27"": 4.0, ""28"": 2.0, ""29"": 1.0, ""33"": 1.0, ""35"": 0.012680841, ""36"": 0.008876589, ""37"": 0.010112193, ""38"": 0.00034509, ""39"": 3.226424312, ""40"": 5.409606433, ""62"": 0.188343353, ""63"": 0.004059313, ""64"": 4.776540356, ""65"": 0.847406348, ""66"": 0.075164815, ""68"": 0.922571163, ""69"": 0.406755047, ""70"": 0.034575815, ""72"": 0.441330862, ""73"": 2.219578283, ""210"": 4.0, ""211"": 24.94096401, ""212"": 1.47181063}","{""0"": 262.0, ""1"": 171.0, ""2"": 91.0, ""3"": 1672.0, ""4"": 8.0, ""5"": 331.0, ""6"": 163.0, ""7"": 79.0, ""8"": 61.0, ""9"": 28.0, ""10"": 13.0, ""11"": 32.0, ""12"": 14.0, ""13"": 14.0, ""14"": 5.0, ""15"": 1.0, ""16"": 1.0, ""19"": 1.0, ""20"": 8.0, ""21"": 0.65267176, ""22"": 167.2, ""23"": 28.0, ""24"": 92.0, ""25"": 1.0, ""27"": 15.0, ""28"": 5.0, ""29"": 2.0, ""30"": 1.0, ""33"": 3.0, ""39"": 3.28571429, ""40"": 9.2, ""64"": 14.0, ""65"": 1.0, ""66"": 2.0, ""68"": 2.0, ""69"": 1.0, ""70"": 1.0, ""72"": 2.0, ""73"": 10.0, ""155"": 2.0, ""156"": 8.0, ""158"": 54.0, ""175"": 3.0, ""176"": 2.0, ""177"": 1.0, ""179"": 1.0, ""210"": 10.0, ""211"": 77.0, ""212"": 12.0}",2026-08-24T23:49:59-04:00
Samaje Perine,3116389,RB,CIN,ACTIVE,47.77933534,67.4,0.0,96.3,169.12977412731007,3.4895367760669753,269.0,298.0,"{""23"": 43.33656209, ""24"": 190.0211009, ""25"": 1.271637596, ""26"": 0.066679116, ""27"": 38.0, ""28"": 19.0, ""29"": 9.0, ""30"": 7.0, ""31"": 3.0, ""33"": 8.0, ""34"": 4.0, ""35"": 0.081601552, ""36"": 0.057121086, ""37"": 0.104596102, ""38"": 0.003569464, ""39"": 4.384775619, ""40"": 13.40397807, ""42"": 108.5500377, ""43"": 0.530555617, ""44"": 0.017363264, ""45"": 0.056389644, ""46"": 0.036850633, ""47"": 21.0, ""48"": 10.0, ""49"": 5.0, ""50"": 4.0, ""51"": 2.0, ""53"": 15.27172074, ""56"": 0.045812134, ""57"": 0.00141687, ""58"": 17.99927589, ""60"": 7.107911387, ""61"": 7.657056603, ""62"": 0.084042379, ""63"": 0.00314519, ""66"": 0.528554356, ""67"": 0.186261534, ""68"": 0.71481589, ""70"": 0.243135004, ""71"": 0.104306459, ""72"": 0.347441463, ""73"": 0.347441463, ""210"": 14.17647059, ""212"": 12.06895556, ""213"": 5.541555326}","{""23"": 20.0, ""24"": 92.0, ""25"": 1.0, ""27"": 15.0, ""28"": 6.0, ""29"": 1.0, ""30"": 1.0, ""33"": 2.0, ""39"": 4.6, ""40"": 5.41176471, ""41"": 28.0, ""42"": 322.0, ""43"": 1.0, ""47"": 60.0, ""48"": 27.0, ""49"": 9.0, ""50"": 5.0, ""51"": 1.0, ""53"": 28.0, ""58"": 35.0, ""59"": 313.0, ""60"": 11.5, ""61"": 18.94117647, ""96"": 1.0, ""107"": 2.0, ""108"": 1.0, ""109"": 3.0, ""114"": 163.0, ""116"": 15.0, ""117"": 6.0, ""155"": 15.0, ""156"": 2.0, ""158"": 12.0, ""179"": 1.0, ""183"": 1.0, ""210"": 17.0, ""212"": 7.0, ""213"": 15.0}",2026-08-24T23:49:59-04:00
Olamide Zaccheaus,3917914,WR,CHI,ACTIVE,48.41338923,89.9,37.96928071,33.4,169.94394250513346,3.451260164471375,984.0,396.0,"{""42"": 277.9432426, ""43"": 1.245838907, ""44"": 0.068666857, ""45"": 0.109436162, ""46"": 0.071516532, ""47"": 55.0, ""48"": 27.0, ""49"": 13.0, ""50"": 11.0, ""51"": 5.0, ""53"": 23.57011163, ""56"": 0.112312289, ""57"": 0.003473576, ""58"": 39.49494207, ""60"": 11.79219034, ""61"": 18.38535068, ""62"": 0.068666857, ""63"": 0.001744027, ""67"": 0.396369756, ""68"": 0.396369756, ""71"": 0.221967063, ""72"": 0.221967063, ""73"": 0.221967063, ""101"": 0.26904602, ""102"": 0.00855, ""114"": 882.8072531, ""115"": 13.8, ""116"": 88.0, ""117"": 35.0, ""118"": 1.0, ""210"": 15.11764706, ""213"": 12.39672297}","{""23"": 1.0, ""24"": 8.0, ""27"": 1.0, ""39"": 8.0, ""40"": 0.47058824, ""41"": 45.0, ""42"": 506.0, ""43"": 3.0, ""45"": 1.0, ""47"": 97.0, ""48"": 44.0, ""49"": 18.0, ""50"": 14.0, ""51"": 4.0, ""53"": 45.0, ""54"": 3.0, ""58"": 64.0, ""59"": 284.0, ""60"": 11.24444444, ""61"": 29.76470588, ""68"": 3.0, ""72"": 1.0, ""73"": 1.0, ""115"": 179.0, ""118"": 12.0, ""119"": 2.0, ""155"": 12.0, ""156"": 5.0, ""158"": 18.0, ""183"": 2.0, ""210"": 17.0, ""212"": 1.0, ""213"": 26.0}",2026-08-24T23:49:59-04:00
Giants D/ST,-16019,D/ST,NYG,,77.58025596,72.0,0.0,102.0,168.96860152860978,3.4447459769591995,516.0,483.0,"{""89"": 0.057730723, ""90"": 0.254694367, ""91"": 1.375349581, ""92"": 1.901717938, ""93"": 0.116950765, ""94"": 1.896133657, ""95"": 12.90035282, ""96"": 8.721724231, ""97"": 1.831740908, ""98"": 0.223764045, ""99"": 43.18140115, ""100"": 86.3628023, ""101"": 0.389820517, ""102"": 0.250424082, ""103"": 1.319890005, ""104"": 0.576243652, ""105"": 2.653329021, ""106"": 15.50090138, ""109"": 1047.087999, ""110"": 349.0, ""111"": 209.0, ""112"": 46.75430883, ""113"": 76.03542904, ""114"": 1531.512529, ""115"": 349.9469388, ""116"": 153.0, ""117"": 61.0, ""118"": 34.0, ""119"": 13.0, ""120"": 408.3578495, ""121"": 2.462045545, ""122"": 4.448661606, ""123"": 3.922293248, ""124"": 2.275269676, ""125"": 0.302237315, ""126"": 24.02104997, ""127"": 6157.165853, ""129"": 0.144261968, ""130"": 1.866919583, ""131"": 2.99555733, ""132"": 4.361803025, ""133"": 3.912045126, ""134"": 2.46093945, ""135"": 0.967403784, ""136"": 0.291069735, ""137"": 362.1862266, ""210"": 17.0}","{""89"": 0.0, ""90"": 0.0, ""91"": 0.0, ""92"": 4.0, ""93"": 1.0, ""95"": 5.0, ""96"": 10.0, ""97"": 2.0, ""99"": 45.0, ""100"": 90.0, ""101"": 1.0, ""105"": 2.0, ""106"": 16.0, ""107"": 528.0, ""108"": 654.0, ""109"": 1182.0, ""110"": 388.0, ""111"": 230.0, ""112"": 90.0, ""113"": 60.0, ""114"": 1019.0, ""115"": 228.0, ""116"": 95.0, ""117"": 36.0, ""118"": 16.0, ""119"": 4.0, ""120"": 385.0, ""121"": 5.0, ""122"": 4.0, ""123"": 3.0, ""124"": 1.0, ""127"": 5895.0, ""128"": 0.0, ""129"": 0.0, ""130"": 3.0, ""131"": 8.0, ""132"": 1.0, ""133"": 4.0, ""134"": 1.0, ""135"": 0.0, ""136"": 0.0, ""155"": 3.0, ""156"": 14.0, ""187"": 385.0, ""188"": 0.0, ""189"": 0.0, ""190"": 0.0, ""191"": 4.0, ""192"": 5.0, ""193"": 4.0, ""194"": 3.0, ""195"": 1.0, ""210"": 17.0}",2026-08-24T23:49:59-04:00
Tommy DeVito,4240391,QB,NYG,ACTIVE,0.0,13.2,0.0,109.1,169.34964028776977,3.4377317373533174,1516.0,1560.0,{},"{""0"": 44.0, ""1"": 31.0, ""2"": 13.0, ""3"": 257.0, ""5"": 50.0, ""6"": 24.0, ""7"": 12.0, ""8"": 9.0, ""9"": 4.0, ""10"": 1.0, ""11"": 6.0, ""12"": 3.0, ""13"": 2.0, ""14"": 1.0, ""21"": 0.70454545, ""22"": 85.66666667, ""23"": 8.0, ""24"": 32.0, ""27"": 6.0, ""28"": 3.0, ""29"": 1.0, ""30"": 1.0, ""33"": 1.0, ""39"": 4.0, ""40"": 10.66666667, ""64"": 6.0, ""156"": 3.0, ""210"": 3.0, ""211"": 15.0, ""212"": 1.0}",2026-08-24T23:49:59-04:00
Tim Patrick,3134353,WR,DET,ACTIVE,0.0,73.9,0.0,0.0,167.25564681724845,3.3833107593688,1952.0,371.0,{},"{""41"": 33.0, ""42"": 394.0, ""43"": 3.0, ""47"": 75.0, ""48"": 34.0, ""49"": 14.0, ""50"": 11.0, ""51"": 3.0, ""53"": 33.0, ""54"": 1.0, ""58"": 44.0, ""59"": 141.0, ""60"": 11.93939394, ""61"": 24.625, ""155"": 14.0, ""156"": 2.0, ""158"": 20.0, ""183"": 2.0, ""184"": 1.0, ""210"": 16.0, ""213"": 20.0}",2026-08-24T23:49:59-04:00
Cade York,4428963,K,CIN,ACTIVE,121.64902174,42.0,0.0,0.0,169.87399463806972,3.329789089563847,504.0,2306.0,"{""74"": 4.389181117, ""75"": 6.635263434, ""76"": 2.246082318, ""77"": 7.148759473, ""78"": 9.230242698, ""79"": 2.081483225, ""80"": 15.92082004, ""81"": 16.98233265, ""82"": 1.061512615, ""83"": 27.45876063, ""84"": 32.84783878, ""85"": 5.389078157, ""86"": 28.7346963, ""87"": 30.94766741, ""88"": 2.212971114, ""198"": 4.389181117, ""199"": 6.635263434, ""200"": 2.246082318, ""210"": 17.0, ""214"": 1036.334558, ""215"": 246.8005687, ""216"": 1283.135126}","{""74"": 1.0, ""75"": 2.0, ""76"": 1.0, ""77"": 1.0, ""78"": 3.0, ""79"": 2.0, ""80"": 7.0, ""81"": 8.0, ""82"": 1.0, ""83"": 9.0, ""84"": 13.0, ""85"": 4.0, ""86"": 16.0, ""87"": 17.0, ""88"": 1.0, ""155"": 5.0, ""156"": 1.0, ""158"": 43.0, ""198"": 1.0, ""199"": 2.0, ""200"": 1.0, ""210"": 6.0, ""214"": 301.0, ""215"": 183.0, ""216"": 484.0, ""217"": 58.0, ""218"": 28.0, ""219"": 13.0, ""220"": 9.0, ""221"": 4.0, ""222"": 1.0, ""223"": 35.0, ""224"": 17.0, ""225"": 8.0, ""226"": 6.0, ""227"": 2.0, ""228"": 1.0, ""229"": 95.0, ""230"": 46.0, ""231"": 22.0, ""232"": 17.0, ""233"": 8.0, ""234"": 3.0}",2026-08-24T23:49:59-04:00
Daniel Carlson,3051909,K,LV,ACTIVE,129.32480951,139.0,140.5468821,117.0,168.9418436791091,3.273663766054081,496.0,478.0,"{""74"": 4.645497063, ""75"": 6.632328153, ""76"": 1.98683109, ""77"": 7.504856389, ""78"": 9.22615946, ""79"": 1.721303071, ""80"": 16.57476312, ""81"": 16.97482007, ""82"": 0.400056954, ""83"": 28.72511657, ""84"": 32.83330769, ""85"": 4.108191115, ""86"": 30.46180039, ""87"": 31.48726731, ""88"": 1.025466924, ""198"": 4.645497063, ""199"": 6.632328153, ""200"": 1.98683109, ""210"": 17.0, ""214"": 1085.818273, ""215"": 196.7492257, ""216"": 1282.567498}","{""74"": 7.0, ""75"": 11.0, ""76"": 4.0, ""77"": 6.0, ""78"": 8.0, ""79"": 2.0, ""80"": 21.0, ""81"": 21.0, ""83"": 34.0, ""84"": 40.0, ""85"": 6.0, ""86"": 23.0, ""87"": 25.0, ""88"": 2.0, ""155"": 4.0, ""156"": 13.0, ""158"": 125.0, ""198"": 7.0, ""199"": 11.0, ""200"": 4.0, ""210"": 17.0, ""214"": 1279.0, ""215"": 321.0, ""216"": 1600.0, ""217"": 250.0, ""218"": 120.0, ""219"": 58.0, ""220"": 44.0, ""221"": 16.0, ""222"": 4.0, ""223"": 62.0, ""224"": 29.0, ""225"": 14.0, ""226"": 10.0, ""227"": 4.0, ""228"": 1.0, ""229"": 314.0, ""230"": 152.0, ""231"": 73.0, ""232"": 56.0, ""233"": 22.0, ""234"": 6.0}",2026-08-24T23:49:59-04:00
Jeremy McNichols,3127586,RB,WSH,ACTIVE,31.46822325,59.3,,,169.84661190965093,3.141225321775422,399.0,1855.0,"{""23"": 27.24260896, ""24"": 115.3676284, ""25"": 0.652228497, ""26"": 0.023963992, ""27"": 23.0, ""28"": 11.0, ""29"": 5.0, ""30"": 4.0, ""31"": 2.0, ""33"": 5.0, ""34"": 2.0, ""35"": 0.050750384, ""36"": 0.035525269, ""37"": 0.036060525, ""38"": 0.001230607, ""39"": 4.234823049, ""40"": 8.755578938, ""42"": 81.95837939, ""43"": 0.356406462, ""44"": 0.019359881, ""45"": 0.034924142, ""46"": 0.022822927, ""47"": 16.0, ""48"": 8.0, ""49"": 4.0, ""50"": 3.0, ""51"": 1.0, ""53"": 11.64875222, ""56"": 0.036868814, ""57"": 0.001140273, ""58"": 15.67554566, ""60"": 7.035807601, ""61"": 6.220055579, ""62"": 0.043323873, ""63"": 0.001020232, ""66"": 0.162420788, ""67"": 0.069450012, ""68"": 0.231870799, ""70"": 0.074713562, ""71"": 0.038892007, ""72"": 0.113605569, ""73"": 0.113605569, ""210"": 13.17647059, ""212"": 7.986845819, ""213"": 3.978885395}","{""23"": 55.0, ""24"": 261.0, ""25"": 4.0, ""26"": 1.0, ""27"": 47.0, ""28"": 21.0, ""29"": 10.0, ""30"": 5.0, ""31"": 1.0, ""33"": 5.0, ""39"": 4.74545455, ""40"": 15.35294118, ""41"": 9.0, ""42"": 27.0, ""47"": 5.0, ""48"": 1.0, ""53"": 9.0, ""58"": 12.0, ""59"": 33.0, ""60"": 3.0, ""61"": 1.58823529, ""107"": 5.0, ""108"": 6.0, ""109"": 11.0, ""110"": 1.0, ""114"": 164.0, ""116"": 15.0, ""117"": 4.0, ""155"": 12.0, ""156"": 5.0, ""158"": 26.0, ""179"": 3.0, ""181"": 1.0, ""210"": 17.0, ""212"": 15.0, ""213"": 1.0}",2026-08-24T23:49:59-04:00
Calvin Austin III,4243389,WR,PIT,ACTIVE,53.19616673,100.8,0.0,44.2,169.62422997946612,3.1170755266238097,982.0,369.0,"{""23"": 8.986011744, ""24"": 53.78438309, ""25"": 0.378044145, ""26"": 0.017733369, ""27"": 10.0, ""28"": 5.0, ""29"": 2.0, ""30"": 2.0, ""31"": 1.0, ""33"": 1.0, ""35"": 0.016560329, ""36"": 0.01159223, ""37"": 0.007125297, ""38"": 0.000243159, ""39"": 5.985345292, ""40"": 3.557721838, ""42"": 280.829229, ""43"": 1.070589519, ""44"": 0.061645069, ""45"": 0.167970456, ""46"": 0.109768693, ""47"": 56.0, ""48"": 28.0, ""49"": 14.0, ""50"": 11.0, ""51"": 5.0, ""53"": 21.24717838, ""56"": 0.113525513, ""57"": 0.003511098, ""58"": 36.07242139, ""60"": 13.21724814, ""61"": 18.5762525, ""62"": 0.079378439, ""63"": 0.002660521, ""66"": 0.179720235, ""67"": 0.424943568, ""68"": 0.604663803, ""70"": 0.082671308, ""71"": 0.237968398, ""72"": 0.320639706, ""73"": 0.320639706, ""101"": 0.020362813, ""102"": 0.12996, ""114"": 66.81548154, ""115"": 247.95, ""116"": 6.0, ""117"": 2.0, ""118"": 24.0, ""119"": 9.0, ""210"": 15.11764706, ""212"": 4.715798133, ""213"": 11.87517186}","{""41"": 36.0, ""42"": 548.0, ""43"": 4.0, ""45"": 1.0, ""46"": 1.0, ""47"": 105.0, ""48"": 47.0, ""49"": 20.0, ""50"": 16.0, ""51"": 5.0, ""53"": 36.0, ""54"": 1.0, ""58"": 58.0, ""59"": 152.0, ""60"": 15.22222222, ""61"": 32.23529412, ""68"": 1.0, ""72"": 1.0, ""73"": 1.0, ""102"": 1.0, ""105"": 1.0, ""115"": 289.0, ""118"": 25.0, ""119"": 5.0, ""155"": 10.0, ""156"": 7.0, ""158"": 30.0, ""185"": 3.0, ""210"": 17.0, ""213"": 18.0}",2026-08-24T23:49:59-04:00
Isaiah Davis,4695404,RB,NYJ,ACTIVE,51.48485087,41.4,,,170.0422997946612,3.0804128278514153,352.0,438.0,"{""23"": 65.41403878, ""24"": 276.1833801, ""25"": 1.789057528, ""26"": 0.098611026, ""27"": 55.0, ""28"": 27.0, ""29"": 13.0, ""30"": 11.0, ""31"": 5.0, ""33"": 13.0, ""34"": 6.0, ""35"": 0.12425717, ""36"": 0.086980019, ""37"": 0.197099097, ""38"": 0.006726236, ""39"": 4.22208115, ""40"": 19.48181519, ""42"": 63.12297315, ""43"": 0.383022986, ""44"": 0.019186399, ""45"": 0.043601322, ""46"": 0.028493464, ""47"": 12.0, ""48"": 6.0, ""49"": 3.0, ""50"": 2.0, ""51"": 1.0, ""53"": 8.911541469, ""56"": 0.030642259, ""57"": 0.000947699, ""58"": 11.2849213, ""60"": 7.083283333, ""61"": 4.452657857, ""62"": 0.117797425, ""63"": 0.00268231, ""66"": 0.536523698, ""67"": 0.073092157, ""68"": 0.609615855, ""70"": 0.246800901, ""71"": 0.040931608, ""72"": 0.287732509, ""73"": 0.287732509, ""101"": 0.059088649, ""102"": 0.00855, ""114"": 193.8846291, ""115"": 13.8, ""116"": 19.0, ""117"": 7.0, ""118"": 1.0, ""210"": 14.17647059, ""212"": 16.70526713, ""213"": 2.778832074}","{""23"": 30.0, ""24"": 174.0, ""25"": 1.0, ""27"": 32.0, ""28"": 15.0, ""29"": 6.0, ""30"": 3.0, ""33"": 3.0, ""34"": 1.0, ""39"": 5.8, ""40"": 10.23529412, ""41"": 9.0, ""42"": 75.0, ""43"": 1.0, ""47"": 13.0, ""48"": 5.0, ""49"": 2.0, ""50"": 2.0, ""53"": 9.0, ""58"": 12.0, ""59"": 75.0, ""60"": 8.33333333, ""61"": 4.41176471, ""108"": 7.0, ""109"": 7.0, ""114"": 232.0, ""116"": 20.0, ""117"": 7.0, ""155"": 5.0, ""156"": 12.0, ""158"": 12.0, ""180"": 1.0, ""183"": 1.0, ""210"": 17.0, ""212"": 10.0, ""213"": 4.0}",2026-08-24T23:49:59-04:00
Mike Boone,3139033,RB,CAR,ACTIVE,0.0,5.4,0.0,9.8,169.8552361396304,3.0569194652115788,1955.0,1215.0,{},"{""23"": 13.0, ""24"": 51.0, ""27"": 8.0, ""28"": 3.0, ""39"": 3.92307692, ""40"": 8.5, ""41"": 1.0, ""42"": -2.0, ""53"": 1.0, ""58"": 3.0, ""59"": 2.0, ""60"": -2.0, ""61"": -0.33333333, ""155"": 3.0, ""156"": 3.0, ""210"": 6.0, ""212"": 3.0}",2026-08-24T23:49:59-04:00
Parker Washington,4432620,WR,JAX,ACTIVE,7.72041744,81.0,0.0,31.2,169.87556468172485,2.8697865665083837,1103.0,958.0,"{""42"": 36.76350024, ""43"": 0.247867728, ""44"": 0.015289402, ""45"": 0.080502393, ""46"": 0.052608314, ""47"": 7.0, ""48"": 3.0, ""49"": 1.0, ""50"": 1.0, ""53"": 3.614675122, ""56"": 0.019432281, ""57"": 0.000600998, ""58"": 5.514827868, ""60"": 10.17062364, ""61"": 2.431826864, ""62"": 0.015289402, ""63"": 0.000318091, ""67"": 0.072293502, ""68"": 0.072293502, ""71"": 0.040484361, ""72"": 0.040484361, ""73"": 0.040484361, ""101"": 0.124768901, ""102"": 0.00855, ""114"": 409.3979571, ""115"": 13.8, ""116"": 40.0, ""117"": 16.0, ""118"": 1.0, ""210"": 15.11764706, ""213"": 0.856973607}","{""41"": 32.0, ""42"": 390.0, ""43"": 3.0, ""44"": 1.0, ""47"": 74.0, ""48"": 35.0, ""49"": 14.0, ""50"": 11.0, ""51"": 4.0, ""52"": 1.0, ""53"": 32.0, ""54"": 2.0, ""56"": 1.0, ""58"": 51.0, ""59"": 108.0, ""60"": 12.1875, ""61"": 22.94117647, ""67"": 1.0, ""68"": 2.0, ""102"": 1.0, ""105"": 1.0, ""108"": 2.0, ""109"": 2.0, ""114"": 122.0, ""115"": 144.0, ""116"": 11.0, ""117"": 4.0, ""118"": 12.0, ""119"": 4.0, ""155"": 4.0, ""156"": 13.0, ""158"": 26.0, ""183"": 1.0, ""185"": 1.0, ""210"": 17.0, ""213"": 19.0}",2026-08-24T23:49:59-04:00
Andrei Iosivas,4368003,WR,CIN,ACTIVE,86.83315147,101.9,0.0,43.1,169.0147843942505,2.8565929802858774,329.0,309.0,"{""42"": 462.7940328, ""43"": 3.505004326, ""44"": 0.170779525, ""45"": 0.134677282, ""46"": 0.088011604, ""47"": 92.0, ""48"": 46.0, ""49"": 23.0, ""50"": 18.0, ""51"": 9.0, ""53"": 40.16365826, ""56"": 0.338407327, ""57"": 0.010466206, ""58"": 62.53959823, ""60"": 11.52270617, ""61"": 30.61283485, ""62"": 0.170779525, ""63"": 0.003534402, ""67"": 0.803273165, ""68"": 0.803273165, ""71"": 0.449832973, ""72"": 0.449832973, ""73"": 0.449832973, ""210"": 15.11764706, ""213"": 22.2002072}","{""41"": 36.0, ""42"": 479.0, ""43"": 6.0, ""47"": 90.0, ""48"": 40.0, ""49"": 16.0, ""50"": 14.0, ""51"": 3.0, ""53"": 36.0, ""54"": 1.0, ""58"": 61.0, ""59"": 67.0, ""60"": 13.30555556, ""61"": 28.17647059, ""108"": 1.0, ""109"": 1.0, ""155"": 9.0, ""156"": 8.0, ""158"": 36.0, ""183"": 4.0, ""184"": 1.0, ""210"": 17.0, ""213"": 26.0}",2026-08-24T23:49:59-04:00
Jamaal Williams,2980453,RB,FA,ACTIVE,82.61493059,32.6,0.0,51.8,169.37371663244352,2.8328687335004523,307.0,224.0,"{""23"": 100.6798587, ""24"": 403.0159657, ""25"": 2.175430944, ""26"": 0.125175258, ""27"": 80.0, ""28"": 40.0, ""29"": 20.0, ""30"": 16.0, ""31"": 8.0, ""33"": 20.0, ""34"": 10.0, ""35"": 0.194793442, ""36"": 0.13635541, ""37"": 0.419523887, ""38"": 0.014316741, ""39"": 4.002945285, ""40"": 28.42851211, ""42"": 147.6606831, ""43"": 0.380639407, ""44"": 0.019033857, ""45"": 0.034097613, ""46"": 0.02228279, ""47"": 29.0, ""48"": 14.0, ""49"": 7.0, ""50"": 5.0, ""51"": 2.0, ""53"": 25.1799977, ""56"": 0.057726028, ""57"": 0.001785341, ""58"": 29.78069269, ""60"": 5.864205585, ""61"": 10.41589881, ""62"": 0.144209115, ""63"": 0.004171436, ""66"": 0.758382461, ""67"": 0.18967119, ""68"": 0.948053651, ""70"": 0.348855932, ""71"": 0.106215866, ""72"": 0.455071798, ""73"": 0.455071798, ""101"": 0.040428353, ""114"": 132.6555343, ""116"": 13.0, ""117"": 5.0, ""210"": 14.17647059, ""212"": 23.41836311, ""213"": 8.817193503}","{""23"": 48.0, ""24"": 164.0, ""25"": 1.0, ""27"": 28.0, ""28"": 10.0, ""29"": 2.0, ""30"": 2.0, ""33"": 4.0, ""34"": 1.0, ""39"": 3.41666667, ""40"": 11.71428571, ""41"": 9.0, ""42"": 57.0, ""47"": 9.0, ""48"": 3.0, ""53"": 9.0, ""58"": 11.0, ""59"": 53.0, ""60"": 6.33333333, ""61"": 4.07142857, ""108"": 1.0, ""109"": 1.0, ""114"": 288.0, ""116"": 25.0, ""117"": 9.0, ""155"": 3.0, ""156"": 11.0, ""158"": 6.0, ""180"": 1.0, ""210"": 14.0, ""212"": 11.0, ""213"": 3.0}",2026-08-24T23:49:59-04:00
Aidan O'Connell,4260394,QB,LV,ACTIVE,130.92889356,108.6,0.0,148.7,169.5301130524152,2.739170348200546,441.0,2539.0,"{""0"": 278.2298256, ""1"": 177.3828916, ""2"": 100.846934, ""3"": 1922.254176, ""4"": 9.002267763, ""5"": 384.0, ""6"": 192.0, ""7"": 96.0, ""8"": 76.0, ""9"": 38.0, ""10"": 19.0, ""11"": 35.0, ""12"": 17.0, ""15"": 1.565603202, ""16"": 1.023121692, ""17"": 1.544724874, ""18"": 0.208651827, ""19"": 0.506938467, ""20"": 6.471165119, ""21"": 0.637540894, ""22"": 240.281772, ""23"": 25.23373421, ""24"": 74.56976047, ""25"": 1.360781607, ""26"": 0.065400773, ""27"": 14.0, ""28"": 7.0, ""29"": 3.0, ""30"": 2.0, ""31"": 1.0, ""33"": 5.0, ""34"": 2.0, ""35"": 0.047626796, ""36"": 0.033338757, ""37"": 0.030099285, ""38"": 0.001027173, ""39"": 2.955161525, ""40"": 9.321220059, ""62"": 0.57233924, ""63"": 0.017053827, ""64"": 19.63918143, ""65"": 3.573171322, ""66"": 0.302698345, ""68"": 3.875869667, ""69"": 1.715122234, ""70"": 0.139241239, ""72"": 1.854363473, ""73"": 8.325528592, ""210"": 8.0, ""211"": 93.24330613, ""212"": 6.040420838}","{""0"": 243.0, ""1"": 154.0, ""2"": 89.0, ""3"": 1612.0, ""4"": 8.0, ""5"": 318.0, ""6"": 158.0, ""7"": 77.0, ""8"": 61.0, ""9"": 28.0, ""10"": 12.0, ""11"": 27.0, ""12"": 12.0, ""13"": 14.0, ""14"": 6.0, ""15"": 1.0, ""16"": 1.0, ""17"": 1.0, ""20"": 4.0, ""21"": 0.63374486, ""22"": 179.11111111, ""23"": 21.0, ""24"": 30.0, ""25"": 1.0, ""27"": 5.0, ""28"": 2.0, ""33"": 2.0, ""39"": 1.42857143, ""40"": 3.33333333, ""64"": 10.0, ""66"": 2.0, ""68"": 2.0, ""70"": 2.0, ""72"": 2.0, ""73"": 6.0, ""107"": 1.0, ""109"": 1.0, ""155"": 2.0, ""156"": 7.0, ""158"": 54.0, ""175"": 3.0, ""176"": 2.0, ""177"": 1.0, ""178"": 1.0, ""179"": 1.0, ""210"": 9.0, ""211"": 78.0, ""212"": 10.0}",2026-08-24T23:49:59-04:00
Tyler Huntley,4035671,QB,MIA,ACTIVE,0.0,66.3,0.0,31.3,169.93895169578622,2.688964857369111,2183.0,430.0,{},"{""0"": 133.0, ""1"": 86.0, ""2"": 47.0, ""3"": 829.0, ""4"": 3.0, ""5"": 164.0, ""6"": 80.0, ""7"": 39.0, ""8"": 31.0, ""9"": 13.0, ""10"": 5.0, ""11"": 15.0, ""12"": 6.0, ""13"": 7.0, ""14"": 2.0, ""20"": 3.0, ""21"": 0.64661654, ""22"": 165.8, ""23"": 26.0, ""24"": 135.0, ""25"": 2.0, ""27"": 26.0, ""28"": 12.0, ""29"": 5.0, ""30"": 3.0, ""31"": 1.0, ""33"": 3.0, ""39"": 5.19230769, ""40"": 27.0, ""64"": 15.0, ""65"": 4.0, ""66"": 2.0, ""68"": 6.0, ""69"": 1.0, ""70"": 1.0, ""72"": 2.0, ""73"": 5.0, ""155"": 2.0, ""156"": 3.0, ""158"": 30.0, ""175"": 2.0, ""176"": 1.0, ""179"": 1.0, ""180"": 1.0, ""210"": 5.0, ""211"": 45.0, ""212"": 10.0}",2026-08-24T23:49:59-04:00
Tutu Atwell,4360797,WR,LAR,ACTIVE,46.19620112,77.9,0.0,92.9,169.7852156057495,2.6120179819454297,986.0,393.0,"{""23"": 2.068957214, ""24"": 12.22165971, ""25"": 0.123306465, ""26"": 0.006121529, ""27"": 2.0, ""28"": 1.0, ""35"": 0.00379856, ""36"": 0.002658992, ""37"": 0.000298251, ""38"": 1.01781e-05, ""39"": 5.907159235, ""40"": 0.808436635, ""42"": 264.9545371, ""43"": 1.331621707, ""44"": 0.071297329, ""45"": 0.166789621, ""46"": 0.108997017, ""47"": 52.0, ""48"": 26.0, ""49"": 13.0, ""50"": 10.0, ""51"": 5.0, ""53"": 19.68077232, ""56"": 0.105043204, ""57"": 0.003248759, ""58"": 34.03478302, ""60"": 13.46260872, ""61"": 17.52617561, ""62"": 0.077418859, ""63"": 0.001804047, ""66"": 0.039002535, ""67"": 0.371008158, ""68"": 0.410010693, ""70"": 0.017941166, ""71"": 0.207764568, ""72"": 0.225705734, ""73"": 0.225705734, ""102"": 0.0342, ""115"": 55.2, ""118"": 5.0, ""119"": 2.0, ""210"": 15.11764706, ""212"": 2.702278946, ""213"": 11.18711466}","{""0"": 1.0, ""2"": 1.0, ""23"": 2.0, ""24"": 7.0, ""27"": 1.0, ""39"": 3.5, ""40"": 0.41176471, ""41"": 42.0, ""42"": 562.0, ""47"": 107.0, ""48"": 49.0, ""49"": 20.0, ""50"": 15.0, ""51"": 4.0, ""53"": 42.0, ""54"": 3.0, ""58"": 62.0, ""59"": 126.0, ""60"": 13.38095238, ""61"": 33.05882353, ""108"": 1.0, ""109"": 1.0, ""155"": 10.0, ""156"": 7.0, ""210"": 17.0, ""213"": 29.0}",2026-08-24T23:49:59-04:00
Craig Reynolds,4421446,RB,DET,ACTIVE,28.2469946,19.4,0.0,27.1,169.2630390143737,2.574201818294057,406.0,2085.0,"{""23"": 29.495903, ""24"": 124.8442149, ""25"": 1.08465979, ""26"": 0.045461146, ""27"": 24.0, ""28"": 12.0, ""29"": 6.0, ""30"": 4.0, ""31"": 2.0, ""33"": 5.0, ""34"": 2.0, ""35"": 0.055017311, ""36"": 0.038512117, ""37"": 0.042074116, ""38"": 0.001435828, ""39"": 4.232595112, ""40"": 8.806438393, ""42"": 47.16127366, ""43"": 0.202416363, ""44"": 0.012195824, ""45"": 0.050057914, ""46"": 0.032712847, ""47"": 9.0, ""48"": 4.0, ""49"": 2.0, ""50"": 1.0, ""53"": 6.09345697, ""56"": 0.023951901, ""57"": 0.00074078, ""58"": 7.942310034, ""60"": 7.73965811, ""61"": 3.326728847, ""62"": 0.057656971, ""63"": 0.001590645, ""66"": 0.299613989, ""67"": 0.061896222, ""68"": 0.361510211, ""70"": 0.137822435, ""71"": 0.034661884, ""72"": 0.172484319, ""73"": 0.172484319, ""101"": 0.08448584, ""114"": 277.219162, ""116"": 27.0, ""117"": 11.0, ""210"": 14.17647059, ""212"": 8.766098911, ""213"": 1.690113767}","{""23"": 31.0, ""24"": 139.0, ""27"": 25.0, ""28"": 11.0, ""29"": 4.0, ""30"": 2.0, ""33"": 3.0, ""39"": 4.48387097, ""40"": 8.17647059, ""41"": 3.0, ""42"": 40.0, ""47"": 8.0, ""48"": 3.0, ""49"": 1.0, ""50"": 1.0, ""53"": 3.0, ""58"": 5.0, ""59"": 42.0, ""60"": 13.33333333, ""61"": 2.35294118, ""66"": 1.0, ""68"": 1.0, ""107"": 2.0, ""108"": 2.0, ""109"": 4.0, ""114"": 28.0, ""116"": 2.0, ""117"": 1.0, ""155"": 15.0, ""156"": 2.0, ""210"": 17.0, ""212"": 6.0, ""213"": 2.0}",2026-08-24T23:49:59-04:00
Patriots D/ST,-16017,D/ST,NE,,71.04927324,41.0,0.0,95.0,169.31336500722992,2.5048109141659136,518.0,486.0,"{""89"": 0.067076216, ""90"": 0.29717311, ""91"": 1.494356208, ""92"": 1.969833183, ""93"": 0.114175791, ""94"": 1.86723657, ""95"": 12.83556689, ""96"": 8.645247926, ""97"": 1.794308387, ""98"": 0.22014668, ""99"": 35.03039217, ""100"": 70.06078433, ""101"": 0.360034646, ""102"": 0.30897, ""103"": 1.299153007, ""104"": 0.568083563, ""105"": 2.650417007, ""106"": 11.79116947, ""109"": 1046.094152, ""110"": 348.0, ""111"": 209.0, ""112"": 37.54985519, ""113"": 71.65853643, ""114"": 1671.723369, ""115"": 350.75625, ""116"": 167.0, ""117"": 66.0, ""118"": 35.0, ""119"": 14.0, ""120"": 404.6352227, ""121"": 2.462291479, ""122"": 4.389671362, ""123"": 3.829287783, ""124"": 2.199081011, ""125"": 0.291229647, ""126"": 23.80207192, ""127"": 6168.52701, ""129"": 0.118786185, ""130"": 1.696945498, ""131"": 2.935715712, ""132"": 4.39508884, ""133"": 4.004791376, ""134"": 2.545418247, ""135"": 1.001197844, ""136"": 0.302056299, ""137"": 362.85453, ""210"": 17.0}","{""89"": 0.0, ""90"": 1.0, ""91"": 1.0, ""92"": 2.0, ""94"": 1.0, ""95"": 7.0, ""96"": 5.0, ""97"": 1.0, ""99"": 28.0, ""100"": 56.0, ""104"": 1.0, ""105"": 1.0, ""106"": 13.0, ""107"": 492.0, ""108"": 673.0, ""109"": 1165.0, ""110"": 383.0, ""111"": 228.0, ""112"": 78.0, ""113"": 73.0, ""114"": 662.0, ""115"": 427.0, ""116"": 60.0, ""117"": 21.0, ""118"": 35.0, ""119"": 9.0, ""120"": 399.0, ""121"": 2.0, ""122"": 6.0, ""123"": 3.0, ""124"": 2.0, ""127"": 5829.0, ""128"": 0.0, ""129"": 1.0, ""130"": 3.0, ""131"": 2.0, ""132"": 6.0, ""133"": 5.0, ""134"": 0.0, ""135"": 0.0, ""136"": 0.0, ""155"": 4.0, ""156"": 13.0, ""187"": 399.0, ""188"": 0.0, ""189"": 1.0, ""190"": 1.0, ""191"": 2.0, ""192"": 2.0, ""193"": 6.0, ""194"": 3.0, ""195"": 2.0, ""210"": 17.0}",2026-08-24T23:49:59-04:00
John Parker Romo,4051167,K,NE,ACTIVE,,45.0,,,168.3419261703444,2.4483533017761174,,,null,"{""74"": 1.0, ""75"": 1.0, ""77"": 4.0, ""78"": 5.0, ""79"": 1.0, ""80"": 6.0, ""81"": 6.0, ""83"": 11.0, ""84"": 12.0, ""85"": 1.0, ""86"": 7.0, ""87"": 8.0, ""88"": 1.0, ""155"": 4.0, ""158"": 40.0, ""198"": 1.0, ""199"": 1.0, ""210"": 4.0, ""214"": 406.0, ""215"": 43.0, ""216"": 449.0, ""217"": 81.0, ""218"": 40.0, ""219"": 19.0, ""220"": 14.0, ""221"": 5.0, ""222"": 2.0, ""223"": 8.0, ""224"": 4.0, ""225"": 2.0, ""226"": 1.0, ""229"": 89.0, ""230"": 44.0, ""231"": 21.0, ""232"": 15.0, ""233"": 6.0, ""234"": 2.0}",2026-08-24T23:49:59-04:00
Ty Johnson,3915411,RB,BUF,ACTIVE,63.52323841,82.7,0.0,28.9,169.25852156057496,2.3114897861237984,341.0,284.0,"{""23"": 52.57636753, ""24"": 225.3458789, ""25"": 1.63536689, ""26"": 0.071227991, ""27"": 45.0, ""28"": 22.0, ""29"": 11.0, ""30"": 9.0, ""31"": 4.0, ""33"": 10.0, ""34"": 5.0, ""35"": 0.099212446, ""36"": 0.069448712, ""37"": 0.131322369, ""38"": 0.004481529, ""39"": 4.286067856, ""40"": 15.89576739, ""42"": 180.7929245, ""43"": 0.605624508, ""44"": 0.032233768, ""45"": 0.078359639, ""46"": 0.051208024, ""47"": 36.0, ""48"": 18.0, ""49"": 9.0, ""50"": 7.0, ""51"": 3.0, ""53"": 18.84407127, ""56"": 0.068099444, ""57"": 0.002106168, ""58"": 27.77624907, ""60"": 9.594154148, ""61"": 12.75302787, ""62"": 0.103461759, ""63"": 0.003610851, ""66"": 0.604122381, ""67"": 0.216525518, ""68"": 0.820647899, ""70"": 0.277896295, ""71"": 0.12125429, ""72"": 0.399150585, ""73"": 0.399150585, ""101"": 0.105458616, ""114"": 382.9241285, ""116"": 38.0, ""117"": 15.0, ""210"": 14.17647059, ""212"": 14.0942165, ""213"": 8.378684132}","{""23"": 41.0, ""24"": 213.0, ""25"": 1.0, ""27"": 37.0, ""28"": 15.0, ""29"": 4.0, ""30"": 3.0, ""33"": 3.0, ""39"": 5.19512195, ""40"": 12.52941176, ""41"": 18.0, ""42"": 284.0, ""43"": 3.0, ""45"": 1.0, ""47"": 52.0, ""48"": 24.0, ""49"": 10.0, ""50"": 9.0, ""51"": 3.0, ""52"": 1.0, ""53"": 18.0, ""54"": 1.0, ""56"": 1.0, ""58"": 25.0, ""59"": 170.0, ""60"": 15.77777778, ""61"": 16.70588235, ""108"": 6.0, ""109"": 6.0, ""114"": 130.0, ""116"": 12.0, ""117"": 4.0, ""155"": 13.0, ""156"": 4.0, ""158"": 24.0, ""179"": 1.0, ""183"": 1.0, ""184"": 1.0, ""210"": 17.0, ""212"": 13.0, ""213"": 14.0}",2026-08-24T23:49:59-04:00
Devaughn Vele,4569559,WR,DEN,ACTIVE,26.76476581,86.0,,,169.682340862423,2.275833102344706,1016.0,1512.0,"{""42"": 155.1492899, ""43"": 0.756413269, ""44"": 0.041557939, ""45"": 0.101343877, ""46"": 0.066228223, ""47"": 31.0, ""48"": 15.0, ""49"": 7.0, ""50"": 6.0, ""51"": 3.0, ""53"": 13.57967598, ""56"": 0.059944648, ""57"": 0.001853958, ""58"": 22.4101632, ""60"": 11.42510986, ""61"": 10.2627935, ""62"": 0.041557939, ""63"": 0.000634844, ""67"": 0.144282735, ""68"": 0.144282735, ""71"": 0.080798331, ""72"": 0.080798331, ""73"": 0.080798331, ""210"": 15.11764706, ""213"": 6.53326386}","{""41"": 41.0, ""42"": 475.0, ""43"": 3.0, ""47"": 91.0, ""48"": 42.0, ""49"": 18.0, ""50"": 14.0, ""51"": 4.0, ""53"": 41.0, ""54"": 2.0, ""58"": 55.0, ""59"": 127.0, ""60"": 11.58536585, ""61"": 36.53846154, ""108"": 1.0, ""109"": 1.0, ""155"": 7.0, ""156"": 6.0, ""158"": 18.0, ""183"": 3.0, ""210"": 13.0, ""213"": 26.0}",2026-08-24T23:49:59-04:00
Tyler Boyd,3045144,WR,TEN,QUESTIONABLE,102.90974449,58.8,120.75284818,111.3,169.65913757700204,2.211921547836707,288.0,324.0,"{""23"": 1.819122237, ""24"": 11.58007668, ""25"": 0.069437037, ""26"": 0.004001818, ""27"": 2.0, ""28"": 1.0, ""35"": 0.003339409, ""36"": 0.002337587, ""37"": 0.00026209, ""38"": 8.94411e-06, ""39"": 6.365749614, ""40"": 0.76599729, ""42"": 578.9033717, ""43"": 2.495660841, ""44"": 0.124987065, ""45"": 0.101675505, ""46"": 0.066444942, ""47"": 115.0, ""48"": 57.0, ""49"": 28.0, ""50"": 23.0, ""51"": 11.0, ""53"": 58.06147179, ""56"": 0.571684106, ""57"": 0.017680952, ""58"": 83.5462967, ""60"": 9.97052527, ""61"": 38.29321914, ""62"": 0.128988883, ""63"": 0.003433345, ""66"": 0.02370503, ""67"": 0.756600576, ""68"": 0.780305606, ""70"": 0.010904314, ""71"": 0.423696323, ""72"": 0.434600637, ""73"": 0.434600637, ""102"": 0.00855, ""115"": 13.8, ""118"": 1.0, ""210"": 15.11764706, ""212"": 2.625277661, ""213"": 29.06881298}","{""0"": 1.0, ""2"": 1.0, ""23"": 1.0, ""24"": 3.0, ""39"": 3.0, ""40"": 0.1875, ""41"": 39.0, ""42"": 390.0, ""47"": 71.0, ""48"": 32.0, ""49"": 11.0, ""50"": 9.0, ""51"": 1.0, ""53"": 39.0, ""54"": 2.0, ""58"": 57.0, ""59"": 189.0, ""60"": 10.0, ""61"": 24.375, ""108"": 1.0, ""109"": 1.0, ""155"": 3.0, ""156"": 13.0, ""210"": 16.0, ""212"": 1.0, ""213"": 20.0}",2026-08-24T23:49:59-04:00
Eddy Pineiro,4034949,K,CAR,ACTIVE,133.83348923,103.0,127.61704001,105.0,168.67828418230562,2.2081968016992715,364.0,466.0,"{""74"": 4.667489923, ""75"": 6.610406362, ""76"": 1.942916439, ""77"": 7.532004463, ""78"": 9.195664296, ""79"": 1.663659833, ""80"": 16.61556631, ""81"": 16.91871331, ""82"": 0.303147003, ""83"": 28.8150607, ""84"": 32.72478397, ""85"": 3.909723275, ""86"": 34.43104611, ""87"": 35.38349376, ""88"": 0.952447652, ""198"": 4.667489923, ""199"": 6.610406362, ""200"": 1.942916439, ""210"": 17.0, ""214"": 1089.451646, ""215"": 188.8765903, ""216"": 1278.328236}","{""74"": 1.0, ""75"": 2.0, ""76"": 1.0, ""77"": 6.0, ""78"": 8.0, ""79"": 2.0, ""80"": 15.0, ""81"": 16.0, ""82"": 1.0, ""83"": 22.0, ""84"": 26.0, ""85"": 4.0, ""86"": 33.0, ""87"": 35.0, ""88"": 2.0, ""155"": 5.0, ""156"": 12.0, ""158"": 99.0, ""198"": 1.0, ""199"": 2.0, ""200"": 1.0, ""210"": 17.0, ""214"": 783.0, ""215"": 181.0, ""216"": 964.0, ""217"": 149.0, ""218"": 70.0, ""219"": 33.0, ""220"": 24.0, ""221"": 7.0, ""222"": 2.0, ""223"": 35.0, ""224"": 17.0, ""225"": 8.0, ""226"": 6.0, ""227"": 2.0, ""229"": 184.0, ""230"": 88.0, ""231"": 41.0, ""232"": 31.0, ""233"": 11.0, ""234"": 3.0}",2026-08-24T23:49:59-04:00
Theo Johnson,4429148,TE,NYG,QUESTIONABLE,64.90398695,53.6,,,169.5385089340727,2.20096400359262,418.0,419.0,"{""42"": 350.0383327, ""43"": 2.027574574, ""44"": 0.115408877, ""45"": 0.090745153, ""46"": 0.059301958, ""47"": 70.0, ""48"": 35.0, ""49"": 17.0, ""50"": 14.0, ""51"": 7.0, ""53"": 35.93355553, ""56"": 0.167328218, ""57"": 0.0051751, ""58"": 51.8754132, ""60"": 9.741266278, ""61"": 23.1542866, ""62"": 0.115408877, ""63"": 0.001818494, ""67"": 0.413293999, ""68"": 0.413293999, ""71"": 0.23144464, ""72"": 0.23144464, ""73"": 0.23144464, ""210"": 15.11764706, ""213"": 17.52252325}","{""41"": 29.0, ""42"": 331.0, ""43"": 1.0, ""47"": 62.0, ""48"": 28.0, ""49"": 10.0, ""50"": 9.0, ""51"": 2.0, ""53"": 29.0, ""54"": 2.0, ""58"": 43.0, ""59"": 149.0, ""60"": 11.4137931, ""61"": 27.58333333, ""155"": 2.0, ""156"": 10.0, ""158"": 6.0, ""186"": 1.0, ""210"": 12.0, ""213"": 16.0}",2026-08-24T23:49:59-04:00
Emanuel Wilson,4887558,RB,GB,ACTIVE,40.49322557,90.5,0.0,12.8,168.67207392197125,2.1057702607913615,353.0,216.0,"{""23"": 54.26471674, ""24"": 233.8748804, ""25"": 1.417659157, ""26"": 0.088638466, ""27"": 46.0, ""28"": 23.0, ""29"": 11.0, ""30"": 9.0, ""31"": 4.0, ""33"": 10.0, ""34"": 5.0, ""35"": 0.102689746, ""36"": 0.071882822, ""37"": 0.152307397, ""38"": 0.005197667, ""39"": 4.309888533, ""40"": 16.49739821, ""42"": 42.49862848, ""43"": 0.265422613, ""44"": 0.012570841, ""45"": 0.038412912, ""46"": 0.025102838, ""47"": 8.0, ""48"": 4.0, ""49"": 2.0, ""50"": 1.0, ""53"": 6.076270351, ""56"": 0.020798323, ""57"": 0.000643247, ""58"": 7.814920323, ""60"": 6.994196443, ""61"": 2.997828565, ""62"": 0.101209306, ""63"": 0.002261309, ""66"": 0.462181349, ""67"": 0.051752575, ""68"": 0.513933924, ""70"": 0.212603421, ""71"": 0.028981442, ""72"": 0.241584863, ""73"": 0.241584863, ""210"": 14.17647059, ""212"": 14.32247206, ""213"": 1.51575313}","{""23"": 103.0, ""24"": 502.0, ""25"": 4.0, ""27"": 93.0, ""28"": 42.0, ""29"": 18.0, ""30"": 13.0, ""31"": 4.0, ""33"": 13.0, ""34"": 3.0, ""39"": 4.87378641, ""40"": 29.52941176, ""41"": 11.0, ""42"": 48.0, ""43"": 1.0, ""47"": 10.0, ""48"": 4.0, ""49"": 1.0, ""50"": 1.0, ""53"": 11.0, ""58"": 14.0, ""59"": 99.0, ""60"": 4.36363636, ""61"": 2.82352941, ""155"": 11.0, ""156"": 6.0, ""158"": 30.0, ""179"": 3.0, ""181"": 1.0, ""186"": 1.0, ""210"": 17.0, ""212"": 27.0, ""213"": 3.0}",2026-08-24T23:49:59-04:00
Dameon Pierce,4360238,RB,HOU,ACTIVE,60.7081731,42.5,0.0,76.2,169.364681724846,2.036660124322692,344.0,297.0,"{""23"": 90.63858549, ""24"": 345.7355079, ""25"": 2.180147975, ""26"": 0.136176385, ""27"": 69.0, ""28"": 34.0, ""29"": 17.0, ""30"": 13.0, ""31"": 6.0, ""33"": 18.0, ""34"": 9.0, ""35"": 0.174462522, ""36"": 0.122123766, ""37"": 0.308458534, ""38"": 0.010526506, ""39"": 3.814440683, ""40"": 24.38798189, ""42"": 58.03737806, ""43"": 0.261951825, ""44"": 0.012405097, ""45"": 0.034635572, ""46"": 0.022634347, ""47"": 11.0, ""48"": 5.0, ""49"": 2.0, ""50"": 2.0, ""51"": 1.0, ""53"": 8.810021392, ""56"": 0.028602785, ""57"": 0.000884622, ""58"": 11.46042518, ""60"": 6.587654612, ""61"": 4.093922933, ""62"": 0.148581482, ""63"": 0.004003999, ""66"": 0.829384003, ""67"": 0.080615676, ""68"": 0.909999678, ""70"": 0.381516641, ""71"": 0.045144778, ""72"": 0.42666142, ""73"": 0.42666142, ""101"": 0.304905814, ""114"": 1000.472203, ""116"": 100.0, ""117"": 40.0, ""210"": 14.17647059, ""212"": 20.8777473, ""213"": 2.565943649}","{""23"": 40.0, ""24"": 293.0, ""25"": 2.0, ""27"": 55.0, ""28"": 26.0, ""29"": 11.0, ""30"": 10.0, ""31"": 4.0, ""32"": 1.0, ""33"": 5.0, ""34"": 1.0, ""35"": 2.0, ""36"": 2.0, ""37"": 1.0, ""39"": 7.325, ""40"": 26.63636364, ""41"": 2.0, ""42"": 2.0, ""53"": 2.0, ""58"": 4.0, ""59"": 5.0, ""60"": 1.0, ""61"": 0.18181818, ""65"": 1.0, ""66"": 1.0, ""68"": 1.0, ""108"": 1.0, ""109"": 1.0, ""114"": 339.0, ""116"": 31.0, ""117"": 11.0, ""155"": 7.0, ""156"": 4.0, ""158"": 12.0, ""210"": 11.0, ""212"": 7.0}",2026-08-24T23:49:59-04:00
Payne Durham,4372505,TE,TB,ACTIVE,19.40568254,29.0,0.0,8.3,169.92339289381803,1.8650031834875045,1054.0,980.0,"{""42"": 101.084153, ""43"": 0.725444157, ""44"": 0.034041394, ""45"": 0.103762641, ""46"": 0.067808886, ""47"": 20.0, ""48"": 10.0, ""49"": 5.0, ""50"": 4.0, ""51"": 2.0, ""53"": 10.00982515, ""56"": 0.043683654, ""57"": 0.001351041, ""58"": 14.54186899, ""60"": 10.09849337, ""61"": 6.68650039, ""62"": 0.034041394, ""63"": 0.000504401, ""67"": 0.11463667, ""68"": 0.11463667, ""71"": 0.064196535, ""72"": 0.064196535, ""73"": 0.064196535, ""210"": 15.11764706, ""213"": 4.216008953}","{""41"": 11.0, ""42"": 115.0, ""43"": 2.0, ""47"": 21.0, ""48"": 8.0, ""49"": 3.0, ""50"": 3.0, ""53"": 11.0, ""54"": 1.0, ""58"": 14.0, ""59"": 24.0, ""60"": 10.45454545, ""61"": 7.1875, ""67"": 1.0, ""68"": 1.0, ""107"": 2.0, ""109"": 2.0, ""155"": 10.0, ""156"": 6.0, ""158"": 12.0, ""183"": 2.0, ""210"": 16.0, ""213"": 5.0}",2026-08-24T23:49:59-04:00
D'Onta Foreman,3125116,RB,CLE,ACTIVE,69.53415337,29.6,0.0,85.7,169.88131416837783,1.8502435661792518,321.0,337.0,"{""23"": 77.9765574, ""24"": 327.8282849, ""25"": 2.634119756, ""26"": 0.131472751, ""27"": 65.0, ""28"": 32.0, ""29"": 16.0, ""30"": 13.0, ""31"": 6.0, ""33"": 15.0, ""34"": 7.0, ""35"": 0.15186137, ""36"": 0.106302959, ""37"": 0.412054091, ""38"": 0.014061825, ""39"": 4.204190282, ""40"": 23.12481677, ""42"": 108.4366082, ""43"": 0.498027906, ""44"": 0.026870803, ""45"": 0.044459516, ""46"": 0.029054294, ""47"": 21.0, ""48"": 10.0, ""49"": 5.0, ""50"": 4.0, ""51"": 2.0, ""53"": 15.07434479, ""56"": 0.04579641, ""57"": 0.001416384, ""58"": 19.355267, ""60"": 7.193454158, ""61"": 7.64905535, ""62"": 0.158343554, ""63"": 0.003414487, ""66"": 0.650303768, ""67"": 0.12571603, ""68"": 0.776019798, ""70"": 0.299139733, ""71"": 0.070400977, ""72"": 0.36954071, ""73"": 0.36954071, ""210"": 14.17647059, ""212"": 19.84228237, ""213"": 5.480137809}","{""23"": 71.0, ""24"": 232.0, ""27"": 43.0, ""28"": 19.0, ""29"": 9.0, ""30"": 6.0, ""33"": 10.0, ""34"": 4.0, ""39"": 3.26760563, ""40"": 21.09090909, ""41"": 6.0, ""42"": 54.0, ""47"": 9.0, ""48"": 2.0, ""53"": 6.0, ""58"": 8.0, ""59"": 48.0, ""60"": 9.0, ""61"": 4.90909091, ""65"": 1.0, ""66"": 2.0, ""68"": 2.0, ""69"": 1.0, ""70"": 1.0, ""72"": 1.0, ""73"": 1.0, ""114"": 116.0, ""116"": 10.0, ""117"": 4.0, ""155"": 2.0, ""156"": 9.0, ""210"": 11.0, ""212"": 10.0, ""213"": 1.0}",2026-08-24T23:49:59-04:00
Kendrick Bourne,3045523,WR,NE,ACTIVE,77.59302896,51.1,0.0,81.5,169.80903490759755,1.7707850425886542,290.0,1672.0,"{""23"": 1.511423095, ""24"": 10.23113804, ""25"": 0.043624622, ""26"": 0.002275662, ""27"": 2.0, ""28"": 1.0, ""35"": 0.002774793, ""36"": 0.001942355, ""37"": 0.000279127, ""38"": 9.52555e-06, ""39"": 6.769208484, ""40"": 0.891945367, ""42"": 437.8881904, ""43"": 2.414247721, ""44"": 0.130252516, ""45"": 0.133651083, ""46"": 0.087340983, ""47"": 87.0, ""48"": 43.0, ""49"": 21.0, ""50"": 17.0, ""51"": 8.0, ""53"": 37.1782955, ""56"": 0.423191427, ""57"": 0.013088395, ""58"": 55.6324935, ""60"": 11.77805987, ""61"": 38.17486788, ""62"": 0.132528178, ""63"": 0.003245412, ""66"": 0.028814273, ""67"": 0.708779391, ""68"": 0.737593663, ""70"": 0.013254565, ""71"": 0.396916459, ""72"": 0.410171024, ""73"": 0.410171024, ""210"": 11.47058824, ""212"": 2.054266409, ""213"": 20.65743179}","{""0"": 1.0, ""2"": 1.0, ""23"": 1.0, ""24"": 6.0, ""27"": 1.0, ""39"": 6.0, ""40"": 0.5, ""41"": 28.0, ""42"": 305.0, ""43"": 1.0, ""47"": 56.0, ""48"": 26.0, ""49"": 10.0, ""50"": 6.0, ""51"": 1.0, ""53"": 28.0, ""54"": 1.0, ""58"": 38.0, ""59"": 93.0, ""60"": 10.89285714, ""61"": 25.41666667, ""155"": 2.0, ""156"": 10.0, ""158"": 6.0, ""183"": 1.0, ""210"": 12.0, ""212"": 1.0, ""213"": 13.0}",2026-08-24T23:49:59-04:00
Michael Mayer,4429086,TE,LV,ACTIVE,49.35360795,26.1,0.0,57.9,169.84658040665434,1.7350069903829277,446.0,442.0,"{""42"": 281.9827522, ""43"": 1.303541656, ""44"": 0.073504157, ""45"": 0.119136033, ""46"": 0.077855397, ""47"": 56.0, ""48"": 28.0, ""49"": 14.0, ""50"": 11.0, ""51"": 5.0, ""53"": 27.06854954, ""56"": 0.113855338, ""57"": 0.003521299, ""58"": 39.26120115, ""60"": 10.4173573, ""61"": 18.65255559, ""62"": 0.073504157, ""63"": 0.001364001, ""67"": 0.310000258, ""68"": 0.310000258, ""71"": 0.173600144, ""72"": 0.173600144, ""73"": 0.173600144, ""210"": 15.11764706, ""213"": 13.32912172}","{""41"": 21.0, ""42"": 156.0, ""47"": 28.0, ""48"": 12.0, ""49"": 4.0, ""50"": 2.0, ""51"": 1.0, ""53"": 21.0, ""54"": 1.0, ""58"": 32.0, ""59"": 61.0, ""60"": 7.42857143, ""61"": 14.18181818, ""155"": 3.0, ""156"": 8.0, ""210"": 11.0, ""213"": 8.0}",2026-08-24T23:49:59-04:00
Joshua Dobbs,3044720,QB,NE,ACTIVE,40.53351249,34.8,0.0,225.7,169.65673175745118,1.6552603128617223,1015.0,1198.0,"{""0"": 62.13478832, ""1"": 40.75648728, ""2"": 21.37830104, ""3"": 439.0543558, ""4"": 3.429767105, ""5"": 87.0, ""6"": 43.0, ""7"": 21.0, ""8"": 17.0, ""9"": 8.0, ""10"": 4.0, ""11"": 8.0, ""12"": 4.0, ""15"": 0.331348538, ""16"": 0.216536269, ""17"": 0.278994712, ""18"": 0.03768487, ""19"": 0.151010708, ""20"": 1.577236607, ""21"": 0.655936688, ""22"": 109.7635889, ""23"": 6.990015718, ""24"": 36.43295826, ""25"": 0.523634491, ""26"": 0.016041566, ""27"": 7.0, ""28"": 3.0, ""29"": 1.0, ""30"": 1.0, ""33"": 1.0, ""35"": 0.013233432, ""36"": 0.009263402, ""37"": 0.028896292, ""38"": 0.00098612, ""39"": 5.212142537, ""40"": 9.108239565, ""62"": 0.167052274, ""63"": 0.006487325, ""64"": 4.594792653, ""65"": 1.334591619, ""66"": 0.139800314, ""68"": 1.474391934, ""69"": 0.640603977, ""70"": 0.064308145, ""72"": 0.704912122, ""73"": 2.282148729, ""210"": 4.0, ""211"": 21.90025282, ""212"": 2.288970214}","{""0"": 47.0, ""1"": 32.0, ""2"": 15.0, ""3"": 361.0, ""4"": 2.0, ""5"": 72.0, ""6"": 35.0, ""7"": 17.0, ""8"": 14.0, ""9"": 6.0, ""10"": 3.0, ""11"": 5.0, ""12"": 2.0, ""13"": 2.0, ""14"": 1.0, ""17"": 1.0, ""20"": 2.0, ""21"": 0.68085106, ""22"": 120.33333333, ""23"": 9.0, ""24"": 24.0, ""25"": 2.0, ""27"": 4.0, ""28"": 1.0, ""33"": 1.0, ""39"": 2.66666667, ""40"": 8.0, ""64"": 2.0, ""65"": 2.0, ""66"": 1.0, ""68"": 2.0, ""69"": 1.0, ""70"": 1.0, ""72"": 1.0, ""73"": 3.0, ""155"": 1.0, ""156"": 2.0, ""158"": 24.0, ""175"": 1.0, ""178"": 1.0, ""179"": 2.0, ""210"": 3.0, ""211"": 18.0, ""212"": 2.0}",2026-08-24T23:49:59-04:00
Cam Little,4686361,K,JAX,ACTIVE,127.38994336,124.0,,,169.54877294287482,1.6277093573890604,497.0,474.0,"{""74"": 4.418735525, ""75"": 6.604985838, ""76"": 2.186250312, ""77"": 7.185112861, ""78"": 9.188123863, ""79"": 2.003011002, ""80"": 15.97507379, ""81"": 16.90483999, ""82"": 0.929766199, ""83"": 27.57892218, ""84"": 32.69794969, ""85"": 5.119027514, ""86"": 33.74962043, ""87"": 36.05728678, ""88"": 2.307666354, ""198"": 4.418735525, ""199"": 6.604985838, ""200"": 2.186250312, ""210"": 17.0, ""214"": 1041.194011, ""215"": 236.0859979, ""216"": 1277.280009}","{""74"": 5.0, ""75"": 6.0, ""76"": 1.0, ""77"": 8.0, ""78"": 9.0, ""79"": 1.0, ""80"": 14.0, ""81"": 14.0, ""83"": 27.0, ""84"": 29.0, ""85"": 2.0, ""86"": 27.0, ""87"": 27.0, ""155"": 4.0, ""156"": 13.0, ""158"": 108.0, ""198"": 5.0, ""199"": 6.0, ""200"": 1.0, ""210"": 17.0, ""214"": 1016.0, ""215"": 98.0, ""216"": 1114.0, ""217"": 197.0, ""218"": 97.0, ""219"": 45.0, ""220"": 33.0, ""221"": 12.0, ""222"": 3.0, ""223"": 19.0, ""224"": 9.0, ""225"": 4.0, ""226"": 3.0, ""227"": 1.0, ""229"": 217.0, ""230"": 107.0, ""231"": 49.0, ""232"": 37.0, ""233"": 14.0, ""234"": 4.0}",2026-08-24T23:49:59-04:00
Jahan Dotson,4361409,WR,PHI,ACTIVE,60.12637388,32.4,143.14198398,100.3,169.50020533880902,1.6258292855041923,391.0,2452.0,"{""42"": 330.434216, ""43"": 2.204679844, ""44"": 0.130620378, ""45"": 0.109873301, ""46"": 0.071802202, ""47"": 66.0, ""48"": 33.0, ""49"": 16.0, ""50"": 13.0, ""51"": 6.0, ""53"": 28.19678134, ""56"": 0.149992151, ""57"": 0.004638933, ""58"": 46.96713128, ""60"": 11.71886294, ""61"": 21.85751623, ""62"": 0.130620378, ""63"": 0.001994175, ""67"": 0.453221613, ""68"": 0.453221613, ""71"": 0.253804103, ""72"": 0.253804103, ""73"": 0.253804103, ""102"": 0.000475, ""115"": 0.766666667, ""210"": 15.11764706, ""213"": 15.29087375}","{""23"": 1.0, ""24"": 13.0, ""27"": 2.0, ""28"": 1.0, ""39"": 13.0, ""40"": 0.76470588, ""41"": 19.0, ""42"": 216.0, ""47"": 39.0, ""48"": 16.0, ""49"": 6.0, ""50"": 5.0, ""51"": 1.0, ""53"": 19.0, ""54"": 1.0, ""58"": 33.0, ""59"": 72.0, ""60"": 11.36842105, ""61"": 12.70588235, ""155"": 14.0, ""156"": 3.0, ""210"": 17.0, ""212"": 1.0, ""213"": 12.0}",2026-08-24T23:49:59-04:00
Odell Beckham Jr.,16733,WR,FA,ACTIVE,59.38306002,10.0,125.16535559,90.0,168.7924024640657,1.6161518349956425,327.0,1780.0,"{""42"": 333.3359123, ""43"": 2.466196858, ""44"": 0.129172593, ""45"": 0.151117747, ""46"": 0.098755448, ""47"": 66.0, ""48"": 33.0, ""49"": 16.0, ""50"": 13.0, ""51"": 6.0, ""53"": 22.85201, ""56"": 0.236386597, ""57"": 0.007310926, ""58"": 40.4231982, ""60"": 14.58672179, ""61"": 33.73041969, ""62"": 0.129172593, ""63"": 0.001697389, ""67"": 0.385770128, ""68"": 0.385770128, ""71"": 0.216031272, ""72"": 0.216031272, ""73"": 0.216031272, ""210"": 9.882352941, ""213"": 14.59772996}","{""41"": 9.0, ""42"": 55.0, ""47"": 9.0, ""48"": 3.0, ""53"": 9.0, ""58"": 18.0, ""59"": 14.0, ""60"": 6.11111111, ""61"": 6.11111111, ""155"": 5.0, ""156"": 4.0, ""210"": 9.0, ""213"": 3.0}",2026-08-24T23:49:59-04:00
Foster Moreau,3843945,TE,NO,QUESTIONABLE,33.75180062,87.3,0.0,35.8,169.9203121790922,1.5876282170775344,998.0,458.0,"{""42"": 182.1096683, ""43"": 1.281702498, ""44"": 0.064109083, ""45"": 0.17968182, ""46"": 0.117422069, ""47"": 36.0, ""48"": 18.0, ""49"": 9.0, ""50"": 7.0, ""51"": 3.0, ""53"": 15.92177608, ""56"": 0.068421102, ""57"": 0.002116117, ""58"": 22.98720254, ""60"": 11.43777349, ""61"": 12.04616483, ""62"": 0.064109083, ""63"": 0.000936915, ""67"": 0.212935178, ""68"": 0.212935178, ""71"": 0.1192437, ""72"": 0.1192437, ""73"": 0.1192437, ""210"": 15.11764706, ""213"": 8.025366157}","{""41"": 32.0, ""42"": 413.0, ""43"": 5.0, ""47"": 77.0, ""48"": 36.0, ""49"": 14.0, ""50"": 11.0, ""51"": 2.0, ""53"": 32.0, ""58"": 43.0, ""59"": 158.0, ""60"": 12.90625, ""61"": 24.29411765, ""107"": 1.0, ""109"": 1.0, ""155"": 5.0, ""156"": 12.0, ""158"": 30.0, ""183"": 3.0, ""184"": 1.0, ""186"": 1.0, ""210"": 17.0, ""213"": 20.0}",2026-08-24T23:49:59-04:00
Kenny Pickett,4240703,QB,CLE,ACTIVE,37.82701859,28.9,0.0,121.4,169.56361767728674,1.5539363497290555,484.0,2448.0,"{""0"": 66.66828742, ""1"": 42.89294794, ""2"": 23.77533948, ""3"": 463.1432309, ""4"": 2.920132909, ""5"": 92.0, ""6"": 46.0, ""7"": 23.0, ""8"": 18.0, ""9"": 9.0, ""10"": 4.0, ""11"": 8.0, ""12"": 4.0, ""15"": 0.365426896, ""16"": 0.238806477, ""17"": 0.335889641, ""18"": 0.045369883, ""19"": 0.17267161, ""20"": 1.478427049, ""21"": 0.643378578, ""22"": 115.7858077, ""23"": 9.147574797, ""24"": 24.58327105, ""25"": 0.464611322, ""26"": 0.017644072, ""27"": 4.0, ""28"": 2.0, ""29"": 1.0, ""33"": 1.0, ""35"": 0.017486074, ""36"": 0.012240252, ""37"": 0.013298016, ""38"": 0.00045381, ""39"": 2.687408586, ""40"": 6.145817763, ""62"": 0.190315682, ""63"": 0.003516217, ""64"": 4.883534943, ""65"": 0.708554703, ""66"": 0.090585494, ""68"": 0.799140196, ""69"": 0.340106257, ""70"": 0.041669327, ""72"": 0.381775584, ""73"": 1.860202634, ""210"": 4.0, ""211"": 22.80660735, ""212"": 1.97593845}","{""0"": 42.0, ""1"": 25.0, ""2"": 17.0, ""3"": 291.0, ""4"": 2.0, ""5"": 57.0, ""6"": 28.0, ""7"": 14.0, ""8"": 10.0, ""9"": 4.0, ""10"": 2.0, ""11"": 4.0, ""12"": 2.0, ""13"": 3.0, ""14"": 1.0, ""20"": 1.0, ""21"": 0.5952381, ""22"": 58.2, ""23"": 9.0, ""24"": 15.0, ""25"": 1.0, ""27"": 2.0, ""28"": 1.0, ""39"": 1.66666667, ""40"": 3.0, ""64"": 4.0, ""65"": 1.0, ""68"": 1.0, ""73"": 1.0, ""155"": 4.0, ""156"": 1.0, ""158"": 18.0, ""175"": 1.0, ""177"": 1.0, ""179"": 1.0, ""210"": 5.0, ""211"": 12.0, ""212"": 3.0}",2026-08-24T23:49:59-04:00
Stone Smartt,4250764,TE,NYJ,ACTIVE,28.92569831,26.8,0.0,27.0,169.98028342575478,1.5188800861844614,1006.0,1316.0,"{""42"": 149.6202577, ""43"": 1.139077167, ""44"": 0.057596538, ""45"": 0.106405234, ""46"": 0.069535821, ""47"": 29.0, ""48"": 14.0, ""49"": 7.0, ""50"": 5.0, ""51"": 2.0, ""53"": 14.39737467, ""56"": 0.058272526, ""57"": 0.001802243, ""58"": 21.37642941, ""60"": 10.39219032, ""61"": 9.897059848, ""62"": 0.057596538, ""63"": 0.000725493, ""67"": 0.164884707, ""68"": 0.164884707, ""71"": 0.092335436, ""72"": 0.092335436, ""73"": 0.092335436, ""210"": 15.11764706, ""213"": 6.723652566}","{""41"": 16.0, ""42"": 208.0, ""47"": 39.0, ""48"": 19.0, ""49"": 7.0, ""50"": 6.0, ""51"": 2.0, ""53"": 16.0, ""54"": 1.0, ""58"": 19.0, ""59"": 66.0, ""60"": 13.0, ""61"": 13.86666667, ""67"": 1.0, ""68"": 1.0, ""71"": 1.0, ""72"": 1.0, ""73"": 1.0, ""107"": 1.0, ""108"": 2.0, ""109"": 3.0, ""155"": 9.0, ""156"": 6.0, ""210"": 15.0, ""213"": 11.0}",2026-08-24T23:49:59-04:00
Grant Calcaterra,4241374,TE,PHI,ACTIVE,20.57004523,47.8,0.0,5.9,169.65619223659888,1.4625885747901681,1050.0,970.0,"{""42"": 104.1660918, ""43"": 0.810471611, ""44"": 0.048025529, ""45"": 0.096739637, ""46"": 0.063219353, ""47"": 20.0, ""48"": 10.0, ""49"": 5.0, ""50"": 4.0, ""51"": 2.0, ""53"": 10.66264381, ""56"": 0.044409168, ""57"": 0.001373479, ""58"": 15.23498717, ""60"": 9.769255512, ""61"": 6.890364047, ""62"": 0.048025529, ""63"": 0.000537297, ""67"": 0.12211302, ""68"": 0.12211302, ""71"": 0.068383291, ""72"": 0.068383291, ""73"": 0.068383291, ""210"": 15.11764706, ""213"": 4.484564688}","{""41"": 24.0, ""42"": 298.0, ""43"": 1.0, ""47"": 56.0, ""48"": 25.0, ""49"": 9.0, ""50"": 7.0, ""51"": 2.0, ""53"": 24.0, ""54"": 1.0, ""58"": 30.0, ""59"": 126.0, ""60"": 12.41666667, ""61"": 17.52941176, ""107"": 2.0, ""109"": 2.0, ""155"": 14.0, ""156"": 3.0, ""158"": 6.0, ""183"": 1.0, ""210"": 17.0, ""213"": 15.0}",2026-08-24T23:49:59-04:00
D'Ernest Johnson,3139602,RB,JAX,ACTIVE,43.69584145,29.9,0.0,29.8,170.05770020533882,1.3982234579325563,356.0,398.0,"{""23"": 54.45553402, ""24"": 241.4121829, ""25"": 1.292965418, ""26"": 0.07714292, ""27"": 48.0, ""28"": 24.0, ""29"": 12.0, ""30"": 9.0, ""31"": 4.0, ""33"": 10.0, ""34"": 5.0, ""35"": 0.102870102, ""36"": 0.072009071, ""37"": 0.151430466, ""38"": 0.005167741, ""39"": 4.433198338, ""40"": 17.02907514, ""42"": 62.45040453, ""43"": 0.226824369, ""44"": 0.013998669, ""45"": 0.040345417, ""46"": 0.02636573, ""47"": 12.0, ""48"": 6.0, ""49"": 3.0, ""50"": 2.0, ""51"": 1.0, ""53"": 8.851193982, ""56"": 0.030301963, ""57"": 0.000937174, ""58"": 11.38403455, ""60"": 7.055590993, ""61"": 4.405215258, ""62"": 0.091141589, ""63"": 0.001935687, ""66"": 0.378420417, ""67"": 0.061508395, ""68"": 0.439928813, ""70"": 0.174073392, ""71"": 0.034444701, ""72"": 0.208518093, ""73"": 0.208518093, ""210"": 14.17647059, ""212"": 14.49560484, ""213"": 2.682658038}","{""23"": 32.0, ""24"": 143.0, ""27"": 25.0, ""28"": 10.0, ""29"": 4.0, ""30"": 4.0, ""33"": 3.0, ""39"": 4.46875, ""40"": 10.21428571, ""41"": 12.0, ""42"": 96.0, ""47"": 17.0, ""48"": 7.0, ""49"": 2.0, ""50"": 1.0, ""53"": 12.0, ""58"": 19.0, ""59"": 101.0, ""60"": 8.0, ""61"": 6.85714286, ""107"": 1.0, ""109"": 1.0, ""155"": 3.0, ""156"": 11.0, ""210"": 14.0, ""212"": 7.0, ""213"": 3.0}",2026-08-24T23:49:59-04:00
Keaton Mitchell,4596334,RB,BAL,ACTIVE,42.5268056,6.3,0.0,65.4,169.88973305954826,1.3682048960516513,309.0,2566.0,"{""23"": 41.1728834, ""24"": 182.9320624, ""25"": 1.393554733, ""26"": 0.054061906, ""27"": 36.0, ""28"": 18.0, ""29"": 9.0, ""30"": 7.0, ""31"": 3.0, ""33"": 8.0, ""34"": 4.0, ""35"": 0.078708905, ""36"": 0.055096233, ""37"": 0.163025663, ""38"": 0.00556344, ""39"": 4.443022866, ""40"": 22.29279613, ""42"": 78.28678476, ""43"": 0.512528891, ""44"": 0.029756551, ""45"": 0.027626067, ""46"": 0.018053635, ""47"": 15.0, ""48"": 7.0, ""49"": 3.0, ""50"": 3.0, ""51"": 1.0, ""53"": 10.274578, ""56"": 0.030573457, ""57"": 0.000945571, ""58"": 13.35577971, ""60"": 7.619464736, ""61"": 9.540325024, ""62"": 0.083818457, ""63"": 0.001542416, ""66"": 0.280540873, ""67"": 0.070008191, ""68"": 0.350549064, ""70"": 0.129048802, ""71"": 0.039204587, ""72"": 0.168253389, ""73"": 0.168253389, ""210"": 8.205882353, ""212"": 10.81397697, ""213"": 4.10166857}","{""23"": 15.0, ""24"": 30.0, ""27"": 6.0, ""28"": 3.0, ""29"": 1.0, ""33"": 2.0, ""34"": 1.0, ""39"": 2.0, ""40"": 6.0, ""41"": 1.0, ""42"": 28.0, ""47"": 5.0, ""48"": 2.0, ""49"": 1.0, ""50"": 1.0, ""53"": 1.0, ""58"": 1.0, ""59"": 33.0, ""60"": 28.0, ""61"": 5.6, ""114"": 156.0, ""116"": 14.0, ""117"": 5.0, ""155"": 4.0, ""156"": 1.0, ""210"": 5.0, ""212"": 2.0, ""213"": 1.0}",2026-08-24T23:49:59-04:00
Sean Tucker,4430871,RB,TB,ACTIVE,28.25690098,64.2,0.0,4.2,169.5599589322382,1.335639589739741,432.0,341.0,"{""23"": 36.97880328, ""24"": 157.8757574, ""25"": 1.097338854, ""26"": 0.071222252, ""27"": 31.0, ""28"": 15.0, ""29"": 7.0, ""30"": 6.0, ""31"": 3.0, ""33"": 7.0, ""34"": 3.0, ""35"": 0.069222703, ""36"": 0.048455892, ""37"": 0.065486573, ""38"": 0.002234805, ""39"": 4.26935821, ""40"": 11.13646421, ""42"": 29.48777063, ""43"": 0.164545014, ""44"": 0.007726862, ""45"": 0.03566926, ""46"": 0.023309862, ""47"": 5.0, ""48"": 2.0, ""49"": 1.0, ""50"": 1.0, ""53"": 4.243162578, ""56"": 0.016039389, ""57"": 0.000496064, ""58"": 5.554628389, ""60"": 6.949479329, ""61"": 2.08005021, ""62"": 0.078949114, ""63"": 0.001544814, ""66"": 0.314954435, ""67"": 0.0361397, ""68"": 0.351094135, ""70"": 0.14487904, ""71"": 0.020238232, ""72"": 0.165117272, ""73"": 0.165117272, ""210"": 14.17647059, ""212"": 10.46736359, ""213"": 0.765518579}","{""23"": 50.0, ""24"": 308.0, ""25"": 2.0, ""27"": 56.0, ""28"": 25.0, ""29"": 10.0, ""30"": 8.0, ""31"": 2.0, ""32"": 1.0, ""33"": 5.0, ""34"": 1.0, ""37"": 1.0, ""39"": 6.16, ""40"": 18.11764706, ""41"": 9.0, ""42"": 109.0, ""43"": 1.0, ""47"": 19.0, ""48"": 7.0, ""49"": 2.0, ""50"": 2.0, ""51"": 1.0, ""53"": 9.0, ""58"": 12.0, ""59"": 105.0, ""60"": 12.11111111, ""61"": 6.41176471, ""65"": 1.0, ""66"": 1.0, ""68"": 1.0, ""107"": 1.0, ""108"": 3.0, ""109"": 4.0, ""114"": 410.0, ""116"": 36.0, ""117"": 12.0, ""155"": 10.0, ""156"": 7.0, ""158"": 18.0, ""179"": 2.0, ""186"": 1.0, ""210"": 17.0, ""212"": 17.0, ""213"": 6.0}",2026-08-24T23:49:59-04:00
Jalin Hyatt,4692590,WR,NYG,ACTIVE,110.26732023,10.2,42.06358056,48.8,169.84455852156057,1.2720265516932514,211.0,2552.0,"{""42"": 672.2693234, ""43"": 2.964801355, ""44"": 0.168657577, ""45"": 0.168860398, ""46"": 0.11035027, ""47"": 134.0, ""48"": 67.0, ""49"": 33.0, ""50"": 26.0, ""51"": 13.0, ""53"": 52.16554565, ""56"": 0.866045098, ""57"": 0.0267849, ""58"": 86.13394166, ""60"": 12.88722882, ""61"": 44.46917704, ""62"": 0.168657577, ""63"": 0.004590568, ""67"": 1.043310913, ""68"": 1.043310913, ""71"": 0.584254111, ""72"": 0.584254111, ""73"": 0.584254111, ""210"": 15.11764706, ""213"": 30.49144263}","{""41"": 8.0, ""42"": 62.0, ""47"": 10.0, ""48"": 3.0, ""49"": 1.0, ""50"": 1.0, ""53"": 8.0, ""58"": 19.0, ""59"": 6.0, ""60"": 7.75, ""61"": 3.875, ""108"": 1.0, ""109"": 1.0, ""155"": 3.0, ""156"": 13.0, ""210"": 16.0, ""213"": 3.0}",2026-08-24T23:49:59-04:00
Drew Lock,3924327,QB,NYG,ACTIVE,51.22462328,91.5,0.0,34.6,169.28756423432682,1.2705952546253487,478.0,1747.0,"{""0"": 111.2134156, ""1"": 69.2256021, ""2"": 41.98781349, ""3"": 782.8699694, ""4"": 3.281464795, ""5"": 156.0, ""6"": 78.0, ""7"": 39.0, ""8"": 31.0, ""9"": 15.0, ""10"": 7.0, ""11"": 13.0, ""12"": 6.0, ""15"": 0.683901019, ""16"": 0.446929316, ""17"": 0.791315612, ""18"": 0.106885991, ""19"": 0.185606079, ""20"": 3.03769143, ""21"": 0.622457297, ""22"": 130.4783282, ""23"": 9.693582731, ""24"": 40.42974235, ""25"": 0.550818953, ""26"": 0.026572931, ""27"": 8.0, ""28"": 4.0, ""29"": 2.0, ""30"": 1.0, ""33"": 1.0, ""35"": 0.01830841, ""36"": 0.012815887, ""37"": 0.023612855, ""38"": 0.000805816, ""39"": 4.170773951, ""40"": 6.738290391, ""62"": 0.21217901, ""63"": 0.006257787, ""64"": 7.138468705, ""65"": 1.314555924, ""66"": 0.107668388, ""68"": 1.422224312, ""69"": 0.630986843, ""70"": 0.049527458, ""72"": 0.680514302, ""73"": 3.718205732, ""210"": 6.0, ""211"": 37.08612411, ""212"": 2.730321043}","{""0"": 181.0, ""1"": 107.0, ""2"": 74.0, ""3"": 1071.0, ""4"": 6.0, ""5"": 211.0, ""6"": 103.0, ""7"": 50.0, ""8"": 41.0, ""9"": 19.0, ""10"": 9.0, ""11"": 19.0, ""12"": 9.0, ""13"": 13.0, ""14"": 4.0, ""15"": 2.0, ""16"": 1.0, ""17"": 1.0, ""19"": 1.0, ""20"": 5.0, ""21"": 0.59116022, ""22"": 133.875, ""23"": 18.0, ""24"": 133.0, ""25"": 2.0, ""27"": 24.0, ""28"": 11.0, ""29"": 4.0, ""30"": 4.0, ""31"": 2.0, ""33"": 2.0, ""39"": 7.38888889, ""40"": 16.625, ""64"": 12.0, ""65"": 4.0, ""66"": 1.0, ""68"": 5.0, ""69"": 2.0, ""72"": 2.0, ""73"": 7.0, ""155"": 1.0, ""156"": 7.0, ""158"": 48.0, ""175"": 2.0, ""178"": 2.0, ""179"": 2.0, ""210"": 8.0, ""211"": 45.0, ""212"": 9.0}",2026-08-24T23:49:59-04:00
KaVontae Turpin,3676833,WR,DAL,ACTIVE,52.12211648,88.7,21.60800377,53.7,168.6330595482546,1.2177393779912413,983.0,965.0,"{""23"": 8.397165274, ""24"": 59.66779865, ""25"": 0.41091503, ""26"": 0.023960316, ""27"": 11.0, ""28"": 5.0, ""29"": 2.0, ""30"": 2.0, ""31"": 1.0, ""33"": 1.0, ""35"": 0.015470291, ""36"": 0.010829204, ""37"": 0.008824357, ""38"": 0.000301141, ""39"": 7.105707308, ""40"": 3.946897187, ""42"": 229.6160054, ""43"": 1.597676807, ""44"": 0.077412436, ""45"": 0.15375199, ""46"": 0.100476925, ""47"": 45.0, ""48"": 22.0, ""49"": 11.0, ""50"": 9.0, ""51"": 4.0, ""53"": 18.40152569, ""56"": 0.086583434, ""57"": 0.002677838, ""58"": 30.09182244, ""60"": 12.47809607, ""61"": 15.18860736, ""62"": 0.101372752, ""63"": 0.002358285, ""66"": 0.167943305, ""67"": 0.368030514, ""68"": 0.535973819, ""70"": 0.077253921, ""71"": 0.206097088, ""72"": 0.283351008, ""73"": 0.283351008, ""101"": 0.254269787, ""102"": 0.12996, ""114"": 1310.594082, ""115"": 251.9659091, ""116"": 131.0, ""117"": 52.0, ""118"": 25.0, ""119"": 10.0, ""210"": 15.11764706, ""212"": 4.903184546, ""213"": 10.02982814}","{""23"": 16.0, ""24"": 92.0, ""27"": 17.0, ""28"": 6.0, ""29"": 1.0, ""30"": 1.0, ""39"": 5.75, ""40"": 5.41176471, ""41"": 31.0, ""42"": 420.0, ""43"": 2.0, ""45"": 1.0, ""46"": 1.0, ""47"": 79.0, ""48"": 36.0, ""49"": 14.0, ""50"": 12.0, ""51"": 5.0, ""53"": 31.0, ""58"": 52.0, ""59"": 260.0, ""60"": 13.5483871, ""61"": 24.70588235, ""66"": 1.0, ""67"": 1.0, ""68"": 3.0, ""71"": 1.0, ""72"": 1.0, ""73"": 1.0, ""101"": 1.0, ""102"": 1.0, ""105"": 2.0, ""108"": 1.0, ""109"": 1.0, ""114"": 904.0, ""115"": 187.0, ""116"": 84.0, ""117"": 31.0, ""118"": 17.0, ""119"": 4.0, ""155"": 7.0, ""156"": 10.0, ""158"": 18.0, ""184"": 1.0, ""210"": 17.0, ""212"": 6.0, ""213"": 18.0}",2026-08-24T23:49:59-04:00
Luke Musgrave,4428085,TE,GB,ACTIVE,63.39152177,8.0,0.0,58.2,169.63544875744506,1.2092410711043433,298.0,446.0,"{""42"": 339.7465162, ""43"": 2.066771547, ""44"": 0.097998806, ""45"": 0.113405889, ""46"": 0.074110748, ""47"": 67.0, ""48"": 33.0, ""49"": 16.0, ""50"": 13.0, ""51"": 6.0, ""53"": 34.52620128, ""56"": 0.158672014, ""57"": 0.004907382, ""58"": 47.76581516, ""60"": 9.840251854, ""61"": 22.47350496, ""62"": 0.097998806, ""63"": 0.001739797, ""67"": 0.395408379, ""68"": 0.395408379, ""71"": 0.221428692, ""72"": 0.221428692, ""73"": 0.221428692, ""210"": 15.11764706, ""213"": 16.93396113}","{""41"": 7.0, ""42"": 45.0, ""47"": 6.0, ""48"": 2.0, ""53"": 7.0, ""58"": 10.0, ""59"": 18.0, ""60"": 6.42857143, ""61"": 6.42857143, ""155"": 3.0, ""156"": 4.0, ""210"": 7.0, ""213"": 2.0}",2026-08-24T23:49:59-04:00
Panthers D/ST,-16029,D/ST,CAR,,98.03248618,-3.0,0.0,54.0,168.7318735798389,1.1973518695903982,428.0,489.0,"{""89"": 0.17, ""90"": 0.765, ""91"": 2.805, ""92"": 2.72, ""93"": 0.108651569, ""94"": 1.810107397, ""95"": 13.26207985, ""96"": 8.72671653, ""97"": 1.880047328, ""98"": 0.228293992, ""99"": 39.85987476, ""100"": 79.71974952, ""101"": 0.363075706, ""102"": 0.16929, ""103"": 1.250214226, ""104"": 0.559893171, ""105"": 2.451124672, ""106"": 11.78573185, ""109"": 1088.321624, ""110"": 362.0, ""111"": 217.0, ""112"": 33.4463111, ""113"": 71.91961433, ""114"": 1739.351836, ""115"": 275.2, ""116"": 173.0, ""117"": 69.0, ""118"": 27.0, ""119"": 11.0, ""120"": 379.0712494, ""121"": 2.465, ""122"": 3.74, ""123"": 2.805, ""124"": 1.36, ""125"": 0.17, ""126"": 22.29830879, ""127"": 6023.576919, ""129"": 0.297277042, ""130"": 2.887834124, ""131"": 3.354983762, ""132"": 4.161878591, ""133"": 3.354983762, ""134"": 1.953534849, ""135"": 0.76442668, ""136"": 0.225081189, ""137"": 354.3280541, ""210"": 17.0}","{""89"": 0.0, ""90"": 0.0, ""91"": 0.0, ""92"": 1.0, ""95"": 9.0, ""96"": 8.0, ""99"": 32.0, ""100"": 64.0, ""106"": 8.0, ""107"": 566.0, ""108"": 722.0, ""109"": 1288.0, ""110"": 425.0, ""111"": 250.0, ""112"": 58.0, ""113"": 67.0, ""114"": 1060.0, ""115"": 177.0, ""116"": 101.0, ""117"": 38.0, ""118"": 14.0, ""119"": 1.0, ""120"": 528.0, ""121"": 0.0, ""122"": 5.0, ""123"": 6.0, ""124"": 3.0, ""125"": 2.0, ""127"": 6877.0, ""128"": 0.0, ""129"": 0.0, ""130"": 1.0, ""131"": 3.0, ""132"": 4.0, ""133"": 7.0, ""134"": 0.0, ""135"": 1.0, ""136"": 1.0, ""155"": 5.0, ""156"": 12.0, ""187"": 528.0, ""188"": 0.0, ""189"": 0.0, ""190"": 0.0, ""191"": 1.0, ""192"": 0.0, ""193"": 5.0, ""194"": 6.0, ""195"": 3.0, ""196"": 2.0, ""210"": 17.0}",2026-08-24T23:49:59-04:00
Hayden Hurst,3924365,TE,LAC,ACTIVE,79.12904624,11.3,0.0,33.4,169.83405216676937,1.1932645553945653,313.0,364.0,"{""42"": 394.5433348, ""43"": 3.217783212, ""44"": 0.162691238, ""45"": 0.081450482, ""46"": 0.05322789, ""47"": 78.0, ""48"": 39.0, ""49"": 19.0, ""50"": 15.0, ""51"": 7.0, ""53"": 41.3875171, ""56"": 0.215809881, ""57"": 0.006674532, ""58"": 59.94280994, ""60"": 9.532906596, ""61"": 26.09819724, ""62"": 0.162691238, ""63"": 0.002558001, ""67"": 0.581363877, ""68"": 0.581363877, ""71"": 0.325563771, ""72"": 0.325563771, ""73"": 0.325563771, ""210"": 15.11764706, ""213"": 20.47962922}","{""41"": 8.0, ""42"": 73.0, ""47"": 13.0, ""48"": 4.0, ""49"": 1.0, ""50"": 1.0, ""53"": 8.0, ""58"": 13.0, ""59"": 20.0, ""60"": 9.125, ""61"": 8.11111111, ""155"": 7.0, ""156"": 2.0, ""210"": 9.0, ""213"": 2.0}",2026-08-24T23:49:59-04:00
Austin Hooper,3043275,TE,NE,ACTIVE,44.29353365,86.1,0.0,35.9,169.7907167796262,1.1676663015124646,470.0,414.0,"{""42"": 246.8133508, ""43"": 1.086524089, ""44"": 0.058793133, ""45"": 0.065115722, ""46"": 0.042553124, ""47"": 49.0, ""48"": 24.0, ""49"": 12.0, ""50"": 9.0, ""51"": 4.0, ""53"": 26.42546788, ""56"": 0.094263747, ""57"": 0.002915374, ""58"": 39.54238406, ""60"": 9.339980353, ""61"": 16.32617496, ""62"": 0.058793133, ""63"": 0.000932117, ""67"": 0.211844794, ""68"": 0.211844794, ""71"": 0.118633085, ""72"": 0.118633085, ""73"": 0.118633085, ""210"": 15.11764706, ""213"": 12.12396618}","{""41"": 45.0, ""42"": 476.0, ""43"": 3.0, ""47"": 88.0, ""48"": 38.0, ""49"": 14.0, ""50"": 12.0, ""51"": 3.0, ""53"": 45.0, ""58"": 59.0, ""59"": 225.0, ""60"": 10.57777778, ""61"": 28.0, ""67"": 2.0, ""68"": 2.0, ""71"": 1.0, ""72"": 1.0, ""73"": 1.0, ""108"": 1.0, ""109"": 1.0, ""155"": 4.0, ""156"": 13.0, ""158"": 18.0, ""183"": 1.0, ""184"": 1.0, ""186"": 1.0, ""210"": 17.0, ""213"": 25.0}",2026-08-24T23:49:59-04:00
Luke McCaffrey,4426948,WR,WSH,ACTIVE,59.54485099,25.8,,,168.84599589322383,1.045255046831009,372.0,325.0,"{""42"": 355.0039264, ""43"": 1.473310497, ""44"": 0.08101324, ""45"": 0.117798513, ""46"": 0.076981328, ""47"": 71.0, ""48"": 35.0, ""49"": 17.0, ""50"": 14.0, ""51"": 7.0, ""53"": 30.81861407, ""56"": 0.171914039, ""57"": 0.005316929, ""58"": 49.6210093, ""60"": 11.51913988, ""61"": 23.48274999, ""62"": 0.08101324, ""63"": 0.001440757, ""67"": 0.327444773, ""68"": 0.327444773, ""71"": 0.183369073, ""72"": 0.183369073, ""73"": 0.183369073, ""210"": 15.11764706, ""213"": 16.2669438}","{""41"": 18.0, ""42"": 168.0, ""47"": 28.0, ""48"": 11.0, ""49"": 3.0, ""50"": 1.0, ""53"": 18.0, ""58"": 24.0, ""59"": 97.0, ""60"": 9.33333333, ""61"": 9.88235294, ""108"": 1.0, ""109"": 1.0, ""114"": 299.0, ""116"": 28.0, ""117"": 11.0, ""155"": 12.0, ""156"": 5.0, ""210"": 17.0, ""213"": 8.0}",2026-08-24T23:49:59-04:00
J.J. McCarthy,4433970,QB,MIN,QUESTIONABLE,0.0,0.0,,,169.70277492291882,1.0383652462638557,1531.0,1481.0,{},{},2026-08-24T23:49:59-04:00
Kyle Juszczyk,16002,RB,SF,ACTIVE,22.83595211,48.1,0.0,31.5,169.0476386036961,1.0274057580960554,434.0,334.0,"{""23"": 4.718432587, ""24"": 19.75679003, ""25"": 0.221796997, ""26"": 0.006811384, ""27"": 3.0, ""28"": 1.0, ""35"": 0.00867542, ""36"": 0.006072794, ""37"": 0.000868356, ""38"": 2.96337e-05, ""39"": 4.187151064, ""40"": 1.393632492, ""42"": 88.36005337, ""43"": 0.810826484, ""44"": 0.03579591, ""45"": 0.047069492, ""46"": 0.030759913, ""47"": 17.0, ""48"": 8.0, ""49"": 4.0, ""50"": 3.0, ""51"": 1.0, ""53"": 11.76197669, ""56"": 0.039594697, ""57"": 0.001224578, ""58"": 15.44163888, ""60"": 7.512347264, ""61"": 6.232866835, ""62"": 0.042607294, ""63"": 0.000570013, ""66"": 0.037090405, ""67"": 0.092457925, ""68"": 0.12954833, ""70"": 0.017061586, ""71"": 0.051776438, ""72"": 0.068838024, ""73"": 0.068838024, ""210"": 14.17647059, ""212"": 3.191093984, ""213"": 4.299415467}","{""23"": 5.0, ""24"": 26.0, ""25"": 1.0, ""27"": 4.0, ""28"": 1.0, ""39"": 5.2, ""40"": 1.52941176, ""41"": 19.0, ""42"": 200.0, ""43"": 2.0, ""47"": 35.0, ""48"": 15.0, ""49"": 5.0, ""50"": 2.0, ""53"": 19.0, ""58"": 31.0, ""59"": 93.0, ""60"": 10.52631579, ""61"": 11.76470588, ""65"": 1.0, ""66"": 1.0, ""68"": 1.0, ""69"": 1.0, ""70"": 1.0, ""72"": 1.0, ""73"": 1.0, ""115"": 8.0, ""155"": 6.0, ""156"": 11.0, ""158"": 18.0, ""179"": 1.0, ""183"": 1.0, ""186"": 1.0, ""210"": 17.0, ""212"": 1.0, ""213"": 8.0}",2026-08-24T23:49:59-04:00
Jordan Akins,3128452,TE,CLE,ACTIVE,42.94672616,71.0,0.0,20.7,169.84432121585542,1.016480357326587,471.0,1674.0,"{""42"": 224.1027226, ""43"": 1.548894223, ""44"": 0.083527011, ""45"": 0.112555087, ""46"": 0.073554749, ""47"": 44.0, ""48"": 22.0, ""49"": 11.0, ""50"": 8.0, ""51"": 4.0, ""53"": 22.86803005, ""56"": 0.084385442, ""57"": 0.002609859, ""58"": 31.66359768, ""60"": 9.799826313, ""61"": 14.8239155, ""62"": 0.083527011, ""63"": 0.001406352, ""67"": 0.319625433, ""68"": 0.319625433, ""71"": 0.178990243, ""72"": 0.178990243, ""73"": 0.178990243, ""210"": 15.11764706, ""213"": 10.87590909}","{""41"": 40.0, ""42"": 390.0, ""43"": 2.0, ""47"": 72.0, ""48"": 33.0, ""49"": 13.0, ""50"": 9.0, ""51"": 1.0, ""53"": 40.0, ""54"": 2.0, ""58"": 58.0, ""59"": 187.0, ""60"": 9.75, ""61"": 22.94117647, ""67"": 1.0, ""68"": 1.0, ""108"": 1.0, ""109"": 1.0, ""155"": 3.0, ""156"": 14.0, ""158"": 12.0, ""184"": 2.0, ""210"": 17.0, ""213"": 20.0}",2026-08-24T23:49:59-04:00
AJ Barner,4576297,TE,SEA,ACTIVE,19.01453118,63.5,,,169.8363113575683,0.9121357448755535,1055.0,964.0,"{""42"": 99.14723118, ""43"": 0.696489037, ""44"": 0.037371663, ""45"": 0.110688612, ""46"": 0.072335008, ""47"": 19.0, ""48"": 9.0, ""49"": 4.0, ""50"": 3.0, ""51"": 1.0, ""53"": 9.948572281, ""56"": 0.043082203, ""57"": 0.001332439, ""58"": 14.04691142, ""60"": 9.965975859, ""61"": 6.55837716, ""62"": 0.037371663, ""63"": 0.000503469, ""67"": 0.11442467, ""68"": 0.11442467, ""71"": 0.064077815, ""72"": 0.064077815, ""73"": 0.064077815, ""210"": 15.11764706, ""213"": 4.136794498}","{""41"": 30.0, ""42"": 245.0, ""43"": 4.0, ""47"": 42.0, ""48"": 18.0, ""49"": 4.0, ""50"": 4.0, ""53"": 30.0, ""54"": 1.0, ""58"": 38.0, ""59"": 164.0, ""60"": 8.16666667, ""61"": 14.41176471, ""108"": 3.0, ""109"": 3.0, ""155"": 10.0, ""156"": 7.0, ""158"": 24.0, ""183"": 3.0, ""184"": 1.0, ""210"": 17.0, ""213"": 18.0}",2026-08-24T23:49:59-04:00
Kenny McIntosh,4427391,RB,SEA,ACTIVE,28.27248613,20.9,0.0,0.0,169.9564681724846,0.911144774277575,405.0,2523.0,"{""23"": 27.84287055, ""24"": 116.0823504, ""25"": 0.84448195, ""26"": 0.042022621, ""27"": 23.0, ""28"": 11.0, ""29"": 5.0, ""30"": 4.0, ""31"": 2.0, ""33"": 5.0, ""34"": 2.0, ""35"": 0.051887125, ""36"": 0.036320988, ""37"": 0.036576954, ""38"": 0.001248231, ""39"": 4.169194773, ""40"": 8.809821234, ""42"": 57.50170341, ""43"": 0.322576686, ""44"": 0.017325127, ""45"": 0.038786495, ""46"": 0.025346975, ""47"": 11.0, ""48"": 5.0, ""49"": 2.0, ""50"": 2.0, ""51"": 1.0, ""53"": 8.178440455, ""56"": 0.028110168, ""57"": 0.000869387, ""58"": 10.4918117, ""60"": 7.030888558, ""61"": 4.363968563, ""62"": 0.059347748, ""63"": 0.001349917, ""66"": 0.237142221, ""67"": 0.069657097, ""68"": 0.306799318, ""70"": 0.109085422, ""71"": 0.039007974, ""72"": 0.148093396, ""73"": 0.148093396, ""210"": 13.17647059, ""212"": 8.190771742, ""213"": 2.499634183}","{""23"": 31.0, ""24"": 172.0, ""27"": 31.0, ""28"": 13.0, ""29"": 5.0, ""30"": 3.0, ""33"": 3.0, ""39"": 5.5483871, ""40"": 10.11764706, ""41"": 3.0, ""42"": 22.0, ""47"": 4.0, ""48"": 1.0, ""53"": 3.0, ""58"": 4.0, ""59"": 17.0, ""60"": 7.33333333, ""61"": 1.29411765, ""107"": 1.0, ""108"": 2.0, ""109"": 3.0, ""114"": 153.0, ""116"": 14.0, ""117"": 4.0, ""155"": 10.0, ""156"": 7.0, ""210"": 17.0, ""212"": 8.0, ""213"": 1.0}",2026-08-24T23:49:59-04:00
Jordan Whittington,4569382,WR,LAR,ACTIVE,23.77695314,41.5,,,169.94579055441477,0.8934688354100044,1036.0,357.0,"{""42"": 131.1456667, ""43"": 0.760695344, ""44"": 0.040732519, ""45"": 0.166988481, ""46"": 0.109126972, ""47"": 26.0, ""48"": 13.0, ""49"": 6.0, ""50"": 5.0, ""51"": 2.0, ""53"": 10.65678082, ""56"": 0.052557296, ""57"": 0.001625483, ""58"": 16.83925642, ""60"": 12.30631173, ""61"": 8.675005192, ""62"": 0.040732519, ""63"": 0.0004982, ""67"": 0.113227258, ""68"": 0.113227258, ""71"": 0.063407265, ""72"": 0.063407265, ""73"": 0.063407265, ""101"": 0.135862248, ""114"": 445.7980001, ""116"": 44.0, ""117"": 17.0, ""210"": 15.11764706, ""213"": 5.206864891}","{""23"": 2.0, ""24"": 12.0, ""27"": 2.0, ""28"": 1.0, ""39"": 6.0, ""40"": 0.8, ""41"": 22.0, ""42"": 293.0, ""47"": 56.0, ""48"": 26.0, ""49"": 13.0, ""50"": 9.0, ""51"": 3.0, ""53"": 22.0, ""54"": 2.0, ""58"": 28.0, ""59"": 203.0, ""60"": 13.31818182, ""61"": 19.53333333, ""96"": 1.0, ""108"": 4.0, ""109"": 4.0, ""114"": 453.0, ""116"": 43.0, ""117"": 15.0, ""155"": 8.0, ""156"": 7.0, ""210"": 15.0, ""212"": 2.0, ""213"": 14.0}",2026-08-24T23:49:59-04:00
DJ Chark Jr.,3115394,WR,LAC,ACTIVE,86.3678531,11.1,117.13394184,98.0,169.92320328542095,0.8920082380189537,284.0,1752.0,"{""42"": 474.6024914, ""43"": 3.862395958, ""44"": 0.195199667, ""45"": 0.15767797, ""46"": 0.103042553, ""47"": 94.0, ""48"": 47.0, ""49"": 23.0, ""50"": 18.0, ""51"": 9.0, ""53"": 31.90520569, ""56"": 0.529084072, ""57"": 0.016363425, ""58"": 57.91892738, ""60"": 14.87539357, ""61"": 41.37560182, ""62"": 0.195199667, ""63"": 0.002395541, ""67"": 0.544441041, ""68"": 0.544441041, ""71"": 0.304886983, ""72"": 0.304886983, ""73"": 0.304886983, ""210"": 11.47058824, ""213"": 21.06012757}","{""41"": 4.0, ""42"": 31.0, ""43"": 1.0, ""47"": 5.0, ""48"": 1.0, ""53"": 4.0, ""58"": 10.0, ""59"": 7.0, ""60"": 7.75, ""61"": 4.42857143, ""155"": 5.0, ""156"": 2.0, ""158"": 6.0, ""183"": 1.0, ""210"": 7.0, ""213"": 1.0}",2026-08-24T23:49:59-04:00
Matt Prater,11122,K,FA,QUESTIONABLE,129.67730433,33.0,127.66247039,125.0,167.18024334914415,0.8902894946087921,491.0,257.0,"{""74"": 4.619803689, ""75"": 6.614916774, ""76"": 1.995113085, ""77"": 7.466377669, ""78"": 9.201938681, ""79"": 1.735561013, ""80"": 16.49670402, ""81"": 16.93025729, ""82"": 0.43355327, ""83"": 28.58288538, ""84"": 32.74711274, ""85"": 4.164227368, ""86"": 31.38689052, ""87"": 32.51207463, ""88"": 1.125184104, ""198"": 4.619803689, ""199"": 6.614916774, ""200"": 1.995113085, ""210"": 17.0, ""214"": 1080.357515, ""215"": 198.8429503, ""216"": 1279.200465}","{""74"": 1.0, ""75"": 1.0, ""77"": 3.0, ""78"": 3.0, ""80"": 2.0, ""81"": 2.0, ""83"": 6.0, ""84"": 6.0, ""86"": 10.0, ""87"": 10.0, ""155"": 1.0, ""156"": 3.0, ""158"": 28.0, ""198"": 1.0, ""199"": 1.0, ""210"": 4.0, ""214"": 252.0, ""216"": 252.0, ""217"": 50.0, ""218"": 24.0, ""219"": 12.0, ""220"": 9.0, ""221"": 4.0, ""222"": 1.0, ""229"": 50.0, ""230"": 24.0, ""231"": 12.0, ""232"": 9.0, ""233"": 4.0, ""234"": 1.0}",2026-08-24T23:49:59-04:00
Trey Palmer,4426407,WR,TB,ACTIVE,80.39632617,29.2,0.0,76.2,169.85154004106775,0.8771282145632454,332.0,2525.0,"{""23"": 3.875756216, ""24"": 24.30062315, ""25"": 0.165029636, ""26"": 0.010706578, ""27"": 4.0, ""28"": 2.0, ""29"": 1.0, ""35"": 0.007122837, ""36"": 0.004985986, ""37"": 0.001358504, ""38"": 4.63605e-05, ""39"": 6.269904968, ""40"": 1.662416876, ""42"": 440.0004479, ""43"": 2.580570841, ""44"": 0.12105839, ""45"": 0.145444003, ""46"": 0.095047656, ""47"": 88.0, ""48"": 44.0, ""49"": 22.0, ""50"": 17.0, ""51"": 8.0, ""53"": 34.71984962, ""56"": 0.279767509, ""57"": 0.008652603, ""58"": 58.49512495, ""60"": 12.67287885, ""61"": 30.10063427, ""62"": 0.131764968, ""63"": 0.003396413, ""66"": 0.077515124, ""67"": 0.694396992, ""68"": 0.771912117, ""70"": 0.035656957, ""71"": 0.388862316, ""72"": 0.424519273, ""73"": 0.424519273, ""102"": 0.1197, ""115"": 193.2, ""118"": 19.0, ""119"": 7.0, ""210"": 14.61764706, ""212"": 3.251002514, ""213"": 19.95281076}","{""41"": 12.0, ""42"": 172.0, ""43"": 1.0, ""47"": 31.0, ""48"": 13.0, ""49"": 4.0, ""50"": 4.0, ""53"": 12.0, ""58"": 22.0, ""59"": 42.0, ""60"": 14.33333333, ""61"": 11.46666667, ""68"": 1.0, ""114"": 14.0, ""115"": 136.0, ""116"": 1.0, ""118"": 10.0, ""119"": 2.0, ""155"": 9.0, ""156"": 6.0, ""158"": 6.0, ""184"": 1.0, ""210"": 15.0, ""213"": 7.0}",2026-08-24T23:49:59-04:00
Carson Wentz,2573079,QB,KC,ACTIVE,44.98663177,4.6,0.0,30.0,169.68324768756423,0.8767658859246333,480.0,1775.0,"{""0"": 72.20277407, ""1"": 45.77761462, ""2"": 26.42515945, ""3"": 482.6365538, ""4"": 4.298821791, ""5"": 96.0, ""6"": 48.0, ""7"": 24.0, ""8"": 19.0, ""9"": 9.0, ""10"": 4.0, ""11"": 9.0, ""12"": 4.0, ""15"": 0.394619189, ""16"": 0.25788364, ""17"": 0.3931076, ""18"": 0.053098529, ""19"": 0.140869223, ""20"": 1.74569828, ""21"": 0.634014624, ""22"": 120.6591384, ""23"": 6.382334848, ""24"": 27.11151755, ""25"": 0.298443071, ""26"": 0.015673379, ""27"": 5.0, ""28"": 2.0, ""29"": 1.0, ""30"": 1.0, ""33"": 1.0, ""35"": 0.012050111, ""36"": 0.008435078, ""37"": 0.015997221, ""38"": 0.000545924, ""39"": 4.247899585, ""40"": 6.777879387, ""62"": 0.156542601, ""63"": 0.006114213, ""64"": 5.631889084, ""65"": 1.284284399, ""66"": 0.105309546, ""68"": 1.389593946, ""69"": 0.616456512, ""70"": 0.048442391, ""72"": 0.664898903, ""73"": 2.410597183, ""210"": 4.0, ""211"": 24.59810155, ""212"": 1.76942962}","{""0"": 19.0, ""1"": 12.0, ""2"": 7.0, ""3"": 118.0, ""5"": 23.0, ""6"": 11.0, ""7"": 5.0, ""8"": 3.0, ""9"": 1.0, ""11"": 2.0, ""12"": 1.0, ""13"": 1.0, ""21"": 0.63157895, ""22"": 39.33333333, ""23"": 3.0, ""64"": 4.0, ""66"": 1.0, ""155"": 2.0, ""156"": 1.0, ""210"": 3.0, ""211"": 5.0}",2026-08-24T23:49:59-04:00
Tyler Goodson,4429676,RB,IND,ACTIVE,40.43503015,38.9,0.0,15.1,169.97926078028746,0.873988008310784,377.0,2666.0,"{""23"": 47.96050776, ""24"": 205.4373748, ""25"": 1.461946528, ""26"": 0.051633013, ""27"": 41.0, ""28"": 20.0, ""29"": 10.0, ""30"": 8.0, ""31"": 4.0, ""33"": 9.0, ""34"": 4.0, ""35"": 0.09032819, ""36"": 0.063229733, ""37"": 0.111779662, ""38"": 0.003814611, ""39"": 4.283469554, ""40"": 14.49143307, ""42"": 56.22966022, ""43"": 0.296671849, ""44"": 0.021617542, ""45"": 0.037092704, ""46"": 0.024240082, ""47"": 11.0, ""48"": 5.0, ""49"": 2.0, ""50"": 2.0, ""51"": 1.0, ""53"": 8.045339884, ""56"": 0.027952397, ""57"": 0.000864507, ""58"": 10.64635302, ""60"": 6.989096922, ""61"": 3.966407568, ""62"": 0.073250555, ""63"": 0.002098848, ""66"": 0.408487384, ""67"": 0.068523458, ""68"": 0.477010842, ""70"": 0.187904197, ""71"": 0.038373136, ""72"": 0.226277333, ""73"": 0.226277333, ""210"": 14.17647059, ""212"": 13.01228609, ""213"": 2.355995309}","{""23"": 32.0, ""24"": 153.0, ""25"": 1.0, ""27"": 29.0, ""28"": 14.0, ""29"": 6.0, ""30"": 5.0, ""31"": 2.0, ""33"": 4.0, ""34"": 1.0, ""39"": 4.78125, ""40"": 9.5625, ""41"": 11.0, ""42"": 61.0, ""43"": 1.0, ""47"": 10.0, ""48"": 4.0, ""49"": 1.0, ""50"": 1.0, ""53"": 11.0, ""58"": 15.0, ""59"": 67.0, ""60"": 5.54545455, ""61"": 3.8125, ""107"": 2.0, ""108"": 2.0, ""109"": 4.0, ""114"": 237.0, ""116"": 20.0, ""117"": 7.0, ""155"": 8.0, ""156"": 8.0, ""158"": 12.0, ""179"": 1.0, ""183"": 1.0, ""210"": 16.0, ""212"": 6.0, ""213"": 3.0}",2026-08-24T23:49:59-04:00
Darren Waller,2576925,TE,NYG,ACTIVE,0.0,0.0,0.0,87.2,169.9338673238858,0.8674685086477526,1750.0,1668.0,{},{},2026-08-24T23:49:59-04:00
Travis Homer,4037457,RB,CHI,QUESTIONABLE,5.21552937,4.9,0.0,0.0,169.84558521560575,0.8668433478563738,1139.0,1132.0,"{""23"": 3.911851943, ""24"": 17.30830361, ""25"": 0.112522908, ""26"": 0.006238699, ""27"": 3.0, ""28"": 1.0, ""35"": 0.007190244, ""36"": 0.005033171, ""37"": 0.000699471, ""38"": 2.38703e-05, ""39"": 4.424580444, ""40"": 1.313576613, ""42"": 14.53011175, ""43"": 0.063107098, ""44"": 0.003179657, ""45"": 0.038868533, ""46"": 0.025400587, ""47"": 2.0, ""48"": 1.0, ""53"": 2.034630721, ""56"": 0.008399565, ""57"": 0.00025978, ""58"": 2.634946204, ""60"": 7.141399958, ""61"": 1.102731695, ""62"": 0.009418356, ""63"": 0.000259274, ""66"": 0.038764033, ""67"": 0.020161932, ""68"": 0.058925965, ""70"": 0.017831455, ""71"": 0.011290682, ""72"": 0.029122137, ""73"": 0.029122137, ""210"": 13.17647059, ""212"": 2.856071927, ""213"": -0.191831771}","{""23"": 6.0, ""24"": 23.0, ""27"": 4.0, ""28"": 1.0, ""39"": 3.83333333, ""40"": 2.3, ""41"": 3.0, ""42"": 11.0, ""47"": 2.0, ""48"": 1.0, ""53"": 3.0, ""58"": 3.0, ""59"": 10.0, ""60"": 3.66666667, ""61"": 1.1, ""107"": 3.0, ""108"": 4.0, ""109"": 7.0, ""114"": 29.0, ""116"": 2.0, ""117"": 1.0, ""155"": 1.0, ""156"": 9.0, ""210"": 10.0, ""212"": 2.0}",2026-08-24T23:49:59-04:00
Jordan Mims,4243004,RB,NO,ACTIVE,14.32653079,20.1,,,169.95872689938398,0.8494737995190996,1067.0,1446.0,"{""23"": 9.449608953, ""24"": 39.40221161, ""25"": 0.229291694, ""26"": 0.013226607, ""27"": 7.0, ""28"": 3.0, ""29"": 1.0, ""30"": 1.0, ""33"": 1.0, ""35"": 0.017529253, ""36"": 0.012270477, ""37"": 0.008548209, ""38"": 0.000291718, ""39"": 4.169718748, ""40"": 2.779409118, ""42"": 43.79469137, ""43"": 0.287942632, ""44"": 0.014427793, ""45"": 0.043571848, ""46"": 0.028474203, ""47"": 8.0, ""48"": 4.0, ""49"": 2.0, ""50"": 1.0, ""53"": 5.958011319, ""56"": 0.021899978, ""57"": 0.000677319, ""58"": 7.840179656, ""60"": 7.350555247, ""61"": 3.089252088, ""62"": 0.0276544, ""63"": 0.000577408, ""66"": 0.080483844, ""67"": 0.050745344, ""68"": 0.131229188, ""70"": 0.037022568, ""71"": 0.028417393, ""72"": 0.065439961, ""73"": 0.065439961, ""210"": 14.17647059, ""212"": 4.147449297, ""213"": 1.533747115}","{""23"": 20.0, ""24"": 70.0, ""27"": 12.0, ""28"": 5.0, ""33"": 1.0, ""39"": 3.5, ""40"": 6.36363636, ""41"": 12.0, ""42"": 71.0, ""47"": 12.0, ""48"": 5.0, ""49"": 1.0, ""50"": 1.0, ""53"": 12.0, ""54"": 1.0, ""58"": 18.0, ""59"": 80.0, ""60"": 5.91666667, ""61"": 6.45454545, ""107"": 2.0, ""109"": 2.0, ""114"": 19.0, ""116"": 1.0, ""155"": 4.0, ""156"": 7.0, ""210"": 11.0, ""212"": 2.0, ""213"": 4.0}",2026-08-24T23:49:59-04:00
Troy Franklin,4431280,WR,DEN,ACTIVE,70.53612559,53.1,,,169.60041067761807,0.8466287966359987,333.0,328.0,"{""42"": 420.6895562, ""43"": 2.010844035, ""44"": 0.110496336, ""45"": 0.138340192, ""46"": 0.090405315, ""47"": 84.0, ""48"": 42.0, ""49"": 21.0, ""50"": 16.0, ""51"": 8.0, ""53"": 33.15121792, ""56"": 0.250753874, ""57"": 0.007755274, ""58"": 56.53176538, ""60"": 12.69001812, ""61"": 27.82771384, ""62"": 0.110496336, ""63"": 0.001549805, ""67"": 0.352228461, ""68"": 0.352228461, ""71"": 0.197247938, ""72"": 0.197247938, ""73"": 0.197247938, ""210"": 15.11764706, ""213"": 18.82977904}","{""23"": 2.0, ""24"": 8.0, ""27"": 1.0, ""39"": 4.0, ""40"": 0.5, ""41"": 28.0, ""42"": 263.0, ""43"": 2.0, ""47"": 49.0, ""48"": 21.0, ""49"": 7.0, ""50"": 6.0, ""51"": 1.0, ""53"": 28.0, ""54"": 1.0, ""58"": 53.0, ""59"": 163.0, ""60"": 9.39285714, ""61"": 16.4375, ""155"": 10.0, ""156"": 6.0, ""158"": 12.0, ""183"": 2.0, ""210"": 16.0, ""213"": 11.0}",2026-08-24T23:49:59-04:00
Israel Abanikanda,4429202,RB,SF,ACTIVE,21.48297986,0.0,0.0,12.8,169.9640657084189,0.8412276598075344,459.0,2520.0,"{""23"": 24.99812993, ""24"": 107.2001311, ""25"": 0.820131671, ""26"": 0.045181691, ""27"": 21.0, ""28"": 10.0, ""29"": 5.0, ""30"": 4.0, ""31"": 2.0, ""33"": 4.0, ""34"": 2.0, ""35"": 0.046508125, ""36"": 0.032555687, ""37"": 0.03091512, ""38"": 0.001055014, ""39"": 4.288326022, ""40"": 8.135724235, ""42"": 29.12288398, ""43"": 0.167862842, ""44"": 0.00840308, ""45"": 0.03914549, ""46"": 0.025581578, ""47"": 5.0, ""48"": 2.0, ""49"": 1.0, ""50"": 1.0, ""53"": 4.101085912, ""56"": 0.015862633, ""57"": 0.000490597, ""58"": 5.285354223, ""60"": 7.101261617, ""61"": 2.210218873, ""62"": 0.053584771, ""63"": 0.001090508, ""66"": 0.212913106, ""67"": 0.03492961, ""68"": 0.247842717, ""70"": 0.097940029, ""71"": 0.019560582, ""72"": 0.117500611, ""73"": 0.117500611, ""210"": 13.17647059, ""212"": 7.699880522, ""213"": 0.72442919}",{},2026-08-24T23:49:59-04:00
Elijah Mitchell,4241555,RB,KC,ACTIVE,0.0,0.0,0.0,44.5,169.96160164271046,0.8252648703215725,1409.0,1265.0,{},{},2026-08-24T23:49:59-04:00
Gardner Minshew,4038524,QB,KC,QUESTIONABLE,147.86786459,113.4,0.0,225.2,169.96156217882836,0.7945555000412314,388.0,389.0,"{""0"": 311.0493132, ""1"": 198.0134643, ""2"": 113.0358489, ""3"": 2158.806467, ""4"": 9.922561663, ""5"": 431.0, ""6"": 215.0, ""7"": 107.0, ""8"": 86.0, ""9"": 43.0, ""10"": 21.0, ""11"": 39.0, ""12"": 19.0, ""15"": 1.756754038, ""16"": 1.148038764, ""17"": 1.73419242, ""18"": 0.234243925, ""19"": 0.559608602, ""20"": 6.697892948, ""21"": 0.636598301, ""22"": 239.8673853, ""23"": 27.297263, ""24"": 100.1351443, ""25"": 1.583174358, ""26"": 0.07620427, ""27"": 20.0, ""28"": 10.0, ""29"": 5.0, ""30"": 4.0, ""31"": 2.0, ""33"": 5.0, ""34"": 2.0, ""35"": 0.051465, ""36"": 0.0360255, ""37"": 0.048321903, ""38"": 0.001649041, ""39"": 3.668321778, ""40"": 11.12612715, ""62"": 0.635812872, ""63"": 0.024165621, ""64"": 23.05785913, ""65"": 5.077355792, ""66"": 0.414830713, ""68"": 5.492186504, ""69"": 2.43713078, ""70"": 0.190822128, ""72"": 2.627952908, ""73"": 9.325845856, ""210"": 9.0, ""211"": 104.3226215, ""212"": 7.316686113}","{""0"": 306.0, ""1"": 203.0, ""2"": 103.0, ""3"": 2013.0, ""4"": 9.0, ""5"": 398.0, ""6"": 197.0, ""7"": 95.0, ""8"": 77.0, ""9"": 36.0, ""10"": 16.0, ""11"": 38.0, ""12"": 17.0, ""13"": 17.0, ""14"": 5.0, ""15"": 1.0, ""16"": 1.0, ""19"": 1.0, ""20"": 10.0, ""21"": 0.66339869, ""22"": 201.3, ""23"": 19.0, ""24"": 58.0, ""27"": 10.0, ""28"": 3.0, ""29"": 1.0, ""39"": 3.05263158, ""40"": 5.8, ""64"": 29.0, ""65"": 4.0, ""66"": 2.0, ""68"": 6.0, ""69"": 3.0, ""70"": 1.0, ""72"": 4.0, ""73"": 14.0, ""155"": 2.0, ""156"": 8.0, ""158"": 54.0, ""175"": 3.0, ""176"": 3.0, ""177"": 1.0, ""178"": 1.0, ""210"": 10.0, ""211"": 106.0, ""212"": 5.0}",2026-08-24T23:49:59-04:00
Jalen Nailor,4382466,WR,MIN,ACTIVE,35.71193406,89.0,0.0,4.4,169.66755646817248,0.7876784456317284,994.0,973.0,"{""42"": 218.5167405, ""43"": 0.898160205, ""44"": 0.0464001, ""45"": 0.118208818, ""46"": 0.077249462, ""47"": 43.0, ""48"": 21.0, ""49"": 10.0, ""50"": 8.0, ""51"": 4.0, ""53"": 17.43550791, ""56"": 0.082303615, ""57"": 0.002545473, ""58"": 30.4907571, ""60"": 12.53285775, ""61"": 14.45441474, ""62"": 0.0464001, ""63"": 0.001534325, ""67"": 0.348710158, ""68"": 0.348710158, ""71"": 0.195277689, ""72"": 0.195277689, ""73"": 0.195277689, ""102"": 0.00855, ""115"": 13.8, ""118"": 1.0, ""210"": 15.11764706, ""213"": 9.217523393}","{""23"": 3.0, ""24"": -4.0, ""39"": -1.33333333, ""40"": -0.23529412, ""41"": 28.0, ""42"": 414.0, ""43"": 6.0, ""47"": 79.0, ""48"": 36.0, ""49"": 14.0, ""50"": 12.0, ""51"": 4.0, ""53"": 28.0, ""54"": 1.0, ""58"": 42.0, ""59"": 106.0, ""60"": 14.78571429, ""61"": 24.35294118, ""68"": 1.0, ""72"": 1.0, ""73"": 1.0, ""106"": 1.0, ""108"": 1.0, ""109"": 1.0, ""155"": 14.0, ""156"": 3.0, ""158"": 36.0, ""183"": 3.0, ""184"": 1.0, ""185"": 1.0, ""186"": 1.0, ""210"": 17.0, ""212"": 1.0, ""213"": 22.0}",2026-08-24T23:49:59-04:00
David Moore,4212909,WR,CAR,ACTIVE,21.9499055,69.1,0.0,17.9,169.73778234086242,0.7562681411151808,1049.0,1012.0,"{""42"": 124.5856315, ""43"": 0.625994831, ""44"": 0.033160478, ""45"": 0.15819109, ""46"": 0.103377877, ""47"": 24.0, ""48"": 12.0, ""49"": 6.0, ""50"": 4.0, ""51"": 2.0, ""53"": 10.69793306, ""56"": 0.05080062, ""57"": 0.001571153, ""58"": 16.20752045, ""60"": 11.64576659, ""61"": 8.241072898, ""62"": 0.033160478, ""63"": 0.000941418, ""67"": 0.213958661, ""68"": 0.213958661, ""71"": 0.11981685, ""72"": 0.11981685, ""73"": 0.11981685, ""101"": 0.086446597, ""102"": 0.00684, ""114"": 283.6528955, ""115"": 13.0, ""116"": 28.0, ""117"": 11.0, ""118"": 1.0, ""210"": 15.11764706, ""213"": 4.98026366}","{""23"": 1.0, ""41"": 32.0, ""42"": 351.0, ""43"": 3.0, ""47"": 64.0, ""48"": 28.0, ""49"": 10.0, ""50"": 7.0, ""51"": 1.0, ""53"": 32.0, ""54"": 2.0, ""58"": 57.0, ""59"": 60.0, ""60"": 10.96875, ""61"": 20.64705882, ""107"": 1.0, ""108"": 4.0, ""109"": 5.0, ""115"": 13.0, ""155"": 5.0, ""156"": 12.0, ""158"": 18.0, ""183"": 2.0, ""184"": 1.0, ""210"": 17.0, ""213"": 18.0}",2026-08-24T23:49:59-04:00
Ben Sinnott,4690923,TE,WSH,ACTIVE,58.19736272,11.3,,,169.84822345450812,0.747090679765366,417.0,2602.0,"{""42"": 322.4444201, ""43"": 1.680583006, ""44"": 0.092197785, ""45"": 0.098133891, ""46"": 0.064130498, ""47"": 64.0, ""48"": 32.0, ""49"": 16.0, ""50"": 12.0, ""51"": 6.0, ""53"": 32.1996334, ""56"": 0.142546203, ""57"": 0.004408645, ""58"": 47.00841836, ""60"": 10.01391588, ""61"": 21.32900834, ""62"": 0.092197785, ""63"": 0.001629531, ""67"": 0.370347856, ""68"": 0.370347856, ""71"": 0.2073948, ""72"": 0.2073948, ""73"": 0.2073948, ""210"": 15.11764706, ""213"": 15.76861713}","{""41"": 5.0, ""42"": 28.0, ""43"": 1.0, ""47"": 4.0, ""48"": 1.0, ""53"": 5.0, ""58"": 5.0, ""59"": 19.0, ""60"": 5.6, ""61"": 1.64705882, ""108"": 2.0, ""109"": 2.0, ""155"": 12.0, ""156"": 5.0, ""158"": 6.0, ""183"": 1.0, ""210"": 17.0, ""213"": 2.0}",2026-08-24T23:49:59-04:00
Brandon Allen,2574511,QB,TEN,ACTIVE,0.0,8.2,0.0,0.0,169.78026721479958,0.7387703451374492,1343.0,1222.0,{},"{""0"": 30.0, ""1"": 17.0, ""2"": 13.0, ""3"": 199.0, ""4"": 1.0, ""5"": 39.0, ""6"": 19.0, ""7"": 9.0, ""8"": 7.0, ""9"": 3.0, ""10"": 1.0, ""11"": 3.0, ""12"": 1.0, ""13"": 2.0, ""14"": 1.0, ""20"": 2.0, ""21"": 0.56666667, ""22"": 66.33333333, ""23"": 3.0, ""24"": 4.0, ""27"": 1.0, ""39"": 1.33333333, ""40"": 1.33333333, ""64"": 2.0, ""65"": 2.0, ""68"": 2.0, ""69"": 1.0, ""72"": 1.0, ""73"": 3.0, ""108"": 1.0, ""109"": 1.0, ""155"": 2.0, ""156"": 1.0, ""158"": 6.0, ""175"": 1.0, ""210"": 3.0, ""211"": 8.0}",2026-08-24T23:49:59-04:00
Malik Washington,4569603,WR,MIA,ACTIVE,27.29523448,41.8,,,169.72032854209445,0.7357542555367671,1011.0,999.0,"{""23"": 1.937340052, ""24"": 11.86225344, ""25"": 0.098117016, ""26"": 0.004380375, ""27"": 2.0, ""28"": 1.0, ""35"": 0.003556893, ""36"": 0.002489825, ""37"": 0.000301128, ""38"": 1.02764e-05, ""39"": 6.122958864, ""40"": 0.840242952, ""42"": 143.1215062, ""43"": 0.86682636, ""44"": 0.045364034, ""45"": 0.143732445, ""46"": 0.093929153, ""47"": 28.0, ""48"": 14.0, ""49"": 7.0, ""50"": 5.0, ""51"": 2.0, ""53"": 11.8099932, ""56"": 0.056287764, ""57"": 0.001740859, ""58"": 18.76358032, ""60"": 12.11867812, ""61"": 10.13777335, ""62"": 0.049744409, ""63"": 0.000642682, ""66"": 0.020584049, ""67"": 0.125480027, ""68"": 0.146064077, ""70"": 0.009468663, ""71"": 0.070268815, ""72"": 0.079737478, ""73"": 0.079737478, ""101"": 0.0189563, ""102"": 0.008075, ""114"": 62.20036019, ""115"": 13.03333333, ""116"": 6.0, ""117"": 2.0, ""118"": 1.0, ""210"": 14.11764706, ""212"": 2.541486786, ""213"": 5.910995342}","{""23"": 5.0, ""24"": 25.0, ""25"": 1.0, ""27"": 5.0, ""28"": 1.0, ""39"": 5.0, ""40"": 1.78571429, ""41"": 26.0, ""42"": 223.0, ""47"": 40.0, ""48"": 17.0, ""49"": 7.0, ""50"": 5.0, ""51"": 1.0, ""53"": 26.0, ""54"": 1.0, ""58"": 36.0, ""59"": 123.0, ""60"": 8.57692308, ""61"": 15.92857143, ""68"": 1.0, ""72"": 1.0, ""73"": 1.0, ""108"": 1.0, ""109"": 1.0, ""114"": 430.0, ""115"": 134.0, ""116"": 41.0, ""117"": 14.0, ""118"": 11.0, ""119"": 1.0, ""155"": 7.0, ""156"": 7.0, ""158"": 6.0, ""180"": 1.0, ""210"": 14.0, ""212"": 1.0, ""213"": 13.0}",2026-08-24T23:49:59-04:00
Tyler Johnson,2310331,WR,LAR,ACTIVE,7.16026587,48.1,,,169.8911704312115,0.7353279381041491,1114.0,367.0,"{""42"": 40.13219698, ""43"": 0.241638772, ""44"": 0.012938011, ""45"": 0.120587455, ""46"": 0.078803902, ""47"": 8.0, ""48"": 4.0, ""49"": 2.0, ""50"": 1.0, ""53"": 3.467522092, ""56"": 0.020938101, ""57"": 0.00064757, ""58"": 5.494328747, ""60"": 11.57373938, ""61"": 2.842697286, ""62"": 0.012938011, ""63"": 0.000245235, ""67"": 0.055735296, ""68"": 0.055735296, ""71"": 0.031211766, ""72"": 0.031211766, ""73"": 0.031211766, ""210"": 14.11764706, ""213"": 0.913780906}","{""41"": 26.0, ""42"": 291.0, ""43"": 1.0, ""47"": 56.0, ""48"": 25.0, ""49"": 10.0, ""50"": 8.0, ""51"": 2.0, ""53"": 26.0, ""54"": 1.0, ""58"": 41.0, ""59"": 183.0, ""60"": 11.19230769, ""61"": 19.4, ""108"": 1.0, ""109"": 1.0, ""155"": 8.0, ""156"": 7.0, ""158"": 6.0, ""183"": 1.0, ""210"": 15.0, ""213"": 10.0}",2026-08-24T23:49:59-04:00
Cordarrelle Patterson,15807,RB,PIT,ACTIVE,42.68817008,31.5,89.40446593,32.4,169.42525667351129,0.7334482416366687,354.0,302.0,"{""23"": 37.07748964, ""24"": 156.4633952, ""25"": 1.189689958, ""26"": 0.055956711, ""27"": 31.0, ""28"": 15.0, ""29"": 7.0, ""30"": 6.0, ""31"": 3.0, ""33"": 7.0, ""34"": 3.0, ""35"": 0.069465775, ""36"": 0.048626042, ""37"": 0.067043991, ""38"": 0.002287954, ""39"": 4.219902608, ""40"": 11.03683701, ""42"": 81.80793767, ""43"": 0.508737003, ""44"": 0.02926181, ""45"": 0.043949353, ""46"": 0.028720902, ""47"": 16.0, ""48"": 8.0, ""49"": 4.0, ""50"": 3.0, ""51"": 1.0, ""53"": 10.9379833, ""56"": 0.036821658, ""57"": 0.001138814, ""58"": 14.33524938, ""60"": 7.479252385, ""61"": 5.7706844, ""62"": 0.085218521, ""63"": 0.002081898, ""66"": 0.365372467, ""67"": 0.107786098, ""68"": 0.473158565, ""70"": 0.168071335, ""71"": 0.060360215, ""72"": 0.22843155, ""73"": 0.22843155, ""101"": 0.581318239, ""114"": 1437.02138, ""116"": 143.0, ""117"": 57.0, ""210"": 14.17647059, ""212"": 10.37263641, ""213"": 3.875019461}","{""23"": 32.0, ""24"": 135.0, ""27"": 22.0, ""28"": 10.0, ""29"": 3.0, ""30"": 2.0, ""33"": 1.0, ""39"": 4.21875, ""40"": 10.38461538, ""41"": 12.0, ""42"": 80.0, ""43"": 1.0, ""47"": 15.0, ""48"": 6.0, ""49"": 1.0, ""50"": 1.0, ""53"": 12.0, ""58"": 14.0, ""59"": 56.0, ""60"": 6.66666667, ""61"": 6.15384615, ""65"": 1.0, ""66"": 1.0, ""68"": 1.0, ""69"": 1.0, ""70"": 1.0, ""72"": 1.0, ""73"": 1.0, ""114"": 240.0, ""116"": 22.0, ""117"": 6.0, ""155"": 7.0, ""156"": 6.0, ""158"": 6.0, ""184"": 1.0, ""210"": 13.0, ""212"": 7.0, ""213"": 5.0}",2026-08-24T23:49:59-04:00
Andy Dalton,14012,QB,CAR,ACTIVE,33.937121,72.6,0.0,27.6,169.77081192189107,0.7170021367573192,1039.0,342.0,"{""0"": 70.07020555, ""1"": 45.05118691, ""2"": 25.01901864, ""3"": 481.8704449, ""4"": 2.619913275, ""5"": 96.0, ""6"": 48.0, ""7"": 24.0, ""8"": 19.0, ""9"": 9.0, ""10"": 4.0, ""11"": 9.0, ""12"": 4.0, ""15"": 0.393113313, ""16"": 0.25689955, ""17"": 0.38822313, ""18"": 0.052438766, ""19"": 0.139008925, ""20"": 1.780003605, ""21"": 0.642943553, ""22"": 120.4676112, ""23"": 5.443506918, ""24"": 19.79944395, ""25"": 0.172625943, ""26"": 0.008857186, ""27"": 3.0, ""28"": 1.0, ""33"": 1.0, ""35"": 0.010234188, ""36"": 0.007163932, ""37"": 0.008458837, ""38"": 0.000288668, ""39"": 3.637258894, ""40"": 4.949860989, ""62"": 0.147866111, ""63"": 0.003372684, ""64"": 4.937742214, ""65"": 0.714654825, ""66"": 0.051864217, ""68"": 0.766519042, ""69"": 0.343034316, ""70"": 0.02385754, ""72"": 0.366891856, ""73"": 2.146895461, ""210"": 4.0, ""211"": 23.68142193, ""212"": 1.371701426}","{""0"": 160.0, ""1"": 106.0, ""2"": 54.0, ""3"": 989.0, ""4"": 7.0, ""5"": 196.0, ""6"": 97.0, ""7"": 47.0, ""8"": 36.0, ""9"": 17.0, ""10"": 8.0, ""11"": 20.0, ""12"": 8.0, ""13"": 10.0, ""14"": 4.0, ""17"": 1.0, ""20"": 6.0, ""21"": 0.6625, ""22"": 164.83333333, ""23"": 11.0, ""24"": 34.0, ""27"": 5.0, ""28"": 2.0, ""29"": 1.0, ""39"": 3.09090909, ""40"": 5.66666667, ""64"": 7.0, ""65"": 2.0, ""68"": 2.0, ""73"": 6.0, ""155"": 1.0, ""156"": 5.0, ""158"": 42.0, ""175"": 4.0, ""176"": 1.0, ""177"": 1.0, ""178"": 1.0, ""210"": 6.0, ""211"": 50.0, ""212"": 2.0}",2026-08-24T23:49:59-04:00
Josh Reynolds,3115306,WR,FA,ACTIVE,92.93208914,31.9,54.17266966,108.8,169.49609856262833,0.6570685555445946,306.0,234.0,"{""42"": 505.2811973, ""43"": 3.670726553, ""44"": 0.201824774, ""45"": 0.135476999, ""46"": 0.088534219, ""47"": 101.0, ""48"": 50.0, ""49"": 25.0, ""50"": 20.0, ""51"": 10.0, ""53"": 41.6920474, ""56"": 0.396496219, ""57"": 0.01226277, ""58"": 68.24320437, ""60"": 12.11936637, ""61"": 33.42326986, ""62"": 0.201824774, ""63"": 0.003418105, ""67"": 0.776842104, ""68"": 0.776842104, ""71"": 0.435031578, ""72"": 0.435031578, ""73"": 0.435031578, ""210"": 15.11764706, ""213"": 23.78797324}","{""41"": 13.0, ""42"": 194.0, ""43"": 1.0, ""47"": 37.0, ""48"": 17.0, ""49"": 7.0, ""50"": 5.0, ""51"": 1.0, ""53"": 13.0, ""54"": 1.0, ""58"": 24.0, ""59"": 35.0, ""60"": 14.92307692, ""61"": 21.55555556, ""108"": 1.0, ""109"": 1.0, ""155"": 4.0, ""156"": 5.0, ""158"": 6.0, ""183"": 1.0, ""210"": 9.0, ""213"": 8.0}",2026-08-24T23:49:59-04:00
Will Shipley,4431545,RB,PHI,ACTIVE,24.65437247,13.7,,,169.56078028747433,0.6438837099660658,438.0,2621.0,"{""23"": 33.72355202, ""24"": 145.1596811, ""25"": 0.788987485, ""26"": 0.030009243, ""27"": 29.0, ""28"": 14.0, ""29"": 7.0, ""30"": 5.0, ""31"": 2.0, ""33"": 6.0, ""34"": 3.0, ""35"": 0.063012719, ""36"": 0.044108904, ""37"": 0.055283682, ""38"": 0.00188662, ""39"": 4.304400704, ""40"": 10.23947958, ""42"": 27.0172959, ""43"": 0.15855531, ""44"": 0.009397012, ""45"": 0.038143719, ""46"": 0.024926921, ""47"": 5.0, ""48"": 2.0, ""49"": 1.0, ""50"": 1.0, ""53"": 3.837828978, ""56"": 0.014841688, ""57"": 0.000459021, ""58"": 4.973148243, ""60"": 7.039734198, ""61"": 1.905784358, ""62"": 0.039406256, ""63"": 0.001355539, ""66"": 0.276599415, ""67"": 0.031477741, ""68"": 0.308077156, ""70"": 0.127235731, ""71"": 0.017627535, ""72"": 0.144863266, ""73"": 0.144863266, ""101"": 0.007236255, ""114"": 23.74396127, ""116"": 2.0, ""210"": 14.17647059, ""212"": 9.610357801, ""213"": 0.602554398}","{""23"": 30.0, ""24"": 82.0, ""27"": 15.0, ""28"": 7.0, ""29"": 2.0, ""30"": 2.0, ""33"": 4.0, ""34"": 1.0, ""39"": 2.73333333, ""40"": 5.125, ""41"": 4.0, ""42"": 35.0, ""47"": 7.0, ""48"": 3.0, ""49"": 1.0, ""50"": 1.0, ""53"": 4.0, ""58"": 4.0, ""59"": 28.0, ""60"": 8.75, ""61"": 2.1875, ""107"": 1.0, ""108"": 5.0, ""109"": 6.0, ""114"": 173.0, ""116"": 15.0, ""117"": 5.0, ""155"": 13.0, ""156"": 3.0, ""210"": 16.0, ""212"": 2.0, ""213"": 2.0}",2026-08-24T23:49:59-04:00
Dalvin Cook,3116593,RB,FA,ACTIVE,0.0,3.5,140.95995671,32.7,169.70862422997948,0.633529621806782,1951.0,1750.0,{},"{""23"": 8.0, ""24"": 20.0, ""27"": 3.0, ""28"": 1.0, ""33"": 1.0, ""39"": 2.5, ""40"": 10.0, ""41"": 1.0, ""42"": 10.0, ""47"": 2.0, ""48"": 1.0, ""53"": 1.0, ""58"": 1.0, ""59"": 7.0, ""60"": 10.0, ""61"": 5.0, ""156"": 2.0, ""210"": 2.0, ""213"": 1.0}",2026-08-24T23:49:59-04:00
Joey Slye,3124084,K,NE,ACTIVE,122.19402143,113.0,118.71535769,97.0,169.48917302536606,0.6254348901547386,502.0,480.0,"{""74"": 4.459013059, ""75"": 6.643682838, ""76"": 2.184669779, ""77"": 7.247225399, ""78"": 9.241954839, ""79"": 1.99472944, ""80"": 16.10549576, ""81"": 17.00388132, ""82"": 0.898385566, ""83"": 27.81173422, ""84"": 32.889519, ""85"": 5.077784786, ""86"": 27.67135204, ""87"": 29.49516011, ""88"": 1.823808068, ""198"": 4.459013059, ""199"": 6.643682838, ""200"": 2.184669779, ""210"": 17.0, ""214"": 1050.076721, ""215"": 234.6865599, ""216"": 1284.763281}","{""74"": 6.0, ""75"": 9.0, ""76"": 3.0, ""77"": 5.0, ""78"": 7.0, ""79"": 2.0, ""80"": 15.0, ""81"": 17.0, ""82"": 2.0, ""83"": 26.0, ""84"": 33.0, ""85"": 7.0, ""86"": 25.0, ""87"": 26.0, ""88"": 1.0, ""155"": 4.0, ""156"": 13.0, ""158"": 103.0, ""198"": 5.0, ""199"": 7.0, ""200"": 2.0, ""201"": 1.0, ""202"": 2.0, ""203"": 1.0, ""210"": 17.0, ""214"": 1003.0, ""215"": 328.0, ""216"": 1331.0, ""217"": 195.0, ""218"": 95.0, ""219"": 44.0, ""220"": 34.0, ""221"": 14.0, ""222"": 5.0, ""223"": 63.0, ""224"": 30.0, ""225"": 13.0, ""226"": 10.0, ""227"": 3.0, ""229"": 260.0, ""230"": 127.0, ""231"": 61.0, ""232"": 46.0, ""233"": 20.0, ""234"": 9.0}",2026-08-24T23:49:59-04:00
Ja'Tavion Sanders,4431588,TE,CAR,ACTIVE,39.5016406,56.7,,,169.67714109673443,0.6189038635191699,472.0,455.0,"{""42"": 214.2404276, ""43"": 1.280510684, ""44"": 0.067890693, ""45"": 0.11971281, ""46"": 0.078232321, ""47"": 42.0, ""48"": 21.0, ""49"": 10.0, ""50"": 8.0, ""51"": 4.0, ""53"": 21.06008887, ""56"": 0.08212458, ""57"": 0.002539935, ""58"": 29.81956997, ""60"": 10.17281689, ""61"": 14.1715458, ""62"": 0.067890693, ""63"": 0.00106579, ""67"": 0.24222508, ""68"": 0.24222508, ""71"": 0.135646045, ""72"": 0.135646045, ""73"": 0.135646045, ""210"": 15.11764706, ""213"": 10.08211005}","{""41"": 33.0, ""42"": 342.0, ""43"": 1.0, ""47"": 63.0, ""48"": 27.0, ""49"": 12.0, ""50"": 8.0, ""51"": 2.0, ""53"": 33.0, ""54"": 2.0, ""58"": 43.0, ""59"": 185.0, ""60"": 10.36363636, ""61"": 21.375, ""67"": 1.0, ""68"": 1.0, ""155"": 5.0, ""156"": 11.0, ""158"": 6.0, ""183"": 1.0, ""210"": 16.0, ""213"": 13.0}",2026-08-24T23:49:59-04:00
Brock Wright,4242392,TE,DET,ACTIVE,30.96041306,28.5,0.0,21.6,168.40542205791743,0.6172697539636235,1000.0,461.0,"{""42"": 155.1419045, ""43"": 1.250730937, ""44"": 0.075329964, ""45"": 0.10652184, ""46"": 0.069612022, ""47"": 31.0, ""48"": 15.0, ""49"": 7.0, ""50"": 6.0, ""51"": 3.0, ""53"": 15.99261932, ""56"": 0.059938794, ""57"": 0.001853777, ""58"": 22.16817975, ""60"": 9.700843959, ""61"": 10.26230497, ""62"": 0.075329964, ""63"": 0.000805878, ""67"": 0.183154111, ""68"": 0.183154111, ""71"": 0.102566302, ""72"": 0.102566302, ""73"": 0.102566302, ""210"": 15.11764706, ""213"": 7.285183756}","{""41"": 13.0, ""42"": 100.0, ""43"": 2.0, ""47"": 16.0, ""48"": 7.0, ""49"": 2.0, ""50"": 1.0, ""53"": 13.0, ""58"": 16.0, ""59"": 75.0, ""60"": 7.69230769, ""61"": 5.88235294, ""155"": 15.0, ""156"": 2.0, ""158"": 12.0, ""183"": 2.0, ""210"": 17.0, ""213"": 7.0}",2026-08-24T23:49:59-04:00
Dare Ogunbowale,2983509,RB,HOU,ACTIVE,25.1455808,46.5,52.7109518,9.3,169.54989733059548,0.6055155476178516,433.0,292.0,"{""23"": 19.96259098, ""24"": 80.98941666, ""25"": 0.46897392, ""26"": 0.029291994, ""27"": 16.0, ""28"": 8.0, ""29"": 4.0, ""30"": 3.0, ""31"": 1.0, ""33"": 3.0, ""34"": 1.0, ""35"": 0.037008209, ""36"": 0.025905747, ""37"": 0.016432477, ""38"": 0.000560777, ""39"": 4.057059364, ""40"": 5.712946403, ""42"": 74.67194889, ""43"": 0.314220045, ""44"": 0.014879332, ""45"": 0.035116402, ""46"": 0.022948569, ""47"": 14.0, ""48"": 7.0, ""49"": 3.0, ""50"": 2.0, ""51"": 1.0, ""53"": 10.1003761, ""56"": 0.034897694, ""57"": 0.00107931, ""58"": 14.58465968, ""60"": 7.392986968, ""61"": 5.267315897, ""62"": 0.044171326, ""63"": 0.00115104, ""66"": 0.173709256, ""67"": 0.087890836, ""68"": 0.261600093, ""70"": 0.079906258, ""71"": 0.049218868, ""72"": 0.129125126, ""73"": 0.129125126, ""210"": 14.17647059, ""212"": 6.369035314, ""213"": 3.34014755}","{""23"": 30.0, ""24"": 112.0, ""27"": 20.0, ""28"": 8.0, ""29"": 2.0, ""30"": 2.0, ""33"": 3.0, ""34"": 1.0, ""39"": 3.73333333, ""40"": 6.58823529, ""41"": 19.0, ""42"": 198.0, ""43"": 1.0, ""47"": 37.0, ""48"": 16.0, ""49"": 7.0, ""50"": 5.0, ""51"": 1.0, ""53"": 19.0, ""54"": 1.0, ""58"": 28.0, ""59"": 168.0, ""60"": 10.42105263, ""61"": 11.64705882, ""106"": 1.0, ""107"": 3.0, ""108"": 3.0, ""109"": 6.0, ""114"": 12.0, ""116"": 1.0, ""155"": 10.0, ""156"": 7.0, ""158"": 6.0, ""183"": 1.0, ""210"": 17.0, ""212"": 5.0, ""213"": 8.0}",2026-08-24T23:49:59-04:00
Kalif Raymond,2973405,WR,DET,ACTIVE,67.57226299,48.0,0.0,79.9,169.15790554414784,0.5906831832013576,359.0,1864.0,"{""23"": 4.485934292, ""24"": 29.90681914, ""25"": 0.199839996, ""26"": 0.008372337, ""27"": 5.0, ""28"": 2.0, ""29"": 1.0, ""30"": 1.0, ""35"": 0.008246905, ""36"": 0.005772834, ""37"": 0.002097366, ""38"": 7.1575e-05, ""39"": 6.666798307, ""40"": 1.978272083, ""42"": 359.3139924, ""43"": 1.780189944, ""44"": 0.107191554, ""45"": 0.191667552, ""46"": 0.125254745, ""47"": 71.0, ""48"": 35.0, ""49"": 17.0, ""50"": 14.0, ""51"": 7.0, ""53"": 32.45321526, ""56"": 0.176340176, ""57"": 0.00545382, ""58"": 44.66592161, ""60"": 11.07175328, ""61"": 23.76785164, ""62"": 0.115563891, ""63"": 0.003250645, ""66"": 0.089718686, ""67"": 0.649064305, ""68"": 0.738782991, ""70"": 0.041270595, ""71"": 0.363476011, ""72"": 0.404746606, ""73"": 0.404746606, ""102"": 0.18696, ""115"": 313.785, ""118"": 31.0, ""119"": 12.0, ""210"": 15.11764706, ""212"": 3.503318968, ""213"": 16.88386582}","{""23"": 2.0, ""24"": 0.0, ""27"": 2.0, ""28"": 1.0, ""39"": 0.0, ""40"": 0.0, ""41"": 17.0, ""42"": 215.0, ""43"": 2.0, ""47"": 39.0, ""48"": 18.0, ""49"": 6.0, ""50"": 5.0, ""51"": 1.0, ""53"": 17.0, ""58"": 22.0, ""59"": 137.0, ""60"": 12.64705882, ""61"": 17.91666667, ""102"": 1.0, ""105"": 1.0, ""114"": 26.0, ""115"": 413.0, ""116"": 2.0, ""117"": 1.0, ""118"": 38.0, ""119"": 11.0, ""155"": 11.0, ""156"": 1.0, ""158"": 18.0, ""183"": 1.0, ""185"": 1.0, ""210"": 12.0, ""212"": 1.0, ""213"": 10.0}",2026-08-24T23:49:59-04:00
Greg Dortch,4037235,WR,ARI,ACTIVE,60.05739565,71.8,0.0,52.5,169.70308008213553,0.5905016207475048,373.0,232.0,"{""23"": 4.08821576, ""24"": 25.62042604, ""25"": 0.16577411, ""26"": 0.011362401, ""27"": 5.0, ""28"": 2.0, ""29"": 1.0, ""30"": 1.0, ""35"": 0.007514143, ""36"": 0.0052599, ""37"": 0.001517333, ""38"": 5.17808e-05, ""39"": 6.266896746, ""40"": 1.694736353, ""42"": 333.02171, ""43"": 1.232427483, ""44"": 0.116494805, ""45"": 0.130914217, ""46"": 0.085552441, ""47"": 66.0, ""48"": 33.0, ""49"": 16.0, ""50"": 13.0, ""51"": 6.0, ""53"": 29.86314393, ""56"": 0.211770684, ""57"": 0.006549609, ""58"": 44.98864167, ""60"": 11.15159579, ""61"": 22.02867343, ""62"": 0.127857206, ""63"": 0.00298772, ""66"": 0.081764315, ""67"": 0.597262879, ""68"": 0.679027194, ""70"": 0.037611585, ""71"": 0.334467212, ""72"": 0.372078797, ""73"": 0.372078797, ""101"": 0.131047284, ""102"": 0.09576, ""114"": 536.8068655, ""115"": 169.016129, ""116"": 53.0, ""117"": 21.0, ""118"": 16.0, ""119"": 6.0, ""210"": 15.11764706, ""212"": 3.309028683, ""213"": 15.34447652}","{""23"": 5.0, ""24"": 31.0, ""27"": 4.0, ""39"": 6.2, ""40"": 1.82352941, ""41"": 37.0, ""42"": 342.0, ""43"": 3.0, ""47"": 64.0, ""48"": 26.0, ""49"": 10.0, ""50"": 7.0, ""51"": 1.0, ""53"": 37.0, ""54"": 1.0, ""58"": 50.0, ""59"": 294.0, ""60"": 9.24324324, ""61"": 20.11764706, ""65"": 1.0, ""66"": 1.0, ""67"": 1.0, ""68"": 3.0, ""71"": 1.0, ""72"": 1.0, ""73"": 1.0, ""114"": 186.0, ""115"": 202.0, ""116"": 14.0, ""117"": 6.0, ""118"": 17.0, ""119"": 3.0, ""155"": 8.0, ""156"": 9.0, ""158"": 18.0, ""183"": 2.0, ""185"": 1.0, ""210"": 17.0, ""212"": 1.0, ""213"": 16.0}",2026-08-24T23:49:59-04:00
Jonathan Mingo,4426485,WR,DAL,ACTIVE,68.24703503,23.7,0.0,63.3,169.49486652977413,0.579970998424038,358.0,330.0,"{""42"": 420.1082844, ""43"": 1.779758695, ""44"": 0.094302701, ""45"": 0.142569333, ""46"": 0.093169059, ""47"": 84.0, ""48"": 42.0, ""49"": 21.0, ""50"": 16.0, ""51"": 8.0, ""53"": 32.17975088, ""56"": 0.251624777, ""57"": 0.00778221, ""58"": 56.07921035, ""60"": 13.05505086, ""61"": 27.78926395, ""62"": 0.094302701, ""63"": 0.002831818, ""67"": 0.643595018, ""68"": 0.643595018, ""71"": 0.36041321, ""72"": 0.36041321, ""73"": 0.36041321, ""210"": 15.11764706, ""213"": 18.49782607}","{""23"": 2.0, ""24"": 5.0, ""39"": 2.5, ""40"": 0.29411765, ""41"": 17.0, ""42"": 167.0, ""47"": 29.0, ""48"": 13.0, ""49"": 5.0, ""50"": 2.0, ""53"": 17.0, ""58"": 42.0, ""59"": 67.0, ""60"": 9.82352941, ""61"": 9.82352941, ""66"": 1.0, ""68"": 1.0, ""70"": 1.0, ""72"": 1.0, ""73"": 1.0, ""108"": 1.0, ""109"": 1.0, ""155"": 6.0, ""156"": 11.0, ""210"": 17.0, ""213"": 6.0}",2026-08-24T23:49:59-04:00
Spencer Rattler,4426339,QB,NO,ACTIVE,35.36624928,74.8,,,169.87523124357656,0.5615964327530413,1033.0,1536.0,"{""0"": 66.56545735, ""1"": 43.66350763, ""2"": 22.90194972, ""3"": 473.4369134, ""4"": 2.798410082, ""5"": 94.0, ""6"": 47.0, ""7"": 23.0, ""8"": 18.0, ""9"": 9.0, ""10"": 4.0, ""11"": 8.0, ""12"": 4.0, ""15"": 0.380745634, ""16"": 0.248817272, ""17"": 0.365372769, ""18"": 0.049352281, ""19"": 0.139707391, ""20"": 1.552106135, ""21"": 0.655948436, ""22"": 118.3592284, ""23"": 5.513341059, ""24"": 24.36501451, ""25"": 0.188304246, ""26"": 0.010820991, ""27"": 4.0, ""28"": 2.0, ""29"": 1.0, ""33"": 1.0, ""35"": 0.010368743, ""36"": 0.00725812, ""37"": 0.01284274, ""38"": 0.000438273, ""39"": 4.419283017, ""40"": 6.091253627, ""62"": 0.150528382, ""63"": 0.004539064, ""64"": 4.818622699, ""65"": 0.95764202, ""66"": 0.073963369, ""68"": 1.031605389, ""69"": 0.459668169, ""70"": 0.03402315, ""72"": 0.493691319, ""73"": 2.045797454, ""210"": 4.0, ""211"": 23.1973746, ""212"": 1.541790226}","{""0"": 228.0, ""1"": 130.0, ""2"": 98.0, ""3"": 1317.0, ""4"": 4.0, ""5"": 261.0, ""6"": 129.0, ""7"": 62.0, ""8"": 49.0, ""9"": 23.0, ""10"": 10.0, ""11"": 25.0, ""12"": 11.0, ""13"": 18.0, ""14"": 7.0, ""20"": 5.0, ""21"": 0.57017544, ""22"": 188.14285714, ""23"": 18.0, ""24"": 146.0, ""27"": 27.0, ""28"": 12.0, ""29"": 5.0, ""30"": 4.0, ""33"": 2.0, ""39"": 8.11111111, ""40"": 20.85714286, ""64"": 22.0, ""65"": 4.0, ""66"": 1.0, ""68"": 5.0, ""69"": 3.0, ""72"": 3.0, ""73"": 8.0, ""156"": 7.0, ""158"": 24.0, ""175"": 2.0, ""176"": 1.0, ""178"": 1.0, ""210"": 7.0, ""211"": 62.0, ""212"": 7.0}",2026-08-24T23:49:59-04:00
Anders Carlson,4242519,K,NYJ,ACTIVE,0.0,60.0,0.0,119.0,169.82676840585688,0.5611177664533509,2521.0,2510.0,{},"{""74"": 3.0, ""75"": 3.0, ""77"": 5.0, ""78"": 7.0, ""79"": 2.0, ""80"": 5.0, ""81"": 5.0, ""83"": 13.0, ""84"": 15.0, ""85"": 2.0, ""86"": 12.0, ""87"": 15.0, ""88"": 3.0, ""96"": 1.0, ""155"": 2.0, ""156"": 5.0, ""158"": 51.0, ""198"": 3.0, ""199"": 3.0, ""210"": 7.0, ""214"": 511.0, ""215"": 97.0, ""216"": 608.0, ""217"": 100.0, ""218"": 49.0, ""219"": 23.0, ""220"": 17.0, ""221"": 6.0, ""222"": 2.0, ""223"": 18.0, ""224"": 8.0, ""225"": 4.0, ""226"": 2.0, ""229"": 120.0, ""230"": 59.0, ""231"": 27.0, ""232"": 21.0, ""233"": 8.0, ""234"": 2.0}",2026-08-24T23:49:59-04:00
Johnny Mundt,3052096,TE,JAX,ACTIVE,41.69323827,35.7,0.0,31.7,169.90223865270076,0.5598943517911051,460.0,1998.0,"{""42"": 222.7182727, ""43"": 1.269456783, ""44"": 0.065705039, ""45"": 0.077173843, ""46"": 0.050433106, ""47"": 44.0, ""48"": 22.0, ""49"": 11.0, ""50"": 8.0, ""51"": 4.0, ""53"": 23.9612071, ""56"": 0.188288684, ""57"": 0.005823361, ""58"": 34.03258465, ""60"": 9.294952119, ""61"": 14.73233711, ""62"": 0.065705039, ""63"": 0.00120742, ""67"": 0.274413683, ""68"": 0.274413683, ""71"": 0.153671663, ""72"": 0.153671663, ""73"": 0.153671663, ""210"": 15.11764706, ""213"": 10.97263617}","{""41"": 19.0, ""42"": 142.0, ""43"": 2.0, ""47"": 25.0, ""48"": 10.0, ""49"": 2.0, ""50"": 1.0, ""53"": 19.0, ""58"": 27.0, ""59"": 83.0, ""60"": 7.47368421, ""61"": 8.35294118, ""155"": 14.0, ""156"": 3.0, ""158"": 12.0, ""183"": 2.0, ""210"": 17.0, ""213"": 8.0}",2026-08-24T23:49:59-04:00
Mason Tipton,4573697,WR,NO,ACTIVE,7.48045359,16.9,,,169.95256673511292,0.5357302805018871,1109.0,963.0,"{""42"": 41.11932253, ""43"": 0.265381901, ""44"": 0.013273706, ""45"": 0.141785699, ""46"": 0.092656954, ""47"": 8.0, ""48"": 4.0, ""49"": 2.0, ""50"": 1.0, ""53"": 3.479578237, ""56"": 0.021369266, ""57"": 0.000660905, ""58"": 5.415897273, ""60"": 11.8173295, ""61"": 2.719955187, ""62"": 0.013273706, ""63"": 0.000162669, ""67"": 0.03697018, ""68"": 0.03697018, ""71"": 0.020703301, ""72"": 0.020703301, ""73"": 0.020703301, ""102"": 0.00855, ""115"": 13.8, ""118"": 1.0, ""210"": 15.11764706, ""213"": 0.953458886}","{""41"": 14.0, ""42"": 99.0, ""47"": 18.0, ""48"": 7.0, ""49"": 2.0, ""50"": 1.0, ""53"": 14.0, ""54"": 1.0, ""58"": 26.0, ""59"": 27.0, ""60"": 7.07142857, ""61"": 9.0, ""114"": 21.0, ""116"": 2.0, ""155"": 3.0, ""156"": 8.0, ""210"": 11.0, ""213"": 2.0}",2026-08-24T23:49:59-04:00
John Metchie III,4567096,WR,HOU,ACTIVE,39.73641536,43.4,0.0,24.2,169.8406570841889,0.5344612840869615,992.0,1362.0,"{""42"": 221.1666033, ""43"": 1.534975256, ""44"": 0.07268012, ""45"": 0.150594417, ""46"": 0.098413451, ""47"": 44.0, ""48"": 22.0, ""49"": 11.0, ""50"": 8.0, ""51"": 4.0, ""53"": 17.30432004, ""56"": 0.082914381, ""57"": 0.002564362, ""58"": 29.16931936, ""60"": 12.78100513, ""61"": 14.62969749, ""62"": 0.07268012, ""63"": 0.00152278, ""67"": 0.346086401, ""68"": 0.346086401, ""71"": 0.193808384, ""72"": 0.193808384, ""73"": 0.193808384, ""210"": 15.11764706, ""213"": 9.52109778}","{""41"": 24.0, ""42"": 254.0, ""43"": 1.0, ""47"": 46.0, ""48"": 20.0, ""49"": 8.0, ""50"": 5.0, ""51"": 1.0, ""53"": 24.0, ""54"": 2.0, ""58"": 37.0, ""59"": 69.0, ""60"": 10.58333333, ""61"": 19.53846154, ""67"": 1.0, ""68"": 1.0, ""108"": 2.0, ""109"": 2.0, ""155"": 8.0, ""156"": 5.0, ""158"": 6.0, ""184"": 1.0, ""210"": 13.0, ""213"": 12.0}",2026-08-24T23:49:59-04:00
Mack Hollins,2991662,WR,NE,ACTIVE,22.50614272,83.3,0.0,34.1,169.63798767967145,0.5313737463846311,1046.0,356.0,"{""42"": 122.2860371, ""43"": 0.897659226, ""44"": 0.047769362, ""45"": 0.129750322, ""46"": 0.084791835, ""47"": 24.0, ""48"": 12.0, ""49"": 6.0, ""50"": 4.0, ""51"": 2.0, ""53"": 9.961710208, ""56"": 0.050125219, ""57"": 0.001550265, ""58"": 16.72902464, ""60"": 12.27560675, ""61"": 8.088959649, ""62"": 0.047769362, ""63"": 0.00072604, ""67"": 0.165009081, ""68"": 0.165009081, ""71"": 0.092405085, ""72"": 0.092405085, ""73"": 0.092405085, ""210"": 15.11764706, ""213"": 4.860128208}","{""41"": 31.0, ""42"": 378.0, ""43"": 5.0, ""47"": 72.0, ""48"": 30.0, ""49"": 13.0, ""50"": 12.0, ""51"": 2.0, ""53"": 31.0, ""54"": 1.0, ""58"": 50.0, ""59"": 90.0, ""60"": 12.19354839, ""61"": 22.23529412, ""96"": 1.0, ""107"": 1.0, ""108"": 1.0, ""109"": 2.0, ""114"": 38.0, ""116"": 3.0, ""117"": 1.0, ""155"": 13.0, ""156"": 4.0, ""158"": 30.0, ""183"": 3.0, ""184"": 1.0, ""185"": 1.0, ""210"": 17.0, ""213"": 25.0}",2026-08-24T23:49:59-04:00
Eric Gray,4570561,RB,NYG,ACTIVE,50.44020123,12.3,0.0,10.0,169.66139630390143,0.5189076914417754,350.0,355.0,"{""23"": 53.63041779, ""24"": 227.1248767, ""25"": 1.61374135, ""26"": 0.078282223, ""27"": 45.0, ""28"": 22.0, ""29"": 11.0, ""30"": 9.0, ""31"": 4.0, ""33"": 10.0, ""34"": 5.0, ""35"": 0.101277562, ""36"": 0.070894293, ""37"": 0.134982467, ""38"": 0.004606434, ""39"": 4.235001069, ""40"": 16.02125686, ""42"": 88.647853, ""43"": 0.456154669, ""44"": 0.025983425, ""45"": 0.035513431, ""46"": 0.023208027, ""47"": 17.0, ""48"": 8.0, ""49"": 4.0, ""50"": 3.0, ""51"": 1.0, ""53"": 13.36020684, ""56"": 0.039686939, ""57"": 0.001227431, ""58"": 17.2918044, ""60"": 6.63521561, ""61"": 6.253168054, ""62"": 0.104265648, ""63"": 0.002510508, ""66"": 0.456778922, ""67"": 0.113791038, ""68"": 0.57056996, ""70"": 0.210118304, ""71"": 0.063722981, ""72"": 0.273841285, ""73"": 0.273841285, ""102"": 0.0171, ""115"": 27.6, ""118"": 2.0, ""119"": 1.0, ""210"": 14.17647059, ""212"": 14.20219997, ""213"": 4.526610372}","{""23"": 14.0, ""24"": 31.0, ""27"": 4.0, ""28"": 1.0, ""39"": 2.21428571, ""40"": 1.82352941, ""41"": 10.0, ""42"": 82.0, ""47"": 13.0, ""48"": 5.0, ""49"": 2.0, ""50"": 2.0, ""51"": 1.0, ""53"": 10.0, ""58"": 11.0, ""59"": 103.0, ""60"": 8.2, ""61"": 4.82352941, ""66"": 1.0, ""68"": 3.0, ""70"": 1.0, ""72"": 2.0, ""73"": 2.0, ""114"": 554.0, ""116"": 51.0, ""117"": 19.0, ""155"": 3.0, ""156"": 14.0, ""210"": 17.0, ""212"": 1.0, ""213"": 3.0}",2026-08-24T23:49:59-04:00
Michael Badgley,3123052,K,DET,ACTIVE,0.0,0.0,0.0,26.0,169.49700969272016,0.5140765863626319,1963.0,1758.0,{},{},2026-08-24T23:49:59-04:00
Trayveon Williams,4035222,RB,CIN,ACTIVE,39.24736079,0.0,0.0,11.4,169.76714579055442,0.5121917120929413,378.0,437.0,"{""23"": 41.59395766, ""24"": 181.8567511, ""25"": 1.384095484, ""26"": 0.081184746, ""27"": 36.0, ""28"": 18.0, ""29"": 9.0, ""30"": 7.0, ""31"": 3.0, ""33"": 8.0, ""34"": 4.0, ""35"": 0.07805731, ""36"": 0.054640117, ""37"": 0.087221522, ""38"": 0.002976536, ""39"": 4.372191571, ""40"": 12.82806958, ""42"": 59.66671376, ""43"": 0.259104408, ""44"": 0.012631492, ""45"": 0.03548148, ""46"": 0.023187147, ""47"": 11.0, ""48"": 5.0, ""49"": 2.0, ""50"": 2.0, ""51"": 1.0, ""53"": 9.225349784, ""56"": 0.029230624, ""57"": 0.00090404, ""58"": 11.75340006, ""60"": 6.467691215, ""61"": 4.208855327, ""62"": 0.093816238, ""63"": 0.002104376, ""66"": 0.391446213, ""67"": 0.086820982, ""68"": 0.478267195, ""70"": 0.180065258, ""71"": 0.04861975, ""72"": 0.228685008, ""73"": 0.228685008, ""101"": 0.148812933, ""114"": 671.2204449, ""116"": 67.0, ""117"": 26.0, ""210"": 14.17647059, ""212"": 11.77125246, ""213"": 2.70437702}","{""107"": 1.0, ""108"": 1.0, ""109"": 2.0, ""114"": 97.0, ""116"": 9.0, ""117"": 2.0, ""155"": 9.0, ""156"": 8.0, ""210"": 17.0}",2026-08-24T23:49:59-04:00
Zay Jones,3059722,WR,ARI,ACTIVE,58.48074915,12.4,0.0,61.1,169.9782340862423,0.5112758474814763,328.0,1837.0,"{""42"": 328.2874673, ""43"": 1.931009669, ""44"": 0.182898987, ""45"": 0.072795383, ""46"": 0.047571783, ""47"": 65.0, ""48"": 32.0, ""49"": 16.0, ""50"": 13.0, ""51"": 6.0, ""53"": 28.37720199, ""56"": 0.225783002, ""57"": 0.006982979, ""58"": 47.2247741, ""60"": 11.5687046, ""61"": 31.00492747, ""62"": 0.182898987, ""63"": 0.001918929, ""67"": 0.436120149, ""68"": 0.436120149, ""71"": 0.244227283, ""72"": 0.244227283, ""73"": 0.244227283, ""210"": 10.58823529, ""213"": 15.49904071}","{""41"": 8.0, ""42"": 84.0, ""47"": 14.0, ""48"": 6.0, ""49"": 2.0, ""50"": 1.0, ""53"": 8.0, ""58"": 11.0, ""59"": 19.0, ""60"": 10.5, ""61"": 7.63636364, ""108"": 1.0, ""109"": 1.0, ""155"": 6.0, ""156"": 5.0, ""210"": 11.0, ""213"": 5.0}",2026-08-24T23:49:59-04:00
Julius Chestnut,4367567,RB,TEN,ACTIVE,30.55862972,12.3,0.0,0.0,169.8271047227926,0.4962140904466532,403.0,2447.0,"{""23"": 30.86078331, ""24"": 130.0384275, ""25"": 0.928689285, ""26"": 0.053502513, ""27"": 26.0, ""28"": 13.0, ""29"": 6.0, ""30"": 5.0, ""31"": 2.0, ""33"": 6.0, ""34"": 3.0, ""35"": 0.05760854, ""36"": 0.040325978, ""37"": 0.045699168, ""38"": 0.001559537, ""39"": 4.213711175, ""40"": 9.868987801, ""42"": 60.88342273, ""43"": 0.292366935, ""44"": 0.014643841, ""45"": 0.036668981, ""46"": 0.023963179, ""47"": 12.0, ""48"": 6.0, ""49"": 3.0, ""50"": 2.0, ""51"": 1.0, ""53"": 8.656417426, ""56"": 0.029405972, ""57"": 0.000909463, ""58"": 11.27598701, ""60"": 7.033327962, ""61"": 4.620616904, ""62"": 0.068146354, ""63"": 0.001480927, ""66"": 0.262846271, ""67"": 0.073728104, ""68"": 0.336574375, ""70"": 0.120909285, ""71"": 0.041287738, ""72"": 0.162197023, ""73"": 0.162197023, ""210"": 13.17647059, ""212"": 8.9081277, ""213"": 2.689482213}","{""23"": 22.0, ""24"": 102.0, ""27"": 18.0, ""28"": 8.0, ""29"": 2.0, ""30"": 1.0, ""33"": 2.0, ""39"": 4.63636364, ""40"": 6.0, ""41"": 2.0, ""42"": 11.0, ""47"": 1.0, ""53"": 2.0, ""58"": 3.0, ""59"": 14.0, ""60"": 5.5, ""61"": 0.64705882, ""96"": 1.0, ""107"": 1.0, ""108"": 1.0, ""109"": 2.0, ""114"": 337.0, ""116"": 32.0, ""117"": 10.0, ""155"": 3.0, ""156"": 14.0, ""210"": 17.0, ""212"": 2.0}",2026-08-24T23:49:59-04:00
Chris Rodriguez Jr.,4362619,RB,WSH,ACTIVE,0.0,31.0,0.0,36.9,169.9605749486653,0.4955465567442567,2539.0,2547.0,{},"{""23"": 35.0, ""24"": 173.0, ""25"": 2.0, ""27"": 32.0, ""28"": 15.0, ""29"": 6.0, ""30"": 5.0, ""31"": 2.0, ""33"": 5.0, ""34"": 2.0, ""39"": 4.94285714, ""40"": 19.22222222, ""41"": 1.0, ""42"": 12.0, ""47"": 2.0, ""48"": 1.0, ""53"": 1.0, ""58"": 1.0, ""59"": 11.0, ""60"": 12.0, ""61"": 1.33333333, ""108"": 1.0, ""109"": 1.0, ""155"": 7.0, ""156"": 2.0, ""158"": 12.0, ""179"": 2.0, ""210"": 9.0, ""212"": 10.0, ""213"": 1.0}",2026-08-24T23:49:59-04:00
Tyler Higbee,2573401,TE,LAR,ACTIVE,55.54783891,22.6,0.0,85.0,169.83507907167797,0.48218336403845363,464.0,350.0,"{""42"": 319.7994625, ""43"": 1.388927206, ""44"": 0.074359068, ""45"": 0.076227394, ""46"": 0.049814602, ""47"": 63.0, ""48"": 31.0, ""49"": 15.0, ""50"": 12.0, ""51"": 6.0, ""53"": 30.7917837, ""56"": 0.211432649, ""57"": 0.006539154, ""58"": 45.53352272, ""60"": 10.38587, ""61"": 29.22898313, ""62"": 0.074359068, ""63"": 0.001218959, ""67"": 0.277036219, ""68"": 0.277036219, ""71"": 0.155140283, ""72"": 0.155140283, ""73"": 0.155140283, ""210"": 10.94117647, ""213"": 15.59367164}","{""41"": 8.0, ""42"": 66.0, ""43"": 2.0, ""47"": 12.0, ""48"": 5.0, ""49"": 2.0, ""50"": 1.0, ""53"": 8.0, ""54"": 1.0, ""58"": 12.0, ""59"": 48.0, ""60"": 8.25, ""61"": 22.0, ""155"": 2.0, ""156"": 1.0, ""158"": 12.0, ""183"": 1.0, ""184"": 1.0, ""210"": 3.0, ""213"": 5.0}",2026-08-24T23:49:59-04:00
Riley Patterson,4243371,K,FA,ACTIVE,0.0,27.0,0.0,91.0,169.97257166426067,0.4709283812713638,2311.0,2305.0,{},"{""74"": 1.0, ""75"": 3.0, ""76"": 2.0, ""78"": 1.0, ""79"": 1.0, ""80"": 3.0, ""81"": 3.0, ""83"": 4.0, ""84"": 7.0, ""85"": 3.0, ""86"": 16.0, ""87"": 16.0, ""155"": 2.0, ""156"": 3.0, ""158"": 28.0, ""198"": 1.0, ""199"": 3.0, ""200"": 2.0, ""210"": 5.0, ""214"": 159.0, ""215"": 151.0, ""216"": 310.0, ""217"": 30.0, ""218"": 14.0, ""219"": 6.0, ""220"": 5.0, ""221"": 1.0, ""223"": 29.0, ""224"": 14.0, ""225"": 6.0, ""226"": 5.0, ""227"": 2.0, ""229"": 61.0, ""230"": 30.0, ""231"": 14.0, ""232"": 11.0, ""233"": 4.0, ""234"": 1.0}",2026-08-24T23:49:59-04:00
Jermaine Burton,4429033,WR,CIN,ACTIVE,57.3598986,12.7,,,169.75728952772073,0.4700063789173755,407.0,2645.0,"{""42"": 317.8171588, ""43"": 2.015766134, ""44"": 0.098230927, ""45"": 0.149675211, ""46"": 0.097812751, ""47"": 63.0, ""48"": 31.0, ""49"": 15.0, ""50"": 12.0, ""51"": 6.0, ""53"": 27.22212885, ""56"": 0.13937288, ""57"": 0.004310501, ""58"": 41.99430882, ""60"": 11.67495608, ""61"": 21.0229249, ""62"": 0.098230927, ""63"": 0.001272623, ""67"": 0.289232468, ""68"": 0.289232468, ""71"": 0.161970182, ""72"": 0.161970182, ""73"": 0.161970182, ""210"": 15.11764706, ""213"": 14.64353959}","{""41"": 4.0, ""42"": 107.0, ""47"": 20.0, ""48"": 9.0, ""49"": 4.0, ""50"": 2.0, ""53"": 4.0, ""58"": 14.0, ""59"": 22.0, ""60"": 26.75, ""61"": 7.64285714, ""114"": 378.0, ""116"": 34.0, ""117"": 11.0, ""155"": 6.0, ""156"": 8.0, ""210"": 14.0, ""213"": 4.0}",2026-08-24T23:49:59-04:00
Van Jefferson,3930066,WR,TEN,ACTIVE,65.73063864,51.6,0.0,31.3,169.55585215605748,0.45638859300861817,370.0,370.0,"{""42"": 402.9720745, ""43"": 1.982004509, ""44"": 0.114139778, ""45"": 0.17857698, ""46"": 0.116700057, ""47"": 80.0, ""48"": 40.0, ""49"": 20.0, ""50"": 16.0, ""51"": 8.0, ""53"": 27.63655129, ""56"": 0.226275223, ""57"": 0.006998203, ""58"": 50.99067215, ""60"": 14.58112737, ""61"": 26.65574034, ""62"": 0.114139778, ""63"": 0.001984522, ""67"": 0.451027735, ""68"": 0.451027735, ""71"": 0.252575531, ""72"": 0.252575531, ""73"": 0.252575531, ""210"": 15.11764706, ""213"": 17.07243307}","{""41"": 24.0, ""42"": 276.0, ""43"": 2.0, ""47"": 51.0, ""48"": 23.0, ""49"": 9.0, ""50"": 6.0, ""51"": 1.0, ""53"": 24.0, ""58"": 40.0, ""59"": 78.0, ""60"": 11.5, ""61"": 16.23529412, ""155"": 10.0, ""156"": 7.0, ""158"": 12.0, ""183"": 1.0, ""184"": 1.0, ""210"": 17.0, ""213"": 12.0}",2026-08-24T23:49:59-04:00
Dorian Thompson-Robinson,4367178,QB,PHI,ACTIVE,0.0,15.4,0.0,23.7,169.86803699897226,0.4483937861534544,1495.0,1414.0,{},"{""0"": 118.0, ""1"": 61.0, ""2"": 57.0, ""3"": 440.0, ""5"": 86.0, ""6"": 42.0, ""7"": 19.0, ""8"": 15.0, ""9"": 7.0, ""10"": 2.0, ""11"": 10.0, ""12"": 5.0, ""13"": 9.0, ""14"": 4.0, ""20"": 6.0, ""21"": 0.51694915, ""22"": 62.85714286, ""23"": 21.0, ""24"": 122.0, ""27"": 22.0, ""28"": 10.0, ""29"": 4.0, ""30"": 2.0, ""33"": 1.0, ""39"": 5.80952381, ""40"": 17.42857143, ""64"": 8.0, ""65"": 3.0, ""66"": 1.0, ""68"": 3.0, ""69"": 1.0, ""72"": 1.0, ""73"": 7.0, ""155"": 1.0, ""156"": 6.0, ""210"": 7.0, ""211"": 20.0, ""212"": 9.0}",2026-08-24T23:49:59-04:00
Erick All Jr.,4427834,TE,CIN,QUESTIONABLE,16.25087928,25.8,,,169.83364140480592,0.4134917416644979,1058.0,351.0,"{""42"": 84.05837218, ""43"": 0.601051481, ""44"": 0.029293176, ""45"": 0.103733097, ""46"": 0.067789579, ""47"": 16.0, ""48"": 8.0, ""49"": 4.0, ""50"": 3.0, ""51"": 1.0, ""53"": 8.581381106, ""56"": 0.038159267, ""57"": 0.001180184, ""58"": 12.09636351, ""60"": 9.795436323, ""61"": 5.560281428, ""62"": 0.029293176, ""63"": 0.000434279, ""67"": 0.09869976, ""68"": 0.09869976, ""71"": 0.055271866, ""72"": 0.055271866, ""73"": 0.055271866, ""210"": 15.11764706, ""213"": 3.370049089}","{""41"": 20.0, ""42"": 158.0, ""47"": 29.0, ""48"": 14.0, ""49"": 5.0, ""50"": 3.0, ""53"": 20.0, ""58"": 22.0, ""59"": 87.0, ""60"": 7.9, ""61"": 17.55555556, ""155"": 4.0, ""156"": 5.0, ""210"": 9.0, ""213"": 8.0}",2026-08-24T23:49:59-04:00
Graham Gano,12460,K,NYG,ACTIVE,122.10089244,48.0,140.23754582,44.0,169.18560527943907,0.41141024081278976,503.0,1806.0,"{""74"": 4.475901664, ""75"": 6.64661812, ""76"": 2.170716456, ""77"": 7.27118036, ""78"": 9.246038077, ""79"": 1.974857718, ""80"": 16.15079402, ""81"": 17.0113939, ""82"": 0.860599876, ""83"": 27.89787605, ""84"": 32.9040501, ""85"": 5.006174049, ""86"": 27.19045467, ""87"": 28.91339262, ""88"": 1.722937948, ""198"": 4.475901664, ""199"": 6.64661812, ""200"": 2.170716456, ""210"": 17.0, ""214"": 1053.425627, ""215"": 231.9052822, ""216"": 1285.330909}","{""74"": 2.0, ""75"": 2.0, ""77"": 4.0, ""78"": 5.0, ""79"": 1.0, ""80"": 3.0, ""81"": 4.0, ""82"": 1.0, ""83"": 9.0, ""84"": 11.0, ""85"": 2.0, ""86"": 15.0, ""87"": 15.0, ""108"": 1.0, ""109"": 1.0, ""155"": 1.0, ""156"": 9.0, ""158"": 42.0, ""198"": 2.0, ""199"": 2.0, ""210"": 10.0, ""214"": 359.0, ""215"": 78.0, ""216"": 437.0, ""217"": 69.0, ""218"": 34.0, ""219"": 15.0, ""220"": 11.0, ""221"": 3.0, ""223"": 15.0, ""224"": 7.0, ""225"": 3.0, ""226"": 2.0, ""229"": 85.0, ""230"": 41.0, ""231"": 18.0, ""232"": 15.0, ""233"": 5.0}",2026-08-24T23:49:59-04:00
Desmond Ridder,4239086,QB,LV,ACTIVE,0.0,25.4,0.0,199.6,169.87667009249742,0.394542734853579,2382.0,2459.0,{},"{""0"": 85.0, ""1"": 52.0, ""2"": 33.0, ""3"": 458.0, ""4"": 2.0, ""5"": 89.0, ""6"": 44.0, ""7"": 21.0, ""8"": 16.0, ""9"": 8.0, ""10"": 3.0, ""11"": 9.0, ""12"": 4.0, ""13"": 6.0, ""14"": 1.0, ""20"": 2.0, ""21"": 0.61176471, ""22"": 76.33333333, ""23"": 9.0, ""24"": 36.0, ""27"": 5.0, ""28"": 2.0, ""29"": 1.0, ""30"": 1.0, ""33"": 1.0, ""39"": 4.0, ""40"": 6.0, ""64"": 10.0, ""65"": 2.0, ""66"": 1.0, ""68"": 3.0, ""69"": 2.0, ""72"": 2.0, ""73"": 4.0, ""156"": 6.0, ""158"": 12.0, ""175"": 1.0, ""177"": 1.0, ""210"": 6.0, ""211"": 24.0, ""212"": 2.0}",2026-08-24T23:49:59-04:00
Nelson Agholor,2971618,WR,BAL,ACTIVE,45.0082188,42.1,0.0,79.6,169.50574948665297,0.39411299761910235,394.0,329.0,"{""42"": 248.9220584, ""43"": 1.743339783, ""44"": 0.101245384, ""45"": 0.194577972, ""46"": 0.127156705, ""47"": 49.0, ""48"": 24.0, ""49"": 12.0, ""50"": 9.0, ""51"": 4.0, ""53"": 19.79372591, ""56"": 0.096547844, ""57"": 0.002986016, ""58"": 30.9170009, ""60"": 12.57580607, ""61"": 16.46566145, ""62"": 0.101245384, ""63"": 0.001741848, ""67"": 0.395874518, ""68"": 0.395874518, ""71"": 0.22168973, ""72"": 0.22168973, ""73"": 0.22168973, ""210"": 15.11764706, ""213"": 10.93910557}","{""41"": 14.0, ""42"": 231.0, ""43"": 2.0, ""47"": 43.0, ""48"": 18.0, ""49"": 7.0, ""50"": 6.0, ""51"": 1.0, ""53"": 14.0, ""58"": 29.0, ""59"": 85.0, ""60"": 16.5, ""61"": 16.5, ""155"": 9.0, ""156"": 5.0, ""158"": 12.0, ""183"": 1.0, ""184"": 1.0, ""210"": 14.0, ""213"": 10.0}",2026-08-24T23:49:59-04:00
Dylan Laube,4366963,RB,LV,ACTIVE,20.45030912,-2.0,,,169.94209445585216,0.37402159762901777,457.0,2639.0,"{""23"": 15.1912495, ""24"": 62.27118965, ""25"": 0.335798623, ""26"": 0.016153326, ""27"": 12.0, ""28"": 6.0, ""29"": 3.0, ""30"": 2.0, ""31"": 1.0, ""33"": 3.0, ""34"": 1.0, ""35"": 0.028104845, ""36"": 0.019673392, ""37"": 0.010272722, ""38"": 0.000350569, ""39"": 4.099148635, ""40"": 4.392573544, ""42"": 59.68681868, ""43"": 0.26856574, ""44"": 0.015155098, ""45"": 0.040164765, ""46"": 0.026247674, ""47"": 11.0, ""48"": 5.0, ""49"": 2.0, ""50"": 2.0, ""51"": 1.0, ""53"": 8.469712484, ""56"": 0.02924461, ""57"": 0.000904472, ""58"": 10.98328422, ""60"": 7.047089118, ""61"": 4.210273517, ""62"": 0.031308424, ""63"": 0.000853892, ""66"": 0.124598106, ""67"": 0.069468291, ""68"": 0.194066397, ""70"": 0.057315129, ""71"": 0.038902243, ""72"": 0.096217372, ""73"": 0.096217372, ""101"": 0.08721396, ""114"": 286.1708059, ""116"": 28.0, ""117"": 11.0, ""210"": 14.17647059, ""212"": 5.225969997, ""213"": 2.536565663}","{""23"": 1.0, ""66"": 1.0, ""68"": 1.0, ""70"": 1.0, ""72"": 1.0, ""73"": 1.0, ""107"": 2.0, ""108"": 1.0, ""109"": 3.0, ""114"": 164.0, ""116"": 13.0, ""117"": 4.0, ""155"": 3.0, ""156"": 7.0, ""210"": 10.0}",2026-08-24T23:49:59-04:00
Justin Watson,3118892,WR,HOU,ACTIVE,39.25711969,51.9,0.0,75.5,168.96221765913756,0.3706913560222669,993.0,322.0,"{""42"": 215.8872307, ""43"": 1.742354565, ""44"": 0.057024156, ""45"": 0.189788517, ""46"": 0.124026796, ""47"": 43.0, ""48"": 21.0, ""49"": 10.0, ""50"": 8.0, ""51"": 4.0, ""53"": 14.82520067, ""56"": 0.086505509, ""57"": 0.002675428, ""58"": 26.91037342, ""60"": 14.56217933, ""61"": 14.28047829, ""62"": 0.057024156, ""63"": 0.001227205, ""67"": 0.278910192, ""68"": 0.278910192, ""71"": 0.156189707, ""72"": 0.156189707, ""73"": 0.156189707, ""210"": 15.11764706, ""213"": 8.895240969}","{""41"": 22.0, ""42"": 289.0, ""43"": 2.0, ""47"": 54.0, ""48"": 23.0, ""49"": 10.0, ""50"": 7.0, ""51"": 1.0, ""53"": 22.0, ""58"": 32.0, ""59"": 68.0, ""60"": 13.13636364, ""61"": 17.0, ""155"": 15.0, ""156"": 2.0, ""158"": 12.0, ""183"": 1.0, ""184"": 1.0, ""210"": 17.0, ""213"": 13.0}",2026-08-24T23:49:59-04:00
Malik Willis,4242512,QB,GB,ACTIVE,101.32869016,57.4,0.0,2.9,169.70113052415212,0.36986553871825223,1020.0,1315.0,"{""0"": 164.6023173, ""1"": 103.2628805, ""2"": 61.33943675, ""3"": 1146.959345, ""4"": 9.041409797, ""5"": 229.0, ""6"": 114.0, ""7"": 57.0, ""8"": 45.0, ""9"": 22.0, ""10"": 11.0, ""11"": 20.0, ""12"": 10.0, ""15"": 0.897976617, ""16"": 0.586827719, ""17"": 0.812870576, ""18"": 0.109797501, ""19"": 0.428054501, ""20"": 4.096113141, ""21"": 0.627347672, ""22"": 229.391869, ""23"": 19.35191487, ""24"": 87.64625539, ""25"": 0.588820412, ""26"": 0.036774349, ""27"": 17.0, ""28"": 8.0, ""29"": 4.0, ""30"": 3.0, ""31"": 1.0, ""33"": 3.0, ""34"": 1.0, ""35"": 0.036760039, ""36"": 0.025732027, ""37"": 0.066772132, ""38"": 0.002278677, ""39"": 4.529074047, ""40"": 17.52925108, ""62"": 0.464828851, ""63"": 0.017280219, ""64"": 12.41189197, ""65"": 3.540284184, ""66"": 0.387038297, ""68"": 3.927322482, ""69"": 1.699336409, ""70"": 0.178037617, ""72"": 1.877374025, ""73"": 5.973487166, ""210"": 5.0, ""211"": 56.46182949, ""212"": 5.18346986}","{""0"": 54.0, ""1"": 40.0, ""2"": 14.0, ""3"": 550.0, ""4"": 3.0, ""5"": 108.0, ""6"": 53.0, ""7"": 25.0, ""8"": 20.0, ""9"": 9.0, ""10"": 4.0, ""11"": 6.0, ""12"": 3.0, ""13"": 1.0, ""21"": 0.74074074, ""22"": 78.57142857, ""23"": 20.0, ""24"": 138.0, ""25"": 1.0, ""27"": 26.0, ""28"": 13.0, ""29"": 6.0, ""30"": 3.0, ""31"": 1.0, ""33"": 2.0, ""39"": 6.9, ""40"": 19.71428571, ""64"": 8.0, ""65"": 1.0, ""68"": 1.0, ""69"": 1.0, ""72"": 1.0, ""73"": 1.0, ""155"": 5.0, ""156"": 2.0, ""158"": 24.0, ""175"": 1.0, ""176"": 1.0, ""178"": 1.0, ""179"": 1.0, ""210"": 7.0, ""211"": 20.0, ""212"": 6.0}",2026-08-24T23:49:59-04:00
Tanner McKee,4685201,QB,PHI,ACTIVE,0.0,36.5,0.0,0.0,169.75292908530318,0.36253369762543153,1490.0,1415.0,{},"{""0"": 45.0, ""1"": 30.0, ""2"": 15.0, ""3"": 323.0, ""4"": 4.0, ""5"": 63.0, ""6"": 31.0, ""7"": 15.0, ""8"": 12.0, ""9"": 6.0, ""10"": 2.0, ""11"": 5.0, ""12"": 2.0, ""13"": 2.0, ""14"": 1.0, ""21"": 0.66666667, ""22"": 161.5, ""23"": 5.0, ""24"": -1.0, ""39"": -0.2, ""40"": -0.5, ""64"": 2.0, ""66"": 1.0, ""155"": 2.0, ""158"": 24.0, ""175"": 1.0, ""176"": 1.0, ""177"": 2.0, ""210"": 2.0, ""211"": 17.0, ""212"": 1.0}",2026-08-24T23:49:59-04:00
Malachi Corley,4613104,WR,NYJ,ACTIVE,69.57557316,3.7,,,169.93675564681726,0.3515061870656859,334.0,2662.0,"{""23"": 8.781742892, ""24"": 53.91775873, ""25"": 0.451918875, ""26"": 0.024911177, ""27"": 10.0, ""28"": 5.0, ""29"": 2.0, ""30"": 2.0, ""31"": 1.0, ""33"": 1.0, ""35"": 0.016182074, ""36"": 0.011327452, ""37"": 0.007151632, ""38"": 0.000244058, ""39"": 6.139756013, ""40"": 3.566544352, ""42"": 335.3506649, ""43"": 2.141673252, ""44"": 0.107197549, ""45"": 0.167339746, ""46"": 0.109356524, ""47"": 67.0, ""48"": 33.0, ""49"": 16.0, ""50"": 13.0, ""51"": 6.0, ""53"": 30.19733813, ""56"": 0.160790152, ""57"": 0.004972891, ""58"": 42.99704663, ""60"": 11.10530549, ""61"": 22.18272881, ""62"": 0.132108726, ""63"": 0.001822255, ""66"": 0.093305163, ""67"": 0.320843776, ""68"": 0.414148939, ""70"": 0.042920375, ""71"": 0.179672515, ""72"": 0.22259289, ""73"": 0.22259289, ""101"": 0.019696216, ""102"": 0.00855, ""114"": 64.62820969, ""115"": 13.8, ""116"": 6.0, ""117"": 2.0, ""118"": 1.0, ""210"": 15.11764706, ""212"": 4.762965366, ""213"": 15.85667861}","{""23"": 2.0, ""24"": 26.0, ""27"": 4.0, ""28"": 1.0, ""39"": 13.0, ""40"": 2.88888889, ""41"": 3.0, ""42"": 16.0, ""47"": 2.0, ""48"": 1.0, ""53"": 3.0, ""58"": 6.0, ""59"": 5.0, ""60"": 5.33333333, ""61"": 1.77777778, ""66"": 1.0, ""68"": 1.0, ""70"": 1.0, ""72"": 1.0, ""73"": 1.0, ""108"": 1.0, ""109"": 1.0, ""155"": 3.0, ""156"": 6.0, ""210"": 9.0, ""212"": 1.0, ""213"": 1.0}",2026-08-24T23:49:59-04:00
Hassan Haskins,4372071,RB,LAC,ACTIVE,14.71241647,31.3,0.0,0.0,169.9334702258727,0.3373456933954927,1070.0,1360.0,"{""23"": 16.68150139, ""24"": 71.1719943, ""25"": 0.353695255, ""26"": 0.019685251, ""27"": 14.0, ""28"": 7.0, ""29"": 3.0, ""30"": 2.0, ""31"": 1.0, ""33"": 3.0, ""34"": 1.0, ""35"": 0.030888205, ""36"": 0.021621744, ""37"": 0.01348096, ""38"": 0.000460053, ""39"": 4.266522097, ""40"": 5.401445996, ""42"": 26.88117379, ""43"": 0.144885933, ""44"": 0.007328883, ""45"": 0.034862598, ""46"": 0.022782708, ""47"": 5.0, ""48"": 2.0, ""49"": 1.0, ""50"": 1.0, ""53"": 4.062092353, ""56"": 0.014774999, ""57"": 0.000456959, ""58"": 5.112581539, ""60"": 6.61756835, ""61"": 2.040089082, ""62"": 0.027014134, ""63"": 0.000777377, ""66"": 0.142079039, ""67"": 0.034597496, ""68"": 0.176676535, ""70"": 0.065356358, ""71"": 0.019374598, ""72"": 0.084730956, ""73"": 0.084730956, ""210"": 13.17647059, ""212"": 5.630388043, ""213"": 0.644328081}","{""23"": 34.0, ""24"": 89.0, ""25"": 2.0, ""27"": 15.0, ""28"": 7.0, ""29"": 2.0, ""30"": 2.0, ""33"": 3.0, ""34"": 1.0, ""39"": 2.61764706, ""40"": 5.23529412, ""41"": 3.0, ""42"": 49.0, ""43"": 1.0, ""47"": 9.0, ""48"": 4.0, ""49"": 1.0, ""50"": 1.0, ""53"": 3.0, ""58"": 3.0, ""59"": 42.0, ""60"": 16.33333333, ""61"": 2.88235294, ""65"": 1.0, ""66"": 1.0, ""68"": 1.0, ""69"": 1.0, ""70"": 1.0, ""72"": 1.0, ""73"": 1.0, ""107"": 4.0, ""108"": 2.0, ""109"": 6.0, ""114"": 35.0, ""116"": 3.0, ""117"": 1.0, ""155"": 11.0, ""156"": 6.0, ""158"": 18.0, ""179"": 2.0, ""186"": 1.0, ""210"": 17.0, ""212"": 13.0, ""213"": 2.0}",2026-08-24T23:49:59-04:00
Emari Demercado,4362478,RB,ARI,QUESTIONABLE,39.81651435,46.7,0.0,62.8,169.58213552361397,0.3320789339582332,357.0,303.0,"{""23"": 43.80457683, ""24"": 191.946445, ""25"": 1.131918185, ""26"": 0.077583837, ""27"": 38.0, ""28"": 19.0, ""29"": 9.0, ""30"": 7.0, ""31"": 3.0, ""33"": 8.0, ""34"": 4.0, ""35"": 0.082339302, ""36"": 0.057637512, ""37"": 0.098797404, ""38"": 0.003371576, ""39"": 4.381881048, ""40"": 13.53979073, ""42"": 69.27307364, ""43"": 0.298544592, ""44"": 0.028260492, ""45"": 0.034624093, ""46"": 0.022626845, ""47"": 13.0, ""48"": 6.0, ""49"": 3.0, ""50"": 2.0, ""51"": 1.0, ""53"": 10.50979214, ""56"": 0.032940543, ""57"": 0.00101878, ""58"": 13.78218918, ""60"": 6.591288648, ""61"": 4.886482373, ""62"": 0.105844328, ""63"": 0.001628367, ""66"": 0.29847252, ""67"": 0.071610876, ""68"": 0.370083396, ""70"": 0.137297359, ""71"": 0.040102091, ""72"": 0.17739945, ""73"": 0.17739945, ""210"": 14.17647059, ""212"": 12.05823773, ""213"": 3.278177224}","{""23"": 24.0, ""24"": 223.0, ""25"": 1.0, ""27"": 40.0, ""28"": 18.0, ""29"": 7.0, ""30"": 4.0, ""31"": 1.0, ""35"": 1.0, ""36"": 1.0, ""39"": 9.29166667, ""40"": 17.15384615, ""41"": 16.0, ""42"": 104.0, ""47"": 19.0, ""48"": 8.0, ""49"": 3.0, ""50"": 2.0, ""53"": 16.0, ""54"": 1.0, ""58"": 20.0, ""59"": 95.0, ""60"": 6.5, ""61"": 8.0, ""114"": 64.0, ""116"": 5.0, ""117"": 1.0, ""155"": 6.0, ""156"": 7.0, ""158"": 6.0, ""210"": 13.0, ""212"": 8.0, ""213"": 3.0}",2026-08-24T23:49:59-04:00
Derius Davis,4362477,WR,LAC,ACTIVE,32.1062713,33.6,0.0,28.2,169.75338809034906,0.33014226075125974,1024.0,992.0,"{""23"": 13.34159458, ""24"": 85.72710712, ""25"": 0.337330476, ""26"": 0.018769951, ""27"": 17.0, ""28"": 8.0, ""29"": 4.0, ""30"": 3.0, ""31"": 1.0, ""33"": 2.0, ""34"": 1.0, ""35"": 0.024645369, ""36"": 0.017251759, ""37"": 0.01844719, ""38"": 0.000629532, ""39"": 6.425551804, ""40"": 5.670664673, ""42"": 93.81800788, ""43"": 0.671677011, ""44"": 0.033964882, ""45"": 0.10561342, ""46"": 0.06901837, ""47"": 18.0, ""48"": 9.0, ""49"": 4.0, ""50"": 3.0, ""51"": 1.0, ""53"": 9.104195787, ""56"": 0.040889468, ""57"": 0.001264623, ""58"": 13.41099801, ""60"": 10.30491985, ""61"": 6.205860444, ""62"": 0.052734834, ""63"": 0.00197523, ""66"": 0.266831892, ""67"": 0.182083916, ""68"": 0.448915807, ""70"": 0.12274267, ""71"": 0.101966993, ""72"": 0.224709663, ""73"": 0.224709663, ""101"": 0.280801107, ""102"": 0.36746, ""114"": 1206.567257, ""115"": 457.1875, ""116"": 120.0, ""117"": 48.0, ""118"": 45.0, ""119"": 18.0, ""210"": 15.11764706, ""212"": 6.028617869, ""213"": 3.78722815}","{""23"": 12.0, ""24"": 39.0, ""27"": 6.0, ""28"": 1.0, ""39"": 3.25, ""40"": 2.6, ""41"": 13.0, ""42"": 112.0, ""43"": 2.0, ""47"": 18.0, ""48"": 7.0, ""49"": 2.0, ""50"": 2.0, ""53"": 13.0, ""58"": 17.0, ""59"": 119.0, ""60"": 8.61538462, ""61"": 7.46666667, ""68"": 3.0, ""114"": 524.0, ""115"": 235.0, ""116"": 48.0, ""117"": 17.0, ""118"": 17.0, ""119"": 4.0, ""155"": 10.0, ""156"": 5.0, ""158"": 12.0, ""184"": 1.0, ""185"": 1.0, ""210"": 15.0, ""212"": 2.0, ""213"": 5.0}",2026-08-24T23:49:59-04:00
Deuce Vaughn,4431453,RB,DAL,ACTIVE,42.32695117,10.3,0.0,11.5,169.87638603696098,0.32572442212965186,345.0,333.0,"{""23"": 36.64771559, ""24"": 156.3706672, ""25"": 1.087427629, ""26"": 0.063385022, ""27"": 31.0, ""28"": 15.0, ""29"": 7.0, ""30"": 6.0, ""31"": 3.0, ""33"": 7.0, ""34"": 3.0, ""35"": 0.068582558, ""36"": 0.04800779, ""37"": 0.064120161, ""38"": 0.002188175, ""39"": 4.266859876, ""40"": 11.03029603, ""42"": 99.15433793, ""43"": 0.572961881, ""44"": 0.027768414, ""45"": 0.042042051, ""46"": 0.02747448, ""47"": 19.0, ""48"": 9.0, ""49"": 4.0, ""50"": 3.0, ""51"": 1.0, ""53"": 13.99840876, ""56"": 0.043029322, ""57"": 0.001330804, ""58"": 17.9082472, ""60"": 7.083257793, ""61"": 6.994289398, ""62"": 0.091153436, ""63"": 0.001897989, ""66"": 0.312134507, ""67"": 0.119226706, ""68"": 0.431361214, ""70"": 0.143581873, ""71"": 0.066766956, ""72"": 0.210348829, ""73"": 0.210348829, ""102"": 0.00855, ""115"": 13.8, ""118"": 1.0, ""210"": 14.17647059, ""212"": 10.38904027, ""213"": 5.009569571}","{""23"": 17.0, ""24"": 70.0, ""27"": 12.0, ""28"": 5.0, ""29"": 1.0, ""30"": 1.0, ""33"": 1.0, ""39"": 4.11764706, ""40"": 10.0, ""41"": 3.0, ""42"": 18.0, ""47"": 2.0, ""53"": 3.0, ""58"": 5.0, ""59"": 13.0, ""60"": 6.0, ""61"": 2.57142857, ""155"": 2.0, ""156"": 5.0, ""210"": 7.0, ""212"": 2.0}",2026-08-24T23:49:59-04:00
Josh Oliver,3921690,TE,MIN,ACTIVE,36.93106876,54.8,0.0,42.3,169.81474635448757,0.31580680225337654,474.0,1989.0,"{""42"": 192.059503, ""43"": 1.396334339, ""44"": 0.072194781, ""45"": 0.088359846, ""46"": 0.057743159, ""47"": 38.0, ""48"": 19.0, ""49"": 9.0, ""50"": 7.0, ""51"": 3.0, ""53"": 19.14128908, ""56"": 0.074541863, ""57"": 0.002305418, ""58"": 28.69211038, ""60"": 10.03378101, ""61"": 12.7043251, ""62"": 0.072194781, ""63"": 0.001445407, ""67"": 0.328501499, ""68"": 0.328501499, ""71"": 0.183960839, ""72"": 0.183960839, ""73"": 0.183960839, ""210"": 15.11764706, ""213"": 9.080451497}","{""41"": 22.0, ""42"": 258.0, ""43"": 3.0, ""47"": 49.0, ""48"": 22.0, ""49"": 8.0, ""50"": 8.0, ""51"": 2.0, ""53"": 22.0, ""54"": 1.0, ""58"": 28.0, ""59"": 129.0, ""60"": 11.72727273, ""61"": 17.2, ""108"": 3.0, ""109"": 3.0, ""155"": 12.0, ""156"": 3.0, ""158"": 18.0, ""183"": 2.0, ""184"": 1.0, ""210"": 15.0, ""213"": 14.0}",2026-08-24T23:49:59-04:00
Julio Jones,13982,WR,FA,QUESTIONABLE,0.0,0.0,0.0,30.9,169.8425051334702,0.31525599343463806,2005.0,1792.0,{},{},2026-08-24T23:49:59-04:00
Brayden Narveson,4361765,K,FA,ACTIVE,132.19975114,53.0,,,169.85027840791915,0.31327084054905263,490.0,471.0,"{""74"": 4.400486232, ""75"": 6.577707372, ""76"": 2.17722114, ""77"": 7.155438482, ""78"": 9.150177087, ""79"": 1.994738605, ""80"": 15.90909704, ""81"": 16.83502332, ""82"": 0.925926283, ""83"": 27.46502175, ""84"": 32.56290778, ""85"": 5.097886028, ""86"": 38.94616096, ""87"": 41.60914633, ""88"": 2.662985365, ""198"": 4.400486232, ""199"": 6.577707372, ""200"": 2.17722114, ""210"": 17.0, ""214"": 1036.893899, ""215"": 235.1109673, ""216"": 1272.004867}","{""75"": 1.0, ""76"": 1.0, ""77"": 5.0, ""78"": 9.0, ""79"": 4.0, ""80"": 7.0, ""81"": 8.0, ""82"": 1.0, ""83"": 12.0, ""84"": 18.0, ""85"": 6.0, ""86"": 18.0, ""87"": 18.0, ""155"": 4.0, ""156"": 3.0, ""158"": 54.0, ""199"": 1.0, ""200"": 1.0, ""210"": 7.0, ""214"": 419.0, ""215"": 319.0, ""216"": 738.0, ""217"": 82.0, ""218"": 40.0, ""219"": 19.0, ""220"": 14.0, ""221"": 5.0, ""222"": 1.0, ""223"": 61.0, ""224"": 29.0, ""225"": 14.0, ""226"": 9.0, ""227"": 2.0, ""229"": 145.0, ""230"": 71.0, ""231"": 35.0, ""232"": 25.0, ""233"": 11.0, ""234"": 4.0}",2026-08-24T23:49:59-04:00
DeeJay Dallas,4240631,RB,ARI,ACTIVE,6.51684379,19.5,0.0,5.2,169.89774127310062,0.3083548737923776,1132.0,432.0,"{""23"": 3.856127106, ""24"": 16.45647633, ""25"": 0.116407878, ""26"": 0.00797853, ""27"": 3.0, ""28"": 1.0, ""35"": 0.007087601, ""36"": 0.00496132, ""37"": 0.000628558, ""38"": 2.14503e-05, ""39"": 4.267617708, ""40"": 1.16083028, ""42"": 12.5270759, ""43"": 0.036344812, ""44"": 0.003439375, ""45"": 0.031874609, ""46"": 0.020830057, ""47"": 2.0, ""48"": 1.0, ""53"": 2.093708091, ""56"": 0.007301786, ""57"": 0.000225828, ""58"": 2.622738943, ""60"": 5.983200787, ""61"": 0.883652657, ""62"": 0.011417905, ""63"": 0.000329645, ""66"": 0.048555763, ""67"": 0.026363652, ""68"": 0.074919416, ""70"": 0.022335651, ""71"": 0.014763645, ""72"": 0.037099296, ""73"": 0.037099296, ""101"": 0.243373528, ""102"": 0.04104, ""114"": 1130.079953, ""115"": 82.575, ""116"": 113.0, ""117"": 45.0, ""118"": 8.0, ""119"": 3.0, ""210"": 14.17647059, ""212"": 2.826820497, ""213"": -0.24454548}","{""23"": 9.0, ""24"": 49.0, ""27"": 9.0, ""28"": 4.0, ""29"": 1.0, ""39"": 5.44444444, ""40"": 2.88235294, ""41"": 3.0, ""42"": 11.0, ""43"": 1.0, ""47"": 2.0, ""53"": 3.0, ""58"": 3.0, ""59"": 20.0, ""60"": 3.66666667, ""61"": 0.64705882, ""68"": 1.0, ""101"": 1.0, ""105"": 1.0, ""107"": 3.0, ""108"": 4.0, ""109"": 7.0, ""114"": 459.0, ""116"": 43.0, ""117"": 14.0, ""155"": 8.0, ""156"": 9.0, ""158"": 12.0, ""183"": 1.0, ""210"": 17.0, ""212"": 4.0, ""213"": 1.0}",2026-08-24T23:49:59-04:00
Chris Brooks,3149687,RB,GB,ACTIVE,0.0,36.7,0.0,10.6,169.68090349075976,0.30762415264161574,2566.0,1437.0,{},"{""23"": 36.0, ""24"": 183.0, ""25"": 1.0, ""27"": 32.0, ""28"": 14.0, ""29"": 5.0, ""30"": 3.0, ""31"": 1.0, ""33"": 2.0, ""39"": 5.08333333, ""40"": 12.2, ""41"": 11.0, ""42"": 69.0, ""47"": 11.0, ""48"": 4.0, ""49"": 1.0, ""50"": 1.0, ""53"": 11.0, ""58"": 13.0, ""59"": 95.0, ""60"": 6.27272727, ""61"": 4.6, ""107"": 2.0, ""109"": 2.0, ""155"": 10.0, ""156"": 5.0, ""158"": 6.0, ""179"": 1.0, ""210"": 15.0, ""212"": 12.0, ""213"": 2.0}",2026-08-24T23:49:59-04:00
Lil'Jordan Humphrey,4039057,WR,DEN,ACTIVE,0.0,48.8,0.0,40.7,169.57659137577002,0.2962504796292239,2024.0,311.0,{},"{""41"": 31.0, ""42"": 293.0, ""43"": 1.0, ""45"": 1.0, ""47"": 54.0, ""48"": 25.0, ""49"": 10.0, ""50"": 7.0, ""51"": 2.0, ""53"": 31.0, ""54"": 1.0, ""58"": 45.0, ""59"": 192.0, ""60"": 9.4516129, ""61"": 17.23529412, ""67"": 2.0, ""68"": 2.0, ""71"": 1.0, ""72"": 1.0, ""73"": 1.0, ""108"": 2.0, ""109"": 2.0, ""155"": 10.0, ""156"": 7.0, ""158"": 6.0, ""210"": 17.0, ""213"": 12.0}",2026-08-24T23:49:59-04:00
Darnell Washington,4430802,TE,PIT,ACTIVE,26.92577308,35.5,0.0,9.6,169.67077428630108,0.2928092866178046,1014.0,974.0,"{""42"": 142.2825291, ""43"": 0.957583608, ""44"": 0.055135987, ""45"": 0.114770715, ""46"": 0.075002662, ""47"": 28.0, ""48"": 14.0, ""49"": 7.0, ""50"": 5.0, ""51"": 2.0, ""53"": 14.04376351, ""56"": 0.056076451, ""57"": 0.001734323, ""58"": 19.9881679, ""60"": 10.13136749, ""61"": 9.411684804, ""62"": 0.055135987, ""63"": 0.000707674, ""67"": 0.160835005, ""68"": 0.160835005, ""71"": 0.090067603, ""72"": 0.090067603, ""73"": 0.090067603, ""210"": 15.11764706, ""213"": 6.3664916}","{""41"": 19.0, ""42"": 200.0, ""43"": 1.0, ""47"": 36.0, ""48"": 14.0, ""49"": 5.0, ""50"": 4.0, ""53"": 19.0, ""58"": 25.0, ""59"": 126.0, ""60"": 10.52631579, ""61"": 11.76470588, ""155"": 10.0, ""156"": 7.0, ""158"": 6.0, ""183"": 1.0, ""210"": 17.0, ""213"": 9.0}",2026-08-24T23:49:59-04:00
Roman Wilson,4431492,WR,PIT,ACTIVE,51.73939621,0.0,,,169.96796714579057,0.2898957706688422,980.0,1495.0,"{""42"": 303.99838, ""43"": 1.600836123, ""44"": 0.091989778, ""45"": 0.172481625, ""46"": 0.112716742, ""47"": 60.0, ""48"": 30.0, ""49"": 15.0, ""50"": 12.0, ""51"": 6.0, ""53"": 23.66432971, ""56"": 0.134553695, ""57"": 0.004161454, ""58"": 38.22733169, ""60"": 12.84627047, ""61"": 21.53321858, ""62"": 0.091989778, ""63"": 0.001106297, ""67"": 0.251431198, ""68"": 0.251431198, ""71"": 0.140801471, ""72"": 0.140801471, ""73"": 0.140801471, ""210"": 14.11764706, ""213"": 13.34949079}","{""155"": 1.0, ""210"": 1.0}",2026-08-24T23:49:59-04:00
Jacoby Brissett,2578570,QB,ARI,ACTIVE,45.73431994,48.8,0.0,28.7,169.96813977389516,0.28419443580401194,430.0,2141.0,"{""0"": 106.8534434, ""1"": 66.71812165, ""2"": 40.13532176, ""3"": 673.4799375, ""4"": 2.973422399, ""5"": 134.0, ""6"": 67.0, ""7"": 33.0, ""8"": 26.0, ""9"": 13.0, ""10"": 6.0, ""11"": 13.0, ""12"": 6.0, ""15"": 0.518018036, ""16"": 0.338524786, ""17"": 0.45314185, ""18"": 0.061207582, ""19"": 0.162269416, ""20"": 2.336924374, ""21"": 0.624389065, ""22"": 112.2466562, ""23"": 11.54803204, ""24"": 43.96293472, ""25"": 0.453935142, ""26"": 0.023959207, ""27"": 8.0, ""28"": 4.0, ""29"": 2.0, ""30"": 1.0, ""33"": 2.0, ""34"": 1.0, ""35"": 0.021932081, ""36"": 0.015352457, ""37"": 0.027954802, ""38"": 0.00095399, ""39"": 3.806963349, ""40"": 7.327155787, ""62"": 0.186228623, ""63"": 0.007935285, ""64"": 7.675864507, ""65"": 1.638284915, ""66"": 0.165188868, ""68"": 1.803473782, ""69"": 0.786376759, ""70"": 0.075986879, ""72"": 0.862363638, ""73"": 3.199288012, ""210"": 6.0, ""211"": 33.73781852, ""212"": 2.890057068}","{""0"": 161.0, ""1"": 95.0, ""2"": 66.0, ""3"": 826.0, ""4"": 2.0, ""5"": 163.0, ""6"": 80.0, ""7"": 39.0, ""8"": 29.0, ""9"": 13.0, ""10"": 5.0, ""11"": 17.0, ""12"": 6.0, ""13"": 10.0, ""14"": 3.0, ""19"": 1.0, ""20"": 1.0, ""21"": 0.59006211, ""22"": 103.25, ""23"": 15.0, ""24"": 62.0, ""27"": 11.0, ""28"": 5.0, ""29"": 1.0, ""30"": 1.0, ""33"": 1.0, ""39"": 4.13333333, ""40"": 7.75, ""64"": 18.0, ""65"": 3.0, ""66"": 1.0, ""68"": 4.0, ""69"": 1.0, ""72"": 1.0, ""73"": 2.0, ""155"": 2.0, ""156"": 6.0, ""158"": 12.0, ""175"": 2.0, ""210"": 8.0, ""211"": 42.0, ""212"": 5.0}",2026-08-24T23:49:59-04:00
Dyami Brown,4361577,WR,JAX,ACTIVE,57.75718369,52.4,26.04536325,28.8,169.96324435318274,0.28414524027975147,396.0,394.0,"{""42"": 360.5501041, ""43"": 1.651683943, ""44"": 0.090910365, ""45"": 0.188091816, ""46"": 0.122918002, ""47"": 72.0, ""48"": 36.0, ""49"": 18.0, ""50"": 14.0, ""51"": 7.0, ""53"": 24.30956636, ""56"": 0.179133589, ""57"": 0.005540214, ""58"": 45.0444205, ""60"": 14.83161398, ""61"": 23.84961778, ""62"": 0.090910365, ""63"": 0.002139242, ""67"": 0.486191327, ""68"": 0.486191327, ""71"": 0.272267143, ""72"": 0.272267143, ""73"": 0.272267143, ""210"": 15.11764706, ""213"": 15.00919871}","{""0"": 1.0, ""2"": 1.0, ""23"": 3.0, ""24"": 26.0, ""27"": 3.0, ""28"": 1.0, ""39"": 8.66666667, ""40"": 1.625, ""41"": 30.0, ""42"": 308.0, ""43"": 1.0, ""45"": 1.0, ""47"": 59.0, ""48"": 26.0, ""49"": 9.0, ""50"": 6.0, ""51"": 2.0, ""53"": 30.0, ""58"": 40.0, ""59"": 218.0, ""60"": 10.26666667, ""61"": 19.25, ""67"": 1.0, ""68"": 1.0, ""71"": 1.0, ""72"": 1.0, ""73"": 1.0, ""108"": 2.0, ""109"": 2.0, ""155"": 11.0, ""156"": 5.0, ""158"": 6.0, ""210"": 16.0, ""212"": 1.0, ""213"": 14.0}",2026-08-24T23:49:59-04:00
AJ Dillon,4239934,RB,PHI,ACTIVE,0.0,0.0,0.0,106.6,169.80985626283368,0.26907637084606545,1375.0,1142.0,{},{},2026-08-24T23:49:59-04:00
Mitchell Trubisky,3039707,QB,BUF,ACTIVE,42.59260383,18.7,0.0,56.2,169.74450154162383,0.2622450235596078,486.0,2126.0,"{""0"": 69.75557967, ""1"": 45.78434126, ""2"": 23.97123841, ""3"": 470.9125535, ""4"": 3.046221683, ""5"": 94.0, ""6"": 47.0, ""7"": 23.0, ""8"": 18.0, ""9"": 9.0, ""10"": 4.0, ""11"": 9.0, ""12"": 4.0, ""15"": 0.376789734, ""16"": 0.246232091, ""17"": 0.356727645, ""18"": 0.048184551, ""19"": 0.162129396, ""20"": 1.873351878, ""21"": 0.656353821, ""22"": 117.7281384, ""23"": 11.08972782, ""24"": 41.08062184, ""25"": 0.940597763, ""26"": 0.040974497, ""27"": 8.0, ""28"": 4.0, ""29"": 2.0, ""30"": 1.0, ""33"": 2.0, ""34"": 1.0, ""35"": 0.02138149, ""36"": 0.014967043, ""37"": 0.036949119, ""38"": 0.001260932, ""39"": 3.704385041, ""40"": 10.27015546, ""62"": 0.203103893, ""63"": 0.00412849, ""64"": 4.401387467, ""65"": 0.816230879, ""66"": 0.122062412, ""68"": 0.938293291, ""69"": 0.391790822, ""70"": 0.05614871, ""72"": 0.447939532, ""73"": 2.32129141, ""210"": 4.0, ""211"": 23.79577302, ""212"": 3.005817527}","{""0"": 26.0, ""1"": 19.0, ""2"": 7.0, ""3"": 179.0, ""4"": 2.0, ""5"": 33.0, ""6"": 16.0, ""7"": 8.0, ""8"": 6.0, ""9"": 3.0, ""10"": 1.0, ""11"": 3.0, ""12"": 1.0, ""13"": 1.0, ""15"": 1.0, ""16"": 1.0, ""21"": 0.73076923, ""22"": 19.88888889, ""23"": 17.0, ""24"": 1.0, ""27"": 2.0, ""28"": 1.0, ""39"": 0.05882353, ""40"": 0.11111111, ""66"": 1.0, ""68"": 1.0, ""70"": 1.0, ""155"": 6.0, ""156"": 3.0, ""158"": 12.0, ""175"": 1.0, ""210"": 9.0, ""211"": 7.0, ""212"": 1.0}",2026-08-24T23:49:59-04:00
Trey Lance,4383351,QB,DAL,ACTIVE,0.0,12.5,0.0,0.0,169.60184994861254,0.2606069388871271,1405.0,1266.0,{},"{""0"": 41.0, ""1"": 25.0, ""2"": 16.0, ""3"": 266.0, ""5"": 52.0, ""6"": 26.0, ""7"": 13.0, ""8"": 9.0, ""9"": 4.0, ""10"": 2.0, ""11"": 4.0, ""12"": 2.0, ""13"": 2.0, ""14"": 1.0, ""20"": 1.0, ""21"": 0.6097561, ""22"": 66.5, ""23"": 11.0, ""24"": 41.0, ""27"": 8.0, ""28"": 3.0, ""29"": 1.0, ""30"": 1.0, ""33"": 1.0, ""39"": 3.72727273, ""40"": 10.25, ""64"": 4.0, ""73"": 1.0, ""108"": 1.0, ""109"": 1.0, ""155"": 1.0, ""156"": 3.0, ""210"": 4.0, ""211"": 13.0, ""212"": 3.0}",2026-08-24T23:49:59-04:00
Sione Vaki,4912274,RB,DET,ACTIVE,10.74151799,6.6,,,169.1082135523614,0.2533389173604336,1092.0,1531.0,"{""23"": 12.64110128, ""24"": 52.91796578, ""25"": 0.423155093, ""26"": 0.017735622, ""27"": 10.0, ""28"": 5.0, ""29"": 2.0, ""30"": 2.0, ""31"": 1.0, ""33"": 2.0, ""34"": 1.0, ""35"": 0.02335241, ""36"": 0.016346687, ""37"": 0.007334294, ""38"": 0.000250291, ""39"": 4.186183196, ""40"": 4.016095617, ""42"": 14.45085143, ""43"": 0.087160742, ""44"": 0.005251791, ""45"": 0.037886536, ""46"": 0.024758851, ""47"": 2.0, ""48"": 1.0, ""53"": 2.021446348, ""56"": 0.008356198, ""57"": 0.000258439, ""58"": 2.647436678, ""60"": 7.148768232, ""61"": 1.096716403, ""62"": 0.022987413, ""63"": 0.000529152, ""66"": 0.103681878, ""67"": 0.016579833, ""68"": 0.120261712, ""70"": 0.047693664, ""71"": 0.009284707, ""72"": 0.056978371, ""73"": 0.056978371, ""210"": 13.17647059, ""212"": 4.820350168, ""213"": -0.187186703}","{""23"": 6.0, ""24"": 14.0, ""27"": 2.0, ""33"": 1.0, ""39"": 2.33333333, ""40"": 0.875, ""41"": 3.0, ""42"": 37.0, ""47"": 7.0, ""48"": 3.0, ""49"": 1.0, ""53"": 3.0, ""58"": 3.0, ""59"": 20.0, ""60"": 12.33333333, ""61"": 2.3125, ""106"": 1.0, ""108"": 8.0, ""109"": 8.0, ""114"": 55.0, ""116"": 5.0, ""117"": 2.0, ""155"": 14.0, ""156"": 2.0, ""210"": 16.0, ""213"": 2.0}",2026-08-24T23:49:59-04:00
Hendon Hooker,4240858,QB,DET,ACTIVE,35.70086678,2.4,0.0,0.0,168.91942446043166,0.25223938245008115,1032.0,1422.0,"{""0"": 68.07417267, ""1"": 44.0876875, ""2"": 23.98648516, ""3"": 458.8194163, ""4"": 2.840239481, ""5"": 91.0, ""6"": 45.0, ""7"": 22.0, ""8"": 18.0, ""9"": 9.0, ""10"": 4.0, ""11"": 8.0, ""12"": 4.0, ""15"": 0.35934596, ""16"": 0.234832585, ""17"": 0.325938184, ""18"": 0.044025703, ""19"": 0.171719179, ""20"": 1.707865373, ""21"": 0.647641914, ""22"": 114.7048541, ""23"": 6.097815532, ""24"": 25.48163343, ""25"": 0.328726956, ""26"": 0.013834097, ""27"": 5.0, ""28"": 2.0, ""29"": 1.0, ""30"": 1.0, ""33"": 1.0, ""35"": 0.011498199, ""36"": 0.008048739, ""37"": 0.014084659, ""38"": 0.000480655, ""39"": 4.178813429, ""40"": 6.370408357, ""62"": 0.185553277, ""63"": 0.004673823, ""64"": 5.008421137, ""65"": 0.980428167, ""66"": 0.081804296, ""68"": 1.062232462, ""69"": 0.47060552, ""70"": 0.037629976, ""72"": 0.508235496, ""73"": 2.216100868, ""210"": 4.0, ""211"": 22.98294119, ""212"": 1.719687297}","{""0"": 9.0, ""1"": 6.0, ""2"": 3.0, ""3"": 62.0, ""5"": 11.0, ""6"": 4.0, ""7"": 1.0, ""8"": 1.0, ""21"": 0.66666667, ""22"": 20.66666667, ""23"": 5.0, ""24"": 2.0, ""39"": 0.4, ""40"": 0.66666667, ""64"": 1.0, ""155"": 3.0, ""210"": 3.0, ""211"": 3.0, ""212"": 1.0}",2026-08-24T23:49:59-04:00
Pierre Strong Jr.,4249836,RB,CLE,QUESTIONABLE,24.21643699,28.2,0.0,40.3,169.96837782340862,0.24474796527532333,436.0,400.0,"{""23"": 15.90341284, ""24"": 70.84957156, ""25"": 0.516152105, ""26"": 0.025762855, ""27"": 14.0, ""28"": 7.0, ""29"": 3.0, ""30"": 2.0, ""31"": 1.0, ""33"": 3.0, ""34"": 1.0, ""35"": 0.029546147, ""36"": 0.020682303, ""37"": 0.019405847, ""38"": 0.000662247, ""39"": 4.45499166, ""40"": 4.997687621, ""42"": 61.92674631, ""43"": 0.259803676, ""44"": 0.013991452, ""45"": 0.044198584, ""46"": 0.028883775, ""47"": 12.0, ""48"": 6.0, ""49"": 3.0, ""50"": 2.0, ""51"": 1.0, ""53"": 8.315898345, ""56"": 0.027713644, ""57"": 0.000857123, ""58"": 10.64819318, ""60"": 7.44678972, ""61"": 4.368276711, ""62"": 0.039754306, ""63"": 0.000976846, ""66"": 0.145781342, ""67"": 0.076229098, ""68"": 0.22201044, ""70"": 0.067059417, ""71"": 0.042688295, ""72"": 0.109747712, ""73"": 0.109747712, ""101"": 0.309118025, ""102"": 0.0684, ""114"": 1014.293521, ""115"": 110.4, ""116"": 101.0, ""117"": 40.0, ""118"": 11.0, ""119"": 4.0, ""210"": 14.17647059, ""212"": 5.693341851, ""213"": 2.627321835}","{""23"": 26.0, ""24"": 108.0, ""27"": 20.0, ""28"": 8.0, ""29"": 3.0, ""30"": 2.0, ""33"": 2.0, ""39"": 4.15384615, ""40"": 7.71428571, ""41"": 14.0, ""42"": 104.0, ""47"": 18.0, ""48"": 7.0, ""49"": 2.0, ""50"": 1.0, ""53"": 14.0, ""58"": 22.0, ""59"": 123.0, ""60"": 7.42857143, ""61"": 7.42857143, ""108"": 3.0, ""109"": 3.0, ""114"": 255.0, ""116"": 23.0, ""117"": 8.0, ""155"": 3.0, ""156"": 11.0, ""210"": 14.0, ""212"": 6.0, ""213"": 3.0}",2026-08-24T23:49:59-04:00
JaMycal Hasty,3928925,RB,NE,ACTIVE,32.18100176,23.8,0.0,0.0,169.89096509240247,0.24353768751766464,397.0,340.0,"{""23"": 29.3655219, ""24"": 124.4437316, ""25"": 0.709840432, ""26"": 0.037136565, ""27"": 24.0, ""28"": 12.0, ""29"": 6.0, ""30"": 4.0, ""31"": 2.0, ""33"": 5.0, ""34"": 2.0, ""35"": 0.054770594, ""36"": 0.038339416, ""37"": 0.041917481, ""38"": 0.001430483, ""39"": 4.237749701, ""40"": 9.444390347, ""42"": 78.73806066, ""43"": 0.354835322, ""44"": 0.019216721, ""45"": 0.032157504, ""46"": 0.021014929, ""47"": 15.0, ""48"": 7.0, ""49"": 3.0, ""50"": 3.0, ""51"": 1.0, ""53"": 11.66148699, ""56"": 0.035790089, ""57"": 0.00110691, ""58"": 15.91583523, ""60"": 6.751974317, ""61"": 5.975656389, ""62"": 0.056353286, ""63"": 0.002111077, ""66"": 0.343415009, ""67"": 0.136375225, ""68"": 0.479790234, ""70"": 0.157970904, ""71"": 0.076370126, ""72"": 0.23434103, ""73"": 0.23434103, ""210"": 13.17647059, ""212"": 8.465226885, ""213"": 3.892341845}","{""23"": 20.0, ""24"": 69.0, ""27"": 13.0, ""28"": 5.0, ""29"": 1.0, ""33"": 1.0, ""39"": 3.45, ""40"": 4.6, ""41"": 10.0, ""42"": 59.0, ""43"": 1.0, ""47"": 10.0, ""48"": 4.0, ""49"": 2.0, ""50"": 1.0, ""53"": 10.0, ""54"": 1.0, ""58"": 12.0, ""59"": 72.0, ""60"": 5.9, ""61"": 3.93333333, ""114"": 238.0, ""116"": 21.0, ""117"": 7.0, ""155"": 3.0, ""156"": 12.0, ""158"": 6.0, ""184"": 1.0, ""210"": 15.0, ""212"": 4.0, ""213"": 2.0}",2026-08-24T23:49:59-04:00
Mecole Hardman,4035004,WR,KC,QUESTIONABLE,13.51811003,27.2,95.40006219,18.2,169.36673511293634,0.24305248747517125,1080.0,960.0,"{""23"": 4.143584337, ""24"": 26.2941814, ""25"": 0.278755227, ""26"": 0.014618273, ""27"": 5.0, ""28"": 2.0, ""29"": 1.0, ""30"": 1.0, ""35"": 0.007616494, ""36"": 0.005331546, ""37"": 0.001633549, ""38"": 5.57468e-05, ""39"": 6.345757504, ""40"": 1.739303828, ""42"": 37.28394046, ""43"": 0.318408889, ""44"": 0.010424455, ""45"": 0.20389008, ""46"": 0.133242167, ""47"": 7.0, ""48"": 3.0, ""49"": 1.0, ""50"": 1.0, ""53"": 3.207519156, ""56"": 0.018669306, ""57"": 0.000577401, ""58"": 4.5660971, ""60"": 11.62391825, ""61"": 2.466252871, ""62"": 0.025042727, ""63"": 0.000646897, ""66"": 0.082871687, ""67"": 0.064150383, ""68"": 0.14702207, ""70"": 0.038120976, ""71"": 0.035924215, ""72"": 0.07404519, ""73"": 0.07404519, ""101"": 0.258960802, ""102"": 0.086298947, ""114"": 679.3590547, ""115"": 110.8421053, ""116"": 67.0, ""117"": 27.0, ""118"": 11.0, ""119"": 4.0, ""210"": 15.11764706, ""212"": 3.419369694, ""213"": 0.739736406}","{""23"": 5.0, ""24"": 62.0, ""25"": 1.0, ""27"": 11.0, ""28"": 4.0, ""29"": 1.0, ""30"": 1.0, ""39"": 12.4, ""40"": 5.16666667, ""41"": 12.0, ""42"": 90.0, ""47"": 15.0, ""48"": 6.0, ""49"": 1.0, ""50"": 1.0, ""53"": 12.0, ""58"": 14.0, ""59"": 99.0, ""60"": 7.5, ""61"": 7.5, ""114"": 132.0, ""115"": 203.0, ""116"": 11.0, ""117"": 4.0, ""118"": 16.0, ""119"": 5.0, ""155"": 11.0, ""156"": 1.0, ""158"": 6.0, ""180"": 1.0, ""210"": 12.0, ""212"": 2.0, ""213"": 6.0}",2026-08-24T23:49:59-04:00
Kadarius Toney,4240600,WR,FA,ACTIVE,0.0,-2.4,0.0,39.5,169.87864476386036,0.23821080445773757,2210.0,2278.0,{},"{""23"": 2.0, ""24"": -4.0, ""39"": -2.0, ""40"": -1.33333333, ""58"": 1.0, ""68"": 1.0, ""72"": 1.0, ""73"": 1.0, ""115"": 44.0, ""118"": 4.0, ""119"": 1.0, ""156"": 3.0, ""210"": 3.0}",2026-08-24T23:49:59-04:00
Marcus Mariota,2576980,QB,WSH,ACTIVE,0.0,53.8,0.0,13.6,169.86372045220966,0.23792935971899595,485.0,2028.0,{},"{""0"": 44.0, ""1"": 34.0, ""2"": 10.0, ""3"": 364.0, ""4"": 4.0, ""5"": 73.0, ""6"": 36.0, ""7"": 18.0, ""8"": 14.0, ""9"": 7.0, ""10"": 3.0, ""11"": 6.0, ""12"": 2.0, ""13"": 1.0, ""21"": 0.77272727, ""22"": 121.33333333, ""23"": 18.0, ""24"": 92.0, ""25"": 1.0, ""27"": 17.0, ""28"": 8.0, ""29"": 3.0, ""30"": 3.0, ""31"": 1.0, ""33"": 3.0, ""34"": 1.0, ""39"": 5.11111111, ""40"": 30.66666667, ""64"": 3.0, ""155"": 3.0, ""158"": 30.0, ""175"": 3.0, ""176"": 1.0, ""179"": 1.0, ""210"": 3.0, ""211"": 22.0, ""212"": 6.0}",2026-08-24T23:49:59-04:00
Xavier Gipson,4427278,WR,NYJ,ACTIVE,58.58357799,11.4,0.0,48.2,169.81745379876796,0.23724246785425085,422.0,2561.0,"{""23"": 4.390871446, ""24"": 28.42897869, ""25"": 0.315394249, ""26"": 0.017385514, ""27"": 5.0, ""28"": 2.0, ""29"": 1.0, ""30"": 1.0, ""35"": 0.008071739, ""36"": 0.005650218, ""37"": 0.001888389, ""38"": 6.44435e-05, ""39"": 6.474564114, ""40"": 1.8805161, ""42"": 268.5847497, ""43"": 2.199025201, ""44"": 0.110151095, ""45"": 0.167385115, ""46"": 0.109386173, ""47"": 53.0, ""48"": 26.0, ""49"": 13.0, ""50"": 10.0, ""51"": 5.0, ""53"": 21.75083684, ""56"": 0.107323275, ""57"": 0.003319277, ""58"": 34.56897674, ""60"": 12.34824902, ""61"": 17.7663064, ""62"": 0.127536609, ""63"": 0.00230047, ""66"": 0.087817429, ""67"": 0.435016737, ""68"": 0.522834166, ""70"": 0.040396017, ""71"": 0.243609373, ""72"": 0.28400539, ""73"": 0.28400539, ""101"": 0.252111568, ""102"": 0.286756364, ""114"": 1143.723468, ""115"": 261.0, ""116"": 114.0, ""117"": 45.0, ""118"": 26.0, ""119"": 10.0, ""210"": 15.11764706, ""212"": 3.533789747, ""213"": 12.11375247}","{""23"": 1.0, ""24"": 5.0, ""27"": 1.0, ""39"": 5.0, ""40"": 0.29411765, ""41"": 6.0, ""42"": 39.0, ""43"": 1.0, ""47"": 7.0, ""48"": 2.0, ""53"": 6.0, ""58"": 10.0, ""59"": 22.0, ""60"": 6.5, ""61"": 2.29411765, ""68"": 4.0, ""72"": 1.0, ""73"": 1.0, ""114"": 489.0, ""115"": 266.0, ""116"": 45.0, ""117"": 17.0, ""118"": 22.0, ""119"": 7.0, ""155"": 5.0, ""156"": 12.0, ""158"": 6.0, ""183"": 1.0, ""210"": 17.0, ""212"": 1.0, ""213"": 3.0}",2026-08-24T23:49:59-04:00
Jake Bobo,4360405,WR,SEA,ACTIVE,28.98149497,23.2,0.0,47.4,169.5782340862423,0.23445764874201425,1005.0,966.0,"{""42"": 156.7466368, ""43"": 1.043633655, ""44"": 0.056007017, ""45"": 0.125483697, ""46"": 0.082003596, ""47"": 31.0, ""48"": 15.0, ""49"": 7.0, ""50"": 6.0, ""51"": 3.0, ""53"": 14.51636374, ""56"": 0.0604019, ""57"": 0.0018681, ""58"": 21.6050546, ""60"": 10.79792706, ""61"": 10.36845458, ""62"": 0.056007017, ""63"": 0.00127744, ""67"": 0.290327275, ""68"": 0.290327275, ""71"": 0.162583274, ""72"": 0.162583274, ""73"": 0.162583274, ""210"": 15.11764706, ""213"": 6.908263344}","{""41"": 13.0, ""42"": 107.0, ""43"": 1.0, ""47"": 18.0, ""48"": 6.0, ""49"": 1.0, ""50"": 1.0, ""53"": 13.0, ""58"": 17.0, ""59"": 27.0, ""60"": 8.23076923, ""61"": 6.29411765, ""107"": 4.0, ""108"": 2.0, ""109"": 6.0, ""155"": 10.0, ""156"": 7.0, ""158"": 6.0, ""183"": 1.0, ""210"": 17.0, ""213"": 8.0}",2026-08-24T23:49:59-04:00
Gerald Everett,3918639,TE,FA,ACTIVE,51.13325492,7.6,0.0,85.6,169.875539125077,0.23192138881693464,442.0,1740.0,"{""23"": 2.085193369, ""24"": 1.826230074, ""25"": 0.022009792, ""26"": 0.001219974, ""35"": 0.0038284, ""36"": 0.00267988, ""37"": -4.51719e-06, ""38"": -1.54154e-07, ""39"": 0.875808499, ""40"": 0.120801211, ""42"": 255.19616, ""43"": 2.008685674, ""44"": 0.10117023, ""45"": 0.078146064, ""46"": 0.051068453, ""47"": 51.0, ""48"": 25.0, ""49"": 12.0, ""50"": 10.0, ""51"": 5.0, ""53"": 27.38783556, ""56"": 0.098472441, ""57"": 0.003045539, ""58"": 39.11685382, ""60"": 9.317865204, ""61"": 16.88067984, ""62"": 0.102390204, ""63"": 0.002593627, ""66"": 0.041703867, ""67"": 0.547756711, ""68"": 0.589460579, ""70"": 0.019183779, ""71"": 0.306743758, ""72"": 0.325927537, ""73"": 0.325927537, ""210"": 15.11764706, ""212"": 2.276743482, ""213"": 12.95157276}","{""41"": 8.0, ""42"": 36.0, ""47"": 6.0, ""48"": 2.0, ""49"": 1.0, ""53"": 8.0, ""58"": 13.0, ""59"": 41.0, ""60"": 4.5, ""61"": 2.11764706, ""155"": 5.0, ""156"": 12.0, ""210"": 17.0, ""213"": 1.0}",2026-08-24T23:49:59-04:00
Cedrick Wilson Jr.,4036335,WR,NO,ACTIVE,39.44552642,41.9,0.0,58.6,169.94291581108828,0.22919178274531446,991.0,1004.0,"{""42"": 221.1017932, ""43"": 1.427071634, ""44"": 0.07136609, ""45"": 0.167144145, ""46"": 0.109228699, ""47"": 44.0, ""48"": 22.0, ""49"": 11.0, ""50"": 8.0, ""51"": 4.0, ""53"": 18.06990184, ""56"": 0.082928775, ""57"": 0.002564807, ""58"": 28.40309982, ""60"": 12.23591557, ""61"": 14.62541045, ""62"": 0.07136609, ""63"": 0.001590151, ""67"": 0.361398037, ""68"": 0.361398037, ""71"": 0.202382901, ""72"": 0.202382901, ""73"": 0.202382901, ""210"": 15.11764706, ""213"": 9.649688437}","{""0"": 1.0, ""1"": 1.0, ""3"": 21.0, ""4"": 1.0, ""5"": 4.0, ""6"": 2.0, ""7"": 1.0, ""21"": 1.0, ""22"": 1.4, ""41"": 20.0, ""42"": 211.0, ""43"": 1.0, ""47"": 37.0, ""48"": 16.0, ""49"": 5.0, ""50"": 4.0, ""51"": 1.0, ""53"": 20.0, ""54"": 1.0, ""58"": 27.0, ""59"": 89.0, ""60"": 10.55, ""61"": 14.06666667, ""64"": 1.0, ""68"": 1.0, ""72"": 1.0, ""73"": 1.0, ""107"": 5.0, ""108"": 3.0, ""109"": 8.0, ""110"": 1.0, ""155"": 4.0, ""156"": 11.0, ""158"": 12.0, ""177"": 1.0, ""184"": 1.0, ""210"": 15.0, ""211"": 1.0, ""213"": 8.0}",2026-08-24T23:49:59-04:00
Jimmy Garoppolo,16760,QB,LAR,ACTIVE,39.83398301,23.7,0.0,77.7,169.69845837615622,0.22634832782368478,483.0,1782.0,"{""0"": 68.75765392, ""1"": 45.4239885, ""2"": 23.33366542, ""3"": 540.4478676, ""4"": 3.452287546, ""5"": 108.0, ""6"": 54.0, ""7"": 27.0, ""8"": 21.0, ""9"": 10.0, ""10"": 5.0, ""11"": 9.0, ""12"": 4.0, ""15"": 0.486504867, ""16"": 0.31793093, ""17"": 0.604332644, ""18"": 0.081629494, ""19"": 0.183904723, ""20"": 1.836991011, ""21"": 0.660639011, ""22"": 135.1119669, ""23"": 3.483379846, ""24"": 7.157190673, ""25"": 0.157083821, ""26"": 0.007758299, ""27"": 1.0, ""35"": 0.006491106, ""36"": 0.004543774, ""37"": 0.001084968, ""38"": 3.70258e-05, ""39"": 2.054668451, ""40"": 1.789297668, ""62"": 0.191663022, ""63"": 0.003890844, ""64"": 4.612014285, ""65"": 0.844202515, ""66"": 0.040080296, ""68"": 0.884282811, ""69"": 0.405217207, ""70"": 0.018436936, ""72"": 0.423654143, ""73"": 2.260645155, ""210"": 4.0, ""211"": 25.50354949, ""212"": 0.814161046}","{""0"": 41.0, ""1"": 27.0, ""2"": 14.0, ""3"": 334.0, ""4"": 2.0, ""5"": 66.0, ""6"": 33.0, ""7"": 16.0, ""8"": 13.0, ""9"": 6.0, ""10"": 3.0, ""11"": 5.0, ""12"": 2.0, ""13"": 2.0, ""14"": 1.0, ""17"": 1.0, ""20"": 1.0, ""21"": 0.65853659, ""22"": 334.0, ""23"": 2.0, ""24"": 5.0, ""27"": 1.0, ""39"": 2.5, ""40"": 5.0, ""64"": 3.0, ""73"": 1.0, ""156"": 1.0, ""158"": 12.0, ""175"": 2.0, ""210"": 1.0, ""211"": 16.0}",2026-08-24T23:49:59-04:00
Greg Joseph,3975763,K,NYJ,ACTIVE,0.0,62.0,135.7343543,113.0,169.94040008249124,0.22097129297379567,1947.0,475.0,{},"{""74"": 1.0, ""75"": 2.0, ""76"": 1.0, ""77"": 5.0, ""78"": 9.0, ""79"": 4.0, ""80"": 10.0, ""81"": 10.0, ""83"": 16.0, ""84"": 20.0, ""85"": 4.0, ""86"": 11.0, ""87"": 11.0, ""155"": 4.0, ""156"": 4.0, ""158"": 59.0, ""198"": 1.0, ""199"": 2.0, ""200"": 1.0, ""210"": 8.0, ""214"": 570.0, ""215"": 235.0, ""216"": 805.0, ""217"": 112.0, ""218"": 55.0, ""219"": 26.0, ""220"": 19.0, ""221"": 8.0, ""222"": 2.0, ""223"": 46.0, ""224"": 22.0, ""225"": 10.0, ""226"": 7.0, ""227"": 2.0, ""229"": 158.0, ""230"": 77.0, ""231"": 36.0, ""232"": 27.0, ""233"": 11.0, ""234"": 3.0}",2026-08-24T23:49:59-04:00
Scott Matlock,4373684,9,LAC,ACTIVE,0.0,4.8,,,168.8193191140279,0.21777145796145586,962.0,397.0,"{""94"": 0.022672171, ""95"": 0.025008607, ""96"": 0.16992248, ""97"": 0.1277886, ""98"": 0.014427745, ""99"": 1.41371275, ""100"": 2.827425501, ""103"": 0.008244426, ""104"": 0.014427745, ""105"": 0.022672171, ""106"": 0.261419199, ""107"": 15.28728174, ""108"": 16.64953434, ""109"": 31.93681607, ""110"": 10.0, ""111"": 6.0, ""112"": 1.938996763, ""113"": 0.69316789, ""210"": 17.0}","{""41"": 4.0, ""42"": 28.0, ""47"": 4.0, ""48"": 1.0, ""53"": 4.0, ""58"": 5.0, ""59"": 23.0, ""60"": 7.0, ""61"": 1.64705882, ""99"": 1.0, ""100"": 2.0, ""107"": 5.0, ""108"": 3.0, ""109"": 8.0, ""112"": 0.5, ""113"": 1.0, ""155"": 11.0, ""156"": 6.0, ""210"": 17.0, ""213"": 1.0}",2026-08-24T23:49:59-04:00
Tommy Tremble,4372780,TE,CAR,ACTIVE,52.774337,44.9,0.0,48.9,169.66461285684946,0.21509723557081262,466.0,418.0,"{""42"": 261.9046307, ""43"": 2.326448041, ""44"": 0.123211295, ""45"": 0.090983075, ""46"": 0.059457439, ""47"": 52.0, ""48"": 26.0, ""49"": 13.0, ""50"": 10.0, ""51"": 5.0, ""53"": 25.45538649, ""56"": 0.106719749, ""57"": 0.003300611, ""58"": 38.24220761, ""60"": 10.28877054, ""61"": 18.55157801, ""62"": 0.123211295, ""63"": 0.001370797, ""67"": 0.311544783, ""68"": 0.311544783, ""71"": 0.174465078, ""72"": 0.174465078, ""73"": 0.174465078, ""210"": 14.11764706, ""213"": 12.8936652}","{""41"": 23.0, ""42"": 234.0, ""43"": 2.0, ""47"": 43.0, ""48"": 19.0, ""49"": 7.0, ""50"": 6.0, ""51"": 1.0, ""53"": 23.0, ""54"": 1.0, ""58"": 32.0, ""59"": 125.0, ""60"": 10.17391304, ""61"": 19.5, ""67"": 1.0, ""68"": 1.0, ""71"": 1.0, ""72"": 1.0, ""73"": 1.0, ""107"": 1.0, ""109"": 1.0, ""155"": 3.0, ""156"": 9.0, ""158"": 12.0, ""183"": 1.0, ""184"": 1.0, ""210"": 12.0, ""213"": 12.0}",2026-08-24T23:49:59-04:00
Kevin Austin Jr.,4372758,WR,NO,ACTIVE,,21.5,,,169.97022587268995,0.2096441133821212,,,null,"{""23"": 1.0, ""24"": 9.0, ""27"": 1.0, ""39"": 9.0, ""40"": 1.125, ""41"": 11.0, ""42"": 151.0, ""47"": 27.0, ""48"": 11.0, ""49"": 3.0, ""50"": 2.0, ""53"": 11.0, ""58"": 22.0, ""59"": 37.0, ""60"": 13.72727273, ""61"": 18.875, ""67"": 1.0, ""68"": 1.0, ""108"": 1.0, ""109"": 1.0, ""155"": 3.0, ""156"": 5.0, ""210"": 8.0, ""213"": 10.0}",2026-08-24T23:49:59-04:00
Bo Melton,4259305,WR,GB,ACTIVE,22.62240926,18.5,0.0,37.9,169.72012320328543,0.20492348958194637,1043.0,993.0,"{""23"": 2.055097455, ""24"": 12.67522792, ""25"": 0.07970361, ""26"": 0.004985719, ""27"": 2.0, ""28"": 1.0, ""35"": 0.003773077, ""36"": 0.002641154, ""37"": 0.000322602, ""38"": 1.10092e-05, ""39"": 6.167701626, ""40"": 0.838439201, ""42"": 113.6807536, ""43"": 0.795552918, ""44"": 0.037730316, ""45"": 0.113144484, ""46"": 0.07393992, ""47"": 22.0, ""48"": 11.0, ""49"": 5.0, ""50"": 4.0, ""51"": 2.0, ""53"": 9.815020227, ""56"": 0.04733603, ""57"": 0.001464001, ""58"": 16.01367921, ""60"": 11.58232494, ""61"": 7.519738565, ""62"": 0.042716035, ""63"": 0.00104457, ""66"": 0.041101949, ""67"": 0.196300405, ""68"": 0.237402354, ""70"": 0.018906897, ""71"": 0.109928227, ""72"": 0.128835123, ""73"": 0.128835123, ""210"": 15.11764706, ""212"": 2.684245789, ""213"": 4.547639895}","{""23"": 8.0, ""24"": 54.0, ""27"": 9.0, ""28"": 3.0, ""29"": 1.0, ""30"": 1.0, ""39"": 6.75, ""40"": 3.17647059, ""41"": 8.0, ""42"": 91.0, ""47"": 15.0, ""48"": 5.0, ""49"": 1.0, ""50"": 1.0, ""53"": 8.0, ""58"": 17.0, ""59"": 7.0, ""60"": 11.375, ""61"": 5.35294118, ""96"": 1.0, ""107"": 2.0, ""108"": 1.0, ""109"": 3.0, ""114"": 15.0, ""116"": 1.0, ""155"": 11.0, ""156"": 6.0, ""210"": 17.0, ""212"": 4.0, ""213"": 5.0}",2026-08-24T23:49:59-04:00
Greg Dulcich,4367209,TE,NYG,ACTIVE,55.8549964,5.3,0.0,4.0,169.94475251591703,0.19832876093849386,443.0,449.0,"{""42"": 328.6574668, ""43"": 1.431966099, ""44"": 0.078704054, ""45"": 0.118070355, ""46"": 0.077158977, ""47"": 65.0, ""48"": 32.0, ""49"": 16.0, ""50"": 13.0, ""51"": 6.0, ""53"": 29.22993759, ""56"": 0.147817031, ""57"": 0.004571661, ""58"": 45.83304117, ""60"": 11.24386482, ""61"": 21.73998808, ""62"": 0.078704054, ""63"": 0.001472915, ""67"": 0.33475337, ""68"": 0.33475337, ""71"": 0.187461887, ""72"": 0.187461887, ""73"": 0.187461887, ""210"": 15.11764706, ""213"": 15.16139365}","{""41"": 5.0, ""42"": 28.0, ""47"": 5.0, ""48"": 2.0, ""53"": 5.0, ""58"": 12.0, ""59"": 15.0, ""60"": 5.6, ""61"": 3.11111111, ""155"": 3.0, ""156"": 6.0, ""210"": 9.0}",2026-08-24T23:49:59-04:00
Xavier Hutchinson,4686422,WR,HOU,ACTIVE,5.49483213,17.7,7.26207054,17.9,169.85790554414785,0.19693545673411536,1138.0,1001.0,"{""23"": 1.996259098, ""24"": 12.74909413, ""25"": 0.092143991, ""26"": 0.005755291, ""27"": 2.0, ""28"": 1.0, ""35"": 0.003664937, ""36"": 0.002565456, ""37"": 0.000327127, ""38"": 1.11636e-05, ""39"": 6.386492687, ""40"": 0.843325293, ""42"": 19.78661255, ""43"": 0.149532566, ""44"": 0.007081352, ""45"": 0.108500501, ""46"": 0.070905078, ""47"": 3.0, ""48"": 1.0, ""53"": 1.679773865, ""56"": 0.011193093, ""57"": 0.000346178, ""58"": 2.778730228, ""60"": 11.77933111, ""61"": 1.308842075, ""62"": 0.012836643, ""63"": 0.000323491, ""66"": 0.039925182, ""67"": 0.033595477, ""68"": 0.073520659, ""70"": 0.018365584, ""71"": 0.018813467, ""72"": 0.037179051, ""73"": 0.037179051, ""210"": 15.11764706, ""212"": 2.692439615, ""213"": -0.092420953}","{""41"": 12.0, ""42"": 117.0, ""47"": 20.0, ""48"": 8.0, ""49"": 2.0, ""50"": 1.0, ""53"": 12.0, ""58"": 26.0, ""59"": 37.0, ""60"": 9.75, ""61"": 7.3125, ""107"": 2.0, ""108"": 2.0, ""109"": 4.0, ""114"": 32.0, ""116"": 3.0, ""117"": 1.0, ""155"": 9.0, ""156"": 7.0, ""210"": 16.0, ""213"": 6.0}",2026-08-24T23:49:59-04:00
Jeff Wilson Jr.,3122976,RB,MIA,ACTIVE,13.41933536,9.1,0.0,34.3,169.89650924024642,0.19306281138186976,1078.0,1127.0,"{""23"": 11.62404031, ""24"": 51.904383, ""25"": 0.405657889, ""26"": 0.018110353, ""27"": 10.0, ""28"": 5.0, ""29"": 2.0, ""30"": 2.0, ""31"": 1.0, ""33"": 2.0, ""34"": 1.0, ""35"": 0.021461216, ""36"": 0.015022851, ""37"": 0.007074738, ""38"": 0.000241434, ""39"": 4.465261786, ""40"": 3.939171924, ""42"": 29.3209771, ""43"": 0.184206977, ""44"": 0.00964583, ""45"": 0.038523525, ""46"": 0.025175123, ""47"": 5.0, ""48"": 2.0, ""49"": 1.0, ""50"": 1.0, ""53"": 3.631926281, ""56"": 0.015957575, ""57"": 0.000493533, ""58"": 5.369643992, ""60"": 8.073120111, ""61"": 2.225252727, ""62"": 0.027756182, ""63"": 0.000517777, ""66"": 0.089661746, ""67"": 0.028014773, ""68"": 0.117676519, ""70"": 0.041244403, ""71"": 0.015688273, ""72"": 0.056932676, ""73"": 0.056932676, ""210"": 13.17647059, ""212"": 4.711292326, ""213"": 0.629638243}","{""23"": 16.0, ""24"": 57.0, ""27"": 10.0, ""28"": 4.0, ""29"": 1.0, ""30"": 1.0, ""33"": 1.0, ""39"": 3.5625, ""40"": 6.33333333, ""41"": 3.0, ""42"": 19.0, ""47"": 3.0, ""48"": 1.0, ""53"": 3.0, ""58"": 3.0, ""59"": 19.0, ""60"": 6.33333333, ""61"": 2.11111111, ""155"": 4.0, ""156"": 5.0, ""210"": 9.0, ""212"": 3.0}",2026-08-24T23:49:59-04:00
Daniel Bellinger,4361516,TE,NYG,ACTIVE,33.83532409,19.5,0.0,38.0,169.84945574039844,0.19197761148863748,469.0,2327.0,"{""42"": 178.8552767, ""43"": 0.866779653, ""44"": 0.049312598, ""45"": 0.063590542, ""46"": 0.041556419, ""47"": 35.0, ""48"": 17.0, ""49"": 8.0, ""50"": 7.0, ""51"": 3.0, ""53"": 21.91720973, ""56"": 0.067384033, ""57"": 0.002084042, ""58"": 28.819674, ""60"": 8.160494833, ""61"": 11.83089379, ""62"": 0.049312598, ""63"": 0.001210438, ""67"": 0.275099608, ""68"": 0.275099608, ""71"": 0.154055781, ""72"": 0.154055781, ""73"": 0.154055781, ""210"": 15.11764706, ""213"": 9.132511407}","{""41"": 14.0, ""42"": 125.0, ""47"": 23.0, ""48"": 9.0, ""49"": 3.0, ""50"": 2.0, ""53"": 14.0, ""54"": 1.0, ""58"": 17.0, ""59"": 53.0, ""60"": 8.92857143, ""61"": 7.35294118, ""107"": 2.0, ""108"": 2.0, ""109"": 4.0, ""155"": 3.0, ""156"": 14.0, ""210"": 17.0, ""213"": 8.0}",2026-08-24T23:49:59-04:00
Bub Means,4427985,WR,NO,ACTIVE,31.40286499,22.3,,,169.98932238193018,0.1917299512686374,1001.0,1548.0,"{""42"": 175.3428032, ""43"": 1.115586163, ""44"": 0.055788635, ""45"": 0.163166559, ""46"": 0.106629346, ""47"": 35.0, ""48"": 17.0, ""49"": 8.0, ""50"": 7.0, ""51"": 3.0, ""53"": 14.47139693, ""56"": 0.066269487, ""57"": 0.002049572, ""58"": 22.65629918, ""60"": 12.11650845, ""61"": 11.59855118, ""62"": 0.055788635, ""63"": 0.000676532, ""67"": 0.153757183, ""68"": 0.153757183, ""71"": 0.086104022, ""72"": 0.086104022, ""73"": 0.086104022, ""210"": 15.11764706, ""213"": 7.440245764}","{""41"": 9.0, ""42"": 118.0, ""43"": 1.0, ""47"": 23.0, ""48"": 10.0, ""49"": 4.0, ""50"": 3.0, ""53"": 9.0, ""54"": 1.0, ""58"": 15.0, ""59"": 20.0, ""60"": 13.11111111, ""61"": 16.85714286, ""155"": 2.0, ""156"": 5.0, ""158"": 6.0, ""184"": 1.0, ""210"": 7.0, ""213"": 7.0}",2026-08-24T23:49:59-04:00
Michael Thomas,2976316,WR,FA,ACTIVE,0.0,0.0,128.46795097,70.3,169.83182751540042,0.17768976673981643,1981.0,1771.0,{},{},2026-08-24T23:49:59-04:00
Rodrigo Blankenship,3915165,K,FA,ACTIVE,0.0,0.0,0.0,0.0,169.6395133017117,0.17690765420450527,2150.0,1834.0,{},{},2026-08-24T23:49:59-04:00
Johnny Wilson,4686104,WR,PHI,ACTIVE,20.35602041,12.3,,,169.66221765913758,0.17635766350909385,1052.0,987.0,"{""42"": 113.0768514, ""43"": 0.706484199, ""44"": 0.041856645, ""45"": 0.137870874, ""46"": 0.090098616, ""47"": 22.0, ""48"": 11.0, ""49"": 5.0, ""50"": 4.0, ""51"": 2.0, ""53"": 9.681859715, ""56"": 0.047137676, ""57"": 0.001457866, ""58"": 15.23498717, ""60"": 11.6792491, ""61"": 7.479791727, ""62"": 0.041856645, ""63"": 0.000452623, ""67"": 0.102868816, ""68"": 0.102868816, ""71"": 0.057606537, ""72"": 0.057606537, ""73"": 0.057606537, ""210"": 15.11764706, ""213"": 4.464213381}","{""41"": 5.0, ""42"": 38.0, ""43"": 1.0, ""47"": 6.0, ""48"": 2.0, ""49"": 1.0, ""53"": 5.0, ""58"": 15.0, ""59"": 15.0, ""60"": 7.6, ""61"": 2.375, ""155"": 13.0, ""156"": 3.0, ""158"": 6.0, ""183"": 1.0, ""210"": 16.0, ""213"": 3.0}",2026-08-24T23:49:59-04:00
Devin Duvernay,4039050,WR,FA,ACTIVE,26.29491072,13.7,0.0,5.3,169.85010266940452,0.17284808372238272,1022.0,991.0,"{""23"": 1.991469321, ""24"": 13.04231439, ""25"": 0.078803753, ""26"": 0.00470308, ""27"": 2.0, ""28"": 1.0, ""35"": 0.003656133, ""36"": 0.002559293, ""37"": 0.000344222, ""38"": 1.1747e-05, ""39"": 6.549091295, ""40"": 0.862721186, ""42"": 111.1990597, ""43"": 0.691809229, ""44"": 0.042682448, ""45"": 0.080125952, ""46"": 0.05236231, ""47"": 22.0, ""48"": 11.0, ""49"": 5.0, ""50"": 4.0, ""51"": 2.0, ""53"": 11.64317704, ""56"": 0.046556396, ""57"": 0.001439889, ""58"": 16.89886242, ""60"": 9.550577075, ""61"": 7.355579825, ""62"": 0.047385528, ""63"": 0.001141237, ""66"": 0.037883741, ""67"": 0.221488277, ""68"": 0.259372018, ""70"": 0.017426521, ""71"": 0.124033435, ""72"": 0.141459956, ""73"": 0.141459956, ""101"": 0.472315959, ""102"": 0.12996, ""114"": 1127.639987, ""115"": 363.375, ""116"": 112.0, ""117"": 45.0, ""118"": 36.0, ""119"": 14.0, ""210"": 15.11764706, ""212"": 2.692104124, ""213"": 4.853479319}","{""23"": 4.0, ""24"": 3.0, ""39"": 0.75, ""40"": 0.23076923, ""41"": 11.0, ""42"": 79.0, ""47"": 13.0, ""48"": 6.0, ""49"": 3.0, ""50"": 1.0, ""53"": 11.0, ""58"": 16.0, ""59"": 63.0, ""60"": 7.18181818, ""61"": 6.07692308, ""68"": 1.0, ""108"": 1.0, ""109"": 1.0, ""114"": 351.0, ""115"": 167.0, ""116"": 32.0, ""117"": 11.0, ""118"": 11.0, ""119"": 3.0, ""155"": 3.0, ""156"": 10.0, ""210"": 13.0, ""212"": 1.0, ""213"": 7.0}",2026-08-24T23:49:59-04:00
Robert Woods,15880,WR,HOU,ACTIVE,10.18524978,28.3,0.0,69.3,169.852977412731,0.1724243321053622,1086.0,985.0,"{""42"": 53.89897057, ""43"": 0.409096447, ""44"": 0.019372812, ""45"": 0.071679582, ""46"": 0.046842607, ""47"": 10.0, ""48"": 5.0, ""49"": 2.0, ""50"": 2.0, ""51"": 1.0, ""53"": 4.779799619, ""56"": 0.026694628, ""57"": 0.000825607, ""58"": 8.336190683, ""60"": 11.27640798, ""61"": 3.817843749, ""62"": 0.019372812, ""63"": 0.000345209, ""67"": 0.078456597, ""68"": 0.078456597, ""71"": 0.043935694, ""72"": 0.043935694, ""73"": 0.043935694, ""210"": 14.11764706, ""213"": 1.661001904}","{""41"": 20.0, ""42"": 203.0, ""47"": 35.0, ""48"": 15.0, ""49"": 4.0, ""50"": 2.0, ""53"": 20.0, ""58"": 30.0, ""59"": 73.0, ""60"": 10.15, ""61"": 13.53333333, ""67"": 3.0, ""68"": 3.0, ""71"": 1.0, ""72"": 1.0, ""73"": 1.0, ""114"": 144.0, ""115"": 144.0, ""116"": 14.0, ""117"": 4.0, ""118"": 11.0, ""119"": 2.0, ""155"": 9.0, ""156"": 6.0, ""210"": 15.0, ""213"": 12.0}",2026-08-24T23:49:59-04:00
Braxton Berrios,3123075,WR,HOU,QUESTIONABLE,29.99480861,0.0,0.0,44.4,169.8400410677618,0.17115349466628094,1004.0,982.0,"{""42"": 144.2445818, ""43"": 0.924504136, ""44"": 0.048370528, ""45"": 0.094329108, ""46"": 0.061644072, ""47"": 28.0, ""48"": 14.0, ""49"": 7.0, ""50"": 5.0, ""51"": 2.0, ""53"": 14.49139729, ""56"": 0.070459503, ""57"": 0.00217916, ""58"": 20.66156773, ""60"": 9.95380769, ""61"": 9.54147039, ""62"": 0.048370528, ""63"": 0.001275243, ""67"": 0.289827946, ""68"": 0.289827946, ""71"": 0.16230365, ""72"": 0.16230365, ""73"": 0.16230365, ""101"": 0.370955535, ""102"": 0.12996, ""114"": 1241.346226, ""115"": 317.3, ""116"": 124.0, ""117"": 49.0, ""118"": 31.0, ""119"": 12.0, ""210"": 15.11764706, ""213"": 6.509101104}","{""58"": 4.0, ""108"": 1.0, ""109"": 1.0, ""114"": 76.0, ""115"": 103.0, ""116"": 6.0, ""117"": 2.0, ""118"": 8.0, ""119"": 2.0, ""155"": 2.0, ""156"": 4.0, ""210"": 6.0}",2026-08-24T23:49:59-04:00
Chris Naggar,4241822,K,FA,ACTIVE,0.0,0.0,0.0,0.0,169.54774180243348,0.17082451381431524,2375.0,2303.0,{},{},2026-08-24T23:49:59-04:00
Eric Saubert,2975863,TE,SF,ACTIVE,13.65063839,21.2,,,169.8256315465188,0.17012782888202838,1069.0,977.0,"{""42"": 67.41249981, ""43"": 0.596242748, ""44"": 0.026313811, ""45"": 0.097559429, ""46"": 0.063755087, ""47"": 13.0, ""48"": 6.0, ""49"": 3.0, ""50"": 2.0, ""51"": 1.0, ""53"": 6.731289103, ""56"": 0.032027433, ""57"": 0.000990539, ""58"": 9.823645974, ""60"": 10.01479788, ""61"": 4.459192594, ""62"": 0.026313811, ""63"": 0.000339194, ""67"": 0.077089515, ""68"": 0.077089515, ""71"": 0.043170128, ""72"": 0.043170128, ""73"": 0.043170128, ""210"": 15.11764706, ""213"": 2.487357874}","{""41"": 11.0, ""42"": 97.0, ""43"": 1.0, ""47"": 17.0, ""48"": 7.0, ""49"": 3.0, ""50"": 2.0, ""53"": 11.0, ""58"": 14.0, ""59"": 35.0, ""60"": 8.81818182, ""61"": 5.70588235, ""67"": 1.0, ""68"": 1.0, ""107"": 1.0, ""108"": 3.0, ""109"": 4.0, ""155"": 6.0, ""156"": 11.0, ""158"": 6.0, ""183"": 1.0, ""210"": 17.0, ""213"": 5.0}",2026-08-24T23:49:59-04:00
Davis Allen,4426553,TE,LAR,ACTIVE,24.68738125,6.9,0.0,20.5,169.8722530293695,0.1698868712006953,1026.0,1020.0,"{""42"": 132.622171, ""43"": 0.819938606, ""44"": 0.043919504, ""45"": 0.121826812, ""46"": 0.079613822, ""47"": 26.0, ""48"": 13.0, ""49"": 6.0, ""50"": 5.0, ""51"": 2.0, ""53"": 13.17332777, ""56"": 0.055306758, ""57"": 0.001710518, ""58"": 18.33700464, ""60"": 10.06747674, ""61"": 8.772672789, ""62"": 0.043919504, ""63"": 0.000663812, ""67"": 0.150866414, ""68"": 0.150866414, ""71"": 0.084485192, ""72"": 0.084485192, ""73"": 0.084485192, ""210"": 15.11764706, ""213"": 5.845410616}","{""41"": 6.0, ""42"": 39.0, ""47"": 7.0, ""48"": 3.0, ""49"": 1.0, ""50"": 1.0, ""53"": 6.0, ""54"": 1.0, ""58"": 13.0, ""59"": 21.0, ""60"": 6.5, ""61"": 2.6, ""108"": 1.0, ""109"": 1.0, ""155"": 9.0, ""156"": 6.0, ""210"": 15.0, ""213"": 2.0}",2026-08-24T23:49:59-04:00
Cade Stover,4426496,TE,HOU,QUESTIONABLE,7.63011247,26.8,,,169.85212569316081,0.16577193800044787,1102.0,979.0,"{""42"": 38.53154382, ""43"": 0.312204654, ""44"": 0.01478593, ""45"": 0.096027709, ""46"": 0.062754108, ""47"": 7.0, ""48"": 3.0, ""49"": 1.0, ""50"": 1.0, ""53"": 3.847440611, ""56"": 0.020227486, ""57"": 0.000625592, ""58"": 5.557460455, ""60"": 10.01485084, ""61"": 2.729317687, ""62"": 0.01478593, ""63"": 0.000194708, ""67"": 0.044251789, ""68"": 0.044251789, ""71"": 0.024781002, ""72"": 0.024781002, ""73"": 0.024781002, ""210"": 14.11764706, ""213"": 0.985092617}","{""41"": 15.0, ""42"": 133.0, ""43"": 1.0, ""47"": 23.0, ""48"": 8.0, ""49"": 2.0, ""50"": 2.0, ""53"": 15.0, ""58"": 22.0, ""59"": 94.0, ""60"": 8.86666667, ""61"": 8.86666667, ""108"": 6.0, ""109"": 6.0, ""110"": 1.0, ""155"": 9.0, ""156"": 6.0, ""158"": 6.0, ""184"": 1.0, ""210"": 15.0, ""213"": 5.0}",2026-08-24T23:49:59-04:00
Kylen Granson,4039160,TE,PHI,ACTIVE,65.58038346,25.2,28.33557656,58.0,169.78907373177245,0.16377468573538223,419.0,456.0,"{""42"": 361.0774198, ""43"": 2.05531052, ""44"": 0.149742933, ""45"": 0.092529676, ""46"": 0.060468143, ""47"": 72.0, ""48"": 36.0, ""49"": 18.0, ""50"": 14.0, ""51"": 7.0, ""53"": 34.6022001, ""56"": 0.177728385, ""57"": 0.005496754, ""58"": 53.23176511, ""60"": 10.43510005, ""61"": 23.88449859, ""62"": 0.149742933, ""63"": 0.001806387, ""67"": 0.410542459, ""68"": 0.410542459, ""71"": 0.229903777, ""72"": 0.229903777, ""73"": 0.229903777, ""210"": 15.11764706, ""213"": 17.53481984}","{""41"": 14.0, ""42"": 182.0, ""47"": 32.0, ""48"": 14.0, ""49"": 6.0, ""50"": 3.0, ""53"": 14.0, ""58"": 31.0, ""59"": 109.0, ""60"": 13.0, ""61"": 10.70588235, ""108"": 5.0, ""109"": 5.0, ""155"": 8.0, ""156"": 9.0, ""210"": 17.0, ""213"": 8.0}",2026-08-24T23:49:59-04:00
Teddy Bridgewater,16728,QB,DET,ACTIVE,0.0,0.0,20.82934571,-0.2,169.71223021582733,0.16153021991514813,2001.0,1787.0,{},{},2026-08-24T23:49:59-04:00
Leonard Fournette,3115364,RB,FA,ACTIVE,0.0,0.0,0.0,4.0,169.8700205338809,0.15614673435446036,1954.0,1751.0,{},{},2026-08-24T23:49:59-04:00
Sam Howell,4426875,QB,SEA,ACTIVE,57.84057495,-1.0,0.0,297.8,169.78396711202467,0.153041116157237,452.0,2461.0,"{""0"": 101.1114278, ""1"": 65.2705375, ""2"": 35.84089031, ""3"": 707.573992, ""4"": 4.274736464, ""5"": 141.0, ""6"": 70.0, ""7"": 35.0, ""8"": 28.0, ""9"": 14.0, ""10"": 7.0, ""11"": 13.0, ""12"": 6.0, ""15"": 0.567670967, ""16"": 0.370972977, ""17"": 0.54349705, ""18"": 0.073412201, ""19"": 0.229357201, ""20"": 2.728781045, ""21"": 0.645530767, ""22"": 117.9289987, ""23"": 10.97969519, ""24"": 57.01890422, ""25"": 0.730062681, ""26"": 0.0363122, ""27"": 11.0, ""28"": 5.0, ""29"": 2.0, ""30"": 2.0, ""31"": 1.0, ""33"": 2.0, ""34"": 1.0, ""35"": 0.020817372, ""36"": 0.01457216, ""37"": 0.04716709, ""38"": 0.001609632, ""39"": 5.19312269, ""40"": 9.503150703, ""62"": 0.265669402, ""63"": 0.0053549, ""64"": 7.891904945, ""65"": 1.105652529, ""66"": 0.111370244, ""68"": 1.217022773, ""69"": 0.530713214, ""70"": 0.051230312, ""72"": 0.581943526, ""73"": 3.310724571, ""210"": 6.0, ""211"": 34.70954666, ""212"": 3.502221362}","{""0"": 14.0, ""1"": 5.0, ""2"": 9.0, ""3"": 24.0, ""5"": 4.0, ""6"": 2.0, ""7"": 1.0, ""11"": 1.0, ""13"": 1.0, ""20"": 1.0, ""21"": 0.35714286, ""22"": 8.0, ""23"": 1.0, ""24"": 2.0, ""39"": 2.0, ""40"": 0.66666667, ""64"": 4.0, ""73"": 1.0, ""108"": 1.0, ""109"": 1.0, ""155"": 1.0, ""156"": 2.0, ""210"": 3.0, ""211"": 1.0}",2026-08-24T23:49:59-04:00
Nick Foles,14877,QB,FA,ACTIVE,0.0,0.0,0.0,0.0,169.78848920863308,0.14443462817178626,2003.0,1789.0,{},{},2026-08-24T23:49:59-04:00
Hunter Luepke,4383396,RB,DAL,ACTIVE,9.4351503,20.9,0.0,11.2,169.62505133470225,0.1405299346311876,1091.0,294.0,"{""23"": 4.198582637, ""24"": 17.98696595, ""25"": 0.136668866, ""26"": 0.007969115, ""27"": 3.0, ""28"": 1.0, ""35"": 0.007717474, ""36"": 0.005402232, ""37"": 0.000711786, ""38"": 2.42905e-05, ""39"": 4.28405667, ""40"": 1.268790129, ""42"": 33.32360826, ""43"": 0.198327112, ""44"": 0.009614218, ""45"": 0.040830069, ""46"": 0.02668245, ""47"": 6.0, ""48"": 3.0, ""49"": 1.0, ""50"": 1.0, ""53"": 4.672849784, ""56"": 0.017991794, ""57"": 0.000556447, ""58"": 6.091787618, ""60"": 7.131324525, ""61"": 2.350627969, ""62"": 0.017583333, ""63"": 0.000332461, ""66"": 0.035760006, ""67"": 0.039799416, ""68"": 0.075559421, ""70"": 0.016449603, ""71"": 0.022287673, ""72"": 0.038737275, ""73"": 0.038737275, ""210"": 14.17647059, ""212"": 3.036289588, ""213"": 0.915419835}","{""23"": 12.0, ""24"": 38.0, ""27"": 6.0, ""28"": 1.0, ""39"": 3.16666667, ""40"": 2.375, ""41"": 12.0, ""42"": 111.0, ""47"": 19.0, ""48"": 8.0, ""49"": 2.0, ""50"": 1.0, ""53"": 12.0, ""58"": 16.0, ""59"": 84.0, ""60"": 9.25, ""61"": 6.9375, ""107"": 8.0, ""108"": 4.0, ""109"": 12.0, ""110"": 1.0, ""155"": 7.0, ""156"": 9.0, ""210"": 16.0, ""212"": 6.0, ""213"": 5.0}",2026-08-24T23:49:59-04:00
Tanner Hudson,3050481,TE,CIN,ACTIVE,22.44402027,29.0,0.0,60.7,169.9455740398439,0.14047340930961646,1040.0,1197.0,"{""42"": 120.5287788, ""43"": 0.619717563, ""44"": 0.030190278, ""45"": 0.078526354, ""46"": 0.051316972, ""47"": 24.0, ""48"": 12.0, ""49"": 6.0, ""50"": 4.0, ""51"": 2.0, ""53"": 13.50201101, ""56"": 0.049631878, ""57"": 0.001535007, ""58"": 18.48750871, ""60"": 8.926727929, ""61"": 7.972720778, ""62"": 0.030190278, ""63"": 0.0005443, ""67"": 0.123704505, ""68"": 0.123704505, ""71"": 0.069274523, ""72"": 0.069274523, ""73"": 0.069274523, ""210"": 15.11764706, ""213"": 5.504966533}","{""23"": 1.0, ""24"": 1.0, ""39"": 1.0, ""40"": 0.09090909, ""41"": 19.0, ""42"": 154.0, ""43"": 1.0, ""47"": 26.0, ""48"": 11.0, ""49"": 3.0, ""50"": 2.0, ""53"": 19.0, ""54"": 1.0, ""58"": 23.0, ""59"": 97.0, ""60"": 8.10526316, ""61"": 14.0, ""67"": 1.0, ""68"": 1.0, ""71"": 1.0, ""72"": 1.0, ""73"": 1.0, ""108"": 4.0, ""109"": 4.0, ""155"": 6.0, ""156"": 5.0, ""158"": 6.0, ""183"": 1.0, ""210"": 11.0, ""212"": 1.0, ""213"": 9.0}",2026-08-24T23:49:59-04:00
Javon Baker,4692022,WR,NE,ACTIVE,24.67082823,1.7,,,169.91026694045175,0.14040880750557702,1028.0,1524.0,"{""42"": 145.33994, ""43"": 0.644517151, ""44"": 0.034946286, ""45"": 0.109531408, ""46"": 0.071578775, ""47"": 29.0, ""48"": 14.0, ""49"": 7.0, ""50"": 5.0, ""51"": 2.0, ""53"": 12.70198191, ""56"": 0.058118569, ""57"": 0.001797482, ""58"": 20.71157072, ""60"": 11.44230412, ""61"": 9.613925992, ""62"": 0.034946286, ""63"": 0.000593812, ""67"": 0.134957321, ""68"": 0.134957321, ""71"": 0.0755761, ""72"": 0.0755761, ""73"": 0.0755761, ""210"": 15.11764706, ""213"": 6.016948974}","{""41"": 1.0, ""42"": 12.0, ""47"": 2.0, ""48"": 1.0, ""53"": 1.0, ""58"": 4.0, ""60"": 12.0, ""61"": 1.09090909, ""114"": 79.0, ""116"": 7.0, ""117"": 2.0, ""155"": 3.0, ""156"": 8.0, ""210"": 11.0, ""213"": 1.0}",2026-08-24T23:49:59-04:00
Jamison Crowder,2576716,WR,WSH,ACTIVE,13.26908391,21.7,0.0,27.9,169.9365503080082,0.13762434002048024,1074.0,1137.0,"{""42"": 65.70161769, ""43"": 0.227545303, ""44"": 0.012518935, ""45"": 0.06015241, ""46"": 0.0393096, ""47"": 13.0, ""48"": 6.0, ""49"": 3.0, ""50"": 2.0, ""51"": 1.0, ""53"": 7.223645634, ""56"": 0.031541141, ""57"": 0.000975499, ""58"": 10.77466031, ""60"": 9.095354481, ""61"": 4.346021404, ""62"": 0.012518935, ""63"": 0.00062525, ""67"": 0.142102179, ""68"": 0.142102179, ""71"": 0.07957722, ""72"": 0.07957722, ""73"": 0.07957722, ""101"": 0.179364013, ""102"": 0.12996, ""114"": 588.5381688, ""115"": 246.5869565, ""116"": 58.0, ""117"": 23.0, ""118"": 24.0, ""119"": 9.0, ""210"": 15.11764706, ""213"": 2.401636609}","{""41"": 9.0, ""42"": 72.0, ""43"": 2.0, ""47"": 14.0, ""48"": 5.0, ""49"": 2.0, ""50"": 2.0, ""53"": 9.0, ""58"": 13.0, ""59"": 11.0, ""60"": 8.0, ""61"": 12.0, ""68"": 2.0, ""72"": 1.0, ""73"": 1.0, ""107"": 1.0, ""109"": 1.0, ""115"": 81.0, ""118"": 7.0, ""119"": 1.0, ""155"": 5.0, ""156"": 1.0, ""158"": 12.0, ""183"": 2.0, ""210"": 6.0, ""213"": 4.0}",2026-08-24T23:49:59-04:00
K.J. Osborn,3916566,WR,WSH,ACTIVE,24.06747314,15.2,0.0,96.0,169.83429158110883,0.1357456478783312,1030.0,323.0,"{""42"": 138.3267609, ""43"": 0.638384313, ""44"": 0.034675037, ""45"": 0.077899702, ""46"": 0.050907455, ""47"": 27.0, ""48"": 13.0, ""49"": 6.0, ""50"": 5.0, ""51"": 2.0, ""53"": 13.26453328, ""56"": 0.059186506, ""57"": 0.00183051, ""58"": 21.3108383, ""60"": 10.42831722, ""61"": 9.150019202, ""62"": 0.034675037, ""63"": 0.001167279, ""67"": 0.265290666, ""68"": 0.265290666, ""71"": 0.148562773, ""72"": 0.148562773, ""73"": 0.148562773, ""210"": 15.11764706, ""213"": 5.949269193}","{""41"": 7.0, ""42"": 57.0, ""43"": 1.0, ""47"": 10.0, ""48"": 4.0, ""49"": 2.0, ""50"": 1.0, ""53"": 7.0, ""58"": 18.0, ""59"": 16.0, ""60"": 8.14285714, ""61"": 7.125, ""155"": 4.0, ""156"": 4.0, ""158"": 6.0, ""185"": 1.0, ""210"": 8.0, ""213"": 2.0}",2026-08-24T23:49:59-04:00
Adam Trautman,3911853,TE,DEN,ACTIVE,36.83825302,37.3,0.0,49.4,169.9135346066954,0.13151603551477664,473.0,1852.0,"{""42"": 188.0415898, ""43"": 1.456363651, ""44"": 0.080084858, ""45"": 0.083123813, ""46"": 0.054321411, ""47"": 37.0, ""48"": 18.0, ""49"": 9.0, ""50"": 7.0, ""51"": 3.0, ""53"": 18.75769013, ""56"": 0.070415575, ""57"": 0.002177801, ""58"": 28.43466849, ""60"": 10.02477323, ""61"": 12.43854874, ""62"": 0.080084858, ""63"": 0.000955046, ""67"": 0.217055932, ""68"": 0.217055932, ""71"": 0.121551322, ""72"": 0.121551322, ""73"": 0.121551322, ""210"": 15.11764706, ""213"": 8.906765281}","{""41"": 13.0, ""42"": 188.0, ""43"": 2.0, ""47"": 34.0, ""48"": 15.0, ""49"": 6.0, ""50"": 4.0, ""51"": 1.0, ""53"": 13.0, ""58"": 22.0, ""59"": 98.0, ""60"": 14.46153846, ""61"": 11.05882353, ""155"": 10.0, ""156"": 7.0, ""158"": 12.0, ""184"": 2.0, ""210"": 17.0, ""213"": 8.0}",2026-08-24T23:49:59-04:00
Skyy Moore,4430191,WR,KC,QUESTIONABLE,23.93609248,0.0,0.0,43.2,169.8669404517454,0.1309070045838634,1038.0,420.0,"{""42"": 122.9331568, ""43"": 1.017339293, ""44"": 0.03330191, ""45"": 0.151793064, ""46"": 0.099196767, ""47"": 24.0, ""48"": 12.0, ""49"": 6.0, ""50"": 4.0, ""51"": 2.0, ""53"": 9.712605646, ""56"": 0.05271036, ""57"": 0.001630217, ""58"": 16.12696543, ""60"": 12.65707281, ""61"": 8.131765238, ""62"": 0.03330191, ""63"": 0.000854709, ""67"": 0.194252113, ""68"": 0.194252113, ""71"": 0.108781183, ""72"": 0.108781183, ""73"": 0.108781183, ""101"": 0.125219461, ""102"": 0.01368, ""114"": 410.8763563, ""115"": 21.5625, ""116"": 41.0, ""117"": 16.0, ""118"": 2.0, ""210"": 15.11764706, ""213"": 4.870133135}","{""58"": 3.0, ""114"": 43.0, ""116"": 3.0, ""117"": 1.0, ""155"": 6.0, ""210"": 6.0}",2026-08-24T23:49:59-04:00
Rondale Moore,4372485,WR,FA,QUESTIONABLE,0.0,0.0,0.0,85.0,169.92094455852157,0.12824361323808164,1403.0,1271.0,{},{},2026-08-24T23:49:59-04:00
C.J. Ham,4012556,RB,MIN,QUESTIONABLE,6.94305542,11.0,0.0,6.7,169.75564681724845,0.12667060860597573,1110.0,372.0,"{""23"": 1.902280304, ""24"": 8.056520373, ""25"": 0.058031662, ""26"": 0.003159547, ""27"": 1.0, ""35"": 0.003492224, ""36"": 0.002444556, ""37"": 0.000109319, ""38"": 3.73064e-06, ""39"": 4.235190973, ""40"": 0.568302267, ""42"": 29.40004452, ""43"": 0.104866838, ""44"": 0.005419403, ""45"": 0.03423041, ""46"": 0.022369573, ""47"": 5.0, ""48"": 2.0, ""49"": 1.0, ""50"": 1.0, ""53"": 4.531208407, ""56"": 0.016106656, ""57"": 0.000498144, ""58"": 5.8891235, ""60"": 6.488345244, ""61"": 2.073862061, ""62"": 0.00857895, ""63"": 0.000260277, ""66"": 0.017490861, ""67"": 0.041663018, ""68"": 0.059153879, ""70"": 0.008045796, ""71"": 0.02333129, ""72"": 0.031377086, ""73"": 0.031377086, ""210"": 14.17647059, ""212"": 2.502853045, ""213"": 0.736721231}","{""23"": 2.0, ""24"": 10.0, ""25"": 1.0, ""27"": 2.0, ""28"": 1.0, ""39"": 5.0, ""40"": 0.58823529, ""41"": 5.0, ""42"": 35.0, ""47"": 6.0, ""48"": 2.0, ""53"": 5.0, ""58"": 6.0, ""59"": 29.0, ""60"": 7.0, ""61"": 2.05882353, ""67"": 1.0, ""68"": 1.0, ""71"": 1.0, ""72"": 1.0, ""73"": 1.0, ""96"": 1.0, ""97"": 1.0, ""107"": 2.0, ""108"": 2.0, ""109"": 4.0, ""155"": 14.0, ""156"": 3.0, ""158"": 6.0, ""179"": 1.0, ""210"": 17.0, ""212"": 1.0, ""213"": 1.0}",2026-08-24T23:49:59-04:00
Matt Ryan,11237,QB,FA,ACTIVE,0.0,0.0,0.0,0.0,169.8049331963001,0.12630450482024802,2019.0,1805.0,{},{},2026-08-24T23:49:59-04:00
Trace McSorley,3116172,QB,FA,ACTIVE,0.0,0.0,0.0,0.0,169.82137718396712,0.12478679224575602,1913.0,1961.0,{},{},2026-08-24T23:49:59-04:00
Jimmy Graham,13232,TE,FA,ACTIVE,0.0,0.0,18.23787438,30.9,169.98767714109673,0.12473823732342366,2015.0,1801.0,{},{},2026-08-24T23:49:59-04:00
Tylan Wallace,4241424,WR,BAL,ACTIVE,6.48322969,30.8,0.0,7.6,169.7889117043121,0.12079999128497057,1130.0,1244.0,"{""42"": 35.25294355, ""43"": 0.200136184, ""44"": 0.0116185, ""45"": 0.133086888, ""46"": 0.086972281, ""47"": 7.0, ""48"": 3.0, ""49"": 1.0, ""50"": 1.0, ""53"": 2.735311977, ""56"": 0.018742974, ""57"": 0.00057968, ""58"": 4.735786858, ""60"": 12.88808876, ""61"": 2.331906772, ""62"": 0.0116185, ""63"": 0.000240707, ""67"": 0.05470624, ""68"": 0.05470624, ""71"": 0.030635494, ""72"": 0.030635494, ""73"": 0.030635494, ""101"": 0.019949371, ""102"": 0.0513, ""114"": 65.45887488, ""115"": 82.8, ""116"": 6.0, ""117"": 2.0, ""118"": 8.0, ""119"": 3.0, ""210"": 15.11764706, ""213"": 0.595364348}","{""41"": 11.0, ""42"": 193.0, ""43"": 1.0, ""45"": 1.0, ""46"": 1.0, ""47"": 36.0, ""48"": 16.0, ""49"": 6.0, ""50"": 5.0, ""51"": 2.0, ""52"": 1.0, ""53"": 11.0, ""56"": 1.0, ""58"": 12.0, ""59"": 122.0, ""60"": 17.54545455, ""61"": 11.35294118, ""68"": 1.0, ""107"": 2.0, ""108"": 1.0, ""109"": 3.0, ""115"": 67.0, ""118"": 5.0, ""155"": 12.0, ""156"": 5.0, ""158"": 6.0, ""210"": 17.0, ""213"": 5.0}",2026-08-24T23:49:59-04:00
Treylon Burks,4567156,WR,TEN,QUESTIONABLE,48.19642486,5.5,0.0,31.9,169.9741273100616,0.11940793515053691,985.0,407.0,"{""23"": 3.638244473, ""24"": 22.06406729, ""25"": 0.151872854, ""26"": 0.008752785, ""27"": 4.0, ""28"": 2.0, ""29"": 1.0, ""35"": 0.006685442, ""36"": 0.004679809, ""37"": 0.001099355, ""38"": 3.75168e-05, ""39"": 6.064481772, ""40"": 1.459490832, ""42"": 284.8160457, ""43"": 1.101155598, ""44"": 0.05514428, ""45"": 0.194381186, ""46"": 0.127028105, ""47"": 56.0, ""48"": 28.0, ""49"": 14.0, ""50"": 11.0, ""51"": 5.0, ""53"": 20.57323242, ""56"": 0.116451179, ""57"": 0.003601583, ""58"": 35.24777261, ""60"": 13.8440105, ""61"": 18.83997189, ""62"": 0.063897065, ""63"": 0.00171232, ""66"": 0.058479406, ""67"": 0.330684324, ""68"": 0.38916373, ""70"": 0.026900527, ""71"": 0.185183221, ""72"": 0.212083748, ""73"": 0.212083748, ""210"": 15.11764706, ""212"": 3.151246489, ""213"": 11.84399707}","{""23"": 2.0, ""24"": 1.0, ""39"": 0.5, ""40"": 0.2, ""41"": 4.0, ""42"": 34.0, ""47"": 5.0, ""48"": 2.0, ""53"": 4.0, ""58"": 8.0, ""59"": 5.0, ""60"": 8.5, ""61"": 6.8, ""108"": 1.0, ""109"": 1.0, ""114"": 21.0, ""116"": 2.0, ""155"": 1.0, ""156"": 4.0, ""210"": 5.0, ""213"": 3.0}",2026-08-24T23:49:59-04:00
Tyrod Taylor,14163,QB,NYJ,ACTIVE,38.8962709,25.9,0.0,96.5,169.911408016444,0.1186617956919159,453.0,1724.0,"{""0"": 67.51387507, ""1"": 41.41976391, ""2"": 26.09411116, ""3"": 445.4653041, ""4"": 3.416337955, ""5"": 89.0, ""6"": 44.0, ""7"": 22.0, ""8"": 17.0, ""9"": 8.0, ""10"": 4.0, ""11"": 8.0, ""12"": 4.0, ""15"": 0.340437236, ""16"": 0.222475733, ""17"": 0.29424491, ""18"": 0.039744772, ""19"": 0.171601258, ""20"": 1.770473299, ""21"": 0.613500023, ""22"": 111.366326, ""23"": 7.395342254, ""24"": 39.04573939, ""25"": 0.182194933, ""26"": 0.010072629, ""27"": 7.0, ""28"": 3.0, ""29"": 1.0, ""30"": 1.0, ""33"": 1.0, ""35"": 0.014026199, ""36"": 0.009818339, ""37"": 0.033166539, ""38"": 0.001131847, ""39"": 5.279774491, ""40"": 9.761434846, ""62"": 0.181673887, ""63"": 0.005621929, ""64"": 5.488917384, ""65"": 1.160182168, ""66"": 0.117528987, ""68"": 1.277711155, ""69"": 0.556887441, ""70"": 0.054063334, ""72"": 0.610950774, ""73"": 2.381424073, ""210"": 4.0, ""211"": 22.21778244, ""212"": 2.147272672}","{""0"": 22.0, ""1"": 17.0, ""2"": 5.0, ""3"": 119.0, ""4"": 3.0, ""5"": 23.0, ""6"": 11.0, ""7"": 5.0, ""8"": 4.0, ""9"": 1.0, ""11"": 3.0, ""12"": 1.0, ""19"": 1.0, ""21"": 0.77272727, ""22"": 59.5, ""23"": 3.0, ""24"": 13.0, ""27"": 2.0, ""39"": 4.33333333, ""40"": 6.5, ""66"": 1.0, ""68"": 1.0, ""156"": 2.0, ""158"": 18.0, ""175"": 2.0, ""177"": 1.0, ""210"": 2.0, ""211"": 9.0}",2026-08-24T23:49:59-04:00
KhaDarel Hodge,3047876,WR,ATL,ACTIVE,57.10113906,22.6,0.0,30.2,169.91108829568788,0.11831819909412439,420.0,1838.0,"{""42"": 325.3588332, ""43"": 2.093218781, ""44"": 0.106231314, ""45"": 0.211947712, ""46"": 0.13850783, ""47"": 65.0, ""48"": 32.0, ""49"": 16.0, ""50"": 13.0, ""51"": 6.0, ""53"": 24.67267428, ""56"": 0.146755637, ""57"": 0.004538834, ""58"": 39.42624972, ""60"": 13.18701125, ""61"": 21.52179053, ""62"": 0.106231314, ""63"": 0.002132651, ""67"": 0.48469349, ""68"": 0.48469349, ""71"": 0.271428355, ""72"": 0.271428355, ""73"": 0.271428355, ""210"": 15.11764706, ""213"": 14.30207622}","{""41"": 7.0, ""42"": 131.0, ""43"": 1.0, ""45"": 1.0, ""47"": 23.0, ""48"": 10.0, ""49"": 5.0, ""50"": 2.0, ""51"": 1.0, ""53"": 7.0, ""58"": 12.0, ""59"": 89.0, ""60"": 18.71428571, ""61"": 7.70588235, ""94"": 1.0, ""96"": 1.0, ""97"": 1.0, ""104"": 1.0, ""105"": 1.0, ""107"": 2.0, ""108"": 4.0, ""109"": 6.0, ""112"": 1.0, ""155"": 8.0, ""156"": 9.0, ""158"": 6.0, ""210"": 17.0, ""213"": 6.0}",2026-08-24T23:49:59-04:00
Brandon Powell,3115255,WR,MIN,ACTIVE,25.37458189,10.6,0.0,52.6,169.75154004106776,0.1158368455581351,1027.0,969.0,"{""23"": 3.804560608, ""24"": 20.80193737, ""25"": 0.114039996, ""26"": 0.006208934, ""27"": 4.0, ""28"": 2.0, ""29"": 1.0, ""35"": 0.006991691, ""36"": 0.004894183, ""37"": 0.000970533, ""38"": 3.31206e-05, ""39"": 5.467632011, ""40"": 1.376003639, ""42"": 116.0625291, ""43"": 0.615606651, ""44"": 0.031811915, ""45"": 0.064021349, ""46"": 0.041837952, ""47"": 23.0, ""48"": 11.0, ""49"": 5.0, ""50"": 4.0, ""51"": 2.0, ""53"": 11.59008961, ""56"": 0.048182823, ""57"": 0.00149019, ""58"": 18.7125101, ""60"": 10.01394579, ""61"": 7.677287918, ""62"": 0.038020848, ""63"": 0.001354729, ""66"": 0.076091212, ""67"": 0.231801792, ""68"": 0.307893004, ""70"": 0.035001958, ""71"": 0.129809004, ""72"": 0.164810961, ""73"": 0.164810961, ""101"": 0.104838463, ""102"": 0.18996, ""114"": 425.0475744, ""115"": 260.4, ""116"": 42.0, ""117"": 17.0, ""118"": 26.0, ""119"": 10.0, ""210"": 15.11764706, ""212"": 3.09053004, ""213"": 4.944333933}","{""41"": 7.0, ""42"": 71.0, ""47"": 11.0, ""48"": 4.0, ""53"": 7.0, ""58"": 10.0, ""59"": 12.0, ""60"": 10.14285714, ""61"": 4.17647059, ""68"": 1.0, ""115"": 164.0, ""118"": 12.0, ""119"": 1.0, ""155"": 14.0, ""156"": 3.0, ""210"": 17.0, ""213"": 5.0}",2026-08-24T23:49:59-04:00
Josh Gordon,15705,WR,FA,ACTIVE,0.0,0.0,0.0,0.0,170.0,0.1134185525880189,1625.0,2048.0,{},{},2026-08-24T23:49:59-04:00
Tyson Bagent,4434153,QB,CHI,ACTIVE,37.99960691,-0.3,0.0,58.9,169.77245632065777,0.1129013089760785,1021.0,1431.0,"{""0"": 69.95055766, ""1"": 45.21342314, ""2"": 24.73713451, ""3"": 481.8780375, ""4"": 2.859101286, ""5"": 96.0, ""6"": 48.0, ""7"": 24.0, ""8"": 19.0, ""9"": 9.0, ""10"": 4.0, ""11"": 9.0, ""12"": 4.0, ""15"": 0.393323744, ""16"": 0.257037066, ""17"": 0.389706627, ""18"": 0.052639147, ""19"": 0.144524489, ""20"": 1.710064752, ""21"": 0.646362583, ""22"": 120.4695094, ""23"": 7.646473951, ""24"": 32.76250437, ""25"": 0.445925759, ""26"": 0.024809984, ""27"": 6.0, ""28"": 3.0, ""29"": 1.0, ""30"": 1.0, ""33"": 1.0, ""35"": 0.014518793, ""36"": 0.010163155, ""37"": 0.023302252, ""38"": 0.000795216, ""39"": 4.284655199, ""40"": 8.190626091, ""62"": 0.169334473, ""63"": 0.005637959, ""64"": 4.827545542, ""65"": 1.162483831, ""66"": 0.118870391, ""68"": 1.281354222, ""69"": 0.557992239, ""70"": 0.05468038, ""72"": 0.612672619, ""73"": 2.322737371, ""210"": 4.0, ""211"": 23.82495128, ""212"": 2.146986094}","{""0"": 2.0, ""1"": 2.0, ""3"": 11.0, ""5"": 2.0, ""21"": 1.0, ""22"": 2.75, ""23"": 6.0, ""24"": -7.0, ""39"": -1.16666667, ""40"": -1.75, ""155"": 2.0, ""156"": 2.0, ""210"": 4.0, ""211"": 1.0}",2026-08-24T23:49:59-04:00
Ronnie Rivers,4243003,RB,LAR,ACTIVE,23.29505415,15.8,0.0,17.6,169.6429158110883,0.1120245086142671,439.0,287.0,"{""23"": 27.82614923, ""24"": 116.6767106, ""25"": 0.877779795, ""26"": 0.043573157, ""27"": 23.0, ""28"": 11.0, ""29"": 5.0, ""30"": 4.0, ""31"": 2.0, ""33"": 5.0, ""34"": 2.0, ""35"": 0.051831453, ""36"": 0.036282017, ""37"": 0.03580672, ""38"": 0.001221946, ""39"": 4.193059905, ""40"": 8.230307389, ""42"": 30.10223368, ""43"": 0.126314292, ""44"": 0.006765351, ""45"": 0.038533885, ""46"": 0.025181894, ""47"": 6.0, ""48"": 3.0, ""49"": 1.0, ""50"": 1.0, ""53"": 4.311609112, ""56"": 0.016334708, ""57"": 0.000505197, ""58"": 5.494328747, ""60"": 6.981670393, ""61"": 2.123394077, ""62"": 0.050338508, ""63"": 0.000963503, ""66"": 0.189599843, ""67"": 0.029378136, ""68"": 0.218977979, ""70"": 0.087215928, ""71"": 0.016451756, ""72"": 0.103667684, ""73"": 0.103667684, ""101"": 0.090574832, ""114"": 297.1986668, ""116"": 29.0, ""117"": 11.0, ""210"": 14.17647059, ""212"": 8.356529987, ""213"": 0.782431143}","{""23"": 22.0, ""24"": 99.0, ""27"": 18.0, ""28"": 7.0, ""29"": 3.0, ""30"": 2.0, ""33"": 3.0, ""34"": 1.0, ""39"": 4.5, ""40"": 5.82352941, ""41"": 5.0, ""42"": 34.0, ""47"": 6.0, ""48"": 3.0, ""49"": 1.0, ""50"": 1.0, ""53"": 5.0, ""58"": 6.0, ""59"": 58.0, ""60"": 6.8, ""61"": 2.0, ""107"": 2.0, ""108"": 2.0, ""109"": 4.0, ""155"": 10.0, ""156"": 7.0, ""210"": 17.0, ""212"": 6.0, ""213"": 1.0}",2026-08-24T23:49:59-04:00
Devontez Walker,4696882,WR,BAL,ACTIVE,6.48398754,8.6,,,169.95975359342916,0.11178235666500032,1013.0,1527.0,"{""42"": 35.15185436, ""43"": 0.249365707, ""44"": 0.014478715, ""45"": 0.131497422, ""46"": 0.085933565, ""47"": 7.0, ""48"": 3.0, ""49"": 1.0, ""50"": 1.0, ""53"": 2.957693319, ""56"": 0.018696624, ""57"": 0.000578246, ""58"": 4.735786858, ""60"": 11.88488818, ""61"": 2.489923017, ""62"": 0.014478715, ""63"": 0.000138271, ""67"": 0.031425203, ""68"": 0.031425203, ""71"": 0.017598114, ""72"": 0.017598114, ""73"": 0.017598114, ""210"": 14.11764706, ""213"": 0.663395465}","{""41"": 1.0, ""42"": 21.0, ""43"": 1.0, ""47"": 4.0, ""48"": 2.0, ""49"": 1.0, ""53"": 1.0, ""58"": 3.0, ""60"": 21.0, ""61"": 2.33333333, ""108"": 2.0, ""109"": 2.0, ""155"": 8.0, ""156"": 1.0, ""158"": 6.0, ""185"": 1.0, ""210"": 9.0, ""213"": 1.0}",2026-08-24T23:49:59-04:00
Ke'Shawn Vaughn,3917612,RB,FA,ACTIVE,0.0,0.4,0.0,5.4,170.0,0.11153959746491011,2082.0,2078.0,{},"{""23"": 2.0, ""24"": 4.0, ""39"": 2.0, ""40"": 1.33333333, ""155"": 1.0, ""156"": 2.0, ""210"": 3.0}",2026-08-24T23:49:59-04:00
Jake Browning,3886812,QB,CIN,ACTIVE,44.3842691,-0.2,0.0,167.3,169.60781089414183,0.11150719036442053,456.0,2574.0,"{""0"": 71.74408972, ""1"": 45.01897493, ""2"": 26.72511479, ""3"": 497.9852118, ""4"": 3.622313621, ""5"": 99.0, ""6"": 49.0, ""7"": 24.0, ""8"": 19.0, ""9"": 9.0, ""10"": 4.0, ""11"": 9.0, ""12"": 4.0, ""15"": 0.417938049, ""16"": 0.273122515, ""17"": 0.440658079, ""18"": 0.059521352, ""19"": 0.176409651, ""20"": 1.880426482, ""21"": 0.627493848, ""22"": 124.496303, ""23"": 7.844933571, ""24"": 35.04197903, ""25"": 0.60783163, ""26"": 0.035627946, ""27"": 7.0, ""28"": 3.0, ""29"": 1.0, ""30"": 1.0, ""33"": 1.0, ""35"": 0.014909092, ""36"": 0.010436364, ""37"": 0.026835016, ""38"": 0.000915776, ""39"": 4.466829287, ""40"": 8.760494756, ""62"": 0.212037597, ""63"": 0.004435492, ""64"": 5.418217473, ""65"": 0.915036509, ""66"": 0.093029886, ""68"": 1.008066395, ""69"": 0.439217524, ""70"": 0.042793747, ""72"": 0.482011272, ""73"": 2.362437753, ""210"": 4.0, ""211"": 24.47433089, ""212"": 2.356711461}","{""23"": 2.0, ""24"": -2.0, ""39"": -1.0, ""40"": -0.66666667, ""155"": 2.0, ""156"": 1.0, ""210"": 3.0}",2026-08-24T23:49:59-04:00
DJ Turner,4036211,WR,LV,QUESTIONABLE,9.63139552,39.1,,,169.8106776180698,0.11008776760889852,1088.0,989.0,"{""42"": 57.11244372, ""43"": 0.246063092, ""44"": 0.013875637, ""45"": 0.109659714, ""46"": 0.071662623, ""47"": 11.0, ""48"": 5.0, ""49"": 2.0, ""50"": 2.0, ""51"": 1.0, ""53"": 5.058671118, ""56"": 0.027959463, ""57"": 0.000864726, ""58"": 7.991551254, ""60"": 11.29000925, ""61"": 4.045464764, ""62"": 0.013875637, ""63"": 0.000445163, ""67"": 0.101173422, ""68"": 0.101173422, ""71"": 0.056657117, ""72"": 0.056657117, ""73"": 0.056657117, ""210"": 14.11764706, ""213"": 1.746514019}","{""23"": 5.0, ""24"": 33.0, ""25"": 1.0, ""27"": 4.0, ""28"": 1.0, ""39"": 6.6, ""40"": 2.75, ""41"": 16.0, ""42"": 158.0, ""43"": 1.0, ""47"": 28.0, ""48"": 11.0, ""49"": 4.0, ""50"": 4.0, ""53"": 16.0, ""58"": 29.0, ""59"": 83.0, ""60"": 9.875, ""61"": 13.16666667, ""68"": 1.0, ""107"": 4.0, ""108"": 3.0, ""109"": 7.0, ""114"": 106.0, ""115"": 77.0, ""116"": 9.0, ""117"": 3.0, ""118"": 5.0, ""119"": 1.0, ""155"": 2.0, ""156"": 10.0, ""158"": 12.0, ""180"": 1.0, ""184"": 1.0, ""210"": 12.0, ""212"": 1.0, ""213"": 9.0}",2026-08-24T23:49:59-04:00
Lucas Krull,4360231,TE,DEN,ACTIVE,21.64421408,24.7,0.0,19.5,169.90244403368249,0.10942521500723248,1048.0,1317.0,"{""42"": 116.8906598, ""43"": 0.747692597, ""44"": 0.041109147, ""45"": 0.096904237, ""46"": 0.063326919, ""47"": 23.0, ""48"": 11.0, ""49"": 5.0, ""50"": 4.0, ""51"": 2.0, ""53"": 11.05720342, ""56"": 0.048548683, ""57"": 0.001501506, ""58"": 17.06080109, ""60"": 10.57144879, ""61"": 7.732066988, ""62"": 0.041109147, ""63"": 0.000557179, ""67"": 0.12663168, ""68"": 0.12663168, ""71"": 0.070913741, ""72"": 0.070913741, ""73"": 0.070913741, ""210"": 15.11764706, ""213"": 4.899720197}","{""41"": 19.0, ""42"": 152.0, ""47"": 27.0, ""48"": 12.0, ""49"": 5.0, ""50"": 1.0, ""53"": 19.0, ""58"": 23.0, ""59"": 67.0, ""60"": 8.0, ""61"": 11.69230769, ""155"": 8.0, ""156"": 5.0, ""210"": 13.0, ""213"": 7.0}",2026-08-24T23:49:59-04:00
DeAndre Carter,2580216,WR,CHI,QUESTIONABLE,4.74040709,9.7,17.75998419,7.7,169.8400410677618,0.1074236716987344,1141.0,1015.0,"{""42"": 17.38134536, ""43"": 0.12861367, ""44"": 0.006478841, ""45"": 0.077179631, ""46"": 0.050436889, ""47"": 3.0, ""48"": 1.0, ""53"": 1.621051798, ""56"": 0.009930437, ""57"": 0.000307127, ""58"": 2.634946204, ""60"": 10.72226401, ""61"": 1.149738798, ""62"": 0.006478841, ""63"": 0.000142653, ""67"": 0.032421036, ""68"": 0.032421036, ""71"": 0.01815578, ""72"": 0.01815578, ""73"": 0.01815578, ""101"": 0.131129752, ""102"": 0.10944, ""114"": 434.4277304, ""115"": 235.7014925, ""116"": 43.0, ""117"": 17.0, ""118"": 23.0, ""119"": 9.0, ""210"": 15.11764706, ""213"": -0.180687546}","{""41"": 9.0, ""42"": 72.0, ""47"": 13.0, ""48"": 5.0, ""49"": 2.0, ""50"": 1.0, ""53"": 9.0, ""58"": 14.0, ""59"": 32.0, ""60"": 8.0, ""61"": 5.53846154, ""68"": 1.0, ""72"": 1.0, ""73"": 1.0, ""114"": 479.0, ""115"": 158.0, ""116"": 43.0, ""117"": 16.0, ""118"": 12.0, ""119"": 3.0, ""155"": 4.0, ""156"": 9.0, ""210"": 13.0, ""213"": 3.0}",2026-08-24T23:49:59-04:00
Jeremy Ruckert,4361372,TE,NYJ,ACTIVE,45.64630356,19.5,0.0,23.1,169.96672828096118,0.1072463943544336,468.0,453.0,"{""42"": 230.0080652, ""43"": 1.781520981, ""44"": 0.089212966, ""45"": 0.098074618, ""46"": 0.064091763, ""47"": 46.0, ""48"": 23.0, ""49"": 11.0, ""50"": 9.0, ""51"": 4.0, ""53"": 24.17608955, ""56"": 0.086711222, ""57"": 0.00268179, ""58"": 33.49765746, ""60"": 9.513865539, ""61"": 15.21454128, ""62"": 0.089212966, ""63"": 0.001218248, ""67"": 0.276874606, ""68"": 0.276874606, ""71"": 0.155049779, ""72"": 0.155049779, ""73"": 0.155049779, ""210"": 15.11764706, ""213"": 11.43202988}","{""41"": 18.0, ""42"": 105.0, ""47"": 17.0, ""48"": 6.0, ""53"": 18.0, ""58"": 28.0, ""59"": 84.0, ""60"": 5.83333333, ""61"": 6.17647059, ""108"": 2.0, ""109"": 2.0, ""155"": 5.0, ""156"": 12.0, ""210"": 17.0, ""213"": 6.0}",2026-08-24T23:49:59-04:00
Joe Milton III,4360698,QB,NE,ACTIVE,0.0,21.2,,,169.90914696813977,0.10362474381828984,1554.0,1515.0,{},"{""0"": 29.0, ""1"": 22.0, ""2"": 7.0, ""3"": 241.0, ""4"": 1.0, ""5"": 48.0, ""6"": 24.0, ""7"": 12.0, ""8"": 9.0, ""9"": 4.0, ""10"": 2.0, ""11"": 4.0, ""12"": 2.0, ""13"": 1.0, ""15"": 1.0, ""21"": 0.75862069, ""22"": 241.0, ""23"": 10.0, ""24"": 16.0, ""25"": 1.0, ""27"": 3.0, ""28"": 1.0, ""33"": 2.0, ""34"": 1.0, ""39"": 1.6, ""40"": 16.0, ""66"": 1.0, ""68"": 1.0, ""70"": 1.0, ""72"": 1.0, ""73"": 1.0, ""155"": 1.0, ""158"": 12.0, ""179"": 1.0, ""210"": 1.0, ""211"": 14.0, ""212"": 3.0}",2026-08-24T23:49:59-04:00
A.J. Green,13983,WR,FA,ACTIVE,0.0,0.0,0.0,0.0,169.98275154004108,0.1034323940090311,2006.0,1793.0,{},{},2026-08-24T23:49:59-04:00
Mo Alie-Cox,2998565,TE,IND,ACTIVE,23.28703245,26.7,0.0,42.6,169.82994454713494,0.10155725153879208,1041.0,457.0,"{""42"": 122.8534136, ""43"": 0.978772084, ""44"": 0.071317609, ""45"": 0.158842797, ""46"": 0.103803768, ""47"": 24.0, ""48"": 12.0, ""49"": 6.0, ""50"": 4.0, ""51"": 2.0, ""53"": 10.32491055, ""56"": 0.050332943, ""57"": 0.001556689, ""58"": 15.96952953, ""60"": 11.89873879, ""61"": 8.126490395, ""62"": 0.071317609, ""63"": 0.000691554, ""67"": 0.157171342, ""68"": 0.157171342, ""71"": 0.088015952, ""72"": 0.088015952, ""73"": 0.088015952, ""210"": 15.11764706, ""213"": 4.991727875}","{""41"": 12.0, ""42"": 147.0, ""43"": 1.0, ""47"": 28.0, ""48"": 12.0, ""49"": 4.0, ""50"": 2.0, ""53"": 12.0, ""58"": 22.0, ""59"": 49.0, ""60"": 12.25, ""61"": 8.64705882, ""108"": 1.0, ""109"": 1.0, ""155"": 8.0, ""156"": 9.0, ""158"": 6.0, ""184"": 1.0, ""210"": 17.0, ""213"": 7.0}",2026-08-24T23:49:59-04:00
Jacob Cowing,4575665,WR,SF,ACTIVE,8.8004098,8.7,,,169.92546201232034,0.09876997489596472,1095.0,1023.0,"{""42"": 46.68479085, ""43"": 0.328827462, ""44"": 0.014508491, ""45"": 0.178539411, ""46"": 0.116675505, ""47"": 9.0, ""48"": 4.0, ""49"": 2.0, ""50"": 1.0, ""53"": 3.733145972, ""56"": 0.023555553, ""57"": 0.000728522, ""58"": 5.878692188, ""60"": 12.50548229, ""61"": 3.088099005, ""62"": 0.014508491, ""63"": 0.000174523, ""67"": 0.039664312, ""68"": 0.039664312, ""71"": 0.022212015, ""72"": 0.022212015, ""73"": 0.022212015, ""102"": 0.0513, ""115"": 82.8, ""118"": 8.0, ""119"": 3.0, ""210"": 15.11764706, ""213"": 1.123042991}","{""23"": 1.0, ""24"": 7.0, ""27"": 1.0, ""39"": 7.0, ""40"": 0.46666667, ""41"": 4.0, ""42"": 80.0, ""47"": 16.0, ""48"": 8.0, ""49"": 3.0, ""50"": 3.0, ""51"": 1.0, ""53"": 4.0, ""58"": 6.0, ""59"": 26.0, ""60"": 20.0, ""61"": 5.33333333, ""68"": 2.0, ""72"": 1.0, ""73"": 1.0, ""108"": 1.0, ""109"": 1.0, ""114"": 32.0, ""115"": 245.0, ""116"": 3.0, ""117"": 1.0, ""118"": 19.0, ""119"": 4.0, ""155"": 6.0, ""156"": 9.0, ""210"": 15.0, ""213"": 3.0}",2026-08-24T23:49:59-04:00
Alec Ingold,3917668,RB,MIA,ACTIVE,18.67836189,20.8,0.0,18.4,169.6135523613963,0.09810501775997377,1053.0,338.0,"{""42"": 95.13040664, ""43"": 0.454815933, ""44"": 0.023815882, ""45"": 0.043043462, ""46"": 0.028128902, ""47"": 19.0, ""48"": 9.0, ""49"": 4.0, ""50"": 3.0, ""51"": 1.0, ""53"": 12.9756316, ""56"": 0.041801896, ""57"": 0.001292842, ""58"": 17.1034959, ""60"": 7.331466364, ""61"": 6.710443622, ""62"": 0.023815882, ""63"": 0.000389015, ""67"": 0.088412439, ""68"": 0.088412439, ""71"": 0.049510966, ""72"": 0.049510966, ""73"": 0.049510966, ""210"": 14.17647059, ""213"": 4.617168967}","{""23"": 10.0, ""24"": 17.0, ""25"": 1.0, ""27"": 1.0, ""39"": 1.7, ""40"": 1.13333333, ""41"": 11.0, ""42"": 96.0, ""47"": 18.0, ""48"": 7.0, ""49"": 2.0, ""50"": 1.0, ""53"": 11.0, ""58"": 12.0, ""59"": 76.0, ""60"": 8.72727273, ""61"": 6.4, ""66"": 2.0, ""68"": 2.0, ""70"": 1.0, ""72"": 1.0, ""73"": 1.0, ""107"": 1.0, ""108"": 1.0, ""109"": 2.0, ""155"": 6.0, ""156"": 9.0, ""158"": 6.0, ""179"": 1.0, ""210"": 15.0, ""212"": 6.0, ""213"": 3.0}",2026-08-24T23:49:59-04:00
Malik Heath,4689334,WR,GB,ACTIVE,7.15065741,26.7,0.0,26.0,169.84928131416837,0.0958649756343187,1115.0,1018.0,"{""42"": 35.56708643, ""43"": 0.31128375, ""44"": 0.014765825, ""45"": 0.088190171, ""46"": 0.057632277, ""47"": 7.0, ""48"": 3.0, ""49"": 1.0, ""50"": 1.0, ""53"": 3.298989541, ""56"": 0.01888516, ""57"": 0.000584077, ""58"": 5.226557069, ""60"": 10.78120618, ""61"": 2.519335289, ""62"": 0.014765825, ""63"": 0.000290311, ""67"": 0.065979791, ""68"": 0.065979791, ""71"": 0.036948683, ""72"": 0.036948683, ""73"": 0.036948683, ""101"": 0.020186202, ""114"": 66.23597613, ""116"": 6.0, ""117"": 2.0, ""210"": 14.11764706, ""213"": 0.777957853}","{""41"": 10.0, ""42"": 97.0, ""43"": 2.0, ""47"": 17.0, ""48"": 8.0, ""49"": 2.0, ""50"": 2.0, ""51"": 1.0, ""53"": 10.0, ""58"": 13.0, ""59"": 23.0, ""60"": 9.7, ""61"": 7.46153846, ""108"": 1.0, ""109"": 1.0, ""155"": 9.0, ""156"": 4.0, ""158"": 12.0, ""183"": 2.0, ""210"": 13.0, ""213"": 5.0}",2026-08-24T23:49:59-04:00
Chase Edmonds,3119195,RB,TB,QUESTIONABLE,0.0,0.0,0.0,32.7,169.91149897330595,0.09568381854087321,1367.0,1135.0,{},{},2026-08-24T23:49:59-04:00
Allen Robinson,16799,WR,DET,ACTIVE,0.0,4.5,75.59457827,45.0,169.10492813141684,0.09538011639279177,1989.0,1138.0,{},"{""41"": 3.0, ""42"": 30.0, ""47"": 5.0, ""48"": 2.0, ""49"": 1.0, ""53"": 3.0, ""58"": 7.0, ""59"": 4.0, ""60"": 10.0, ""61"": 2.5, ""155"": 11.0, ""156"": 1.0, ""210"": 12.0, ""213"": 3.0}",2026-08-24T23:49:59-04:00
Connor Heyward,4241961,TE,PIT,ACTIVE,32.93888809,13.0,0.0,28.2,169.88929965085234,0.0942945160294625,997.0,1007.0,"{""42"": 170.5024539, ""43"": 1.188326983, ""44"": 0.068454056, ""45"": 0.089964295, ""46"": 0.058791667, ""47"": 34.0, ""48"": 17.0, ""49"": 8.0, ""50"": 6.0, ""51"": 3.0, ""53"": 17.69754782, ""56"": 0.064667568, ""57"": 0.002000028, ""58"": 25.34958573, ""60"": 9.63424174, ""61"": 11.27837244, ""62"": 0.068454056, ""63"": 0.00089179, ""67"": 0.202679659, ""68"": 0.202679659, ""71"": 0.113500609, ""72"": 0.113500609, ""73"": 0.113500609, ""210"": 15.11764706, ""213"": 8.071858938}","{""41"": 6.0, ""42"": 40.0, ""43"": 1.0, ""47"": 5.0, ""48"": 2.0, ""49"": 1.0, ""53"": 6.0, ""58"": 8.0, ""59"": 7.0, ""60"": 6.66666667, ""61"": 2.35294118, ""96"": 1.0, ""107"": 2.0, ""108"": 6.0, ""109"": 8.0, ""155"": 10.0, ""156"": 7.0, ""158"": 6.0, ""184"": 1.0, ""210"": 17.0, ""213"": 3.0}",2026-08-24T23:49:59-04:00
Rasheen Ali,4690013,RB,BAL,ACTIVE,0.0,3.1,,,169.864681724846,0.09193184576027152,1072.0,1466.0,{},"{""23"": 10.0, ""24"": 31.0, ""27"": 6.0, ""28"": 3.0, ""29"": 1.0, ""30"": 1.0, ""33"": 1.0, ""39"": 3.1, ""40"": 5.16666667, ""58"": 2.0, ""107"": 1.0, ""109"": 1.0, ""114"": 107.0, ""116"": 10.0, ""117"": 2.0, ""155"": 5.0, ""156"": 1.0, ""210"": 6.0, ""212"": 2.0}",2026-08-24T23:49:59-04:00
Mark Ingram II,13981,RB,FA,ACTIVE,0.0,0.0,0.0,0.0,169.97104722792608,0.09157043600358293,2004.0,1791.0,{},{},2026-08-24T23:49:59-04:00
Jermar Jefferson,4374033,RB,FA,ACTIVE,0.0,3.7,0.0,0.0,169.6605749486653,0.09156838548535179,2221.0,2279.0,{},"{""23"": 6.0, ""24"": 22.0, ""27"": 3.0, ""28"": 1.0, ""39"": 3.66666667, ""40"": 11.0, ""41"": 1.0, ""42"": 10.0, ""47"": 2.0, ""48"": 1.0, ""53"": 1.0, ""58"": 1.0, ""59"": 10.0, ""60"": 10.0, ""61"": 5.0, ""155"": 2.0, ""210"": 2.0, ""212"": 1.0, ""213"": 1.0}",2026-08-24T23:49:59-04:00
Zach Wilson,4361259,QB,MIA,ACTIVE,0.0,0.0,0.0,135.3,169.8147995889003,0.0914371087925754,1404.0,1270.0,{},{},2026-08-24T23:49:59-04:00
Elijah Higgins,4426844,TE,ARI,ACTIVE,27.49220457,39.2,0.0,29.3,169.83877592934894,0.09138908995833625,1008.0,460.0,"{""42"": 151.0399193, ""43"": 0.776371018, ""44"": 0.073467126, ""45"": 0.098199278, ""46"": 0.064173228, ""47"": 30.0, ""48"": 15.0, ""49"": 7.0, ""50"": 6.0, ""51"": 3.0, ""53"": 15.56541041, ""56"": 0.05869787, ""57"": 0.001815398, ""58"": 21.98465325, ""60"": 9.703561638, ""61"": 9.990967428, ""62"": 0.073467126, ""63"": 0.000784351, ""67"": 0.178261537, ""68"": 0.178261537, ""71"": 0.099826461, ""72"": 0.099826461, ""73"": 0.099826461, ""210"": 15.11764706, ""213"": 6.880718927}","{""41"": 20.0, ""42"": 172.0, ""43"": 2.0, ""47"": 29.0, ""48"": 13.0, ""49"": 3.0, ""50"": 1.0, ""53"": 20.0, ""58"": 24.0, ""59"": 90.0, ""60"": 8.6, ""61"": 10.11764706, ""108"": 1.0, ""109"": 1.0, ""155"": 8.0, ""156"": 9.0, ""158"": 12.0, ""183"": 1.0, ""184"": 1.0, ""210"": 17.0, ""213"": 10.0}",2026-08-24T23:49:59-04:00
Jalen Brooks,4692835,WR,DAL,ACTIVE,12.11116237,29.7,0.0,9.4,169.83716632443532,0.09126539347004582,1082.0,978.0,"{""42"": 64.51993673, ""43"": 0.487175379, ""44"": 0.023593339, ""45"": 0.135920064, ""46"": 0.088823762, ""47"": 12.0, ""48"": 6.0, ""49"": 3.0, ""50"": 2.0, ""51"": 1.0, ""53"": 5.630087399, ""56"": 0.030763712, ""57"": 0.000951455, ""58"": 8.587007953, ""60"": 11.45984639, ""61"": 4.570162185, ""62"": 0.023593339, ""63"": 0.000495448, ""67"": 0.112601748, ""68"": 0.112601748, ""71"": 0.063056979, ""72"": 0.063056979, ""73"": 0.063056979, ""210"": 14.11764706, ""213"": 2.179622811}","{""41"": 12.0, ""42"": 177.0, ""43"": 1.0, ""47"": 32.0, ""48"": 14.0, ""49"": 4.0, ""50"": 2.0, ""53"": 12.0, ""58"": 30.0, ""59"": 37.0, ""60"": 14.75, ""61"": 12.64285714, ""107"": 1.0, ""108"": 4.0, ""109"": 5.0, ""155"": 6.0, ""156"": 8.0, ""158"": 6.0, ""184"": 1.0, ""210"": 14.0, ""213"": 8.0}",2026-08-24T23:49:59-04:00
Patrick Ricard,2975417,RB,BAL,ACTIVE,5.69536138,9.7,0.0,13.7,169.96488706365503,0.09060037728974751,1131.0,406.0,"{""42"": 26.32924521, ""43"": 0.201877289, ""44"": 0.011727407, ""45"": 0.037106947, ""46"": 0.02424939, ""47"": 5.0, ""48"": 2.0, ""49"": 1.0, ""50"": 1.0, ""53"": 3.743054824, ""56"": 0.014594279, ""57"": 0.000451369, ""58"": 5.048571827, ""60"": 7.034159651, ""61"": 1.857249662, ""62"": 0.011727407, ""63"": 0.000172107, ""67"": 0.03911527, ""68"": 0.03911527, ""71"": 0.021904551, ""72"": 0.021904551, ""73"": 0.021904551, ""210"": 14.17647059, ""213"": 0.512063526}","{""41"": 3.0, ""42"": 22.0, ""43"": 1.0, ""47"": 3.0, ""48"": 1.0, ""53"": 3.0, ""58"": 5.0, ""59"": 18.0, ""60"": 7.33333333, ""61"": 1.29411765, ""63"": 1.0, ""107"": 1.0, ""109"": 1.0, ""155"": 12.0, ""156"": 5.0, ""158"": 6.0, ""183"": 1.0, ""210"": 17.0, ""213"": 1.0}",2026-08-24T23:49:59-04:00
Nyheim Hines,3916430,RB,FA,QUESTIONABLE,0.0,0.0,0.0,0.0,170.0,0.0903582921132886,1364.0,1133.0,{},{},2026-08-24T23:49:59-04:00
Tyler Scott,4565908,WR,CHI,ACTIVE,10.24314599,1.0,0.0,27.4,169.91601642710472,0.0896918522033209,1090.0,1374.0,"{""23"": 4.170386738, ""24"": 25.70369355, ""25"": 0.163496965, ""26"": 0.009062424, ""27"": 5.0, ""28"": 2.0, ""29"": 1.0, ""30"": 1.0, ""35"": 0.007665506, ""36"": 0.005365854, ""37"": 0.0015249, ""38"": 5.2039e-05, ""39"": 6.163383678, ""40"": 1.700244321, ""42"": 36.46134044, ""43"": 0.2656119, ""44"": 0.013380287, ""45"": 0.094943667, ""46"": 0.062045686, ""47"": 7.0, ""48"": 3.0, ""49"": 1.0, ""50"": 1.0, ""53"": 3.106865777, ""56"": 0.019295706, ""57"": 0.000596774, ""58"": 5.269892409, ""60"": 11.73573082, ""61"": 2.41183964, ""62"": 0.022442711, ""63"": 0.000640398, ""66"": 0.083407735, ""67"": 0.062137316, ""68"": 0.14554505, ""70"": 0.038367558, ""71"": 0.034796897, ""72"": 0.073164455, ""73"": 0.073164455, ""210"": 15.11764706, ""212"": 3.31513477, ""213"": 0.740150599}","{""41"": 1.0, ""42"": 5.0, ""47"": 1.0, ""53"": 1.0, ""58"": 1.0, ""59"": 7.0, ""60"": 5.0, ""61"": 0.45454545, ""108"": 1.0, ""109"": 1.0, ""114"": 207.0, ""116"": 20.0, ""117"": 6.0, ""155"": 4.0, ""156"": 7.0, ""210"": 11.0}",2026-08-24T23:49:59-04:00
Britain Covey,3926231,WR,PHI,QUESTIONABLE,7.18711517,6.9,1.126944,6.2,169.84579055441478,0.08842091502635076,1119.0,1308.0,"{""42"": 36.92232856, ""43"": 0.209597939, ""44"": 0.012417153, ""45"": 0.130411025, ""46"": 0.085223605, ""47"": 7.0, ""48"": 3.0, ""49"": 1.0, ""50"": 1.0, ""53"": 2.999791397, ""56"": 0.019503081, ""57"": 0.000603188, ""58"": 4.973148243, ""60"": 12.3082987, ""61"": 2.442333017, ""62"": 0.012417153, ""63"": 0.000263982, ""67"": 0.059995828, ""68"": 0.059995828, ""71"": 0.033597664, ""72"": 0.033597664, ""73"": 0.033597664, ""102"": 0.12996, ""115"": 333.2307692, ""118"": 33.0, ""119"": 13.0, ""210"": 15.11764706, ""213"": 0.705552079}","{""41"": 7.0, ""42"": 34.0, ""47"": 6.0, ""48"": 3.0, ""49"": 1.0, ""53"": 7.0, ""54"": 1.0, ""58"": 8.0, ""59"": 28.0, ""60"": 4.85714286, ""61"": 6.8, ""108"": 1.0, ""109"": 1.0, ""115"": 46.0, ""118"": 2.0, ""119"": 1.0, ""155"": 4.0, ""156"": 1.0, ""210"": 5.0, ""213"": 2.0}",2026-08-24T23:49:59-04:00
Jake Haener,4243322,QB,NO,ACTIVE,0.0,14.8,,,169.9081192189106,0.0880412993731605,1492.0,1392.0,{},"{""0"": 39.0, ""1"": 18.0, ""2"": 21.0, ""3"": 226.0, ""4"": 1.0, ""5"": 43.0, ""6"": 20.0, ""7"": 9.0, ""8"": 6.0, ""9"": 2.0, ""10"": 1.0, ""11"": 1.0, ""13"": 3.0, ""20"": 1.0, ""21"": 0.46153846, ""22"": 28.25, ""23"": 11.0, ""24"": 22.0, ""27"": 5.0, ""28"": 2.0, ""39"": 2.0, ""40"": 2.75, ""64"": 6.0, ""73"": 1.0, ""155"": 4.0, ""156"": 4.0, ""158"": 6.0, ""176"": 1.0, ""210"": 8.0, ""211"": 10.0, ""212"": 1.0}",2026-08-24T23:49:59-04:00
Jelani Woods,4241410,TE,IND,QUESTIONABLE,0.0,0.0,0.0,0.0,169.9679605668515,0.08757648568333264,1437.0,1361.0,{},{},2026-08-24T23:49:59-04:00
Durham Smythe,3052897,TE,CHI,ACTIVE,28.52612558,9.8,0.0,54.1,169.62661737523106,0.08721334890786614,1002.0,956.0,"{""42"": 143.4786216, ""43"": 0.90112497, ""44"": 0.047173224, ""45"": 0.068019957, ""46"": 0.044451042, ""47"": 28.0, ""48"": 14.0, ""49"": 7.0, ""50"": 5.0, ""51"": 2.0, ""53"": 17.67167133, ""56"": 0.056439846, ""57"": 0.001745562, ""58"": 22.8046612, ""60"": 8.119131403, ""61"": 9.490803765, ""62"": 0.047173224, ""63"": 0.000623341, ""67"": 0.141668317, ""68"": 0.141668317, ""71"": 0.079334258, ""72"": 0.079334258, ""73"": 0.079334258, ""210"": 15.11764706, ""213"": 7.203308145}","{""41"": 9.0, ""42"": 53.0, ""47"": 6.0, ""53"": 9.0, ""58"": 17.0, ""59"": 16.0, ""60"": 5.88888889, ""61"": 3.11764706, ""108"": 2.0, ""109"": 2.0, ""155"": 8.0, ""156"": 9.0, ""210"": 17.0, ""213"": 1.0}",2026-08-24T23:49:59-04:00
Jase McClellan,4429001,RB,ATL,QUESTIONABLE,23.66425882,3.2,,,169.9494866529774,0.08593992557118277,437.0,2600.0,"{""23"": 28.37352047, ""24"": 118.4349726, ""25"": 0.932416718, ""26"": 0.049846281, ""27"": 23.0, ""28"": 11.0, ""29"": 5.0, ""30"": 4.0, ""31"": 2.0, ""33"": 5.0, ""34"": 2.0, ""35"": 0.052889633, ""36"": 0.037022743, ""37"": 0.037818489, ""38"": 0.0012906, ""39"": 4.174137386, ""40"": 8.988368454, ""42"": 30.15805249, ""43"": 0.196813157, ""44"": 0.009987578, ""45"": 0.040659933, ""46"": 0.026571266, ""47"": 6.0, ""48"": 3.0, ""49"": 1.0, ""50"": 1.0, ""53"": 4.327528069, ""56"": 0.016359866, ""57"": 0.000505975, ""58"": 5.392010769, ""60"": 6.968886628, ""61"": 2.288780769, ""62"": 0.059833859, ""63"": 0.001180137, ""66"": 0.23271864, ""67"": 0.035494237, ""68"": 0.268212876, ""70"": 0.107050574, ""71"": 0.019876772, ""72"": 0.126927347, ""73"": 0.126927347, ""210"": 13.17647059, ""212"": 8.368002988, ""213"": 0.816426948}","{""23"": 13.0, ""24"": 32.0, ""27"": 6.0, ""28"": 2.0, ""33"": 2.0, ""39"": 2.46153846, ""40"": 16.0, ""156"": 2.0, ""210"": 2.0, ""212"": 2.0}",2026-08-24T23:49:59-04:00
Ainias Smith,4428532,WR,PHI,ACTIVE,0.0,14.2,,,169.75359342915812,0.08521331167494996,1546.0,1550.0,{},"{""23"": 2.0, ""24"": 6.0, ""39"": 3.0, ""40"": 0.85714286, ""41"": 7.0, ""42"": 41.0, ""43"": 1.0, ""47"": 8.0, ""48"": 3.0, ""49"": 1.0, ""50"": 1.0, ""53"": 7.0, ""58"": 9.0, ""59"": 23.0, ""60"": 5.85714286, ""61"": 5.85714286, ""114"": 17.0, ""116"": 1.0, ""155"": 7.0, ""158"": 6.0, ""184"": 1.0, ""210"": 7.0, ""212"": 1.0, ""213"": 1.0}",2026-08-24T23:49:59-04:00
Avery Williams,4048259,RB,PHI,ACTIVE,10.33429413,0.0,,,169.99219712525667,0.08406377226645977,1087.0,435.0,"{""23"": 4.053360067, ""24"": 17.70712886, ""25"": 0.157808064, ""26"": 0.008436298, ""27"": 3.0, ""28"": 1.0, ""35"": 0.007450933, ""36"": 0.005215653, ""37"": 0.000733774, ""38"": 2.50409e-05, ""39"": 4.36850627, ""40"": 1.249050584, ""42"": 29.38189324, ""43"": 0.18663143, ""44"": 0.009470813, ""45"": 0.037724397, ""46"": 0.024652893, ""47"": 5.0, ""48"": 2.0, ""49"": 1.0, ""50"": 1.0, ""53"": 4.383360336, ""56"": 0.01598813, ""57"": 0.000494478, ""58"": 5.392010769, ""60"": 6.703052222, ""61"": 2.072581681, ""62"": 0.017907111, ""63"": 0.00031617, ""66"": 0.034523122, ""67"": 0.037333787, ""68"": 0.071856909, ""70"": 0.015880636, ""71"": 0.020906921, ""72"": 0.036787557, ""73"": 0.036787557, ""101"": 0.16573928, ""102"": 0.0684, ""114"": 666.5096243, ""115"": 175.6578947, ""116"": 66.0, ""117"": 26.0, ""118"": 17.0, ""119"": 7.0, ""210"": 14.17647059, ""212"": 2.911895626, ""213"": 0.803586068}","{""107"": 4.0, ""108"": 2.0, ""109"": 6.0, ""114"": 408.0, ""115"": 185.0, ""116"": 37.0, ""117"": 12.0, ""118"": 13.0, ""119"": 1.0, ""155"": 8.0, ""156"": 9.0, ""210"": 17.0}",2026-08-24T23:49:59-04:00
Brenden Rice,4686781,WR,LAC,QUESTIONABLE,10.82402014,0.0,,,169.9535934291581,0.08333746893757739,1120.0,1522.0,"{""42"": 58.78437018, ""43"": 0.388838585, ""44"": 0.019663881, ""45"": 0.120293354, ""46"": 0.078611707, ""47"": 11.0, ""48"": 5.0, ""49"": 2.0, ""50"": 2.0, ""51"": 1.0, ""53"": 5.271918195, ""56"": 0.027611414, ""57"": 0.000853961, ""58"": 8.144065928, ""60"": 11.15047085, ""61"": 3.888460284, ""62"": 0.019663881, ""63"": 0.00024646, ""67"": 0.056013617, ""68"": 0.056013617, ""71"": 0.031367626, ""72"": 0.031367626, ""73"": 0.031367626, ""210"": 15.11764706, ""213"": 1.831978349}","{""156"": 3.0, ""210"": 3.0}",2026-08-24T23:49:59-04:00
Trenton Irwin,3931391,WR,FA,ACTIVE,46.25667831,3.0,0.0,50.1,169.77864476386037,0.0829138718538876,987.0,1209.0,"{""42"": 252.5798685, ""43"": 1.70921807, ""44"": 0.083245567, ""45"": 0.145025062, ""46"": 0.094773878, ""47"": 50.0, ""48"": 25.0, ""49"": 12.0, ""50"": 10.0, ""51"": 5.0, ""53"": 22.03850902, ""56"": 0.131322753, ""57"": 0.004061528, ""58"": 33.32757982, ""60"": 11.46084194, ""61"": 16.70761776, ""62"": 0.083245567, ""63"": 0.001939389, ""67"": 0.44077018, ""68"": 0.44077018, ""71"": 0.246831301, ""72"": 0.246831301, ""73"": 0.246831301, ""102"": 0.00855, ""115"": 13.8, ""118"": 1.0, ""210"": 15.11764706, ""213"": 11.53768082}","{""41"": 3.0, ""42"": 15.0, ""47"": 2.0, ""53"": 3.0, ""58"": 10.0, ""59"": 4.0, ""60"": 5.0, ""61"": 2.14285714, ""115"": 56.0, ""118"": 5.0, ""119"": 2.0, ""155"": 2.0, ""156"": 5.0, ""210"": 7.0, ""213"": 1.0}",2026-08-24T23:49:59-04:00
Velus Jones Jr.,4035693,RB,CAR,ACTIVE,6.72083421,0.4,17.27870449,9.1,169.81232032854209,0.08291151344376906,1134.0,1314.0,"{""23"": 2.085193369, ""24"": 13.75249014, ""25"": 0.084965962, ""26"": 0.004709553, ""27"": 2.0, ""28"": 1.0, ""35"": 0.0038284, ""36"": 0.00267988, ""37"": 0.000389141, ""38"": 1.32799e-05, ""39"": 6.595306865, ""40"": 0.909697791, ""42"": 18.71611153, ""43"": 0.110155405, ""44"": 0.005548495, ""45"": 0.106411793, ""46"": 0.069540107, ""47"": 3.0, ""48"": 1.0, ""53"": 1.518679825, ""56"": 0.01063464, ""57"": 0.000328906, ""58"": 2.634946204, ""60"": 12.32393505, ""61"": 1.238030724, ""62"": 0.010258047, ""63"": 0.000317141, ""66"": 0.041703867, ""67"": 0.030373597, ""68"": 0.072077464, ""70"": 0.019183779, ""71"": 0.017009214, ""72"": 0.036192993, ""73"": 0.036192993, ""101"": 0.231762636, ""102"": 0.0342, ""114"": 1241.245202, ""115"": 55.2, ""116"": 124.0, ""117"": 49.0, ""118"": 5.0, ""119"": 2.0, ""210"": 15.11764706, ""212"": 2.726371409, ""213"": -0.174761751}","{""23"": 3.0, ""24"": 11.0, ""27"": 2.0, ""28"": 1.0, ""39"": 3.66666667, ""40"": 3.66666667, ""41"": 1.0, ""42"": 8.0, ""47"": 1.0, ""53"": 1.0, ""58"": 1.0, ""59"": 13.0, ""60"": 8.0, ""61"": 2.66666667, ""68"": 1.0, ""72"": 1.0, ""73"": 1.0, ""114"": 19.0, ""116"": 1.0, ""155"": 1.0, ""156"": 2.0, ""210"": 3.0, ""212"": 1.0}",2026-08-24T23:49:59-04:00
Quintin Morris,4244049,TE,BUF,ACTIVE,7.47456168,12.1,0.0,9.6,169.78517149311975,0.08279518480635732,1107.0,1309.0,"{""42"": 36.52407423, ""43"": 0.332403362, ""44"": 0.01770042, ""45"": 0.088852825, ""46"": 0.058065321, ""47"": 7.0, ""48"": 3.0, ""49"": 1.0, ""50"": 1.0, ""53"": 3.679046574, ""56"": 0.019323499, ""57"": 0.000597634, ""58"": 5.36542421, ""60"": 9.927592242, ""61"": 2.587121924, ""62"": 0.01770042, ""63"": 0.000185389, ""67"": 0.042133968, ""68"": 0.042133968, ""71"": 0.023595022, ""72"": 0.023595022, ""73"": 0.023595022, ""210"": 14.11764706, ""213"": 0.899611493}","{""41"": 5.0, ""42"": 36.0, ""43"": 1.0, ""47"": 6.0, ""48"": 3.0, ""49"": 1.0, ""53"": 5.0, ""58"": 8.0, ""59"": 22.0, ""60"": 7.2, ""61"": 2.25, ""107"": 3.0, ""108"": 1.0, ""109"": 4.0, ""155"": 13.0, ""156"": 3.0, ""158"": 6.0, ""183"": 1.0, ""210"": 16.0, ""213"": 3.0}",2026-08-24T23:49:59-04:00
Tyler Badie,4362748,RB,DEN,ACTIVE,0.0,7.9,,,169.9053388090349,0.08261156646660345,2404.0,1313.0,{},"{""23"": 11.0, ""24"": 86.0, ""27"": 17.0, ""28"": 8.0, ""29"": 3.0, ""30"": 2.0, ""31"": 1.0, ""33"": 1.0, ""39"": 7.81818182, ""40"": 28.66666667, ""41"": 3.0, ""42"": -2.0, ""53"": 3.0, ""58"": 3.0, ""59"": 4.0, ""60"": -0.66666667, ""61"": -0.66666667, ""67"": 1.0, ""68"": 1.0, ""71"": 1.0, ""72"": 1.0, ""73"": 1.0, ""155"": 2.0, ""156"": 1.0, ""210"": 3.0, ""212"": 4.0}",2026-08-24T23:49:59-04:00
Josh Johnson,11394,QB,BAL,ACTIVE,37.31588891,0.7,,,169.64727646454264,0.08040164441372284,1023.0,1224.0,"{""0"": 66.34393489, ""1"": 41.36706782, ""2"": 24.97686708, ""3"": 440.068118, ""4"": 2.703833508, ""5"": 88.0, ""6"": 44.0, ""7"": 22.0, ""8"": 17.0, ""9"": 8.0, ""10"": 4.0, ""11"": 8.0, ""12"": 4.0, ""15"": 0.333373451, ""16"": 0.21785955, ""17"": 0.285066186, ""18"": 0.038504967, ""19"": 0.157634197, ""20"": 1.734002703, ""21"": 0.623524485, ""22"": 110.0170295, ""23"": 12.68816639, ""24"": 48.06849146, ""25"": 0.528385447, ""26"": 0.02058735, ""27"": 9.0, ""28"": 4.0, ""29"": 2.0, ""30"": 1.0, ""33"": 2.0, ""34"": 1.0, ""35"": 0.024634255, ""36"": 0.017243978, ""37"": 0.050428222, ""38"": 0.001720922, ""39"": 3.78845059, ""40"": 12.01712286, ""62"": 0.178221546, ""63"": 0.006331397, ""64"": 5.065573998, ""65"": 1.22185289, ""66"": 0.217100958, ""68"": 1.438953848, ""69"": 0.586489387, ""70"": 0.099866441, ""72"": 0.686355828, ""73"": 2.420358531, ""210"": 4.0, ""211"": 21.77647918, ""212"": 3.031570392}","{""0"": 3.0, ""1"": 2.0, ""2"": 1.0, ""3"": 17.0, ""5"": 3.0, ""6"": 1.0, ""21"": 0.66666667, ""22"": 2.83333333, ""23"": 4.0, ""24"": 1.0, ""39"": 0.25, ""40"": 0.16666667, ""64"": 1.0, ""155"": 6.0, ""210"": 6.0, ""211"": 1.0}",2026-08-24T23:49:59-04:00
Nick Mullens,3059989,QB,JAX,ACTIVE,68.32579525,1.0,0.0,80.3,169.89146968139775,0.0789460280810173,477.0,1723.0,"{""0"": 151.7922545, ""1"": 98.9348851, ""2"": 52.85736941, ""3"": 1091.592029, ""4"": 4.947439037, ""5"": 218.0, ""6"": 109.0, ""7"": 54.0, ""8"": 43.0, ""9"": 21.0, ""10"": 10.0, ""11"": 19.0, ""12"": 9.0, ""15"": 0.991045927, ""16"": 0.647648513, ""17"": 1.256453554, ""18"": 0.169713931, ""19"": 0.256448571, ""20"": 4.504413255, ""21"": 0.651778218, ""22"": 272.8980073, ""23"": 10.66634592, ""24"": 35.81986781, ""25"": 0.350009454, ""26"": 0.019116217, ""27"": 7.0, ""28"": 3.0, ""29"": 1.0, ""30"": 1.0, ""33"": 2.0, ""34"": 1.0, ""35"": 0.020043603, ""36"": 0.014030522, ""37"": 0.013810968, ""38"": 0.000471315, ""39"": 3.358213591, ""40"": 8.954966954, ""62"": 0.275564788, ""63"": 0.010032178, ""64"": 9.616006761, ""65"": 2.138708151, ""66"": 0.141332301, ""68"": 2.280040452, ""69"": 1.026579913, ""70"": 0.065012858, ""72"": 1.091592771, ""73"": 5.596006026, ""210"": 4.0, ""211"": 52.53911889, ""212"": 2.605943524}","{""0"": 2.0, ""1"": 2.0, ""3"": 38.0, ""5"": 6.0, ""6"": 3.0, ""7"": 1.0, ""21"": 1.0, ""22"": 7.6, ""23"": 3.0, ""24"": -2.0, ""39"": -0.66666667, ""40"": -0.4, ""155"": 5.0, ""210"": 5.0, ""211"": 2.0}",2026-08-24T23:49:59-04:00
Charlie Jones,4257188,WR,CIN,QUESTIONABLE,12.69995643,5.0,0.0,17.2,169.87782340862424,0.0781931807315541,1089.0,1009.0,"{""42"": 54.75765222, ""43"": 0.368099861, ""44"": 0.01791779, ""45"": 0.126997092, ""46"": 0.0829926, ""47"": 10.0, ""48"": 5.0, ""49"": 2.0, ""50"": 2.0, ""51"": 1.0, ""53"": 4.901607216, ""56"": 0.026500889, ""57"": 0.000819615, ""58"": 7.420035553, ""60"": 11.17136682, ""61"": 3.622101509, ""62"": 0.01791779, ""63"": 0.000431341, ""67"": 0.098032144, ""68"": 0.098032144, ""71"": 0.054898001, ""72"": 0.054898001, ""73"": 0.054898001, ""101"": 0.062005389, ""102"": 0.377786087, ""114"": 203.4551822, ""115"": 307.3043478, ""116"": 20.0, ""117"": 8.0, ""118"": 30.0, ""119"": 12.0, ""210"": 15.11764706, ""213"": 1.628050789}","{""41"": 1.0, ""42"": 5.0, ""47"": 1.0, ""53"": 1.0, ""58"": 1.0, ""60"": 5.0, ""61"": 0.625, ""68"": 2.0, ""72"": 1.0, ""73"": 1.0, ""101"": 1.0, ""105"": 1.0, ""114"": 200.0, ""115"": 99.0, ""116"": 19.0, ""117"": 7.0, ""118"": 7.0, ""119"": 1.0, ""155"": 3.0, ""156"": 5.0, ""158"": 6.0, ""210"": 8.0}",2026-08-24T23:49:59-04:00
Mason Crosby,10636,K,FA,ACTIVE,0.0,0.0,0.0,21.0,169.617240668179,0.07721854337522005,2016.0,1802.0,{},{},2026-08-24T23:49:59-04:00
Drew Sample,3127310,TE,CIN,ACTIVE,22.82356235,26.5,0.0,39.3,169.76771410967345,0.07650081403160501,1035.0,968.0,"{""42"": 116.6630223, ""43"": 0.736280626, ""44"": 0.035878698, ""45"": 0.074330521, ""46"": 0.048574995, ""47"": 23.0, ""48"": 11.0, ""49"": 5.0, ""50"": 4.0, ""51"": 2.0, ""53"": 13.69237345, ""56"": 0.048476751, ""57"": 0.001499281, ""58"": 18.14454526, ""60"": 8.520292171, ""61"": 7.717009256, ""62"": 0.035878698, ""63"": 0.00070073, ""67"": 0.159256922, ""68"": 0.159256922, ""71"": 0.089183876, ""72"": 0.089183876, ""73"": 0.089183876, ""210"": 15.11764706, ""213"": 5.489418459}","{""23"": 1.0, ""24"": -4.0, ""39"": -4.0, ""40"": -0.23529412, ""41"": 20.0, ""42"": 109.0, ""43"": 1.0, ""47"": 16.0, ""48"": 6.0, ""49"": 1.0, ""50"": 1.0, ""53"": 20.0, ""58"": 22.0, ""59"": 81.0, ""60"": 5.45, ""61"": 6.41176471, ""67"": 1.0, ""68"": 1.0, ""106"": 1.0, ""107"": 1.0, ""108"": 1.0, ""109"": 2.0, ""155"": 9.0, ""156"": 8.0, ""158"": 6.0, ""183"": 1.0, ""210"": 17.0, ""213"": 8.0}",2026-08-24T23:49:59-04:00
Skylar Thompson,4036419,QB,PIT,ACTIVE,32.19627375,7.8,0.0,0.0,169.77697841726618,0.07591467481597361,1047.0,990.0,"{""0"": 70.26853166, ""1"": 44.36338374, ""2"": 25.90514792, ""3"": 471.166242, ""4"": 2.452607824, ""5"": 94.0, ""6"": 47.0, ""7"": 23.0, ""8"": 18.0, ""9"": 9.0, ""10"": 4.0, ""11"": 8.0, ""12"": 4.0, ""15"": 0.377322633, ""16"": 0.246580341, ""17"": 0.358550259, ""18"": 0.048430739, ""19"": 0.129938825, ""20"": 1.754015537, ""21"": 0.631340697, ""22"": 117.7915605, ""23"": 5.778623917, ""24"": 19.1701473, ""25"": 0.166302333, ""26"": 0.007513933, ""27"": 3.0, ""28"": 1.0, ""33"": 1.0, ""35"": 0.010880652, ""36"": 0.007616456, ""37"": 0.007919609, ""38"": 0.000270266, ""39"": 3.317424282, ""40"": 4.792536825, ""62"": 0.137452758, ""63"": 0.004601925, ""64"": 5.077046676, ""65"": 0.971391294, ""66"": 0.074500788, ""68"": 1.045892082, ""69"": 0.466267821, ""70"": 0.034270363, ""72"": 0.500538184, ""73"": 2.25455372, ""210"": 4.0, ""211"": 23.18048825, ""212"": 1.366098187}","{""0"": 33.0, ""1"": 21.0, ""2"": 12.0, ""3"": 187.0, ""5"": 37.0, ""6"": 18.0, ""7"": 9.0, ""8"": 7.0, ""9"": 3.0, ""10"": 1.0, ""11"": 3.0, ""12"": 1.0, ""13"": 2.0, ""21"": 0.63636364, ""22"": 62.33333333, ""23"": 1.0, ""24"": 4.0, ""39"": 4.0, ""40"": 1.33333333, ""64"": 6.0, ""65"": 2.0, ""68"": 2.0, ""155"": 1.0, ""156"": 2.0, ""210"": 3.0, ""211"": 8.0}",2026-08-24T23:49:59-04:00
Jordan Travis,4360799,QB,NYJ,QUESTIONABLE,0.0,0.0,,,169.88427543679342,0.07567213591879797,1555.0,1516.0,{},{},2026-08-24T23:49:59-04:00
Davis Mills,4242546,QB,HOU,ACTIVE,39.63362387,9.3,0.0,21.3,169.84131551901336,0.07536896229732844,1019.0,1272.0,"{""0"": 73.30316316, ""1"": 46.88954904, ""2"": 26.41361412, ""3"": 501.7125795, ""4"": 3.550339956, ""5"": 100.0, ""6"": 50.0, ""7"": 25.0, ""8"": 20.0, ""9"": 10.0, ""10"": 5.0, ""11"": 9.0, ""12"": 4.0, ""15"": 0.423578159, ""16"": 0.276808327, ""17"": 0.451984024, ""18"": 0.06105119, ""19"": 0.168185022, ""20"": 1.895208256, ""21"": 0.639666107, ""22"": 125.4281449, ""23"": 5.031744801, ""24"": 17.82541986, ""25"": 0.170061107, ""26"": 0.010628364, ""27"": 3.0, ""28"": 1.0, ""33"": 1.0, ""35"": 0.009442493, ""36"": 0.006609745, ""37"": 0.006858022, ""38"": 0.000234038, ""39"": 3.542592195, ""40"": 4.456354966, ""62"": 0.178813386, ""63"": 0.004771943, ""64"": 5.095449871, ""65"": 1.019123476, ""66"": 0.065408928, ""68"": 1.084532404, ""69"": 0.489179268, ""70"": 0.030088107, ""72"": 0.519267375, ""73"": 2.414475631, ""210"": 4.0, ""211"": 25.01894091, ""212"": 1.278119918}","{""0"": 36.0, ""1"": 20.0, ""2"": 16.0, ""3"": 212.0, ""5"": 41.0, ""6"": 19.0, ""7"": 9.0, ""8"": 8.0, ""9"": 3.0, ""10"": 1.0, ""11"": 3.0, ""12"": 1.0, ""13"": 3.0, ""14"": 1.0, ""21"": 0.55555556, ""22"": 42.4, ""23"": 3.0, ""24"": 11.0, ""27"": 2.0, ""28"": 1.0, ""39"": 3.66666667, ""40"": 2.2, ""64"": 2.0, ""155"": 3.0, ""156"": 2.0, ""210"": 5.0, ""211"": 9.0, ""212"": 1.0}",2026-08-24T23:49:59-04:00
Melvin Gordon III,2576434,RB,FA,ACTIVE,0.0,0.0,0.0,18.2,169.9340862422998,0.07292943940562203,1978.0,1768.0,{},{},2026-08-24T23:49:59-04:00
Jha'Quan Jackson,4427575,WR,TEN,ACTIVE,6.05198185,-3.2,,,169.8199178644764,0.07280680837465911,1136.0,1016.0,"{""42"": 19.82283788, ""43"": 0.104873513, ""44"": 0.005251151, ""45"": 0.102153224, ""46"": 0.066757132, ""47"": 3.0, ""48"": 1.0, ""53"": 1.772612149, ""56"": 0.011212257, ""57"": 0.000346771, ""58"": 2.818996752, ""60"": 11.18283991, ""61"": 1.311238304, ""62"": 0.005251151, ""63"": 8.28689e-05, ""67"": 0.018833831, ""68"": 0.018833831, ""71"": 0.010546946, ""72"": 0.010546946, ""73"": 0.010546946, ""101"": 0.265007083, ""102"": 0.16245, ""114"": 869.5544905, ""115"": 262.2, ""116"": 86.0, ""117"": 34.0, ""118"": 26.0, ""119"": 10.0, ""210"": 15.11764706, ""213"": -0.088522877}","{""23"": 1.0, ""24"": -5.0, ""39"": -5.0, ""40"": -0.41666667, ""41"": 1.0, ""42"": 8.0, ""47"": 1.0, ""53"": 1.0, ""58"": 3.0, ""59"": 2.0, ""60"": 8.0, ""61"": 0.66666667, ""68"": 5.0, ""72"": 2.0, ""73"": 2.0, ""114"": 412.0, ""115"": 215.0, ""116"": 37.0, ""117"": 14.0, ""118"": 16.0, ""119"": 4.0, ""155"": 3.0, ""156"": 9.0, ""210"": 12.0, ""213"": 1.0}",2026-08-24T23:49:59-04:00
Ben Sims,4373030,TE,GB,ACTIVE,7.16983219,6.2,0.0,10.1,169.87594988704046,0.07268761393374956,1112.0,1428.0,"{""42"": 35.24128471, ""43"": 0.307044431, ""44"": 0.014565697, ""45"": 0.084806397, ""46"": 0.05542098, ""47"": 7.0, ""48"": 3.0, ""49"": 1.0, ""50"": 1.0, ""53"": 3.642042287, ""56"": 0.018737193, ""57"": 0.000579501, ""58"": 5.226557069, ""60"": 9.676242597, ""61"": 2.496257667, ""62"": 0.014565697, ""63"": 0.000183525, ""67"": 0.041710179, ""68"": 0.041710179, ""71"": 0.0233577, ""72"": 0.0233577, ""73"": 0.0233577, ""210"": 14.11764706, ""213"": 0.845433029}","{""41"": 4.0, ""42"": 42.0, ""47"": 7.0, ""48"": 3.0, ""49"": 1.0, ""50"": 1.0, ""53"": 4.0, ""58"": 5.0, ""59"": 16.0, ""60"": 10.5, ""61"": 2.47058824, ""155"": 11.0, ""156"": 6.0, ""210"": 17.0, ""213"": 1.0}",2026-08-24T23:49:59-04:00
Ryan Flournoy,5083754,WR,DAL,ACTIVE,28.99579406,13.2,,,169.888295687885,0.07244341908729765,1007.0,1484.0,"{""42"": 156.2359015, ""43"": 1.152033802, ""44"": 0.055802618, ""45"": 0.154540536, ""46"": 0.100992241, ""47"": 31.0, ""48"": 15.0, ""49"": 7.0, ""50"": 6.0, ""51"": 3.0, ""53"": 13.00633978, ""56"": 0.060079231, ""57"": 0.001858121, ""58"": 20.40346754, ""60"": 12.01228817, ""61"": 10.33467053, ""62"": 0.055802618, ""63"": 0.000608041, ""67"": 0.138191093, ""68"": 0.138191093, ""71"": 0.077387012, ""72"": 0.077387012, ""73"": 0.077387012, ""210"": 15.11764706, ""213"": 6.594321526}","{""41"": 10.0, ""42"": 102.0, ""47"": 17.0, ""48"": 8.0, ""49"": 2.0, ""50"": 1.0, ""53"": 10.0, ""58"": 14.0, ""59"": 34.0, ""60"": 10.2, ""61"": 9.27272727, ""67"": 1.0, ""68"": 1.0, ""71"": 1.0, ""72"": 1.0, ""73"": 1.0, ""108"": 3.0, ""109"": 3.0, ""155"": 3.0, ""156"": 8.0, ""210"": 11.0, ""213"": 5.0}",2026-08-24T23:49:59-04:00
Peyton Hendershot,4258248,TE,KC,ACTIVE,8.17105519,7.6,23.32596262,5.8,169.93119737112343,0.07238399345396929,1097.0,2481.0,"{""42"": 38.38034016, ""43"": 0.408619801, ""44"": 0.013369692, ""45"": 0.094376171, ""46"": 0.061674828, ""47"": 7.0, ""48"": 3.0, ""49"": 1.0, ""50"": 1.0, ""53"": 3.806782937, ""56"": 0.020157613, ""57"": 0.000623431, ""58"": 5.567276078, ""60"": 10.08209315, ""61"": 2.718607428, ""62"": 0.013369692, ""63"": 0.000191826, ""67"": 0.043596857, ""68"": 0.043596857, ""71"": 0.02441424, ""72"": 0.02441424, ""73"": 0.02441424, ""210"": 14.11764706, ""213"": 1.011081446}","{""41"": 5.0, ""42"": 51.0, ""47"": 9.0, ""48"": 3.0, ""49"": 1.0, ""50"": 1.0, ""53"": 5.0, ""58"": 5.0, ""59"": 32.0, ""60"": 10.2, ""61"": 7.28571429, ""107"": 1.0, ""108"": 1.0, ""109"": 2.0, ""155"": 5.0, ""156"": 2.0, ""210"": 7.0, ""213"": 2.0}",2026-08-24T23:49:59-04:00
Nikko Remigio,4372716,WR,KC,ACTIVE,,5.8,,,170.0,0.07087013516768564,,,null,"{""41"": 2.0, ""42"": 48.0, ""47"": 9.0, ""48"": 4.0, ""49"": 2.0, ""50"": 1.0, ""53"": 2.0, ""58"": 6.0, ""59"": 14.0, ""60"": 24.0, ""61"": 9.6, ""68"": 1.0, ""114"": 295.0, ""115"": 104.0, ""116"": 27.0, ""117"": 11.0, ""118"": 8.0, ""119"": 2.0, ""155"": 4.0, ""156"": 1.0, ""210"": 5.0, ""213"": 2.0}",2026-08-24T23:49:59-04:00
Marcedes Lewis,9614,TE,CHI,ACTIVE,7.28711303,0.7,10.337103,10.9,169.8771821729308,0.07050880119302101,1111.0,1153.0,"{""42"": 34.31695432, ""43"": 0.33865207, ""44"": 0.017062962, ""45"": 0.07301889, ""46"": 0.047717844, ""47"": 6.0, ""48"": 3.0, ""49"": 1.0, ""50"": 1.0, ""53"": 3.706724761, ""56"": 0.018314194, ""57"": 0.000566418, ""58"": 5.269892409, ""60"": 9.258026029, ""61"": 2.430784264, ""62"": 0.017062962, ""63"": 0.000251362, ""67"": 0.057127789, ""68"": 0.057127789, ""71"": 0.031991562, ""72"": 0.031991562, ""73"": 0.031991562, ""210"": 14.11764706, ""213"": 0.847611747}","{""41"": 1.0, ""42"": 2.0, ""53"": 1.0, ""58"": 1.0, ""59"": 1.0, ""60"": 2.0, ""61"": 0.11764706, ""155"": 5.0, ""156"": 12.0, ""210"": 17.0, ""213"": 1.0}",2026-08-24T23:49:59-04:00
Chris Conley,2578533,WR,SF,QUESTIONABLE,11.42665581,10.6,0.0,8.4,169.8716632443532,0.07020414882311217,1084.0,1136.0,"{""42"": 64.4866735, ""43"": 0.436699378, ""44"": 0.019263949, ""45"": 0.199594932, ""46"": 0.130435288, ""47"": 12.0, ""48"": 6.0, ""49"": 3.0, ""50"": 2.0, ""51"": 1.0, ""53"": 4.845925579, ""56"": 0.029357257, ""57"": 0.000907956, ""58"": 7.81243059, ""60"": 13.30740071, ""61"": 4.265655445, ""62"": 0.019263949, ""63"": 0.000407387, ""67"": 0.092587947, ""68"": 0.092587947, ""71"": 0.05184925, ""72"": 0.05184925, ""73"": 0.05184925, ""210"": 15.11764706, ""213"": 1.91169877}","{""41"": 6.0, ""42"": 76.0, ""47"": 13.0, ""48"": 6.0, ""49"": 2.0, ""50"": 2.0, ""51"": 1.0, ""53"": 6.0, ""58"": 12.0, ""59"": 19.0, ""60"": 12.66666667, ""61"": 5.06666667, ""108"": 2.0, ""109"": 2.0, ""155"": 5.0, ""156"": 10.0, ""210"": 15.0, ""213"": 3.0}",2026-08-24T23:49:59-04:00
Scotty Miller,3914397,WR,PIT,ACTIVE,13.92417712,9.4,16.61318754,33.6,169.9476386036961,0.06990091016431858,1077.0,1008.0,"{""42"": 84.18806772, ""43"": 0.351465938, ""44"": 0.020284212, ""45"": 0.155948373, ""46"": 0.101912262, ""47"": 16.0, ""48"": 8.0, ""49"": 4.0, ""50"": 3.0, ""51"": 1.0, ""53"": 6.824409507, ""56"": 0.037998757, ""57"": 0.001175219, ""58"": 11.01433635, ""60"": 12.33631535, ""61"": 5.568860511, ""62"": 0.020284212, ""63"": 0.000422315, ""67"": 0.095980765, ""68"": 0.095980765, ""71"": 0.053749228, ""72"": 0.053749228, ""73"": 0.053749228, ""102"": 0.00855, ""115"": 13.8, ""118"": 1.0, ""210"": 15.11764706, ""213"": 2.871094399}","{""41"": 5.0, ""42"": 69.0, ""47"": 13.0, ""48"": 6.0, ""49"": 2.0, ""50"": 2.0, ""53"": 5.0, ""58"": 9.0, ""59"": 33.0, ""60"": 13.8, ""61"": 5.30769231, ""108"": 1.0, ""109"": 1.0, ""155"": 8.0, ""156"": 5.0, ""210"": 13.0, ""213"": 2.0}",2026-08-24T23:49:59-04:00
Dante Pettis,3127306,WR,NO,ACTIVE,0.0,26.0,,,169.99383983572895,0.06887269082819109,1365.0,1872.0,{},"{""41"": 12.0, ""42"": 120.0, ""43"": 1.0, ""44"": 1.0, ""47"": 21.0, ""48"": 8.0, ""49"": 3.0, ""50"": 2.0, ""53"": 12.0, ""58"": 28.0, ""59"": 36.0, ""60"": 10.0, ""61"": 15.0, ""114"": 96.0, ""115"": 90.0, ""116"": 9.0, ""117"": 3.0, ""118"": 7.0, ""119"": 2.0, ""155"": 3.0, ""156"": 5.0, ""158"": 8.0, ""183"": 1.0, ""210"": 8.0, ""213"": 9.0}",2026-08-24T23:49:59-04:00
Bailey Zappe,4250360,QB,KC,ACTIVE,0.0,9.0,0.0,80.5,169.97800616649536,0.06863846628195978,2398.0,2451.0,{},"{""0"": 31.0, ""1"": 16.0, ""2"": 15.0, ""3"": 170.0, ""4"": 1.0, ""5"": 34.0, ""6"": 17.0, ""7"": 8.0, ""8"": 6.0, ""9"": 3.0, ""10"": 1.0, ""11"": 3.0, ""12"": 1.0, ""13"": 3.0, ""14"": 1.0, ""20"": 2.0, ""21"": 0.51612903, ""22"": 170.0, ""23"": 2.0, ""24"": 2.0, ""39"": 1.0, ""40"": 2.0, ""64"": 1.0, ""73"": 2.0, ""156"": 1.0, ""158"": 6.0, ""176"": 1.0, ""210"": 1.0, ""211"": 8.0}",2026-08-24T23:49:59-04:00
Tyrion Davis-Price,4426475,RB,PHI,ACTIVE,0.0,0.7,0.0,2.1,169.95071868583162,0.06772308219306586,2384.0,2333.0,{},"{""23"": 3.0, ""24"": 7.0, ""27"": 1.0, ""39"": 2.33333333, ""40"": 7.0, ""155"": 1.0, ""210"": 1.0}",2026-08-24T23:49:59-04:00
Laviska Shenault Jr.,4243160,WR,BUF,ACTIVE,21.6932944,8.2,48.24985098,16.5,169.7728952772074,0.06741896712205737,1051.0,975.0,"{""23"": 8.504393562, ""24"": 45.37528545, ""25"": 0.333778219, ""26"": 0.016600483, ""27"": 9.0, ""28"": 4.0, ""29"": 2.0, ""30"": 1.0, ""33"": 1.0, ""35"": 0.015668793, ""36"": 0.010968155, ""37"": 0.005038517, ""38"": 0.000171945, ""39"": 5.335511006, ""40"": 3.001478026, ""42"": 76.65975769, ""43"": 0.393667015, ""44"": 0.021125886, ""45"": 0.121171085, ""46"": 0.079185304, ""47"": 15.0, ""48"": 7.0, ""49"": 3.0, ""50"": 3.0, ""51"": 1.0, ""53"": 7.669071715, ""56"": 0.035080518, ""57"": 0.001084964, ""58"": 10.4918117, ""60"": 9.995963076, ""61"": 5.070878913, ""62"": 0.037726369, ""63"": 0.001206142, ""66"": 0.144140524, ""67"": 0.129982698, ""68"": 0.274123222, ""70"": 0.066304641, ""71"": 0.072790311, ""72"": 0.139094952, ""73"": 0.139094952, ""101"": 0.248886665, ""114"": 816.6593679, ""116"": 81.0, ""117"": 32.0, ""210"": 15.11764706, ""212"": 4.369602091, ""213"": 2.940906194}","{""23"": 1.0, ""24"": 1.0, ""39"": 1.0, ""40"": 0.08333333, ""41"": 5.0, ""42"": 36.0, ""47"": 6.0, ""48"": 2.0, ""53"": 5.0, ""58"": 5.0, ""59"": 46.0, ""60"": 7.2, ""61"": 3.0, ""68"": 2.0, ""72"": 2.0, ""73"": 2.0, ""101"": 1.0, ""105"": 1.0, ""108"": 5.0, ""109"": 5.0, ""114"": 459.0, ""116"": 42.0, ""117"": 14.0, ""155"": 6.0, ""156"": 6.0, ""158"": 6.0, ""210"": 12.0, ""213"": 2.0}",2026-08-24T23:49:59-04:00
Deonte Harty,4411193,WR,BAL,QUESTIONABLE,15.89374639,0.0,77.30100209,32.5,169.9782340862423,0.06590741007481611,1100.0,1014.0,"{""42"": 82.66018326, ""43"": 0.379828955, ""44"": 0.022052578, ""45"": 0.184135594, ""46"": 0.120332611, ""47"": 16.0, ""48"": 8.0, ""49"": 4.0, ""50"": 3.0, ""51"": 1.0, ""53"": 6.956698808, ""56"": 0.037607317, ""57"": 0.001163113, ""58"": 10.40992862, ""60"": 11.8820989, ""61"": 5.467794223, ""62"": 0.022052578, ""63"": 0.000612189, ""67"": 0.139133976, ""68"": 0.139133976, ""71"": 0.077915027, ""72"": 0.077915027, ""73"": 0.077915027, ""101"": 0.159594971, ""102"": 0.17076, ""114"": 798.128786, ""115"": 225.375, ""116"": 79.0, ""117"": 31.0, ""118"": 22.0, ""119"": 9.0, ""210"": 15.11764706, ""213"": 2.870712512}","{""114"": 98.0, ""115"": 85.0, ""116"": 9.0, ""117"": 3.0, ""118"": 6.0, ""119"": 2.0, ""155"": 3.0, ""156"": 2.0, ""210"": 5.0}",2026-08-24T23:49:59-04:00
Trent Sherfield Sr.,3122168,WR,DEN,ACTIVE,6.09235158,18.3,0.0,20.1,169.9299794661191,0.06548340612965836,1135.0,984.0,"{""42"": 35.43769992, ""43"": 0.201200833, ""44"": 0.010401139, ""45"": 0.08199277, ""46"": 0.053582275, ""47"": 7.0, ""48"": 3.0, ""49"": 1.0, ""50"": 1.0, ""53"": 2.739794074, ""56"": 0.018646013, ""57"": 0.000576681, ""58"": 5.222390978, ""60"": 12.93443922, ""61"": 2.677515105, ""62"": 0.010401139, ""63"": 0.000193768, ""67"": 0.044038143, ""68"": 0.044038143, ""71"": 0.02466136, ""72"": 0.02466136, ""73"": 0.02466136, ""210"": 13.23529412, ""213"": 0.669546184}","{""41"": 8.0, ""42"": 83.0, ""43"": 1.0, ""47"": 14.0, ""48"": 4.0, ""53"": 8.0, ""58"": 9.0, ""59"": 40.0, ""60"": 10.375, ""61"": 4.88235294, ""107"": 1.0, ""108"": 7.0, ""109"": 8.0, ""155"": 14.0, ""156"": 3.0, ""158"": 6.0, ""184"": 1.0, ""210"": 17.0, ""213"": 4.0}",2026-08-24T23:49:59-04:00
T.Y. Hilton,14924,WR,FA,ACTIVE,0.0,0.0,0.0,0.0,169.97700205338808,0.06439559229116976,2009.0,1796.0,{},{},2026-08-24T23:49:59-04:00
Charlie Kolar,4241263,TE,BAL,QUESTIONABLE,6.54274283,23.8,0.0,18.2,169.74902444033683,0.06239900258432338,1127.0,988.0,"{""42"": 32.24941204, ""43"": 0.283090518, ""44"": 0.016439719, ""45"": 0.090245633, ""46"": 0.058975521, ""47"": 6.0, ""48"": 3.0, ""49"": 1.0, ""50"": 1.0, ""53"": 3.25629318, ""56"": 0.017350704, ""57"": 0.00053662, ""58"": 4.735786858, ""60"": 9.903718816, ""61"": 2.284333353, ""62"": 0.016439719, ""63"": 0.000164087, ""67"": 0.03729242, ""68"": 0.03729242, ""71"": 0.020883755, ""72"": 0.020883755, ""73"": 0.020883755, ""210"": 14.11764706, ""213"": 0.665208845}","{""23"": 1.0, ""24"": 2.0, ""39"": 2.0, ""40"": 0.15384615, ""41"": 9.0, ""42"": 131.0, ""43"": 1.0, ""47"": 22.0, ""48"": 10.0, ""49"": 4.0, ""50"": 3.0, ""51"": 1.0, ""53"": 9.0, ""58"": 11.0, ""59"": 76.0, ""60"": 14.55555556, ""61"": 10.07692308, ""107"": 2.0, ""108"": 2.0, ""109"": 4.0, ""155"": 9.0, ""156"": 4.0, ""158"": 6.0, ""183"": 1.0, ""210"": 13.0, ""212"": 1.0, ""213"": 4.0}",2026-08-24T23:49:59-04:00
Pharaoh Brown,2971281,TE,MIA,ACTIVE,20.28411416,8.5,0.0,31.3,169.89258574655986,0.062156572830617596,1045.0,967.0,"{""42"": 115.3032987, ""43"": 0.526456929, ""44"": 0.028254629, ""45"": 0.12243456, ""46"": 0.080010985, ""47"": 23.0, ""48"": 11.0, ""49"": 5.0, ""50"": 4.0, ""51"": 2.0, ""53"": 11.47315139, ""56"": 0.047274952, ""57"": 0.001462112, ""58"": 15.73771755, ""60"": 10.04983677, ""61"": 8.167316991, ""62"": 0.028254629, ""63"": 0.000778023, ""67"": 0.176823427, ""68"": 0.176823427, ""71"": 0.099021119, ""72"": 0.099021119, ""73"": 0.099021119, ""210"": 14.11764706, ""213"": 4.927918558}","{""41"": 8.0, ""42"": 65.0, ""47"": 9.0, ""48"": 2.0, ""53"": 8.0, ""58"": 12.0, ""59"": 30.0, ""60"": 8.125, ""61"": 4.33333333, ""67"": 1.0, ""68"": 1.0, ""71"": 1.0, ""72"": 1.0, ""73"": 1.0, ""107"": 2.0, ""108"": 2.0, ""109"": 4.0, ""155"": 8.0, ""156"": 7.0, ""210"": 15.0, ""213"": 2.0}",2026-08-24T23:49:59-04:00
Michael Woods II,4360174,WR,CLE,QUESTIONABLE,0.0,10.0,,,170.0,0.062155105736305,2395.0,2385.0,{},"{""41"": 7.0, ""42"": 65.0, ""47"": 11.0, ""48"": 5.0, ""49"": 2.0, ""50"": 1.0, ""53"": 7.0, ""58"": 17.0, ""59"": 35.0, ""60"": 9.28571429, ""61"": 13.0, ""107"": 1.0, ""109"": 1.0, ""156"": 5.0, ""210"": 5.0, ""213"": 4.0}",2026-08-24T23:49:59-04:00
Charlie Woerner,4035020,TE,ATL,ACTIVE,15.75551233,8.1,0.0,4.7,169.91209693982339,0.061127801892661995,1059.0,995.0,"{""42"": 77.97598704, ""43"": 0.66386637, ""44"": 0.033691954, ""45"": 0.106411662, ""46"": 0.069540021, ""47"": 15.0, ""48"": 7.0, ""49"": 3.0, ""50"": 3.0, ""51"": 1.0, ""53"": 8.020413957, ""56"": 0.035947892, ""57"": 0.00111179, ""58"": 11.12045641, ""60"": 9.722189835, ""61"": 5.157944668, ""62"": 0.033691954, ""63"": 0.000404154, ""67"": 0.091853108, ""68"": 0.091853108, ""71"": 0.05143774, ""72"": 0.05143774, ""73"": 0.05143774, ""210"": 15.11764706, ""213"": 3.100143838}","{""41"": 7.0, ""42"": 46.0, ""47"": 7.0, ""48"": 2.0, ""53"": 7.0, ""58"": 12.0, ""59"": 21.0, ""60"": 6.57142857, ""61"": 2.875, ""107"": 2.0, ""108"": 4.0, ""109"": 6.0, ""155"": 8.0, ""156"": 8.0, ""210"": 16.0, ""213"": 3.0}",2026-08-24T23:49:59-04:00
Julian Hill,4365395,TE,MIA,ACTIVE,3.56881033,16.0,0.0,5.8,169.54200041076197,0.06028070472743559,1151.0,459.0,"{""42"": 18.55734451, ""43"": 0.133284253, ""44"": 0.006977624, ""45"": 0.095614228, ""46"": 0.062483898, ""47"": 3.0, ""48"": 1.0, ""53"": 1.846191331, ""56"": 0.010550123, ""57"": 0.000326292, ""58"": 2.684821996, ""60"": 10.05169085, ""61"": 1.314478569, ""62"": 0.006977624, ""63"": 9.30307e-05, ""67"": 0.021143349, ""68"": 0.021143349, ""71"": 0.011840275, ""72"": 0.011840275, ""73"": 0.011840275, ""210"": 14.11764706, ""213"": -0.095031505}","{""41"": 12.0, ""42"": 100.0, ""47"": 16.0, ""48"": 6.0, ""49"": 2.0, ""50"": 1.0, ""53"": 12.0, ""58"": 19.0, ""59"": 58.0, ""60"": 8.33333333, ""61"": 6.25, ""67"": 1.0, ""68"": 1.0, ""107"": 4.0, ""108"": 1.0, ""109"": 5.0, ""155"": 8.0, ""156"": 8.0, ""210"": 16.0, ""213"": 5.0}",2026-08-24T23:49:59-04:00
DeSean Jackson,11283,WR,FA,ACTIVE,0.0,0.0,0.0,0.0,169.96324435318274,0.06028008451316267,2017.0,1803.0,{},{},2026-08-24T23:49:59-04:00
River Cracraft,3052056,WR,MIA,ACTIVE,0.0,10.1,0.0,22.6,169.89856262833675,0.0590080117749731,1342.0,1218.0,{},"{""41"": 7.0, ""42"": 66.0, ""47"": 12.0, ""48"": 4.0, ""49"": 1.0, ""50"": 1.0, ""53"": 7.0, ""58"": 9.0, ""59"": 11.0, ""60"": 9.42857143, ""61"": 8.25, ""108"": 1.0, ""109"": 1.0, ""155"": 5.0, ""156"": 3.0, ""210"": 8.0, ""213"": 4.0}",2026-08-24T23:49:59-04:00
Tanner Brown,4696736,K,FA,ACTIVE,0.0,0.0,0.0,0.0,169.88492472674778,0.057106287836795194,2557.0,2582.0,{},{},2026-08-24T23:49:59-04:00
Ihmir Smith-Marsette,4240573,WR,NYG,ACTIVE,0.0,6.0,15.12593517,28.5,169.84661190965093,0.056829048055950286,2235.0,1017.0,{},"{""68"": 1.0, ""101"": 1.0, ""105"": 1.0, ""114"": 381.0, ""115"": 228.0, ""116"": 36.0, ""117"": 12.0, ""118"": 16.0, ""119"": 4.0, ""155"": 3.0, ""156"": 12.0, ""210"": 15.0}",2026-08-24T23:49:59-04:00
Isaiah Williams,4569371,WR,CIN,ACTIVE,30.47736411,1.6,,,169.9852156057495,0.05670701115318579,1003.0,1451.0,"{""42"": 161.7812975, ""43"": 1.078466034, ""44"": 0.064962221, ""45"": 0.145650451, ""46"": 0.09518257, ""47"": 32.0, ""48"": 16.0, ""49"": 8.0, ""50"": 6.0, ""51"": 3.0, ""53"": 13.59021133, ""56"": 0.061804223, ""57"": 0.001911471, ""58"": 21.50905553, ""60"": 11.90425178, ""61"": 10.70148661, ""62"": 0.064962221, ""63"": 0.000635337, ""67"": 0.144394672, ""68"": 0.144394672, ""71"": 0.080861016, ""72"": 0.080861016, ""73"": 0.080861016, ""101"": 0.16897168, ""102"": 0.00855, ""114"": 554.438324, ""115"": 13.8, ""116"": 55.0, ""117"": 22.0, ""118"": 1.0, ""210"": 15.11764706, ""213"": 6.85024237}","{""41"": 2.0, ""42"": 6.0, ""47"": 1.0, ""53"": 2.0, ""58"": 3.0, ""59"": 7.0, ""60"": 3.0, ""61"": 0.75, ""114"": 169.0, ""115"": 93.0, ""116"": 16.0, ""117"": 6.0, ""118"": 7.0, ""119"": 2.0, ""155"": 7.0, ""156"": 1.0, ""210"": 8.0}",2026-08-24T23:49:59-04:00
Jared Wiley,4430723,TE,KC,QUESTIONABLE,16.82023064,1.2,,,169.92667898952558,0.056407245789126474,1057.0,1002.0,"{""42"": 81.6595345, ""43"": 0.778627266, ""44"": 0.025478469, ""45"": 0.113607074, ""46"": 0.074242223, ""47"": 16.0, ""48"": 8.0, ""49"": 4.0, ""50"": 3.0, ""51"": 1.0, ""53"": 8.071052868, ""56"": 0.037230957, ""57"": 0.001151473, ""58"": 11.49333582, ""60"": 10.11758142, ""61"": 5.401603449, ""62"": 0.025478469, ""63"": 0.000408453, ""67"": 0.09283016, ""68"": 0.09283016, ""71"": 0.05198489, ""72"": 0.05198489, ""73"": 0.05198489, ""210"": 15.11764706, ""213"": 3.260191427}","{""41"": 1.0, ""42"": 7.0, ""47"": 1.0, ""53"": 1.0, ""58"": 1.0, ""59"": 3.0, ""60"": 7.0, ""61"": 1.0, ""155"": 7.0, ""210"": 7.0}",2026-08-24T23:49:59-04:00
Stetson Bennett,4259553,QB,LAR,ACTIVE,0.0,0.0,0.0,0.0,169.94881808838645,0.05596561298111175,1474.0,1421.0,{},"{""108"": 1.0, ""109"": 1.0, ""210"": 1.0}",2026-08-24T23:49:59-04:00
Josh Whyle,4360086,TE,TEN,ACTIVE,31.29607703,46.8,0.0,19.9,169.98500718833435,0.055620449442282435,999.0,444.0,"{""42"": 165.5760793, ""43"": 1.133800793, ""44"": 0.056798557, ""45"": 0.106650818, ""46"": 0.06969631, ""47"": 33.0, ""48"": 16.0, ""49"": 8.0, ""50"": 6.0, ""51"": 3.0, ""53"": 16.05602626, ""56"": 0.063150645, ""57"": 0.001953113, ""58"": 23.6168327, ""60"": 10.31239465, ""61"": 10.9525033, ""62"": 0.056798557, ""63"": 0.000809073, ""67"": 0.183880273, ""68"": 0.183880273, ""71"": 0.102972953, ""72"": 0.102972953, ""73"": 0.102972953, ""210"": 15.11764706, ""213"": 7.539555346}","{""41"": 28.0, ""42"": 248.0, ""43"": 1.0, ""44"": 1.0, ""47"": 44.0, ""48"": 20.0, ""49"": 7.0, ""50"": 6.0, ""53"": 28.0, ""54"": 2.0, ""58"": 37.0, ""59"": 143.0, ""60"": 8.85714286, ""61"": 14.58823529, ""107"": 2.0, ""108"": 3.0, ""109"": 5.0, ""155"": 3.0, ""156"": 14.0, ""158"": 8.0, ""184"": 1.0, ""210"": 17.0, ""213"": 14.0}",2026-08-24T23:49:59-04:00
Ramiz Ahmed,4266790,K,FA,ACTIVE,0.0,0.0,,,169.475149515364,0.05518232824733105,2648.0,2680.0,{},{},2026-08-24T23:49:59-04:00
Michael Burton,2515270,RB,DEN,ACTIVE,0.0,24.3,0.0,5.2,169.94784394250513,0.05477177117382866,1986.0,376.0,{},"{""23"": 7.0, ""24"": 8.0, ""25"": 1.0, ""39"": 1.14285714, ""40"": 0.47058824, ""41"": 10.0, ""42"": 65.0, ""43"": 1.0, ""47"": 10.0, ""48"": 3.0, ""49"": 1.0, ""50"": 1.0, ""53"": 10.0, ""58"": 10.0, ""59"": 41.0, ""60"": 6.5, ""61"": 3.82352941, ""107"": 4.0, ""108"": 2.0, ""109"": 6.0, ""155"": 10.0, ""156"": 7.0, ""158"": 12.0, ""179"": 1.0, ""183"": 1.0, ""210"": 17.0, ""212"": 3.0, ""213"": 3.0}",2026-08-24T23:49:59-04:00
Brevin Jordan,4362504,TE,HOU,QUESTIONABLE,24.29821509,1.7,13.19838368,42.4,169.96426370918053,0.05465208470770516,1031.0,1243.0,"{""42"": 130.1812808, ""43"": 0.902271185, ""44"": 0.042725195, ""45"": 0.143052753, ""46"": 0.093484974, ""47"": 26.0, ""48"": 13.0, ""49"": 6.0, ""50"": 5.0, ""51"": 2.0, ""53"": 11.80427493, ""56"": 0.05247777, ""57"": 0.001623024, ""58"": 17.36338991, ""60"": 11.02831657, ""61"": 8.611213129, ""62"": 0.042725195, ""63"": 0.00047586, ""67"": 0.108149963, ""68"": 0.108149963, ""71"": 0.060563979, ""72"": 0.060563979, ""73"": 0.060563979, ""210"": 15.11764706, ""213"": 5.499715227}","{""41"": 2.0, ""42"": 7.0, ""53"": 2.0, ""58"": 3.0, ""59"": 3.0, ""60"": 3.5, ""61"": 3.5, ""155"": 2.0, ""210"": 2.0, ""213"": 1.0}",2026-08-24T23:49:59-04:00
David Johnson,2508176,RB,FA,ACTIVE,0.0,0.0,0.0,0.0,169.97494866529775,0.054651753940010164,1988.0,1776.0,{},{},2026-08-24T23:49:59-04:00
Louis Rees-Zammit,5208436,RB,JAX,ACTIVE,0.0,0.0,,,169.84620123203285,0.05416695162316264,2646.0,2626.0,{},{},2026-08-24T23:49:59-04:00
Jarrett Stidham,3892775,QB,DEN,ACTIVE,49.79623311,0.5,0.0,30.4,169.92805755395685,0.052570242211175934,481.0,2110.0,"{""0"": 105.1155811, ""1"": 65.39580438, ""2"": 39.71977671, ""3"": 708.9268851, ""4"": 3.760037108, ""5"": 141.0, ""6"": 70.0, ""7"": 35.0, ""8"": 28.0, ""9"": 14.0, ""10"": 7.0, ""11"": 13.0, ""12"": 6.0, ""15"": 0.568992169, ""16"": 0.371836382, ""17"": 0.542419682, ""18"": 0.073266677, ""19"": 0.206036773, ""20"": 3.06811383, ""21"": 0.622132359, ""22"": 118.1544808, ""23"": 11.44070932, ""24"": 44.79899458, ""25"": 0.319445701, ""26"": 0.019268986, ""27"": 8.0, ""28"": 4.0, ""29"": 2.0, ""30"": 1.0, ""33"": 2.0, ""34"": 1.0, ""35"": 0.021721253, ""36"": 0.015204877, ""37"": 0.02905878, ""38"": 0.000991665, ""39"": 3.915753241, ""40"": 7.466499096, ""62"": 0.22530576, ""63"": 0.007706313, ""64"": 8.086953566, ""65"": 1.590674786, ""66"": 0.160760074, ""68"": 1.75143486, ""69"": 0.763523897, ""70"": 0.073949634, ""72"": 0.837473531, ""73"": 3.905587361, ""210"": 6.0, ""211"": 34.55645549, ""212"": 2.811504576}","{""23"": 4.0, ""24"": 5.0, ""27"": 1.0, ""39"": 1.25, ""40"": 1.66666667, ""155"": 3.0, ""210"": 3.0, ""212"": 1.0}",2026-08-24T23:49:59-04:00
Tyquan Thornton,4362921,WR,KC,ACTIVE,41.33210745,6.7,0.0,20.7,169.905954825462,0.05241125038355231,989.0,976.0,"{""23"": 2.377816906, ""24"": 16.12495843, ""25"": 0.099454663, ""26"": 0.005215595, ""27"": 3.0, ""28"": 1.0, ""35"": 0.004366871, ""36"": 0.003056809, ""37"": 0.000610717, ""38"": 2.08414e-05, ""39"": 6.781412982, ""40"": 1.066631492, ""42"": 238.882979, ""43"": 1.051358964, ""44"": 0.056986307, ""45"": 0.118305987, ""46"": 0.077312962, ""47"": 47.0, ""48"": 23.0, ""49"": 11.0, ""50"": 9.0, ""51"": 4.0, ""53"": 18.52131485, ""56"": 0.099028142, ""57"": 0.003062726, ""58"": 33.37888417, ""60"": 12.89773328, ""61"": 15.80159783, ""62"": 0.062201902, ""63"": 0.001839124, ""66"": 0.047556338, ""67"": 0.370426297, ""68"": 0.417982635, ""70"": 0.021875916, ""71"": 0.207438726, ""72"": 0.229314642, ""73"": 0.229314642, ""210"": 15.11764706, ""212"": 2.835057726, ""213"": 10.08928094}","{""41"": 4.0, ""42"": 47.0, ""47"": 9.0, ""48"": 4.0, ""49"": 2.0, ""50"": 1.0, ""53"": 4.0, ""58"": 8.0, ""59"": 24.0, ""60"": 11.75, ""61"": 7.83333333, ""155"": 2.0, ""156"": 4.0, ""210"": 6.0, ""213"": 2.0}",2026-08-24T23:49:59-04:00
Jamari Thrash,4428678,WR,CLE,ACTIVE,20.43539632,3.7,,,169.92731006160164,0.051987571399694246,1123.0,1555.0,"{""42"": 116.3009514, ""43"": 0.656019417, ""44"": 0.035361694, ""45"": 0.149705307, ""46"": 0.097832418, ""47"": 23.0, ""48"": 11.0, ""49"": 5.0, ""50"": 4.0, ""51"": 2.0, ""53"": 9.830895758, ""56"": 0.047570079, ""57"": 0.00147124, ""58"": 15.18680062, ""60"": 11.83014796, ""61"": 8.237984054, ""62"": 0.035361694, ""63"": 0.00045959, ""67"": 0.10445231, ""68"": 0.10445231, ""71"": 0.058493294, ""72"": 0.058493294, ""73"": 0.058493294, ""210"": 14.11764706, ""213"": 4.634085816}","{""41"": 3.0, ""42"": 22.0, ""47"": 4.0, ""48"": 2.0, ""53"": 3.0, ""58"": 7.0, ""59"": 14.0, ""60"": 7.33333333, ""61"": 2.2, ""155"": 2.0, ""156"": 8.0, ""210"": 10.0, ""213"": 2.0}",2026-08-24T23:49:59-04:00
Rex Burkhead,15971,RB,FA,,0.0,0.0,0.0,0.0,169.97043121149898,0.0518677221778391,2002.0,1788.0,{},{},2026-08-24T23:49:59-04:00
Frank Gore Jr.,4429805,RB,BUF,ACTIVE,,0.0,,,169.89774127310062,0.05156414258574808,,,null,{},2026-08-24T23:49:59-04:00
Jarvis Landry,16790,WR,FA,ACTIVE,0.0,0.0,0.0,0.0,169.9211498973306,0.051020192012646716,1990.0,1777.0,{},{},2026-08-24T23:49:59-04:00
Kyle Trask,4034946,QB,TB,ACTIVE,37.89214997,-0.2,0.0,-0.1,169.8191161356629,0.050265942610724534,1025.0,1267.0,"{""0"": 70.52699159, ""1"": 43.85100767, ""2"": 26.67598393, ""3"": 476.5199275, ""4"": 3.186804021, ""5"": 95.0, ""6"": 47.0, ""7"": 23.0, ""8"": 19.0, ""9"": 9.0, ""10"": 4.0, ""11"": 8.0, ""12"": 4.0, ""15"": 0.385307045, ""16"": 0.251798154, ""17"": 0.374026808, ""18"": 0.050521215, ""19"": 0.149411588, ""20"": 1.804332485, ""21"": 0.621762061, ""22"": 119.1299819, ""23"": 6.910077693, ""24"": 27.56271829, ""25"": 0.227112004, ""26"": 0.01472559, ""27"": 5.0, ""28"": 2.0, ""29"": 1.0, ""30"": 1.0, ""33"": 1.0, ""35"": 0.013077407, ""36"": 0.009154185, ""37"": 0.016493645, ""38"": 0.000562865, ""39"": 3.988771113, ""40"": 6.890679572, ""62"": 0.164137178, ""63"": 0.004908622, ""64"": 4.908721198, ""65"": 1.021980211, ""66"": 0.093615642, ""68"": 1.115595853, ""69"": 0.490550501, ""70"": 0.043063195, ""72"": 0.533613696, ""73"": 2.337946182, ""210"": 4.0, ""211"": 23.4826289, ""212"": 1.763549178}","{""0"": 1.0, ""1"": 1.0, ""3"": 5.0, ""5"": 1.0, ""21"": 1.0, ""22"": 1.25, ""23"": 5.0, ""24"": -4.0, ""39"": -0.8, ""40"": -1.0, ""155"": 4.0, ""210"": 4.0}",2026-08-24T23:49:59-04:00
Tyrell Shavers,4241476,WR,BUF,ACTIVE,,13.4,,,169.8523613963039,0.04926412470238779,,,null,"{""41"": 1.0, ""42"": 69.0, ""43"": 1.0, ""45"": 1.0, ""46"": 1.0, ""47"": 13.0, ""48"": 6.0, ""49"": 3.0, ""50"": 2.0, ""51"": 1.0, ""53"": 1.0, ""58"": 1.0, ""59"": 71.0, ""60"": 69.0, ""61"": 23.0, ""155"": 2.0, ""156"": 1.0, ""158"": 6.0, ""210"": 3.0, ""213"": 1.0}",2026-08-24T23:49:59-04:00
Royce Freeman,3122672,RB,FA,ACTIVE,0.0,0.0,0.0,45.7,169.99507186858315,0.04914251753728204,1960.0,1756.0,{},{},2026-08-24T23:49:59-04:00
Harrison Bryant,4040774,TE,PHI,ACTIVE,14.3923432,13.1,0.0,31.4,169.98480180735265,0.048841896300241494,1065.0,996.0,"{""42"": 71.59896566, ""43"": 0.576558191, ""44"": 0.032530099, ""45"": 0.078717939, ""46"": 0.051442173, ""47"": 14.0, ""48"": 7.0, ""49"": 3.0, ""50"": 2.0, ""51"": 1.0, ""53"": 7.677878601, ""56"": 0.033710095, ""57"": 0.00104258, ""58"": 10.98328422, ""60"": 9.325357873, ""61"": 4.736118351, ""62"": 0.032530099, ""63"": 0.000514258, ""67"": 0.116876798, ""68"": 0.116876798, ""71"": 0.065451007, ""72"": 0.065451007, ""73"": 0.065451007, ""210"": 15.11764706, ""213"": 2.810513821}","{""41"": 9.0, ""42"": 86.0, ""47"": 15.0, ""48"": 7.0, ""49"": 3.0, ""53"": 9.0, ""58"": 12.0, ""59"": 71.0, ""60"": 9.55555556, ""61"": 6.61538462, ""108"": 2.0, ""109"": 2.0, ""155"": 4.0, ""156"": 9.0, ""210"": 13.0, ""213"": 5.0}",2026-08-24T23:49:59-04:00
Robbie Gould,9354,K,FA,ACTIVE,0.0,0.0,0.0,0.0,169.9047226232213,0.04823061309364932,2020.0,1807.0,{},{},2026-08-24T23:49:59-04:00
Cody Schrader,4391845,RB,LAR,ACTIVE,4.92898933,1.4,,,169.83059548254622,0.048174775179339074,1145.0,1490.0,"{""23"": 7.82012815, ""24"": 32.16811855, ""25"": 0.290392914, ""26"": 0.014414589, ""27"": 6.0, ""28"": 3.0, ""29"": 1.0, ""30"": 1.0, ""33"": 1.0, ""35"": 0.014406469, ""36"": 0.010084528, ""37"": 0.002630172, ""38"": 8.97577e-05, ""39"": 4.113502737, ""40"": 2.441330426, ""62"": 0.014414589, ""63"": 0.000282218, ""66"": 0.064140422, ""68"": 0.064140422, ""70"": 0.029504594, ""72"": 0.029504594, ""73"": 0.029504594, ""210"": 13.17647059, ""212"": 3.727860994}","{""23"": 1.0, ""24"": 3.0, ""39"": 3.0, ""40"": 3.0, ""41"": 1.0, ""42"": 6.0, ""47"": 1.0, ""53"": 1.0, ""58"": 1.0, ""59"": 6.0, ""60"": 6.0, ""61"": 6.0, ""108"": 1.0, ""109"": 1.0, ""156"": 1.0, ""210"": 1.0}",2026-08-24T23:49:59-04:00
Drew Ogletree,4722908,TE,IND,ACTIVE,27.5777467,21.4,0.0,31.2,169.95769151776545,0.04575523370877641,1012.0,972.0,"{""42"": 144.1620174, ""43"": 1.071901612, ""44"": 0.07810035, ""45"": 0.091799986, ""46"": 0.059991291, ""47"": 28.0, ""48"": 14.0, ""49"": 7.0, ""50"": 5.0, ""51"": 2.0, ""53"": 13.49403724, ""56"": 0.056639487, ""57"": 0.001751737, ""58"": 21.29270604, ""60"": 10.68338666, ""61"": 9.536008932, ""62"": 0.07810035, ""63"": 0.000679973, ""67"": 0.154539312, ""68"": 0.154539312, ""71"": 0.086542015, ""72"": 0.086542015, ""73"": 0.086542015, ""210"": 15.11764706, ""213"": 6.339766185}","{""41"": 9.0, ""42"": 109.0, ""43"": 1.0, ""47"": 19.0, ""48"": 8.0, ""49"": 3.0, ""53"": 9.0, ""58"": 14.0, ""59"": 50.0, ""60"": 12.11111111, ""61"": 6.41176471, ""107"": 4.0, ""108"": 1.0, ""109"": 5.0, ""155"": 8.0, ""156"": 9.0, ""158"": 6.0, ""184"": 1.0, ""210"": 17.0, ""213"": 6.0}",2026-08-24T23:49:59-04:00
Parris Campbell,3121410,WR,DAL,ACTIVE,0.0,12.0,0.0,20.4,169.97145790554416,0.045088009373464286,1941.0,2111.0,{},"{""41"": 6.0, ""42"": 30.0, ""43"": 1.0, ""47"": 5.0, ""48"": 2.0, ""53"": 6.0, ""58"": 8.0, ""59"": 9.0, ""60"": 5.0, ""61"": 6.0, ""155"": 3.0, ""156"": 2.0, ""158"": 6.0, ""183"": 1.0, ""210"": 5.0, ""213"": 1.0}",2026-08-24T23:49:59-04:00
Chase Claypool,4046692,WR,FA,QUESTIONABLE,0.0,0.0,107.88602614,17.7,169.97741273100615,0.044967457601679105,2086.0,1821.0,{},{},2026-08-24T23:49:59-04:00
Randall Cobb,14053,WR,FA,ACTIVE,0.0,0.0,64.89377604,14.4,169.93634496919918,0.0449071263736164,2010.0,1797.0,{},{},2026-08-24T23:49:59-04:00
Ronnie Bell,4372063,WR,DET,ACTIVE,5.33742526,3.2,0.0,27.8,169.87268993839837,0.044664390679062145,1140.0,1416.0,"{""42"": 18.77616363, ""43"": 0.157875906, ""44"": 0.006966811, ""45"": 0.159432009, ""46"": 0.104188818, ""47"": 3.0, ""48"": 1.0, ""53"": 1.48899144, ""56"": 0.010662196, ""57"": 0.000329759, ""58"": 2.416679832, ""60"": 12.60998763, ""61"": 1.242003042, ""62"": 0.006966811, ""63"": 0.000131031, ""67"": 0.029779829, ""68"": 0.029779829, ""71"": 0.016676704, ""72"": 0.016676704, ""73"": 0.016676704, ""101"": 0.178212921, ""102"": 0.1197, ""114"": 584.761146, ""115"": 193.2, ""116"": 58.0, ""117"": 23.0, ""118"": 19.0, ""119"": 7.0, ""210"": 15.11764706, ""213"": -0.160359055}","{""41"": 2.0, ""42"": 22.0, ""47"": 4.0, ""48"": 2.0, ""53"": 2.0, ""58"": 6.0, ""59"": 2.0, ""60"": 11.0, ""61"": 2.44444444, ""114"": 23.0, ""116"": 2.0, ""155"": 4.0, ""156"": 5.0, ""210"": 9.0, ""213"": 2.0}",2026-08-24T23:49:59-04:00
Robbie Chosen,2574808,WR,FA,ACTIVE,0.0,1.0,0.0,20.6,169.86488706365503,0.044603464908511456,1983.0,1773.0,{},"{""41"": 1.0, ""42"": 5.0, ""47"": 1.0, ""53"": 1.0, ""58"": 4.0, ""59"": 1.0, ""60"": 5.0, ""61"": 2.5, ""108"": 1.0, ""109"": 1.0, ""155"": 1.0, ""156"": 1.0, ""210"": 2.0}",2026-08-24T23:49:59-04:00
Kene Nwangwu,4035537,RB,NYJ,ACTIVE,0.0,6.0,0.0,1.3,169.90862422997947,0.044542890688357116,2242.0,2220.0,{},"{""101"": 1.0, ""105"": 1.0, ""106"": 1.0, ""107"": 1.0, ""108"": 1.0, ""109"": 2.0, ""114"": 157.0, ""116"": 15.0, ""117"": 6.0, ""156"": 2.0, ""210"": 2.0}",2026-08-24T23:49:59-04:00
Jude McAtamney,5092436,K,NYG,ACTIVE,,4.0,,,169.71602392245825,0.04431914251769972,,2629.0,null,"{""80"": 1.0, ""81"": 1.0, ""83"": 1.0, ""84"": 1.0, ""86"": 1.0, ""87"": 1.0, ""156"": 1.0, ""158"": 4.0, ""210"": 1.0, ""214"": 31.0, ""216"": 31.0, ""217"": 6.0, ""218"": 3.0, ""219"": 1.0, ""220"": 1.0, ""229"": 6.0, ""230"": 3.0, ""231"": 1.0, ""232"": 1.0}",2026-08-24T23:49:59-04:00
Lucky Jackson,3915802,WR,MIN,ACTIVE,0.0,0.0,,,169.90369609856262,0.043877832011450596,2602.0,2648.0,{},{},2026-08-24T23:49:59-04:00
John Bates,4048228,TE,WSH,ACTIVE,13.22721658,10.4,26.94481792,24.6,169.9047032244814,0.043576254814570926,1068.0,986.0,"{""42"": 70.67787847, ""43"": 0.418413452, ""44"": 0.022957314, ""45"": 0.071413238, ""46"": 0.046668551, ""47"": 14.0, ""48"": 7.0, ""49"": 3.0, ""50"": 2.0, ""51"": 1.0, ""53"": 7.486265645, ""56"": 0.033466767, ""57"": 0.001035055, ""58"": 11.09895685, ""60"": 9.441005946, ""61"": 4.675190404, ""62"": 0.022957314, ""63"": 0.000550391, ""67"": 0.125088774, ""68"": 0.125088774, ""71"": 0.070049713, ""72"": 0.070049713, ""73"": 0.070049713, ""210"": 15.11764706, ""213"": 2.676771087}","{""41"": 8.0, ""42"": 84.0, ""47"": 14.0, ""48"": 5.0, ""49"": 1.0, ""53"": 8.0, ""58"": 13.0, ""59"": 52.0, ""60"": 10.5, ""61"": 4.94117647, ""67"": 1.0, ""68"": 1.0, ""71"": 1.0, ""72"": 1.0, ""73"": 1.0, ""107"": 1.0, ""108"": 1.0, ""109"": 2.0, ""155"": 12.0, ""156"": 5.0, ""210"": 17.0, ""213"": 3.0}",2026-08-24T23:49:59-04:00
Rakim Jarrett,4429006,WR,TB,ACTIVE,0.0,16.9,0.0,8.0,169.89199178644765,0.043514468106739354,1512.0,1439.0,{},"{""41"": 9.0, ""42"": 124.0, ""47"": 23.0, ""48"": 10.0, ""49"": 3.0, ""50"": 3.0, ""51"": 1.0, ""53"": 9.0, ""58"": 11.0, ""59"": 18.0, ""60"": 13.77777778, ""61"": 12.4, ""114"": 141.0, ""116"": 12.0, ""117"": 3.0, ""155"": 6.0, ""156"": 4.0, ""210"": 10.0, ""213"": 5.0}",2026-08-24T23:49:59-04:00
Nathan Peterman,2972236,QB,FA,ACTIVE,0.0,0.0,0.0,-0.4,169.90791366906475,0.043353486135676404,1801.0,1870.0,{},{},2026-08-24T23:49:59-04:00
Chris Manhertz,2531358,TE,NYG,QUESTIONABLE,6.87151036,10.5,0.0,2.6,169.91866913123846,0.042486822730087026,1116.0,1003.0,"{""42"": 36.49774955, ""43"": 0.212894106, ""44"": 0.012116707, ""45"": 0.069145482, ""46"": 0.045186573, ""47"": 7.0, ""48"": 3.0, ""49"": 1.0, ""50"": 1.0, ""53"": 3.941384661, ""56"": 0.019471695, ""57"": 0.000602217, ""58"": 5.7639348, ""60"": 9.26013386, ""61"": 2.414248025, ""62"": 0.012116707, ""63"": 0.000198609, ""67"": 0.045138372, ""68"": 0.045138372, ""71"": 0.025277488, ""72"": 0.025277488, ""73"": 0.025277488, ""210"": 15.11764706, ""213"": 0.842181852}","{""41"": 3.0, ""42"": 30.0, ""43"": 1.0, ""47"": 5.0, ""48"": 2.0, ""53"": 3.0, ""58"": 4.0, ""59"": 19.0, ""60"": 10.0, ""61"": 1.76470588, ""108"": 1.0, ""109"": 1.0, ""155"": 3.0, ""156"": 14.0, ""158"": 6.0, ""183"": 1.0, ""210"": 17.0, ""213"": 2.0}",2026-08-24T23:49:59-04:00
Albert Okwuegbunam Jr.,4035115,TE,IND,ACTIVE,0.0,0.0,0.0,0.0,169.89422879441364,0.04230533192436605,1381.0,1183.0,{},{},2026-08-24T23:49:59-04:00
Evan Hull,4569609,RB,PIT,ACTIVE,0.0,0.0,0.0,1.2,170.0,0.04230446139581725,2530.0,2519.0,{},"{""155"": 1.0, ""210"": 1.0}",2026-08-24T23:49:59-04:00
J.J. Taylor,4039607,RB,HOU,ACTIVE,0.0,5.4,,,169.86776180698152,0.0418807608741701,2144.0,1862.0,{},"{""23"": 10.0, ""24"": 44.0, ""27"": 7.0, ""28"": 3.0, ""29"": 1.0, ""33"": 1.0, ""39"": 4.4, ""40"": 8.8, ""41"": 2.0, ""53"": 2.0, ""58"": 3.0, ""59"": 1.0, ""155"": 2.0, ""156"": 3.0, ""210"": 5.0, ""212"": 1.0}",2026-08-24T23:49:59-04:00
Jaelon Darden,4243830,WR,SEA,ACTIVE,0.0,1.1,,,169.94086242299795,0.04181910061699816,2232.0,2218.0,{},"{""41"": 1.0, ""42"": 6.0, ""47"": 1.0, ""53"": 1.0, ""58"": 1.0, ""59"": 9.0, ""60"": 6.0, ""61"": 0.5, ""114"": 296.0, ""115"": 309.0, ""116"": 28.0, ""117"": 10.0, ""118"": 26.0, ""119"": 7.0, ""155"": 5.0, ""156"": 7.0, ""210"": 12.0, ""213"": 1.0}",2026-08-24T23:49:59-04:00
Hunter Renfrow,3135321,WR,LV,ACTIVE,0.0,0.0,110.19895875,36.0,169.7312114989733,0.041698994987647654,1871.0,1720.0,{},{},2026-08-24T23:49:59-04:00
Ashton Dulin,4061956,WR,IND,ACTIVE,5.14597975,18.2,,,169.98316221765913,0.041638473949929734,1137.0,1005.0,"{""42"": 28.87079574, ""43"": 0.169327744, ""44"": 0.012321607, ""45"": 0.103956103, ""46"": 0.067935313, ""47"": 5.0, ""48"": 2.0, ""49"": 1.0, ""50"": 1.0, ""53"": 2.550859493, ""56"": 0.014220653, ""57"": 0.000439814, ""58"": 4.087871898, ""60"": 11.31806586, ""61"": 1.909741352, ""62"": 0.012321607, ""63"": 0.000224476, ""67"": 0.05101719, ""68"": 0.05101719, ""71"": 0.028569626, ""72"": 0.028569626, ""73"": 0.028569626, ""210"": 15.11764706, ""213"": 0.297098876}","{""23"": 5.0, ""24"": 45.0, ""27"": 7.0, ""28"": 2.0, ""39"": 9.0, ""40"": 3.0, ""41"": 2.0, ""42"": 67.0, ""43"": 1.0, ""45"": 1.0, ""46"": 1.0, ""47"": 12.0, ""48"": 6.0, ""49"": 2.0, ""50"": 2.0, ""51"": 1.0, ""53"": 2.0, ""58"": 8.0, ""59"": 43.0, ""60"": 33.5, ""61"": 4.46666667, ""107"": 2.0, ""108"": 8.0, ""109"": 10.0, ""110"": 1.0, ""114"": 148.0, ""116"": 14.0, ""117"": 4.0, ""155"": 7.0, ""156"": 8.0, ""158"": 6.0, ""210"": 15.0, ""212"": 3.0, ""213"": 2.0}",2026-08-24T23:49:59-04:00
Tom Kennedy,3126997,WR,DET,ACTIVE,0.0,0.0,,,169.91848049281313,0.041456760296406756,2075.0,2074.0,{},"{""58"": 1.0, ""114"": 167.0, ""115"": 9.0, ""116"": 16.0, ""117"": 6.0, ""155"": 3.0, ""156"": 1.0, ""210"": 4.0}",2026-08-24T23:49:59-04:00
Derek Watt,2576450,RB,FA,ACTIVE,0.0,0.0,0.0,0.0,169.94045174537987,0.04139734185489142,1776.0,2046.0,{},{},2026-08-24T23:49:59-04:00
Donovan Peoples-Jones,4258195,WR,FA,ACTIVE,0.0,0.0,0.0,22.0,169.92443531827516,0.040972816926554564,2108.0,1945.0,{},{},2026-08-24T23:49:59-04:00
Tucker Fisk,4242558,TE,LAC,ACTIVE,0.0,7.4,,,169.79954816184022,0.040791845988388246,2574.0,2595.0,{},"{""41"": 7.0, ""42"": 39.0, ""47"": 6.0, ""48"": 1.0, ""53"": 7.0, ""58"": 8.0, ""59"": 21.0, ""60"": 5.57142857, ""61"": 4.33333333, ""108"": 1.0, ""109"": 1.0, ""155"": 6.0, ""156"": 3.0, ""210"": 9.0, ""213"": 1.0}",2026-08-24T23:49:59-04:00
Michael Gallup,4036348,WR,FA,ACTIVE,0.0,0.0,131.53033576,70.8,169.870636550308,0.0396407519033613,1932.0,1738.0,{},{},2026-08-24T23:49:59-04:00
Casey Washington,4428796,WR,ATL,ACTIVE,16.02404959,1.9,,,169.97556468172485,0.03945957330402512,1060.0,1556.0,"{""42"": 84.51352639, ""43"": 0.650164699, ""44"": 0.032994557, ""45"": 0.150868784, ""46"": 0.09859275, ""47"": 16.0, ""48"": 8.0, ""49"": 4.0, ""50"": 3.0, ""51"": 1.0, ""53"": 7.387254322, ""56"": 0.038177846, ""57"": 0.001180758, ""58"": 11.12045641, ""60"": 11.44045172, ""61"": 5.590388905, ""62"": 0.032994557, ""63"": 0.000345351, ""67"": 0.078488858, ""68"": 0.078488858, ""71"": 0.04395376, ""72"": 0.04395376, ""73"": 0.04395376, ""210"": 15.11764706, ""213"": 3.130502747}","{""41"": 1.0, ""42"": 14.0, ""47"": 2.0, ""48"": 1.0, ""53"": 1.0, ""58"": 2.0, ""59"": 11.0, ""60"": 14.0, ""61"": 1.75, ""155"": 3.0, ""156"": 5.0, ""210"": 8.0, ""213"": 1.0}",2026-08-24T23:49:59-04:00
Justin Jackson,3116136,RB,DET,ACTIVE,0.0,0.0,0.0,0.0,169.66221765913758,0.03927817725049128,1950.0,1749.0,{},{},2026-08-24T23:49:59-04:00
Lucas Havrisik,4245661,K,FA,ACTIVE,0.0,0.0,,65.0,169.85749639100845,0.03910515002411484,2614.0,2593.0,{},{},2026-08-24T23:49:59-04:00
Ryan Miller,4369466,WR,TB,ACTIVE,0.0,30.8,,,169.96960985626282,0.03891488594246649,2598.0,2599.0,{},"{""41"": 12.0, ""42"": 128.0, ""43"": 2.0, ""47"": 22.0, ""48"": 9.0, ""49"": 2.0, ""50"": 2.0, ""53"": 12.0, ""58"": 20.0, ""59"": 55.0, ""60"": 10.66666667, ""61"": 11.63636364, ""107"": 2.0, ""108"": 5.0, ""109"": 7.0, ""110"": 1.0, ""155"": 7.0, ""156"": 4.0, ""158"": 12.0, ""183"": 1.0, ""184"": 1.0, ""210"": 11.0, ""213"": 7.0}",2026-08-24T23:49:59-04:00
Aaron Shampklin,4248068,RB,PIT,ACTIVE,,1.7,,,169.92566735112936,0.038673177155832926,,2670.0,null,"{""23"": 6.0, ""24"": 17.0, ""27"": 3.0, ""28"": 1.0, ""39"": 2.83333333, ""40"": 5.66666667, ""114"": 101.0, ""116"": 10.0, ""117"": 4.0, ""155"": 1.0, ""156"": 2.0, ""210"": 3.0, ""212"": 1.0}",2026-08-24T23:49:59-04:00
Jaheim Bell,4429262,TE,NE,ACTIVE,6.59782456,3.0,,,169.97247894844938,0.03861354379126898,1124.0,1496.0,"{""42"": 36.26497962, ""43"": 0.200386451, ""44"": 0.010846076, ""45"": 0.090430186, ""46"": 0.059096127, ""47"": 7.0, ""48"": 3.0, ""49"": 1.0, ""50"": 1.0, ""53"": 3.587046809, ""56"": 0.019206796, ""57"": 0.000594025, ""58"": 5.30527841, ""60"": 10.10998226, ""61"": 2.56876939, ""62"": 0.010846076, ""63"": 0.00018153, ""67"": 0.041256839, ""68"": 0.041256839, ""71"": 0.02310383, ""72"": 0.02310383, ""73"": 0.02310383, ""210"": 14.11764706, ""213"": 0.817513126}","{""41"": 2.0, ""42"": 20.0, ""47"": 3.0, ""48"": 1.0, ""53"": 2.0, ""58"": 3.0, ""59"": 5.0, ""60"": 10.0, ""61"": 1.33333333, ""108"": 1.0, ""109"": 1.0, ""155"": 4.0, ""156"": 11.0, ""210"": 15.0, ""213"": 1.0}",2026-08-24T23:49:59-04:00
Taylor Heinicke,2565969,QB,LAC,ACTIVE,39.4185133,2.8,0.0,75.6,169.86187050359712,0.03856300655631745,1017.0,1220.0,"{""0"": 62.71717719, ""1"": 39.50831491, ""2"": 23.20886228, ""3"": 443.4839413, ""4"": 3.090928291, ""5"": 88.0, ""6"": 44.0, ""7"": 22.0, ""8"": 17.0, ""9"": 8.0, ""10"": 4.0, ""11"": 7.0, ""12"": 3.0, ""15"": 0.337472343, ""16"": 0.220538176, ""17"": 0.288539061, ""18"": 0.038974062, ""19"": 0.156182658, ""20"": 1.62963266, ""21"": 0.629944087, ""22"": 110.8709853, ""23"": 9.27576399, ""24"": 52.79063346, ""25"": 0.297883841, ""26"": 0.016567022, ""27"": 10.0, ""28"": 5.0, ""29"": 2.0, ""30"": 2.0, ""31"": 1.0, ""33"": 1.0, ""35"": 0.017740582, ""36"": 0.012418408, ""37"": 0.060739331, ""38"": 0.0020728, ""39"": 5.69124371, ""40"": 13.19765837, ""62"": 0.17274968, ""63"": 0.004052242, ""64"": 4.47254474, ""65"": 0.809245217, ""66"": 0.111718987, ""68"": 0.920964203, ""69"": 0.388437704, ""70"": 0.051390734, ""72"": 0.439828438, ""73"": 2.069461097, ""210"": 4.0, ""211"": 21.53555262, ""212"": 2.811861329}","{""0"": 5.0, ""1"": 3.0, ""2"": 2.0, ""3"": 28.0, ""5"": 4.0, ""6"": 2.0, ""7"": 1.0, ""21"": 0.6, ""22"": 7.0, ""23"": 2.0, ""24"": 20.0, ""27"": 3.0, ""28"": 1.0, ""39"": 10.0, ""40"": 5.0, ""64"": 3.0, ""155"": 1.0, ""156"": 3.0, ""210"": 4.0, ""211"": 1.0, ""212"": 1.0}",2026-08-24T23:49:59-04:00
Darrynton Evans,4036431,RB,BUF,ACTIVE,0.0,0.3,0.0,26.5,169.92464065708418,0.03764347034063709,1376.0,1143.0,{},"{""23"": 3.0, ""24"": 3.0, ""39"": 1.0, ""40"": 0.6, ""155"": 1.0, ""156"": 4.0, ""210"": 5.0}",2026-08-24T23:49:59-04:00
Brevyn Spann-Ford,4360967,TE,DAL,ACTIVE,4.03568394,13.3,,,169.80016430478537,0.037402952049173384,1144.0,994.0,"{""42"": 20.4294532, ""43"": 0.167267399, ""44"": 0.008101386, ""45"": 0.109055311, ""46"": 0.071267646, ""47"": 4.0, ""48"": 2.0, ""49"": 1.0, ""53"": 1.997321135, ""56"": 0.011526976, ""57"": 0.000356504, ""58"": 2.862335984, ""60"": 10.22842689, ""61"": 1.447086269, ""62"": 0.008101386, ""63"": 0.000101079, ""67"": 0.022972423, ""68"": 0.022972423, ""71"": 0.012864557, ""72"": 0.012864557, ""73"": 0.012864557, ""210"": 14.11764706, ""213"": 0.004937615}","{""41"": 9.0, ""42"": 88.0, ""47"": 16.0, ""48"": 8.0, ""49"": 4.0, ""50"": 1.0, ""53"": 9.0, ""58"": 14.0, ""59"": 53.0, ""60"": 9.77777778, ""61"": 5.17647059, ""107"": 1.0, ""108"": 2.0, ""109"": 3.0, ""155"": 7.0, ""156"": 10.0, ""210"": 17.0, ""213"": 6.0}",2026-08-24T23:49:59-04:00
Steven Sims,3917960,WR,BAL,ACTIVE,1.7733827,-2.0,,,169.98932238193018,0.037220438196521495,1159.0,1013.0,"{""101"": 0.146817117, ""102"": 0.148746667, ""114"": 423.2812936, ""115"": 135.6666667, ""116"": 42.0, ""117"": 16.0, ""118"": 13.0, ""119"": 5.0, ""210"": 15.11764706}","{""23"": 1.0, ""68"": 2.0, ""72"": 1.0, ""73"": 1.0, ""114"": 195.0, ""115"": 122.0, ""116"": 17.0, ""117"": 7.0, ""118"": 10.0, ""119"": 2.0, ""155"": 6.0, ""156"": 3.0, ""210"": 9.0}",2026-08-24T23:49:59-04:00
Ben DiNucci,3895785,QB,NO,ACTIVE,0.0,0.0,0.0,0.0,169.94450154162385,0.036925920176953377,2135.0,1916.0,{},{},2026-08-24T23:49:59-04:00
Equanimeous St. Brown,3932442,WR,FA,ACTIVE,0.0,0.0,20.3686434,8.7,169.94373716632444,0.03685717813213389,1933.0,1972.0,{},"{""156"": 2.0, ""210"": 2.0}",2026-08-24T23:49:59-04:00
Dareke Young,4401805,WR,SEA,ACTIVE,6.89257451,0.0,0.0,0.0,169.9570841889117,0.03661509486033006,1121.0,1305.0,"{""42"": 38.36105417, ""43"": 0.235518747, ""44"": 0.012641689, ""45"": 0.121604483, ""46"": 0.079468529, ""47"": 7.0, ""48"": 3.0, ""49"": 1.0, ""50"": 1.0, ""53"": 3.387925538, ""56"": 0.020149748, ""57"": 0.000623188, ""58"": 5.245905851, ""60"": 11.32287405, ""61"": 2.717241337, ""62"": 0.012641689, ""63"": 0.000298137, ""67"": 0.067758511, ""68"": 0.067758511, ""71"": 0.037944766, ""72"": 0.037944766, ""73"": 0.037944766, ""210"": 14.11764706, ""213"": 0.844294481}","{""58"": 1.0, ""107"": 1.0, ""108"": 6.0, ""109"": 7.0, ""155"": 8.0, ""156"": 6.0, ""210"": 14.0}",2026-08-24T23:49:59-04:00
Reggie Gilliam,4039505,RB,BUF,ACTIVE,0.0,0.7,0.0,0.8,169.9611909650924,0.03564704223357467,1391.0,1155.0,{},"{""23"": 3.0, ""24"": 7.0, ""39"": 2.33333333, ""40"": 0.46666667, ""107"": 3.0, ""108"": 1.0, ""109"": 4.0, ""155"": 11.0, ""156"": 4.0, ""210"": 15.0, ""212"": 1.0}",2026-08-24T23:49:59-04:00
Collin Johnson,4039043,WR,CHI,ACTIVE,0.0,1.1,,,169.92813141683777,0.03546519931926184,2111.0,1841.0,{},"{""41"": 1.0, ""42"": 6.0, ""47"": 1.0, ""53"": 1.0, ""58"": 2.0, ""59"": 3.0, ""60"": 6.0, ""61"": 0.66666667, ""107"": 2.0, ""108"": 3.0, ""109"": 5.0, ""155"": 1.0, ""156"": 8.0, ""210"": 9.0, ""213"": 1.0}",2026-08-24T23:49:59-04:00
Cole Beasley,15349,WR,FA,ACTIVE,0.0,0.0,0.0,0.0,169.9511293634497,0.0348002495934423,1996.0,1784.0,{},{},2026-08-24T23:49:59-04:00
Ian Thomas,4045305,TE,CAR,QUESTIONABLE,21.36006818,2.2,0.0,8.1,169.89710412815774,0.034739958699394044,1009.0,1120.0,"{""42"": 119.9539448, ""43"": 0.640332526, ""44"": 0.033909544, ""45"": 0.087248598, ""46"": 0.057016959, ""47"": 23.0, ""48"": 11.0, ""49"": 5.0, ""50"": 4.0, ""51"": 2.0, ""53"": 11.20235497, ""56"": 0.046223274, ""57"": 0.001429586, ""58"": 16.86864854, ""60"": 10.70792214, ""61"": 10.45752339, ""62"": 0.033909544, ""63"": 0.000574821, ""67"": 0.1306411, ""68"": 0.1306411, ""71"": 0.073159016, ""72"": 0.073159016, ""73"": 0.073159016, ""210"": 11.47058824, ""213"": 5.243897245}","{""41"": 3.0, ""42"": 7.0, ""53"": 3.0, ""58"": 6.0, ""59"": 6.0, ""60"": 2.33333333, ""61"": 1.4, ""155"": 2.0, ""156"": 3.0, ""210"": 5.0, ""213"": 1.0}",2026-08-24T23:49:59-04:00
Myles Gaskin,3886818,RB,FA,ACTIVE,20.93830746,1.5,0.0,0.0,169.94271047227926,0.03461805452585672,1936.0,433.0,"{""23"": 28.45166116, ""24"": 112.1340785, ""25"": 0.611198559, ""26"": 0.033295423, ""27"": 22.0, ""28"": 11.0, ""29"": 5.0, ""30"": 4.0, ""31"": 2.0, ""33"": 5.0, ""34"": 2.0, ""35"": 0.053037999, ""36"": 0.0371266, ""37"": 0.033897018, ""38"": 0.001156775, ""39"": 3.941213761, ""40"": 8.510175599, ""42"": 28.33787435, ""43"": 0.211170183, ""44"": 0.010922375, ""45"": 0.032835922, ""46"": 0.021458275, ""47"": 5.0, ""48"": 2.0, ""49"": 1.0, ""50"": 1.0, ""53"": 4.26683105, ""56"": 0.015483143, ""57"": 0.00047886, ""58"": 5.567496602, ""60"": 6.641433425, ""61"": 2.15064225, ""62"": 0.044217798, ""63"": 0.001232225, ""66"": 0.243529591, ""67"": 0.03652158, ""68"": 0.280051171, ""70"": 0.112023612, ""71"": 0.020452085, ""72"": 0.132475697, ""73"": 0.132475697, ""210"": 13.17647059, ""212"": 7.920529857, ""213"": 0.758269533}","{""23"": 3.0, ""24"": -1.0, ""39"": -0.33333333, ""40"": -0.2, ""41"": 1.0, ""42"": 11.0, ""47"": 2.0, ""48"": 1.0, ""53"": 1.0, ""58"": 1.0, ""59"": 13.0, ""60"": 11.0, ""61"": 2.2, ""114"": 60.0, ""116"": 5.0, ""117"": 1.0, ""155"": 5.0, ""210"": 5.0}",2026-08-24T23:49:59-04:00
Deven Thompkins,4374187,WR,CAR,ACTIVE,0.0,4.7,58.22061313,26.4,169.92381930184806,0.03461790786794842,2436.0,2329.0,{},"{""23"": 2.0, ""24"": 7.0, ""27"": 1.0, ""39"": 3.5, ""40"": 1.0, ""41"": 4.0, ""42"": 20.0, ""47"": 3.0, ""48"": 1.0, ""53"": 4.0, ""58"": 4.0, ""59"": 28.0, ""60"": 5.0, ""61"": 2.85714286, ""114"": 134.0, ""115"": 19.0, ""116"": 12.0, ""117"": 4.0, ""118"": 1.0, ""155"": 3.0, ""156"": 4.0, ""210"": 7.0, ""213"": 2.0}",2026-08-24T23:49:59-04:00
Xavier Smith,4386544,WR,LAR,ACTIVE,,5.2,,,169.99137577002054,0.0344968662320465,,2636.0,null,"{""23"": 4.0, ""24"": 36.0, ""27"": 7.0, ""28"": 3.0, ""29"": 1.0, ""30"": 1.0, ""39"": 9.0, ""40"": 2.4, ""41"": 2.0, ""42"": 6.0, ""47"": 1.0, ""53"": 2.0, ""58"": 2.0, ""59"": 5.0, ""60"": 3.0, ""61"": 0.4, ""107"": 2.0, ""108"": 4.0, ""109"": 6.0, ""110"": 1.0, ""114"": 155.0, ""115"": 149.0, ""116"": 14.0, ""117"": 4.0, ""118"": 10.0, ""119"": 2.0, ""155"": 10.0, ""156"": 5.0, ""210"": 15.0, ""212"": 1.0, ""213"": 1.0}",2026-08-24T23:49:59-04:00
Kyle Allen,3115293,QB,DET,ACTIVE,0.0,0.6,18.41184395,-1.3,169.81973278520042,0.03401605970333873,1344.0,1219.0,{},"{""0"": 1.0, ""1"": 1.0, ""3"": 19.0, ""5"": 3.0, ""6"": 1.0, ""21"": 1.0, ""22"": 19.0, ""156"": 1.0, ""210"": 1.0, ""211"": 1.0}",2026-08-24T23:49:59-04:00
Christopher Dunn,4361665,K,FA,ACTIVE,0.0,0.0,0.0,0.0,169.8290369148278,0.03389178217391574,2526.0,2512.0,{},{},2026-08-24T23:49:59-04:00
DeVante Parker,2576623,WR,PHI,ACTIVE,0.0,0.0,0.0,55.9,169.97433264887064,0.03389151447258449,1977.0,1767.0,{},{},2026-08-24T23:49:59-04:00
Luke Farrell,4040612,TE,SF,ACTIVE,22.10928074,12.7,7.25370475,22.0,169.97987266379133,0.033771720118382594,1042.0,1000.0,"{""42"": 114.850833, ""43"": 0.776218793, ""44"": 0.047896245, ""45"": 0.092300838, ""46"": 0.060318597, ""47"": 22.0, ""48"": 11.0, ""49"": 5.0, ""50"": 4.0, ""51"": 2.0, ""53"": 12.05134239, ""56"": 0.047666905, ""57"": 0.001474234, ""58"": 16.89886242, ""60"": 9.53012779, ""61"": 7.597136812, ""62"": 0.047896245, ""63"": 0.000607275, ""67"": 0.138016972, ""68"": 0.138016972, ""71"": 0.077289504, ""72"": 0.077289504, ""73"": 0.077289504, ""210"": 15.11764706, ""213"": 5.081731632}","{""41"": 12.0, ""42"": 67.0, ""47"": 10.0, ""48"": 3.0, ""53"": 12.0, ""58"": 17.0, ""59"": 30.0, ""60"": 5.58333333, ""61"": 3.94117647, ""108"": 4.0, ""109"": 4.0, ""155"": 4.0, ""156"": 13.0, ""210"": 17.0, ""213"": 4.0}",2026-08-24T23:49:59-04:00
Phillip Lindsay,3052117,RB,FA,ACTIVE,0.0,0.0,0.0,0.0,169.97104722792608,0.03352942600527756,1957.0,1753.0,{},{},2026-08-24T23:49:59-04:00
Adam Prentice,3929914,RB,NO,ACTIVE,8.68595198,0.0,0.0,1.4,170.11149897330594,0.03352867518763046,1093.0,403.0,"{""23"": 4.243167036, ""24"": 18.35005474, ""25"": 0.10223048, ""26"": 0.005881589, ""27"": 3.0, ""28"": 1.0, ""35"": 0.007799594, ""36"": 0.005459715, ""37"": 0.000740447, ""38"": 2.52686e-05, ""39"": 4.324612861, ""40"": 1.294402201, ""42"": 31.90083856, ""43"": 0.144796414, ""44"": 0.007243476, ""45"": 0.042293542, ""46"": 0.02763883, ""47"": 6.0, ""48"": 3.0, ""49"": 1.0, ""50"": 1.0, ""53"": 4.456420997, ""56"": 0.017315234, ""57"": 0.000535523, ""58"": 5.746800636, ""60"": 7.158398764, ""61"": 2.25026662, ""62"": 0.013125064, ""63"": 0.000326021, ""66"": 0.036139738, ""67"": 0.037956057, ""68"": 0.074095795, ""70"": 0.01662428, ""71"": 0.021255392, ""72"": 0.037879671, ""73"": 0.037879671, ""210"": 14.17647059, ""212"": 3.025584162, ""213"": 0.804964633}","{""58"": 4.0, ""107"": 3.0, ""108"": 5.0, ""109"": 8.0, ""155"": 5.0, ""156"": 12.0, ""210"": 17.0}",2026-08-24T23:49:59-04:00
Byron Pringle,4036416,WR,FA,ACTIVE,0.0,0.0,9.19396523,21.1,170.0,0.0335286548957283,1101.0,1978.0,{},{},2026-08-24T23:49:59-04:00
Bryce Ford-Wheaton,4362227,WR,NYG,ACTIVE,13.14355706,0.0,,,169.88809034907598,0.03334697069097828,1071.0,1465.0,"{""42"": 74.78257184, ""43"": 0.363359969, ""44"": 0.02067145, ""45"": 0.086653827, ""46"": 0.056628276, ""47"": 14.0, ""48"": 7.0, ""49"": 3.0, ""50"": 2.0, ""51"": 1.0, ""53"": 7.055514012, ""56"": 0.034827037, ""57"": 0.001077125, ""58"": 11.20278926, ""60"": 10.59916708, ""61"": 4.946707087, ""62"": 0.02067145, ""63"": 0.000329842, ""67"": 0.074964149, ""68"": 0.074964149, ""71"": 0.041979924, ""72"": 0.041979924, ""73"": 0.041979924, ""210"": 15.11764706, ""213"": 2.669267703}","{""93"": 1.0, ""105"": 1.0, ""107"": 1.0, ""108"": 4.0, ""109"": 5.0, ""155"": 3.0, ""156"": 11.0, ""158"": 6.0, ""210"": 14.0}",2026-08-24T23:49:59-04:00
Justyn Ross,4360306,WR,KC,ACTIVE,0.0,0.0,0.0,8.3,169.97022587268995,0.032983965556267016,2430.0,2330.0,{},"{""58"": 1.0, ""155"": 2.0, ""210"": 2.0}",2026-08-24T23:49:59-04:00
Tip Reiman,4696700,TE,ARI,ACTIVE,13.63946111,6.7,,,170.00800985828712,0.0325611459586655,1066.0,1513.0,"{""42"": 74.19308312, ""43"": 0.407429574, ""44"": 0.038556395, ""45"": 0.09713271, ""46"": 0.063476226, ""47"": 14.0, ""48"": 7.0, ""49"": 3.0, ""50"": 2.0, ""51"": 1.0, ""53"": 7.592536368, ""56"": 0.034639212, ""57"": 0.001071316, ""58"": 10.82520301, ""60"": 9.771844285, ""61"": 5.075583151, ""62"": 0.038556395, ""63"": 0.000384236, ""67"": 0.087326447, ""68"": 0.087326447, ""71"": 0.04890281, ""72"": 0.04890281, ""73"": 0.04890281, ""210"": 14.61764706, ""213"": 2.793437768}","{""41"": 6.0, ""42"": 37.0, ""47"": 5.0, ""48"": 1.0, ""53"": 6.0, ""58"": 7.0, ""59"": 29.0, ""60"": 6.16666667, ""61"": 2.17647059, ""155"": 8.0, ""156"": 9.0, ""210"": 17.0, ""213"": 1.0}",2026-08-24T23:49:59-04:00
Chris Evans,4046530,RB,CIN,QUESTIONABLE,0.0,0.0,0.0,1.6,169.77371663244352,0.032560456233723556,1406.0,1268.0,{},{},2026-08-24T23:49:59-04:00
Nate Adkins,4383440,TE,DEN,ACTIVE,6.52246124,36.5,0.0,4.2,169.91743684534813,0.03237969581242775,1125.0,962.0,"{""42"": 35.611267, ""43"": 0.197192607, ""44"": 0.010833276, ""45"": 0.080547491, ""46"": 0.052637785, ""47"": 7.0, ""48"": 3.0, ""49"": 1.0, ""50"": 1.0, ""53"": 3.60551854, ""56"": 0.018907671, ""57"": 0.000584773, ""58"": 5.349362106, ""60"": 9.876878071, ""61"": 2.522464746, ""62"": 0.010833276, ""63"": 0.000181684, ""67"": 0.041291894, ""68"": 0.041291894, ""71"": 0.023123461, ""72"": 0.023123461, ""73"": 0.023123461, ""210"": 14.11764706, ""213"": 0.8023906}","{""41"": 14.0, ""42"": 115.0, ""43"": 3.0, ""47"": 20.0, ""48"": 6.0, ""49"": 1.0, ""50"": 1.0, ""53"": 14.0, ""58"": 15.0, ""59"": 76.0, ""60"": 8.21428571, ""61"": 6.76470588, ""107"": 3.0, ""108"": 2.0, ""109"": 5.0, ""155"": 10.0, ""156"": 7.0, ""158"": 18.0, ""183"": 1.0, ""184"": 2.0, ""210"": 17.0, ""213"": 6.0}",2026-08-24T23:49:59-04:00
Michael Pratt,4685039,QB,TB,ACTIVE,0.0,0.0,,,169.80041109969167,0.03231819047237916,2641.0,2651.0,{},{},2026-08-24T23:49:59-04:00
Ben Skowronek,4035656,WR,PIT,ACTIVE,0.0,9.4,43.07254939,17.5,169.93634496919918,0.03231782340064599,2294.0,1253.0,{},"{""41"": 5.0, ""42"": 69.0, ""47"": 12.0, ""48"": 5.0, ""49"": 2.0, ""50"": 1.0, ""53"": 5.0, ""58"": 5.0, ""59"": 29.0, ""60"": 13.8, ""61"": 6.9, ""96"": 2.0, ""107"": 3.0, ""108"": 4.0, ""109"": 7.0, ""155"": 6.0, ""156"": 4.0, ""210"": 10.0, ""213"": 4.0}",2026-08-24T23:49:59-04:00
Khari Blasingame,3122154,RB,FA,ACTIVE,2.80656506,0.0,0.0,4.3,169.86488706365503,0.03225773262636649,1156.0,1157.0,"{""42"": 14.02016763, ""43"": 0.063830369, ""44"": 0.003215141, ""45"": 0.034253715, ""46"": 0.022384803, ""47"": 2.0, ""48"": 1.0, ""53"": 2.069759388, ""56"": 0.008149664, ""57"": 0.000252051, ""58"": 2.794060987, ""60"": 6.773815215, ""61"": 0.98897448, ""62"": 0.003215141, ""63"": 7.75653e-05, ""67"": 0.017628475, ""68"": 0.017628475, ""71"": 0.009871946, ""72"": 0.009871946, ""73"": 0.009871946, ""210"": 14.17647059, ""213"": -0.265221303}","{""108"": 1.0, ""109"": 1.0, ""155"": 4.0, ""156"": 1.0, ""210"": 5.0}",2026-08-24T23:49:59-04:00
Anthony Gould,4429684,WR,IND,ACTIVE,12.05903396,2.8,,,169.97392197125257,0.032136671028216116,1083.0,1498.0,"{""42"": 57.04207503, ""43"": 0.285488323, ""44"": 0.020796352, ""45"": 0.106345931, ""46"": 0.069497066, ""47"": 11.0, ""48"": 5.0, ""49"": 2.0, ""50"": 2.0, ""51"": 1.0, ""53"": 5.084732133, ""56"": 0.02824752, ""57"": 0.000873635, ""58"": 8.143240727, ""60"": 11.21830483, ""61"": 3.773211189, ""62"": 0.020796352, ""63"": 0.000237709, ""67"": 0.054024784, ""68"": 0.054024784, ""71"": 0.030253879, ""72"": 0.030253879, ""73"": 0.030253879, ""101"": 0.216274251, ""102"": 0.1368, ""114"": 709.6498861, ""115"": 220.8, ""116"": 70.0, ""117"": 28.0, ""118"": 22.0, ""119"": 8.0, ""210"": 15.11764706, ""213"": 1.699005272}","{""41"": 1.0, ""42"": 23.0, ""47"": 4.0, ""48"": 2.0, ""49"": 1.0, ""53"": 1.0, ""58"": 1.0, ""59"": 5.0, ""60"": 23.0, ""61"": 2.875, ""114"": 206.0, ""115"": 95.0, ""116"": 19.0, ""117"": 7.0, ""118"": 6.0, ""119"": 1.0, ""155"": 4.0, ""156"": 4.0, ""210"": 8.0, ""213"": 1.0}",2026-08-24T23:49:59-04:00
Colt McCoy,13199,QB,FA,ACTIVE,0.0,0.0,0.0,0.0,169.94224049331962,0.032076372083490734,1617.0,1600.0,{},{},2026-08-24T23:49:59-04:00
Ryan Tannehill,14876,QB,FA,ACTIVE,0.0,0.0,245.22705145,87.2,169.9103802672148,0.031894232419213915,2007.0,1794.0,{},{},2026-08-24T23:49:59-04:00
Gunner Olszewski,4424106,WR,NYG,QUESTIONABLE,8.99281345,0.0,0.0,2.5,169.9322381930185,0.03165238778835144,1094.0,1211.0,"{""42"": 36.03917966, ""43"": 0.141149504, ""44"": 0.00802689, ""45"": 0.079055568, ""46"": 0.051662813, ""47"": 7.0, ""48"": 3.0, ""49"": 1.0, ""50"": 1.0, ""53"": 3.356324311, ""56"": 0.019099545, ""57"": 0.000590708, ""58"": 5.438854461, ""60"": 10.73769288, ""61"": 2.383914608, ""62"": 0.00802689, ""63"": 0.000295357, ""67"": 0.067126486, ""68"": 0.067126486, ""71"": 0.037590832, ""72"": 0.037590832, ""73"": 0.037590832, ""101"": 0.253836616, ""102"": 0.233324082, ""114"": 1085.315353, ""115"": 322.3469388, ""116"": 108.0, ""117"": 43.0, ""118"": 32.0, ""119"": 12.0, ""210"": 15.11764706, ""213"": 0.734474272}",{},2026-08-24T23:49:59-04:00
Sean Clifford,4259592,QB,GB,ACTIVE,0.0,0.0,0.0,1.2,169.85693730729702,0.031651191740130376,2528.0,2515.0,{},{},2026-08-24T23:49:59-04:00
Antoine Green,4373266,WR,DET,QUESTIONABLE,0.0,0.0,0.0,0.7,169.72032854209445,0.03134978369859664,1496.0,1419.0,{},{},2026-08-24T23:49:59-04:00
Terrace Marshall Jr.,4362630,WR,LV,ACTIVE,0.0,5.6,0.0,23.4,169.9889117043121,0.0311678062584955,2211.0,2283.0,{},"{""41"": 3.0, ""42"": 41.0, ""47"": 7.0, ""48"": 2.0, ""49"": 1.0, ""50"": 1.0, ""53"": 3.0, ""58"": 6.0, ""59"": 4.0, ""60"": 13.66666667, ""61"": 5.85714286, ""155"": 2.0, ""156"": 5.0, ""210"": 7.0, ""213"": 1.0}",2026-08-24T23:49:59-04:00
Case Keenum,15168,QB,HOU,QUESTIONABLE,0.0,0.0,0.0,11.5,169.9288797533402,0.031044960014455312,1368.0,1223.0,{},{},2026-08-24T23:49:59-04:00
Matthew Slater,11387,WR,NE,,0.0,0.0,0.0,0.0,169.96858316221767,0.030865729236139772,1623.0,2051.0,{},{},2026-08-24T23:49:59-04:00
Cornelius Johnson,4426479,WR,GB,ACTIVE,0.0,0.0,,,169.97741273100615,0.030744910446370104,2627.0,2622.0,{},{},2026-08-24T23:49:59-04:00
James Proche II,3916204,WR,CLE,ACTIVE,0.0,1.6,0.0,-2.0,169.9082135523614,0.030381560934396406,2121.0,1024.0,{},"{""41"": 3.0, ""42"": 21.0, ""47"": 3.0, ""48"": 1.0, ""53"": 3.0, ""58"": 3.0, ""59"": 4.0, ""60"": 7.0, ""61"": 2.33333333, ""68"": 1.0, ""72"": 1.0, ""73"": 1.0, ""108"": 1.0, ""109"": 1.0, ""114"": 19.0, ""115"": 172.0, ""116"": 1.0, ""118"": 14.0, ""119"": 5.0, ""155"": 1.0, ""156"": 8.0, ""210"": 9.0, ""213"": 1.0}",2026-08-24T23:49:59-04:00
Jalen Reagor,4241802,WR,LAC,QUESTIONABLE,0.0,11.2,0.0,25.0,169.95687885010267,0.029957913670370956,2081.0,2086.0,{},"{""23"": 3.0, ""24"": -3.0, ""39"": -1.0, ""40"": -0.375, ""41"": 7.0, ""42"": 100.0, ""47"": 19.0, ""48"": 9.0, ""49"": 4.0, ""50"": 2.0, ""53"": 7.0, ""58"": 12.0, ""59"": 26.0, ""60"": 14.28571429, ""61"": 12.5, ""67"": 1.0, ""68"": 1.0, ""71"": 1.0, ""72"": 1.0, ""73"": 1.0, ""114"": 22.0, ""116"": 2.0, ""155"": 5.0, ""156"": 3.0, ""210"": 8.0, ""213"": 3.0}",2026-08-24T23:49:59-04:00
Ko Kieft,4034779,TE,TB,ACTIVE,14.98632067,0.0,0.0,6.7,169.8878619839803,0.02977710745662347,1063.0,1306.0,"{""42"": 75.90268914, ""43"": 0.61657373, ""44"": 0.028939271, ""45"": 0.085204929, ""46"": 0.055681421, ""47"": 15.0, ""48"": 7.0, ""49"": 3.0, ""50"": 3.0, ""51"": 1.0, ""53"": 7.469068744, ""56"": 0.035235388, ""57"": 0.001089754, ""58"": 11.43690578, ""60"": 10.16226945, ""61"": 5.020800449, ""62"": 0.028939271, ""63"": 0.000376371, ""67"": 0.085538874, ""68"": 0.085538874, ""71"": 0.047901769, ""72"": 0.047901769, ""73"": 0.047901769, ""210"": 15.11764706, ""213"": 2.897961961}","{""108"": 3.0, ""109"": 3.0, ""155"": 10.0, ""156"": 7.0, ""210"": 17.0}",2026-08-24T23:49:59-04:00
Clayton Tune,4360175,QB,ARI,ACTIVE,34.17177283,-2.2,0.0,7.2,169.8906474820144,0.029650272309556122,1034.0,1396.0,"{""0"": 71.04332522, ""1"": 45.69448179, ""2"": 25.34884343, ""3"": 492.4581583, ""4"": 2.271501627, ""5"": 98.0, ""6"": 49.0, ""7"": 24.0, ""8"": 19.0, ""9"": 9.0, ""10"": 4.0, ""11"": 9.0, ""12"": 4.0, ""15"": 0.409592759, ""16"": 0.267668868, ""17"": 0.423949406, ""18"": 0.057264449, ""19"": 0.215209698, ""20"": 1.781799114, ""21"": 0.643191766, ""22"": 123.1145396, ""23"": 7.066072879, ""24"": 29.07561609, ""25"": 0.366036398, ""26"": 0.025127107, ""27"": 5.0, ""28"": 2.0, ""29"": 1.0, ""30"": 1.0, ""33"": 1.0, ""35"": 0.013382026, ""36"": 0.009367418, ""37"": 0.018434484, ""38"": 0.000629098, ""39"": 4.11481973, ""40"": 7.268904023, ""62"": 0.240336805, ""63"": 0.004958807, ""64"": 5.078283216, ""65"": 1.031272518, ""66"": 0.095729017, ""68"": 1.127001535, ""69"": 0.495010808, ""70"": 0.044035348, ""72"": 0.539046156, ""73"": 2.320845271, ""210"": 4.0, ""211"": 23.95012858, ""212"": 1.92767825}","{""0"": 2.0, ""1"": 2.0, ""3"": 8.0, ""5"": 1.0, ""21"": 1.0, ""22"": 1.33333333, ""23"": 7.0, ""24"": -4.0, ""39"": -0.57142857, ""40"": -0.66666667, ""66"": 1.0, ""68"": 1.0, ""70"": 1.0, ""72"": 1.0, ""73"": 1.0, ""155"": 6.0, ""210"": 6.0, ""212"": 2.0}",2026-08-24T23:49:59-04:00
Colson Yankoff,4361088,TE,WSH,ACTIVE,3.18445002,0.0,,,169.96077223249128,0.029535017152098074,1155.0,1469.0,"{""42"": 17.44751864, ""43"": 0.093124822, ""44"": 0.005071308, ""45"": 0.08238142, ""46"": 0.053836258, ""47"": 3.0, ""48"": 1.0, ""53"": 1.787670074, ""56"": 0.009965238, ""57"": 0.000308203, ""58"": 2.612590943, ""60"": 9.759920968, ""61"": 1.235865903, ""62"": 0.005071308, ""63"": 9.04688e-05, ""67"": 0.020561097, ""68"": 0.020561097, ""71"": 0.011514214, ""72"": 0.011514214, ""73"": 0.011514214, ""210"": 14.11764706, ""213"": -0.155396891}","{""107"": 2.0, ""108"": 2.0, ""109"": 4.0, ""155"": 4.0, ""156"": 2.0, ""210"": 6.0}",2026-08-24T23:49:59-04:00
Jake Funk,4036224,RB,FA,ACTIVE,0.0,0.0,0.0,2.7,169.97043121149898,0.02953394466984923,2279.0,2277.0,{},{},2026-08-24T23:49:59-04:00
Tim Boyle,3045169,QB,NYG,ACTIVE,0.0,15.5,0.0,12.5,169.70791366906474,0.028618999862968345,1917.0,1130.0,{},"{""0"": 50.0, ""1"": 27.0, ""2"": 23.0, ""3"": 276.0, ""4"": 1.0, ""5"": 53.0, ""6"": 26.0, ""7"": 12.0, ""8"": 9.0, ""9"": 4.0, ""10"": 1.0, ""11"": 4.0, ""12"": 1.0, ""13"": 4.0, ""14"": 1.0, ""20"": 1.0, ""21"": 0.54, ""22"": 92.0, ""23"": 3.0, ""24"": 9.0, ""27"": 1.0, ""39"": 3.0, ""40"": 3.0, ""64"": 2.0, ""73"": 1.0, ""156"": 3.0, ""158"": 6.0, ""177"": 1.0, ""210"": 3.0, ""211"": 11.0, ""212"": 1.0}",2026-08-24T23:49:59-04:00
Damien Harris,3925347,RB,BUF,,0.0,0.0,97.1537566,18.0,169.94045174537987,0.02850552952803679,1949.0,1748.0,{},{},2026-08-24T23:49:59-04:00
Simi Fehoko,4360739,WR,ARI,ACTIVE,7.94517982,13.6,,,169.97104722792608,0.02850540876514085,1126.0,1006.0,"{""42"": 45.40838543, ""43"": 0.259635099, ""44"": 0.013131611, ""45"": 0.125957312, ""46"": 0.082313104, ""47"": 9.0, ""48"": 4.0, ""49"": 2.0, ""50"": 1.0, ""53"": 3.81128028, ""56"": 0.023049737, ""57"": 0.000712878, ""58"": 6.242447378, ""60"": 11.91420785, ""61"": 3.003667519, ""62"": 0.013131611, ""63"": 0.000335393, ""67"": 0.076225606, ""68"": 0.076225606, ""71"": 0.042686339, ""72"": 0.042686339, ""73"": 0.042686339, ""210"": 15.11764706, ""213"": 1.077360285}","{""41"": 6.0, ""42"": 106.0, ""47"": 20.0, ""48"": 9.0, ""49"": 4.0, ""50"": 2.0, ""53"": 6.0, ""58"": 16.0, ""59"": 16.0, ""60"": 17.66666667, ""61"": 13.25, ""107"": 1.0, ""108"": 1.0, ""109"": 2.0, ""155"": 5.0, ""156"": 3.0, ""210"": 8.0, ""213"": 6.0}",2026-08-24T23:49:59-04:00
Josh Lambo,2998120,K,FA,,0.0,0.0,0.0,0.0,169.90451639513302,0.028305224672720838,1971.0,2125.0,{},{},2026-08-24T23:49:59-04:00
Ross Dwelley,3120303,TE,FA,ACTIVE,7.94794611,1.0,16.73359754,1.7,169.88170055452866,0.02814299790107706,1099.0,1107.0,"{""42"": 40.2608214, ""43"": 0.325093548, ""44"": 0.016495767, ""45"": 0.1319816, ""46"": 0.086249976, ""47"": 8.0, ""48"": 4.0, ""49"": 2.0, ""50"": 1.0, ""53"": 3.978689249, ""56"": 0.020991791, ""57"": 0.000649231, ""58"": 5.392010769, ""60"": 10.11911685, ""61"": 2.851808183, ""62"": 0.016495767, ""63"": 0.000200489, ""67"": 0.0455656, ""68"": 0.0455656, ""71"": 0.025516736, ""72"": 0.025516736, ""73"": 0.025516736, ""210"": 14.11764706, ""213"": 1.067965674}","{""41"": 1.0, ""42"": 5.0, ""47"": 1.0, ""53"": 1.0, ""58"": 1.0, ""59"": 4.0, ""60"": 5.0, ""61"": 0.29411765, ""107"": 1.0, ""109"": 1.0, ""155"": 8.0, ""156"": 9.0, ""210"": 17.0}",2026-08-24T23:49:59-04:00
Tim Jones,4245131,WR,JAX,ACTIVE,6.44448485,5.6,0.0,13.8,169.9135523613963,0.027960719425679563,1129.0,1307.0,"{""42"": 37.8768701, ""43"": 0.177664988, ""44"": 0.010957357, ""45"": 0.09166999, ""46"": 0.059906339, ""47"": 7.0, ""48"": 3.0, ""49"": 1.0, ""50"": 1.0, ""53"": 3.284952256, ""56"": 0.019934172, ""57"": 0.000616521, ""58"": 5.514827868, ""60"": 11.53041723, ""61"": 2.682944966, ""62"": 0.010957357, ""63"": 0.000289076, ""67"": 0.065699045, ""68"": 0.065699045, ""71"": 0.036791465, ""72"": 0.036791465, ""73"": 0.036791465, ""210"": 14.11764706, ""213"": 0.783814273}","{""41"": 3.0, ""42"": 41.0, ""47"": 8.0, ""48"": 4.0, ""49"": 1.0, ""53"": 3.0, ""58"": 5.0, ""59"": 17.0, ""60"": 13.66666667, ""61"": 2.41176471, ""107"": 2.0, ""108"": 1.0, ""109"": 3.0, ""114"": 43.0, ""116"": 4.0, ""155"": 4.0, ""156"": 13.0, ""210"": 17.0, ""213"": 3.0}",2026-08-24T23:49:59-04:00
Hunter Long,4239944,TE,JAX,ACTIVE,2.31029776,9.5,0.0,0.0,169.9260628465804,0.027900907596551665,1158.0,1019.0,"{""42"": 12.41448169, ""43"": 0.078854934, ""44"": 0.00422369, ""45"": 0.033982079, ""46"": 0.022207289, ""47"": 2.0, ""48"": 1.0, ""53"": 1.205469626, ""56"": 0.00648729, ""57"": 0.000200638, ""58"": 1.741036955, ""60"": 10.2984608, ""61"": 2.740859594, ""62"": 0.00422369, ""63"": 6.07444e-05, ""67"": 0.013805538, ""68"": 0.013805538, ""71"": 0.007731101, ""72"": 0.007731101, ""73"": 0.007731101, ""210"": 4.529411765, ""213"": 0.311203951}","{""41"": 7.0, ""42"": 60.0, ""47"": 10.0, ""48"": 3.0, ""53"": 7.0, ""58"": 9.0, ""59"": 30.0, ""60"": 8.57142857, ""61"": 3.52941176, ""107"": 1.0, ""108"": 2.0, ""109"": 3.0, ""155"": 10.0, ""156"": 7.0, ""210"": 17.0, ""213"": 2.0}",2026-08-24T23:49:59-04:00
Shane Zylstra,4608362,TE,DET,ACTIVE,0.0,2.7,,,169.6299034709386,0.02777986244428897,2324.0,2326.0,{},"{""41"": 1.0, ""42"": 22.0, ""47"": 4.0, ""48"": 2.0, ""49"": 1.0, ""53"": 1.0, ""58"": 1.0, ""59"": 13.0, ""60"": 22.0, ""61"": 1.83333333, ""108"": 1.0, ""109"": 1.0, ""155"": 11.0, ""156"": 1.0, ""210"": 12.0, ""213"": 1.0}",2026-08-24T23:49:59-04:00
Blake Watson,4361604,RB,DEN,ACTIVE,14.06012879,2.8,,,170.0164271047228,0.027416146233971688,1073.0,405.0,"{""23"": 14.63689904, ""24"": 60.27900257, ""25"": 0.412231545, ""26"": 0.024924779, ""27"": 12.0, ""28"": 6.0, ""29"": 3.0, ""30"": 2.0, ""31"": 1.0, ""33"": 2.0, ""34"": 1.0, ""35"": 0.027070619, ""36"": 0.018949433, ""37"": 0.009598072, ""38"": 0.000327545, ""39"": 4.118290522, ""40"": 4.574745731, ""42"": 28.26981661, ""43"": 0.135846499, ""44"": 0.007467445, ""45"": 0.035141591, ""46"": 0.02296503, ""47"": 5.0, ""48"": 2.0, ""49"": 1.0, ""50"": 1.0, ""53"": 3.998341944, ""56"": 0.015452123, ""57"": 0.000477901, ""58"": 5.349362106, ""60"": 7.070384925, ""61"": 2.145477153, ""62"": 0.032392224, ""63"": 0.000672521, ""66"": 0.120051343, ""67"": 0.032794263, ""68"": 0.152845606, ""70"": 0.055223618, ""71"": 0.018364787, ""72"": 0.073588405, ""73"": 0.073588405, ""210"": 13.17647059, ""212"": 5.182005486, ""213"": 0.664394218}","{""23"": 4.0, ""24"": 10.0, ""27"": 2.0, ""28"": 1.0, ""39"": 2.5, ""40"": 5.0, ""41"": 1.0, ""42"": 13.0, ""47"": 2.0, ""48"": 1.0, ""53"": 1.0, ""58"": 2.0, ""59"": 18.0, ""60"": 13.0, ""61"": 6.5, ""155"": 1.0, ""156"": 1.0, ""210"": 2.0, ""212"": 2.0}",2026-08-24T23:49:59-04:00
Max Duggan,4427105,QB,FA,ACTIVE,0.0,0.0,0.0,0.0,169.92045220966085,0.027285841013286988,2547.0,2534.0,{},{},2026-08-24T23:49:59-04:00
David Bell,4570409,WR,CLE,QUESTIONABLE,0.0,4.2,0.0,41.7,169.93572895277208,0.027234466973064506,1076.0,1311.0,{},"{""41"": 3.0, ""42"": 27.0, ""47"": 5.0, ""48"": 2.0, ""49"": 1.0, ""50"": 1.0, ""53"": 3.0, ""58"": 3.0, ""59"": 8.0, ""60"": 9.0, ""61"": 13.5, ""155"": 1.0, ""156"": 1.0, ""210"": 2.0, ""213"": 1.0}",2026-08-24T23:49:59-04:00
Kyle Rudolph,14054,TE,FA,ACTIVE,0.0,0.0,0.0,0.0,169.92298213185458,0.026933149501978827,2011.0,1798.0,{},{},2026-08-24T23:49:59-04:00
E.J. Jenkins,4248557,TE,PHI,ACTIVE,,7.2,,,169.9659067570343,0.02693254637845009,,2660.0,null,"{""41"": 1.0, ""42"": 7.0, ""43"": 1.0, ""47"": 1.0, ""53"": 1.0, ""58"": 2.0, ""59"": 3.0, ""60"": 7.0, ""61"": 0.875, ""155"": 6.0, ""156"": 2.0, ""158"": 6.0, ""183"": 1.0, ""210"": 8.0, ""213"": 1.0}",2026-08-24T23:49:59-04:00
Chris Collier,4698191,RB,LV,ACTIVE,,1.3,,,170.0,0.026568848116365503,,2598.0,null,"{""23"": 5.0, ""24"": 12.0, ""27"": 2.0, ""39"": 2.4, ""40"": 1.5, ""41"": 1.0, ""42"": -4.0, ""53"": 1.0, ""58"": 2.0, ""59"": 1.0, ""60"": -4.0, ""61"": -0.5, ""114"": 286.0, ""116"": 26.0, ""117"": 9.0, ""155"": 6.0, ""156"": 2.0, ""210"": 8.0}",2026-08-24T23:49:59-04:00
Isaiah Hodgins,4242540,WR,SF,ACTIVE,0.0,2.2,82.48266084,49.5,169.93511293634498,0.026508118262519944,2138.0,1914.0,{},"{""41"": 2.0, ""42"": 12.0, ""47"": 2.0, ""53"": 2.0, ""58"": 2.0, ""59"": 1.0, ""60"": 6.0, ""61"": 4.0, ""155"": 1.0, ""156"": 2.0, ""210"": 3.0}",2026-08-24T23:49:59-04:00
MyCole Pruitt,2508256,TE,PIT,ACTIVE,14.64405132,13.0,9.99894957,21.5,169.86013555144794,0.026448125663094454,1064.0,961.0,"{""42"": 66.56981025, ""43"": 0.74107352, ""44"": 0.042664567, ""45"": 0.091719717, ""46"": 0.059938835, ""47"": 13.0, ""48"": 6.0, ""49"": 3.0, ""50"": 2.0, ""51"": 1.0, ""53"": 7.11566665, ""56"": 0.031854094, ""57"": 0.000985178, ""58"": 9.848333607, ""60"": 9.355386294, ""61"": 4.403450483, ""62"": 0.042664567, ""63"": 0.000402809, ""67"": 0.091547574, ""68"": 0.091547574, ""71"": 0.051266641, ""72"": 0.051266641, ""73"": 0.051266641, ""210"": 15.11764706, ""213"": 2.610955679}","{""41"": 6.0, ""42"": 40.0, ""43"": 1.0, ""47"": 7.0, ""48"": 3.0, ""49"": 1.0, ""53"": 6.0, ""58"": 10.0, ""59"": 16.0, ""60"": 6.66666667, ""61"": 3.33333333, ""108"": 1.0, ""109"": 1.0, ""155"": 7.0, ""156"": 5.0, ""158"": 6.0, ""183"": 1.0, ""210"": 12.0, ""213"": 2.0}",2026-08-24T23:49:59-04:00
Dante Miller,4367510,RB,NYG,ACTIVE,0.0,0.0,,,169.9952772073922,0.026266146266122056,2647.0,2625.0,{},"{""107"": 1.0, ""109"": 1.0, ""155"": 1.0, ""156"": 1.0, ""210"": 2.0}",2026-08-24T23:49:59-04:00
SaRodorick Thompson Jr.,4362162,RB,FA,ACTIVE,0.0,0.0,,,169.9394250513347,0.026084788271407682,2615.0,2596.0,{},{},2026-08-24T23:49:59-04:00
Keilan Robinson,4567095,RB,JAX,ACTIVE,0.0,0.0,,,169.92689938398357,0.02584259258698877,1547.0,1474.0,{},"{""114"": 34.0, ""116"": 3.0, ""117"": 1.0, ""155"": 2.0, ""156"": 4.0, ""210"": 6.0}",2026-08-24T23:49:59-04:00
Nick Bellore,14471,11,WSH,ACTIVE,0.0,0.0,0.0,0.0,170.0,0.02581520332821291,1930.0,1022.0,{},"{""107"": 10.0, ""108"": 11.0, ""109"": 21.0, ""110"": 1.0, ""111"": 1.0, ""155"": 12.0, ""156"": 4.0, ""210"": 16.0}",2026-08-24T23:49:59-04:00
Zach Pascal,2978109,WR,FA,ACTIVE,2.46235141,0.0,0.0,3.9,169.96570841889118,0.025660826811206516,1157.0,1106.0,"{""42"": 13.1575479, ""43"": 0.096181881, ""44"": 0.009078444, ""45"": 0.020865014, ""46"": 0.013635287, ""47"": 2.0, ""48"": 1.0, ""53"": 1.143686139, ""56"": 0.006548236, ""57"": 0.000202523, ""58"": 1.965120066, ""60"": 11.50450937, ""61"": 3.727971905, ""62"": 0.009078444, ""63"": 8.05146e-05, ""67"": 0.018298768, ""68"": 0.018298768, ""71"": 0.01024731, ""72"": 0.01024731, ""73"": 0.01024731, ""210"": 3.529411765, ""213"": 0.392327578}","{""108"": 1.0, ""109"": 1.0, ""155"": 8.0, ""156"": 9.0, ""210"": 17.0}",2026-08-24T23:49:59-04:00
Feleipe Franks,4034948,TE,CAR,ACTIVE,0.0,1.7,,,169.75929348942287,0.025480004551297723,2295.0,998.0,{},"{""41"": 1.0, ""42"": 12.0, ""47"": 2.0, ""48"": 1.0, ""53"": 1.0, ""58"": 3.0, ""60"": 12.0, ""61"": 0.75, ""96"": 1.0, ""107"": 4.0, ""108"": 6.0, ""109"": 10.0, ""155"": 4.0, ""156"": 12.0, ""210"": 16.0, ""213"": 1.0}",2026-08-24T23:49:59-04:00
Devin Culp,4361112,TE,TB,ACTIVE,3.66218274,11.3,,,169.94865475456973,0.025480004551297723,1148.0,1520.0,"{""42"": 19.01380165, ""43"": 0.13703664, ""44"": 0.006433648, ""45"": 0.091210285, ""46"": 0.059605921, ""47"": 3.0, ""48"": 1.0, ""53"": 1.900391852, ""56"": 0.010790159, ""57"": 0.000333716, ""58"": 2.777314194, ""60"": 10.00520058, ""61"": 1.34681095, ""62"": 0.006433648, ""63"": 9.61734e-05, ""67"": 0.02185758, ""68"": 0.02185758, ""71"": 0.012240245, ""72"": 0.012240245, ""73"": 0.012240245, ""210"": 14.11764706, ""213"": -0.068555711}","{""41"": 5.0, ""42"": 88.0, ""47"": 17.0, ""48"": 8.0, ""49"": 3.0, ""50"": 3.0, ""51"": 1.0, ""53"": 5.0, ""58"": 6.0, ""59"": 31.0, ""60"": 17.6, ""61"": 17.6, ""155"": 2.0, ""156"": 3.0, ""210"": 5.0, ""213"": 4.0}",2026-08-24T23:49:59-04:00
Michael Wiley,4569156,RB,WSH,ACTIVE,0.0,0.0,,,170.0,0.025479572766270612,2650.0,2608.0,{},{},2026-08-24T23:49:59-04:00
Rashaad Penny,3139925,RB,FA,ACTIVE,0.0,0.0,123.7234398,4.3,170.0,0.025479572766270612,1953.0,2108.0,{},{},2026-08-24T23:49:59-04:00
Kenyan Drake,2979843,RB,FA,ACTIVE,0.0,0.0,0.0,2.1,170.0,0.02529836026680692,1970.0,1763.0,{},{},2026-08-24T23:49:59-04:00
Brett Maher,16486,K,FA,ACTIVE,0.0,0.0,133.04807292,71.0,169.96143534749433,0.02526337220706282,2000.0,2155.0,{},{},2026-08-24T23:49:59-04:00
Nick Vannett,2576399,TE,TEN,ACTIVE,3.49348679,40.0,,,169.9679605668515,0.02517748309900924,1153.0,971.0,"{""42"": 18.84110933, ""43"": 0.112233086, ""44"": 0.005620375, ""45"": 0.08170686, ""46"": 0.053395433, ""47"": 3.0, ""48"": 1.0, ""53"": 1.898167659, ""56"": 0.010700087, ""57"": 0.000330931, ""58"": 2.818996752, ""60"": 9.925945817, ""61"": 1.334578578, ""62"": 0.005620375, ""63"": 9.56499e-05, ""67"": 0.021738603, ""68"": 0.021738603, ""71"": 0.012173618, ""72"": 0.012173618, ""73"": 0.012173618, ""210"": 14.11764706, ""213"": -0.083967415}","{""41"": 17.0, ""42"": 135.0, ""43"": 3.0, ""47"": 23.0, ""48"": 8.0, ""49"": 3.0, ""50"": 3.0, ""53"": 17.0, ""58"": 20.0, ""59"": 110.0, ""60"": 7.94117647, ""61"": 7.94117647, ""155"": 3.0, ""156"": 14.0, ""158"": 18.0, ""183"": 3.0, ""210"": 17.0, ""213"": 7.0}",2026-08-24T23:49:59-04:00
Chris Blair,4369886,WR,ATL,ACTIVE,0.0,2.2,,,169.95379876796716,0.0248135353598931,2573.0,2676.0,{},"{""41"": 1.0, ""42"": 17.0, ""47"": 3.0, ""48"": 1.0, ""53"": 1.0, ""58"": 2.0, ""60"": 17.0, ""61"": 4.25, ""155"": 1.0, ""156"": 3.0, ""210"": 4.0, ""213"": 1.0}",2026-08-24T23:49:59-04:00
Nathan Rourke,4244688,QB,FA,ACTIVE,0.0,0.0,,,169.61294964028778,0.024739057514670624,2575.0,2672.0,{},{},2026-08-24T23:49:59-04:00
British Brooks,4373273,RB,HOU,QUESTIONABLE,6.54199358,0.2,,,169.90266940451747,0.024208517645891117,1117.0,1547.0,"{""42"": 31.71824619, ""43"": 0.193698994, ""44"": 0.009172706, ""45"": 0.038538208, ""46"": 0.025184719, ""47"": 6.0, ""48"": 3.0, ""49"": 1.0, ""50"": 1.0, ""53"": 4.525619713, ""56"": 0.017228965, ""57"": 0.000532855, ""58"": 5.902964727, ""60"": 7.008597319, ""61"": 2.23738666, ""62"": 0.009172706, ""63"": 0.000287494, ""67"": 0.065339532, ""68"": 0.065339532, ""71"": 0.036590138, ""72"": 0.036590138, ""73"": 0.036590138, ""210"": 14.17647059, ""213"": 0.835699148}","{""23"": 1.0, ""24"": 2.0, ""39"": 2.0, ""40"": 0.4, ""108"": 1.0, ""109"": 1.0, ""155"": 4.0, ""156"": 1.0, ""210"": 5.0}",2026-08-24T23:49:59-04:00
Parker Hesse,3144991,TE,FA,ACTIVE,7.06344286,0.0,,,170.0,0.023906446509477243,1113.0,1274.0,"{""42"": 36.77471045, ""43"": 0.256607984, ""44"": 0.015459535, ""45"": 0.096708719, ""46"": 0.063199148, ""47"": 7.0, ""48"": 3.0, ""49"": 1.0, ""50"": 1.0, ""53"": 3.726404664, ""56"": 0.019436551, ""57"": 0.00060113, ""58"": 5.294873356, ""60"": 9.868684099, ""61"": 2.604875323, ""62"": 0.015459535, ""63"": 0.000187776, ""67"": 0.042676332, ""68"": 0.042676332, ""71"": 0.023898746, ""72"": 0.023898746, ""73"": 0.023898746, ""210"": 14.11764706, ""213"": 0.886323615}","{""155"": 4.0, ""156"": 1.0, ""210"": 5.0}",2026-08-24T23:49:59-04:00
Xavier Weaver,4428811,WR,ARI,ACTIVE,0.80995394,0.0,,,170.00616016427105,0.023845202272677755,1160.0,1459.0,"{""42"": 4.605134435, ""43"": 0.023233943, ""44"": 0.002191787, ""45"": 0.025750069, ""46"": 0.01682767, ""53"": 0.421334196, ""56"": 0.002619875, ""57"": 8.10271e-05, ""58"": 0.655040022, ""60"": 10.9298853, ""61"": 1.30478809, ""62"": 0.002191787, ""63"": 1.96972e-05, ""67"": 0.004476635, ""68"": 0.004476635, ""71"": 0.002506915, ""72"": 0.002506915, ""73"": 0.002506915, ""210"": 3.529411765, ""213"": -0.037991819}","{""58"": 2.0, ""155"": 1.0, ""156"": 1.0, ""210"": 2.0}",2026-08-24T23:49:59-04:00
Cole Fotheringham,4361008,TE,FA,ACTIVE,0.0,0.0,,,169.97638118710208,0.023785588354382266,2578.0,2667.0,{},{},2026-08-24T23:49:59-04:00
Kameron Johnson,5097554,WR,TB,ACTIVE,8.56604643,1.1,,,169.92751540041067,0.023784681454726796,1096.0,1011.0,"{""42"": 39.46964998, ""43"": 0.257359674, ""44"": 0.012080591, ""45"": 0.107386227, ""46"": 0.070176899, ""47"": 7.0, ""48"": 3.0, ""49"": 1.0, ""50"": 1.0, ""53"": 3.450120203, ""56"": 0.020641724, ""57"": 0.000638404, ""58"": 5.554628389, ""60"": 11.44007967, ""61"": 2.610832878, ""62"": 0.012080591, ""63"": 0.000161292, ""67"": 0.036657191, ""68"": 0.036657191, ""71"": 0.020528027, ""72"": 0.020528027, ""73"": 0.020528027, ""101"": 0.176493027, ""102"": 0.0513, ""114"": 579.1177463, ""115"": 82.8, ""116"": 57.0, ""117"": 23.0, ""118"": 8.0, ""119"": 3.0, ""210"": 15.11764706, ""213"": 0.897972516}","{""23"": 2.0, ""24"": 11.0, ""27"": 2.0, ""28"": 1.0, ""39"": 5.5, ""40"": 2.2, ""58"": 1.0, ""115"": 11.0, ""118"": 1.0, ""155"": 4.0, ""156"": 1.0, ""210"": 5.0, ""212"": 1.0}",2026-08-24T23:49:59-04:00
Kenny Yeboah,4044144,TE,DET,ACTIVE,0.0,13.2,,,169.85335797905114,0.023724935997143322,1429.0,1277.0,{},"{""41"": 5.0, ""42"": 47.0, ""43"": 1.0, ""47"": 8.0, ""48"": 4.0, ""49"": 1.0, ""53"": 5.0, ""58"": 8.0, ""59"": 34.0, ""60"": 9.4, ""61"": 5.22222222, ""107"": 3.0, ""108"": 1.0, ""109"": 4.0, ""155"": 3.0, ""156"": 6.0, ""158"": 6.0, ""184"": 1.0, ""210"": 9.0, ""213"": 3.0}",2026-08-24T23:49:59-04:00
Sony Michel,3128721,RB,LAR,,0.0,0.0,0.0,0.0,169.98562628336757,0.023300613623172792,1962.0,1757.0,{},{},2026-08-24T23:49:59-04:00
Ryan Succop,12731,K,FA,ACTIVE,0.0,0.0,0.0,0.0,169.90699113219222,0.02321525006052104,2021.0,1808.0,{},{},2026-08-24T23:49:59-04:00
Easton Stick,3120590,QB,LAC,ACTIVE,0.0,0.0,0.0,73.2,169.8918807810894,0.022859249476874868,1360.0,1160.0,{},{},2026-08-24T23:49:59-04:00
Irv Smith Jr.,4040980,TE,HOU,ACTIVE,0.0,0.0,0.0,24.5,169.9776134729924,0.022696048466654965,1946.0,1745.0,{},"{""155"": 3.0, ""156"": 2.0, ""210"": 5.0}",2026-08-24T23:49:59-04:00
C.J. Uzomah,2574576,TE,PHI,QUESTIONABLE,0.0,0.0,37.96062858,15.8,170.00451838159788,0.02269581495224498,1876.0,2147.0,{},"{""107"": 1.0, ""109"": 1.0, ""155"": 6.0, ""156"": 1.0, ""210"": 7.0}",2026-08-24T23:49:59-04:00
Martavis Bryant,16886,WR,FA,ACTIVE,0.0,0.0,0.0,0.0,169.99096509240246,0.022332357528334557,1987.0,2145.0,{},{},2026-08-24T23:49:59-04:00
Devin Leary,4361653,QB,BAL,ACTIVE,0.0,0.0,,,169.84419321685507,0.02231374089866166,2637.0,2603.0,{},{},2026-08-24T23:49:59-04:00
Chad Henne,11291,QB,KC,,0.0,0.0,0.0,0.0,169.8141829393628,0.022313578540158377,1616.0,1599.0,{},{},2026-08-24T23:49:59-04:00
A.T. Perry,4362019,WR,DEN,ACTIVE,8.12997016,0.0,0.0,54.6,169.96919917864477,0.02227170144300048,1098.0,1402.0,"{""42"": 43.6832696, ""43"": 0.32540018, ""44"": 0.016273874, ""45"": 0.151336883, ""46"": 0.098898653, ""47"": 8.0, ""48"": 4.0, ""49"": 2.0, ""50"": 1.0, ""53"": 3.720046836, ""56"": 0.02270242, ""57"": 0.000702137, ""58"": 5.746800636, ""60"": 11.74266657, ""61"": 2.988392689, ""62"": 0.016273874, ""63"": 0.000327364, ""67"": 0.074400937, ""68"": 0.074400937, ""71"": 0.041664525, ""72"": 0.041664525, ""73"": 0.041664525, ""210"": 14.61764706, ""213"": 1.035885613}",{},2026-08-24T23:49:59-04:00
Trishton Jackson,4046715,WR,ARI,ACTIVE,5.98793124,0.0,0.0,3.9,169.94188911704313,0.02196909680382928,1133.0,1182.0,"{""42"": 35.44882697, ""43"": 0.163153441, ""44"": 0.008432441, ""45"": 0.082104059, ""46"": 0.053655002, ""47"": 7.0, ""48"": 3.0, ""49"": 1.0, ""50"": 1.0, ""53"": 3.030282702, ""56"": 0.018651008, ""57"": 0.000576835, ""58"": 5.222390978, ""60"": 11.69819137, ""61"": 2.678355815, ""62"": 0.008432441, ""63"": 0.000266665, ""67"": 0.060605654, ""68"": 0.060605654, ""71"": 0.033939166, ""72"": 0.033939166, ""73"": 0.033939166, ""210"": 13.23529412, ""213"": 0.72050679}","{""155"": 2.0, ""210"": 2.0}",2026-08-24T23:49:59-04:00
Jacob Saylors,4383429,RB,FA,ACTIVE,0.0,0.0,,,170.0,0.02172713143764616,2649.0,2627.0,{},{},2026-08-24T23:49:59-04:00
